ISO-10303-21;
HEADER;
FILE_DESCRIPTION((''),'2;1');
FILE_NAME('C-2360547-4','2022-11-18T03:05:58',('workeradm'),(
'TE Connectivity Ltd.'),'CREO PARAMETRIC BY PTC INC, 2021072',
'CREO PARAMETRIC BY PTC INC, 2021072','');
FILE_SCHEMA(('AUTOMOTIVE_DESIGN { 1 0 10303 214 1 1 1 1 }'));
ENDSEC;
DATA;
#134=CARTESIAN_POINT('',(-4.575E0,1.25E0,-5.9E0));
#135=DIRECTION('',(0.E0,0.E0,-1.E0));
#136=DIRECTION('',(-1.E0,0.E0,0.E0));
#137=AXIS2_PLACEMENT_3D('',#134,#135,#136);
#139=CARTESIAN_POINT('',(-4.575E0,-1.5E-1,-5.9E0));
#140=DIRECTION('',(0.E0,0.E0,-1.E0));
#141=DIRECTION('',(0.E0,-1.E0,0.E0));
#142=AXIS2_PLACEMENT_3D('',#139,#140,#141);
#144=DIRECTION('',(0.E0,-1.E0,0.E0));
#145=VECTOR('',#144,2.E0);
#146=CARTESIAN_POINT('',(-4.375E0,1.55E0,-5.9E0));
#147=LINE('',#146,#145);
#148=CARTESIAN_POINT('',(-4.575E0,1.25E0,-5.65E0));
#149=DIRECTION('',(0.E0,0.E0,1.E0));
#150=DIRECTION('',(0.E0,1.E0,0.E0));
#151=AXIS2_PLACEMENT_3D('',#148,#149,#150);
#153=CARTESIAN_POINT('',(-4.575E0,-1.5E-1,-5.65E0));
#154=DIRECTION('',(0.E0,0.E0,1.E0));
#155=DIRECTION('',(-1.E0,0.E0,0.E0));
#156=AXIS2_PLACEMENT_3D('',#153,#154,#155);
#158=DIRECTION('',(0.E0,-1.E0,0.E0));
#159=VECTOR('',#158,1.4E0);
#160=CARTESIAN_POINT('',(-4.875E0,1.25E0,-5.65E0));
#161=LINE('',#160,#159);
#162=DIRECTION('',(0.E0,0.E0,-1.E0));
#163=VECTOR('',#162,2.5E-1);
#164=CARTESIAN_POINT('',(4.575E0,1.55E0,-5.65E0));
#165=LINE('',#164,#163);
#166=DIRECTION('',(1.E0,0.E0,0.E0));
#167=VECTOR('',#166,2.E-1);
#168=CARTESIAN_POINT('',(4.375E0,1.55E0,-5.65E0));
#169=LINE('',#168,#167);
#170=CARTESIAN_POINT('',(4.375E0,1.55E0,-5.55E0));
#171=DIRECTION('',(0.E0,-1.E0,0.E0));
#172=DIRECTION('',(-1.E0,0.E0,5.329070518201E-14));
#173=AXIS2_PLACEMENT_3D('',#170,#171,#172);
#175=DIRECTION('',(0.E0,0.E0,-1.E0));
#176=VECTOR('',#175,1.7E0);
#177=CARTESIAN_POINT('',(4.275E0,1.55E0,-3.85E0));
#178=LINE('',#177,#176);
#179=DIRECTION('',(0.E0,0.E0,1.E0));
#180=VECTOR('',#179,2.E-1);
#181=CARTESIAN_POINT('',(4.025E0,1.55E0,-4.4E0));
#182=LINE('',#181,#180);
#183=DIRECTION('',(0.E0,0.E0,1.E0));
#184=VECTOR('',#183,1.3E-1);
#185=CARTESIAN_POINT('',(4.025E0,1.55E0,-5.55E0));
#186=LINE('',#185,#184);
#187=CARTESIAN_POINT('',(4.375E0,1.55E0,-5.55E0));
#188=DIRECTION('',(0.E0,1.E0,0.E0));
#189=DIRECTION('',(0.E0,0.E0,-1.E0));
#190=AXIS2_PLACEMENT_3D('',#187,#188,#189);
#192=DIRECTION('',(-1.E0,0.E0,0.E0));
#193=VECTOR('',#192,2.E-1);
#194=CARTESIAN_POINT('',(4.575E0,1.55E0,-5.9E0));
#195=LINE('',#194,#193);
#196=DIRECTION('',(0.E0,0.E0,1.E0));
#197=VECTOR('',#196,2.5E-1);
#198=CARTESIAN_POINT('',(-4.575E0,1.55E0,-5.9E0));
#199=LINE('',#198,#197);
#200=DIRECTION('',(-1.E0,0.E0,0.E0));
#201=VECTOR('',#200,2.E-1);
#202=CARTESIAN_POINT('',(-4.375E0,1.55E0,-5.9E0));
#203=LINE('',#202,#201);
#204=CARTESIAN_POINT('',(-4.375E0,1.55E0,-5.55E0));
#205=DIRECTION('',(0.E0,1.E0,0.E0));
#206=DIRECTION('',(1.E0,0.E0,0.E0));
#207=AXIS2_PLACEMENT_3D('',#204,#205,#206);
#209=DIRECTION('',(0.E0,0.E0,-1.E0));
#210=VECTOR('',#209,1.3E-1);
#211=CARTESIAN_POINT('',(-4.025E0,1.55E0,-5.42E0));
#212=LINE('',#211,#210);
#213=DIRECTION('',(0.E0,0.E0,-1.E0));
#214=VECTOR('',#213,2.E-1);
#215=CARTESIAN_POINT('',(-4.025E0,1.55E0,-4.2E0));
#216=LINE('',#215,#214);
#217=DIRECTION('',(0.E0,0.E0,1.E0));
#218=VECTOR('',#217,1.7E0);
#219=CARTESIAN_POINT('',(-4.275E0,1.55E0,-5.55E0));
#220=LINE('',#219,#218);
#221=CARTESIAN_POINT('',(-4.375E0,1.55E0,-5.55E0));
#222=DIRECTION('',(0.E0,-1.E0,0.E0));
#223=DIRECTION('',(0.E0,0.E0,-1.E0));
#224=AXIS2_PLACEMENT_3D('',#221,#222,#223);
#226=DIRECTION('',(1.E0,0.E0,0.E0));
#227=VECTOR('',#226,2.E-1);
#228=CARTESIAN_POINT('',(-4.575E0,1.55E0,-5.65E0));
#229=LINE('',#228,#227);
#230=CARTESIAN_POINT('',(4.575E0,1.25E0,-5.9E0));
#231=DIRECTION('',(0.E0,0.E0,-1.E0));
#232=DIRECTION('',(0.E0,1.E0,0.E0));
#233=AXIS2_PLACEMENT_3D('',#230,#231,#232);
#235=CARTESIAN_POINT('',(4.575E0,-1.5E-1,-5.9E0));
#236=DIRECTION('',(0.E0,0.E0,-1.E0));
#237=DIRECTION('',(1.E0,0.E0,0.E0));
#238=AXIS2_PLACEMENT_3D('',#235,#236,#237);
#240=DIRECTION('',(0.E0,-1.E0,0.E0));
#241=VECTOR('',#240,1.4E0);
#242=CARTESIAN_POINT('',(4.875E0,1.25E0,-5.9E0));
#243=LINE('',#242,#241);
#244=DIRECTION('',(0.E0,-1.E0,0.E0));
#245=VECTOR('',#244,2.E0);
#246=CARTESIAN_POINT('',(4.375E0,1.55E0,-5.9E0));
#247=LINE('',#246,#245);
#248=DIRECTION('',(0.E0,-1.E0,0.E0));
#249=VECTOR('',#248,2.E0);
#250=CARTESIAN_POINT('',(4.025E0,1.55E0,-5.55E0));
#251=LINE('',#250,#249);
#252=DIRECTION('',(0.E0,0.E0,-1.E0));
#253=VECTOR('',#252,2.E-1);
#254=CARTESIAN_POINT('',(4.025E0,1.4E0,-4.2E0));
#255=LINE('',#254,#253);
#256=DIRECTION('',(0.E0,1.E0,0.E0));
#257=VECTOR('',#256,2.E0);
#258=CARTESIAN_POINT('',(4.025E0,-4.5E-1,-5.42E0));
#259=LINE('',#258,#257);
#260=DIRECTION('',(7.071067811866E-1,0.E0,7.071067811865E-1));
#261=VECTOR('',#260,5.374011537018E-1);
#262=CARTESIAN_POINT('',(3.645E0,-6.E-1,-5.8E0));
#263=LINE('',#262,#261);
#264=DIRECTION('',(0.E0,1.E0,0.E0));
#265=VECTOR('',#264,3.5E-1);
#266=CARTESIAN_POINT('',(4.025E0,-8.E-1,-3.E-1));
#267=LINE('',#266,#265);
#268=DIRECTION('',(0.E0,0.E0,1.E0));
#269=VECTOR('',#268,2.35E0);
#270=CARTESIAN_POINT('',(4.025E0,-8.E-1,-2.65E0));
#271=LINE('',#270,#269);
#272=DIRECTION('',(0.E0,1.E0,0.E0));
#273=VECTOR('',#272,1.15E0);
#274=CARTESIAN_POINT('',(4.025E0,-2.15E0,-3.E-1));
#275=LINE('',#274,#273);
#276=DIRECTION('',(0.E0,0.E0,-1.E0));
#277=VECTOR('',#276,6.E-1);
#278=CARTESIAN_POINT('',(4.025E0,-1.E0,-3.E-1));
#279=LINE('',#278,#277);
#280=DIRECTION('',(0.E0,1.E0,0.E0));
#281=VECTOR('',#280,3.E-1);
#282=CARTESIAN_POINT('',(4.025E0,-1.4E0,-8.E-1));
#283=LINE('',#282,#281);
#284=DIRECTION('',(0.E0,1.E0,0.E0));
#285=VECTOR('',#284,1.3E-1);
#286=CARTESIAN_POINT('',(4.025E0,-2.15E0,-2.15E0));
#287=LINE('',#286,#285);
#288=DIRECTION('',(0.E0,0.E0,1.E0));
#289=VECTOR('',#288,1.85E0);
#290=CARTESIAN_POINT('',(4.025E0,-2.15E0,-2.15E0));
#291=LINE('',#290,#289);
#292=DIRECTION('',(0.E0,0.E0,1.E0));
#293=VECTOR('',#292,1.02E0);
#294=CARTESIAN_POINT('',(4.025E0,1.55E0,-5.42E0));
#295=LINE('',#294,#293);
#296=DIRECTION('',(0.E0,1.E0,0.E0));
#297=VECTOR('',#296,5.5E-1);
#298=CARTESIAN_POINT('',(4.025E0,1.55E0,-4.4E0));
#299=LINE('',#298,#297);
#300=DIRECTION('',(0.E0,0.E0,-1.E0));
#301=VECTOR('',#300,1.02E0);
#302=CARTESIAN_POINT('',(4.025E0,2.1E0,-4.4E0));
#303=LINE('',#302,#301);
#304=DIRECTION('',(0.E0,-1.E0,0.E0));
#305=VECTOR('',#304,5.5E-1);
#306=CARTESIAN_POINT('',(4.025E0,2.1E0,-5.42E0));
#307=LINE('',#306,#305);
#308=DIRECTION('',(0.E0,0.E0,1.E0));
#309=VECTOR('',#308,3.5E-1);
#310=CARTESIAN_POINT('',(4.025E0,1.55E0,-4.2E0));
#311=LINE('',#310,#309);
#312=DIRECTION('',(0.E0,0.E0,-1.E0));
#313=VECTOR('',#312,3.5E-1);
#314=CARTESIAN_POINT('',(4.025E0,2.1E0,-3.85E0));
#315=LINE('',#314,#313);
#316=DIRECTION('',(0.E0,-1.E0,0.E0));
#317=VECTOR('',#316,5.5E-1);
#318=CARTESIAN_POINT('',(4.025E0,2.1E0,-4.2E0));
#319=LINE('',#318,#317);
#320=DIRECTION('',(0.E0,0.E0,1.E0));
#321=VECTOR('',#320,5.2E-1);
#322=CARTESIAN_POINT('',(4.025E0,-4.5E-1,-5.42E0));
#323=LINE('',#322,#321);
#324=DIRECTION('',(0.E0,-1.E0,0.E0));
#325=VECTOR('',#324,1.5E-1);
#326=CARTESIAN_POINT('',(4.025E0,-4.5E-1,-5.42E0));
#327=LINE('',#326,#325);
#328=DIRECTION('',(-3.015113445778E-1,3.015113445778E-1,9.045340337333E-1));
#329=VECTOR('',#328,3.316624790355E-1);
#330=CARTESIAN_POINT('',(4.025E0,-4.5E-1,-3.E-1));
#331=LINE('',#330,#329);
#332=DIRECTION('',(-3.162277660168E-1,0.E0,9.486832980505E-1));
#333=VECTOR('',#332,3.162277660168E-1);
#334=CARTESIAN_POINT('',(4.025E0,-8.E-1,-3.E-1));
#335=LINE('',#334,#333);
#336=DIRECTION('',(0.E0,-1.E0,0.E0));
#337=VECTOR('',#336,4.2E-1);
#338=CARTESIAN_POINT('',(4.025E0,-1.5E0,-2.65E0));
#339=LINE('',#338,#337);
#340=DIRECTION('',(-1.E0,0.E0,0.E0));
#341=VECTOR('',#340,2.75E-1);
#342=CARTESIAN_POINT('',(4.3E0,-1.5E0,-2.65E0));
#343=LINE('',#342,#341);
#344=DIRECTION('',(0.E0,1.E0,0.E0));
#345=VECTOR('',#344,4.2E-1);
#346=CARTESIAN_POINT('',(4.3E0,-1.92E0,-2.65E0));
#347=LINE('',#346,#345);
#348=DIRECTION('',(1.E0,0.E0,0.E0));
#349=VECTOR('',#348,2.75E-1);
#350=CARTESIAN_POINT('',(4.025E0,-1.92E0,-2.65E0));
#351=LINE('',#350,#349);
#352=DIRECTION('',(-1.E0,0.E0,0.E0));
#353=VECTOR('',#352,2.75E-1);
#354=CARTESIAN_POINT('',(-4.025E0,-1.5E0,-2.65E0));
#355=LINE('',#354,#353);
#356=DIRECTION('',(0.E0,1.E0,0.E0));
#357=VECTOR('',#356,4.2E-1);
#358=CARTESIAN_POINT('',(-4.025E0,-1.92E0,-2.65E0));
#359=LINE('',#358,#357);
#360=DIRECTION('',(1.E0,0.E0,0.E0));
#361=VECTOR('',#360,2.75E-1);
#362=CARTESIAN_POINT('',(-4.3E0,-1.92E0,-2.65E0));
#363=LINE('',#362,#361);
#364=DIRECTION('',(0.E0,-1.E0,0.E0));
#365=VECTOR('',#364,4.2E-1);
#366=CARTESIAN_POINT('',(-4.3E0,-1.5E0,-2.65E0));
#367=LINE('',#366,#365);
#368=DIRECTION('',(-1.E0,0.E0,0.E0));
#369=VECTOR('',#368,4.75E-1);
#370=CARTESIAN_POINT('',(-3.925E0,-1.E0,-2.65E0));
#371=LINE('',#370,#369);
#372=DIRECTION('',(0.E0,-1.E0,0.E0));
#373=VECTOR('',#372,2.E-1);
#374=CARTESIAN_POINT('',(-4.4E0,-8.E-1,-2.65E0));
#375=LINE('',#374,#373);
#376=DIRECTION('',(-1.E0,0.E0,0.E0));
#377=VECTOR('',#376,1.E-1);
#378=CARTESIAN_POINT('',(-4.3E0,-8.E-1,-2.65E0));
#379=LINE('',#378,#377);
#380=DIRECTION('',(0.E0,-1.E0,0.E0));
#381=VECTOR('',#380,3.5E-1);
#382=CARTESIAN_POINT('',(-4.3E0,-4.5E-1,-2.65E0));
#383=LINE('',#382,#381);
#384=DIRECTION('',(-1.E0,0.E0,0.E0));
#385=VECTOR('',#384,2.75E-1);
#386=CARTESIAN_POINT('',(-4.025E0,-4.5E-1,-2.65E0));
#387=LINE('',#386,#385);
#388=DIRECTION('',(0.E0,1.E0,0.E0));
#389=VECTOR('',#388,3.5E-1);
#390=CARTESIAN_POINT('',(-4.025E0,-8.E-1,-2.65E0));
#391=LINE('',#390,#389);
#392=DIRECTION('',(-1.E0,0.E0,0.E0));
#393=VECTOR('',#392,1.E-1);
#394=CARTESIAN_POINT('',(-3.925E0,-8.E-1,-2.65E0));
#395=LINE('',#394,#393);
#396=DIRECTION('',(0.E0,1.E0,0.E0));
#397=VECTOR('',#396,2.E-1);
#398=CARTESIAN_POINT('',(-3.925E0,-1.E0,-2.65E0));
#399=LINE('',#398,#397);
#400=DIRECTION('',(0.E0,1.E0,0.E0));
#401=VECTOR('',#400,3.5E-1);
#402=CARTESIAN_POINT('',(4.3E0,-8.E-1,-2.65E0));
#403=LINE('',#402,#401);
#404=DIRECTION('',(-1.E0,0.E0,0.E0));
#405=VECTOR('',#404,1.E-1);
#406=CARTESIAN_POINT('',(4.4E0,-8.E-1,-2.65E0));
#407=LINE('',#406,#405);
#408=DIRECTION('',(0.E0,1.E0,0.E0));
#409=VECTOR('',#408,2.E-1);
#410=CARTESIAN_POINT('',(4.4E0,-1.E0,-2.65E0));
#411=LINE('',#410,#409);
#412=DIRECTION('',(0.E0,-1.E0,0.E0));
#413=VECTOR('',#412,2.E-1);
#414=CARTESIAN_POINT('',(3.925E0,-8.E-1,-2.65E0));
#415=LINE('',#414,#413);
#416=DIRECTION('',(-1.E0,0.E0,0.E0));
#417=VECTOR('',#416,1.E-1);
#418=CARTESIAN_POINT('',(4.025E0,-8.E-1,-2.65E0));
#419=LINE('',#418,#417);
#420=DIRECTION('',(0.E0,-1.E0,0.E0));
#421=VECTOR('',#420,3.5E-1);
#422=CARTESIAN_POINT('',(4.025E0,-4.5E-1,-2.65E0));
#423=LINE('',#422,#421);
#424=DIRECTION('',(-1.E0,0.E0,0.E0));
#425=VECTOR('',#424,2.75E-1);
#426=CARTESIAN_POINT('',(4.3E0,-4.5E-1,-2.65E0));
#427=LINE('',#426,#425);
#428=DIRECTION('',(-1.E0,0.E0,0.E0));
#429=VECTOR('',#428,3.E-1);
#430=CARTESIAN_POINT('',(4.7E0,-1.5E0,-2.15E0));
#431=LINE('',#430,#429);
#432=DIRECTION('',(0.E0,0.E0,-1.E0));
#433=VECTOR('',#432,4.E-1);
#434=CARTESIAN_POINT('',(4.3E0,-1.5E0,-2.25E0));
#435=LINE('',#434,#433);
#436=DIRECTION('',(0.E0,0.E0,1.E0));
#437=VECTOR('',#436,1.75E0);
#438=CARTESIAN_POINT('',(4.025E0,-1.5E0,-2.65E0));
#439=LINE('',#438,#437);
#440=DIRECTION('',(1.E0,0.E0,0.E0));
#441=VECTOR('',#440,6.75E-1);
#442=CARTESIAN_POINT('',(4.025E0,-1.5E0,-9.E-1));
#443=LINE('',#442,#441);
#444=DIRECTION('',(-1.E0,0.E0,0.E0));
#445=VECTOR('',#444,9.25E-1);
#446=CARTESIAN_POINT('',(4.7E0,-2.4E0,-2.15E0));
#447=LINE('',#446,#445);
#448=DIRECTION('',(-1.E0,0.E0,0.E0));
#449=VECTOR('',#448,3.75E-1);
#450=CARTESIAN_POINT('',(4.4E0,-2.02E0,-2.15E0));
#451=LINE('',#450,#449);
#452=DIRECTION('',(0.E0,-1.E0,0.E0));
#453=VECTOR('',#452,5.2E-1);
#454=CARTESIAN_POINT('',(4.4E0,-1.5E0,-2.15E0));
#455=LINE('',#454,#453);
#456=DIRECTION('',(0.E0,0.E0,1.E0));
#457=VECTOR('',#456,2.380697205048E-1);
#458=CARTESIAN_POINT('',(2.1E0,-2.4E0,-5.8E0));
#459=LINE('',#458,#457);
#460=DIRECTION('',(0.E0,0.E0,1.E0));
#461=VECTOR('',#460,2.380697205048E-1);
#462=CARTESIAN_POINT('',(9.E-1,-2.4E0,-5.8E0));
#463=LINE('',#462,#461);
#464=DIRECTION('',(1.E0,0.E0,0.E0));
#465=VECTOR('',#464,3.E-1);
#466=CARTESIAN_POINT('',(6.E-1,-2.4E0,-5.561930279495E0));
#467=LINE('',#466,#465);
#468=DIRECTION('',(0.E0,0.E0,1.E0));
#469=VECTOR('',#468,2.380697205048E-1);
#470=CARTESIAN_POINT('',(6.E-1,-2.4E0,-5.8E0));
#471=LINE('',#470,#469);
#472=DIRECTION('',(0.E0,0.E0,1.E0));
#473=VECTOR('',#472,2.380697205048E-1);
#474=CARTESIAN_POINT('',(-6.E-1,-2.4E0,-5.8E0));
#475=LINE('',#474,#473);
#476=DIRECTION('',(1.E0,0.E0,0.E0));
#477=VECTOR('',#476,3.E-1);
#478=CARTESIAN_POINT('',(-9.E-1,-2.4E0,-5.561930279495E0));
#479=LINE('',#478,#477);
#480=DIRECTION('',(0.E0,0.E0,1.E0));
#481=VECTOR('',#480,2.380697205048E-1);
#482=CARTESIAN_POINT('',(-9.E-1,-2.4E0,-5.8E0));
#483=LINE('',#482,#481);
#484=DIRECTION('',(0.E0,0.E0,1.E0));
#485=VECTOR('',#484,2.380697205048E-1);
#486=CARTESIAN_POINT('',(-2.1E0,-2.4E0,-5.8E0));
#487=LINE('',#486,#485);
#488=DIRECTION('',(1.E0,0.E0,0.E0));
#489=VECTOR('',#488,3.E-1);
#490=CARTESIAN_POINT('',(-2.4E0,-2.4E0,-5.561930279495E0));
#491=LINE('',#490,#489);
#492=DIRECTION('',(0.E0,0.E0,1.E0));
#493=VECTOR('',#492,2.380697205048E-1);
#494=CARTESIAN_POINT('',(-2.4E0,-2.4E0,-5.8E0));
#495=LINE('',#494,#493);
#496=DIRECTION('',(0.E0,0.E0,-1.E0));
#497=VECTOR('',#496,3.65E0);
#498=CARTESIAN_POINT('',(-4.7E0,-2.4E0,-2.15E0));
#499=LINE('',#498,#497);
#500=DIRECTION('',(0.E0,0.E0,-1.E0));
#501=VECTOR('',#500,2.15E0);
#502=CARTESIAN_POINT('',(-3.775E0,-2.4E0,0.E0));
#503=LINE('',#502,#501);
#504=DIRECTION('',(0.E0,0.E0,-1.E0));
#505=VECTOR('',#504,1.5E0);
#506=CARTESIAN_POINT('',(-3.46E0,-2.4E0,0.E0));
#507=LINE('',#506,#505);
#508=DIRECTION('',(1.E0,0.E0,0.E0));
#509=VECTOR('',#508,8.E-1);
#510=CARTESIAN_POINT('',(-3.46E0,-2.4E0,-1.5E0));
#511=LINE('',#510,#509);
#512=DIRECTION('',(0.E0,0.E0,-1.E0));
#513=VECTOR('',#512,1.5E0);
#514=CARTESIAN_POINT('',(-2.66E0,-2.4E0,0.E0));
#515=LINE('',#514,#513);
#516=DIRECTION('',(0.E0,0.E0,-1.E0));
#517=VECTOR('',#516,1.5E0);
#518=CARTESIAN_POINT('',(2.66E0,-2.4E0,0.E0));
#519=LINE('',#518,#517);
#520=DIRECTION('',(1.E0,0.E0,0.E0));
#521=VECTOR('',#520,8.E-1);
#522=CARTESIAN_POINT('',(2.66E0,-2.4E0,-1.5E0));
#523=LINE('',#522,#521);
#524=DIRECTION('',(0.E0,0.E0,-1.E0));
#525=VECTOR('',#524,1.5E0);
#526=CARTESIAN_POINT('',(3.46E0,-2.4E0,0.E0));
#527=LINE('',#526,#525);
#528=DIRECTION('',(0.E0,0.E0,1.E0));
#529=VECTOR('',#528,2.15E0);
#530=CARTESIAN_POINT('',(3.775E0,-2.4E0,-2.15E0));
#531=LINE('',#530,#529);
#532=DIRECTION('',(0.E0,0.E0,1.E0));
#533=VECTOR('',#532,2.380697205048E-1);
#534=CARTESIAN_POINT('',(2.4E0,-2.4E0,-5.8E0));
#535=LINE('',#534,#533);
#536=DIRECTION('',(1.E0,0.E0,0.E0));
#537=VECTOR('',#536,3.E-1);
#538=CARTESIAN_POINT('',(2.1E0,-2.4E0,-5.561930279495E0));
#539=LINE('',#538,#537);
#540=DIRECTION('',(0.E0,-9.993392221981E-1,-3.634720039470E-2));
#541=VECTOR('',#540,8.660243297136E-1);
#542=CARTESIAN_POINT('',(2.1E0,-2.4E0,-5.561930279495E0));
#543=LINE('',#542,#541);
#544=DIRECTION('',(0.E0,3.634720039469E-2,-9.993392221981E-1));
#545=VECTOR('',#544,3.E-1);
#546=CARTESIAN_POINT('',(2.1E0,-3.265452080061E0,-5.593407839354E0));
#547=LINE('',#546,#545);
#548=DIRECTION('',(0.E0,9.993392221981E-1,3.634720039469E-2));
#549=VECTOR('',#548,2.564423256846E0);
#550=CARTESIAN_POINT('',(2.1E0,-3.254547919942E0,-5.893209606013E0));
#551=LINE('',#550,#549);
#552=DIRECTION('',(0.E0,0.E0,1.E0));
#553=VECTOR('',#552,2.3E0);
#554=CARTESIAN_POINT('',(2.1E0,-2.5E-1,-4.4E0));
#555=LINE('',#554,#553);
#556=DIRECTION('',(0.E0,-1.E0,0.E0));
#557=VECTOR('',#556,3.E-1);
#558=CARTESIAN_POINT('',(2.1E0,-2.5E-1,-2.1E0));
#559=LINE('',#558,#557);
#560=DIRECTION('',(0.E0,0.E0,-1.E0));
#561=VECTOR('',#560,2.3E0);
#562=CARTESIAN_POINT('',(2.1E0,-5.5E-1,-2.1E0));
#563=LINE('',#562,#561);
#564=DIRECTION('',(0.E0,1.E0,0.E0));
#565=VECTOR('',#564,1.708180822941E0);
#566=CARTESIAN_POINT('',(2.1E0,-2.4E0,-5.8E0));
#567=LINE('',#566,#565);
#568=DIRECTION('',(1.E0,0.E0,0.E0));
#569=VECTOR('',#568,3.E-1);
#570=CARTESIAN_POINT('',(2.1E0,-6.918191770586E-1,-5.8E0));
#571=LINE('',#570,#569);
#572=DIRECTION('',(0.E0,1.E0,0.E0));
#573=VECTOR('',#572,1.708180822941E0);
#574=CARTESIAN_POINT('',(2.4E0,-2.4E0,-5.8E0));
#575=LINE('',#574,#573);
#576=DIRECTION('',(1.E0,0.E0,0.E0));
#577=VECTOR('',#576,2.3E0);
#578=CARTESIAN_POINT('',(2.4E0,-2.4E0,-5.8E0));
#579=LINE('',#578,#577);
#580=DIRECTION('',(0.E0,1.E0,0.E0));
#581=VECTOR('',#580,1.8E0);
#582=CARTESIAN_POINT('',(4.7E0,-2.4E0,-5.8E0));
#583=LINE('',#582,#581);
#584=DIRECTION('',(0.E0,-1.E0,0.E0));
#585=VECTOR('',#584,3.E0);
#586=CARTESIAN_POINT('',(3.645E0,2.4E0,-5.8E0));
#587=LINE('',#586,#585);
#588=DIRECTION('',(-1.E0,0.E0,0.E0));
#589=VECTOR('',#588,7.29E0);
#590=CARTESIAN_POINT('',(3.645E0,2.4E0,-5.8E0));
#591=LINE('',#590,#589);
#592=DIRECTION('',(0.E0,1.E0,0.E0));
#593=VECTOR('',#592,3.E0);
#594=CARTESIAN_POINT('',(-3.645E0,-6.E-1,-5.8E0));
#595=LINE('',#594,#593);
#596=DIRECTION('',(0.E0,-1.E0,0.E0));
#597=VECTOR('',#596,1.8E0);
#598=CARTESIAN_POINT('',(-4.7E0,-6.E-1,-5.8E0));
#599=LINE('',#598,#597);
#600=DIRECTION('',(1.E0,0.E0,0.E0));
#601=VECTOR('',#600,2.3E0);
#602=CARTESIAN_POINT('',(-4.7E0,-2.4E0,-5.8E0));
#603=LINE('',#602,#601);
#604=DIRECTION('',(0.E0,1.E0,0.E0));
#605=VECTOR('',#604,1.708180822941E0);
#606=CARTESIAN_POINT('',(-2.4E0,-2.4E0,-5.8E0));
#607=LINE('',#606,#605);
#608=DIRECTION('',(1.E0,0.E0,0.E0));
#609=VECTOR('',#608,3.E-1);
#610=CARTESIAN_POINT('',(-2.4E0,-6.918191770586E-1,-5.8E0));
#611=LINE('',#610,#609);
#612=DIRECTION('',(0.E0,1.E0,0.E0));
#613=VECTOR('',#612,1.708180822941E0);
#614=CARTESIAN_POINT('',(-2.1E0,-2.4E0,-5.8E0));
#615=LINE('',#614,#613);
#616=DIRECTION('',(1.E0,0.E0,0.E0));
#617=VECTOR('',#616,1.2E0);
#618=CARTESIAN_POINT('',(-2.1E0,-2.4E0,-5.8E0));
#619=LINE('',#618,#617);
#620=DIRECTION('',(0.E0,1.E0,0.E0));
#621=VECTOR('',#620,1.708180822941E0);
#622=CARTESIAN_POINT('',(-9.E-1,-2.4E0,-5.8E0));
#623=LINE('',#622,#621);
#624=DIRECTION('',(1.E0,0.E0,0.E0));
#625=VECTOR('',#624,3.E-1);
#626=CARTESIAN_POINT('',(-9.E-1,-6.918191770586E-1,-5.8E0));
#627=LINE('',#626,#625);
#628=DIRECTION('',(0.E0,1.E0,0.E0));
#629=VECTOR('',#628,1.708180822941E0);
#630=CARTESIAN_POINT('',(-6.E-1,-2.4E0,-5.8E0));
#631=LINE('',#630,#629);
#632=DIRECTION('',(1.E0,0.E0,0.E0));
#633=VECTOR('',#632,1.2E0);
#634=CARTESIAN_POINT('',(-6.E-1,-2.4E0,-5.8E0));
#635=LINE('',#634,#633);
#636=DIRECTION('',(0.E0,1.E0,0.E0));
#637=VECTOR('',#636,1.708180822941E0);
#638=CARTESIAN_POINT('',(6.E-1,-2.4E0,-5.8E0));
#639=LINE('',#638,#637);
#640=DIRECTION('',(1.E0,0.E0,0.E0));
#641=VECTOR('',#640,3.E-1);
#642=CARTESIAN_POINT('',(6.E-1,-6.918191770586E-1,-5.8E0));
#643=LINE('',#642,#641);
#644=DIRECTION('',(0.E0,1.E0,0.E0));
#645=VECTOR('',#644,1.708180822941E0);
#646=CARTESIAN_POINT('',(9.E-1,-2.4E0,-5.8E0));
#647=LINE('',#646,#645);
#648=DIRECTION('',(1.E0,0.E0,0.E0));
#649=VECTOR('',#648,1.2E0);
#650=CARTESIAN_POINT('',(9.E-1,-2.4E0,-5.8E0));
#651=LINE('',#650,#649);
#652=DIRECTION('',(1.E0,0.E0,0.E0));
#653=VECTOR('',#652,3.E-1);
#654=CARTESIAN_POINT('',(2.1E0,-3.254547919942E0,-5.893209606013E0));
#655=LINE('',#654,#653);
#656=DIRECTION('',(1.E0,0.E0,0.E0));
#657=VECTOR('',#656,3.E-1);
#658=CARTESIAN_POINT('',(2.1E0,-3.265452080061E0,-5.593407839354E0));
#659=LINE('',#658,#657);
#660=DIRECTION('',(0.E0,9.993392221981E-1,3.634720039469E-2));
#661=VECTOR('',#660,2.564423256846E0);
#662=CARTESIAN_POINT('',(2.4E0,-3.254547919942E0,-5.893209606013E0));
#663=LINE('',#662,#661);
#664=DIRECTION('',(0.E0,3.634720039469E-2,-9.993392221981E-1));
#665=VECTOR('',#664,3.E-1);
#666=CARTESIAN_POINT('',(2.4E0,-3.265452080061E0,-5.593407839354E0));
#667=LINE('',#666,#665);
#668=DIRECTION('',(0.E0,-9.993392221981E-1,-3.634720039470E-2));
#669=VECTOR('',#668,8.660243297136E-1);
#670=CARTESIAN_POINT('',(2.4E0,-2.4E0,-5.561930279495E0));
#671=LINE('',#670,#669);
#672=DIRECTION('',(0.E0,0.E0,-1.E0));
#673=VECTOR('',#672,2.3E0);
#674=CARTESIAN_POINT('',(2.4E0,-5.5E-1,-2.1E0));
#675=LINE('',#674,#673);
#676=DIRECTION('',(0.E0,-1.E0,0.E0));
#677=VECTOR('',#676,3.E-1);
#678=CARTESIAN_POINT('',(2.4E0,-2.5E-1,-2.1E0));
#679=LINE('',#678,#677);
#680=DIRECTION('',(0.E0,0.E0,1.E0));
#681=VECTOR('',#680,2.3E0);
#682=CARTESIAN_POINT('',(2.4E0,-2.5E-1,-4.4E0));
#683=LINE('',#682,#681);
#684=DIRECTION('',(-1.E0,0.E0,0.E0));
#685=VECTOR('',#684,3.75E-1);
#686=CARTESIAN_POINT('',(-2.51E0,5.E-1,-4.4E0));
#687=LINE('',#686,#685);
#688=DIRECTION('',(0.E0,-1.E0,0.E0));
#689=VECTOR('',#688,1.325E0);
#690=CARTESIAN_POINT('',(-2.51E0,1.825E0,-4.4E0));
#691=LINE('',#690,#689);
#692=DIRECTION('',(-1.E0,0.E0,0.E0));
#693=VECTOR('',#692,5.02E0);
#694=CARTESIAN_POINT('',(2.51E0,1.825E0,-4.4E0));
#695=LINE('',#694,#693);
#696=DIRECTION('',(0.E0,1.E0,0.E0));
#697=VECTOR('',#696,1.325E0);
#698=CARTESIAN_POINT('',(2.51E0,5.E-1,-4.4E0));
#699=LINE('',#698,#697);
#700=DIRECTION('',(-1.E0,0.E0,0.E0));
#701=VECTOR('',#700,3.75E-1);
#702=CARTESIAN_POINT('',(2.885E0,5.E-1,-4.4E0));
#703=LINE('',#702,#701);
#704=DIRECTION('',(0.E0,-1.E0,0.E0));
#705=VECTOR('',#704,1.3E0);
#706=CARTESIAN_POINT('',(2.885E0,1.8E0,-4.4E0));
#707=LINE('',#706,#705);
#708=DIRECTION('',(-1.E0,0.E0,0.E0));
#709=VECTOR('',#708,7.3E-1);
#710=CARTESIAN_POINT('',(3.615E0,1.8E0,-4.4E0));
#711=LINE('',#710,#709);
#712=DIRECTION('',(0.E0,1.E0,0.E0));
#713=VECTOR('',#712,3.7E0);
#714=CARTESIAN_POINT('',(3.615E0,-1.9E0,-4.4E0));
#715=LINE('',#714,#713);
#716=DIRECTION('',(1.E0,0.E0,0.E0));
#717=VECTOR('',#716,7.23E0);
#718=CARTESIAN_POINT('',(-3.615E0,-1.9E0,-4.4E0));
#719=LINE('',#718,#717);
#720=DIRECTION('',(0.E0,-1.E0,0.E0));
#721=VECTOR('',#720,3.2E0);
#722=CARTESIAN_POINT('',(-3.615E0,1.3E0,-4.4E0));
#723=LINE('',#722,#721);
#724=DIRECTION('',(-1.E0,0.E0,0.E0));
#725=VECTOR('',#724,7.3E-1);
#726=CARTESIAN_POINT('',(-2.885E0,1.3E0,-4.4E0));
#727=LINE('',#726,#725);
#728=DIRECTION('',(0.E0,1.E0,0.E0));
#729=VECTOR('',#728,8.E-1);
#730=CARTESIAN_POINT('',(-2.885E0,5.E-1,-4.4E0));
#731=LINE('',#730,#729);
#732=DIRECTION('',(0.E0,1.E0,0.E0));
#733=VECTOR('',#732,3.E-1);
#734=CARTESIAN_POINT('',(-2.4E0,-5.5E-1,-4.4E0));
#735=LINE('',#734,#733);
#736=DIRECTION('',(1.E0,0.E0,0.E0));
#737=VECTOR('',#736,3.E-1);
#738=CARTESIAN_POINT('',(-2.4E0,-5.5E-1,-4.4E0));
#739=LINE('',#738,#737);
#740=DIRECTION('',(0.E0,1.E0,0.E0));
#741=VECTOR('',#740,3.E-1);
#742=CARTESIAN_POINT('',(-2.1E0,-5.5E-1,-4.4E0));
#743=LINE('',#742,#741);
#744=DIRECTION('',(1.E0,0.E0,0.E0));
#745=VECTOR('',#744,3.E-1);
#746=CARTESIAN_POINT('',(-2.4E0,-2.5E-1,-4.4E0));
#747=LINE('',#746,#745);
#748=DIRECTION('',(0.E0,1.E0,0.E0));
#749=VECTOR('',#748,3.E-1);
#750=CARTESIAN_POINT('',(-9.E-1,-5.5E-1,-4.4E0));
#751=LINE('',#750,#749);
#752=DIRECTION('',(1.E0,0.E0,0.E0));
#753=VECTOR('',#752,3.E-1);
#754=CARTESIAN_POINT('',(-9.E-1,-5.5E-1,-4.4E0));
#755=LINE('',#754,#753);
#756=DIRECTION('',(0.E0,1.E0,0.E0));
#757=VECTOR('',#756,3.E-1);
#758=CARTESIAN_POINT('',(-6.E-1,-5.5E-1,-4.4E0));
#759=LINE('',#758,#757);
#760=DIRECTION('',(1.E0,0.E0,0.E0));
#761=VECTOR('',#760,3.E-1);
#762=CARTESIAN_POINT('',(-9.E-1,-2.5E-1,-4.4E0));
#763=LINE('',#762,#761);
#764=DIRECTION('',(0.E0,1.E0,0.E0));
#765=VECTOR('',#764,3.E-1);
#766=CARTESIAN_POINT('',(6.E-1,-5.5E-1,-4.4E0));
#767=LINE('',#766,#765);
#768=DIRECTION('',(1.E0,0.E0,0.E0));
#769=VECTOR('',#768,3.E-1);
#770=CARTESIAN_POINT('',(6.E-1,-5.5E-1,-4.4E0));
#771=LINE('',#770,#769);
#772=DIRECTION('',(0.E0,1.E0,0.E0));
#773=VECTOR('',#772,3.E-1);
#774=CARTESIAN_POINT('',(9.E-1,-5.5E-1,-4.4E0));
#775=LINE('',#774,#773);
#776=DIRECTION('',(1.E0,0.E0,0.E0));
#777=VECTOR('',#776,3.E-1);
#778=CARTESIAN_POINT('',(6.E-1,-2.5E-1,-4.4E0));
#779=LINE('',#778,#777);
#780=DIRECTION('',(0.E0,1.E0,0.E0));
#781=VECTOR('',#780,3.E-1);
#782=CARTESIAN_POINT('',(2.1E0,-5.5E-1,-4.4E0));
#783=LINE('',#782,#781);
#784=DIRECTION('',(1.E0,0.E0,0.E0));
#785=VECTOR('',#784,3.E-1);
#786=CARTESIAN_POINT('',(2.1E0,-5.5E-1,-4.4E0));
#787=LINE('',#786,#785);
#788=DIRECTION('',(0.E0,1.E0,0.E0));
#789=VECTOR('',#788,3.E-1);
#790=CARTESIAN_POINT('',(2.4E0,-5.5E-1,-4.4E0));
#791=LINE('',#790,#789);
#792=DIRECTION('',(1.E0,0.E0,0.E0));
#793=VECTOR('',#792,3.E-1);
#794=CARTESIAN_POINT('',(2.1E0,-2.5E-1,-4.4E0));
#795=LINE('',#794,#793);
#796=DIRECTION('',(0.E0,1.E0,0.E0));
#797=VECTOR('',#796,7.5E-1);
#798=CARTESIAN_POINT('',(-2.15625E0,-1.8E0,-4.4E0));
#799=LINE('',#798,#797);
#800=DIRECTION('',(-1.E0,0.E0,0.E0));
#801=VECTOR('',#800,9.375E-2);
#802=CARTESIAN_POINT('',(-2.15625E0,-1.05E0,-4.4E0));
#803=LINE('',#802,#801);
#804=DIRECTION('',(-6.428712937139E-1,-7.659742160926E-1,0.E0));
#805=VECTOR('',#804,1.458301232559E-1);
#806=CARTESIAN_POINT('',(-2.25E0,-1.05E0,-4.4E0));
#807=LINE('',#806,#805);
#808=DIRECTION('',(0.E0,-1.E0,0.E0));
#809=VECTOR('',#808,1.276596039534E-1);
#810=CARTESIAN_POINT('',(-2.34375E0,-1.161702114344E0,-4.4E0));
#811=LINE('',#810,#809);
#812=DIRECTION('',(6.428711427642E-1,7.659743427825E-1,0.E0));
#813=VECTOR('',#812,1.458301574977E-1);
#814=CARTESIAN_POINT('',(-2.34375E0,-1.289361718297E0,-4.4E0));
#815=LINE('',#814,#813);
#816=DIRECTION('',(0.E0,-1.E0,0.E0));
#817=VECTOR('',#816,6.223404407501E-1);
#818=CARTESIAN_POINT('',(-2.25E0,-1.177659559250E0,-4.4E0));
#819=LINE('',#818,#817);
#820=DIRECTION('',(1.E0,0.E0,0.E0));
#821=VECTOR('',#820,9.375E-2);
#822=CARTESIAN_POINT('',(-2.25E0,-1.8E0,-4.4E0));
#823=LINE('',#822,#821);
#824=DIRECTION('',(0.E0,0.E0,1.E0));
#825=VECTOR('',#824,4.4E0);
#826=CARTESIAN_POINT('',(2.51E0,5.E-1,-4.4E0));
#827=LINE('',#826,#825);
#828=DIRECTION('',(-7.071067811865E-1,0.E0,7.071067811865E-1));
#829=VECTOR('',#828,2.828427124746E-1);
#830=CARTESIAN_POINT('',(2.885E0,5.E-1,-2.E-1));
#831=LINE('',#830,#829);
#832=DIRECTION('',(0.E0,0.E0,-1.E0));
#833=VECTOR('',#832,4.2E0);
#834=CARTESIAN_POINT('',(2.885E0,5.E-1,-2.E-1));
#835=LINE('',#834,#833);
#836=DIRECTION('',(0.E0,0.E0,1.E0));
#837=VECTOR('',#836,4.4E0);
#838=CARTESIAN_POINT('',(-2.51E0,5.E-1,-4.4E0));
#839=LINE('',#838,#837);
#840=DIRECTION('',(-7.071067811865E-1,0.E0,-7.071067811865E-1));
#841=VECTOR('',#840,2.828427124746E-1);
#842=CARTESIAN_POINT('',(-2.685E0,5.E-1,0.E0));
#843=LINE('',#842,#841);
#844=DIRECTION('',(1.E0,0.E0,0.E0));
#845=VECTOR('',#844,3.15E-1);
#846=CARTESIAN_POINT('',(3.46E0,-2.4E0,0.E0));
#847=LINE('',#846,#845);
#848=DIRECTION('',(0.E0,-1.E0,0.E0));
#849=VECTOR('',#848,1.E-1);
#850=CARTESIAN_POINT('',(3.46E0,-2.4E0,0.E0));
#851=LINE('',#850,#849);
#852=DIRECTION('',(1.E0,0.E0,0.E0));
#853=VECTOR('',#852,5.32E0);
#854=CARTESIAN_POINT('',(-2.66E0,-2.4E0,0.E0));
#855=LINE('',#854,#853);
#856=DIRECTION('',(0.E0,-1.E0,0.E0));
#857=VECTOR('',#856,1.E-1);
#858=CARTESIAN_POINT('',(-2.66E0,-2.4E0,0.E0));
#859=LINE('',#858,#857);
#860=DIRECTION('',(1.E0,0.E0,0.E0));
#861=VECTOR('',#860,3.15E-1);
#862=CARTESIAN_POINT('',(-3.775E0,-2.4E0,0.E0));
#863=LINE('',#862,#861);
#864=DIRECTION('',(7.071067811865E-1,-7.071067811865E-1,0.E0));
#865=VECTOR('',#864,2.121320343560E-1);
#866=CARTESIAN_POINT('',(-3.925E0,-2.25E0,0.E0));
#867=LINE('',#866,#865);
#868=DIRECTION('',(0.E0,-1.E0,0.E0));
#869=VECTOR('',#868,1.25E0);
#870=CARTESIAN_POINT('',(-3.925E0,-1.E0,0.E0));
#871=LINE('',#870,#869);
#872=DIRECTION('',(0.E0,1.E0,0.E0));
#873=VECTOR('',#872,2.E-1);
#874=CARTESIAN_POINT('',(-3.925E0,-1.E0,0.E0));
#875=LINE('',#874,#873);
#876=DIRECTION('',(0.E0,-1.E0,0.E0));
#877=VECTOR('',#876,4.5E-1);
#878=CARTESIAN_POINT('',(-3.925E0,-3.5E-1,0.E0));
#879=LINE('',#878,#877);
#880=DIRECTION('',(1.E0,0.E0,0.E0));
#881=VECTOR('',#880,7.75E-1);
#882=CARTESIAN_POINT('',(-4.7E0,-3.5E-1,0.E0));
#883=LINE('',#882,#881);
#884=DIRECTION('',(0.E0,-1.E0,0.E0));
#885=VECTOR('',#884,2.75E0);
#886=CARTESIAN_POINT('',(-4.7E0,2.4E0,0.E0));
#887=LINE('',#886,#885);
#888=DIRECTION('',(-1.E0,0.E0,0.E0));
#889=VECTOR('',#888,9.4E0);
#890=CARTESIAN_POINT('',(4.7E0,2.4E0,0.E0));
#891=LINE('',#890,#889);
#892=DIRECTION('',(0.E0,1.E0,0.E0));
#893=VECTOR('',#892,2.75E0);
#894=CARTESIAN_POINT('',(4.7E0,-3.5E-1,0.E0));
#895=LINE('',#894,#893);
#896=DIRECTION('',(1.E0,0.E0,0.E0));
#897=VECTOR('',#896,7.75E-1);
#898=CARTESIAN_POINT('',(3.925E0,-3.5E-1,0.E0));
#899=LINE('',#898,#897);
#900=DIRECTION('',(0.E0,1.E0,0.E0));
#901=VECTOR('',#900,4.5E-1);
#902=CARTESIAN_POINT('',(3.925E0,-8.E-1,0.E0));
#903=LINE('',#902,#901);
#904=DIRECTION('',(0.E0,-1.E0,0.E0));
#905=VECTOR('',#904,2.E-1);
#906=CARTESIAN_POINT('',(3.925E0,-8.E-1,0.E0));
#907=LINE('',#906,#905);
#908=DIRECTION('',(0.E0,1.E0,0.E0));
#909=VECTOR('',#908,1.25E0);
#910=CARTESIAN_POINT('',(3.925E0,-2.25E0,0.E0));
#911=LINE('',#910,#909);
#912=DIRECTION('',(7.071067811865E-1,7.071067811865E-1,0.E0));
#913=VECTOR('',#912,2.121320343560E-1);
#914=CARTESIAN_POINT('',(3.775E0,-2.4E0,0.E0));
#915=LINE('',#914,#913);
#916=DIRECTION('',(-1.E0,0.E0,0.E0));
#917=VECTOR('',#916,1.375E0);
#918=CARTESIAN_POINT('',(2.51E0,1.825E0,0.E0));
#919=LINE('',#918,#917);
#920=DIRECTION('',(-1.E0,0.E0,0.E0));
#921=VECTOR('',#920,1.375E0);
#922=CARTESIAN_POINT('',(-1.135E0,1.825E0,0.E0));
#923=LINE('',#922,#921);
#924=DIRECTION('',(0.E0,-1.E0,0.E0));
#925=VECTOR('',#924,1.325E0);
#926=CARTESIAN_POINT('',(-2.51E0,1.825E0,0.E0));
#927=LINE('',#926,#925);
#928=DIRECTION('',(-1.E0,0.E0,0.E0));
#929=VECTOR('',#928,1.75E-1);
#930=CARTESIAN_POINT('',(-2.51E0,5.E-1,0.E0));
#931=LINE('',#930,#929);
#932=DIRECTION('',(0.E0,-1.E0,0.E0));
#933=VECTOR('',#932,1.E0);
#934=CARTESIAN_POINT('',(-2.685E0,1.5E0,0.E0));
#935=LINE('',#934,#933);
#936=DIRECTION('',(0.E0,-1.E0,0.E0));
#937=VECTOR('',#936,3.486602540378E0);
#938=CARTESIAN_POINT('',(-3.701602540378E0,1.5E0,0.E0));
#939=LINE('',#938,#937);
#940=DIRECTION('',(-1.E0,0.E0,0.E0));
#941=VECTOR('',#940,7.403205080757E0);
#942=CARTESIAN_POINT('',(3.701602540378E0,-1.986602540378E0,0.E0));
#943=LINE('',#942,#941);
#944=DIRECTION('',(0.E0,1.E0,0.E0));
#945=VECTOR('',#944,3.986602540378E0);
#946=CARTESIAN_POINT('',(3.701602540378E0,-1.986602540378E0,0.E0));
#947=LINE('',#946,#945);
#948=DIRECTION('',(0.E0,1.E0,0.E0));
#949=VECTOR('',#948,1.5E0);
#950=CARTESIAN_POINT('',(2.685E0,5.E-1,0.E0));
#951=LINE('',#950,#949);
#952=DIRECTION('',(-1.E0,0.E0,0.E0));
#953=VECTOR('',#952,1.75E-1);
#954=CARTESIAN_POINT('',(2.685E0,5.E-1,0.E0));
#955=LINE('',#954,#953);
#956=DIRECTION('',(0.E0,1.E0,0.E0));
#957=VECTOR('',#956,1.325E0);
#958=CARTESIAN_POINT('',(2.51E0,5.E-1,0.E0));
#959=LINE('',#958,#957);
#960=DIRECTION('',(0.E0,-1.E0,0.E0));
#961=VECTOR('',#960,1.E-1);
#962=CARTESIAN_POINT('',(3.46E0,-2.4E0,-1.5E0));
#963=LINE('',#962,#961);
#964=DIRECTION('',(0.E0,-1.E0,0.E0));
#965=VECTOR('',#964,1.E-1);
#966=CARTESIAN_POINT('',(2.66E0,-2.4E0,-1.5E0));
#967=LINE('',#966,#965);
#968=DIRECTION('',(0.E0,-1.E0,0.E0));
#969=VECTOR('',#968,1.E-1);
#970=CARTESIAN_POINT('',(2.66E0,-2.4E0,0.E0));
#971=LINE('',#970,#969);
#972=DIRECTION('',(0.E0,0.E0,-1.E0));
#973=VECTOR('',#972,1.5E0);
#974=CARTESIAN_POINT('',(-3.46E0,-2.5E0,0.E0));
#975=LINE('',#974,#973);
#976=DIRECTION('',(-1.E0,0.E0,0.E0));
#977=VECTOR('',#976,8.E-1);
#978=CARTESIAN_POINT('',(-2.66E0,-2.5E0,0.E0));
#979=LINE('',#978,#977);
#980=DIRECTION('',(0.E0,0.E0,1.E0));
#981=VECTOR('',#980,1.5E0);
#982=CARTESIAN_POINT('',(-2.66E0,-2.5E0,-1.5E0));
#983=LINE('',#982,#981);
#984=DIRECTION('',(1.E0,0.E0,0.E0));
#985=VECTOR('',#984,8.E-1);
#986=CARTESIAN_POINT('',(-3.46E0,-2.5E0,-1.5E0));
#987=LINE('',#986,#985);
#988=DIRECTION('',(-1.E0,0.E0,0.E0));
#989=VECTOR('',#988,8.E-1);
#990=CARTESIAN_POINT('',(3.46E0,-2.5E0,0.E0));
#991=LINE('',#990,#989);
#992=DIRECTION('',(0.E0,0.E0,1.E0));
#993=VECTOR('',#992,1.5E0);
#994=CARTESIAN_POINT('',(3.46E0,-2.5E0,-1.5E0));
#995=LINE('',#994,#993);
#996=DIRECTION('',(1.E0,0.E0,0.E0));
#997=VECTOR('',#996,8.E-1);
#998=CARTESIAN_POINT('',(2.66E0,-2.5E0,-1.5E0));
#999=LINE('',#998,#997);
#1000=DIRECTION('',(0.E0,0.E0,-1.E0));
#1001=VECTOR('',#1000,1.5E0);
#1002=CARTESIAN_POINT('',(2.66E0,-2.5E0,0.E0));
#1003=LINE('',#1002,#1001);
#1004=DIRECTION('',(0.E0,-1.E0,0.E0));
#1005=VECTOR('',#1004,1.E-1);
#1006=CARTESIAN_POINT('',(-3.46E0,-2.4E0,0.E0));
#1007=LINE('',#1006,#1005);
#1008=DIRECTION('',(0.E0,-1.E0,0.E0));
#1009=VECTOR('',#1008,1.E-1);
#1010=CARTESIAN_POINT('',(-3.46E0,-2.4E0,-1.5E0));
#1011=LINE('',#1010,#1009);
#1012=DIRECTION('',(0.E0,-1.E0,0.E0));
#1013=VECTOR('',#1012,1.E-1);
#1014=CARTESIAN_POINT('',(-2.66E0,-2.4E0,-1.5E0));
#1015=LINE('',#1014,#1013);
#1016=DIRECTION('',(-3.015113445778E-1,3.015113445778E-1,-9.045340337333E-1));
#1017=VECTOR('',#1016,3.316624790355E-1);
#1018=CARTESIAN_POINT('',(-3.925E0,-2.25E0,0.E0));
#1019=LINE('',#1018,#1017);
#1020=DIRECTION('',(-7.071067811865E-1,7.071067811865E-1,0.E0));
#1021=VECTOR('',#1020,3.535533905933E-1);
#1022=CARTESIAN_POINT('',(-3.775E0,-2.4E0,-2.15E0));
#1023=LINE('',#1022,#1021);
#1024=DIRECTION('',(0.E0,-1.E0,0.E0));
#1025=VECTOR('',#1024,1.15E0);
#1026=CARTESIAN_POINT('',(-4.025E0,-1.E0,-3.E-1));
#1027=LINE('',#1026,#1025);
#1028=DIRECTION('',(0.E0,0.E0,-1.E0));
#1029=VECTOR('',#1028,1.85E0);
#1030=CARTESIAN_POINT('',(-4.025E0,-2.15E0,-3.E-1));
#1031=LINE('',#1030,#1029);
#1032=DIRECTION('',(0.E0,-1.E0,0.E0));
#1033=VECTOR('',#1032,1.3E-1);
#1034=CARTESIAN_POINT('',(-4.025E0,-2.02E0,-2.15E0));
#1035=LINE('',#1034,#1033);
#1036=DIRECTION('',(0.E0,0.E0,-1.E0));
#1037=VECTOR('',#1036,4.E-1);
#1038=CARTESIAN_POINT('',(-4.025E0,-1.92E0,-2.25E0));
#1039=LINE('',#1038,#1037);
#1040=DIRECTION('',(0.E0,0.E0,1.E0));
#1041=VECTOR('',#1040,1.75E0);
#1042=CARTESIAN_POINT('',(-4.025E0,-1.5E0,-2.65E0));
#1043=LINE('',#1042,#1041);
#1044=DIRECTION('',(0.E0,-1.E0,0.E0));
#1045=VECTOR('',#1044,3.E-1);
#1046=CARTESIAN_POINT('',(-4.025E0,-1.1E0,-8.E-1));
#1047=LINE('',#1046,#1045);
#1048=DIRECTION('',(0.E0,0.E0,1.E0));
#1049=VECTOR('',#1048,6.E-1);
#1050=CARTESIAN_POINT('',(-4.025E0,-1.E0,-9.E-1));
#1051=LINE('',#1050,#1049);
#1052=DIRECTION('',(0.E0,-1.E0,0.E0));
#1053=VECTOR('',#1052,3.5E-1);
#1054=CARTESIAN_POINT('',(-4.025E0,-4.5E-1,-3.E-1));
#1055=LINE('',#1054,#1053);
#1056=DIRECTION('',(0.E0,0.E0,-1.E0));
#1057=VECTOR('',#1056,2.35E0);
#1058=CARTESIAN_POINT('',(-4.025E0,-8.E-1,-3.E-1));
#1059=LINE('',#1058,#1057);
#1060=DIRECTION('',(0.E0,0.E0,1.E0));
#1061=VECTOR('',#1060,1.02E0);
#1062=CARTESIAN_POINT('',(-4.025E0,1.55E0,-5.42E0));
#1063=LINE('',#1062,#1061);
#1064=DIRECTION('',(0.E0,1.E0,0.E0));
#1065=VECTOR('',#1064,5.5E-1);
#1066=CARTESIAN_POINT('',(-4.025E0,1.55E0,-5.42E0));
#1067=LINE('',#1066,#1065);
#1068=DIRECTION('',(0.E0,0.E0,1.E0));
#1069=VECTOR('',#1068,1.02E0);
#1070=CARTESIAN_POINT('',(-4.025E0,2.1E0,-5.42E0));
#1071=LINE('',#1070,#1069);
#1072=DIRECTION('',(0.E0,-1.E0,0.E0));
#1073=VECTOR('',#1072,5.5E-1);
#1074=CARTESIAN_POINT('',(-4.025E0,2.1E0,-4.4E0));
#1075=LINE('',#1074,#1073);
#1076=DIRECTION('',(0.E0,0.E0,1.E0));
#1077=VECTOR('',#1076,3.5E-1);
#1078=CARTESIAN_POINT('',(-4.025E0,1.55E0,-4.2E0));
#1079=LINE('',#1078,#1077);
#1080=DIRECTION('',(0.E0,-1.E0,0.E0));
#1081=VECTOR('',#1080,5.5E-1);
#1082=CARTESIAN_POINT('',(-4.025E0,2.1E0,-4.2E0));
#1083=LINE('',#1082,#1081);
#1084=DIRECTION('',(0.E0,0.E0,1.E0));
#1085=VECTOR('',#1084,3.5E-1);
#1086=CARTESIAN_POINT('',(-4.025E0,2.1E0,-4.2E0));
#1087=LINE('',#1086,#1085);
#1088=DIRECTION('',(0.E0,0.E0,1.E0));
#1089=VECTOR('',#1088,5.2E-1);
#1090=CARTESIAN_POINT('',(-4.025E0,-4.5E-1,-5.42E0));
#1091=LINE('',#1090,#1089);
#1092=DIRECTION('',(0.E0,-1.E0,0.E0));
#1093=VECTOR('',#1092,6.5E-1);
#1094=CARTESIAN_POINT('',(-4.025E0,-4.5E-1,-4.9E0));
#1095=LINE('',#1094,#1093);
#1096=DIRECTION('',(0.E0,1.E0,0.E0));
#1097=VECTOR('',#1096,4.E-1);
#1098=CARTESIAN_POINT('',(-4.025E0,-1.1E0,-5.32E0));
#1099=LINE('',#1098,#1097);
#1100=DIRECTION('',(0.E0,1.E0,0.E0));
#1101=VECTOR('',#1100,1.5E-1);
#1102=CARTESIAN_POINT('',(-4.025E0,-6.E-1,-5.42E0));
#1103=LINE('',#1102,#1101);
#1104=DIRECTION('',(-1.E0,0.E0,0.E0));
#1105=VECTOR('',#1104,9.25E-1);
#1106=CARTESIAN_POINT('',(-3.775E0,-2.4E0,-2.15E0));
#1107=LINE('',#1106,#1105);
#1108=DIRECTION('',(1.E0,0.E0,0.E0));
#1109=VECTOR('',#1108,3.E-1);
#1110=CARTESIAN_POINT('',(-4.7E0,-1.5E0,-2.15E0));
#1111=LINE('',#1110,#1109);
#1112=DIRECTION('',(0.E0,1.E0,0.E0));
#1113=VECTOR('',#1112,5.2E-1);
#1114=CARTESIAN_POINT('',(-4.4E0,-2.02E0,-2.15E0));
#1115=LINE('',#1114,#1113);
#1116=DIRECTION('',(-1.E0,0.E0,0.E0));
#1117=VECTOR('',#1116,3.75E-1);
#1118=CARTESIAN_POINT('',(-4.025E0,-2.02E0,-2.15E0));
#1119=LINE('',#1118,#1117);
#1120=DIRECTION('',(0.E0,-9.486832980505E-1,-3.162277660168E-1));
#1121=VECTOR('',#1120,3.162277660168E-1);
#1122=CARTESIAN_POINT('',(-4.7E0,2.4E0,-3.75E0));
#1123=LINE('',#1122,#1121);
#1124=DIRECTION('',(0.E0,0.E0,-1.E0));
#1125=VECTOR('',#1124,3.75E0);
#1126=CARTESIAN_POINT('',(-4.7E0,2.4E0,0.E0));
#1127=LINE('',#1126,#1125);
#1128=DIRECTION('',(0.E0,3.162277660168E-1,9.486832980505E-1));
#1129=VECTOR('',#1128,3.162277660168E-1);
#1130=CARTESIAN_POINT('',(-4.7E0,-4.5E-1,-3.E-1));
#1131=LINE('',#1130,#1129);
#1132=DIRECTION('',(0.E0,0.E0,-1.E0));
#1133=VECTOR('',#1132,5.E-1);
#1134=CARTESIAN_POINT('',(-4.7E0,-4.5E-1,-3.E-1));
#1135=LINE('',#1134,#1133);
#1136=DIRECTION('',(0.E0,-1.E0,0.E0));
#1137=VECTOR('',#1136,9.5E-1);
#1138=CARTESIAN_POINT('',(-4.7E0,-4.5E-1,-8.E-1));
#1139=LINE('',#1138,#1137);
#1140=DIRECTION('',(0.E0,7.071067811865E-1,7.071067811865E-1));
#1141=VECTOR('',#1140,1.414213562373E-1);
#1142=CARTESIAN_POINT('',(-4.7E0,-1.5E0,-9.E-1));
#1143=LINE('',#1142,#1141);
#1144=DIRECTION('',(0.E0,0.E0,-1.E0));
#1145=VECTOR('',#1144,1.25E0);
#1146=CARTESIAN_POINT('',(-4.7E0,-1.5E0,-9.E-1));
#1147=LINE('',#1146,#1145);
#1148=DIRECTION('',(0.E0,1.E0,0.E0));
#1149=VECTOR('',#1148,9.E-1);
#1150=CARTESIAN_POINT('',(-4.7E0,-2.4E0,-2.15E0));
#1151=LINE('',#1150,#1149);
#1152=DIRECTION('',(0.E0,0.E0,1.E0));
#1153=VECTOR('',#1152,9.E-1);
#1154=CARTESIAN_POINT('',(-4.7E0,-6.E-1,-5.8E0));
#1155=LINE('',#1154,#1153);
#1156=DIRECTION('',(0.E0,1.E0,0.E0));
#1157=VECTOR('',#1156,1.25E0);
#1158=CARTESIAN_POINT('',(-4.7E0,-6.E-1,-4.9E0));
#1159=LINE('',#1158,#1157);
#1160=DIRECTION('',(0.E0,-7.071067811865E-1,-7.071067811865E-1));
#1161=VECTOR('',#1160,1.414213562373E-1);
#1162=CARTESIAN_POINT('',(-4.7E0,7.5E-1,-4.8E0));
#1163=LINE('',#1162,#1161);
#1164=DIRECTION('',(0.E0,0.E0,1.E0));
#1165=VECTOR('',#1164,9.5E-1);
#1166=CARTESIAN_POINT('',(-4.7E0,7.5E-1,-4.8E0));
#1167=LINE('',#1166,#1165);
#1168=DIRECTION('',(0.E0,-1.E0,0.E0));
#1169=VECTOR('',#1168,1.35E0);
#1170=CARTESIAN_POINT('',(-4.7E0,2.1E0,-3.85E0));
#1171=LINE('',#1170,#1169);
#1172=DIRECTION('',(-1.E0,0.E0,0.E0));
#1173=VECTOR('',#1172,2.5E-2);
#1174=CARTESIAN_POINT('',(-4.275E0,-2.5E-1,-3.85E0));
#1175=LINE('',#1174,#1173);
#1176=DIRECTION('',(0.E0,1.E0,0.E0));
#1177=VECTOR('',#1176,1.8E0);
#1178=CARTESIAN_POINT('',(-4.275E0,-2.5E-1,-3.85E0));
#1179=LINE('',#1178,#1177);
#1180=DIRECTION('',(-1.E0,0.E0,0.E0));
#1181=VECTOR('',#1180,2.5E-1);
#1182=CARTESIAN_POINT('',(-4.025E0,1.55E0,-3.85E0));
#1183=LINE('',#1182,#1181);
#1184=DIRECTION('',(0.E0,1.E0,0.E0));
#1185=VECTOR('',#1184,5.5E-1);
#1186=CARTESIAN_POINT('',(-4.025E0,1.55E0,-3.85E0));
#1187=LINE('',#1186,#1185);
#1188=DIRECTION('',(-1.E0,0.E0,0.E0));
#1189=VECTOR('',#1188,6.75E-1);
#1190=CARTESIAN_POINT('',(-4.025E0,2.1E0,-3.85E0));
#1191=LINE('',#1190,#1189);
#1192=DIRECTION('',(1.E0,0.E0,0.E0));
#1193=VECTOR('',#1192,3.E-1);
#1194=CARTESIAN_POINT('',(-4.7E0,7.5E-1,-3.85E0));
#1195=LINE('',#1194,#1193);
#1196=DIRECTION('',(1.E0,0.E0,0.E0));
#1197=VECTOR('',#1196,2.5E-2);
#1198=CARTESIAN_POINT('',(4.275E0,-2.5E-1,-3.85E0));
#1199=LINE('',#1198,#1197);
#1200=DIRECTION('',(0.E0,1.E0,0.E0));
#1201=VECTOR('',#1200,9.E-1);
#1202=CARTESIAN_POINT('',(4.3E0,-2.5E-1,-3.85E0));
#1203=LINE('',#1202,#1201);
#1204=DIRECTION('',(-1.E0,0.E0,0.E0));
#1205=VECTOR('',#1204,6.75E-1);
#1206=CARTESIAN_POINT('',(4.7E0,2.1E0,-3.85E0));
#1207=LINE('',#1206,#1205);
#1208=DIRECTION('',(0.E0,-1.E0,0.E0));
#1209=VECTOR('',#1208,5.5E-1);
#1210=CARTESIAN_POINT('',(4.025E0,2.1E0,-3.85E0));
#1211=LINE('',#1210,#1209);
#1212=DIRECTION('',(1.E0,0.E0,0.E0));
#1213=VECTOR('',#1212,2.5E-1);
#1214=CARTESIAN_POINT('',(4.025E0,1.55E0,-3.85E0));
#1215=LINE('',#1214,#1213);
#1216=DIRECTION('',(0.E0,1.E0,0.E0));
#1217=VECTOR('',#1216,1.8E0);
#1218=CARTESIAN_POINT('',(4.275E0,-2.5E-1,-3.85E0));
#1219=LINE('',#1218,#1217);
#1220=DIRECTION('',(0.E0,0.E0,1.E0));
#1221=VECTOR('',#1220,3.5E-1);
#1222=CARTESIAN_POINT('',(4.3E0,-2.5E-1,-4.2E0));
#1223=LINE('',#1222,#1221);
#1224=DIRECTION('',(0.E0,-1.E0,0.E0));
#1225=VECTOR('',#1224,9.E-1);
#1226=CARTESIAN_POINT('',(4.3E0,6.5E-1,-4.2E0));
#1227=LINE('',#1226,#1225);
#1228=DIRECTION('',(0.E0,0.E0,1.E0));
#1229=VECTOR('',#1228,3.5E-1);
#1230=CARTESIAN_POINT('',(4.3E0,6.5E-1,-4.2E0));
#1231=LINE('',#1230,#1229);
#1232=DIRECTION('',(1.E0,0.E0,0.E0));
#1233=VECTOR('',#1232,1.E-1);
#1234=CARTESIAN_POINT('',(4.3E0,-2.5E-1,-4.2E0));
#1235=LINE('',#1234,#1233);
#1236=DIRECTION('',(-1.E0,0.E0,0.E0));
#1237=VECTOR('',#1236,1.E-1);
#1238=CARTESIAN_POINT('',(4.4E0,6.5E-1,-4.2E0));
#1239=LINE('',#1238,#1237);
#1240=DIRECTION('',(0.E0,0.E0,-1.E0));
#1241=VECTOR('',#1240,2.E-1);
#1242=CARTESIAN_POINT('',(4.4E0,-2.5E-1,-4.2E0));
#1243=LINE('',#1242,#1241);
#1244=DIRECTION('',(0.E0,0.E0,1.E0));
#1245=VECTOR('',#1244,2.E-1);
#1246=CARTESIAN_POINT('',(4.4E0,6.5E-1,-4.4E0));
#1247=LINE('',#1246,#1245);
#1248=DIRECTION('',(0.E0,-1.E0,0.E0));
#1249=VECTOR('',#1248,9.E-1);
#1250=CARTESIAN_POINT('',(4.4E0,6.5E-1,-4.2E0));
#1251=LINE('',#1250,#1249);
#1252=DIRECTION('',(0.E0,-1.E0,0.E0));
#1253=VECTOR('',#1252,9.E-1);
#1254=CARTESIAN_POINT('',(4.4E0,6.5E-1,-4.4E0));
#1255=LINE('',#1254,#1253);
#1256=DIRECTION('',(1.E0,0.E0,0.E0));
#1257=VECTOR('',#1256,1.25E-1);
#1258=CARTESIAN_POINT('',(4.275E0,-2.5E-1,-4.4E0));
#1259=LINE('',#1258,#1257);
#1260=DIRECTION('',(0.E0,1.E0,0.E0));
#1261=VECTOR('',#1260,9.E-1);
#1262=CARTESIAN_POINT('',(4.275E0,-2.5E-1,-4.4E0));
#1263=LINE('',#1262,#1261);
#1264=DIRECTION('',(-1.E0,0.E0,0.E0));
#1265=VECTOR('',#1264,1.25E-1);
#1266=CARTESIAN_POINT('',(4.4E0,6.5E-1,-4.4E0));
#1267=LINE('',#1266,#1265);
#1268=DIRECTION('',(1.E0,0.E0,0.E0));
#1269=VECTOR('',#1268,1.E-1);
#1270=CARTESIAN_POINT('',(3.925E0,1.4E0,-4.4E0));
#1271=LINE('',#1270,#1269);
#1272=DIRECTION('',(3.162277660168E-1,-9.486832980505E-1,0.E0));
#1273=VECTOR('',#1272,3.162277660168E-1);
#1274=CARTESIAN_POINT('',(3.925E0,2.4E0,-4.4E0));
#1275=LINE('',#1274,#1273);
#1276=DIRECTION('',(0.E0,-1.E0,0.E0));
#1277=VECTOR('',#1276,1.5E-1);
#1278=CARTESIAN_POINT('',(4.025E0,1.55E0,-4.4E0));
#1279=LINE('',#1278,#1277);
#1280=DIRECTION('',(0.E0,0.E0,-1.E0));
#1281=VECTOR('',#1280,5.5E-1);
#1282=CARTESIAN_POINT('',(4.275E0,-2.5E-1,-3.85E0));
#1283=LINE('',#1282,#1281);
#1284=DIRECTION('',(0.E0,-1.E0,0.E0));
#1285=VECTOR('',#1284,2.E0);
#1286=CARTESIAN_POINT('',(4.275E0,1.55E0,-5.55E0));
#1287=LINE('',#1286,#1285);
#1288=CARTESIAN_POINT('',(4.575E0,1.25E0,-5.65E0));
#1289=DIRECTION('',(0.E0,0.E0,1.E0));
#1290=DIRECTION('',(1.E0,0.E0,0.E0));
#1291=AXIS2_PLACEMENT_3D('',#1288,#1289,#1290);
#1293=CARTESIAN_POINT('',(4.575E0,-1.5E-1,-5.65E0));
#1294=DIRECTION('',(0.E0,0.E0,1.E0));
#1295=DIRECTION('',(0.E0,-1.E0,0.E0));
#1296=AXIS2_PLACEMENT_3D('',#1293,#1294,#1295);
#1298=DIRECTION('',(0.E0,-1.E0,0.E0));
#1299=VECTOR('',#1298,2.E0);
#1300=CARTESIAN_POINT('',(4.375E0,1.55E0,-5.65E0));
#1301=LINE('',#1300,#1299);
#1302=DIRECTION('',(0.E0,0.E0,-1.E0));
#1303=VECTOR('',#1302,2.5E-1);
#1304=CARTESIAN_POINT('',(4.875E0,1.25E0,-5.65E0));
#1305=LINE('',#1304,#1303);
#1306=DIRECTION('',(0.E0,0.E0,1.E0));
#1307=VECTOR('',#1306,2.5E-1);
#1308=CARTESIAN_POINT('',(4.875E0,-1.5E-1,-5.9E0));
#1309=LINE('',#1308,#1307);
#1310=DIRECTION('',(0.E0,-1.E0,0.E0));
#1311=VECTOR('',#1310,1.4E0);
#1312=CARTESIAN_POINT('',(4.875E0,1.25E0,-5.65E0));
#1313=LINE('',#1312,#1311);
#1314=DIRECTION('',(0.E0,0.E0,1.E0));
#1315=VECTOR('',#1314,2.5E-1);
#1316=CARTESIAN_POINT('',(4.575E0,-4.5E-1,-5.9E0));
#1317=LINE('',#1316,#1315);
#1318=DIRECTION('',(-1.E0,0.E0,0.E0));
#1319=VECTOR('',#1318,2.E-1);
#1320=CARTESIAN_POINT('',(4.575E0,-4.5E-1,-5.9E0));
#1321=LINE('',#1320,#1319);
#1322=CARTESIAN_POINT('',(4.375E0,-4.5E-1,-5.55E0));
#1323=DIRECTION('',(0.E0,1.E0,0.E0));
#1324=DIRECTION('',(0.E0,0.E0,-1.E0));
#1325=AXIS2_PLACEMENT_3D('',#1322,#1323,#1324);
#1327=DIRECTION('',(0.E0,0.E0,1.E0));
#1328=VECTOR('',#1327,1.3E-1);
#1329=CARTESIAN_POINT('',(4.025E0,-4.5E-1,-5.55E0));
#1330=LINE('',#1329,#1328);
#1331=DIRECTION('',(0.E0,0.E0,-1.E0));
#1332=VECTOR('',#1331,6.5E-1);
#1333=CARTESIAN_POINT('',(4.275E0,-4.5E-1,-4.9E0));
#1334=LINE('',#1333,#1332);
#1335=CARTESIAN_POINT('',(4.375E0,-4.5E-1,-5.55E0));
#1336=DIRECTION('',(0.E0,-1.E0,0.E0));
#1337=DIRECTION('',(-1.E0,0.E0,5.329070518201E-14));
#1338=AXIS2_PLACEMENT_3D('',#1335,#1336,#1337);
#1340=DIRECTION('',(1.E0,0.E0,0.E0));
#1341=VECTOR('',#1340,2.E-1);
#1342=CARTESIAN_POINT('',(4.375E0,-4.5E-1,-5.65E0));
#1343=LINE('',#1342,#1341);
#1344=DIRECTION('',(0.E0,0.E0,-1.E0));
#1345=VECTOR('',#1344,2.5E-1);
#1346=CARTESIAN_POINT('',(-4.575E0,-4.5E-1,-5.65E0));
#1347=LINE('',#1346,#1345);
#1348=DIRECTION('',(1.E0,0.E0,0.E0));
#1349=VECTOR('',#1348,2.E-1);
#1350=CARTESIAN_POINT('',(-4.575E0,-4.5E-1,-5.65E0));
#1351=LINE('',#1350,#1349);
#1352=CARTESIAN_POINT('',(-4.375E0,-4.5E-1,-5.55E0));
#1353=DIRECTION('',(0.E0,-1.E0,0.E0));
#1354=DIRECTION('',(0.E0,0.E0,-1.E0));
#1355=AXIS2_PLACEMENT_3D('',#1352,#1353,#1354);
#1357=DIRECTION('',(0.E0,0.E0,1.E0));
#1358=VECTOR('',#1357,6.5E-1);
#1359=CARTESIAN_POINT('',(-4.275E0,-4.5E-1,-5.55E0));
#1360=LINE('',#1359,#1358);
#1361=DIRECTION('',(0.E0,0.E0,-1.E0));
#1362=VECTOR('',#1361,1.3E-1);
#1363=CARTESIAN_POINT('',(-4.025E0,-4.5E-1,-5.42E0));
#1364=LINE('',#1363,#1362);
#1365=CARTESIAN_POINT('',(-4.375E0,-4.5E-1,-5.55E0));
#1366=DIRECTION('',(0.E0,1.E0,0.E0));
#1367=DIRECTION('',(1.E0,0.E0,0.E0));
#1368=AXIS2_PLACEMENT_3D('',#1365,#1366,#1367);
#1370=DIRECTION('',(-1.E0,0.E0,0.E0));
#1371=VECTOR('',#1370,2.E-1);
#1372=CARTESIAN_POINT('',(-4.375E0,-4.5E-1,-5.9E0));
#1373=LINE('',#1372,#1371);
#1374=DIRECTION('',(1.E0,0.E0,0.E0));
#1375=VECTOR('',#1374,2.5E-1);
#1376=CARTESIAN_POINT('',(4.025E0,-4.5E-1,-4.9E0));
#1377=LINE('',#1376,#1375);
#1378=DIRECTION('',(0.E0,-1.E0,0.E0));
#1379=VECTOR('',#1378,6.5E-1);
#1380=CARTESIAN_POINT('',(4.025E0,-4.5E-1,-4.9E0));
#1381=LINE('',#1380,#1379);
#1382=DIRECTION('',(0.E0,1.E0,0.E0));
#1383=VECTOR('',#1382,4.E-1);
#1384=CARTESIAN_POINT('',(4.3E0,-1.1E0,-4.9E0));
#1385=LINE('',#1384,#1383);
#1386=DIRECTION('',(1.E0,0.E0,0.E0));
#1387=VECTOR('',#1386,4.25E-1);
#1388=CARTESIAN_POINT('',(4.275E0,6.5E-1,-4.9E0));
#1389=LINE('',#1388,#1387);
#1390=DIRECTION('',(0.E0,-1.E0,0.E0));
#1391=VECTOR('',#1390,1.1E0);
#1392=CARTESIAN_POINT('',(4.275E0,6.5E-1,-4.9E0));
#1393=LINE('',#1392,#1391);
#1394=DIRECTION('',(-1.E0,0.E0,0.E0));
#1395=VECTOR('',#1394,2.75E-1);
#1396=CARTESIAN_POINT('',(-4.025E0,-1.1E0,-4.9E0));
#1397=LINE('',#1396,#1395);
#1398=DIRECTION('',(0.E0,0.E0,-1.E0));
#1399=VECTOR('',#1398,4.2E-1);
#1400=CARTESIAN_POINT('',(-4.3E0,-1.1E0,-4.9E0));
#1401=LINE('',#1400,#1399);
#1402=DIRECTION('',(1.E0,0.E0,0.E0));
#1403=VECTOR('',#1402,2.75E-1);
#1404=CARTESIAN_POINT('',(-4.3E0,-1.1E0,-5.32E0));
#1405=LINE('',#1404,#1403);
#1406=DIRECTION('',(0.E0,0.E0,1.E0));
#1407=VECTOR('',#1406,4.2E-1);
#1408=CARTESIAN_POINT('',(-4.025E0,-1.1E0,-5.32E0));
#1409=LINE('',#1408,#1407);
#1410=DIRECTION('',(0.E0,0.E0,-1.E0));
#1411=VECTOR('',#1410,4.2E-1);
#1412=CARTESIAN_POINT('',(4.025E0,-1.1E0,-4.9E0));
#1413=LINE('',#1412,#1411);
#1414=DIRECTION('',(1.E0,0.E0,0.E0));
#1415=VECTOR('',#1414,2.75E-1);
#1416=CARTESIAN_POINT('',(4.025E0,-1.1E0,-5.32E0));
#1417=LINE('',#1416,#1415);
#1418=DIRECTION('',(0.E0,0.E0,1.E0));
#1419=VECTOR('',#1418,4.2E-1);
#1420=CARTESIAN_POINT('',(4.3E0,-1.1E0,-5.32E0));
#1421=LINE('',#1420,#1419);
#1422=DIRECTION('',(-1.E0,0.E0,0.E0));
#1423=VECTOR('',#1422,2.75E-1);
#1424=CARTESIAN_POINT('',(4.3E0,-1.1E0,-4.9E0));
#1425=LINE('',#1424,#1423);
#1426=DIRECTION('',(-1.E0,0.E0,0.E0));
#1427=VECTOR('',#1426,2.5E-1);
#1428=CARTESIAN_POINT('',(-4.025E0,-4.5E-1,-4.9E0));
#1429=LINE('',#1428,#1427);
#1430=DIRECTION('',(0.E0,-1.E0,0.E0));
#1431=VECTOR('',#1430,1.1E0);
#1432=CARTESIAN_POINT('',(-4.275E0,6.5E-1,-4.9E0));
#1433=LINE('',#1432,#1431);
#1434=DIRECTION('',(-1.E0,0.E0,0.E0));
#1435=VECTOR('',#1434,4.25E-1);
#1436=CARTESIAN_POINT('',(-4.275E0,6.5E-1,-4.9E0));
#1437=LINE('',#1436,#1435);
#1438=DIRECTION('',(1.E0,0.E0,0.E0));
#1439=VECTOR('',#1438,3.E-1);
#1440=CARTESIAN_POINT('',(-4.7E0,-6.E-1,-4.9E0));
#1441=LINE('',#1440,#1439);
#1442=DIRECTION('',(0.E0,0.E0,-1.E0));
#1443=VECTOR('',#1442,5.5E-1);
#1444=CARTESIAN_POINT('',(-4.275E0,-2.5E-1,-3.85E0));
#1445=LINE('',#1444,#1443);
#1446=DIRECTION('',(0.E0,-1.E0,0.E0));
#1447=VECTOR('',#1446,2.E0);
#1448=CARTESIAN_POINT('',(-4.275E0,1.55E0,-5.55E0));
#1449=LINE('',#1448,#1447);
#1450=DIRECTION('',(1.E0,0.E0,0.E0));
#1451=VECTOR('',#1450,1.25E-1);
#1452=CARTESIAN_POINT('',(-4.4E0,-2.5E-1,-4.4E0));
#1453=LINE('',#1452,#1451);
#1454=DIRECTION('',(-1.E0,0.E0,0.E0));
#1455=VECTOR('',#1454,1.25E-1);
#1456=CARTESIAN_POINT('',(-4.275E0,6.5E-1,-4.4E0));
#1457=LINE('',#1456,#1455);
#1458=DIRECTION('',(0.E0,1.E0,0.E0));
#1459=VECTOR('',#1458,9.E-1);
#1460=CARTESIAN_POINT('',(-4.275E0,-2.5E-1,-4.4E0));
#1461=LINE('',#1460,#1459);
#1462=DIRECTION('',(-1.E0,0.E0,0.E0));
#1463=VECTOR('',#1462,1.E-1);
#1464=CARTESIAN_POINT('',(-3.925E0,1.4E0,-4.4E0));
#1465=LINE('',#1464,#1463);
#1466=DIRECTION('',(0.E0,1.E0,0.E0));
#1467=VECTOR('',#1466,1.5E-1);
#1468=CARTESIAN_POINT('',(-4.025E0,1.4E0,-4.4E0));
#1469=LINE('',#1468,#1467);
#1470=DIRECTION('',(-3.162277660168E-1,-9.486832980505E-1,0.E0));
#1471=VECTOR('',#1470,3.162277660168E-1);
#1472=CARTESIAN_POINT('',(-3.925E0,2.4E0,-4.4E0));
#1473=LINE('',#1472,#1471);
#1474=DIRECTION('',(0.E0,-1.E0,0.E0));
#1475=VECTOR('',#1474,1.E0);
#1476=CARTESIAN_POINT('',(-3.925E0,2.4E0,-4.4E0));
#1477=LINE('',#1476,#1475);
#1478=DIRECTION('',(0.E0,0.E0,1.E0));
#1479=VECTOR('',#1478,2.E-1);
#1480=CARTESIAN_POINT('',(-4.4E0,-2.5E-1,-4.4E0));
#1481=LINE('',#1480,#1479);
#1482=DIRECTION('',(0.E0,0.E0,-1.E0));
#1483=VECTOR('',#1482,2.E-1);
#1484=CARTESIAN_POINT('',(-4.4E0,6.5E-1,-4.2E0));
#1485=LINE('',#1484,#1483);
#1486=DIRECTION('',(0.E0,-1.E0,0.E0));
#1487=VECTOR('',#1486,9.E-1);
#1488=CARTESIAN_POINT('',(-4.4E0,6.5E-1,-4.4E0));
#1489=LINE('',#1488,#1487);
#1490=DIRECTION('',(1.E0,0.E0,0.E0));
#1491=VECTOR('',#1490,1.E-1);
#1492=CARTESIAN_POINT('',(-4.4E0,-2.5E-1,-4.2E0));
#1493=LINE('',#1492,#1491);
#1494=DIRECTION('',(-1.E0,0.E0,0.E0));
#1495=VECTOR('',#1494,1.E-1);
#1496=CARTESIAN_POINT('',(-4.3E0,6.5E-1,-4.2E0));
#1497=LINE('',#1496,#1495);
#1498=DIRECTION('',(0.E0,-1.E0,0.E0));
#1499=VECTOR('',#1498,9.E-1);
#1500=CARTESIAN_POINT('',(-4.4E0,6.5E-1,-4.2E0));
#1501=LINE('',#1500,#1499);
#1502=DIRECTION('',(0.E0,0.E0,-1.E0));
#1503=VECTOR('',#1502,3.5E-1);
#1504=CARTESIAN_POINT('',(-4.3E0,-2.5E-1,-3.85E0));
#1505=LINE('',#1504,#1503);
#1506=DIRECTION('',(0.E0,1.E0,0.E0));
#1507=VECTOR('',#1506,9.E-1);
#1508=CARTESIAN_POINT('',(-4.3E0,-2.5E-1,-3.85E0));
#1509=LINE('',#1508,#1507);
#1510=DIRECTION('',(0.E0,0.E0,-1.E0));
#1511=VECTOR('',#1510,3.5E-1);
#1512=CARTESIAN_POINT('',(-4.3E0,6.5E-1,-3.85E0));
#1513=LINE('',#1512,#1511);
#1514=DIRECTION('',(0.E0,-1.E0,0.E0));
#1515=VECTOR('',#1514,9.E-1);
#1516=CARTESIAN_POINT('',(-4.3E0,6.5E-1,-4.2E0));
#1517=LINE('',#1516,#1515);
#1518=DIRECTION('',(-5.773502691896E-1,5.773502691896E-1,5.773502691896E-1));
#1519=VECTOR('',#1518,1.732050807569E-1);
#1520=CARTESIAN_POINT('',(-4.3E0,6.5E-1,-4.2E0));
#1521=LINE('',#1520,#1519);
#1522=DIRECTION('',(-7.071067811865E-1,7.071067811865E-1,0.E0));
#1523=VECTOR('',#1522,1.414213562373E-1);
#1524=CARTESIAN_POINT('',(-4.3E0,6.5E-1,-3.85E0));
#1525=LINE('',#1524,#1523);
#1526=DIRECTION('',(0.E0,0.E0,1.E0));
#1527=VECTOR('',#1526,3.E-1);
#1528=CARTESIAN_POINT('',(-4.275E0,7.5E-1,-4.8E0));
#1529=LINE('',#1528,#1527);
#1530=DIRECTION('',(-1.E0,0.E0,0.E0));
#1531=VECTOR('',#1530,2.25E-1);
#1532=CARTESIAN_POINT('',(-4.275E0,7.5E-1,-4.5E0));
#1533=LINE('',#1532,#1531);
#1534=DIRECTION('',(0.E0,0.E0,-1.E0));
#1535=VECTOR('',#1534,4.E-1);
#1536=CARTESIAN_POINT('',(-4.5E0,7.5E-1,-4.1E0));
#1537=LINE('',#1536,#1535);
#1538=DIRECTION('',(-1.E0,0.E0,0.E0));
#1539=VECTOR('',#1538,1.E-1);
#1540=CARTESIAN_POINT('',(-4.4E0,7.5E-1,-4.1E0));
#1541=LINE('',#1540,#1539);
#1542=DIRECTION('',(0.E0,0.E0,-1.E0));
#1543=VECTOR('',#1542,2.5E-1);
#1544=CARTESIAN_POINT('',(-4.4E0,7.5E-1,-3.85E0));
#1545=LINE('',#1544,#1543);
#1546=DIRECTION('',(-1.E0,0.E0,0.E0));
#1547=VECTOR('',#1546,4.25E-1);
#1548=CARTESIAN_POINT('',(-4.275E0,7.5E-1,-4.8E0));
#1549=LINE('',#1548,#1547);
#1550=DIRECTION('',(0.E0,7.071067811865E-1,-7.071067811865E-1));
#1551=VECTOR('',#1550,1.414213562373E-1);
#1552=CARTESIAN_POINT('',(-4.275E0,6.5E-1,-4.4E0));
#1553=LINE('',#1552,#1551);
#1554=DIRECTION('',(-5.773502691896E-1,5.773502691896E-1,-5.773502691896E-1));
#1555=VECTOR('',#1554,1.732050807569E-1);
#1556=CARTESIAN_POINT('',(-4.4E0,6.5E-1,-4.4E0));
#1557=LINE('',#1556,#1555);
#1558=DIRECTION('',(-5.773502691896E-1,5.773502691896E-1,5.773502691896E-1));
#1559=VECTOR('',#1558,1.732050807569E-1);
#1560=CARTESIAN_POINT('',(-4.4E0,6.5E-1,-4.2E0));
#1561=LINE('',#1560,#1559);
#1562=DIRECTION('',(0.E0,-7.071067811865E-1,-7.071067811865E-1));
#1563=VECTOR('',#1562,1.414213562373E-1);
#1564=CARTESIAN_POINT('',(-4.275E0,7.5E-1,-4.8E0));
#1565=LINE('',#1564,#1563);
#1566=DIRECTION('',(0.E0,0.E0,-1.E0));
#1567=VECTOR('',#1566,2.E-1);
#1568=CARTESIAN_POINT('',(-3.925E0,1.4E0,-4.2E0));
#1569=LINE('',#1568,#1567);
#1570=DIRECTION('',(0.E0,-1.E0,0.E0));
#1571=VECTOR('',#1570,1.E0);
#1572=CARTESIAN_POINT('',(-3.925E0,2.4E0,-4.2E0));
#1573=LINE('',#1572,#1571);
#1574=DIRECTION('',(-7.071067811865E-1,0.E0,7.071067811865E-1));
#1575=VECTOR('',#1574,3.959797974645E-1);
#1576=CARTESIAN_POINT('',(-3.645E0,2.4E0,-5.8E0));
#1577=LINE('',#1576,#1575);
#1578=DIRECTION('',(-7.071067811865E-1,0.E0,-7.071067811865E-1));
#1579=VECTOR('',#1578,3.959797974645E-1);
#1580=CARTESIAN_POINT('',(3.925E0,2.4E0,-5.52E0));
#1581=LINE('',#1580,#1579);
#1582=DIRECTION('',(0.E0,0.E0,-1.E0));
#1583=VECTOR('',#1582,1.12E0);
#1584=CARTESIAN_POINT('',(3.925E0,2.4E0,-4.4E0));
#1585=LINE('',#1584,#1583);
#1586=DIRECTION('',(0.E0,0.E0,1.E0));
#1587=VECTOR('',#1586,2.E-1);
#1588=CARTESIAN_POINT('',(3.925E0,2.4E0,-4.4E0));
#1589=LINE('',#1588,#1587);
#1590=DIRECTION('',(0.E0,0.E0,-1.E0));
#1591=VECTOR('',#1590,4.5E-1);
#1592=CARTESIAN_POINT('',(3.925E0,2.4E0,-3.75E0));
#1593=LINE('',#1592,#1591);
#1594=DIRECTION('',(-1.E0,0.E0,0.E0));
#1595=VECTOR('',#1594,7.75E-1);
#1596=CARTESIAN_POINT('',(4.7E0,2.4E0,-3.75E0));
#1597=LINE('',#1596,#1595);
#1598=DIRECTION('',(0.E0,0.E0,-1.E0));
#1599=VECTOR('',#1598,3.75E0);
#1600=CARTESIAN_POINT('',(4.7E0,2.4E0,0.E0));
#1601=LINE('',#1600,#1599);
#1602=DIRECTION('',(-1.E0,0.E0,0.E0));
#1603=VECTOR('',#1602,7.75E-1);
#1604=CARTESIAN_POINT('',(-3.925E0,2.4E0,-3.75E0));
#1605=LINE('',#1604,#1603);
#1606=DIRECTION('',(0.E0,0.E0,1.E0));
#1607=VECTOR('',#1606,4.5E-1);
#1608=CARTESIAN_POINT('',(-3.925E0,2.4E0,-4.2E0));
#1609=LINE('',#1608,#1607);
#1610=DIRECTION('',(0.E0,0.E0,-1.E0));
#1611=VECTOR('',#1610,2.E-1);
#1612=CARTESIAN_POINT('',(-3.925E0,2.4E0,-4.2E0));
#1613=LINE('',#1612,#1611);
#1614=DIRECTION('',(0.E0,0.E0,1.E0));
#1615=VECTOR('',#1614,1.12E0);
#1616=CARTESIAN_POINT('',(-3.925E0,2.4E0,-5.52E0));
#1617=LINE('',#1616,#1615);
#1618=DIRECTION('',(0.E0,1.E0,0.E0));
#1619=VECTOR('',#1618,2.E0);
#1620=CARTESIAN_POINT('',(-4.025E0,-4.5E-1,-5.42E0));
#1621=LINE('',#1620,#1619);
#1622=DIRECTION('',(7.071067811865E-1,0.E0,-7.071067811865E-1));
#1623=VECTOR('',#1622,5.374011537018E-1);
#1624=CARTESIAN_POINT('',(-4.025E0,-6.E-1,-5.42E0));
#1625=LINE('',#1624,#1623);
#1626=DIRECTION('',(0.E0,0.E0,-1.E0));
#1627=VECTOR('',#1626,2.E-1);
#1628=CARTESIAN_POINT('',(-4.025E0,1.4E0,-4.2E0));
#1629=LINE('',#1628,#1627);
#1630=DIRECTION('',(0.E0,-1.E0,0.E0));
#1631=VECTOR('',#1630,2.E0);
#1632=CARTESIAN_POINT('',(-4.025E0,1.55E0,-5.55E0));
#1633=LINE('',#1632,#1631);
#1634=DIRECTION('',(1.E0,0.E0,0.E0));
#1635=VECTOR('',#1634,1.E-1);
#1636=CARTESIAN_POINT('',(-4.025E0,1.4E0,-4.2E0));
#1637=LINE('',#1636,#1635);
#1638=DIRECTION('',(3.162277660168E-1,9.486832980505E-1,0.E0));
#1639=VECTOR('',#1638,3.162277660168E-1);
#1640=CARTESIAN_POINT('',(-4.025E0,2.1E0,-4.2E0));
#1641=LINE('',#1640,#1639);
#1642=DIRECTION('',(0.E0,1.E0,0.E0));
#1643=VECTOR('',#1642,1.5E-1);
#1644=CARTESIAN_POINT('',(-4.025E0,1.4E0,-4.2E0));
#1645=LINE('',#1644,#1643);
#1646=DIRECTION('',(3.015113445778E-1,9.045340337333E-1,3.015113445778E-1));
#1647=VECTOR('',#1646,3.316624790355E-1);
#1648=CARTESIAN_POINT('',(-4.025E0,2.1E0,-3.85E0));
#1649=LINE('',#1648,#1647);
#1650=DIRECTION('',(1.E0,0.E0,0.E0));
#1651=VECTOR('',#1650,1.055E0);
#1652=CARTESIAN_POINT('',(-4.7E0,-6.E-1,-5.8E0));
#1653=LINE('',#1652,#1651);
#1654=DIRECTION('',(1.E0,0.E0,0.E0));
#1655=VECTOR('',#1654,3.75E-1);
#1656=CARTESIAN_POINT('',(-4.4E0,-6.E-1,-5.42E0));
#1657=LINE('',#1656,#1655);
#1658=DIRECTION('',(0.E0,0.E0,-1.E0));
#1659=VECTOR('',#1658,5.2E-1);
#1660=CARTESIAN_POINT('',(-4.4E0,-6.E-1,-4.9E0));
#1661=LINE('',#1660,#1659);
#1662=DIRECTION('',(0.E0,-7.071067811865E-1,7.071067811865E-1));
#1663=VECTOR('',#1662,1.414213562373E-1);
#1664=CARTESIAN_POINT('',(-4.025E0,-6.E-1,-5.42E0));
#1665=LINE('',#1664,#1663);
#1666=DIRECTION('',(1.E0,0.E0,0.E0));
#1667=VECTOR('',#1666,2.75E-1);
#1668=CARTESIAN_POINT('',(-4.3E0,-7.E-1,-5.32E0));
#1669=LINE('',#1668,#1667);
#1670=DIRECTION('',(0.E0,1.E0,0.E0));
#1671=VECTOR('',#1670,4.E-1);
#1672=CARTESIAN_POINT('',(-4.3E0,-1.1E0,-5.32E0));
#1673=LINE('',#1672,#1671);
#1674=DIRECTION('',(0.E0,0.E0,-1.E0));
#1675=VECTOR('',#1674,4.2E-1);
#1676=CARTESIAN_POINT('',(-4.3E0,-7.E-1,-4.9E0));
#1677=LINE('',#1676,#1675);
#1678=DIRECTION('',(0.E0,1.E0,0.E0));
#1679=VECTOR('',#1678,4.E-1);
#1680=CARTESIAN_POINT('',(-4.3E0,-1.1E0,-4.9E0));
#1681=LINE('',#1680,#1679);
#1682=DIRECTION('',(-5.773502691896E-1,5.773502691896E-1,-5.773502691896E-1));
#1683=VECTOR('',#1682,1.732050807569E-1);
#1684=CARTESIAN_POINT('',(-4.3E0,-7.E-1,-5.32E0));
#1685=LINE('',#1684,#1683);
#1686=DIRECTION('',(-7.071067811865E-1,7.071067811865E-1,0.E0));
#1687=VECTOR('',#1686,1.414213562373E-1);
#1688=CARTESIAN_POINT('',(-4.3E0,-7.E-1,-4.9E0));
#1689=LINE('',#1688,#1687);
#1690=DIRECTION('',(-3.015113445778E-1,-9.045340337333E-1,3.015113445778E-1));
#1691=VECTOR('',#1690,3.316624790355E-1);
#1692=CARTESIAN_POINT('',(-3.925E0,2.4E0,-5.52E0));
#1693=LINE('',#1692,#1691);
#1694=DIRECTION('',(-3.015113445778E-1,9.045340337333E-1,-3.015113445778E-1));
#1695=VECTOR('',#1694,3.316624790355E-1);
#1696=CARTESIAN_POINT('',(4.025E0,2.1E0,-5.42E0));
#1697=LINE('',#1696,#1695);
#1698=DIRECTION('',(0.E0,0.E0,1.E0));
#1699=VECTOR('',#1698,2.E-1);
#1700=CARTESIAN_POINT('',(3.925E0,1.4E0,-4.4E0));
#1701=LINE('',#1700,#1699);
#1702=DIRECTION('',(0.E0,-1.E0,0.E0));
#1703=VECTOR('',#1702,1.E0);
#1704=CARTESIAN_POINT('',(3.925E0,2.4E0,-4.4E0));
#1705=LINE('',#1704,#1703);
#1706=DIRECTION('',(1.E0,0.E0,0.E0));
#1707=VECTOR('',#1706,1.E-1);
#1708=CARTESIAN_POINT('',(3.925E0,1.4E0,-4.2E0));
#1709=LINE('',#1708,#1707);
#1710=DIRECTION('',(0.E0,1.E0,0.E0));
#1711=VECTOR('',#1710,1.5E-1);
#1712=CARTESIAN_POINT('',(4.025E0,1.4E0,-4.2E0));
#1713=LINE('',#1712,#1711);
#1714=DIRECTION('',(-3.162277660168E-1,9.486832980505E-1,0.E0));
#1715=VECTOR('',#1714,3.162277660168E-1);
#1716=CARTESIAN_POINT('',(4.025E0,2.1E0,-4.2E0));
#1717=LINE('',#1716,#1715);
#1718=DIRECTION('',(0.E0,-1.E0,0.E0));
#1719=VECTOR('',#1718,1.E0);
#1720=CARTESIAN_POINT('',(3.925E0,2.4E0,-4.2E0));
#1721=LINE('',#1720,#1719);
#1722=DIRECTION('',(-3.015113445778E-1,9.045340337333E-1,3.015113445778E-1));
#1723=VECTOR('',#1722,3.316624790355E-1);
#1724=CARTESIAN_POINT('',(4.025E0,2.1E0,-3.85E0));
#1725=LINE('',#1724,#1723);
#1726=DIRECTION('',(0.E0,9.486832980505E-1,3.162277660168E-1));
#1727=VECTOR('',#1726,3.162277660168E-1);
#1728=CARTESIAN_POINT('',(4.7E0,2.1E0,-3.85E0));
#1729=LINE('',#1728,#1727);
#1730=DIRECTION('',(0.E0,-1.E0,0.E0));
#1731=VECTOR('',#1730,1.35E0);
#1732=CARTESIAN_POINT('',(4.7E0,2.1E0,-3.85E0));
#1733=LINE('',#1732,#1731);
#1734=DIRECTION('',(0.E0,0.E0,-1.E0));
#1735=VECTOR('',#1734,9.5E-1);
#1736=CARTESIAN_POINT('',(4.7E0,7.5E-1,-3.85E0));
#1737=LINE('',#1736,#1735);
#1738=DIRECTION('',(0.E0,7.071067811866E-1,7.071067811865E-1));
#1739=VECTOR('',#1738,1.414213562373E-1);
#1740=CARTESIAN_POINT('',(4.7E0,6.5E-1,-4.9E0));
#1741=LINE('',#1740,#1739);
#1742=DIRECTION('',(0.E0,-1.E0,0.E0));
#1743=VECTOR('',#1742,1.25E0);
#1744=CARTESIAN_POINT('',(4.7E0,6.5E-1,-4.9E0));
#1745=LINE('',#1744,#1743);
#1746=DIRECTION('',(0.E0,0.E0,1.E0));
#1747=VECTOR('',#1746,9.E-1);
#1748=CARTESIAN_POINT('',(4.7E0,-6.E-1,-5.8E0));
#1749=LINE('',#1748,#1747);
#1750=DIRECTION('',(0.E0,0.E0,-1.E0));
#1751=VECTOR('',#1750,3.65E0);
#1752=CARTESIAN_POINT('',(4.7E0,-2.4E0,-2.15E0));
#1753=LINE('',#1752,#1751);
#1754=DIRECTION('',(0.E0,1.E0,0.E0));
#1755=VECTOR('',#1754,9.E-1);
#1756=CARTESIAN_POINT('',(4.7E0,-2.4E0,-2.15E0));
#1757=LINE('',#1756,#1755);
#1758=DIRECTION('',(0.E0,0.E0,1.E0));
#1759=VECTOR('',#1758,1.25E0);
#1760=CARTESIAN_POINT('',(4.7E0,-1.5E0,-2.15E0));
#1761=LINE('',#1760,#1759);
#1762=DIRECTION('',(0.E0,-7.071067811865E-1,-7.071067811865E-1));
#1763=VECTOR('',#1762,1.414213562373E-1);
#1764=CARTESIAN_POINT('',(4.7E0,-1.4E0,-8.E-1));
#1765=LINE('',#1764,#1763);
#1766=DIRECTION('',(0.E0,1.E0,0.E0));
#1767=VECTOR('',#1766,9.5E-1);
#1768=CARTESIAN_POINT('',(4.7E0,-1.4E0,-8.E-1));
#1769=LINE('',#1768,#1767);
#1770=DIRECTION('',(0.E0,0.E0,-1.E0));
#1771=VECTOR('',#1770,5.E-1);
#1772=CARTESIAN_POINT('',(4.7E0,-4.5E-1,-3.E-1));
#1773=LINE('',#1772,#1771);
#1774=DIRECTION('',(0.E0,-3.162277660168E-1,-9.486832980505E-1));
#1775=VECTOR('',#1774,3.162277660168E-1);
#1776=CARTESIAN_POINT('',(4.7E0,-3.5E-1,0.E0));
#1777=LINE('',#1776,#1775);
#1778=DIRECTION('',(0.E0,0.E0,-1.E0));
#1779=VECTOR('',#1778,3.E-1);
#1780=CARTESIAN_POINT('',(4.275E0,7.5E-1,-4.5E0));
#1781=LINE('',#1780,#1779);
#1782=DIRECTION('',(1.E0,0.E0,0.E0));
#1783=VECTOR('',#1782,4.25E-1);
#1784=CARTESIAN_POINT('',(4.275E0,7.5E-1,-4.8E0));
#1785=LINE('',#1784,#1783);
#1786=DIRECTION('',(-1.E0,0.E0,0.E0));
#1787=VECTOR('',#1786,3.E-1);
#1788=CARTESIAN_POINT('',(4.7E0,7.5E-1,-3.85E0));
#1789=LINE('',#1788,#1787);
#1790=DIRECTION('',(0.E0,0.E0,1.E0));
#1791=VECTOR('',#1790,2.5E-1);
#1792=CARTESIAN_POINT('',(4.4E0,7.5E-1,-4.1E0));
#1793=LINE('',#1792,#1791);
#1794=DIRECTION('',(-1.E0,0.E0,0.E0));
#1795=VECTOR('',#1794,1.E-1);
#1796=CARTESIAN_POINT('',(4.5E0,7.5E-1,-4.1E0));
#1797=LINE('',#1796,#1795);
#1798=DIRECTION('',(0.E0,0.E0,1.E0));
#1799=VECTOR('',#1798,4.E-1);
#1800=CARTESIAN_POINT('',(4.5E0,7.5E-1,-4.5E0));
#1801=LINE('',#1800,#1799);
#1802=DIRECTION('',(-1.E0,0.E0,0.E0));
#1803=VECTOR('',#1802,2.25E-1);
#1804=CARTESIAN_POINT('',(4.5E0,7.5E-1,-4.5E0));
#1805=LINE('',#1804,#1803);
#1806=DIRECTION('',(0.E0,7.071067811866E-1,7.071067811865E-1));
#1807=VECTOR('',#1806,1.414213562373E-1);
#1808=CARTESIAN_POINT('',(4.275E0,6.5E-1,-4.9E0));
#1809=LINE('',#1808,#1807);
#1810=DIRECTION('',(-7.071067811865E-1,-7.071067811865E-1,0.E0));
#1811=VECTOR('',#1810,1.414213562373E-1);
#1812=CARTESIAN_POINT('',(4.4E0,7.5E-1,-3.85E0));
#1813=LINE('',#1812,#1811);
#1814=DIRECTION('',(5.773502691896E-1,5.773502691896E-1,5.773502691896E-1));
#1815=VECTOR('',#1814,1.732050807569E-1);
#1816=CARTESIAN_POINT('',(4.3E0,6.5E-1,-4.2E0));
#1817=LINE('',#1816,#1815);
#1818=DIRECTION('',(5.773502691896E-1,5.773502691896E-1,5.773502691896E-1));
#1819=VECTOR('',#1818,1.732050807569E-1);
#1820=CARTESIAN_POINT('',(4.4E0,6.5E-1,-4.2E0));
#1821=LINE('',#1820,#1819);
#1822=DIRECTION('',(0.E0,7.071067811865E-1,-7.071067811866E-1));
#1823=VECTOR('',#1822,1.414213562373E-1);
#1824=CARTESIAN_POINT('',(4.275E0,6.5E-1,-4.4E0));
#1825=LINE('',#1824,#1823);
#1826=DIRECTION('',(5.773502691896E-1,5.773502691896E-1,-5.773502691896E-1));
#1827=VECTOR('',#1826,1.732050807569E-1);
#1828=CARTESIAN_POINT('',(4.4E0,6.5E-1,-4.4E0));
#1829=LINE('',#1828,#1827);
#1830=DIRECTION('',(1.E0,0.E0,0.E0));
#1831=VECTOR('',#1830,3.75E-1);
#1832=CARTESIAN_POINT('',(4.025E0,-6.E-1,-5.42E0));
#1833=LINE('',#1832,#1831);
#1834=DIRECTION('',(1.E0,0.E0,0.E0));
#1835=VECTOR('',#1834,1.055E0);
#1836=CARTESIAN_POINT('',(3.645E0,-6.E-1,-5.8E0));
#1837=LINE('',#1836,#1835);
#1838=DIRECTION('',(-1.E0,0.E0,0.E0));
#1839=VECTOR('',#1838,3.E-1);
#1840=CARTESIAN_POINT('',(4.7E0,-6.E-1,-4.9E0));
#1841=LINE('',#1840,#1839);
#1842=DIRECTION('',(0.E0,0.E0,1.E0));
#1843=VECTOR('',#1842,5.2E-1);
#1844=CARTESIAN_POINT('',(4.4E0,-6.E-1,-5.42E0));
#1845=LINE('',#1844,#1843);
#1846=DIRECTION('',(5.773502691896E-1,5.773502691896E-1,-5.773502691896E-1));
#1847=VECTOR('',#1846,1.732050807569E-1);
#1848=CARTESIAN_POINT('',(4.3E0,-7.E-1,-5.32E0));
#1849=LINE('',#1848,#1847);
#1850=DIRECTION('',(0.E0,7.071067811865E-1,-7.071067811865E-1));
#1851=VECTOR('',#1850,1.414213562373E-1);
#1852=CARTESIAN_POINT('',(4.025E0,-7.E-1,-5.32E0));
#1853=LINE('',#1852,#1851);
#1854=DIRECTION('',(-7.071067811865E-1,-7.071067811865E-1,0.E0));
#1855=VECTOR('',#1854,1.414213562373E-1);
#1856=CARTESIAN_POINT('',(4.4E0,-6.E-1,-4.9E0));
#1857=LINE('',#1856,#1855);
#1858=DIRECTION('',(0.E0,0.E0,1.E0));
#1859=VECTOR('',#1858,4.2E-1);
#1860=CARTESIAN_POINT('',(4.3E0,-7.E-1,-5.32E0));
#1861=LINE('',#1860,#1859);
#1862=DIRECTION('',(0.E0,1.E0,0.E0));
#1863=VECTOR('',#1862,4.E-1);
#1864=CARTESIAN_POINT('',(4.3E0,-1.1E0,-5.32E0));
#1865=LINE('',#1864,#1863);
#1866=DIRECTION('',(1.E0,0.E0,0.E0));
#1867=VECTOR('',#1866,2.75E-1);
#1868=CARTESIAN_POINT('',(4.025E0,-7.E-1,-5.32E0));
#1869=LINE('',#1868,#1867);
#1870=DIRECTION('',(0.E0,1.E0,0.E0));
#1871=VECTOR('',#1870,4.E-1);
#1872=CARTESIAN_POINT('',(4.025E0,-1.1E0,-5.32E0));
#1873=LINE('',#1872,#1871);
#1874=DIRECTION('',(0.E0,7.071067811865E-1,7.071067811865E-1));
#1875=VECTOR('',#1874,1.414213562373E-1);
#1876=CARTESIAN_POINT('',(4.025E0,-1.5E0,-9.E-1));
#1877=LINE('',#1876,#1875);
#1878=DIRECTION('',(0.E0,-1.E0,0.E0));
#1879=VECTOR('',#1878,2.5E-1);
#1880=CARTESIAN_POINT('',(4.4E0,-4.5E-1,-8.E-1));
#1881=LINE('',#1880,#1879);
#1882=DIRECTION('',(1.E0,0.E0,0.E0));
#1883=VECTOR('',#1882,6.75E-1);
#1884=CARTESIAN_POINT('',(4.025E0,-1.4E0,-8.E-1));
#1885=LINE('',#1884,#1883);
#1886=DIRECTION('',(1.E0,0.E0,0.E0));
#1887=VECTOR('',#1886,4.75E-1);
#1888=CARTESIAN_POINT('',(4.025E0,-1.1E0,-8.E-1));
#1889=LINE('',#1888,#1887);
#1890=DIRECTION('',(0.E0,-1.E0,0.E0));
#1891=VECTOR('',#1890,4.E-1);
#1892=CARTESIAN_POINT('',(4.5E0,-7.E-1,-8.E-1));
#1893=LINE('',#1892,#1891);
#1894=DIRECTION('',(1.E0,0.E0,0.E0));
#1895=VECTOR('',#1894,1.E-1);
#1896=CARTESIAN_POINT('',(4.4E0,-7.E-1,-8.E-1));
#1897=LINE('',#1896,#1895);
#1898=DIRECTION('',(5.773502691896E-1,5.773502691896E-1,5.773502691896E-1));
#1899=VECTOR('',#1898,1.732050807569E-1);
#1900=CARTESIAN_POINT('',(4.3E0,-8.E-1,-9.E-1));
#1901=LINE('',#1900,#1899);
#1902=DIRECTION('',(7.071067811865E-1,0.E0,7.071067811865E-1));
#1903=VECTOR('',#1902,1.414213562373E-1);
#1904=CARTESIAN_POINT('',(4.3E0,-4.5E-1,-9.E-1));
#1905=LINE('',#1904,#1903);
#1906=DIRECTION('',(5.773502691896E-1,5.773502691896E-1,5.773502691896E-1));
#1907=VECTOR('',#1906,1.732050807569E-1);
#1908=CARTESIAN_POINT('',(4.4E0,-8.E-1,-9.E-1));
#1909=LINE('',#1908,#1907);
#1910=DIRECTION('',(1.E0,0.E0,0.E0));
#1911=VECTOR('',#1910,1.E-1);
#1912=CARTESIAN_POINT('',(4.3E0,-8.E-1,-9.E-1));
#1913=LINE('',#1912,#1911);
#1914=DIRECTION('',(0.E0,0.E0,-1.E0));
#1915=VECTOR('',#1914,1.75E0);
#1916=CARTESIAN_POINT('',(4.4E0,-8.E-1,-9.E-1));
#1917=LINE('',#1916,#1915);
#1918=DIRECTION('',(0.E0,-1.E0,0.E0));
#1919=VECTOR('',#1918,3.5E-1);
#1920=CARTESIAN_POINT('',(4.3E0,-4.5E-1,-9.E-1));
#1921=LINE('',#1920,#1919);
#1922=DIRECTION('',(0.E0,0.E0,1.E0));
#1923=VECTOR('',#1922,1.75E0);
#1924=CARTESIAN_POINT('',(4.3E0,-8.E-1,-2.65E0));
#1925=LINE('',#1924,#1923);
#1926=DIRECTION('',(1.E0,0.E0,0.E0));
#1927=VECTOR('',#1926,6.75E-1);
#1928=CARTESIAN_POINT('',(4.025E0,-4.5E-1,-3.E-1));
#1929=LINE('',#1928,#1927);
#1930=DIRECTION('',(-1.E0,0.E0,0.E0));
#1931=VECTOR('',#1930,3.E-1);
#1932=CARTESIAN_POINT('',(4.7E0,-4.5E-1,-8.E-1));
#1933=LINE('',#1932,#1931);
#1934=DIRECTION('',(0.E0,0.E0,-1.E0));
#1935=VECTOR('',#1934,1.75E0);
#1936=CARTESIAN_POINT('',(4.3E0,-4.5E-1,-9.E-1));
#1937=LINE('',#1936,#1935);
#1938=DIRECTION('',(0.E0,0.E0,-1.E0));
#1939=VECTOR('',#1938,2.35E0);
#1940=CARTESIAN_POINT('',(4.025E0,-4.5E-1,-3.E-1));
#1941=LINE('',#1940,#1939);
#1942=DIRECTION('',(0.E0,-1.E0,0.E0));
#1943=VECTOR('',#1942,2.E-1);
#1944=CARTESIAN_POINT('',(4.4E0,-8.E-1,-9.E-1));
#1945=LINE('',#1944,#1943);
#1946=DIRECTION('',(0.E0,0.E0,-1.E0));
#1947=VECTOR('',#1946,1.75E0);
#1948=CARTESIAN_POINT('',(4.4E0,-1.E0,-9.E-1));
#1949=LINE('',#1948,#1947);
#1950=DIRECTION('',(5.773502691896E-1,-5.773502691896E-1,5.773502691896E-1));
#1951=VECTOR('',#1950,1.732050807569E-1);
#1952=CARTESIAN_POINT('',(4.4E0,-1.E0,-9.E-1));
#1953=LINE('',#1952,#1951);
#1954=DIRECTION('',(0.E0,7.071067811865E-1,-7.071067811865E-1));
#1955=VECTOR('',#1954,1.414213562373E-1);
#1956=CARTESIAN_POINT('',(4.025E0,-1.1E0,-8.E-1));
#1957=LINE('',#1956,#1955);
#1958=DIRECTION('',(3.162277660168E-1,0.E0,-9.486832980505E-1));
#1959=VECTOR('',#1958,3.162277660168E-1);
#1960=CARTESIAN_POINT('',(3.925E0,-1.E0,0.E0));
#1961=LINE('',#1960,#1959);
#1962=DIRECTION('',(0.E0,0.E0,-1.E0));
#1963=VECTOR('',#1962,2.65E0);
#1964=CARTESIAN_POINT('',(3.925E0,-1.E0,0.E0));
#1965=LINE('',#1964,#1963);
#1966=DIRECTION('',(1.E0,0.E0,0.E0));
#1967=VECTOR('',#1966,4.75E-1);
#1968=CARTESIAN_POINT('',(3.925E0,-1.E0,-2.65E0));
#1969=LINE('',#1968,#1967);
#1970=DIRECTION('',(1.E0,0.E0,0.E0));
#1971=VECTOR('',#1970,3.75E-1);
#1972=CARTESIAN_POINT('',(4.025E0,-1.E0,-9.E-1));
#1973=LINE('',#1972,#1971);
#1974=DIRECTION('',(-3.015113445778E-1,-3.015113445778E-1,9.045340337333E-1));
#1975=VECTOR('',#1974,3.316624790355E-1);
#1976=CARTESIAN_POINT('',(4.025E0,-2.15E0,-3.E-1));
#1977=LINE('',#1976,#1975);
#1978=DIRECTION('',(-7.071067811865E-1,-7.071067811865E-1,0.E0));
#1979=VECTOR('',#1978,3.535533905933E-1);
#1980=CARTESIAN_POINT('',(4.025E0,-2.15E0,-2.15E0));
#1981=LINE('',#1980,#1979);
#1982=DIRECTION('',(0.E0,0.E0,-1.E0));
#1983=VECTOR('',#1982,2.65E0);
#1984=CARTESIAN_POINT('',(3.925E0,-8.E-1,0.E0));
#1985=LINE('',#1984,#1983);
#1986=DIRECTION('',(0.E0,-1.E0,0.E0));
#1987=VECTOR('',#1986,2.E0);
#1988=CARTESIAN_POINT('',(-4.375E0,1.55E0,-5.65E0));
#1989=LINE('',#1988,#1987);
#1990=DIRECTION('',(0.E0,0.E0,1.E0));
#1991=VECTOR('',#1990,2.5E-1);
#1992=CARTESIAN_POINT('',(-4.875E0,1.25E0,-5.9E0));
#1993=LINE('',#1992,#1991);
#1994=DIRECTION('',(0.E0,0.E0,-1.E0));
#1995=VECTOR('',#1994,2.5E-1);
#1996=CARTESIAN_POINT('',(-4.875E0,-1.5E-1,-5.65E0));
#1997=LINE('',#1996,#1995);
#1998=DIRECTION('',(0.E0,-1.E0,0.E0));
#1999=VECTOR('',#1998,1.4E0);
#2000=CARTESIAN_POINT('',(-4.875E0,1.25E0,-5.9E0));
#2001=LINE('',#2000,#1999);
#2002=DIRECTION('',(3.015113445778E-1,3.015113445778E-1,9.045340337333E-1));
#2003=VECTOR('',#2002,3.316624790355E-1);
#2004=CARTESIAN_POINT('',(-4.025E0,-4.5E-1,-3.E-1));
#2005=LINE('',#2004,#2003);
#2006=DIRECTION('',(-3.162277660168E-1,0.E0,-9.486832980505E-1));
#2007=VECTOR('',#2006,3.162277660168E-1);
#2008=CARTESIAN_POINT('',(-3.925E0,-8.E-1,0.E0));
#2009=LINE('',#2008,#2007);
#2010=DIRECTION('',(0.E0,0.E0,-1.E0));
#2011=VECTOR('',#2010,2.65E0);
#2012=CARTESIAN_POINT('',(-3.925E0,-8.E-1,0.E0));
#2013=LINE('',#2012,#2011);
#2014=DIRECTION('',(0.E0,0.E0,-1.E0));
#2015=VECTOR('',#2014,2.65E0);
#2016=CARTESIAN_POINT('',(-3.925E0,-1.E0,0.E0));
#2017=LINE('',#2016,#2015);
#2018=DIRECTION('',(3.162277660168E-1,0.E0,9.486832980505E-1));
#2019=VECTOR('',#2018,3.162277660168E-1);
#2020=CARTESIAN_POINT('',(-4.025E0,-1.E0,-3.E-1));
#2021=LINE('',#2020,#2019);
#2022=DIRECTION('',(1.E0,0.E0,0.E0));
#2023=VECTOR('',#2022,3.75E-1);
#2024=CARTESIAN_POINT('',(-4.4E0,-1.E0,-9.E-1));
#2025=LINE('',#2024,#2023);
#2026=DIRECTION('',(0.E0,0.E0,-1.E0));
#2027=VECTOR('',#2026,1.75E0);
#2028=CARTESIAN_POINT('',(-4.4E0,-1.E0,-9.E-1));
#2029=LINE('',#2028,#2027);
#2030=DIRECTION('',(-5.773502691896E-1,-5.773502691896E-1,5.773502691896E-1));
#2031=VECTOR('',#2030,1.732050807569E-1);
#2032=CARTESIAN_POINT('',(-4.4E0,-1.E0,-9.E-1));
#2033=LINE('',#2032,#2031);
#2034=DIRECTION('',(0.E0,-7.071067811865E-1,7.071067811865E-1));
#2035=VECTOR('',#2034,1.414213562373E-1);
#2036=CARTESIAN_POINT('',(-4.025E0,-1.E0,-9.E-1));
#2037=LINE('',#2036,#2035);
#2038=DIRECTION('',(0.E0,1.E0,0.E0));
#2039=VECTOR('',#2038,4.E-1);
#2040=CARTESIAN_POINT('',(-4.5E0,-1.1E0,-8.E-1));
#2041=LINE('',#2040,#2039);
#2042=DIRECTION('',(1.E0,0.E0,0.E0));
#2043=VECTOR('',#2042,4.75E-1);
#2044=CARTESIAN_POINT('',(-4.5E0,-1.1E0,-8.E-1));
#2045=LINE('',#2044,#2043);
#2046=DIRECTION('',(-1.E0,0.E0,0.E0));
#2047=VECTOR('',#2046,6.75E-1);
#2048=CARTESIAN_POINT('',(-4.025E0,-1.4E0,-8.E-1));
#2049=LINE('',#2048,#2047);
#2050=DIRECTION('',(1.E0,0.E0,0.E0));
#2051=VECTOR('',#2050,3.E-1);
#2052=CARTESIAN_POINT('',(-4.7E0,-4.5E-1,-8.E-1));
#2053=LINE('',#2052,#2051);
#2054=DIRECTION('',(0.E0,1.E0,0.E0));
#2055=VECTOR('',#2054,2.5E-1);
#2056=CARTESIAN_POINT('',(-4.4E0,-7.E-1,-8.E-1));
#2057=LINE('',#2056,#2055);
#2058=DIRECTION('',(1.E0,0.E0,0.E0));
#2059=VECTOR('',#2058,1.E-1);
#2060=CARTESIAN_POINT('',(-4.5E0,-7.E-1,-8.E-1));
#2061=LINE('',#2060,#2059);
#2062=DIRECTION('',(-5.773502691896E-1,5.773502691896E-1,5.773502691896E-1));
#2063=VECTOR('',#2062,1.732050807569E-1);
#2064=CARTESIAN_POINT('',(-4.4E0,-8.E-1,-9.E-1));
#2065=LINE('',#2064,#2063);
#2066=DIRECTION('',(0.E0,1.E0,0.E0));
#2067=VECTOR('',#2066,2.E-1);
#2068=CARTESIAN_POINT('',(-4.4E0,-1.E0,-9.E-1));
#2069=LINE('',#2068,#2067);
#2070=DIRECTION('',(0.E0,0.E0,-1.E0));
#2071=VECTOR('',#2070,1.75E0);
#2072=CARTESIAN_POINT('',(-4.4E0,-8.E-1,-9.E-1));
#2073=LINE('',#2072,#2071);
#2074=DIRECTION('',(1.E0,0.E0,0.E0));
#2075=VECTOR('',#2074,1.E-1);
#2076=CARTESIAN_POINT('',(-4.4E0,-8.E-1,-9.E-1));
#2077=LINE('',#2076,#2075);
#2078=DIRECTION('',(-5.773502691896E-1,5.773502691896E-1,5.773502691896E-1));
#2079=VECTOR('',#2078,1.732050807569E-1);
#2080=CARTESIAN_POINT('',(-4.3E0,-8.E-1,-9.E-1));
#2081=LINE('',#2080,#2079);
#2082=DIRECTION('',(7.071067811865E-1,0.E0,-7.071067811865E-1));
#2083=VECTOR('',#2082,1.414213562373E-1);
#2084=CARTESIAN_POINT('',(-4.4E0,-4.5E-1,-8.E-1));
#2085=LINE('',#2084,#2083);
#2086=DIRECTION('',(0.E0,0.E0,1.E0));
#2087=VECTOR('',#2086,1.75E0);
#2088=CARTESIAN_POINT('',(-4.3E0,-8.E-1,-2.65E0));
#2089=LINE('',#2088,#2087);
#2090=DIRECTION('',(0.E0,1.E0,0.E0));
#2091=VECTOR('',#2090,3.5E-1);
#2092=CARTESIAN_POINT('',(-4.3E0,-8.E-1,-9.E-1));
#2093=LINE('',#2092,#2091);
#2094=DIRECTION('',(0.E0,0.E0,-1.E0));
#2095=VECTOR('',#2094,1.75E0);
#2096=CARTESIAN_POINT('',(-4.3E0,-4.5E-1,-9.E-1));
#2097=LINE('',#2096,#2095);
#2098=DIRECTION('',(1.E0,0.E0,0.E0));
#2099=VECTOR('',#2098,6.75E-1);
#2100=CARTESIAN_POINT('',(-4.7E0,-4.5E-1,-3.E-1));
#2101=LINE('',#2100,#2099);
#2102=DIRECTION('',(0.E0,0.E0,-1.E0));
#2103=VECTOR('',#2102,2.35E0);
#2104=CARTESIAN_POINT('',(-4.025E0,-4.5E-1,-3.E-1));
#2105=LINE('',#2104,#2103);
#2106=DIRECTION('',(0.E0,-7.071067811865E-1,-7.071067811865E-1));
#2107=VECTOR('',#2106,1.414213562373E-1);
#2108=CARTESIAN_POINT('',(-4.025E0,-1.4E0,-8.E-1));
#2109=LINE('',#2108,#2107);
#2110=DIRECTION('',(-1.E0,0.E0,0.E0));
#2111=VECTOR('',#2110,6.75E-1);
#2112=CARTESIAN_POINT('',(-4.025E0,-1.5E0,-9.E-1));
#2113=LINE('',#2112,#2111);
#2114=DIRECTION('',(0.E0,1.E0,0.E0));
#2115=VECTOR('',#2114,4.2E-1);
#2116=CARTESIAN_POINT('',(-4.3E0,-1.92E0,-2.25E0));
#2117=LINE('',#2116,#2115);
#2118=DIRECTION('',(0.E0,0.E0,-1.E0));
#2119=VECTOR('',#2118,4.E-1);
#2120=CARTESIAN_POINT('',(-4.3E0,-1.5E0,-2.25E0));
#2121=LINE('',#2120,#2119);
#2122=DIRECTION('',(7.071067811865E-1,0.E0,-7.071067811865E-1));
#2123=VECTOR('',#2122,1.414213562373E-1);
#2124=CARTESIAN_POINT('',(-4.4E0,-1.5E0,-2.15E0));
#2125=LINE('',#2124,#2123);
#2126=DIRECTION('',(-5.773502691896E-1,-5.773502691896E-1,5.773502691896E-1));
#2127=VECTOR('',#2126,1.732050807569E-1);
#2128=CARTESIAN_POINT('',(-4.3E0,-1.92E0,-2.25E0));
#2129=LINE('',#2128,#2127);
#2130=DIRECTION('',(0.E0,-7.071067811865E-1,7.071067811865E-1));
#2131=VECTOR('',#2130,1.414213562373E-1);
#2132=CARTESIAN_POINT('',(-4.025E0,-1.92E0,-2.25E0));
#2133=LINE('',#2132,#2131);
#2134=DIRECTION('',(-1.E0,0.E0,0.E0));
#2135=VECTOR('',#2134,2.75E-1);
#2136=CARTESIAN_POINT('',(-4.025E0,-1.92E0,-2.25E0));
#2137=LINE('',#2136,#2135);
#2138=DIRECTION('',(0.E0,0.E0,-1.E0));
#2139=VECTOR('',#2138,4.E-1);
#2140=CARTESIAN_POINT('',(-4.3E0,-1.92E0,-2.25E0));
#2141=LINE('',#2140,#2139);
#2142=DIRECTION('',(1.E0,0.E0,0.E0));
#2143=VECTOR('',#2142,2.27E0);
#2144=CARTESIAN_POINT('',(-1.135E0,1.825E0,-8.330415196484E-1));
#2145=LINE('',#2144,#2143);
#2146=DIRECTION('',(0.E0,0.E0,-1.E0));
#2147=VECTOR('',#2146,4.4E0);
#2148=CARTESIAN_POINT('',(2.51E0,1.825E0,0.E0));
#2149=LINE('',#2148,#2147);
#2150=CARTESIAN_POINT('',(-1.135E0,1.725E0,-8.330415196484E-1));
#2151=DIRECTION('',(1.E0,0.E0,0.E0));
#2152=DIRECTION('',(0.E0,1.E0,0.E0));
#2153=AXIS2_PLACEMENT_3D('',#2150,#2151,#2152);
#2155=CARTESIAN_POINT('',(1.135E0,1.725E0,-8.330415196484E-1));
#2156=DIRECTION('',(-1.E0,0.E0,0.E0));
#2157=DIRECTION('',(0.E0,-8.634300732915E-2,9.962654691825E-1));
#2158=AXIS2_PLACEMENT_3D('',#2155,#2156,#2157);
#2160=DIRECTION('',(0.E0,9.962654691825E-1,8.634300732915E-2));
#2161=VECTOR('',#2160,1.920830392969E-1);
#2162=CARTESIAN_POINT('',(-1.135E0,1.525E0,-7.5E-1));
#2163=LINE('',#2162,#2161);
#2164=DIRECTION('',(0.E0,0.E0,1.E0));
#2165=VECTOR('',#2164,8.330415196484E-1);
#2166=CARTESIAN_POINT('',(-1.135E0,1.825E0,-8.330415196484E-1));
#2167=LINE('',#2166,#2165);
#2168=DIRECTION('',(0.E0,-1.E0,0.E0));
#2169=VECTOR('',#2168,3.E-1);
#2170=CARTESIAN_POINT('',(-1.135E0,1.825E0,0.E0));
#2171=LINE('',#2170,#2169);
#2172=DIRECTION('',(0.E0,0.E0,-1.E0));
#2173=VECTOR('',#2172,7.5E-1);
#2174=CARTESIAN_POINT('',(-1.135E0,1.525E0,0.E0));
#2175=LINE('',#2174,#2173);
#2176=DIRECTION('',(1.E0,0.E0,0.E0));
#2177=VECTOR('',#2176,2.27E0);
#2178=CARTESIAN_POINT('',(-1.135E0,1.716365699267E0,-7.334149727302E-1));
#2179=LINE('',#2178,#2177);
#2180=DIRECTION('',(1.E0,0.E0,0.E0));
#2181=VECTOR('',#2180,2.27E0);
#2182=CARTESIAN_POINT('',(-1.135E0,1.525E0,-7.5E-1));
#2183=LINE('',#2182,#2181);
#2184=DIRECTION('',(1.E0,0.E0,0.E0));
#2185=VECTOR('',#2184,2.27E0);
#2186=CARTESIAN_POINT('',(-1.135E0,1.525E0,0.E0));
#2187=LINE('',#2186,#2185);
#2188=DIRECTION('',(0.E0,0.E0,-1.E0));
#2189=VECTOR('',#2188,8.330415196484E-1);
#2190=CARTESIAN_POINT('',(1.135E0,1.825E0,0.E0));
#2191=LINE('',#2190,#2189);
#2192=DIRECTION('',(0.E0,9.962654691825E-1,8.634300732915E-2));
#2193=VECTOR('',#2192,1.920830392969E-1);
#2194=CARTESIAN_POINT('',(1.135E0,1.525E0,-7.5E-1));
#2195=LINE('',#2194,#2193);
#2196=DIRECTION('',(0.E0,0.E0,-1.E0));
#2197=VECTOR('',#2196,7.5E-1);
#2198=CARTESIAN_POINT('',(1.135E0,1.525E0,0.E0));
#2199=LINE('',#2198,#2197);
#2200=DIRECTION('',(0.E0,-1.E0,0.E0));
#2201=VECTOR('',#2200,3.E-1);
#2202=CARTESIAN_POINT('',(1.135E0,1.825E0,0.E0));
#2203=LINE('',#2202,#2201);
#2204=DIRECTION('',(0.E0,0.E0,-1.E0));
#2205=VECTOR('',#2204,4.4E0);
#2206=CARTESIAN_POINT('',(-2.51E0,1.825E0,0.E0));
#2207=LINE('',#2206,#2205);
#2208=DIRECTION('',(0.E0,-1.E0,0.E0));
#2209=VECTOR('',#2208,8.E-1);
#2210=CARTESIAN_POINT('',(-2.885E0,1.3E0,-2.E-1));
#2211=LINE('',#2210,#2209);
#2212=DIRECTION('',(0.E0,0.E0,-1.E0));
#2213=VECTOR('',#2212,4.2E0);
#2214=CARTESIAN_POINT('',(-2.885E0,5.E-1,-2.E-1));
#2215=LINE('',#2214,#2213);
#2216=DIRECTION('',(1.E0,0.E0,0.E0));
#2217=VECTOR('',#2216,7.3E-1);
#2218=CARTESIAN_POINT('',(-3.615E0,1.3E0,-2.E-1));
#2219=LINE('',#2218,#2217);
#2220=DIRECTION('',(0.E0,0.E0,-1.E0));
#2221=VECTOR('',#2220,4.2E0);
#2222=CARTESIAN_POINT('',(-2.885E0,1.3E0,-2.E-1));
#2223=LINE('',#2222,#2221);
#2224=DIRECTION('',(0.E0,7.071067811865E-1,7.071067811865E-1));
#2225=VECTOR('',#2224,7.071067811865E-2);
#2226=CARTESIAN_POINT('',(-3.615E0,1.3E0,-2.E-1));
#2227=LINE('',#2226,#2225);
#2228=DIRECTION('',(1.E0,0.E0,0.E0));
#2229=VECTOR('',#2228,1.016602540378E0);
#2230=CARTESIAN_POINT('',(-3.701602540378E0,1.5E0,0.E0));
#2231=LINE('',#2230,#2229);
#2232=DIRECTION('',(5.773502691896E-1,5.773502691896E-1,5.773502691896E-1));
#2233=VECTOR('',#2232,3.464101615138E-1);
#2234=CARTESIAN_POINT('',(-2.885E0,1.3E0,-2.E-1));
#2235=LINE('',#2234,#2233);
#2236=DIRECTION('',(0.E0,-1.E0,0.E0));
#2237=VECTOR('',#2236,3.25E0);
#2238=CARTESIAN_POINT('',(-3.615E0,1.35E0,-1.5E-1));
#2239=LINE('',#2238,#2237);
#2240=DIRECTION('',(0.E0,0.E0,-1.E0));
#2241=VECTOR('',#2240,4.2E0);
#2242=CARTESIAN_POINT('',(-3.615E0,1.3E0,-2.E-1));
#2243=LINE('',#2242,#2241);
#2244=DIRECTION('',(3.779644730092E-1,-6.546536707080E-1,-6.546536707080E-1));
#2245=VECTOR('',#2244,2.291287847478E-1);
#2246=CARTESIAN_POINT('',(-3.701602540378E0,1.5E0,0.E0));
#2247=LINE('',#2246,#2245);
#2248=DIRECTION('',(-4.472135955E-1,-4.472135955E-1,7.745966692415E-1));
#2249=VECTOR('',#2248,1.936491673104E-1);
#2250=CARTESIAN_POINT('',(-3.615E0,-1.9E0,-1.5E-1));
#2251=LINE('',#2250,#2249);
#2252=DIRECTION('',(-1.E0,0.E0,0.E0));
#2253=VECTOR('',#2252,7.23E0);
#2254=CARTESIAN_POINT('',(3.615E0,-1.9E0,-1.5E-1));
#2255=LINE('',#2254,#2253);
#2256=DIRECTION('',(0.E0,0.E0,-1.E0));
#2257=VECTOR('',#2256,4.25E0);
#2258=CARTESIAN_POINT('',(-3.615E0,-1.9E0,-1.5E-1));
#2259=LINE('',#2258,#2257);
#2260=DIRECTION('',(0.E0,1.E0,0.E0));
#2261=VECTOR('',#2260,3.75E0);
#2262=CARTESIAN_POINT('',(3.615E0,-1.9E0,-1.5E-1));
#2263=LINE('',#2262,#2261);
#2264=DIRECTION('',(0.E0,0.E0,-1.E0));
#2265=VECTOR('',#2264,4.25E0);
#2266=CARTESIAN_POINT('',(3.615E0,-1.9E0,-1.5E-1));
#2267=LINE('',#2266,#2265);
#2268=DIRECTION('',(4.472135955E-1,-4.472135955E-1,7.745966692415E-1));
#2269=VECTOR('',#2268,1.936491673104E-1);
#2270=CARTESIAN_POINT('',(3.615E0,-1.9E0,-1.5E-1));
#2271=LINE('',#2270,#2269);
#2272=DIRECTION('',(3.779644730092E-1,6.546536707080E-1,6.546536707080E-1));
#2273=VECTOR('',#2272,2.291287847478E-1);
#2274=CARTESIAN_POINT('',(3.615E0,1.85E0,-1.5E-1));
#2275=LINE('',#2274,#2273);
#2276=DIRECTION('',(1.E0,0.E0,0.E0));
#2277=VECTOR('',#2276,1.016602540378E0);
#2278=CARTESIAN_POINT('',(2.685E0,2.E0,0.E0));
#2279=LINE('',#2278,#2277);
#2280=DIRECTION('',(0.E0,-7.071067811866E-1,-7.071067811865E-1));
#2281=VECTOR('',#2280,7.071067811866E-2);
#2282=CARTESIAN_POINT('',(3.615E0,1.85E0,-1.5E-1));
#2283=LINE('',#2282,#2281);
#2284=DIRECTION('',(1.E0,0.E0,0.E0));
#2285=VECTOR('',#2284,7.3E-1);
#2286=CARTESIAN_POINT('',(2.885E0,1.8E0,-2.E-1));
#2287=LINE('',#2286,#2285);
#2288=DIRECTION('',(0.E0,0.E0,-1.E0));
#2289=VECTOR('',#2288,4.2E0);
#2290=CARTESIAN_POINT('',(3.615E0,1.8E0,-2.E-1));
#2291=LINE('',#2290,#2289);
#2292=DIRECTION('',(0.E0,1.E0,0.E0));
#2293=VECTOR('',#2292,1.3E0);
#2294=CARTESIAN_POINT('',(2.885E0,5.E-1,-2.E-1));
#2295=LINE('',#2294,#2293);
#2296=DIRECTION('',(0.E0,0.E0,-1.E0));
#2297=VECTOR('',#2296,4.2E0);
#2298=CARTESIAN_POINT('',(2.885E0,1.8E0,-2.E-1));
#2299=LINE('',#2298,#2297);
#2300=DIRECTION('',(-5.773502691896E-1,5.773502691896E-1,5.773502691896E-1));
#2301=VECTOR('',#2300,3.464101615138E-1);
#2302=CARTESIAN_POINT('',(2.885E0,1.8E0,-2.E-1));
#2303=LINE('',#2302,#2301);
#2304=DIRECTION('',(0.E0,-9.993392221981E-1,-3.634720039470E-2));
#2305=VECTOR('',#2304,8.660243297136E-1);
#2306=CARTESIAN_POINT('',(-2.4E0,-2.4E0,-5.561930279495E0));
#2307=LINE('',#2306,#2305);
#2308=DIRECTION('',(0.E0,3.634720039469E-2,-9.993392221981E-1));
#2309=VECTOR('',#2308,3.E-1);
#2310=CARTESIAN_POINT('',(-2.4E0,-3.265452080061E0,-5.593407839354E0));
#2311=LINE('',#2310,#2309);
#2312=DIRECTION('',(0.E0,9.993392221981E-1,3.634720039469E-2));
#2313=VECTOR('',#2312,2.564423256846E0);
#2314=CARTESIAN_POINT('',(-2.4E0,-3.254547919942E0,-5.893209606013E0));
#2315=LINE('',#2314,#2313);
#2316=DIRECTION('',(0.E0,0.E0,1.E0));
#2317=VECTOR('',#2316,2.3E0);
#2318=CARTESIAN_POINT('',(-2.4E0,-2.5E-1,-4.4E0));
#2319=LINE('',#2318,#2317);
#2320=DIRECTION('',(0.E0,-1.E0,0.E0));
#2321=VECTOR('',#2320,3.E-1);
#2322=CARTESIAN_POINT('',(-2.4E0,-2.5E-1,-2.1E0));
#2323=LINE('',#2322,#2321);
#2324=DIRECTION('',(0.E0,0.E0,-1.E0));
#2325=VECTOR('',#2324,2.3E0);
#2326=CARTESIAN_POINT('',(-2.4E0,-5.5E-1,-2.1E0));
#2327=LINE('',#2326,#2325);
#2328=DIRECTION('',(0.E0,9.993392221981E-1,3.634720039469E-2));
#2329=VECTOR('',#2328,2.564423256846E0);
#2330=CARTESIAN_POINT('',(-2.1E0,-3.254547919942E0,-5.893209606013E0));
#2331=LINE('',#2330,#2329);
#2332=DIRECTION('',(0.E0,3.634720039469E-2,-9.993392221981E-1));
#2333=VECTOR('',#2332,3.E-1);
#2334=CARTESIAN_POINT('',(-2.1E0,-3.265452080061E0,-5.593407839354E0));
#2335=LINE('',#2334,#2333);
#2336=DIRECTION('',(0.E0,-9.993392221981E-1,-3.634720039470E-2));
#2337=VECTOR('',#2336,8.660243297136E-1);
#2338=CARTESIAN_POINT('',(-2.1E0,-2.4E0,-5.561930279495E0));
#2339=LINE('',#2338,#2337);
#2340=DIRECTION('',(0.E0,0.E0,-1.E0));
#2341=VECTOR('',#2340,2.3E0);
#2342=CARTESIAN_POINT('',(-2.1E0,-5.5E-1,-2.1E0));
#2343=LINE('',#2342,#2341);
#2344=DIRECTION('',(0.E0,-1.E0,0.E0));
#2345=VECTOR('',#2344,3.E-1);
#2346=CARTESIAN_POINT('',(-2.1E0,-2.5E-1,-2.1E0));
#2347=LINE('',#2346,#2345);
#2348=DIRECTION('',(0.E0,0.E0,1.E0));
#2349=VECTOR('',#2348,2.3E0);
#2350=CARTESIAN_POINT('',(-2.1E0,-2.5E-1,-4.4E0));
#2351=LINE('',#2350,#2349);
#2352=DIRECTION('',(1.E0,0.E0,0.E0));
#2353=VECTOR('',#2352,3.E-1);
#2354=CARTESIAN_POINT('',(-2.4E0,-3.254547919942E0,-5.893209606013E0));
#2355=LINE('',#2354,#2353);
#2356=DIRECTION('',(1.E0,0.E0,0.E0));
#2357=VECTOR('',#2356,3.E-1);
#2358=CARTESIAN_POINT('',(-2.4E0,-3.265452080061E0,-5.593407839354E0));
#2359=LINE('',#2358,#2357);
#2360=DIRECTION('',(1.E0,0.E0,0.E0));
#2361=VECTOR('',#2360,3.E-1);
#2362=CARTESIAN_POINT('',(-2.4E0,-5.5E-1,-2.1E0));
#2363=LINE('',#2362,#2361);
#2364=DIRECTION('',(1.E0,0.E0,0.E0));
#2365=VECTOR('',#2364,3.E-1);
#2366=CARTESIAN_POINT('',(-2.4E0,-2.5E-1,-2.1E0));
#2367=LINE('',#2366,#2365);
#2368=DIRECTION('',(0.E0,-9.993392221981E-1,-3.634720039470E-2));
#2369=VECTOR('',#2368,8.660243297136E-1);
#2370=CARTESIAN_POINT('',(-9.E-1,-2.4E0,-5.561930279495E0));
#2371=LINE('',#2370,#2369);
#2372=DIRECTION('',(0.E0,3.634720039469E-2,-9.993392221981E-1));
#2373=VECTOR('',#2372,3.E-1);
#2374=CARTESIAN_POINT('',(-9.E-1,-3.265452080061E0,-5.593407839354E0));
#2375=LINE('',#2374,#2373);
#2376=DIRECTION('',(0.E0,9.993392221981E-1,3.634720039469E-2));
#2377=VECTOR('',#2376,2.564423256846E0);
#2378=CARTESIAN_POINT('',(-9.E-1,-3.254547919942E0,-5.893209606013E0));
#2379=LINE('',#2378,#2377);
#2380=DIRECTION('',(0.E0,0.E0,1.E0));
#2381=VECTOR('',#2380,2.3E0);
#2382=CARTESIAN_POINT('',(-9.E-1,-2.5E-1,-4.4E0));
#2383=LINE('',#2382,#2381);
#2384=DIRECTION('',(0.E0,-1.E0,0.E0));
#2385=VECTOR('',#2384,3.E-1);
#2386=CARTESIAN_POINT('',(-9.E-1,-2.5E-1,-2.1E0));
#2387=LINE('',#2386,#2385);
#2388=DIRECTION('',(0.E0,0.E0,-1.E0));
#2389=VECTOR('',#2388,2.3E0);
#2390=CARTESIAN_POINT('',(-9.E-1,-5.5E-1,-2.1E0));
#2391=LINE('',#2390,#2389);
#2392=DIRECTION('',(0.E0,9.993392221981E-1,3.634720039469E-2));
#2393=VECTOR('',#2392,2.564423256846E0);
#2394=CARTESIAN_POINT('',(-6.E-1,-3.254547919942E0,-5.893209606013E0));
#2395=LINE('',#2394,#2393);
#2396=DIRECTION('',(0.E0,3.634720039469E-2,-9.993392221981E-1));
#2397=VECTOR('',#2396,3.E-1);
#2398=CARTESIAN_POINT('',(-6.E-1,-3.265452080061E0,-5.593407839354E0));
#2399=LINE('',#2398,#2397);
#2400=DIRECTION('',(0.E0,-9.993392221981E-1,-3.634720039470E-2));
#2401=VECTOR('',#2400,8.660243297136E-1);
#2402=CARTESIAN_POINT('',(-6.E-1,-2.4E0,-5.561930279495E0));
#2403=LINE('',#2402,#2401);
#2404=DIRECTION('',(0.E0,0.E0,-1.E0));
#2405=VECTOR('',#2404,2.3E0);
#2406=CARTESIAN_POINT('',(-6.E-1,-5.5E-1,-2.1E0));
#2407=LINE('',#2406,#2405);
#2408=DIRECTION('',(0.E0,-1.E0,0.E0));
#2409=VECTOR('',#2408,3.E-1);
#2410=CARTESIAN_POINT('',(-6.E-1,-2.5E-1,-2.1E0));
#2411=LINE('',#2410,#2409);
#2412=DIRECTION('',(0.E0,0.E0,1.E0));
#2413=VECTOR('',#2412,2.3E0);
#2414=CARTESIAN_POINT('',(-6.E-1,-2.5E-1,-4.4E0));
#2415=LINE('',#2414,#2413);
#2416=DIRECTION('',(1.E0,0.E0,0.E0));
#2417=VECTOR('',#2416,3.E-1);
#2418=CARTESIAN_POINT('',(-9.E-1,-3.254547919942E0,-5.893209606013E0));
#2419=LINE('',#2418,#2417);
#2420=DIRECTION('',(1.E0,0.E0,0.E0));
#2421=VECTOR('',#2420,3.E-1);
#2422=CARTESIAN_POINT('',(-9.E-1,-3.265452080061E0,-5.593407839354E0));
#2423=LINE('',#2422,#2421);
#2424=DIRECTION('',(1.E0,0.E0,0.E0));
#2425=VECTOR('',#2424,3.E-1);
#2426=CARTESIAN_POINT('',(-9.E-1,-5.5E-1,-2.1E0));
#2427=LINE('',#2426,#2425);
#2428=DIRECTION('',(1.E0,0.E0,0.E0));
#2429=VECTOR('',#2428,3.E-1);
#2430=CARTESIAN_POINT('',(-9.E-1,-2.5E-1,-2.1E0));
#2431=LINE('',#2430,#2429);
#2432=DIRECTION('',(0.E0,-9.993392221981E-1,-3.634720039470E-2));
#2433=VECTOR('',#2432,8.660243297136E-1);
#2434=CARTESIAN_POINT('',(6.E-1,-2.4E0,-5.561930279495E0));
#2435=LINE('',#2434,#2433);
#2436=DIRECTION('',(0.E0,3.634720039469E-2,-9.993392221981E-1));
#2437=VECTOR('',#2436,3.E-1);
#2438=CARTESIAN_POINT('',(6.E-1,-3.265452080061E0,-5.593407839354E0));
#2439=LINE('',#2438,#2437);
#2440=DIRECTION('',(0.E0,9.993392221981E-1,3.634720039469E-2));
#2441=VECTOR('',#2440,2.564423256846E0);
#2442=CARTESIAN_POINT('',(6.E-1,-3.254547919942E0,-5.893209606013E0));
#2443=LINE('',#2442,#2441);
#2444=DIRECTION('',(0.E0,0.E0,1.E0));
#2445=VECTOR('',#2444,2.3E0);
#2446=CARTESIAN_POINT('',(6.E-1,-2.5E-1,-4.4E0));
#2447=LINE('',#2446,#2445);
#2448=DIRECTION('',(0.E0,-1.E0,0.E0));
#2449=VECTOR('',#2448,3.E-1);
#2450=CARTESIAN_POINT('',(6.E-1,-2.5E-1,-2.1E0));
#2451=LINE('',#2450,#2449);
#2452=DIRECTION('',(0.E0,0.E0,-1.E0));
#2453=VECTOR('',#2452,2.3E0);
#2454=CARTESIAN_POINT('',(6.E-1,-5.5E-1,-2.1E0));
#2455=LINE('',#2454,#2453);
#2456=DIRECTION('',(0.E0,9.993392221981E-1,3.634720039469E-2));
#2457=VECTOR('',#2456,2.564423256846E0);
#2458=CARTESIAN_POINT('',(9.E-1,-3.254547919942E0,-5.893209606013E0));
#2459=LINE('',#2458,#2457);
#2460=DIRECTION('',(0.E0,3.634720039469E-2,-9.993392221981E-1));
#2461=VECTOR('',#2460,3.E-1);
#2462=CARTESIAN_POINT('',(9.E-1,-3.265452080061E0,-5.593407839354E0));
#2463=LINE('',#2462,#2461);
#2464=DIRECTION('',(0.E0,-9.993392221981E-1,-3.634720039470E-2));
#2465=VECTOR('',#2464,8.660243297136E-1);
#2466=CARTESIAN_POINT('',(9.E-1,-2.4E0,-5.561930279495E0));
#2467=LINE('',#2466,#2465);
#2468=DIRECTION('',(0.E0,0.E0,-1.E0));
#2469=VECTOR('',#2468,2.3E0);
#2470=CARTESIAN_POINT('',(9.E-1,-5.5E-1,-2.1E0));
#2471=LINE('',#2470,#2469);
#2472=DIRECTION('',(0.E0,-1.E0,0.E0));
#2473=VECTOR('',#2472,3.E-1);
#2474=CARTESIAN_POINT('',(9.E-1,-2.5E-1,-2.1E0));
#2475=LINE('',#2474,#2473);
#2476=DIRECTION('',(0.E0,0.E0,1.E0));
#2477=VECTOR('',#2476,2.3E0);
#2478=CARTESIAN_POINT('',(9.E-1,-2.5E-1,-4.4E0));
#2479=LINE('',#2478,#2477);
#2480=DIRECTION('',(1.E0,0.E0,0.E0));
#2481=VECTOR('',#2480,3.E-1);
#2482=CARTESIAN_POINT('',(6.E-1,-3.254547919942E0,-5.893209606013E0));
#2483=LINE('',#2482,#2481);
#2484=DIRECTION('',(1.E0,0.E0,0.E0));
#2485=VECTOR('',#2484,3.E-1);
#2486=CARTESIAN_POINT('',(6.E-1,-3.265452080061E0,-5.593407839354E0));
#2487=LINE('',#2486,#2485);
#2488=DIRECTION('',(1.E0,0.E0,0.E0));
#2489=VECTOR('',#2488,3.E-1);
#2490=CARTESIAN_POINT('',(6.E-1,-5.5E-1,-2.1E0));
#2491=LINE('',#2490,#2489);
#2492=DIRECTION('',(1.E0,0.E0,0.E0));
#2493=VECTOR('',#2492,3.E-1);
#2494=CARTESIAN_POINT('',(6.E-1,-2.5E-1,-2.1E0));
#2495=LINE('',#2494,#2493);
#2496=DIRECTION('',(1.E0,0.E0,0.E0));
#2497=VECTOR('',#2496,3.E-1);
#2498=CARTESIAN_POINT('',(2.1E0,-5.5E-1,-2.1E0));
#2499=LINE('',#2498,#2497);
#2500=DIRECTION('',(1.E0,0.E0,0.E0));
#2501=VECTOR('',#2500,3.E-1);
#2502=CARTESIAN_POINT('',(2.1E0,-2.5E-1,-2.1E0));
#2503=LINE('',#2502,#2501);
#2504=DIRECTION('',(0.E0,0.E0,1.E0));
#2505=VECTOR('',#2504,9.999999999999E-3);
#2506=CARTESIAN_POINT('',(-2.15625E0,-1.8E0,-4.4E0));
#2507=LINE('',#2506,#2505);
#2508=DIRECTION('',(0.E0,0.E0,1.E0));
#2509=VECTOR('',#2508,9.999999999999E-3);
#2510=CARTESIAN_POINT('',(-2.25E0,-1.8E0,-4.4E0));
#2511=LINE('',#2510,#2509);
#2512=DIRECTION('',(0.E0,0.E0,1.E0));
#2513=VECTOR('',#2512,9.999999999999E-3);
#2514=CARTESIAN_POINT('',(-2.25E0,-1.177659559250E0,-4.4E0));
#2515=LINE('',#2514,#2513);
#2516=DIRECTION('',(0.E0,0.E0,1.E0));
#2517=VECTOR('',#2516,9.999999999999E-3);
#2518=CARTESIAN_POINT('',(-2.34375E0,-1.289361718297E0,-4.4E0));
#2519=LINE('',#2518,#2517);
#2520=DIRECTION('',(0.E0,0.E0,1.E0));
#2521=VECTOR('',#2520,9.999999999999E-3);
#2522=CARTESIAN_POINT('',(-2.34375E0,-1.161702114344E0,-4.4E0));
#2523=LINE('',#2522,#2521);
#2524=DIRECTION('',(0.E0,0.E0,1.E0));
#2525=VECTOR('',#2524,9.999999999999E-3);
#2526=CARTESIAN_POINT('',(-2.25E0,-1.05E0,-4.4E0));
#2527=LINE('',#2526,#2525);
#2528=DIRECTION('',(0.E0,0.E0,1.E0));
#2529=VECTOR('',#2528,9.999999999999E-3);
#2530=CARTESIAN_POINT('',(-2.15625E0,-1.05E0,-4.4E0));
#2531=LINE('',#2530,#2529);
#2532=DIRECTION('',(0.E0,1.E0,0.E0));
#2533=VECTOR('',#2532,7.5E-1);
#2534=CARTESIAN_POINT('',(-2.15625E0,-1.8E0,-4.39E0));
#2535=LINE('',#2534,#2533);
#2536=DIRECTION('',(1.E0,0.E0,0.E0));
#2537=VECTOR('',#2536,9.375E-2);
#2538=CARTESIAN_POINT('',(-2.25E0,-1.8E0,-4.39E0));
#2539=LINE('',#2538,#2537);
#2540=DIRECTION('',(0.E0,-1.E0,0.E0));
#2541=VECTOR('',#2540,6.223404407501E-1);
#2542=CARTESIAN_POINT('',(-2.25E0,-1.177659559250E0,-4.39E0));
#2543=LINE('',#2542,#2541);
#2544=DIRECTION('',(6.428711427642E-1,7.659743427825E-1,0.E0));
#2545=VECTOR('',#2544,1.458301574977E-1);
#2546=CARTESIAN_POINT('',(-2.34375E0,-1.289361718297E0,-4.39E0));
#2547=LINE('',#2546,#2545);
#2548=DIRECTION('',(0.E0,-1.E0,0.E0));
#2549=VECTOR('',#2548,1.276596039534E-1);
#2550=CARTESIAN_POINT('',(-2.34375E0,-1.161702114344E0,-4.39E0));
#2551=LINE('',#2550,#2549);
#2552=DIRECTION('',(-6.428712937139E-1,-7.659742160926E-1,0.E0));
#2553=VECTOR('',#2552,1.458301232559E-1);
#2554=CARTESIAN_POINT('',(-2.25E0,-1.05E0,-4.39E0));
#2555=LINE('',#2554,#2553);
#2556=DIRECTION('',(-1.E0,0.E0,0.E0));
#2557=VECTOR('',#2556,9.375E-2);
#2558=CARTESIAN_POINT('',(-2.15625E0,-1.05E0,-4.39E0));
#2559=LINE('',#2558,#2557);
#2560=DIRECTION('',(0.E0,7.071067811865E-1,-7.071067811865E-1));
#2561=VECTOR('',#2560,1.414213562373E-1);
#2562=CARTESIAN_POINT('',(4.025E0,-2.02E0,-2.15E0));
#2563=LINE('',#2562,#2561);
#2564=DIRECTION('',(-1.E0,0.E0,0.E0));
#2565=VECTOR('',#2564,2.75E-1);
#2566=CARTESIAN_POINT('',(4.3E0,-1.92E0,-2.25E0));
#2567=LINE('',#2566,#2565);
#2568=DIRECTION('',(0.E0,0.E0,-1.E0));
#2569=VECTOR('',#2568,4.E-1);
#2570=CARTESIAN_POINT('',(4.025E0,-1.92E0,-2.25E0));
#2571=LINE('',#2570,#2569);
#2572=DIRECTION('',(0.E0,-1.E0,0.E0));
#2573=VECTOR('',#2572,4.2E-1);
#2574=CARTESIAN_POINT('',(4.3E0,-1.5E0,-2.25E0));
#2575=LINE('',#2574,#2573);
#2576=DIRECTION('',(0.E0,0.E0,-1.E0));
#2577=VECTOR('',#2576,4.E-1);
#2578=CARTESIAN_POINT('',(4.3E0,-1.92E0,-2.25E0));
#2579=LINE('',#2578,#2577);
#2580=DIRECTION('',(5.773502691896E-1,-5.773502691896E-1,5.773502691896E-1));
#2581=VECTOR('',#2580,1.732050807569E-1);
#2582=CARTESIAN_POINT('',(4.3E0,-1.92E0,-2.25E0));
#2583=LINE('',#2582,#2581);
#2584=DIRECTION('',(7.071067811866E-1,0.E0,7.071067811865E-1));
#2585=VECTOR('',#2584,1.414213562373E-1);
#2586=CARTESIAN_POINT('',(4.3E0,-1.5E0,-2.25E0));
#2587=LINE('',#2586,#2585);
#2588=CARTESIAN_POINT('',(4.7E0,2.4E0,0.E0));
#2589=CARTESIAN_POINT('',(-4.7E0,2.4E0,0.E0));
#2590=VERTEX_POINT('',#2588);
#2591=VERTEX_POINT('',#2589);
#2592=CARTESIAN_POINT('',(4.7E0,-2.4E0,-2.15E0));
#2593=CARTESIAN_POINT('',(4.7E0,-1.5E0,-2.15E0));
#2594=VERTEX_POINT('',#2592);
#2595=VERTEX_POINT('',#2593);
#2596=CARTESIAN_POINT('',(4.7E0,-6.E-1,-5.8E0));
#2597=CARTESIAN_POINT('',(4.7E0,-6.E-1,-4.9E0));
#2598=VERTEX_POINT('',#2596);
#2599=VERTEX_POINT('',#2597);
#2600=CARTESIAN_POINT('',(4.7E0,-2.4E0,-5.8E0));
#2601=VERTEX_POINT('',#2600);
#2602=CARTESIAN_POINT('',(-4.7E0,-2.4E0,-2.15E0));
#2603=CARTESIAN_POINT('',(-4.7E0,-1.5E0,-2.15E0));
#2604=VERTEX_POINT('',#2602);
#2605=VERTEX_POINT('',#2603);
#2606=CARTESIAN_POINT('',(-4.7E0,-6.E-1,-5.8E0));
#2607=CARTESIAN_POINT('',(-4.7E0,-6.E-1,-4.9E0));
#2608=VERTEX_POINT('',#2606);
#2609=VERTEX_POINT('',#2607);
#2610=CARTESIAN_POINT('',(-4.7E0,-2.4E0,-5.8E0));
#2611=VERTEX_POINT('',#2610);
#2612=CARTESIAN_POINT('',(4.025E0,-1.5E0,-2.65E0));
#2613=CARTESIAN_POINT('',(4.025E0,-1.92E0,-2.65E0));
#2614=VERTEX_POINT('',#2612);
#2615=VERTEX_POINT('',#2613);
#2616=CARTESIAN_POINT('',(4.3E0,-1.92E0,-2.65E0));
#2617=VERTEX_POINT('',#2616);
#2618=CARTESIAN_POINT('',(4.3E0,-1.5E0,-2.65E0));
#2619=VERTEX_POINT('',#2618);
#2620=CARTESIAN_POINT('',(4.3E0,-4.5E-1,-2.65E0));
#2621=CARTESIAN_POINT('',(4.025E0,-4.5E-1,-2.65E0));
#2622=VERTEX_POINT('',#2620);
#2623=VERTEX_POINT('',#2621);
#2624=CARTESIAN_POINT('',(4.025E0,-8.E-1,-2.65E0));
#2625=VERTEX_POINT('',#2624);
#2626=CARTESIAN_POINT('',(3.925E0,-8.E-1,-2.65E0));
#2627=VERTEX_POINT('',#2626);
#2628=CARTESIAN_POINT('',(3.925E0,-1.E0,-2.65E0));
#2629=VERTEX_POINT('',#2628);
#2630=CARTESIAN_POINT('',(-4.025E0,-1.1E0,-4.9E0));
#2631=CARTESIAN_POINT('',(-4.3E0,-1.1E0,-4.9E0));
#2632=VERTEX_POINT('',#2630);
#2633=VERTEX_POINT('',#2631);
#2634=CARTESIAN_POINT('',(-4.3E0,-1.1E0,-5.32E0));
#2635=VERTEX_POINT('',#2634);
#2636=CARTESIAN_POINT('',(-4.025E0,-1.1E0,-5.32E0));
#2637=VERTEX_POINT('',#2636);
#2638=CARTESIAN_POINT('',(4.025E0,-1.1E0,-4.9E0));
#2639=CARTESIAN_POINT('',(4.025E0,-1.1E0,-5.32E0));
#2640=VERTEX_POINT('',#2638);
#2641=VERTEX_POINT('',#2639);
#2642=CARTESIAN_POINT('',(4.3E0,-1.1E0,-5.32E0));
#2643=VERTEX_POINT('',#2642);
#2644=CARTESIAN_POINT('',(4.3E0,-1.1E0,-4.9E0));
#2645=VERTEX_POINT('',#2644);
#2646=CARTESIAN_POINT('',(-4.4E0,-8.E-1,-2.65E0));
#2647=CARTESIAN_POINT('',(-4.4E0,-1.E0,-2.65E0));
#2648=VERTEX_POINT('',#2646);
#2649=VERTEX_POINT('',#2647);
#2650=CARTESIAN_POINT('',(4.3E0,-8.E-1,-2.65E0));
#2651=VERTEX_POINT('',#2650);
#2652=CARTESIAN_POINT('',(-4.3E0,-8.E-1,-2.65E0));
#2653=VERTEX_POINT('',#2652);
#2654=CARTESIAN_POINT('',(-4.4E0,-1.E0,-9.E-1));
#2655=CARTESIAN_POINT('',(-4.4E0,-8.E-1,-9.E-1));
#2656=VERTEX_POINT('',#2654);
#2657=VERTEX_POINT('',#2655);
#2658=CARTESIAN_POINT('',(-4.5E0,-1.1E0,-8.E-1));
#2659=CARTESIAN_POINT('',(-4.5E0,-7.E-1,-8.E-1));
#2660=VERTEX_POINT('',#2658);
#2661=VERTEX_POINT('',#2659);
#2662=CARTESIAN_POINT('',(-4.4E0,-7.E-1,-8.E-1));
#2663=VERTEX_POINT('',#2662);
#2664=CARTESIAN_POINT('',(-4.3E0,-8.E-1,-9.E-1));
#2665=VERTEX_POINT('',#2664);
#2666=CARTESIAN_POINT('',(4.4E0,-4.5E-1,-8.E-1));
#2667=CARTESIAN_POINT('',(4.4E0,-7.E-1,-8.E-1));
#2668=VERTEX_POINT('',#2666);
#2669=VERTEX_POINT('',#2667);
#2670=CARTESIAN_POINT('',(4.3E0,-4.5E-1,-9.E-1));
#2671=CARTESIAN_POINT('',(4.3E0,-8.E-1,-9.E-1));
#2672=VERTEX_POINT('',#2670);
#2673=VERTEX_POINT('',#2671);
#2674=CARTESIAN_POINT('',(4.025E0,-1.E0,-9.E-1));
#2675=CARTESIAN_POINT('',(4.4E0,-1.E0,-9.E-1));
#2676=VERTEX_POINT('',#2674);
#2677=VERTEX_POINT('',#2675);
#2678=CARTESIAN_POINT('',(4.025E0,-1.1E0,-8.E-1));
#2679=CARTESIAN_POINT('',(4.5E0,-1.1E0,-8.E-1));
#2680=VERTEX_POINT('',#2678);
#2681=VERTEX_POINT('',#2679);
#2682=CARTESIAN_POINT('',(4.025E0,-1.4E0,-8.E-1));
#2683=VERTEX_POINT('',#2682);
#2684=CARTESIAN_POINT('',(4.7E0,-4.5E-1,-8.E-1));
#2685=VERTEX_POINT('',#2684);
#2686=CARTESIAN_POINT('',(-4.025E0,-1.1E0,-8.E-1));
#2687=CARTESIAN_POINT('',(-4.025E0,-1.4E0,-8.E-1));
#2688=VERTEX_POINT('',#2686);
#2689=VERTEX_POINT('',#2687);
#2690=CARTESIAN_POINT('',(-4.025E0,-2.02E0,-2.15E0));
#2691=CARTESIAN_POINT('',(-4.025E0,-2.15E0,-2.15E0));
#2692=VERTEX_POINT('',#2690);
#2693=VERTEX_POINT('',#2691);
#2694=CARTESIAN_POINT('',(-4.7E0,-4.5E-1,-8.E-1));
#2695=CARTESIAN_POINT('',(-4.4E0,-4.5E-1,-8.E-1));
#2696=VERTEX_POINT('',#2694);
#2697=VERTEX_POINT('',#2695);
#2698=CARTESIAN_POINT('',(-4.7E0,-1.5E0,-9.E-1));
#2699=CARTESIAN_POINT('',(-4.7E0,-1.4E0,-8.E-1));
#2700=VERTEX_POINT('',#2698);
#2701=VERTEX_POINT('',#2699);
#2702=CARTESIAN_POINT('',(-4.025E0,-1.5E0,-9.E-1));
#2703=VERTEX_POINT('',#2702);
#2704=CARTESIAN_POINT('',(4.7E0,-1.4E0,-8.E-1));
#2705=CARTESIAN_POINT('',(4.7E0,-1.5E0,-9.E-1));
#2706=VERTEX_POINT('',#2704);
#2707=VERTEX_POINT('',#2705);
#2708=CARTESIAN_POINT('',(4.025E0,-1.5E0,-9.E-1));
#2709=VERTEX_POINT('',#2708);
#2710=CARTESIAN_POINT('',(4.3E0,-1.92E0,-2.25E0));
#2711=CARTESIAN_POINT('',(4.025E0,-1.92E0,-2.25E0));
#2712=VERTEX_POINT('',#2710);
#2713=VERTEX_POINT('',#2711);
#2714=CARTESIAN_POINT('',(4.4E0,-2.02E0,-2.15E0));
#2715=CARTESIAN_POINT('',(4.025E0,-2.02E0,-2.15E0));
#2716=VERTEX_POINT('',#2714);
#2717=VERTEX_POINT('',#2715);
#2718=CARTESIAN_POINT('',(4.4E0,-1.5E0,-2.15E0));
#2719=VERTEX_POINT('',#2718);
#2720=CARTESIAN_POINT('',(4.3E0,-1.5E0,-2.25E0));
#2721=VERTEX_POINT('',#2720);
#2722=CARTESIAN_POINT('',(4.025E0,-2.15E0,-2.15E0));
#2723=VERTEX_POINT('',#2722);
#2724=CARTESIAN_POINT('',(-4.4E0,-1.5E0,-2.15E0));
#2725=VERTEX_POINT('',#2724);
#2726=CARTESIAN_POINT('',(-3.775E0,-2.4E0,0.E0));
#2727=CARTESIAN_POINT('',(-3.775E0,-2.4E0,-2.15E0));
#2728=VERTEX_POINT('',#2726);
#2729=VERTEX_POINT('',#2727);
#2730=CARTESIAN_POINT('',(3.775E0,-2.4E0,-2.15E0));
#2731=CARTESIAN_POINT('',(3.775E0,-2.4E0,0.E0));
#2732=VERTEX_POINT('',#2730);
#2733=VERTEX_POINT('',#2731);
#2734=CARTESIAN_POINT('',(4.025E0,-8.E-1,-3.E-1));
#2735=CARTESIAN_POINT('',(3.925E0,-8.E-1,0.E0));
#2736=VERTEX_POINT('',#2734);
#2737=VERTEX_POINT('',#2735);
#2738=CARTESIAN_POINT('',(3.925E0,-3.5E-1,0.E0));
#2739=VERTEX_POINT('',#2738);
#2740=CARTESIAN_POINT('',(4.025E0,-4.5E-1,-3.E-1));
#2741=VERTEX_POINT('',#2740);
#2742=CARTESIAN_POINT('',(4.7E0,-3.5E-1,0.E0));
#2743=CARTESIAN_POINT('',(4.7E0,-4.5E-1,-3.E-1));
#2744=VERTEX_POINT('',#2742);
#2745=VERTEX_POINT('',#2743);
#2746=CARTESIAN_POINT('',(3.925E0,-1.E0,0.E0));
#2747=CARTESIAN_POINT('',(4.025E0,-1.E0,-3.E-1));
#2748=VERTEX_POINT('',#2746);
#2749=VERTEX_POINT('',#2747);
#2750=CARTESIAN_POINT('',(4.025E0,-2.15E0,-3.E-1));
#2751=VERTEX_POINT('',#2750);
#2752=CARTESIAN_POINT('',(3.925E0,-2.25E0,0.E0));
#2753=VERTEX_POINT('',#2752);
#2754=CARTESIAN_POINT('',(-3.925E0,-2.25E0,0.E0));
#2755=CARTESIAN_POINT('',(-4.025E0,-2.15E0,-3.E-1));
#2756=VERTEX_POINT('',#2754);
#2757=VERTEX_POINT('',#2755);
#2758=CARTESIAN_POINT('',(-4.025E0,-1.E0,-3.E-1));
#2759=VERTEX_POINT('',#2758);
#2760=CARTESIAN_POINT('',(-3.925E0,-1.E0,0.E0));
#2761=VERTEX_POINT('',#2760);
#2762=CARTESIAN_POINT('',(-4.7E0,-4.5E-1,-3.E-1));
#2763=CARTESIAN_POINT('',(-4.7E0,-3.5E-1,0.E0));
#2764=VERTEX_POINT('',#2762);
#2765=VERTEX_POINT('',#2763);
#2766=CARTESIAN_POINT('',(-3.925E0,-3.5E-1,0.E0));
#2767=VERTEX_POINT('',#2766);
#2768=CARTESIAN_POINT('',(-4.025E0,-4.5E-1,-3.E-1));
#2769=VERTEX_POINT('',#2768);
#2770=CARTESIAN_POINT('',(-4.025E0,-8.E-1,-3.E-1));
#2771=VERTEX_POINT('',#2770);
#2772=CARTESIAN_POINT('',(-3.925E0,-8.E-1,0.E0));
#2773=VERTEX_POINT('',#2772);
#2774=CARTESIAN_POINT('',(4.7E0,6.5E-1,-4.9E0));
#2775=CARTESIAN_POINT('',(4.7E0,7.5E-1,-4.8E0));
#2776=VERTEX_POINT('',#2774);
#2777=VERTEX_POINT('',#2775);
#2778=CARTESIAN_POINT('',(-4.7E0,7.5E-1,-4.8E0));
#2779=CARTESIAN_POINT('',(-4.7E0,6.5E-1,-4.9E0));
#2780=VERTEX_POINT('',#2778);
#2781=VERTEX_POINT('',#2779);
#2782=CARTESIAN_POINT('',(4.3E0,-7.E-1,-5.32E0));
#2783=CARTESIAN_POINT('',(4.3E0,-7.E-1,-4.9E0));
#2784=VERTEX_POINT('',#2782);
#2785=VERTEX_POINT('',#2783);
#2786=CARTESIAN_POINT('',(4.4E0,-6.E-1,-5.42E0));
#2787=CARTESIAN_POINT('',(4.4E0,-6.E-1,-4.9E0));
#2788=VERTEX_POINT('',#2786);
#2789=VERTEX_POINT('',#2787);
#2790=CARTESIAN_POINT('',(4.025E0,-7.E-1,-5.32E0));
#2791=VERTEX_POINT('',#2790);
#2792=CARTESIAN_POINT('',(-4.4E0,-6.E-1,-4.9E0));
#2793=CARTESIAN_POINT('',(-4.4E0,-6.E-1,-5.42E0));
#2794=VERTEX_POINT('',#2792);
#2795=VERTEX_POINT('',#2793);
#2796=CARTESIAN_POINT('',(-4.3E0,-7.E-1,-4.9E0));
#2797=CARTESIAN_POINT('',(-4.3E0,-7.E-1,-5.32E0));
#2798=VERTEX_POINT('',#2796);
#2799=VERTEX_POINT('',#2797);
#2800=CARTESIAN_POINT('',(-4.025E0,-7.E-1,-5.32E0));
#2801=VERTEX_POINT('',#2800);
#2802=CARTESIAN_POINT('',(4.7E0,7.5E-1,-3.85E0));
#2803=VERTEX_POINT('',#2802);
#2804=CARTESIAN_POINT('',(-4.7E0,7.5E-1,-3.85E0));
#2805=VERTEX_POINT('',#2804);
#2806=CARTESIAN_POINT('',(-4.5E0,7.5E-1,-4.1E0));
#2807=CARTESIAN_POINT('',(-4.5E0,7.5E-1,-4.5E0));
#2808=VERTEX_POINT('',#2806);
#2809=VERTEX_POINT('',#2807);
#2810=CARTESIAN_POINT('',(-4.4E0,6.5E-1,-4.2E0));
#2811=CARTESIAN_POINT('',(-4.4E0,6.5E-1,-4.4E0));
#2812=VERTEX_POINT('',#2810);
#2813=VERTEX_POINT('',#2811);
#2814=CARTESIAN_POINT('',(-4.3E0,6.5E-1,-4.2E0));
#2815=VERTEX_POINT('',#2814);
#2816=CARTESIAN_POINT('',(-4.4E0,7.5E-1,-4.1E0));
#2817=VERTEX_POINT('',#2816);
#2818=CARTESIAN_POINT('',(-4.4E0,7.5E-1,-3.85E0));
#2819=VERTEX_POINT('',#2818);
#2820=CARTESIAN_POINT('',(-4.3E0,6.5E-1,-3.85E0));
#2821=VERTEX_POINT('',#2820);
#2822=CARTESIAN_POINT('',(4.3E0,6.5E-1,-4.2E0));
#2823=CARTESIAN_POINT('',(4.3E0,6.5E-1,-3.85E0));
#2824=VERTEX_POINT('',#2822);
#2825=VERTEX_POINT('',#2823);
#2826=CARTESIAN_POINT('',(4.4E0,7.5E-1,-4.1E0));
#2827=CARTESIAN_POINT('',(4.4E0,7.5E-1,-3.85E0));
#2828=VERTEX_POINT('',#2826);
#2829=VERTEX_POINT('',#2827);
#2830=CARTESIAN_POINT('',(4.5E0,7.5E-1,-4.1E0));
#2831=VERTEX_POINT('',#2830);
#2832=CARTESIAN_POINT('',(4.4E0,6.5E-1,-4.2E0));
#2833=VERTEX_POINT('',#2832);
#2834=CARTESIAN_POINT('',(4.4E0,6.5E-1,-4.4E0));
#2835=VERTEX_POINT('',#2834);
#2836=CARTESIAN_POINT('',(4.5E0,7.5E-1,-4.5E0));
#2837=VERTEX_POINT('',#2836);
#2838=CARTESIAN_POINT('',(-3.46E0,-2.5E0,0.E0));
#2839=CARTESIAN_POINT('',(-3.46E0,-2.5E0,-1.5E0));
#2840=VERTEX_POINT('',#2838);
#2841=VERTEX_POINT('',#2839);
#2842=CARTESIAN_POINT('',(-2.66E0,-2.5E0,-1.5E0));
#2843=VERTEX_POINT('',#2842);
#2844=CARTESIAN_POINT('',(-2.66E0,-2.5E0,0.E0));
#2845=VERTEX_POINT('',#2844);
#2846=CARTESIAN_POINT('',(3.46E0,-2.5E0,0.E0));
#2847=CARTESIAN_POINT('',(2.66E0,-2.5E0,0.E0));
#2848=VERTEX_POINT('',#2846);
#2849=VERTEX_POINT('',#2847);
#2850=CARTESIAN_POINT('',(2.66E0,-2.5E0,-1.5E0));
#2851=VERTEX_POINT('',#2850);
#2852=CARTESIAN_POINT('',(3.46E0,-2.5E0,-1.5E0));
#2853=VERTEX_POINT('',#2852);
#2854=CARTESIAN_POINT('',(-3.46E0,-2.4E0,0.E0));
#2855=CARTESIAN_POINT('',(-3.46E0,-2.4E0,-1.5E0));
#2856=VERTEX_POINT('',#2854);
#2857=VERTEX_POINT('',#2855);
#2858=CARTESIAN_POINT('',(-2.66E0,-2.4E0,-1.5E0));
#2859=VERTEX_POINT('',#2858);
#2860=CARTESIAN_POINT('',(-2.66E0,-2.4E0,0.E0));
#2861=VERTEX_POINT('',#2860);
#2862=CARTESIAN_POINT('',(2.66E0,-2.4E0,0.E0));
#2863=CARTESIAN_POINT('',(2.66E0,-2.4E0,-1.5E0));
#2864=VERTEX_POINT('',#2862);
#2865=VERTEX_POINT('',#2863);
#2866=CARTESIAN_POINT('',(3.46E0,-2.4E0,-1.5E0));
#2867=VERTEX_POINT('',#2866);
#2868=CARTESIAN_POINT('',(3.46E0,-2.4E0,0.E0));
#2869=VERTEX_POINT('',#2868);
#2870=CARTESIAN_POINT('',(-3.615E0,1.3E0,-4.4E0));
#2871=CARTESIAN_POINT('',(-3.615E0,-1.9E0,-4.4E0));
#2872=VERTEX_POINT('',#2870);
#2873=VERTEX_POINT('',#2871);
#2874=CARTESIAN_POINT('',(3.615E0,-1.9E0,-4.4E0));
#2875=VERTEX_POINT('',#2874);
#2876=CARTESIAN_POINT('',(3.615E0,1.8E0,-4.4E0));
#2877=VERTEX_POINT('',#2876);
#2878=CARTESIAN_POINT('',(2.885E0,1.8E0,-4.4E0));
#2879=VERTEX_POINT('',#2878);
#2880=CARTESIAN_POINT('',(2.885E0,5.E-1,-4.4E0));
#2881=VERTEX_POINT('',#2880);
#2882=CARTESIAN_POINT('',(-2.885E0,5.E-1,-4.4E0));
#2883=CARTESIAN_POINT('',(-2.885E0,1.3E0,-4.4E0));
#2884=VERTEX_POINT('',#2882);
#2885=VERTEX_POINT('',#2883);
#2886=CARTESIAN_POINT('',(2.885E0,5.E-1,-2.E-1));
#2887=CARTESIAN_POINT('',(2.685E0,5.E-1,0.E0));
#2888=VERTEX_POINT('',#2886);
#2889=VERTEX_POINT('',#2887);
#2890=CARTESIAN_POINT('',(2.685E0,2.E0,0.E0));
#2891=VERTEX_POINT('',#2890);
#2892=CARTESIAN_POINT('',(2.885E0,1.8E0,-2.E-1));
#2893=VERTEX_POINT('',#2892);
#2894=CARTESIAN_POINT('',(3.615E0,1.8E0,-2.E-1));
#2895=VERTEX_POINT('',#2894);
#2896=CARTESIAN_POINT('',(-3.615E0,1.3E0,-2.E-1));
#2897=CARTESIAN_POINT('',(-2.885E0,1.3E0,-2.E-1));
#2898=VERTEX_POINT('',#2896);
#2899=VERTEX_POINT('',#2897);
#2900=CARTESIAN_POINT('',(-2.685E0,5.E-1,0.E0));
#2901=CARTESIAN_POINT('',(-2.885E0,5.E-1,-2.E-1));
#2902=VERTEX_POINT('',#2900);
#2903=VERTEX_POINT('',#2901);
#2904=CARTESIAN_POINT('',(-2.685E0,1.5E0,0.E0));
#2905=VERTEX_POINT('',#2904);
#2906=CARTESIAN_POINT('',(-3.615E0,1.35E0,-1.5E-1));
#2907=CARTESIAN_POINT('',(-3.615E0,-1.9E0,-1.5E-1));
#2908=VERTEX_POINT('',#2906);
#2909=VERTEX_POINT('',#2907);
#2910=CARTESIAN_POINT('',(-3.701602540378E0,1.5E0,0.E0));
#2911=CARTESIAN_POINT('',(-3.701602540378E0,-1.986602540378E0,0.E0));
#2912=VERTEX_POINT('',#2910);
#2913=VERTEX_POINT('',#2911);
#2914=CARTESIAN_POINT('',(3.701602540378E0,-1.986602540378E0,0.E0));
#2915=VERTEX_POINT('',#2914);
#2916=CARTESIAN_POINT('',(3.615E0,-1.9E0,-1.5E-1));
#2917=VERTEX_POINT('',#2916);
#2918=CARTESIAN_POINT('',(3.701602540378E0,2.E0,0.E0));
#2919=VERTEX_POINT('',#2918);
#2920=CARTESIAN_POINT('',(3.615E0,1.85E0,-1.5E-1));
#2921=VERTEX_POINT('',#2920);
#2922=CARTESIAN_POINT('',(2.51E0,1.825E0,-4.4E0));
#2923=CARTESIAN_POINT('',(-2.51E0,1.825E0,-4.4E0));
#2924=VERTEX_POINT('',#2922);
#2925=VERTEX_POINT('',#2923);
#2926=CARTESIAN_POINT('',(2.51E0,5.E-1,0.E0));
#2927=CARTESIAN_POINT('',(2.51E0,1.825E0,0.E0));
#2928=VERTEX_POINT('',#2926);
#2929=VERTEX_POINT('',#2927);
#2930=CARTESIAN_POINT('',(-2.51E0,1.825E0,0.E0));
#2931=CARTESIAN_POINT('',(-2.51E0,5.E-1,0.E0));
#2932=VERTEX_POINT('',#2930);
#2933=VERTEX_POINT('',#2931);
#2934=CARTESIAN_POINT('',(2.51E0,5.E-1,-4.4E0));
#2935=VERTEX_POINT('',#2934);
#2936=CARTESIAN_POINT('',(-2.51E0,5.E-1,-4.4E0));
#2937=VERTEX_POINT('',#2936);
#2938=CARTESIAN_POINT('',(-1.135E0,1.525E0,0.E0));
#2939=CARTESIAN_POINT('',(-1.135E0,1.525E0,-7.5E-1));
#2940=VERTEX_POINT('',#2938);
#2941=VERTEX_POINT('',#2939);
#2942=CARTESIAN_POINT('',(1.135E0,1.525E0,0.E0));
#2943=CARTESIAN_POINT('',(1.135E0,1.525E0,-7.5E-1));
#2944=VERTEX_POINT('',#2942);
#2945=VERTEX_POINT('',#2943);
#2946=CARTESIAN_POINT('',(1.135E0,1.825E0,0.E0));
#2947=VERTEX_POINT('',#2946);
#2948=CARTESIAN_POINT('',(-1.135E0,1.825E0,0.E0));
#2949=VERTEX_POINT('',#2948);
#2950=CARTESIAN_POINT('',(-1.135E0,1.825E0,-8.330415196484E-1));
#2951=CARTESIAN_POINT('',(1.135E0,1.825E0,-8.330415196484E-1));
#2952=VERTEX_POINT('',#2950);
#2953=VERTEX_POINT('',#2951);
#2954=CARTESIAN_POINT('',(-1.135E0,1.716365699267E0,-7.334149727302E-1));
#2955=CARTESIAN_POINT('',(1.135E0,1.716365699267E0,-7.334149727302E-1));
#2956=VERTEX_POINT('',#2954);
#2957=VERTEX_POINT('',#2955);
#2958=CARTESIAN_POINT('',(-2.4E0,-2.4E0,-5.8E0));
#2959=CARTESIAN_POINT('',(-2.4E0,-2.4E0,-5.561930279495E0));
#2960=VERTEX_POINT('',#2958);
#2961=VERTEX_POINT('',#2959);
#2962=CARTESIAN_POINT('',(-2.1E0,-2.4E0,-5.8E0));
#2963=CARTESIAN_POINT('',(-2.1E0,-2.4E0,-5.561930279495E0));
#2964=VERTEX_POINT('',#2962);
#2965=VERTEX_POINT('',#2963);
#2966=CARTESIAN_POINT('',(-2.4E0,-5.5E-1,-4.4E0));
#2967=CARTESIAN_POINT('',(-2.4E0,-2.5E-1,-4.4E0));
#2968=VERTEX_POINT('',#2966);
#2969=VERTEX_POINT('',#2967);
#2970=CARTESIAN_POINT('',(-2.1E0,-5.5E-1,-4.4E0));
#2971=CARTESIAN_POINT('',(-2.1E0,-2.5E-1,-4.4E0));
#2972=VERTEX_POINT('',#2970);
#2973=VERTEX_POINT('',#2971);
#2974=CARTESIAN_POINT('',(-2.4E0,-6.918191770586E-1,-5.8E0));
#2975=VERTEX_POINT('',#2974);
#2976=CARTESIAN_POINT('',(-2.1E0,-6.918191770586E-1,-5.8E0));
#2977=VERTEX_POINT('',#2976);
#2978=CARTESIAN_POINT('',(-9.E-1,-2.4E0,-5.8E0));
#2979=CARTESIAN_POINT('',(-9.E-1,-6.918191770586E-1,-5.8E0));
#2980=VERTEX_POINT('',#2978);
#2981=VERTEX_POINT('',#2979);
#2982=CARTESIAN_POINT('',(-6.E-1,-2.4E0,-5.8E0));
#2983=CARTESIAN_POINT('',(-6.E-1,-6.918191770586E-1,-5.8E0));
#2984=VERTEX_POINT('',#2982);
#2985=VERTEX_POINT('',#2983);
#2986=CARTESIAN_POINT('',(-9.E-1,-2.4E0,-5.561930279495E0));
#2987=VERTEX_POINT('',#2986);
#2988=CARTESIAN_POINT('',(-6.E-1,-2.4E0,-5.561930279495E0));
#2989=VERTEX_POINT('',#2988);
#2990=CARTESIAN_POINT('',(-9.E-1,-5.5E-1,-4.4E0));
#2991=CARTESIAN_POINT('',(-9.E-1,-2.5E-1,-4.4E0));
#2992=VERTEX_POINT('',#2990);
#2993=VERTEX_POINT('',#2991);
#2994=CARTESIAN_POINT('',(-6.E-1,-5.5E-1,-4.4E0));
#2995=CARTESIAN_POINT('',(-6.E-1,-2.5E-1,-4.4E0));
#2996=VERTEX_POINT('',#2994);
#2997=VERTEX_POINT('',#2995);
#2998=CARTESIAN_POINT('',(6.E-1,-2.4E0,-5.8E0));
#2999=CARTESIAN_POINT('',(6.E-1,-6.918191770586E-1,-5.8E0));
#3000=VERTEX_POINT('',#2998);
#3001=VERTEX_POINT('',#2999);
#3002=CARTESIAN_POINT('',(9.E-1,-2.4E0,-5.8E0));
#3003=CARTESIAN_POINT('',(9.E-1,-6.918191770586E-1,-5.8E0));
#3004=VERTEX_POINT('',#3002);
#3005=VERTEX_POINT('',#3003);
#3006=CARTESIAN_POINT('',(6.E-1,-2.4E0,-5.561930279495E0));
#3007=VERTEX_POINT('',#3006);
#3008=CARTESIAN_POINT('',(9.E-1,-2.4E0,-5.561930279495E0));
#3009=VERTEX_POINT('',#3008);
#3010=CARTESIAN_POINT('',(6.E-1,-5.5E-1,-4.4E0));
#3011=CARTESIAN_POINT('',(6.E-1,-2.5E-1,-4.4E0));
#3012=VERTEX_POINT('',#3010);
#3013=VERTEX_POINT('',#3011);
#3014=CARTESIAN_POINT('',(9.E-1,-5.5E-1,-4.4E0));
#3015=CARTESIAN_POINT('',(9.E-1,-2.5E-1,-4.4E0));
#3016=VERTEX_POINT('',#3014);
#3017=VERTEX_POINT('',#3015);
#3018=CARTESIAN_POINT('',(2.1E0,-2.4E0,-5.8E0));
#3019=CARTESIAN_POINT('',(2.1E0,-6.918191770586E-1,-5.8E0));
#3020=VERTEX_POINT('',#3018);
#3021=VERTEX_POINT('',#3019);
#3022=CARTESIAN_POINT('',(2.4E0,-2.4E0,-5.8E0));
#3023=CARTESIAN_POINT('',(2.4E0,-6.918191770586E-1,-5.8E0));
#3024=VERTEX_POINT('',#3022);
#3025=VERTEX_POINT('',#3023);
#3026=CARTESIAN_POINT('',(2.1E0,-2.4E0,-5.561930279495E0));
#3027=VERTEX_POINT('',#3026);
#3028=CARTESIAN_POINT('',(2.4E0,-2.4E0,-5.561930279495E0));
#3029=VERTEX_POINT('',#3028);
#3030=CARTESIAN_POINT('',(2.1E0,-5.5E-1,-4.4E0));
#3031=CARTESIAN_POINT('',(2.1E0,-2.5E-1,-4.4E0));
#3032=VERTEX_POINT('',#3030);
#3033=VERTEX_POINT('',#3031);
#3034=CARTESIAN_POINT('',(2.4E0,-5.5E-1,-4.4E0));
#3035=CARTESIAN_POINT('',(2.4E0,-2.5E-1,-4.4E0));
#3036=VERTEX_POINT('',#3034);
#3037=VERTEX_POINT('',#3035);
#3038=CARTESIAN_POINT('',(-3.925E0,2.4E0,-4.4E0));
#3039=CARTESIAN_POINT('',(-4.025E0,2.1E0,-4.4E0));
#3040=VERTEX_POINT('',#3038);
#3041=VERTEX_POINT('',#3039);
#3042=CARTESIAN_POINT('',(-4.025E0,2.1E0,-4.2E0));
#3043=CARTESIAN_POINT('',(-4.025E0,2.1E0,-3.85E0));
#3044=VERTEX_POINT('',#3042);
#3045=VERTEX_POINT('',#3043);
#3046=CARTESIAN_POINT('',(-3.925E0,2.4E0,-4.2E0));
#3047=VERTEX_POINT('',#3046);
#3048=CARTESIAN_POINT('',(-3.925E0,2.4E0,-3.75E0));
#3049=VERTEX_POINT('',#3048);
#3050=CARTESIAN_POINT('',(4.025E0,2.1E0,-3.85E0));
#3051=CARTESIAN_POINT('',(4.025E0,2.1E0,-4.2E0));
#3052=VERTEX_POINT('',#3050);
#3053=VERTEX_POINT('',#3051);
#3054=CARTESIAN_POINT('',(3.925E0,2.4E0,-3.75E0));
#3055=CARTESIAN_POINT('',(3.925E0,2.4E0,-4.2E0));
#3056=VERTEX_POINT('',#3054);
#3057=VERTEX_POINT('',#3055);
#3058=CARTESIAN_POINT('',(3.925E0,2.4E0,-4.4E0));
#3059=VERTEX_POINT('',#3058);
#3060=CARTESIAN_POINT('',(-4.025E0,1.55E0,-5.55E0));
#3061=CARTESIAN_POINT('',(-4.375E0,1.55E0,-5.9E0));
#3062=VERTEX_POINT('',#3060);
#3063=VERTEX_POINT('',#3061);
#3064=CARTESIAN_POINT('',(-4.375E0,1.55E0,-5.65E0));
#3065=CARTESIAN_POINT('',(-4.275E0,1.55E0,-5.55E0));
#3066=VERTEX_POINT('',#3064);
#3067=VERTEX_POINT('',#3065);
#3068=CARTESIAN_POINT('',(4.275E0,1.55E0,-5.55E0));
#3069=CARTESIAN_POINT('',(4.375E0,1.55E0,-5.65E0));
#3070=VERTEX_POINT('',#3068);
#3071=VERTEX_POINT('',#3069);
#3072=CARTESIAN_POINT('',(4.375E0,1.55E0,-5.9E0));
#3073=CARTESIAN_POINT('',(4.025E0,1.55E0,-5.55E0));
#3074=VERTEX_POINT('',#3072);
#3075=VERTEX_POINT('',#3073);
#3076=CARTESIAN_POINT('',(-4.025E0,-4.5E-1,-5.55E0));
#3077=CARTESIAN_POINT('',(-4.375E0,-4.5E-1,-5.9E0));
#3078=VERTEX_POINT('',#3076);
#3079=VERTEX_POINT('',#3077);
#3080=CARTESIAN_POINT('',(-4.375E0,-4.5E-1,-5.65E0));
#3081=CARTESIAN_POINT('',(-4.275E0,-4.5E-1,-5.55E0));
#3082=VERTEX_POINT('',#3080);
#3083=VERTEX_POINT('',#3081);
#3084=CARTESIAN_POINT('',(4.275E0,-4.5E-1,-5.55E0));
#3085=CARTESIAN_POINT('',(4.375E0,-4.5E-1,-5.65E0));
#3086=VERTEX_POINT('',#3084);
#3087=VERTEX_POINT('',#3085);
#3088=CARTESIAN_POINT('',(4.375E0,-4.5E-1,-5.9E0));
#3089=CARTESIAN_POINT('',(4.025E0,-4.5E-1,-5.55E0));
#3090=VERTEX_POINT('',#3088);
#3091=VERTEX_POINT('',#3089);
#3092=CARTESIAN_POINT('',(4.025E0,1.55E0,-5.42E0));
#3093=CARTESIAN_POINT('',(4.025E0,1.55E0,-4.4E0));
#3094=VERTEX_POINT('',#3092);
#3095=VERTEX_POINT('',#3093);
#3096=CARTESIAN_POINT('',(4.025E0,1.55E0,-4.2E0));
#3097=CARTESIAN_POINT('',(4.025E0,1.55E0,-3.85E0));
#3098=VERTEX_POINT('',#3096);
#3099=VERTEX_POINT('',#3097);
#3100=CARTESIAN_POINT('',(4.025E0,-4.5E-1,-5.42E0));
#3101=CARTESIAN_POINT('',(4.025E0,-4.5E-1,-4.9E0));
#3102=VERTEX_POINT('',#3100);
#3103=VERTEX_POINT('',#3101);
#3104=CARTESIAN_POINT('',(4.275E0,1.55E0,-3.85E0));
#3105=VERTEX_POINT('',#3104);
#3106=CARTESIAN_POINT('',(4.275E0,7.5E-1,-4.5E0));
#3107=CARTESIAN_POINT('',(4.275E0,7.5E-1,-4.8E0));
#3108=VERTEX_POINT('',#3106);
#3109=VERTEX_POINT('',#3107);
#3110=CARTESIAN_POINT('',(4.275E0,-4.5E-1,-4.9E0));
#3111=VERTEX_POINT('',#3110);
#3112=CARTESIAN_POINT('',(4.275E0,6.5E-1,-4.9E0));
#3113=VERTEX_POINT('',#3112);
#3114=CARTESIAN_POINT('',(-4.025E0,1.55E0,-5.42E0));
#3115=CARTESIAN_POINT('',(-4.025E0,1.55E0,-4.4E0));
#3116=VERTEX_POINT('',#3114);
#3117=VERTEX_POINT('',#3115);
#3118=CARTESIAN_POINT('',(-4.025E0,1.55E0,-4.2E0));
#3119=CARTESIAN_POINT('',(-4.025E0,1.55E0,-3.85E0));
#3120=VERTEX_POINT('',#3118);
#3121=VERTEX_POINT('',#3119);
#3122=CARTESIAN_POINT('',(-4.025E0,-4.5E-1,-5.42E0));
#3123=CARTESIAN_POINT('',(-4.025E0,-4.5E-1,-4.9E0));
#3124=VERTEX_POINT('',#3122);
#3125=VERTEX_POINT('',#3123);
#3126=CARTESIAN_POINT('',(-4.275E0,7.5E-1,-4.8E0));
#3127=CARTESIAN_POINT('',(-4.275E0,7.5E-1,-4.5E0));
#3128=VERTEX_POINT('',#3126);
#3129=VERTEX_POINT('',#3127);
#3130=CARTESIAN_POINT('',(-4.275E0,1.55E0,-3.85E0));
#3131=VERTEX_POINT('',#3130);
#3132=CARTESIAN_POINT('',(-4.275E0,-4.5E-1,-4.9E0));
#3133=VERTEX_POINT('',#3132);
#3134=CARTESIAN_POINT('',(-4.275E0,6.5E-1,-4.9E0));
#3135=VERTEX_POINT('',#3134);
#3136=CARTESIAN_POINT('',(-4.275E0,6.5E-1,-4.4E0));
#3137=VERTEX_POINT('',#3136);
#3138=CARTESIAN_POINT('',(4.275E0,6.5E-1,-4.4E0));
#3139=VERTEX_POINT('',#3138);
#3140=CARTESIAN_POINT('',(4.025E0,2.1E0,-4.4E0));
#3141=VERTEX_POINT('',#3140);
#3142=CARTESIAN_POINT('',(4.575E0,1.55E0,-5.9E0));
#3143=CARTESIAN_POINT('',(4.875E0,1.25E0,-5.9E0));
#3144=VERTEX_POINT('',#3142);
#3145=VERTEX_POINT('',#3143);
#3146=CARTESIAN_POINT('',(4.875E0,1.25E0,-5.65E0));
#3147=VERTEX_POINT('',#3146);
#3148=CARTESIAN_POINT('',(4.575E0,1.55E0,-5.65E0));
#3149=VERTEX_POINT('',#3148);
#3150=CARTESIAN_POINT('',(4.575E0,-4.5E-1,-5.65E0));
#3151=CARTESIAN_POINT('',(4.875E0,-1.5E-1,-5.65E0));
#3152=VERTEX_POINT('',#3150);
#3153=VERTEX_POINT('',#3151);
#3154=CARTESIAN_POINT('',(4.875E0,-1.5E-1,-5.9E0));
#3155=VERTEX_POINT('',#3154);
#3156=CARTESIAN_POINT('',(4.575E0,-4.5E-1,-5.9E0));
#3157=VERTEX_POINT('',#3156);
#3158=CARTESIAN_POINT('',(-4.575E0,1.55E0,-5.65E0));
#3159=CARTESIAN_POINT('',(-4.875E0,1.25E0,-5.65E0));
#3160=VERTEX_POINT('',#3158);
#3161=VERTEX_POINT('',#3159);
#3162=CARTESIAN_POINT('',(-4.875E0,1.25E0,-5.9E0));
#3163=VERTEX_POINT('',#3162);
#3164=CARTESIAN_POINT('',(-4.575E0,1.55E0,-5.9E0));
#3165=VERTEX_POINT('',#3164);
#3166=CARTESIAN_POINT('',(-4.575E0,-4.5E-1,-5.9E0));
#3167=CARTESIAN_POINT('',(-4.875E0,-1.5E-1,-5.9E0));
#3168=VERTEX_POINT('',#3166);
#3169=VERTEX_POINT('',#3167);
#3170=CARTESIAN_POINT('',(-4.875E0,-1.5E-1,-5.65E0));
#3171=VERTEX_POINT('',#3170);
#3172=CARTESIAN_POINT('',(-4.575E0,-4.5E-1,-5.65E0));
#3173=VERTEX_POINT('',#3172);
#3174=CARTESIAN_POINT('',(4.7E0,2.1E0,-3.85E0));
#3175=CARTESIAN_POINT('',(4.7E0,2.4E0,-3.75E0));
#3176=VERTEX_POINT('',#3174);
#3177=VERTEX_POINT('',#3175);
#3178=CARTESIAN_POINT('',(-4.7E0,2.4E0,-3.75E0));
#3179=CARTESIAN_POINT('',(-4.7E0,2.1E0,-3.85E0));
#3180=VERTEX_POINT('',#3178);
#3181=VERTEX_POINT('',#3179);
#3182=CARTESIAN_POINT('',(-3.645E0,2.4E0,-5.8E0));
#3183=CARTESIAN_POINT('',(-3.925E0,2.4E0,-5.52E0));
#3184=VERTEX_POINT('',#3182);
#3185=VERTEX_POINT('',#3183);
#3186=CARTESIAN_POINT('',(-4.025E0,2.1E0,-5.42E0));
#3187=VERTEX_POINT('',#3186);
#3188=CARTESIAN_POINT('',(-3.645E0,-6.E-1,-5.8E0));
#3189=VERTEX_POINT('',#3188);
#3190=CARTESIAN_POINT('',(4.025E0,2.1E0,-5.42E0));
#3191=CARTESIAN_POINT('',(3.925E0,2.4E0,-5.52E0));
#3192=VERTEX_POINT('',#3190);
#3193=VERTEX_POINT('',#3191);
#3194=CARTESIAN_POINT('',(3.645E0,2.4E0,-5.8E0));
#3195=VERTEX_POINT('',#3194);
#3196=CARTESIAN_POINT('',(3.645E0,-6.E-1,-5.8E0));
#3197=VERTEX_POINT('',#3196);
#3198=CARTESIAN_POINT('',(4.025E0,-6.E-1,-5.42E0));
#3199=VERTEX_POINT('',#3198);
#3200=CARTESIAN_POINT('',(-4.025E0,-6.E-1,-5.42E0));
#3201=VERTEX_POINT('',#3200);
#3202=CARTESIAN_POINT('',(-4.025E0,-1.5E0,-2.65E0));
#3203=CARTESIAN_POINT('',(-4.3E0,-1.5E0,-2.65E0));
#3204=VERTEX_POINT('',#3202);
#3205=VERTEX_POINT('',#3203);
#3206=CARTESIAN_POINT('',(-4.3E0,-1.92E0,-2.65E0));
#3207=VERTEX_POINT('',#3206);
#3208=CARTESIAN_POINT('',(-4.025E0,-1.92E0,-2.65E0));
#3209=VERTEX_POINT('',#3208);
#3210=CARTESIAN_POINT('',(-3.925E0,-1.E0,-2.65E0));
#3211=CARTESIAN_POINT('',(-3.925E0,-8.E-1,-2.65E0));
#3212=VERTEX_POINT('',#3210);
#3213=VERTEX_POINT('',#3211);
#3214=CARTESIAN_POINT('',(-4.025E0,-8.E-1,-2.65E0));
#3215=VERTEX_POINT('',#3214);
#3216=CARTESIAN_POINT('',(-4.025E0,-4.5E-1,-2.65E0));
#3217=VERTEX_POINT('',#3216);
#3218=CARTESIAN_POINT('',(-4.3E0,-4.5E-1,-2.65E0));
#3219=VERTEX_POINT('',#3218);
#3220=CARTESIAN_POINT('',(4.4E0,-1.E0,-2.65E0));
#3221=CARTESIAN_POINT('',(4.4E0,-8.E-1,-2.65E0));
#3222=VERTEX_POINT('',#3220);
#3223=VERTEX_POINT('',#3221);
#3224=CARTESIAN_POINT('',(4.4E0,-8.E-1,-9.E-1));
#3225=VERTEX_POINT('',#3224);
#3226=CARTESIAN_POINT('',(4.5E0,-7.E-1,-8.E-1));
#3227=VERTEX_POINT('',#3226);
#3228=CARTESIAN_POINT('',(-4.025E0,-1.E0,-9.E-1));
#3229=VERTEX_POINT('',#3228);
#3230=CARTESIAN_POINT('',(-4.3E0,-4.5E-1,-9.E-1));
#3231=VERTEX_POINT('',#3230);
#3232=CARTESIAN_POINT('',(-4.3E0,-1.92E0,-2.25E0));
#3233=CARTESIAN_POINT('',(-4.3E0,-1.5E0,-2.25E0));
#3234=VERTEX_POINT('',#3232);
#3235=VERTEX_POINT('',#3233);
#3236=CARTESIAN_POINT('',(-4.4E0,-2.02E0,-2.15E0));
#3237=VERTEX_POINT('',#3236);
#3238=CARTESIAN_POINT('',(-4.025E0,-1.92E0,-2.25E0));
#3239=VERTEX_POINT('',#3238);
#3240=CARTESIAN_POINT('',(-2.15625E0,-1.8E0,-4.39E0));
#3241=CARTESIAN_POINT('',(-2.15625E0,-1.05E0,-4.39E0));
#3242=VERTEX_POINT('',#3240);
#3243=VERTEX_POINT('',#3241);
#3244=CARTESIAN_POINT('',(-2.25E0,-1.05E0,-4.39E0));
#3245=VERTEX_POINT('',#3244);
#3246=CARTESIAN_POINT('',(-2.34375E0,-1.161702114344E0,-4.39E0));
#3247=VERTEX_POINT('',#3246);
#3248=CARTESIAN_POINT('',(-2.34375E0,-1.289361718297E0,-4.39E0));
#3249=VERTEX_POINT('',#3248);
#3250=CARTESIAN_POINT('',(-2.25E0,-1.177659559250E0,-4.39E0));
#3251=VERTEX_POINT('',#3250);
#3252=CARTESIAN_POINT('',(-2.25E0,-1.8E0,-4.39E0));
#3253=VERTEX_POINT('',#3252);
#3254=CARTESIAN_POINT('',(-2.15625E0,-1.8E0,-4.4E0));
#3255=CARTESIAN_POINT('',(-2.15625E0,-1.05E0,-4.4E0));
#3256=VERTEX_POINT('',#3254);
#3257=VERTEX_POINT('',#3255);
#3258=CARTESIAN_POINT('',(-2.25E0,-1.05E0,-4.4E0));
#3259=VERTEX_POINT('',#3258);
#3260=CARTESIAN_POINT('',(-2.34375E0,-1.161702114344E0,-4.4E0));
#3261=VERTEX_POINT('',#3260);
#3262=CARTESIAN_POINT('',(-2.34375E0,-1.289361718297E0,-4.4E0));
#3263=VERTEX_POINT('',#3262);
#3264=CARTESIAN_POINT('',(-2.25E0,-1.177659559250E0,-4.4E0));
#3265=VERTEX_POINT('',#3264);
#3266=CARTESIAN_POINT('',(-2.25E0,-1.8E0,-4.4E0));
#3267=VERTEX_POINT('',#3266);
#3268=CARTESIAN_POINT('',(-2.4E0,-3.265452080061E0,-5.593407839354E0));
#3269=CARTESIAN_POINT('',(-2.4E0,-3.254547919942E0,-5.893209606013E0));
#3270=VERTEX_POINT('',#3268);
#3271=VERTEX_POINT('',#3269);
#3272=CARTESIAN_POINT('',(-2.4E0,-2.5E-1,-2.1E0));
#3273=CARTESIAN_POINT('',(-2.4E0,-5.5E-1,-2.1E0));
#3274=VERTEX_POINT('',#3272);
#3275=VERTEX_POINT('',#3273);
#3276=CARTESIAN_POINT('',(-2.1E0,-3.265452080061E0,-5.593407839354E0));
#3277=CARTESIAN_POINT('',(-2.1E0,-3.254547919942E0,-5.893209606013E0));
#3278=VERTEX_POINT('',#3276);
#3279=VERTEX_POINT('',#3277);
#3280=CARTESIAN_POINT('',(-2.1E0,-2.5E-1,-2.1E0));
#3281=CARTESIAN_POINT('',(-2.1E0,-5.5E-1,-2.1E0));
#3282=VERTEX_POINT('',#3280);
#3283=VERTEX_POINT('',#3281);
#3284=CARTESIAN_POINT('',(-9.E-1,-3.265452080061E0,-5.593407839354E0));
#3285=CARTESIAN_POINT('',(-9.E-1,-3.254547919942E0,-5.893209606013E0));
#3286=VERTEX_POINT('',#3284);
#3287=VERTEX_POINT('',#3285);
#3288=CARTESIAN_POINT('',(-9.E-1,-2.5E-1,-2.1E0));
#3289=CARTESIAN_POINT('',(-9.E-1,-5.5E-1,-2.1E0));
#3290=VERTEX_POINT('',#3288);
#3291=VERTEX_POINT('',#3289);
#3292=CARTESIAN_POINT('',(-6.E-1,-3.265452080061E0,-5.593407839354E0));
#3293=CARTESIAN_POINT('',(-6.E-1,-3.254547919942E0,-5.893209606013E0));
#3294=VERTEX_POINT('',#3292);
#3295=VERTEX_POINT('',#3293);
#3296=CARTESIAN_POINT('',(-6.E-1,-2.5E-1,-2.1E0));
#3297=CARTESIAN_POINT('',(-6.E-1,-5.5E-1,-2.1E0));
#3298=VERTEX_POINT('',#3296);
#3299=VERTEX_POINT('',#3297);
#3300=CARTESIAN_POINT('',(6.E-1,-3.265452080061E0,-5.593407839354E0));
#3301=CARTESIAN_POINT('',(6.E-1,-3.254547919942E0,-5.893209606013E0));
#3302=VERTEX_POINT('',#3300);
#3303=VERTEX_POINT('',#3301);
#3304=CARTESIAN_POINT('',(6.E-1,-2.5E-1,-2.1E0));
#3305=CARTESIAN_POINT('',(6.E-1,-5.5E-1,-2.1E0));
#3306=VERTEX_POINT('',#3304);
#3307=VERTEX_POINT('',#3305);
#3308=CARTESIAN_POINT('',(9.E-1,-3.265452080061E0,-5.593407839354E0));
#3309=CARTESIAN_POINT('',(9.E-1,-3.254547919942E0,-5.893209606013E0));
#3310=VERTEX_POINT('',#3308);
#3311=VERTEX_POINT('',#3309);
#3312=CARTESIAN_POINT('',(9.E-1,-2.5E-1,-2.1E0));
#3313=CARTESIAN_POINT('',(9.E-1,-5.5E-1,-2.1E0));
#3314=VERTEX_POINT('',#3312);
#3315=VERTEX_POINT('',#3313);
#3316=CARTESIAN_POINT('',(2.1E0,-3.265452080061E0,-5.593407839354E0));
#3317=CARTESIAN_POINT('',(2.1E0,-3.254547919942E0,-5.893209606013E0));
#3318=VERTEX_POINT('',#3316);
#3319=VERTEX_POINT('',#3317);
#3320=CARTESIAN_POINT('',(2.1E0,-2.5E-1,-2.1E0));
#3321=CARTESIAN_POINT('',(2.1E0,-5.5E-1,-2.1E0));
#3322=VERTEX_POINT('',#3320);
#3323=VERTEX_POINT('',#3321);
#3324=CARTESIAN_POINT('',(2.4E0,-3.265452080061E0,-5.593407839354E0));
#3325=CARTESIAN_POINT('',(2.4E0,-3.254547919942E0,-5.893209606013E0));
#3326=VERTEX_POINT('',#3324);
#3327=VERTEX_POINT('',#3325);
#3328=CARTESIAN_POINT('',(2.4E0,-2.5E-1,-2.1E0));
#3329=CARTESIAN_POINT('',(2.4E0,-5.5E-1,-2.1E0));
#3330=VERTEX_POINT('',#3328);
#3331=VERTEX_POINT('',#3329);
#3332=CARTESIAN_POINT('',(4.275E0,-2.5E-1,-3.85E0));
#3333=CARTESIAN_POINT('',(4.3E0,-2.5E-1,-3.85E0));
#3334=VERTEX_POINT('',#3332);
#3335=VERTEX_POINT('',#3333);
#3336=CARTESIAN_POINT('',(-4.275E0,-2.5E-1,-3.85E0));
#3337=CARTESIAN_POINT('',(-4.3E0,-2.5E-1,-3.85E0));
#3338=VERTEX_POINT('',#3336);
#3339=VERTEX_POINT('',#3337);
#3340=CARTESIAN_POINT('',(-4.3E0,-2.5E-1,-4.2E0));
#3341=VERTEX_POINT('',#3340);
#3342=CARTESIAN_POINT('',(-4.4E0,-2.5E-1,-4.4E0));
#3343=CARTESIAN_POINT('',(-4.275E0,-2.5E-1,-4.4E0));
#3344=VERTEX_POINT('',#3342);
#3345=VERTEX_POINT('',#3343);
#3346=CARTESIAN_POINT('',(4.3E0,-2.5E-1,-4.2E0));
#3347=VERTEX_POINT('',#3346);
#3348=CARTESIAN_POINT('',(4.4E0,-2.5E-1,-4.2E0));
#3349=VERTEX_POINT('',#3348);
#3350=CARTESIAN_POINT('',(4.4E0,-2.5E-1,-4.4E0));
#3351=VERTEX_POINT('',#3350);
#3352=CARTESIAN_POINT('',(-4.4E0,-2.5E-1,-4.2E0));
#3353=VERTEX_POINT('',#3352);
#3354=CARTESIAN_POINT('',(-3.925E0,1.4E0,-4.4E0));
#3355=CARTESIAN_POINT('',(-4.025E0,1.4E0,-4.4E0));
#3356=VERTEX_POINT('',#3354);
#3357=VERTEX_POINT('',#3355);
#3358=CARTESIAN_POINT('',(3.925E0,1.4E0,-4.4E0));
#3359=CARTESIAN_POINT('',(4.025E0,1.4E0,-4.4E0));
#3360=VERTEX_POINT('',#3358);
#3361=VERTEX_POINT('',#3359);
#3362=CARTESIAN_POINT('',(3.925E0,1.4E0,-4.2E0));
#3363=VERTEX_POINT('',#3362);
#3364=CARTESIAN_POINT('',(4.025E0,1.4E0,-4.2E0));
#3365=VERTEX_POINT('',#3364);
#3366=CARTESIAN_POINT('',(-4.025E0,1.4E0,-4.2E0));
#3367=CARTESIAN_POINT('',(-3.925E0,1.4E0,-4.2E0));
#3368=VERTEX_POINT('',#3366);
#3369=VERTEX_POINT('',#3367);
#3370=CARTESIAN_POINT('',(4.275E0,-2.5E-1,-4.4E0));
#3371=VERTEX_POINT('',#3370);
#3372=CARTESIAN_POINT('',(-4.375E0,1.55E0,-5.9E0));
#3373=DIRECTION('',(0.E0,0.E0,-1.E0));
#3374=DIRECTION('',(-1.E0,0.E0,0.E0));
#3375=AXIS2_PLACEMENT_3D('',#3372,#3373,#3374);
#3376=PLANE('',#3375);
#3378=ORIENTED_EDGE('',*,*,#3377,.F.);
#3380=ORIENTED_EDGE('',*,*,#3379,.T.);
#3382=ORIENTED_EDGE('',*,*,#3381,.F.);
#3384=ORIENTED_EDGE('',*,*,#3383,.F.);
#3386=ORIENTED_EDGE('',*,*,#3385,.F.);
#3388=ORIENTED_EDGE('',*,*,#3387,.T.);
#3389=EDGE_LOOP('',(#3378,#3380,#3382,#3384,#3386,#3388));
#3390=FACE_OUTER_BOUND('',#3389,.F.);
#3392=CARTESIAN_POINT('',(-4.575E0,1.25E0,-1.359124E1));
#3393=DIRECTION('',(0.E0,0.E0,1.E0));
#3394=DIRECTION('',(0.E0,1.E0,0.E0));
#3395=AXIS2_PLACEMENT_3D('',#3392,#3393,#3394);
#3396=CYLINDRICAL_SURFACE('',#3395,3.E-1);
#3398=ORIENTED_EDGE('',*,*,#3397,.T.);
#3400=ORIENTED_EDGE('',*,*,#3399,.F.);
#3401=ORIENTED_EDGE('',*,*,#3377,.T.);
#3403=ORIENTED_EDGE('',*,*,#3402,.T.);
#3404=EDGE_LOOP('',(#3398,#3400,#3401,#3403));
#3405=FACE_OUTER_BOUND('',#3404,.F.);
#3407=CARTESIAN_POINT('',(-4.875E0,1.55E0,-5.65E0));
#3408=DIRECTION('',(0.E0,0.E0,1.E0));
#3409=DIRECTION('',(1.E0,0.E0,0.E0));
#3410=AXIS2_PLACEMENT_3D('',#3407,#3408,#3409);
#3411=PLANE('',#3410);
#3412=ORIENTED_EDGE('',*,*,#3397,.F.);
#3414=ORIENTED_EDGE('',*,*,#3413,.T.);
#3416=ORIENTED_EDGE('',*,*,#3415,.T.);
#3418=ORIENTED_EDGE('',*,*,#3417,.F.);
#3420=ORIENTED_EDGE('',*,*,#3419,.F.);
#3422=ORIENTED_EDGE('',*,*,#3421,.F.);
#3423=EDGE_LOOP('',(#3412,#3414,#3416,#3418,#3420,#3422));
#3424=FACE_OUTER_BOUND('',#3423,.F.);
#3426=CARTESIAN_POINT('',(0.E0,1.55E0,0.E0));
#3427=DIRECTION('',(0.E0,1.E0,0.E0));
#3428=DIRECTION('',(-1.E0,0.E0,0.E0));
#3429=AXIS2_PLACEMENT_3D('',#3426,#3427,#3428);
#3430=PLANE('',#3429);
#3432=ORIENTED_EDGE('',*,*,#3431,.F.);
#3434=ORIENTED_EDGE('',*,*,#3433,.F.);
#3436=ORIENTED_EDGE('',*,*,#3435,.F.);
#3438=ORIENTED_EDGE('',*,*,#3437,.F.);
#3440=ORIENTED_EDGE('',*,*,#3439,.F.);
#3442=ORIENTED_EDGE('',*,*,#3441,.F.);
#3444=ORIENTED_EDGE('',*,*,#3443,.F.);
#3446=ORIENTED_EDGE('',*,*,#3445,.F.);
#3448=ORIENTED_EDGE('',*,*,#3447,.F.);
#3450=ORIENTED_EDGE('',*,*,#3449,.F.);
#3452=ORIENTED_EDGE('',*,*,#3451,.F.);
#3453=EDGE_LOOP('',(#3432,#3434,#3436,#3438,#3440,#3442,#3444,#3446,#3448,#3450,
#3452));
#3454=FACE_OUTER_BOUND('',#3453,.F.);
#3456=CARTESIAN_POINT('',(0.E0,1.55E0,0.E0));
#3457=DIRECTION('',(0.E0,1.E0,0.E0));
#3458=DIRECTION('',(-1.E0,0.E0,0.E0));
#3459=AXIS2_PLACEMENT_3D('',#3456,#3457,#3458);
#3460=PLANE('',#3459);
#3461=ORIENTED_EDGE('',*,*,#3402,.F.);
#3462=ORIENTED_EDGE('',*,*,#3387,.F.);
#3464=ORIENTED_EDGE('',*,*,#3463,.F.);
#3466=ORIENTED_EDGE('',*,*,#3465,.F.);
#3468=ORIENTED_EDGE('',*,*,#3467,.T.);
#3470=ORIENTED_EDGE('',*,*,#3469,.F.);
#3472=ORIENTED_EDGE('',*,*,#3471,.T.);
#3474=ORIENTED_EDGE('',*,*,#3473,.T.);
#3476=ORIENTED_EDGE('',*,*,#3475,.F.);
#3478=ORIENTED_EDGE('',*,*,#3477,.F.);
#3479=ORIENTED_EDGE('',*,*,#3413,.F.);
#3480=EDGE_LOOP('',(#3461,#3462,#3464,#3466,#3468,#3470,#3472,#3474,#3476,#3478,
#3479));
#3481=FACE_OUTER_BOUND('',#3480,.F.);
#3483=CARTESIAN_POINT('',(4.575E0,1.25E0,7.69124E0));
#3484=DIRECTION('',(0.E0,0.E0,-1.E0));
#3485=DIRECTION('',(0.E0,1.E0,0.E0));
#3486=AXIS2_PLACEMENT_3D('',#3483,#3484,#3485);
#3487=CYLINDRICAL_SURFACE('',#3486,3.E-1);
#3489=ORIENTED_EDGE('',*,*,#3488,.T.);
#3491=ORIENTED_EDGE('',*,*,#3490,.F.);
#3493=ORIENTED_EDGE('',*,*,#3492,.T.);
#3494=ORIENTED_EDGE('',*,*,#3431,.T.);
#3495=EDGE_LOOP('',(#3489,#3491,#3493,#3494));
#3496=FACE_OUTER_BOUND('',#3495,.F.);
#3498=CARTESIAN_POINT('',(4.875E0,1.55E0,-5.9E0));
#3499=DIRECTION('',(0.E0,0.E0,-1.E0));
#3500=DIRECTION('',(-1.E0,0.E0,0.E0));
#3501=AXIS2_PLACEMENT_3D('',#3498,#3499,#3500);
#3502=PLANE('',#3501);
#3503=ORIENTED_EDGE('',*,*,#3488,.F.);
#3504=ORIENTED_EDGE('',*,*,#3451,.T.);
#3506=ORIENTED_EDGE('',*,*,#3505,.T.);
#3508=ORIENTED_EDGE('',*,*,#3507,.F.);
#3510=ORIENTED_EDGE('',*,*,#3509,.F.);
#3512=ORIENTED_EDGE('',*,*,#3511,.F.);
#3513=EDGE_LOOP('',(#3503,#3504,#3506,#3508,#3510,#3512));
#3514=FACE_OUTER_BOUND('',#3513,.F.);
#3516=CARTESIAN_POINT('',(4.375E0,1.55E0,-5.55E0));
#3517=DIRECTION('',(0.E0,1.E0,0.E0));
#3518=DIRECTION('',(-1.E0,0.E0,0.E0));
#3519=AXIS2_PLACEMENT_3D('',#3516,#3517,#3518);
#3520=CYLINDRICAL_SURFACE('',#3519,3.5E-1);
#3521=ORIENTED_EDGE('',*,*,#3449,.T.);
#3523=ORIENTED_EDGE('',*,*,#3522,.T.);
#3525=ORIENTED_EDGE('',*,*,#3524,.F.);
#3526=ORIENTED_EDGE('',*,*,#3505,.F.);
#3527=EDGE_LOOP('',(#3521,#3523,#3525,#3526));
#3528=FACE_OUTER_BOUND('',#3527,.F.);
#3530=CARTESIAN_POINT('',(4.025E0,1.55E0,-5.55E0));
#3531=DIRECTION('',(-1.E0,0.E0,0.E0));
#3532=DIRECTION('',(0.E0,0.E0,1.E0));
#3533=AXIS2_PLACEMENT_3D('',#3530,#3531,#3532);
#3534=PLANE('',#3533);
#3535=ORIENTED_EDGE('',*,*,#3447,.T.);
#3537=ORIENTED_EDGE('',*,*,#3536,.F.);
#3539=ORIENTED_EDGE('',*,*,#3538,.F.);
#3540=ORIENTED_EDGE('',*,*,#3522,.F.);
#3541=EDGE_LOOP('',(#3535,#3537,#3539,#3540));
#3542=FACE_OUTER_BOUND('',#3541,.F.);
#3544=CARTESIAN_POINT('',(4.025E0,1.55E0,-5.55E0));
#3545=DIRECTION('',(-1.E0,0.E0,0.E0));
#3546=DIRECTION('',(0.E0,0.E0,1.E0));
#3547=AXIS2_PLACEMENT_3D('',#3544,#3545,#3546);
#3548=PLANE('',#3547);
#3550=ORIENTED_EDGE('',*,*,#3549,.T.);
#3552=ORIENTED_EDGE('',*,*,#3551,.F.);
#3553=ORIENTED_EDGE('',*,*,#3443,.T.);
#3555=ORIENTED_EDGE('',*,*,#3554,.F.);
#3556=EDGE_LOOP('',(#3550,#3552,#3553,#3555));
#3557=FACE_OUTER_BOUND('',#3556,.F.);
#3559=CARTESIAN_POINT('',(3.835E0,7.5E-1,-5.61E0));
#3560=DIRECTION('',(7.071067811865E-1,0.E0,-7.071067811865E-1));
#3561=DIRECTION('',(7.071067811865E-1,0.E0,7.071067811865E-1));
#3562=AXIS2_PLACEMENT_3D('',#3559,#3560,#3561);
#3563=PLANE('',#3562);
#3564=ORIENTED_EDGE('',*,*,#3536,.T.);
#3566=ORIENTED_EDGE('',*,*,#3565,.F.);
#3568=ORIENTED_EDGE('',*,*,#3567,.T.);
#3570=ORIENTED_EDGE('',*,*,#3569,.T.);
#3572=ORIENTED_EDGE('',*,*,#3571,.T.);
#3574=ORIENTED_EDGE('',*,*,#3573,.T.);
#3576=ORIENTED_EDGE('',*,*,#3575,.F.);
#3577=EDGE_LOOP('',(#3564,#3566,#3568,#3570,#3572,#3574,#3576));
#3578=FACE_OUTER_BOUND('',#3577,.F.);
#3580=CARTESIAN_POINT('',(4.025E0,0.E0,0.E0));
#3581=DIRECTION('',(1.E0,0.E0,0.E0));
#3582=DIRECTION('',(0.E0,0.E0,-1.E0));
#3583=AXIS2_PLACEMENT_3D('',#3580,#3581,#3582);
#3584=PLANE('',#3583);
#3586=ORIENTED_EDGE('',*,*,#3585,.T.);
#3588=ORIENTED_EDGE('',*,*,#3587,.T.);
#3590=ORIENTED_EDGE('',*,*,#3589,.T.);
#3592=ORIENTED_EDGE('',*,*,#3591,.T.);
#3593=EDGE_LOOP('',(#3586,#3588,#3590,#3592));
#3594=FACE_OUTER_BOUND('',#3593,.F.);
#3596=CARTESIAN_POINT('',(4.025E0,0.E0,0.E0));
#3597=DIRECTION('',(1.E0,0.E0,0.E0));
#3598=DIRECTION('',(0.E0,0.E0,-1.E0));
#3599=AXIS2_PLACEMENT_3D('',#3596,#3597,#3598);
#3600=PLANE('',#3599);
#3602=ORIENTED_EDGE('',*,*,#3601,.T.);
#3604=ORIENTED_EDGE('',*,*,#3603,.T.);
#3606=ORIENTED_EDGE('',*,*,#3605,.F.);
#3608=ORIENTED_EDGE('',*,*,#3607,.F.);
#3610=ORIENTED_EDGE('',*,*,#3609,.F.);
#3612=ORIENTED_EDGE('',*,*,#3611,.F.);
#3614=ORIENTED_EDGE('',*,*,#3613,.T.);
#3616=ORIENTED_EDGE('',*,*,#3615,.F.);
#3618=ORIENTED_EDGE('',*,*,#3617,.F.);
#3620=ORIENTED_EDGE('',*,*,#3619,.F.);
#3622=ORIENTED_EDGE('',*,*,#3621,.T.);
#3623=EDGE_LOOP('',(#3602,#3604,#3606,#3608,#3610,#3612,#3614,#3616,#3618,#3620,
#3622));
#3624=FACE_OUTER_BOUND('',#3623,.F.);
#3626=CARTESIAN_POINT('',(4.025E0,0.E0,0.E0));
#3627=DIRECTION('',(1.E0,0.E0,0.E0));
#3628=DIRECTION('',(0.E0,0.E0,-1.E0));
#3629=AXIS2_PLACEMENT_3D('',#3626,#3627,#3628);
#3630=PLANE('',#3629);
#3631=ORIENTED_EDGE('',*,*,#3445,.T.);
#3633=ORIENTED_EDGE('',*,*,#3632,.T.);
#3635=ORIENTED_EDGE('',*,*,#3634,.T.);
#3636=ORIENTED_EDGE('',*,*,#3565,.T.);
#3637=EDGE_LOOP('',(#3631,#3633,#3635,#3636));
#3638=FACE_OUTER_BOUND('',#3637,.F.);
#3640=CARTESIAN_POINT('',(4.025E0,0.E0,0.E0));
#3641=DIRECTION('',(1.E0,0.E0,0.E0));
#3642=DIRECTION('',(0.E0,0.E0,-1.E0));
#3643=AXIS2_PLACEMENT_3D('',#3640,#3641,#3642);
#3644=PLANE('',#3643);
#3645=ORIENTED_EDGE('',*,*,#3441,.T.);
#3647=ORIENTED_EDGE('',*,*,#3646,.F.);
#3649=ORIENTED_EDGE('',*,*,#3648,.T.);
#3651=ORIENTED_EDGE('',*,*,#3650,.T.);
#3652=EDGE_LOOP('',(#3645,#3647,#3649,#3651));
#3653=FACE_OUTER_BOUND('',#3652,.F.);
#3655=CARTESIAN_POINT('',(4.025E0,0.E0,0.E0));
#3656=DIRECTION('',(1.E0,0.E0,0.E0));
#3657=DIRECTION('',(0.E0,0.E0,-1.E0));
#3658=AXIS2_PLACEMENT_3D('',#3655,#3656,#3657);
#3659=PLANE('',#3658);
#3661=ORIENTED_EDGE('',*,*,#3660,.F.);
#3662=ORIENTED_EDGE('',*,*,#3575,.T.);
#3664=ORIENTED_EDGE('',*,*,#3663,.F.);
#3666=ORIENTED_EDGE('',*,*,#3665,.F.);
#3668=ORIENTED_EDGE('',*,*,#3667,.F.);
#3670=ORIENTED_EDGE('',*,*,#3669,.F.);
#3671=EDGE_LOOP('',(#3661,#3662,#3664,#3666,#3668,#3670));
#3672=FACE_OUTER_BOUND('',#3671,.F.);
#3674=CARTESIAN_POINT('',(3.975E0,-6.25E-1,-1.5E-1));
#3675=DIRECTION('',(9.486832980505E-1,0.E0,3.162277660168E-1));
#3676=DIRECTION('',(3.162277660168E-1,0.E0,-9.486832980505E-1));
#3677=AXIS2_PLACEMENT_3D('',#3674,#3675,#3676);
#3678=PLANE('',#3677);
#3680=ORIENTED_EDGE('',*,*,#3679,.T.);
#3682=ORIENTED_EDGE('',*,*,#3681,.T.);
#3684=ORIENTED_EDGE('',*,*,#3683,.F.);
#3685=ORIENTED_EDGE('',*,*,#3585,.F.);
#3686=EDGE_LOOP('',(#3680,#3682,#3684,#3685));
#3687=FACE_OUTER_BOUND('',#3686,.F.);
#3689=CARTESIAN_POINT('',(4.025E0,-8.E-1,0.E0));
#3690=DIRECTION('',(0.E0,1.E0,0.E0));
#3691=DIRECTION('',(-1.E0,0.E0,0.E0));
#3692=AXIS2_PLACEMENT_3D('',#3689,#3690,#3691);
#3693=PLANE('',#3692);
#3694=ORIENTED_EDGE('',*,*,#3679,.F.);
#3695=ORIENTED_EDGE('',*,*,#3591,.F.);
#3697=ORIENTED_EDGE('',*,*,#3696,.T.);
#3699=ORIENTED_EDGE('',*,*,#3698,.F.);
#3700=EDGE_LOOP('',(#3694,#3695,#3697,#3699));
#3701=FACE_OUTER_BOUND('',#3700,.F.);
#3703=CARTESIAN_POINT('',(0.E0,0.E0,-2.65E0));
#3704=DIRECTION('',(0.E0,0.E0,1.E0));
#3705=DIRECTION('',(1.E0,0.E0,0.E0));
#3706=AXIS2_PLACEMENT_3D('',#3703,#3704,#3705);
#3707=PLANE('',#3706);
#3708=ORIENTED_EDGE('',*,*,#3613,.F.);
#3710=ORIENTED_EDGE('',*,*,#3709,.F.);
#3712=ORIENTED_EDGE('',*,*,#3711,.F.);
#3714=ORIENTED_EDGE('',*,*,#3713,.F.);
#3715=EDGE_LOOP('',(#3708,#3710,#3712,#3714));
#3716=FACE_OUTER_BOUND('',#3715,.F.);
#3718=CARTESIAN_POINT('',(0.E0,0.E0,-2.65E0));
#3719=DIRECTION('',(0.E0,0.E0,1.E0));
#3720=DIRECTION('',(1.E0,0.E0,0.E0));
#3721=AXIS2_PLACEMENT_3D('',#3718,#3719,#3720);
#3722=PLANE('',#3721);
#3724=ORIENTED_EDGE('',*,*,#3723,.F.);
#3726=ORIENTED_EDGE('',*,*,#3725,.F.);
#3728=ORIENTED_EDGE('',*,*,#3727,.F.);
#3730=ORIENTED_EDGE('',*,*,#3729,.F.);
#3731=EDGE_LOOP('',(#3724,#3726,#3728,#3730));
#3732=FACE_OUTER_BOUND('',#3731,.F.);
#3734=CARTESIAN_POINT('',(0.E0,0.E0,-2.65E0));
#3735=DIRECTION('',(0.E0,0.E0,1.E0));
#3736=DIRECTION('',(1.E0,0.E0,0.E0));
#3737=AXIS2_PLACEMENT_3D('',#3734,#3735,#3736);
#3738=PLANE('',#3737);
#3740=ORIENTED_EDGE('',*,*,#3739,.T.);
#3742=ORIENTED_EDGE('',*,*,#3741,.F.);
#3744=ORIENTED_EDGE('',*,*,#3743,.F.);
#3746=ORIENTED_EDGE('',*,*,#3745,.F.);
#3748=ORIENTED_EDGE('',*,*,#3747,.F.);
#3750=ORIENTED_EDGE('',*,*,#3749,.F.);
#3752=ORIENTED_EDGE('',*,*,#3751,.F.);
#3754=ORIENTED_EDGE('',*,*,#3753,.F.);
#3755=EDGE_LOOP('',(#3740,#3742,#3744,#3746,#3748,#3750,#3752,#3754));
#3756=FACE_OUTER_BOUND('',#3755,.F.);
#3758=CARTESIAN_POINT('',(0.E0,0.E0,-2.65E0));
#3759=DIRECTION('',(0.E0,0.E0,1.E0));
#3760=DIRECTION('',(1.E0,0.E0,0.E0));
#3761=AXIS2_PLACEMENT_3D('',#3758,#3759,#3760);
#3762=PLANE('',#3761);
#3764=ORIENTED_EDGE('',*,*,#3763,.F.);
#3766=ORIENTED_EDGE('',*,*,#3765,.F.);
#3768=ORIENTED_EDGE('',*,*,#3767,.F.);
#3770=ORIENTED_EDGE('',*,*,#3769,.F.);
#3772=ORIENTED_EDGE('',*,*,#3771,.F.);
#3773=ORIENTED_EDGE('',*,*,#3696,.F.);
#3774=ORIENTED_EDGE('',*,*,#3589,.F.);
#3776=ORIENTED_EDGE('',*,*,#3775,.F.);
#3777=EDGE_LOOP('',(#3764,#3766,#3768,#3770,#3772,#3773,#3774,#3776));
#3778=FACE_OUTER_BOUND('',#3777,.F.);
#3780=CARTESIAN_POINT('',(4.7E0,-1.5E0,-2.15E0));
#3781=DIRECTION('',(0.E0,1.E0,0.E0));
#3782=DIRECTION('',(0.E0,0.E0,1.E0));
#3783=AXIS2_PLACEMENT_3D('',#3780,#3781,#3782);
#3784=PLANE('',#3783);
#3786=ORIENTED_EDGE('',*,*,#3785,.T.);
#3788=ORIENTED_EDGE('',*,*,#3787,.F.);
#3790=ORIENTED_EDGE('',*,*,#3789,.T.);
#3791=ORIENTED_EDGE('',*,*,#3709,.T.);
#3792=ORIENTED_EDGE('',*,*,#3611,.T.);
#3794=ORIENTED_EDGE('',*,*,#3793,.T.);
#3796=ORIENTED_EDGE('',*,*,#3795,.F.);
#3797=EDGE_LOOP('',(#3786,#3788,#3790,#3791,#3792,#3794,#3796));
#3798=FACE_OUTER_BOUND('',#3797,.F.);
#3800=CARTESIAN_POINT('',(4.7E0,-2.4E0,-2.15E0));
#3801=DIRECTION('',(0.E0,0.E0,-1.E0));
#3802=DIRECTION('',(0.E0,1.E0,0.E0));
#3803=AXIS2_PLACEMENT_3D('',#3800,#3801,#3802);
#3804=PLANE('',#3803);
#3806=ORIENTED_EDGE('',*,*,#3805,.T.);
#3808=ORIENTED_EDGE('',*,*,#3807,.F.);
#3809=ORIENTED_EDGE('',*,*,#3619,.T.);
#3811=ORIENTED_EDGE('',*,*,#3810,.F.);
#3813=ORIENTED_EDGE('',*,*,#3812,.F.);
#3814=ORIENTED_EDGE('',*,*,#3785,.F.);
#3816=ORIENTED_EDGE('',*,*,#3815,.F.);
#3817=EDGE_LOOP('',(#3806,#3808,#3809,#3811,#3813,#3814,#3816));
#3818=FACE_OUTER_BOUND('',#3817,.F.);
#3820=CARTESIAN_POINT('',(-4.7E0,-2.4E0,0.E0));
#3821=DIRECTION('',(0.E0,-1.E0,0.E0));
#3822=DIRECTION('',(1.E0,0.E0,0.E0));
#3823=AXIS2_PLACEMENT_3D('',#3820,#3821,#3822);
#3824=PLANE('',#3823);
#3826=ORIENTED_EDGE('',*,*,#3825,.F.);
#3828=ORIENTED_EDGE('',*,*,#3827,.F.);
#3830=ORIENTED_EDGE('',*,*,#3829,.T.);
#3832=ORIENTED_EDGE('',*,*,#3831,.F.);
#3834=ORIENTED_EDGE('',*,*,#3833,.F.);
#3836=ORIENTED_EDGE('',*,*,#3835,.F.);
#3838=ORIENTED_EDGE('',*,*,#3837,.T.);
#3840=ORIENTED_EDGE('',*,*,#3839,.F.);
#3842=ORIENTED_EDGE('',*,*,#3841,.F.);
#3844=ORIENTED_EDGE('',*,*,#3843,.F.);
#3846=ORIENTED_EDGE('',*,*,#3845,.T.);
#3848=ORIENTED_EDGE('',*,*,#3847,.F.);
#3850=ORIENTED_EDGE('',*,*,#3849,.F.);
#3852=ORIENTED_EDGE('',*,*,#3851,.F.);
#3854=ORIENTED_EDGE('',*,*,#3853,.F.);
#3856=ORIENTED_EDGE('',*,*,#3855,.F.);
#3858=ORIENTED_EDGE('',*,*,#3857,.F.);
#3860=ORIENTED_EDGE('',*,*,#3859,.T.);
#3862=ORIENTED_EDGE('',*,*,#3861,.T.);
#3864=ORIENTED_EDGE('',*,*,#3863,.T.);
#3866=ORIENTED_EDGE('',*,*,#3865,.F.);
#3868=ORIENTED_EDGE('',*,*,#3867,.T.);
#3870=ORIENTED_EDGE('',*,*,#3869,.T.);
#3872=ORIENTED_EDGE('',*,*,#3871,.T.);
#3874=ORIENTED_EDGE('',*,*,#3873,.F.);
#3876=ORIENTED_EDGE('',*,*,#3875,.T.);
#3878=ORIENTED_EDGE('',*,*,#3877,.F.);
#3879=ORIENTED_EDGE('',*,*,#3805,.F.);
#3881=ORIENTED_EDGE('',*,*,#3880,.T.);
#3883=ORIENTED_EDGE('',*,*,#3882,.F.);
#3885=ORIENTED_EDGE('',*,*,#3884,.T.);
#3887=ORIENTED_EDGE('',*,*,#3886,.F.);
#3888=EDGE_LOOP('',(#3826,#3828,#3830,#3832,#3834,#3836,#3838,#3840,#3842,#3844,
#3846,#3848,#3850,#3852,#3854,#3856,#3858,#3860,#3862,#3864,#3866,#3868,#3870,
#3872,#3874,#3876,#3878,#3879,#3881,#3883,#3885,#3887));
#3889=FACE_OUTER_BOUND('',#3888,.F.);
#3891=CARTESIAN_POINT('',(2.1E0,0.E0,-4.4E0));
#3892=DIRECTION('',(1.E0,0.E0,0.E0));
#3893=DIRECTION('',(0.E0,1.E0,0.E0));
#3894=AXIS2_PLACEMENT_3D('',#3891,#3892,#3893);
#3895=PLANE('',#3894);
#3897=ORIENTED_EDGE('',*,*,#3896,.F.);
#3898=ORIENTED_EDGE('',*,*,#3825,.T.);
#3900=ORIENTED_EDGE('',*,*,#3899,.T.);
#3902=ORIENTED_EDGE('',*,*,#3901,.T.);
#3904=ORIENTED_EDGE('',*,*,#3903,.T.);
#3905=EDGE_LOOP('',(#3897,#3898,#3900,#3902,#3904));
#3906=FACE_OUTER_BOUND('',#3905,.F.);
#3908=CARTESIAN_POINT('',(2.1E0,0.E0,-4.4E0));
#3909=DIRECTION('',(1.E0,0.E0,0.E0));
#3910=DIRECTION('',(0.E0,1.E0,0.E0));
#3911=AXIS2_PLACEMENT_3D('',#3908,#3909,#3910);
#3912=PLANE('',#3911);
#3914=ORIENTED_EDGE('',*,*,#3913,.T.);
#3916=ORIENTED_EDGE('',*,*,#3915,.T.);
#3918=ORIENTED_EDGE('',*,*,#3917,.T.);
#3920=ORIENTED_EDGE('',*,*,#3919,.T.);
#3921=EDGE_LOOP('',(#3914,#3916,#3918,#3920));
#3922=FACE_OUTER_BOUND('',#3921,.F.);
#3924=CARTESIAN_POINT('',(0.E0,0.E0,-5.8E0));
#3925=DIRECTION('',(0.E0,0.E0,1.E0));
#3926=DIRECTION('',(1.E0,0.E0,0.E0));
#3927=AXIS2_PLACEMENT_3D('',#3924,#3925,#3926);
#3928=PLANE('',#3927);
#3929=ORIENTED_EDGE('',*,*,#3896,.T.);
#3931=ORIENTED_EDGE('',*,*,#3930,.T.);
#3933=ORIENTED_EDGE('',*,*,#3932,.F.);
#3934=ORIENTED_EDGE('',*,*,#3882,.T.);
#3936=ORIENTED_EDGE('',*,*,#3935,.T.);
#3938=ORIENTED_EDGE('',*,*,#3937,.F.);
#3939=ORIENTED_EDGE('',*,*,#3571,.F.);
#3941=ORIENTED_EDGE('',*,*,#3940,.T.);
#3943=ORIENTED_EDGE('',*,*,#3942,.F.);
#3945=ORIENTED_EDGE('',*,*,#3944,.F.);
#3947=ORIENTED_EDGE('',*,*,#3946,.T.);
#3948=ORIENTED_EDGE('',*,*,#3851,.T.);
#3950=ORIENTED_EDGE('',*,*,#3949,.T.);
#3952=ORIENTED_EDGE('',*,*,#3951,.T.);
#3954=ORIENTED_EDGE('',*,*,#3953,.F.);
#3955=ORIENTED_EDGE('',*,*,#3843,.T.);
#3957=ORIENTED_EDGE('',*,*,#3956,.T.);
#3959=ORIENTED_EDGE('',*,*,#3958,.T.);
#3961=ORIENTED_EDGE('',*,*,#3960,.F.);
#3962=ORIENTED_EDGE('',*,*,#3835,.T.);
#3964=ORIENTED_EDGE('',*,*,#3963,.T.);
#3966=ORIENTED_EDGE('',*,*,#3965,.T.);
#3968=ORIENTED_EDGE('',*,*,#3967,.F.);
#3969=ORIENTED_EDGE('',*,*,#3827,.T.);
#3970=EDGE_LOOP('',(#3929,#3931,#3933,#3934,#3936,#3938,#3939,#3941,#3943,#3945,
#3947,#3948,#3950,#3952,#3954,#3955,#3957,#3959,#3961,#3962,#3964,#3966,#3968,
#3969));
#3971=FACE_OUTER_BOUND('',#3970,.F.);
#3973=CARTESIAN_POINT('',(2.1E0,-3.254547919942E0,-5.893209606013E0));
#3974=DIRECTION('',(0.E0,3.634720039469E-2,-9.993392221981E-1));
#3975=DIRECTION('',(0.E0,9.993392221981E-1,3.634720039469E-2));
#3976=AXIS2_PLACEMENT_3D('',#3973,#3974,#3975);
#3977=PLANE('',#3976);
#3978=ORIENTED_EDGE('',*,*,#3930,.F.);
#3979=ORIENTED_EDGE('',*,*,#3903,.F.);
#3981=ORIENTED_EDGE('',*,*,#3980,.T.);
#3983=ORIENTED_EDGE('',*,*,#3982,.T.);
#3984=EDGE_LOOP('',(#3978,#3979,#3981,#3983));
#3985=FACE_OUTER_BOUND('',#3984,.F.);
#3987=CARTESIAN_POINT('',(2.1E0,-3.265452080061E0,-5.593407839354E0));
#3988=DIRECTION('',(0.E0,-9.993392221981E-1,-3.634720039469E-2));
#3989=DIRECTION('',(0.E0,3.634720039469E-2,-9.993392221981E-1));
#3990=AXIS2_PLACEMENT_3D('',#3987,#3988,#3989);
#3991=PLANE('',#3990);
#3992=ORIENTED_EDGE('',*,*,#3901,.F.);
#3994=ORIENTED_EDGE('',*,*,#3993,.T.);
#3996=ORIENTED_EDGE('',*,*,#3995,.T.);
#3997=ORIENTED_EDGE('',*,*,#3980,.F.);
#3998=EDGE_LOOP('',(#3992,#3994,#3996,#3997));
#3999=FACE_OUTER_BOUND('',#3998,.F.);
#4001=CARTESIAN_POINT('',(2.1E0,-5.5E-1,-5.494643497153E0));
#4002=DIRECTION('',(0.E0,-3.634720039469E-2,9.993392221981E-1));
#4003=DIRECTION('',(0.E0,-9.993392221981E-1,-3.634720039469E-2));
#4004=AXIS2_PLACEMENT_3D('',#4001,#4002,#4003);
#4005=PLANE('',#4004);
#4006=ORIENTED_EDGE('',*,*,#3886,.T.);
#4008=ORIENTED_EDGE('',*,*,#4007,.T.);
#4009=ORIENTED_EDGE('',*,*,#3993,.F.);
#4010=ORIENTED_EDGE('',*,*,#3899,.F.);
#4011=EDGE_LOOP('',(#4006,#4008,#4009,#4010));
#4012=FACE_OUTER_BOUND('',#4011,.F.);
#4014=CARTESIAN_POINT('',(2.4E0,0.E0,-4.4E0));
#4015=DIRECTION('',(1.E0,0.E0,0.E0));
#4016=DIRECTION('',(0.E0,1.E0,0.E0));
#4017=AXIS2_PLACEMENT_3D('',#4014,#4015,#4016);
#4018=PLANE('',#4017);
#4019=ORIENTED_EDGE('',*,*,#3932,.T.);
#4020=ORIENTED_EDGE('',*,*,#3982,.F.);
#4021=ORIENTED_EDGE('',*,*,#3995,.F.);
#4022=ORIENTED_EDGE('',*,*,#4007,.F.);
#4023=ORIENTED_EDGE('',*,*,#3884,.F.);
#4024=EDGE_LOOP('',(#4019,#4020,#4021,#4022,#4023));
#4025=FACE_OUTER_BOUND('',#4024,.F.);
#4027=CARTESIAN_POINT('',(2.4E0,0.E0,-4.4E0));
#4028=DIRECTION('',(1.E0,0.E0,0.E0));
#4029=DIRECTION('',(0.E0,1.E0,0.E0));
#4030=AXIS2_PLACEMENT_3D('',#4027,#4028,#4029);
#4031=PLANE('',#4030);
#4033=ORIENTED_EDGE('',*,*,#4032,.F.);
#4035=ORIENTED_EDGE('',*,*,#4034,.F.);
#4037=ORIENTED_EDGE('',*,*,#4036,.F.);
#4039=ORIENTED_EDGE('',*,*,#4038,.F.);
#4040=EDGE_LOOP('',(#4033,#4035,#4037,#4039));
#4041=FACE_OUTER_BOUND('',#4040,.F.);
#4043=CARTESIAN_POINT('',(0.E0,0.E0,-4.4E0));
#4044=DIRECTION('',(0.E0,0.E0,1.E0));
#4045=DIRECTION('',(1.E0,0.E0,0.E0));
#4046=AXIS2_PLACEMENT_3D('',#4043,#4044,#4045);
#4047=PLANE('',#4046);
#4049=ORIENTED_EDGE('',*,*,#4048,.F.);
#4051=ORIENTED_EDGE('',*,*,#4050,.F.);
#4053=ORIENTED_EDGE('',*,*,#4052,.F.);
#4055=ORIENTED_EDGE('',*,*,#4054,.F.);
#4057=ORIENTED_EDGE('',*,*,#4056,.F.);
#4059=ORIENTED_EDGE('',*,*,#4058,.F.);
#4061=ORIENTED_EDGE('',*,*,#4060,.F.);
#4063=ORIENTED_EDGE('',*,*,#4062,.F.);
#4065=ORIENTED_EDGE('',*,*,#4064,.F.);
#4067=ORIENTED_EDGE('',*,*,#4066,.F.);
#4069=ORIENTED_EDGE('',*,*,#4068,.F.);
#4071=ORIENTED_EDGE('',*,*,#4070,.F.);
#4072=EDGE_LOOP('',(#4049,#4051,#4053,#4055,#4057,#4059,#4061,#4063,#4065,#4067,
#4069,#4071));
#4073=FACE_OUTER_BOUND('',#4072,.F.);
#4075=ORIENTED_EDGE('',*,*,#4074,.F.);
#4077=ORIENTED_EDGE('',*,*,#4076,.T.);
#4079=ORIENTED_EDGE('',*,*,#4078,.T.);
#4081=ORIENTED_EDGE('',*,*,#4080,.F.);
#4082=EDGE_LOOP('',(#4075,#4077,#4079,#4081));
#4083=FACE_BOUND('',#4082,.F.);
#4085=ORIENTED_EDGE('',*,*,#4084,.F.);
#4087=ORIENTED_EDGE('',*,*,#4086,.T.);
#4089=ORIENTED_EDGE('',*,*,#4088,.T.);
#4091=ORIENTED_EDGE('',*,*,#4090,.F.);
#4092=EDGE_LOOP('',(#4085,#4087,#4089,#4091));
#4093=FACE_BOUND('',#4092,.F.);
#4095=ORIENTED_EDGE('',*,*,#4094,.F.);
#4097=ORIENTED_EDGE('',*,*,#4096,.T.);
#4099=ORIENTED_EDGE('',*,*,#4098,.T.);
#4101=ORIENTED_EDGE('',*,*,#4100,.F.);
#4102=EDGE_LOOP('',(#4095,#4097,#4099,#4101));
#4103=FACE_BOUND('',#4102,.F.);
#4104=ORIENTED_EDGE('',*,*,#3913,.F.);
#4106=ORIENTED_EDGE('',*,*,#4105,.T.);
#4107=ORIENTED_EDGE('',*,*,#4032,.T.);
#4109=ORIENTED_EDGE('',*,*,#4108,.F.);
#4110=EDGE_LOOP('',(#4104,#4106,#4107,#4109));
#4111=FACE_BOUND('',#4110,.F.);
#4113=ORIENTED_EDGE('',*,*,#4112,.T.);
#4115=ORIENTED_EDGE('',*,*,#4114,.T.);
#4117=ORIENTED_EDGE('',*,*,#4116,.T.);
#4119=ORIENTED_EDGE('',*,*,#4118,.T.);
#4121=ORIENTED_EDGE('',*,*,#4120,.T.);
#4123=ORIENTED_EDGE('',*,*,#4122,.T.);
#4125=ORIENTED_EDGE('',*,*,#4124,.T.);
#4126=EDGE_LOOP('',(#4113,#4115,#4117,#4119,#4121,#4123,#4125));
#4127=FACE_BOUND('',#4126,.F.);
#4129=CARTESIAN_POINT('',(2.885E0,5.E-1,0.E0));
#4130=DIRECTION('',(0.E0,1.E0,0.E0));
#4131=DIRECTION('',(-1.E0,0.E0,0.E0));
#4132=AXIS2_PLACEMENT_3D('',#4129,#4130,#4131);
#4133=PLANE('',#4132);
#4135=ORIENTED_EDGE('',*,*,#4134,.T.);
#4137=ORIENTED_EDGE('',*,*,#4136,.F.);
#4139=ORIENTED_EDGE('',*,*,#4138,.F.);
#4141=ORIENTED_EDGE('',*,*,#4140,.T.);
#4142=ORIENTED_EDGE('',*,*,#4056,.T.);
#4143=EDGE_LOOP('',(#4135,#4137,#4139,#4141,#4142));
#4144=FACE_OUTER_BOUND('',#4143,.F.);
#4146=CARTESIAN_POINT('',(2.885E0,5.E-1,0.E0));
#4147=DIRECTION('',(0.E0,1.E0,0.E0));
#4148=DIRECTION('',(-1.E0,0.E0,0.E0));
#4149=AXIS2_PLACEMENT_3D('',#4146,#4147,#4148);
#4150=PLANE('',#4149);
#4152=ORIENTED_EDGE('',*,*,#4151,.F.);
#4153=ORIENTED_EDGE('',*,*,#4048,.T.);
#4155=ORIENTED_EDGE('',*,*,#4154,.F.);
#4157=ORIENTED_EDGE('',*,*,#4156,.F.);
#4159=ORIENTED_EDGE('',*,*,#4158,.F.);
#4160=EDGE_LOOP('',(#4152,#4153,#4155,#4157,#4159));
#4161=FACE_OUTER_BOUND('',#4160,.F.);
#4163=CARTESIAN_POINT('',(2.51E0,5.E-1,0.E0));
#4164=DIRECTION('',(1.E0,0.E0,0.E0));
#4165=DIRECTION('',(0.E0,1.E0,0.E0));
#4166=AXIS2_PLACEMENT_3D('',#4163,#4164,#4165);
#4167=PLANE('',#4166);
#4169=ORIENTED_EDGE('',*,*,#4168,.F.);
#4170=ORIENTED_EDGE('',*,*,#4134,.F.);
#4171=ORIENTED_EDGE('',*,*,#4054,.T.);
#4173=ORIENTED_EDGE('',*,*,#4172,.F.);
#4174=EDGE_LOOP('',(#4169,#4170,#4171,#4173));
#4175=FACE_OUTER_BOUND('',#4174,.F.);
#4177=CARTESIAN_POINT('',(0.E0,0.E0,0.E0));
#4178=DIRECTION('',(0.E0,0.E0,1.E0));
#4179=DIRECTION('',(1.E0,0.E0,0.E0));
#4180=AXIS2_PLACEMENT_3D('',#4177,#4178,#4179);
#4181=PLANE('',#4180);
#4182=ORIENTED_EDGE('',*,*,#3875,.F.);
#4184=ORIENTED_EDGE('',*,*,#4183,.T.);
#4186=ORIENTED_EDGE('',*,*,#4185,.T.);
#4188=ORIENTED_EDGE('',*,*,#4187,.F.);
#4189=ORIENTED_EDGE('',*,*,#3867,.F.);
#4191=ORIENTED_EDGE('',*,*,#4190,.T.);
#4193=ORIENTED_EDGE('',*,*,#4192,.T.);
#4195=ORIENTED_EDGE('',*,*,#4194,.F.);
#4196=ORIENTED_EDGE('',*,*,#3859,.F.);
#4198=ORIENTED_EDGE('',*,*,#4197,.F.);
#4200=ORIENTED_EDGE('',*,*,#4199,.F.);
#4202=ORIENTED_EDGE('',*,*,#4201,.T.);
#4204=ORIENTED_EDGE('',*,*,#4203,.F.);
#4206=ORIENTED_EDGE('',*,*,#4205,.F.);
#4208=ORIENTED_EDGE('',*,*,#4207,.F.);
#4210=ORIENTED_EDGE('',*,*,#4209,.F.);
#4212=ORIENTED_EDGE('',*,*,#4211,.F.);
#4214=ORIENTED_EDGE('',*,*,#4213,.F.);
#4215=ORIENTED_EDGE('',*,*,#3681,.F.);
#4217=ORIENTED_EDGE('',*,*,#4216,.T.);
#4219=ORIENTED_EDGE('',*,*,#4218,.F.);
#4221=ORIENTED_EDGE('',*,*,#4220,.F.);
#4222=EDGE_LOOP('',(#4182,#4184,#4186,#4188,#4189,#4191,#4193,#4195,#4196,#4198,
#4200,#4202,#4204,#4206,#4208,#4210,#4212,#4214,#4215,#4217,#4219,#4221));
#4223=FACE_OUTER_BOUND('',#4222,.F.);
#4225=ORIENTED_EDGE('',*,*,#4224,.T.);
#4227=ORIENTED_EDGE('',*,*,#4226,.T.);
#4229=ORIENTED_EDGE('',*,*,#4228,.F.);
#4231=ORIENTED_EDGE('',*,*,#4230,.F.);
#4233=ORIENTED_EDGE('',*,*,#4232,.T.);
#4235=ORIENTED_EDGE('',*,*,#4234,.T.);
#4236=ORIENTED_EDGE('',*,*,#4158,.T.);
#4238=ORIENTED_EDGE('',*,*,#4237,.F.);
#4240=ORIENTED_EDGE('',*,*,#4239,.F.);
#4242=ORIENTED_EDGE('',*,*,#4241,.T.);
#4244=ORIENTED_EDGE('',*,*,#4243,.F.);
#4246=ORIENTED_EDGE('',*,*,#4245,.T.);
#4248=ORIENTED_EDGE('',*,*,#4247,.F.);
#4250=ORIENTED_EDGE('',*,*,#4249,.F.);
#4251=ORIENTED_EDGE('',*,*,#4136,.T.);
#4252=ORIENTED_EDGE('',*,*,#4168,.T.);
#4253=EDGE_LOOP('',(#4225,#4227,#4229,#4231,#4233,#4235,#4236,#4238,#4240,#4242,
#4244,#4246,#4248,#4250,#4251,#4252));
#4254=FACE_BOUND('',#4253,.F.);
#4256=CARTESIAN_POINT('',(3.46E0,-2.4E0,-1.5E0));
#4257=DIRECTION('',(1.E0,0.E0,0.E0));
#4258=DIRECTION('',(0.E0,0.E0,1.E0));
#4259=AXIS2_PLACEMENT_3D('',#4256,#4257,#4258);
#4260=PLANE('',#4259);
#4261=ORIENTED_EDGE('',*,*,#3873,.T.);
#4263=ORIENTED_EDGE('',*,*,#4262,.T.);
#4265=ORIENTED_EDGE('',*,*,#4264,.T.);
#4266=ORIENTED_EDGE('',*,*,#4183,.F.);
#4267=EDGE_LOOP('',(#4261,#4263,#4265,#4266));
#4268=FACE_OUTER_BOUND('',#4267,.F.);
#4270=CARTESIAN_POINT('',(2.66E0,-2.4E0,-1.5E0));
#4271=DIRECTION('',(0.E0,0.E0,-1.E0));
#4272=DIRECTION('',(1.E0,0.E0,0.E0));
#4273=AXIS2_PLACEMENT_3D('',#4270,#4271,#4272);
#4274=PLANE('',#4273);
#4275=ORIENTED_EDGE('',*,*,#3871,.F.);
#4277=ORIENTED_EDGE('',*,*,#4276,.T.);
#4279=ORIENTED_EDGE('',*,*,#4278,.T.);
#4280=ORIENTED_EDGE('',*,*,#4262,.F.);
#4281=EDGE_LOOP('',(#4275,#4277,#4279,#4280));
#4282=FACE_OUTER_BOUND('',#4281,.F.);
#4284=CARTESIAN_POINT('',(2.66E0,-2.4E0,0.E0));
#4285=DIRECTION('',(-1.E0,0.E0,0.E0));
#4286=DIRECTION('',(0.E0,0.E0,-1.E0));
#4287=AXIS2_PLACEMENT_3D('',#4284,#4285,#4286);
#4288=PLANE('',#4287);
#4289=ORIENTED_EDGE('',*,*,#3869,.F.);
#4290=ORIENTED_EDGE('',*,*,#4187,.T.);
#4292=ORIENTED_EDGE('',*,*,#4291,.T.);
#4293=ORIENTED_EDGE('',*,*,#4276,.F.);
#4294=EDGE_LOOP('',(#4289,#4290,#4292,#4293));
#4295=FACE_OUTER_BOUND('',#4294,.F.);
#4297=CARTESIAN_POINT('',(0.E0,-2.5E0,0.E0));
#4298=DIRECTION('',(0.E0,-1.E0,0.E0));
#4299=DIRECTION('',(1.E0,0.E0,0.E0));
#4300=AXIS2_PLACEMENT_3D('',#4297,#4298,#4299);
#4301=PLANE('',#4300);
#4303=ORIENTED_EDGE('',*,*,#4302,.F.);
#4304=ORIENTED_EDGE('',*,*,#4192,.F.);
#4306=ORIENTED_EDGE('',*,*,#4305,.F.);
#4308=ORIENTED_EDGE('',*,*,#4307,.F.);
#4309=EDGE_LOOP('',(#4303,#4304,#4306,#4308));
#4310=FACE_OUTER_BOUND('',#4309,.F.);
#4312=CARTESIAN_POINT('',(0.E0,-2.5E0,0.E0));
#4313=DIRECTION('',(0.E0,-1.E0,0.E0));
#4314=DIRECTION('',(1.E0,0.E0,0.E0));
#4315=AXIS2_PLACEMENT_3D('',#4312,#4313,#4314);
#4316=PLANE('',#4315);
#4317=ORIENTED_EDGE('',*,*,#4185,.F.);
#4318=ORIENTED_EDGE('',*,*,#4264,.F.);
#4319=ORIENTED_EDGE('',*,*,#4278,.F.);
#4320=ORIENTED_EDGE('',*,*,#4291,.F.);
#4321=EDGE_LOOP('',(#4317,#4318,#4319,#4320));
#4322=FACE_OUTER_BOUND('',#4321,.F.);
#4324=CARTESIAN_POINT('',(-3.46E0,-2.4E0,0.E0));
#4325=DIRECTION('',(-1.E0,0.E0,0.E0));
#4326=DIRECTION('',(0.E0,0.E0,-1.E0));
#4327=AXIS2_PLACEMENT_3D('',#4324,#4325,#4326);
#4328=PLANE('',#4327);
#4329=ORIENTED_EDGE('',*,*,#3861,.F.);
#4330=ORIENTED_EDGE('',*,*,#4194,.T.);
#4331=ORIENTED_EDGE('',*,*,#4302,.T.);
#4333=ORIENTED_EDGE('',*,*,#4332,.F.);
#4334=EDGE_LOOP('',(#4329,#4330,#4331,#4333));
#4335=FACE_OUTER_BOUND('',#4334,.F.);
#4337=CARTESIAN_POINT('',(-3.46E0,-2.4E0,-1.5E0));
#4338=DIRECTION('',(0.E0,0.E0,-1.E0));
#4339=DIRECTION('',(1.E0,0.E0,0.E0));
#4340=AXIS2_PLACEMENT_3D('',#4337,#4338,#4339);
#4341=PLANE('',#4340);
#4342=ORIENTED_EDGE('',*,*,#3863,.F.);
#4343=ORIENTED_EDGE('',*,*,#4332,.T.);
#4344=ORIENTED_EDGE('',*,*,#4307,.T.);
#4346=ORIENTED_EDGE('',*,*,#4345,.F.);
#4347=EDGE_LOOP('',(#4342,#4343,#4344,#4346));
#4348=FACE_OUTER_BOUND('',#4347,.F.);
#4350=CARTESIAN_POINT('',(-2.66E0,-2.4E0,-1.5E0));
#4351=DIRECTION('',(1.E0,0.E0,0.E0));
#4352=DIRECTION('',(0.E0,0.E0,1.E0));
#4353=AXIS2_PLACEMENT_3D('',#4350,#4351,#4352);
#4354=PLANE('',#4353);
#4355=ORIENTED_EDGE('',*,*,#3865,.T.);
#4356=ORIENTED_EDGE('',*,*,#4345,.T.);
#4357=ORIENTED_EDGE('',*,*,#4305,.T.);
#4358=ORIENTED_EDGE('',*,*,#4190,.F.);
#4359=EDGE_LOOP('',(#4355,#4356,#4357,#4358));
#4360=FACE_OUTER_BOUND('',#4359,.F.);
#4362=CARTESIAN_POINT('',(-3.9E0,-2.275E0,-1.075E0));
#4363=DIRECTION('',(-7.071067811865E-1,-7.071067811865E-1,0.E0));
#4364=DIRECTION('',(-7.071067811865E-1,7.071067811865E-1,0.E0));
#4365=AXIS2_PLACEMENT_3D('',#4362,#4363,#4364);
#4366=PLANE('',#4365);
#4368=ORIENTED_EDGE('',*,*,#4367,.F.);
#4369=ORIENTED_EDGE('',*,*,#4197,.T.);
#4370=ORIENTED_EDGE('',*,*,#3857,.T.);
#4372=ORIENTED_EDGE('',*,*,#4371,.T.);
#4374=ORIENTED_EDGE('',*,*,#4373,.F.);
#4375=EDGE_LOOP('',(#4368,#4369,#4370,#4372,#4374));
#4376=FACE_OUTER_BOUND('',#4375,.F.);
#4378=CARTESIAN_POINT('',(-3.975E0,-1.575E0,-1.5E-1));
#4379=DIRECTION('',(-9.486832980505E-1,0.E0,3.162277660168E-1));
#4380=DIRECTION('',(-3.162277660168E-1,0.E0,-9.486832980505E-1));
#4381=AXIS2_PLACEMENT_3D('',#4378,#4379,#4380);
#4382=PLANE('',#4381);
#4383=ORIENTED_EDGE('',*,*,#4367,.T.);
#4385=ORIENTED_EDGE('',*,*,#4384,.F.);
#4387=ORIENTED_EDGE('',*,*,#4386,.T.);
#4388=ORIENTED_EDGE('',*,*,#4199,.T.);
#4389=EDGE_LOOP('',(#4383,#4385,#4387,#4388));
#4390=FACE_OUTER_BOUND('',#4389,.F.);
#4392=CARTESIAN_POINT('',(-4.025E0,0.E0,0.E0));
#4393=DIRECTION('',(-1.E0,0.E0,0.E0));
#4394=DIRECTION('',(0.E0,-1.E0,0.E0));
#4395=AXIS2_PLACEMENT_3D('',#4392,#4393,#4394);
#4396=PLANE('',#4395);
#4397=ORIENTED_EDGE('',*,*,#4384,.T.);
#4398=ORIENTED_EDGE('',*,*,#4373,.T.);
#4400=ORIENTED_EDGE('',*,*,#4399,.F.);
#4402=ORIENTED_EDGE('',*,*,#4401,.F.);
#4404=ORIENTED_EDGE('',*,*,#4403,.T.);
#4405=ORIENTED_EDGE('',*,*,#3725,.T.);
#4407=ORIENTED_EDGE('',*,*,#4406,.T.);
#4409=ORIENTED_EDGE('',*,*,#4408,.F.);
#4411=ORIENTED_EDGE('',*,*,#4410,.F.);
#4413=ORIENTED_EDGE('',*,*,#4412,.F.);
#4415=ORIENTED_EDGE('',*,*,#4414,.T.);
#4416=EDGE_LOOP('',(#4397,#4398,#4400,#4402,#4404,#4405,#4407,#4409,#4411,#4413,
#4415));
#4417=FACE_OUTER_BOUND('',#4416,.F.);
#4419=CARTESIAN_POINT('',(-4.025E0,0.E0,0.E0));
#4420=DIRECTION('',(-1.E0,0.E0,0.E0));
#4421=DIRECTION('',(0.E0,-1.E0,0.E0));
#4422=AXIS2_PLACEMENT_3D('',#4419,#4420,#4421);
#4423=PLANE('',#4422);
#4425=ORIENTED_EDGE('',*,*,#4424,.T.);
#4427=ORIENTED_EDGE('',*,*,#4426,.T.);
#4428=ORIENTED_EDGE('',*,*,#3749,.T.);
#4430=ORIENTED_EDGE('',*,*,#4429,.F.);
#4431=EDGE_LOOP('',(#4425,#4427,#4428,#4430));
#4432=FACE_OUTER_BOUND('',#4431,.F.);
#4434=CARTESIAN_POINT('',(-4.025E0,0.E0,0.E0));
#4435=DIRECTION('',(-1.E0,0.E0,0.E0));
#4436=DIRECTION('',(0.E0,-1.E0,0.E0));
#4437=AXIS2_PLACEMENT_3D('',#4434,#4435,#4436);
#4438=PLANE('',#4437);
#4439=ORIENTED_EDGE('',*,*,#3467,.F.);
#4441=ORIENTED_EDGE('',*,*,#4440,.T.);
#4443=ORIENTED_EDGE('',*,*,#4442,.T.);
#4445=ORIENTED_EDGE('',*,*,#4444,.T.);
#4446=EDGE_LOOP('',(#4439,#4441,#4443,#4445));
#4447=FACE_OUTER_BOUND('',#4446,.F.);
#4449=CARTESIAN_POINT('',(-4.025E0,0.E0,0.E0));
#4450=DIRECTION('',(-1.E0,0.E0,0.E0));
#4451=DIRECTION('',(0.E0,-1.E0,0.E0));
#4452=AXIS2_PLACEMENT_3D('',#4449,#4450,#4451);
#4453=PLANE('',#4452);
#4454=ORIENTED_EDGE('',*,*,#3471,.F.);
#4456=ORIENTED_EDGE('',*,*,#4455,.F.);
#4458=ORIENTED_EDGE('',*,*,#4457,.T.);
#4460=ORIENTED_EDGE('',*,*,#4459,.F.);
#4461=EDGE_LOOP('',(#4454,#4456,#4458,#4460));
#4462=FACE_OUTER_BOUND('',#4461,.F.);
#4464=CARTESIAN_POINT('',(-4.025E0,0.E0,0.E0));
#4465=DIRECTION('',(-1.E0,0.E0,0.E0));
#4466=DIRECTION('',(0.E0,-1.E0,0.E0));
#4467=AXIS2_PLACEMENT_3D('',#4464,#4465,#4466);
#4468=PLANE('',#4467);
#4470=ORIENTED_EDGE('',*,*,#4469,.T.);
#4472=ORIENTED_EDGE('',*,*,#4471,.T.);
#4474=ORIENTED_EDGE('',*,*,#4473,.F.);
#4476=ORIENTED_EDGE('',*,*,#4475,.T.);
#4478=ORIENTED_EDGE('',*,*,#4477,.F.);
#4480=ORIENTED_EDGE('',*,*,#4479,.T.);
#4481=EDGE_LOOP('',(#4470,#4472,#4474,#4476,#4478,#4480));
#4482=FACE_OUTER_BOUND('',#4481,.F.);
#4484=CARTESIAN_POINT('',(-4.7E0,-1.5E0,-2.15E0));
#4485=DIRECTION('',(0.E0,0.E0,-1.E0));
#4486=DIRECTION('',(0.E0,-1.E0,0.E0));
#4487=AXIS2_PLACEMENT_3D('',#4484,#4485,#4486);
#4488=PLANE('',#4487);
#4489=ORIENTED_EDGE('',*,*,#4399,.T.);
#4490=ORIENTED_EDGE('',*,*,#4371,.F.);
#4491=ORIENTED_EDGE('',*,*,#3855,.T.);
#4493=ORIENTED_EDGE('',*,*,#4492,.T.);
#4495=ORIENTED_EDGE('',*,*,#4494,.T.);
#4497=ORIENTED_EDGE('',*,*,#4496,.F.);
#4499=ORIENTED_EDGE('',*,*,#4498,.F.);
#4500=EDGE_LOOP('',(#4489,#4490,#4491,#4493,#4495,#4497,#4499));
#4501=FACE_OUTER_BOUND('',#4500,.F.);
#4503=CARTESIAN_POINT('',(-4.7E0,2.4E0,0.E0));
#4504=DIRECTION('',(-1.E0,0.E0,0.E0));
#4505=DIRECTION('',(0.E0,-1.E0,0.E0));
#4506=AXIS2_PLACEMENT_3D('',#4503,#4504,#4505);
#4507=PLANE('',#4506);
#4509=ORIENTED_EDGE('',*,*,#4508,.F.);
#4511=ORIENTED_EDGE('',*,*,#4510,.F.);
#4512=ORIENTED_EDGE('',*,*,#4207,.T.);
#4514=ORIENTED_EDGE('',*,*,#4513,.F.);
#4516=ORIENTED_EDGE('',*,*,#4515,.T.);
#4518=ORIENTED_EDGE('',*,*,#4517,.T.);
#4520=ORIENTED_EDGE('',*,*,#4519,.F.);
#4522=ORIENTED_EDGE('',*,*,#4521,.T.);
#4523=ORIENTED_EDGE('',*,*,#4492,.F.);
#4524=ORIENTED_EDGE('',*,*,#3853,.T.);
#4525=ORIENTED_EDGE('',*,*,#3946,.F.);
#4527=ORIENTED_EDGE('',*,*,#4526,.T.);
#4529=ORIENTED_EDGE('',*,*,#4528,.T.);
#4531=ORIENTED_EDGE('',*,*,#4530,.F.);
#4533=ORIENTED_EDGE('',*,*,#4532,.T.);
#4535=ORIENTED_EDGE('',*,*,#4534,.F.);
#4536=EDGE_LOOP('',(#4509,#4511,#4512,#4514,#4516,#4518,#4520,#4522,#4523,#4524,
#4525,#4527,#4529,#4531,#4533,#4535));
#4537=FACE_OUTER_BOUND('',#4536,.F.);
#4539=CARTESIAN_POINT('',(-4.3625E0,2.25E0,-3.8E0));
#4540=DIRECTION('',(0.E0,3.162277660168E-1,-9.486832980505E-1));
#4541=DIRECTION('',(0.E0,-9.486832980505E-1,-3.162277660168E-1));
#4542=AXIS2_PLACEMENT_3D('',#4539,#4540,#4541);
#4543=PLANE('',#4542);
#4544=ORIENTED_EDGE('',*,*,#4508,.T.);
#4546=ORIENTED_EDGE('',*,*,#4545,.F.);
#4548=ORIENTED_EDGE('',*,*,#4547,.T.);
#4550=ORIENTED_EDGE('',*,*,#4549,.T.);
#4551=EDGE_LOOP('',(#4544,#4546,#4548,#4550));
#4552=FACE_OUTER_BOUND('',#4551,.F.);
#4554=CARTESIAN_POINT('',(-4.7E0,7.5E-1,-3.85E0));
#4555=DIRECTION('',(0.E0,0.E0,1.E0));
#4556=DIRECTION('',(0.E0,1.E0,0.E0));
#4557=AXIS2_PLACEMENT_3D('',#4554,#4555,#4556);
#4558=PLANE('',#4557);
#4560=ORIENTED_EDGE('',*,*,#4559,.F.);
#4562=ORIENTED_EDGE('',*,*,#4561,.T.);
#4563=ORIENTED_EDGE('',*,*,#3473,.F.);
#4564=ORIENTED_EDGE('',*,*,#4459,.T.);
#4565=ORIENTED_EDGE('',*,*,#4545,.T.);
#4566=ORIENTED_EDGE('',*,*,#4534,.T.);
#4568=ORIENTED_EDGE('',*,*,#4567,.T.);
#4570=ORIENTED_EDGE('',*,*,#4569,.F.);
#4572=ORIENTED_EDGE('',*,*,#4571,.F.);
#4573=EDGE_LOOP('',(#4560,#4562,#4563,#4564,#4565,#4566,#4568,#4570,#4572));
#4574=FACE_OUTER_BOUND('',#4573,.F.);
#4576=CARTESIAN_POINT('',(4.7E0,-2.5E-1,-3.85E0));
#4577=DIRECTION('',(0.E0,-1.E0,0.E0));
#4578=DIRECTION('',(0.E0,0.E0,-1.E0));
#4579=AXIS2_PLACEMENT_3D('',#4576,#4577,#4578);
#4580=PLANE('',#4579);
#4582=ORIENTED_EDGE('',*,*,#4581,.F.);
#4584=ORIENTED_EDGE('',*,*,#4583,.T.);
#4586=ORIENTED_EDGE('',*,*,#4585,.T.);
#4588=ORIENTED_EDGE('',*,*,#4587,.F.);
#4590=ORIENTED_EDGE('',*,*,#4589,.F.);
#4592=ORIENTED_EDGE('',*,*,#4591,.T.);
#4593=EDGE_LOOP('',(#4582,#4584,#4586,#4588,#4590,#4592));
#4594=FACE_OUTER_BOUND('',#4593,.F.);
#4596=CARTESIAN_POINT('',(4.7E0,-2.5E-1,-3.85E0));
#4597=DIRECTION('',(0.E0,-1.E0,0.E0));
#4598=DIRECTION('',(0.E0,0.E0,-1.E0));
#4599=AXIS2_PLACEMENT_3D('',#4596,#4597,#4598);
#4600=PLANE('',#4599);
#4601=ORIENTED_EDGE('',*,*,#4559,.T.);
#4603=ORIENTED_EDGE('',*,*,#4602,.T.);
#4605=ORIENTED_EDGE('',*,*,#4604,.F.);
#4607=ORIENTED_EDGE('',*,*,#4606,.F.);
#4609=ORIENTED_EDGE('',*,*,#4608,.T.);
#4611=ORIENTED_EDGE('',*,*,#4610,.F.);
#4612=EDGE_LOOP('',(#4601,#4603,#4605,#4607,#4609,#4611));
#4613=FACE_OUTER_BOUND('',#4612,.F.);
#4615=CARTESIAN_POINT('',(4.7E0,2.4E0,-3.85E0));
#4616=DIRECTION('',(0.E0,0.E0,1.E0));
#4617=DIRECTION('',(0.E0,-1.E0,0.E0));
#4618=AXIS2_PLACEMENT_3D('',#4615,#4616,#4617);
#4619=PLANE('',#4618);
#4620=ORIENTED_EDGE('',*,*,#4581,.T.);
#4622=ORIENTED_EDGE('',*,*,#4621,.T.);
#4624=ORIENTED_EDGE('',*,*,#4623,.F.);
#4626=ORIENTED_EDGE('',*,*,#4625,.F.);
#4628=ORIENTED_EDGE('',*,*,#4627,.F.);
#4630=ORIENTED_EDGE('',*,*,#4629,.T.);
#4631=ORIENTED_EDGE('',*,*,#3646,.T.);
#4632=ORIENTED_EDGE('',*,*,#3439,.T.);
#4634=ORIENTED_EDGE('',*,*,#4633,.F.);
#4635=EDGE_LOOP('',(#4620,#4622,#4624,#4626,#4628,#4630,#4631,#4632,#4634));
#4636=FACE_OUTER_BOUND('',#4635,.F.);
#4638=CARTESIAN_POINT('',(4.3E0,-1.1E0,-4.4E0));
#4639=DIRECTION('',(1.E0,0.E0,0.E0));
#4640=DIRECTION('',(0.E0,0.E0,1.E0));
#4641=AXIS2_PLACEMENT_3D('',#4638,#4639,#4640);
#4642=PLANE('',#4641);
#4643=ORIENTED_EDGE('',*,*,#4591,.F.);
#4645=ORIENTED_EDGE('',*,*,#4644,.F.);
#4647=ORIENTED_EDGE('',*,*,#4646,.T.);
#4648=ORIENTED_EDGE('',*,*,#4621,.F.);
#4649=EDGE_LOOP('',(#4643,#4645,#4647,#4648));
#4650=FACE_OUTER_BOUND('',#4649,.F.);
#4652=CARTESIAN_POINT('',(4.3E0,2.4E0,-4.2E0));
#4653=DIRECTION('',(0.E0,0.E0,1.E0));
#4654=DIRECTION('',(1.E0,0.E0,0.E0));
#4655=AXIS2_PLACEMENT_3D('',#4652,#4653,#4654);
#4656=PLANE('',#4655);
#4657=ORIENTED_EDGE('',*,*,#4589,.T.);
#4659=ORIENTED_EDGE('',*,*,#4658,.F.);
#4661=ORIENTED_EDGE('',*,*,#4660,.T.);
#4662=ORIENTED_EDGE('',*,*,#4644,.T.);
#4663=EDGE_LOOP('',(#4657,#4659,#4661,#4662));
#4664=FACE_OUTER_BOUND('',#4663,.F.);
#4666=CARTESIAN_POINT('',(4.4E0,2.4E0,-4.2E0));
#4667=DIRECTION('',(1.E0,0.E0,0.E0));
#4668=DIRECTION('',(0.E0,0.E0,-1.E0));
#4669=AXIS2_PLACEMENT_3D('',#4666,#4667,#4668);
#4670=PLANE('',#4669);
#4671=ORIENTED_EDGE('',*,*,#4587,.T.);
#4673=ORIENTED_EDGE('',*,*,#4672,.F.);
#4675=ORIENTED_EDGE('',*,*,#4674,.T.);
#4676=ORIENTED_EDGE('',*,*,#4658,.T.);
#4677=EDGE_LOOP('',(#4671,#4673,#4675,#4676));
#4678=FACE_OUTER_BOUND('',#4677,.F.);
#4680=CARTESIAN_POINT('',(4.025E0,-1.1E0,-4.4E0));
#4681=DIRECTION('',(0.E0,0.E0,-1.E0));
#4682=DIRECTION('',(1.E0,0.E0,0.E0));
#4683=AXIS2_PLACEMENT_3D('',#4680,#4681,#4682);
#4684=PLANE('',#4683);
#4685=ORIENTED_EDGE('',*,*,#4672,.T.);
#4686=ORIENTED_EDGE('',*,*,#4585,.F.);
#4688=ORIENTED_EDGE('',*,*,#4687,.T.);
#4690=ORIENTED_EDGE('',*,*,#4689,.F.);
#4691=EDGE_LOOP('',(#4685,#4686,#4688,#4690));
#4692=FACE_OUTER_BOUND('',#4691,.F.);
#4694=CARTESIAN_POINT('',(4.025E0,-1.1E0,-4.4E0));
#4695=DIRECTION('',(0.E0,0.E0,-1.E0));
#4696=DIRECTION('',(1.E0,0.E0,0.E0));
#4697=AXIS2_PLACEMENT_3D('',#4694,#4695,#4696);
#4698=PLANE('',#4697);
#4700=ORIENTED_EDGE('',*,*,#4699,.F.);
#4702=ORIENTED_EDGE('',*,*,#4701,.F.);
#4704=ORIENTED_EDGE('',*,*,#4703,.T.);
#4705=ORIENTED_EDGE('',*,*,#3632,.F.);
#4706=ORIENTED_EDGE('',*,*,#3551,.T.);
#4707=EDGE_LOOP('',(#4700,#4702,#4704,#4705,#4706));
#4708=FACE_OUTER_BOUND('',#4707,.F.);
#4710=CARTESIAN_POINT('',(4.275E0,1.55E0,-3.85E0));
#4711=DIRECTION('',(1.E0,0.E0,0.E0));
#4712=DIRECTION('',(0.E0,0.E0,-1.E0));
#4713=AXIS2_PLACEMENT_3D('',#4710,#4711,#4712);
#4714=PLANE('',#4713);
#4715=ORIENTED_EDGE('',*,*,#4583,.F.);
#4716=ORIENTED_EDGE('',*,*,#4633,.T.);
#4717=ORIENTED_EDGE('',*,*,#3437,.T.);
#4719=ORIENTED_EDGE('',*,*,#4718,.T.);
#4721=ORIENTED_EDGE('',*,*,#4720,.F.);
#4723=ORIENTED_EDGE('',*,*,#4722,.F.);
#4725=ORIENTED_EDGE('',*,*,#4724,.T.);
#4727=ORIENTED_EDGE('',*,*,#4726,.F.);
#4729=ORIENTED_EDGE('',*,*,#4728,.F.);
#4730=ORIENTED_EDGE('',*,*,#4687,.F.);
#4731=EDGE_LOOP('',(#4715,#4716,#4717,#4719,#4721,#4723,#4725,#4727,#4729,
#4730));
#4732=FACE_OUTER_BOUND('',#4731,.F.);
#4734=CARTESIAN_POINT('',(4.375E0,1.55E0,-5.55E0));
#4735=DIRECTION('',(0.E0,1.E0,0.E0));
#4736=DIRECTION('',(-1.E0,0.E0,0.E0));
#4737=AXIS2_PLACEMENT_3D('',#4734,#4735,#4736);
#4738=CYLINDRICAL_SURFACE('',#4737,1.E-1);
#4739=ORIENTED_EDGE('',*,*,#3435,.T.);
#4741=ORIENTED_EDGE('',*,*,#4740,.T.);
#4743=ORIENTED_EDGE('',*,*,#4742,.F.);
#4744=ORIENTED_EDGE('',*,*,#4718,.F.);
#4745=EDGE_LOOP('',(#4739,#4741,#4743,#4744));
#4746=FACE_OUTER_BOUND('',#4745,.F.);
#4748=CARTESIAN_POINT('',(4.375E0,1.55E0,-5.65E0));
#4749=DIRECTION('',(0.E0,0.E0,1.E0));
#4750=DIRECTION('',(1.E0,0.E0,0.E0));
#4751=AXIS2_PLACEMENT_3D('',#4748,#4749,#4750);
#4752=PLANE('',#4751);
#4753=ORIENTED_EDGE('',*,*,#3492,.F.);
#4755=ORIENTED_EDGE('',*,*,#4754,.T.);
#4757=ORIENTED_EDGE('',*,*,#4756,.F.);
#4759=ORIENTED_EDGE('',*,*,#4758,.F.);
#4760=ORIENTED_EDGE('',*,*,#4740,.F.);
#4761=ORIENTED_EDGE('',*,*,#3433,.T.);
#4762=EDGE_LOOP('',(#4753,#4755,#4757,#4759,#4760,#4761));
#4763=FACE_OUTER_BOUND('',#4762,.F.);
#4765=CARTESIAN_POINT('',(4.875E0,1.55E0,-5.65E0));
#4766=DIRECTION('',(1.E0,0.E0,0.E0));
#4767=DIRECTION('',(0.E0,0.E0,-1.E0));
#4768=AXIS2_PLACEMENT_3D('',#4765,#4766,#4767);
#4769=PLANE('',#4768);
#4770=ORIENTED_EDGE('',*,*,#3490,.T.);
#4771=ORIENTED_EDGE('',*,*,#3511,.T.);
#4773=ORIENTED_EDGE('',*,*,#4772,.T.);
#4774=ORIENTED_EDGE('',*,*,#4754,.F.);
#4775=EDGE_LOOP('',(#4770,#4771,#4773,#4774));
#4776=FACE_OUTER_BOUND('',#4775,.F.);
#4778=CARTESIAN_POINT('',(4.575E0,-1.5E-1,-1.359124E1));
#4779=DIRECTION('',(0.E0,0.E0,1.E0));
#4780=DIRECTION('',(0.E0,-1.E0,0.E0));
#4781=AXIS2_PLACEMENT_3D('',#4778,#4779,#4780);
#4782=CYLINDRICAL_SURFACE('',#4781,3.E-1);
#4783=ORIENTED_EDGE('',*,*,#4756,.T.);
#4784=ORIENTED_EDGE('',*,*,#4772,.F.);
#4785=ORIENTED_EDGE('',*,*,#3509,.T.);
#4787=ORIENTED_EDGE('',*,*,#4786,.T.);
#4788=EDGE_LOOP('',(#4783,#4784,#4785,#4787));
#4789=FACE_OUTER_BOUND('',#4788,.F.);
#4791=CARTESIAN_POINT('',(0.E0,-4.5E-1,0.E0));
#4792=DIRECTION('',(0.E0,1.E0,0.E0));
#4793=DIRECTION('',(-1.E0,0.E0,0.E0));
#4794=AXIS2_PLACEMENT_3D('',#4791,#4792,#4793);
#4795=PLANE('',#4794);
#4796=ORIENTED_EDGE('',*,*,#4786,.F.);
#4797=ORIENTED_EDGE('',*,*,#3507,.T.);
#4798=ORIENTED_EDGE('',*,*,#3524,.T.);
#4799=ORIENTED_EDGE('',*,*,#3538,.T.);
#4800=ORIENTED_EDGE('',*,*,#3660,.T.);
#4802=ORIENTED_EDGE('',*,*,#4801,.T.);
#4803=ORIENTED_EDGE('',*,*,#4720,.T.);
#4804=ORIENTED_EDGE('',*,*,#4742,.T.);
#4805=ORIENTED_EDGE('',*,*,#4758,.T.);
#4806=EDGE_LOOP('',(#4796,#4797,#4798,#4799,#4800,#4802,#4803,#4804,#4805));
#4807=FACE_OUTER_BOUND('',#4806,.F.);
#4809=CARTESIAN_POINT('',(0.E0,-4.5E-1,0.E0));
#4810=DIRECTION('',(0.E0,1.E0,0.E0));
#4811=DIRECTION('',(-1.E0,0.E0,0.E0));
#4812=AXIS2_PLACEMENT_3D('',#4809,#4810,#4811);
#4813=PLANE('',#4812);
#4815=ORIENTED_EDGE('',*,*,#4814,.F.);
#4816=ORIENTED_EDGE('',*,*,#3417,.T.);
#4818=ORIENTED_EDGE('',*,*,#4817,.T.);
#4820=ORIENTED_EDGE('',*,*,#4819,.T.);
#4822=ORIENTED_EDGE('',*,*,#4821,.F.);
#4823=ORIENTED_EDGE('',*,*,#4469,.F.);
#4825=ORIENTED_EDGE('',*,*,#4824,.T.);
#4827=ORIENTED_EDGE('',*,*,#4826,.T.);
#4828=ORIENTED_EDGE('',*,*,#3383,.T.);
#4829=EDGE_LOOP('',(#4815,#4816,#4818,#4820,#4822,#4823,#4825,#4827,#4828));
#4830=FACE_OUTER_BOUND('',#4829,.F.);
#4832=CARTESIAN_POINT('',(4.7E0,7.5E-1,-4.9E0));
#4833=DIRECTION('',(0.E0,0.E0,1.E0));
#4834=DIRECTION('',(0.E0,-1.E0,0.E0));
#4835=AXIS2_PLACEMENT_3D('',#4832,#4833,#4834);
#4836=PLANE('',#4835);
#4837=ORIENTED_EDGE('',*,*,#4801,.F.);
#4838=ORIENTED_EDGE('',*,*,#3669,.T.);
#4840=ORIENTED_EDGE('',*,*,#4839,.F.);
#4842=ORIENTED_EDGE('',*,*,#4841,.T.);
#4844=ORIENTED_EDGE('',*,*,#4843,.F.);
#4846=ORIENTED_EDGE('',*,*,#4845,.F.);
#4848=ORIENTED_EDGE('',*,*,#4847,.F.);
#4850=ORIENTED_EDGE('',*,*,#4849,.F.);
#4851=ORIENTED_EDGE('',*,*,#4722,.T.);
#4852=EDGE_LOOP('',(#4837,#4838,#4840,#4842,#4844,#4846,#4848,#4850,#4851));
#4853=FACE_OUTER_BOUND('',#4852,.F.);
#4855=CARTESIAN_POINT('',(0.E0,-1.1E0,0.E0));
#4856=DIRECTION('',(0.E0,-1.E0,0.E0));
#4857=DIRECTION('',(0.E0,0.E0,1.E0));
#4858=AXIS2_PLACEMENT_3D('',#4855,#4856,#4857);
#4859=PLANE('',#4858);
#4861=ORIENTED_EDGE('',*,*,#4860,.T.);
#4863=ORIENTED_EDGE('',*,*,#4862,.T.);
#4865=ORIENTED_EDGE('',*,*,#4864,.T.);
#4866=ORIENTED_EDGE('',*,*,#4473,.T.);
#4867=EDGE_LOOP('',(#4861,#4863,#4865,#4866));
#4868=FACE_OUTER_BOUND('',#4867,.F.);
#4870=CARTESIAN_POINT('',(0.E0,-1.1E0,0.E0));
#4871=DIRECTION('',(0.E0,-1.E0,0.E0));
#4872=DIRECTION('',(0.E0,0.E0,1.E0));
#4873=AXIS2_PLACEMENT_3D('',#4870,#4871,#4872);
#4874=PLANE('',#4873);
#4875=ORIENTED_EDGE('',*,*,#3667,.T.);
#4877=ORIENTED_EDGE('',*,*,#4876,.T.);
#4879=ORIENTED_EDGE('',*,*,#4878,.T.);
#4880=ORIENTED_EDGE('',*,*,#4839,.T.);
#4881=EDGE_LOOP('',(#4875,#4877,#4879,#4880));
#4882=FACE_OUTER_BOUND('',#4881,.F.);
#4884=CARTESIAN_POINT('',(-4.7E0,-6.E-1,-4.9E0));
#4885=DIRECTION('',(0.E0,0.E0,1.E0));
#4886=DIRECTION('',(0.E0,1.E0,0.E0));
#4887=AXIS2_PLACEMENT_3D('',#4884,#4885,#4886);
#4888=PLANE('',#4887);
#4889=ORIENTED_EDGE('',*,*,#4821,.T.);
#4891=ORIENTED_EDGE('',*,*,#4890,.F.);
#4893=ORIENTED_EDGE('',*,*,#4892,.T.);
#4894=ORIENTED_EDGE('',*,*,#4528,.F.);
#4896=ORIENTED_EDGE('',*,*,#4895,.T.);
#4898=ORIENTED_EDGE('',*,*,#4897,.F.);
#4900=ORIENTED_EDGE('',*,*,#4899,.F.);
#4901=ORIENTED_EDGE('',*,*,#4860,.F.);
#4902=ORIENTED_EDGE('',*,*,#4471,.F.);
#4903=EDGE_LOOP('',(#4889,#4891,#4893,#4894,#4896,#4898,#4900,#4901,#4902));
#4904=FACE_OUTER_BOUND('',#4903,.F.);
#4906=CARTESIAN_POINT('',(-4.275E0,1.55E0,-5.55E0));
#4907=DIRECTION('',(-1.E0,0.E0,0.E0));
#4908=DIRECTION('',(0.E0,0.E0,1.E0));
#4909=AXIS2_PLACEMENT_3D('',#4906,#4907,#4908);
#4910=PLANE('',#4909);
#4911=ORIENTED_EDGE('',*,*,#4610,.T.);
#4913=ORIENTED_EDGE('',*,*,#4912,.T.);
#4915=ORIENTED_EDGE('',*,*,#4914,.T.);
#4917=ORIENTED_EDGE('',*,*,#4916,.F.);
#4919=ORIENTED_EDGE('',*,*,#4918,.T.);
#4920=ORIENTED_EDGE('',*,*,#4890,.T.);
#4921=ORIENTED_EDGE('',*,*,#4819,.F.);
#4923=ORIENTED_EDGE('',*,*,#4922,.F.);
#4924=ORIENTED_EDGE('',*,*,#3475,.T.);
#4925=ORIENTED_EDGE('',*,*,#4561,.F.);
#4926=EDGE_LOOP('',(#4911,#4913,#4915,#4917,#4919,#4920,#4921,#4923,#4924,
#4925));
#4927=FACE_OUTER_BOUND('',#4926,.F.);
#4929=CARTESIAN_POINT('',(-4.3E0,-1.1E0,-4.4E0));
#4930=DIRECTION('',(0.E0,0.E0,-1.E0));
#4931=DIRECTION('',(1.E0,0.E0,0.E0));
#4932=AXIS2_PLACEMENT_3D('',#4929,#4930,#4931);
#4933=PLANE('',#4932);
#4934=ORIENTED_EDGE('',*,*,#4608,.F.);
#4936=ORIENTED_EDGE('',*,*,#4935,.F.);
#4938=ORIENTED_EDGE('',*,*,#4937,.F.);
#4939=ORIENTED_EDGE('',*,*,#4912,.F.);
#4940=EDGE_LOOP('',(#4934,#4936,#4938,#4939));
#4941=FACE_OUTER_BOUND('',#4940,.F.);
#4943=CARTESIAN_POINT('',(-4.3E0,-1.1E0,-4.4E0));
#4944=DIRECTION('',(0.E0,0.E0,-1.E0));
#4945=DIRECTION('',(1.E0,0.E0,0.E0));
#4946=AXIS2_PLACEMENT_3D('',#4943,#4944,#4945);
#4947=PLANE('',#4946);
#4949=ORIENTED_EDGE('',*,*,#4948,.T.);
#4951=ORIENTED_EDGE('',*,*,#4950,.T.);
#4952=ORIENTED_EDGE('',*,*,#4444,.F.);
#4954=ORIENTED_EDGE('',*,*,#4953,.F.);
#4956=ORIENTED_EDGE('',*,*,#4955,.T.);
#4957=EDGE_LOOP('',(#4949,#4951,#4952,#4954,#4956));
#4958=FACE_OUTER_BOUND('',#4957,.F.);
#4960=CARTESIAN_POINT('',(-4.4E0,2.4E0,-4.4E0));
#4961=DIRECTION('',(-1.E0,0.E0,0.E0));
#4962=DIRECTION('',(0.E0,0.E0,1.E0));
#4963=AXIS2_PLACEMENT_3D('',#4960,#4961,#4962);
#4964=PLANE('',#4963);
#4965=ORIENTED_EDGE('',*,*,#4606,.T.);
#4967=ORIENTED_EDGE('',*,*,#4966,.F.);
#4969=ORIENTED_EDGE('',*,*,#4968,.T.);
#4970=ORIENTED_EDGE('',*,*,#4935,.T.);
#4971=EDGE_LOOP('',(#4965,#4967,#4969,#4970));
#4972=FACE_OUTER_BOUND('',#4971,.F.);
#4974=CARTESIAN_POINT('',(-4.4E0,2.4E0,-4.2E0));
#4975=DIRECTION('',(0.E0,0.E0,1.E0));
#4976=DIRECTION('',(1.E0,0.E0,0.E0));
#4977=AXIS2_PLACEMENT_3D('',#4974,#4975,#4976);
#4978=PLANE('',#4977);
#4979=ORIENTED_EDGE('',*,*,#4604,.T.);
#4981=ORIENTED_EDGE('',*,*,#4980,.F.);
#4983=ORIENTED_EDGE('',*,*,#4982,.T.);
#4984=ORIENTED_EDGE('',*,*,#4966,.T.);
#4985=EDGE_LOOP('',(#4979,#4981,#4983,#4984));
#4986=FACE_OUTER_BOUND('',#4985,.F.);
#4988=CARTESIAN_POINT('',(-4.3E0,-1.1E0,-3.85E0));
#4989=DIRECTION('',(-1.E0,0.E0,0.E0));
#4990=DIRECTION('',(0.E0,0.E0,-1.E0));
#4991=AXIS2_PLACEMENT_3D('',#4988,#4989,#4990);
#4992=PLANE('',#4991);
#4993=ORIENTED_EDGE('',*,*,#4602,.F.);
#4994=ORIENTED_EDGE('',*,*,#4571,.T.);
#4996=ORIENTED_EDGE('',*,*,#4995,.T.);
#4997=ORIENTED_EDGE('',*,*,#4980,.T.);
#4998=EDGE_LOOP('',(#4993,#4994,#4996,#4997));
#4999=FACE_OUTER_BOUND('',#4998,.F.);
#5001=CARTESIAN_POINT('',(-4.35E0,7.E-1,-4.025E0));
#5002=DIRECTION('',(7.071067811865E-1,7.071067811865E-1,0.E0));
#5003=DIRECTION('',(7.071067811865E-1,-7.071067811865E-1,0.E0));
#5004=AXIS2_PLACEMENT_3D('',#5001,#5002,#5003);
#5005=PLANE('',#5004);
#5007=ORIENTED_EDGE('',*,*,#5006,.T.);
#5009=ORIENTED_EDGE('',*,*,#5008,.F.);
#5010=ORIENTED_EDGE('',*,*,#4995,.F.);
#5011=ORIENTED_EDGE('',*,*,#4569,.T.);
#5012=EDGE_LOOP('',(#5007,#5009,#5010,#5011));
#5013=FACE_OUTER_BOUND('',#5012,.F.);
#5015=CARTESIAN_POINT('',(-4.7E0,7.5E-1,-4.9E0));
#5016=DIRECTION('',(0.E0,-1.E0,0.E0));
#5017=DIRECTION('',(0.E0,0.E0,1.E0));
#5018=AXIS2_PLACEMENT_3D('',#5015,#5016,#5017);
#5019=PLANE('',#5018);
#5020=ORIENTED_EDGE('',*,*,#4916,.T.);
#5022=ORIENTED_EDGE('',*,*,#5021,.T.);
#5024=ORIENTED_EDGE('',*,*,#5023,.F.);
#5026=ORIENTED_EDGE('',*,*,#5025,.F.);
#5027=ORIENTED_EDGE('',*,*,#5006,.F.);
#5028=ORIENTED_EDGE('',*,*,#4567,.F.);
#5029=ORIENTED_EDGE('',*,*,#4532,.F.);
#5031=ORIENTED_EDGE('',*,*,#5030,.F.);
#5032=EDGE_LOOP('',(#5020,#5022,#5024,#5026,#5027,#5028,#5029,#5031));
#5033=FACE_OUTER_BOUND('',#5032,.F.);
#5035=CARTESIAN_POINT('',(-4.2125E0,7.E-1,-4.45E0));
#5036=DIRECTION('',(0.E0,7.071067811865E-1,7.071067811865E-1));
#5037=DIRECTION('',(0.E0,7.071067811865E-1,-7.071067811865E-1));
#5038=AXIS2_PLACEMENT_3D('',#5035,#5036,#5037);
#5039=PLANE('',#5038);
#5040=ORIENTED_EDGE('',*,*,#4914,.F.);
#5041=ORIENTED_EDGE('',*,*,#4937,.T.);
#5043=ORIENTED_EDGE('',*,*,#5042,.T.);
#5044=ORIENTED_EDGE('',*,*,#5021,.F.);
#5045=EDGE_LOOP('',(#5040,#5041,#5043,#5044));
#5046=FACE_OUTER_BOUND('',#5045,.F.);
#5048=CARTESIAN_POINT('',(-4.45E0,7.E-1,-4.3E0));
#5049=DIRECTION('',(7.071067811865E-1,7.071067811865E-1,0.E0));
#5050=DIRECTION('',(7.071067811865E-1,-7.071067811865E-1,0.E0));
#5051=AXIS2_PLACEMENT_3D('',#5048,#5049,#5050);
#5052=PLANE('',#5051);
#5053=ORIENTED_EDGE('',*,*,#5023,.T.);
#5054=ORIENTED_EDGE('',*,*,#5042,.F.);
#5055=ORIENTED_EDGE('',*,*,#4968,.F.);
#5057=ORIENTED_EDGE('',*,*,#5056,.T.);
#5058=EDGE_LOOP('',(#5053,#5054,#5055,#5057));
#5059=FACE_OUTER_BOUND('',#5058,.F.);
#5061=CARTESIAN_POINT('',(-4.35E0,7.E-1,-4.15E0));
#5062=DIRECTION('',(0.E0,7.071067811865E-1,-7.071067811865E-1));
#5063=DIRECTION('',(0.E0,-7.071067811865E-1,-7.071067811865E-1));
#5064=AXIS2_PLACEMENT_3D('',#5061,#5062,#5063);
#5065=PLANE('',#5064);
#5066=ORIENTED_EDGE('',*,*,#4982,.F.);
#5067=ORIENTED_EDGE('',*,*,#5008,.T.);
#5068=ORIENTED_EDGE('',*,*,#5025,.T.);
#5069=ORIENTED_EDGE('',*,*,#5056,.F.);
#5070=EDGE_LOOP('',(#5066,#5067,#5068,#5069));
#5071=FACE_OUTER_BOUND('',#5070,.F.);
#5073=CARTESIAN_POINT('',(-4.3625E0,7.E-1,-4.85E0));
#5074=DIRECTION('',(0.E0,7.071067811865E-1,-7.071067811865E-1));
#5075=DIRECTION('',(0.E0,-7.071067811865E-1,-7.071067811865E-1));
#5076=AXIS2_PLACEMENT_3D('',#5073,#5074,#5075);
#5077=PLANE('',#5076);
#5078=ORIENTED_EDGE('',*,*,#4918,.F.);
#5079=ORIENTED_EDGE('',*,*,#5030,.T.);
#5080=ORIENTED_EDGE('',*,*,#4530,.T.);
#5081=ORIENTED_EDGE('',*,*,#4892,.F.);
#5082=EDGE_LOOP('',(#5078,#5079,#5080,#5081));
#5083=FACE_OUTER_BOUND('',#5082,.F.);
#5085=CARTESIAN_POINT('',(4.7E0,1.4E0,0.E0));
#5086=DIRECTION('',(0.E0,1.E0,0.E0));
#5087=DIRECTION('',(-1.E0,0.E0,0.E0));
#5088=AXIS2_PLACEMENT_3D('',#5085,#5086,#5087);
#5089=PLANE('',#5088);
#5090=ORIENTED_EDGE('',*,*,#4948,.F.);
#5092=ORIENTED_EDGE('',*,*,#5091,.F.);
#5094=ORIENTED_EDGE('',*,*,#5093,.F.);
#5096=ORIENTED_EDGE('',*,*,#5095,.T.);
#5097=EDGE_LOOP('',(#5090,#5092,#5094,#5096));
#5098=FACE_OUTER_BOUND('',#5097,.F.);
#5100=CARTESIAN_POINT('',(4.7E0,1.4E0,0.E0));
#5101=DIRECTION('',(0.E0,1.E0,0.E0));
#5102=DIRECTION('',(-1.E0,0.E0,0.E0));
#5103=AXIS2_PLACEMENT_3D('',#5100,#5101,#5102);
#5104=PLANE('',#5103);
#5105=ORIENTED_EDGE('',*,*,#4699,.T.);
#5106=ORIENTED_EDGE('',*,*,#3549,.F.);
#5108=ORIENTED_EDGE('',*,*,#5107,.F.);
#5110=ORIENTED_EDGE('',*,*,#5109,.F.);
#5111=EDGE_LOOP('',(#5105,#5106,#5108,#5110));
#5112=FACE_OUTER_BOUND('',#5111,.F.);
#5114=CARTESIAN_POINT('',(-3.925E0,2.4E0,-4.2E0));
#5115=DIRECTION('',(1.E0,0.E0,0.E0));
#5116=DIRECTION('',(0.E0,0.E0,-1.E0));
#5117=AXIS2_PLACEMENT_3D('',#5114,#5115,#5116);
#5118=PLANE('',#5117);
#5119=ORIENTED_EDGE('',*,*,#5091,.T.);
#5120=ORIENTED_EDGE('',*,*,#4955,.F.);
#5122=ORIENTED_EDGE('',*,*,#5121,.F.);
#5124=ORIENTED_EDGE('',*,*,#5123,.T.);
#5125=EDGE_LOOP('',(#5119,#5120,#5122,#5124));
#5126=FACE_OUTER_BOUND('',#5125,.F.);
#5128=CARTESIAN_POINT('',(4.7E0,2.4E0,0.E0));
#5129=DIRECTION('',(0.E0,1.E0,0.E0));
#5130=DIRECTION('',(-1.E0,0.E0,0.E0));
#5131=AXIS2_PLACEMENT_3D('',#5128,#5129,#5130);
#5132=PLANE('',#5131);
#5134=ORIENTED_EDGE('',*,*,#5133,.F.);
#5135=ORIENTED_EDGE('',*,*,#3940,.F.);
#5136=ORIENTED_EDGE('',*,*,#3569,.F.);
#5138=ORIENTED_EDGE('',*,*,#5137,.F.);
#5140=ORIENTED_EDGE('',*,*,#5139,.T.);
#5142=ORIENTED_EDGE('',*,*,#5141,.F.);
#5144=ORIENTED_EDGE('',*,*,#5143,.F.);
#5146=ORIENTED_EDGE('',*,*,#5145,.F.);
#5147=ORIENTED_EDGE('',*,*,#4209,.T.);
#5148=ORIENTED_EDGE('',*,*,#4510,.T.);
#5149=ORIENTED_EDGE('',*,*,#4549,.F.);
#5151=ORIENTED_EDGE('',*,*,#5150,.F.);
#5152=ORIENTED_EDGE('',*,*,#5121,.T.);
#5154=ORIENTED_EDGE('',*,*,#5153,.F.);
#5155=EDGE_LOOP('',(#5134,#5135,#5136,#5138,#5140,#5142,#5144,#5146,#5147,#5148,
#5149,#5151,#5152,#5154));
#5156=FACE_OUTER_BOUND('',#5155,.F.);
#5158=CARTESIAN_POINT('',(-3.835E0,7.5E-1,-5.61E0));
#5159=DIRECTION('',(-7.071067811865E-1,0.E0,-7.071067811865E-1));
#5160=DIRECTION('',(-7.071067811865E-1,0.E0,7.071067811865E-1));
#5161=AXIS2_PLACEMENT_3D('',#5158,#5159,#5160);
#5162=PLANE('',#5161);
#5164=ORIENTED_EDGE('',*,*,#5163,.F.);
#5165=ORIENTED_EDGE('',*,*,#4479,.F.);
#5167=ORIENTED_EDGE('',*,*,#5166,.T.);
#5168=ORIENTED_EDGE('',*,*,#3942,.T.);
#5169=ORIENTED_EDGE('',*,*,#5133,.T.);
#5171=ORIENTED_EDGE('',*,*,#5170,.T.);
#5172=ORIENTED_EDGE('',*,*,#4440,.F.);
#5173=EDGE_LOOP('',(#5164,#5165,#5167,#5168,#5169,#5171,#5172));
#5174=FACE_OUTER_BOUND('',#5173,.F.);
#5176=CARTESIAN_POINT('',(-4.025E0,1.55E0,-3.85E0));
#5177=DIRECTION('',(1.E0,0.E0,0.E0));
#5178=DIRECTION('',(0.E0,0.E0,-1.E0));
#5179=AXIS2_PLACEMENT_3D('',#5176,#5177,#5178);
#5180=PLANE('',#5179);
#5181=ORIENTED_EDGE('',*,*,#3465,.T.);
#5183=ORIENTED_EDGE('',*,*,#5182,.T.);
#5184=ORIENTED_EDGE('',*,*,#4824,.F.);
#5185=ORIENTED_EDGE('',*,*,#5163,.T.);
#5186=EDGE_LOOP('',(#5181,#5183,#5184,#5185));
#5187=FACE_OUTER_BOUND('',#5186,.F.);
#5189=CARTESIAN_POINT('',(-4.025E0,1.55E0,-3.85E0));
#5190=DIRECTION('',(1.E0,0.E0,0.E0));
#5191=DIRECTION('',(0.E0,0.E0,-1.E0));
#5192=AXIS2_PLACEMENT_3D('',#5189,#5190,#5191);
#5193=PLANE('',#5192);
#5194=ORIENTED_EDGE('',*,*,#5095,.F.);
#5196=ORIENTED_EDGE('',*,*,#5195,.T.);
#5197=ORIENTED_EDGE('',*,*,#3469,.T.);
#5198=ORIENTED_EDGE('',*,*,#4950,.F.);
#5199=EDGE_LOOP('',(#5194,#5196,#5197,#5198));
#5200=FACE_OUTER_BOUND('',#5199,.F.);
#5202=CARTESIAN_POINT('',(-4.375E0,1.55E0,-5.55E0));
#5203=DIRECTION('',(0.E0,1.E0,0.E0));
#5204=DIRECTION('',(-1.E0,0.E0,0.E0));
#5205=AXIS2_PLACEMENT_3D('',#5202,#5203,#5204);
#5206=CYLINDRICAL_SURFACE('',#5205,3.5E-1);
#5207=ORIENTED_EDGE('',*,*,#3463,.T.);
#5208=ORIENTED_EDGE('',*,*,#3385,.T.);
#5209=ORIENTED_EDGE('',*,*,#4826,.F.);
#5210=ORIENTED_EDGE('',*,*,#5182,.F.);
#5211=EDGE_LOOP('',(#5207,#5208,#5209,#5210));
#5212=FACE_OUTER_BOUND('',#5211,.F.);
#5214=CARTESIAN_POINT('',(-4.025E0,2.4E0,-4.2E0));
#5215=DIRECTION('',(0.E0,0.E0,1.E0));
#5216=DIRECTION('',(1.E0,0.E0,0.E0));
#5217=AXIS2_PLACEMENT_3D('',#5214,#5215,#5216);
#5218=PLANE('',#5217);
#5219=ORIENTED_EDGE('',*,*,#5093,.T.);
#5220=ORIENTED_EDGE('',*,*,#5123,.F.);
#5222=ORIENTED_EDGE('',*,*,#5221,.F.);
#5223=ORIENTED_EDGE('',*,*,#4455,.T.);
#5224=ORIENTED_EDGE('',*,*,#5195,.F.);
#5225=EDGE_LOOP('',(#5219,#5220,#5222,#5223,#5224));
#5226=FACE_OUTER_BOUND('',#5225,.F.);
#5228=CARTESIAN_POINT('',(-3.975E0,2.25E0,-4.025E0));
#5229=DIRECTION('',(-9.486832980505E-1,3.162277660168E-1,0.E0));
#5230=DIRECTION('',(-3.162277660168E-1,-9.486832980505E-1,0.E0));
#5231=AXIS2_PLACEMENT_3D('',#5228,#5229,#5230);
#5232=PLANE('',#5231);
#5233=ORIENTED_EDGE('',*,*,#4457,.F.);
#5234=ORIENTED_EDGE('',*,*,#5221,.T.);
#5235=ORIENTED_EDGE('',*,*,#5150,.T.);
#5236=ORIENTED_EDGE('',*,*,#4547,.F.);
#5237=EDGE_LOOP('',(#5233,#5234,#5235,#5236));
#5238=FACE_OUTER_BOUND('',#5237,.F.);
#5240=CARTESIAN_POINT('',(-4.7E0,-6.E-1,-5.8E0));
#5241=DIRECTION('',(0.E0,-1.E0,0.E0));
#5242=DIRECTION('',(0.E0,0.E0,1.E0));
#5243=AXIS2_PLACEMENT_3D('',#5240,#5241,#5242);
#5244=PLANE('',#5243);
#5245=ORIENTED_EDGE('',*,*,#3944,.T.);
#5246=ORIENTED_EDGE('',*,*,#5166,.F.);
#5248=ORIENTED_EDGE('',*,*,#5247,.F.);
#5250=ORIENTED_EDGE('',*,*,#5249,.F.);
#5251=ORIENTED_EDGE('',*,*,#4895,.F.);
#5252=ORIENTED_EDGE('',*,*,#4526,.F.);
#5253=EDGE_LOOP('',(#5245,#5246,#5248,#5250,#5251,#5252));
#5254=FACE_OUTER_BOUND('',#5253,.F.);
#5256=CARTESIAN_POINT('',(-4.1625E0,-6.5E-1,-5.37E0));
#5257=DIRECTION('',(0.E0,7.071067811865E-1,7.071067811865E-1));
#5258=DIRECTION('',(0.E0,-7.071067811865E-1,7.071067811865E-1));
#5259=AXIS2_PLACEMENT_3D('',#5256,#5257,#5258);
#5260=PLANE('',#5259);
#5261=ORIENTED_EDGE('',*,*,#5247,.T.);
#5262=ORIENTED_EDGE('',*,*,#4477,.T.);
#5264=ORIENTED_EDGE('',*,*,#5263,.F.);
#5266=ORIENTED_EDGE('',*,*,#5265,.T.);
#5267=EDGE_LOOP('',(#5261,#5262,#5264,#5266));
#5268=FACE_OUTER_BOUND('',#5267,.F.);
#5270=CARTESIAN_POINT('',(-4.3E0,-1.1E0,-5.32E0));
#5271=DIRECTION('',(0.E0,0.E0,-1.E0));
#5272=DIRECTION('',(1.E0,0.E0,0.E0));
#5273=AXIS2_PLACEMENT_3D('',#5270,#5271,#5272);
#5274=PLANE('',#5273);
#5275=ORIENTED_EDGE('',*,*,#5263,.T.);
#5276=ORIENTED_EDGE('',*,*,#4475,.F.);
#5277=ORIENTED_EDGE('',*,*,#4864,.F.);
#5279=ORIENTED_EDGE('',*,*,#5278,.T.);
#5280=EDGE_LOOP('',(#5275,#5276,#5277,#5279));
#5281=FACE_OUTER_BOUND('',#5280,.F.);
#5283=CARTESIAN_POINT('',(-4.3E0,-1.1E0,-4.9E0));
#5284=DIRECTION('',(-1.E0,0.E0,0.E0));
#5285=DIRECTION('',(0.E0,0.E0,-1.E0));
#5286=AXIS2_PLACEMENT_3D('',#5283,#5284,#5285);
#5287=PLANE('',#5286);
#5289=ORIENTED_EDGE('',*,*,#5288,.T.);
#5290=ORIENTED_EDGE('',*,*,#5278,.F.);
#5291=ORIENTED_EDGE('',*,*,#4862,.F.);
#5292=ORIENTED_EDGE('',*,*,#4899,.T.);
#5293=EDGE_LOOP('',(#5289,#5290,#5291,#5292));
#5294=FACE_OUTER_BOUND('',#5293,.F.);
#5296=CARTESIAN_POINT('',(-4.35E0,-6.5E-1,-5.11E0));
#5297=DIRECTION('',(7.071067811865E-1,7.071067811865E-1,0.E0));
#5298=DIRECTION('',(7.071067811865E-1,-7.071067811865E-1,0.E0));
#5299=AXIS2_PLACEMENT_3D('',#5296,#5297,#5298);
#5300=PLANE('',#5299);
#5301=ORIENTED_EDGE('',*,*,#5249,.T.);
#5302=ORIENTED_EDGE('',*,*,#5265,.F.);
#5303=ORIENTED_EDGE('',*,*,#5288,.F.);
#5304=ORIENTED_EDGE('',*,*,#4897,.T.);
#5305=EDGE_LOOP('',(#5301,#5302,#5303,#5304));
#5306=FACE_OUTER_BOUND('',#5305,.F.);
#5308=CARTESIAN_POINT('',(-3.975E0,2.25E0,-5.1E0));
#5309=DIRECTION('',(-9.486832980505E-1,3.162277660168E-1,0.E0));
#5310=DIRECTION('',(-3.162277660168E-1,-9.486832980505E-1,0.E0));
#5311=AXIS2_PLACEMENT_3D('',#5308,#5309,#5310);
#5312=PLANE('',#5311);
#5313=ORIENTED_EDGE('',*,*,#5170,.F.);
#5314=ORIENTED_EDGE('',*,*,#5153,.T.);
#5315=ORIENTED_EDGE('',*,*,#4953,.T.);
#5316=ORIENTED_EDGE('',*,*,#4442,.F.);
#5317=EDGE_LOOP('',(#5313,#5314,#5315,#5316));
#5318=FACE_OUTER_BOUND('',#5317,.F.);
#5320=CARTESIAN_POINT('',(3.975E0,2.25E0,-5.1E0));
#5321=DIRECTION('',(9.486832980505E-1,3.162277660168E-1,0.E0));
#5322=DIRECTION('',(3.162277660168E-1,-9.486832980505E-1,0.E0));
#5323=AXIS2_PLACEMENT_3D('',#5320,#5321,#5322);
#5324=PLANE('',#5323);
#5325=ORIENTED_EDGE('',*,*,#3567,.F.);
#5326=ORIENTED_EDGE('',*,*,#3634,.F.);
#5327=ORIENTED_EDGE('',*,*,#4703,.F.);
#5328=ORIENTED_EDGE('',*,*,#5137,.T.);
#5329=EDGE_LOOP('',(#5325,#5326,#5327,#5328));
#5330=FACE_OUTER_BOUND('',#5329,.F.);
#5332=CARTESIAN_POINT('',(3.925E0,2.4E0,-4.4E0));
#5333=DIRECTION('',(-1.E0,0.E0,0.E0));
#5334=DIRECTION('',(0.E0,0.E0,1.E0));
#5335=AXIS2_PLACEMENT_3D('',#5332,#5333,#5334);
#5336=PLANE('',#5335);
#5337=ORIENTED_EDGE('',*,*,#5109,.T.);
#5339=ORIENTED_EDGE('',*,*,#5338,.F.);
#5340=ORIENTED_EDGE('',*,*,#5139,.F.);
#5341=ORIENTED_EDGE('',*,*,#4701,.T.);
#5342=EDGE_LOOP('',(#5337,#5339,#5340,#5341));
#5343=FACE_OUTER_BOUND('',#5342,.F.);
#5345=CARTESIAN_POINT('',(3.925E0,2.4E0,-4.2E0));
#5346=DIRECTION('',(0.E0,0.E0,1.E0));
#5347=DIRECTION('',(1.E0,0.E0,0.E0));
#5348=AXIS2_PLACEMENT_3D('',#5345,#5346,#5347);
#5349=PLANE('',#5348);
#5350=ORIENTED_EDGE('',*,*,#5107,.T.);
#5351=ORIENTED_EDGE('',*,*,#3554,.T.);
#5352=ORIENTED_EDGE('',*,*,#3650,.F.);
#5354=ORIENTED_EDGE('',*,*,#5353,.T.);
#5355=ORIENTED_EDGE('',*,*,#5338,.T.);
#5356=EDGE_LOOP('',(#5350,#5351,#5352,#5354,#5355));
#5357=FACE_OUTER_BOUND('',#5356,.F.);
#5359=CARTESIAN_POINT('',(3.975E0,2.25E0,-4.025E0));
#5360=DIRECTION('',(9.486832980505E-1,3.162277660168E-1,0.E0));
#5361=DIRECTION('',(3.162277660168E-1,-9.486832980505E-1,0.E0));
#5362=AXIS2_PLACEMENT_3D('',#5359,#5360,#5361);
#5363=PLANE('',#5362);
#5364=ORIENTED_EDGE('',*,*,#3648,.F.);
#5366=ORIENTED_EDGE('',*,*,#5365,.T.);
#5367=ORIENTED_EDGE('',*,*,#5141,.T.);
#5368=ORIENTED_EDGE('',*,*,#5353,.F.);
#5369=EDGE_LOOP('',(#5364,#5366,#5367,#5368));
#5370=FACE_OUTER_BOUND('',#5369,.F.);
#5372=CARTESIAN_POINT('',(4.3625E0,2.25E0,-3.8E0));
#5373=DIRECTION('',(0.E0,3.162277660168E-1,-9.486832980505E-1));
#5374=DIRECTION('',(0.E0,-9.486832980505E-1,-3.162277660168E-1));
#5375=AXIS2_PLACEMENT_3D('',#5372,#5373,#5374);
#5376=PLANE('',#5375);
#5378=ORIENTED_EDGE('',*,*,#5377,.T.);
#5379=ORIENTED_EDGE('',*,*,#5143,.T.);
#5380=ORIENTED_EDGE('',*,*,#5365,.F.);
#5381=ORIENTED_EDGE('',*,*,#4629,.F.);
#5382=EDGE_LOOP('',(#5378,#5379,#5380,#5381));
#5383=FACE_OUTER_BOUND('',#5382,.F.);
#5385=CARTESIAN_POINT('',(4.7E0,-2.4E0,0.E0));
#5386=DIRECTION('',(1.E0,0.E0,0.E0));
#5387=DIRECTION('',(0.E0,1.E0,0.E0));
#5388=AXIS2_PLACEMENT_3D('',#5385,#5386,#5387);
#5389=PLANE('',#5388);
#5390=ORIENTED_EDGE('',*,*,#5377,.F.);
#5391=ORIENTED_EDGE('',*,*,#4627,.T.);
#5393=ORIENTED_EDGE('',*,*,#5392,.T.);
#5395=ORIENTED_EDGE('',*,*,#5394,.F.);
#5396=ORIENTED_EDGE('',*,*,#4847,.T.);
#5398=ORIENTED_EDGE('',*,*,#5397,.F.);
#5399=ORIENTED_EDGE('',*,*,#3935,.F.);
#5400=ORIENTED_EDGE('',*,*,#3880,.F.);
#5401=ORIENTED_EDGE('',*,*,#3815,.T.);
#5402=ORIENTED_EDGE('',*,*,#3795,.T.);
#5404=ORIENTED_EDGE('',*,*,#5403,.F.);
#5406=ORIENTED_EDGE('',*,*,#5405,.T.);
#5408=ORIENTED_EDGE('',*,*,#5407,.F.);
#5410=ORIENTED_EDGE('',*,*,#5409,.F.);
#5411=ORIENTED_EDGE('',*,*,#4211,.T.);
#5412=ORIENTED_EDGE('',*,*,#5145,.T.);
#5413=EDGE_LOOP('',(#5390,#5391,#5393,#5395,#5396,#5398,#5399,#5400,#5401,#5402,
#5404,#5406,#5408,#5410,#5411,#5412));
#5414=FACE_OUTER_BOUND('',#5413,.F.);
#5416=CARTESIAN_POINT('',(4.7E0,7.5E-1,-3.85E0));
#5417=DIRECTION('',(0.E0,-1.E0,0.E0));
#5418=DIRECTION('',(0.E0,0.E0,-1.E0));
#5419=AXIS2_PLACEMENT_3D('',#5416,#5417,#5418);
#5420=PLANE('',#5419);
#5421=ORIENTED_EDGE('',*,*,#4726,.T.);
#5423=ORIENTED_EDGE('',*,*,#5422,.T.);
#5424=ORIENTED_EDGE('',*,*,#5392,.F.);
#5425=ORIENTED_EDGE('',*,*,#4625,.T.);
#5427=ORIENTED_EDGE('',*,*,#5426,.F.);
#5429=ORIENTED_EDGE('',*,*,#5428,.F.);
#5431=ORIENTED_EDGE('',*,*,#5430,.F.);
#5433=ORIENTED_EDGE('',*,*,#5432,.T.);
#5434=EDGE_LOOP('',(#5421,#5423,#5424,#5425,#5427,#5429,#5431,#5433));
#5435=FACE_OUTER_BOUND('',#5434,.F.);
#5437=CARTESIAN_POINT('',(4.3625E0,7.E-1,-4.85E0));
#5438=DIRECTION('',(0.E0,7.071067811865E-1,-7.071067811865E-1));
#5439=DIRECTION('',(0.E0,7.071067811865E-1,7.071067811865E-1));
#5440=AXIS2_PLACEMENT_3D('',#5437,#5438,#5439);
#5441=PLANE('',#5440);
#5442=ORIENTED_EDGE('',*,*,#4724,.F.);
#5443=ORIENTED_EDGE('',*,*,#4849,.T.);
#5444=ORIENTED_EDGE('',*,*,#5394,.T.);
#5445=ORIENTED_EDGE('',*,*,#5422,.F.);
#5446=EDGE_LOOP('',(#5442,#5443,#5444,#5445));
#5447=FACE_OUTER_BOUND('',#5446,.F.);
#5449=CARTESIAN_POINT('',(4.35E0,7.E-1,-4.025E0));
#5450=DIRECTION('',(-7.071067811865E-1,7.071067811865E-1,0.E0));
#5451=DIRECTION('',(-7.071067811865E-1,-7.071067811865E-1,0.E0));
#5452=AXIS2_PLACEMENT_3D('',#5449,#5450,#5451);
#5453=PLANE('',#5452);
#5454=ORIENTED_EDGE('',*,*,#4646,.F.);
#5456=ORIENTED_EDGE('',*,*,#5455,.T.);
#5457=ORIENTED_EDGE('',*,*,#5426,.T.);
#5458=ORIENTED_EDGE('',*,*,#4623,.T.);
#5459=EDGE_LOOP('',(#5454,#5456,#5457,#5458));
#5460=FACE_OUTER_BOUND('',#5459,.F.);
#5462=CARTESIAN_POINT('',(4.35E0,7.E-1,-4.15E0));
#5463=DIRECTION('',(0.E0,7.071067811865E-1,-7.071067811865E-1));
#5464=DIRECTION('',(0.E0,-7.071067811865E-1,-7.071067811865E-1));
#5465=AXIS2_PLACEMENT_3D('',#5462,#5463,#5464);
#5466=PLANE('',#5465);
#5467=ORIENTED_EDGE('',*,*,#5428,.T.);
#5468=ORIENTED_EDGE('',*,*,#5455,.F.);
#5469=ORIENTED_EDGE('',*,*,#4660,.F.);
#5471=ORIENTED_EDGE('',*,*,#5470,.T.);
#5472=EDGE_LOOP('',(#5467,#5468,#5469,#5471));
#5473=FACE_OUTER_BOUND('',#5472,.F.);
#5475=CARTESIAN_POINT('',(4.45E0,7.E-1,-4.3E0));
#5476=DIRECTION('',(-7.071067811865E-1,7.071067811865E-1,0.E0));
#5477=DIRECTION('',(-7.071067811865E-1,-7.071067811865E-1,0.E0));
#5478=AXIS2_PLACEMENT_3D('',#5475,#5476,#5477);
#5479=PLANE('',#5478);
#5480=ORIENTED_EDGE('',*,*,#4674,.F.);
#5482=ORIENTED_EDGE('',*,*,#5481,.T.);
#5483=ORIENTED_EDGE('',*,*,#5430,.T.);
#5484=ORIENTED_EDGE('',*,*,#5470,.F.);
#5485=EDGE_LOOP('',(#5480,#5482,#5483,#5484));
#5486=FACE_OUTER_BOUND('',#5485,.F.);
#5488=CARTESIAN_POINT('',(4.2125E0,7.E-1,-4.45E0));
#5489=DIRECTION('',(0.E0,7.071067811865E-1,7.071067811865E-1));
#5490=DIRECTION('',(0.E0,7.071067811865E-1,-7.071067811865E-1));
#5491=AXIS2_PLACEMENT_3D('',#5488,#5489,#5490);
#5492=PLANE('',#5491);
#5493=ORIENTED_EDGE('',*,*,#4728,.T.);
#5494=ORIENTED_EDGE('',*,*,#5432,.F.);
#5495=ORIENTED_EDGE('',*,*,#5481,.F.);
#5496=ORIENTED_EDGE('',*,*,#4689,.T.);
#5497=EDGE_LOOP('',(#5493,#5494,#5495,#5496));
#5498=FACE_OUTER_BOUND('',#5497,.F.);
#5500=CARTESIAN_POINT('',(4.7E0,-6.E-1,-4.9E0));
#5501=DIRECTION('',(0.E0,-1.E0,0.E0));
#5502=DIRECTION('',(0.E0,0.E0,-1.E0));
#5503=AXIS2_PLACEMENT_3D('',#5500,#5501,#5502);
#5504=PLANE('',#5503);
#5506=ORIENTED_EDGE('',*,*,#5505,.F.);
#5507=ORIENTED_EDGE('',*,*,#3573,.F.);
#5508=ORIENTED_EDGE('',*,*,#3937,.T.);
#5509=ORIENTED_EDGE('',*,*,#5397,.T.);
#5510=ORIENTED_EDGE('',*,*,#4845,.T.);
#5512=ORIENTED_EDGE('',*,*,#5511,.F.);
#5513=EDGE_LOOP('',(#5506,#5507,#5508,#5509,#5510,#5512));
#5514=FACE_OUTER_BOUND('',#5513,.F.);
#5516=CARTESIAN_POINT('',(4.1625E0,-6.5E-1,-5.37E0));
#5517=DIRECTION('',(0.E0,7.071067811865E-1,7.071067811865E-1));
#5518=DIRECTION('',(0.E0,-7.071067811865E-1,7.071067811865E-1));
#5519=AXIS2_PLACEMENT_3D('',#5516,#5517,#5518);
#5520=PLANE('',#5519);
#5521=ORIENTED_EDGE('',*,*,#5505,.T.);
#5523=ORIENTED_EDGE('',*,*,#5522,.F.);
#5525=ORIENTED_EDGE('',*,*,#5524,.F.);
#5526=ORIENTED_EDGE('',*,*,#3663,.T.);
#5527=EDGE_LOOP('',(#5521,#5523,#5525,#5526));
#5528=FACE_OUTER_BOUND('',#5527,.F.);
#5530=CARTESIAN_POINT('',(4.35E0,-6.5E-1,-5.11E0));
#5531=DIRECTION('',(-7.071067811865E-1,7.071067811865E-1,0.E0));
#5532=DIRECTION('',(-7.071067811865E-1,-7.071067811865E-1,0.E0));
#5533=AXIS2_PLACEMENT_3D('',#5530,#5531,#5532);
#5534=PLANE('',#5533);
#5536=ORIENTED_EDGE('',*,*,#5535,.F.);
#5537=ORIENTED_EDGE('',*,*,#5522,.T.);
#5538=ORIENTED_EDGE('',*,*,#5511,.T.);
#5539=ORIENTED_EDGE('',*,*,#4843,.T.);
#5540=EDGE_LOOP('',(#5536,#5537,#5538,#5539));
#5541=FACE_OUTER_BOUND('',#5540,.F.);
#5543=CARTESIAN_POINT('',(4.3E0,-1.1E0,-5.32E0));
#5544=DIRECTION('',(1.E0,0.E0,0.E0));
#5545=DIRECTION('',(0.E0,0.E0,1.E0));
#5546=AXIS2_PLACEMENT_3D('',#5543,#5544,#5545);
#5547=PLANE('',#5546);
#5548=ORIENTED_EDGE('',*,*,#5535,.T.);
#5549=ORIENTED_EDGE('',*,*,#4841,.F.);
#5550=ORIENTED_EDGE('',*,*,#4878,.F.);
#5552=ORIENTED_EDGE('',*,*,#5551,.T.);
#5553=EDGE_LOOP('',(#5548,#5549,#5550,#5552));
#5554=FACE_OUTER_BOUND('',#5553,.F.);
#5556=CARTESIAN_POINT('',(4.025E0,-1.1E0,-5.32E0));
#5557=DIRECTION('',(0.E0,0.E0,-1.E0));
#5558=DIRECTION('',(1.E0,0.E0,0.E0));
#5559=AXIS2_PLACEMENT_3D('',#5556,#5557,#5558);
#5560=PLANE('',#5559);
#5561=ORIENTED_EDGE('',*,*,#5524,.T.);
#5562=ORIENTED_EDGE('',*,*,#5551,.F.);
#5563=ORIENTED_EDGE('',*,*,#4876,.F.);
#5564=ORIENTED_EDGE('',*,*,#3665,.T.);
#5565=EDGE_LOOP('',(#5561,#5562,#5563,#5564));
#5566=FACE_OUTER_BOUND('',#5565,.F.);
#5568=CARTESIAN_POINT('',(4.3625E0,-1.45E0,-8.5E-1));
#5569=DIRECTION('',(0.E0,-7.071067811865E-1,7.071067811865E-1));
#5570=DIRECTION('',(0.E0,-7.071067811865E-1,-7.071067811865E-1));
#5571=AXIS2_PLACEMENT_3D('',#5568,#5569,#5570);
#5572=PLANE('',#5571);
#5573=ORIENTED_EDGE('',*,*,#5403,.T.);
#5574=ORIENTED_EDGE('',*,*,#3793,.F.);
#5575=ORIENTED_EDGE('',*,*,#3609,.T.);
#5577=ORIENTED_EDGE('',*,*,#5576,.T.);
#5578=EDGE_LOOP('',(#5573,#5574,#5575,#5577));
#5579=FACE_OUTER_BOUND('',#5578,.F.);
#5581=CARTESIAN_POINT('',(4.7E0,-1.5E0,-8.E-1));
#5582=DIRECTION('',(0.E0,0.E0,-1.E0));
#5583=DIRECTION('',(0.E0,1.E0,0.E0));
#5584=AXIS2_PLACEMENT_3D('',#5581,#5582,#5583);
#5585=PLANE('',#5584);
#5587=ORIENTED_EDGE('',*,*,#5586,.F.);
#5589=ORIENTED_EDGE('',*,*,#5588,.F.);
#5590=ORIENTED_EDGE('',*,*,#5405,.F.);
#5591=ORIENTED_EDGE('',*,*,#5576,.F.);
#5592=ORIENTED_EDGE('',*,*,#3607,.T.);
#5594=ORIENTED_EDGE('',*,*,#5593,.T.);
#5596=ORIENTED_EDGE('',*,*,#5595,.F.);
#5598=ORIENTED_EDGE('',*,*,#5597,.F.);
#5599=EDGE_LOOP('',(#5587,#5589,#5590,#5591,#5592,#5594,#5596,#5598));
#5600=FACE_OUTER_BOUND('',#5599,.F.);
#5602=CARTESIAN_POINT('',(4.35E0,-6.25E-1,-8.5E-1));
#5603=DIRECTION('',(-7.071067811865E-1,0.E0,7.071067811865E-1));
#5604=DIRECTION('',(-7.071067811865E-1,0.E0,-7.071067811865E-1));
#5605=AXIS2_PLACEMENT_3D('',#5602,#5603,#5604);
#5606=PLANE('',#5605);
#5607=ORIENTED_EDGE('',*,*,#5586,.T.);
#5609=ORIENTED_EDGE('',*,*,#5608,.F.);
#5611=ORIENTED_EDGE('',*,*,#5610,.F.);
#5613=ORIENTED_EDGE('',*,*,#5612,.T.);
#5614=EDGE_LOOP('',(#5607,#5609,#5611,#5613));
#5615=FACE_OUTER_BOUND('',#5614,.F.);
#5617=CARTESIAN_POINT('',(4.35E0,-7.5E-1,-8.5E-1));
#5618=DIRECTION('',(0.E0,-7.071067811865E-1,7.071067811865E-1));
#5619=DIRECTION('',(0.E0,-7.071067811865E-1,-7.071067811865E-1));
#5620=AXIS2_PLACEMENT_3D('',#5617,#5618,#5619);
#5621=PLANE('',#5620);
#5623=ORIENTED_EDGE('',*,*,#5622,.F.);
#5624=ORIENTED_EDGE('',*,*,#5608,.T.);
#5625=ORIENTED_EDGE('',*,*,#5597,.T.);
#5627=ORIENTED_EDGE('',*,*,#5626,.F.);
#5628=EDGE_LOOP('',(#5623,#5624,#5625,#5627));
#5629=FACE_OUTER_BOUND('',#5628,.F.);
#5631=CARTESIAN_POINT('',(4.4E0,-8.E-1,-8.E-1));
#5632=DIRECTION('',(0.E0,1.E0,0.E0));
#5633=DIRECTION('',(-1.E0,0.E0,0.E0));
#5634=AXIS2_PLACEMENT_3D('',#5631,#5632,#5633);
#5635=PLANE('',#5634);
#5637=ORIENTED_EDGE('',*,*,#5636,.T.);
#5638=ORIENTED_EDGE('',*,*,#5622,.T.);
#5640=ORIENTED_EDGE('',*,*,#5639,.T.);
#5641=ORIENTED_EDGE('',*,*,#3765,.T.);
#5642=EDGE_LOOP('',(#5637,#5638,#5640,#5641));
#5643=FACE_OUTER_BOUND('',#5642,.F.);
#5645=CARTESIAN_POINT('',(4.3E0,-1.E0,0.E0));
#5646=DIRECTION('',(1.E0,0.E0,0.E0));
#5647=DIRECTION('',(0.E0,1.E0,0.E0));
#5648=AXIS2_PLACEMENT_3D('',#5645,#5646,#5647);
#5649=PLANE('',#5648);
#5650=ORIENTED_EDGE('',*,*,#5610,.T.);
#5651=ORIENTED_EDGE('',*,*,#5636,.F.);
#5652=ORIENTED_EDGE('',*,*,#3763,.T.);
#5654=ORIENTED_EDGE('',*,*,#5653,.F.);
#5655=EDGE_LOOP('',(#5650,#5651,#5652,#5654));
#5656=FACE_OUTER_BOUND('',#5655,.F.);
#5658=CARTESIAN_POINT('',(4.7E0,-4.5E-1,-8.E-1));
#5659=DIRECTION('',(0.E0,1.E0,0.E0));
#5660=DIRECTION('',(0.E0,0.E0,1.E0));
#5661=AXIS2_PLACEMENT_3D('',#5658,#5659,#5660);
#5662=PLANE('',#5661);
#5664=ORIENTED_EDGE('',*,*,#5663,.T.);
#5665=ORIENTED_EDGE('',*,*,#5407,.T.);
#5666=ORIENTED_EDGE('',*,*,#5588,.T.);
#5667=ORIENTED_EDGE('',*,*,#5612,.F.);
#5668=ORIENTED_EDGE('',*,*,#5653,.T.);
#5669=ORIENTED_EDGE('',*,*,#3775,.T.);
#5670=ORIENTED_EDGE('',*,*,#3587,.F.);
#5671=EDGE_LOOP('',(#5664,#5665,#5666,#5667,#5668,#5669,#5670));
#5672=FACE_OUTER_BOUND('',#5671,.F.);
#5674=CARTESIAN_POINT('',(4.3625E0,-4.E-1,-1.5E-1));
#5675=DIRECTION('',(0.E0,-9.486832980505E-1,3.162277660168E-1));
#5676=DIRECTION('',(0.E0,-3.162277660168E-1,-9.486832980505E-1));
#5677=AXIS2_PLACEMENT_3D('',#5674,#5675,#5676);
#5678=PLANE('',#5677);
#5679=ORIENTED_EDGE('',*,*,#5409,.T.);
#5680=ORIENTED_EDGE('',*,*,#5663,.F.);
#5681=ORIENTED_EDGE('',*,*,#3683,.T.);
#5682=ORIENTED_EDGE('',*,*,#4213,.T.);
#5683=EDGE_LOOP('',(#5679,#5680,#5681,#5682));
#5684=FACE_OUTER_BOUND('',#5683,.F.);
#5686=CARTESIAN_POINT('',(4.4E0,-1.E0,-8.E-1));
#5687=DIRECTION('',(1.E0,0.E0,0.E0));
#5688=DIRECTION('',(0.E0,1.E0,0.E0));
#5689=AXIS2_PLACEMENT_3D('',#5686,#5687,#5688);
#5690=PLANE('',#5689);
#5691=ORIENTED_EDGE('',*,*,#5639,.F.);
#5693=ORIENTED_EDGE('',*,*,#5692,.T.);
#5695=ORIENTED_EDGE('',*,*,#5694,.T.);
#5696=ORIENTED_EDGE('',*,*,#3767,.T.);
#5697=EDGE_LOOP('',(#5691,#5693,#5695,#5696));
#5698=FACE_OUTER_BOUND('',#5697,.F.);
#5700=CARTESIAN_POINT('',(4.45E0,-9.E-1,-8.5E-1));
#5701=DIRECTION('',(-7.071067811865E-1,0.E0,7.071067811865E-1));
#5702=DIRECTION('',(-7.071067811865E-1,0.E0,-7.071067811865E-1));
#5703=AXIS2_PLACEMENT_3D('',#5700,#5701,#5702);
#5704=PLANE('',#5703);
#5705=ORIENTED_EDGE('',*,*,#5595,.T.);
#5707=ORIENTED_EDGE('',*,*,#5706,.F.);
#5708=ORIENTED_EDGE('',*,*,#5692,.F.);
#5709=ORIENTED_EDGE('',*,*,#5626,.T.);
#5710=EDGE_LOOP('',(#5705,#5707,#5708,#5709));
#5711=FACE_OUTER_BOUND('',#5710,.F.);
#5713=CARTESIAN_POINT('',(4.2125E0,-1.05E0,-8.5E-1));
#5714=DIRECTION('',(0.E0,7.071067811865E-1,7.071067811865E-1));
#5715=DIRECTION('',(0.E0,-7.071067811865E-1,7.071067811865E-1));
#5716=AXIS2_PLACEMENT_3D('',#5713,#5714,#5715);
#5717=PLANE('',#5716);
#5719=ORIENTED_EDGE('',*,*,#5718,.T.);
#5720=ORIENTED_EDGE('',*,*,#5706,.T.);
#5721=ORIENTED_EDGE('',*,*,#5593,.F.);
#5722=ORIENTED_EDGE('',*,*,#3605,.T.);
#5723=EDGE_LOOP('',(#5719,#5720,#5721,#5722));
#5724=FACE_OUTER_BOUND('',#5723,.F.);
#5726=CARTESIAN_POINT('',(3.925E0,-1.E0,0.E0));
#5727=DIRECTION('',(0.E0,-1.E0,0.E0));
#5728=DIRECTION('',(1.E0,0.E0,0.E0));
#5729=AXIS2_PLACEMENT_3D('',#5726,#5727,#5728);
#5730=PLANE('',#5729);
#5732=ORIENTED_EDGE('',*,*,#5731,.F.);
#5734=ORIENTED_EDGE('',*,*,#5733,.T.);
#5735=ORIENTED_EDGE('',*,*,#3769,.T.);
#5736=ORIENTED_EDGE('',*,*,#5694,.F.);
#5737=ORIENTED_EDGE('',*,*,#5718,.F.);
#5738=ORIENTED_EDGE('',*,*,#3603,.F.);
#5739=EDGE_LOOP('',(#5732,#5734,#5735,#5736,#5737,#5738));
#5740=FACE_OUTER_BOUND('',#5739,.F.);
#5742=CARTESIAN_POINT('',(3.975E0,-1.575E0,-1.5E-1));
#5743=DIRECTION('',(9.486832980505E-1,0.E0,3.162277660168E-1));
#5744=DIRECTION('',(3.162277660168E-1,0.E0,-9.486832980505E-1));
#5745=AXIS2_PLACEMENT_3D('',#5742,#5743,#5744);
#5746=PLANE('',#5745);
#5747=ORIENTED_EDGE('',*,*,#5731,.T.);
#5748=ORIENTED_EDGE('',*,*,#3601,.F.);
#5750=ORIENTED_EDGE('',*,*,#5749,.T.);
#5751=ORIENTED_EDGE('',*,*,#4218,.T.);
#5752=EDGE_LOOP('',(#5747,#5748,#5750,#5751));
#5753=FACE_OUTER_BOUND('',#5752,.F.);
#5755=CARTESIAN_POINT('',(3.9E0,-2.275E0,-1.075E0));
#5756=DIRECTION('',(7.071067811865E-1,-7.071067811865E-1,0.E0));
#5757=DIRECTION('',(7.071067811865E-1,7.071067811865E-1,0.E0));
#5758=AXIS2_PLACEMENT_3D('',#5755,#5756,#5757);
#5759=PLANE('',#5758);
#5760=ORIENTED_EDGE('',*,*,#5749,.F.);
#5761=ORIENTED_EDGE('',*,*,#3621,.F.);
#5762=ORIENTED_EDGE('',*,*,#3807,.T.);
#5763=ORIENTED_EDGE('',*,*,#3877,.T.);
#5764=ORIENTED_EDGE('',*,*,#4220,.T.);
#5765=EDGE_LOOP('',(#5760,#5761,#5762,#5763,#5764));
#5766=FACE_OUTER_BOUND('',#5765,.F.);
#5768=CARTESIAN_POINT('',(3.925E0,-8.E-1,0.E0));
#5769=DIRECTION('',(-1.E0,0.E0,0.E0));
#5770=DIRECTION('',(0.E0,-1.E0,0.E0));
#5771=AXIS2_PLACEMENT_3D('',#5768,#5769,#5770);
#5772=PLANE('',#5771);
#5773=ORIENTED_EDGE('',*,*,#4216,.F.);
#5774=ORIENTED_EDGE('',*,*,#3698,.T.);
#5775=ORIENTED_EDGE('',*,*,#3771,.T.);
#5776=ORIENTED_EDGE('',*,*,#5733,.F.);
#5777=EDGE_LOOP('',(#5773,#5774,#5775,#5776));
#5778=FACE_OUTER_BOUND('',#5777,.F.);
#5780=CARTESIAN_POINT('',(-4.375E0,1.55E0,-5.55E0));
#5781=DIRECTION('',(0.E0,1.E0,0.E0));
#5782=DIRECTION('',(-1.E0,0.E0,0.E0));
#5783=AXIS2_PLACEMENT_3D('',#5780,#5781,#5782);
#5784=CYLINDRICAL_SURFACE('',#5783,1.E-1);
#5785=ORIENTED_EDGE('',*,*,#3477,.T.);
#5786=ORIENTED_EDGE('',*,*,#4922,.T.);
#5787=ORIENTED_EDGE('',*,*,#4817,.F.);
#5788=ORIENTED_EDGE('',*,*,#3415,.F.);
#5789=EDGE_LOOP('',(#5785,#5786,#5787,#5788));
#5790=FACE_OUTER_BOUND('',#5789,.F.);
#5792=CARTESIAN_POINT('',(-4.575E0,-1.5E-1,7.69124E0));
#5793=DIRECTION('',(0.E0,0.E0,-1.E0));
#5794=DIRECTION('',(0.E0,-1.E0,0.E0));
#5795=AXIS2_PLACEMENT_3D('',#5792,#5793,#5794);
#5796=CYLINDRICAL_SURFACE('',#5795,3.E-1);
#5797=ORIENTED_EDGE('',*,*,#3381,.T.);
#5799=ORIENTED_EDGE('',*,*,#5798,.F.);
#5800=ORIENTED_EDGE('',*,*,#3419,.T.);
#5801=ORIENTED_EDGE('',*,*,#4814,.T.);
#5802=EDGE_LOOP('',(#5797,#5799,#5800,#5801));
#5803=FACE_OUTER_BOUND('',#5802,.F.);
#5805=CARTESIAN_POINT('',(-4.875E0,1.55E0,-5.9E0));
#5806=DIRECTION('',(-1.E0,0.E0,0.E0));
#5807=DIRECTION('',(0.E0,0.E0,1.E0));
#5808=AXIS2_PLACEMENT_3D('',#5805,#5806,#5807);
#5809=PLANE('',#5808);
#5810=ORIENTED_EDGE('',*,*,#3399,.T.);
#5811=ORIENTED_EDGE('',*,*,#3421,.T.);
#5812=ORIENTED_EDGE('',*,*,#5798,.T.);
#5813=ORIENTED_EDGE('',*,*,#3379,.F.);
#5814=EDGE_LOOP('',(#5810,#5811,#5812,#5813));
#5815=FACE_OUTER_BOUND('',#5814,.F.);
#5817=CARTESIAN_POINT('',(-4.3625E0,-4.E-1,-1.5E-1));
#5818=DIRECTION('',(0.E0,-9.486832980505E-1,3.162277660168E-1));
#5819=DIRECTION('',(0.E0,-3.162277660168E-1,-9.486832980505E-1));
#5820=AXIS2_PLACEMENT_3D('',#5817,#5818,#5819);
#5821=PLANE('',#5820);
#5822=ORIENTED_EDGE('',*,*,#4513,.T.);
#5823=ORIENTED_EDGE('',*,*,#4205,.T.);
#5825=ORIENTED_EDGE('',*,*,#5824,.F.);
#5827=ORIENTED_EDGE('',*,*,#5826,.F.);
#5828=EDGE_LOOP('',(#5822,#5823,#5825,#5827));
#5829=FACE_OUTER_BOUND('',#5828,.F.);
#5831=CARTESIAN_POINT('',(-3.975E0,-6.25E-1,-1.5E-1));
#5832=DIRECTION('',(-9.486832980505E-1,0.E0,3.162277660168E-1));
#5833=DIRECTION('',(-3.162277660168E-1,0.E0,-9.486832980505E-1));
#5834=AXIS2_PLACEMENT_3D('',#5831,#5832,#5833);
#5835=PLANE('',#5834);
#5836=ORIENTED_EDGE('',*,*,#4424,.F.);
#5837=ORIENTED_EDGE('',*,*,#5824,.T.);
#5838=ORIENTED_EDGE('',*,*,#4203,.T.);
#5840=ORIENTED_EDGE('',*,*,#5839,.T.);
#5841=EDGE_LOOP('',(#5836,#5837,#5838,#5840));
#5842=FACE_OUTER_BOUND('',#5841,.F.);
#5844=CARTESIAN_POINT('',(-3.925E0,-8.E-1,0.E0));
#5845=DIRECTION('',(0.E0,1.E0,0.E0));
#5846=DIRECTION('',(-1.E0,0.E0,0.E0));
#5847=AXIS2_PLACEMENT_3D('',#5844,#5845,#5846);
#5848=PLANE('',#5847);
#5849=ORIENTED_EDGE('',*,*,#5839,.F.);
#5851=ORIENTED_EDGE('',*,*,#5850,.T.);
#5852=ORIENTED_EDGE('',*,*,#3751,.T.);
#5853=ORIENTED_EDGE('',*,*,#4426,.F.);
#5854=EDGE_LOOP('',(#5849,#5851,#5852,#5853));
#5855=FACE_OUTER_BOUND('',#5854,.F.);
#5857=CARTESIAN_POINT('',(-3.925E0,-1.E0,0.E0));
#5858=DIRECTION('',(1.E0,0.E0,0.E0));
#5859=DIRECTION('',(0.E0,1.E0,0.E0));
#5860=AXIS2_PLACEMENT_3D('',#5857,#5858,#5859);
#5861=PLANE('',#5860);
#5862=ORIENTED_EDGE('',*,*,#4201,.F.);
#5864=ORIENTED_EDGE('',*,*,#5863,.T.);
#5865=ORIENTED_EDGE('',*,*,#3753,.T.);
#5866=ORIENTED_EDGE('',*,*,#5850,.F.);
#5867=EDGE_LOOP('',(#5862,#5864,#5865,#5866));
#5868=FACE_OUTER_BOUND('',#5867,.F.);
#5870=CARTESIAN_POINT('',(-4.3E0,-1.E0,0.E0));
#5871=DIRECTION('',(0.E0,-1.E0,0.E0));
#5872=DIRECTION('',(1.E0,0.E0,0.E0));
#5873=AXIS2_PLACEMENT_3D('',#5870,#5871,#5872);
#5874=PLANE('',#5873);
#5875=ORIENTED_EDGE('',*,*,#4386,.F.);
#5876=ORIENTED_EDGE('',*,*,#4414,.F.);
#5878=ORIENTED_EDGE('',*,*,#5877,.F.);
#5880=ORIENTED_EDGE('',*,*,#5879,.T.);
#5881=ORIENTED_EDGE('',*,*,#3739,.F.);
#5882=ORIENTED_EDGE('',*,*,#5863,.F.);
#5883=EDGE_LOOP('',(#5875,#5876,#5878,#5880,#5881,#5882));
#5884=FACE_OUTER_BOUND('',#5883,.F.);
#5886=CARTESIAN_POINT('',(-4.2125E0,-1.05E0,-8.5E-1));
#5887=DIRECTION('',(0.E0,7.071067811865E-1,7.071067811865E-1));
#5888=DIRECTION('',(0.E0,-7.071067811865E-1,7.071067811865E-1));
#5889=AXIS2_PLACEMENT_3D('',#5886,#5887,#5888);
#5890=PLANE('',#5889);
#5892=ORIENTED_EDGE('',*,*,#5891,.F.);
#5894=ORIENTED_EDGE('',*,*,#5893,.F.);
#5895=ORIENTED_EDGE('',*,*,#5877,.T.);
#5896=ORIENTED_EDGE('',*,*,#4412,.T.);
#5897=EDGE_LOOP('',(#5892,#5894,#5895,#5896));
#5898=FACE_OUTER_BOUND('',#5897,.F.);
#5900=CARTESIAN_POINT('',(-4.7E0,-4.5E-1,-8.E-1));
#5901=DIRECTION('',(0.E0,0.E0,-1.E0));
#5902=DIRECTION('',(0.E0,-1.E0,0.E0));
#5903=AXIS2_PLACEMENT_3D('',#5900,#5901,#5902);
#5904=PLANE('',#5903);
#5906=ORIENTED_EDGE('',*,*,#5905,.F.);
#5907=ORIENTED_EDGE('',*,*,#5891,.T.);
#5908=ORIENTED_EDGE('',*,*,#4410,.T.);
#5910=ORIENTED_EDGE('',*,*,#5909,.T.);
#5911=ORIENTED_EDGE('',*,*,#4517,.F.);
#5913=ORIENTED_EDGE('',*,*,#5912,.T.);
#5915=ORIENTED_EDGE('',*,*,#5914,.F.);
#5917=ORIENTED_EDGE('',*,*,#5916,.F.);
#5918=EDGE_LOOP('',(#5906,#5907,#5908,#5910,#5911,#5913,#5915,#5917));
#5919=FACE_OUTER_BOUND('',#5918,.F.);
#5921=CARTESIAN_POINT('',(-4.45E0,-9.E-1,-8.5E-1));
#5922=DIRECTION('',(7.071067811865E-1,0.E0,7.071067811865E-1));
#5923=DIRECTION('',(7.071067811865E-1,0.E0,-7.071067811865E-1));
#5924=AXIS2_PLACEMENT_3D('',#5921,#5922,#5923);
#5925=PLANE('',#5924);
#5927=ORIENTED_EDGE('',*,*,#5926,.F.);
#5928=ORIENTED_EDGE('',*,*,#5893,.T.);
#5929=ORIENTED_EDGE('',*,*,#5905,.T.);
#5931=ORIENTED_EDGE('',*,*,#5930,.F.);
#5932=EDGE_LOOP('',(#5927,#5928,#5929,#5931));
#5933=FACE_OUTER_BOUND('',#5932,.F.);
#5935=CARTESIAN_POINT('',(-4.4E0,-8.E-1,-8.E-1));
#5936=DIRECTION('',(-1.E0,0.E0,0.E0));
#5937=DIRECTION('',(0.E0,-1.E0,0.E0));
#5938=AXIS2_PLACEMENT_3D('',#5935,#5936,#5937);
#5939=PLANE('',#5938);
#5940=ORIENTED_EDGE('',*,*,#5926,.T.);
#5942=ORIENTED_EDGE('',*,*,#5941,.T.);
#5943=ORIENTED_EDGE('',*,*,#3741,.T.);
#5944=ORIENTED_EDGE('',*,*,#5879,.F.);
#5945=EDGE_LOOP('',(#5940,#5942,#5943,#5944));
#5946=FACE_OUTER_BOUND('',#5945,.F.);
#5948=CARTESIAN_POINT('',(-4.3E0,-8.E-1,-8.E-1));
#5949=DIRECTION('',(0.E0,1.E0,0.E0));
#5950=DIRECTION('',(-1.E0,0.E0,0.E0));
#5951=AXIS2_PLACEMENT_3D('',#5948,#5949,#5950);
#5952=PLANE('',#5951);
#5954=ORIENTED_EDGE('',*,*,#5953,.T.);
#5956=ORIENTED_EDGE('',*,*,#5955,.F.);
#5957=ORIENTED_EDGE('',*,*,#3743,.T.);
#5958=ORIENTED_EDGE('',*,*,#5941,.F.);
#5959=EDGE_LOOP('',(#5954,#5956,#5957,#5958));
#5960=FACE_OUTER_BOUND('',#5959,.F.);
#5962=CARTESIAN_POINT('',(-4.35E0,-7.5E-1,-8.5E-1));
#5963=DIRECTION('',(0.E0,-7.071067811865E-1,7.071067811865E-1));
#5964=DIRECTION('',(0.E0,-7.071067811865E-1,-7.071067811865E-1));
#5965=AXIS2_PLACEMENT_3D('',#5962,#5963,#5964);
#5966=PLANE('',#5965);
#5967=ORIENTED_EDGE('',*,*,#5916,.T.);
#5969=ORIENTED_EDGE('',*,*,#5968,.F.);
#5970=ORIENTED_EDGE('',*,*,#5953,.F.);
#5971=ORIENTED_EDGE('',*,*,#5930,.T.);
#5972=EDGE_LOOP('',(#5967,#5969,#5970,#5971));
#5973=FACE_OUTER_BOUND('',#5972,.F.);
#5975=CARTESIAN_POINT('',(-4.35E0,-6.25E-1,-8.5E-1));
#5976=DIRECTION('',(7.071067811865E-1,0.E0,7.071067811865E-1));
#5977=DIRECTION('',(7.071067811865E-1,0.E0,-7.071067811865E-1));
#5978=AXIS2_PLACEMENT_3D('',#5975,#5976,#5977);
#5979=PLANE('',#5978);
#5981=ORIENTED_EDGE('',*,*,#5980,.F.);
#5982=ORIENTED_EDGE('',*,*,#5968,.T.);
#5983=ORIENTED_EDGE('',*,*,#5914,.T.);
#5985=ORIENTED_EDGE('',*,*,#5984,.T.);
#5986=EDGE_LOOP('',(#5981,#5982,#5983,#5985));
#5987=FACE_OUTER_BOUND('',#5986,.F.);
#5989=CARTESIAN_POINT('',(-4.3E0,-4.5E-1,0.E0));
#5990=DIRECTION('',(-1.E0,0.E0,0.E0));
#5991=DIRECTION('',(0.E0,-1.E0,0.E0));
#5992=AXIS2_PLACEMENT_3D('',#5989,#5990,#5991);
#5993=PLANE('',#5992);
#5994=ORIENTED_EDGE('',*,*,#5955,.T.);
#5995=ORIENTED_EDGE('',*,*,#5980,.T.);
#5997=ORIENTED_EDGE('',*,*,#5996,.T.);
#5998=ORIENTED_EDGE('',*,*,#3745,.T.);
#5999=EDGE_LOOP('',(#5994,#5995,#5997,#5998));
#6000=FACE_OUTER_BOUND('',#5999,.F.);
#6002=CARTESIAN_POINT('',(-4.7E0,-4.5E-1,0.E0));
#6003=DIRECTION('',(0.E0,1.E0,0.E0));
#6004=DIRECTION('',(0.E0,0.E0,-1.E0));
#6005=AXIS2_PLACEMENT_3D('',#6002,#6003,#6004);
#6006=PLANE('',#6005);
#6007=ORIENTED_EDGE('',*,*,#5826,.T.);
#6008=ORIENTED_EDGE('',*,*,#4429,.T.);
#6009=ORIENTED_EDGE('',*,*,#3747,.T.);
#6010=ORIENTED_EDGE('',*,*,#5996,.F.);
#6011=ORIENTED_EDGE('',*,*,#5984,.F.);
#6012=ORIENTED_EDGE('',*,*,#5912,.F.);
#6013=ORIENTED_EDGE('',*,*,#4515,.F.);
#6014=EDGE_LOOP('',(#6007,#6008,#6009,#6010,#6011,#6012,#6013));
#6015=FACE_OUTER_BOUND('',#6014,.F.);
#6017=CARTESIAN_POINT('',(-4.3625E0,-1.45E0,-8.5E-1));
#6018=DIRECTION('',(0.E0,-7.071067811865E-1,7.071067811865E-1));
#6019=DIRECTION('',(0.E0,7.071067811865E-1,7.071067811865E-1));
#6020=AXIS2_PLACEMENT_3D('',#6017,#6018,#6019);
#6021=PLANE('',#6020);
#6022=ORIENTED_EDGE('',*,*,#4519,.T.);
#6023=ORIENTED_EDGE('',*,*,#5909,.F.);
#6024=ORIENTED_EDGE('',*,*,#4408,.T.);
#6026=ORIENTED_EDGE('',*,*,#6025,.T.);
#6027=EDGE_LOOP('',(#6022,#6023,#6024,#6026));
#6028=FACE_OUTER_BOUND('',#6027,.F.);
#6030=CARTESIAN_POINT('',(-4.7E0,-1.5E0,-8.E-1));
#6031=DIRECTION('',(0.E0,1.E0,0.E0));
#6032=DIRECTION('',(0.E0,0.E0,-1.E0));
#6033=AXIS2_PLACEMENT_3D('',#6030,#6031,#6032);
#6034=PLANE('',#6033);
#6036=ORIENTED_EDGE('',*,*,#6035,.F.);
#6038=ORIENTED_EDGE('',*,*,#6037,.F.);
#6039=ORIENTED_EDGE('',*,*,#4494,.F.);
#6040=ORIENTED_EDGE('',*,*,#4521,.F.);
#6041=ORIENTED_EDGE('',*,*,#6025,.F.);
#6042=ORIENTED_EDGE('',*,*,#4406,.F.);
#6043=ORIENTED_EDGE('',*,*,#3723,.T.);
#6044=EDGE_LOOP('',(#6036,#6038,#6039,#6040,#6041,#6042,#6043));
#6045=FACE_OUTER_BOUND('',#6044,.F.);
#6047=CARTESIAN_POINT('',(-4.3E0,-1.5E0,0.E0));
#6048=DIRECTION('',(-1.E0,0.E0,0.E0));
#6049=DIRECTION('',(0.E0,-1.E0,0.E0));
#6050=AXIS2_PLACEMENT_3D('',#6047,#6048,#6049);
#6051=PLANE('',#6050);
#6053=ORIENTED_EDGE('',*,*,#6052,.T.);
#6054=ORIENTED_EDGE('',*,*,#6035,.T.);
#6055=ORIENTED_EDGE('',*,*,#3729,.T.);
#6057=ORIENTED_EDGE('',*,*,#6056,.F.);
#6058=EDGE_LOOP('',(#6053,#6054,#6055,#6057));
#6059=FACE_OUTER_BOUND('',#6058,.F.);
#6061=CARTESIAN_POINT('',(-4.35E0,-1.71E0,-2.2E0));
#6062=DIRECTION('',(7.071067811866E-1,0.E0,7.071067811865E-1));
#6063=DIRECTION('',(7.071067811865E-1,0.E0,-7.071067811866E-1));
#6064=AXIS2_PLACEMENT_3D('',#6061,#6062,#6063);
#6065=PLANE('',#6064);
#6066=ORIENTED_EDGE('',*,*,#6052,.F.);
#6068=ORIENTED_EDGE('',*,*,#6067,.T.);
#6069=ORIENTED_EDGE('',*,*,#4496,.T.);
#6070=ORIENTED_EDGE('',*,*,#6037,.T.);
#6071=EDGE_LOOP('',(#6066,#6068,#6069,#6070));
#6072=FACE_OUTER_BOUND('',#6071,.F.);
#6074=CARTESIAN_POINT('',(-4.1625E0,-1.97E0,-2.2E0));
#6075=DIRECTION('',(0.E0,7.071067811865E-1,7.071067811865E-1));
#6076=DIRECTION('',(0.E0,7.071067811865E-1,-7.071067811865E-1));
#6077=AXIS2_PLACEMENT_3D('',#6074,#6075,#6076);
#6078=PLANE('',#6077);
#6079=ORIENTED_EDGE('',*,*,#4498,.T.);
#6080=ORIENTED_EDGE('',*,*,#6067,.F.);
#6082=ORIENTED_EDGE('',*,*,#6081,.F.);
#6083=ORIENTED_EDGE('',*,*,#4401,.T.);
#6084=EDGE_LOOP('',(#6079,#6080,#6082,#6083));
#6085=FACE_OUTER_BOUND('',#6084,.F.);
#6087=CARTESIAN_POINT('',(-4.3E0,-1.92E0,0.E0));
#6088=DIRECTION('',(0.E0,-1.E0,0.E0));
#6089=DIRECTION('',(1.E0,0.E0,0.E0));
#6090=AXIS2_PLACEMENT_3D('',#6087,#6088,#6089);
#6091=PLANE('',#6090);
#6092=ORIENTED_EDGE('',*,*,#6081,.T.);
#6093=ORIENTED_EDGE('',*,*,#6056,.T.);
#6094=ORIENTED_EDGE('',*,*,#3727,.T.);
#6095=ORIENTED_EDGE('',*,*,#4403,.F.);
#6096=EDGE_LOOP('',(#6092,#6093,#6094,#6095));
#6097=FACE_OUTER_BOUND('',#6096,.F.);
#6099=CARTESIAN_POINT('',(2.51E0,1.825E0,0.E0));
#6100=DIRECTION('',(0.E0,1.E0,0.E0));
#6101=DIRECTION('',(-1.E0,0.E0,0.E0));
#6102=AXIS2_PLACEMENT_3D('',#6099,#6100,#6101);
#6103=PLANE('',#6102);
#6105=ORIENTED_EDGE('',*,*,#6104,.T.);
#6107=ORIENTED_EDGE('',*,*,#6106,.F.);
#6108=ORIENTED_EDGE('',*,*,#4224,.F.);
#6109=ORIENTED_EDGE('',*,*,#4172,.T.);
#6110=ORIENTED_EDGE('',*,*,#4052,.T.);
#6112=ORIENTED_EDGE('',*,*,#6111,.F.);
#6113=ORIENTED_EDGE('',*,*,#4232,.F.);
#6115=ORIENTED_EDGE('',*,*,#6114,.F.);
#6116=EDGE_LOOP('',(#6105,#6107,#6108,#6109,#6110,#6112,#6113,#6115));
#6117=FACE_OUTER_BOUND('',#6116,.F.);
#6119=CARTESIAN_POINT('',(-1.965924E1,1.725E0,-8.330415196484E-1));
#6120=DIRECTION('',(1.E0,0.E0,0.E0));
#6121=DIRECTION('',(0.E0,1.E0,0.E0));
#6122=AXIS2_PLACEMENT_3D('',#6119,#6120,#6121);
#6123=CYLINDRICAL_SURFACE('',#6122,1.E-1);
#6124=ORIENTED_EDGE('',*,*,#6104,.F.);
#6126=ORIENTED_EDGE('',*,*,#6125,.T.);
#6128=ORIENTED_EDGE('',*,*,#6127,.T.);
#6130=ORIENTED_EDGE('',*,*,#6129,.T.);
#6131=EDGE_LOOP('',(#6124,#6126,#6128,#6130));
#6132=FACE_OUTER_BOUND('',#6131,.F.);
#6134=CARTESIAN_POINT('',(-1.135E0,0.E0,0.E0));
#6135=DIRECTION('',(1.E0,0.E0,0.E0));
#6136=DIRECTION('',(0.E0,0.E0,-1.E0));
#6137=AXIS2_PLACEMENT_3D('',#6134,#6135,#6136);
#6138=PLANE('',#6137);
#6140=ORIENTED_EDGE('',*,*,#6139,.T.);
#6141=ORIENTED_EDGE('',*,*,#6125,.F.);
#6142=ORIENTED_EDGE('',*,*,#6114,.T.);
#6143=ORIENTED_EDGE('',*,*,#4230,.T.);
#6145=ORIENTED_EDGE('',*,*,#6144,.T.);
#6146=EDGE_LOOP('',(#6140,#6141,#6142,#6143,#6145));
#6147=FACE_OUTER_BOUND('',#6146,.F.);
#6149=CARTESIAN_POINT('',(-1.135E0,1.525E0,-7.5E-1));
#6150=DIRECTION('',(0.E0,8.634300732915E-2,-9.962654691825E-1));
#6151=DIRECTION('',(0.E0,9.962654691825E-1,8.634300732915E-2));
#6152=AXIS2_PLACEMENT_3D('',#6149,#6150,#6151);
#6153=PLANE('',#6152);
#6154=ORIENTED_EDGE('',*,*,#6127,.F.);
#6155=ORIENTED_EDGE('',*,*,#6139,.F.);
#6157=ORIENTED_EDGE('',*,*,#6156,.T.);
#6159=ORIENTED_EDGE('',*,*,#6158,.T.);
#6160=EDGE_LOOP('',(#6154,#6155,#6157,#6159));
#6161=FACE_OUTER_BOUND('',#6160,.F.);
#6163=CARTESIAN_POINT('',(-1.135E0,1.525E0,0.E0));
#6164=DIRECTION('',(0.E0,-1.E0,0.E0));
#6165=DIRECTION('',(0.E0,0.E0,-1.E0));
#6166=AXIS2_PLACEMENT_3D('',#6163,#6164,#6165);
#6167=PLANE('',#6166);
#6168=ORIENTED_EDGE('',*,*,#6144,.F.);
#6169=ORIENTED_EDGE('',*,*,#4228,.T.);
#6171=ORIENTED_EDGE('',*,*,#6170,.T.);
#6172=ORIENTED_EDGE('',*,*,#6156,.F.);
#6173=EDGE_LOOP('',(#6168,#6169,#6171,#6172));
#6174=FACE_OUTER_BOUND('',#6173,.F.);
#6176=CARTESIAN_POINT('',(1.135E0,0.E0,0.E0));
#6177=DIRECTION('',(1.E0,0.E0,0.E0));
#6178=DIRECTION('',(0.E0,0.E0,-1.E0));
#6179=AXIS2_PLACEMENT_3D('',#6176,#6177,#6178);
#6180=PLANE('',#6179);
#6181=ORIENTED_EDGE('',*,*,#6106,.T.);
#6182=ORIENTED_EDGE('',*,*,#6129,.F.);
#6183=ORIENTED_EDGE('',*,*,#6158,.F.);
#6184=ORIENTED_EDGE('',*,*,#6170,.F.);
#6185=ORIENTED_EDGE('',*,*,#4226,.F.);
#6186=EDGE_LOOP('',(#6181,#6182,#6183,#6184,#6185));
#6187=FACE_OUTER_BOUND('',#6186,.F.);
#6189=CARTESIAN_POINT('',(-2.51E0,1.825E0,0.E0));
#6190=DIRECTION('',(-1.E0,0.E0,0.E0));
#6191=DIRECTION('',(0.E0,-1.E0,0.E0));
#6192=AXIS2_PLACEMENT_3D('',#6189,#6190,#6191);
#6193=PLANE('',#6192);
#6194=ORIENTED_EDGE('',*,*,#4234,.F.);
#6195=ORIENTED_EDGE('',*,*,#6111,.T.);
#6196=ORIENTED_EDGE('',*,*,#4050,.T.);
#6197=ORIENTED_EDGE('',*,*,#4151,.T.);
#6198=EDGE_LOOP('',(#6194,#6195,#6196,#6197));
#6199=FACE_OUTER_BOUND('',#6198,.F.);
#6201=CARTESIAN_POINT('',(-2.785E0,9.E-1,-1.E-1));
#6202=DIRECTION('',(-7.071067811865E-1,0.E0,7.071067811865E-1));
#6203=DIRECTION('',(-7.071067811865E-1,0.E0,-7.071067811865E-1));
#6204=AXIS2_PLACEMENT_3D('',#6201,#6202,#6203);
#6205=PLANE('',#6204);
#6206=ORIENTED_EDGE('',*,*,#4156,.T.);
#6208=ORIENTED_EDGE('',*,*,#6207,.F.);
#6210=ORIENTED_EDGE('',*,*,#6209,.T.);
#6211=ORIENTED_EDGE('',*,*,#4237,.T.);
#6212=EDGE_LOOP('',(#6206,#6208,#6210,#6211));
#6213=FACE_OUTER_BOUND('',#6212,.F.);
#6215=CARTESIAN_POINT('',(-2.885E0,5.E-1,0.E0));
#6216=DIRECTION('',(1.E0,0.E0,0.E0));
#6217=DIRECTION('',(0.E0,1.E0,0.E0));
#6218=AXIS2_PLACEMENT_3D('',#6215,#6216,#6217);
#6219=PLANE('',#6218);
#6220=ORIENTED_EDGE('',*,*,#6207,.T.);
#6221=ORIENTED_EDGE('',*,*,#4154,.T.);
#6222=ORIENTED_EDGE('',*,*,#4070,.T.);
#6224=ORIENTED_EDGE('',*,*,#6223,.F.);
#6225=EDGE_LOOP('',(#6220,#6221,#6222,#6224));
#6226=FACE_OUTER_BOUND('',#6225,.F.);
#6228=CARTESIAN_POINT('',(-2.885E0,1.3E0,0.E0));
#6229=DIRECTION('',(0.E0,1.E0,0.E0));
#6230=DIRECTION('',(-1.E0,0.E0,0.E0));
#6231=AXIS2_PLACEMENT_3D('',#6228,#6229,#6230);
#6232=PLANE('',#6231);
#6234=ORIENTED_EDGE('',*,*,#6233,.T.);
#6235=ORIENTED_EDGE('',*,*,#6223,.T.);
#6236=ORIENTED_EDGE('',*,*,#4068,.T.);
#6238=ORIENTED_EDGE('',*,*,#6237,.F.);
#6239=EDGE_LOOP('',(#6234,#6235,#6236,#6238));
#6240=FACE_OUTER_BOUND('',#6239,.F.);
#6242=CARTESIAN_POINT('',(-3.25E0,1.4E0,-1.E-1));
#6243=DIRECTION('',(0.E0,-7.071067811865E-1,7.071067811865E-1));
#6244=DIRECTION('',(0.E0,-7.071067811865E-1,-7.071067811865E-1));
#6245=AXIS2_PLACEMENT_3D('',#6242,#6243,#6244);
#6246=PLANE('',#6245);
#6248=ORIENTED_EDGE('',*,*,#6247,.T.);
#6250=ORIENTED_EDGE('',*,*,#6249,.F.);
#6251=ORIENTED_EDGE('',*,*,#4239,.T.);
#6252=ORIENTED_EDGE('',*,*,#6209,.F.);
#6253=ORIENTED_EDGE('',*,*,#6233,.F.);
#6254=EDGE_LOOP('',(#6248,#6250,#6251,#6252,#6253));
#6255=FACE_OUTER_BOUND('',#6254,.F.);
#6257=CARTESIAN_POINT('',(-3.615E0,1.3E0,0.E0));
#6258=DIRECTION('',(-1.E0,0.E0,0.E0));
#6259=DIRECTION('',(0.E0,-1.E0,0.E0));
#6260=AXIS2_PLACEMENT_3D('',#6257,#6258,#6259);
#6261=PLANE('',#6260);
#6263=ORIENTED_EDGE('',*,*,#6262,.F.);
#6264=ORIENTED_EDGE('',*,*,#6247,.F.);
#6265=ORIENTED_EDGE('',*,*,#6237,.T.);
#6266=ORIENTED_EDGE('',*,*,#4066,.T.);
#6268=ORIENTED_EDGE('',*,*,#6267,.F.);
#6269=EDGE_LOOP('',(#6263,#6264,#6265,#6266,#6268));
#6270=FACE_OUTER_BOUND('',#6269,.F.);
#6272=CARTESIAN_POINT('',(-3.658301270189E0,-2.75E-1,-7.5E-2));
#6273=DIRECTION('',(8.660254037844E-1,0.E0,5.E-1));
#6274=DIRECTION('',(-5.E-1,0.E0,8.660254037844E-1));
#6275=AXIS2_PLACEMENT_3D('',#6272,#6273,#6274);
#6276=PLANE('',#6275);
#6277=ORIENTED_EDGE('',*,*,#6262,.T.);
#6279=ORIENTED_EDGE('',*,*,#6278,.T.);
#6280=ORIENTED_EDGE('',*,*,#4241,.F.);
#6281=ORIENTED_EDGE('',*,*,#6249,.T.);
#6282=EDGE_LOOP('',(#6277,#6279,#6280,#6281));
#6283=FACE_OUTER_BOUND('',#6282,.F.);
#6285=CARTESIAN_POINT('',(1.065814103640E-14,-1.943301270189E0,-7.5E-2));
#6286=DIRECTION('',(0.E0,8.660254037844E-1,5.E-1));
#6287=DIRECTION('',(0.E0,5.E-1,-8.660254037844E-1));
#6288=AXIS2_PLACEMENT_3D('',#6285,#6286,#6287);
#6289=PLANE('',#6288);
#6290=ORIENTED_EDGE('',*,*,#4243,.T.);
#6291=ORIENTED_EDGE('',*,*,#6278,.F.);
#6293=ORIENTED_EDGE('',*,*,#6292,.F.);
#6295=ORIENTED_EDGE('',*,*,#6294,.T.);
#6296=EDGE_LOOP('',(#6290,#6291,#6293,#6295));
#6297=FACE_OUTER_BOUND('',#6296,.F.);
#6299=CARTESIAN_POINT('',(-3.615E0,-1.9E0,0.E0));
#6300=DIRECTION('',(0.E0,-1.E0,0.E0));
#6301=DIRECTION('',(1.E0,0.E0,0.E0));
#6302=AXIS2_PLACEMENT_3D('',#6299,#6300,#6301);
#6303=PLANE('',#6302);
#6304=ORIENTED_EDGE('',*,*,#6292,.T.);
#6305=ORIENTED_EDGE('',*,*,#6267,.T.);
#6306=ORIENTED_EDGE('',*,*,#4064,.T.);
#6308=ORIENTED_EDGE('',*,*,#6307,.F.);
#6309=EDGE_LOOP('',(#6304,#6305,#6306,#6308));
#6310=FACE_OUTER_BOUND('',#6309,.F.);
#6312=CARTESIAN_POINT('',(3.615E0,-1.9E0,0.E0));
#6313=DIRECTION('',(1.E0,0.E0,0.E0));
#6314=DIRECTION('',(0.E0,1.E0,0.E0));
#6315=AXIS2_PLACEMENT_3D('',#6312,#6313,#6314);
#6316=PLANE('',#6315);
#6318=ORIENTED_EDGE('',*,*,#6317,.F.);
#6319=ORIENTED_EDGE('',*,*,#6307,.T.);
#6320=ORIENTED_EDGE('',*,*,#4062,.T.);
#6322=ORIENTED_EDGE('',*,*,#6321,.F.);
#6324=ORIENTED_EDGE('',*,*,#6323,.F.);
#6325=EDGE_LOOP('',(#6318,#6319,#6320,#6322,#6324));
#6326=FACE_OUTER_BOUND('',#6325,.F.);
#6328=CARTESIAN_POINT('',(3.658301270189E0,-2.5E-2,-7.5E-2));
#6329=DIRECTION('',(-8.660254037844E-1,0.E0,5.E-1));
#6330=DIRECTION('',(5.E-1,0.E0,8.660254037844E-1));
#6331=AXIS2_PLACEMENT_3D('',#6328,#6329,#6330);
#6332=PLANE('',#6331);
#6333=ORIENTED_EDGE('',*,*,#4245,.F.);
#6334=ORIENTED_EDGE('',*,*,#6294,.F.);
#6335=ORIENTED_EDGE('',*,*,#6317,.T.);
#6337=ORIENTED_EDGE('',*,*,#6336,.T.);
#6338=EDGE_LOOP('',(#6333,#6334,#6335,#6337));
#6339=FACE_OUTER_BOUND('',#6338,.F.);
#6341=CARTESIAN_POINT('',(3.25E0,1.9E0,-1.E-1));
#6342=DIRECTION('',(0.E0,-7.071067811865E-1,7.071067811865E-1));
#6343=DIRECTION('',(0.E0,-7.071067811865E-1,-7.071067811865E-1));
#6344=AXIS2_PLACEMENT_3D('',#6341,#6342,#6343);
#6345=PLANE('',#6344);
#6346=ORIENTED_EDGE('',*,*,#4247,.T.);
#6347=ORIENTED_EDGE('',*,*,#6336,.F.);
#6348=ORIENTED_EDGE('',*,*,#6323,.T.);
#6350=ORIENTED_EDGE('',*,*,#6349,.F.);
#6352=ORIENTED_EDGE('',*,*,#6351,.T.);
#6353=EDGE_LOOP('',(#6346,#6347,#6348,#6350,#6352));
#6354=FACE_OUTER_BOUND('',#6353,.F.);
#6356=CARTESIAN_POINT('',(3.615E0,1.8E0,0.E0));
#6357=DIRECTION('',(0.E0,1.E0,0.E0));
#6358=DIRECTION('',(-1.E0,0.E0,0.E0));
#6359=AXIS2_PLACEMENT_3D('',#6356,#6357,#6358);
#6360=PLANE('',#6359);
#6361=ORIENTED_EDGE('',*,*,#6349,.T.);
#6362=ORIENTED_EDGE('',*,*,#6321,.T.);
#6363=ORIENTED_EDGE('',*,*,#4060,.T.);
#6365=ORIENTED_EDGE('',*,*,#6364,.F.);
#6366=EDGE_LOOP('',(#6361,#6362,#6363,#6365));
#6367=FACE_OUTER_BOUND('',#6366,.F.);
#6369=CARTESIAN_POINT('',(2.885E0,1.8E0,0.E0));
#6370=DIRECTION('',(-1.E0,0.E0,0.E0));
#6371=DIRECTION('',(0.E0,-1.E0,0.E0));
#6372=AXIS2_PLACEMENT_3D('',#6369,#6370,#6371);
#6373=PLANE('',#6372);
#6375=ORIENTED_EDGE('',*,*,#6374,.T.);
#6376=ORIENTED_EDGE('',*,*,#6364,.T.);
#6377=ORIENTED_EDGE('',*,*,#4058,.T.);
#6378=ORIENTED_EDGE('',*,*,#4140,.F.);
#6379=EDGE_LOOP('',(#6375,#6376,#6377,#6378));
#6380=FACE_OUTER_BOUND('',#6379,.F.);
#6382=CARTESIAN_POINT('',(2.785E0,1.15E0,-1.E-1));
#6383=DIRECTION('',(7.071067811865E-1,0.E0,7.071067811865E-1));
#6384=DIRECTION('',(7.071067811865E-1,0.E0,-7.071067811865E-1));
#6385=AXIS2_PLACEMENT_3D('',#6382,#6383,#6384);
#6386=PLANE('',#6385);
#6387=ORIENTED_EDGE('',*,*,#4138,.T.);
#6388=ORIENTED_EDGE('',*,*,#4249,.T.);
#6389=ORIENTED_EDGE('',*,*,#6351,.F.);
#6390=ORIENTED_EDGE('',*,*,#6374,.F.);
#6391=EDGE_LOOP('',(#6387,#6388,#6389,#6390));
#6392=FACE_OUTER_BOUND('',#6391,.F.);
#6394=CARTESIAN_POINT('',(-2.4E0,0.E0,-4.4E0));
#6395=DIRECTION('',(1.E0,0.E0,0.E0));
#6396=DIRECTION('',(0.E0,1.E0,0.E0));
#6397=AXIS2_PLACEMENT_3D('',#6394,#6395,#6396);
#6398=PLANE('',#6397);
#6399=ORIENTED_EDGE('',*,*,#3849,.T.);
#6401=ORIENTED_EDGE('',*,*,#6400,.T.);
#6403=ORIENTED_EDGE('',*,*,#6402,.T.);
#6405=ORIENTED_EDGE('',*,*,#6404,.T.);
#6406=ORIENTED_EDGE('',*,*,#3949,.F.);
#6407=EDGE_LOOP('',(#6399,#6401,#6403,#6405,#6406));
#6408=FACE_OUTER_BOUND('',#6407,.F.);
#6410=CARTESIAN_POINT('',(-2.4E0,0.E0,-4.4E0));
#6411=DIRECTION('',(1.E0,0.E0,0.E0));
#6412=DIRECTION('',(0.E0,1.E0,0.E0));
#6413=AXIS2_PLACEMENT_3D('',#6410,#6411,#6412);
#6414=PLANE('',#6413);
#6415=ORIENTED_EDGE('',*,*,#4074,.T.);
#6417=ORIENTED_EDGE('',*,*,#6416,.T.);
#6419=ORIENTED_EDGE('',*,*,#6418,.T.);
#6421=ORIENTED_EDGE('',*,*,#6420,.T.);
#6422=EDGE_LOOP('',(#6415,#6417,#6419,#6421));
#6423=FACE_OUTER_BOUND('',#6422,.F.);
#6425=CARTESIAN_POINT('',(-2.4E0,-5.5E-1,-5.494643497153E0));
#6426=DIRECTION('',(0.E0,-3.634720039469E-2,9.993392221981E-1));
#6427=DIRECTION('',(0.E0,-9.993392221981E-1,-3.634720039469E-2));
#6428=AXIS2_PLACEMENT_3D('',#6425,#6426,#6427);
#6429=PLANE('',#6428);
#6430=ORIENTED_EDGE('',*,*,#3847,.T.);
#6432=ORIENTED_EDGE('',*,*,#6431,.T.);
#6434=ORIENTED_EDGE('',*,*,#6433,.F.);
#6435=ORIENTED_EDGE('',*,*,#6400,.F.);
#6436=EDGE_LOOP('',(#6430,#6432,#6434,#6435));
#6437=FACE_OUTER_BOUND('',#6436,.F.);
#6439=CARTESIAN_POINT('',(-2.1E0,0.E0,-4.4E0));
#6440=DIRECTION('',(1.E0,0.E0,0.E0));
#6441=DIRECTION('',(0.E0,1.E0,0.E0));
#6442=AXIS2_PLACEMENT_3D('',#6439,#6440,#6441);
#6443=PLANE('',#6442);
#6444=ORIENTED_EDGE('',*,*,#3845,.F.);
#6445=ORIENTED_EDGE('',*,*,#3953,.T.);
#6447=ORIENTED_EDGE('',*,*,#6446,.F.);
#6449=ORIENTED_EDGE('',*,*,#6448,.F.);
#6450=ORIENTED_EDGE('',*,*,#6431,.F.);
#6451=EDGE_LOOP('',(#6444,#6445,#6447,#6449,#6450));
#6452=FACE_OUTER_BOUND('',#6451,.F.);
#6454=CARTESIAN_POINT('',(-2.1E0,0.E0,-4.4E0));
#6455=DIRECTION('',(1.E0,0.E0,0.E0));
#6456=DIRECTION('',(0.E0,1.E0,0.E0));
#6457=AXIS2_PLACEMENT_3D('',#6454,#6455,#6456);
#6458=PLANE('',#6457);
#6459=ORIENTED_EDGE('',*,*,#4078,.F.);
#6461=ORIENTED_EDGE('',*,*,#6460,.F.);
#6463=ORIENTED_EDGE('',*,*,#6462,.F.);
#6465=ORIENTED_EDGE('',*,*,#6464,.F.);
#6466=EDGE_LOOP('',(#6459,#6461,#6463,#6465));
#6467=FACE_OUTER_BOUND('',#6466,.F.);
#6469=CARTESIAN_POINT('',(-2.4E0,-3.254547919942E0,-5.893209606013E0));
#6470=DIRECTION('',(0.E0,3.634720039469E-2,-9.993392221981E-1));
#6471=DIRECTION('',(0.E0,9.993392221981E-1,3.634720039469E-2));
#6472=AXIS2_PLACEMENT_3D('',#6469,#6470,#6471);
#6473=PLANE('',#6472);
#6474=ORIENTED_EDGE('',*,*,#3951,.F.);
#6475=ORIENTED_EDGE('',*,*,#6404,.F.);
#6477=ORIENTED_EDGE('',*,*,#6476,.T.);
#6478=ORIENTED_EDGE('',*,*,#6446,.T.);
#6479=EDGE_LOOP('',(#6474,#6475,#6477,#6478));
#6480=FACE_OUTER_BOUND('',#6479,.F.);
#6482=CARTESIAN_POINT('',(-2.4E0,-3.265452080061E0,-5.593407839354E0));
#6483=DIRECTION('',(0.E0,-9.993392221981E-1,-3.634720039469E-2));
#6484=DIRECTION('',(0.E0,3.634720039469E-2,-9.993392221981E-1));
#6485=AXIS2_PLACEMENT_3D('',#6482,#6483,#6484);
#6486=PLANE('',#6485);
#6487=ORIENTED_EDGE('',*,*,#6402,.F.);
#6488=ORIENTED_EDGE('',*,*,#6433,.T.);
#6489=ORIENTED_EDGE('',*,*,#6448,.T.);
#6490=ORIENTED_EDGE('',*,*,#6476,.F.);
#6491=EDGE_LOOP('',(#6487,#6488,#6489,#6490));
#6492=FACE_OUTER_BOUND('',#6491,.F.);
#6494=CARTESIAN_POINT('',(-2.4E0,-5.5E-1,-2.1E0));
#6495=DIRECTION('',(0.E0,-1.E0,0.E0));
#6496=DIRECTION('',(0.E0,0.E0,-1.E0));
#6497=AXIS2_PLACEMENT_3D('',#6494,#6495,#6496);
#6498=PLANE('',#6497);
#6499=ORIENTED_EDGE('',*,*,#4076,.F.);
#6500=ORIENTED_EDGE('',*,*,#6420,.F.);
#6502=ORIENTED_EDGE('',*,*,#6501,.T.);
#6503=ORIENTED_EDGE('',*,*,#6460,.T.);
#6504=EDGE_LOOP('',(#6499,#6500,#6502,#6503));
#6505=FACE_OUTER_BOUND('',#6504,.F.);
#6507=CARTESIAN_POINT('',(-2.4E0,-2.5E-1,-2.1E0));
#6508=DIRECTION('',(0.E0,0.E0,1.E0));
#6509=DIRECTION('',(0.E0,-1.E0,0.E0));
#6510=AXIS2_PLACEMENT_3D('',#6507,#6508,#6509);
#6511=PLANE('',#6510);
#6512=ORIENTED_EDGE('',*,*,#6418,.F.);
#6514=ORIENTED_EDGE('',*,*,#6513,.T.);
#6515=ORIENTED_EDGE('',*,*,#6462,.T.);
#6516=ORIENTED_EDGE('',*,*,#6501,.F.);
#6517=EDGE_LOOP('',(#6512,#6514,#6515,#6516));
#6518=FACE_OUTER_BOUND('',#6517,.F.);
#6520=CARTESIAN_POINT('',(-2.4E0,-2.5E-1,-5.783930491459E0));
#6521=DIRECTION('',(0.E0,1.E0,0.E0));
#6522=DIRECTION('',(0.E0,0.E0,1.E0));
#6523=AXIS2_PLACEMENT_3D('',#6520,#6521,#6522);
#6524=PLANE('',#6523);
#6525=ORIENTED_EDGE('',*,*,#4080,.T.);
#6526=ORIENTED_EDGE('',*,*,#6464,.T.);
#6527=ORIENTED_EDGE('',*,*,#6513,.F.);
#6528=ORIENTED_EDGE('',*,*,#6416,.F.);
#6529=EDGE_LOOP('',(#6525,#6526,#6527,#6528));
#6530=FACE_OUTER_BOUND('',#6529,.F.);
#6532=CARTESIAN_POINT('',(-9.E-1,0.E0,-4.4E0));
#6533=DIRECTION('',(1.E0,0.E0,0.E0));
#6534=DIRECTION('',(0.E0,1.E0,0.E0));
#6535=AXIS2_PLACEMENT_3D('',#6532,#6533,#6534);
#6536=PLANE('',#6535);
#6537=ORIENTED_EDGE('',*,*,#3956,.F.);
#6538=ORIENTED_EDGE('',*,*,#3841,.T.);
#6540=ORIENTED_EDGE('',*,*,#6539,.T.);
#6542=ORIENTED_EDGE('',*,*,#6541,.T.);
#6544=ORIENTED_EDGE('',*,*,#6543,.T.);
#6545=EDGE_LOOP('',(#6537,#6538,#6540,#6542,#6544));
#6546=FACE_OUTER_BOUND('',#6545,.F.);
#6548=CARTESIAN_POINT('',(-9.E-1,0.E0,-4.4E0));
#6549=DIRECTION('',(1.E0,0.E0,0.E0));
#6550=DIRECTION('',(0.E0,1.E0,0.E0));
#6551=AXIS2_PLACEMENT_3D('',#6548,#6549,#6550);
#6552=PLANE('',#6551);
#6553=ORIENTED_EDGE('',*,*,#4084,.T.);
#6555=ORIENTED_EDGE('',*,*,#6554,.T.);
#6557=ORIENTED_EDGE('',*,*,#6556,.T.);
#6559=ORIENTED_EDGE('',*,*,#6558,.T.);
#6560=EDGE_LOOP('',(#6553,#6555,#6557,#6559));
#6561=FACE_OUTER_BOUND('',#6560,.F.);
#6563=CARTESIAN_POINT('',(-9.E-1,-5.5E-1,-5.494643497153E0));
#6564=DIRECTION('',(0.E0,-3.634720039469E-2,9.993392221981E-1));
#6565=DIRECTION('',(0.E0,-9.993392221981E-1,-3.634720039469E-2));
#6566=AXIS2_PLACEMENT_3D('',#6563,#6564,#6565);
#6567=PLANE('',#6566);
#6568=ORIENTED_EDGE('',*,*,#3839,.T.);
#6570=ORIENTED_EDGE('',*,*,#6569,.T.);
#6572=ORIENTED_EDGE('',*,*,#6571,.F.);
#6573=ORIENTED_EDGE('',*,*,#6539,.F.);
#6574=EDGE_LOOP('',(#6568,#6570,#6572,#6573));
#6575=FACE_OUTER_BOUND('',#6574,.F.);
#6577=CARTESIAN_POINT('',(-6.E-1,0.E0,-4.4E0));
#6578=DIRECTION('',(1.E0,0.E0,0.E0));
#6579=DIRECTION('',(0.E0,1.E0,0.E0));
#6580=AXIS2_PLACEMENT_3D('',#6577,#6578,#6579);
#6581=PLANE('',#6580);
#6582=ORIENTED_EDGE('',*,*,#3960,.T.);
#6584=ORIENTED_EDGE('',*,*,#6583,.F.);
#6586=ORIENTED_EDGE('',*,*,#6585,.F.);
#6587=ORIENTED_EDGE('',*,*,#6569,.F.);
#6588=ORIENTED_EDGE('',*,*,#3837,.F.);
#6589=EDGE_LOOP('',(#6582,#6584,#6586,#6587,#6588));
#6590=FACE_OUTER_BOUND('',#6589,.F.);
#6592=CARTESIAN_POINT('',(-6.E-1,0.E0,-4.4E0));
#6593=DIRECTION('',(1.E0,0.E0,0.E0));
#6594=DIRECTION('',(0.E0,1.E0,0.E0));
#6595=AXIS2_PLACEMENT_3D('',#6592,#6593,#6594);
#6596=PLANE('',#6595);
#6597=ORIENTED_EDGE('',*,*,#4088,.F.);
#6599=ORIENTED_EDGE('',*,*,#6598,.F.);
#6601=ORIENTED_EDGE('',*,*,#6600,.F.);
#6603=ORIENTED_EDGE('',*,*,#6602,.F.);
#6604=EDGE_LOOP('',(#6597,#6599,#6601,#6603));
#6605=FACE_OUTER_BOUND('',#6604,.F.);
#6607=CARTESIAN_POINT('',(-9.E-1,-3.254547919942E0,-5.893209606013E0));
#6608=DIRECTION('',(0.E0,3.634720039469E-2,-9.993392221981E-1));
#6609=DIRECTION('',(0.E0,9.993392221981E-1,3.634720039469E-2));
#6610=AXIS2_PLACEMENT_3D('',#6607,#6608,#6609);
#6611=PLANE('',#6610);
#6612=ORIENTED_EDGE('',*,*,#3958,.F.);
#6613=ORIENTED_EDGE('',*,*,#6543,.F.);
#6615=ORIENTED_EDGE('',*,*,#6614,.T.);
#6616=ORIENTED_EDGE('',*,*,#6583,.T.);
#6617=EDGE_LOOP('',(#6612,#6613,#6615,#6616));
#6618=FACE_OUTER_BOUND('',#6617,.F.);
#6620=CARTESIAN_POINT('',(-9.E-1,-3.265452080061E0,-5.593407839354E0));
#6621=DIRECTION('',(0.E0,-9.993392221981E-1,-3.634720039469E-2));
#6622=DIRECTION('',(0.E0,3.634720039469E-2,-9.993392221981E-1));
#6623=AXIS2_PLACEMENT_3D('',#6620,#6621,#6622);
#6624=PLANE('',#6623);
#6625=ORIENTED_EDGE('',*,*,#6541,.F.);
#6626=ORIENTED_EDGE('',*,*,#6571,.T.);
#6627=ORIENTED_EDGE('',*,*,#6585,.T.);
#6628=ORIENTED_EDGE('',*,*,#6614,.F.);
#6629=EDGE_LOOP('',(#6625,#6626,#6627,#6628));
#6630=FACE_OUTER_BOUND('',#6629,.F.);
#6632=CARTESIAN_POINT('',(-9.E-1,-5.5E-1,-2.1E0));
#6633=DIRECTION('',(0.E0,-1.E0,0.E0));
#6634=DIRECTION('',(0.E0,0.E0,-1.E0));
#6635=AXIS2_PLACEMENT_3D('',#6632,#6633,#6634);
#6636=PLANE('',#6635);
#6637=ORIENTED_EDGE('',*,*,#4086,.F.);
#6638=ORIENTED_EDGE('',*,*,#6558,.F.);
#6640=ORIENTED_EDGE('',*,*,#6639,.T.);
#6641=ORIENTED_EDGE('',*,*,#6598,.T.);
#6642=EDGE_LOOP('',(#6637,#6638,#6640,#6641));
#6643=FACE_OUTER_BOUND('',#6642,.F.);
#6645=CARTESIAN_POINT('',(-9.E-1,-2.5E-1,-2.1E0));
#6646=DIRECTION('',(0.E0,0.E0,1.E0));
#6647=DIRECTION('',(0.E0,-1.E0,0.E0));
#6648=AXIS2_PLACEMENT_3D('',#6645,#6646,#6647);
#6649=PLANE('',#6648);
#6650=ORIENTED_EDGE('',*,*,#6556,.F.);
#6652=ORIENTED_EDGE('',*,*,#6651,.T.);
#6653=ORIENTED_EDGE('',*,*,#6600,.T.);
#6654=ORIENTED_EDGE('',*,*,#6639,.F.);
#6655=EDGE_LOOP('',(#6650,#6652,#6653,#6654));
#6656=FACE_OUTER_BOUND('',#6655,.F.);
#6658=CARTESIAN_POINT('',(-9.E-1,-2.5E-1,-5.783930491459E0));
#6659=DIRECTION('',(0.E0,1.E0,0.E0));
#6660=DIRECTION('',(0.E0,0.E0,1.E0));
#6661=AXIS2_PLACEMENT_3D('',#6658,#6659,#6660);
#6662=PLANE('',#6661);
#6663=ORIENTED_EDGE('',*,*,#4090,.T.);
#6664=ORIENTED_EDGE('',*,*,#6602,.T.);
#6665=ORIENTED_EDGE('',*,*,#6651,.F.);
#6666=ORIENTED_EDGE('',*,*,#6554,.F.);
#6667=EDGE_LOOP('',(#6663,#6664,#6665,#6666));
#6668=FACE_OUTER_BOUND('',#6667,.F.);
#6670=CARTESIAN_POINT('',(6.E-1,0.E0,-4.4E0));
#6671=DIRECTION('',(1.E0,0.E0,0.E0));
#6672=DIRECTION('',(0.E0,1.E0,0.E0));
#6673=AXIS2_PLACEMENT_3D('',#6670,#6671,#6672);
#6674=PLANE('',#6673);
#6675=ORIENTED_EDGE('',*,*,#3963,.F.);
#6676=ORIENTED_EDGE('',*,*,#3833,.T.);
#6678=ORIENTED_EDGE('',*,*,#6677,.T.);
#6680=ORIENTED_EDGE('',*,*,#6679,.T.);
#6682=ORIENTED_EDGE('',*,*,#6681,.T.);
#6683=EDGE_LOOP('',(#6675,#6676,#6678,#6680,#6682));
#6684=FACE_OUTER_BOUND('',#6683,.F.);
#6686=CARTESIAN_POINT('',(6.E-1,0.E0,-4.4E0));
#6687=DIRECTION('',(1.E0,0.E0,0.E0));
#6688=DIRECTION('',(0.E0,1.E0,0.E0));
#6689=AXIS2_PLACEMENT_3D('',#6686,#6687,#6688);
#6690=PLANE('',#6689);
#6691=ORIENTED_EDGE('',*,*,#4094,.T.);
#6693=ORIENTED_EDGE('',*,*,#6692,.T.);
#6695=ORIENTED_EDGE('',*,*,#6694,.T.);
#6697=ORIENTED_EDGE('',*,*,#6696,.T.);
#6698=EDGE_LOOP('',(#6691,#6693,#6695,#6697));
#6699=FACE_OUTER_BOUND('',#6698,.F.);
#6701=CARTESIAN_POINT('',(6.E-1,-5.5E-1,-5.494643497153E0));
#6702=DIRECTION('',(0.E0,-3.634720039469E-2,9.993392221981E-1));
#6703=DIRECTION('',(0.E0,-9.993392221981E-1,-3.634720039469E-2));
#6704=AXIS2_PLACEMENT_3D('',#6701,#6702,#6703);
#6705=PLANE('',#6704);
#6706=ORIENTED_EDGE('',*,*,#3831,.T.);
#6708=ORIENTED_EDGE('',*,*,#6707,.T.);
#6710=ORIENTED_EDGE('',*,*,#6709,.F.);
#6711=ORIENTED_EDGE('',*,*,#6677,.F.);
#6712=EDGE_LOOP('',(#6706,#6708,#6710,#6711));
#6713=FACE_OUTER_BOUND('',#6712,.F.);
#6715=CARTESIAN_POINT('',(9.E-1,0.E0,-4.4E0));
#6716=DIRECTION('',(1.E0,0.E0,0.E0));
#6717=DIRECTION('',(0.E0,1.E0,0.E0));
#6718=AXIS2_PLACEMENT_3D('',#6715,#6716,#6717);
#6719=PLANE('',#6718);
#6720=ORIENTED_EDGE('',*,*,#3967,.T.);
#6722=ORIENTED_EDGE('',*,*,#6721,.F.);
#6724=ORIENTED_EDGE('',*,*,#6723,.F.);
#6725=ORIENTED_EDGE('',*,*,#6707,.F.);
#6726=ORIENTED_EDGE('',*,*,#3829,.F.);
#6727=EDGE_LOOP('',(#6720,#6722,#6724,#6725,#6726));
#6728=FACE_OUTER_BOUND('',#6727,.F.);
#6730=CARTESIAN_POINT('',(9.E-1,0.E0,-4.4E0));
#6731=DIRECTION('',(1.E0,0.E0,0.E0));
#6732=DIRECTION('',(0.E0,1.E0,0.E0));
#6733=AXIS2_PLACEMENT_3D('',#6730,#6731,#6732);
#6734=PLANE('',#6733);
#6735=ORIENTED_EDGE('',*,*,#4098,.F.);
#6737=ORIENTED_EDGE('',*,*,#6736,.F.);
#6739=ORIENTED_EDGE('',*,*,#6738,.F.);
#6741=ORIENTED_EDGE('',*,*,#6740,.F.);
#6742=EDGE_LOOP('',(#6735,#6737,#6739,#6741));
#6743=FACE_OUTER_BOUND('',#6742,.F.);
#6745=CARTESIAN_POINT('',(6.E-1,-3.254547919942E0,-5.893209606013E0));
#6746=DIRECTION('',(0.E0,3.634720039469E-2,-9.993392221981E-1));
#6747=DIRECTION('',(0.E0,9.993392221981E-1,3.634720039469E-2));
#6748=AXIS2_PLACEMENT_3D('',#6745,#6746,#6747);
#6749=PLANE('',#6748);
#6750=ORIENTED_EDGE('',*,*,#3965,.F.);
#6751=ORIENTED_EDGE('',*,*,#6681,.F.);
#6753=ORIENTED_EDGE('',*,*,#6752,.T.);
#6754=ORIENTED_EDGE('',*,*,#6721,.T.);
#6755=EDGE_LOOP('',(#6750,#6751,#6753,#6754));
#6756=FACE_OUTER_BOUND('',#6755,.F.);
#6758=CARTESIAN_POINT('',(6.E-1,-3.265452080061E0,-5.593407839354E0));
#6759=DIRECTION('',(0.E0,-9.993392221981E-1,-3.634720039469E-2));
#6760=DIRECTION('',(0.E0,3.634720039469E-2,-9.993392221981E-1));
#6761=AXIS2_PLACEMENT_3D('',#6758,#6759,#6760);
#6762=PLANE('',#6761);
#6763=ORIENTED_EDGE('',*,*,#6679,.F.);
#6764=ORIENTED_EDGE('',*,*,#6709,.T.);
#6765=ORIENTED_EDGE('',*,*,#6723,.T.);
#6766=ORIENTED_EDGE('',*,*,#6752,.F.);
#6767=EDGE_LOOP('',(#6763,#6764,#6765,#6766));
#6768=FACE_OUTER_BOUND('',#6767,.F.);
#6770=CARTESIAN_POINT('',(6.E-1,-5.5E-1,-2.1E0));
#6771=DIRECTION('',(0.E0,-1.E0,0.E0));
#6772=DIRECTION('',(0.E0,0.E0,-1.E0));
#6773=AXIS2_PLACEMENT_3D('',#6770,#6771,#6772);
#6774=PLANE('',#6773);
#6775=ORIENTED_EDGE('',*,*,#4096,.F.);
#6776=ORIENTED_EDGE('',*,*,#6696,.F.);
#6778=ORIENTED_EDGE('',*,*,#6777,.T.);
#6779=ORIENTED_EDGE('',*,*,#6736,.T.);
#6780=EDGE_LOOP('',(#6775,#6776,#6778,#6779));
#6781=FACE_OUTER_BOUND('',#6780,.F.);
#6783=CARTESIAN_POINT('',(6.E-1,-2.5E-1,-2.1E0));
#6784=DIRECTION('',(0.E0,0.E0,1.E0));
#6785=DIRECTION('',(0.E0,-1.E0,0.E0));
#6786=AXIS2_PLACEMENT_3D('',#6783,#6784,#6785);
#6787=PLANE('',#6786);
#6788=ORIENTED_EDGE('',*,*,#6694,.F.);
#6790=ORIENTED_EDGE('',*,*,#6789,.T.);
#6791=ORIENTED_EDGE('',*,*,#6738,.T.);
#6792=ORIENTED_EDGE('',*,*,#6777,.F.);
#6793=EDGE_LOOP('',(#6788,#6790,#6791,#6792));
#6794=FACE_OUTER_BOUND('',#6793,.F.);
#6796=CARTESIAN_POINT('',(6.E-1,-2.5E-1,-5.783930491459E0));
#6797=DIRECTION('',(0.E0,1.E0,0.E0));
#6798=DIRECTION('',(0.E0,0.E0,1.E0));
#6799=AXIS2_PLACEMENT_3D('',#6796,#6797,#6798);
#6800=PLANE('',#6799);
#6801=ORIENTED_EDGE('',*,*,#4100,.T.);
#6802=ORIENTED_EDGE('',*,*,#6740,.T.);
#6803=ORIENTED_EDGE('',*,*,#6789,.F.);
#6804=ORIENTED_EDGE('',*,*,#6692,.F.);
#6805=EDGE_LOOP('',(#6801,#6802,#6803,#6804));
#6806=FACE_OUTER_BOUND('',#6805,.F.);
#6808=CARTESIAN_POINT('',(2.1E0,-5.5E-1,-2.1E0));
#6809=DIRECTION('',(0.E0,-1.E0,0.E0));
#6810=DIRECTION('',(0.E0,0.E0,-1.E0));
#6811=AXIS2_PLACEMENT_3D('',#6808,#6809,#6810);
#6812=PLANE('',#6811);
#6813=ORIENTED_EDGE('',*,*,#4105,.F.);
#6814=ORIENTED_EDGE('',*,*,#3919,.F.);
#6816=ORIENTED_EDGE('',*,*,#6815,.T.);
#6817=ORIENTED_EDGE('',*,*,#4034,.T.);
#6818=EDGE_LOOP('',(#6813,#6814,#6816,#6817));
#6819=FACE_OUTER_BOUND('',#6818,.F.);
#6821=CARTESIAN_POINT('',(2.1E0,-2.5E-1,-2.1E0));
#6822=DIRECTION('',(0.E0,0.E0,1.E0));
#6823=DIRECTION('',(0.E0,-1.E0,0.E0));
#6824=AXIS2_PLACEMENT_3D('',#6821,#6822,#6823);
#6825=PLANE('',#6824);
#6826=ORIENTED_EDGE('',*,*,#3917,.F.);
#6828=ORIENTED_EDGE('',*,*,#6827,.T.);
#6829=ORIENTED_EDGE('',*,*,#4036,.T.);
#6830=ORIENTED_EDGE('',*,*,#6815,.F.);
#6831=EDGE_LOOP('',(#6826,#6828,#6829,#6830));
#6832=FACE_OUTER_BOUND('',#6831,.F.);
#6834=CARTESIAN_POINT('',(2.1E0,-2.5E-1,-5.783930491459E0));
#6835=DIRECTION('',(0.E0,1.E0,0.E0));
#6836=DIRECTION('',(0.E0,0.E0,1.E0));
#6837=AXIS2_PLACEMENT_3D('',#6834,#6835,#6836);
#6838=PLANE('',#6837);
#6839=ORIENTED_EDGE('',*,*,#4108,.T.);
#6840=ORIENTED_EDGE('',*,*,#4038,.T.);
#6841=ORIENTED_EDGE('',*,*,#6827,.F.);
#6842=ORIENTED_EDGE('',*,*,#3915,.F.);
#6843=EDGE_LOOP('',(#6839,#6840,#6841,#6842));
#6844=FACE_OUTER_BOUND('',#6843,.F.);
#6846=CARTESIAN_POINT('',(-2.15625E0,-1.8E0,-4.4E0));
#6847=DIRECTION('',(1.E0,0.E0,0.E0));
#6848=DIRECTION('',(0.E0,1.E0,0.E0));
#6849=AXIS2_PLACEMENT_3D('',#6846,#6847,#6848);
#6850=PLANE('',#6849);
#6851=ORIENTED_EDGE('',*,*,#4112,.F.);
#6853=ORIENTED_EDGE('',*,*,#6852,.T.);
#6855=ORIENTED_EDGE('',*,*,#6854,.T.);
#6857=ORIENTED_EDGE('',*,*,#6856,.F.);
#6858=EDGE_LOOP('',(#6851,#6853,#6855,#6857));
#6859=FACE_OUTER_BOUND('',#6858,.F.);
#6861=CARTESIAN_POINT('',(-2.25E0,-1.8E0,-4.4E0));
#6862=DIRECTION('',(0.E0,-1.E0,0.E0));
#6863=DIRECTION('',(1.E0,0.E0,0.E0));
#6864=AXIS2_PLACEMENT_3D('',#6861,#6862,#6863);
#6865=PLANE('',#6864);
#6866=ORIENTED_EDGE('',*,*,#4124,.F.);
#6868=ORIENTED_EDGE('',*,*,#6867,.T.);
#6870=ORIENTED_EDGE('',*,*,#6869,.T.);
#6871=ORIENTED_EDGE('',*,*,#6852,.F.);
#6872=EDGE_LOOP('',(#6866,#6868,#6870,#6871));
#6873=FACE_OUTER_BOUND('',#6872,.F.);
#6875=CARTESIAN_POINT('',(-2.25E0,-1.177659559250E0,-4.4E0));
#6876=DIRECTION('',(-1.E0,0.E0,0.E0));
#6877=DIRECTION('',(0.E0,-1.E0,0.E0));
#6878=AXIS2_PLACEMENT_3D('',#6875,#6876,#6877);
#6879=PLANE('',#6878);
#6880=ORIENTED_EDGE('',*,*,#4122,.F.);
#6882=ORIENTED_EDGE('',*,*,#6881,.T.);
#6884=ORIENTED_EDGE('',*,*,#6883,.T.);
#6885=ORIENTED_EDGE('',*,*,#6867,.F.);
#6886=EDGE_LOOP('',(#6880,#6882,#6884,#6885));
#6887=FACE_OUTER_BOUND('',#6886,.F.);
#6889=CARTESIAN_POINT('',(-2.34375E0,-1.289361718297E0,-4.4E0));
#6890=DIRECTION('',(7.659743427825E-1,-6.428711427642E-1,0.E0));
#6891=DIRECTION('',(6.428711427642E-1,7.659743427825E-1,0.E0));
#6892=AXIS2_PLACEMENT_3D('',#6889,#6890,#6891);
#6893=PLANE('',#6892);
#6894=ORIENTED_EDGE('',*,*,#4120,.F.);
#6896=ORIENTED_EDGE('',*,*,#6895,.T.);
#6898=ORIENTED_EDGE('',*,*,#6897,.T.);
#6899=ORIENTED_EDGE('',*,*,#6881,.F.);
#6900=EDGE_LOOP('',(#6894,#6896,#6898,#6899));
#6901=FACE_OUTER_BOUND('',#6900,.F.);
#6903=CARTESIAN_POINT('',(-2.34375E0,-1.161702114344E0,-4.4E0));
#6904=DIRECTION('',(-1.E0,0.E0,0.E0));
#6905=DIRECTION('',(0.E0,-1.E0,0.E0));
#6906=AXIS2_PLACEMENT_3D('',#6903,#6904,#6905);
#6907=PLANE('',#6906);
#6908=ORIENTED_EDGE('',*,*,#4118,.F.);
#6910=ORIENTED_EDGE('',*,*,#6909,.T.);
#6912=ORIENTED_EDGE('',*,*,#6911,.T.);
#6913=ORIENTED_EDGE('',*,*,#6895,.F.);
#6914=EDGE_LOOP('',(#6908,#6910,#6912,#6913));
#6915=FACE_OUTER_BOUND('',#6914,.F.);
#6917=CARTESIAN_POINT('',(-2.25E0,-1.05E0,-4.4E0));
#6918=DIRECTION('',(-7.659742160926E-1,6.428712937139E-1,0.E0));
#6919=DIRECTION('',(-6.428712937139E-1,-7.659742160926E-1,0.E0));
#6920=AXIS2_PLACEMENT_3D('',#6917,#6918,#6919);
#6921=PLANE('',#6920);
#6922=ORIENTED_EDGE('',*,*,#4116,.F.);
#6924=ORIENTED_EDGE('',*,*,#6923,.T.);
#6926=ORIENTED_EDGE('',*,*,#6925,.T.);
#6927=ORIENTED_EDGE('',*,*,#6909,.F.);
#6928=EDGE_LOOP('',(#6922,#6924,#6926,#6927));
#6929=FACE_OUTER_BOUND('',#6928,.F.);
#6931=CARTESIAN_POINT('',(-2.15625E0,-1.05E0,-4.4E0));
#6932=DIRECTION('',(0.E0,1.E0,0.E0));
#6933=DIRECTION('',(-1.E0,0.E0,0.E0));
#6934=AXIS2_PLACEMENT_3D('',#6931,#6932,#6933);
#6935=PLANE('',#6934);
#6936=ORIENTED_EDGE('',*,*,#4114,.F.);
#6937=ORIENTED_EDGE('',*,*,#6856,.T.);
#6939=ORIENTED_EDGE('',*,*,#6938,.T.);
#6940=ORIENTED_EDGE('',*,*,#6923,.F.);
#6941=EDGE_LOOP('',(#6936,#6937,#6939,#6940));
#6942=FACE_OUTER_BOUND('',#6941,.F.);
#6944=CARTESIAN_POINT('',(0.E0,0.E0,-4.39E0));
#6945=DIRECTION('',(0.E0,0.E0,1.E0));
#6946=DIRECTION('',(1.E0,0.E0,0.E0));
#6947=AXIS2_PLACEMENT_3D('',#6944,#6945,#6946);
#6948=PLANE('',#6947);
#6949=ORIENTED_EDGE('',*,*,#6854,.F.);
#6950=ORIENTED_EDGE('',*,*,#6869,.F.);
#6951=ORIENTED_EDGE('',*,*,#6883,.F.);
#6952=ORIENTED_EDGE('',*,*,#6897,.F.);
#6953=ORIENTED_EDGE('',*,*,#6911,.F.);
#6954=ORIENTED_EDGE('',*,*,#6925,.F.);
#6955=ORIENTED_EDGE('',*,*,#6938,.F.);
#6956=EDGE_LOOP('',(#6949,#6950,#6951,#6952,#6953,#6954,#6955));
#6957=FACE_OUTER_BOUND('',#6956,.F.);
#6959=CARTESIAN_POINT('',(4.1625E0,-1.97E0,-2.2E0));
#6960=DIRECTION('',(0.E0,7.071067811865E-1,7.071067811865E-1));
#6961=DIRECTION('',(0.E0,7.071067811865E-1,-7.071067811865E-1));
#6962=AXIS2_PLACEMENT_3D('',#6959,#6960,#6961);
#6963=PLANE('',#6962);
#6965=ORIENTED_EDGE('',*,*,#6964,.F.);
#6967=ORIENTED_EDGE('',*,*,#6966,.T.);
#6968=ORIENTED_EDGE('',*,*,#3810,.T.);
#6969=ORIENTED_EDGE('',*,*,#3617,.T.);
#6970=EDGE_LOOP('',(#6965,#6967,#6968,#6969));
#6971=FACE_OUTER_BOUND('',#6970,.F.);
#6973=CARTESIAN_POINT('',(4.025E0,-1.92E0,0.E0));
#6974=DIRECTION('',(0.E0,-1.E0,0.E0));
#6975=DIRECTION('',(1.E0,0.E0,0.E0));
#6976=AXIS2_PLACEMENT_3D('',#6973,#6974,#6975);
#6977=PLANE('',#6976);
#6978=ORIENTED_EDGE('',*,*,#6964,.T.);
#6979=ORIENTED_EDGE('',*,*,#3615,.T.);
#6980=ORIENTED_EDGE('',*,*,#3713,.T.);
#6982=ORIENTED_EDGE('',*,*,#6981,.F.);
#6983=EDGE_LOOP('',(#6978,#6979,#6980,#6982));
#6984=FACE_OUTER_BOUND('',#6983,.F.);
#6986=CARTESIAN_POINT('',(4.3E0,-1.92E0,0.E0));
#6987=DIRECTION('',(1.E0,0.E0,0.E0));
#6988=DIRECTION('',(0.E0,1.E0,0.E0));
#6989=AXIS2_PLACEMENT_3D('',#6986,#6987,#6988);
#6990=PLANE('',#6989);
#6992=ORIENTED_EDGE('',*,*,#6991,.T.);
#6993=ORIENTED_EDGE('',*,*,#6981,.T.);
#6994=ORIENTED_EDGE('',*,*,#3711,.T.);
#6995=ORIENTED_EDGE('',*,*,#3789,.F.);
#6996=EDGE_LOOP('',(#6992,#6993,#6994,#6995));
#6997=FACE_OUTER_BOUND('',#6996,.F.);
#6999=CARTESIAN_POINT('',(4.35E0,-1.71E0,-2.2E0));
#7000=DIRECTION('',(-7.071067811865E-1,0.E0,7.071067811866E-1));
#7001=DIRECTION('',(-7.071067811866E-1,0.E0,-7.071067811865E-1));
#7002=AXIS2_PLACEMENT_3D('',#6999,#7000,#7001);
#7003=PLANE('',#7002);
#7004=ORIENTED_EDGE('',*,*,#3812,.T.);
#7005=ORIENTED_EDGE('',*,*,#6966,.F.);
#7006=ORIENTED_EDGE('',*,*,#6991,.F.);
#7007=ORIENTED_EDGE('',*,*,#3787,.T.);
#7008=EDGE_LOOP('',(#7004,#7005,#7006,#7007));
#7009=FACE_OUTER_BOUND('',#7008,.F.);
#7013=DIRECTION('',(1.E0,0.E0,0.E0));
#7014=VECTOR('',#7013,5.E-1);
#7015=CARTESIAN_POINT('',(4.95E0,-2.4E0,-5.8E0));
#7016=LINE('',#7015,#7014);
#7017=DIRECTION('',(0.E0,1.E0,0.E0));
#7018=VECTOR('',#7017,9.E-1);
#7019=CARTESIAN_POINT('',(4.95E0,-2.4E0,-5.8E0));
#7020=LINE('',#7019,#7018);
#7021=DIRECTION('',(1.E0,0.E0,0.E0));
#7022=VECTOR('',#7021,5.E-1);
#7023=CARTESIAN_POINT('',(4.95E0,-1.5E0,-5.8E0));
#7024=LINE('',#7023,#7022);
#7025=DIRECTION('',(0.E0,-1.E0,0.E0));
#7026=VECTOR('',#7025,9.E-1);
#7027=CARTESIAN_POINT('',(5.45E0,-1.5E0,-5.8E0));
#7028=LINE('',#7027,#7026);
#7029=DIRECTION('',(0.E0,0.E0,1.E0));
#7030=VECTOR('',#7029,9.E-1);
#7031=CARTESIAN_POINT('',(5.45E0,-2.4E0,-5.8E0));
#7032=LINE('',#7031,#7030);
#7033=DIRECTION('',(-1.E0,0.E0,0.E0));
#7034=VECTOR('',#7033,5.E-1);
#7035=CARTESIAN_POINT('',(5.45E0,-2.4E0,-4.9E0));
#7036=LINE('',#7035,#7034);
#7037=DIRECTION('',(0.E0,0.E0,-1.E0));
#7038=VECTOR('',#7037,9.E-1);
#7039=CARTESIAN_POINT('',(4.95E0,-2.4E0,-4.9E0));
#7040=LINE('',#7039,#7038);
#7041=DIRECTION('',(0.E0,0.E0,-1.E0));
#7042=VECTOR('',#7041,1.E-1);
#7043=CARTESIAN_POINT('',(5.45E0,-1.5E0,-5.8E0));
#7044=LINE('',#7043,#7042);
#7045=DIRECTION('',(0.E0,-1.E0,0.E0));
#7046=VECTOR('',#7045,1.E0);
#7047=CARTESIAN_POINT('',(4.95E0,-1.5E0,-5.9E0));
#7048=LINE('',#7047,#7046);
#7049=DIRECTION('',(0.E0,1.E0,0.E0));
#7050=VECTOR('',#7049,1.E0);
#7051=CARTESIAN_POINT('',(5.45E0,-2.5E0,-5.9E0));
#7052=LINE('',#7051,#7050);
#7053=DIRECTION('',(1.E0,0.E0,0.E0));
#7054=VECTOR('',#7053,5.E-1);
#7055=CARTESIAN_POINT('',(4.95E0,-1.5E0,-5.9E0));
#7056=LINE('',#7055,#7054);
#7057=DIRECTION('',(0.E0,-1.E0,0.E0));
#7058=VECTOR('',#7057,1.E-1);
#7059=CARTESIAN_POINT('',(4.95E0,-2.4E0,-4.9E0));
#7060=LINE('',#7059,#7058);
#7061=DIRECTION('',(0.E0,-1.E0,0.E0));
#7062=VECTOR('',#7061,1.E-1);
#7063=CARTESIAN_POINT('',(5.45E0,-2.4E0,-4.9E0));
#7064=LINE('',#7063,#7062);
#7065=DIRECTION('',(0.E0,0.E0,1.E0));
#7066=VECTOR('',#7065,1.E0);
#7067=CARTESIAN_POINT('',(5.45E0,-2.5E0,-5.9E0));
#7068=LINE('',#7067,#7066);
#7069=DIRECTION('',(1.E0,0.E0,0.E0));
#7070=VECTOR('',#7069,5.E-1);
#7071=CARTESIAN_POINT('',(4.95E0,-2.5E0,-5.9E0));
#7072=LINE('',#7071,#7070);
#7073=DIRECTION('',(0.E0,0.E0,-1.E0));
#7074=VECTOR('',#7073,1.E0);
#7075=CARTESIAN_POINT('',(4.95E0,-2.5E0,-4.9E0));
#7076=LINE('',#7075,#7074);
#7077=DIRECTION('',(-1.E0,0.E0,0.E0));
#7078=VECTOR('',#7077,5.E-1);
#7079=CARTESIAN_POINT('',(5.45E0,-2.5E0,-4.9E0));
#7080=LINE('',#7079,#7078);
#7081=DIRECTION('',(0.E0,0.E0,-1.E0));
#7082=VECTOR('',#7081,1.E-1);
#7083=CARTESIAN_POINT('',(4.95E0,-1.5E0,-5.8E0));
#7084=LINE('',#7083,#7082);
#7085=CARTESIAN_POINT('',(4.95E0,-1.5E0,-5.8E0));
#7086=CARTESIAN_POINT('',(5.45E0,-1.5E0,-5.8E0));
#7087=VERTEX_POINT('',#7085);
#7088=VERTEX_POINT('',#7086);
#7089=CARTESIAN_POINT('',(4.95E0,-1.5E0,-5.9E0));
#7090=CARTESIAN_POINT('',(5.45E0,-1.5E0,-5.9E0));
#7091=VERTEX_POINT('',#7089);
#7092=VERTEX_POINT('',#7090);
#7093=CARTESIAN_POINT('',(5.45E0,-2.4E0,-4.9E0));
#7094=CARTESIAN_POINT('',(4.95E0,-2.4E0,-4.9E0));
#7095=VERTEX_POINT('',#7093);
#7096=VERTEX_POINT('',#7094);
#7097=CARTESIAN_POINT('',(5.45E0,-2.5E0,-5.9E0));
#7098=CARTESIAN_POINT('',(5.45E0,-2.5E0,-4.9E0));
#7099=VERTEX_POINT('',#7097);
#7100=VERTEX_POINT('',#7098);
#7101=CARTESIAN_POINT('',(4.95E0,-2.5E0,-4.9E0));
#7102=VERTEX_POINT('',#7101);
#7103=CARTESIAN_POINT('',(4.95E0,-2.5E0,-5.9E0));
#7104=VERTEX_POINT('',#7103);
#7105=CARTESIAN_POINT('',(4.95E0,-2.4E0,-5.8E0));
#7106=CARTESIAN_POINT('',(5.45E0,-2.4E0,-5.8E0));
#7107=VERTEX_POINT('',#7105);
#7108=VERTEX_POINT('',#7106);
#7109=CARTESIAN_POINT('',(0.E0,0.E0,-5.8E0));
#7110=DIRECTION('',(0.E0,0.E0,-1.E0));
#7111=DIRECTION('',(1.E0,0.E0,0.E0));
#7112=AXIS2_PLACEMENT_3D('',#7109,#7110,#7111);
#7113=PLANE('',#7112);
#7115=ORIENTED_EDGE('',*,*,#7114,.F.);
#7117=ORIENTED_EDGE('',*,*,#7116,.T.);
#7119=ORIENTED_EDGE('',*,*,#7118,.T.);
#7121=ORIENTED_EDGE('',*,*,#7120,.T.);
#7122=EDGE_LOOP('',(#7115,#7117,#7119,#7121));
#7123=FACE_OUTER_BOUND('',#7122,.F.);
#7125=CARTESIAN_POINT('',(0.E0,-2.4E0,0.E0));
#7126=DIRECTION('',(0.E0,-1.E0,0.E0));
#7127=DIRECTION('',(-1.E0,0.E0,0.E0));
#7128=AXIS2_PLACEMENT_3D('',#7125,#7126,#7127);
#7129=PLANE('',#7128);
#7130=ORIENTED_EDGE('',*,*,#7114,.T.);
#7132=ORIENTED_EDGE('',*,*,#7131,.T.);
#7134=ORIENTED_EDGE('',*,*,#7133,.T.);
#7136=ORIENTED_EDGE('',*,*,#7135,.T.);
#7137=EDGE_LOOP('',(#7130,#7132,#7134,#7136));
#7138=FACE_OUTER_BOUND('',#7137,.F.);
#7140=CARTESIAN_POINT('',(5.45E0,-1.5E0,-5.8E0));
#7141=DIRECTION('',(1.E0,0.E0,0.E0));
#7142=DIRECTION('',(0.E0,-1.E0,0.E0));
#7143=AXIS2_PLACEMENT_3D('',#7140,#7141,#7142);
#7144=PLANE('',#7143);
#7146=ORIENTED_EDGE('',*,*,#7145,.F.);
#7148=ORIENTED_EDGE('',*,*,#7147,.T.);
#7150=ORIENTED_EDGE('',*,*,#7149,.F.);
#7151=ORIENTED_EDGE('',*,*,#7131,.F.);
#7152=ORIENTED_EDGE('',*,*,#7120,.F.);
#7154=ORIENTED_EDGE('',*,*,#7153,.T.);
#7155=EDGE_LOOP('',(#7146,#7148,#7150,#7151,#7152,#7154));
#7156=FACE_OUTER_BOUND('',#7155,.F.);
#7158=CARTESIAN_POINT('',(0.E0,0.E0,-5.9E0));
#7159=DIRECTION('',(0.E0,0.E0,-1.E0));
#7160=DIRECTION('',(1.E0,0.E0,0.E0));
#7161=AXIS2_PLACEMENT_3D('',#7158,#7159,#7160);
#7162=PLANE('',#7161);
#7164=ORIENTED_EDGE('',*,*,#7163,.T.);
#7166=ORIENTED_EDGE('',*,*,#7165,.T.);
#7167=ORIENTED_EDGE('',*,*,#7145,.T.);
#7169=ORIENTED_EDGE('',*,*,#7168,.F.);
#7170=EDGE_LOOP('',(#7164,#7166,#7167,#7169));
#7171=FACE_OUTER_BOUND('',#7170,.F.);
#7173=CARTESIAN_POINT('',(4.95E0,-2.4E0,-5.8E0));
#7174=DIRECTION('',(-1.E0,0.E0,0.E0));
#7175=DIRECTION('',(0.E0,1.E0,0.E0));
#7176=AXIS2_PLACEMENT_3D('',#7173,#7174,#7175);
#7177=PLANE('',#7176);
#7178=ORIENTED_EDGE('',*,*,#7116,.F.);
#7179=ORIENTED_EDGE('',*,*,#7135,.F.);
#7181=ORIENTED_EDGE('',*,*,#7180,.T.);
#7183=ORIENTED_EDGE('',*,*,#7182,.T.);
#7184=ORIENTED_EDGE('',*,*,#7163,.F.);
#7186=ORIENTED_EDGE('',*,*,#7185,.F.);
#7187=EDGE_LOOP('',(#7178,#7179,#7181,#7183,#7184,#7186));
#7188=FACE_OUTER_BOUND('',#7187,.F.);
#7190=CARTESIAN_POINT('',(5.45E0,-2.4E0,-4.9E0));
#7191=DIRECTION('',(0.E0,0.E0,1.E0));
#7192=DIRECTION('',(-1.E0,0.E0,0.E0));
#7193=AXIS2_PLACEMENT_3D('',#7190,#7191,#7192);
#7194=PLANE('',#7193);
#7195=ORIENTED_EDGE('',*,*,#7133,.F.);
#7196=ORIENTED_EDGE('',*,*,#7149,.T.);
#7198=ORIENTED_EDGE('',*,*,#7197,.T.);
#7199=ORIENTED_EDGE('',*,*,#7180,.F.);
#7200=EDGE_LOOP('',(#7195,#7196,#7198,#7199));
#7201=FACE_OUTER_BOUND('',#7200,.F.);
#7203=CARTESIAN_POINT('',(0.E0,-2.5E0,0.E0));
#7204=DIRECTION('',(0.E0,-1.E0,0.E0));
#7205=DIRECTION('',(-1.E0,0.E0,0.E0));
#7206=AXIS2_PLACEMENT_3D('',#7203,#7204,#7205);
#7207=PLANE('',#7206);
#7208=ORIENTED_EDGE('',*,*,#7147,.F.);
#7209=ORIENTED_EDGE('',*,*,#7165,.F.);
#7210=ORIENTED_EDGE('',*,*,#7182,.F.);
#7211=ORIENTED_EDGE('',*,*,#7197,.F.);
#7212=EDGE_LOOP('',(#7208,#7209,#7210,#7211));
#7213=FACE_OUTER_BOUND('',#7212,.F.);
#7215=CARTESIAN_POINT('',(4.95E0,-1.5E0,-5.8E0));
#7216=DIRECTION('',(0.E0,1.E0,0.E0));
#7217=DIRECTION('',(1.E0,0.E0,0.E0));
#7218=AXIS2_PLACEMENT_3D('',#7215,#7216,#7217);
#7219=PLANE('',#7218);
#7220=ORIENTED_EDGE('',*,*,#7118,.F.);
#7221=ORIENTED_EDGE('',*,*,#7185,.T.);
#7222=ORIENTED_EDGE('',*,*,#7168,.T.);
#7223=ORIENTED_EDGE('',*,*,#7153,.F.);
#7224=EDGE_LOOP('',(#7220,#7221,#7222,#7223));
#7225=FACE_OUTER_BOUND('',#7224,.F.);
#7229=DIRECTION('',(1.E0,0.E0,0.E0));
#7230=VECTOR('',#7229,5.E-1);
#7231=CARTESIAN_POINT('',(-5.45E0,-2.4E0,-5.8E0));
#7232=LINE('',#7231,#7230);
#7233=DIRECTION('',(0.E0,1.E0,0.E0));
#7234=VECTOR('',#7233,9.E-1);
#7235=CARTESIAN_POINT('',(-5.45E0,-2.4E0,-5.8E0));
#7236=LINE('',#7235,#7234);
#7237=DIRECTION('',(1.E0,0.E0,0.E0));
#7238=VECTOR('',#7237,5.E-1);
#7239=CARTESIAN_POINT('',(-5.45E0,-1.5E0,-5.8E0));
#7240=LINE('',#7239,#7238);
#7241=DIRECTION('',(0.E0,-1.E0,0.E0));
#7242=VECTOR('',#7241,9.E-1);
#7243=CARTESIAN_POINT('',(-4.95E0,-1.5E0,-5.8E0));
#7244=LINE('',#7243,#7242);
#7245=DIRECTION('',(0.E0,0.E0,1.E0));
#7246=VECTOR('',#7245,9.E-1);
#7247=CARTESIAN_POINT('',(-4.95E0,-2.4E0,-5.8E0));
#7248=LINE('',#7247,#7246);
#7249=DIRECTION('',(-1.E0,0.E0,0.E0));
#7250=VECTOR('',#7249,5.E-1);
#7251=CARTESIAN_POINT('',(-4.95E0,-2.4E0,-4.9E0));
#7252=LINE('',#7251,#7250);
#7253=DIRECTION('',(0.E0,0.E0,-1.E0));
#7254=VECTOR('',#7253,9.E-1);
#7255=CARTESIAN_POINT('',(-5.45E0,-2.4E0,-4.9E0));
#7256=LINE('',#7255,#7254);
#7257=DIRECTION('',(0.E0,-1.E0,0.E0));
#7258=VECTOR('',#7257,1.E0);
#7259=CARTESIAN_POINT('',(-4.95E0,-1.5E0,-5.9E0));
#7260=LINE('',#7259,#7258);
#7261=DIRECTION('',(0.E0,0.E0,-1.E0));
#7262=VECTOR('',#7261,1.E-1);
#7263=CARTESIAN_POINT('',(-4.95E0,-1.5E0,-5.8E0));
#7264=LINE('',#7263,#7262);
#7265=DIRECTION('',(1.E0,0.E0,0.E0));
#7266=VECTOR('',#7265,5.E-1);
#7267=CARTESIAN_POINT('',(-5.45E0,-1.5E0,-5.9E0));
#7268=LINE('',#7267,#7266);
#7269=DIRECTION('',(0.E0,-1.E0,0.E0));
#7270=VECTOR('',#7269,1.E-1);
#7271=CARTESIAN_POINT('',(-5.45E0,-2.4E0,-4.9E0));
#7272=LINE('',#7271,#7270);
#7273=DIRECTION('',(0.E0,1.E0,0.E0));
#7274=VECTOR('',#7273,1.E0);
#7275=CARTESIAN_POINT('',(-5.45E0,-2.5E0,-5.9E0));
#7276=LINE('',#7275,#7274);
#7277=DIRECTION('',(0.E0,-1.E0,0.E0));
#7278=VECTOR('',#7277,1.E-1);
#7279=CARTESIAN_POINT('',(-4.95E0,-2.4E0,-4.9E0));
#7280=LINE('',#7279,#7278);
#7281=DIRECTION('',(1.E0,0.E0,0.E0));
#7282=VECTOR('',#7281,5.E-1);
#7283=CARTESIAN_POINT('',(-5.45E0,-2.5E0,-5.9E0));
#7284=LINE('',#7283,#7282);
#7285=DIRECTION('',(0.E0,0.E0,-1.E0));
#7286=VECTOR('',#7285,1.E0);
#7287=CARTESIAN_POINT('',(-5.45E0,-2.5E0,-4.9E0));
#7288=LINE('',#7287,#7286);
#7289=DIRECTION('',(-1.E0,0.E0,0.E0));
#7290=VECTOR('',#7289,5.E-1);
#7291=CARTESIAN_POINT('',(-4.95E0,-2.5E0,-4.9E0));
#7292=LINE('',#7291,#7290);
#7293=DIRECTION('',(0.E0,0.E0,1.E0));
#7294=VECTOR('',#7293,1.E0);
#7295=CARTESIAN_POINT('',(-4.95E0,-2.5E0,-5.9E0));
#7296=LINE('',#7295,#7294);
#7297=DIRECTION('',(0.E0,0.E0,-1.E0));
#7298=VECTOR('',#7297,1.E-1);
#7299=CARTESIAN_POINT('',(-5.45E0,-1.5E0,-5.8E0));
#7300=LINE('',#7299,#7298);
#7301=CARTESIAN_POINT('',(-5.45E0,-1.5E0,-5.8E0));
#7302=CARTESIAN_POINT('',(-4.95E0,-1.5E0,-5.8E0));
#7303=VERTEX_POINT('',#7301);
#7304=VERTEX_POINT('',#7302);
#7305=CARTESIAN_POINT('',(-5.45E0,-1.5E0,-5.9E0));
#7306=CARTESIAN_POINT('',(-4.95E0,-1.5E0,-5.9E0));
#7307=VERTEX_POINT('',#7305);
#7308=VERTEX_POINT('',#7306);
#7309=CARTESIAN_POINT('',(-4.95E0,-2.4E0,-4.9E0));
#7310=CARTESIAN_POINT('',(-5.45E0,-2.4E0,-4.9E0));
#7311=VERTEX_POINT('',#7309);
#7312=VERTEX_POINT('',#7310);
#7313=CARTESIAN_POINT('',(-5.45E0,-2.5E0,-5.9E0));
#7314=CARTESIAN_POINT('',(-4.95E0,-2.5E0,-5.9E0));
#7315=VERTEX_POINT('',#7313);
#7316=VERTEX_POINT('',#7314);
#7317=CARTESIAN_POINT('',(-4.95E0,-2.5E0,-4.9E0));
#7318=VERTEX_POINT('',#7317);
#7319=CARTESIAN_POINT('',(-5.45E0,-2.5E0,-4.9E0));
#7320=VERTEX_POINT('',#7319);
#7321=CARTESIAN_POINT('',(-5.45E0,-2.4E0,-5.8E0));
#7322=CARTESIAN_POINT('',(-4.95E0,-2.4E0,-5.8E0));
#7323=VERTEX_POINT('',#7321);
#7324=VERTEX_POINT('',#7322);
#7325=CARTESIAN_POINT('',(0.E0,0.E0,-5.8E0));
#7326=DIRECTION('',(0.E0,0.E0,-1.E0));
#7327=DIRECTION('',(1.E0,0.E0,0.E0));
#7328=AXIS2_PLACEMENT_3D('',#7325,#7326,#7327);
#7329=PLANE('',#7328);
#7331=ORIENTED_EDGE('',*,*,#7330,.F.);
#7333=ORIENTED_EDGE('',*,*,#7332,.T.);
#7335=ORIENTED_EDGE('',*,*,#7334,.T.);
#7337=ORIENTED_EDGE('',*,*,#7336,.T.);
#7338=EDGE_LOOP('',(#7331,#7333,#7335,#7337));
#7339=FACE_OUTER_BOUND('',#7338,.F.);
#7341=CARTESIAN_POINT('',(0.E0,-2.4E0,0.E0));
#7342=DIRECTION('',(0.E0,-1.E0,0.E0));
#7343=DIRECTION('',(-1.E0,0.E0,0.E0));
#7344=AXIS2_PLACEMENT_3D('',#7341,#7342,#7343);
#7345=PLANE('',#7344);
#7346=ORIENTED_EDGE('',*,*,#7330,.T.);
#7348=ORIENTED_EDGE('',*,*,#7347,.T.);
#7350=ORIENTED_EDGE('',*,*,#7349,.T.);
#7352=ORIENTED_EDGE('',*,*,#7351,.T.);
#7353=EDGE_LOOP('',(#7346,#7348,#7350,#7352));
#7354=FACE_OUTER_BOUND('',#7353,.F.);
#7356=CARTESIAN_POINT('',(-4.95E0,-1.5E0,-5.8E0));
#7357=DIRECTION('',(1.E0,0.E0,0.E0));
#7358=DIRECTION('',(0.E0,-1.E0,0.E0));
#7359=AXIS2_PLACEMENT_3D('',#7356,#7357,#7358);
#7360=PLANE('',#7359);
#7362=ORIENTED_EDGE('',*,*,#7361,.T.);
#7364=ORIENTED_EDGE('',*,*,#7363,.T.);
#7366=ORIENTED_EDGE('',*,*,#7365,.F.);
#7367=ORIENTED_EDGE('',*,*,#7347,.F.);
#7368=ORIENTED_EDGE('',*,*,#7336,.F.);
#7370=ORIENTED_EDGE('',*,*,#7369,.T.);
#7371=EDGE_LOOP('',(#7362,#7364,#7366,#7367,#7368,#7370));
#7372=FACE_OUTER_BOUND('',#7371,.F.);
#7374=CARTESIAN_POINT('',(0.E0,0.E0,-5.9E0));
#7375=DIRECTION('',(0.E0,0.E0,-1.E0));
#7376=DIRECTION('',(1.E0,0.E0,0.E0));
#7377=AXIS2_PLACEMENT_3D('',#7374,#7375,#7376);
#7378=PLANE('',#7377);
#7380=ORIENTED_EDGE('',*,*,#7379,.F.);
#7382=ORIENTED_EDGE('',*,*,#7381,.T.);
#7383=ORIENTED_EDGE('',*,*,#7361,.F.);
#7385=ORIENTED_EDGE('',*,*,#7384,.F.);
#7386=EDGE_LOOP('',(#7380,#7382,#7383,#7385));
#7387=FACE_OUTER_BOUND('',#7386,.F.);
#7389=CARTESIAN_POINT('',(-5.45E0,-2.4E0,-5.8E0));
#7390=DIRECTION('',(-1.E0,0.E0,0.E0));
#7391=DIRECTION('',(0.E0,1.E0,0.E0));
#7392=AXIS2_PLACEMENT_3D('',#7389,#7390,#7391);
#7393=PLANE('',#7392);
#7394=ORIENTED_EDGE('',*,*,#7332,.F.);
#7395=ORIENTED_EDGE('',*,*,#7351,.F.);
#7397=ORIENTED_EDGE('',*,*,#7396,.T.);
#7399=ORIENTED_EDGE('',*,*,#7398,.T.);
#7400=ORIENTED_EDGE('',*,*,#7379,.T.);
#7402=ORIENTED_EDGE('',*,*,#7401,.F.);
#7403=EDGE_LOOP('',(#7394,#7395,#7397,#7399,#7400,#7402));
#7404=FACE_OUTER_BOUND('',#7403,.F.);
#7406=CARTESIAN_POINT('',(-4.95E0,-2.4E0,-4.9E0));
#7407=DIRECTION('',(0.E0,0.E0,1.E0));
#7408=DIRECTION('',(-1.E0,0.E0,0.E0));
#7409=AXIS2_PLACEMENT_3D('',#7406,#7407,#7408);
#7410=PLANE('',#7409);
#7411=ORIENTED_EDGE('',*,*,#7349,.F.);
#7412=ORIENTED_EDGE('',*,*,#7365,.T.);
#7414=ORIENTED_EDGE('',*,*,#7413,.T.);
#7415=ORIENTED_EDGE('',*,*,#7396,.F.);
#7416=EDGE_LOOP('',(#7411,#7412,#7414,#7415));
#7417=FACE_OUTER_BOUND('',#7416,.F.);
#7419=CARTESIAN_POINT('',(0.E0,-2.5E0,0.E0));
#7420=DIRECTION('',(0.E0,-1.E0,0.E0));
#7421=DIRECTION('',(-1.E0,0.E0,0.E0));
#7422=AXIS2_PLACEMENT_3D('',#7419,#7420,#7421);
#7423=PLANE('',#7422);
#7424=ORIENTED_EDGE('',*,*,#7381,.F.);
#7425=ORIENTED_EDGE('',*,*,#7398,.F.);
#7426=ORIENTED_EDGE('',*,*,#7413,.F.);
#7427=ORIENTED_EDGE('',*,*,#7363,.F.);
#7428=EDGE_LOOP('',(#7424,#7425,#7426,#7427));
#7429=FACE_OUTER_BOUND('',#7428,.F.);
#7431=CARTESIAN_POINT('',(-5.45E0,-1.5E0,-5.8E0));
#7432=DIRECTION('',(0.E0,1.E0,0.E0));
#7433=DIRECTION('',(1.E0,0.E0,0.E0));
#7434=AXIS2_PLACEMENT_3D('',#7431,#7432,#7433);
#7435=PLANE('',#7434);
#7436=ORIENTED_EDGE('',*,*,#7334,.F.);
#7437=ORIENTED_EDGE('',*,*,#7401,.T.);
#7438=ORIENTED_EDGE('',*,*,#7384,.T.);
#7439=ORIENTED_EDGE('',*,*,#7369,.F.);
#7440=EDGE_LOOP('',(#7436,#7437,#7438,#7439));
#7441=FACE_OUTER_BOUND('',#7440,.F.);
#7447=PLANE_ANGLE_MEASURE_WITH_UNIT(PLANE_ANGLE_MEASURE(1.745329251994E-2),
#7446);
#7448=(CONVERSION_BASED_UNIT('DEGREE',#7447)NAMED_UNIT(*)PLANE_ANGLE_UNIT());
#7450=UNCERTAINTY_MEASURE_WITH_UNIT(LENGTH_MEASURE(1.E-3),#7445,
'distance_accuracy_value',
'Maximum model space distance between geometric entities at asserted connectivities');
#7453=APPLICATION_CONTEXT('automotive_design');
#7454=APPLICATION_PROTOCOL_DEFINITION('international standard',
'automotive_design',2001,#7453);
#7455=PRODUCT_DEFINITION_CONTEXT('part definition',#7453,'design');
#7456=PRODUCT_CONTEXT('',#7453,'mechanical');
#7457=PRODUCT('C-2360547-4','C-2360547-4','NOT SPECIFIED',(#7456));
#7458=PRODUCT_DEFINITION_FORMATION('1','LAST_VERSION',#7457);
#7466=DERIVED_UNIT_ELEMENT(#7465,2.E0);
#7467=DERIVED_UNIT((#7466));
#7468=MEASURE_REPRESENTATION_ITEM('surface area measure',AREA_MEASURE(
4.114872913982E2),#7467);
#7473=DERIVED_UNIT_ELEMENT(#7472,3.E0);
#7474=DERIVED_UNIT((#7473));
#7475=MEASURE_REPRESENTATION_ITEM('volume measure',VOLUME_MEASURE(
1.416546577403E2),#7474);
#7479=CARTESIAN_POINT('centre point',(-3.714202865628E-2,8.471061452997E-2,
-3.455203772071E0));
#7484=DERIVED_UNIT_ELEMENT(#7483,2.E0);
#7485=DERIVED_UNIT((#7484));
#7486=MEASURE_REPRESENTATION_ITEM('surface area measure',AREA_MEASURE(
4.114872913982E2),#7485);
#7491=DERIVED_UNIT_ELEMENT(#7490,3.E0);
#7492=DERIVED_UNIT((#7491));
#7493=MEASURE_REPRESENTATION_ITEM('volume measure',VOLUME_MEASURE(
1.416546577403E2),#7492);
#7497=CARTESIAN_POINT('centre point',(-3.714202865628E-2,8.471061452997E-2,
-3.455203772071E0));
#7502=PRODUCT_RELATED_PRODUCT_CATEGORY('part','',(#7457));
#1=DRAUGHTING_PRE_DEFINED_COLOUR('black');
#2=COLOUR_RGB('',0.E0,0.E0,3.6E-1);
#3=COLOUR_RGB('',0.E0,0.E0,4.8E-1);
#4=DRAUGHTING_PRE_DEFINED_COLOUR('blue');
#5=COLOUR_RGB('',0.E0,5.8824E-2,4.58824E-1);
#6=COLOUR_RGB('',0.E0,1.80392E-1,4.78431E-1);
#7=COLOUR_RGB('',0.E0,3.6E-1,9.E-2);
#8=COLOUR_RGB('',0.E0,3.6E-1,2.7E-1);
#9=COLOUR_RGB('',0.E0,5.6E-1,6.4E-1);
#10=COLOUR_RGB('',0.E0,5.8E-1,8.E-1);
#11=COLOUR_RGB('',0.E0,7.1E-1,6.6E-1);
#12=COLOUR_RGB('',0.E0,7.13E-1,0.E0);
#13=COLOUR_RGB('',0.E0,9.5E-1,8.4E-1);
#14=DRAUGHTING_PRE_DEFINED_COLOUR('green');
#15=DRAUGHTING_PRE_DEFINED_COLOUR('cyan');
#16=COLOUR_RGB('',1.1765E-2,1.9608E-2,3.9216E-2);
#17=COLOUR_RGB('',4.E-2,0.E0,1.6E-1);
#18=COLOUR_RGB('',3.9216E-2,2.19608E-1,1.21569E-1);
#19=COLOUR_RGB('',3.9216E-2,3.60784E-1,2.E-1);
#20=COLOUR_RGB('',5.098E-2,7.0588E-2,1.01961E-1);
#21=COLOUR_RGB('',9.E-2,0.E0,1.2E-1);
#22=COLOUR_RGB('',9.0196E-2,1.60784E-1,1.09804E-1);
#23=COLOUR_RGB('',9.0196E-2,3.80392E-1,6.70588E-1);
#24=COLOUR_RGB('',1.E-1,0.E0,2.5E-1);
#25=COLOUR_RGB('',1.01961E-1,4.78431E-1,3.88235E-1);
#26=COLOUR_RGB('',1.09804E-1,1.4902E-1,9.0196E-2);
#27=COLOUR_RGB('',1.4902E-1,3.09804E-1,5.29412E-1);
#28=COLOUR_RGB('',1.4902E-1,4.E-1,1.60784E-1);
#29=COLOUR_RGB('',1.6E-1,3.2E-2,0.E0);
#30=COLOUR_RGB('',1.60784E-1,4.5098E-1,7.21569E-1);
#31=COLOUR_RGB('',1.6E-1,4.6E-1,6.5E-1);
#32=COLOUR_RGB('',1.6E-1,1.E0,1.6E-1);
#33=COLOUR_RGB('',2.E-1,3.2E-2,0.E0);
#34=COLOUR_RGB('',2.11765E-1,4.11765E-1,1.4902E-1);
#35=COLOUR_RGB('',2.39216E-1,2.39216E-1,2.31373E-1);
#36=COLOUR_RGB('',2.39216E-1,2.70588E-1,1.80392E-1);
#37=COLOUR_RGB('',2.5098E-1,2.90196E-1,3.29412E-1);
#38=COLOUR_RGB('',2.90196E-1,4.31373E-1,2.E-1);
#39=COLOUR_RGB('',3.1E-1,3.1E-1,5.6E-1);
#40=COLOUR_RGB('',3.09804E-1,6.58824E-1,2.E-1);
#41=COLOUR_RGB('',3.2E-1,1.5E-1,0.E0);
#42=COLOUR_RGB('',3.60784E-1,3.1373E-2,1.68627E-1);
#43=COLOUR_RGB('',3.68627E-1,2.E-1,1.21569E-1);
#44=COLOUR_RGB('',3.88235E-1,2.39216E-1,6.11765E-1);
#45=COLOUR_RGB('',4.E-1,4.E-1,4.E-1);
#46=COLOUR_RGB('',4.11765E-1,5.8824E-2,7.8431E-2);
#47=COLOUR_RGB('',4.11765E-1,3.29412E-1,2.19608E-1);
#48=COLOUR_RGB('',4.2E-1,4.2E-1,1.E0);
#49=COLOUR_RGB('',4.4E-1,8.5E-1,1.E0);
#50=COLOUR_RGB('',4.58824E-1,4.5098E-1,3.09804E-1);
#51=COLOUR_RGB('',4.70588E-1,5.09804E-1,5.4902E-1);
#52=COLOUR_RGB('',4.78431E-1,4.90196E-1,4.58824E-1);
#53=COLOUR_RGB('',4.90196E-1,3.60784E-1,2.19608E-1);
#54=COLOUR_RGB('',4.9E-1,4.9E-1,0.E0);
#55=COLOUR_RGB('',4.9E-1,1.E0,0.E0);
#56=COLOUR_RGB('',5.E-1,0.E0,0.E0);
#57=COLOUR_RGB('',5.E-1,0.E0,2.3E-1);
#58=COLOUR_RGB('',5.E-1,5.E-1,5.E-1);
#59=COLOUR_RGB('',5.21569E-1,2.19608E-1,1.68627E-1);
#60=COLOUR_RGB('',5.3E-1,0.E0,0.E0);
#61=COLOUR_RGB('',5.29412E-1,5.80392E-1,6.5098E-1);
#62=COLOUR_RGB('',5.4E-1,0.E0,4.4E-1);
#63=COLOUR_RGB('',5.5E-1,3.E-1,0.E0);
#64=COLOUR_RGB('',5.6E-1,1.E-1,5.E-2);
#65=COLOUR_RGB('',5.60784E-1,5.80392E-1,6.19608E-1);
#66=COLOUR_RGB('',5.68627E-1,5.8824E-2,4.E-1);
#67=COLOUR_RGB('',5.8E-1,2.2E-1,1.E-2);
#68=COLOUR_RGB('',5.88235E-1,1.21569E-1,1.09804E-1);
#69=COLOUR_RGB('',6.E-1,6.E-1,6.E-1);
#70=COLOUR_RGB('',6.11765E-1,5.60784E-1,3.80392E-1);
#71=COLOUR_RGB('',6.11765E-1,6.11765E-1,6.5098E-1);
#72=COLOUR_RGB('',6.2E-1,0.E0,5.5E-1);
#73=COLOUR_RGB('',6.19608E-1,6.39216E-1,6.90196E-1);
#74=COLOUR_RGB('',6.35294E-1,6.86275E-1,7.4902E-1);
#75=COLOUR_RGB('',6.4E-1,0.E0,2.5E-1);
#76=COLOUR_RGB('',6.4E-1,1.E-2,0.E0);
#77=COLOUR_RGB('',6.39216E-1,5.4902E-1,4.78431E-1);
#78=COLOUR_RGB('',6.5098E-1,6.70588E-1,7.09804E-1);
#79=COLOUR_RGB('',6.70588E-1,1.21569E-1,1.09804E-1);
#80=COLOUR_RGB('',6.78431E-1,4.78431E-1,3.09804E-1);
#81=COLOUR_RGB('',6.8E-1,7.5E-1,1.E0);
#82=COLOUR_RGB('',7.09804E-1,7.0588E-2,2.E-1);
#83=COLOUR_RGB('',7.1E-1,3.1E-1,0.E0);
#84=COLOUR_RGB('',7.2E-1,7.2E-1,7.2E-1);
#85=COLOUR_RGB('',7.29412E-1,7.41176E-1,7.29412E-1);
#86=COLOUR_RGB('',7.41176E-1,7.29412E-1,6.70588E-1);
#87=COLOUR_RGB('',7.4E-1,1.E0,2.6E-1);
#88=COLOUR_RGB('',7.5E-1,3.E-2,0.E0);
#89=COLOUR_RGB('',7.4902E-1,8.90196E-1,7.29412E-1);
#90=COLOUR_RGB('',7.6E-1,0.E0,4.7E-1);
#91=COLOUR_RGB('',7.80392E-1,9.0196E-2,7.0588E-2);
#92=COLOUR_RGB('',7.88235E-1,2.19608E-1,5.4902E-1);
#93=COLOUR_RGB('',8.1E-1,4.E-2,0.E0);
#94=COLOUR_RGB('',8.1E-1,6.1E-1,0.E0);
#95=COLOUR_RGB('',8.2E-1,4.E-2,6.6E-1);
#96=COLOUR_RGB('',8.31373E-1,8.5098E-1,8.58824E-1);
#97=COLOUR_RGB('',8.5098E-1,7.29412E-1,5.4902E-1);
#98=COLOUR_RGB('',8.5E-1,8.5E-1,8.5E-1);
#99=COLOUR_RGB('',8.78431E-1,3.68627E-1,1.21569E-1);
#100=COLOUR_RGB('',8.784E-1,9.49E-1,1.E0);
#101=COLOUR_RGB('',8.90196E-1,5.88235E-1,1.41176E-1);
#102=COLOUR_RGB('',9.E-1,1.E0,0.E0);
#103=COLOUR_RGB('',9.09804E-1,6.11765E-1,7.09804E-1);
#104=COLOUR_RGB('',9.37E-1,7.85E-1,0.E0);
#105=COLOUR_RGB('',9.41176E-1,9.29412E-1,9.01961E-1);
#106=COLOUR_RGB('',9.5E-1,2.2E-1,8.1E-1);
#107=COLOUR_RGB('',9.6E-1,3.7E-1,3.E-1);
#108=COLOUR_RGB('',9.6E-1,7.1E-1,3.75E-1);
#109=COLOUR_RGB('',9.80392E-1,1.E0,1.E0);
#110=COLOUR_RGB('',9.88235E-1,1.09804E-1,7.8431E-2);
#111=COLOUR_RGB('',9.88235E-1,7.21569E-1,1.29412E-1);
#112=COLOUR_RGB('',9.88235E-1,9.21569E-1,8.E-1);
#113=DRAUGHTING_PRE_DEFINED_COLOUR('red');
#114=COLOUR_RGB('',1.E0,0.E0,6.1E-1);
#115=COLOUR_RGB('',1.E0,4.E-2,0.E0);
#116=COLOUR_RGB('',1.E0,2.3E-1,0.E0);
#117=COLOUR_RGB('',1.E0,3.5E-1,5.2E-1);
#118=COLOUR_RGB('',1.E0,3.6E-1,0.E0);
#119=COLOUR_RGB('',1.E0,3.88235E-1,2.11765E-1);
#120=COLOUR_RGB('',1.E0,4.9E-1,3.7E-1);
#121=COLOUR_RGB('',1.E0,5.E-1,0.E0);
#122=COLOUR_RGB('',1.E0,5.6E-1,7.8E-1);
#123=COLOUR_RGB('',1.E0,6.4E-1,4.9E-1);
#124=COLOUR_RGB('',1.E0,6.7E-1,0.E0);
#125=COLOUR_RGB('',1.E0,7.6E-1,6.5E-1);
#126=COLOUR_RGB('',1.E0,8.39216E-1,3.01961E-1);
#127=COLOUR_RGB('',1.E0,8.6E-1,4.E-2);
#128=COLOUR_RGB('',1.E0,9.60784E-1,2.58824E-1);
#129=COLOUR_RGB('',1.E0,9.60784E-1,8.90196E-1);
#130=COLOUR_RGB('',1.E0,9.8E-1,7.2E-1);
#131=DRAUGHTING_PRE_DEFINED_COLOUR('yellow');
#132=COLOUR_RGB('',1.E0,1.E0,3.9216E-2);
#133=DRAUGHTING_PRE_DEFINED_COLOUR('white');
#138=CIRCLE('',#137,3.E-1);
#143=CIRCLE('',#142,3.E-1);
#152=CIRCLE('',#151,3.E-1);
#157=CIRCLE('',#156,3.E-1);
#174=CIRCLE('',#173,1.E-1);
#191=CIRCLE('',#190,3.5E-1);
#208=CIRCLE('',#207,3.5E-1);
#225=CIRCLE('',#224,1.E-1);
#234=CIRCLE('',#233,3.E-1);
#239=CIRCLE('',#238,3.E-1);
#1292=CIRCLE('',#1291,3.E-1);
#1297=CIRCLE('',#1296,3.E-1);
#1326=CIRCLE('',#1325,3.5E-1);
#1339=CIRCLE('',#1338,1.E-1);
#1356=CIRCLE('',#1355,1.E-1);
#1369=CIRCLE('',#1368,3.5E-1);
#2154=CIRCLE('',#2153,1.E-1);
#2159=CIRCLE('',#2158,1.E-1);
#3377=EDGE_CURVE('',#3163,#3165,#138,.T.);
#3379=EDGE_CURVE('',#3163,#3169,#2001,.T.);
#3381=EDGE_CURVE('',#3168,#3169,#143,.T.);
#3383=EDGE_CURVE('',#3079,#3168,#1373,.T.);
#3385=EDGE_CURVE('',#3063,#3079,#147,.T.);
#3387=EDGE_CURVE('',#3063,#3165,#203,.T.);
#3391=ADVANCED_FACE('',(#3390),#3376,.T.);
#3397=EDGE_CURVE('',#3160,#3161,#152,.T.);
#3399=EDGE_CURVE('',#3163,#3161,#1993,.T.);
#3402=EDGE_CURVE('',#3165,#3160,#199,.T.);
#3406=ADVANCED_FACE('',(#3405),#3396,.T.);
#3413=EDGE_CURVE('',#3160,#3066,#229,.T.);
#3415=EDGE_CURVE('',#3066,#3082,#1989,.T.);
#3417=EDGE_CURVE('',#3173,#3082,#1351,.T.);
#3419=EDGE_CURVE('',#3171,#3173,#157,.T.);
#3421=EDGE_CURVE('',#3161,#3171,#161,.T.);
#3425=ADVANCED_FACE('',(#3424),#3411,.T.);
#3431=EDGE_CURVE('',#3149,#3144,#165,.T.);
#3433=EDGE_CURVE('',#3071,#3149,#169,.T.);
#3435=EDGE_CURVE('',#3070,#3071,#174,.T.);
#3437=EDGE_CURVE('',#3105,#3070,#178,.T.);
#3439=EDGE_CURVE('',#3099,#3105,#1215,.T.);
#3441=EDGE_CURVE('',#3098,#3099,#311,.T.);
#3443=EDGE_CURVE('',#3095,#3098,#182,.T.);
#3445=EDGE_CURVE('',#3094,#3095,#295,.T.);
#3447=EDGE_CURVE('',#3075,#3094,#186,.T.);
#3449=EDGE_CURVE('',#3074,#3075,#191,.T.);
#3451=EDGE_CURVE('',#3144,#3074,#195,.T.);
#3455=ADVANCED_FACE('',(#3454),#3430,.T.);
#3463=EDGE_CURVE('',#3062,#3063,#208,.T.);
#3465=EDGE_CURVE('',#3116,#3062,#212,.T.);
#3467=EDGE_CURVE('',#3116,#3117,#1063,.T.);
#3469=EDGE_CURVE('',#3120,#3117,#216,.T.);
#3471=EDGE_CURVE('',#3120,#3121,#1079,.T.);
#3473=EDGE_CURVE('',#3121,#3131,#1183,.T.);
#3475=EDGE_CURVE('',#3067,#3131,#220,.T.);
#3477=EDGE_CURVE('',#3066,#3067,#225,.T.);
#3482=ADVANCED_FACE('',(#3481),#3460,.T.);
#3488=EDGE_CURVE('',#3144,#3145,#234,.T.);
#3490=EDGE_CURVE('',#3147,#3145,#1305,.T.);
#3492=EDGE_CURVE('',#3147,#3149,#1292,.T.);
#3497=ADVANCED_FACE('',(#3496),#3487,.T.);
#3505=EDGE_CURVE('',#3074,#3090,#247,.T.);
#3507=EDGE_CURVE('',#3157,#3090,#1321,.T.);
#3509=EDGE_CURVE('',#3155,#3157,#239,.T.);
#3511=EDGE_CURVE('',#3145,#3155,#243,.T.);
#3515=ADVANCED_FACE('',(#3514),#3502,.T.);
#3522=EDGE_CURVE('',#3075,#3091,#251,.T.);
#3524=EDGE_CURVE('',#3090,#3091,#1326,.T.);
#3529=ADVANCED_FACE('',(#3528),#3520,.T.);
#3536=EDGE_CURVE('',#3102,#3094,#259,.T.);
#3538=EDGE_CURVE('',#3091,#3102,#1330,.T.);
#3543=ADVANCED_FACE('',(#3542),#3534,.T.);
#3549=EDGE_CURVE('',#3365,#3361,#255,.T.);
#3551=EDGE_CURVE('',#3095,#3361,#1279,.T.);
#3554=EDGE_CURVE('',#3365,#3098,#1713,.T.);
#3558=ADVANCED_FACE('',(#3557),#3548,.T.);
#3565=EDGE_CURVE('',#3192,#3094,#307,.T.);
#3567=EDGE_CURVE('',#3192,#3193,#1697,.T.);
#3569=EDGE_CURVE('',#3193,#3195,#1581,.T.);
#3571=EDGE_CURVE('',#3195,#3197,#587,.T.);
#3573=EDGE_CURVE('',#3197,#3199,#263,.T.);
#3575=EDGE_CURVE('',#3102,#3199,#327,.T.);
#3579=ADVANCED_FACE('',(#3578),#3563,.T.);
#3585=EDGE_CURVE('',#2736,#2741,#267,.T.);
#3587=EDGE_CURVE('',#2741,#2623,#1941,.T.);
#3589=EDGE_CURVE('',#2623,#2625,#423,.T.);
#3591=EDGE_CURVE('',#2625,#2736,#271,.T.);
#3595=ADVANCED_FACE('',(#3594),#3584,.T.);
#3601=EDGE_CURVE('',#2751,#2749,#275,.T.);
#3603=EDGE_CURVE('',#2749,#2676,#279,.T.);
#3605=EDGE_CURVE('',#2680,#2676,#1957,.T.);
#3607=EDGE_CURVE('',#2683,#2680,#283,.T.);
#3609=EDGE_CURVE('',#2709,#2683,#1877,.T.);
#3611=EDGE_CURVE('',#2614,#2709,#439,.T.);
#3613=EDGE_CURVE('',#2614,#2615,#339,.T.);
#3615=EDGE_CURVE('',#2713,#2615,#2571,.T.);
#3617=EDGE_CURVE('',#2717,#2713,#2563,.T.);
#3619=EDGE_CURVE('',#2723,#2717,#287,.T.);
#3621=EDGE_CURVE('',#2723,#2751,#291,.T.);
#3625=ADVANCED_FACE('',(#3624),#3600,.T.);
#3632=EDGE_CURVE('',#3095,#3141,#299,.T.);
#3634=EDGE_CURVE('',#3141,#3192,#303,.T.);
#3639=ADVANCED_FACE('',(#3638),#3630,.T.);
#3646=EDGE_CURVE('',#3052,#3099,#1211,.T.);
#3648=EDGE_CURVE('',#3052,#3053,#315,.T.);
#3650=EDGE_CURVE('',#3053,#3098,#319,.T.);
#3654=ADVANCED_FACE('',(#3653),#3644,.T.);
#3660=EDGE_CURVE('',#3102,#3103,#323,.T.);
#3663=EDGE_CURVE('',#2791,#3199,#1853,.T.);
#3665=EDGE_CURVE('',#2641,#2791,#1873,.T.);
#3667=EDGE_CURVE('',#2640,#2641,#1413,.T.);
#3669=EDGE_CURVE('',#3103,#2640,#1381,.T.);
#3673=ADVANCED_FACE('',(#3672),#3659,.T.);
#3679=EDGE_CURVE('',#2736,#2737,#335,.T.);
#3681=EDGE_CURVE('',#2737,#2739,#903,.T.);
#3683=EDGE_CURVE('',#2741,#2739,#331,.T.);
#3688=ADVANCED_FACE('',(#3687),#3678,.T.);
#3696=EDGE_CURVE('',#2625,#2627,#419,.T.);
#3698=EDGE_CURVE('',#2737,#2627,#1985,.T.);
#3702=ADVANCED_FACE('',(#3701),#3693,.F.);
#3709=EDGE_CURVE('',#2619,#2614,#343,.T.);
#3711=EDGE_CURVE('',#2617,#2619,#347,.T.);
#3713=EDGE_CURVE('',#2615,#2617,#351,.T.);
#3717=ADVANCED_FACE('',(#3716),#3707,.T.);
#3723=EDGE_CURVE('',#3204,#3205,#355,.T.);
#3725=EDGE_CURVE('',#3209,#3204,#359,.T.);
#3727=EDGE_CURVE('',#3207,#3209,#363,.T.);
#3729=EDGE_CURVE('',#3205,#3207,#367,.T.);
#3733=ADVANCED_FACE('',(#3732),#3722,.T.);
#3739=EDGE_CURVE('',#3212,#2649,#371,.T.);
#3741=EDGE_CURVE('',#2648,#2649,#375,.T.);
#3743=EDGE_CURVE('',#2653,#2648,#379,.T.);
#3745=EDGE_CURVE('',#3219,#2653,#383,.T.);
#3747=EDGE_CURVE('',#3217,#3219,#387,.T.);
#3749=EDGE_CURVE('',#3215,#3217,#391,.T.);
#3751=EDGE_CURVE('',#3213,#3215,#395,.T.);
#3753=EDGE_CURVE('',#3212,#3213,#399,.T.);
#3757=ADVANCED_FACE('',(#3756),#3738,.T.);
#3763=EDGE_CURVE('',#2651,#2622,#403,.T.);
#3765=EDGE_CURVE('',#3223,#2651,#407,.T.);
#3767=EDGE_CURVE('',#3222,#3223,#411,.T.);
#3769=EDGE_CURVE('',#2629,#3222,#1969,.T.);
#3771=EDGE_CURVE('',#2627,#2629,#415,.T.);
#3775=EDGE_CURVE('',#2622,#2623,#427,.T.);
#3779=ADVANCED_FACE('',(#3778),#3762,.T.);
#3785=EDGE_CURVE('',#2595,#2719,#431,.T.);
#3787=EDGE_CURVE('',#2721,#2719,#2587,.T.);
#3789=EDGE_CURVE('',#2721,#2619,#435,.T.);
#3793=EDGE_CURVE('',#2709,#2707,#443,.T.);
#3795=EDGE_CURVE('',#2595,#2707,#1761,.T.);
#3799=ADVANCED_FACE('',(#3798),#3784,.F.);
#3805=EDGE_CURVE('',#2594,#2732,#447,.T.);
#3807=EDGE_CURVE('',#2723,#2732,#1981,.T.);
#3810=EDGE_CURVE('',#2716,#2717,#451,.T.);
#3812=EDGE_CURVE('',#2719,#2716,#455,.T.);
#3815=EDGE_CURVE('',#2594,#2595,#1757,.T.);
#3819=ADVANCED_FACE('',(#3818),#3804,.F.);
#3825=EDGE_CURVE('',#3020,#3027,#459,.T.);
#3827=EDGE_CURVE('',#3004,#3020,#651,.T.);
#3829=EDGE_CURVE('',#3004,#3009,#463,.T.);
#3831=EDGE_CURVE('',#3007,#3009,#467,.T.);
#3833=EDGE_CURVE('',#3000,#3007,#471,.T.);
#3835=EDGE_CURVE('',#2984,#3000,#635,.T.);
#3837=EDGE_CURVE('',#2984,#2989,#475,.T.);
#3839=EDGE_CURVE('',#2987,#2989,#479,.T.);
#3841=EDGE_CURVE('',#2980,#2987,#483,.T.);
#3843=EDGE_CURVE('',#2964,#2980,#619,.T.);
#3845=EDGE_CURVE('',#2964,#2965,#487,.T.);
#3847=EDGE_CURVE('',#2961,#2965,#491,.T.);
#3849=EDGE_CURVE('',#2960,#2961,#495,.T.);
#3851=EDGE_CURVE('',#2611,#2960,#603,.T.);
#3853=EDGE_CURVE('',#2604,#2611,#499,.T.);
#3855=EDGE_CURVE('',#2729,#2604,#1107,.T.);
#3857=EDGE_CURVE('',#2728,#2729,#503,.T.);
#3859=EDGE_CURVE('',#2728,#2856,#863,.T.);
#3861=EDGE_CURVE('',#2856,#2857,#507,.T.);
#3863=EDGE_CURVE('',#2857,#2859,#511,.T.);
#3865=EDGE_CURVE('',#2861,#2859,#515,.T.);
#3867=EDGE_CURVE('',#2861,#2864,#855,.T.);
#3869=EDGE_CURVE('',#2864,#2865,#519,.T.);
#3871=EDGE_CURVE('',#2865,#2867,#523,.T.);
#3873=EDGE_CURVE('',#2869,#2867,#527,.T.);
#3875=EDGE_CURVE('',#2869,#2733,#847,.T.);
#3877=EDGE_CURVE('',#2732,#2733,#531,.T.);
#3880=EDGE_CURVE('',#2594,#2601,#1753,.T.);
#3882=EDGE_CURVE('',#3024,#2601,#579,.T.);
#3884=EDGE_CURVE('',#3024,#3029,#535,.T.);
#3886=EDGE_CURVE('',#3027,#3029,#539,.T.);
#3890=ADVANCED_FACE('',(#3889),#3824,.T.);
#3896=EDGE_CURVE('',#3020,#3021,#567,.T.);
#3899=EDGE_CURVE('',#3027,#3318,#543,.T.);
#3901=EDGE_CURVE('',#3318,#3319,#547,.T.);
#3903=EDGE_CURVE('',#3319,#3021,#551,.T.);
#3907=ADVANCED_FACE('',(#3906),#3895,.F.);
#3913=EDGE_CURVE('',#3032,#3033,#783,.T.);
#3915=EDGE_CURVE('',#3033,#3322,#555,.T.);
#3917=EDGE_CURVE('',#3322,#3323,#559,.T.);
#3919=EDGE_CURVE('',#3323,#3032,#563,.T.);
#3923=ADVANCED_FACE('',(#3922),#3912,.F.);
#3930=EDGE_CURVE('',#3021,#3025,#571,.T.);
#3932=EDGE_CURVE('',#3024,#3025,#575,.T.);
#3935=EDGE_CURVE('',#2601,#2598,#583,.T.);
#3937=EDGE_CURVE('',#3197,#2598,#1837,.T.);
#3940=EDGE_CURVE('',#3195,#3184,#591,.T.);
#3942=EDGE_CURVE('',#3189,#3184,#595,.T.);
#3944=EDGE_CURVE('',#2608,#3189,#1653,.T.);
#3946=EDGE_CURVE('',#2608,#2611,#599,.T.);
#3949=EDGE_CURVE('',#2960,#2975,#607,.T.);
#3951=EDGE_CURVE('',#2975,#2977,#611,.T.);
#3953=EDGE_CURVE('',#2964,#2977,#615,.T.);
#3956=EDGE_CURVE('',#2980,#2981,#623,.T.);
#3958=EDGE_CURVE('',#2981,#2985,#627,.T.);
#3960=EDGE_CURVE('',#2984,#2985,#631,.T.);
#3963=EDGE_CURVE('',#3000,#3001,#639,.T.);
#3965=EDGE_CURVE('',#3001,#3005,#643,.T.);
#3967=EDGE_CURVE('',#3004,#3005,#647,.T.);
#3972=ADVANCED_FACE('',(#3971),#3928,.F.);
#3980=EDGE_CURVE('',#3319,#3327,#655,.T.);
#3982=EDGE_CURVE('',#3327,#3025,#663,.T.);
#3986=ADVANCED_FACE('',(#3985),#3977,.T.);
#3993=EDGE_CURVE('',#3318,#3326,#659,.T.);
#3995=EDGE_CURVE('',#3326,#3327,#667,.T.);
#4000=ADVANCED_FACE('',(#3999),#3991,.T.);
#4007=EDGE_CURVE('',#3029,#3326,#671,.T.);
#4013=ADVANCED_FACE('',(#4012),#4005,.T.);
#4026=ADVANCED_FACE('',(#4025),#4018,.T.);
#4032=EDGE_CURVE('',#3036,#3037,#791,.T.);
#4034=EDGE_CURVE('',#3331,#3036,#675,.T.);
#4036=EDGE_CURVE('',#3330,#3331,#679,.T.);
#4038=EDGE_CURVE('',#3037,#3330,#683,.T.);
#4042=ADVANCED_FACE('',(#4041),#4031,.T.);
#4048=EDGE_CURVE('',#2937,#2884,#687,.T.);
#4050=EDGE_CURVE('',#2925,#2937,#691,.T.);
#4052=EDGE_CURVE('',#2924,#2925,#695,.T.);
#4054=EDGE_CURVE('',#2935,#2924,#699,.T.);
#4056=EDGE_CURVE('',#2881,#2935,#703,.T.);
#4058=EDGE_CURVE('',#2879,#2881,#707,.T.);
#4060=EDGE_CURVE('',#2877,#2879,#711,.T.);
#4062=EDGE_CURVE('',#2875,#2877,#715,.T.);
#4064=EDGE_CURVE('',#2873,#2875,#719,.T.);
#4066=EDGE_CURVE('',#2872,#2873,#723,.T.);
#4068=EDGE_CURVE('',#2885,#2872,#727,.T.);
#4070=EDGE_CURVE('',#2884,#2885,#731,.T.);
#4074=EDGE_CURVE('',#2968,#2969,#735,.T.);
#4076=EDGE_CURVE('',#2968,#2972,#739,.T.);
#4078=EDGE_CURVE('',#2972,#2973,#743,.T.);
#4080=EDGE_CURVE('',#2969,#2973,#747,.T.);
#4084=EDGE_CURVE('',#2992,#2993,#751,.T.);
#4086=EDGE_CURVE('',#2992,#2996,#755,.T.);
#4088=EDGE_CURVE('',#2996,#2997,#759,.T.);
#4090=EDGE_CURVE('',#2993,#2997,#763,.T.);
#4094=EDGE_CURVE('',#3012,#3013,#767,.T.);
#4096=EDGE_CURVE('',#3012,#3016,#771,.T.);
#4098=EDGE_CURVE('',#3016,#3017,#775,.T.);
#4100=EDGE_CURVE('',#3013,#3017,#779,.T.);
#4105=EDGE_CURVE('',#3032,#3036,#787,.T.);
#4108=EDGE_CURVE('',#3033,#3037,#795,.T.);
#4112=EDGE_CURVE('',#3256,#3257,#799,.T.);
#4114=EDGE_CURVE('',#3257,#3259,#803,.T.);
#4116=EDGE_CURVE('',#3259,#3261,#807,.T.);
#4118=EDGE_CURVE('',#3261,#3263,#811,.T.);
#4120=EDGE_CURVE('',#3263,#3265,#815,.T.);
#4122=EDGE_CURVE('',#3265,#3267,#819,.T.);
#4124=EDGE_CURVE('',#3267,#3256,#823,.T.);
#4128=ADVANCED_FACE('',(#4073,#4083,#4093,#4103,#4111,#4127),#4047,.T.);
#4134=EDGE_CURVE('',#2935,#2928,#827,.T.);
#4136=EDGE_CURVE('',#2889,#2928,#955,.T.);
#4138=EDGE_CURVE('',#2888,#2889,#831,.T.);
#4140=EDGE_CURVE('',#2888,#2881,#835,.T.);
#4145=ADVANCED_FACE('',(#4144),#4133,.F.);
#4151=EDGE_CURVE('',#2937,#2933,#839,.T.);
#4154=EDGE_CURVE('',#2903,#2884,#2215,.T.);
#4156=EDGE_CURVE('',#2902,#2903,#843,.T.);
#4158=EDGE_CURVE('',#2933,#2902,#931,.T.);
#4162=ADVANCED_FACE('',(#4161),#4150,.F.);
#4168=EDGE_CURVE('',#2928,#2929,#959,.T.);
#4172=EDGE_CURVE('',#2929,#2924,#2149,.T.);
#4176=ADVANCED_FACE('',(#4175),#4167,.F.);
#4183=EDGE_CURVE('',#2869,#2848,#851,.T.);
#4185=EDGE_CURVE('',#2848,#2849,#991,.T.);
#4187=EDGE_CURVE('',#2864,#2849,#971,.T.);
#4190=EDGE_CURVE('',#2861,#2845,#859,.T.);
#4192=EDGE_CURVE('',#2845,#2840,#979,.T.);
#4194=EDGE_CURVE('',#2856,#2840,#1007,.T.);
#4197=EDGE_CURVE('',#2756,#2728,#867,.T.);
#4199=EDGE_CURVE('',#2761,#2756,#871,.T.);
#4201=EDGE_CURVE('',#2761,#2773,#875,.T.);
#4203=EDGE_CURVE('',#2767,#2773,#879,.T.);
#4205=EDGE_CURVE('',#2765,#2767,#883,.T.);
#4207=EDGE_CURVE('',#2591,#2765,#887,.T.);
#4209=EDGE_CURVE('',#2590,#2591,#891,.T.);
#4211=EDGE_CURVE('',#2744,#2590,#895,.T.);
#4213=EDGE_CURVE('',#2739,#2744,#899,.T.);
#4216=EDGE_CURVE('',#2737,#2748,#907,.T.);
#4218=EDGE_CURVE('',#2753,#2748,#911,.T.);
#4220=EDGE_CURVE('',#2733,#2753,#915,.T.);
#4224=EDGE_CURVE('',#2929,#2947,#919,.T.);
#4226=EDGE_CURVE('',#2947,#2944,#2203,.T.);
#4228=EDGE_CURVE('',#2940,#2944,#2187,.T.);
#4230=EDGE_CURVE('',#2949,#2940,#2171,.T.);
#4232=EDGE_CURVE('',#2949,#2932,#923,.T.);
#4234=EDGE_CURVE('',#2932,#2933,#927,.T.);
#4237=EDGE_CURVE('',#2905,#2902,#935,.T.);
#4239=EDGE_CURVE('',#2912,#2905,#2231,.T.);
#4241=EDGE_CURVE('',#2912,#2913,#939,.T.);
#4243=EDGE_CURVE('',#2915,#2913,#943,.T.);
#4245=EDGE_CURVE('',#2915,#2919,#947,.T.);
#4247=EDGE_CURVE('',#2891,#2919,#2279,.T.);
#4249=EDGE_CURVE('',#2889,#2891,#951,.T.);
#4255=ADVANCED_FACE('',(#4223,#4254),#4181,.T.);
#4262=EDGE_CURVE('',#2867,#2853,#963,.T.);
#4264=EDGE_CURVE('',#2853,#2848,#995,.T.);
#4269=ADVANCED_FACE('',(#4268),#4260,.T.);
#4276=EDGE_CURVE('',#2865,#2851,#967,.T.);
#4278=EDGE_CURVE('',#2851,#2853,#999,.T.);
#4283=ADVANCED_FACE('',(#4282),#4274,.T.);
#4291=EDGE_CURVE('',#2849,#2851,#1003,.T.);
#4296=ADVANCED_FACE('',(#4295),#4288,.T.);
#4302=EDGE_CURVE('',#2840,#2841,#975,.T.);
#4305=EDGE_CURVE('',#2843,#2845,#983,.T.);
#4307=EDGE_CURVE('',#2841,#2843,#987,.T.);
#4311=ADVANCED_FACE('',(#4310),#4301,.T.);
#4323=ADVANCED_FACE('',(#4322),#4316,.T.);
#4332=EDGE_CURVE('',#2857,#2841,#1011,.T.);
#4336=ADVANCED_FACE('',(#4335),#4328,.T.);
#4345=EDGE_CURVE('',#2859,#2843,#1015,.T.);
#4349=ADVANCED_FACE('',(#4348),#4341,.T.);
#4361=ADVANCED_FACE('',(#4360),#4354,.T.);
#4367=EDGE_CURVE('',#2756,#2757,#1019,.T.);
#4371=EDGE_CURVE('',#2729,#2693,#1023,.T.);
#4373=EDGE_CURVE('',#2757,#2693,#1031,.T.);
#4377=ADVANCED_FACE('',(#4376),#4366,.T.);
#4384=EDGE_CURVE('',#2759,#2757,#1027,.T.);
#4386=EDGE_CURVE('',#2759,#2761,#2021,.T.);
#4391=ADVANCED_FACE('',(#4390),#4382,.T.);
#4399=EDGE_CURVE('',#2692,#2693,#1035,.T.);
#4401=EDGE_CURVE('',#3239,#2692,#2133,.T.);
#4403=EDGE_CURVE('',#3239,#3209,#1039,.T.);
#4406=EDGE_CURVE('',#3204,#2703,#1043,.T.);
#4408=EDGE_CURVE('',#2689,#2703,#2109,.T.);
#4410=EDGE_CURVE('',#2688,#2689,#1047,.T.);
#4412=EDGE_CURVE('',#3229,#2688,#2037,.T.);
#4414=EDGE_CURVE('',#3229,#2759,#1051,.T.);
#4418=ADVANCED_FACE('',(#4417),#4396,.T.);
#4424=EDGE_CURVE('',#2769,#2771,#1055,.T.);
#4426=EDGE_CURVE('',#2771,#3215,#1059,.T.);
#4429=EDGE_CURVE('',#2769,#3217,#2105,.T.);
#4433=ADVANCED_FACE('',(#4432),#4423,.T.);
#4440=EDGE_CURVE('',#3116,#3187,#1067,.T.);
#4442=EDGE_CURVE('',#3187,#3041,#1071,.T.);
#4444=EDGE_CURVE('',#3041,#3117,#1075,.T.);
#4448=ADVANCED_FACE('',(#4447),#4438,.T.);
#4455=EDGE_CURVE('',#3044,#3120,#1083,.T.);
#4457=EDGE_CURVE('',#3044,#3045,#1087,.T.);
#4459=EDGE_CURVE('',#3121,#3045,#1187,.T.);
#4463=ADVANCED_FACE('',(#4462),#4453,.T.);
#4469=EDGE_CURVE('',#3124,#3125,#1091,.T.);
#4471=EDGE_CURVE('',#3125,#2632,#1095,.T.);
#4473=EDGE_CURVE('',#2637,#2632,#1409,.T.);
#4475=EDGE_CURVE('',#2637,#2801,#1099,.T.);
#4477=EDGE_CURVE('',#3201,#2801,#1665,.T.);
#4479=EDGE_CURVE('',#3201,#3124,#1103,.T.);
#4483=ADVANCED_FACE('',(#4482),#4468,.T.);
#4492=EDGE_CURVE('',#2604,#2605,#1151,.T.);
#4494=EDGE_CURVE('',#2605,#2725,#1111,.T.);
#4496=EDGE_CURVE('',#3237,#2725,#1115,.T.);
#4498=EDGE_CURVE('',#2692,#3237,#1119,.T.);
#4502=ADVANCED_FACE('',(#4501),#4488,.F.);
#4508=EDGE_CURVE('',#3180,#3181,#1123,.T.);
#4510=EDGE_CURVE('',#2591,#3180,#1127,.T.);
#4513=EDGE_CURVE('',#2764,#2765,#1131,.T.);
#4515=EDGE_CURVE('',#2764,#2696,#1135,.T.);
#4517=EDGE_CURVE('',#2696,#2701,#1139,.T.);
#4519=EDGE_CURVE('',#2700,#2701,#1143,.T.);
#4521=EDGE_CURVE('',#2700,#2605,#1147,.T.);
#4526=EDGE_CURVE('',#2608,#2609,#1155,.T.);
#4528=EDGE_CURVE('',#2609,#2781,#1159,.T.);
#4530=EDGE_CURVE('',#2780,#2781,#1163,.T.);
#4532=EDGE_CURVE('',#2780,#2805,#1167,.T.);
#4534=EDGE_CURVE('',#3181,#2805,#1171,.T.);
#4538=ADVANCED_FACE('',(#4537),#4507,.T.);
#4545=EDGE_CURVE('',#3045,#3181,#1191,.T.);
#4547=EDGE_CURVE('',#3045,#3049,#1649,.T.);
#4549=EDGE_CURVE('',#3049,#3180,#1605,.T.);
#4553=ADVANCED_FACE('',(#4552),#4543,.T.);
#4559=EDGE_CURVE('',#3338,#3339,#1175,.T.);
#4561=EDGE_CURVE('',#3338,#3131,#1179,.T.);
#4567=EDGE_CURVE('',#2805,#2819,#1195,.T.);
#4569=EDGE_CURVE('',#2821,#2819,#1525,.T.);
#4571=EDGE_CURVE('',#3339,#2821,#1509,.T.);
#4575=ADVANCED_FACE('',(#4574),#4558,.F.);
#4581=EDGE_CURVE('',#3334,#3335,#1199,.T.);
#4583=EDGE_CURVE('',#3334,#3371,#1283,.T.);
#4585=EDGE_CURVE('',#3371,#3351,#1259,.T.);
#4587=EDGE_CURVE('',#3349,#3351,#1243,.T.);
#4589=EDGE_CURVE('',#3347,#3349,#1235,.T.);
#4591=EDGE_CURVE('',#3347,#3335,#1223,.T.);
#4595=ADVANCED_FACE('',(#4594),#4580,.F.);
#4602=EDGE_CURVE('',#3339,#3341,#1505,.T.);
#4604=EDGE_CURVE('',#3353,#3341,#1493,.T.);
#4606=EDGE_CURVE('',#3344,#3353,#1481,.T.);
#4608=EDGE_CURVE('',#3344,#3345,#1453,.T.);
#4610=EDGE_CURVE('',#3338,#3345,#1445,.T.);
#4614=ADVANCED_FACE('',(#4613),#4600,.F.);
#4621=EDGE_CURVE('',#3335,#2825,#1203,.T.);
#4623=EDGE_CURVE('',#2829,#2825,#1813,.T.);
#4625=EDGE_CURVE('',#2803,#2829,#1789,.T.);
#4627=EDGE_CURVE('',#3176,#2803,#1733,.T.);
#4629=EDGE_CURVE('',#3176,#3052,#1207,.T.);
#4633=EDGE_CURVE('',#3334,#3105,#1219,.T.);
#4637=ADVANCED_FACE('',(#4636),#4619,.F.);
#4644=EDGE_CURVE('',#2824,#3347,#1227,.T.);
#4646=EDGE_CURVE('',#2824,#2825,#1231,.T.);
#4651=ADVANCED_FACE('',(#4650),#4642,.F.);
#4658=EDGE_CURVE('',#2833,#3349,#1251,.T.);
#4660=EDGE_CURVE('',#2833,#2824,#1239,.T.);
#4665=ADVANCED_FACE('',(#4664),#4656,.F.);
#4672=EDGE_CURVE('',#2835,#3351,#1255,.T.);
#4674=EDGE_CURVE('',#2835,#2833,#1247,.T.);
#4679=ADVANCED_FACE('',(#4678),#4670,.F.);
#4687=EDGE_CURVE('',#3371,#3139,#1263,.T.);
#4689=EDGE_CURVE('',#2835,#3139,#1267,.T.);
#4693=ADVANCED_FACE('',(#4692),#4684,.F.);
#4699=EDGE_CURVE('',#3360,#3361,#1271,.T.);
#4701=EDGE_CURVE('',#3059,#3360,#1705,.T.);
#4703=EDGE_CURVE('',#3059,#3141,#1275,.T.);
#4709=ADVANCED_FACE('',(#4708),#4698,.F.);
#4718=EDGE_CURVE('',#3070,#3086,#1287,.T.);
#4720=EDGE_CURVE('',#3111,#3086,#1334,.T.);
#4722=EDGE_CURVE('',#3113,#3111,#1393,.T.);
#4724=EDGE_CURVE('',#3113,#3109,#1809,.T.);
#4726=EDGE_CURVE('',#3108,#3109,#1781,.T.);
#4728=EDGE_CURVE('',#3139,#3108,#1825,.T.);
#4733=ADVANCED_FACE('',(#4732),#4714,.T.);
#4740=EDGE_CURVE('',#3071,#3087,#1301,.T.);
#4742=EDGE_CURVE('',#3086,#3087,#1339,.T.);
#4747=ADVANCED_FACE('',(#4746),#4738,.F.);
#4754=EDGE_CURVE('',#3147,#3153,#1313,.T.);
#4756=EDGE_CURVE('',#3152,#3153,#1297,.T.);
#4758=EDGE_CURVE('',#3087,#3152,#1343,.T.);
#4764=ADVANCED_FACE('',(#4763),#4752,.T.);
#4772=EDGE_CURVE('',#3155,#3153,#1309,.T.);
#4777=ADVANCED_FACE('',(#4776),#4769,.T.);
#4786=EDGE_CURVE('',#3157,#3152,#1317,.T.);
#4790=ADVANCED_FACE('',(#4789),#4782,.T.);
#4801=EDGE_CURVE('',#3103,#3111,#1377,.T.);
#4808=ADVANCED_FACE('',(#4807),#4795,.F.);
#4814=EDGE_CURVE('',#3173,#3168,#1347,.T.);
#4817=EDGE_CURVE('',#3082,#3083,#1356,.T.);
#4819=EDGE_CURVE('',#3083,#3133,#1360,.T.);
#4821=EDGE_CURVE('',#3125,#3133,#1429,.T.);
#4824=EDGE_CURVE('',#3124,#3078,#1364,.T.);
#4826=EDGE_CURVE('',#3078,#3079,#1369,.T.);
#4831=ADVANCED_FACE('',(#4830),#4813,.F.);
#4839=EDGE_CURVE('',#2645,#2640,#1425,.T.);
#4841=EDGE_CURVE('',#2645,#2785,#1385,.T.);
#4843=EDGE_CURVE('',#2789,#2785,#1857,.T.);
#4845=EDGE_CURVE('',#2599,#2789,#1841,.T.);
#4847=EDGE_CURVE('',#2776,#2599,#1745,.T.);
#4849=EDGE_CURVE('',#3113,#2776,#1389,.T.);
#4854=ADVANCED_FACE('',(#4853),#4836,.F.);
#4860=EDGE_CURVE('',#2632,#2633,#1397,.T.);
#4862=EDGE_CURVE('',#2633,#2635,#1401,.T.);
#4864=EDGE_CURVE('',#2635,#2637,#1405,.T.);
#4869=ADVANCED_FACE('',(#4868),#4859,.F.);
#4876=EDGE_CURVE('',#2641,#2643,#1417,.T.);
#4878=EDGE_CURVE('',#2643,#2645,#1421,.T.);
#4883=ADVANCED_FACE('',(#4882),#4874,.F.);
#4890=EDGE_CURVE('',#3135,#3133,#1433,.T.);
#4892=EDGE_CURVE('',#3135,#2781,#1437,.T.);
#4895=EDGE_CURVE('',#2609,#2794,#1441,.T.);
#4897=EDGE_CURVE('',#2798,#2794,#1689,.T.);
#4899=EDGE_CURVE('',#2633,#2798,#1681,.T.);
#4905=ADVANCED_FACE('',(#4904),#4888,.F.);
#4912=EDGE_CURVE('',#3345,#3137,#1461,.T.);
#4914=EDGE_CURVE('',#3137,#3129,#1553,.T.);
#4916=EDGE_CURVE('',#3128,#3129,#1529,.T.);
#4918=EDGE_CURVE('',#3128,#3135,#1565,.T.);
#4922=EDGE_CURVE('',#3067,#3083,#1449,.T.);
#4928=ADVANCED_FACE('',(#4927),#4910,.T.);
#4935=EDGE_CURVE('',#2813,#3344,#1489,.T.);
#4937=EDGE_CURVE('',#3137,#2813,#1457,.T.);
#4942=ADVANCED_FACE('',(#4941),#4933,.F.);
#4948=EDGE_CURVE('',#3356,#3357,#1465,.T.);
#4950=EDGE_CURVE('',#3357,#3117,#1469,.T.);
#4953=EDGE_CURVE('',#3040,#3041,#1473,.T.);
#4955=EDGE_CURVE('',#3040,#3356,#1477,.T.);
#4959=ADVANCED_FACE('',(#4958),#4947,.F.);
#4966=EDGE_CURVE('',#2812,#3353,#1501,.T.);
#4968=EDGE_CURVE('',#2812,#2813,#1485,.T.);
#4973=ADVANCED_FACE('',(#4972),#4964,.F.);
#4980=EDGE_CURVE('',#2815,#3341,#1517,.T.);
#4982=EDGE_CURVE('',#2815,#2812,#1497,.T.);
#4987=ADVANCED_FACE('',(#4986),#4978,.F.);
#4995=EDGE_CURVE('',#2821,#2815,#1513,.T.);
#5000=ADVANCED_FACE('',(#4999),#4992,.F.);
#5006=EDGE_CURVE('',#2819,#2817,#1545,.T.);
#5008=EDGE_CURVE('',#2815,#2817,#1521,.T.);
#5014=ADVANCED_FACE('',(#5013),#5005,.T.);
#5021=EDGE_CURVE('',#3129,#2809,#1533,.T.);
#5023=EDGE_CURVE('',#2808,#2809,#1537,.T.);
#5025=EDGE_CURVE('',#2817,#2808,#1541,.T.);
#5030=EDGE_CURVE('',#3128,#2780,#1549,.T.);
#5034=ADVANCED_FACE('',(#5033),#5019,.F.);
#5042=EDGE_CURVE('',#2813,#2809,#1557,.T.);
#5047=ADVANCED_FACE('',(#5046),#5039,.T.);
#5056=EDGE_CURVE('',#2812,#2808,#1561,.T.);
#5060=ADVANCED_FACE('',(#5059),#5052,.T.);
#5072=ADVANCED_FACE('',(#5071),#5065,.T.);
#5084=ADVANCED_FACE('',(#5083),#5077,.T.);
#5091=EDGE_CURVE('',#3369,#3356,#1569,.T.);
#5093=EDGE_CURVE('',#3368,#3369,#1637,.T.);
#5095=EDGE_CURVE('',#3368,#3357,#1629,.T.);
#5099=ADVANCED_FACE('',(#5098),#5089,.T.);
#5107=EDGE_CURVE('',#3363,#3365,#1709,.T.);
#5109=EDGE_CURVE('',#3360,#3363,#1701,.T.);
#5113=ADVANCED_FACE('',(#5112),#5104,.T.);
#5121=EDGE_CURVE('',#3047,#3040,#1613,.T.);
#5123=EDGE_CURVE('',#3047,#3369,#1573,.T.);
#5127=ADVANCED_FACE('',(#5126),#5118,.F.);
#5133=EDGE_CURVE('',#3184,#3185,#1577,.T.);
#5137=EDGE_CURVE('',#3059,#3193,#1585,.T.);
#5139=EDGE_CURVE('',#3059,#3057,#1589,.T.);
#5141=EDGE_CURVE('',#3056,#3057,#1593,.T.);
#5143=EDGE_CURVE('',#3177,#3056,#1597,.T.);
#5145=EDGE_CURVE('',#2590,#3177,#1601,.T.);
#5150=EDGE_CURVE('',#3047,#3049,#1609,.T.);
#5153=EDGE_CURVE('',#3185,#3040,#1617,.T.);
#5157=ADVANCED_FACE('',(#5156),#5132,.T.);
#5163=EDGE_CURVE('',#3124,#3116,#1621,.T.);
#5166=EDGE_CURVE('',#3201,#3189,#1625,.T.);
#5170=EDGE_CURVE('',#3185,#3187,#1693,.T.);
#5175=ADVANCED_FACE('',(#5174),#5162,.T.);
#5182=EDGE_CURVE('',#3062,#3078,#1633,.T.);
#5188=ADVANCED_FACE('',(#5187),#5180,.T.);
#5195=EDGE_CURVE('',#3368,#3120,#1645,.T.);
#5201=ADVANCED_FACE('',(#5200),#5193,.T.);
#5213=ADVANCED_FACE('',(#5212),#5206,.T.);
#5221=EDGE_CURVE('',#3044,#3047,#1641,.T.);
#5227=ADVANCED_FACE('',(#5226),#5218,.F.);
#5239=ADVANCED_FACE('',(#5238),#5232,.T.);
#5247=EDGE_CURVE('',#2795,#3201,#1657,.T.);
#5249=EDGE_CURVE('',#2794,#2795,#1661,.T.);
#5255=ADVANCED_FACE('',(#5254),#5244,.F.);
#5263=EDGE_CURVE('',#2799,#2801,#1669,.T.);
#5265=EDGE_CURVE('',#2799,#2795,#1685,.T.);
#5269=ADVANCED_FACE('',(#5268),#5260,.T.);
#5278=EDGE_CURVE('',#2635,#2799,#1673,.T.);
#5282=ADVANCED_FACE('',(#5281),#5274,.F.);
#5288=EDGE_CURVE('',#2798,#2799,#1677,.T.);
#5295=ADVANCED_FACE('',(#5294),#5287,.F.);
#5307=ADVANCED_FACE('',(#5306),#5300,.T.);
#5319=ADVANCED_FACE('',(#5318),#5312,.T.);
#5331=ADVANCED_FACE('',(#5330),#5324,.T.);
#5338=EDGE_CURVE('',#3057,#3363,#1721,.T.);
#5344=ADVANCED_FACE('',(#5343),#5336,.F.);
#5353=EDGE_CURVE('',#3053,#3057,#1717,.T.);
#5358=ADVANCED_FACE('',(#5357),#5349,.F.);
#5365=EDGE_CURVE('',#3052,#3056,#1725,.T.);
#5371=ADVANCED_FACE('',(#5370),#5363,.T.);
#5377=EDGE_CURVE('',#3176,#3177,#1729,.T.);
#5384=ADVANCED_FACE('',(#5383),#5376,.T.);
#5392=EDGE_CURVE('',#2803,#2777,#1737,.T.);
#5394=EDGE_CURVE('',#2776,#2777,#1741,.T.);
#5397=EDGE_CURVE('',#2598,#2599,#1749,.T.);
#5403=EDGE_CURVE('',#2706,#2707,#1765,.T.);
#5405=EDGE_CURVE('',#2706,#2685,#1769,.T.);
#5407=EDGE_CURVE('',#2745,#2685,#1773,.T.);
#5409=EDGE_CURVE('',#2744,#2745,#1777,.T.);
#5415=ADVANCED_FACE('',(#5414),#5389,.T.);
#5422=EDGE_CURVE('',#3109,#2777,#1785,.T.);
#5426=EDGE_CURVE('',#2828,#2829,#1793,.T.);
#5428=EDGE_CURVE('',#2831,#2828,#1797,.T.);
#5430=EDGE_CURVE('',#2837,#2831,#1801,.T.);
#5432=EDGE_CURVE('',#2837,#3108,#1805,.T.);
#5436=ADVANCED_FACE('',(#5435),#5420,.F.);
#5448=ADVANCED_FACE('',(#5447),#5441,.T.);
#5455=EDGE_CURVE('',#2824,#2828,#1817,.T.);
#5461=ADVANCED_FACE('',(#5460),#5453,.T.);
#5470=EDGE_CURVE('',#2833,#2831,#1821,.T.);
#5474=ADVANCED_FACE('',(#5473),#5466,.T.);
#5481=EDGE_CURVE('',#2835,#2837,#1829,.T.);
#5487=ADVANCED_FACE('',(#5486),#5479,.T.);
#5499=ADVANCED_FACE('',(#5498),#5492,.T.);
#5505=EDGE_CURVE('',#3199,#2788,#1833,.T.);
#5511=EDGE_CURVE('',#2788,#2789,#1845,.T.);
#5515=ADVANCED_FACE('',(#5514),#5504,.F.);
#5522=EDGE_CURVE('',#2784,#2788,#1849,.T.);
#5524=EDGE_CURVE('',#2791,#2784,#1869,.T.);
#5529=ADVANCED_FACE('',(#5528),#5520,.T.);
#5535=EDGE_CURVE('',#2784,#2785,#1861,.T.);
#5542=ADVANCED_FACE('',(#5541),#5534,.T.);
#5551=EDGE_CURVE('',#2643,#2784,#1865,.T.);
#5555=ADVANCED_FACE('',(#5554),#5547,.F.);
#5567=ADVANCED_FACE('',(#5566),#5560,.F.);
#5576=EDGE_CURVE('',#2683,#2706,#1885,.T.);
#5580=ADVANCED_FACE('',(#5579),#5572,.T.);
#5586=EDGE_CURVE('',#2668,#2669,#1881,.T.);
#5588=EDGE_CURVE('',#2685,#2668,#1933,.T.);
#5593=EDGE_CURVE('',#2680,#2681,#1889,.T.);
#5595=EDGE_CURVE('',#3227,#2681,#1893,.T.);
#5597=EDGE_CURVE('',#2669,#3227,#1897,.T.);
#5601=ADVANCED_FACE('',(#5600),#5585,.F.);
#5608=EDGE_CURVE('',#2673,#2669,#1901,.T.);
#5610=EDGE_CURVE('',#2672,#2673,#1921,.T.);
#5612=EDGE_CURVE('',#2672,#2668,#1905,.T.);
#5616=ADVANCED_FACE('',(#5615),#5606,.T.);
#5622=EDGE_CURVE('',#2673,#3225,#1913,.T.);
#5626=EDGE_CURVE('',#3225,#3227,#1909,.T.);
#5630=ADVANCED_FACE('',(#5629),#5621,.T.);
#5636=EDGE_CURVE('',#2651,#2673,#1925,.T.);
#5639=EDGE_CURVE('',#3225,#3223,#1917,.T.);
#5644=ADVANCED_FACE('',(#5643),#5635,.F.);
#5653=EDGE_CURVE('',#2672,#2622,#1937,.T.);
#5657=ADVANCED_FACE('',(#5656),#5649,.F.);
#5663=EDGE_CURVE('',#2741,#2745,#1929,.T.);
#5673=ADVANCED_FACE('',(#5672),#5662,.F.);
#5685=ADVANCED_FACE('',(#5684),#5678,.T.);
#5692=EDGE_CURVE('',#3225,#2677,#1945,.T.);
#5694=EDGE_CURVE('',#2677,#3222,#1949,.T.);
#5699=ADVANCED_FACE('',(#5698),#5690,.F.);
#5706=EDGE_CURVE('',#2677,#2681,#1953,.T.);
#5712=ADVANCED_FACE('',(#5711),#5704,.T.);
#5718=EDGE_CURVE('',#2676,#2677,#1973,.T.);
#5725=ADVANCED_FACE('',(#5724),#5717,.T.);
#5731=EDGE_CURVE('',#2748,#2749,#1961,.T.);
#5733=EDGE_CURVE('',#2748,#2629,#1965,.T.);
#5741=ADVANCED_FACE('',(#5740),#5730,.F.);
#5749=EDGE_CURVE('',#2751,#2753,#1977,.T.);
#5754=ADVANCED_FACE('',(#5753),#5746,.T.);
#5767=ADVANCED_FACE('',(#5766),#5759,.T.);
#5779=ADVANCED_FACE('',(#5778),#5772,.F.);
#5791=ADVANCED_FACE('',(#5790),#5784,.F.);
#5798=EDGE_CURVE('',#3171,#3169,#1997,.T.);
#5804=ADVANCED_FACE('',(#5803),#5796,.T.);
#5816=ADVANCED_FACE('',(#5815),#5809,.T.);
#5824=EDGE_CURVE('',#2769,#2767,#2005,.T.);
#5826=EDGE_CURVE('',#2764,#2769,#2101,.T.);
#5830=ADVANCED_FACE('',(#5829),#5821,.T.);
#5839=EDGE_CURVE('',#2773,#2771,#2009,.T.);
#5843=ADVANCED_FACE('',(#5842),#5835,.T.);
#5850=EDGE_CURVE('',#2773,#3213,#2013,.T.);
#5856=ADVANCED_FACE('',(#5855),#5848,.F.);
#5863=EDGE_CURVE('',#2761,#3212,#2017,.T.);
#5869=ADVANCED_FACE('',(#5868),#5861,.F.);
#5877=EDGE_CURVE('',#2656,#3229,#2025,.T.);
#5879=EDGE_CURVE('',#2656,#2649,#2029,.T.);
#5885=ADVANCED_FACE('',(#5884),#5874,.F.);
#5891=EDGE_CURVE('',#2660,#2688,#2045,.T.);
#5893=EDGE_CURVE('',#2656,#2660,#2033,.T.);
#5899=ADVANCED_FACE('',(#5898),#5890,.T.);
#5905=EDGE_CURVE('',#2660,#2661,#2041,.T.);
#5909=EDGE_CURVE('',#2689,#2701,#2049,.T.);
#5912=EDGE_CURVE('',#2696,#2697,#2053,.T.);
#5914=EDGE_CURVE('',#2663,#2697,#2057,.T.);
#5916=EDGE_CURVE('',#2661,#2663,#2061,.T.);
#5920=ADVANCED_FACE('',(#5919),#5904,.F.);
#5926=EDGE_CURVE('',#2656,#2657,#2069,.T.);
#5930=EDGE_CURVE('',#2657,#2661,#2065,.T.);
#5934=ADVANCED_FACE('',(#5933),#5925,.T.);
#5941=EDGE_CURVE('',#2657,#2648,#2073,.T.);
#5947=ADVANCED_FACE('',(#5946),#5939,.F.);
#5953=EDGE_CURVE('',#2657,#2665,#2077,.T.);
#5955=EDGE_CURVE('',#2653,#2665,#2089,.T.);
#5961=ADVANCED_FACE('',(#5960),#5952,.F.);
#5968=EDGE_CURVE('',#2665,#2663,#2081,.T.);
#5974=ADVANCED_FACE('',(#5973),#5966,.T.);
#5980=EDGE_CURVE('',#2665,#3231,#2093,.T.);
#5984=EDGE_CURVE('',#2697,#3231,#2085,.T.);
#5988=ADVANCED_FACE('',(#5987),#5979,.T.);
#5996=EDGE_CURVE('',#3231,#3219,#2097,.T.);
#6001=ADVANCED_FACE('',(#6000),#5993,.F.);
#6016=ADVANCED_FACE('',(#6015),#6006,.F.);
#6025=EDGE_CURVE('',#2703,#2700,#2113,.T.);
#6029=ADVANCED_FACE('',(#6028),#6021,.T.);
#6035=EDGE_CURVE('',#3235,#3205,#2121,.T.);
#6037=EDGE_CURVE('',#2725,#3235,#2125,.T.);
#6046=ADVANCED_FACE('',(#6045),#6034,.F.);
#6052=EDGE_CURVE('',#3234,#3235,#2117,.T.);
#6056=EDGE_CURVE('',#3234,#3207,#2141,.T.);
#6060=ADVANCED_FACE('',(#6059),#6051,.F.);
#6067=EDGE_CURVE('',#3234,#3237,#2129,.T.);
#6073=ADVANCED_FACE('',(#6072),#6065,.T.);
#6081=EDGE_CURVE('',#3239,#3234,#2137,.T.);
#6086=ADVANCED_FACE('',(#6085),#6078,.T.);
#6098=ADVANCED_FACE('',(#6097),#6091,.F.);
#6104=EDGE_CURVE('',#2952,#2953,#2145,.T.);
#6106=EDGE_CURVE('',#2947,#2953,#2191,.T.);
#6111=EDGE_CURVE('',#2932,#2925,#2207,.T.);
#6114=EDGE_CURVE('',#2952,#2949,#2167,.T.);
#6118=ADVANCED_FACE('',(#6117),#6103,.F.);
#6125=EDGE_CURVE('',#2952,#2956,#2154,.T.);
#6127=EDGE_CURVE('',#2956,#2957,#2179,.T.);
#6129=EDGE_CURVE('',#2957,#2953,#2159,.T.);
#6133=ADVANCED_FACE('',(#6132),#6123,.F.);
#6139=EDGE_CURVE('',#2941,#2956,#2163,.T.);
#6144=EDGE_CURVE('',#2940,#2941,#2175,.T.);
#6148=ADVANCED_FACE('',(#6147),#6138,.F.);
#6156=EDGE_CURVE('',#2941,#2945,#2183,.T.);
#6158=EDGE_CURVE('',#2945,#2957,#2195,.T.);
#6162=ADVANCED_FACE('',(#6161),#6153,.T.);
#6170=EDGE_CURVE('',#2944,#2945,#2199,.T.);
#6175=ADVANCED_FACE('',(#6174),#6167,.T.);
#6188=ADVANCED_FACE('',(#6187),#6180,.T.);
#6200=ADVANCED_FACE('',(#6199),#6193,.F.);
#6207=EDGE_CURVE('',#2899,#2903,#2211,.T.);
#6209=EDGE_CURVE('',#2899,#2905,#2235,.T.);
#6214=ADVANCED_FACE('',(#6213),#6205,.T.);
#6223=EDGE_CURVE('',#2899,#2885,#2223,.T.);
#6227=ADVANCED_FACE('',(#6226),#6219,.F.);
#6233=EDGE_CURVE('',#2898,#2899,#2219,.T.);
#6237=EDGE_CURVE('',#2898,#2872,#2243,.T.);
#6241=ADVANCED_FACE('',(#6240),#6232,.F.);
#6247=EDGE_CURVE('',#2898,#2908,#2227,.T.);
#6249=EDGE_CURVE('',#2912,#2908,#2247,.T.);
#6256=ADVANCED_FACE('',(#6255),#6246,.T.);
#6262=EDGE_CURVE('',#2908,#2909,#2239,.T.);
#6267=EDGE_CURVE('',#2909,#2873,#2259,.T.);
#6271=ADVANCED_FACE('',(#6270),#6261,.F.);
#6278=EDGE_CURVE('',#2909,#2913,#2251,.T.);
#6284=ADVANCED_FACE('',(#6283),#6276,.T.);
#6292=EDGE_CURVE('',#2917,#2909,#2255,.T.);
#6294=EDGE_CURVE('',#2917,#2915,#2271,.T.);
#6298=ADVANCED_FACE('',(#6297),#6289,.T.);
#6307=EDGE_CURVE('',#2917,#2875,#2267,.T.);
#6311=ADVANCED_FACE('',(#6310),#6303,.F.);
#6317=EDGE_CURVE('',#2917,#2921,#2263,.T.);
#6321=EDGE_CURVE('',#2895,#2877,#2291,.T.);
#6323=EDGE_CURVE('',#2921,#2895,#2283,.T.);
#6327=ADVANCED_FACE('',(#6326),#6316,.F.);
#6336=EDGE_CURVE('',#2921,#2919,#2275,.T.);
#6340=ADVANCED_FACE('',(#6339),#6332,.T.);
#6349=EDGE_CURVE('',#2893,#2895,#2287,.T.);
#6351=EDGE_CURVE('',#2893,#2891,#2303,.T.);
#6355=ADVANCED_FACE('',(#6354),#6345,.T.);
#6364=EDGE_CURVE('',#2893,#2879,#2299,.T.);
#6368=ADVANCED_FACE('',(#6367),#6360,.F.);
#6374=EDGE_CURVE('',#2888,#2893,#2295,.T.);
#6381=ADVANCED_FACE('',(#6380),#6373,.F.);
#6393=ADVANCED_FACE('',(#6392),#6386,.T.);
#6400=EDGE_CURVE('',#2961,#3270,#2307,.T.);
#6402=EDGE_CURVE('',#3270,#3271,#2311,.T.);
#6404=EDGE_CURVE('',#3271,#2975,#2315,.T.);
#6409=ADVANCED_FACE('',(#6408),#6398,.F.);
#6416=EDGE_CURVE('',#2969,#3274,#2319,.T.);
#6418=EDGE_CURVE('',#3274,#3275,#2323,.T.);
#6420=EDGE_CURVE('',#3275,#2968,#2327,.T.);
#6424=ADVANCED_FACE('',(#6423),#6414,.F.);
#6431=EDGE_CURVE('',#2965,#3278,#2339,.T.);
#6433=EDGE_CURVE('',#3270,#3278,#2359,.T.);
#6438=ADVANCED_FACE('',(#6437),#6429,.T.);
#6446=EDGE_CURVE('',#3279,#2977,#2331,.T.);
#6448=EDGE_CURVE('',#3278,#3279,#2335,.T.);
#6453=ADVANCED_FACE('',(#6452),#6443,.T.);
#6460=EDGE_CURVE('',#3283,#2972,#2343,.T.);
#6462=EDGE_CURVE('',#3282,#3283,#2347,.T.);
#6464=EDGE_CURVE('',#2973,#3282,#2351,.T.);
#6468=ADVANCED_FACE('',(#6467),#6458,.T.);
#6476=EDGE_CURVE('',#3271,#3279,#2355,.T.);
#6481=ADVANCED_FACE('',(#6480),#6473,.T.);
#6493=ADVANCED_FACE('',(#6492),#6486,.T.);
#6501=EDGE_CURVE('',#3275,#3283,#2363,.T.);
#6506=ADVANCED_FACE('',(#6505),#6498,.T.);
#6513=EDGE_CURVE('',#3274,#3282,#2367,.T.);
#6519=ADVANCED_FACE('',(#6518),#6511,.T.);
#6531=ADVANCED_FACE('',(#6530),#6524,.T.);
#6539=EDGE_CURVE('',#2987,#3286,#2371,.T.);
#6541=EDGE_CURVE('',#3286,#3287,#2375,.T.);
#6543=EDGE_CURVE('',#3287,#2981,#2379,.T.);
#6547=ADVANCED_FACE('',(#6546),#6536,.F.);
#6554=EDGE_CURVE('',#2993,#3290,#2383,.T.);
#6556=EDGE_CURVE('',#3290,#3291,#2387,.T.);
#6558=EDGE_CURVE('',#3291,#2992,#2391,.T.);
#6562=ADVANCED_FACE('',(#6561),#6552,.F.);
#6569=EDGE_CURVE('',#2989,#3294,#2403,.T.);
#6571=EDGE_CURVE('',#3286,#3294,#2423,.T.);
#6576=ADVANCED_FACE('',(#6575),#6567,.T.);
#6583=EDGE_CURVE('',#3295,#2985,#2395,.T.);
#6585=EDGE_CURVE('',#3294,#3295,#2399,.T.);
#6591=ADVANCED_FACE('',(#6590),#6581,.T.);
#6598=EDGE_CURVE('',#3299,#2996,#2407,.T.);
#6600=EDGE_CURVE('',#3298,#3299,#2411,.T.);
#6602=EDGE_CURVE('',#2997,#3298,#2415,.T.);
#6606=ADVANCED_FACE('',(#6605),#6596,.T.);
#6614=EDGE_CURVE('',#3287,#3295,#2419,.T.);
#6619=ADVANCED_FACE('',(#6618),#6611,.T.);
#6631=ADVANCED_FACE('',(#6630),#6624,.T.);
#6639=EDGE_CURVE('',#3291,#3299,#2427,.T.);
#6644=ADVANCED_FACE('',(#6643),#6636,.T.);
#6651=EDGE_CURVE('',#3290,#3298,#2431,.T.);
#6657=ADVANCED_FACE('',(#6656),#6649,.T.);
#6669=ADVANCED_FACE('',(#6668),#6662,.T.);
#6677=EDGE_CURVE('',#3007,#3302,#2435,.T.);
#6679=EDGE_CURVE('',#3302,#3303,#2439,.T.);
#6681=EDGE_CURVE('',#3303,#3001,#2443,.T.);
#6685=ADVANCED_FACE('',(#6684),#6674,.F.);
#6692=EDGE_CURVE('',#3013,#3306,#2447,.T.);
#6694=EDGE_CURVE('',#3306,#3307,#2451,.T.);
#6696=EDGE_CURVE('',#3307,#3012,#2455,.T.);
#6700=ADVANCED_FACE('',(#6699),#6690,.F.);
#6707=EDGE_CURVE('',#3009,#3310,#2467,.T.);
#6709=EDGE_CURVE('',#3302,#3310,#2487,.T.);
#6714=ADVANCED_FACE('',(#6713),#6705,.T.);
#6721=EDGE_CURVE('',#3311,#3005,#2459,.T.);
#6723=EDGE_CURVE('',#3310,#3311,#2463,.T.);
#6729=ADVANCED_FACE('',(#6728),#6719,.T.);
#6736=EDGE_CURVE('',#3315,#3016,#2471,.T.);
#6738=EDGE_CURVE('',#3314,#3315,#2475,.T.);
#6740=EDGE_CURVE('',#3017,#3314,#2479,.T.);
#6744=ADVANCED_FACE('',(#6743),#6734,.T.);
#6752=EDGE_CURVE('',#3303,#3311,#2483,.T.);
#6757=ADVANCED_FACE('',(#6756),#6749,.T.);
#6769=ADVANCED_FACE('',(#6768),#6762,.T.);
#6777=EDGE_CURVE('',#3307,#3315,#2491,.T.);
#6782=ADVANCED_FACE('',(#6781),#6774,.T.);
#6789=EDGE_CURVE('',#3306,#3314,#2495,.T.);
#6795=ADVANCED_FACE('',(#6794),#6787,.T.);
#6807=ADVANCED_FACE('',(#6806),#6800,.T.);
#6815=EDGE_CURVE('',#3323,#3331,#2499,.T.);
#6820=ADVANCED_FACE('',(#6819),#6812,.T.);
#6827=EDGE_CURVE('',#3322,#3330,#2503,.T.);
#6833=ADVANCED_FACE('',(#6832),#6825,.T.);
#6845=ADVANCED_FACE('',(#6844),#6838,.T.);
#6852=EDGE_CURVE('',#3256,#3242,#2507,.T.);
#6854=EDGE_CURVE('',#3242,#3243,#2535,.T.);
#6856=EDGE_CURVE('',#3257,#3243,#2531,.T.);
#6860=ADVANCED_FACE('',(#6859),#6850,.T.);
#6867=EDGE_CURVE('',#3267,#3253,#2511,.T.);
#6869=EDGE_CURVE('',#3253,#3242,#2539,.T.);
#6874=ADVANCED_FACE('',(#6873),#6865,.T.);
#6881=EDGE_CURVE('',#3265,#3251,#2515,.T.);
#6883=EDGE_CURVE('',#3251,#3253,#2543,.T.);
#6888=ADVANCED_FACE('',(#6887),#6879,.T.);
#6895=EDGE_CURVE('',#3263,#3249,#2519,.T.);
#6897=EDGE_CURVE('',#3249,#3251,#2547,.T.);
#6902=ADVANCED_FACE('',(#6901),#6893,.T.);
#6909=EDGE_CURVE('',#3261,#3247,#2523,.T.);
#6911=EDGE_CURVE('',#3247,#3249,#2551,.T.);
#6916=ADVANCED_FACE('',(#6915),#6907,.T.);
#6923=EDGE_CURVE('',#3259,#3245,#2527,.T.);
#6925=EDGE_CURVE('',#3245,#3247,#2555,.T.);
#6930=ADVANCED_FACE('',(#6929),#6921,.T.);
#6938=EDGE_CURVE('',#3243,#3245,#2559,.T.);
#6943=ADVANCED_FACE('',(#6942),#6935,.T.);
#6958=ADVANCED_FACE('',(#6957),#6948,.T.);
#6964=EDGE_CURVE('',#2712,#2713,#2567,.T.);
#6966=EDGE_CURVE('',#2712,#2716,#2583,.T.);
#6972=ADVANCED_FACE('',(#6971),#6963,.T.);
#6981=EDGE_CURVE('',#2712,#2617,#2579,.T.);
#6985=ADVANCED_FACE('',(#6984),#6977,.F.);
#6991=EDGE_CURVE('',#2721,#2712,#2575,.T.);
#6998=ADVANCED_FACE('',(#6997),#6990,.F.);
#7010=ADVANCED_FACE('',(#7009),#7003,.T.);
#7011=CLOSED_SHELL('',(#3391,#3406,#3425,#3455,#3482,#3497,#3515,#3529,#3543,
#3558,#3579,#3595,#3625,#3639,#3654,#3673,#3688,#3702,#3717,#3733,#3757,#3779,
#3799,#3819,#3890,#3907,#3923,#3972,#3986,#4000,#4013,#4026,#4042,#4128,#4145,
#4162,#4176,#4255,#4269,#4283,#4296,#4311,#4323,#4336,#4349,#4361,#4377,#4391,
#4418,#4433,#4448,#4463,#4483,#4502,#4538,#4553,#4575,#4595,#4614,#4637,#4651,
#4665,#4679,#4693,#4709,#4733,#4747,#4764,#4777,#4790,#4808,#4831,#4854,#4869,
#4883,#4905,#4928,#4942,#4959,#4973,#4987,#5000,#5014,#5034,#5047,#5060,#5072,
#5084,#5099,#5113,#5127,#5157,#5175,#5188,#5201,#5213,#5227,#5239,#5255,#5269,
#5282,#5295,#5307,#5319,#5331,#5344,#5358,#5371,#5384,#5415,#5436,#5448,#5461,
#5474,#5487,#5499,#5515,#5529,#5542,#5555,#5567,#5580,#5601,#5616,#5630,#5644,
#5657,#5673,#5685,#5699,#5712,#5725,#5741,#5754,#5767,#5779,#5791,#5804,#5816,
#5830,#5843,#5856,#5869,#5885,#5899,#5920,#5934,#5947,#5961,#5974,#5988,#6001,
#6016,#6029,#6046,#6060,#6073,#6086,#6098,#6118,#6133,#6148,#6162,#6175,#6188,
#6200,#6214,#6227,#6241,#6256,#6271,#6284,#6298,#6311,#6327,#6340,#6355,#6368,
#6381,#6393,#6409,#6424,#6438,#6453,#6468,#6481,#6493,#6506,#6519,#6531,#6547,
#6562,#6576,#6591,#6606,#6619,#6631,#6644,#6657,#6669,#6685,#6700,#6714,#6729,
#6744,#6757,#6769,#6782,#6795,#6807,#6820,#6833,#6845,#6860,#6874,#6888,#6902,
#6916,#6930,#6943,#6958,#6972,#6985,#6998,#7010));
#7012=MANIFOLD_SOLID_BREP('',#7011);
#7114=EDGE_CURVE('',#7107,#7108,#7016,.T.);
#7116=EDGE_CURVE('',#7107,#7087,#7020,.T.);
#7118=EDGE_CURVE('',#7087,#7088,#7024,.T.);
#7120=EDGE_CURVE('',#7088,#7108,#7028,.T.);
#7124=ADVANCED_FACE('',(#7123),#7113,.F.);
#7131=EDGE_CURVE('',#7108,#7095,#7032,.T.);
#7133=EDGE_CURVE('',#7095,#7096,#7036,.T.);
#7135=EDGE_CURVE('',#7096,#7107,#7040,.T.);
#7139=ADVANCED_FACE('',(#7138),#7129,.F.);
#7145=EDGE_CURVE('',#7099,#7092,#7052,.T.);
#7147=EDGE_CURVE('',#7099,#7100,#7068,.T.);
#7149=EDGE_CURVE('',#7095,#7100,#7064,.T.);
#7153=EDGE_CURVE('',#7088,#7092,#7044,.T.);
#7157=ADVANCED_FACE('',(#7156),#7144,.T.);
#7163=EDGE_CURVE('',#7091,#7104,#7048,.T.);
#7165=EDGE_CURVE('',#7104,#7099,#7072,.T.);
#7168=EDGE_CURVE('',#7091,#7092,#7056,.T.);
#7172=ADVANCED_FACE('',(#7171),#7162,.T.);
#7180=EDGE_CURVE('',#7096,#7102,#7060,.T.);
#7182=EDGE_CURVE('',#7102,#7104,#7076,.T.);
#7185=EDGE_CURVE('',#7087,#7091,#7084,.T.);
#7189=ADVANCED_FACE('',(#7188),#7177,.T.);
#7197=EDGE_CURVE('',#7100,#7102,#7080,.T.);
#7202=ADVANCED_FACE('',(#7201),#7194,.T.);
#7214=ADVANCED_FACE('',(#7213),#7207,.T.);
#7226=ADVANCED_FACE('',(#7225),#7219,.T.);
#7227=CLOSED_SHELL('',(#7124,#7139,#7157,#7172,#7189,#7202,#7214,#7226));
#7228=MANIFOLD_SOLID_BREP('',#7227);
#7330=EDGE_CURVE('',#7323,#7324,#7232,.T.);
#7332=EDGE_CURVE('',#7323,#7303,#7236,.T.);
#7334=EDGE_CURVE('',#7303,#7304,#7240,.T.);
#7336=EDGE_CURVE('',#7304,#7324,#7244,.T.);
#7340=ADVANCED_FACE('',(#7339),#7329,.F.);
#7347=EDGE_CURVE('',#7324,#7311,#7248,.T.);
#7349=EDGE_CURVE('',#7311,#7312,#7252,.T.);
#7351=EDGE_CURVE('',#7312,#7323,#7256,.T.);
#7355=ADVANCED_FACE('',(#7354),#7345,.F.);
#7361=EDGE_CURVE('',#7308,#7316,#7260,.T.);
#7363=EDGE_CURVE('',#7316,#7318,#7296,.T.);
#7365=EDGE_CURVE('',#7311,#7318,#7280,.T.);
#7369=EDGE_CURVE('',#7304,#7308,#7264,.T.);
#7373=ADVANCED_FACE('',(#7372),#7360,.T.);
#7379=EDGE_CURVE('',#7315,#7307,#7276,.T.);
#7381=EDGE_CURVE('',#7315,#7316,#7284,.T.);
#7384=EDGE_CURVE('',#7307,#7308,#7268,.T.);
#7388=ADVANCED_FACE('',(#7387),#7378,.T.);
#7396=EDGE_CURVE('',#7312,#7320,#7272,.T.);
#7398=EDGE_CURVE('',#7320,#7315,#7288,.T.);
#7401=EDGE_CURVE('',#7303,#7307,#7300,.T.);
#7405=ADVANCED_FACE('',(#7404),#7393,.T.);
#7413=EDGE_CURVE('',#7318,#7320,#7292,.T.);
#7418=ADVANCED_FACE('',(#7417),#7410,.T.);
#7430=ADVANCED_FACE('',(#7429),#7423,.T.);
#7442=ADVANCED_FACE('',(#7441),#7435,.T.);
#7443=CLOSED_SHELL('',(#7340,#7355,#7373,#7388,#7405,#7418,#7430,#7442));
#7444=MANIFOLD_SOLID_BREP('',#7443);
#7445=(LENGTH_UNIT()NAMED_UNIT(*)SI_UNIT(.MILLI.,.METRE.));
#7446=(NAMED_UNIT(*)PLANE_ANGLE_UNIT()SI_UNIT($,.RADIAN.));
#7449=(NAMED_UNIT(*)SI_UNIT($,.STERADIAN.)SOLID_ANGLE_UNIT());
#7451=(GEOMETRIC_REPRESENTATION_CONTEXT(3)GLOBAL_UNCERTAINTY_ASSIGNED_CONTEXT((
#7450))GLOBAL_UNIT_ASSIGNED_CONTEXT((#7445,#7448,#7449))REPRESENTATION_CONTEXT(
'ID1','3'));
#7452=ADVANCED_BREP_SHAPE_REPRESENTATION('',(#7012,#7228,#7444),#7451);
#7459=PRODUCT_DEFINITION('part definition','',#7458,#7455);
#7460=PRODUCT_DEFINITION_SHAPE('','SHAPE FOR C-2360547-4.',#7459);
#7461=SHAPE_ASPECT('','solid data associated with C-2360547-4',#7460,.F.);
#7462=PROPERTY_DEFINITION('',
'shape for solid data with which properties are associated',#7461);
#7463=SHAPE_REPRESENTATION('',(#7012,#7228,#7444),#7451);
#7464=SHAPE_DEFINITION_REPRESENTATION(#7462,#7463);
#7465=(LENGTH_UNIT()NAMED_UNIT(*)SI_UNIT(.MILLI.,.METRE.));
#7469=PROPERTY_DEFINITION('geometric validation property','area of C-2360547-4',
#7461);
#7470=REPRESENTATION('surface area',(#7468),#7451);
#7471=PROPERTY_DEFINITION_REPRESENTATION(#7469,#7470);
#7472=(LENGTH_UNIT()NAMED_UNIT(*)SI_UNIT(.MILLI.,.METRE.));
#7476=PROPERTY_DEFINITION('geometric validation property',
'volume of C-2360547-4',#7461);
#7477=REPRESENTATION('volume',(#7475),#7451);
#7478=PROPERTY_DEFINITION_REPRESENTATION(#7476,#7477);
#7480=PROPERTY_DEFINITION('geometric validation property',
'centroid of C-2360547-4',#7461);
#7481=REPRESENTATION('centroid',(#7479),#7451);
#7482=PROPERTY_DEFINITION_REPRESENTATION(#7480,#7481);
#7483=(LENGTH_UNIT()NAMED_UNIT(*)SI_UNIT(.MILLI.,.METRE.));
#7487=PROPERTY_DEFINITION('geometric validation property','area of C-2360547-4',
#7460);
#7488=REPRESENTATION('surface area',(#7486),#7451);
#7489=PROPERTY_DEFINITION_REPRESENTATION(#7487,#7488);
#7490=(LENGTH_UNIT()NAMED_UNIT(*)SI_UNIT(.MILLI.,.METRE.));
#7494=PROPERTY_DEFINITION('geometric validation property',
'volume of C-2360547-4',#7460);
#7495=REPRESENTATION('volume',(#7493),#7451);
#7496=PROPERTY_DEFINITION_REPRESENTATION(#7494,#7495);
#7498=PROPERTY_DEFINITION('geometric validation property',
'centroid of C-2360547-4',#7460);
#7499=REPRESENTATION('centroid',(#7497),#7451);
#7500=PROPERTY_DEFINITION_REPRESENTATION(#7498,#7499);
#7501=SHAPE_DEFINITION_REPRESENTATION(#7460,#7452);
ENDSEC;
END-ISO-10303-21;
