ISO-10303-21;
HEADER;
FILE_DESCRIPTION((''),'2;1');
FILE_NAME('C-2360547-2','2022-11-18T03:05:26',('workeradm'),(
'TE Connectivity Ltd.'),'CREO PARAMETRIC BY PTC INC, 2021072',
'CREO PARAMETRIC BY PTC INC, 2021072','');
FILE_SCHEMA(('AUTOMOTIVE_DESIGN { 1 0 10303 214 1 1 1 1 }'));
ENDSEC;
DATA;
#134=DIRECTION('',(-3.015113445778E-1,9.045340337333E-1,-3.015113445778E-1));
#135=VECTOR('',#134,3.316624790355E-1);
#136=CARTESIAN_POINT('',(2.525E0,2.1E0,-5.42E0));
#137=LINE('',#136,#135);
#138=DIRECTION('',(0.E0,1.E0,0.E0));
#139=VECTOR('',#138,2.E0);
#140=CARTESIAN_POINT('',(2.525E0,-4.5E-1,-5.42E0));
#141=LINE('',#140,#139);
#142=DIRECTION('',(7.071067811865E-1,0.E0,7.071067811865E-1));
#143=VECTOR('',#142,5.374011537018E-1);
#144=CARTESIAN_POINT('',(2.145E0,-6.E-1,-5.8E0));
#145=LINE('',#144,#143);
#146=DIRECTION('',(0.E0,-1.E0,0.E0));
#147=VECTOR('',#146,2.E0);
#148=CARTESIAN_POINT('',(2.525E0,1.55E0,-5.55E0));
#149=LINE('',#148,#147);
#150=DIRECTION('',(0.E0,0.E0,-1.E0));
#151=VECTOR('',#150,2.E-1);
#152=CARTESIAN_POINT('',(2.525E0,1.4E0,-4.2E0));
#153=LINE('',#152,#151);
#154=DIRECTION('',(0.E0,0.E0,-1.E0));
#155=VECTOR('',#154,2.5E-1);
#156=CARTESIAN_POINT('',(3.075E0,1.55E0,-5.65E0));
#157=LINE('',#156,#155);
#158=DIRECTION('',(1.E0,0.E0,0.E0));
#159=VECTOR('',#158,2.E-1);
#160=CARTESIAN_POINT('',(2.875E0,1.55E0,-5.65E0));
#161=LINE('',#160,#159);
#162=CARTESIAN_POINT('',(2.875E0,1.55E0,-5.55E0));
#163=DIRECTION('',(0.E0,-1.E0,0.E0));
#164=DIRECTION('',(-1.E0,0.E0,0.E0));
#165=AXIS2_PLACEMENT_3D('',#162,#163,#164);
#167=DIRECTION('',(0.E0,0.E0,-1.E0));
#168=VECTOR('',#167,1.7E0);
#169=CARTESIAN_POINT('',(2.775E0,1.55E0,-3.85E0));
#170=LINE('',#169,#168);
#171=DIRECTION('',(0.E0,0.E0,1.E0));
#172=VECTOR('',#171,2.E-1);
#173=CARTESIAN_POINT('',(2.525E0,1.55E0,-4.4E0));
#174=LINE('',#173,#172);
#175=DIRECTION('',(0.E0,0.E0,1.E0));
#176=VECTOR('',#175,1.3E-1);
#177=CARTESIAN_POINT('',(2.525E0,1.55E0,-5.55E0));
#178=LINE('',#177,#176);
#179=CARTESIAN_POINT('',(2.875E0,1.55E0,-5.55E0));
#180=DIRECTION('',(0.E0,1.E0,0.E0));
#181=DIRECTION('',(1.903239470786E-14,0.E0,-1.E0));
#182=AXIS2_PLACEMENT_3D('',#179,#180,#181);
#184=DIRECTION('',(-1.E0,0.E0,0.E0));
#185=VECTOR('',#184,2.E-1);
#186=CARTESIAN_POINT('',(3.075E0,1.55E0,-5.9E0));
#187=LINE('',#186,#185);
#188=DIRECTION('',(0.E0,0.E0,1.E0));
#189=VECTOR('',#188,2.5E-1);
#190=CARTESIAN_POINT('',(-3.075E0,1.55E0,-5.9E0));
#191=LINE('',#190,#189);
#192=DIRECTION('',(-1.E0,0.E0,0.E0));
#193=VECTOR('',#192,2.E-1);
#194=CARTESIAN_POINT('',(-2.875E0,1.55E0,-5.9E0));
#195=LINE('',#194,#193);
#196=CARTESIAN_POINT('',(-2.875E0,1.55E0,-5.55E0));
#197=DIRECTION('',(0.E0,1.E0,0.E0));
#198=DIRECTION('',(1.E0,0.E0,0.E0));
#199=AXIS2_PLACEMENT_3D('',#196,#197,#198);
#201=DIRECTION('',(0.E0,0.E0,-1.E0));
#202=VECTOR('',#201,1.3E-1);
#203=CARTESIAN_POINT('',(-2.525E0,1.55E0,-5.42E0));
#204=LINE('',#203,#202);
#205=DIRECTION('',(0.E0,0.E0,-1.E0));
#206=VECTOR('',#205,2.E-1);
#207=CARTESIAN_POINT('',(-2.525E0,1.55E0,-4.2E0));
#208=LINE('',#207,#206);
#209=DIRECTION('',(0.E0,0.E0,1.E0));
#210=VECTOR('',#209,1.7E0);
#211=CARTESIAN_POINT('',(-2.775E0,1.55E0,-5.55E0));
#212=LINE('',#211,#210);
#213=CARTESIAN_POINT('',(-2.875E0,1.55E0,-5.55E0));
#214=DIRECTION('',(0.E0,-1.E0,0.E0));
#215=DIRECTION('',(0.E0,0.E0,-1.E0));
#216=AXIS2_PLACEMENT_3D('',#213,#214,#215);
#218=DIRECTION('',(1.E0,0.E0,0.E0));
#219=VECTOR('',#218,2.E-1);
#220=CARTESIAN_POINT('',(-3.075E0,1.55E0,-5.65E0));
#221=LINE('',#220,#219);
#222=CARTESIAN_POINT('',(3.075E0,1.25E0,-5.9E0));
#223=DIRECTION('',(0.E0,0.E0,-1.E0));
#224=DIRECTION('',(0.E0,1.E0,0.E0));
#225=AXIS2_PLACEMENT_3D('',#222,#223,#224);
#227=CARTESIAN_POINT('',(3.075E0,-1.5E-1,-5.9E0));
#228=DIRECTION('',(0.E0,0.E0,-1.E0));
#229=DIRECTION('',(1.E0,0.E0,0.E0));
#230=AXIS2_PLACEMENT_3D('',#227,#228,#229);
#232=DIRECTION('',(0.E0,-1.E0,0.E0));
#233=VECTOR('',#232,1.4E0);
#234=CARTESIAN_POINT('',(3.375E0,1.25E0,-5.9E0));
#235=LINE('',#234,#233);
#236=DIRECTION('',(0.E0,-1.E0,0.E0));
#237=VECTOR('',#236,2.E0);
#238=CARTESIAN_POINT('',(2.875E0,1.55E0,-5.9E0));
#239=LINE('',#238,#237);
#240=DIRECTION('',(0.E0,0.E0,1.E0));
#241=VECTOR('',#240,2.5E-1);
#242=CARTESIAN_POINT('',(3.075E0,-4.5E-1,-5.9E0));
#243=LINE('',#242,#241);
#244=DIRECTION('',(-1.E0,0.E0,0.E0));
#245=VECTOR('',#244,2.E-1);
#246=CARTESIAN_POINT('',(3.075E0,-4.5E-1,-5.9E0));
#247=LINE('',#246,#245);
#248=CARTESIAN_POINT('',(2.875E0,-4.5E-1,-5.55E0));
#249=DIRECTION('',(0.E0,1.E0,0.E0));
#250=DIRECTION('',(1.903239470786E-14,0.E0,-1.E0));
#251=AXIS2_PLACEMENT_3D('',#248,#249,#250);
#253=DIRECTION('',(0.E0,0.E0,1.E0));
#254=VECTOR('',#253,1.3E-1);
#255=CARTESIAN_POINT('',(2.525E0,-4.5E-1,-5.55E0));
#256=LINE('',#255,#254);
#257=DIRECTION('',(0.E0,0.E0,-1.E0));
#258=VECTOR('',#257,6.5E-1);
#259=CARTESIAN_POINT('',(2.775E0,-4.5E-1,-4.9E0));
#260=LINE('',#259,#258);
#261=CARTESIAN_POINT('',(2.875E0,-4.5E-1,-5.55E0));
#262=DIRECTION('',(0.E0,-1.E0,0.E0));
#263=DIRECTION('',(-1.E0,0.E0,0.E0));
#264=AXIS2_PLACEMENT_3D('',#261,#262,#263);
#266=DIRECTION('',(1.E0,0.E0,0.E0));
#267=VECTOR('',#266,2.E-1);
#268=CARTESIAN_POINT('',(2.875E0,-4.5E-1,-5.65E0));
#269=LINE('',#268,#267);
#270=DIRECTION('',(0.E0,0.E0,-1.E0));
#271=VECTOR('',#270,2.5E-1);
#272=CARTESIAN_POINT('',(-3.075E0,-4.5E-1,-5.65E0));
#273=LINE('',#272,#271);
#274=DIRECTION('',(1.E0,0.E0,0.E0));
#275=VECTOR('',#274,2.E-1);
#276=CARTESIAN_POINT('',(-3.075E0,-4.5E-1,-5.65E0));
#277=LINE('',#276,#275);
#278=CARTESIAN_POINT('',(-2.875E0,-4.5E-1,-5.55E0));
#279=DIRECTION('',(0.E0,-1.E0,0.E0));
#280=DIRECTION('',(0.E0,0.E0,-1.E0));
#281=AXIS2_PLACEMENT_3D('',#278,#279,#280);
#283=DIRECTION('',(0.E0,0.E0,1.E0));
#284=VECTOR('',#283,6.5E-1);
#285=CARTESIAN_POINT('',(-2.775E0,-4.5E-1,-5.55E0));
#286=LINE('',#285,#284);
#287=DIRECTION('',(0.E0,0.E0,-1.E0));
#288=VECTOR('',#287,1.3E-1);
#289=CARTESIAN_POINT('',(-2.525E0,-4.5E-1,-5.42E0));
#290=LINE('',#289,#288);
#291=CARTESIAN_POINT('',(-2.875E0,-4.5E-1,-5.55E0));
#292=DIRECTION('',(0.E0,1.E0,0.E0));
#293=DIRECTION('',(1.E0,0.E0,0.E0));
#294=AXIS2_PLACEMENT_3D('',#291,#292,#293);
#296=DIRECTION('',(-1.E0,0.E0,0.E0));
#297=VECTOR('',#296,2.E-1);
#298=CARTESIAN_POINT('',(-2.875E0,-4.5E-1,-5.9E0));
#299=LINE('',#298,#297);
#300=CARTESIAN_POINT('',(3.075E0,1.25E0,-5.65E0));
#301=DIRECTION('',(0.E0,0.E0,1.E0));
#302=DIRECTION('',(1.E0,0.E0,0.E0));
#303=AXIS2_PLACEMENT_3D('',#300,#301,#302);
#305=CARTESIAN_POINT('',(3.075E0,-1.5E-1,-5.65E0));
#306=DIRECTION('',(0.E0,0.E0,1.E0));
#307=DIRECTION('',(0.E0,-1.E0,0.E0));
#308=AXIS2_PLACEMENT_3D('',#305,#306,#307);
#310=DIRECTION('',(0.E0,-1.E0,0.E0));
#311=VECTOR('',#310,2.E0);
#312=CARTESIAN_POINT('',(2.875E0,1.55E0,-5.65E0));
#313=LINE('',#312,#311);
#314=DIRECTION('',(0.E0,0.E0,-1.E0));
#315=VECTOR('',#314,2.5E-1);
#316=CARTESIAN_POINT('',(3.375E0,1.25E0,-5.65E0));
#317=LINE('',#316,#315);
#318=DIRECTION('',(0.E0,0.E0,1.E0));
#319=VECTOR('',#318,2.5E-1);
#320=CARTESIAN_POINT('',(3.375E0,-1.5E-1,-5.9E0));
#321=LINE('',#320,#319);
#322=DIRECTION('',(0.E0,-1.E0,0.E0));
#323=VECTOR('',#322,1.4E0);
#324=CARTESIAN_POINT('',(3.375E0,1.25E0,-5.65E0));
#325=LINE('',#324,#323);
#326=DIRECTION('',(0.E0,-1.E0,0.E0));
#327=VECTOR('',#326,2.E0);
#328=CARTESIAN_POINT('',(2.775E0,1.55E0,-5.55E0));
#329=LINE('',#328,#327);
#330=DIRECTION('',(0.E0,0.E0,-1.E0));
#331=VECTOR('',#330,5.5E-1);
#332=CARTESIAN_POINT('',(2.775E0,-2.5E-1,-3.85E0));
#333=LINE('',#332,#331);
#334=DIRECTION('',(1.E0,0.E0,0.E0));
#335=VECTOR('',#334,2.5E-2);
#336=CARTESIAN_POINT('',(2.775E0,-2.5E-1,-3.85E0));
#337=LINE('',#336,#335);
#338=DIRECTION('',(0.E0,1.E0,0.E0));
#339=VECTOR('',#338,9.E-1);
#340=CARTESIAN_POINT('',(2.8E0,-2.5E-1,-3.85E0));
#341=LINE('',#340,#339);
#342=DIRECTION('',(-1.E0,0.E0,0.E0));
#343=VECTOR('',#342,6.75E-1);
#344=CARTESIAN_POINT('',(3.2E0,2.1E0,-3.85E0));
#345=LINE('',#344,#343);
#346=DIRECTION('',(0.E0,-1.E0,0.E0));
#347=VECTOR('',#346,5.5E-1);
#348=CARTESIAN_POINT('',(2.525E0,2.1E0,-3.85E0));
#349=LINE('',#348,#347);
#350=DIRECTION('',(1.E0,0.E0,0.E0));
#351=VECTOR('',#350,2.5E-1);
#352=CARTESIAN_POINT('',(2.525E0,1.55E0,-3.85E0));
#353=LINE('',#352,#351);
#354=DIRECTION('',(0.E0,1.E0,0.E0));
#355=VECTOR('',#354,1.8E0);
#356=CARTESIAN_POINT('',(2.775E0,-2.5E-1,-3.85E0));
#357=LINE('',#356,#355);
#358=DIRECTION('',(0.E0,0.E0,1.E0));
#359=VECTOR('',#358,3.5E-1);
#360=CARTESIAN_POINT('',(2.8E0,-2.5E-1,-4.2E0));
#361=LINE('',#360,#359);
#362=DIRECTION('',(0.E0,-1.E0,0.E0));
#363=VECTOR('',#362,9.E-1);
#364=CARTESIAN_POINT('',(2.8E0,6.5E-1,-4.2E0));
#365=LINE('',#364,#363);
#366=DIRECTION('',(0.E0,0.E0,1.E0));
#367=VECTOR('',#366,3.5E-1);
#368=CARTESIAN_POINT('',(2.8E0,6.5E-1,-4.2E0));
#369=LINE('',#368,#367);
#370=DIRECTION('',(1.E0,0.E0,0.E0));
#371=VECTOR('',#370,1.E-1);
#372=CARTESIAN_POINT('',(2.8E0,-2.5E-1,-4.2E0));
#373=LINE('',#372,#371);
#374=DIRECTION('',(-1.E0,0.E0,0.E0));
#375=VECTOR('',#374,1.E-1);
#376=CARTESIAN_POINT('',(2.9E0,6.5E-1,-4.2E0));
#377=LINE('',#376,#375);
#378=DIRECTION('',(0.E0,0.E0,-1.E0));
#379=VECTOR('',#378,2.E-1);
#380=CARTESIAN_POINT('',(2.9E0,-2.5E-1,-4.2E0));
#381=LINE('',#380,#379);
#382=DIRECTION('',(0.E0,0.E0,1.E0));
#383=VECTOR('',#382,2.E-1);
#384=CARTESIAN_POINT('',(2.9E0,6.5E-1,-4.4E0));
#385=LINE('',#384,#383);
#386=DIRECTION('',(0.E0,-1.E0,0.E0));
#387=VECTOR('',#386,9.E-1);
#388=CARTESIAN_POINT('',(2.9E0,6.5E-1,-4.2E0));
#389=LINE('',#388,#387);
#390=DIRECTION('',(0.E0,-1.E0,0.E0));
#391=VECTOR('',#390,9.E-1);
#392=CARTESIAN_POINT('',(2.9E0,6.5E-1,-4.4E0));
#393=LINE('',#392,#391);
#394=DIRECTION('',(1.E0,0.E0,0.E0));
#395=VECTOR('',#394,1.25E-1);
#396=CARTESIAN_POINT('',(2.775E0,-2.5E-1,-4.4E0));
#397=LINE('',#396,#395);
#398=DIRECTION('',(0.E0,1.E0,0.E0));
#399=VECTOR('',#398,9.E-1);
#400=CARTESIAN_POINT('',(2.775E0,-2.5E-1,-4.4E0));
#401=LINE('',#400,#399);
#402=DIRECTION('',(-1.E0,0.E0,0.E0));
#403=VECTOR('',#402,1.25E-1);
#404=CARTESIAN_POINT('',(2.9E0,6.5E-1,-4.4E0));
#405=LINE('',#404,#403);
#406=DIRECTION('',(1.E0,0.E0,0.E0));
#407=VECTOR('',#406,1.E-1);
#408=CARTESIAN_POINT('',(2.425E0,1.4E0,-4.4E0));
#409=LINE('',#408,#407);
#410=DIRECTION('',(3.162277660168E-1,-9.486832980505E-1,0.E0));
#411=VECTOR('',#410,3.162277660168E-1);
#412=CARTESIAN_POINT('',(2.425E0,2.4E0,-4.4E0));
#413=LINE('',#412,#411);
#414=DIRECTION('',(0.E0,-1.E0,0.E0));
#415=VECTOR('',#414,1.5E-1);
#416=CARTESIAN_POINT('',(2.525E0,1.55E0,-4.4E0));
#417=LINE('',#416,#415);
#418=DIRECTION('',(0.E0,7.071067811865E-1,-7.071067811865E-1));
#419=VECTOR('',#418,1.414213562373E-1);
#420=CARTESIAN_POINT('',(2.775E0,6.5E-1,-4.4E0));
#421=LINE('',#420,#419);
#422=DIRECTION('',(5.773502691896E-1,5.773502691896E-1,-5.773502691896E-1));
#423=VECTOR('',#422,1.732050807569E-1);
#424=CARTESIAN_POINT('',(2.9E0,6.5E-1,-4.4E0));
#425=LINE('',#424,#423);
#426=DIRECTION('',(0.E0,0.E0,-1.E0));
#427=VECTOR('',#426,3.E-1);
#428=CARTESIAN_POINT('',(2.775E0,7.5E-1,-4.5E0));
#429=LINE('',#428,#427);
#430=DIRECTION('',(1.E0,0.E0,0.E0));
#431=VECTOR('',#430,4.25E-1);
#432=CARTESIAN_POINT('',(2.775E0,7.5E-1,-4.8E0));
#433=LINE('',#432,#431);
#434=DIRECTION('',(-1.E0,0.E0,0.E0));
#435=VECTOR('',#434,3.E-1);
#436=CARTESIAN_POINT('',(3.2E0,7.5E-1,-3.85E0));
#437=LINE('',#436,#435);
#438=DIRECTION('',(0.E0,0.E0,1.E0));
#439=VECTOR('',#438,2.5E-1);
#440=CARTESIAN_POINT('',(2.9E0,7.5E-1,-4.1E0));
#441=LINE('',#440,#439);
#442=DIRECTION('',(-1.E0,0.E0,0.E0));
#443=VECTOR('',#442,1.E-1);
#444=CARTESIAN_POINT('',(3.E0,7.5E-1,-4.1E0));
#445=LINE('',#444,#443);
#446=DIRECTION('',(0.E0,0.E0,1.E0));
#447=VECTOR('',#446,4.E-1);
#448=CARTESIAN_POINT('',(3.E0,7.5E-1,-4.5E0));
#449=LINE('',#448,#447);
#450=DIRECTION('',(-1.E0,0.E0,0.E0));
#451=VECTOR('',#450,2.25E-1);
#452=CARTESIAN_POINT('',(3.E0,7.5E-1,-4.5E0));
#453=LINE('',#452,#451);
#454=DIRECTION('',(0.E0,7.071067811866E-1,7.071067811865E-1));
#455=VECTOR('',#454,1.414213562373E-1);
#456=CARTESIAN_POINT('',(2.775E0,6.5E-1,-4.9E0));
#457=LINE('',#456,#455);
#458=DIRECTION('',(1.E0,0.E0,0.E0));
#459=VECTOR('',#458,2.5E-1);
#460=CARTESIAN_POINT('',(2.525E0,-4.5E-1,-4.9E0));
#461=LINE('',#460,#459);
#462=DIRECTION('',(0.E0,-1.E0,0.E0));
#463=VECTOR('',#462,6.5E-1);
#464=CARTESIAN_POINT('',(2.525E0,-4.5E-1,-4.9E0));
#465=LINE('',#464,#463);
#466=DIRECTION('',(0.E0,1.E0,0.E0));
#467=VECTOR('',#466,4.E-1);
#468=CARTESIAN_POINT('',(2.8E0,-1.1E0,-4.9E0));
#469=LINE('',#468,#467);
#470=DIRECTION('',(1.E0,0.E0,0.E0));
#471=VECTOR('',#470,4.25E-1);
#472=CARTESIAN_POINT('',(2.775E0,6.5E-1,-4.9E0));
#473=LINE('',#472,#471);
#474=DIRECTION('',(0.E0,-1.E0,0.E0));
#475=VECTOR('',#474,1.1E0);
#476=CARTESIAN_POINT('',(2.775E0,6.5E-1,-4.9E0));
#477=LINE('',#476,#475);
#478=DIRECTION('',(0.E0,1.E0,0.E0));
#479=VECTOR('',#478,3.5E-1);
#480=CARTESIAN_POINT('',(2.525E0,-8.E-1,-3.E-1));
#481=LINE('',#480,#479);
#482=DIRECTION('',(0.E0,0.E0,1.E0));
#483=VECTOR('',#482,2.35E0);
#484=CARTESIAN_POINT('',(2.525E0,-8.E-1,-2.65E0));
#485=LINE('',#484,#483);
#486=DIRECTION('',(0.E0,1.E0,0.E0));
#487=VECTOR('',#486,1.15E0);
#488=CARTESIAN_POINT('',(2.525E0,-2.15E0,-3.E-1));
#489=LINE('',#488,#487);
#490=DIRECTION('',(0.E0,0.E0,-1.E0));
#491=VECTOR('',#490,6.E-1);
#492=CARTESIAN_POINT('',(2.525E0,-1.E0,-3.E-1));
#493=LINE('',#492,#491);
#494=DIRECTION('',(0.E0,1.E0,0.E0));
#495=VECTOR('',#494,3.E-1);
#496=CARTESIAN_POINT('',(2.525E0,-1.4E0,-8.E-1));
#497=LINE('',#496,#495);
#498=DIRECTION('',(0.E0,1.E0,0.E0));
#499=VECTOR('',#498,1.3E-1);
#500=CARTESIAN_POINT('',(2.525E0,-2.15E0,-2.15E0));
#501=LINE('',#500,#499);
#502=DIRECTION('',(0.E0,0.E0,1.E0));
#503=VECTOR('',#502,1.85E0);
#504=CARTESIAN_POINT('',(2.525E0,-2.15E0,-2.15E0));
#505=LINE('',#504,#503);
#506=DIRECTION('',(0.E0,0.E0,1.E0));
#507=VECTOR('',#506,1.02E0);
#508=CARTESIAN_POINT('',(2.525E0,1.55E0,-5.42E0));
#509=LINE('',#508,#507);
#510=DIRECTION('',(0.E0,1.E0,0.E0));
#511=VECTOR('',#510,5.5E-1);
#512=CARTESIAN_POINT('',(2.525E0,1.55E0,-4.4E0));
#513=LINE('',#512,#511);
#514=DIRECTION('',(0.E0,0.E0,-1.E0));
#515=VECTOR('',#514,1.02E0);
#516=CARTESIAN_POINT('',(2.525E0,2.1E0,-4.4E0));
#517=LINE('',#516,#515);
#518=DIRECTION('',(0.E0,-1.E0,0.E0));
#519=VECTOR('',#518,5.5E-1);
#520=CARTESIAN_POINT('',(2.525E0,2.1E0,-5.42E0));
#521=LINE('',#520,#519);
#522=DIRECTION('',(0.E0,0.E0,1.E0));
#523=VECTOR('',#522,3.5E-1);
#524=CARTESIAN_POINT('',(2.525E0,1.55E0,-4.2E0));
#525=LINE('',#524,#523);
#526=DIRECTION('',(0.E0,0.E0,-1.E0));
#527=VECTOR('',#526,3.5E-1);
#528=CARTESIAN_POINT('',(2.525E0,2.1E0,-3.85E0));
#529=LINE('',#528,#527);
#530=DIRECTION('',(0.E0,-1.E0,0.E0));
#531=VECTOR('',#530,5.5E-1);
#532=CARTESIAN_POINT('',(2.525E0,2.1E0,-4.2E0));
#533=LINE('',#532,#531);
#534=DIRECTION('',(0.E0,0.E0,1.E0));
#535=VECTOR('',#534,5.2E-1);
#536=CARTESIAN_POINT('',(2.525E0,-4.5E-1,-5.42E0));
#537=LINE('',#536,#535);
#538=DIRECTION('',(0.E0,-1.E0,0.E0));
#539=VECTOR('',#538,1.5E-1);
#540=CARTESIAN_POINT('',(2.525E0,-4.5E-1,-5.42E0));
#541=LINE('',#540,#539);
#542=DIRECTION('',(-3.015113445778E-1,3.015113445778E-1,9.045340337333E-1));
#543=VECTOR('',#542,3.316624790355E-1);
#544=CARTESIAN_POINT('',(2.525E0,-4.5E-1,-3.E-1));
#545=LINE('',#544,#543);
#546=DIRECTION('',(-3.162277660168E-1,0.E0,9.486832980505E-1));
#547=VECTOR('',#546,3.162277660168E-1);
#548=CARTESIAN_POINT('',(2.525E0,-8.E-1,-3.E-1));
#549=LINE('',#548,#547);
#550=DIRECTION('',(0.E0,-1.E0,0.E0));
#551=VECTOR('',#550,4.2E-1);
#552=CARTESIAN_POINT('',(2.525E0,-1.5E0,-2.65E0));
#553=LINE('',#552,#551);
#554=DIRECTION('',(-1.E0,0.E0,0.E0));
#555=VECTOR('',#554,2.75E-1);
#556=CARTESIAN_POINT('',(2.8E0,-1.5E0,-2.65E0));
#557=LINE('',#556,#555);
#558=DIRECTION('',(0.E0,1.E0,0.E0));
#559=VECTOR('',#558,4.2E-1);
#560=CARTESIAN_POINT('',(2.8E0,-1.92E0,-2.65E0));
#561=LINE('',#560,#559);
#562=DIRECTION('',(1.E0,0.E0,0.E0));
#563=VECTOR('',#562,2.75E-1);
#564=CARTESIAN_POINT('',(2.525E0,-1.92E0,-2.65E0));
#565=LINE('',#564,#563);
#566=DIRECTION('',(-1.E0,0.E0,0.E0));
#567=VECTOR('',#566,2.75E-1);
#568=CARTESIAN_POINT('',(-2.525E0,-1.5E0,-2.65E0));
#569=LINE('',#568,#567);
#570=DIRECTION('',(0.E0,1.E0,0.E0));
#571=VECTOR('',#570,4.2E-1);
#572=CARTESIAN_POINT('',(-2.525E0,-1.92E0,-2.65E0));
#573=LINE('',#572,#571);
#574=DIRECTION('',(1.E0,0.E0,0.E0));
#575=VECTOR('',#574,2.75E-1);
#576=CARTESIAN_POINT('',(-2.8E0,-1.92E0,-2.65E0));
#577=LINE('',#576,#575);
#578=DIRECTION('',(0.E0,-1.E0,0.E0));
#579=VECTOR('',#578,4.2E-1);
#580=CARTESIAN_POINT('',(-2.8E0,-1.5E0,-2.65E0));
#581=LINE('',#580,#579);
#582=DIRECTION('',(-1.E0,0.E0,0.E0));
#583=VECTOR('',#582,4.75E-1);
#584=CARTESIAN_POINT('',(-2.425E0,-1.E0,-2.65E0));
#585=LINE('',#584,#583);
#586=DIRECTION('',(0.E0,-1.E0,0.E0));
#587=VECTOR('',#586,2.E-1);
#588=CARTESIAN_POINT('',(-2.9E0,-8.E-1,-2.65E0));
#589=LINE('',#588,#587);
#590=DIRECTION('',(-1.E0,0.E0,0.E0));
#591=VECTOR('',#590,1.E-1);
#592=CARTESIAN_POINT('',(-2.8E0,-8.E-1,-2.65E0));
#593=LINE('',#592,#591);
#594=DIRECTION('',(0.E0,-1.E0,0.E0));
#595=VECTOR('',#594,3.5E-1);
#596=CARTESIAN_POINT('',(-2.8E0,-4.5E-1,-2.65E0));
#597=LINE('',#596,#595);
#598=DIRECTION('',(-1.E0,0.E0,0.E0));
#599=VECTOR('',#598,2.75E-1);
#600=CARTESIAN_POINT('',(-2.525E0,-4.5E-1,-2.65E0));
#601=LINE('',#600,#599);
#602=DIRECTION('',(0.E0,1.E0,0.E0));
#603=VECTOR('',#602,3.5E-1);
#604=CARTESIAN_POINT('',(-2.525E0,-8.E-1,-2.65E0));
#605=LINE('',#604,#603);
#606=DIRECTION('',(-1.E0,0.E0,0.E0));
#607=VECTOR('',#606,1.E-1);
#608=CARTESIAN_POINT('',(-2.425E0,-8.E-1,-2.65E0));
#609=LINE('',#608,#607);
#610=DIRECTION('',(0.E0,1.E0,0.E0));
#611=VECTOR('',#610,2.E-1);
#612=CARTESIAN_POINT('',(-2.425E0,-1.E0,-2.65E0));
#613=LINE('',#612,#611);
#614=DIRECTION('',(0.E0,1.E0,0.E0));
#615=VECTOR('',#614,3.5E-1);
#616=CARTESIAN_POINT('',(2.8E0,-8.E-1,-2.65E0));
#617=LINE('',#616,#615);
#618=DIRECTION('',(-1.E0,0.E0,0.E0));
#619=VECTOR('',#618,1.E-1);
#620=CARTESIAN_POINT('',(2.9E0,-8.E-1,-2.65E0));
#621=LINE('',#620,#619);
#622=DIRECTION('',(0.E0,1.E0,0.E0));
#623=VECTOR('',#622,2.E-1);
#624=CARTESIAN_POINT('',(2.9E0,-1.E0,-2.65E0));
#625=LINE('',#624,#623);
#626=DIRECTION('',(0.E0,-1.E0,0.E0));
#627=VECTOR('',#626,2.E-1);
#628=CARTESIAN_POINT('',(2.425E0,-8.E-1,-2.65E0));
#629=LINE('',#628,#627);
#630=DIRECTION('',(-1.E0,0.E0,0.E0));
#631=VECTOR('',#630,1.E-1);
#632=CARTESIAN_POINT('',(2.525E0,-8.E-1,-2.65E0));
#633=LINE('',#632,#631);
#634=DIRECTION('',(0.E0,-1.E0,0.E0));
#635=VECTOR('',#634,3.5E-1);
#636=CARTESIAN_POINT('',(2.525E0,-4.5E-1,-2.65E0));
#637=LINE('',#636,#635);
#638=DIRECTION('',(-1.E0,0.E0,0.E0));
#639=VECTOR('',#638,2.75E-1);
#640=CARTESIAN_POINT('',(2.8E0,-4.5E-1,-2.65E0));
#641=LINE('',#640,#639);
#642=DIRECTION('',(-1.E0,0.E0,0.E0));
#643=VECTOR('',#642,3.E-1);
#644=CARTESIAN_POINT('',(3.2E0,-1.5E0,-2.15E0));
#645=LINE('',#644,#643);
#646=DIRECTION('',(0.E0,0.E0,-1.E0));
#647=VECTOR('',#646,4.E-1);
#648=CARTESIAN_POINT('',(2.8E0,-1.5E0,-2.25E0));
#649=LINE('',#648,#647);
#650=DIRECTION('',(0.E0,0.E0,1.E0));
#651=VECTOR('',#650,1.75E0);
#652=CARTESIAN_POINT('',(2.525E0,-1.5E0,-2.65E0));
#653=LINE('',#652,#651);
#654=DIRECTION('',(1.E0,0.E0,0.E0));
#655=VECTOR('',#654,6.75E-1);
#656=CARTESIAN_POINT('',(2.525E0,-1.5E0,-9.E-1));
#657=LINE('',#656,#655);
#658=DIRECTION('',(-1.E0,0.E0,0.E0));
#659=VECTOR('',#658,9.25E-1);
#660=CARTESIAN_POINT('',(3.2E0,-2.4E0,-2.15E0));
#661=LINE('',#660,#659);
#662=DIRECTION('',(-1.E0,0.E0,0.E0));
#663=VECTOR('',#662,3.75E-1);
#664=CARTESIAN_POINT('',(2.9E0,-2.02E0,-2.15E0));
#665=LINE('',#664,#663);
#666=DIRECTION('',(0.E0,-1.E0,0.E0));
#667=VECTOR('',#666,5.2E-1);
#668=CARTESIAN_POINT('',(2.9E0,-1.5E0,-2.15E0));
#669=LINE('',#668,#667);
#670=DIRECTION('',(0.E0,0.E0,1.E0));
#671=VECTOR('',#670,2.380697205048E-1);
#672=CARTESIAN_POINT('',(6.E-1,-2.4E0,-5.8E0));
#673=LINE('',#672,#671);
#674=DIRECTION('',(0.E0,0.E0,1.E0));
#675=VECTOR('',#674,2.380697205048E-1);
#676=CARTESIAN_POINT('',(-6.E-1,-2.4E0,-5.8E0));
#677=LINE('',#676,#675);
#678=DIRECTION('',(1.E0,0.E0,0.E0));
#679=VECTOR('',#678,3.E-1);
#680=CARTESIAN_POINT('',(-9.E-1,-2.4E0,-5.561930279495E0));
#681=LINE('',#680,#679);
#682=DIRECTION('',(0.E0,0.E0,1.E0));
#683=VECTOR('',#682,2.380697205048E-1);
#684=CARTESIAN_POINT('',(-9.E-1,-2.4E0,-5.8E0));
#685=LINE('',#684,#683);
#686=DIRECTION('',(0.E0,0.E0,-1.E0));
#687=VECTOR('',#686,3.65E0);
#688=CARTESIAN_POINT('',(-3.2E0,-2.4E0,-2.15E0));
#689=LINE('',#688,#687);
#690=DIRECTION('',(0.E0,0.E0,-1.E0));
#691=VECTOR('',#690,2.15E0);
#692=CARTESIAN_POINT('',(-2.275E0,-2.4E0,0.E0));
#693=LINE('',#692,#691);
#694=DIRECTION('',(0.E0,0.E0,-1.E0));
#695=VECTOR('',#694,1.5E0);
#696=CARTESIAN_POINT('',(-1.96E0,-2.4E0,0.E0));
#697=LINE('',#696,#695);
#698=DIRECTION('',(1.E0,0.E0,0.E0));
#699=VECTOR('',#698,8.E-1);
#700=CARTESIAN_POINT('',(-1.96E0,-2.4E0,-1.5E0));
#701=LINE('',#700,#699);
#702=DIRECTION('',(0.E0,0.E0,-1.E0));
#703=VECTOR('',#702,1.5E0);
#704=CARTESIAN_POINT('',(-1.16E0,-2.4E0,0.E0));
#705=LINE('',#704,#703);
#706=DIRECTION('',(0.E0,0.E0,-1.E0));
#707=VECTOR('',#706,1.5E0);
#708=CARTESIAN_POINT('',(1.16E0,-2.4E0,0.E0));
#709=LINE('',#708,#707);
#710=DIRECTION('',(1.E0,0.E0,0.E0));
#711=VECTOR('',#710,8.E-1);
#712=CARTESIAN_POINT('',(1.16E0,-2.4E0,-1.5E0));
#713=LINE('',#712,#711);
#714=DIRECTION('',(0.E0,0.E0,-1.E0));
#715=VECTOR('',#714,1.5E0);
#716=CARTESIAN_POINT('',(1.96E0,-2.4E0,0.E0));
#717=LINE('',#716,#715);
#718=DIRECTION('',(0.E0,0.E0,1.E0));
#719=VECTOR('',#718,2.15E0);
#720=CARTESIAN_POINT('',(2.275E0,-2.4E0,-2.15E0));
#721=LINE('',#720,#719);
#722=DIRECTION('',(0.E0,0.E0,1.E0));
#723=VECTOR('',#722,2.380697205048E-1);
#724=CARTESIAN_POINT('',(9.E-1,-2.4E0,-5.8E0));
#725=LINE('',#724,#723);
#726=DIRECTION('',(1.E0,0.E0,0.E0));
#727=VECTOR('',#726,3.E-1);
#728=CARTESIAN_POINT('',(6.E-1,-2.4E0,-5.561930279495E0));
#729=LINE('',#728,#727);
#730=DIRECTION('',(0.E0,-9.993392221981E-1,-3.634720039470E-2));
#731=VECTOR('',#730,8.660243297136E-1);
#732=CARTESIAN_POINT('',(6.E-1,-2.4E0,-5.561930279495E0));
#733=LINE('',#732,#731);
#734=DIRECTION('',(0.E0,3.634720039469E-2,-9.993392221981E-1));
#735=VECTOR('',#734,3.E-1);
#736=CARTESIAN_POINT('',(6.E-1,-3.265452080061E0,-5.593407839354E0));
#737=LINE('',#736,#735);
#738=DIRECTION('',(0.E0,9.993392221981E-1,3.634720039469E-2));
#739=VECTOR('',#738,2.564423256846E0);
#740=CARTESIAN_POINT('',(6.E-1,-3.254547919942E0,-5.893209606013E0));
#741=LINE('',#740,#739);
#742=DIRECTION('',(0.E0,0.E0,1.E0));
#743=VECTOR('',#742,2.3E0);
#744=CARTESIAN_POINT('',(6.E-1,-2.5E-1,-4.4E0));
#745=LINE('',#744,#743);
#746=DIRECTION('',(0.E0,-1.E0,0.E0));
#747=VECTOR('',#746,3.E-1);
#748=CARTESIAN_POINT('',(6.E-1,-2.5E-1,-2.1E0));
#749=LINE('',#748,#747);
#750=DIRECTION('',(0.E0,0.E0,-1.E0));
#751=VECTOR('',#750,2.3E0);
#752=CARTESIAN_POINT('',(6.E-1,-5.5E-1,-2.1E0));
#753=LINE('',#752,#751);
#754=DIRECTION('',(0.E0,1.E0,0.E0));
#755=VECTOR('',#754,1.708180822941E0);
#756=CARTESIAN_POINT('',(6.E-1,-2.4E0,-5.8E0));
#757=LINE('',#756,#755);
#758=DIRECTION('',(1.E0,0.E0,0.E0));
#759=VECTOR('',#758,3.E-1);
#760=CARTESIAN_POINT('',(6.E-1,-6.918191770586E-1,-5.8E0));
#761=LINE('',#760,#759);
#762=DIRECTION('',(0.E0,1.E0,0.E0));
#763=VECTOR('',#762,1.708180822941E0);
#764=CARTESIAN_POINT('',(9.E-1,-2.4E0,-5.8E0));
#765=LINE('',#764,#763);
#766=DIRECTION('',(1.E0,0.E0,0.E0));
#767=VECTOR('',#766,2.3E0);
#768=CARTESIAN_POINT('',(9.E-1,-2.4E0,-5.8E0));
#769=LINE('',#768,#767);
#770=DIRECTION('',(0.E0,1.E0,0.E0));
#771=VECTOR('',#770,1.8E0);
#772=CARTESIAN_POINT('',(3.2E0,-2.4E0,-5.8E0));
#773=LINE('',#772,#771);
#774=DIRECTION('',(0.E0,-1.E0,0.E0));
#775=VECTOR('',#774,3.E0);
#776=CARTESIAN_POINT('',(2.145E0,2.4E0,-5.8E0));
#777=LINE('',#776,#775);
#778=DIRECTION('',(-1.E0,0.E0,0.E0));
#779=VECTOR('',#778,4.29E0);
#780=CARTESIAN_POINT('',(2.145E0,2.4E0,-5.8E0));
#781=LINE('',#780,#779);
#782=DIRECTION('',(0.E0,1.E0,0.E0));
#783=VECTOR('',#782,3.E0);
#784=CARTESIAN_POINT('',(-2.145E0,-6.E-1,-5.8E0));
#785=LINE('',#784,#783);
#786=DIRECTION('',(0.E0,-1.E0,0.E0));
#787=VECTOR('',#786,1.8E0);
#788=CARTESIAN_POINT('',(-3.2E0,-6.E-1,-5.8E0));
#789=LINE('',#788,#787);
#790=DIRECTION('',(1.E0,0.E0,0.E0));
#791=VECTOR('',#790,2.3E0);
#792=CARTESIAN_POINT('',(-3.2E0,-2.4E0,-5.8E0));
#793=LINE('',#792,#791);
#794=DIRECTION('',(0.E0,1.E0,0.E0));
#795=VECTOR('',#794,1.708180822941E0);
#796=CARTESIAN_POINT('',(-9.E-1,-2.4E0,-5.8E0));
#797=LINE('',#796,#795);
#798=DIRECTION('',(1.E0,0.E0,0.E0));
#799=VECTOR('',#798,3.E-1);
#800=CARTESIAN_POINT('',(-9.E-1,-6.918191770586E-1,-5.8E0));
#801=LINE('',#800,#799);
#802=DIRECTION('',(0.E0,1.E0,0.E0));
#803=VECTOR('',#802,1.708180822941E0);
#804=CARTESIAN_POINT('',(-6.E-1,-2.4E0,-5.8E0));
#805=LINE('',#804,#803);
#806=DIRECTION('',(1.E0,0.E0,0.E0));
#807=VECTOR('',#806,1.2E0);
#808=CARTESIAN_POINT('',(-6.E-1,-2.4E0,-5.8E0));
#809=LINE('',#808,#807);
#810=DIRECTION('',(1.E0,0.E0,0.E0));
#811=VECTOR('',#810,3.E-1);
#812=CARTESIAN_POINT('',(6.E-1,-3.254547919942E0,-5.893209606013E0));
#813=LINE('',#812,#811);
#814=DIRECTION('',(1.E0,0.E0,0.E0));
#815=VECTOR('',#814,3.E-1);
#816=CARTESIAN_POINT('',(6.E-1,-3.265452080061E0,-5.593407839354E0));
#817=LINE('',#816,#815);
#818=DIRECTION('',(0.E0,9.993392221981E-1,3.634720039469E-2));
#819=VECTOR('',#818,2.564423256846E0);
#820=CARTESIAN_POINT('',(9.E-1,-3.254547919942E0,-5.893209606013E0));
#821=LINE('',#820,#819);
#822=DIRECTION('',(0.E0,3.634720039469E-2,-9.993392221981E-1));
#823=VECTOR('',#822,3.E-1);
#824=CARTESIAN_POINT('',(9.E-1,-3.265452080061E0,-5.593407839354E0));
#825=LINE('',#824,#823);
#826=DIRECTION('',(0.E0,-9.993392221981E-1,-3.634720039470E-2));
#827=VECTOR('',#826,8.660243297136E-1);
#828=CARTESIAN_POINT('',(9.E-1,-2.4E0,-5.561930279495E0));
#829=LINE('',#828,#827);
#830=DIRECTION('',(0.E0,0.E0,-1.E0));
#831=VECTOR('',#830,2.3E0);
#832=CARTESIAN_POINT('',(9.E-1,-5.5E-1,-2.1E0));
#833=LINE('',#832,#831);
#834=DIRECTION('',(0.E0,-1.E0,0.E0));
#835=VECTOR('',#834,3.E-1);
#836=CARTESIAN_POINT('',(9.E-1,-2.5E-1,-2.1E0));
#837=LINE('',#836,#835);
#838=DIRECTION('',(0.E0,0.E0,1.E0));
#839=VECTOR('',#838,2.3E0);
#840=CARTESIAN_POINT('',(9.E-1,-2.5E-1,-4.4E0));
#841=LINE('',#840,#839);
#842=DIRECTION('',(-1.E0,0.E0,0.E0));
#843=VECTOR('',#842,3.7E-1);
#844=CARTESIAN_POINT('',(-1.125E0,5.E-1,-4.4E0));
#845=LINE('',#844,#843);
#846=DIRECTION('',(0.E0,-1.E0,0.E0));
#847=VECTOR('',#846,1.325E0);
#848=CARTESIAN_POINT('',(-1.125E0,1.825E0,-4.4E0));
#849=LINE('',#848,#847);
#850=DIRECTION('',(-1.E0,0.E0,0.E0));
#851=VECTOR('',#850,2.25E0);
#852=CARTESIAN_POINT('',(1.125E0,1.825E0,-4.4E0));
#853=LINE('',#852,#851);
#854=DIRECTION('',(0.E0,1.E0,0.E0));
#855=VECTOR('',#854,1.325E0);
#856=CARTESIAN_POINT('',(1.125E0,5.E-1,-4.4E0));
#857=LINE('',#856,#855);
#858=DIRECTION('',(-1.E0,0.E0,0.E0));
#859=VECTOR('',#858,3.7E-1);
#860=CARTESIAN_POINT('',(1.495E0,5.E-1,-4.4E0));
#861=LINE('',#860,#859);
#862=DIRECTION('',(0.E0,-1.E0,0.E0));
#863=VECTOR('',#862,1.3E0);
#864=CARTESIAN_POINT('',(1.495E0,1.8E0,-4.4E0));
#865=LINE('',#864,#863);
#866=DIRECTION('',(-1.E0,0.E0,0.E0));
#867=VECTOR('',#866,6.2E-1);
#868=CARTESIAN_POINT('',(2.115E0,1.8E0,-4.4E0));
#869=LINE('',#868,#867);
#870=DIRECTION('',(0.E0,1.E0,0.E0));
#871=VECTOR('',#870,3.7E0);
#872=CARTESIAN_POINT('',(2.115E0,-1.9E0,-4.4E0));
#873=LINE('',#872,#871);
#874=DIRECTION('',(1.E0,0.E0,0.E0));
#875=VECTOR('',#874,4.23E0);
#876=CARTESIAN_POINT('',(-2.115E0,-1.9E0,-4.4E0));
#877=LINE('',#876,#875);
#878=DIRECTION('',(0.E0,-1.E0,0.E0));
#879=VECTOR('',#878,3.2E0);
#880=CARTESIAN_POINT('',(-2.115E0,1.3E0,-4.4E0));
#881=LINE('',#880,#879);
#882=DIRECTION('',(-1.E0,0.E0,0.E0));
#883=VECTOR('',#882,6.2E-1);
#884=CARTESIAN_POINT('',(-1.495E0,1.3E0,-4.4E0));
#885=LINE('',#884,#883);
#886=DIRECTION('',(0.E0,1.E0,0.E0));
#887=VECTOR('',#886,8.E-1);
#888=CARTESIAN_POINT('',(-1.495E0,5.E-1,-4.4E0));
#889=LINE('',#888,#887);
#890=DIRECTION('',(0.E0,1.E0,0.E0));
#891=VECTOR('',#890,3.E-1);
#892=CARTESIAN_POINT('',(-9.E-1,-5.5E-1,-4.4E0));
#893=LINE('',#892,#891);
#894=DIRECTION('',(1.E0,0.E0,0.E0));
#895=VECTOR('',#894,3.E-1);
#896=CARTESIAN_POINT('',(-9.E-1,-5.5E-1,-4.4E0));
#897=LINE('',#896,#895);
#898=DIRECTION('',(0.E0,1.E0,0.E0));
#899=VECTOR('',#898,3.E-1);
#900=CARTESIAN_POINT('',(-6.E-1,-5.5E-1,-4.4E0));
#901=LINE('',#900,#899);
#902=DIRECTION('',(1.E0,0.E0,0.E0));
#903=VECTOR('',#902,3.E-1);
#904=CARTESIAN_POINT('',(-9.E-1,-2.5E-1,-4.4E0));
#905=LINE('',#904,#903);
#906=DIRECTION('',(0.E0,1.E0,0.E0));
#907=VECTOR('',#906,3.E-1);
#908=CARTESIAN_POINT('',(6.E-1,-5.5E-1,-4.4E0));
#909=LINE('',#908,#907);
#910=DIRECTION('',(1.E0,0.E0,0.E0));
#911=VECTOR('',#910,3.E-1);
#912=CARTESIAN_POINT('',(6.E-1,-5.5E-1,-4.4E0));
#913=LINE('',#912,#911);
#914=DIRECTION('',(0.E0,1.E0,0.E0));
#915=VECTOR('',#914,3.E-1);
#916=CARTESIAN_POINT('',(9.E-1,-5.5E-1,-4.4E0));
#917=LINE('',#916,#915);
#918=DIRECTION('',(1.E0,0.E0,0.E0));
#919=VECTOR('',#918,3.E-1);
#920=CARTESIAN_POINT('',(6.E-1,-2.5E-1,-4.4E0));
#921=LINE('',#920,#919);
#922=DIRECTION('',(0.E0,1.E0,0.E0));
#923=VECTOR('',#922,7.5E-1);
#924=CARTESIAN_POINT('',(-6.5625E-1,-1.8E0,-4.4E0));
#925=LINE('',#924,#923);
#926=DIRECTION('',(-1.E0,0.E0,0.E0));
#927=VECTOR('',#926,9.375E-2);
#928=CARTESIAN_POINT('',(-6.5625E-1,-1.05E0,-4.4E0));
#929=LINE('',#928,#927);
#930=DIRECTION('',(-6.428712937139E-1,-7.659742160926E-1,0.E0));
#931=VECTOR('',#930,1.458301232559E-1);
#932=CARTESIAN_POINT('',(-7.5E-1,-1.05E0,-4.4E0));
#933=LINE('',#932,#931);
#934=DIRECTION('',(0.E0,-1.E0,0.E0));
#935=VECTOR('',#934,1.276596039534E-1);
#936=CARTESIAN_POINT('',(-8.4375E-1,-1.161702114344E0,-4.4E0));
#937=LINE('',#936,#935);
#938=DIRECTION('',(6.428711427642E-1,7.659743427825E-1,0.E0));
#939=VECTOR('',#938,1.458301574977E-1);
#940=CARTESIAN_POINT('',(-8.4375E-1,-1.289361718297E0,-4.4E0));
#941=LINE('',#940,#939);
#942=DIRECTION('',(0.E0,-1.E0,0.E0));
#943=VECTOR('',#942,6.223404407501E-1);
#944=CARTESIAN_POINT('',(-7.5E-1,-1.177659559250E0,-4.4E0));
#945=LINE('',#944,#943);
#946=DIRECTION('',(1.E0,0.E0,0.E0));
#947=VECTOR('',#946,9.375E-2);
#948=CARTESIAN_POINT('',(-7.5E-1,-1.8E0,-4.4E0));
#949=LINE('',#948,#947);
#950=DIRECTION('',(0.E0,0.E0,1.E0));
#951=VECTOR('',#950,4.4E0);
#952=CARTESIAN_POINT('',(1.125E0,5.E-1,-4.4E0));
#953=LINE('',#952,#951);
#954=DIRECTION('',(-7.071067811865E-1,0.E0,7.071067811865E-1));
#955=VECTOR('',#954,2.828427124746E-1);
#956=CARTESIAN_POINT('',(1.495E0,5.E-1,-2.E-1));
#957=LINE('',#956,#955);
#958=DIRECTION('',(0.E0,0.E0,-1.E0));
#959=VECTOR('',#958,4.2E0);
#960=CARTESIAN_POINT('',(1.495E0,5.E-1,-2.E-1));
#961=LINE('',#960,#959);
#962=DIRECTION('',(0.E0,0.E0,1.E0));
#963=VECTOR('',#962,4.4E0);
#964=CARTESIAN_POINT('',(-1.125E0,5.E-1,-4.4E0));
#965=LINE('',#964,#963);
#966=DIRECTION('',(-7.071067811865E-1,0.E0,-7.071067811865E-1));
#967=VECTOR('',#966,2.828427124746E-1);
#968=CARTESIAN_POINT('',(-1.295E0,5.E-1,0.E0));
#969=LINE('',#968,#967);
#970=DIRECTION('',(1.E0,0.E0,0.E0));
#971=VECTOR('',#970,3.15E-1);
#972=CARTESIAN_POINT('',(1.96E0,-2.4E0,0.E0));
#973=LINE('',#972,#971);
#974=DIRECTION('',(0.E0,-1.E0,0.E0));
#975=VECTOR('',#974,1.E-1);
#976=CARTESIAN_POINT('',(1.96E0,-2.4E0,0.E0));
#977=LINE('',#976,#975);
#978=DIRECTION('',(1.E0,0.E0,0.E0));
#979=VECTOR('',#978,2.32E0);
#980=CARTESIAN_POINT('',(-1.16E0,-2.4E0,0.E0));
#981=LINE('',#980,#979);
#982=DIRECTION('',(0.E0,-1.E0,0.E0));
#983=VECTOR('',#982,1.E-1);
#984=CARTESIAN_POINT('',(-1.16E0,-2.4E0,0.E0));
#985=LINE('',#984,#983);
#986=DIRECTION('',(1.E0,0.E0,0.E0));
#987=VECTOR('',#986,3.15E-1);
#988=CARTESIAN_POINT('',(-2.275E0,-2.4E0,0.E0));
#989=LINE('',#988,#987);
#990=DIRECTION('',(7.071067811865E-1,-7.071067811865E-1,0.E0));
#991=VECTOR('',#990,2.121320343560E-1);
#992=CARTESIAN_POINT('',(-2.425E0,-2.25E0,0.E0));
#993=LINE('',#992,#991);
#994=DIRECTION('',(0.E0,-1.E0,0.E0));
#995=VECTOR('',#994,1.25E0);
#996=CARTESIAN_POINT('',(-2.425E0,-1.E0,0.E0));
#997=LINE('',#996,#995);
#998=DIRECTION('',(0.E0,1.E0,0.E0));
#999=VECTOR('',#998,2.E-1);
#1000=CARTESIAN_POINT('',(-2.425E0,-1.E0,0.E0));
#1001=LINE('',#1000,#999);
#1002=DIRECTION('',(0.E0,-1.E0,0.E0));
#1003=VECTOR('',#1002,4.5E-1);
#1004=CARTESIAN_POINT('',(-2.425E0,-3.5E-1,0.E0));
#1005=LINE('',#1004,#1003);
#1006=DIRECTION('',(1.E0,0.E0,0.E0));
#1007=VECTOR('',#1006,7.75E-1);
#1008=CARTESIAN_POINT('',(-3.2E0,-3.5E-1,0.E0));
#1009=LINE('',#1008,#1007);
#1010=DIRECTION('',(0.E0,-1.E0,0.E0));
#1011=VECTOR('',#1010,2.75E0);
#1012=CARTESIAN_POINT('',(-3.2E0,2.4E0,0.E0));
#1013=LINE('',#1012,#1011);
#1014=DIRECTION('',(-1.E0,0.E0,0.E0));
#1015=VECTOR('',#1014,6.4E0);
#1016=CARTESIAN_POINT('',(3.2E0,2.4E0,0.E0));
#1017=LINE('',#1016,#1015);
#1018=DIRECTION('',(0.E0,1.E0,0.E0));
#1019=VECTOR('',#1018,2.75E0);
#1020=CARTESIAN_POINT('',(3.2E0,-3.5E-1,0.E0));
#1021=LINE('',#1020,#1019);
#1022=DIRECTION('',(1.E0,0.E0,0.E0));
#1023=VECTOR('',#1022,7.75E-1);
#1024=CARTESIAN_POINT('',(2.425E0,-3.5E-1,0.E0));
#1025=LINE('',#1024,#1023);
#1026=DIRECTION('',(0.E0,1.E0,0.E0));
#1027=VECTOR('',#1026,4.5E-1);
#1028=CARTESIAN_POINT('',(2.425E0,-8.E-1,0.E0));
#1029=LINE('',#1028,#1027);
#1030=DIRECTION('',(0.E0,-1.E0,0.E0));
#1031=VECTOR('',#1030,2.E-1);
#1032=CARTESIAN_POINT('',(2.425E0,-8.E-1,0.E0));
#1033=LINE('',#1032,#1031);
#1034=DIRECTION('',(0.E0,1.E0,0.E0));
#1035=VECTOR('',#1034,1.25E0);
#1036=CARTESIAN_POINT('',(2.425E0,-2.25E0,0.E0));
#1037=LINE('',#1036,#1035);
#1038=DIRECTION('',(7.071067811865E-1,7.071067811865E-1,0.E0));
#1039=VECTOR('',#1038,2.121320343560E-1);
#1040=CARTESIAN_POINT('',(2.275E0,-2.4E0,0.E0));
#1041=LINE('',#1040,#1039);
#1042=DIRECTION('',(-1.E0,0.E0,0.E0));
#1043=VECTOR('',#1042,7.75E-1);
#1044=CARTESIAN_POINT('',(1.125E0,1.825E0,0.E0));
#1045=LINE('',#1044,#1043);
#1046=DIRECTION('',(-1.E0,0.E0,0.E0));
#1047=VECTOR('',#1046,7.75E-1);
#1048=CARTESIAN_POINT('',(-3.5E-1,1.825E0,0.E0));
#1049=LINE('',#1048,#1047);
#1050=DIRECTION('',(0.E0,-1.E0,0.E0));
#1051=VECTOR('',#1050,1.325E0);
#1052=CARTESIAN_POINT('',(-1.125E0,1.825E0,0.E0));
#1053=LINE('',#1052,#1051);
#1054=DIRECTION('',(-1.E0,0.E0,0.E0));
#1055=VECTOR('',#1054,1.7E-1);
#1056=CARTESIAN_POINT('',(-1.125E0,5.E-1,0.E0));
#1057=LINE('',#1056,#1055);
#1058=DIRECTION('',(0.E0,-1.E0,0.E0));
#1059=VECTOR('',#1058,1.E0);
#1060=CARTESIAN_POINT('',(-1.295E0,1.5E0,0.E0));
#1061=LINE('',#1060,#1059);
#1062=DIRECTION('',(0.E0,-1.E0,0.E0));
#1063=VECTOR('',#1062,3.486602540378E0);
#1064=CARTESIAN_POINT('',(-2.201602540378E0,1.5E0,0.E0));
#1065=LINE('',#1064,#1063);
#1066=DIRECTION('',(-1.E0,0.E0,0.E0));
#1067=VECTOR('',#1066,4.403205080757E0);
#1068=CARTESIAN_POINT('',(2.201602540378E0,-1.986602540378E0,0.E0));
#1069=LINE('',#1068,#1067);
#1070=DIRECTION('',(0.E0,1.E0,0.E0));
#1071=VECTOR('',#1070,3.986602540378E0);
#1072=CARTESIAN_POINT('',(2.201602540378E0,-1.986602540378E0,0.E0));
#1073=LINE('',#1072,#1071);
#1074=DIRECTION('',(0.E0,1.E0,0.E0));
#1075=VECTOR('',#1074,1.5E0);
#1076=CARTESIAN_POINT('',(1.295E0,5.E-1,0.E0));
#1077=LINE('',#1076,#1075);
#1078=DIRECTION('',(-1.E0,0.E0,0.E0));
#1079=VECTOR('',#1078,1.7E-1);
#1080=CARTESIAN_POINT('',(1.295E0,5.E-1,0.E0));
#1081=LINE('',#1080,#1079);
#1082=DIRECTION('',(0.E0,1.E0,0.E0));
#1083=VECTOR('',#1082,1.325E0);
#1084=CARTESIAN_POINT('',(1.125E0,5.E-1,0.E0));
#1085=LINE('',#1084,#1083);
#1086=DIRECTION('',(0.E0,-1.E0,0.E0));
#1087=VECTOR('',#1086,1.E-1);
#1088=CARTESIAN_POINT('',(1.96E0,-2.4E0,-1.5E0));
#1089=LINE('',#1088,#1087);
#1090=DIRECTION('',(0.E0,-1.E0,0.E0));
#1091=VECTOR('',#1090,1.E-1);
#1092=CARTESIAN_POINT('',(1.16E0,-2.4E0,-1.5E0));
#1093=LINE('',#1092,#1091);
#1094=DIRECTION('',(0.E0,-1.E0,0.E0));
#1095=VECTOR('',#1094,1.E-1);
#1096=CARTESIAN_POINT('',(1.16E0,-2.4E0,0.E0));
#1097=LINE('',#1096,#1095);
#1098=DIRECTION('',(0.E0,0.E0,-1.E0));
#1099=VECTOR('',#1098,1.5E0);
#1100=CARTESIAN_POINT('',(-1.96E0,-2.5E0,0.E0));
#1101=LINE('',#1100,#1099);
#1102=DIRECTION('',(-1.E0,0.E0,0.E0));
#1103=VECTOR('',#1102,8.E-1);
#1104=CARTESIAN_POINT('',(-1.16E0,-2.5E0,0.E0));
#1105=LINE('',#1104,#1103);
#1106=DIRECTION('',(0.E0,0.E0,1.E0));
#1107=VECTOR('',#1106,1.5E0);
#1108=CARTESIAN_POINT('',(-1.16E0,-2.5E0,-1.5E0));
#1109=LINE('',#1108,#1107);
#1110=DIRECTION('',(1.E0,0.E0,0.E0));
#1111=VECTOR('',#1110,8.E-1);
#1112=CARTESIAN_POINT('',(-1.96E0,-2.5E0,-1.5E0));
#1113=LINE('',#1112,#1111);
#1114=DIRECTION('',(-1.E0,0.E0,0.E0));
#1115=VECTOR('',#1114,8.E-1);
#1116=CARTESIAN_POINT('',(1.96E0,-2.5E0,0.E0));
#1117=LINE('',#1116,#1115);
#1118=DIRECTION('',(0.E0,0.E0,1.E0));
#1119=VECTOR('',#1118,1.5E0);
#1120=CARTESIAN_POINT('',(1.96E0,-2.5E0,-1.5E0));
#1121=LINE('',#1120,#1119);
#1122=DIRECTION('',(1.E0,0.E0,0.E0));
#1123=VECTOR('',#1122,8.E-1);
#1124=CARTESIAN_POINT('',(1.16E0,-2.5E0,-1.5E0));
#1125=LINE('',#1124,#1123);
#1126=DIRECTION('',(0.E0,0.E0,-1.E0));
#1127=VECTOR('',#1126,1.5E0);
#1128=CARTESIAN_POINT('',(1.16E0,-2.5E0,0.E0));
#1129=LINE('',#1128,#1127);
#1130=DIRECTION('',(0.E0,-1.E0,0.E0));
#1131=VECTOR('',#1130,1.E-1);
#1132=CARTESIAN_POINT('',(-1.96E0,-2.4E0,0.E0));
#1133=LINE('',#1132,#1131);
#1134=DIRECTION('',(0.E0,-1.E0,0.E0));
#1135=VECTOR('',#1134,1.E-1);
#1136=CARTESIAN_POINT('',(-1.96E0,-2.4E0,-1.5E0));
#1137=LINE('',#1136,#1135);
#1138=DIRECTION('',(0.E0,-1.E0,0.E0));
#1139=VECTOR('',#1138,1.E-1);
#1140=CARTESIAN_POINT('',(-1.16E0,-2.4E0,-1.5E0));
#1141=LINE('',#1140,#1139);
#1142=DIRECTION('',(-3.015113445778E-1,3.015113445778E-1,-9.045340337333E-1));
#1143=VECTOR('',#1142,3.316624790355E-1);
#1144=CARTESIAN_POINT('',(-2.425E0,-2.25E0,0.E0));
#1145=LINE('',#1144,#1143);
#1146=DIRECTION('',(-7.071067811865E-1,7.071067811865E-1,0.E0));
#1147=VECTOR('',#1146,3.535533905933E-1);
#1148=CARTESIAN_POINT('',(-2.275E0,-2.4E0,-2.15E0));
#1149=LINE('',#1148,#1147);
#1150=DIRECTION('',(0.E0,-1.E0,0.E0));
#1151=VECTOR('',#1150,1.15E0);
#1152=CARTESIAN_POINT('',(-2.525E0,-1.E0,-3.E-1));
#1153=LINE('',#1152,#1151);
#1154=DIRECTION('',(0.E0,0.E0,-1.E0));
#1155=VECTOR('',#1154,1.85E0);
#1156=CARTESIAN_POINT('',(-2.525E0,-2.15E0,-3.E-1));
#1157=LINE('',#1156,#1155);
#1158=DIRECTION('',(0.E0,-1.E0,0.E0));
#1159=VECTOR('',#1158,1.3E-1);
#1160=CARTESIAN_POINT('',(-2.525E0,-2.02E0,-2.15E0));
#1161=LINE('',#1160,#1159);
#1162=DIRECTION('',(0.E0,0.E0,-1.E0));
#1163=VECTOR('',#1162,4.E-1);
#1164=CARTESIAN_POINT('',(-2.525E0,-1.92E0,-2.25E0));
#1165=LINE('',#1164,#1163);
#1166=DIRECTION('',(0.E0,0.E0,1.E0));
#1167=VECTOR('',#1166,1.75E0);
#1168=CARTESIAN_POINT('',(-2.525E0,-1.5E0,-2.65E0));
#1169=LINE('',#1168,#1167);
#1170=DIRECTION('',(0.E0,-1.E0,0.E0));
#1171=VECTOR('',#1170,3.E-1);
#1172=CARTESIAN_POINT('',(-2.525E0,-1.1E0,-8.E-1));
#1173=LINE('',#1172,#1171);
#1174=DIRECTION('',(0.E0,0.E0,1.E0));
#1175=VECTOR('',#1174,6.E-1);
#1176=CARTESIAN_POINT('',(-2.525E0,-1.E0,-9.E-1));
#1177=LINE('',#1176,#1175);
#1178=DIRECTION('',(0.E0,-1.E0,0.E0));
#1179=VECTOR('',#1178,3.5E-1);
#1180=CARTESIAN_POINT('',(-2.525E0,-4.5E-1,-3.E-1));
#1181=LINE('',#1180,#1179);
#1182=DIRECTION('',(0.E0,0.E0,-1.E0));
#1183=VECTOR('',#1182,2.35E0);
#1184=CARTESIAN_POINT('',(-2.525E0,-8.E-1,-3.E-1));
#1185=LINE('',#1184,#1183);
#1186=DIRECTION('',(0.E0,0.E0,1.E0));
#1187=VECTOR('',#1186,1.02E0);
#1188=CARTESIAN_POINT('',(-2.525E0,1.55E0,-5.42E0));
#1189=LINE('',#1188,#1187);
#1190=DIRECTION('',(0.E0,1.E0,0.E0));
#1191=VECTOR('',#1190,5.5E-1);
#1192=CARTESIAN_POINT('',(-2.525E0,1.55E0,-5.42E0));
#1193=LINE('',#1192,#1191);
#1194=DIRECTION('',(0.E0,0.E0,1.E0));
#1195=VECTOR('',#1194,1.02E0);
#1196=CARTESIAN_POINT('',(-2.525E0,2.1E0,-5.42E0));
#1197=LINE('',#1196,#1195);
#1198=DIRECTION('',(0.E0,-1.E0,0.E0));
#1199=VECTOR('',#1198,5.5E-1);
#1200=CARTESIAN_POINT('',(-2.525E0,2.1E0,-4.4E0));
#1201=LINE('',#1200,#1199);
#1202=DIRECTION('',(0.E0,0.E0,1.E0));
#1203=VECTOR('',#1202,3.5E-1);
#1204=CARTESIAN_POINT('',(-2.525E0,1.55E0,-4.2E0));
#1205=LINE('',#1204,#1203);
#1206=DIRECTION('',(0.E0,-1.E0,0.E0));
#1207=VECTOR('',#1206,5.5E-1);
#1208=CARTESIAN_POINT('',(-2.525E0,2.1E0,-4.2E0));
#1209=LINE('',#1208,#1207);
#1210=DIRECTION('',(0.E0,0.E0,1.E0));
#1211=VECTOR('',#1210,3.5E-1);
#1212=CARTESIAN_POINT('',(-2.525E0,2.1E0,-4.2E0));
#1213=LINE('',#1212,#1211);
#1214=DIRECTION('',(0.E0,0.E0,1.E0));
#1215=VECTOR('',#1214,5.2E-1);
#1216=CARTESIAN_POINT('',(-2.525E0,-4.5E-1,-5.42E0));
#1217=LINE('',#1216,#1215);
#1218=DIRECTION('',(0.E0,-1.E0,0.E0));
#1219=VECTOR('',#1218,6.5E-1);
#1220=CARTESIAN_POINT('',(-2.525E0,-4.5E-1,-4.9E0));
#1221=LINE('',#1220,#1219);
#1222=DIRECTION('',(0.E0,1.E0,0.E0));
#1223=VECTOR('',#1222,4.E-1);
#1224=CARTESIAN_POINT('',(-2.525E0,-1.1E0,-5.32E0));
#1225=LINE('',#1224,#1223);
#1226=DIRECTION('',(0.E0,1.E0,0.E0));
#1227=VECTOR('',#1226,1.5E-1);
#1228=CARTESIAN_POINT('',(-2.525E0,-6.E-1,-5.42E0));
#1229=LINE('',#1228,#1227);
#1230=DIRECTION('',(-1.E0,0.E0,0.E0));
#1231=VECTOR('',#1230,9.25E-1);
#1232=CARTESIAN_POINT('',(-2.275E0,-2.4E0,-2.15E0));
#1233=LINE('',#1232,#1231);
#1234=DIRECTION('',(1.E0,0.E0,0.E0));
#1235=VECTOR('',#1234,3.E-1);
#1236=CARTESIAN_POINT('',(-3.2E0,-1.5E0,-2.15E0));
#1237=LINE('',#1236,#1235);
#1238=DIRECTION('',(0.E0,1.E0,0.E0));
#1239=VECTOR('',#1238,5.2E-1);
#1240=CARTESIAN_POINT('',(-2.9E0,-2.02E0,-2.15E0));
#1241=LINE('',#1240,#1239);
#1242=DIRECTION('',(-1.E0,0.E0,0.E0));
#1243=VECTOR('',#1242,3.75E-1);
#1244=CARTESIAN_POINT('',(-2.525E0,-2.02E0,-2.15E0));
#1245=LINE('',#1244,#1243);
#1246=DIRECTION('',(0.E0,-9.486832980505E-1,-3.162277660168E-1));
#1247=VECTOR('',#1246,3.162277660168E-1);
#1248=CARTESIAN_POINT('',(-3.2E0,2.4E0,-3.75E0));
#1249=LINE('',#1248,#1247);
#1250=DIRECTION('',(0.E0,0.E0,-1.E0));
#1251=VECTOR('',#1250,3.75E0);
#1252=CARTESIAN_POINT('',(-3.2E0,2.4E0,0.E0));
#1253=LINE('',#1252,#1251);
#1254=DIRECTION('',(0.E0,3.162277660168E-1,9.486832980505E-1));
#1255=VECTOR('',#1254,3.162277660168E-1);
#1256=CARTESIAN_POINT('',(-3.2E0,-4.5E-1,-3.E-1));
#1257=LINE('',#1256,#1255);
#1258=DIRECTION('',(0.E0,0.E0,-1.E0));
#1259=VECTOR('',#1258,5.E-1);
#1260=CARTESIAN_POINT('',(-3.2E0,-4.5E-1,-3.E-1));
#1261=LINE('',#1260,#1259);
#1262=DIRECTION('',(0.E0,-1.E0,0.E0));
#1263=VECTOR('',#1262,9.5E-1);
#1264=CARTESIAN_POINT('',(-3.2E0,-4.5E-1,-8.E-1));
#1265=LINE('',#1264,#1263);
#1266=DIRECTION('',(0.E0,7.071067811865E-1,7.071067811865E-1));
#1267=VECTOR('',#1266,1.414213562373E-1);
#1268=CARTESIAN_POINT('',(-3.2E0,-1.5E0,-9.E-1));
#1269=LINE('',#1268,#1267);
#1270=DIRECTION('',(0.E0,0.E0,-1.E0));
#1271=VECTOR('',#1270,1.25E0);
#1272=CARTESIAN_POINT('',(-3.2E0,-1.5E0,-9.E-1));
#1273=LINE('',#1272,#1271);
#1274=DIRECTION('',(0.E0,1.E0,0.E0));
#1275=VECTOR('',#1274,9.E-1);
#1276=CARTESIAN_POINT('',(-3.2E0,-2.4E0,-2.15E0));
#1277=LINE('',#1276,#1275);
#1278=DIRECTION('',(0.E0,0.E0,1.E0));
#1279=VECTOR('',#1278,9.E-1);
#1280=CARTESIAN_POINT('',(-3.2E0,-6.E-1,-5.8E0));
#1281=LINE('',#1280,#1279);
#1282=DIRECTION('',(0.E0,1.E0,0.E0));
#1283=VECTOR('',#1282,1.25E0);
#1284=CARTESIAN_POINT('',(-3.2E0,-6.E-1,-4.9E0));
#1285=LINE('',#1284,#1283);
#1286=DIRECTION('',(0.E0,-7.071067811865E-1,-7.071067811865E-1));
#1287=VECTOR('',#1286,1.414213562373E-1);
#1288=CARTESIAN_POINT('',(-3.2E0,7.5E-1,-4.8E0));
#1289=LINE('',#1288,#1287);
#1290=DIRECTION('',(0.E0,0.E0,1.E0));
#1291=VECTOR('',#1290,9.5E-1);
#1292=CARTESIAN_POINT('',(-3.2E0,7.5E-1,-4.8E0));
#1293=LINE('',#1292,#1291);
#1294=DIRECTION('',(0.E0,-1.E0,0.E0));
#1295=VECTOR('',#1294,1.35E0);
#1296=CARTESIAN_POINT('',(-3.2E0,2.1E0,-3.85E0));
#1297=LINE('',#1296,#1295);
#1298=DIRECTION('',(-1.E0,0.E0,0.E0));
#1299=VECTOR('',#1298,2.5E-2);
#1300=CARTESIAN_POINT('',(-2.775E0,-2.5E-1,-3.85E0));
#1301=LINE('',#1300,#1299);
#1302=DIRECTION('',(0.E0,1.E0,0.E0));
#1303=VECTOR('',#1302,1.8E0);
#1304=CARTESIAN_POINT('',(-2.775E0,-2.5E-1,-3.85E0));
#1305=LINE('',#1304,#1303);
#1306=DIRECTION('',(-1.E0,0.E0,0.E0));
#1307=VECTOR('',#1306,2.5E-1);
#1308=CARTESIAN_POINT('',(-2.525E0,1.55E0,-3.85E0));
#1309=LINE('',#1308,#1307);
#1310=DIRECTION('',(0.E0,1.E0,0.E0));
#1311=VECTOR('',#1310,5.5E-1);
#1312=CARTESIAN_POINT('',(-2.525E0,1.55E0,-3.85E0));
#1313=LINE('',#1312,#1311);
#1314=DIRECTION('',(-1.E0,0.E0,0.E0));
#1315=VECTOR('',#1314,6.75E-1);
#1316=CARTESIAN_POINT('',(-2.525E0,2.1E0,-3.85E0));
#1317=LINE('',#1316,#1315);
#1318=DIRECTION('',(1.E0,0.E0,0.E0));
#1319=VECTOR('',#1318,3.E-1);
#1320=CARTESIAN_POINT('',(-3.2E0,7.5E-1,-3.85E0));
#1321=LINE('',#1320,#1319);
#1322=DIRECTION('',(0.E0,0.E0,-1.E0));
#1323=VECTOR('',#1322,5.5E-1);
#1324=CARTESIAN_POINT('',(-2.775E0,-2.5E-1,-3.85E0));
#1325=LINE('',#1324,#1323);
#1326=DIRECTION('',(0.E0,-1.E0,0.E0));
#1327=VECTOR('',#1326,2.E0);
#1328=CARTESIAN_POINT('',(-2.775E0,1.55E0,-5.55E0));
#1329=LINE('',#1328,#1327);
#1330=DIRECTION('',(1.E0,0.E0,0.E0));
#1331=VECTOR('',#1330,1.25E-1);
#1332=CARTESIAN_POINT('',(-2.9E0,-2.5E-1,-4.4E0));
#1333=LINE('',#1332,#1331);
#1334=DIRECTION('',(-1.E0,0.E0,0.E0));
#1335=VECTOR('',#1334,1.25E-1);
#1336=CARTESIAN_POINT('',(-2.775E0,6.5E-1,-4.4E0));
#1337=LINE('',#1336,#1335);
#1338=DIRECTION('',(0.E0,1.E0,0.E0));
#1339=VECTOR('',#1338,9.E-1);
#1340=CARTESIAN_POINT('',(-2.775E0,-2.5E-1,-4.4E0));
#1341=LINE('',#1340,#1339);
#1342=DIRECTION('',(-1.E0,0.E0,0.E0));
#1343=VECTOR('',#1342,1.E-1);
#1344=CARTESIAN_POINT('',(-2.425E0,1.4E0,-4.4E0));
#1345=LINE('',#1344,#1343);
#1346=DIRECTION('',(0.E0,1.E0,0.E0));
#1347=VECTOR('',#1346,1.5E-1);
#1348=CARTESIAN_POINT('',(-2.525E0,1.4E0,-4.4E0));
#1349=LINE('',#1348,#1347);
#1350=DIRECTION('',(-3.162277660168E-1,-9.486832980505E-1,0.E0));
#1351=VECTOR('',#1350,3.162277660168E-1);
#1352=CARTESIAN_POINT('',(-2.425E0,2.4E0,-4.4E0));
#1353=LINE('',#1352,#1351);
#1354=DIRECTION('',(0.E0,-1.E0,0.E0));
#1355=VECTOR('',#1354,1.E0);
#1356=CARTESIAN_POINT('',(-2.425E0,2.4E0,-4.4E0));
#1357=LINE('',#1356,#1355);
#1358=DIRECTION('',(0.E0,0.E0,1.E0));
#1359=VECTOR('',#1358,2.E-1);
#1360=CARTESIAN_POINT('',(-2.9E0,-2.5E-1,-4.4E0));
#1361=LINE('',#1360,#1359);
#1362=DIRECTION('',(0.E0,0.E0,-1.E0));
#1363=VECTOR('',#1362,2.E-1);
#1364=CARTESIAN_POINT('',(-2.9E0,6.5E-1,-4.2E0));
#1365=LINE('',#1364,#1363);
#1366=DIRECTION('',(0.E0,-1.E0,0.E0));
#1367=VECTOR('',#1366,9.E-1);
#1368=CARTESIAN_POINT('',(-2.9E0,6.5E-1,-4.4E0));
#1369=LINE('',#1368,#1367);
#1370=DIRECTION('',(1.E0,0.E0,0.E0));
#1371=VECTOR('',#1370,1.E-1);
#1372=CARTESIAN_POINT('',(-2.9E0,-2.5E-1,-4.2E0));
#1373=LINE('',#1372,#1371);
#1374=DIRECTION('',(-1.E0,0.E0,0.E0));
#1375=VECTOR('',#1374,1.E-1);
#1376=CARTESIAN_POINT('',(-2.8E0,6.5E-1,-4.2E0));
#1377=LINE('',#1376,#1375);
#1378=DIRECTION('',(0.E0,-1.E0,0.E0));
#1379=VECTOR('',#1378,9.E-1);
#1380=CARTESIAN_POINT('',(-2.9E0,6.5E-1,-4.2E0));
#1381=LINE('',#1380,#1379);
#1382=DIRECTION('',(0.E0,0.E0,-1.E0));
#1383=VECTOR('',#1382,3.5E-1);
#1384=CARTESIAN_POINT('',(-2.8E0,-2.5E-1,-3.85E0));
#1385=LINE('',#1384,#1383);
#1386=DIRECTION('',(0.E0,1.E0,0.E0));
#1387=VECTOR('',#1386,9.E-1);
#1388=CARTESIAN_POINT('',(-2.8E0,-2.5E-1,-3.85E0));
#1389=LINE('',#1388,#1387);
#1390=DIRECTION('',(0.E0,0.E0,-1.E0));
#1391=VECTOR('',#1390,3.5E-1);
#1392=CARTESIAN_POINT('',(-2.8E0,6.5E-1,-3.85E0));
#1393=LINE('',#1392,#1391);
#1394=DIRECTION('',(0.E0,-1.E0,0.E0));
#1395=VECTOR('',#1394,9.E-1);
#1396=CARTESIAN_POINT('',(-2.8E0,6.5E-1,-4.2E0));
#1397=LINE('',#1396,#1395);
#1398=DIRECTION('',(-5.773502691896E-1,5.773502691896E-1,5.773502691896E-1));
#1399=VECTOR('',#1398,1.732050807569E-1);
#1400=CARTESIAN_POINT('',(-2.8E0,6.5E-1,-4.2E0));
#1401=LINE('',#1400,#1399);
#1402=DIRECTION('',(-7.071067811865E-1,7.071067811866E-1,0.E0));
#1403=VECTOR('',#1402,1.414213562373E-1);
#1404=CARTESIAN_POINT('',(-2.8E0,6.5E-1,-3.85E0));
#1405=LINE('',#1404,#1403);
#1406=DIRECTION('',(0.E0,0.E0,1.E0));
#1407=VECTOR('',#1406,3.E-1);
#1408=CARTESIAN_POINT('',(-2.775E0,7.5E-1,-4.8E0));
#1409=LINE('',#1408,#1407);
#1410=DIRECTION('',(-1.E0,0.E0,0.E0));
#1411=VECTOR('',#1410,2.25E-1);
#1412=CARTESIAN_POINT('',(-2.775E0,7.5E-1,-4.5E0));
#1413=LINE('',#1412,#1411);
#1414=DIRECTION('',(0.E0,0.E0,-1.E0));
#1415=VECTOR('',#1414,4.E-1);
#1416=CARTESIAN_POINT('',(-3.E0,7.5E-1,-4.1E0));
#1417=LINE('',#1416,#1415);
#1418=DIRECTION('',(-1.E0,0.E0,0.E0));
#1419=VECTOR('',#1418,1.E-1);
#1420=CARTESIAN_POINT('',(-2.9E0,7.5E-1,-4.1E0));
#1421=LINE('',#1420,#1419);
#1422=DIRECTION('',(0.E0,0.E0,-1.E0));
#1423=VECTOR('',#1422,2.5E-1);
#1424=CARTESIAN_POINT('',(-2.9E0,7.5E-1,-3.85E0));
#1425=LINE('',#1424,#1423);
#1426=DIRECTION('',(-1.E0,0.E0,0.E0));
#1427=VECTOR('',#1426,4.25E-1);
#1428=CARTESIAN_POINT('',(-2.775E0,7.5E-1,-4.8E0));
#1429=LINE('',#1428,#1427);
#1430=DIRECTION('',(0.E0,7.071067811865E-1,-7.071067811866E-1));
#1431=VECTOR('',#1430,1.414213562373E-1);
#1432=CARTESIAN_POINT('',(-2.775E0,6.5E-1,-4.4E0));
#1433=LINE('',#1432,#1431);
#1434=DIRECTION('',(-5.773502691896E-1,5.773502691896E-1,-5.773502691896E-1));
#1435=VECTOR('',#1434,1.732050807569E-1);
#1436=CARTESIAN_POINT('',(-2.9E0,6.5E-1,-4.4E0));
#1437=LINE('',#1436,#1435);
#1438=DIRECTION('',(-5.773502691896E-1,5.773502691896E-1,5.773502691896E-1));
#1439=VECTOR('',#1438,1.732050807569E-1);
#1440=CARTESIAN_POINT('',(-2.9E0,6.5E-1,-4.2E0));
#1441=LINE('',#1440,#1439);
#1442=DIRECTION('',(0.E0,-7.071067811865E-1,-7.071067811865E-1));
#1443=VECTOR('',#1442,1.414213562373E-1);
#1444=CARTESIAN_POINT('',(-2.775E0,7.5E-1,-4.8E0));
#1445=LINE('',#1444,#1443);
#1446=DIRECTION('',(-1.E0,0.E0,0.E0));
#1447=VECTOR('',#1446,2.5E-1);
#1448=CARTESIAN_POINT('',(-2.525E0,-4.5E-1,-4.9E0));
#1449=LINE('',#1448,#1447);
#1450=DIRECTION('',(0.E0,-1.E0,0.E0));
#1451=VECTOR('',#1450,1.1E0);
#1452=CARTESIAN_POINT('',(-2.775E0,6.5E-1,-4.9E0));
#1453=LINE('',#1452,#1451);
#1454=DIRECTION('',(-1.E0,0.E0,0.E0));
#1455=VECTOR('',#1454,4.25E-1);
#1456=CARTESIAN_POINT('',(-2.775E0,6.5E-1,-4.9E0));
#1457=LINE('',#1456,#1455);
#1458=DIRECTION('',(1.E0,0.E0,0.E0));
#1459=VECTOR('',#1458,3.E-1);
#1460=CARTESIAN_POINT('',(-3.2E0,-6.E-1,-4.9E0));
#1461=LINE('',#1460,#1459);
#1462=DIRECTION('',(1.E0,0.E0,0.E0));
#1463=VECTOR('',#1462,1.055E0);
#1464=CARTESIAN_POINT('',(-3.2E0,-6.E-1,-5.8E0));
#1465=LINE('',#1464,#1463);
#1466=DIRECTION('',(1.E0,0.E0,0.E0));
#1467=VECTOR('',#1466,3.75E-1);
#1468=CARTESIAN_POINT('',(-2.9E0,-6.E-1,-5.42E0));
#1469=LINE('',#1468,#1467);
#1470=DIRECTION('',(0.E0,0.E0,-1.E0));
#1471=VECTOR('',#1470,5.2E-1);
#1472=CARTESIAN_POINT('',(-2.9E0,-6.E-1,-4.9E0));
#1473=LINE('',#1472,#1471);
#1474=DIRECTION('',(0.E0,1.E0,0.E0));
#1475=VECTOR('',#1474,2.E0);
#1476=CARTESIAN_POINT('',(-2.525E0,-4.5E-1,-5.42E0));
#1477=LINE('',#1476,#1475);
#1478=DIRECTION('',(7.071067811865E-1,0.E0,-7.071067811865E-1));
#1479=VECTOR('',#1478,5.374011537018E-1);
#1480=CARTESIAN_POINT('',(-2.525E0,-6.E-1,-5.42E0));
#1481=LINE('',#1480,#1479);
#1482=DIRECTION('',(0.E0,0.E0,-1.E0));
#1483=VECTOR('',#1482,2.E-1);
#1484=CARTESIAN_POINT('',(-2.525E0,1.4E0,-4.2E0));
#1485=LINE('',#1484,#1483);
#1486=DIRECTION('',(0.E0,-1.E0,0.E0));
#1487=VECTOR('',#1486,2.E0);
#1488=CARTESIAN_POINT('',(-2.525E0,1.55E0,-5.55E0));
#1489=LINE('',#1488,#1487);
#1490=CARTESIAN_POINT('',(-3.075E0,1.25E0,-5.9E0));
#1491=DIRECTION('',(0.E0,0.E0,-1.E0));
#1492=DIRECTION('',(-1.E0,0.E0,0.E0));
#1493=AXIS2_PLACEMENT_3D('',#1490,#1491,#1492);
#1495=CARTESIAN_POINT('',(-3.075E0,-1.5E-1,-5.9E0));
#1496=DIRECTION('',(0.E0,0.E0,-1.E0));
#1497=DIRECTION('',(0.E0,-1.E0,0.E0));
#1498=AXIS2_PLACEMENT_3D('',#1495,#1496,#1497);
#1500=DIRECTION('',(0.E0,-1.E0,0.E0));
#1501=VECTOR('',#1500,2.E0);
#1502=CARTESIAN_POINT('',(-2.875E0,1.55E0,-5.9E0));
#1503=LINE('',#1502,#1501);
#1504=CARTESIAN_POINT('',(-3.075E0,1.25E0,-5.65E0));
#1505=DIRECTION('',(0.E0,0.E0,1.E0));
#1506=DIRECTION('',(0.E0,1.E0,0.E0));
#1507=AXIS2_PLACEMENT_3D('',#1504,#1505,#1506);
#1509=CARTESIAN_POINT('',(-3.075E0,-1.5E-1,-5.65E0));
#1510=DIRECTION('',(0.E0,0.E0,1.E0));
#1511=DIRECTION('',(-1.E0,0.E0,0.E0));
#1512=AXIS2_PLACEMENT_3D('',#1509,#1510,#1511);
#1514=DIRECTION('',(0.E0,-1.E0,0.E0));
#1515=VECTOR('',#1514,1.4E0);
#1516=CARTESIAN_POINT('',(-3.375E0,1.25E0,-5.65E0));
#1517=LINE('',#1516,#1515);
#1518=DIRECTION('',(0.E0,-1.E0,0.E0));
#1519=VECTOR('',#1518,2.E0);
#1520=CARTESIAN_POINT('',(-2.875E0,1.55E0,-5.65E0));
#1521=LINE('',#1520,#1519);
#1522=DIRECTION('',(0.E0,0.E0,1.E0));
#1523=VECTOR('',#1522,2.5E-1);
#1524=CARTESIAN_POINT('',(-3.375E0,1.25E0,-5.9E0));
#1525=LINE('',#1524,#1523);
#1526=DIRECTION('',(0.E0,0.E0,-1.E0));
#1527=VECTOR('',#1526,2.5E-1);
#1528=CARTESIAN_POINT('',(-3.375E0,-1.5E-1,-5.65E0));
#1529=LINE('',#1528,#1527);
#1530=DIRECTION('',(0.E0,-1.E0,0.E0));
#1531=VECTOR('',#1530,1.4E0);
#1532=CARTESIAN_POINT('',(-3.375E0,1.25E0,-5.9E0));
#1533=LINE('',#1532,#1531);
#1534=DIRECTION('',(0.E0,0.E0,-1.E0));
#1535=VECTOR('',#1534,2.E-1);
#1536=CARTESIAN_POINT('',(-2.425E0,1.4E0,-4.2E0));
#1537=LINE('',#1536,#1535);
#1538=DIRECTION('',(0.E0,-1.E0,0.E0));
#1539=VECTOR('',#1538,1.E0);
#1540=CARTESIAN_POINT('',(-2.425E0,2.4E0,-4.2E0));
#1541=LINE('',#1540,#1539);
#1542=DIRECTION('',(-7.071067811865E-1,0.E0,7.071067811865E-1));
#1543=VECTOR('',#1542,3.959797974645E-1);
#1544=CARTESIAN_POINT('',(-2.145E0,2.4E0,-5.8E0));
#1545=LINE('',#1544,#1543);
#1546=DIRECTION('',(-7.071067811866E-1,0.E0,-7.071067811865E-1));
#1547=VECTOR('',#1546,3.959797974645E-1);
#1548=CARTESIAN_POINT('',(2.425E0,2.4E0,-5.52E0));
#1549=LINE('',#1548,#1547);
#1550=DIRECTION('',(0.E0,0.E0,-1.E0));
#1551=VECTOR('',#1550,1.12E0);
#1552=CARTESIAN_POINT('',(2.425E0,2.4E0,-4.4E0));
#1553=LINE('',#1552,#1551);
#1554=DIRECTION('',(0.E0,0.E0,1.E0));
#1555=VECTOR('',#1554,2.E-1);
#1556=CARTESIAN_POINT('',(2.425E0,2.4E0,-4.4E0));
#1557=LINE('',#1556,#1555);
#1558=DIRECTION('',(0.E0,0.E0,-1.E0));
#1559=VECTOR('',#1558,4.5E-1);
#1560=CARTESIAN_POINT('',(2.425E0,2.4E0,-3.75E0));
#1561=LINE('',#1560,#1559);
#1562=DIRECTION('',(-1.E0,0.E0,0.E0));
#1563=VECTOR('',#1562,7.75E-1);
#1564=CARTESIAN_POINT('',(3.2E0,2.4E0,-3.75E0));
#1565=LINE('',#1564,#1563);
#1566=DIRECTION('',(0.E0,0.E0,-1.E0));
#1567=VECTOR('',#1566,3.75E0);
#1568=CARTESIAN_POINT('',(3.2E0,2.4E0,0.E0));
#1569=LINE('',#1568,#1567);
#1570=DIRECTION('',(-1.E0,0.E0,0.E0));
#1571=VECTOR('',#1570,7.75E-1);
#1572=CARTESIAN_POINT('',(-2.425E0,2.4E0,-3.75E0));
#1573=LINE('',#1572,#1571);
#1574=DIRECTION('',(0.E0,0.E0,1.E0));
#1575=VECTOR('',#1574,4.5E-1);
#1576=CARTESIAN_POINT('',(-2.425E0,2.4E0,-4.2E0));
#1577=LINE('',#1576,#1575);
#1578=DIRECTION('',(0.E0,0.E0,-1.E0));
#1579=VECTOR('',#1578,2.E-1);
#1580=CARTESIAN_POINT('',(-2.425E0,2.4E0,-4.2E0));
#1581=LINE('',#1580,#1579);
#1582=DIRECTION('',(0.E0,0.E0,1.E0));
#1583=VECTOR('',#1582,1.12E0);
#1584=CARTESIAN_POINT('',(-2.425E0,2.4E0,-5.52E0));
#1585=LINE('',#1584,#1583);
#1586=DIRECTION('',(0.E0,0.E0,1.E0));
#1587=VECTOR('',#1586,2.E-1);
#1588=CARTESIAN_POINT('',(2.425E0,1.4E0,-4.4E0));
#1589=LINE('',#1588,#1587);
#1590=DIRECTION('',(0.E0,-1.E0,0.E0));
#1591=VECTOR('',#1590,1.E0);
#1592=CARTESIAN_POINT('',(2.425E0,2.4E0,-4.4E0));
#1593=LINE('',#1592,#1591);
#1594=DIRECTION('',(1.E0,0.E0,0.E0));
#1595=VECTOR('',#1594,1.E-1);
#1596=CARTESIAN_POINT('',(2.425E0,1.4E0,-4.2E0));
#1597=LINE('',#1596,#1595);
#1598=DIRECTION('',(0.E0,1.E0,0.E0));
#1599=VECTOR('',#1598,1.5E-1);
#1600=CARTESIAN_POINT('',(2.525E0,1.4E0,-4.2E0));
#1601=LINE('',#1600,#1599);
#1602=DIRECTION('',(-3.162277660168E-1,9.486832980505E-1,0.E0));
#1603=VECTOR('',#1602,3.162277660168E-1);
#1604=CARTESIAN_POINT('',(2.525E0,2.1E0,-4.2E0));
#1605=LINE('',#1604,#1603);
#1606=DIRECTION('',(0.E0,-1.E0,0.E0));
#1607=VECTOR('',#1606,1.E0);
#1608=CARTESIAN_POINT('',(2.425E0,2.4E0,-4.2E0));
#1609=LINE('',#1608,#1607);
#1610=DIRECTION('',(-3.015113445778E-1,9.045340337333E-1,3.015113445778E-1));
#1611=VECTOR('',#1610,3.316624790355E-1);
#1612=CARTESIAN_POINT('',(2.525E0,2.1E0,-3.85E0));
#1613=LINE('',#1612,#1611);
#1614=DIRECTION('',(0.E0,9.486832980505E-1,3.162277660168E-1));
#1615=VECTOR('',#1614,3.162277660168E-1);
#1616=CARTESIAN_POINT('',(3.2E0,2.1E0,-3.85E0));
#1617=LINE('',#1616,#1615);
#1618=DIRECTION('',(0.E0,-1.E0,0.E0));
#1619=VECTOR('',#1618,1.35E0);
#1620=CARTESIAN_POINT('',(3.2E0,2.1E0,-3.85E0));
#1621=LINE('',#1620,#1619);
#1622=DIRECTION('',(0.E0,0.E0,-1.E0));
#1623=VECTOR('',#1622,9.5E-1);
#1624=CARTESIAN_POINT('',(3.2E0,7.5E-1,-3.85E0));
#1625=LINE('',#1624,#1623);
#1626=DIRECTION('',(0.E0,7.071067811866E-1,7.071067811865E-1));
#1627=VECTOR('',#1626,1.414213562373E-1);
#1628=CARTESIAN_POINT('',(3.2E0,6.5E-1,-4.9E0));
#1629=LINE('',#1628,#1627);
#1630=DIRECTION('',(0.E0,-1.E0,0.E0));
#1631=VECTOR('',#1630,1.25E0);
#1632=CARTESIAN_POINT('',(3.2E0,6.5E-1,-4.9E0));
#1633=LINE('',#1632,#1631);
#1634=DIRECTION('',(0.E0,0.E0,1.E0));
#1635=VECTOR('',#1634,9.E-1);
#1636=CARTESIAN_POINT('',(3.2E0,-6.E-1,-5.8E0));
#1637=LINE('',#1636,#1635);
#1638=DIRECTION('',(0.E0,0.E0,-1.E0));
#1639=VECTOR('',#1638,3.65E0);
#1640=CARTESIAN_POINT('',(3.2E0,-2.4E0,-2.15E0));
#1641=LINE('',#1640,#1639);
#1642=DIRECTION('',(0.E0,1.E0,0.E0));
#1643=VECTOR('',#1642,9.E-1);
#1644=CARTESIAN_POINT('',(3.2E0,-2.4E0,-2.15E0));
#1645=LINE('',#1644,#1643);
#1646=DIRECTION('',(0.E0,0.E0,1.E0));
#1647=VECTOR('',#1646,1.25E0);
#1648=CARTESIAN_POINT('',(3.2E0,-1.5E0,-2.15E0));
#1649=LINE('',#1648,#1647);
#1650=DIRECTION('',(0.E0,-7.071067811865E-1,-7.071067811865E-1));
#1651=VECTOR('',#1650,1.414213562373E-1);
#1652=CARTESIAN_POINT('',(3.2E0,-1.4E0,-8.E-1));
#1653=LINE('',#1652,#1651);
#1654=DIRECTION('',(0.E0,1.E0,0.E0));
#1655=VECTOR('',#1654,9.5E-1);
#1656=CARTESIAN_POINT('',(3.2E0,-1.4E0,-8.E-1));
#1657=LINE('',#1656,#1655);
#1658=DIRECTION('',(0.E0,0.E0,-1.E0));
#1659=VECTOR('',#1658,5.E-1);
#1660=CARTESIAN_POINT('',(3.2E0,-4.5E-1,-3.E-1));
#1661=LINE('',#1660,#1659);
#1662=DIRECTION('',(0.E0,-3.162277660168E-1,-9.486832980505E-1));
#1663=VECTOR('',#1662,3.162277660168E-1);
#1664=CARTESIAN_POINT('',(3.2E0,-3.5E-1,0.E0));
#1665=LINE('',#1664,#1663);
#1666=DIRECTION('',(1.E0,0.E0,0.E0));
#1667=VECTOR('',#1666,3.75E-1);
#1668=CARTESIAN_POINT('',(2.525E0,-6.E-1,-5.42E0));
#1669=LINE('',#1668,#1667);
#1670=DIRECTION('',(1.E0,0.E0,0.E0));
#1671=VECTOR('',#1670,1.055E0);
#1672=CARTESIAN_POINT('',(2.145E0,-6.E-1,-5.8E0));
#1673=LINE('',#1672,#1671);
#1674=DIRECTION('',(-1.E0,0.E0,0.E0));
#1675=VECTOR('',#1674,3.E-1);
#1676=CARTESIAN_POINT('',(3.2E0,-6.E-1,-4.9E0));
#1677=LINE('',#1676,#1675);
#1678=DIRECTION('',(0.E0,0.E0,1.E0));
#1679=VECTOR('',#1678,5.2E-1);
#1680=CARTESIAN_POINT('',(2.9E0,-6.E-1,-5.42E0));
#1681=LINE('',#1680,#1679);
#1682=DIRECTION('',(5.773502691896E-1,5.773502691896E-1,-5.773502691896E-1));
#1683=VECTOR('',#1682,1.732050807569E-1);
#1684=CARTESIAN_POINT('',(2.8E0,-7.E-1,-5.32E0));
#1685=LINE('',#1684,#1683);
#1686=DIRECTION('',(0.E0,7.071067811865E-1,-7.071067811865E-1));
#1687=VECTOR('',#1686,1.414213562373E-1);
#1688=CARTESIAN_POINT('',(2.525E0,-7.E-1,-5.32E0));
#1689=LINE('',#1688,#1687);
#1690=DIRECTION('',(-7.071067811865E-1,-7.071067811866E-1,0.E0));
#1691=VECTOR('',#1690,1.414213562373E-1);
#1692=CARTESIAN_POINT('',(2.9E0,-6.E-1,-4.9E0));
#1693=LINE('',#1692,#1691);
#1694=DIRECTION('',(0.E0,0.E0,1.E0));
#1695=VECTOR('',#1694,4.2E-1);
#1696=CARTESIAN_POINT('',(2.8E0,-7.E-1,-5.32E0));
#1697=LINE('',#1696,#1695);
#1698=DIRECTION('',(0.E0,1.E0,0.E0));
#1699=VECTOR('',#1698,4.E-1);
#1700=CARTESIAN_POINT('',(2.8E0,-1.1E0,-5.32E0));
#1701=LINE('',#1700,#1699);
#1702=DIRECTION('',(-1.E0,0.E0,0.E0));
#1703=VECTOR('',#1702,2.75E-1);
#1704=CARTESIAN_POINT('',(-2.525E0,-1.1E0,-4.9E0));
#1705=LINE('',#1704,#1703);
#1706=DIRECTION('',(0.E0,0.E0,-1.E0));
#1707=VECTOR('',#1706,4.2E-1);
#1708=CARTESIAN_POINT('',(-2.8E0,-1.1E0,-4.9E0));
#1709=LINE('',#1708,#1707);
#1710=DIRECTION('',(1.E0,0.E0,0.E0));
#1711=VECTOR('',#1710,2.75E-1);
#1712=CARTESIAN_POINT('',(-2.8E0,-1.1E0,-5.32E0));
#1713=LINE('',#1712,#1711);
#1714=DIRECTION('',(0.E0,0.E0,1.E0));
#1715=VECTOR('',#1714,4.2E-1);
#1716=CARTESIAN_POINT('',(-2.525E0,-1.1E0,-5.32E0));
#1717=LINE('',#1716,#1715);
#1718=DIRECTION('',(0.E0,0.E0,-1.E0));
#1719=VECTOR('',#1718,4.2E-1);
#1720=CARTESIAN_POINT('',(2.525E0,-1.1E0,-4.9E0));
#1721=LINE('',#1720,#1719);
#1722=DIRECTION('',(1.E0,0.E0,0.E0));
#1723=VECTOR('',#1722,2.75E-1);
#1724=CARTESIAN_POINT('',(2.525E0,-1.1E0,-5.32E0));
#1725=LINE('',#1724,#1723);
#1726=DIRECTION('',(0.E0,0.E0,1.E0));
#1727=VECTOR('',#1726,4.2E-1);
#1728=CARTESIAN_POINT('',(2.8E0,-1.1E0,-5.32E0));
#1729=LINE('',#1728,#1727);
#1730=DIRECTION('',(-1.E0,0.E0,0.E0));
#1731=VECTOR('',#1730,2.75E-1);
#1732=CARTESIAN_POINT('',(2.8E0,-1.1E0,-4.9E0));
#1733=LINE('',#1732,#1731);
#1734=DIRECTION('',(0.E0,0.E0,-1.E0));
#1735=VECTOR('',#1734,4.2E-1);
#1736=CARTESIAN_POINT('',(-2.8E0,-7.E-1,-4.9E0));
#1737=LINE('',#1736,#1735);
#1738=DIRECTION('',(0.E0,1.E0,0.E0));
#1739=VECTOR('',#1738,4.E-1);
#1740=CARTESIAN_POINT('',(-2.8E0,-1.1E0,-4.9E0));
#1741=LINE('',#1740,#1739);
#1742=DIRECTION('',(-5.773502691896E-1,5.773502691896E-1,-5.773502691896E-1));
#1743=VECTOR('',#1742,1.732050807569E-1);
#1744=CARTESIAN_POINT('',(-2.8E0,-7.E-1,-5.32E0));
#1745=LINE('',#1744,#1743);
#1746=DIRECTION('',(-7.071067811865E-1,7.071067811865E-1,0.E0));
#1747=VECTOR('',#1746,1.414213562373E-1);
#1748=CARTESIAN_POINT('',(-2.8E0,-7.E-1,-4.9E0));
#1749=LINE('',#1748,#1747);
#1750=DIRECTION('',(0.E0,-7.071067811865E-1,7.071067811865E-1));
#1751=VECTOR('',#1750,1.414213562373E-1);
#1752=CARTESIAN_POINT('',(-2.525E0,-6.E-1,-5.42E0));
#1753=LINE('',#1752,#1751);
#1754=DIRECTION('',(1.E0,0.E0,0.E0));
#1755=VECTOR('',#1754,2.75E-1);
#1756=CARTESIAN_POINT('',(-2.8E0,-7.E-1,-5.32E0));
#1757=LINE('',#1756,#1755);
#1758=DIRECTION('',(0.E0,1.E0,0.E0));
#1759=VECTOR('',#1758,4.E-1);
#1760=CARTESIAN_POINT('',(-2.8E0,-1.1E0,-5.32E0));
#1761=LINE('',#1760,#1759);
#1762=DIRECTION('',(1.E0,0.E0,0.E0));
#1763=VECTOR('',#1762,2.75E-1);
#1764=CARTESIAN_POINT('',(2.525E0,-7.E-1,-5.32E0));
#1765=LINE('',#1764,#1763);
#1766=DIRECTION('',(0.E0,1.E0,0.E0));
#1767=VECTOR('',#1766,4.E-1);
#1768=CARTESIAN_POINT('',(2.525E0,-1.1E0,-5.32E0));
#1769=LINE('',#1768,#1767);
#1770=DIRECTION('',(0.E0,7.071067811865E-1,7.071067811865E-1));
#1771=VECTOR('',#1770,1.414213562373E-1);
#1772=CARTESIAN_POINT('',(2.525E0,-1.5E0,-9.E-1));
#1773=LINE('',#1772,#1771);
#1774=DIRECTION('',(0.E0,-1.E0,0.E0));
#1775=VECTOR('',#1774,2.5E-1);
#1776=CARTESIAN_POINT('',(2.9E0,-4.5E-1,-8.E-1));
#1777=LINE('',#1776,#1775);
#1778=DIRECTION('',(1.E0,0.E0,0.E0));
#1779=VECTOR('',#1778,6.75E-1);
#1780=CARTESIAN_POINT('',(2.525E0,-1.4E0,-8.E-1));
#1781=LINE('',#1780,#1779);
#1782=DIRECTION('',(1.E0,0.E0,0.E0));
#1783=VECTOR('',#1782,4.75E-1);
#1784=CARTESIAN_POINT('',(2.525E0,-1.1E0,-8.E-1));
#1785=LINE('',#1784,#1783);
#1786=DIRECTION('',(0.E0,-1.E0,0.E0));
#1787=VECTOR('',#1786,4.E-1);
#1788=CARTESIAN_POINT('',(3.E0,-7.E-1,-8.E-1));
#1789=LINE('',#1788,#1787);
#1790=DIRECTION('',(1.E0,0.E0,0.E0));
#1791=VECTOR('',#1790,1.E-1);
#1792=CARTESIAN_POINT('',(2.9E0,-7.E-1,-8.E-1));
#1793=LINE('',#1792,#1791);
#1794=DIRECTION('',(5.773502691896E-1,5.773502691896E-1,5.773502691896E-1));
#1795=VECTOR('',#1794,1.732050807569E-1);
#1796=CARTESIAN_POINT('',(2.8E0,-8.E-1,-9.E-1));
#1797=LINE('',#1796,#1795);
#1798=DIRECTION('',(7.071067811865E-1,0.E0,7.071067811866E-1));
#1799=VECTOR('',#1798,1.414213562373E-1);
#1800=CARTESIAN_POINT('',(2.8E0,-4.5E-1,-9.E-1));
#1801=LINE('',#1800,#1799);
#1802=DIRECTION('',(5.773502691896E-1,5.773502691896E-1,5.773502691896E-1));
#1803=VECTOR('',#1802,1.732050807569E-1);
#1804=CARTESIAN_POINT('',(2.9E0,-8.E-1,-9.E-1));
#1805=LINE('',#1804,#1803);
#1806=DIRECTION('',(1.E0,0.E0,0.E0));
#1807=VECTOR('',#1806,1.E-1);
#1808=CARTESIAN_POINT('',(2.8E0,-8.E-1,-9.E-1));
#1809=LINE('',#1808,#1807);
#1810=DIRECTION('',(0.E0,0.E0,-1.E0));
#1811=VECTOR('',#1810,1.75E0);
#1812=CARTESIAN_POINT('',(2.9E0,-8.E-1,-9.E-1));
#1813=LINE('',#1812,#1811);
#1814=DIRECTION('',(0.E0,-1.E0,0.E0));
#1815=VECTOR('',#1814,3.5E-1);
#1816=CARTESIAN_POINT('',(2.8E0,-4.5E-1,-9.E-1));
#1817=LINE('',#1816,#1815);
#1818=DIRECTION('',(0.E0,0.E0,1.E0));
#1819=VECTOR('',#1818,1.75E0);
#1820=CARTESIAN_POINT('',(2.8E0,-8.E-1,-2.65E0));
#1821=LINE('',#1820,#1819);
#1822=DIRECTION('',(1.E0,0.E0,0.E0));
#1823=VECTOR('',#1822,6.75E-1);
#1824=CARTESIAN_POINT('',(2.525E0,-4.5E-1,-3.E-1));
#1825=LINE('',#1824,#1823);
#1826=DIRECTION('',(-1.E0,0.E0,0.E0));
#1827=VECTOR('',#1826,3.E-1);
#1828=CARTESIAN_POINT('',(3.2E0,-4.5E-1,-8.E-1));
#1829=LINE('',#1828,#1827);
#1830=DIRECTION('',(0.E0,0.E0,-1.E0));
#1831=VECTOR('',#1830,1.75E0);
#1832=CARTESIAN_POINT('',(2.8E0,-4.5E-1,-9.E-1));
#1833=LINE('',#1832,#1831);
#1834=DIRECTION('',(0.E0,0.E0,-1.E0));
#1835=VECTOR('',#1834,2.35E0);
#1836=CARTESIAN_POINT('',(2.525E0,-4.5E-1,-3.E-1));
#1837=LINE('',#1836,#1835);
#1838=DIRECTION('',(0.E0,-1.E0,0.E0));
#1839=VECTOR('',#1838,2.E-1);
#1840=CARTESIAN_POINT('',(2.9E0,-8.E-1,-9.E-1));
#1841=LINE('',#1840,#1839);
#1842=DIRECTION('',(0.E0,0.E0,-1.E0));
#1843=VECTOR('',#1842,1.75E0);
#1844=CARTESIAN_POINT('',(2.9E0,-1.E0,-9.E-1));
#1845=LINE('',#1844,#1843);
#1846=DIRECTION('',(5.773502691896E-1,-5.773502691896E-1,5.773502691896E-1));
#1847=VECTOR('',#1846,1.732050807569E-1);
#1848=CARTESIAN_POINT('',(2.9E0,-1.E0,-9.E-1));
#1849=LINE('',#1848,#1847);
#1850=DIRECTION('',(0.E0,7.071067811865E-1,-7.071067811865E-1));
#1851=VECTOR('',#1850,1.414213562373E-1);
#1852=CARTESIAN_POINT('',(2.525E0,-1.1E0,-8.E-1));
#1853=LINE('',#1852,#1851);
#1854=DIRECTION('',(3.162277660168E-1,0.E0,-9.486832980505E-1));
#1855=VECTOR('',#1854,3.162277660168E-1);
#1856=CARTESIAN_POINT('',(2.425E0,-1.E0,0.E0));
#1857=LINE('',#1856,#1855);
#1858=DIRECTION('',(0.E0,0.E0,-1.E0));
#1859=VECTOR('',#1858,2.65E0);
#1860=CARTESIAN_POINT('',(2.425E0,-1.E0,0.E0));
#1861=LINE('',#1860,#1859);
#1862=DIRECTION('',(1.E0,0.E0,0.E0));
#1863=VECTOR('',#1862,4.75E-1);
#1864=CARTESIAN_POINT('',(2.425E0,-1.E0,-2.65E0));
#1865=LINE('',#1864,#1863);
#1866=DIRECTION('',(1.E0,0.E0,0.E0));
#1867=VECTOR('',#1866,3.75E-1);
#1868=CARTESIAN_POINT('',(2.525E0,-1.E0,-9.E-1));
#1869=LINE('',#1868,#1867);
#1870=DIRECTION('',(-3.015113445778E-1,-3.015113445778E-1,9.045340337333E-1));
#1871=VECTOR('',#1870,3.316624790355E-1);
#1872=CARTESIAN_POINT('',(2.525E0,-2.15E0,-3.E-1));
#1873=LINE('',#1872,#1871);
#1874=DIRECTION('',(-7.071067811865E-1,-7.071067811865E-1,0.E0));
#1875=VECTOR('',#1874,3.535533905933E-1);
#1876=CARTESIAN_POINT('',(2.525E0,-2.15E0,-2.15E0));
#1877=LINE('',#1876,#1875);
#1878=DIRECTION('',(0.E0,0.E0,-1.E0));
#1879=VECTOR('',#1878,2.65E0);
#1880=CARTESIAN_POINT('',(2.425E0,-8.E-1,0.E0));
#1881=LINE('',#1880,#1879);
#1882=DIRECTION('',(3.015113445778E-1,9.045340337333E-1,3.015113445778E-1));
#1883=VECTOR('',#1882,3.316624790355E-1);
#1884=CARTESIAN_POINT('',(-2.525E0,2.1E0,-3.85E0));
#1885=LINE('',#1884,#1883);
#1886=DIRECTION('',(1.E0,0.E0,0.E0));
#1887=VECTOR('',#1886,1.E-1);
#1888=CARTESIAN_POINT('',(-2.525E0,1.4E0,-4.2E0));
#1889=LINE('',#1888,#1887);
#1890=DIRECTION('',(3.162277660168E-1,9.486832980505E-1,0.E0));
#1891=VECTOR('',#1890,3.162277660168E-1);
#1892=CARTESIAN_POINT('',(-2.525E0,2.1E0,-4.2E0));
#1893=LINE('',#1892,#1891);
#1894=DIRECTION('',(0.E0,1.E0,0.E0));
#1895=VECTOR('',#1894,1.5E-1);
#1896=CARTESIAN_POINT('',(-2.525E0,1.4E0,-4.2E0));
#1897=LINE('',#1896,#1895);
#1898=DIRECTION('',(-3.015113445778E-1,-9.045340337333E-1,3.015113445778E-1));
#1899=VECTOR('',#1898,3.316624790355E-1);
#1900=CARTESIAN_POINT('',(-2.425E0,2.4E0,-5.52E0));
#1901=LINE('',#1900,#1899);
#1902=DIRECTION('',(3.015113445778E-1,3.015113445778E-1,9.045340337333E-1));
#1903=VECTOR('',#1902,3.316624790355E-1);
#1904=CARTESIAN_POINT('',(-2.525E0,-4.5E-1,-3.E-1));
#1905=LINE('',#1904,#1903);
#1906=DIRECTION('',(-3.162277660168E-1,0.E0,-9.486832980505E-1));
#1907=VECTOR('',#1906,3.162277660168E-1);
#1908=CARTESIAN_POINT('',(-2.425E0,-8.E-1,0.E0));
#1909=LINE('',#1908,#1907);
#1910=DIRECTION('',(0.E0,0.E0,-1.E0));
#1911=VECTOR('',#1910,2.65E0);
#1912=CARTESIAN_POINT('',(-2.425E0,-8.E-1,0.E0));
#1913=LINE('',#1912,#1911);
#1914=DIRECTION('',(0.E0,0.E0,-1.E0));
#1915=VECTOR('',#1914,2.65E0);
#1916=CARTESIAN_POINT('',(-2.425E0,-1.E0,0.E0));
#1917=LINE('',#1916,#1915);
#1918=DIRECTION('',(3.162277660168E-1,0.E0,9.486832980505E-1));
#1919=VECTOR('',#1918,3.162277660168E-1);
#1920=CARTESIAN_POINT('',(-2.525E0,-1.E0,-3.E-1));
#1921=LINE('',#1920,#1919);
#1922=DIRECTION('',(1.E0,0.E0,0.E0));
#1923=VECTOR('',#1922,3.75E-1);
#1924=CARTESIAN_POINT('',(-2.9E0,-1.E0,-9.E-1));
#1925=LINE('',#1924,#1923);
#1926=DIRECTION('',(0.E0,0.E0,-1.E0));
#1927=VECTOR('',#1926,1.75E0);
#1928=CARTESIAN_POINT('',(-2.9E0,-1.E0,-9.E-1));
#1929=LINE('',#1928,#1927);
#1930=DIRECTION('',(-5.773502691896E-1,-5.773502691896E-1,5.773502691896E-1));
#1931=VECTOR('',#1930,1.732050807569E-1);
#1932=CARTESIAN_POINT('',(-2.9E0,-1.E0,-9.E-1));
#1933=LINE('',#1932,#1931);
#1934=DIRECTION('',(0.E0,-7.071067811865E-1,7.071067811865E-1));
#1935=VECTOR('',#1934,1.414213562373E-1);
#1936=CARTESIAN_POINT('',(-2.525E0,-1.E0,-9.E-1));
#1937=LINE('',#1936,#1935);
#1938=DIRECTION('',(0.E0,1.E0,0.E0));
#1939=VECTOR('',#1938,4.E-1);
#1940=CARTESIAN_POINT('',(-3.E0,-1.1E0,-8.E-1));
#1941=LINE('',#1940,#1939);
#1942=DIRECTION('',(1.E0,0.E0,0.E0));
#1943=VECTOR('',#1942,4.75E-1);
#1944=CARTESIAN_POINT('',(-3.E0,-1.1E0,-8.E-1));
#1945=LINE('',#1944,#1943);
#1946=DIRECTION('',(-1.E0,0.E0,0.E0));
#1947=VECTOR('',#1946,6.75E-1);
#1948=CARTESIAN_POINT('',(-2.525E0,-1.4E0,-8.E-1));
#1949=LINE('',#1948,#1947);
#1950=DIRECTION('',(1.E0,0.E0,0.E0));
#1951=VECTOR('',#1950,3.E-1);
#1952=CARTESIAN_POINT('',(-3.2E0,-4.5E-1,-8.E-1));
#1953=LINE('',#1952,#1951);
#1954=DIRECTION('',(0.E0,1.E0,0.E0));
#1955=VECTOR('',#1954,2.5E-1);
#1956=CARTESIAN_POINT('',(-2.9E0,-7.E-1,-8.E-1));
#1957=LINE('',#1956,#1955);
#1958=DIRECTION('',(1.E0,0.E0,0.E0));
#1959=VECTOR('',#1958,1.E-1);
#1960=CARTESIAN_POINT('',(-3.E0,-7.E-1,-8.E-1));
#1961=LINE('',#1960,#1959);
#1962=DIRECTION('',(-5.773502691896E-1,5.773502691896E-1,5.773502691896E-1));
#1963=VECTOR('',#1962,1.732050807569E-1);
#1964=CARTESIAN_POINT('',(-2.9E0,-8.E-1,-9.E-1));
#1965=LINE('',#1964,#1963);
#1966=DIRECTION('',(0.E0,1.E0,0.E0));
#1967=VECTOR('',#1966,2.E-1);
#1968=CARTESIAN_POINT('',(-2.9E0,-1.E0,-9.E-1));
#1969=LINE('',#1968,#1967);
#1970=DIRECTION('',(0.E0,0.E0,-1.E0));
#1971=VECTOR('',#1970,1.75E0);
#1972=CARTESIAN_POINT('',(-2.9E0,-8.E-1,-9.E-1));
#1973=LINE('',#1972,#1971);
#1974=DIRECTION('',(1.E0,0.E0,0.E0));
#1975=VECTOR('',#1974,1.E-1);
#1976=CARTESIAN_POINT('',(-2.9E0,-8.E-1,-9.E-1));
#1977=LINE('',#1976,#1975);
#1978=DIRECTION('',(-5.773502691896E-1,5.773502691896E-1,5.773502691896E-1));
#1979=VECTOR('',#1978,1.732050807569E-1);
#1980=CARTESIAN_POINT('',(-2.8E0,-8.E-1,-9.E-1));
#1981=LINE('',#1980,#1979);
#1982=DIRECTION('',(7.071067811865E-1,0.E0,-7.071067811866E-1));
#1983=VECTOR('',#1982,1.414213562373E-1);
#1984=CARTESIAN_POINT('',(-2.9E0,-4.5E-1,-8.E-1));
#1985=LINE('',#1984,#1983);
#1986=DIRECTION('',(0.E0,0.E0,1.E0));
#1987=VECTOR('',#1986,1.75E0);
#1988=CARTESIAN_POINT('',(-2.8E0,-8.E-1,-2.65E0));
#1989=LINE('',#1988,#1987);
#1990=DIRECTION('',(0.E0,1.E0,0.E0));
#1991=VECTOR('',#1990,3.5E-1);
#1992=CARTESIAN_POINT('',(-2.8E0,-8.E-1,-9.E-1));
#1993=LINE('',#1992,#1991);
#1994=DIRECTION('',(0.E0,0.E0,-1.E0));
#1995=VECTOR('',#1994,1.75E0);
#1996=CARTESIAN_POINT('',(-2.8E0,-4.5E-1,-9.E-1));
#1997=LINE('',#1996,#1995);
#1998=DIRECTION('',(1.E0,0.E0,0.E0));
#1999=VECTOR('',#1998,6.75E-1);
#2000=CARTESIAN_POINT('',(-3.2E0,-4.5E-1,-3.E-1));
#2001=LINE('',#2000,#1999);
#2002=DIRECTION('',(0.E0,0.E0,-1.E0));
#2003=VECTOR('',#2002,2.35E0);
#2004=CARTESIAN_POINT('',(-2.525E0,-4.5E-1,-3.E-1));
#2005=LINE('',#2004,#2003);
#2006=DIRECTION('',(0.E0,-7.071067811865E-1,-7.071067811865E-1));
#2007=VECTOR('',#2006,1.414213562373E-1);
#2008=CARTESIAN_POINT('',(-2.525E0,-1.4E0,-8.E-1));
#2009=LINE('',#2008,#2007);
#2010=DIRECTION('',(-1.E0,0.E0,0.E0));
#2011=VECTOR('',#2010,6.75E-1);
#2012=CARTESIAN_POINT('',(-2.525E0,-1.5E0,-9.E-1));
#2013=LINE('',#2012,#2011);
#2014=DIRECTION('',(0.E0,1.E0,0.E0));
#2015=VECTOR('',#2014,4.2E-1);
#2016=CARTESIAN_POINT('',(-2.8E0,-1.92E0,-2.25E0));
#2017=LINE('',#2016,#2015);
#2018=DIRECTION('',(0.E0,0.E0,-1.E0));
#2019=VECTOR('',#2018,4.E-1);
#2020=CARTESIAN_POINT('',(-2.8E0,-1.5E0,-2.25E0));
#2021=LINE('',#2020,#2019);
#2022=DIRECTION('',(7.071067811865E-1,0.E0,-7.071067811866E-1));
#2023=VECTOR('',#2022,1.414213562373E-1);
#2024=CARTESIAN_POINT('',(-2.9E0,-1.5E0,-2.15E0));
#2025=LINE('',#2024,#2023);
#2026=DIRECTION('',(-5.773502691896E-1,-5.773502691896E-1,5.773502691896E-1));
#2027=VECTOR('',#2026,1.732050807569E-1);
#2028=CARTESIAN_POINT('',(-2.8E0,-1.92E0,-2.25E0));
#2029=LINE('',#2028,#2027);
#2030=DIRECTION('',(0.E0,-7.071067811865E-1,7.071067811865E-1));
#2031=VECTOR('',#2030,1.414213562373E-1);
#2032=CARTESIAN_POINT('',(-2.525E0,-1.92E0,-2.25E0));
#2033=LINE('',#2032,#2031);
#2034=DIRECTION('',(-1.E0,0.E0,0.E0));
#2035=VECTOR('',#2034,2.75E-1);
#2036=CARTESIAN_POINT('',(-2.525E0,-1.92E0,-2.25E0));
#2037=LINE('',#2036,#2035);
#2038=DIRECTION('',(0.E0,0.E0,-1.E0));
#2039=VECTOR('',#2038,4.E-1);
#2040=CARTESIAN_POINT('',(-2.8E0,-1.92E0,-2.25E0));
#2041=LINE('',#2040,#2039);
#2042=DIRECTION('',(1.E0,0.E0,0.E0));
#2043=VECTOR('',#2042,7.E-1);
#2044=CARTESIAN_POINT('',(-3.5E-1,1.825E0,-8.330415196484E-1));
#2045=LINE('',#2044,#2043);
#2046=DIRECTION('',(0.E0,0.E0,-1.E0));
#2047=VECTOR('',#2046,4.4E0);
#2048=CARTESIAN_POINT('',(1.125E0,1.825E0,0.E0));
#2049=LINE('',#2048,#2047);
#2050=CARTESIAN_POINT('',(-3.5E-1,1.725E0,-8.330415196484E-1));
#2051=DIRECTION('',(1.E0,0.E0,0.E0));
#2052=DIRECTION('',(0.E0,1.E0,0.E0));
#2053=AXIS2_PLACEMENT_3D('',#2050,#2051,#2052);
#2055=CARTESIAN_POINT('',(3.5E-1,1.725E0,-8.330415196484E-1));
#2056=DIRECTION('',(-1.E0,0.E0,0.E0));
#2057=DIRECTION('',(0.E0,-8.634300732915E-2,9.962654691825E-1));
#2058=AXIS2_PLACEMENT_3D('',#2055,#2056,#2057);
#2060=DIRECTION('',(0.E0,9.962654691825E-1,8.634300732915E-2));
#2061=VECTOR('',#2060,1.920830392969E-1);
#2062=CARTESIAN_POINT('',(-3.5E-1,1.525E0,-7.5E-1));
#2063=LINE('',#2062,#2061);
#2064=DIRECTION('',(0.E0,0.E0,1.E0));
#2065=VECTOR('',#2064,8.330415196484E-1);
#2066=CARTESIAN_POINT('',(-3.5E-1,1.825E0,-8.330415196484E-1));
#2067=LINE('',#2066,#2065);
#2068=DIRECTION('',(0.E0,-1.E0,0.E0));
#2069=VECTOR('',#2068,3.E-1);
#2070=CARTESIAN_POINT('',(-3.5E-1,1.825E0,0.E0));
#2071=LINE('',#2070,#2069);
#2072=DIRECTION('',(0.E0,0.E0,-1.E0));
#2073=VECTOR('',#2072,7.5E-1);
#2074=CARTESIAN_POINT('',(-3.5E-1,1.525E0,0.E0));
#2075=LINE('',#2074,#2073);
#2076=DIRECTION('',(1.E0,0.E0,0.E0));
#2077=VECTOR('',#2076,7.E-1);
#2078=CARTESIAN_POINT('',(-3.5E-1,1.716365699267E0,-7.334149727302E-1));
#2079=LINE('',#2078,#2077);
#2080=DIRECTION('',(1.E0,0.E0,0.E0));
#2081=VECTOR('',#2080,7.E-1);
#2082=CARTESIAN_POINT('',(-3.5E-1,1.525E0,-7.5E-1));
#2083=LINE('',#2082,#2081);
#2084=DIRECTION('',(1.E0,0.E0,0.E0));
#2085=VECTOR('',#2084,7.E-1);
#2086=CARTESIAN_POINT('',(-3.5E-1,1.525E0,0.E0));
#2087=LINE('',#2086,#2085);
#2088=DIRECTION('',(0.E0,0.E0,-1.E0));
#2089=VECTOR('',#2088,8.330415196484E-1);
#2090=CARTESIAN_POINT('',(3.5E-1,1.825E0,0.E0));
#2091=LINE('',#2090,#2089);
#2092=DIRECTION('',(0.E0,9.962654691825E-1,8.634300732915E-2));
#2093=VECTOR('',#2092,1.920830392969E-1);
#2094=CARTESIAN_POINT('',(3.5E-1,1.525E0,-7.5E-1));
#2095=LINE('',#2094,#2093);
#2096=DIRECTION('',(0.E0,0.E0,-1.E0));
#2097=VECTOR('',#2096,7.5E-1);
#2098=CARTESIAN_POINT('',(3.5E-1,1.525E0,0.E0));
#2099=LINE('',#2098,#2097);
#2100=DIRECTION('',(0.E0,-1.E0,0.E0));
#2101=VECTOR('',#2100,3.E-1);
#2102=CARTESIAN_POINT('',(3.5E-1,1.825E0,0.E0));
#2103=LINE('',#2102,#2101);
#2104=DIRECTION('',(0.E0,0.E0,-1.E0));
#2105=VECTOR('',#2104,4.4E0);
#2106=CARTESIAN_POINT('',(-1.125E0,1.825E0,0.E0));
#2107=LINE('',#2106,#2105);
#2108=DIRECTION('',(0.E0,-1.E0,0.E0));
#2109=VECTOR('',#2108,8.E-1);
#2110=CARTESIAN_POINT('',(-1.495E0,1.3E0,-2.E-1));
#2111=LINE('',#2110,#2109);
#2112=DIRECTION('',(0.E0,0.E0,-1.E0));
#2113=VECTOR('',#2112,4.2E0);
#2114=CARTESIAN_POINT('',(-1.495E0,5.E-1,-2.E-1));
#2115=LINE('',#2114,#2113);
#2116=DIRECTION('',(1.E0,0.E0,0.E0));
#2117=VECTOR('',#2116,6.2E-1);
#2118=CARTESIAN_POINT('',(-2.115E0,1.3E0,-2.E-1));
#2119=LINE('',#2118,#2117);
#2120=DIRECTION('',(0.E0,0.E0,-1.E0));
#2121=VECTOR('',#2120,4.2E0);
#2122=CARTESIAN_POINT('',(-1.495E0,1.3E0,-2.E-1));
#2123=LINE('',#2122,#2121);
#2124=DIRECTION('',(0.E0,7.071067811865E-1,7.071067811865E-1));
#2125=VECTOR('',#2124,7.071067811865E-2);
#2126=CARTESIAN_POINT('',(-2.115E0,1.3E0,-2.E-1));
#2127=LINE('',#2126,#2125);
#2128=DIRECTION('',(1.E0,0.E0,0.E0));
#2129=VECTOR('',#2128,9.066025403784E-1);
#2130=CARTESIAN_POINT('',(-2.201602540378E0,1.5E0,0.E0));
#2131=LINE('',#2130,#2129);
#2132=DIRECTION('',(5.773502691896E-1,5.773502691896E-1,5.773502691896E-1));
#2133=VECTOR('',#2132,3.464101615138E-1);
#2134=CARTESIAN_POINT('',(-1.495E0,1.3E0,-2.E-1));
#2135=LINE('',#2134,#2133);
#2136=DIRECTION('',(0.E0,-1.E0,0.E0));
#2137=VECTOR('',#2136,3.25E0);
#2138=CARTESIAN_POINT('',(-2.115E0,1.35E0,-1.5E-1));
#2139=LINE('',#2138,#2137);
#2140=DIRECTION('',(0.E0,0.E0,-1.E0));
#2141=VECTOR('',#2140,4.2E0);
#2142=CARTESIAN_POINT('',(-2.115E0,1.3E0,-2.E-1));
#2143=LINE('',#2142,#2141);
#2144=DIRECTION('',(3.779644730092E-1,-6.546536707080E-1,-6.546536707080E-1));
#2145=VECTOR('',#2144,2.291287847478E-1);
#2146=CARTESIAN_POINT('',(-2.201602540378E0,1.5E0,0.E0));
#2147=LINE('',#2146,#2145);
#2148=DIRECTION('',(-4.472135955E-1,-4.472135955E-1,7.745966692415E-1));
#2149=VECTOR('',#2148,1.936491673104E-1);
#2150=CARTESIAN_POINT('',(-2.115E0,-1.9E0,-1.5E-1));
#2151=LINE('',#2150,#2149);
#2152=DIRECTION('',(-1.E0,0.E0,0.E0));
#2153=VECTOR('',#2152,4.23E0);
#2154=CARTESIAN_POINT('',(2.115E0,-1.9E0,-1.5E-1));
#2155=LINE('',#2154,#2153);
#2156=DIRECTION('',(0.E0,0.E0,-1.E0));
#2157=VECTOR('',#2156,4.25E0);
#2158=CARTESIAN_POINT('',(-2.115E0,-1.9E0,-1.5E-1));
#2159=LINE('',#2158,#2157);
#2160=DIRECTION('',(0.E0,1.E0,0.E0));
#2161=VECTOR('',#2160,3.75E0);
#2162=CARTESIAN_POINT('',(2.115E0,-1.9E0,-1.5E-1));
#2163=LINE('',#2162,#2161);
#2164=DIRECTION('',(0.E0,0.E0,-1.E0));
#2165=VECTOR('',#2164,4.25E0);
#2166=CARTESIAN_POINT('',(2.115E0,-1.9E0,-1.5E-1));
#2167=LINE('',#2166,#2165);
#2168=DIRECTION('',(4.472135955E-1,-4.472135955E-1,7.745966692415E-1));
#2169=VECTOR('',#2168,1.936491673104E-1);
#2170=CARTESIAN_POINT('',(2.115E0,-1.9E0,-1.5E-1));
#2171=LINE('',#2170,#2169);
#2172=DIRECTION('',(3.779644730092E-1,6.546536707080E-1,6.546536707080E-1));
#2173=VECTOR('',#2172,2.291287847478E-1);
#2174=CARTESIAN_POINT('',(2.115E0,1.85E0,-1.5E-1));
#2175=LINE('',#2174,#2173);
#2176=DIRECTION('',(1.E0,0.E0,0.E0));
#2177=VECTOR('',#2176,9.066025403784E-1);
#2178=CARTESIAN_POINT('',(1.295E0,2.E0,0.E0));
#2179=LINE('',#2178,#2177);
#2180=DIRECTION('',(0.E0,-7.071067811866E-1,-7.071067811865E-1));
#2181=VECTOR('',#2180,7.071067811866E-2);
#2182=CARTESIAN_POINT('',(2.115E0,1.85E0,-1.5E-1));
#2183=LINE('',#2182,#2181);
#2184=DIRECTION('',(1.E0,0.E0,0.E0));
#2185=VECTOR('',#2184,6.2E-1);
#2186=CARTESIAN_POINT('',(1.495E0,1.8E0,-2.E-1));
#2187=LINE('',#2186,#2185);
#2188=DIRECTION('',(0.E0,0.E0,-1.E0));
#2189=VECTOR('',#2188,4.2E0);
#2190=CARTESIAN_POINT('',(2.115E0,1.8E0,-2.E-1));
#2191=LINE('',#2190,#2189);
#2192=DIRECTION('',(0.E0,1.E0,0.E0));
#2193=VECTOR('',#2192,1.3E0);
#2194=CARTESIAN_POINT('',(1.495E0,5.E-1,-2.E-1));
#2195=LINE('',#2194,#2193);
#2196=DIRECTION('',(0.E0,0.E0,-1.E0));
#2197=VECTOR('',#2196,4.2E0);
#2198=CARTESIAN_POINT('',(1.495E0,1.8E0,-2.E-1));
#2199=LINE('',#2198,#2197);
#2200=DIRECTION('',(-5.773502691896E-1,5.773502691896E-1,5.773502691896E-1));
#2201=VECTOR('',#2200,3.464101615138E-1);
#2202=CARTESIAN_POINT('',(1.495E0,1.8E0,-2.E-1));
#2203=LINE('',#2202,#2201);
#2204=DIRECTION('',(0.E0,-9.993392221981E-1,-3.634720039470E-2));
#2205=VECTOR('',#2204,8.660243297136E-1);
#2206=CARTESIAN_POINT('',(-9.E-1,-2.4E0,-5.561930279495E0));
#2207=LINE('',#2206,#2205);
#2208=DIRECTION('',(0.E0,3.634720039469E-2,-9.993392221981E-1));
#2209=VECTOR('',#2208,3.E-1);
#2210=CARTESIAN_POINT('',(-9.E-1,-3.265452080061E0,-5.593407839354E0));
#2211=LINE('',#2210,#2209);
#2212=DIRECTION('',(0.E0,9.993392221981E-1,3.634720039469E-2));
#2213=VECTOR('',#2212,2.564423256846E0);
#2214=CARTESIAN_POINT('',(-9.E-1,-3.254547919942E0,-5.893209606013E0));
#2215=LINE('',#2214,#2213);
#2216=DIRECTION('',(0.E0,0.E0,1.E0));
#2217=VECTOR('',#2216,2.3E0);
#2218=CARTESIAN_POINT('',(-9.E-1,-2.5E-1,-4.4E0));
#2219=LINE('',#2218,#2217);
#2220=DIRECTION('',(0.E0,-1.E0,0.E0));
#2221=VECTOR('',#2220,3.E-1);
#2222=CARTESIAN_POINT('',(-9.E-1,-2.5E-1,-2.1E0));
#2223=LINE('',#2222,#2221);
#2224=DIRECTION('',(0.E0,0.E0,-1.E0));
#2225=VECTOR('',#2224,2.3E0);
#2226=CARTESIAN_POINT('',(-9.E-1,-5.5E-1,-2.1E0));
#2227=LINE('',#2226,#2225);
#2228=DIRECTION('',(0.E0,9.993392221981E-1,3.634720039469E-2));
#2229=VECTOR('',#2228,2.564423256846E0);
#2230=CARTESIAN_POINT('',(-6.E-1,-3.254547919942E0,-5.893209606013E0));
#2231=LINE('',#2230,#2229);
#2232=DIRECTION('',(0.E0,3.634720039469E-2,-9.993392221981E-1));
#2233=VECTOR('',#2232,3.E-1);
#2234=CARTESIAN_POINT('',(-6.E-1,-3.265452080061E0,-5.593407839354E0));
#2235=LINE('',#2234,#2233);
#2236=DIRECTION('',(0.E0,-9.993392221981E-1,-3.634720039470E-2));
#2237=VECTOR('',#2236,8.660243297136E-1);
#2238=CARTESIAN_POINT('',(-6.E-1,-2.4E0,-5.561930279495E0));
#2239=LINE('',#2238,#2237);
#2240=DIRECTION('',(0.E0,0.E0,-1.E0));
#2241=VECTOR('',#2240,2.3E0);
#2242=CARTESIAN_POINT('',(-6.E-1,-5.5E-1,-2.1E0));
#2243=LINE('',#2242,#2241);
#2244=DIRECTION('',(0.E0,-1.E0,0.E0));
#2245=VECTOR('',#2244,3.E-1);
#2246=CARTESIAN_POINT('',(-6.E-1,-2.5E-1,-2.1E0));
#2247=LINE('',#2246,#2245);
#2248=DIRECTION('',(0.E0,0.E0,1.E0));
#2249=VECTOR('',#2248,2.3E0);
#2250=CARTESIAN_POINT('',(-6.E-1,-2.5E-1,-4.4E0));
#2251=LINE('',#2250,#2249);
#2252=DIRECTION('',(1.E0,0.E0,0.E0));
#2253=VECTOR('',#2252,3.E-1);
#2254=CARTESIAN_POINT('',(-9.E-1,-3.254547919942E0,-5.893209606013E0));
#2255=LINE('',#2254,#2253);
#2256=DIRECTION('',(1.E0,0.E0,0.E0));
#2257=VECTOR('',#2256,3.E-1);
#2258=CARTESIAN_POINT('',(-9.E-1,-3.265452080061E0,-5.593407839354E0));
#2259=LINE('',#2258,#2257);
#2260=DIRECTION('',(1.E0,0.E0,0.E0));
#2261=VECTOR('',#2260,3.E-1);
#2262=CARTESIAN_POINT('',(-9.E-1,-5.5E-1,-2.1E0));
#2263=LINE('',#2262,#2261);
#2264=DIRECTION('',(1.E0,0.E0,0.E0));
#2265=VECTOR('',#2264,3.E-1);
#2266=CARTESIAN_POINT('',(-9.E-1,-2.5E-1,-2.1E0));
#2267=LINE('',#2266,#2265);
#2268=DIRECTION('',(1.E0,0.E0,0.E0));
#2269=VECTOR('',#2268,3.E-1);
#2270=CARTESIAN_POINT('',(6.E-1,-5.5E-1,-2.1E0));
#2271=LINE('',#2270,#2269);
#2272=DIRECTION('',(1.E0,0.E0,0.E0));
#2273=VECTOR('',#2272,3.E-1);
#2274=CARTESIAN_POINT('',(6.E-1,-2.5E-1,-2.1E0));
#2275=LINE('',#2274,#2273);
#2276=DIRECTION('',(0.E0,0.E0,1.E0));
#2277=VECTOR('',#2276,9.999999999999E-3);
#2278=CARTESIAN_POINT('',(-6.5625E-1,-1.8E0,-4.4E0));
#2279=LINE('',#2278,#2277);
#2280=DIRECTION('',(0.E0,0.E0,1.E0));
#2281=VECTOR('',#2280,9.999999999999E-3);
#2282=CARTESIAN_POINT('',(-7.5E-1,-1.8E0,-4.4E0));
#2283=LINE('',#2282,#2281);
#2284=DIRECTION('',(0.E0,0.E0,1.E0));
#2285=VECTOR('',#2284,9.999999999999E-3);
#2286=CARTESIAN_POINT('',(-7.5E-1,-1.177659559250E0,-4.4E0));
#2287=LINE('',#2286,#2285);
#2288=DIRECTION('',(0.E0,0.E0,1.E0));
#2289=VECTOR('',#2288,9.999999999999E-3);
#2290=CARTESIAN_POINT('',(-8.4375E-1,-1.289361718297E0,-4.4E0));
#2291=LINE('',#2290,#2289);
#2292=DIRECTION('',(0.E0,0.E0,1.E0));
#2293=VECTOR('',#2292,9.999999999999E-3);
#2294=CARTESIAN_POINT('',(-8.4375E-1,-1.161702114344E0,-4.4E0));
#2295=LINE('',#2294,#2293);
#2296=DIRECTION('',(0.E0,0.E0,1.E0));
#2297=VECTOR('',#2296,9.999999999999E-3);
#2298=CARTESIAN_POINT('',(-7.5E-1,-1.05E0,-4.4E0));
#2299=LINE('',#2298,#2297);
#2300=DIRECTION('',(0.E0,0.E0,1.E0));
#2301=VECTOR('',#2300,9.999999999999E-3);
#2302=CARTESIAN_POINT('',(-6.5625E-1,-1.05E0,-4.4E0));
#2303=LINE('',#2302,#2301);
#2304=DIRECTION('',(0.E0,1.E0,0.E0));
#2305=VECTOR('',#2304,7.5E-1);
#2306=CARTESIAN_POINT('',(-6.5625E-1,-1.8E0,-4.39E0));
#2307=LINE('',#2306,#2305);
#2308=DIRECTION('',(1.E0,0.E0,0.E0));
#2309=VECTOR('',#2308,9.375E-2);
#2310=CARTESIAN_POINT('',(-7.5E-1,-1.8E0,-4.39E0));
#2311=LINE('',#2310,#2309);
#2312=DIRECTION('',(0.E0,-1.E0,0.E0));
#2313=VECTOR('',#2312,6.223404407501E-1);
#2314=CARTESIAN_POINT('',(-7.5E-1,-1.177659559250E0,-4.39E0));
#2315=LINE('',#2314,#2313);
#2316=DIRECTION('',(6.428711427642E-1,7.659743427825E-1,0.E0));
#2317=VECTOR('',#2316,1.458301574977E-1);
#2318=CARTESIAN_POINT('',(-8.4375E-1,-1.289361718297E0,-4.39E0));
#2319=LINE('',#2318,#2317);
#2320=DIRECTION('',(0.E0,-1.E0,0.E0));
#2321=VECTOR('',#2320,1.276596039534E-1);
#2322=CARTESIAN_POINT('',(-8.4375E-1,-1.161702114344E0,-4.39E0));
#2323=LINE('',#2322,#2321);
#2324=DIRECTION('',(-6.428712937139E-1,-7.659742160926E-1,0.E0));
#2325=VECTOR('',#2324,1.458301232559E-1);
#2326=CARTESIAN_POINT('',(-7.5E-1,-1.05E0,-4.39E0));
#2327=LINE('',#2326,#2325);
#2328=DIRECTION('',(-1.E0,0.E0,0.E0));
#2329=VECTOR('',#2328,9.375E-2);
#2330=CARTESIAN_POINT('',(-6.5625E-1,-1.05E0,-4.39E0));
#2331=LINE('',#2330,#2329);
#2332=DIRECTION('',(0.E0,7.071067811865E-1,-7.071067811865E-1));
#2333=VECTOR('',#2332,1.414213562373E-1);
#2334=CARTESIAN_POINT('',(2.525E0,-2.02E0,-2.15E0));
#2335=LINE('',#2334,#2333);
#2336=DIRECTION('',(-1.E0,0.E0,0.E0));
#2337=VECTOR('',#2336,2.75E-1);
#2338=CARTESIAN_POINT('',(2.8E0,-1.92E0,-2.25E0));
#2339=LINE('',#2338,#2337);
#2340=DIRECTION('',(0.E0,0.E0,-1.E0));
#2341=VECTOR('',#2340,4.E-1);
#2342=CARTESIAN_POINT('',(2.525E0,-1.92E0,-2.25E0));
#2343=LINE('',#2342,#2341);
#2344=DIRECTION('',(0.E0,-1.E0,0.E0));
#2345=VECTOR('',#2344,4.2E-1);
#2346=CARTESIAN_POINT('',(2.8E0,-1.5E0,-2.25E0));
#2347=LINE('',#2346,#2345);
#2348=DIRECTION('',(0.E0,0.E0,-1.E0));
#2349=VECTOR('',#2348,4.E-1);
#2350=CARTESIAN_POINT('',(2.8E0,-1.92E0,-2.25E0));
#2351=LINE('',#2350,#2349);
#2352=DIRECTION('',(5.773502691896E-1,-5.773502691896E-1,5.773502691896E-1));
#2353=VECTOR('',#2352,1.732050807569E-1);
#2354=CARTESIAN_POINT('',(2.8E0,-1.92E0,-2.25E0));
#2355=LINE('',#2354,#2353);
#2356=DIRECTION('',(7.071067811865E-1,0.E0,7.071067811866E-1));
#2357=VECTOR('',#2356,1.414213562373E-1);
#2358=CARTESIAN_POINT('',(2.8E0,-1.5E0,-2.25E0));
#2359=LINE('',#2358,#2357);
#2360=DIRECTION('',(-7.071067811865E-1,-7.071067811866E-1,0.E0));
#2361=VECTOR('',#2360,1.414213562373E-1);
#2362=CARTESIAN_POINT('',(2.9E0,7.5E-1,-3.85E0));
#2363=LINE('',#2362,#2361);
#2364=DIRECTION('',(5.773502691896E-1,5.773502691896E-1,5.773502691896E-1));
#2365=VECTOR('',#2364,1.732050807569E-1);
#2366=CARTESIAN_POINT('',(2.8E0,6.5E-1,-4.2E0));
#2367=LINE('',#2366,#2365);
#2368=DIRECTION('',(5.773502691896E-1,5.773502691896E-1,5.773502691896E-1));
#2369=VECTOR('',#2368,1.732050807569E-1);
#2370=CARTESIAN_POINT('',(2.9E0,6.5E-1,-4.2E0));
#2371=LINE('',#2370,#2369);
#2372=CARTESIAN_POINT('',(3.2E0,2.4E0,0.E0));
#2373=CARTESIAN_POINT('',(-3.2E0,2.4E0,0.E0));
#2374=VERTEX_POINT('',#2372);
#2375=VERTEX_POINT('',#2373);
#2376=CARTESIAN_POINT('',(3.2E0,-2.4E0,-2.15E0));
#2377=CARTESIAN_POINT('',(3.2E0,-1.5E0,-2.15E0));
#2378=VERTEX_POINT('',#2376);
#2379=VERTEX_POINT('',#2377);
#2380=CARTESIAN_POINT('',(3.2E0,-6.E-1,-5.8E0));
#2381=CARTESIAN_POINT('',(3.2E0,-6.E-1,-4.9E0));
#2382=VERTEX_POINT('',#2380);
#2383=VERTEX_POINT('',#2381);
#2384=CARTESIAN_POINT('',(3.2E0,-2.4E0,-5.8E0));
#2385=VERTEX_POINT('',#2384);
#2386=CARTESIAN_POINT('',(-3.2E0,-2.4E0,-2.15E0));
#2387=CARTESIAN_POINT('',(-3.2E0,-1.5E0,-2.15E0));
#2388=VERTEX_POINT('',#2386);
#2389=VERTEX_POINT('',#2387);
#2390=CARTESIAN_POINT('',(-3.2E0,-6.E-1,-5.8E0));
#2391=CARTESIAN_POINT('',(-3.2E0,-6.E-1,-4.9E0));
#2392=VERTEX_POINT('',#2390);
#2393=VERTEX_POINT('',#2391);
#2394=CARTESIAN_POINT('',(-3.2E0,-2.4E0,-5.8E0));
#2395=VERTEX_POINT('',#2394);
#2396=CARTESIAN_POINT('',(2.525E0,-1.5E0,-2.65E0));
#2397=CARTESIAN_POINT('',(2.525E0,-1.92E0,-2.65E0));
#2398=VERTEX_POINT('',#2396);
#2399=VERTEX_POINT('',#2397);
#2400=CARTESIAN_POINT('',(2.8E0,-1.92E0,-2.65E0));
#2401=VERTEX_POINT('',#2400);
#2402=CARTESIAN_POINT('',(2.8E0,-1.5E0,-2.65E0));
#2403=VERTEX_POINT('',#2402);
#2404=CARTESIAN_POINT('',(2.8E0,-4.5E-1,-2.65E0));
#2405=CARTESIAN_POINT('',(2.525E0,-4.5E-1,-2.65E0));
#2406=VERTEX_POINT('',#2404);
#2407=VERTEX_POINT('',#2405);
#2408=CARTESIAN_POINT('',(2.525E0,-8.E-1,-2.65E0));
#2409=VERTEX_POINT('',#2408);
#2410=CARTESIAN_POINT('',(2.425E0,-8.E-1,-2.65E0));
#2411=VERTEX_POINT('',#2410);
#2412=CARTESIAN_POINT('',(2.425E0,-1.E0,-2.65E0));
#2413=VERTEX_POINT('',#2412);
#2414=CARTESIAN_POINT('',(-2.525E0,-1.1E0,-4.9E0));
#2415=CARTESIAN_POINT('',(-2.8E0,-1.1E0,-4.9E0));
#2416=VERTEX_POINT('',#2414);
#2417=VERTEX_POINT('',#2415);
#2418=CARTESIAN_POINT('',(-2.8E0,-1.1E0,-5.32E0));
#2419=VERTEX_POINT('',#2418);
#2420=CARTESIAN_POINT('',(-2.525E0,-1.1E0,-5.32E0));
#2421=VERTEX_POINT('',#2420);
#2422=CARTESIAN_POINT('',(2.525E0,-1.1E0,-4.9E0));
#2423=CARTESIAN_POINT('',(2.525E0,-1.1E0,-5.32E0));
#2424=VERTEX_POINT('',#2422);
#2425=VERTEX_POINT('',#2423);
#2426=CARTESIAN_POINT('',(2.8E0,-1.1E0,-5.32E0));
#2427=VERTEX_POINT('',#2426);
#2428=CARTESIAN_POINT('',(2.8E0,-1.1E0,-4.9E0));
#2429=VERTEX_POINT('',#2428);
#2430=CARTESIAN_POINT('',(-2.9E0,-8.E-1,-2.65E0));
#2431=CARTESIAN_POINT('',(-2.9E0,-1.E0,-2.65E0));
#2432=VERTEX_POINT('',#2430);
#2433=VERTEX_POINT('',#2431);
#2434=CARTESIAN_POINT('',(2.8E0,-8.E-1,-2.65E0));
#2435=VERTEX_POINT('',#2434);
#2436=CARTESIAN_POINT('',(-2.8E0,-8.E-1,-2.65E0));
#2437=VERTEX_POINT('',#2436);
#2438=CARTESIAN_POINT('',(-2.9E0,-1.E0,-9.E-1));
#2439=CARTESIAN_POINT('',(-2.9E0,-8.E-1,-9.E-1));
#2440=VERTEX_POINT('',#2438);
#2441=VERTEX_POINT('',#2439);
#2442=CARTESIAN_POINT('',(-3.E0,-1.1E0,-8.E-1));
#2443=CARTESIAN_POINT('',(-3.E0,-7.E-1,-8.E-1));
#2444=VERTEX_POINT('',#2442);
#2445=VERTEX_POINT('',#2443);
#2446=CARTESIAN_POINT('',(-2.9E0,-7.E-1,-8.E-1));
#2447=VERTEX_POINT('',#2446);
#2448=CARTESIAN_POINT('',(-2.8E0,-8.E-1,-9.E-1));
#2449=VERTEX_POINT('',#2448);
#2450=CARTESIAN_POINT('',(2.9E0,-4.5E-1,-8.E-1));
#2451=CARTESIAN_POINT('',(2.9E0,-7.E-1,-8.E-1));
#2452=VERTEX_POINT('',#2450);
#2453=VERTEX_POINT('',#2451);
#2454=CARTESIAN_POINT('',(2.8E0,-4.5E-1,-9.E-1));
#2455=CARTESIAN_POINT('',(2.8E0,-8.E-1,-9.E-1));
#2456=VERTEX_POINT('',#2454);
#2457=VERTEX_POINT('',#2455);
#2458=CARTESIAN_POINT('',(2.525E0,-1.E0,-9.E-1));
#2459=CARTESIAN_POINT('',(2.9E0,-1.E0,-9.E-1));
#2460=VERTEX_POINT('',#2458);
#2461=VERTEX_POINT('',#2459);
#2462=CARTESIAN_POINT('',(2.525E0,-1.1E0,-8.E-1));
#2463=CARTESIAN_POINT('',(3.E0,-1.1E0,-8.E-1));
#2464=VERTEX_POINT('',#2462);
#2465=VERTEX_POINT('',#2463);
#2466=CARTESIAN_POINT('',(2.525E0,-1.4E0,-8.E-1));
#2467=VERTEX_POINT('',#2466);
#2468=CARTESIAN_POINT('',(3.2E0,-4.5E-1,-8.E-1));
#2469=VERTEX_POINT('',#2468);
#2470=CARTESIAN_POINT('',(-2.525E0,-1.1E0,-8.E-1));
#2471=CARTESIAN_POINT('',(-2.525E0,-1.4E0,-8.E-1));
#2472=VERTEX_POINT('',#2470);
#2473=VERTEX_POINT('',#2471);
#2474=CARTESIAN_POINT('',(-2.525E0,-2.02E0,-2.15E0));
#2475=CARTESIAN_POINT('',(-2.525E0,-2.15E0,-2.15E0));
#2476=VERTEX_POINT('',#2474);
#2477=VERTEX_POINT('',#2475);
#2478=CARTESIAN_POINT('',(-3.2E0,-4.5E-1,-8.E-1));
#2479=CARTESIAN_POINT('',(-2.9E0,-4.5E-1,-8.E-1));
#2480=VERTEX_POINT('',#2478);
#2481=VERTEX_POINT('',#2479);
#2482=CARTESIAN_POINT('',(-3.2E0,-1.5E0,-9.E-1));
#2483=CARTESIAN_POINT('',(-3.2E0,-1.4E0,-8.E-1));
#2484=VERTEX_POINT('',#2482);
#2485=VERTEX_POINT('',#2483);
#2486=CARTESIAN_POINT('',(-2.525E0,-1.5E0,-9.E-1));
#2487=VERTEX_POINT('',#2486);
#2488=CARTESIAN_POINT('',(3.2E0,-1.4E0,-8.E-1));
#2489=CARTESIAN_POINT('',(3.2E0,-1.5E0,-9.E-1));
#2490=VERTEX_POINT('',#2488);
#2491=VERTEX_POINT('',#2489);
#2492=CARTESIAN_POINT('',(2.525E0,-1.5E0,-9.E-1));
#2493=VERTEX_POINT('',#2492);
#2494=CARTESIAN_POINT('',(2.8E0,-1.92E0,-2.25E0));
#2495=CARTESIAN_POINT('',(2.525E0,-1.92E0,-2.25E0));
#2496=VERTEX_POINT('',#2494);
#2497=VERTEX_POINT('',#2495);
#2498=CARTESIAN_POINT('',(2.9E0,-2.02E0,-2.15E0));
#2499=CARTESIAN_POINT('',(2.525E0,-2.02E0,-2.15E0));
#2500=VERTEX_POINT('',#2498);
#2501=VERTEX_POINT('',#2499);
#2502=CARTESIAN_POINT('',(2.9E0,-1.5E0,-2.15E0));
#2503=VERTEX_POINT('',#2502);
#2504=CARTESIAN_POINT('',(2.8E0,-1.5E0,-2.25E0));
#2505=VERTEX_POINT('',#2504);
#2506=CARTESIAN_POINT('',(2.525E0,-2.15E0,-2.15E0));
#2507=VERTEX_POINT('',#2506);
#2508=CARTESIAN_POINT('',(-2.9E0,-1.5E0,-2.15E0));
#2509=VERTEX_POINT('',#2508);
#2510=CARTESIAN_POINT('',(-2.275E0,-2.4E0,0.E0));
#2511=CARTESIAN_POINT('',(-2.275E0,-2.4E0,-2.15E0));
#2512=VERTEX_POINT('',#2510);
#2513=VERTEX_POINT('',#2511);
#2514=CARTESIAN_POINT('',(2.275E0,-2.4E0,-2.15E0));
#2515=CARTESIAN_POINT('',(2.275E0,-2.4E0,0.E0));
#2516=VERTEX_POINT('',#2514);
#2517=VERTEX_POINT('',#2515);
#2518=CARTESIAN_POINT('',(2.525E0,-8.E-1,-3.E-1));
#2519=CARTESIAN_POINT('',(2.425E0,-8.E-1,0.E0));
#2520=VERTEX_POINT('',#2518);
#2521=VERTEX_POINT('',#2519);
#2522=CARTESIAN_POINT('',(2.425E0,-3.5E-1,0.E0));
#2523=VERTEX_POINT('',#2522);
#2524=CARTESIAN_POINT('',(2.525E0,-4.5E-1,-3.E-1));
#2525=VERTEX_POINT('',#2524);
#2526=CARTESIAN_POINT('',(3.2E0,-3.5E-1,0.E0));
#2527=CARTESIAN_POINT('',(3.2E0,-4.5E-1,-3.E-1));
#2528=VERTEX_POINT('',#2526);
#2529=VERTEX_POINT('',#2527);
#2530=CARTESIAN_POINT('',(2.425E0,-1.E0,0.E0));
#2531=CARTESIAN_POINT('',(2.525E0,-1.E0,-3.E-1));
#2532=VERTEX_POINT('',#2530);
#2533=VERTEX_POINT('',#2531);
#2534=CARTESIAN_POINT('',(2.525E0,-2.15E0,-3.E-1));
#2535=VERTEX_POINT('',#2534);
#2536=CARTESIAN_POINT('',(2.425E0,-2.25E0,0.E0));
#2537=VERTEX_POINT('',#2536);
#2538=CARTESIAN_POINT('',(-2.425E0,-2.25E0,0.E0));
#2539=CARTESIAN_POINT('',(-2.525E0,-2.15E0,-3.E-1));
#2540=VERTEX_POINT('',#2538);
#2541=VERTEX_POINT('',#2539);
#2542=CARTESIAN_POINT('',(-2.525E0,-1.E0,-3.E-1));
#2543=VERTEX_POINT('',#2542);
#2544=CARTESIAN_POINT('',(-2.425E0,-1.E0,0.E0));
#2545=VERTEX_POINT('',#2544);
#2546=CARTESIAN_POINT('',(-3.2E0,-4.5E-1,-3.E-1));
#2547=CARTESIAN_POINT('',(-3.2E0,-3.5E-1,0.E0));
#2548=VERTEX_POINT('',#2546);
#2549=VERTEX_POINT('',#2547);
#2550=CARTESIAN_POINT('',(-2.425E0,-3.5E-1,0.E0));
#2551=VERTEX_POINT('',#2550);
#2552=CARTESIAN_POINT('',(-2.525E0,-4.5E-1,-3.E-1));
#2553=VERTEX_POINT('',#2552);
#2554=CARTESIAN_POINT('',(-2.525E0,-8.E-1,-3.E-1));
#2555=VERTEX_POINT('',#2554);
#2556=CARTESIAN_POINT('',(-2.425E0,-8.E-1,0.E0));
#2557=VERTEX_POINT('',#2556);
#2558=CARTESIAN_POINT('',(3.2E0,6.5E-1,-4.9E0));
#2559=CARTESIAN_POINT('',(3.2E0,7.5E-1,-4.8E0));
#2560=VERTEX_POINT('',#2558);
#2561=VERTEX_POINT('',#2559);
#2562=CARTESIAN_POINT('',(-3.2E0,7.5E-1,-4.8E0));
#2563=CARTESIAN_POINT('',(-3.2E0,6.5E-1,-4.9E0));
#2564=VERTEX_POINT('',#2562);
#2565=VERTEX_POINT('',#2563);
#2566=CARTESIAN_POINT('',(2.8E0,-7.E-1,-5.32E0));
#2567=CARTESIAN_POINT('',(2.8E0,-7.E-1,-4.9E0));
#2568=VERTEX_POINT('',#2566);
#2569=VERTEX_POINT('',#2567);
#2570=CARTESIAN_POINT('',(2.9E0,-6.E-1,-5.42E0));
#2571=CARTESIAN_POINT('',(2.9E0,-6.E-1,-4.9E0));
#2572=VERTEX_POINT('',#2570);
#2573=VERTEX_POINT('',#2571);
#2574=CARTESIAN_POINT('',(2.525E0,-7.E-1,-5.32E0));
#2575=VERTEX_POINT('',#2574);
#2576=CARTESIAN_POINT('',(-2.9E0,-6.E-1,-4.9E0));
#2577=CARTESIAN_POINT('',(-2.9E0,-6.E-1,-5.42E0));
#2578=VERTEX_POINT('',#2576);
#2579=VERTEX_POINT('',#2577);
#2580=CARTESIAN_POINT('',(-2.8E0,-7.E-1,-4.9E0));
#2581=CARTESIAN_POINT('',(-2.8E0,-7.E-1,-5.32E0));
#2582=VERTEX_POINT('',#2580);
#2583=VERTEX_POINT('',#2581);
#2584=CARTESIAN_POINT('',(-2.525E0,-7.E-1,-5.32E0));
#2585=VERTEX_POINT('',#2584);
#2586=CARTESIAN_POINT('',(3.2E0,7.5E-1,-3.85E0));
#2587=VERTEX_POINT('',#2586);
#2588=CARTESIAN_POINT('',(-3.2E0,7.5E-1,-3.85E0));
#2589=VERTEX_POINT('',#2588);
#2590=CARTESIAN_POINT('',(-3.E0,7.5E-1,-4.1E0));
#2591=CARTESIAN_POINT('',(-3.E0,7.5E-1,-4.5E0));
#2592=VERTEX_POINT('',#2590);
#2593=VERTEX_POINT('',#2591);
#2594=CARTESIAN_POINT('',(-2.9E0,6.5E-1,-4.2E0));
#2595=CARTESIAN_POINT('',(-2.9E0,6.5E-1,-4.4E0));
#2596=VERTEX_POINT('',#2594);
#2597=VERTEX_POINT('',#2595);
#2598=CARTESIAN_POINT('',(-2.8E0,6.5E-1,-4.2E0));
#2599=VERTEX_POINT('',#2598);
#2600=CARTESIAN_POINT('',(-2.9E0,7.5E-1,-4.1E0));
#2601=VERTEX_POINT('',#2600);
#2602=CARTESIAN_POINT('',(-2.9E0,7.5E-1,-3.85E0));
#2603=VERTEX_POINT('',#2602);
#2604=CARTESIAN_POINT('',(-2.8E0,6.5E-1,-3.85E0));
#2605=VERTEX_POINT('',#2604);
#2606=CARTESIAN_POINT('',(2.8E0,6.5E-1,-4.2E0));
#2607=CARTESIAN_POINT('',(2.8E0,6.5E-1,-3.85E0));
#2608=VERTEX_POINT('',#2606);
#2609=VERTEX_POINT('',#2607);
#2610=CARTESIAN_POINT('',(2.9E0,7.5E-1,-4.1E0));
#2611=CARTESIAN_POINT('',(2.9E0,7.5E-1,-3.85E0));
#2612=VERTEX_POINT('',#2610);
#2613=VERTEX_POINT('',#2611);
#2614=CARTESIAN_POINT('',(3.E0,7.5E-1,-4.1E0));
#2615=VERTEX_POINT('',#2614);
#2616=CARTESIAN_POINT('',(2.9E0,6.5E-1,-4.2E0));
#2617=VERTEX_POINT('',#2616);
#2618=CARTESIAN_POINT('',(2.9E0,6.5E-1,-4.4E0));
#2619=VERTEX_POINT('',#2618);
#2620=CARTESIAN_POINT('',(3.E0,7.5E-1,-4.5E0));
#2621=VERTEX_POINT('',#2620);
#2622=CARTESIAN_POINT('',(-1.96E0,-2.5E0,0.E0));
#2623=CARTESIAN_POINT('',(-1.96E0,-2.5E0,-1.5E0));
#2624=VERTEX_POINT('',#2622);
#2625=VERTEX_POINT('',#2623);
#2626=CARTESIAN_POINT('',(-1.16E0,-2.5E0,-1.5E0));
#2627=VERTEX_POINT('',#2626);
#2628=CARTESIAN_POINT('',(-1.16E0,-2.5E0,0.E0));
#2629=VERTEX_POINT('',#2628);
#2630=CARTESIAN_POINT('',(1.96E0,-2.5E0,0.E0));
#2631=CARTESIAN_POINT('',(1.16E0,-2.5E0,0.E0));
#2632=VERTEX_POINT('',#2630);
#2633=VERTEX_POINT('',#2631);
#2634=CARTESIAN_POINT('',(1.16E0,-2.5E0,-1.5E0));
#2635=VERTEX_POINT('',#2634);
#2636=CARTESIAN_POINT('',(1.96E0,-2.5E0,-1.5E0));
#2637=VERTEX_POINT('',#2636);
#2638=CARTESIAN_POINT('',(-1.96E0,-2.4E0,0.E0));
#2639=CARTESIAN_POINT('',(-1.96E0,-2.4E0,-1.5E0));
#2640=VERTEX_POINT('',#2638);
#2641=VERTEX_POINT('',#2639);
#2642=CARTESIAN_POINT('',(-1.16E0,-2.4E0,-1.5E0));
#2643=VERTEX_POINT('',#2642);
#2644=CARTESIAN_POINT('',(-1.16E0,-2.4E0,0.E0));
#2645=VERTEX_POINT('',#2644);
#2646=CARTESIAN_POINT('',(1.16E0,-2.4E0,0.E0));
#2647=CARTESIAN_POINT('',(1.16E0,-2.4E0,-1.5E0));
#2648=VERTEX_POINT('',#2646);
#2649=VERTEX_POINT('',#2647);
#2650=CARTESIAN_POINT('',(1.96E0,-2.4E0,-1.5E0));
#2651=VERTEX_POINT('',#2650);
#2652=CARTESIAN_POINT('',(1.96E0,-2.4E0,0.E0));
#2653=VERTEX_POINT('',#2652);
#2654=CARTESIAN_POINT('',(-2.115E0,1.3E0,-4.4E0));
#2655=CARTESIAN_POINT('',(-2.115E0,-1.9E0,-4.4E0));
#2656=VERTEX_POINT('',#2654);
#2657=VERTEX_POINT('',#2655);
#2658=CARTESIAN_POINT('',(2.115E0,-1.9E0,-4.4E0));
#2659=VERTEX_POINT('',#2658);
#2660=CARTESIAN_POINT('',(2.115E0,1.8E0,-4.4E0));
#2661=VERTEX_POINT('',#2660);
#2662=CARTESIAN_POINT('',(1.495E0,1.8E0,-4.4E0));
#2663=VERTEX_POINT('',#2662);
#2664=CARTESIAN_POINT('',(1.495E0,5.E-1,-4.4E0));
#2665=VERTEX_POINT('',#2664);
#2666=CARTESIAN_POINT('',(-1.495E0,5.E-1,-4.4E0));
#2667=CARTESIAN_POINT('',(-1.495E0,1.3E0,-4.4E0));
#2668=VERTEX_POINT('',#2666);
#2669=VERTEX_POINT('',#2667);
#2670=CARTESIAN_POINT('',(1.495E0,5.E-1,-2.E-1));
#2671=CARTESIAN_POINT('',(1.295E0,5.E-1,0.E0));
#2672=VERTEX_POINT('',#2670);
#2673=VERTEX_POINT('',#2671);
#2674=CARTESIAN_POINT('',(1.295E0,2.E0,0.E0));
#2675=VERTEX_POINT('',#2674);
#2676=CARTESIAN_POINT('',(1.495E0,1.8E0,-2.E-1));
#2677=VERTEX_POINT('',#2676);
#2678=CARTESIAN_POINT('',(2.115E0,1.8E0,-2.E-1));
#2679=VERTEX_POINT('',#2678);
#2680=CARTESIAN_POINT('',(-2.115E0,1.3E0,-2.E-1));
#2681=CARTESIAN_POINT('',(-1.495E0,1.3E0,-2.E-1));
#2682=VERTEX_POINT('',#2680);
#2683=VERTEX_POINT('',#2681);
#2684=CARTESIAN_POINT('',(-1.295E0,5.E-1,0.E0));
#2685=CARTESIAN_POINT('',(-1.495E0,5.E-1,-2.E-1));
#2686=VERTEX_POINT('',#2684);
#2687=VERTEX_POINT('',#2685);
#2688=CARTESIAN_POINT('',(-1.295E0,1.5E0,0.E0));
#2689=VERTEX_POINT('',#2688);
#2690=CARTESIAN_POINT('',(-2.115E0,1.35E0,-1.5E-1));
#2691=CARTESIAN_POINT('',(-2.115E0,-1.9E0,-1.5E-1));
#2692=VERTEX_POINT('',#2690);
#2693=VERTEX_POINT('',#2691);
#2694=CARTESIAN_POINT('',(-2.201602540378E0,1.5E0,0.E0));
#2695=CARTESIAN_POINT('',(-2.201602540378E0,-1.986602540378E0,0.E0));
#2696=VERTEX_POINT('',#2694);
#2697=VERTEX_POINT('',#2695);
#2698=CARTESIAN_POINT('',(2.201602540378E0,-1.986602540378E0,0.E0));
#2699=VERTEX_POINT('',#2698);
#2700=CARTESIAN_POINT('',(2.115E0,-1.9E0,-1.5E-1));
#2701=VERTEX_POINT('',#2700);
#2702=CARTESIAN_POINT('',(2.201602540378E0,2.E0,0.E0));
#2703=VERTEX_POINT('',#2702);
#2704=CARTESIAN_POINT('',(2.115E0,1.85E0,-1.5E-1));
#2705=VERTEX_POINT('',#2704);
#2706=CARTESIAN_POINT('',(1.125E0,1.825E0,-4.4E0));
#2707=CARTESIAN_POINT('',(-1.125E0,1.825E0,-4.4E0));
#2708=VERTEX_POINT('',#2706);
#2709=VERTEX_POINT('',#2707);
#2710=CARTESIAN_POINT('',(1.125E0,5.E-1,0.E0));
#2711=CARTESIAN_POINT('',(1.125E0,1.825E0,0.E0));
#2712=VERTEX_POINT('',#2710);
#2713=VERTEX_POINT('',#2711);
#2714=CARTESIAN_POINT('',(-1.125E0,1.825E0,0.E0));
#2715=CARTESIAN_POINT('',(-1.125E0,5.E-1,0.E0));
#2716=VERTEX_POINT('',#2714);
#2717=VERTEX_POINT('',#2715);
#2718=CARTESIAN_POINT('',(1.125E0,5.E-1,-4.4E0));
#2719=VERTEX_POINT('',#2718);
#2720=CARTESIAN_POINT('',(-1.125E0,5.E-1,-4.4E0));
#2721=VERTEX_POINT('',#2720);
#2722=CARTESIAN_POINT('',(-3.5E-1,1.525E0,0.E0));
#2723=CARTESIAN_POINT('',(-3.5E-1,1.525E0,-7.5E-1));
#2724=VERTEX_POINT('',#2722);
#2725=VERTEX_POINT('',#2723);
#2726=CARTESIAN_POINT('',(3.5E-1,1.525E0,0.E0));
#2727=CARTESIAN_POINT('',(3.5E-1,1.525E0,-7.5E-1));
#2728=VERTEX_POINT('',#2726);
#2729=VERTEX_POINT('',#2727);
#2730=CARTESIAN_POINT('',(3.5E-1,1.825E0,0.E0));
#2731=VERTEX_POINT('',#2730);
#2732=CARTESIAN_POINT('',(-3.5E-1,1.825E0,0.E0));
#2733=VERTEX_POINT('',#2732);
#2734=CARTESIAN_POINT('',(-3.5E-1,1.825E0,-8.330415196484E-1));
#2735=CARTESIAN_POINT('',(3.5E-1,1.825E0,-8.330415196484E-1));
#2736=VERTEX_POINT('',#2734);
#2737=VERTEX_POINT('',#2735);
#2738=CARTESIAN_POINT('',(-3.5E-1,1.716365699267E0,-7.334149727302E-1));
#2739=CARTESIAN_POINT('',(3.5E-1,1.716365699267E0,-7.334149727302E-1));
#2740=VERTEX_POINT('',#2738);
#2741=VERTEX_POINT('',#2739);
#2742=CARTESIAN_POINT('',(-9.E-1,-2.4E0,-5.8E0));
#2743=CARTESIAN_POINT('',(-9.E-1,-2.4E0,-5.561930279495E0));
#2744=VERTEX_POINT('',#2742);
#2745=VERTEX_POINT('',#2743);
#2746=CARTESIAN_POINT('',(-6.E-1,-2.4E0,-5.8E0));
#2747=CARTESIAN_POINT('',(-6.E-1,-2.4E0,-5.561930279495E0));
#2748=VERTEX_POINT('',#2746);
#2749=VERTEX_POINT('',#2747);
#2750=CARTESIAN_POINT('',(-9.E-1,-5.5E-1,-4.4E0));
#2751=CARTESIAN_POINT('',(-9.E-1,-2.5E-1,-4.4E0));
#2752=VERTEX_POINT('',#2750);
#2753=VERTEX_POINT('',#2751);
#2754=CARTESIAN_POINT('',(-6.E-1,-5.5E-1,-4.4E0));
#2755=CARTESIAN_POINT('',(-6.E-1,-2.5E-1,-4.4E0));
#2756=VERTEX_POINT('',#2754);
#2757=VERTEX_POINT('',#2755);
#2758=CARTESIAN_POINT('',(-9.E-1,-6.918191770586E-1,-5.8E0));
#2759=VERTEX_POINT('',#2758);
#2760=CARTESIAN_POINT('',(-6.E-1,-6.918191770586E-1,-5.8E0));
#2761=VERTEX_POINT('',#2760);
#2762=CARTESIAN_POINT('',(6.E-1,-2.4E0,-5.8E0));
#2763=CARTESIAN_POINT('',(6.E-1,-6.918191770586E-1,-5.8E0));
#2764=VERTEX_POINT('',#2762);
#2765=VERTEX_POINT('',#2763);
#2766=CARTESIAN_POINT('',(9.E-1,-2.4E0,-5.8E0));
#2767=CARTESIAN_POINT('',(9.E-1,-6.918191770586E-1,-5.8E0));
#2768=VERTEX_POINT('',#2766);
#2769=VERTEX_POINT('',#2767);
#2770=CARTESIAN_POINT('',(6.E-1,-2.4E0,-5.561930279495E0));
#2771=VERTEX_POINT('',#2770);
#2772=CARTESIAN_POINT('',(9.E-1,-2.4E0,-5.561930279495E0));
#2773=VERTEX_POINT('',#2772);
#2774=CARTESIAN_POINT('',(6.E-1,-5.5E-1,-4.4E0));
#2775=CARTESIAN_POINT('',(6.E-1,-2.5E-1,-4.4E0));
#2776=VERTEX_POINT('',#2774);
#2777=VERTEX_POINT('',#2775);
#2778=CARTESIAN_POINT('',(9.E-1,-5.5E-1,-4.4E0));
#2779=CARTESIAN_POINT('',(9.E-1,-2.5E-1,-4.4E0));
#2780=VERTEX_POINT('',#2778);
#2781=VERTEX_POINT('',#2779);
#2782=CARTESIAN_POINT('',(-2.425E0,2.4E0,-4.4E0));
#2783=CARTESIAN_POINT('',(-2.525E0,2.1E0,-4.4E0));
#2784=VERTEX_POINT('',#2782);
#2785=VERTEX_POINT('',#2783);
#2786=CARTESIAN_POINT('',(-2.525E0,2.1E0,-4.2E0));
#2787=CARTESIAN_POINT('',(-2.525E0,2.1E0,-3.85E0));
#2788=VERTEX_POINT('',#2786);
#2789=VERTEX_POINT('',#2787);
#2790=CARTESIAN_POINT('',(-2.425E0,2.4E0,-4.2E0));
#2791=VERTEX_POINT('',#2790);
#2792=CARTESIAN_POINT('',(-2.425E0,2.4E0,-3.75E0));
#2793=VERTEX_POINT('',#2792);
#2794=CARTESIAN_POINT('',(2.525E0,2.1E0,-3.85E0));
#2795=CARTESIAN_POINT('',(2.525E0,2.1E0,-4.2E0));
#2796=VERTEX_POINT('',#2794);
#2797=VERTEX_POINT('',#2795);
#2798=CARTESIAN_POINT('',(2.425E0,2.4E0,-3.75E0));
#2799=CARTESIAN_POINT('',(2.425E0,2.4E0,-4.2E0));
#2800=VERTEX_POINT('',#2798);
#2801=VERTEX_POINT('',#2799);
#2802=CARTESIAN_POINT('',(2.425E0,2.4E0,-4.4E0));
#2803=VERTEX_POINT('',#2802);
#2804=CARTESIAN_POINT('',(-2.525E0,1.55E0,-5.55E0));
#2805=CARTESIAN_POINT('',(-2.875E0,1.55E0,-5.9E0));
#2806=VERTEX_POINT('',#2804);
#2807=VERTEX_POINT('',#2805);
#2808=CARTESIAN_POINT('',(-2.875E0,1.55E0,-5.65E0));
#2809=CARTESIAN_POINT('',(-2.775E0,1.55E0,-5.55E0));
#2810=VERTEX_POINT('',#2808);
#2811=VERTEX_POINT('',#2809);
#2812=CARTESIAN_POINT('',(2.775E0,1.55E0,-5.55E0));
#2813=CARTESIAN_POINT('',(2.875E0,1.55E0,-5.65E0));
#2814=VERTEX_POINT('',#2812);
#2815=VERTEX_POINT('',#2813);
#2816=CARTESIAN_POINT('',(2.875E0,1.55E0,-5.9E0));
#2817=CARTESIAN_POINT('',(2.525E0,1.55E0,-5.55E0));
#2818=VERTEX_POINT('',#2816);
#2819=VERTEX_POINT('',#2817);
#2820=CARTESIAN_POINT('',(-2.525E0,-4.5E-1,-5.55E0));
#2821=CARTESIAN_POINT('',(-2.875E0,-4.5E-1,-5.9E0));
#2822=VERTEX_POINT('',#2820);
#2823=VERTEX_POINT('',#2821);
#2824=CARTESIAN_POINT('',(-2.875E0,-4.5E-1,-5.65E0));
#2825=CARTESIAN_POINT('',(-2.775E0,-4.5E-1,-5.55E0));
#2826=VERTEX_POINT('',#2824);
#2827=VERTEX_POINT('',#2825);
#2828=CARTESIAN_POINT('',(2.775E0,-4.5E-1,-5.55E0));
#2829=CARTESIAN_POINT('',(2.875E0,-4.5E-1,-5.65E0));
#2830=VERTEX_POINT('',#2828);
#2831=VERTEX_POINT('',#2829);
#2832=CARTESIAN_POINT('',(2.875E0,-4.5E-1,-5.9E0));
#2833=CARTESIAN_POINT('',(2.525E0,-4.5E-1,-5.55E0));
#2834=VERTEX_POINT('',#2832);
#2835=VERTEX_POINT('',#2833);
#2836=CARTESIAN_POINT('',(2.525E0,1.55E0,-5.42E0));
#2837=CARTESIAN_POINT('',(2.525E0,1.55E0,-4.4E0));
#2838=VERTEX_POINT('',#2836);
#2839=VERTEX_POINT('',#2837);
#2840=CARTESIAN_POINT('',(2.525E0,1.55E0,-4.2E0));
#2841=CARTESIAN_POINT('',(2.525E0,1.55E0,-3.85E0));
#2842=VERTEX_POINT('',#2840);
#2843=VERTEX_POINT('',#2841);
#2844=CARTESIAN_POINT('',(2.525E0,-4.5E-1,-5.42E0));
#2845=CARTESIAN_POINT('',(2.525E0,-4.5E-1,-4.9E0));
#2846=VERTEX_POINT('',#2844);
#2847=VERTEX_POINT('',#2845);
#2848=CARTESIAN_POINT('',(2.775E0,1.55E0,-3.85E0));
#2849=VERTEX_POINT('',#2848);
#2850=CARTESIAN_POINT('',(2.775E0,7.5E-1,-4.5E0));
#2851=CARTESIAN_POINT('',(2.775E0,7.5E-1,-4.8E0));
#2852=VERTEX_POINT('',#2850);
#2853=VERTEX_POINT('',#2851);
#2854=CARTESIAN_POINT('',(2.775E0,-4.5E-1,-4.9E0));
#2855=VERTEX_POINT('',#2854);
#2856=CARTESIAN_POINT('',(2.775E0,6.5E-1,-4.9E0));
#2857=VERTEX_POINT('',#2856);
#2858=CARTESIAN_POINT('',(-2.525E0,1.55E0,-5.42E0));
#2859=CARTESIAN_POINT('',(-2.525E0,1.55E0,-4.4E0));
#2860=VERTEX_POINT('',#2858);
#2861=VERTEX_POINT('',#2859);
#2862=CARTESIAN_POINT('',(-2.525E0,1.55E0,-4.2E0));
#2863=CARTESIAN_POINT('',(-2.525E0,1.55E0,-3.85E0));
#2864=VERTEX_POINT('',#2862);
#2865=VERTEX_POINT('',#2863);
#2866=CARTESIAN_POINT('',(-2.525E0,-4.5E-1,-5.42E0));
#2867=CARTESIAN_POINT('',(-2.525E0,-4.5E-1,-4.9E0));
#2868=VERTEX_POINT('',#2866);
#2869=VERTEX_POINT('',#2867);
#2870=CARTESIAN_POINT('',(-2.775E0,7.5E-1,-4.8E0));
#2871=CARTESIAN_POINT('',(-2.775E0,7.5E-1,-4.5E0));
#2872=VERTEX_POINT('',#2870);
#2873=VERTEX_POINT('',#2871);
#2874=CARTESIAN_POINT('',(-2.775E0,1.55E0,-3.85E0));
#2875=VERTEX_POINT('',#2874);
#2876=CARTESIAN_POINT('',(-2.775E0,-4.5E-1,-4.9E0));
#2877=VERTEX_POINT('',#2876);
#2878=CARTESIAN_POINT('',(-2.775E0,6.5E-1,-4.9E0));
#2879=VERTEX_POINT('',#2878);
#2880=CARTESIAN_POINT('',(-2.775E0,6.5E-1,-4.4E0));
#2881=VERTEX_POINT('',#2880);
#2882=CARTESIAN_POINT('',(2.775E0,6.5E-1,-4.4E0));
#2883=VERTEX_POINT('',#2882);
#2884=CARTESIAN_POINT('',(2.525E0,2.1E0,-4.4E0));
#2885=VERTEX_POINT('',#2884);
#2886=CARTESIAN_POINT('',(3.075E0,1.55E0,-5.9E0));
#2887=CARTESIAN_POINT('',(3.375E0,1.25E0,-5.9E0));
#2888=VERTEX_POINT('',#2886);
#2889=VERTEX_POINT('',#2887);
#2890=CARTESIAN_POINT('',(3.375E0,1.25E0,-5.65E0));
#2891=VERTEX_POINT('',#2890);
#2892=CARTESIAN_POINT('',(3.075E0,1.55E0,-5.65E0));
#2893=VERTEX_POINT('',#2892);
#2894=CARTESIAN_POINT('',(3.075E0,-4.5E-1,-5.65E0));
#2895=CARTESIAN_POINT('',(3.375E0,-1.5E-1,-5.65E0));
#2896=VERTEX_POINT('',#2894);
#2897=VERTEX_POINT('',#2895);
#2898=CARTESIAN_POINT('',(3.375E0,-1.5E-1,-5.9E0));
#2899=VERTEX_POINT('',#2898);
#2900=CARTESIAN_POINT('',(3.075E0,-4.5E-1,-5.9E0));
#2901=VERTEX_POINT('',#2900);
#2902=CARTESIAN_POINT('',(-3.075E0,1.55E0,-5.65E0));
#2903=CARTESIAN_POINT('',(-3.375E0,1.25E0,-5.65E0));
#2904=VERTEX_POINT('',#2902);
#2905=VERTEX_POINT('',#2903);
#2906=CARTESIAN_POINT('',(-3.375E0,1.25E0,-5.9E0));
#2907=VERTEX_POINT('',#2906);
#2908=CARTESIAN_POINT('',(-3.075E0,1.55E0,-5.9E0));
#2909=VERTEX_POINT('',#2908);
#2910=CARTESIAN_POINT('',(-3.075E0,-4.5E-1,-5.9E0));
#2911=CARTESIAN_POINT('',(-3.375E0,-1.5E-1,-5.9E0));
#2912=VERTEX_POINT('',#2910);
#2913=VERTEX_POINT('',#2911);
#2914=CARTESIAN_POINT('',(-3.375E0,-1.5E-1,-5.65E0));
#2915=VERTEX_POINT('',#2914);
#2916=CARTESIAN_POINT('',(-3.075E0,-4.5E-1,-5.65E0));
#2917=VERTEX_POINT('',#2916);
#2918=CARTESIAN_POINT('',(3.2E0,2.1E0,-3.85E0));
#2919=CARTESIAN_POINT('',(3.2E0,2.4E0,-3.75E0));
#2920=VERTEX_POINT('',#2918);
#2921=VERTEX_POINT('',#2919);
#2922=CARTESIAN_POINT('',(-3.2E0,2.4E0,-3.75E0));
#2923=CARTESIAN_POINT('',(-3.2E0,2.1E0,-3.85E0));
#2924=VERTEX_POINT('',#2922);
#2925=VERTEX_POINT('',#2923);
#2926=CARTESIAN_POINT('',(-2.145E0,2.4E0,-5.8E0));
#2927=CARTESIAN_POINT('',(-2.425E0,2.4E0,-5.52E0));
#2928=VERTEX_POINT('',#2926);
#2929=VERTEX_POINT('',#2927);
#2930=CARTESIAN_POINT('',(-2.525E0,2.1E0,-5.42E0));
#2931=VERTEX_POINT('',#2930);
#2932=CARTESIAN_POINT('',(-2.145E0,-6.E-1,-5.8E0));
#2933=VERTEX_POINT('',#2932);
#2934=CARTESIAN_POINT('',(2.525E0,2.1E0,-5.42E0));
#2935=CARTESIAN_POINT('',(2.425E0,2.4E0,-5.52E0));
#2936=VERTEX_POINT('',#2934);
#2937=VERTEX_POINT('',#2935);
#2938=CARTESIAN_POINT('',(2.145E0,2.4E0,-5.8E0));
#2939=VERTEX_POINT('',#2938);
#2940=CARTESIAN_POINT('',(2.145E0,-6.E-1,-5.8E0));
#2941=VERTEX_POINT('',#2940);
#2942=CARTESIAN_POINT('',(2.525E0,-6.E-1,-5.42E0));
#2943=VERTEX_POINT('',#2942);
#2944=CARTESIAN_POINT('',(-2.525E0,-6.E-1,-5.42E0));
#2945=VERTEX_POINT('',#2944);
#2946=CARTESIAN_POINT('',(-2.525E0,-1.5E0,-2.65E0));
#2947=CARTESIAN_POINT('',(-2.8E0,-1.5E0,-2.65E0));
#2948=VERTEX_POINT('',#2946);
#2949=VERTEX_POINT('',#2947);
#2950=CARTESIAN_POINT('',(-2.8E0,-1.92E0,-2.65E0));
#2951=VERTEX_POINT('',#2950);
#2952=CARTESIAN_POINT('',(-2.525E0,-1.92E0,-2.65E0));
#2953=VERTEX_POINT('',#2952);
#2954=CARTESIAN_POINT('',(-2.425E0,-1.E0,-2.65E0));
#2955=CARTESIAN_POINT('',(-2.425E0,-8.E-1,-2.65E0));
#2956=VERTEX_POINT('',#2954);
#2957=VERTEX_POINT('',#2955);
#2958=CARTESIAN_POINT('',(-2.525E0,-8.E-1,-2.65E0));
#2959=VERTEX_POINT('',#2958);
#2960=CARTESIAN_POINT('',(-2.525E0,-4.5E-1,-2.65E0));
#2961=VERTEX_POINT('',#2960);
#2962=CARTESIAN_POINT('',(-2.8E0,-4.5E-1,-2.65E0));
#2963=VERTEX_POINT('',#2962);
#2964=CARTESIAN_POINT('',(2.9E0,-1.E0,-2.65E0));
#2965=CARTESIAN_POINT('',(2.9E0,-8.E-1,-2.65E0));
#2966=VERTEX_POINT('',#2964);
#2967=VERTEX_POINT('',#2965);
#2968=CARTESIAN_POINT('',(2.9E0,-8.E-1,-9.E-1));
#2969=VERTEX_POINT('',#2968);
#2970=CARTESIAN_POINT('',(3.E0,-7.E-1,-8.E-1));
#2971=VERTEX_POINT('',#2970);
#2972=CARTESIAN_POINT('',(-2.525E0,-1.E0,-9.E-1));
#2973=VERTEX_POINT('',#2972);
#2974=CARTESIAN_POINT('',(-2.8E0,-4.5E-1,-9.E-1));
#2975=VERTEX_POINT('',#2974);
#2976=CARTESIAN_POINT('',(-2.8E0,-1.92E0,-2.25E0));
#2977=CARTESIAN_POINT('',(-2.8E0,-1.5E0,-2.25E0));
#2978=VERTEX_POINT('',#2976);
#2979=VERTEX_POINT('',#2977);
#2980=CARTESIAN_POINT('',(-2.9E0,-2.02E0,-2.15E0));
#2981=VERTEX_POINT('',#2980);
#2982=CARTESIAN_POINT('',(-2.525E0,-1.92E0,-2.25E0));
#2983=VERTEX_POINT('',#2982);
#2984=CARTESIAN_POINT('',(-6.5625E-1,-1.8E0,-4.39E0));
#2985=CARTESIAN_POINT('',(-6.5625E-1,-1.05E0,-4.39E0));
#2986=VERTEX_POINT('',#2984);
#2987=VERTEX_POINT('',#2985);
#2988=CARTESIAN_POINT('',(-7.5E-1,-1.05E0,-4.39E0));
#2989=VERTEX_POINT('',#2988);
#2990=CARTESIAN_POINT('',(-8.4375E-1,-1.161702114344E0,-4.39E0));
#2991=VERTEX_POINT('',#2990);
#2992=CARTESIAN_POINT('',(-8.4375E-1,-1.289361718297E0,-4.39E0));
#2993=VERTEX_POINT('',#2992);
#2994=CARTESIAN_POINT('',(-7.5E-1,-1.177659559250E0,-4.39E0));
#2995=VERTEX_POINT('',#2994);
#2996=CARTESIAN_POINT('',(-7.5E-1,-1.8E0,-4.39E0));
#2997=VERTEX_POINT('',#2996);
#2998=CARTESIAN_POINT('',(-6.5625E-1,-1.8E0,-4.4E0));
#2999=CARTESIAN_POINT('',(-6.5625E-1,-1.05E0,-4.4E0));
#3000=VERTEX_POINT('',#2998);
#3001=VERTEX_POINT('',#2999);
#3002=CARTESIAN_POINT('',(-7.5E-1,-1.05E0,-4.4E0));
#3003=VERTEX_POINT('',#3002);
#3004=CARTESIAN_POINT('',(-8.4375E-1,-1.161702114344E0,-4.4E0));
#3005=VERTEX_POINT('',#3004);
#3006=CARTESIAN_POINT('',(-8.4375E-1,-1.289361718297E0,-4.4E0));
#3007=VERTEX_POINT('',#3006);
#3008=CARTESIAN_POINT('',(-7.5E-1,-1.177659559250E0,-4.4E0));
#3009=VERTEX_POINT('',#3008);
#3010=CARTESIAN_POINT('',(-7.5E-1,-1.8E0,-4.4E0));
#3011=VERTEX_POINT('',#3010);
#3012=CARTESIAN_POINT('',(-9.E-1,-3.265452080061E0,-5.593407839354E0));
#3013=CARTESIAN_POINT('',(-9.E-1,-3.254547919942E0,-5.893209606013E0));
#3014=VERTEX_POINT('',#3012);
#3015=VERTEX_POINT('',#3013);
#3016=CARTESIAN_POINT('',(-9.E-1,-2.5E-1,-2.1E0));
#3017=CARTESIAN_POINT('',(-9.E-1,-5.5E-1,-2.1E0));
#3018=VERTEX_POINT('',#3016);
#3019=VERTEX_POINT('',#3017);
#3020=CARTESIAN_POINT('',(-6.E-1,-3.265452080061E0,-5.593407839354E0));
#3021=CARTESIAN_POINT('',(-6.E-1,-3.254547919942E0,-5.893209606013E0));
#3022=VERTEX_POINT('',#3020);
#3023=VERTEX_POINT('',#3021);
#3024=CARTESIAN_POINT('',(-6.E-1,-2.5E-1,-2.1E0));
#3025=CARTESIAN_POINT('',(-6.E-1,-5.5E-1,-2.1E0));
#3026=VERTEX_POINT('',#3024);
#3027=VERTEX_POINT('',#3025);
#3028=CARTESIAN_POINT('',(6.E-1,-3.265452080061E0,-5.593407839354E0));
#3029=CARTESIAN_POINT('',(6.E-1,-3.254547919942E0,-5.893209606013E0));
#3030=VERTEX_POINT('',#3028);
#3031=VERTEX_POINT('',#3029);
#3032=CARTESIAN_POINT('',(6.E-1,-2.5E-1,-2.1E0));
#3033=CARTESIAN_POINT('',(6.E-1,-5.5E-1,-2.1E0));
#3034=VERTEX_POINT('',#3032);
#3035=VERTEX_POINT('',#3033);
#3036=CARTESIAN_POINT('',(9.E-1,-3.265452080061E0,-5.593407839354E0));
#3037=CARTESIAN_POINT('',(9.E-1,-3.254547919942E0,-5.893209606013E0));
#3038=VERTEX_POINT('',#3036);
#3039=VERTEX_POINT('',#3037);
#3040=CARTESIAN_POINT('',(9.E-1,-2.5E-1,-2.1E0));
#3041=CARTESIAN_POINT('',(9.E-1,-5.5E-1,-2.1E0));
#3042=VERTEX_POINT('',#3040);
#3043=VERTEX_POINT('',#3041);
#3044=CARTESIAN_POINT('',(2.775E0,-2.5E-1,-3.85E0));
#3045=CARTESIAN_POINT('',(2.8E0,-2.5E-1,-3.85E0));
#3046=VERTEX_POINT('',#3044);
#3047=VERTEX_POINT('',#3045);
#3048=CARTESIAN_POINT('',(-2.775E0,-2.5E-1,-3.85E0));
#3049=CARTESIAN_POINT('',(-2.8E0,-2.5E-1,-3.85E0));
#3050=VERTEX_POINT('',#3048);
#3051=VERTEX_POINT('',#3049);
#3052=CARTESIAN_POINT('',(-2.8E0,-2.5E-1,-4.2E0));
#3053=VERTEX_POINT('',#3052);
#3054=CARTESIAN_POINT('',(-2.9E0,-2.5E-1,-4.4E0));
#3055=CARTESIAN_POINT('',(-2.775E0,-2.5E-1,-4.4E0));
#3056=VERTEX_POINT('',#3054);
#3057=VERTEX_POINT('',#3055);
#3058=CARTESIAN_POINT('',(2.8E0,-2.5E-1,-4.2E0));
#3059=VERTEX_POINT('',#3058);
#3060=CARTESIAN_POINT('',(2.9E0,-2.5E-1,-4.2E0));
#3061=VERTEX_POINT('',#3060);
#3062=CARTESIAN_POINT('',(2.9E0,-2.5E-1,-4.4E0));
#3063=VERTEX_POINT('',#3062);
#3064=CARTESIAN_POINT('',(-2.9E0,-2.5E-1,-4.2E0));
#3065=VERTEX_POINT('',#3064);
#3066=CARTESIAN_POINT('',(-2.425E0,1.4E0,-4.4E0));
#3067=CARTESIAN_POINT('',(-2.525E0,1.4E0,-4.4E0));
#3068=VERTEX_POINT('',#3066);
#3069=VERTEX_POINT('',#3067);
#3070=CARTESIAN_POINT('',(2.425E0,1.4E0,-4.4E0));
#3071=CARTESIAN_POINT('',(2.525E0,1.4E0,-4.4E0));
#3072=VERTEX_POINT('',#3070);
#3073=VERTEX_POINT('',#3071);
#3074=CARTESIAN_POINT('',(2.425E0,1.4E0,-4.2E0));
#3075=VERTEX_POINT('',#3074);
#3076=CARTESIAN_POINT('',(2.525E0,1.4E0,-4.2E0));
#3077=VERTEX_POINT('',#3076);
#3078=CARTESIAN_POINT('',(-2.525E0,1.4E0,-4.2E0));
#3079=CARTESIAN_POINT('',(-2.425E0,1.4E0,-4.2E0));
#3080=VERTEX_POINT('',#3078);
#3081=VERTEX_POINT('',#3079);
#3082=CARTESIAN_POINT('',(2.775E0,-2.5E-1,-4.4E0));
#3083=VERTEX_POINT('',#3082);
#3084=CARTESIAN_POINT('',(2.475E0,2.25E0,-5.1E0));
#3085=DIRECTION('',(9.486832980505E-1,3.162277660168E-1,0.E0));
#3086=DIRECTION('',(3.162277660168E-1,-9.486832980505E-1,0.E0));
#3087=AXIS2_PLACEMENT_3D('',#3084,#3085,#3086);
#3088=PLANE('',#3087);
#3090=ORIENTED_EDGE('',*,*,#3089,.F.);
#3092=ORIENTED_EDGE('',*,*,#3091,.F.);
#3094=ORIENTED_EDGE('',*,*,#3093,.F.);
#3096=ORIENTED_EDGE('',*,*,#3095,.T.);
#3097=EDGE_LOOP('',(#3090,#3092,#3094,#3096));
#3098=FACE_OUTER_BOUND('',#3097,.F.);
#3100=CARTESIAN_POINT('',(2.335E0,7.5E-1,-5.61E0));
#3101=DIRECTION('',(7.071067811865E-1,0.E0,-7.071067811865E-1));
#3102=DIRECTION('',(7.071067811865E-1,0.E0,7.071067811865E-1));
#3103=AXIS2_PLACEMENT_3D('',#3100,#3101,#3102);
#3104=PLANE('',#3103);
#3106=ORIENTED_EDGE('',*,*,#3105,.T.);
#3108=ORIENTED_EDGE('',*,*,#3107,.F.);
#3109=ORIENTED_EDGE('',*,*,#3089,.T.);
#3111=ORIENTED_EDGE('',*,*,#3110,.T.);
#3113=ORIENTED_EDGE('',*,*,#3112,.T.);
#3115=ORIENTED_EDGE('',*,*,#3114,.T.);
#3117=ORIENTED_EDGE('',*,*,#3116,.F.);
#3118=EDGE_LOOP('',(#3106,#3108,#3109,#3111,#3113,#3115,#3117));
#3119=FACE_OUTER_BOUND('',#3118,.F.);
#3121=CARTESIAN_POINT('',(2.525E0,1.55E0,-5.55E0));
#3122=DIRECTION('',(-1.E0,0.E0,0.E0));
#3123=DIRECTION('',(0.E0,0.E0,1.E0));
#3124=AXIS2_PLACEMENT_3D('',#3121,#3122,#3123);
#3125=PLANE('',#3124);
#3127=ORIENTED_EDGE('',*,*,#3126,.T.);
#3128=ORIENTED_EDGE('',*,*,#3105,.F.);
#3130=ORIENTED_EDGE('',*,*,#3129,.F.);
#3132=ORIENTED_EDGE('',*,*,#3131,.F.);
#3133=EDGE_LOOP('',(#3127,#3128,#3130,#3132));
#3134=FACE_OUTER_BOUND('',#3133,.F.);
#3136=CARTESIAN_POINT('',(2.525E0,1.55E0,-5.55E0));
#3137=DIRECTION('',(-1.E0,0.E0,0.E0));
#3138=DIRECTION('',(0.E0,0.E0,1.E0));
#3139=AXIS2_PLACEMENT_3D('',#3136,#3137,#3138);
#3140=PLANE('',#3139);
#3142=ORIENTED_EDGE('',*,*,#3141,.T.);
#3144=ORIENTED_EDGE('',*,*,#3143,.F.);
#3146=ORIENTED_EDGE('',*,*,#3145,.T.);
#3148=ORIENTED_EDGE('',*,*,#3147,.F.);
#3149=EDGE_LOOP('',(#3142,#3144,#3146,#3148));
#3150=FACE_OUTER_BOUND('',#3149,.F.);
#3152=CARTESIAN_POINT('',(0.E0,1.55E0,0.E0));
#3153=DIRECTION('',(0.E0,1.E0,0.E0));
#3154=DIRECTION('',(-1.E0,0.E0,0.E0));
#3155=AXIS2_PLACEMENT_3D('',#3152,#3153,#3154);
#3156=PLANE('',#3155);
#3158=ORIENTED_EDGE('',*,*,#3157,.F.);
#3160=ORIENTED_EDGE('',*,*,#3159,.F.);
#3162=ORIENTED_EDGE('',*,*,#3161,.F.);
#3164=ORIENTED_EDGE('',*,*,#3163,.F.);
#3166=ORIENTED_EDGE('',*,*,#3165,.F.);
#3168=ORIENTED_EDGE('',*,*,#3167,.F.);
#3169=ORIENTED_EDGE('',*,*,#3145,.F.);
#3171=ORIENTED_EDGE('',*,*,#3170,.F.);
#3172=ORIENTED_EDGE('',*,*,#3126,.F.);
#3174=ORIENTED_EDGE('',*,*,#3173,.F.);
#3176=ORIENTED_EDGE('',*,*,#3175,.F.);
#3177=EDGE_LOOP('',(#3158,#3160,#3162,#3164,#3166,#3168,#3169,#3171,#3172,#3174,
#3176));
#3178=FACE_OUTER_BOUND('',#3177,.F.);
#3180=CARTESIAN_POINT('',(0.E0,1.55E0,0.E0));
#3181=DIRECTION('',(0.E0,1.E0,0.E0));
#3182=DIRECTION('',(-1.E0,0.E0,0.E0));
#3183=AXIS2_PLACEMENT_3D('',#3180,#3181,#3182);
#3184=PLANE('',#3183);
#3186=ORIENTED_EDGE('',*,*,#3185,.F.);
#3188=ORIENTED_EDGE('',*,*,#3187,.F.);
#3190=ORIENTED_EDGE('',*,*,#3189,.F.);
#3192=ORIENTED_EDGE('',*,*,#3191,.F.);
#3194=ORIENTED_EDGE('',*,*,#3193,.T.);
#3196=ORIENTED_EDGE('',*,*,#3195,.F.);
#3198=ORIENTED_EDGE('',*,*,#3197,.T.);
#3200=ORIENTED_EDGE('',*,*,#3199,.T.);
#3202=ORIENTED_EDGE('',*,*,#3201,.F.);
#3204=ORIENTED_EDGE('',*,*,#3203,.F.);
#3206=ORIENTED_EDGE('',*,*,#3205,.F.);
#3207=EDGE_LOOP('',(#3186,#3188,#3190,#3192,#3194,#3196,#3198,#3200,#3202,#3204,
#3206));
#3208=FACE_OUTER_BOUND('',#3207,.F.);
#3210=CARTESIAN_POINT('',(3.075E0,1.25E0,7.69124E0));
#3211=DIRECTION('',(0.E0,0.E0,-1.E0));
#3212=DIRECTION('',(0.E0,1.E0,0.E0));
#3213=AXIS2_PLACEMENT_3D('',#3210,#3211,#3212);
#3214=CYLINDRICAL_SURFACE('',#3213,3.E-1);
#3216=ORIENTED_EDGE('',*,*,#3215,.T.);
#3218=ORIENTED_EDGE('',*,*,#3217,.F.);
#3220=ORIENTED_EDGE('',*,*,#3219,.T.);
#3221=ORIENTED_EDGE('',*,*,#3157,.T.);
#3222=EDGE_LOOP('',(#3216,#3218,#3220,#3221));
#3223=FACE_OUTER_BOUND('',#3222,.F.);
#3225=CARTESIAN_POINT('',(3.375E0,1.55E0,-5.9E0));
#3226=DIRECTION('',(0.E0,0.E0,-1.E0));
#3227=DIRECTION('',(-1.E0,0.E0,0.E0));
#3228=AXIS2_PLACEMENT_3D('',#3225,#3226,#3227);
#3229=PLANE('',#3228);
#3230=ORIENTED_EDGE('',*,*,#3215,.F.);
#3231=ORIENTED_EDGE('',*,*,#3175,.T.);
#3233=ORIENTED_EDGE('',*,*,#3232,.T.);
#3235=ORIENTED_EDGE('',*,*,#3234,.F.);
#3237=ORIENTED_EDGE('',*,*,#3236,.F.);
#3239=ORIENTED_EDGE('',*,*,#3238,.F.);
#3240=EDGE_LOOP('',(#3230,#3231,#3233,#3235,#3237,#3239));
#3241=FACE_OUTER_BOUND('',#3240,.F.);
#3243=CARTESIAN_POINT('',(2.875E0,1.55E0,-5.55E0));
#3244=DIRECTION('',(0.E0,1.E0,0.E0));
#3245=DIRECTION('',(-1.E0,0.E0,0.E0));
#3246=AXIS2_PLACEMENT_3D('',#3243,#3244,#3245);
#3247=CYLINDRICAL_SURFACE('',#3246,3.5E-1);
#3248=ORIENTED_EDGE('',*,*,#3173,.T.);
#3249=ORIENTED_EDGE('',*,*,#3131,.T.);
#3251=ORIENTED_EDGE('',*,*,#3250,.F.);
#3252=ORIENTED_EDGE('',*,*,#3232,.F.);
#3253=EDGE_LOOP('',(#3248,#3249,#3251,#3252));
#3254=FACE_OUTER_BOUND('',#3253,.F.);
#3256=CARTESIAN_POINT('',(0.E0,-4.5E-1,0.E0));
#3257=DIRECTION('',(0.E0,1.E0,0.E0));
#3258=DIRECTION('',(-1.E0,0.E0,0.E0));
#3259=AXIS2_PLACEMENT_3D('',#3256,#3257,#3258);
#3260=PLANE('',#3259);
#3262=ORIENTED_EDGE('',*,*,#3261,.F.);
#3263=ORIENTED_EDGE('',*,*,#3234,.T.);
#3264=ORIENTED_EDGE('',*,*,#3250,.T.);
#3265=ORIENTED_EDGE('',*,*,#3129,.T.);
#3267=ORIENTED_EDGE('',*,*,#3266,.T.);
#3269=ORIENTED_EDGE('',*,*,#3268,.T.);
#3271=ORIENTED_EDGE('',*,*,#3270,.T.);
#3273=ORIENTED_EDGE('',*,*,#3272,.T.);
#3275=ORIENTED_EDGE('',*,*,#3274,.T.);
#3276=EDGE_LOOP('',(#3262,#3263,#3264,#3265,#3267,#3269,#3271,#3273,#3275));
#3277=FACE_OUTER_BOUND('',#3276,.F.);
#3279=CARTESIAN_POINT('',(0.E0,-4.5E-1,0.E0));
#3280=DIRECTION('',(0.E0,1.E0,0.E0));
#3281=DIRECTION('',(-1.E0,0.E0,0.E0));
#3282=AXIS2_PLACEMENT_3D('',#3279,#3280,#3281);
#3283=PLANE('',#3282);
#3285=ORIENTED_EDGE('',*,*,#3284,.F.);
#3287=ORIENTED_EDGE('',*,*,#3286,.T.);
#3289=ORIENTED_EDGE('',*,*,#3288,.T.);
#3291=ORIENTED_EDGE('',*,*,#3290,.T.);
#3293=ORIENTED_EDGE('',*,*,#3292,.F.);
#3295=ORIENTED_EDGE('',*,*,#3294,.F.);
#3297=ORIENTED_EDGE('',*,*,#3296,.T.);
#3299=ORIENTED_EDGE('',*,*,#3298,.T.);
#3301=ORIENTED_EDGE('',*,*,#3300,.T.);
#3302=EDGE_LOOP('',(#3285,#3287,#3289,#3291,#3293,#3295,#3297,#3299,#3301));
#3303=FACE_OUTER_BOUND('',#3302,.F.);
#3305=CARTESIAN_POINT('',(3.075E0,-1.5E-1,-1.359124E1));
#3306=DIRECTION('',(0.E0,0.E0,1.E0));
#3307=DIRECTION('',(0.E0,-1.E0,0.E0));
#3308=AXIS2_PLACEMENT_3D('',#3305,#3306,#3307);
#3309=CYLINDRICAL_SURFACE('',#3308,3.E-1);
#3311=ORIENTED_EDGE('',*,*,#3310,.T.);
#3313=ORIENTED_EDGE('',*,*,#3312,.F.);
#3314=ORIENTED_EDGE('',*,*,#3236,.T.);
#3315=ORIENTED_EDGE('',*,*,#3261,.T.);
#3316=EDGE_LOOP('',(#3311,#3313,#3314,#3315));
#3317=FACE_OUTER_BOUND('',#3316,.F.);
#3319=CARTESIAN_POINT('',(2.875E0,1.55E0,-5.65E0));
#3320=DIRECTION('',(0.E0,0.E0,1.E0));
#3321=DIRECTION('',(1.E0,0.E0,0.E0));
#3322=AXIS2_PLACEMENT_3D('',#3319,#3320,#3321);
#3323=PLANE('',#3322);
#3324=ORIENTED_EDGE('',*,*,#3219,.F.);
#3326=ORIENTED_EDGE('',*,*,#3325,.T.);
#3327=ORIENTED_EDGE('',*,*,#3310,.F.);
#3328=ORIENTED_EDGE('',*,*,#3274,.F.);
#3330=ORIENTED_EDGE('',*,*,#3329,.F.);
#3331=ORIENTED_EDGE('',*,*,#3159,.T.);
#3332=EDGE_LOOP('',(#3324,#3326,#3327,#3328,#3330,#3331));
#3333=FACE_OUTER_BOUND('',#3332,.F.);
#3335=CARTESIAN_POINT('',(3.375E0,1.55E0,-5.65E0));
#3336=DIRECTION('',(1.E0,0.E0,0.E0));
#3337=DIRECTION('',(0.E0,0.E0,-1.E0));
#3338=AXIS2_PLACEMENT_3D('',#3335,#3336,#3337);
#3339=PLANE('',#3338);
#3340=ORIENTED_EDGE('',*,*,#3217,.T.);
#3341=ORIENTED_EDGE('',*,*,#3238,.T.);
#3342=ORIENTED_EDGE('',*,*,#3312,.T.);
#3343=ORIENTED_EDGE('',*,*,#3325,.F.);
#3344=EDGE_LOOP('',(#3340,#3341,#3342,#3343));
#3345=FACE_OUTER_BOUND('',#3344,.F.);
#3347=CARTESIAN_POINT('',(2.875E0,1.55E0,-5.55E0));
#3348=DIRECTION('',(0.E0,1.E0,0.E0));
#3349=DIRECTION('',(-1.E0,0.E0,0.E0));
#3350=AXIS2_PLACEMENT_3D('',#3347,#3348,#3349);
#3351=CYLINDRICAL_SURFACE('',#3350,1.E-1);
#3352=ORIENTED_EDGE('',*,*,#3161,.T.);
#3353=ORIENTED_EDGE('',*,*,#3329,.T.);
#3354=ORIENTED_EDGE('',*,*,#3272,.F.);
#3356=ORIENTED_EDGE('',*,*,#3355,.F.);
#3357=EDGE_LOOP('',(#3352,#3353,#3354,#3356));
#3358=FACE_OUTER_BOUND('',#3357,.F.);
#3360=CARTESIAN_POINT('',(2.775E0,1.55E0,-3.85E0));
#3361=DIRECTION('',(1.E0,0.E0,0.E0));
#3362=DIRECTION('',(0.E0,0.E0,-1.E0));
#3363=AXIS2_PLACEMENT_3D('',#3360,#3361,#3362);
#3364=PLANE('',#3363);
#3366=ORIENTED_EDGE('',*,*,#3365,.F.);
#3368=ORIENTED_EDGE('',*,*,#3367,.T.);
#3369=ORIENTED_EDGE('',*,*,#3163,.T.);
#3370=ORIENTED_EDGE('',*,*,#3355,.T.);
#3371=ORIENTED_EDGE('',*,*,#3270,.F.);
#3373=ORIENTED_EDGE('',*,*,#3372,.F.);
#3375=ORIENTED_EDGE('',*,*,#3374,.T.);
#3377=ORIENTED_EDGE('',*,*,#3376,.F.);
#3379=ORIENTED_EDGE('',*,*,#3378,.F.);
#3381=ORIENTED_EDGE('',*,*,#3380,.F.);
#3382=EDGE_LOOP('',(#3366,#3368,#3369,#3370,#3371,#3373,#3375,#3377,#3379,
#3381));
#3383=FACE_OUTER_BOUND('',#3382,.F.);
#3385=CARTESIAN_POINT('',(3.2E0,-2.5E-1,-3.85E0));
#3386=DIRECTION('',(0.E0,-1.E0,0.E0));
#3387=DIRECTION('',(0.E0,0.E0,-1.E0));
#3388=AXIS2_PLACEMENT_3D('',#3385,#3386,#3387);
#3389=PLANE('',#3388);
#3391=ORIENTED_EDGE('',*,*,#3390,.F.);
#3392=ORIENTED_EDGE('',*,*,#3365,.T.);
#3394=ORIENTED_EDGE('',*,*,#3393,.T.);
#3396=ORIENTED_EDGE('',*,*,#3395,.F.);
#3398=ORIENTED_EDGE('',*,*,#3397,.F.);
#3400=ORIENTED_EDGE('',*,*,#3399,.T.);
#3401=EDGE_LOOP('',(#3391,#3392,#3394,#3396,#3398,#3400));
#3402=FACE_OUTER_BOUND('',#3401,.F.);
#3404=CARTESIAN_POINT('',(3.2E0,-2.5E-1,-3.85E0));
#3405=DIRECTION('',(0.E0,-1.E0,0.E0));
#3406=DIRECTION('',(0.E0,0.E0,-1.E0));
#3407=AXIS2_PLACEMENT_3D('',#3404,#3405,#3406);
#3408=PLANE('',#3407);
#3410=ORIENTED_EDGE('',*,*,#3409,.T.);
#3412=ORIENTED_EDGE('',*,*,#3411,.T.);
#3414=ORIENTED_EDGE('',*,*,#3413,.F.);
#3416=ORIENTED_EDGE('',*,*,#3415,.F.);
#3418=ORIENTED_EDGE('',*,*,#3417,.T.);
#3420=ORIENTED_EDGE('',*,*,#3419,.F.);
#3421=EDGE_LOOP('',(#3410,#3412,#3414,#3416,#3418,#3420));
#3422=FACE_OUTER_BOUND('',#3421,.F.);
#3424=CARTESIAN_POINT('',(3.2E0,2.4E0,-3.85E0));
#3425=DIRECTION('',(0.E0,0.E0,1.E0));
#3426=DIRECTION('',(0.E0,-1.E0,0.E0));
#3427=AXIS2_PLACEMENT_3D('',#3424,#3425,#3426);
#3428=PLANE('',#3427);
#3429=ORIENTED_EDGE('',*,*,#3390,.T.);
#3431=ORIENTED_EDGE('',*,*,#3430,.T.);
#3433=ORIENTED_EDGE('',*,*,#3432,.F.);
#3435=ORIENTED_EDGE('',*,*,#3434,.F.);
#3437=ORIENTED_EDGE('',*,*,#3436,.F.);
#3439=ORIENTED_EDGE('',*,*,#3438,.T.);
#3441=ORIENTED_EDGE('',*,*,#3440,.T.);
#3442=ORIENTED_EDGE('',*,*,#3165,.T.);
#3443=ORIENTED_EDGE('',*,*,#3367,.F.);
#3444=EDGE_LOOP('',(#3429,#3431,#3433,#3435,#3437,#3439,#3441,#3442,#3443));
#3445=FACE_OUTER_BOUND('',#3444,.F.);
#3447=CARTESIAN_POINT('',(2.8E0,-1.1E0,-4.4E0));
#3448=DIRECTION('',(1.E0,0.E0,0.E0));
#3449=DIRECTION('',(0.E0,0.E0,1.E0));
#3450=AXIS2_PLACEMENT_3D('',#3447,#3448,#3449);
#3451=PLANE('',#3450);
#3452=ORIENTED_EDGE('',*,*,#3399,.F.);
#3454=ORIENTED_EDGE('',*,*,#3453,.F.);
#3456=ORIENTED_EDGE('',*,*,#3455,.T.);
#3457=ORIENTED_EDGE('',*,*,#3430,.F.);
#3458=EDGE_LOOP('',(#3452,#3454,#3456,#3457));
#3459=FACE_OUTER_BOUND('',#3458,.F.);
#3461=CARTESIAN_POINT('',(2.8E0,2.4E0,-4.2E0));
#3462=DIRECTION('',(0.E0,0.E0,1.E0));
#3463=DIRECTION('',(1.E0,0.E0,0.E0));
#3464=AXIS2_PLACEMENT_3D('',#3461,#3462,#3463);
#3465=PLANE('',#3464);
#3466=ORIENTED_EDGE('',*,*,#3397,.T.);
#3468=ORIENTED_EDGE('',*,*,#3467,.F.);
#3470=ORIENTED_EDGE('',*,*,#3469,.T.);
#3471=ORIENTED_EDGE('',*,*,#3453,.T.);
#3472=EDGE_LOOP('',(#3466,#3468,#3470,#3471));
#3473=FACE_OUTER_BOUND('',#3472,.F.);
#3475=CARTESIAN_POINT('',(2.9E0,2.4E0,-4.2E0));
#3476=DIRECTION('',(1.E0,0.E0,0.E0));
#3477=DIRECTION('',(0.E0,0.E0,-1.E0));
#3478=AXIS2_PLACEMENT_3D('',#3475,#3476,#3477);
#3479=PLANE('',#3478);
#3480=ORIENTED_EDGE('',*,*,#3395,.T.);
#3482=ORIENTED_EDGE('',*,*,#3481,.F.);
#3484=ORIENTED_EDGE('',*,*,#3483,.T.);
#3485=ORIENTED_EDGE('',*,*,#3467,.T.);
#3486=EDGE_LOOP('',(#3480,#3482,#3484,#3485));
#3487=FACE_OUTER_BOUND('',#3486,.F.);
#3489=CARTESIAN_POINT('',(2.525E0,-1.1E0,-4.4E0));
#3490=DIRECTION('',(0.E0,0.E0,-1.E0));
#3491=DIRECTION('',(1.E0,0.E0,0.E0));
#3492=AXIS2_PLACEMENT_3D('',#3489,#3490,#3491);
#3493=PLANE('',#3492);
#3494=ORIENTED_EDGE('',*,*,#3481,.T.);
#3495=ORIENTED_EDGE('',*,*,#3393,.F.);
#3496=ORIENTED_EDGE('',*,*,#3380,.T.);
#3498=ORIENTED_EDGE('',*,*,#3497,.F.);
#3499=EDGE_LOOP('',(#3494,#3495,#3496,#3498));
#3500=FACE_OUTER_BOUND('',#3499,.F.);
#3502=CARTESIAN_POINT('',(2.525E0,-1.1E0,-4.4E0));
#3503=DIRECTION('',(0.E0,0.E0,-1.E0));
#3504=DIRECTION('',(1.E0,0.E0,0.E0));
#3505=AXIS2_PLACEMENT_3D('',#3502,#3503,#3504);
#3506=PLANE('',#3505);
#3508=ORIENTED_EDGE('',*,*,#3507,.F.);
#3510=ORIENTED_EDGE('',*,*,#3509,.F.);
#3511=ORIENTED_EDGE('',*,*,#3093,.T.);
#3513=ORIENTED_EDGE('',*,*,#3512,.F.);
#3514=ORIENTED_EDGE('',*,*,#3143,.T.);
#3515=EDGE_LOOP('',(#3508,#3510,#3511,#3513,#3514));
#3516=FACE_OUTER_BOUND('',#3515,.F.);
#3518=CARTESIAN_POINT('',(2.7125E0,7.E-1,-4.45E0));
#3519=DIRECTION('',(0.E0,7.071067811865E-1,7.071067811865E-1));
#3520=DIRECTION('',(0.E0,7.071067811865E-1,-7.071067811865E-1));
#3521=AXIS2_PLACEMENT_3D('',#3518,#3519,#3520);
#3522=PLANE('',#3521);
#3523=ORIENTED_EDGE('',*,*,#3378,.T.);
#3525=ORIENTED_EDGE('',*,*,#3524,.F.);
#3527=ORIENTED_EDGE('',*,*,#3526,.F.);
#3528=ORIENTED_EDGE('',*,*,#3497,.T.);
#3529=EDGE_LOOP('',(#3523,#3525,#3527,#3528));
#3530=FACE_OUTER_BOUND('',#3529,.F.);
#3532=CARTESIAN_POINT('',(3.2E0,7.5E-1,-3.85E0));
#3533=DIRECTION('',(0.E0,-1.E0,0.E0));
#3534=DIRECTION('',(0.E0,0.E0,-1.E0));
#3535=AXIS2_PLACEMENT_3D('',#3532,#3533,#3534);
#3536=PLANE('',#3535);
#3537=ORIENTED_EDGE('',*,*,#3376,.T.);
#3539=ORIENTED_EDGE('',*,*,#3538,.T.);
#3541=ORIENTED_EDGE('',*,*,#3540,.F.);
#3542=ORIENTED_EDGE('',*,*,#3434,.T.);
#3544=ORIENTED_EDGE('',*,*,#3543,.F.);
#3546=ORIENTED_EDGE('',*,*,#3545,.F.);
#3548=ORIENTED_EDGE('',*,*,#3547,.F.);
#3549=ORIENTED_EDGE('',*,*,#3524,.T.);
#3550=EDGE_LOOP('',(#3537,#3539,#3541,#3542,#3544,#3546,#3548,#3549));
#3551=FACE_OUTER_BOUND('',#3550,.F.);
#3553=CARTESIAN_POINT('',(2.8625E0,7.E-1,-4.85E0));
#3554=DIRECTION('',(0.E0,7.071067811865E-1,-7.071067811865E-1));
#3555=DIRECTION('',(0.E0,7.071067811865E-1,7.071067811865E-1));
#3556=AXIS2_PLACEMENT_3D('',#3553,#3554,#3555);
#3557=PLANE('',#3556);
#3558=ORIENTED_EDGE('',*,*,#3374,.F.);
#3560=ORIENTED_EDGE('',*,*,#3559,.T.);
#3562=ORIENTED_EDGE('',*,*,#3561,.T.);
#3563=ORIENTED_EDGE('',*,*,#3538,.F.);
#3564=EDGE_LOOP('',(#3558,#3560,#3562,#3563));
#3565=FACE_OUTER_BOUND('',#3564,.F.);
#3567=CARTESIAN_POINT('',(3.2E0,7.5E-1,-4.9E0));
#3568=DIRECTION('',(0.E0,0.E0,1.E0));
#3569=DIRECTION('',(0.E0,-1.E0,0.E0));
#3570=AXIS2_PLACEMENT_3D('',#3567,#3568,#3569);
#3571=PLANE('',#3570);
#3572=ORIENTED_EDGE('',*,*,#3268,.F.);
#3574=ORIENTED_EDGE('',*,*,#3573,.T.);
#3576=ORIENTED_EDGE('',*,*,#3575,.F.);
#3578=ORIENTED_EDGE('',*,*,#3577,.T.);
#3580=ORIENTED_EDGE('',*,*,#3579,.F.);
#3582=ORIENTED_EDGE('',*,*,#3581,.F.);
#3584=ORIENTED_EDGE('',*,*,#3583,.F.);
#3585=ORIENTED_EDGE('',*,*,#3559,.F.);
#3586=ORIENTED_EDGE('',*,*,#3372,.T.);
#3587=EDGE_LOOP('',(#3572,#3574,#3576,#3578,#3580,#3582,#3584,#3585,#3586));
#3588=FACE_OUTER_BOUND('',#3587,.F.);
#3590=CARTESIAN_POINT('',(2.525E0,0.E0,0.E0));
#3591=DIRECTION('',(1.E0,0.E0,0.E0));
#3592=DIRECTION('',(0.E0,0.E0,-1.E0));
#3593=AXIS2_PLACEMENT_3D('',#3590,#3591,#3592);
#3594=PLANE('',#3593);
#3596=ORIENTED_EDGE('',*,*,#3595,.T.);
#3598=ORIENTED_EDGE('',*,*,#3597,.T.);
#3600=ORIENTED_EDGE('',*,*,#3599,.T.);
#3602=ORIENTED_EDGE('',*,*,#3601,.T.);
#3603=EDGE_LOOP('',(#3596,#3598,#3600,#3602));
#3604=FACE_OUTER_BOUND('',#3603,.F.);
#3606=CARTESIAN_POINT('',(2.525E0,0.E0,0.E0));
#3607=DIRECTION('',(1.E0,0.E0,0.E0));
#3608=DIRECTION('',(0.E0,0.E0,-1.E0));
#3609=AXIS2_PLACEMENT_3D('',#3606,#3607,#3608);
#3610=PLANE('',#3609);
#3612=ORIENTED_EDGE('',*,*,#3611,.T.);
#3614=ORIENTED_EDGE('',*,*,#3613,.T.);
#3616=ORIENTED_EDGE('',*,*,#3615,.F.);
#3618=ORIENTED_EDGE('',*,*,#3617,.F.);
#3620=ORIENTED_EDGE('',*,*,#3619,.F.);
#3622=ORIENTED_EDGE('',*,*,#3621,.F.);
#3624=ORIENTED_EDGE('',*,*,#3623,.T.);
#3626=ORIENTED_EDGE('',*,*,#3625,.F.);
#3628=ORIENTED_EDGE('',*,*,#3627,.F.);
#3630=ORIENTED_EDGE('',*,*,#3629,.F.);
#3632=ORIENTED_EDGE('',*,*,#3631,.T.);
#3633=EDGE_LOOP('',(#3612,#3614,#3616,#3618,#3620,#3622,#3624,#3626,#3628,#3630,
#3632));
#3634=FACE_OUTER_BOUND('',#3633,.F.);
#3636=CARTESIAN_POINT('',(2.525E0,0.E0,0.E0));
#3637=DIRECTION('',(1.E0,0.E0,0.E0));
#3638=DIRECTION('',(0.E0,0.E0,-1.E0));
#3639=AXIS2_PLACEMENT_3D('',#3636,#3637,#3638);
#3640=PLANE('',#3639);
#3641=ORIENTED_EDGE('',*,*,#3170,.T.);
#3642=ORIENTED_EDGE('',*,*,#3512,.T.);
#3643=ORIENTED_EDGE('',*,*,#3091,.T.);
#3644=ORIENTED_EDGE('',*,*,#3107,.T.);
#3645=EDGE_LOOP('',(#3641,#3642,#3643,#3644));
#3646=FACE_OUTER_BOUND('',#3645,.F.);
#3648=CARTESIAN_POINT('',(2.525E0,0.E0,0.E0));
#3649=DIRECTION('',(1.E0,0.E0,0.E0));
#3650=DIRECTION('',(0.E0,0.E0,-1.E0));
#3651=AXIS2_PLACEMENT_3D('',#3648,#3649,#3650);
#3652=PLANE('',#3651);
#3653=ORIENTED_EDGE('',*,*,#3167,.T.);
#3654=ORIENTED_EDGE('',*,*,#3440,.F.);
#3656=ORIENTED_EDGE('',*,*,#3655,.T.);
#3658=ORIENTED_EDGE('',*,*,#3657,.T.);
#3659=EDGE_LOOP('',(#3653,#3654,#3656,#3658));
#3660=FACE_OUTER_BOUND('',#3659,.F.);
#3662=CARTESIAN_POINT('',(2.525E0,0.E0,0.E0));
#3663=DIRECTION('',(1.E0,0.E0,0.E0));
#3664=DIRECTION('',(0.E0,0.E0,-1.E0));
#3665=AXIS2_PLACEMENT_3D('',#3662,#3663,#3664);
#3666=PLANE('',#3665);
#3667=ORIENTED_EDGE('',*,*,#3266,.F.);
#3668=ORIENTED_EDGE('',*,*,#3116,.T.);
#3670=ORIENTED_EDGE('',*,*,#3669,.F.);
#3672=ORIENTED_EDGE('',*,*,#3671,.F.);
#3674=ORIENTED_EDGE('',*,*,#3673,.F.);
#3675=ORIENTED_EDGE('',*,*,#3573,.F.);
#3676=EDGE_LOOP('',(#3667,#3668,#3670,#3672,#3674,#3675));
#3677=FACE_OUTER_BOUND('',#3676,.F.);
#3679=CARTESIAN_POINT('',(2.475E0,-6.25E-1,-1.5E-1));
#3680=DIRECTION('',(9.486832980505E-1,0.E0,3.162277660168E-1));
#3681=DIRECTION('',(3.162277660168E-1,0.E0,-9.486832980505E-1));
#3682=AXIS2_PLACEMENT_3D('',#3679,#3680,#3681);
#3683=PLANE('',#3682);
#3685=ORIENTED_EDGE('',*,*,#3684,.T.);
#3687=ORIENTED_EDGE('',*,*,#3686,.T.);
#3689=ORIENTED_EDGE('',*,*,#3688,.F.);
#3690=ORIENTED_EDGE('',*,*,#3595,.F.);
#3691=EDGE_LOOP('',(#3685,#3687,#3689,#3690));
#3692=FACE_OUTER_BOUND('',#3691,.F.);
#3694=CARTESIAN_POINT('',(2.525E0,-8.E-1,0.E0));
#3695=DIRECTION('',(0.E0,1.E0,0.E0));
#3696=DIRECTION('',(-1.E0,0.E0,0.E0));
#3697=AXIS2_PLACEMENT_3D('',#3694,#3695,#3696);
#3698=PLANE('',#3697);
#3699=ORIENTED_EDGE('',*,*,#3684,.F.);
#3700=ORIENTED_EDGE('',*,*,#3601,.F.);
#3702=ORIENTED_EDGE('',*,*,#3701,.T.);
#3704=ORIENTED_EDGE('',*,*,#3703,.F.);
#3705=EDGE_LOOP('',(#3699,#3700,#3702,#3704));
#3706=FACE_OUTER_BOUND('',#3705,.F.);
#3708=CARTESIAN_POINT('',(0.E0,0.E0,-2.65E0));
#3709=DIRECTION('',(0.E0,0.E0,1.E0));
#3710=DIRECTION('',(1.E0,0.E0,0.E0));
#3711=AXIS2_PLACEMENT_3D('',#3708,#3709,#3710);
#3712=PLANE('',#3711);
#3713=ORIENTED_EDGE('',*,*,#3623,.F.);
#3715=ORIENTED_EDGE('',*,*,#3714,.F.);
#3717=ORIENTED_EDGE('',*,*,#3716,.F.);
#3719=ORIENTED_EDGE('',*,*,#3718,.F.);
#3720=EDGE_LOOP('',(#3713,#3715,#3717,#3719));
#3721=FACE_OUTER_BOUND('',#3720,.F.);
#3723=CARTESIAN_POINT('',(0.E0,0.E0,-2.65E0));
#3724=DIRECTION('',(0.E0,0.E0,1.E0));
#3725=DIRECTION('',(1.E0,0.E0,0.E0));
#3726=AXIS2_PLACEMENT_3D('',#3723,#3724,#3725);
#3727=PLANE('',#3726);
#3729=ORIENTED_EDGE('',*,*,#3728,.F.);
#3731=ORIENTED_EDGE('',*,*,#3730,.F.);
#3733=ORIENTED_EDGE('',*,*,#3732,.F.);
#3735=ORIENTED_EDGE('',*,*,#3734,.F.);
#3736=EDGE_LOOP('',(#3729,#3731,#3733,#3735));
#3737=FACE_OUTER_BOUND('',#3736,.F.);
#3739=CARTESIAN_POINT('',(0.E0,0.E0,-2.65E0));
#3740=DIRECTION('',(0.E0,0.E0,1.E0));
#3741=DIRECTION('',(1.E0,0.E0,0.E0));
#3742=AXIS2_PLACEMENT_3D('',#3739,#3740,#3741);
#3743=PLANE('',#3742);
#3745=ORIENTED_EDGE('',*,*,#3744,.T.);
#3747=ORIENTED_EDGE('',*,*,#3746,.F.);
#3749=ORIENTED_EDGE('',*,*,#3748,.F.);
#3751=ORIENTED_EDGE('',*,*,#3750,.F.);
#3753=ORIENTED_EDGE('',*,*,#3752,.F.);
#3755=ORIENTED_EDGE('',*,*,#3754,.F.);
#3757=ORIENTED_EDGE('',*,*,#3756,.F.);
#3759=ORIENTED_EDGE('',*,*,#3758,.F.);
#3760=EDGE_LOOP('',(#3745,#3747,#3749,#3751,#3753,#3755,#3757,#3759));
#3761=FACE_OUTER_BOUND('',#3760,.F.);
#3763=CARTESIAN_POINT('',(0.E0,0.E0,-2.65E0));
#3764=DIRECTION('',(0.E0,0.E0,1.E0));
#3765=DIRECTION('',(1.E0,0.E0,0.E0));
#3766=AXIS2_PLACEMENT_3D('',#3763,#3764,#3765);
#3767=PLANE('',#3766);
#3769=ORIENTED_EDGE('',*,*,#3768,.F.);
#3771=ORIENTED_EDGE('',*,*,#3770,.F.);
#3773=ORIENTED_EDGE('',*,*,#3772,.F.);
#3775=ORIENTED_EDGE('',*,*,#3774,.F.);
#3777=ORIENTED_EDGE('',*,*,#3776,.F.);
#3778=ORIENTED_EDGE('',*,*,#3701,.F.);
#3779=ORIENTED_EDGE('',*,*,#3599,.F.);
#3781=ORIENTED_EDGE('',*,*,#3780,.F.);
#3782=EDGE_LOOP('',(#3769,#3771,#3773,#3775,#3777,#3778,#3779,#3781));
#3783=FACE_OUTER_BOUND('',#3782,.F.);
#3785=CARTESIAN_POINT('',(3.2E0,-1.5E0,-2.15E0));
#3786=DIRECTION('',(0.E0,1.E0,0.E0));
#3787=DIRECTION('',(0.E0,0.E0,1.E0));
#3788=AXIS2_PLACEMENT_3D('',#3785,#3786,#3787);
#3789=PLANE('',#3788);
#3791=ORIENTED_EDGE('',*,*,#3790,.T.);
#3793=ORIENTED_EDGE('',*,*,#3792,.F.);
#3795=ORIENTED_EDGE('',*,*,#3794,.T.);
#3796=ORIENTED_EDGE('',*,*,#3714,.T.);
#3797=ORIENTED_EDGE('',*,*,#3621,.T.);
#3799=ORIENTED_EDGE('',*,*,#3798,.T.);
#3801=ORIENTED_EDGE('',*,*,#3800,.F.);
#3802=EDGE_LOOP('',(#3791,#3793,#3795,#3796,#3797,#3799,#3801));
#3803=FACE_OUTER_BOUND('',#3802,.F.);
#3805=CARTESIAN_POINT('',(3.2E0,-2.4E0,-2.15E0));
#3806=DIRECTION('',(0.E0,0.E0,-1.E0));
#3807=DIRECTION('',(0.E0,1.E0,0.E0));
#3808=AXIS2_PLACEMENT_3D('',#3805,#3806,#3807);
#3809=PLANE('',#3808);
#3811=ORIENTED_EDGE('',*,*,#3810,.T.);
#3813=ORIENTED_EDGE('',*,*,#3812,.F.);
#3814=ORIENTED_EDGE('',*,*,#3629,.T.);
#3816=ORIENTED_EDGE('',*,*,#3815,.F.);
#3818=ORIENTED_EDGE('',*,*,#3817,.F.);
#3819=ORIENTED_EDGE('',*,*,#3790,.F.);
#3821=ORIENTED_EDGE('',*,*,#3820,.F.);
#3822=EDGE_LOOP('',(#3811,#3813,#3814,#3816,#3818,#3819,#3821));
#3823=FACE_OUTER_BOUND('',#3822,.F.);
#3825=CARTESIAN_POINT('',(-3.2E0,-2.4E0,0.E0));
#3826=DIRECTION('',(0.E0,-1.E0,0.E0));
#3827=DIRECTION('',(1.E0,0.E0,0.E0));
#3828=AXIS2_PLACEMENT_3D('',#3825,#3826,#3827);
#3829=PLANE('',#3828);
#3831=ORIENTED_EDGE('',*,*,#3830,.F.);
#3833=ORIENTED_EDGE('',*,*,#3832,.F.);
#3835=ORIENTED_EDGE('',*,*,#3834,.T.);
#3837=ORIENTED_EDGE('',*,*,#3836,.F.);
#3839=ORIENTED_EDGE('',*,*,#3838,.F.);
#3841=ORIENTED_EDGE('',*,*,#3840,.F.);
#3843=ORIENTED_EDGE('',*,*,#3842,.F.);
#3845=ORIENTED_EDGE('',*,*,#3844,.F.);
#3847=ORIENTED_EDGE('',*,*,#3846,.F.);
#3849=ORIENTED_EDGE('',*,*,#3848,.T.);
#3851=ORIENTED_EDGE('',*,*,#3850,.T.);
#3853=ORIENTED_EDGE('',*,*,#3852,.T.);
#3855=ORIENTED_EDGE('',*,*,#3854,.F.);
#3857=ORIENTED_EDGE('',*,*,#3856,.T.);
#3859=ORIENTED_EDGE('',*,*,#3858,.T.);
#3861=ORIENTED_EDGE('',*,*,#3860,.T.);
#3863=ORIENTED_EDGE('',*,*,#3862,.F.);
#3865=ORIENTED_EDGE('',*,*,#3864,.T.);
#3867=ORIENTED_EDGE('',*,*,#3866,.F.);
#3868=ORIENTED_EDGE('',*,*,#3810,.F.);
#3870=ORIENTED_EDGE('',*,*,#3869,.T.);
#3872=ORIENTED_EDGE('',*,*,#3871,.F.);
#3874=ORIENTED_EDGE('',*,*,#3873,.T.);
#3876=ORIENTED_EDGE('',*,*,#3875,.F.);
#3877=EDGE_LOOP('',(#3831,#3833,#3835,#3837,#3839,#3841,#3843,#3845,#3847,#3849,
#3851,#3853,#3855,#3857,#3859,#3861,#3863,#3865,#3867,#3868,#3870,#3872,#3874,
#3876));
#3878=FACE_OUTER_BOUND('',#3877,.F.);
#3880=CARTESIAN_POINT('',(6.E-1,0.E0,-4.4E0));
#3881=DIRECTION('',(1.E0,0.E0,0.E0));
#3882=DIRECTION('',(0.E0,1.E0,0.E0));
#3883=AXIS2_PLACEMENT_3D('',#3880,#3881,#3882);
#3884=PLANE('',#3883);
#3886=ORIENTED_EDGE('',*,*,#3885,.F.);
#3887=ORIENTED_EDGE('',*,*,#3830,.T.);
#3889=ORIENTED_EDGE('',*,*,#3888,.T.);
#3891=ORIENTED_EDGE('',*,*,#3890,.T.);
#3893=ORIENTED_EDGE('',*,*,#3892,.T.);
#3894=EDGE_LOOP('',(#3886,#3887,#3889,#3891,#3893));
#3895=FACE_OUTER_BOUND('',#3894,.F.);
#3897=CARTESIAN_POINT('',(6.E-1,0.E0,-4.4E0));
#3898=DIRECTION('',(1.E0,0.E0,0.E0));
#3899=DIRECTION('',(0.E0,1.E0,0.E0));
#3900=AXIS2_PLACEMENT_3D('',#3897,#3898,#3899);
#3901=PLANE('',#3900);
#3903=ORIENTED_EDGE('',*,*,#3902,.T.);
#3905=ORIENTED_EDGE('',*,*,#3904,.T.);
#3907=ORIENTED_EDGE('',*,*,#3906,.T.);
#3909=ORIENTED_EDGE('',*,*,#3908,.T.);
#3910=EDGE_LOOP('',(#3903,#3905,#3907,#3909));
#3911=FACE_OUTER_BOUND('',#3910,.F.);
#3913=CARTESIAN_POINT('',(0.E0,0.E0,-5.8E0));
#3914=DIRECTION('',(0.E0,0.E0,1.E0));
#3915=DIRECTION('',(1.E0,0.E0,0.E0));
#3916=AXIS2_PLACEMENT_3D('',#3913,#3914,#3915);
#3917=PLANE('',#3916);
#3918=ORIENTED_EDGE('',*,*,#3885,.T.);
#3920=ORIENTED_EDGE('',*,*,#3919,.T.);
#3922=ORIENTED_EDGE('',*,*,#3921,.F.);
#3923=ORIENTED_EDGE('',*,*,#3871,.T.);
#3925=ORIENTED_EDGE('',*,*,#3924,.T.);
#3927=ORIENTED_EDGE('',*,*,#3926,.F.);
#3928=ORIENTED_EDGE('',*,*,#3112,.F.);
#3930=ORIENTED_EDGE('',*,*,#3929,.T.);
#3932=ORIENTED_EDGE('',*,*,#3931,.F.);
#3934=ORIENTED_EDGE('',*,*,#3933,.F.);
#3936=ORIENTED_EDGE('',*,*,#3935,.T.);
#3937=ORIENTED_EDGE('',*,*,#3840,.T.);
#3939=ORIENTED_EDGE('',*,*,#3938,.T.);
#3941=ORIENTED_EDGE('',*,*,#3940,.T.);
#3943=ORIENTED_EDGE('',*,*,#3942,.F.);
#3944=ORIENTED_EDGE('',*,*,#3832,.T.);
#3945=EDGE_LOOP('',(#3918,#3920,#3922,#3923,#3925,#3927,#3928,#3930,#3932,#3934,
#3936,#3937,#3939,#3941,#3943,#3944));
#3946=FACE_OUTER_BOUND('',#3945,.F.);
#3948=CARTESIAN_POINT('',(6.E-1,-3.254547919942E0,-5.893209606013E0));
#3949=DIRECTION('',(0.E0,3.634720039469E-2,-9.993392221981E-1));
#3950=DIRECTION('',(0.E0,9.993392221981E-1,3.634720039469E-2));
#3951=AXIS2_PLACEMENT_3D('',#3948,#3949,#3950);
#3952=PLANE('',#3951);
#3953=ORIENTED_EDGE('',*,*,#3919,.F.);
#3954=ORIENTED_EDGE('',*,*,#3892,.F.);
#3956=ORIENTED_EDGE('',*,*,#3955,.T.);
#3958=ORIENTED_EDGE('',*,*,#3957,.T.);
#3959=EDGE_LOOP('',(#3953,#3954,#3956,#3958));
#3960=FACE_OUTER_BOUND('',#3959,.F.);
#3962=CARTESIAN_POINT('',(6.E-1,-3.265452080061E0,-5.593407839354E0));
#3963=DIRECTION('',(0.E0,-9.993392221981E-1,-3.634720039469E-2));
#3964=DIRECTION('',(0.E0,3.634720039469E-2,-9.993392221981E-1));
#3965=AXIS2_PLACEMENT_3D('',#3962,#3963,#3964);
#3966=PLANE('',#3965);
#3967=ORIENTED_EDGE('',*,*,#3890,.F.);
#3969=ORIENTED_EDGE('',*,*,#3968,.T.);
#3971=ORIENTED_EDGE('',*,*,#3970,.T.);
#3972=ORIENTED_EDGE('',*,*,#3955,.F.);
#3973=EDGE_LOOP('',(#3967,#3969,#3971,#3972));
#3974=FACE_OUTER_BOUND('',#3973,.F.);
#3976=CARTESIAN_POINT('',(6.E-1,-5.5E-1,-5.494643497153E0));
#3977=DIRECTION('',(0.E0,-3.634720039469E-2,9.993392221981E-1));
#3978=DIRECTION('',(0.E0,-9.993392221981E-1,-3.634720039469E-2));
#3979=AXIS2_PLACEMENT_3D('',#3976,#3977,#3978);
#3980=PLANE('',#3979);
#3981=ORIENTED_EDGE('',*,*,#3875,.T.);
#3983=ORIENTED_EDGE('',*,*,#3982,.T.);
#3984=ORIENTED_EDGE('',*,*,#3968,.F.);
#3985=ORIENTED_EDGE('',*,*,#3888,.F.);
#3986=EDGE_LOOP('',(#3981,#3983,#3984,#3985));
#3987=FACE_OUTER_BOUND('',#3986,.F.);
#3989=CARTESIAN_POINT('',(9.E-1,0.E0,-4.4E0));
#3990=DIRECTION('',(1.E0,0.E0,0.E0));
#3991=DIRECTION('',(0.E0,1.E0,0.E0));
#3992=AXIS2_PLACEMENT_3D('',#3989,#3990,#3991);
#3993=PLANE('',#3992);
#3994=ORIENTED_EDGE('',*,*,#3921,.T.);
#3995=ORIENTED_EDGE('',*,*,#3957,.F.);
#3996=ORIENTED_EDGE('',*,*,#3970,.F.);
#3997=ORIENTED_EDGE('',*,*,#3982,.F.);
#3998=ORIENTED_EDGE('',*,*,#3873,.F.);
#3999=EDGE_LOOP('',(#3994,#3995,#3996,#3997,#3998));
#4000=FACE_OUTER_BOUND('',#3999,.F.);
#4002=CARTESIAN_POINT('',(9.E-1,0.E0,-4.4E0));
#4003=DIRECTION('',(1.E0,0.E0,0.E0));
#4004=DIRECTION('',(0.E0,1.E0,0.E0));
#4005=AXIS2_PLACEMENT_3D('',#4002,#4003,#4004);
#4006=PLANE('',#4005);
#4008=ORIENTED_EDGE('',*,*,#4007,.F.);
#4010=ORIENTED_EDGE('',*,*,#4009,.F.);
#4012=ORIENTED_EDGE('',*,*,#4011,.F.);
#4014=ORIENTED_EDGE('',*,*,#4013,.F.);
#4015=EDGE_LOOP('',(#4008,#4010,#4012,#4014));
#4016=FACE_OUTER_BOUND('',#4015,.F.);
#4018=CARTESIAN_POINT('',(0.E0,0.E0,-4.4E0));
#4019=DIRECTION('',(0.E0,0.E0,1.E0));
#4020=DIRECTION('',(1.E0,0.E0,0.E0));
#4021=AXIS2_PLACEMENT_3D('',#4018,#4019,#4020);
#4022=PLANE('',#4021);
#4024=ORIENTED_EDGE('',*,*,#4023,.F.);
#4026=ORIENTED_EDGE('',*,*,#4025,.F.);
#4028=ORIENTED_EDGE('',*,*,#4027,.F.);
#4030=ORIENTED_EDGE('',*,*,#4029,.F.);
#4032=ORIENTED_EDGE('',*,*,#4031,.F.);
#4034=ORIENTED_EDGE('',*,*,#4033,.F.);
#4036=ORIENTED_EDGE('',*,*,#4035,.F.);
#4038=ORIENTED_EDGE('',*,*,#4037,.F.);
#4040=ORIENTED_EDGE('',*,*,#4039,.F.);
#4042=ORIENTED_EDGE('',*,*,#4041,.F.);
#4044=ORIENTED_EDGE('',*,*,#4043,.F.);
#4046=ORIENTED_EDGE('',*,*,#4045,.F.);
#4047=EDGE_LOOP('',(#4024,#4026,#4028,#4030,#4032,#4034,#4036,#4038,#4040,#4042,
#4044,#4046));
#4048=FACE_OUTER_BOUND('',#4047,.F.);
#4050=ORIENTED_EDGE('',*,*,#4049,.F.);
#4052=ORIENTED_EDGE('',*,*,#4051,.T.);
#4054=ORIENTED_EDGE('',*,*,#4053,.T.);
#4056=ORIENTED_EDGE('',*,*,#4055,.F.);
#4057=EDGE_LOOP('',(#4050,#4052,#4054,#4056));
#4058=FACE_BOUND('',#4057,.F.);
#4059=ORIENTED_EDGE('',*,*,#3902,.F.);
#4061=ORIENTED_EDGE('',*,*,#4060,.T.);
#4062=ORIENTED_EDGE('',*,*,#4007,.T.);
#4064=ORIENTED_EDGE('',*,*,#4063,.F.);
#4065=EDGE_LOOP('',(#4059,#4061,#4062,#4064));
#4066=FACE_BOUND('',#4065,.F.);
#4068=ORIENTED_EDGE('',*,*,#4067,.T.);
#4070=ORIENTED_EDGE('',*,*,#4069,.T.);
#4072=ORIENTED_EDGE('',*,*,#4071,.T.);
#4074=ORIENTED_EDGE('',*,*,#4073,.T.);
#4076=ORIENTED_EDGE('',*,*,#4075,.T.);
#4078=ORIENTED_EDGE('',*,*,#4077,.T.);
#4080=ORIENTED_EDGE('',*,*,#4079,.T.);
#4081=EDGE_LOOP('',(#4068,#4070,#4072,#4074,#4076,#4078,#4080));
#4082=FACE_BOUND('',#4081,.F.);
#4084=CARTESIAN_POINT('',(1.495E0,5.E-1,0.E0));
#4085=DIRECTION('',(0.E0,1.E0,0.E0));
#4086=DIRECTION('',(-1.E0,0.E0,0.E0));
#4087=AXIS2_PLACEMENT_3D('',#4084,#4085,#4086);
#4088=PLANE('',#4087);
#4090=ORIENTED_EDGE('',*,*,#4089,.T.);
#4092=ORIENTED_EDGE('',*,*,#4091,.F.);
#4094=ORIENTED_EDGE('',*,*,#4093,.F.);
#4096=ORIENTED_EDGE('',*,*,#4095,.T.);
#4097=ORIENTED_EDGE('',*,*,#4031,.T.);
#4098=EDGE_LOOP('',(#4090,#4092,#4094,#4096,#4097));
#4099=FACE_OUTER_BOUND('',#4098,.F.);
#4101=CARTESIAN_POINT('',(1.495E0,5.E-1,0.E0));
#4102=DIRECTION('',(0.E0,1.E0,0.E0));
#4103=DIRECTION('',(-1.E0,0.E0,0.E0));
#4104=AXIS2_PLACEMENT_3D('',#4101,#4102,#4103);
#4105=PLANE('',#4104);
#4107=ORIENTED_EDGE('',*,*,#4106,.F.);
#4108=ORIENTED_EDGE('',*,*,#4023,.T.);
#4110=ORIENTED_EDGE('',*,*,#4109,.F.);
#4112=ORIENTED_EDGE('',*,*,#4111,.F.);
#4114=ORIENTED_EDGE('',*,*,#4113,.F.);
#4115=EDGE_LOOP('',(#4107,#4108,#4110,#4112,#4114));
#4116=FACE_OUTER_BOUND('',#4115,.F.);
#4118=CARTESIAN_POINT('',(1.125E0,5.E-1,0.E0));
#4119=DIRECTION('',(1.E0,0.E0,0.E0));
#4120=DIRECTION('',(0.E0,1.E0,0.E0));
#4121=AXIS2_PLACEMENT_3D('',#4118,#4119,#4120);
#4122=PLANE('',#4121);
#4124=ORIENTED_EDGE('',*,*,#4123,.F.);
#4125=ORIENTED_EDGE('',*,*,#4089,.F.);
#4126=ORIENTED_EDGE('',*,*,#4029,.T.);
#4128=ORIENTED_EDGE('',*,*,#4127,.F.);
#4129=EDGE_LOOP('',(#4124,#4125,#4126,#4128));
#4130=FACE_OUTER_BOUND('',#4129,.F.);
#4132=CARTESIAN_POINT('',(0.E0,0.E0,0.E0));
#4133=DIRECTION('',(0.E0,0.E0,1.E0));
#4134=DIRECTION('',(1.E0,0.E0,0.E0));
#4135=AXIS2_PLACEMENT_3D('',#4132,#4133,#4134);
#4136=PLANE('',#4135);
#4137=ORIENTED_EDGE('',*,*,#3864,.F.);
#4139=ORIENTED_EDGE('',*,*,#4138,.T.);
#4141=ORIENTED_EDGE('',*,*,#4140,.T.);
#4143=ORIENTED_EDGE('',*,*,#4142,.F.);
#4144=ORIENTED_EDGE('',*,*,#3856,.F.);
#4146=ORIENTED_EDGE('',*,*,#4145,.T.);
#4148=ORIENTED_EDGE('',*,*,#4147,.T.);
#4150=ORIENTED_EDGE('',*,*,#4149,.F.);
#4151=ORIENTED_EDGE('',*,*,#3848,.F.);
#4153=ORIENTED_EDGE('',*,*,#4152,.F.);
#4155=ORIENTED_EDGE('',*,*,#4154,.F.);
#4157=ORIENTED_EDGE('',*,*,#4156,.T.);
#4159=ORIENTED_EDGE('',*,*,#4158,.F.);
#4161=ORIENTED_EDGE('',*,*,#4160,.F.);
#4163=ORIENTED_EDGE('',*,*,#4162,.F.);
#4165=ORIENTED_EDGE('',*,*,#4164,.F.);
#4167=ORIENTED_EDGE('',*,*,#4166,.F.);
#4169=ORIENTED_EDGE('',*,*,#4168,.F.);
#4170=ORIENTED_EDGE('',*,*,#3686,.F.);
#4172=ORIENTED_EDGE('',*,*,#4171,.T.);
#4174=ORIENTED_EDGE('',*,*,#4173,.F.);
#4176=ORIENTED_EDGE('',*,*,#4175,.F.);
#4177=EDGE_LOOP('',(#4137,#4139,#4141,#4143,#4144,#4146,#4148,#4150,#4151,#4153,
#4155,#4157,#4159,#4161,#4163,#4165,#4167,#4169,#4170,#4172,#4174,#4176));
#4178=FACE_OUTER_BOUND('',#4177,.F.);
#4180=ORIENTED_EDGE('',*,*,#4179,.T.);
#4182=ORIENTED_EDGE('',*,*,#4181,.T.);
#4184=ORIENTED_EDGE('',*,*,#4183,.F.);
#4186=ORIENTED_EDGE('',*,*,#4185,.F.);
#4188=ORIENTED_EDGE('',*,*,#4187,.T.);
#4190=ORIENTED_EDGE('',*,*,#4189,.T.);
#4191=ORIENTED_EDGE('',*,*,#4113,.T.);
#4193=ORIENTED_EDGE('',*,*,#4192,.F.);
#4195=ORIENTED_EDGE('',*,*,#4194,.F.);
#4197=ORIENTED_EDGE('',*,*,#4196,.T.);
#4199=ORIENTED_EDGE('',*,*,#4198,.F.);
#4201=ORIENTED_EDGE('',*,*,#4200,.T.);
#4203=ORIENTED_EDGE('',*,*,#4202,.F.);
#4205=ORIENTED_EDGE('',*,*,#4204,.F.);
#4206=ORIENTED_EDGE('',*,*,#4091,.T.);
#4207=ORIENTED_EDGE('',*,*,#4123,.T.);
#4208=EDGE_LOOP('',(#4180,#4182,#4184,#4186,#4188,#4190,#4191,#4193,#4195,#4197,
#4199,#4201,#4203,#4205,#4206,#4207));
#4209=FACE_BOUND('',#4208,.F.);
#4211=CARTESIAN_POINT('',(1.96E0,-2.4E0,-1.5E0));
#4212=DIRECTION('',(1.E0,0.E0,0.E0));
#4213=DIRECTION('',(0.E0,0.E0,1.E0));
#4214=AXIS2_PLACEMENT_3D('',#4211,#4212,#4213);
#4215=PLANE('',#4214);
#4216=ORIENTED_EDGE('',*,*,#3862,.T.);
#4218=ORIENTED_EDGE('',*,*,#4217,.T.);
#4220=ORIENTED_EDGE('',*,*,#4219,.T.);
#4221=ORIENTED_EDGE('',*,*,#4138,.F.);
#4222=EDGE_LOOP('',(#4216,#4218,#4220,#4221));
#4223=FACE_OUTER_BOUND('',#4222,.F.);
#4225=CARTESIAN_POINT('',(1.16E0,-2.4E0,-1.5E0));
#4226=DIRECTION('',(0.E0,0.E0,-1.E0));
#4227=DIRECTION('',(1.E0,0.E0,0.E0));
#4228=AXIS2_PLACEMENT_3D('',#4225,#4226,#4227);
#4229=PLANE('',#4228);
#4230=ORIENTED_EDGE('',*,*,#3860,.F.);
#4232=ORIENTED_EDGE('',*,*,#4231,.T.);
#4234=ORIENTED_EDGE('',*,*,#4233,.T.);
#4235=ORIENTED_EDGE('',*,*,#4217,.F.);
#4236=EDGE_LOOP('',(#4230,#4232,#4234,#4235));
#4237=FACE_OUTER_BOUND('',#4236,.F.);
#4239=CARTESIAN_POINT('',(1.16E0,-2.4E0,0.E0));
#4240=DIRECTION('',(-1.E0,0.E0,0.E0));
#4241=DIRECTION('',(0.E0,0.E0,-1.E0));
#4242=AXIS2_PLACEMENT_3D('',#4239,#4240,#4241);
#4243=PLANE('',#4242);
#4244=ORIENTED_EDGE('',*,*,#3858,.F.);
#4245=ORIENTED_EDGE('',*,*,#4142,.T.);
#4247=ORIENTED_EDGE('',*,*,#4246,.T.);
#4248=ORIENTED_EDGE('',*,*,#4231,.F.);
#4249=EDGE_LOOP('',(#4244,#4245,#4247,#4248));
#4250=FACE_OUTER_BOUND('',#4249,.F.);
#4252=CARTESIAN_POINT('',(0.E0,-2.5E0,0.E0));
#4253=DIRECTION('',(0.E0,-1.E0,0.E0));
#4254=DIRECTION('',(1.E0,0.E0,0.E0));
#4255=AXIS2_PLACEMENT_3D('',#4252,#4253,#4254);
#4256=PLANE('',#4255);
#4258=ORIENTED_EDGE('',*,*,#4257,.F.);
#4259=ORIENTED_EDGE('',*,*,#4147,.F.);
#4261=ORIENTED_EDGE('',*,*,#4260,.F.);
#4263=ORIENTED_EDGE('',*,*,#4262,.F.);
#4264=EDGE_LOOP('',(#4258,#4259,#4261,#4263));
#4265=FACE_OUTER_BOUND('',#4264,.F.);
#4267=CARTESIAN_POINT('',(0.E0,-2.5E0,0.E0));
#4268=DIRECTION('',(0.E0,-1.E0,0.E0));
#4269=DIRECTION('',(1.E0,0.E0,0.E0));
#4270=AXIS2_PLACEMENT_3D('',#4267,#4268,#4269);
#4271=PLANE('',#4270);
#4272=ORIENTED_EDGE('',*,*,#4140,.F.);
#4273=ORIENTED_EDGE('',*,*,#4219,.F.);
#4274=ORIENTED_EDGE('',*,*,#4233,.F.);
#4275=ORIENTED_EDGE('',*,*,#4246,.F.);
#4276=EDGE_LOOP('',(#4272,#4273,#4274,#4275));
#4277=FACE_OUTER_BOUND('',#4276,.F.);
#4279=CARTESIAN_POINT('',(-1.96E0,-2.4E0,0.E0));
#4280=DIRECTION('',(-1.E0,0.E0,0.E0));
#4281=DIRECTION('',(0.E0,0.E0,-1.E0));
#4282=AXIS2_PLACEMENT_3D('',#4279,#4280,#4281);
#4283=PLANE('',#4282);
#4284=ORIENTED_EDGE('',*,*,#3850,.F.);
#4285=ORIENTED_EDGE('',*,*,#4149,.T.);
#4286=ORIENTED_EDGE('',*,*,#4257,.T.);
#4288=ORIENTED_EDGE('',*,*,#4287,.F.);
#4289=EDGE_LOOP('',(#4284,#4285,#4286,#4288));
#4290=FACE_OUTER_BOUND('',#4289,.F.);
#4292=CARTESIAN_POINT('',(-1.96E0,-2.4E0,-1.5E0));
#4293=DIRECTION('',(0.E0,0.E0,-1.E0));
#4294=DIRECTION('',(1.E0,0.E0,0.E0));
#4295=AXIS2_PLACEMENT_3D('',#4292,#4293,#4294);
#4296=PLANE('',#4295);
#4297=ORIENTED_EDGE('',*,*,#3852,.F.);
#4298=ORIENTED_EDGE('',*,*,#4287,.T.);
#4299=ORIENTED_EDGE('',*,*,#4262,.T.);
#4301=ORIENTED_EDGE('',*,*,#4300,.F.);
#4302=EDGE_LOOP('',(#4297,#4298,#4299,#4301));
#4303=FACE_OUTER_BOUND('',#4302,.F.);
#4305=CARTESIAN_POINT('',(-1.16E0,-2.4E0,-1.5E0));
#4306=DIRECTION('',(1.E0,0.E0,0.E0));
#4307=DIRECTION('',(0.E0,0.E0,1.E0));
#4308=AXIS2_PLACEMENT_3D('',#4305,#4306,#4307);
#4309=PLANE('',#4308);
#4310=ORIENTED_EDGE('',*,*,#3854,.T.);
#4311=ORIENTED_EDGE('',*,*,#4300,.T.);
#4312=ORIENTED_EDGE('',*,*,#4260,.T.);
#4313=ORIENTED_EDGE('',*,*,#4145,.F.);
#4314=EDGE_LOOP('',(#4310,#4311,#4312,#4313));
#4315=FACE_OUTER_BOUND('',#4314,.F.);
#4317=CARTESIAN_POINT('',(-2.4E0,-2.275E0,-1.075E0));
#4318=DIRECTION('',(-7.071067811865E-1,-7.071067811865E-1,0.E0));
#4319=DIRECTION('',(-7.071067811865E-1,7.071067811865E-1,0.E0));
#4320=AXIS2_PLACEMENT_3D('',#4317,#4318,#4319);
#4321=PLANE('',#4320);
#4323=ORIENTED_EDGE('',*,*,#4322,.F.);
#4324=ORIENTED_EDGE('',*,*,#4152,.T.);
#4325=ORIENTED_EDGE('',*,*,#3846,.T.);
#4327=ORIENTED_EDGE('',*,*,#4326,.T.);
#4329=ORIENTED_EDGE('',*,*,#4328,.F.);
#4330=EDGE_LOOP('',(#4323,#4324,#4325,#4327,#4329));
#4331=FACE_OUTER_BOUND('',#4330,.F.);
#4333=CARTESIAN_POINT('',(-2.475E0,-1.575E0,-1.5E-1));
#4334=DIRECTION('',(-9.486832980505E-1,0.E0,3.162277660168E-1));
#4335=DIRECTION('',(-3.162277660168E-1,0.E0,-9.486832980505E-1));
#4336=AXIS2_PLACEMENT_3D('',#4333,#4334,#4335);
#4337=PLANE('',#4336);
#4338=ORIENTED_EDGE('',*,*,#4322,.T.);
#4340=ORIENTED_EDGE('',*,*,#4339,.F.);
#4342=ORIENTED_EDGE('',*,*,#4341,.T.);
#4343=ORIENTED_EDGE('',*,*,#4154,.T.);
#4344=EDGE_LOOP('',(#4338,#4340,#4342,#4343));
#4345=FACE_OUTER_BOUND('',#4344,.F.);
#4347=CARTESIAN_POINT('',(-2.525E0,0.E0,0.E0));
#4348=DIRECTION('',(-1.E0,0.E0,0.E0));
#4349=DIRECTION('',(0.E0,-1.E0,0.E0));
#4350=AXIS2_PLACEMENT_3D('',#4347,#4348,#4349);
#4351=PLANE('',#4350);
#4352=ORIENTED_EDGE('',*,*,#4339,.T.);
#4353=ORIENTED_EDGE('',*,*,#4328,.T.);
#4355=ORIENTED_EDGE('',*,*,#4354,.F.);
#4357=ORIENTED_EDGE('',*,*,#4356,.F.);
#4359=ORIENTED_EDGE('',*,*,#4358,.T.);
#4360=ORIENTED_EDGE('',*,*,#3730,.T.);
#4362=ORIENTED_EDGE('',*,*,#4361,.T.);
#4364=ORIENTED_EDGE('',*,*,#4363,.F.);
#4366=ORIENTED_EDGE('',*,*,#4365,.F.);
#4368=ORIENTED_EDGE('',*,*,#4367,.F.);
#4370=ORIENTED_EDGE('',*,*,#4369,.T.);
#4371=EDGE_LOOP('',(#4352,#4353,#4355,#4357,#4359,#4360,#4362,#4364,#4366,#4368,
#4370));
#4372=FACE_OUTER_BOUND('',#4371,.F.);
#4374=CARTESIAN_POINT('',(-2.525E0,0.E0,0.E0));
#4375=DIRECTION('',(-1.E0,0.E0,0.E0));
#4376=DIRECTION('',(0.E0,-1.E0,0.E0));
#4377=AXIS2_PLACEMENT_3D('',#4374,#4375,#4376);
#4378=PLANE('',#4377);
#4380=ORIENTED_EDGE('',*,*,#4379,.T.);
#4382=ORIENTED_EDGE('',*,*,#4381,.T.);
#4383=ORIENTED_EDGE('',*,*,#3754,.T.);
#4385=ORIENTED_EDGE('',*,*,#4384,.F.);
#4386=EDGE_LOOP('',(#4380,#4382,#4383,#4385));
#4387=FACE_OUTER_BOUND('',#4386,.F.);
#4389=CARTESIAN_POINT('',(-2.525E0,0.E0,0.E0));
#4390=DIRECTION('',(-1.E0,0.E0,0.E0));
#4391=DIRECTION('',(0.E0,-1.E0,0.E0));
#4392=AXIS2_PLACEMENT_3D('',#4389,#4390,#4391);
#4393=PLANE('',#4392);
#4394=ORIENTED_EDGE('',*,*,#3193,.F.);
#4396=ORIENTED_EDGE('',*,*,#4395,.T.);
#4398=ORIENTED_EDGE('',*,*,#4397,.T.);
#4400=ORIENTED_EDGE('',*,*,#4399,.T.);
#4401=EDGE_LOOP('',(#4394,#4396,#4398,#4400));
#4402=FACE_OUTER_BOUND('',#4401,.F.);
#4404=CARTESIAN_POINT('',(-2.525E0,0.E0,0.E0));
#4405=DIRECTION('',(-1.E0,0.E0,0.E0));
#4406=DIRECTION('',(0.E0,-1.E0,0.E0));
#4407=AXIS2_PLACEMENT_3D('',#4404,#4405,#4406);
#4408=PLANE('',#4407);
#4409=ORIENTED_EDGE('',*,*,#3197,.F.);
#4411=ORIENTED_EDGE('',*,*,#4410,.F.);
#4413=ORIENTED_EDGE('',*,*,#4412,.T.);
#4415=ORIENTED_EDGE('',*,*,#4414,.F.);
#4416=EDGE_LOOP('',(#4409,#4411,#4413,#4415));
#4417=FACE_OUTER_BOUND('',#4416,.F.);
#4419=CARTESIAN_POINT('',(-2.525E0,0.E0,0.E0));
#4420=DIRECTION('',(-1.E0,0.E0,0.E0));
#4421=DIRECTION('',(0.E0,-1.E0,0.E0));
#4422=AXIS2_PLACEMENT_3D('',#4419,#4420,#4421);
#4423=PLANE('',#4422);
#4424=ORIENTED_EDGE('',*,*,#3294,.T.);
#4426=ORIENTED_EDGE('',*,*,#4425,.T.);
#4428=ORIENTED_EDGE('',*,*,#4427,.F.);
#4430=ORIENTED_EDGE('',*,*,#4429,.T.);
#4432=ORIENTED_EDGE('',*,*,#4431,.F.);
#4434=ORIENTED_EDGE('',*,*,#4433,.T.);
#4435=EDGE_LOOP('',(#4424,#4426,#4428,#4430,#4432,#4434));
#4436=FACE_OUTER_BOUND('',#4435,.F.);
#4438=CARTESIAN_POINT('',(-3.2E0,-1.5E0,-2.15E0));
#4439=DIRECTION('',(0.E0,0.E0,-1.E0));
#4440=DIRECTION('',(0.E0,-1.E0,0.E0));
#4441=AXIS2_PLACEMENT_3D('',#4438,#4439,#4440);
#4442=PLANE('',#4441);
#4443=ORIENTED_EDGE('',*,*,#4354,.T.);
#4444=ORIENTED_EDGE('',*,*,#4326,.F.);
#4445=ORIENTED_EDGE('',*,*,#3844,.T.);
#4447=ORIENTED_EDGE('',*,*,#4446,.T.);
#4449=ORIENTED_EDGE('',*,*,#4448,.T.);
#4451=ORIENTED_EDGE('',*,*,#4450,.F.);
#4453=ORIENTED_EDGE('',*,*,#4452,.F.);
#4454=EDGE_LOOP('',(#4443,#4444,#4445,#4447,#4449,#4451,#4453));
#4455=FACE_OUTER_BOUND('',#4454,.F.);
#4457=CARTESIAN_POINT('',(-3.2E0,2.4E0,0.E0));
#4458=DIRECTION('',(-1.E0,0.E0,0.E0));
#4459=DIRECTION('',(0.E0,-1.E0,0.E0));
#4460=AXIS2_PLACEMENT_3D('',#4457,#4458,#4459);
#4461=PLANE('',#4460);
#4463=ORIENTED_EDGE('',*,*,#4462,.F.);
#4465=ORIENTED_EDGE('',*,*,#4464,.F.);
#4466=ORIENTED_EDGE('',*,*,#4162,.T.);
#4468=ORIENTED_EDGE('',*,*,#4467,.F.);
#4470=ORIENTED_EDGE('',*,*,#4469,.T.);
#4472=ORIENTED_EDGE('',*,*,#4471,.T.);
#4474=ORIENTED_EDGE('',*,*,#4473,.F.);
#4476=ORIENTED_EDGE('',*,*,#4475,.T.);
#4477=ORIENTED_EDGE('',*,*,#4446,.F.);
#4478=ORIENTED_EDGE('',*,*,#3842,.T.);
#4479=ORIENTED_EDGE('',*,*,#3935,.F.);
#4481=ORIENTED_EDGE('',*,*,#4480,.T.);
#4483=ORIENTED_EDGE('',*,*,#4482,.T.);
#4485=ORIENTED_EDGE('',*,*,#4484,.F.);
#4487=ORIENTED_EDGE('',*,*,#4486,.T.);
#4489=ORIENTED_EDGE('',*,*,#4488,.F.);
#4490=EDGE_LOOP('',(#4463,#4465,#4466,#4468,#4470,#4472,#4474,#4476,#4477,#4478,
#4479,#4481,#4483,#4485,#4487,#4489));
#4491=FACE_OUTER_BOUND('',#4490,.F.);
#4493=CARTESIAN_POINT('',(-2.8625E0,2.25E0,-3.8E0));
#4494=DIRECTION('',(0.E0,3.162277660168E-1,-9.486832980505E-1));
#4495=DIRECTION('',(0.E0,-9.486832980505E-1,-3.162277660168E-1));
#4496=AXIS2_PLACEMENT_3D('',#4493,#4494,#4495);
#4497=PLANE('',#4496);
#4498=ORIENTED_EDGE('',*,*,#4462,.T.);
#4500=ORIENTED_EDGE('',*,*,#4499,.F.);
#4502=ORIENTED_EDGE('',*,*,#4501,.T.);
#4504=ORIENTED_EDGE('',*,*,#4503,.T.);
#4505=EDGE_LOOP('',(#4498,#4500,#4502,#4504));
#4506=FACE_OUTER_BOUND('',#4505,.F.);
#4508=CARTESIAN_POINT('',(-3.2E0,7.5E-1,-3.85E0));
#4509=DIRECTION('',(0.E0,0.E0,1.E0));
#4510=DIRECTION('',(0.E0,1.E0,0.E0));
#4511=AXIS2_PLACEMENT_3D('',#4508,#4509,#4510);
#4512=PLANE('',#4511);
#4513=ORIENTED_EDGE('',*,*,#3409,.F.);
#4515=ORIENTED_EDGE('',*,*,#4514,.T.);
#4516=ORIENTED_EDGE('',*,*,#3199,.F.);
#4517=ORIENTED_EDGE('',*,*,#4414,.T.);
#4518=ORIENTED_EDGE('',*,*,#4499,.T.);
#4519=ORIENTED_EDGE('',*,*,#4488,.T.);
#4521=ORIENTED_EDGE('',*,*,#4520,.T.);
#4523=ORIENTED_EDGE('',*,*,#4522,.F.);
#4525=ORIENTED_EDGE('',*,*,#4524,.F.);
#4526=EDGE_LOOP('',(#4513,#4515,#4516,#4517,#4518,#4519,#4521,#4523,#4525));
#4527=FACE_OUTER_BOUND('',#4526,.F.);
#4529=CARTESIAN_POINT('',(-2.775E0,1.55E0,-5.55E0));
#4530=DIRECTION('',(-1.E0,0.E0,0.E0));
#4531=DIRECTION('',(0.E0,0.E0,1.E0));
#4532=AXIS2_PLACEMENT_3D('',#4529,#4530,#4531);
#4533=PLANE('',#4532);
#4534=ORIENTED_EDGE('',*,*,#3419,.T.);
#4536=ORIENTED_EDGE('',*,*,#4535,.T.);
#4538=ORIENTED_EDGE('',*,*,#4537,.T.);
#4540=ORIENTED_EDGE('',*,*,#4539,.F.);
#4542=ORIENTED_EDGE('',*,*,#4541,.T.);
#4544=ORIENTED_EDGE('',*,*,#4543,.T.);
#4545=ORIENTED_EDGE('',*,*,#3290,.F.);
#4547=ORIENTED_EDGE('',*,*,#4546,.F.);
#4548=ORIENTED_EDGE('',*,*,#3201,.T.);
#4549=ORIENTED_EDGE('',*,*,#4514,.F.);
#4550=EDGE_LOOP('',(#4534,#4536,#4538,#4540,#4542,#4544,#4545,#4547,#4548,
#4549));
#4551=FACE_OUTER_BOUND('',#4550,.F.);
#4553=CARTESIAN_POINT('',(-2.8E0,-1.1E0,-4.4E0));
#4554=DIRECTION('',(0.E0,0.E0,-1.E0));
#4555=DIRECTION('',(1.E0,0.E0,0.E0));
#4556=AXIS2_PLACEMENT_3D('',#4553,#4554,#4555);
#4557=PLANE('',#4556);
#4558=ORIENTED_EDGE('',*,*,#3417,.F.);
#4560=ORIENTED_EDGE('',*,*,#4559,.F.);
#4562=ORIENTED_EDGE('',*,*,#4561,.F.);
#4563=ORIENTED_EDGE('',*,*,#4535,.F.);
#4564=EDGE_LOOP('',(#4558,#4560,#4562,#4563));
#4565=FACE_OUTER_BOUND('',#4564,.F.);
#4567=CARTESIAN_POINT('',(-2.8E0,-1.1E0,-4.4E0));
#4568=DIRECTION('',(0.E0,0.E0,-1.E0));
#4569=DIRECTION('',(1.E0,0.E0,0.E0));
#4570=AXIS2_PLACEMENT_3D('',#4567,#4568,#4569);
#4571=PLANE('',#4570);
#4573=ORIENTED_EDGE('',*,*,#4572,.T.);
#4575=ORIENTED_EDGE('',*,*,#4574,.T.);
#4576=ORIENTED_EDGE('',*,*,#4399,.F.);
#4578=ORIENTED_EDGE('',*,*,#4577,.F.);
#4580=ORIENTED_EDGE('',*,*,#4579,.T.);
#4581=EDGE_LOOP('',(#4573,#4575,#4576,#4578,#4580));
#4582=FACE_OUTER_BOUND('',#4581,.F.);
#4584=CARTESIAN_POINT('',(-2.9E0,2.4E0,-4.4E0));
#4585=DIRECTION('',(-1.E0,0.E0,0.E0));
#4586=DIRECTION('',(0.E0,0.E0,1.E0));
#4587=AXIS2_PLACEMENT_3D('',#4584,#4585,#4586);
#4588=PLANE('',#4587);
#4589=ORIENTED_EDGE('',*,*,#3415,.T.);
#4591=ORIENTED_EDGE('',*,*,#4590,.F.);
#4593=ORIENTED_EDGE('',*,*,#4592,.T.);
#4594=ORIENTED_EDGE('',*,*,#4559,.T.);
#4595=EDGE_LOOP('',(#4589,#4591,#4593,#4594));
#4596=FACE_OUTER_BOUND('',#4595,.F.);
#4598=CARTESIAN_POINT('',(-2.9E0,2.4E0,-4.2E0));
#4599=DIRECTION('',(0.E0,0.E0,1.E0));
#4600=DIRECTION('',(1.E0,0.E0,0.E0));
#4601=AXIS2_PLACEMENT_3D('',#4598,#4599,#4600);
#4602=PLANE('',#4601);
#4603=ORIENTED_EDGE('',*,*,#3413,.T.);
#4605=ORIENTED_EDGE('',*,*,#4604,.F.);
#4607=ORIENTED_EDGE('',*,*,#4606,.T.);
#4608=ORIENTED_EDGE('',*,*,#4590,.T.);
#4609=EDGE_LOOP('',(#4603,#4605,#4607,#4608));
#4610=FACE_OUTER_BOUND('',#4609,.F.);
#4612=CARTESIAN_POINT('',(-2.8E0,-1.1E0,-3.85E0));
#4613=DIRECTION('',(-1.E0,0.E0,0.E0));
#4614=DIRECTION('',(0.E0,0.E0,-1.E0));
#4615=AXIS2_PLACEMENT_3D('',#4612,#4613,#4614);
#4616=PLANE('',#4615);
#4617=ORIENTED_EDGE('',*,*,#3411,.F.);
#4618=ORIENTED_EDGE('',*,*,#4524,.T.);
#4620=ORIENTED_EDGE('',*,*,#4619,.T.);
#4621=ORIENTED_EDGE('',*,*,#4604,.T.);
#4622=EDGE_LOOP('',(#4617,#4618,#4620,#4621));
#4623=FACE_OUTER_BOUND('',#4622,.F.);
#4625=CARTESIAN_POINT('',(-2.85E0,7.E-1,-4.025E0));
#4626=DIRECTION('',(7.071067811865E-1,7.071067811865E-1,0.E0));
#4627=DIRECTION('',(7.071067811865E-1,-7.071067811865E-1,0.E0));
#4628=AXIS2_PLACEMENT_3D('',#4625,#4626,#4627);
#4629=PLANE('',#4628);
#4631=ORIENTED_EDGE('',*,*,#4630,.T.);
#4633=ORIENTED_EDGE('',*,*,#4632,.F.);
#4634=ORIENTED_EDGE('',*,*,#4619,.F.);
#4635=ORIENTED_EDGE('',*,*,#4522,.T.);
#4636=EDGE_LOOP('',(#4631,#4633,#4634,#4635));
#4637=FACE_OUTER_BOUND('',#4636,.F.);
#4639=CARTESIAN_POINT('',(-3.2E0,7.5E-1,-4.9E0));
#4640=DIRECTION('',(0.E0,-1.E0,0.E0));
#4641=DIRECTION('',(0.E0,0.E0,1.E0));
#4642=AXIS2_PLACEMENT_3D('',#4639,#4640,#4641);
#4643=PLANE('',#4642);
#4644=ORIENTED_EDGE('',*,*,#4539,.T.);
#4646=ORIENTED_EDGE('',*,*,#4645,.T.);
#4648=ORIENTED_EDGE('',*,*,#4647,.F.);
#4650=ORIENTED_EDGE('',*,*,#4649,.F.);
#4651=ORIENTED_EDGE('',*,*,#4630,.F.);
#4652=ORIENTED_EDGE('',*,*,#4520,.F.);
#4653=ORIENTED_EDGE('',*,*,#4486,.F.);
#4655=ORIENTED_EDGE('',*,*,#4654,.F.);
#4656=EDGE_LOOP('',(#4644,#4646,#4648,#4650,#4651,#4652,#4653,#4655));
#4657=FACE_OUTER_BOUND('',#4656,.F.);
#4659=CARTESIAN_POINT('',(-2.7125E0,7.E-1,-4.45E0));
#4660=DIRECTION('',(0.E0,7.071067811865E-1,7.071067811865E-1));
#4661=DIRECTION('',(0.E0,7.071067811865E-1,-7.071067811865E-1));
#4662=AXIS2_PLACEMENT_3D('',#4659,#4660,#4661);
#4663=PLANE('',#4662);
#4664=ORIENTED_EDGE('',*,*,#4537,.F.);
#4665=ORIENTED_EDGE('',*,*,#4561,.T.);
#4667=ORIENTED_EDGE('',*,*,#4666,.T.);
#4668=ORIENTED_EDGE('',*,*,#4645,.F.);
#4669=EDGE_LOOP('',(#4664,#4665,#4667,#4668));
#4670=FACE_OUTER_BOUND('',#4669,.F.);
#4672=CARTESIAN_POINT('',(-2.95E0,7.E-1,-4.3E0));
#4673=DIRECTION('',(7.071067811865E-1,7.071067811865E-1,0.E0));
#4674=DIRECTION('',(7.071067811865E-1,-7.071067811865E-1,0.E0));
#4675=AXIS2_PLACEMENT_3D('',#4672,#4673,#4674);
#4676=PLANE('',#4675);
#4677=ORIENTED_EDGE('',*,*,#4647,.T.);
#4678=ORIENTED_EDGE('',*,*,#4666,.F.);
#4679=ORIENTED_EDGE('',*,*,#4592,.F.);
#4681=ORIENTED_EDGE('',*,*,#4680,.T.);
#4682=EDGE_LOOP('',(#4677,#4678,#4679,#4681));
#4683=FACE_OUTER_BOUND('',#4682,.F.);
#4685=CARTESIAN_POINT('',(-2.85E0,7.E-1,-4.15E0));
#4686=DIRECTION('',(0.E0,7.071067811865E-1,-7.071067811865E-1));
#4687=DIRECTION('',(0.E0,-7.071067811865E-1,-7.071067811865E-1));
#4688=AXIS2_PLACEMENT_3D('',#4685,#4686,#4687);
#4689=PLANE('',#4688);
#4690=ORIENTED_EDGE('',*,*,#4606,.F.);
#4691=ORIENTED_EDGE('',*,*,#4632,.T.);
#4692=ORIENTED_EDGE('',*,*,#4649,.T.);
#4693=ORIENTED_EDGE('',*,*,#4680,.F.);
#4694=EDGE_LOOP('',(#4690,#4691,#4692,#4693));
#4695=FACE_OUTER_BOUND('',#4694,.F.);
#4697=CARTESIAN_POINT('',(-2.8625E0,7.E-1,-4.85E0));
#4698=DIRECTION('',(0.E0,7.071067811865E-1,-7.071067811865E-1));
#4699=DIRECTION('',(0.E0,-7.071067811865E-1,-7.071067811865E-1));
#4700=AXIS2_PLACEMENT_3D('',#4697,#4698,#4699);
#4701=PLANE('',#4700);
#4702=ORIENTED_EDGE('',*,*,#4541,.F.);
#4703=ORIENTED_EDGE('',*,*,#4654,.T.);
#4704=ORIENTED_EDGE('',*,*,#4484,.T.);
#4706=ORIENTED_EDGE('',*,*,#4705,.F.);
#4707=EDGE_LOOP('',(#4702,#4703,#4704,#4706));
#4708=FACE_OUTER_BOUND('',#4707,.F.);
#4710=CARTESIAN_POINT('',(-3.2E0,-6.E-1,-4.9E0));
#4711=DIRECTION('',(0.E0,0.E0,1.E0));
#4712=DIRECTION('',(0.E0,1.E0,0.E0));
#4713=AXIS2_PLACEMENT_3D('',#4710,#4711,#4712);
#4714=PLANE('',#4713);
#4715=ORIENTED_EDGE('',*,*,#3292,.T.);
#4716=ORIENTED_EDGE('',*,*,#4543,.F.);
#4717=ORIENTED_EDGE('',*,*,#4705,.T.);
#4718=ORIENTED_EDGE('',*,*,#4482,.F.);
#4720=ORIENTED_EDGE('',*,*,#4719,.T.);
#4722=ORIENTED_EDGE('',*,*,#4721,.F.);
#4724=ORIENTED_EDGE('',*,*,#4723,.F.);
#4726=ORIENTED_EDGE('',*,*,#4725,.F.);
#4727=ORIENTED_EDGE('',*,*,#4425,.F.);
#4728=EDGE_LOOP('',(#4715,#4716,#4717,#4718,#4720,#4722,#4724,#4726,#4727));
#4729=FACE_OUTER_BOUND('',#4728,.F.);
#4731=CARTESIAN_POINT('',(-3.2E0,-6.E-1,-5.8E0));
#4732=DIRECTION('',(0.E0,-1.E0,0.E0));
#4733=DIRECTION('',(0.E0,0.E0,1.E0));
#4734=AXIS2_PLACEMENT_3D('',#4731,#4732,#4733);
#4735=PLANE('',#4734);
#4736=ORIENTED_EDGE('',*,*,#3933,.T.);
#4738=ORIENTED_EDGE('',*,*,#4737,.F.);
#4740=ORIENTED_EDGE('',*,*,#4739,.F.);
#4742=ORIENTED_EDGE('',*,*,#4741,.F.);
#4743=ORIENTED_EDGE('',*,*,#4719,.F.);
#4744=ORIENTED_EDGE('',*,*,#4480,.F.);
#4745=EDGE_LOOP('',(#4736,#4738,#4740,#4742,#4743,#4744));
#4746=FACE_OUTER_BOUND('',#4745,.F.);
#4748=CARTESIAN_POINT('',(-2.335E0,7.5E-1,-5.61E0));
#4749=DIRECTION('',(-7.071067811865E-1,0.E0,-7.071067811865E-1));
#4750=DIRECTION('',(-7.071067811865E-1,0.E0,7.071067811865E-1));
#4751=AXIS2_PLACEMENT_3D('',#4748,#4749,#4750);
#4752=PLANE('',#4751);
#4754=ORIENTED_EDGE('',*,*,#4753,.F.);
#4755=ORIENTED_EDGE('',*,*,#4433,.F.);
#4756=ORIENTED_EDGE('',*,*,#4737,.T.);
#4757=ORIENTED_EDGE('',*,*,#3931,.T.);
#4759=ORIENTED_EDGE('',*,*,#4758,.T.);
#4761=ORIENTED_EDGE('',*,*,#4760,.T.);
#4762=ORIENTED_EDGE('',*,*,#4395,.F.);
#4763=EDGE_LOOP('',(#4754,#4755,#4756,#4757,#4759,#4761,#4762));
#4764=FACE_OUTER_BOUND('',#4763,.F.);
#4766=CARTESIAN_POINT('',(-2.525E0,1.55E0,-3.85E0));
#4767=DIRECTION('',(1.E0,0.E0,0.E0));
#4768=DIRECTION('',(0.E0,0.E0,-1.E0));
#4769=AXIS2_PLACEMENT_3D('',#4766,#4767,#4768);
#4770=PLANE('',#4769);
#4771=ORIENTED_EDGE('',*,*,#3191,.T.);
#4773=ORIENTED_EDGE('',*,*,#4772,.T.);
#4774=ORIENTED_EDGE('',*,*,#3296,.F.);
#4775=ORIENTED_EDGE('',*,*,#4753,.T.);
#4776=EDGE_LOOP('',(#4771,#4773,#4774,#4775));
#4777=FACE_OUTER_BOUND('',#4776,.F.);
#4779=CARTESIAN_POINT('',(-2.525E0,1.55E0,-3.85E0));
#4780=DIRECTION('',(1.E0,0.E0,0.E0));
#4781=DIRECTION('',(0.E0,0.E0,-1.E0));
#4782=AXIS2_PLACEMENT_3D('',#4779,#4780,#4781);
#4783=PLANE('',#4782);
#4785=ORIENTED_EDGE('',*,*,#4784,.F.);
#4787=ORIENTED_EDGE('',*,*,#4786,.T.);
#4788=ORIENTED_EDGE('',*,*,#3195,.T.);
#4789=ORIENTED_EDGE('',*,*,#4574,.F.);
#4790=EDGE_LOOP('',(#4785,#4787,#4788,#4789));
#4791=FACE_OUTER_BOUND('',#4790,.F.);
#4793=CARTESIAN_POINT('',(-2.875E0,1.55E0,-5.55E0));
#4794=DIRECTION('',(0.E0,1.E0,0.E0));
#4795=DIRECTION('',(-1.E0,0.E0,0.E0));
#4796=AXIS2_PLACEMENT_3D('',#4793,#4794,#4795);
#4797=CYLINDRICAL_SURFACE('',#4796,3.5E-1);
#4798=ORIENTED_EDGE('',*,*,#3189,.T.);
#4800=ORIENTED_EDGE('',*,*,#4799,.T.);
#4801=ORIENTED_EDGE('',*,*,#3298,.F.);
#4802=ORIENTED_EDGE('',*,*,#4772,.F.);
#4803=EDGE_LOOP('',(#4798,#4800,#4801,#4802));
#4804=FACE_OUTER_BOUND('',#4803,.F.);
#4806=CARTESIAN_POINT('',(-2.875E0,1.55E0,-5.9E0));
#4807=DIRECTION('',(0.E0,0.E0,-1.E0));
#4808=DIRECTION('',(-1.E0,0.E0,0.E0));
#4809=AXIS2_PLACEMENT_3D('',#4806,#4807,#4808);
#4810=PLANE('',#4809);
#4812=ORIENTED_EDGE('',*,*,#4811,.F.);
#4814=ORIENTED_EDGE('',*,*,#4813,.T.);
#4816=ORIENTED_EDGE('',*,*,#4815,.F.);
#4817=ORIENTED_EDGE('',*,*,#3300,.F.);
#4818=ORIENTED_EDGE('',*,*,#4799,.F.);
#4819=ORIENTED_EDGE('',*,*,#3187,.T.);
#4820=EDGE_LOOP('',(#4812,#4814,#4816,#4817,#4818,#4819));
#4821=FACE_OUTER_BOUND('',#4820,.F.);
#4823=CARTESIAN_POINT('',(-3.075E0,1.25E0,-1.359124E1));
#4824=DIRECTION('',(0.E0,0.E0,1.E0));
#4825=DIRECTION('',(0.E0,1.E0,0.E0));
#4826=AXIS2_PLACEMENT_3D('',#4823,#4824,#4825);
#4827=CYLINDRICAL_SURFACE('',#4826,3.E-1);
#4829=ORIENTED_EDGE('',*,*,#4828,.T.);
#4831=ORIENTED_EDGE('',*,*,#4830,.F.);
#4832=ORIENTED_EDGE('',*,*,#4811,.T.);
#4833=ORIENTED_EDGE('',*,*,#3185,.T.);
#4834=EDGE_LOOP('',(#4829,#4831,#4832,#4833));
#4835=FACE_OUTER_BOUND('',#4834,.F.);
#4837=CARTESIAN_POINT('',(-3.375E0,1.55E0,-5.65E0));
#4838=DIRECTION('',(0.E0,0.E0,1.E0));
#4839=DIRECTION('',(1.E0,0.E0,0.E0));
#4840=AXIS2_PLACEMENT_3D('',#4837,#4838,#4839);
#4841=PLANE('',#4840);
#4842=ORIENTED_EDGE('',*,*,#4828,.F.);
#4843=ORIENTED_EDGE('',*,*,#3205,.T.);
#4845=ORIENTED_EDGE('',*,*,#4844,.T.);
#4846=ORIENTED_EDGE('',*,*,#3286,.F.);
#4848=ORIENTED_EDGE('',*,*,#4847,.F.);
#4850=ORIENTED_EDGE('',*,*,#4849,.F.);
#4851=EDGE_LOOP('',(#4842,#4843,#4845,#4846,#4848,#4850));
#4852=FACE_OUTER_BOUND('',#4851,.F.);
#4854=CARTESIAN_POINT('',(-2.875E0,1.55E0,-5.55E0));
#4855=DIRECTION('',(0.E0,1.E0,0.E0));
#4856=DIRECTION('',(-1.E0,0.E0,0.E0));
#4857=AXIS2_PLACEMENT_3D('',#4854,#4855,#4856);
#4858=CYLINDRICAL_SURFACE('',#4857,1.E-1);
#4859=ORIENTED_EDGE('',*,*,#3203,.T.);
#4860=ORIENTED_EDGE('',*,*,#4546,.T.);
#4861=ORIENTED_EDGE('',*,*,#3288,.F.);
#4862=ORIENTED_EDGE('',*,*,#4844,.F.);
#4863=EDGE_LOOP('',(#4859,#4860,#4861,#4862));
#4864=FACE_OUTER_BOUND('',#4863,.F.);
#4866=CARTESIAN_POINT('',(-3.075E0,-1.5E-1,7.69124E0));
#4867=DIRECTION('',(0.E0,0.E0,-1.E0));
#4868=DIRECTION('',(0.E0,-1.E0,0.E0));
#4869=AXIS2_PLACEMENT_3D('',#4866,#4867,#4868);
#4870=CYLINDRICAL_SURFACE('',#4869,3.E-1);
#4871=ORIENTED_EDGE('',*,*,#4815,.T.);
#4873=ORIENTED_EDGE('',*,*,#4872,.F.);
#4874=ORIENTED_EDGE('',*,*,#4847,.T.);
#4875=ORIENTED_EDGE('',*,*,#3284,.T.);
#4876=EDGE_LOOP('',(#4871,#4873,#4874,#4875));
#4877=FACE_OUTER_BOUND('',#4876,.F.);
#4879=CARTESIAN_POINT('',(-3.375E0,1.55E0,-5.9E0));
#4880=DIRECTION('',(-1.E0,0.E0,0.E0));
#4881=DIRECTION('',(0.E0,0.E0,1.E0));
#4882=AXIS2_PLACEMENT_3D('',#4879,#4880,#4881);
#4883=PLANE('',#4882);
#4884=ORIENTED_EDGE('',*,*,#4830,.T.);
#4885=ORIENTED_EDGE('',*,*,#4849,.T.);
#4886=ORIENTED_EDGE('',*,*,#4872,.T.);
#4887=ORIENTED_EDGE('',*,*,#4813,.F.);
#4888=EDGE_LOOP('',(#4884,#4885,#4886,#4887));
#4889=FACE_OUTER_BOUND('',#4888,.F.);
#4891=CARTESIAN_POINT('',(3.2E0,1.4E0,0.E0));
#4892=DIRECTION('',(0.E0,1.E0,0.E0));
#4893=DIRECTION('',(-1.E0,0.E0,0.E0));
#4894=AXIS2_PLACEMENT_3D('',#4891,#4892,#4893);
#4895=PLANE('',#4894);
#4896=ORIENTED_EDGE('',*,*,#4572,.F.);
#4898=ORIENTED_EDGE('',*,*,#4897,.F.);
#4900=ORIENTED_EDGE('',*,*,#4899,.F.);
#4901=ORIENTED_EDGE('',*,*,#4784,.T.);
#4902=EDGE_LOOP('',(#4896,#4898,#4900,#4901));
#4903=FACE_OUTER_BOUND('',#4902,.F.);
#4905=CARTESIAN_POINT('',(3.2E0,1.4E0,0.E0));
#4906=DIRECTION('',(0.E0,1.E0,0.E0));
#4907=DIRECTION('',(-1.E0,0.E0,0.E0));
#4908=AXIS2_PLACEMENT_3D('',#4905,#4906,#4907);
#4909=PLANE('',#4908);
#4910=ORIENTED_EDGE('',*,*,#3507,.T.);
#4911=ORIENTED_EDGE('',*,*,#3141,.F.);
#4913=ORIENTED_EDGE('',*,*,#4912,.F.);
#4915=ORIENTED_EDGE('',*,*,#4914,.F.);
#4916=EDGE_LOOP('',(#4910,#4911,#4913,#4915));
#4917=FACE_OUTER_BOUND('',#4916,.F.);
#4919=CARTESIAN_POINT('',(-2.425E0,2.4E0,-4.2E0));
#4920=DIRECTION('',(1.E0,0.E0,0.E0));
#4921=DIRECTION('',(0.E0,0.E0,-1.E0));
#4922=AXIS2_PLACEMENT_3D('',#4919,#4920,#4921);
#4923=PLANE('',#4922);
#4924=ORIENTED_EDGE('',*,*,#4897,.T.);
#4925=ORIENTED_EDGE('',*,*,#4579,.F.);
#4927=ORIENTED_EDGE('',*,*,#4926,.F.);
#4929=ORIENTED_EDGE('',*,*,#4928,.T.);
#4930=EDGE_LOOP('',(#4924,#4925,#4927,#4929));
#4931=FACE_OUTER_BOUND('',#4930,.F.);
#4933=CARTESIAN_POINT('',(3.2E0,2.4E0,0.E0));
#4934=DIRECTION('',(0.E0,1.E0,0.E0));
#4935=DIRECTION('',(-1.E0,0.E0,0.E0));
#4936=AXIS2_PLACEMENT_3D('',#4933,#4934,#4935);
#4937=PLANE('',#4936);
#4938=ORIENTED_EDGE('',*,*,#4758,.F.);
#4939=ORIENTED_EDGE('',*,*,#3929,.F.);
#4940=ORIENTED_EDGE('',*,*,#3110,.F.);
#4941=ORIENTED_EDGE('',*,*,#3095,.F.);
#4943=ORIENTED_EDGE('',*,*,#4942,.T.);
#4945=ORIENTED_EDGE('',*,*,#4944,.F.);
#4947=ORIENTED_EDGE('',*,*,#4946,.F.);
#4949=ORIENTED_EDGE('',*,*,#4948,.F.);
#4950=ORIENTED_EDGE('',*,*,#4164,.T.);
#4951=ORIENTED_EDGE('',*,*,#4464,.T.);
#4952=ORIENTED_EDGE('',*,*,#4503,.F.);
#4954=ORIENTED_EDGE('',*,*,#4953,.F.);
#4955=ORIENTED_EDGE('',*,*,#4926,.T.);
#4957=ORIENTED_EDGE('',*,*,#4956,.F.);
#4958=EDGE_LOOP('',(#4938,#4939,#4940,#4941,#4943,#4945,#4947,#4949,#4950,#4951,
#4952,#4954,#4955,#4957));
#4959=FACE_OUTER_BOUND('',#4958,.F.);
#4961=CARTESIAN_POINT('',(2.425E0,2.4E0,-4.4E0));
#4962=DIRECTION('',(-1.E0,0.E0,0.E0));
#4963=DIRECTION('',(0.E0,0.E0,1.E0));
#4964=AXIS2_PLACEMENT_3D('',#4961,#4962,#4963);
#4965=PLANE('',#4964);
#4966=ORIENTED_EDGE('',*,*,#4914,.T.);
#4968=ORIENTED_EDGE('',*,*,#4967,.F.);
#4969=ORIENTED_EDGE('',*,*,#4942,.F.);
#4970=ORIENTED_EDGE('',*,*,#3509,.T.);
#4971=EDGE_LOOP('',(#4966,#4968,#4969,#4970));
#4972=FACE_OUTER_BOUND('',#4971,.F.);
#4974=CARTESIAN_POINT('',(2.425E0,2.4E0,-4.2E0));
#4975=DIRECTION('',(0.E0,0.E0,1.E0));
#4976=DIRECTION('',(1.E0,0.E0,0.E0));
#4977=AXIS2_PLACEMENT_3D('',#4974,#4975,#4976);
#4978=PLANE('',#4977);
#4979=ORIENTED_EDGE('',*,*,#4912,.T.);
#4980=ORIENTED_EDGE('',*,*,#3147,.T.);
#4981=ORIENTED_EDGE('',*,*,#3657,.F.);
#4983=ORIENTED_EDGE('',*,*,#4982,.T.);
#4984=ORIENTED_EDGE('',*,*,#4967,.T.);
#4985=EDGE_LOOP('',(#4979,#4980,#4981,#4983,#4984));
#4986=FACE_OUTER_BOUND('',#4985,.F.);
#4988=CARTESIAN_POINT('',(2.475E0,2.25E0,-4.025E0));
#4989=DIRECTION('',(9.486832980505E-1,3.162277660168E-1,0.E0));
#4990=DIRECTION('',(3.162277660168E-1,-9.486832980505E-1,0.E0));
#4991=AXIS2_PLACEMENT_3D('',#4988,#4989,#4990);
#4992=PLANE('',#4991);
#4993=ORIENTED_EDGE('',*,*,#3655,.F.);
#4995=ORIENTED_EDGE('',*,*,#4994,.T.);
#4996=ORIENTED_EDGE('',*,*,#4944,.T.);
#4997=ORIENTED_EDGE('',*,*,#4982,.F.);
#4998=EDGE_LOOP('',(#4993,#4995,#4996,#4997));
#4999=FACE_OUTER_BOUND('',#4998,.F.);
#5001=CARTESIAN_POINT('',(2.8625E0,2.25E0,-3.8E0));
#5002=DIRECTION('',(0.E0,3.162277660168E-1,-9.486832980505E-1));
#5003=DIRECTION('',(0.E0,-9.486832980505E-1,-3.162277660168E-1));
#5004=AXIS2_PLACEMENT_3D('',#5001,#5002,#5003);
#5005=PLANE('',#5004);
#5007=ORIENTED_EDGE('',*,*,#5006,.T.);
#5008=ORIENTED_EDGE('',*,*,#4946,.T.);
#5009=ORIENTED_EDGE('',*,*,#4994,.F.);
#5010=ORIENTED_EDGE('',*,*,#3438,.F.);
#5011=EDGE_LOOP('',(#5007,#5008,#5009,#5010));
#5012=FACE_OUTER_BOUND('',#5011,.F.);
#5014=CARTESIAN_POINT('',(3.2E0,-2.4E0,0.E0));
#5015=DIRECTION('',(1.E0,0.E0,0.E0));
#5016=DIRECTION('',(0.E0,1.E0,0.E0));
#5017=AXIS2_PLACEMENT_3D('',#5014,#5015,#5016);
#5018=PLANE('',#5017);
#5019=ORIENTED_EDGE('',*,*,#5006,.F.);
#5020=ORIENTED_EDGE('',*,*,#3436,.T.);
#5021=ORIENTED_EDGE('',*,*,#3540,.T.);
#5022=ORIENTED_EDGE('',*,*,#3561,.F.);
#5023=ORIENTED_EDGE('',*,*,#3583,.T.);
#5025=ORIENTED_EDGE('',*,*,#5024,.F.);
#5026=ORIENTED_EDGE('',*,*,#3924,.F.);
#5027=ORIENTED_EDGE('',*,*,#3869,.F.);
#5028=ORIENTED_EDGE('',*,*,#3820,.T.);
#5029=ORIENTED_EDGE('',*,*,#3800,.T.);
#5031=ORIENTED_EDGE('',*,*,#5030,.F.);
#5033=ORIENTED_EDGE('',*,*,#5032,.T.);
#5035=ORIENTED_EDGE('',*,*,#5034,.F.);
#5037=ORIENTED_EDGE('',*,*,#5036,.F.);
#5038=ORIENTED_EDGE('',*,*,#4166,.T.);
#5039=ORIENTED_EDGE('',*,*,#4948,.T.);
#5040=EDGE_LOOP('',(#5019,#5020,#5021,#5022,#5023,#5025,#5026,#5027,#5028,#5029,
#5031,#5033,#5035,#5037,#5038,#5039));
#5041=FACE_OUTER_BOUND('',#5040,.F.);
#5043=CARTESIAN_POINT('',(3.2E0,-6.E-1,-4.9E0));
#5044=DIRECTION('',(0.E0,-1.E0,0.E0));
#5045=DIRECTION('',(0.E0,0.E0,-1.E0));
#5046=AXIS2_PLACEMENT_3D('',#5043,#5044,#5045);
#5047=PLANE('',#5046);
#5049=ORIENTED_EDGE('',*,*,#5048,.F.);
#5050=ORIENTED_EDGE('',*,*,#3114,.F.);
#5051=ORIENTED_EDGE('',*,*,#3926,.T.);
#5052=ORIENTED_EDGE('',*,*,#5024,.T.);
#5053=ORIENTED_EDGE('',*,*,#3581,.T.);
#5055=ORIENTED_EDGE('',*,*,#5054,.F.);
#5056=EDGE_LOOP('',(#5049,#5050,#5051,#5052,#5053,#5055));
#5057=FACE_OUTER_BOUND('',#5056,.F.);
#5059=CARTESIAN_POINT('',(2.6625E0,-6.5E-1,-5.37E0));
#5060=DIRECTION('',(0.E0,7.071067811865E-1,7.071067811865E-1));
#5061=DIRECTION('',(0.E0,-7.071067811865E-1,7.071067811865E-1));
#5062=AXIS2_PLACEMENT_3D('',#5059,#5060,#5061);
#5063=PLANE('',#5062);
#5064=ORIENTED_EDGE('',*,*,#5048,.T.);
#5066=ORIENTED_EDGE('',*,*,#5065,.F.);
#5068=ORIENTED_EDGE('',*,*,#5067,.F.);
#5069=ORIENTED_EDGE('',*,*,#3669,.T.);
#5070=EDGE_LOOP('',(#5064,#5066,#5068,#5069));
#5071=FACE_OUTER_BOUND('',#5070,.F.);
#5073=CARTESIAN_POINT('',(2.85E0,-6.5E-1,-5.11E0));
#5074=DIRECTION('',(-7.071067811865E-1,7.071067811865E-1,0.E0));
#5075=DIRECTION('',(-7.071067811865E-1,-7.071067811865E-1,0.E0));
#5076=AXIS2_PLACEMENT_3D('',#5073,#5074,#5075);
#5077=PLANE('',#5076);
#5079=ORIENTED_EDGE('',*,*,#5078,.F.);
#5080=ORIENTED_EDGE('',*,*,#5065,.T.);
#5081=ORIENTED_EDGE('',*,*,#5054,.T.);
#5082=ORIENTED_EDGE('',*,*,#3579,.T.);
#5083=EDGE_LOOP('',(#5079,#5080,#5081,#5082));
#5084=FACE_OUTER_BOUND('',#5083,.F.);
#5086=CARTESIAN_POINT('',(2.8E0,-1.1E0,-5.32E0));
#5087=DIRECTION('',(1.E0,0.E0,0.E0));
#5088=DIRECTION('',(0.E0,0.E0,1.E0));
#5089=AXIS2_PLACEMENT_3D('',#5086,#5087,#5088);
#5090=PLANE('',#5089);
#5091=ORIENTED_EDGE('',*,*,#5078,.T.);
#5092=ORIENTED_EDGE('',*,*,#3577,.F.);
#5094=ORIENTED_EDGE('',*,*,#5093,.F.);
#5096=ORIENTED_EDGE('',*,*,#5095,.T.);
#5097=EDGE_LOOP('',(#5091,#5092,#5094,#5096));
#5098=FACE_OUTER_BOUND('',#5097,.F.);
#5100=CARTESIAN_POINT('',(0.E0,-1.1E0,0.E0));
#5101=DIRECTION('',(0.E0,-1.E0,0.E0));
#5102=DIRECTION('',(0.E0,0.E0,1.E0));
#5103=AXIS2_PLACEMENT_3D('',#5100,#5101,#5102);
#5104=PLANE('',#5103);
#5105=ORIENTED_EDGE('',*,*,#4725,.T.);
#5107=ORIENTED_EDGE('',*,*,#5106,.T.);
#5109=ORIENTED_EDGE('',*,*,#5108,.T.);
#5110=ORIENTED_EDGE('',*,*,#4427,.T.);
#5111=EDGE_LOOP('',(#5105,#5107,#5109,#5110));
#5112=FACE_OUTER_BOUND('',#5111,.F.);
#5114=CARTESIAN_POINT('',(0.E0,-1.1E0,0.E0));
#5115=DIRECTION('',(0.E0,-1.E0,0.E0));
#5116=DIRECTION('',(0.E0,0.E0,1.E0));
#5117=AXIS2_PLACEMENT_3D('',#5114,#5115,#5116);
#5118=PLANE('',#5117);
#5119=ORIENTED_EDGE('',*,*,#3673,.T.);
#5121=ORIENTED_EDGE('',*,*,#5120,.T.);
#5122=ORIENTED_EDGE('',*,*,#5093,.T.);
#5123=ORIENTED_EDGE('',*,*,#3575,.T.);
#5124=EDGE_LOOP('',(#5119,#5121,#5122,#5123));
#5125=FACE_OUTER_BOUND('',#5124,.F.);
#5127=CARTESIAN_POINT('',(-2.8E0,-1.1E0,-4.9E0));
#5128=DIRECTION('',(-1.E0,0.E0,0.E0));
#5129=DIRECTION('',(0.E0,0.E0,-1.E0));
#5130=AXIS2_PLACEMENT_3D('',#5127,#5128,#5129);
#5131=PLANE('',#5130);
#5133=ORIENTED_EDGE('',*,*,#5132,.T.);
#5135=ORIENTED_EDGE('',*,*,#5134,.F.);
#5136=ORIENTED_EDGE('',*,*,#5106,.F.);
#5137=ORIENTED_EDGE('',*,*,#4723,.T.);
#5138=EDGE_LOOP('',(#5133,#5135,#5136,#5137));
#5139=FACE_OUTER_BOUND('',#5138,.F.);
#5141=CARTESIAN_POINT('',(-2.85E0,-6.5E-1,-5.11E0));
#5142=DIRECTION('',(7.071067811865E-1,7.071067811865E-1,0.E0));
#5143=DIRECTION('',(7.071067811865E-1,-7.071067811865E-1,0.E0));
#5144=AXIS2_PLACEMENT_3D('',#5141,#5142,#5143);
#5145=PLANE('',#5144);
#5146=ORIENTED_EDGE('',*,*,#4741,.T.);
#5148=ORIENTED_EDGE('',*,*,#5147,.F.);
#5149=ORIENTED_EDGE('',*,*,#5132,.F.);
#5150=ORIENTED_EDGE('',*,*,#4721,.T.);
#5151=EDGE_LOOP('',(#5146,#5148,#5149,#5150));
#5152=FACE_OUTER_BOUND('',#5151,.F.);
#5154=CARTESIAN_POINT('',(-2.6625E0,-6.5E-1,-5.37E0));
#5155=DIRECTION('',(0.E0,7.071067811865E-1,7.071067811865E-1));
#5156=DIRECTION('',(0.E0,-7.071067811865E-1,7.071067811865E-1));
#5157=AXIS2_PLACEMENT_3D('',#5154,#5155,#5156);
#5158=PLANE('',#5157);
#5159=ORIENTED_EDGE('',*,*,#4739,.T.);
#5160=ORIENTED_EDGE('',*,*,#4431,.T.);
#5162=ORIENTED_EDGE('',*,*,#5161,.F.);
#5163=ORIENTED_EDGE('',*,*,#5147,.T.);
#5164=EDGE_LOOP('',(#5159,#5160,#5162,#5163));
#5165=FACE_OUTER_BOUND('',#5164,.F.);
#5167=CARTESIAN_POINT('',(-2.8E0,-1.1E0,-5.32E0));
#5168=DIRECTION('',(0.E0,0.E0,-1.E0));
#5169=DIRECTION('',(1.E0,0.E0,0.E0));
#5170=AXIS2_PLACEMENT_3D('',#5167,#5168,#5169);
#5171=PLANE('',#5170);
#5172=ORIENTED_EDGE('',*,*,#5161,.T.);
#5173=ORIENTED_EDGE('',*,*,#4429,.F.);
#5174=ORIENTED_EDGE('',*,*,#5108,.F.);
#5175=ORIENTED_EDGE('',*,*,#5134,.T.);
#5176=EDGE_LOOP('',(#5172,#5173,#5174,#5175));
#5177=FACE_OUTER_BOUND('',#5176,.F.);
#5179=CARTESIAN_POINT('',(2.525E0,-1.1E0,-5.32E0));
#5180=DIRECTION('',(0.E0,0.E0,-1.E0));
#5181=DIRECTION('',(1.E0,0.E0,0.E0));
#5182=AXIS2_PLACEMENT_3D('',#5179,#5180,#5181);
#5183=PLANE('',#5182);
#5184=ORIENTED_EDGE('',*,*,#5067,.T.);
#5185=ORIENTED_EDGE('',*,*,#5095,.F.);
#5186=ORIENTED_EDGE('',*,*,#5120,.F.);
#5187=ORIENTED_EDGE('',*,*,#3671,.T.);
#5188=EDGE_LOOP('',(#5184,#5185,#5186,#5187));
#5189=FACE_OUTER_BOUND('',#5188,.F.);
#5191=CARTESIAN_POINT('',(2.8625E0,-1.45E0,-8.5E-1));
#5192=DIRECTION('',(0.E0,-7.071067811865E-1,7.071067811865E-1));
#5193=DIRECTION('',(0.E0,-7.071067811865E-1,-7.071067811865E-1));
#5194=AXIS2_PLACEMENT_3D('',#5191,#5192,#5193);
#5195=PLANE('',#5194);
#5196=ORIENTED_EDGE('',*,*,#5030,.T.);
#5197=ORIENTED_EDGE('',*,*,#3798,.F.);
#5198=ORIENTED_EDGE('',*,*,#3619,.T.);
#5200=ORIENTED_EDGE('',*,*,#5199,.T.);
#5201=EDGE_LOOP('',(#5196,#5197,#5198,#5200));
#5202=FACE_OUTER_BOUND('',#5201,.F.);
#5204=CARTESIAN_POINT('',(3.2E0,-1.5E0,-8.E-1));
#5205=DIRECTION('',(0.E0,0.E0,-1.E0));
#5206=DIRECTION('',(0.E0,1.E0,0.E0));
#5207=AXIS2_PLACEMENT_3D('',#5204,#5205,#5206);
#5208=PLANE('',#5207);
#5210=ORIENTED_EDGE('',*,*,#5209,.F.);
#5212=ORIENTED_EDGE('',*,*,#5211,.F.);
#5213=ORIENTED_EDGE('',*,*,#5032,.F.);
#5214=ORIENTED_EDGE('',*,*,#5199,.F.);
#5215=ORIENTED_EDGE('',*,*,#3617,.T.);
#5217=ORIENTED_EDGE('',*,*,#5216,.T.);
#5219=ORIENTED_EDGE('',*,*,#5218,.F.);
#5221=ORIENTED_EDGE('',*,*,#5220,.F.);
#5222=EDGE_LOOP('',(#5210,#5212,#5213,#5214,#5215,#5217,#5219,#5221));
#5223=FACE_OUTER_BOUND('',#5222,.F.);
#5225=CARTESIAN_POINT('',(2.85E0,-6.25E-1,-8.5E-1));
#5226=DIRECTION('',(-7.071067811865E-1,0.E0,7.071067811865E-1));
#5227=DIRECTION('',(-7.071067811865E-1,0.E0,-7.071067811865E-1));
#5228=AXIS2_PLACEMENT_3D('',#5225,#5226,#5227);
#5229=PLANE('',#5228);
#5230=ORIENTED_EDGE('',*,*,#5209,.T.);
#5232=ORIENTED_EDGE('',*,*,#5231,.F.);
#5234=ORIENTED_EDGE('',*,*,#5233,.F.);
#5236=ORIENTED_EDGE('',*,*,#5235,.T.);
#5237=EDGE_LOOP('',(#5230,#5232,#5234,#5236));
#5238=FACE_OUTER_BOUND('',#5237,.F.);
#5240=CARTESIAN_POINT('',(2.85E0,-7.5E-1,-8.5E-1));
#5241=DIRECTION('',(0.E0,-7.071067811865E-1,7.071067811865E-1));
#5242=DIRECTION('',(0.E0,-7.071067811865E-1,-7.071067811865E-1));
#5243=AXIS2_PLACEMENT_3D('',#5240,#5241,#5242);
#5244=PLANE('',#5243);
#5246=ORIENTED_EDGE('',*,*,#5245,.F.);
#5247=ORIENTED_EDGE('',*,*,#5231,.T.);
#5248=ORIENTED_EDGE('',*,*,#5220,.T.);
#5250=ORIENTED_EDGE('',*,*,#5249,.F.);
#5251=EDGE_LOOP('',(#5246,#5247,#5248,#5250));
#5252=FACE_OUTER_BOUND('',#5251,.F.);
#5254=CARTESIAN_POINT('',(2.9E0,-8.E-1,-8.E-1));
#5255=DIRECTION('',(0.E0,1.E0,0.E0));
#5256=DIRECTION('',(-1.E0,0.E0,0.E0));
#5257=AXIS2_PLACEMENT_3D('',#5254,#5255,#5256);
#5258=PLANE('',#5257);
#5260=ORIENTED_EDGE('',*,*,#5259,.T.);
#5261=ORIENTED_EDGE('',*,*,#5245,.T.);
#5263=ORIENTED_EDGE('',*,*,#5262,.T.);
#5264=ORIENTED_EDGE('',*,*,#3770,.T.);
#5265=EDGE_LOOP('',(#5260,#5261,#5263,#5264));
#5266=FACE_OUTER_BOUND('',#5265,.F.);
#5268=CARTESIAN_POINT('',(2.8E0,-1.E0,0.E0));
#5269=DIRECTION('',(1.E0,0.E0,0.E0));
#5270=DIRECTION('',(0.E0,1.E0,0.E0));
#5271=AXIS2_PLACEMENT_3D('',#5268,#5269,#5270);
#5272=PLANE('',#5271);
#5273=ORIENTED_EDGE('',*,*,#5233,.T.);
#5274=ORIENTED_EDGE('',*,*,#5259,.F.);
#5275=ORIENTED_EDGE('',*,*,#3768,.T.);
#5277=ORIENTED_EDGE('',*,*,#5276,.F.);
#5278=EDGE_LOOP('',(#5273,#5274,#5275,#5277));
#5279=FACE_OUTER_BOUND('',#5278,.F.);
#5281=CARTESIAN_POINT('',(3.2E0,-4.5E-1,-8.E-1));
#5282=DIRECTION('',(0.E0,1.E0,0.E0));
#5283=DIRECTION('',(0.E0,0.E0,1.E0));
#5284=AXIS2_PLACEMENT_3D('',#5281,#5282,#5283);
#5285=PLANE('',#5284);
#5287=ORIENTED_EDGE('',*,*,#5286,.T.);
#5288=ORIENTED_EDGE('',*,*,#5034,.T.);
#5289=ORIENTED_EDGE('',*,*,#5211,.T.);
#5290=ORIENTED_EDGE('',*,*,#5235,.F.);
#5291=ORIENTED_EDGE('',*,*,#5276,.T.);
#5292=ORIENTED_EDGE('',*,*,#3780,.T.);
#5293=ORIENTED_EDGE('',*,*,#3597,.F.);
#5294=EDGE_LOOP('',(#5287,#5288,#5289,#5290,#5291,#5292,#5293));
#5295=FACE_OUTER_BOUND('',#5294,.F.);
#5297=CARTESIAN_POINT('',(2.8625E0,-4.E-1,-1.5E-1));
#5298=DIRECTION('',(0.E0,-9.486832980505E-1,3.162277660168E-1));
#5299=DIRECTION('',(0.E0,-3.162277660168E-1,-9.486832980505E-1));
#5300=AXIS2_PLACEMENT_3D('',#5297,#5298,#5299);
#5301=PLANE('',#5300);
#5302=ORIENTED_EDGE('',*,*,#5036,.T.);
#5303=ORIENTED_EDGE('',*,*,#5286,.F.);
#5304=ORIENTED_EDGE('',*,*,#3688,.T.);
#5305=ORIENTED_EDGE('',*,*,#4168,.T.);
#5306=EDGE_LOOP('',(#5302,#5303,#5304,#5305));
#5307=FACE_OUTER_BOUND('',#5306,.F.);
#5309=CARTESIAN_POINT('',(2.9E0,-1.E0,-8.E-1));
#5310=DIRECTION('',(1.E0,0.E0,0.E0));
#5311=DIRECTION('',(0.E0,1.E0,0.E0));
#5312=AXIS2_PLACEMENT_3D('',#5309,#5310,#5311);
#5313=PLANE('',#5312);
#5314=ORIENTED_EDGE('',*,*,#5262,.F.);
#5316=ORIENTED_EDGE('',*,*,#5315,.T.);
#5318=ORIENTED_EDGE('',*,*,#5317,.T.);
#5319=ORIENTED_EDGE('',*,*,#3772,.T.);
#5320=EDGE_LOOP('',(#5314,#5316,#5318,#5319));
#5321=FACE_OUTER_BOUND('',#5320,.F.);
#5323=CARTESIAN_POINT('',(2.95E0,-9.E-1,-8.5E-1));
#5324=DIRECTION('',(-7.071067811865E-1,0.E0,7.071067811865E-1));
#5325=DIRECTION('',(-7.071067811865E-1,0.E0,-7.071067811865E-1));
#5326=AXIS2_PLACEMENT_3D('',#5323,#5324,#5325);
#5327=PLANE('',#5326);
#5328=ORIENTED_EDGE('',*,*,#5218,.T.);
#5330=ORIENTED_EDGE('',*,*,#5329,.F.);
#5331=ORIENTED_EDGE('',*,*,#5315,.F.);
#5332=ORIENTED_EDGE('',*,*,#5249,.T.);
#5333=EDGE_LOOP('',(#5328,#5330,#5331,#5332));
#5334=FACE_OUTER_BOUND('',#5333,.F.);
#5336=CARTESIAN_POINT('',(2.7125E0,-1.05E0,-8.5E-1));
#5337=DIRECTION('',(0.E0,7.071067811865E-1,7.071067811865E-1));
#5338=DIRECTION('',(0.E0,-7.071067811865E-1,7.071067811865E-1));
#5339=AXIS2_PLACEMENT_3D('',#5336,#5337,#5338);
#5340=PLANE('',#5339);
#5342=ORIENTED_EDGE('',*,*,#5341,.T.);
#5343=ORIENTED_EDGE('',*,*,#5329,.T.);
#5344=ORIENTED_EDGE('',*,*,#5216,.F.);
#5345=ORIENTED_EDGE('',*,*,#3615,.T.);
#5346=EDGE_LOOP('',(#5342,#5343,#5344,#5345));
#5347=FACE_OUTER_BOUND('',#5346,.F.);
#5349=CARTESIAN_POINT('',(2.425E0,-1.E0,0.E0));
#5350=DIRECTION('',(0.E0,-1.E0,0.E0));
#5351=DIRECTION('',(1.E0,0.E0,0.E0));
#5352=AXIS2_PLACEMENT_3D('',#5349,#5350,#5351);
#5353=PLANE('',#5352);
#5355=ORIENTED_EDGE('',*,*,#5354,.F.);
#5357=ORIENTED_EDGE('',*,*,#5356,.T.);
#5358=ORIENTED_EDGE('',*,*,#3774,.T.);
#5359=ORIENTED_EDGE('',*,*,#5317,.F.);
#5360=ORIENTED_EDGE('',*,*,#5341,.F.);
#5361=ORIENTED_EDGE('',*,*,#3613,.F.);
#5362=EDGE_LOOP('',(#5355,#5357,#5358,#5359,#5360,#5361));
#5363=FACE_OUTER_BOUND('',#5362,.F.);
#5365=CARTESIAN_POINT('',(2.475E0,-1.575E0,-1.5E-1));
#5366=DIRECTION('',(9.486832980505E-1,0.E0,3.162277660168E-1));
#5367=DIRECTION('',(3.162277660168E-1,0.E0,-9.486832980505E-1));
#5368=AXIS2_PLACEMENT_3D('',#5365,#5366,#5367);
#5369=PLANE('',#5368);
#5370=ORIENTED_EDGE('',*,*,#5354,.T.);
#5371=ORIENTED_EDGE('',*,*,#3611,.F.);
#5373=ORIENTED_EDGE('',*,*,#5372,.T.);
#5374=ORIENTED_EDGE('',*,*,#4173,.T.);
#5375=EDGE_LOOP('',(#5370,#5371,#5373,#5374));
#5376=FACE_OUTER_BOUND('',#5375,.F.);
#5378=CARTESIAN_POINT('',(2.4E0,-2.275E0,-1.075E0));
#5379=DIRECTION('',(7.071067811865E-1,-7.071067811865E-1,0.E0));
#5380=DIRECTION('',(7.071067811865E-1,7.071067811865E-1,0.E0));
#5381=AXIS2_PLACEMENT_3D('',#5378,#5379,#5380);
#5382=PLANE('',#5381);
#5383=ORIENTED_EDGE('',*,*,#5372,.F.);
#5384=ORIENTED_EDGE('',*,*,#3631,.F.);
#5385=ORIENTED_EDGE('',*,*,#3812,.T.);
#5386=ORIENTED_EDGE('',*,*,#3866,.T.);
#5387=ORIENTED_EDGE('',*,*,#4175,.T.);
#5388=EDGE_LOOP('',(#5383,#5384,#5385,#5386,#5387));
#5389=FACE_OUTER_BOUND('',#5388,.F.);
#5391=CARTESIAN_POINT('',(2.425E0,-8.E-1,0.E0));
#5392=DIRECTION('',(-1.E0,0.E0,0.E0));
#5393=DIRECTION('',(0.E0,-1.E0,0.E0));
#5394=AXIS2_PLACEMENT_3D('',#5391,#5392,#5393);
#5395=PLANE('',#5394);
#5396=ORIENTED_EDGE('',*,*,#4171,.F.);
#5397=ORIENTED_EDGE('',*,*,#3703,.T.);
#5398=ORIENTED_EDGE('',*,*,#3776,.T.);
#5399=ORIENTED_EDGE('',*,*,#5356,.F.);
#5400=EDGE_LOOP('',(#5396,#5397,#5398,#5399));
#5401=FACE_OUTER_BOUND('',#5400,.F.);
#5403=CARTESIAN_POINT('',(-2.475E0,2.25E0,-4.025E0));
#5404=DIRECTION('',(-9.486832980505E-1,3.162277660168E-1,0.E0));
#5405=DIRECTION('',(-3.162277660168E-1,-9.486832980505E-1,0.E0));
#5406=AXIS2_PLACEMENT_3D('',#5403,#5404,#5405);
#5407=PLANE('',#5406);
#5408=ORIENTED_EDGE('',*,*,#4412,.F.);
#5410=ORIENTED_EDGE('',*,*,#5409,.T.);
#5411=ORIENTED_EDGE('',*,*,#4953,.T.);
#5412=ORIENTED_EDGE('',*,*,#4501,.F.);
#5413=EDGE_LOOP('',(#5408,#5410,#5411,#5412));
#5414=FACE_OUTER_BOUND('',#5413,.F.);
#5416=CARTESIAN_POINT('',(-2.525E0,2.4E0,-4.2E0));
#5417=DIRECTION('',(0.E0,0.E0,1.E0));
#5418=DIRECTION('',(1.E0,0.E0,0.E0));
#5419=AXIS2_PLACEMENT_3D('',#5416,#5417,#5418);
#5420=PLANE('',#5419);
#5421=ORIENTED_EDGE('',*,*,#4899,.T.);
#5422=ORIENTED_EDGE('',*,*,#4928,.F.);
#5423=ORIENTED_EDGE('',*,*,#5409,.F.);
#5424=ORIENTED_EDGE('',*,*,#4410,.T.);
#5425=ORIENTED_EDGE('',*,*,#4786,.F.);
#5426=EDGE_LOOP('',(#5421,#5422,#5423,#5424,#5425));
#5427=FACE_OUTER_BOUND('',#5426,.F.);
#5429=CARTESIAN_POINT('',(-2.475E0,2.25E0,-5.1E0));
#5430=DIRECTION('',(-9.486832980505E-1,3.162277660168E-1,0.E0));
#5431=DIRECTION('',(-3.162277660168E-1,-9.486832980505E-1,0.E0));
#5432=AXIS2_PLACEMENT_3D('',#5429,#5430,#5431);
#5433=PLANE('',#5432);
#5434=ORIENTED_EDGE('',*,*,#4760,.F.);
#5435=ORIENTED_EDGE('',*,*,#4956,.T.);
#5436=ORIENTED_EDGE('',*,*,#4577,.T.);
#5437=ORIENTED_EDGE('',*,*,#4397,.F.);
#5438=EDGE_LOOP('',(#5434,#5435,#5436,#5437));
#5439=FACE_OUTER_BOUND('',#5438,.F.);
#5441=CARTESIAN_POINT('',(-2.8625E0,-4.E-1,-1.5E-1));
#5442=DIRECTION('',(0.E0,-9.486832980505E-1,3.162277660168E-1));
#5443=DIRECTION('',(0.E0,-3.162277660168E-1,-9.486832980505E-1));
#5444=AXIS2_PLACEMENT_3D('',#5441,#5442,#5443);
#5445=PLANE('',#5444);
#5446=ORIENTED_EDGE('',*,*,#4467,.T.);
#5447=ORIENTED_EDGE('',*,*,#4160,.T.);
#5449=ORIENTED_EDGE('',*,*,#5448,.F.);
#5451=ORIENTED_EDGE('',*,*,#5450,.F.);
#5452=EDGE_LOOP('',(#5446,#5447,#5449,#5451));
#5453=FACE_OUTER_BOUND('',#5452,.F.);
#5455=CARTESIAN_POINT('',(-2.475E0,-6.25E-1,-1.5E-1));
#5456=DIRECTION('',(-9.486832980505E-1,0.E0,3.162277660168E-1));
#5457=DIRECTION('',(-3.162277660168E-1,0.E0,-9.486832980505E-1));
#5458=AXIS2_PLACEMENT_3D('',#5455,#5456,#5457);
#5459=PLANE('',#5458);
#5460=ORIENTED_EDGE('',*,*,#4379,.F.);
#5461=ORIENTED_EDGE('',*,*,#5448,.T.);
#5462=ORIENTED_EDGE('',*,*,#4158,.T.);
#5464=ORIENTED_EDGE('',*,*,#5463,.T.);
#5465=EDGE_LOOP('',(#5460,#5461,#5462,#5464));
#5466=FACE_OUTER_BOUND('',#5465,.F.);
#5468=CARTESIAN_POINT('',(-2.425E0,-8.E-1,0.E0));
#5469=DIRECTION('',(0.E0,1.E0,0.E0));
#5470=DIRECTION('',(-1.E0,0.E0,0.E0));
#5471=AXIS2_PLACEMENT_3D('',#5468,#5469,#5470);
#5472=PLANE('',#5471);
#5473=ORIENTED_EDGE('',*,*,#5463,.F.);
#5475=ORIENTED_EDGE('',*,*,#5474,.T.);
#5476=ORIENTED_EDGE('',*,*,#3756,.T.);
#5477=ORIENTED_EDGE('',*,*,#4381,.F.);
#5478=EDGE_LOOP('',(#5473,#5475,#5476,#5477));
#5479=FACE_OUTER_BOUND('',#5478,.F.);
#5481=CARTESIAN_POINT('',(-2.425E0,-1.E0,0.E0));
#5482=DIRECTION('',(1.E0,0.E0,0.E0));
#5483=DIRECTION('',(0.E0,1.E0,0.E0));
#5484=AXIS2_PLACEMENT_3D('',#5481,#5482,#5483);
#5485=PLANE('',#5484);
#5486=ORIENTED_EDGE('',*,*,#4156,.F.);
#5488=ORIENTED_EDGE('',*,*,#5487,.T.);
#5489=ORIENTED_EDGE('',*,*,#3758,.T.);
#5490=ORIENTED_EDGE('',*,*,#5474,.F.);
#5491=EDGE_LOOP('',(#5486,#5488,#5489,#5490));
#5492=FACE_OUTER_BOUND('',#5491,.F.);
#5494=CARTESIAN_POINT('',(-2.8E0,-1.E0,0.E0));
#5495=DIRECTION('',(0.E0,-1.E0,0.E0));
#5496=DIRECTION('',(1.E0,0.E0,0.E0));
#5497=AXIS2_PLACEMENT_3D('',#5494,#5495,#5496);
#5498=PLANE('',#5497);
#5499=ORIENTED_EDGE('',*,*,#4341,.F.);
#5500=ORIENTED_EDGE('',*,*,#4369,.F.);
#5502=ORIENTED_EDGE('',*,*,#5501,.F.);
#5504=ORIENTED_EDGE('',*,*,#5503,.T.);
#5505=ORIENTED_EDGE('',*,*,#3744,.F.);
#5506=ORIENTED_EDGE('',*,*,#5487,.F.);
#5507=EDGE_LOOP('',(#5499,#5500,#5502,#5504,#5505,#5506));
#5508=FACE_OUTER_BOUND('',#5507,.F.);
#5510=CARTESIAN_POINT('',(-2.7125E0,-1.05E0,-8.5E-1));
#5511=DIRECTION('',(0.E0,7.071067811865E-1,7.071067811865E-1));
#5512=DIRECTION('',(0.E0,-7.071067811865E-1,7.071067811865E-1));
#5513=AXIS2_PLACEMENT_3D('',#5510,#5511,#5512);
#5514=PLANE('',#5513);
#5516=ORIENTED_EDGE('',*,*,#5515,.F.);
#5518=ORIENTED_EDGE('',*,*,#5517,.F.);
#5519=ORIENTED_EDGE('',*,*,#5501,.T.);
#5520=ORIENTED_EDGE('',*,*,#4367,.T.);
#5521=EDGE_LOOP('',(#5516,#5518,#5519,#5520));
#5522=FACE_OUTER_BOUND('',#5521,.F.);
#5524=CARTESIAN_POINT('',(-3.2E0,-4.5E-1,-8.E-1));
#5525=DIRECTION('',(0.E0,0.E0,-1.E0));
#5526=DIRECTION('',(0.E0,-1.E0,0.E0));
#5527=AXIS2_PLACEMENT_3D('',#5524,#5525,#5526);
#5528=PLANE('',#5527);
#5530=ORIENTED_EDGE('',*,*,#5529,.F.);
#5531=ORIENTED_EDGE('',*,*,#5515,.T.);
#5532=ORIENTED_EDGE('',*,*,#4365,.T.);
#5534=ORIENTED_EDGE('',*,*,#5533,.T.);
#5535=ORIENTED_EDGE('',*,*,#4471,.F.);
#5537=ORIENTED_EDGE('',*,*,#5536,.T.);
#5539=ORIENTED_EDGE('',*,*,#5538,.F.);
#5541=ORIENTED_EDGE('',*,*,#5540,.F.);
#5542=EDGE_LOOP('',(#5530,#5531,#5532,#5534,#5535,#5537,#5539,#5541));
#5543=FACE_OUTER_BOUND('',#5542,.F.);
#5545=CARTESIAN_POINT('',(-2.95E0,-9.E-1,-8.5E-1));
#5546=DIRECTION('',(7.071067811865E-1,0.E0,7.071067811865E-1));
#5547=DIRECTION('',(7.071067811865E-1,0.E0,-7.071067811865E-1));
#5548=AXIS2_PLACEMENT_3D('',#5545,#5546,#5547);
#5549=PLANE('',#5548);
#5551=ORIENTED_EDGE('',*,*,#5550,.F.);
#5552=ORIENTED_EDGE('',*,*,#5517,.T.);
#5553=ORIENTED_EDGE('',*,*,#5529,.T.);
#5555=ORIENTED_EDGE('',*,*,#5554,.F.);
#5556=EDGE_LOOP('',(#5551,#5552,#5553,#5555));
#5557=FACE_OUTER_BOUND('',#5556,.F.);
#5559=CARTESIAN_POINT('',(-2.9E0,-8.E-1,-8.E-1));
#5560=DIRECTION('',(-1.E0,0.E0,0.E0));
#5561=DIRECTION('',(0.E0,-1.E0,0.E0));
#5562=AXIS2_PLACEMENT_3D('',#5559,#5560,#5561);
#5563=PLANE('',#5562);
#5564=ORIENTED_EDGE('',*,*,#5550,.T.);
#5566=ORIENTED_EDGE('',*,*,#5565,.T.);
#5567=ORIENTED_EDGE('',*,*,#3746,.T.);
#5568=ORIENTED_EDGE('',*,*,#5503,.F.);
#5569=EDGE_LOOP('',(#5564,#5566,#5567,#5568));
#5570=FACE_OUTER_BOUND('',#5569,.F.);
#5572=CARTESIAN_POINT('',(-2.8E0,-8.E-1,-8.E-1));
#5573=DIRECTION('',(0.E0,1.E0,0.E0));
#5574=DIRECTION('',(-1.E0,0.E0,0.E0));
#5575=AXIS2_PLACEMENT_3D('',#5572,#5573,#5574);
#5576=PLANE('',#5575);
#5578=ORIENTED_EDGE('',*,*,#5577,.T.);
#5580=ORIENTED_EDGE('',*,*,#5579,.F.);
#5581=ORIENTED_EDGE('',*,*,#3748,.T.);
#5582=ORIENTED_EDGE('',*,*,#5565,.F.);
#5583=EDGE_LOOP('',(#5578,#5580,#5581,#5582));
#5584=FACE_OUTER_BOUND('',#5583,.F.);
#5586=CARTESIAN_POINT('',(-2.85E0,-7.5E-1,-8.5E-1));
#5587=DIRECTION('',(0.E0,-7.071067811865E-1,7.071067811865E-1));
#5588=DIRECTION('',(0.E0,-7.071067811865E-1,-7.071067811865E-1));
#5589=AXIS2_PLACEMENT_3D('',#5586,#5587,#5588);
#5590=PLANE('',#5589);
#5591=ORIENTED_EDGE('',*,*,#5540,.T.);
#5593=ORIENTED_EDGE('',*,*,#5592,.F.);
#5594=ORIENTED_EDGE('',*,*,#5577,.F.);
#5595=ORIENTED_EDGE('',*,*,#5554,.T.);
#5596=EDGE_LOOP('',(#5591,#5593,#5594,#5595));
#5597=FACE_OUTER_BOUND('',#5596,.F.);
#5599=CARTESIAN_POINT('',(-2.85E0,-6.25E-1,-8.5E-1));
#5600=DIRECTION('',(7.071067811865E-1,0.E0,7.071067811865E-1));
#5601=DIRECTION('',(7.071067811865E-1,0.E0,-7.071067811865E-1));
#5602=AXIS2_PLACEMENT_3D('',#5599,#5600,#5601);
#5603=PLANE('',#5602);
#5605=ORIENTED_EDGE('',*,*,#5604,.F.);
#5606=ORIENTED_EDGE('',*,*,#5592,.T.);
#5607=ORIENTED_EDGE('',*,*,#5538,.T.);
#5609=ORIENTED_EDGE('',*,*,#5608,.T.);
#5610=EDGE_LOOP('',(#5605,#5606,#5607,#5609));
#5611=FACE_OUTER_BOUND('',#5610,.F.);
#5613=CARTESIAN_POINT('',(-2.8E0,-4.5E-1,0.E0));
#5614=DIRECTION('',(-1.E0,0.E0,0.E0));
#5615=DIRECTION('',(0.E0,-1.E0,0.E0));
#5616=AXIS2_PLACEMENT_3D('',#5613,#5614,#5615);
#5617=PLANE('',#5616);
#5618=ORIENTED_EDGE('',*,*,#5579,.T.);
#5619=ORIENTED_EDGE('',*,*,#5604,.T.);
#5621=ORIENTED_EDGE('',*,*,#5620,.T.);
#5622=ORIENTED_EDGE('',*,*,#3750,.T.);
#5623=EDGE_LOOP('',(#5618,#5619,#5621,#5622));
#5624=FACE_OUTER_BOUND('',#5623,.F.);
#5626=CARTESIAN_POINT('',(-3.2E0,-4.5E-1,0.E0));
#5627=DIRECTION('',(0.E0,1.E0,0.E0));
#5628=DIRECTION('',(0.E0,0.E0,-1.E0));
#5629=AXIS2_PLACEMENT_3D('',#5626,#5627,#5628);
#5630=PLANE('',#5629);
#5631=ORIENTED_EDGE('',*,*,#5450,.T.);
#5632=ORIENTED_EDGE('',*,*,#4384,.T.);
#5633=ORIENTED_EDGE('',*,*,#3752,.T.);
#5634=ORIENTED_EDGE('',*,*,#5620,.F.);
#5635=ORIENTED_EDGE('',*,*,#5608,.F.);
#5636=ORIENTED_EDGE('',*,*,#5536,.F.);
#5637=ORIENTED_EDGE('',*,*,#4469,.F.);
#5638=EDGE_LOOP('',(#5631,#5632,#5633,#5634,#5635,#5636,#5637));
#5639=FACE_OUTER_BOUND('',#5638,.F.);
#5641=CARTESIAN_POINT('',(-2.8625E0,-1.45E0,-8.5E-1));
#5642=DIRECTION('',(0.E0,-7.071067811865E-1,7.071067811865E-1));
#5643=DIRECTION('',(0.E0,7.071067811865E-1,7.071067811865E-1));
#5644=AXIS2_PLACEMENT_3D('',#5641,#5642,#5643);
#5645=PLANE('',#5644);
#5646=ORIENTED_EDGE('',*,*,#4473,.T.);
#5647=ORIENTED_EDGE('',*,*,#5533,.F.);
#5648=ORIENTED_EDGE('',*,*,#4363,.T.);
#5650=ORIENTED_EDGE('',*,*,#5649,.T.);
#5651=EDGE_LOOP('',(#5646,#5647,#5648,#5650));
#5652=FACE_OUTER_BOUND('',#5651,.F.);
#5654=CARTESIAN_POINT('',(-3.2E0,-1.5E0,-8.E-1));
#5655=DIRECTION('',(0.E0,1.E0,0.E0));
#5656=DIRECTION('',(0.E0,0.E0,-1.E0));
#5657=AXIS2_PLACEMENT_3D('',#5654,#5655,#5656);
#5658=PLANE('',#5657);
#5660=ORIENTED_EDGE('',*,*,#5659,.F.);
#5662=ORIENTED_EDGE('',*,*,#5661,.F.);
#5663=ORIENTED_EDGE('',*,*,#4448,.F.);
#5664=ORIENTED_EDGE('',*,*,#4475,.F.);
#5665=ORIENTED_EDGE('',*,*,#5649,.F.);
#5666=ORIENTED_EDGE('',*,*,#4361,.F.);
#5667=ORIENTED_EDGE('',*,*,#3728,.T.);
#5668=EDGE_LOOP('',(#5660,#5662,#5663,#5664,#5665,#5666,#5667));
#5669=FACE_OUTER_BOUND('',#5668,.F.);
#5671=CARTESIAN_POINT('',(-2.8E0,-1.5E0,0.E0));
#5672=DIRECTION('',(-1.E0,0.E0,0.E0));
#5673=DIRECTION('',(0.E0,-1.E0,0.E0));
#5674=AXIS2_PLACEMENT_3D('',#5671,#5672,#5673);
#5675=PLANE('',#5674);
#5677=ORIENTED_EDGE('',*,*,#5676,.T.);
#5678=ORIENTED_EDGE('',*,*,#5659,.T.);
#5679=ORIENTED_EDGE('',*,*,#3734,.T.);
#5681=ORIENTED_EDGE('',*,*,#5680,.F.);
#5682=EDGE_LOOP('',(#5677,#5678,#5679,#5681));
#5683=FACE_OUTER_BOUND('',#5682,.F.);
#5685=CARTESIAN_POINT('',(-2.85E0,-1.71E0,-2.2E0));
#5686=DIRECTION('',(7.071067811865E-1,0.E0,7.071067811865E-1));
#5687=DIRECTION('',(7.071067811865E-1,0.E0,-7.071067811865E-1));
#5688=AXIS2_PLACEMENT_3D('',#5685,#5686,#5687);
#5689=PLANE('',#5688);
#5690=ORIENTED_EDGE('',*,*,#5676,.F.);
#5692=ORIENTED_EDGE('',*,*,#5691,.T.);
#5693=ORIENTED_EDGE('',*,*,#4450,.T.);
#5694=ORIENTED_EDGE('',*,*,#5661,.T.);
#5695=EDGE_LOOP('',(#5690,#5692,#5693,#5694));
#5696=FACE_OUTER_BOUND('',#5695,.F.);
#5698=CARTESIAN_POINT('',(-2.6625E0,-1.97E0,-2.2E0));
#5699=DIRECTION('',(0.E0,7.071067811865E-1,7.071067811865E-1));
#5700=DIRECTION('',(0.E0,7.071067811865E-1,-7.071067811865E-1));
#5701=AXIS2_PLACEMENT_3D('',#5698,#5699,#5700);
#5702=PLANE('',#5701);
#5703=ORIENTED_EDGE('',*,*,#4452,.T.);
#5704=ORIENTED_EDGE('',*,*,#5691,.F.);
#5706=ORIENTED_EDGE('',*,*,#5705,.F.);
#5707=ORIENTED_EDGE('',*,*,#4356,.T.);
#5708=EDGE_LOOP('',(#5703,#5704,#5706,#5707));
#5709=FACE_OUTER_BOUND('',#5708,.F.);
#5711=CARTESIAN_POINT('',(-2.8E0,-1.92E0,0.E0));
#5712=DIRECTION('',(0.E0,-1.E0,0.E0));
#5713=DIRECTION('',(1.E0,0.E0,0.E0));
#5714=AXIS2_PLACEMENT_3D('',#5711,#5712,#5713);
#5715=PLANE('',#5714);
#5716=ORIENTED_EDGE('',*,*,#5705,.T.);
#5717=ORIENTED_EDGE('',*,*,#5680,.T.);
#5718=ORIENTED_EDGE('',*,*,#3732,.T.);
#5719=ORIENTED_EDGE('',*,*,#4358,.F.);
#5720=EDGE_LOOP('',(#5716,#5717,#5718,#5719));
#5721=FACE_OUTER_BOUND('',#5720,.F.);
#5723=CARTESIAN_POINT('',(1.125E0,1.825E0,0.E0));
#5724=DIRECTION('',(0.E0,1.E0,0.E0));
#5725=DIRECTION('',(-1.E0,0.E0,0.E0));
#5726=AXIS2_PLACEMENT_3D('',#5723,#5724,#5725);
#5727=PLANE('',#5726);
#5729=ORIENTED_EDGE('',*,*,#5728,.T.);
#5731=ORIENTED_EDGE('',*,*,#5730,.F.);
#5732=ORIENTED_EDGE('',*,*,#4179,.F.);
#5733=ORIENTED_EDGE('',*,*,#4127,.T.);
#5734=ORIENTED_EDGE('',*,*,#4027,.T.);
#5736=ORIENTED_EDGE('',*,*,#5735,.F.);
#5737=ORIENTED_EDGE('',*,*,#4187,.F.);
#5739=ORIENTED_EDGE('',*,*,#5738,.F.);
#5740=EDGE_LOOP('',(#5729,#5731,#5732,#5733,#5734,#5736,#5737,#5739));
#5741=FACE_OUTER_BOUND('',#5740,.F.);
#5743=CARTESIAN_POINT('',(-1.820480710595E1,1.725E0,-8.330415196484E-1));
#5744=DIRECTION('',(1.E0,0.E0,0.E0));
#5745=DIRECTION('',(0.E0,1.E0,0.E0));
#5746=AXIS2_PLACEMENT_3D('',#5743,#5744,#5745);
#5747=CYLINDRICAL_SURFACE('',#5746,1.E-1);
#5748=ORIENTED_EDGE('',*,*,#5728,.F.);
#5750=ORIENTED_EDGE('',*,*,#5749,.T.);
#5752=ORIENTED_EDGE('',*,*,#5751,.T.);
#5754=ORIENTED_EDGE('',*,*,#5753,.T.);
#5755=EDGE_LOOP('',(#5748,#5750,#5752,#5754));
#5756=FACE_OUTER_BOUND('',#5755,.F.);
#5758=CARTESIAN_POINT('',(-3.5E-1,0.E0,0.E0));
#5759=DIRECTION('',(1.E0,0.E0,0.E0));
#5760=DIRECTION('',(0.E0,0.E0,-1.E0));
#5761=AXIS2_PLACEMENT_3D('',#5758,#5759,#5760);
#5762=PLANE('',#5761);
#5764=ORIENTED_EDGE('',*,*,#5763,.T.);
#5765=ORIENTED_EDGE('',*,*,#5749,.F.);
#5766=ORIENTED_EDGE('',*,*,#5738,.T.);
#5767=ORIENTED_EDGE('',*,*,#4185,.T.);
#5769=ORIENTED_EDGE('',*,*,#5768,.T.);
#5770=EDGE_LOOP('',(#5764,#5765,#5766,#5767,#5769));
#5771=FACE_OUTER_BOUND('',#5770,.F.);
#5773=CARTESIAN_POINT('',(-3.5E-1,1.525E0,-7.5E-1));
#5774=DIRECTION('',(0.E0,8.634300732915E-2,-9.962654691825E-1));
#5775=DIRECTION('',(0.E0,9.962654691825E-1,8.634300732915E-2));
#5776=AXIS2_PLACEMENT_3D('',#5773,#5774,#5775);
#5777=PLANE('',#5776);
#5778=ORIENTED_EDGE('',*,*,#5751,.F.);
#5779=ORIENTED_EDGE('',*,*,#5763,.F.);
#5781=ORIENTED_EDGE('',*,*,#5780,.T.);
#5783=ORIENTED_EDGE('',*,*,#5782,.T.);
#5784=EDGE_LOOP('',(#5778,#5779,#5781,#5783));
#5785=FACE_OUTER_BOUND('',#5784,.F.);
#5787=CARTESIAN_POINT('',(-3.5E-1,1.525E0,0.E0));
#5788=DIRECTION('',(0.E0,-1.E0,0.E0));
#5789=DIRECTION('',(0.E0,0.E0,-1.E0));
#5790=AXIS2_PLACEMENT_3D('',#5787,#5788,#5789);
#5791=PLANE('',#5790);
#5792=ORIENTED_EDGE('',*,*,#5768,.F.);
#5793=ORIENTED_EDGE('',*,*,#4183,.T.);
#5795=ORIENTED_EDGE('',*,*,#5794,.T.);
#5796=ORIENTED_EDGE('',*,*,#5780,.F.);
#5797=EDGE_LOOP('',(#5792,#5793,#5795,#5796));
#5798=FACE_OUTER_BOUND('',#5797,.F.);
#5800=CARTESIAN_POINT('',(3.5E-1,0.E0,0.E0));
#5801=DIRECTION('',(1.E0,0.E0,0.E0));
#5802=DIRECTION('',(0.E0,0.E0,-1.E0));
#5803=AXIS2_PLACEMENT_3D('',#5800,#5801,#5802);
#5804=PLANE('',#5803);
#5805=ORIENTED_EDGE('',*,*,#5730,.T.);
#5806=ORIENTED_EDGE('',*,*,#5753,.F.);
#5807=ORIENTED_EDGE('',*,*,#5782,.F.);
#5808=ORIENTED_EDGE('',*,*,#5794,.F.);
#5809=ORIENTED_EDGE('',*,*,#4181,.F.);
#5810=EDGE_LOOP('',(#5805,#5806,#5807,#5808,#5809));
#5811=FACE_OUTER_BOUND('',#5810,.F.);
#5813=CARTESIAN_POINT('',(-1.125E0,1.825E0,0.E0));
#5814=DIRECTION('',(-1.E0,0.E0,0.E0));
#5815=DIRECTION('',(0.E0,-1.E0,0.E0));
#5816=AXIS2_PLACEMENT_3D('',#5813,#5814,#5815);
#5817=PLANE('',#5816);
#5818=ORIENTED_EDGE('',*,*,#4189,.F.);
#5819=ORIENTED_EDGE('',*,*,#5735,.T.);
#5820=ORIENTED_EDGE('',*,*,#4025,.T.);
#5821=ORIENTED_EDGE('',*,*,#4106,.T.);
#5822=EDGE_LOOP('',(#5818,#5819,#5820,#5821));
#5823=FACE_OUTER_BOUND('',#5822,.F.);
#5825=CARTESIAN_POINT('',(-1.395E0,9.E-1,-1.E-1));
#5826=DIRECTION('',(-7.071067811865E-1,0.E0,7.071067811865E-1));
#5827=DIRECTION('',(-7.071067811865E-1,0.E0,-7.071067811865E-1));
#5828=AXIS2_PLACEMENT_3D('',#5825,#5826,#5827);
#5829=PLANE('',#5828);
#5830=ORIENTED_EDGE('',*,*,#4111,.T.);
#5832=ORIENTED_EDGE('',*,*,#5831,.F.);
#5834=ORIENTED_EDGE('',*,*,#5833,.T.);
#5835=ORIENTED_EDGE('',*,*,#4192,.T.);
#5836=EDGE_LOOP('',(#5830,#5832,#5834,#5835));
#5837=FACE_OUTER_BOUND('',#5836,.F.);
#5839=CARTESIAN_POINT('',(-1.495E0,5.E-1,0.E0));
#5840=DIRECTION('',(1.E0,0.E0,0.E0));
#5841=DIRECTION('',(0.E0,1.E0,0.E0));
#5842=AXIS2_PLACEMENT_3D('',#5839,#5840,#5841);
#5843=PLANE('',#5842);
#5844=ORIENTED_EDGE('',*,*,#5831,.T.);
#5845=ORIENTED_EDGE('',*,*,#4109,.T.);
#5846=ORIENTED_EDGE('',*,*,#4045,.T.);
#5848=ORIENTED_EDGE('',*,*,#5847,.F.);
#5849=EDGE_LOOP('',(#5844,#5845,#5846,#5848));
#5850=FACE_OUTER_BOUND('',#5849,.F.);
#5852=CARTESIAN_POINT('',(-1.495E0,1.3E0,0.E0));
#5853=DIRECTION('',(0.E0,1.E0,0.E0));
#5854=DIRECTION('',(-1.E0,0.E0,0.E0));
#5855=AXIS2_PLACEMENT_3D('',#5852,#5853,#5854);
#5856=PLANE('',#5855);
#5858=ORIENTED_EDGE('',*,*,#5857,.T.);
#5859=ORIENTED_EDGE('',*,*,#5847,.T.);
#5860=ORIENTED_EDGE('',*,*,#4043,.T.);
#5862=ORIENTED_EDGE('',*,*,#5861,.F.);
#5863=EDGE_LOOP('',(#5858,#5859,#5860,#5862));
#5864=FACE_OUTER_BOUND('',#5863,.F.);
#5866=CARTESIAN_POINT('',(-1.805E0,1.4E0,-1.E-1));
#5867=DIRECTION('',(0.E0,-7.071067811865E-1,7.071067811865E-1));
#5868=DIRECTION('',(0.E0,-7.071067811865E-1,-7.071067811865E-1));
#5869=AXIS2_PLACEMENT_3D('',#5866,#5867,#5868);
#5870=PLANE('',#5869);
#5872=ORIENTED_EDGE('',*,*,#5871,.T.);
#5874=ORIENTED_EDGE('',*,*,#5873,.F.);
#5875=ORIENTED_EDGE('',*,*,#4194,.T.);
#5876=ORIENTED_EDGE('',*,*,#5833,.F.);
#5877=ORIENTED_EDGE('',*,*,#5857,.F.);
#5878=EDGE_LOOP('',(#5872,#5874,#5875,#5876,#5877));
#5879=FACE_OUTER_BOUND('',#5878,.F.);
#5881=CARTESIAN_POINT('',(-2.115E0,1.3E0,0.E0));
#5882=DIRECTION('',(-1.E0,0.E0,0.E0));
#5883=DIRECTION('',(0.E0,-1.E0,0.E0));
#5884=AXIS2_PLACEMENT_3D('',#5881,#5882,#5883);
#5885=PLANE('',#5884);
#5887=ORIENTED_EDGE('',*,*,#5886,.F.);
#5888=ORIENTED_EDGE('',*,*,#5871,.F.);
#5889=ORIENTED_EDGE('',*,*,#5861,.T.);
#5890=ORIENTED_EDGE('',*,*,#4041,.T.);
#5892=ORIENTED_EDGE('',*,*,#5891,.F.);
#5893=EDGE_LOOP('',(#5887,#5888,#5889,#5890,#5892));
#5894=FACE_OUTER_BOUND('',#5893,.F.);
#5896=CARTESIAN_POINT('',(-2.158301270189E0,-2.75E-1,-7.5E-2));
#5897=DIRECTION('',(8.660254037844E-1,0.E0,5.E-1));
#5898=DIRECTION('',(-5.E-1,0.E0,8.660254037844E-1));
#5899=AXIS2_PLACEMENT_3D('',#5896,#5897,#5898);
#5900=PLANE('',#5899);
#5901=ORIENTED_EDGE('',*,*,#5886,.T.);
#5903=ORIENTED_EDGE('',*,*,#5902,.T.);
#5904=ORIENTED_EDGE('',*,*,#4196,.F.);
#5905=ORIENTED_EDGE('',*,*,#5873,.T.);
#5906=EDGE_LOOP('',(#5901,#5903,#5904,#5905));
#5907=FACE_OUTER_BOUND('',#5906,.F.);
#5909=CARTESIAN_POINT('',(0.E0,-1.943301270189E0,-7.5E-2));
#5910=DIRECTION('',(0.E0,8.660254037844E-1,5.E-1));
#5911=DIRECTION('',(0.E0,5.E-1,-8.660254037844E-1));
#5912=AXIS2_PLACEMENT_3D('',#5909,#5910,#5911);
#5913=PLANE('',#5912);
#5914=ORIENTED_EDGE('',*,*,#4198,.T.);
#5915=ORIENTED_EDGE('',*,*,#5902,.F.);
#5917=ORIENTED_EDGE('',*,*,#5916,.F.);
#5919=ORIENTED_EDGE('',*,*,#5918,.T.);
#5920=EDGE_LOOP('',(#5914,#5915,#5917,#5919));
#5921=FACE_OUTER_BOUND('',#5920,.F.);
#5923=CARTESIAN_POINT('',(-2.115E0,-1.9E0,0.E0));
#5924=DIRECTION('',(0.E0,-1.E0,0.E0));
#5925=DIRECTION('',(1.E0,0.E0,0.E0));
#5926=AXIS2_PLACEMENT_3D('',#5923,#5924,#5925);
#5927=PLANE('',#5926);
#5928=ORIENTED_EDGE('',*,*,#5916,.T.);
#5929=ORIENTED_EDGE('',*,*,#5891,.T.);
#5930=ORIENTED_EDGE('',*,*,#4039,.T.);
#5932=ORIENTED_EDGE('',*,*,#5931,.F.);
#5933=EDGE_LOOP('',(#5928,#5929,#5930,#5932));
#5934=FACE_OUTER_BOUND('',#5933,.F.);
#5936=CARTESIAN_POINT('',(2.115E0,-1.9E0,0.E0));
#5937=DIRECTION('',(1.E0,0.E0,0.E0));
#5938=DIRECTION('',(0.E0,1.E0,0.E0));
#5939=AXIS2_PLACEMENT_3D('',#5936,#5937,#5938);
#5940=PLANE('',#5939);
#5942=ORIENTED_EDGE('',*,*,#5941,.F.);
#5943=ORIENTED_EDGE('',*,*,#5931,.T.);
#5944=ORIENTED_EDGE('',*,*,#4037,.T.);
#5946=ORIENTED_EDGE('',*,*,#5945,.F.);
#5948=ORIENTED_EDGE('',*,*,#5947,.F.);
#5949=EDGE_LOOP('',(#5942,#5943,#5944,#5946,#5948));
#5950=FACE_OUTER_BOUND('',#5949,.F.);
#5952=CARTESIAN_POINT('',(2.158301270189E0,-2.5E-2,-7.5E-2));
#5953=DIRECTION('',(-8.660254037844E-1,0.E0,5.E-1));
#5954=DIRECTION('',(5.E-1,0.E0,8.660254037844E-1));
#5955=AXIS2_PLACEMENT_3D('',#5952,#5953,#5954);
#5956=PLANE('',#5955);
#5957=ORIENTED_EDGE('',*,*,#4200,.F.);
#5958=ORIENTED_EDGE('',*,*,#5918,.F.);
#5959=ORIENTED_EDGE('',*,*,#5941,.T.);
#5961=ORIENTED_EDGE('',*,*,#5960,.T.);
#5962=EDGE_LOOP('',(#5957,#5958,#5959,#5961));
#5963=FACE_OUTER_BOUND('',#5962,.F.);
#5965=CARTESIAN_POINT('',(1.805E0,1.9E0,-1.E-1));
#5966=DIRECTION('',(0.E0,-7.071067811865E-1,7.071067811865E-1));
#5967=DIRECTION('',(0.E0,-7.071067811865E-1,-7.071067811865E-1));
#5968=AXIS2_PLACEMENT_3D('',#5965,#5966,#5967);
#5969=PLANE('',#5968);
#5970=ORIENTED_EDGE('',*,*,#4202,.T.);
#5971=ORIENTED_EDGE('',*,*,#5960,.F.);
#5972=ORIENTED_EDGE('',*,*,#5947,.T.);
#5974=ORIENTED_EDGE('',*,*,#5973,.F.);
#5976=ORIENTED_EDGE('',*,*,#5975,.T.);
#5977=EDGE_LOOP('',(#5970,#5971,#5972,#5974,#5976));
#5978=FACE_OUTER_BOUND('',#5977,.F.);
#5980=CARTESIAN_POINT('',(2.115E0,1.8E0,0.E0));
#5981=DIRECTION('',(0.E0,1.E0,0.E0));
#5982=DIRECTION('',(-1.E0,0.E0,0.E0));
#5983=AXIS2_PLACEMENT_3D('',#5980,#5981,#5982);
#5984=PLANE('',#5983);
#5985=ORIENTED_EDGE('',*,*,#5973,.T.);
#5986=ORIENTED_EDGE('',*,*,#5945,.T.);
#5987=ORIENTED_EDGE('',*,*,#4035,.T.);
#5989=ORIENTED_EDGE('',*,*,#5988,.F.);
#5990=EDGE_LOOP('',(#5985,#5986,#5987,#5989));
#5991=FACE_OUTER_BOUND('',#5990,.F.);
#5993=CARTESIAN_POINT('',(1.495E0,1.8E0,0.E0));
#5994=DIRECTION('',(-1.E0,0.E0,0.E0));
#5995=DIRECTION('',(0.E0,-1.E0,0.E0));
#5996=AXIS2_PLACEMENT_3D('',#5993,#5994,#5995);
#5997=PLANE('',#5996);
#5999=ORIENTED_EDGE('',*,*,#5998,.T.);
#6000=ORIENTED_EDGE('',*,*,#5988,.T.);
#6001=ORIENTED_EDGE('',*,*,#4033,.T.);
#6002=ORIENTED_EDGE('',*,*,#4095,.F.);
#6003=EDGE_LOOP('',(#5999,#6000,#6001,#6002));
#6004=FACE_OUTER_BOUND('',#6003,.F.);
#6006=CARTESIAN_POINT('',(1.395E0,1.15E0,-1.E-1));
#6007=DIRECTION('',(7.071067811865E-1,0.E0,7.071067811865E-1));
#6008=DIRECTION('',(7.071067811865E-1,0.E0,-7.071067811865E-1));
#6009=AXIS2_PLACEMENT_3D('',#6006,#6007,#6008);
#6010=PLANE('',#6009);
#6011=ORIENTED_EDGE('',*,*,#4093,.T.);
#6012=ORIENTED_EDGE('',*,*,#4204,.T.);
#6013=ORIENTED_EDGE('',*,*,#5975,.F.);
#6014=ORIENTED_EDGE('',*,*,#5998,.F.);
#6015=EDGE_LOOP('',(#6011,#6012,#6013,#6014));
#6016=FACE_OUTER_BOUND('',#6015,.F.);
#6018=CARTESIAN_POINT('',(-9.E-1,0.E0,-4.4E0));
#6019=DIRECTION('',(1.E0,0.E0,0.E0));
#6020=DIRECTION('',(0.E0,1.E0,0.E0));
#6021=AXIS2_PLACEMENT_3D('',#6018,#6019,#6020);
#6022=PLANE('',#6021);
#6023=ORIENTED_EDGE('',*,*,#3838,.T.);
#6025=ORIENTED_EDGE('',*,*,#6024,.T.);
#6027=ORIENTED_EDGE('',*,*,#6026,.T.);
#6029=ORIENTED_EDGE('',*,*,#6028,.T.);
#6030=ORIENTED_EDGE('',*,*,#3938,.F.);
#6031=EDGE_LOOP('',(#6023,#6025,#6027,#6029,#6030));
#6032=FACE_OUTER_BOUND('',#6031,.F.);
#6034=CARTESIAN_POINT('',(-9.E-1,0.E0,-4.4E0));
#6035=DIRECTION('',(1.E0,0.E0,0.E0));
#6036=DIRECTION('',(0.E0,1.E0,0.E0));
#6037=AXIS2_PLACEMENT_3D('',#6034,#6035,#6036);
#6038=PLANE('',#6037);
#6039=ORIENTED_EDGE('',*,*,#4049,.T.);
#6041=ORIENTED_EDGE('',*,*,#6040,.T.);
#6043=ORIENTED_EDGE('',*,*,#6042,.T.);
#6045=ORIENTED_EDGE('',*,*,#6044,.T.);
#6046=EDGE_LOOP('',(#6039,#6041,#6043,#6045));
#6047=FACE_OUTER_BOUND('',#6046,.F.);
#6049=CARTESIAN_POINT('',(-9.E-1,-5.5E-1,-5.494643497153E0));
#6050=DIRECTION('',(0.E0,-3.634720039469E-2,9.993392221981E-1));
#6051=DIRECTION('',(0.E0,-9.993392221981E-1,-3.634720039469E-2));
#6052=AXIS2_PLACEMENT_3D('',#6049,#6050,#6051);
#6053=PLANE('',#6052);
#6054=ORIENTED_EDGE('',*,*,#3836,.T.);
#6056=ORIENTED_EDGE('',*,*,#6055,.T.);
#6058=ORIENTED_EDGE('',*,*,#6057,.F.);
#6059=ORIENTED_EDGE('',*,*,#6024,.F.);
#6060=EDGE_LOOP('',(#6054,#6056,#6058,#6059));
#6061=FACE_OUTER_BOUND('',#6060,.F.);
#6063=CARTESIAN_POINT('',(-6.E-1,0.E0,-4.4E0));
#6064=DIRECTION('',(1.E0,0.E0,0.E0));
#6065=DIRECTION('',(0.E0,1.E0,0.E0));
#6066=AXIS2_PLACEMENT_3D('',#6063,#6064,#6065);
#6067=PLANE('',#6066);
#6068=ORIENTED_EDGE('',*,*,#3834,.F.);
#6069=ORIENTED_EDGE('',*,*,#3942,.T.);
#6071=ORIENTED_EDGE('',*,*,#6070,.F.);
#6073=ORIENTED_EDGE('',*,*,#6072,.F.);
#6074=ORIENTED_EDGE('',*,*,#6055,.F.);
#6075=EDGE_LOOP('',(#6068,#6069,#6071,#6073,#6074));
#6076=FACE_OUTER_BOUND('',#6075,.F.);
#6078=CARTESIAN_POINT('',(-6.E-1,0.E0,-4.4E0));
#6079=DIRECTION('',(1.E0,0.E0,0.E0));
#6080=DIRECTION('',(0.E0,1.E0,0.E0));
#6081=AXIS2_PLACEMENT_3D('',#6078,#6079,#6080);
#6082=PLANE('',#6081);
#6083=ORIENTED_EDGE('',*,*,#4053,.F.);
#6085=ORIENTED_EDGE('',*,*,#6084,.F.);
#6087=ORIENTED_EDGE('',*,*,#6086,.F.);
#6089=ORIENTED_EDGE('',*,*,#6088,.F.);
#6090=EDGE_LOOP('',(#6083,#6085,#6087,#6089));
#6091=FACE_OUTER_BOUND('',#6090,.F.);
#6093=CARTESIAN_POINT('',(-9.E-1,-3.254547919942E0,-5.893209606013E0));
#6094=DIRECTION('',(0.E0,3.634720039469E-2,-9.993392221981E-1));
#6095=DIRECTION('',(0.E0,9.993392221981E-1,3.634720039469E-2));
#6096=AXIS2_PLACEMENT_3D('',#6093,#6094,#6095);
#6097=PLANE('',#6096);
#6098=ORIENTED_EDGE('',*,*,#3940,.F.);
#6099=ORIENTED_EDGE('',*,*,#6028,.F.);
#6101=ORIENTED_EDGE('',*,*,#6100,.T.);
#6102=ORIENTED_EDGE('',*,*,#6070,.T.);
#6103=EDGE_LOOP('',(#6098,#6099,#6101,#6102));
#6104=FACE_OUTER_BOUND('',#6103,.F.);
#6106=CARTESIAN_POINT('',(-9.E-1,-3.265452080061E0,-5.593407839354E0));
#6107=DIRECTION('',(0.E0,-9.993392221981E-1,-3.634720039469E-2));
#6108=DIRECTION('',(0.E0,3.634720039469E-2,-9.993392221981E-1));
#6109=AXIS2_PLACEMENT_3D('',#6106,#6107,#6108);
#6110=PLANE('',#6109);
#6111=ORIENTED_EDGE('',*,*,#6026,.F.);
#6112=ORIENTED_EDGE('',*,*,#6057,.T.);
#6113=ORIENTED_EDGE('',*,*,#6072,.T.);
#6114=ORIENTED_EDGE('',*,*,#6100,.F.);
#6115=EDGE_LOOP('',(#6111,#6112,#6113,#6114));
#6116=FACE_OUTER_BOUND('',#6115,.F.);
#6118=CARTESIAN_POINT('',(-9.E-1,-5.5E-1,-2.1E0));
#6119=DIRECTION('',(0.E0,-1.E0,0.E0));
#6120=DIRECTION('',(0.E0,0.E0,-1.E0));
#6121=AXIS2_PLACEMENT_3D('',#6118,#6119,#6120);
#6122=PLANE('',#6121);
#6123=ORIENTED_EDGE('',*,*,#4051,.F.);
#6124=ORIENTED_EDGE('',*,*,#6044,.F.);
#6126=ORIENTED_EDGE('',*,*,#6125,.T.);
#6127=ORIENTED_EDGE('',*,*,#6084,.T.);
#6128=EDGE_LOOP('',(#6123,#6124,#6126,#6127));
#6129=FACE_OUTER_BOUND('',#6128,.F.);
#6131=CARTESIAN_POINT('',(-9.E-1,-2.5E-1,-2.1E0));
#6132=DIRECTION('',(0.E0,0.E0,1.E0));
#6133=DIRECTION('',(0.E0,-1.E0,0.E0));
#6134=AXIS2_PLACEMENT_3D('',#6131,#6132,#6133);
#6135=PLANE('',#6134);
#6136=ORIENTED_EDGE('',*,*,#6042,.F.);
#6138=ORIENTED_EDGE('',*,*,#6137,.T.);
#6139=ORIENTED_EDGE('',*,*,#6086,.T.);
#6140=ORIENTED_EDGE('',*,*,#6125,.F.);
#6141=EDGE_LOOP('',(#6136,#6138,#6139,#6140));
#6142=FACE_OUTER_BOUND('',#6141,.F.);
#6144=CARTESIAN_POINT('',(-9.E-1,-2.5E-1,-5.783930491459E0));
#6145=DIRECTION('',(0.E0,1.E0,0.E0));
#6146=DIRECTION('',(0.E0,0.E0,1.E0));
#6147=AXIS2_PLACEMENT_3D('',#6144,#6145,#6146);
#6148=PLANE('',#6147);
#6149=ORIENTED_EDGE('',*,*,#4055,.T.);
#6150=ORIENTED_EDGE('',*,*,#6088,.T.);
#6151=ORIENTED_EDGE('',*,*,#6137,.F.);
#6152=ORIENTED_EDGE('',*,*,#6040,.F.);
#6153=EDGE_LOOP('',(#6149,#6150,#6151,#6152));
#6154=FACE_OUTER_BOUND('',#6153,.F.);
#6156=CARTESIAN_POINT('',(6.E-1,-5.5E-1,-2.1E0));
#6157=DIRECTION('',(0.E0,-1.E0,0.E0));
#6158=DIRECTION('',(0.E0,0.E0,-1.E0));
#6159=AXIS2_PLACEMENT_3D('',#6156,#6157,#6158);
#6160=PLANE('',#6159);
#6161=ORIENTED_EDGE('',*,*,#4060,.F.);
#6162=ORIENTED_EDGE('',*,*,#3908,.F.);
#6164=ORIENTED_EDGE('',*,*,#6163,.T.);
#6165=ORIENTED_EDGE('',*,*,#4009,.T.);
#6166=EDGE_LOOP('',(#6161,#6162,#6164,#6165));
#6167=FACE_OUTER_BOUND('',#6166,.F.);
#6169=CARTESIAN_POINT('',(6.E-1,-2.5E-1,-2.1E0));
#6170=DIRECTION('',(0.E0,0.E0,1.E0));
#6171=DIRECTION('',(0.E0,-1.E0,0.E0));
#6172=AXIS2_PLACEMENT_3D('',#6169,#6170,#6171);
#6173=PLANE('',#6172);
#6174=ORIENTED_EDGE('',*,*,#3906,.F.);
#6176=ORIENTED_EDGE('',*,*,#6175,.T.);
#6177=ORIENTED_EDGE('',*,*,#4011,.T.);
#6178=ORIENTED_EDGE('',*,*,#6163,.F.);
#6179=EDGE_LOOP('',(#6174,#6176,#6177,#6178));
#6180=FACE_OUTER_BOUND('',#6179,.F.);
#6182=CARTESIAN_POINT('',(6.E-1,-2.5E-1,-5.783930491459E0));
#6183=DIRECTION('',(0.E0,1.E0,0.E0));
#6184=DIRECTION('',(0.E0,0.E0,1.E0));
#6185=AXIS2_PLACEMENT_3D('',#6182,#6183,#6184);
#6186=PLANE('',#6185);
#6187=ORIENTED_EDGE('',*,*,#4063,.T.);
#6188=ORIENTED_EDGE('',*,*,#4013,.T.);
#6189=ORIENTED_EDGE('',*,*,#6175,.F.);
#6190=ORIENTED_EDGE('',*,*,#3904,.F.);
#6191=EDGE_LOOP('',(#6187,#6188,#6189,#6190));
#6192=FACE_OUTER_BOUND('',#6191,.F.);
#6194=CARTESIAN_POINT('',(-6.5625E-1,-1.8E0,-4.4E0));
#6195=DIRECTION('',(1.E0,0.E0,0.E0));
#6196=DIRECTION('',(0.E0,1.E0,0.E0));
#6197=AXIS2_PLACEMENT_3D('',#6194,#6195,#6196);
#6198=PLANE('',#6197);
#6199=ORIENTED_EDGE('',*,*,#4067,.F.);
#6201=ORIENTED_EDGE('',*,*,#6200,.T.);
#6203=ORIENTED_EDGE('',*,*,#6202,.T.);
#6205=ORIENTED_EDGE('',*,*,#6204,.F.);
#6206=EDGE_LOOP('',(#6199,#6201,#6203,#6205));
#6207=FACE_OUTER_BOUND('',#6206,.F.);
#6209=CARTESIAN_POINT('',(-7.5E-1,-1.8E0,-4.4E0));
#6210=DIRECTION('',(0.E0,-1.E0,0.E0));
#6211=DIRECTION('',(1.E0,0.E0,0.E0));
#6212=AXIS2_PLACEMENT_3D('',#6209,#6210,#6211);
#6213=PLANE('',#6212);
#6214=ORIENTED_EDGE('',*,*,#4079,.F.);
#6216=ORIENTED_EDGE('',*,*,#6215,.T.);
#6218=ORIENTED_EDGE('',*,*,#6217,.T.);
#6219=ORIENTED_EDGE('',*,*,#6200,.F.);
#6220=EDGE_LOOP('',(#6214,#6216,#6218,#6219));
#6221=FACE_OUTER_BOUND('',#6220,.F.);
#6223=CARTESIAN_POINT('',(-7.5E-1,-1.177659559250E0,-4.4E0));
#6224=DIRECTION('',(-1.E0,0.E0,0.E0));
#6225=DIRECTION('',(0.E0,-1.E0,0.E0));
#6226=AXIS2_PLACEMENT_3D('',#6223,#6224,#6225);
#6227=PLANE('',#6226);
#6228=ORIENTED_EDGE('',*,*,#4077,.F.);
#6230=ORIENTED_EDGE('',*,*,#6229,.T.);
#6232=ORIENTED_EDGE('',*,*,#6231,.T.);
#6233=ORIENTED_EDGE('',*,*,#6215,.F.);
#6234=EDGE_LOOP('',(#6228,#6230,#6232,#6233));
#6235=FACE_OUTER_BOUND('',#6234,.F.);
#6237=CARTESIAN_POINT('',(-8.4375E-1,-1.289361718297E0,-4.4E0));
#6238=DIRECTION('',(7.659743427825E-1,-6.428711427642E-1,0.E0));
#6239=DIRECTION('',(6.428711427642E-1,7.659743427825E-1,0.E0));
#6240=AXIS2_PLACEMENT_3D('',#6237,#6238,#6239);
#6241=PLANE('',#6240);
#6242=ORIENTED_EDGE('',*,*,#4075,.F.);
#6244=ORIENTED_EDGE('',*,*,#6243,.T.);
#6246=ORIENTED_EDGE('',*,*,#6245,.T.);
#6247=ORIENTED_EDGE('',*,*,#6229,.F.);
#6248=EDGE_LOOP('',(#6242,#6244,#6246,#6247));
#6249=FACE_OUTER_BOUND('',#6248,.F.);
#6251=CARTESIAN_POINT('',(-8.4375E-1,-1.161702114344E0,-4.4E0));
#6252=DIRECTION('',(-1.E0,0.E0,0.E0));
#6253=DIRECTION('',(0.E0,-1.E0,0.E0));
#6254=AXIS2_PLACEMENT_3D('',#6251,#6252,#6253);
#6255=PLANE('',#6254);
#6256=ORIENTED_EDGE('',*,*,#4073,.F.);
#6258=ORIENTED_EDGE('',*,*,#6257,.T.);
#6260=ORIENTED_EDGE('',*,*,#6259,.T.);
#6261=ORIENTED_EDGE('',*,*,#6243,.F.);
#6262=EDGE_LOOP('',(#6256,#6258,#6260,#6261));
#6263=FACE_OUTER_BOUND('',#6262,.F.);
#6265=CARTESIAN_POINT('',(-7.5E-1,-1.05E0,-4.4E0));
#6266=DIRECTION('',(-7.659742160926E-1,6.428712937139E-1,0.E0));
#6267=DIRECTION('',(-6.428712937139E-1,-7.659742160926E-1,0.E0));
#6268=AXIS2_PLACEMENT_3D('',#6265,#6266,#6267);
#6269=PLANE('',#6268);
#6270=ORIENTED_EDGE('',*,*,#4071,.F.);
#6272=ORIENTED_EDGE('',*,*,#6271,.T.);
#6274=ORIENTED_EDGE('',*,*,#6273,.T.);
#6275=ORIENTED_EDGE('',*,*,#6257,.F.);
#6276=EDGE_LOOP('',(#6270,#6272,#6274,#6275));
#6277=FACE_OUTER_BOUND('',#6276,.F.);
#6279=CARTESIAN_POINT('',(-6.5625E-1,-1.05E0,-4.4E0));
#6280=DIRECTION('',(0.E0,1.E0,0.E0));
#6281=DIRECTION('',(-1.E0,0.E0,0.E0));
#6282=AXIS2_PLACEMENT_3D('',#6279,#6280,#6281);
#6283=PLANE('',#6282);
#6284=ORIENTED_EDGE('',*,*,#4069,.F.);
#6285=ORIENTED_EDGE('',*,*,#6204,.T.);
#6287=ORIENTED_EDGE('',*,*,#6286,.T.);
#6288=ORIENTED_EDGE('',*,*,#6271,.F.);
#6289=EDGE_LOOP('',(#6284,#6285,#6287,#6288));
#6290=FACE_OUTER_BOUND('',#6289,.F.);
#6292=CARTESIAN_POINT('',(0.E0,0.E0,-4.39E0));
#6293=DIRECTION('',(0.E0,0.E0,1.E0));
#6294=DIRECTION('',(1.E0,0.E0,0.E0));
#6295=AXIS2_PLACEMENT_3D('',#6292,#6293,#6294);
#6296=PLANE('',#6295);
#6297=ORIENTED_EDGE('',*,*,#6202,.F.);
#6298=ORIENTED_EDGE('',*,*,#6217,.F.);
#6299=ORIENTED_EDGE('',*,*,#6231,.F.);
#6300=ORIENTED_EDGE('',*,*,#6245,.F.);
#6301=ORIENTED_EDGE('',*,*,#6259,.F.);
#6302=ORIENTED_EDGE('',*,*,#6273,.F.);
#6303=ORIENTED_EDGE('',*,*,#6286,.F.);
#6304=EDGE_LOOP('',(#6297,#6298,#6299,#6300,#6301,#6302,#6303));
#6305=FACE_OUTER_BOUND('',#6304,.F.);
#6307=CARTESIAN_POINT('',(2.6625E0,-1.97E0,-2.2E0));
#6308=DIRECTION('',(0.E0,7.071067811865E-1,7.071067811865E-1));
#6309=DIRECTION('',(0.E0,7.071067811865E-1,-7.071067811865E-1));
#6310=AXIS2_PLACEMENT_3D('',#6307,#6308,#6309);
#6311=PLANE('',#6310);
#6313=ORIENTED_EDGE('',*,*,#6312,.F.);
#6315=ORIENTED_EDGE('',*,*,#6314,.T.);
#6316=ORIENTED_EDGE('',*,*,#3815,.T.);
#6317=ORIENTED_EDGE('',*,*,#3627,.T.);
#6318=EDGE_LOOP('',(#6313,#6315,#6316,#6317));
#6319=FACE_OUTER_BOUND('',#6318,.F.);
#6321=CARTESIAN_POINT('',(2.525E0,-1.92E0,0.E0));
#6322=DIRECTION('',(0.E0,-1.E0,0.E0));
#6323=DIRECTION('',(1.E0,0.E0,0.E0));
#6324=AXIS2_PLACEMENT_3D('',#6321,#6322,#6323);
#6325=PLANE('',#6324);
#6326=ORIENTED_EDGE('',*,*,#6312,.T.);
#6327=ORIENTED_EDGE('',*,*,#3625,.T.);
#6328=ORIENTED_EDGE('',*,*,#3718,.T.);
#6330=ORIENTED_EDGE('',*,*,#6329,.F.);
#6331=EDGE_LOOP('',(#6326,#6327,#6328,#6330));
#6332=FACE_OUTER_BOUND('',#6331,.F.);
#6334=CARTESIAN_POINT('',(2.8E0,-1.92E0,0.E0));
#6335=DIRECTION('',(1.E0,0.E0,0.E0));
#6336=DIRECTION('',(0.E0,1.E0,0.E0));
#6337=AXIS2_PLACEMENT_3D('',#6334,#6335,#6336);
#6338=PLANE('',#6337);
#6340=ORIENTED_EDGE('',*,*,#6339,.T.);
#6341=ORIENTED_EDGE('',*,*,#6329,.T.);
#6342=ORIENTED_EDGE('',*,*,#3716,.T.);
#6343=ORIENTED_EDGE('',*,*,#3794,.F.);
#6344=EDGE_LOOP('',(#6340,#6341,#6342,#6343));
#6345=FACE_OUTER_BOUND('',#6344,.F.);
#6347=CARTESIAN_POINT('',(2.85E0,-1.71E0,-2.2E0));
#6348=DIRECTION('',(-7.071067811865E-1,0.E0,7.071067811865E-1));
#6349=DIRECTION('',(-7.071067811865E-1,0.E0,-7.071067811865E-1));
#6350=AXIS2_PLACEMENT_3D('',#6347,#6348,#6349);
#6351=PLANE('',#6350);
#6352=ORIENTED_EDGE('',*,*,#3817,.T.);
#6353=ORIENTED_EDGE('',*,*,#6314,.F.);
#6354=ORIENTED_EDGE('',*,*,#6339,.F.);
#6355=ORIENTED_EDGE('',*,*,#3792,.T.);
#6356=EDGE_LOOP('',(#6352,#6353,#6354,#6355));
#6357=FACE_OUTER_BOUND('',#6356,.F.);
#6359=CARTESIAN_POINT('',(2.85E0,7.E-1,-4.025E0));
#6360=DIRECTION('',(-7.071067811865E-1,7.071067811865E-1,0.E0));
#6361=DIRECTION('',(-7.071067811865E-1,-7.071067811865E-1,0.E0));
#6362=AXIS2_PLACEMENT_3D('',#6359,#6360,#6361);
#6363=PLANE('',#6362);
#6364=ORIENTED_EDGE('',*,*,#3455,.F.);
#6366=ORIENTED_EDGE('',*,*,#6365,.T.);
#6367=ORIENTED_EDGE('',*,*,#3543,.T.);
#6368=ORIENTED_EDGE('',*,*,#3432,.T.);
#6369=EDGE_LOOP('',(#6364,#6366,#6367,#6368));
#6370=FACE_OUTER_BOUND('',#6369,.F.);
#6372=CARTESIAN_POINT('',(2.85E0,7.E-1,-4.15E0));
#6373=DIRECTION('',(0.E0,7.071067811865E-1,-7.071067811865E-1));
#6374=DIRECTION('',(0.E0,-7.071067811865E-1,-7.071067811865E-1));
#6375=AXIS2_PLACEMENT_3D('',#6372,#6373,#6374);
#6376=PLANE('',#6375);
#6377=ORIENTED_EDGE('',*,*,#3545,.T.);
#6378=ORIENTED_EDGE('',*,*,#6365,.F.);
#6379=ORIENTED_EDGE('',*,*,#3469,.F.);
#6381=ORIENTED_EDGE('',*,*,#6380,.T.);
#6382=EDGE_LOOP('',(#6377,#6378,#6379,#6381));
#6383=FACE_OUTER_BOUND('',#6382,.F.);
#6385=CARTESIAN_POINT('',(2.95E0,7.E-1,-4.3E0));
#6386=DIRECTION('',(-7.071067811865E-1,7.071067811865E-1,0.E0));
#6387=DIRECTION('',(-7.071067811865E-1,-7.071067811865E-1,0.E0));
#6388=AXIS2_PLACEMENT_3D('',#6385,#6386,#6387);
#6389=PLANE('',#6388);
#6390=ORIENTED_EDGE('',*,*,#3483,.F.);
#6391=ORIENTED_EDGE('',*,*,#3526,.T.);
#6392=ORIENTED_EDGE('',*,*,#3547,.T.);
#6393=ORIENTED_EDGE('',*,*,#6380,.F.);
#6394=EDGE_LOOP('',(#6390,#6391,#6392,#6393));
#6395=FACE_OUTER_BOUND('',#6394,.F.);
#6399=DIRECTION('',(1.E0,0.E0,0.E0));
#6400=VECTOR('',#6399,5.E-1);
#6401=CARTESIAN_POINT('',(4.95E0,-2.4E0,-5.8E0));
#6402=LINE('',#6401,#6400);
#6403=DIRECTION('',(0.E0,1.E0,0.E0));
#6404=VECTOR('',#6403,9.E-1);
#6405=CARTESIAN_POINT('',(4.95E0,-2.4E0,-5.8E0));
#6406=LINE('',#6405,#6404);
#6407=DIRECTION('',(1.E0,0.E0,0.E0));
#6408=VECTOR('',#6407,5.E-1);
#6409=CARTESIAN_POINT('',(4.95E0,-1.5E0,-5.8E0));
#6410=LINE('',#6409,#6408);
#6411=DIRECTION('',(0.E0,-1.E0,0.E0));
#6412=VECTOR('',#6411,9.E-1);
#6413=CARTESIAN_POINT('',(5.45E0,-1.5E0,-5.8E0));
#6414=LINE('',#6413,#6412);
#6415=DIRECTION('',(0.E0,0.E0,1.E0));
#6416=VECTOR('',#6415,9.E-1);
#6417=CARTESIAN_POINT('',(5.45E0,-2.4E0,-5.8E0));
#6418=LINE('',#6417,#6416);
#6419=DIRECTION('',(-1.E0,0.E0,0.E0));
#6420=VECTOR('',#6419,5.E-1);
#6421=CARTESIAN_POINT('',(5.45E0,-2.4E0,-4.9E0));
#6422=LINE('',#6421,#6420);
#6423=DIRECTION('',(0.E0,0.E0,-1.E0));
#6424=VECTOR('',#6423,9.E-1);
#6425=CARTESIAN_POINT('',(4.95E0,-2.4E0,-4.9E0));
#6426=LINE('',#6425,#6424);
#6427=DIRECTION('',(0.E0,0.E0,-1.E0));
#6428=VECTOR('',#6427,1.E-1);
#6429=CARTESIAN_POINT('',(5.45E0,-1.5E0,-5.8E0));
#6430=LINE('',#6429,#6428);
#6431=DIRECTION('',(0.E0,-1.E0,0.E0));
#6432=VECTOR('',#6431,1.E0);
#6433=CARTESIAN_POINT('',(4.95E0,-1.5E0,-5.9E0));
#6434=LINE('',#6433,#6432);
#6435=DIRECTION('',(0.E0,1.E0,0.E0));
#6436=VECTOR('',#6435,1.E0);
#6437=CARTESIAN_POINT('',(5.45E0,-2.5E0,-5.9E0));
#6438=LINE('',#6437,#6436);
#6439=DIRECTION('',(1.E0,0.E0,0.E0));
#6440=VECTOR('',#6439,5.E-1);
#6441=CARTESIAN_POINT('',(4.95E0,-1.5E0,-5.9E0));
#6442=LINE('',#6441,#6440);
#6443=DIRECTION('',(0.E0,-1.E0,0.E0));
#6444=VECTOR('',#6443,1.E-1);
#6445=CARTESIAN_POINT('',(4.95E0,-2.4E0,-4.9E0));
#6446=LINE('',#6445,#6444);
#6447=DIRECTION('',(0.E0,-1.E0,0.E0));
#6448=VECTOR('',#6447,1.E-1);
#6449=CARTESIAN_POINT('',(5.45E0,-2.4E0,-4.9E0));
#6450=LINE('',#6449,#6448);
#6451=DIRECTION('',(0.E0,0.E0,1.E0));
#6452=VECTOR('',#6451,1.E0);
#6453=CARTESIAN_POINT('',(5.45E0,-2.5E0,-5.9E0));
#6454=LINE('',#6453,#6452);
#6455=DIRECTION('',(1.E0,0.E0,0.E0));
#6456=VECTOR('',#6455,5.E-1);
#6457=CARTESIAN_POINT('',(4.95E0,-2.5E0,-5.9E0));
#6458=LINE('',#6457,#6456);
#6459=DIRECTION('',(0.E0,0.E0,-1.E0));
#6460=VECTOR('',#6459,1.E0);
#6461=CARTESIAN_POINT('',(4.95E0,-2.5E0,-4.9E0));
#6462=LINE('',#6461,#6460);
#6463=DIRECTION('',(-1.E0,0.E0,0.E0));
#6464=VECTOR('',#6463,5.E-1);
#6465=CARTESIAN_POINT('',(5.45E0,-2.5E0,-4.9E0));
#6466=LINE('',#6465,#6464);
#6467=DIRECTION('',(0.E0,0.E0,-1.E0));
#6468=VECTOR('',#6467,1.E-1);
#6469=CARTESIAN_POINT('',(4.95E0,-1.5E0,-5.8E0));
#6470=LINE('',#6469,#6468);
#6471=CARTESIAN_POINT('',(4.95E0,-1.5E0,-5.8E0));
#6472=CARTESIAN_POINT('',(5.45E0,-1.5E0,-5.8E0));
#6473=VERTEX_POINT('',#6471);
#6474=VERTEX_POINT('',#6472);
#6475=CARTESIAN_POINT('',(4.95E0,-1.5E0,-5.9E0));
#6476=CARTESIAN_POINT('',(5.45E0,-1.5E0,-5.9E0));
#6477=VERTEX_POINT('',#6475);
#6478=VERTEX_POINT('',#6476);
#6479=CARTESIAN_POINT('',(5.45E0,-2.4E0,-4.9E0));
#6480=CARTESIAN_POINT('',(4.95E0,-2.4E0,-4.9E0));
#6481=VERTEX_POINT('',#6479);
#6482=VERTEX_POINT('',#6480);
#6483=CARTESIAN_POINT('',(5.45E0,-2.5E0,-5.9E0));
#6484=CARTESIAN_POINT('',(5.45E0,-2.5E0,-4.9E0));
#6485=VERTEX_POINT('',#6483);
#6486=VERTEX_POINT('',#6484);
#6487=CARTESIAN_POINT('',(4.95E0,-2.5E0,-4.9E0));
#6488=VERTEX_POINT('',#6487);
#6489=CARTESIAN_POINT('',(4.95E0,-2.5E0,-5.9E0));
#6490=VERTEX_POINT('',#6489);
#6491=CARTESIAN_POINT('',(4.95E0,-2.4E0,-5.8E0));
#6492=CARTESIAN_POINT('',(5.45E0,-2.4E0,-5.8E0));
#6493=VERTEX_POINT('',#6491);
#6494=VERTEX_POINT('',#6492);
#6495=CARTESIAN_POINT('',(0.E0,0.E0,-5.8E0));
#6496=DIRECTION('',(0.E0,0.E0,-1.E0));
#6497=DIRECTION('',(1.E0,0.E0,0.E0));
#6498=AXIS2_PLACEMENT_3D('',#6495,#6496,#6497);
#6499=PLANE('',#6498);
#6501=ORIENTED_EDGE('',*,*,#6500,.F.);
#6503=ORIENTED_EDGE('',*,*,#6502,.T.);
#6505=ORIENTED_EDGE('',*,*,#6504,.T.);
#6507=ORIENTED_EDGE('',*,*,#6506,.T.);
#6508=EDGE_LOOP('',(#6501,#6503,#6505,#6507));
#6509=FACE_OUTER_BOUND('',#6508,.F.);
#6511=CARTESIAN_POINT('',(0.E0,-2.4E0,0.E0));
#6512=DIRECTION('',(0.E0,-1.E0,0.E0));
#6513=DIRECTION('',(-1.E0,0.E0,0.E0));
#6514=AXIS2_PLACEMENT_3D('',#6511,#6512,#6513);
#6515=PLANE('',#6514);
#6516=ORIENTED_EDGE('',*,*,#6500,.T.);
#6518=ORIENTED_EDGE('',*,*,#6517,.T.);
#6520=ORIENTED_EDGE('',*,*,#6519,.T.);
#6522=ORIENTED_EDGE('',*,*,#6521,.T.);
#6523=EDGE_LOOP('',(#6516,#6518,#6520,#6522));
#6524=FACE_OUTER_BOUND('',#6523,.F.);
#6526=CARTESIAN_POINT('',(5.45E0,-1.5E0,-5.8E0));
#6527=DIRECTION('',(1.E0,0.E0,0.E0));
#6528=DIRECTION('',(0.E0,-1.E0,0.E0));
#6529=AXIS2_PLACEMENT_3D('',#6526,#6527,#6528);
#6530=PLANE('',#6529);
#6532=ORIENTED_EDGE('',*,*,#6531,.F.);
#6534=ORIENTED_EDGE('',*,*,#6533,.T.);
#6536=ORIENTED_EDGE('',*,*,#6535,.F.);
#6537=ORIENTED_EDGE('',*,*,#6517,.F.);
#6538=ORIENTED_EDGE('',*,*,#6506,.F.);
#6540=ORIENTED_EDGE('',*,*,#6539,.T.);
#6541=EDGE_LOOP('',(#6532,#6534,#6536,#6537,#6538,#6540));
#6542=FACE_OUTER_BOUND('',#6541,.F.);
#6544=CARTESIAN_POINT('',(0.E0,0.E0,-5.9E0));
#6545=DIRECTION('',(0.E0,0.E0,-1.E0));
#6546=DIRECTION('',(1.E0,0.E0,0.E0));
#6547=AXIS2_PLACEMENT_3D('',#6544,#6545,#6546);
#6548=PLANE('',#6547);
#6550=ORIENTED_EDGE('',*,*,#6549,.T.);
#6552=ORIENTED_EDGE('',*,*,#6551,.T.);
#6553=ORIENTED_EDGE('',*,*,#6531,.T.);
#6555=ORIENTED_EDGE('',*,*,#6554,.F.);
#6556=EDGE_LOOP('',(#6550,#6552,#6553,#6555));
#6557=FACE_OUTER_BOUND('',#6556,.F.);
#6559=CARTESIAN_POINT('',(4.95E0,-2.4E0,-5.8E0));
#6560=DIRECTION('',(-1.E0,0.E0,0.E0));
#6561=DIRECTION('',(0.E0,1.E0,0.E0));
#6562=AXIS2_PLACEMENT_3D('',#6559,#6560,#6561);
#6563=PLANE('',#6562);
#6564=ORIENTED_EDGE('',*,*,#6502,.F.);
#6565=ORIENTED_EDGE('',*,*,#6521,.F.);
#6567=ORIENTED_EDGE('',*,*,#6566,.T.);
#6569=ORIENTED_EDGE('',*,*,#6568,.T.);
#6570=ORIENTED_EDGE('',*,*,#6549,.F.);
#6572=ORIENTED_EDGE('',*,*,#6571,.F.);
#6573=EDGE_LOOP('',(#6564,#6565,#6567,#6569,#6570,#6572));
#6574=FACE_OUTER_BOUND('',#6573,.F.);
#6576=CARTESIAN_POINT('',(5.45E0,-2.4E0,-4.9E0));
#6577=DIRECTION('',(0.E0,0.E0,1.E0));
#6578=DIRECTION('',(-1.E0,0.E0,0.E0));
#6579=AXIS2_PLACEMENT_3D('',#6576,#6577,#6578);
#6580=PLANE('',#6579);
#6581=ORIENTED_EDGE('',*,*,#6519,.F.);
#6582=ORIENTED_EDGE('',*,*,#6535,.T.);
#6584=ORIENTED_EDGE('',*,*,#6583,.T.);
#6585=ORIENTED_EDGE('',*,*,#6566,.F.);
#6586=EDGE_LOOP('',(#6581,#6582,#6584,#6585));
#6587=FACE_OUTER_BOUND('',#6586,.F.);
#6589=CARTESIAN_POINT('',(0.E0,-2.5E0,0.E0));
#6590=DIRECTION('',(0.E0,-1.E0,0.E0));
#6591=DIRECTION('',(-1.E0,0.E0,0.E0));
#6592=AXIS2_PLACEMENT_3D('',#6589,#6590,#6591);
#6593=PLANE('',#6592);
#6594=ORIENTED_EDGE('',*,*,#6533,.F.);
#6595=ORIENTED_EDGE('',*,*,#6551,.F.);
#6596=ORIENTED_EDGE('',*,*,#6568,.F.);
#6597=ORIENTED_EDGE('',*,*,#6583,.F.);
#6598=EDGE_LOOP('',(#6594,#6595,#6596,#6597));
#6599=FACE_OUTER_BOUND('',#6598,.F.);
#6601=CARTESIAN_POINT('',(4.95E0,-1.5E0,-5.8E0));
#6602=DIRECTION('',(0.E0,1.E0,0.E0));
#6603=DIRECTION('',(1.E0,0.E0,0.E0));
#6604=AXIS2_PLACEMENT_3D('',#6601,#6602,#6603);
#6605=PLANE('',#6604);
#6606=ORIENTED_EDGE('',*,*,#6504,.F.);
#6607=ORIENTED_EDGE('',*,*,#6571,.T.);
#6608=ORIENTED_EDGE('',*,*,#6554,.T.);
#6609=ORIENTED_EDGE('',*,*,#6539,.F.);
#6610=EDGE_LOOP('',(#6606,#6607,#6608,#6609));
#6611=FACE_OUTER_BOUND('',#6610,.F.);
#6615=DIRECTION('',(1.E0,0.E0,0.E0));
#6616=VECTOR('',#6615,5.E-1);
#6617=CARTESIAN_POINT('',(-5.45E0,-2.4E0,-5.8E0));
#6618=LINE('',#6617,#6616);
#6619=DIRECTION('',(0.E0,1.E0,0.E0));
#6620=VECTOR('',#6619,9.E-1);
#6621=CARTESIAN_POINT('',(-5.45E0,-2.4E0,-5.8E0));
#6622=LINE('',#6621,#6620);
#6623=DIRECTION('',(1.E0,0.E0,0.E0));
#6624=VECTOR('',#6623,5.E-1);
#6625=CARTESIAN_POINT('',(-5.45E0,-1.5E0,-5.8E0));
#6626=LINE('',#6625,#6624);
#6627=DIRECTION('',(0.E0,-1.E0,0.E0));
#6628=VECTOR('',#6627,9.E-1);
#6629=CARTESIAN_POINT('',(-4.95E0,-1.5E0,-5.8E0));
#6630=LINE('',#6629,#6628);
#6631=DIRECTION('',(0.E0,0.E0,1.E0));
#6632=VECTOR('',#6631,9.E-1);
#6633=CARTESIAN_POINT('',(-4.95E0,-2.4E0,-5.8E0));
#6634=LINE('',#6633,#6632);
#6635=DIRECTION('',(-1.E0,0.E0,0.E0));
#6636=VECTOR('',#6635,5.E-1);
#6637=CARTESIAN_POINT('',(-4.95E0,-2.4E0,-4.9E0));
#6638=LINE('',#6637,#6636);
#6639=DIRECTION('',(0.E0,0.E0,-1.E0));
#6640=VECTOR('',#6639,9.E-1);
#6641=CARTESIAN_POINT('',(-5.45E0,-2.4E0,-4.9E0));
#6642=LINE('',#6641,#6640);
#6643=DIRECTION('',(0.E0,-1.E0,0.E0));
#6644=VECTOR('',#6643,1.E0);
#6645=CARTESIAN_POINT('',(-4.95E0,-1.5E0,-5.9E0));
#6646=LINE('',#6645,#6644);
#6647=DIRECTION('',(0.E0,0.E0,-1.E0));
#6648=VECTOR('',#6647,1.E-1);
#6649=CARTESIAN_POINT('',(-4.95E0,-1.5E0,-5.8E0));
#6650=LINE('',#6649,#6648);
#6651=DIRECTION('',(1.E0,0.E0,0.E0));
#6652=VECTOR('',#6651,5.E-1);
#6653=CARTESIAN_POINT('',(-5.45E0,-1.5E0,-5.9E0));
#6654=LINE('',#6653,#6652);
#6655=DIRECTION('',(0.E0,-1.E0,0.E0));
#6656=VECTOR('',#6655,1.E-1);
#6657=CARTESIAN_POINT('',(-5.45E0,-2.4E0,-4.9E0));
#6658=LINE('',#6657,#6656);
#6659=DIRECTION('',(0.E0,1.E0,0.E0));
#6660=VECTOR('',#6659,1.E0);
#6661=CARTESIAN_POINT('',(-5.45E0,-2.5E0,-5.9E0));
#6662=LINE('',#6661,#6660);
#6663=DIRECTION('',(0.E0,-1.E0,0.E0));
#6664=VECTOR('',#6663,1.E-1);
#6665=CARTESIAN_POINT('',(-4.95E0,-2.4E0,-4.9E0));
#6666=LINE('',#6665,#6664);
#6667=DIRECTION('',(1.E0,0.E0,0.E0));
#6668=VECTOR('',#6667,5.E-1);
#6669=CARTESIAN_POINT('',(-5.45E0,-2.5E0,-5.9E0));
#6670=LINE('',#6669,#6668);
#6671=DIRECTION('',(0.E0,0.E0,-1.E0));
#6672=VECTOR('',#6671,1.E0);
#6673=CARTESIAN_POINT('',(-5.45E0,-2.5E0,-4.9E0));
#6674=LINE('',#6673,#6672);
#6675=DIRECTION('',(-1.E0,0.E0,0.E0));
#6676=VECTOR('',#6675,5.E-1);
#6677=CARTESIAN_POINT('',(-4.95E0,-2.5E0,-4.9E0));
#6678=LINE('',#6677,#6676);
#6679=DIRECTION('',(0.E0,0.E0,1.E0));
#6680=VECTOR('',#6679,1.E0);
#6681=CARTESIAN_POINT('',(-4.95E0,-2.5E0,-5.9E0));
#6682=LINE('',#6681,#6680);
#6683=DIRECTION('',(0.E0,0.E0,-1.E0));
#6684=VECTOR('',#6683,1.E-1);
#6685=CARTESIAN_POINT('',(-5.45E0,-1.5E0,-5.8E0));
#6686=LINE('',#6685,#6684);
#6687=CARTESIAN_POINT('',(-5.45E0,-1.5E0,-5.8E0));
#6688=CARTESIAN_POINT('',(-4.95E0,-1.5E0,-5.8E0));
#6689=VERTEX_POINT('',#6687);
#6690=VERTEX_POINT('',#6688);
#6691=CARTESIAN_POINT('',(-5.45E0,-1.5E0,-5.9E0));
#6692=CARTESIAN_POINT('',(-4.95E0,-1.5E0,-5.9E0));
#6693=VERTEX_POINT('',#6691);
#6694=VERTEX_POINT('',#6692);
#6695=CARTESIAN_POINT('',(-4.95E0,-2.4E0,-4.9E0));
#6696=CARTESIAN_POINT('',(-5.45E0,-2.4E0,-4.9E0));
#6697=VERTEX_POINT('',#6695);
#6698=VERTEX_POINT('',#6696);
#6699=CARTESIAN_POINT('',(-5.45E0,-2.5E0,-5.9E0));
#6700=CARTESIAN_POINT('',(-4.95E0,-2.5E0,-5.9E0));
#6701=VERTEX_POINT('',#6699);
#6702=VERTEX_POINT('',#6700);
#6703=CARTESIAN_POINT('',(-4.95E0,-2.5E0,-4.9E0));
#6704=VERTEX_POINT('',#6703);
#6705=CARTESIAN_POINT('',(-5.45E0,-2.5E0,-4.9E0));
#6706=VERTEX_POINT('',#6705);
#6707=CARTESIAN_POINT('',(-5.45E0,-2.4E0,-5.8E0));
#6708=CARTESIAN_POINT('',(-4.95E0,-2.4E0,-5.8E0));
#6709=VERTEX_POINT('',#6707);
#6710=VERTEX_POINT('',#6708);
#6711=CARTESIAN_POINT('',(0.E0,0.E0,-5.8E0));
#6712=DIRECTION('',(0.E0,0.E0,-1.E0));
#6713=DIRECTION('',(1.E0,0.E0,0.E0));
#6714=AXIS2_PLACEMENT_3D('',#6711,#6712,#6713);
#6715=PLANE('',#6714);
#6717=ORIENTED_EDGE('',*,*,#6716,.F.);
#6719=ORIENTED_EDGE('',*,*,#6718,.T.);
#6721=ORIENTED_EDGE('',*,*,#6720,.T.);
#6723=ORIENTED_EDGE('',*,*,#6722,.T.);
#6724=EDGE_LOOP('',(#6717,#6719,#6721,#6723));
#6725=FACE_OUTER_BOUND('',#6724,.F.);
#6727=CARTESIAN_POINT('',(0.E0,-2.4E0,0.E0));
#6728=DIRECTION('',(0.E0,-1.E0,0.E0));
#6729=DIRECTION('',(-1.E0,0.E0,0.E0));
#6730=AXIS2_PLACEMENT_3D('',#6727,#6728,#6729);
#6731=PLANE('',#6730);
#6732=ORIENTED_EDGE('',*,*,#6716,.T.);
#6734=ORIENTED_EDGE('',*,*,#6733,.T.);
#6736=ORIENTED_EDGE('',*,*,#6735,.T.);
#6738=ORIENTED_EDGE('',*,*,#6737,.T.);
#6739=EDGE_LOOP('',(#6732,#6734,#6736,#6738));
#6740=FACE_OUTER_BOUND('',#6739,.F.);
#6742=CARTESIAN_POINT('',(-4.95E0,-1.5E0,-5.8E0));
#6743=DIRECTION('',(1.E0,0.E0,0.E0));
#6744=DIRECTION('',(0.E0,-1.E0,0.E0));
#6745=AXIS2_PLACEMENT_3D('',#6742,#6743,#6744);
#6746=PLANE('',#6745);
#6748=ORIENTED_EDGE('',*,*,#6747,.T.);
#6750=ORIENTED_EDGE('',*,*,#6749,.T.);
#6752=ORIENTED_EDGE('',*,*,#6751,.F.);
#6753=ORIENTED_EDGE('',*,*,#6733,.F.);
#6754=ORIENTED_EDGE('',*,*,#6722,.F.);
#6756=ORIENTED_EDGE('',*,*,#6755,.T.);
#6757=EDGE_LOOP('',(#6748,#6750,#6752,#6753,#6754,#6756));
#6758=FACE_OUTER_BOUND('',#6757,.F.);
#6760=CARTESIAN_POINT('',(0.E0,0.E0,-5.9E0));
#6761=DIRECTION('',(0.E0,0.E0,-1.E0));
#6762=DIRECTION('',(1.E0,0.E0,0.E0));
#6763=AXIS2_PLACEMENT_3D('',#6760,#6761,#6762);
#6764=PLANE('',#6763);
#6766=ORIENTED_EDGE('',*,*,#6765,.F.);
#6768=ORIENTED_EDGE('',*,*,#6767,.T.);
#6769=ORIENTED_EDGE('',*,*,#6747,.F.);
#6771=ORIENTED_EDGE('',*,*,#6770,.F.);
#6772=EDGE_LOOP('',(#6766,#6768,#6769,#6771));
#6773=FACE_OUTER_BOUND('',#6772,.F.);
#6775=CARTESIAN_POINT('',(-5.45E0,-2.4E0,-5.8E0));
#6776=DIRECTION('',(-1.E0,0.E0,0.E0));
#6777=DIRECTION('',(0.E0,1.E0,0.E0));
#6778=AXIS2_PLACEMENT_3D('',#6775,#6776,#6777);
#6779=PLANE('',#6778);
#6780=ORIENTED_EDGE('',*,*,#6718,.F.);
#6781=ORIENTED_EDGE('',*,*,#6737,.F.);
#6783=ORIENTED_EDGE('',*,*,#6782,.T.);
#6785=ORIENTED_EDGE('',*,*,#6784,.T.);
#6786=ORIENTED_EDGE('',*,*,#6765,.T.);
#6788=ORIENTED_EDGE('',*,*,#6787,.F.);
#6789=EDGE_LOOP('',(#6780,#6781,#6783,#6785,#6786,#6788));
#6790=FACE_OUTER_BOUND('',#6789,.F.);
#6792=CARTESIAN_POINT('',(-4.95E0,-2.4E0,-4.9E0));
#6793=DIRECTION('',(0.E0,0.E0,1.E0));
#6794=DIRECTION('',(-1.E0,0.E0,0.E0));
#6795=AXIS2_PLACEMENT_3D('',#6792,#6793,#6794);
#6796=PLANE('',#6795);
#6797=ORIENTED_EDGE('',*,*,#6735,.F.);
#6798=ORIENTED_EDGE('',*,*,#6751,.T.);
#6800=ORIENTED_EDGE('',*,*,#6799,.T.);
#6801=ORIENTED_EDGE('',*,*,#6782,.F.);
#6802=EDGE_LOOP('',(#6797,#6798,#6800,#6801));
#6803=FACE_OUTER_BOUND('',#6802,.F.);
#6805=CARTESIAN_POINT('',(0.E0,-2.5E0,0.E0));
#6806=DIRECTION('',(0.E0,-1.E0,0.E0));
#6807=DIRECTION('',(-1.E0,0.E0,0.E0));
#6808=AXIS2_PLACEMENT_3D('',#6805,#6806,#6807);
#6809=PLANE('',#6808);
#6810=ORIENTED_EDGE('',*,*,#6767,.F.);
#6811=ORIENTED_EDGE('',*,*,#6784,.F.);
#6812=ORIENTED_EDGE('',*,*,#6799,.F.);
#6813=ORIENTED_EDGE('',*,*,#6749,.F.);
#6814=EDGE_LOOP('',(#6810,#6811,#6812,#6813));
#6815=FACE_OUTER_BOUND('',#6814,.F.);
#6817=CARTESIAN_POINT('',(-5.45E0,-1.5E0,-5.8E0));
#6818=DIRECTION('',(0.E0,1.E0,0.E0));
#6819=DIRECTION('',(1.E0,0.E0,0.E0));
#6820=AXIS2_PLACEMENT_3D('',#6817,#6818,#6819);
#6821=PLANE('',#6820);
#6822=ORIENTED_EDGE('',*,*,#6720,.F.);
#6823=ORIENTED_EDGE('',*,*,#6787,.T.);
#6824=ORIENTED_EDGE('',*,*,#6770,.T.);
#6825=ORIENTED_EDGE('',*,*,#6755,.F.);
#6826=EDGE_LOOP('',(#6822,#6823,#6824,#6825));
#6827=FACE_OUTER_BOUND('',#6826,.F.);
#6833=PLANE_ANGLE_MEASURE_WITH_UNIT(PLANE_ANGLE_MEASURE(1.745329251994E-2),
#6832);
#6834=(CONVERSION_BASED_UNIT('DEGREE',#6833)NAMED_UNIT(*)PLANE_ANGLE_UNIT());
#6836=UNCERTAINTY_MEASURE_WITH_UNIT(LENGTH_MEASURE(1.E-3),#6831,
'distance_accuracy_value',
'Maximum model space distance between geometric entities at asserted connectivities');
#6839=APPLICATION_CONTEXT('automotive_design');
#6840=APPLICATION_PROTOCOL_DEFINITION('international standard',
'automotive_design',2001,#6839);
#6841=PRODUCT_DEFINITION_CONTEXT('part definition',#6839,'design');
#6842=PRODUCT_CONTEXT('',#6839,'mechanical');
#6843=PRODUCT('C-2360547-2','C-2360547-2','NOT SPECIFIED',(#6842));
#6844=PRODUCT_DEFINITION_FORMATION('1','LAST_VERSION',#6843);
#6852=DERIVED_UNIT_ELEMENT(#6851,2.E0);
#6853=DERIVED_UNIT((#6852));
#6854=MEASURE_REPRESENTATION_ITEM('surface area measure',AREA_MEASURE(
3.129654209032E2),#6853);
#6859=DERIVED_UNIT_ELEMENT(#6858,3.E0);
#6860=DERIVED_UNIT((#6859));
#6861=MEASURE_REPRESENTATION_ITEM('volume measure',VOLUME_MEASURE(
1.060520657250E2),#6860);
#6865=CARTESIAN_POINT('centre point',(-2.342109689729E-2,9.158045010443E-2,
-3.320539371025E0));
#6870=DERIVED_UNIT_ELEMENT(#6869,2.E0);
#6871=DERIVED_UNIT((#6870));
#6872=MEASURE_REPRESENTATION_ITEM('surface area measure',AREA_MEASURE(
3.129654209032E2),#6871);
#6877=DERIVED_UNIT_ELEMENT(#6876,3.E0);
#6878=DERIVED_UNIT((#6877));
#6879=MEASURE_REPRESENTATION_ITEM('volume measure',VOLUME_MEASURE(
1.060520657250E2),#6878);
#6883=CARTESIAN_POINT('centre point',(-2.342109689729E-2,9.158045010443E-2,
-3.320539371025E0));
#6888=PRODUCT_RELATED_PRODUCT_CATEGORY('part','',(#6843));
#1=DRAUGHTING_PRE_DEFINED_COLOUR('black');
#2=COLOUR_RGB('',0.E0,0.E0,3.6E-1);
#3=COLOUR_RGB('',0.E0,0.E0,4.8E-1);
#4=DRAUGHTING_PRE_DEFINED_COLOUR('blue');
#5=COLOUR_RGB('',0.E0,5.8824E-2,4.58824E-1);
#6=COLOUR_RGB('',0.E0,1.80392E-1,4.78431E-1);
#7=COLOUR_RGB('',0.E0,3.6E-1,9.E-2);
#8=COLOUR_RGB('',0.E0,3.6E-1,2.7E-1);
#9=COLOUR_RGB('',0.E0,5.6E-1,6.4E-1);
#10=COLOUR_RGB('',0.E0,5.8E-1,8.E-1);
#11=COLOUR_RGB('',0.E0,7.1E-1,6.6E-1);
#12=COLOUR_RGB('',0.E0,7.13E-1,0.E0);
#13=COLOUR_RGB('',0.E0,9.5E-1,8.4E-1);
#14=DRAUGHTING_PRE_DEFINED_COLOUR('green');
#15=DRAUGHTING_PRE_DEFINED_COLOUR('cyan');
#16=COLOUR_RGB('',1.1765E-2,1.9608E-2,3.9216E-2);
#17=COLOUR_RGB('',4.E-2,0.E0,1.6E-1);
#18=COLOUR_RGB('',3.9216E-2,2.19608E-1,1.21569E-1);
#19=COLOUR_RGB('',3.9216E-2,3.60784E-1,2.E-1);
#20=COLOUR_RGB('',5.098E-2,7.0588E-2,1.01961E-1);
#21=COLOUR_RGB('',9.E-2,0.E0,1.2E-1);
#22=COLOUR_RGB('',9.0196E-2,1.60784E-1,1.09804E-1);
#23=COLOUR_RGB('',9.0196E-2,3.80392E-1,6.70588E-1);
#24=COLOUR_RGB('',1.E-1,0.E0,2.5E-1);
#25=COLOUR_RGB('',1.01961E-1,4.78431E-1,3.88235E-1);
#26=COLOUR_RGB('',1.09804E-1,1.4902E-1,9.0196E-2);
#27=COLOUR_RGB('',1.4902E-1,3.09804E-1,5.29412E-1);
#28=COLOUR_RGB('',1.4902E-1,4.E-1,1.60784E-1);
#29=COLOUR_RGB('',1.6E-1,3.2E-2,0.E0);
#30=COLOUR_RGB('',1.60784E-1,4.5098E-1,7.21569E-1);
#31=COLOUR_RGB('',1.6E-1,4.6E-1,6.5E-1);
#32=COLOUR_RGB('',1.6E-1,1.E0,1.6E-1);
#33=COLOUR_RGB('',2.E-1,3.2E-2,0.E0);
#34=COLOUR_RGB('',2.11765E-1,4.11765E-1,1.4902E-1);
#35=COLOUR_RGB('',2.39216E-1,2.39216E-1,2.31373E-1);
#36=COLOUR_RGB('',2.39216E-1,2.70588E-1,1.80392E-1);
#37=COLOUR_RGB('',2.5098E-1,2.90196E-1,3.29412E-1);
#38=COLOUR_RGB('',2.90196E-1,4.31373E-1,2.E-1);
#39=COLOUR_RGB('',3.1E-1,3.1E-1,5.6E-1);
#40=COLOUR_RGB('',3.09804E-1,6.58824E-1,2.E-1);
#41=COLOUR_RGB('',3.2E-1,1.5E-1,0.E0);
#42=COLOUR_RGB('',3.60784E-1,3.1373E-2,1.68627E-1);
#43=COLOUR_RGB('',3.68627E-1,2.E-1,1.21569E-1);
#44=COLOUR_RGB('',3.88235E-1,2.39216E-1,6.11765E-1);
#45=COLOUR_RGB('',4.E-1,4.E-1,4.E-1);
#46=COLOUR_RGB('',4.11765E-1,5.8824E-2,7.8431E-2);
#47=COLOUR_RGB('',4.11765E-1,3.29412E-1,2.19608E-1);
#48=COLOUR_RGB('',4.2E-1,4.2E-1,1.E0);
#49=COLOUR_RGB('',4.4E-1,8.5E-1,1.E0);
#50=COLOUR_RGB('',4.58824E-1,4.5098E-1,3.09804E-1);
#51=COLOUR_RGB('',4.70588E-1,5.09804E-1,5.4902E-1);
#52=COLOUR_RGB('',4.78431E-1,4.90196E-1,4.58824E-1);
#53=COLOUR_RGB('',4.90196E-1,3.60784E-1,2.19608E-1);
#54=COLOUR_RGB('',4.9E-1,4.9E-1,0.E0);
#55=COLOUR_RGB('',4.9E-1,1.E0,0.E0);
#56=COLOUR_RGB('',5.E-1,0.E0,0.E0);
#57=COLOUR_RGB('',5.E-1,0.E0,2.3E-1);
#58=COLOUR_RGB('',5.E-1,5.E-1,5.E-1);
#59=COLOUR_RGB('',5.21569E-1,2.19608E-1,1.68627E-1);
#60=COLOUR_RGB('',5.3E-1,0.E0,0.E0);
#61=COLOUR_RGB('',5.29412E-1,5.80392E-1,6.5098E-1);
#62=COLOUR_RGB('',5.4E-1,0.E0,4.4E-1);
#63=COLOUR_RGB('',5.5E-1,3.E-1,0.E0);
#64=COLOUR_RGB('',5.6E-1,1.E-1,5.E-2);
#65=COLOUR_RGB('',5.60784E-1,5.80392E-1,6.19608E-1);
#66=COLOUR_RGB('',5.68627E-1,5.8824E-2,4.E-1);
#67=COLOUR_RGB('',5.8E-1,2.2E-1,1.E-2);
#68=COLOUR_RGB('',5.88235E-1,1.21569E-1,1.09804E-1);
#69=COLOUR_RGB('',6.E-1,6.E-1,6.E-1);
#70=COLOUR_RGB('',6.11765E-1,5.60784E-1,3.80392E-1);
#71=COLOUR_RGB('',6.11765E-1,6.11765E-1,6.5098E-1);
#72=COLOUR_RGB('',6.2E-1,0.E0,5.5E-1);
#73=COLOUR_RGB('',6.19608E-1,6.39216E-1,6.90196E-1);
#74=COLOUR_RGB('',6.35294E-1,6.86275E-1,7.4902E-1);
#75=COLOUR_RGB('',6.4E-1,0.E0,2.5E-1);
#76=COLOUR_RGB('',6.4E-1,1.E-2,0.E0);
#77=COLOUR_RGB('',6.39216E-1,5.4902E-1,4.78431E-1);
#78=COLOUR_RGB('',6.5098E-1,6.70588E-1,7.09804E-1);
#79=COLOUR_RGB('',6.70588E-1,1.21569E-1,1.09804E-1);
#80=COLOUR_RGB('',6.78431E-1,4.78431E-1,3.09804E-1);
#81=COLOUR_RGB('',6.8E-1,7.5E-1,1.E0);
#82=COLOUR_RGB('',7.09804E-1,7.0588E-2,2.E-1);
#83=COLOUR_RGB('',7.1E-1,3.1E-1,0.E0);
#84=COLOUR_RGB('',7.2E-1,7.2E-1,7.2E-1);
#85=COLOUR_RGB('',7.29412E-1,7.41176E-1,7.29412E-1);
#86=COLOUR_RGB('',7.41176E-1,7.29412E-1,6.70588E-1);
#87=COLOUR_RGB('',7.4E-1,1.E0,2.6E-1);
#88=COLOUR_RGB('',7.5E-1,3.E-2,0.E0);
#89=COLOUR_RGB('',7.4902E-1,8.90196E-1,7.29412E-1);
#90=COLOUR_RGB('',7.6E-1,0.E0,4.7E-1);
#91=COLOUR_RGB('',7.80392E-1,9.0196E-2,7.0588E-2);
#92=COLOUR_RGB('',7.88235E-1,2.19608E-1,5.4902E-1);
#93=COLOUR_RGB('',8.1E-1,4.E-2,0.E0);
#94=COLOUR_RGB('',8.1E-1,6.1E-1,0.E0);
#95=COLOUR_RGB('',8.2E-1,4.E-2,6.6E-1);
#96=COLOUR_RGB('',8.31373E-1,8.5098E-1,8.58824E-1);
#97=COLOUR_RGB('',8.5098E-1,7.29412E-1,5.4902E-1);
#98=COLOUR_RGB('',8.5E-1,8.5E-1,8.5E-1);
#99=COLOUR_RGB('',8.78431E-1,3.68627E-1,1.21569E-1);
#100=COLOUR_RGB('',8.784E-1,9.49E-1,1.E0);
#101=COLOUR_RGB('',8.90196E-1,5.88235E-1,1.41176E-1);
#102=COLOUR_RGB('',9.E-1,1.E0,0.E0);
#103=COLOUR_RGB('',9.09804E-1,6.11765E-1,7.09804E-1);
#104=COLOUR_RGB('',9.37E-1,7.85E-1,0.E0);
#105=COLOUR_RGB('',9.41176E-1,9.29412E-1,9.01961E-1);
#106=COLOUR_RGB('',9.5E-1,2.2E-1,8.1E-1);
#107=COLOUR_RGB('',9.6E-1,3.7E-1,3.E-1);
#108=COLOUR_RGB('',9.6E-1,7.1E-1,3.75E-1);
#109=COLOUR_RGB('',9.80392E-1,1.E0,1.E0);
#110=COLOUR_RGB('',9.88235E-1,1.09804E-1,7.8431E-2);
#111=COLOUR_RGB('',9.88235E-1,7.21569E-1,1.29412E-1);
#112=COLOUR_RGB('',9.88235E-1,9.21569E-1,8.E-1);
#113=DRAUGHTING_PRE_DEFINED_COLOUR('red');
#114=COLOUR_RGB('',1.E0,0.E0,6.1E-1);
#115=COLOUR_RGB('',1.E0,4.E-2,0.E0);
#116=COLOUR_RGB('',1.E0,2.3E-1,0.E0);
#117=COLOUR_RGB('',1.E0,3.5E-1,5.2E-1);
#118=COLOUR_RGB('',1.E0,3.6E-1,0.E0);
#119=COLOUR_RGB('',1.E0,3.88235E-1,2.11765E-1);
#120=COLOUR_RGB('',1.E0,4.9E-1,3.7E-1);
#121=COLOUR_RGB('',1.E0,5.E-1,0.E0);
#122=COLOUR_RGB('',1.E0,5.6E-1,7.8E-1);
#123=COLOUR_RGB('',1.E0,6.4E-1,4.9E-1);
#124=COLOUR_RGB('',1.E0,6.7E-1,0.E0);
#125=COLOUR_RGB('',1.E0,7.6E-1,6.5E-1);
#126=COLOUR_RGB('',1.E0,8.39216E-1,3.01961E-1);
#127=COLOUR_RGB('',1.E0,8.6E-1,4.E-2);
#128=COLOUR_RGB('',1.E0,9.60784E-1,2.58824E-1);
#129=COLOUR_RGB('',1.E0,9.60784E-1,8.90196E-1);
#130=COLOUR_RGB('',1.E0,9.8E-1,7.2E-1);
#131=DRAUGHTING_PRE_DEFINED_COLOUR('yellow');
#132=COLOUR_RGB('',1.E0,1.E0,3.9216E-2);
#133=DRAUGHTING_PRE_DEFINED_COLOUR('white');
#166=CIRCLE('',#165,1.E-1);
#183=CIRCLE('',#182,3.5E-1);
#200=CIRCLE('',#199,3.5E-1);
#217=CIRCLE('',#216,1.E-1);
#226=CIRCLE('',#225,3.E-1);
#231=CIRCLE('',#230,3.E-1);
#252=CIRCLE('',#251,3.5E-1);
#265=CIRCLE('',#264,1.E-1);
#282=CIRCLE('',#281,1.E-1);
#295=CIRCLE('',#294,3.5E-1);
#304=CIRCLE('',#303,3.E-1);
#309=CIRCLE('',#308,3.E-1);
#1494=CIRCLE('',#1493,3.E-1);
#1499=CIRCLE('',#1498,3.E-1);
#1508=CIRCLE('',#1507,3.E-1);
#1513=CIRCLE('',#1512,3.E-1);
#2054=CIRCLE('',#2053,1.E-1);
#2059=CIRCLE('',#2058,1.E-1);
#3089=EDGE_CURVE('',#2936,#2937,#137,.T.);
#3091=EDGE_CURVE('',#2885,#2936,#517,.T.);
#3093=EDGE_CURVE('',#2803,#2885,#413,.T.);
#3095=EDGE_CURVE('',#2803,#2937,#1553,.T.);
#3099=ADVANCED_FACE('',(#3098),#3088,.T.);
#3105=EDGE_CURVE('',#2846,#2838,#141,.T.);
#3107=EDGE_CURVE('',#2936,#2838,#521,.T.);
#3110=EDGE_CURVE('',#2937,#2939,#1549,.T.);
#3112=EDGE_CURVE('',#2939,#2941,#777,.T.);
#3114=EDGE_CURVE('',#2941,#2943,#145,.T.);
#3116=EDGE_CURVE('',#2846,#2943,#541,.T.);
#3120=ADVANCED_FACE('',(#3119),#3104,.T.);
#3126=EDGE_CURVE('',#2819,#2838,#178,.T.);
#3129=EDGE_CURVE('',#2835,#2846,#256,.T.);
#3131=EDGE_CURVE('',#2819,#2835,#149,.T.);
#3135=ADVANCED_FACE('',(#3134),#3125,.T.);
#3141=EDGE_CURVE('',#3077,#3073,#153,.T.);
#3143=EDGE_CURVE('',#2839,#3073,#417,.T.);
#3145=EDGE_CURVE('',#2839,#2842,#174,.T.);
#3147=EDGE_CURVE('',#3077,#2842,#1601,.T.);
#3151=ADVANCED_FACE('',(#3150),#3140,.T.);
#3157=EDGE_CURVE('',#2893,#2888,#157,.T.);
#3159=EDGE_CURVE('',#2815,#2893,#161,.T.);
#3161=EDGE_CURVE('',#2814,#2815,#166,.T.);
#3163=EDGE_CURVE('',#2849,#2814,#170,.T.);
#3165=EDGE_CURVE('',#2843,#2849,#353,.T.);
#3167=EDGE_CURVE('',#2842,#2843,#525,.T.);
#3170=EDGE_CURVE('',#2838,#2839,#509,.T.);
#3173=EDGE_CURVE('',#2818,#2819,#183,.T.);
#3175=EDGE_CURVE('',#2888,#2818,#187,.T.);
#3179=ADVANCED_FACE('',(#3178),#3156,.T.);
#3185=EDGE_CURVE('',#2909,#2904,#191,.T.);
#3187=EDGE_CURVE('',#2807,#2909,#195,.T.);
#3189=EDGE_CURVE('',#2806,#2807,#200,.T.);
#3191=EDGE_CURVE('',#2860,#2806,#204,.T.);
#3193=EDGE_CURVE('',#2860,#2861,#1189,.T.);
#3195=EDGE_CURVE('',#2864,#2861,#208,.T.);
#3197=EDGE_CURVE('',#2864,#2865,#1205,.T.);
#3199=EDGE_CURVE('',#2865,#2875,#1309,.T.);
#3201=EDGE_CURVE('',#2811,#2875,#212,.T.);
#3203=EDGE_CURVE('',#2810,#2811,#217,.T.);
#3205=EDGE_CURVE('',#2904,#2810,#221,.T.);
#3209=ADVANCED_FACE('',(#3208),#3184,.T.);
#3215=EDGE_CURVE('',#2888,#2889,#226,.T.);
#3217=EDGE_CURVE('',#2891,#2889,#317,.T.);
#3219=EDGE_CURVE('',#2891,#2893,#304,.T.);
#3224=ADVANCED_FACE('',(#3223),#3214,.T.);
#3232=EDGE_CURVE('',#2818,#2834,#239,.T.);
#3234=EDGE_CURVE('',#2901,#2834,#247,.T.);
#3236=EDGE_CURVE('',#2899,#2901,#231,.T.);
#3238=EDGE_CURVE('',#2889,#2899,#235,.T.);
#3242=ADVANCED_FACE('',(#3241),#3229,.T.);
#3250=EDGE_CURVE('',#2834,#2835,#252,.T.);
#3255=ADVANCED_FACE('',(#3254),#3247,.T.);
#3261=EDGE_CURVE('',#2901,#2896,#243,.T.);
#3266=EDGE_CURVE('',#2846,#2847,#537,.T.);
#3268=EDGE_CURVE('',#2847,#2855,#461,.T.);
#3270=EDGE_CURVE('',#2855,#2830,#260,.T.);
#3272=EDGE_CURVE('',#2830,#2831,#265,.T.);
#3274=EDGE_CURVE('',#2831,#2896,#269,.T.);
#3278=ADVANCED_FACE('',(#3277),#3260,.F.);
#3284=EDGE_CURVE('',#2917,#2912,#273,.T.);
#3286=EDGE_CURVE('',#2917,#2826,#277,.T.);
#3288=EDGE_CURVE('',#2826,#2827,#282,.T.);
#3290=EDGE_CURVE('',#2827,#2877,#286,.T.);
#3292=EDGE_CURVE('',#2869,#2877,#1449,.T.);
#3294=EDGE_CURVE('',#2868,#2869,#1217,.T.);
#3296=EDGE_CURVE('',#2868,#2822,#290,.T.);
#3298=EDGE_CURVE('',#2822,#2823,#295,.T.);
#3300=EDGE_CURVE('',#2823,#2912,#299,.T.);
#3304=ADVANCED_FACE('',(#3303),#3283,.F.);
#3310=EDGE_CURVE('',#2896,#2897,#309,.T.);
#3312=EDGE_CURVE('',#2899,#2897,#321,.T.);
#3318=ADVANCED_FACE('',(#3317),#3309,.T.);
#3325=EDGE_CURVE('',#2891,#2897,#325,.T.);
#3329=EDGE_CURVE('',#2815,#2831,#313,.T.);
#3334=ADVANCED_FACE('',(#3333),#3323,.T.);
#3346=ADVANCED_FACE('',(#3345),#3339,.T.);
#3355=EDGE_CURVE('',#2814,#2830,#329,.T.);
#3359=ADVANCED_FACE('',(#3358),#3351,.F.);
#3365=EDGE_CURVE('',#3046,#3083,#333,.T.);
#3367=EDGE_CURVE('',#3046,#2849,#357,.T.);
#3372=EDGE_CURVE('',#2857,#2855,#477,.T.);
#3374=EDGE_CURVE('',#2857,#2853,#457,.T.);
#3376=EDGE_CURVE('',#2852,#2853,#429,.T.);
#3378=EDGE_CURVE('',#2883,#2852,#421,.T.);
#3380=EDGE_CURVE('',#3083,#2883,#401,.T.);
#3384=ADVANCED_FACE('',(#3383),#3364,.T.);
#3390=EDGE_CURVE('',#3046,#3047,#337,.T.);
#3393=EDGE_CURVE('',#3083,#3063,#397,.T.);
#3395=EDGE_CURVE('',#3061,#3063,#381,.T.);
#3397=EDGE_CURVE('',#3059,#3061,#373,.T.);
#3399=EDGE_CURVE('',#3059,#3047,#361,.T.);
#3403=ADVANCED_FACE('',(#3402),#3389,.F.);
#3409=EDGE_CURVE('',#3050,#3051,#1301,.T.);
#3411=EDGE_CURVE('',#3051,#3053,#1385,.T.);
#3413=EDGE_CURVE('',#3065,#3053,#1373,.T.);
#3415=EDGE_CURVE('',#3056,#3065,#1361,.T.);
#3417=EDGE_CURVE('',#3056,#3057,#1333,.T.);
#3419=EDGE_CURVE('',#3050,#3057,#1325,.T.);
#3423=ADVANCED_FACE('',(#3422),#3408,.F.);
#3430=EDGE_CURVE('',#3047,#2609,#341,.T.);
#3432=EDGE_CURVE('',#2613,#2609,#2363,.T.);
#3434=EDGE_CURVE('',#2587,#2613,#437,.T.);
#3436=EDGE_CURVE('',#2920,#2587,#1621,.T.);
#3438=EDGE_CURVE('',#2920,#2796,#345,.T.);
#3440=EDGE_CURVE('',#2796,#2843,#349,.T.);
#3446=ADVANCED_FACE('',(#3445),#3428,.F.);
#3453=EDGE_CURVE('',#2608,#3059,#365,.T.);
#3455=EDGE_CURVE('',#2608,#2609,#369,.T.);
#3460=ADVANCED_FACE('',(#3459),#3451,.F.);
#3467=EDGE_CURVE('',#2617,#3061,#389,.T.);
#3469=EDGE_CURVE('',#2617,#2608,#377,.T.);
#3474=ADVANCED_FACE('',(#3473),#3465,.F.);
#3481=EDGE_CURVE('',#2619,#3063,#393,.T.);
#3483=EDGE_CURVE('',#2619,#2617,#385,.T.);
#3488=ADVANCED_FACE('',(#3487),#3479,.F.);
#3497=EDGE_CURVE('',#2619,#2883,#405,.T.);
#3501=ADVANCED_FACE('',(#3500),#3493,.F.);
#3507=EDGE_CURVE('',#3072,#3073,#409,.T.);
#3509=EDGE_CURVE('',#2803,#3072,#1593,.T.);
#3512=EDGE_CURVE('',#2839,#2885,#513,.T.);
#3517=ADVANCED_FACE('',(#3516),#3506,.F.);
#3524=EDGE_CURVE('',#2621,#2852,#453,.T.);
#3526=EDGE_CURVE('',#2619,#2621,#425,.T.);
#3531=ADVANCED_FACE('',(#3530),#3522,.T.);
#3538=EDGE_CURVE('',#2853,#2561,#433,.T.);
#3540=EDGE_CURVE('',#2587,#2561,#1625,.T.);
#3543=EDGE_CURVE('',#2612,#2613,#441,.T.);
#3545=EDGE_CURVE('',#2615,#2612,#445,.T.);
#3547=EDGE_CURVE('',#2621,#2615,#449,.T.);
#3552=ADVANCED_FACE('',(#3551),#3536,.F.);
#3559=EDGE_CURVE('',#2857,#2560,#473,.T.);
#3561=EDGE_CURVE('',#2560,#2561,#1629,.T.);
#3566=ADVANCED_FACE('',(#3565),#3557,.T.);
#3573=EDGE_CURVE('',#2847,#2424,#465,.T.);
#3575=EDGE_CURVE('',#2429,#2424,#1733,.T.);
#3577=EDGE_CURVE('',#2429,#2569,#469,.T.);
#3579=EDGE_CURVE('',#2573,#2569,#1693,.T.);
#3581=EDGE_CURVE('',#2383,#2573,#1677,.T.);
#3583=EDGE_CURVE('',#2560,#2383,#1633,.T.);
#3589=ADVANCED_FACE('',(#3588),#3571,.F.);
#3595=EDGE_CURVE('',#2520,#2525,#481,.T.);
#3597=EDGE_CURVE('',#2525,#2407,#1837,.T.);
#3599=EDGE_CURVE('',#2407,#2409,#637,.T.);
#3601=EDGE_CURVE('',#2409,#2520,#485,.T.);
#3605=ADVANCED_FACE('',(#3604),#3594,.T.);
#3611=EDGE_CURVE('',#2535,#2533,#489,.T.);
#3613=EDGE_CURVE('',#2533,#2460,#493,.T.);
#3615=EDGE_CURVE('',#2464,#2460,#1853,.T.);
#3617=EDGE_CURVE('',#2467,#2464,#497,.T.);
#3619=EDGE_CURVE('',#2493,#2467,#1773,.T.);
#3621=EDGE_CURVE('',#2398,#2493,#653,.T.);
#3623=EDGE_CURVE('',#2398,#2399,#553,.T.);
#3625=EDGE_CURVE('',#2497,#2399,#2343,.T.);
#3627=EDGE_CURVE('',#2501,#2497,#2335,.T.);
#3629=EDGE_CURVE('',#2507,#2501,#501,.T.);
#3631=EDGE_CURVE('',#2507,#2535,#505,.T.);
#3635=ADVANCED_FACE('',(#3634),#3610,.T.);
#3647=ADVANCED_FACE('',(#3646),#3640,.T.);
#3655=EDGE_CURVE('',#2796,#2797,#529,.T.);
#3657=EDGE_CURVE('',#2797,#2842,#533,.T.);
#3661=ADVANCED_FACE('',(#3660),#3652,.T.);
#3669=EDGE_CURVE('',#2575,#2943,#1689,.T.);
#3671=EDGE_CURVE('',#2425,#2575,#1769,.T.);
#3673=EDGE_CURVE('',#2424,#2425,#1721,.T.);
#3678=ADVANCED_FACE('',(#3677),#3666,.T.);
#3684=EDGE_CURVE('',#2520,#2521,#549,.T.);
#3686=EDGE_CURVE('',#2521,#2523,#1029,.T.);
#3688=EDGE_CURVE('',#2525,#2523,#545,.T.);
#3693=ADVANCED_FACE('',(#3692),#3683,.T.);
#3701=EDGE_CURVE('',#2409,#2411,#633,.T.);
#3703=EDGE_CURVE('',#2521,#2411,#1881,.T.);
#3707=ADVANCED_FACE('',(#3706),#3698,.F.);
#3714=EDGE_CURVE('',#2403,#2398,#557,.T.);
#3716=EDGE_CURVE('',#2401,#2403,#561,.T.);
#3718=EDGE_CURVE('',#2399,#2401,#565,.T.);
#3722=ADVANCED_FACE('',(#3721),#3712,.T.);
#3728=EDGE_CURVE('',#2948,#2949,#569,.T.);
#3730=EDGE_CURVE('',#2953,#2948,#573,.T.);
#3732=EDGE_CURVE('',#2951,#2953,#577,.T.);
#3734=EDGE_CURVE('',#2949,#2951,#581,.T.);
#3738=ADVANCED_FACE('',(#3737),#3727,.T.);
#3744=EDGE_CURVE('',#2956,#2433,#585,.T.);
#3746=EDGE_CURVE('',#2432,#2433,#589,.T.);
#3748=EDGE_CURVE('',#2437,#2432,#593,.T.);
#3750=EDGE_CURVE('',#2963,#2437,#597,.T.);
#3752=EDGE_CURVE('',#2961,#2963,#601,.T.);
#3754=EDGE_CURVE('',#2959,#2961,#605,.T.);
#3756=EDGE_CURVE('',#2957,#2959,#609,.T.);
#3758=EDGE_CURVE('',#2956,#2957,#613,.T.);
#3762=ADVANCED_FACE('',(#3761),#3743,.T.);
#3768=EDGE_CURVE('',#2435,#2406,#617,.T.);
#3770=EDGE_CURVE('',#2967,#2435,#621,.T.);
#3772=EDGE_CURVE('',#2966,#2967,#625,.T.);
#3774=EDGE_CURVE('',#2413,#2966,#1865,.T.);
#3776=EDGE_CURVE('',#2411,#2413,#629,.T.);
#3780=EDGE_CURVE('',#2406,#2407,#641,.T.);
#3784=ADVANCED_FACE('',(#3783),#3767,.T.);
#3790=EDGE_CURVE('',#2379,#2503,#645,.T.);
#3792=EDGE_CURVE('',#2505,#2503,#2359,.T.);
#3794=EDGE_CURVE('',#2505,#2403,#649,.T.);
#3798=EDGE_CURVE('',#2493,#2491,#657,.T.);
#3800=EDGE_CURVE('',#2379,#2491,#1649,.T.);
#3804=ADVANCED_FACE('',(#3803),#3789,.F.);
#3810=EDGE_CURVE('',#2378,#2516,#661,.T.);
#3812=EDGE_CURVE('',#2507,#2516,#1877,.T.);
#3815=EDGE_CURVE('',#2500,#2501,#665,.T.);
#3817=EDGE_CURVE('',#2503,#2500,#669,.T.);
#3820=EDGE_CURVE('',#2378,#2379,#1645,.T.);
#3824=ADVANCED_FACE('',(#3823),#3809,.F.);
#3830=EDGE_CURVE('',#2764,#2771,#673,.T.);
#3832=EDGE_CURVE('',#2748,#2764,#809,.T.);
#3834=EDGE_CURVE('',#2748,#2749,#677,.T.);
#3836=EDGE_CURVE('',#2745,#2749,#681,.T.);
#3838=EDGE_CURVE('',#2744,#2745,#685,.T.);
#3840=EDGE_CURVE('',#2395,#2744,#793,.T.);
#3842=EDGE_CURVE('',#2388,#2395,#689,.T.);
#3844=EDGE_CURVE('',#2513,#2388,#1233,.T.);
#3846=EDGE_CURVE('',#2512,#2513,#693,.T.);
#3848=EDGE_CURVE('',#2512,#2640,#989,.T.);
#3850=EDGE_CURVE('',#2640,#2641,#697,.T.);
#3852=EDGE_CURVE('',#2641,#2643,#701,.T.);
#3854=EDGE_CURVE('',#2645,#2643,#705,.T.);
#3856=EDGE_CURVE('',#2645,#2648,#981,.T.);
#3858=EDGE_CURVE('',#2648,#2649,#709,.T.);
#3860=EDGE_CURVE('',#2649,#2651,#713,.T.);
#3862=EDGE_CURVE('',#2653,#2651,#717,.T.);
#3864=EDGE_CURVE('',#2653,#2517,#973,.T.);
#3866=EDGE_CURVE('',#2516,#2517,#721,.T.);
#3869=EDGE_CURVE('',#2378,#2385,#1641,.T.);
#3871=EDGE_CURVE('',#2768,#2385,#769,.T.);
#3873=EDGE_CURVE('',#2768,#2773,#725,.T.);
#3875=EDGE_CURVE('',#2771,#2773,#729,.T.);
#3879=ADVANCED_FACE('',(#3878),#3829,.T.);
#3885=EDGE_CURVE('',#2764,#2765,#757,.T.);
#3888=EDGE_CURVE('',#2771,#3030,#733,.T.);
#3890=EDGE_CURVE('',#3030,#3031,#737,.T.);
#3892=EDGE_CURVE('',#3031,#2765,#741,.T.);
#3896=ADVANCED_FACE('',(#3895),#3884,.F.);
#3902=EDGE_CURVE('',#2776,#2777,#909,.T.);
#3904=EDGE_CURVE('',#2777,#3034,#745,.T.);
#3906=EDGE_CURVE('',#3034,#3035,#749,.T.);
#3908=EDGE_CURVE('',#3035,#2776,#753,.T.);
#3912=ADVANCED_FACE('',(#3911),#3901,.F.);
#3919=EDGE_CURVE('',#2765,#2769,#761,.T.);
#3921=EDGE_CURVE('',#2768,#2769,#765,.T.);
#3924=EDGE_CURVE('',#2385,#2382,#773,.T.);
#3926=EDGE_CURVE('',#2941,#2382,#1673,.T.);
#3929=EDGE_CURVE('',#2939,#2928,#781,.T.);
#3931=EDGE_CURVE('',#2933,#2928,#785,.T.);
#3933=EDGE_CURVE('',#2392,#2933,#1465,.T.);
#3935=EDGE_CURVE('',#2392,#2395,#789,.T.);
#3938=EDGE_CURVE('',#2744,#2759,#797,.T.);
#3940=EDGE_CURVE('',#2759,#2761,#801,.T.);
#3942=EDGE_CURVE('',#2748,#2761,#805,.T.);
#3947=ADVANCED_FACE('',(#3946),#3917,.F.);
#3955=EDGE_CURVE('',#3031,#3039,#813,.T.);
#3957=EDGE_CURVE('',#3039,#2769,#821,.T.);
#3961=ADVANCED_FACE('',(#3960),#3952,.T.);
#3968=EDGE_CURVE('',#3030,#3038,#817,.T.);
#3970=EDGE_CURVE('',#3038,#3039,#825,.T.);
#3975=ADVANCED_FACE('',(#3974),#3966,.T.);
#3982=EDGE_CURVE('',#2773,#3038,#829,.T.);
#3988=ADVANCED_FACE('',(#3987),#3980,.T.);
#4001=ADVANCED_FACE('',(#4000),#3993,.T.);
#4007=EDGE_CURVE('',#2780,#2781,#917,.T.);
#4009=EDGE_CURVE('',#3043,#2780,#833,.T.);
#4011=EDGE_CURVE('',#3042,#3043,#837,.T.);
#4013=EDGE_CURVE('',#2781,#3042,#841,.T.);
#4017=ADVANCED_FACE('',(#4016),#4006,.T.);
#4023=EDGE_CURVE('',#2721,#2668,#845,.T.);
#4025=EDGE_CURVE('',#2709,#2721,#849,.T.);
#4027=EDGE_CURVE('',#2708,#2709,#853,.T.);
#4029=EDGE_CURVE('',#2719,#2708,#857,.T.);
#4031=EDGE_CURVE('',#2665,#2719,#861,.T.);
#4033=EDGE_CURVE('',#2663,#2665,#865,.T.);
#4035=EDGE_CURVE('',#2661,#2663,#869,.T.);
#4037=EDGE_CURVE('',#2659,#2661,#873,.T.);
#4039=EDGE_CURVE('',#2657,#2659,#877,.T.);
#4041=EDGE_CURVE('',#2656,#2657,#881,.T.);
#4043=EDGE_CURVE('',#2669,#2656,#885,.T.);
#4045=EDGE_CURVE('',#2668,#2669,#889,.T.);
#4049=EDGE_CURVE('',#2752,#2753,#893,.T.);
#4051=EDGE_CURVE('',#2752,#2756,#897,.T.);
#4053=EDGE_CURVE('',#2756,#2757,#901,.T.);
#4055=EDGE_CURVE('',#2753,#2757,#905,.T.);
#4060=EDGE_CURVE('',#2776,#2780,#913,.T.);
#4063=EDGE_CURVE('',#2777,#2781,#921,.T.);
#4067=EDGE_CURVE('',#3000,#3001,#925,.T.);
#4069=EDGE_CURVE('',#3001,#3003,#929,.T.);
#4071=EDGE_CURVE('',#3003,#3005,#933,.T.);
#4073=EDGE_CURVE('',#3005,#3007,#937,.T.);
#4075=EDGE_CURVE('',#3007,#3009,#941,.T.);
#4077=EDGE_CURVE('',#3009,#3011,#945,.T.);
#4079=EDGE_CURVE('',#3011,#3000,#949,.T.);
#4083=ADVANCED_FACE('',(#4048,#4058,#4066,#4082),#4022,.T.);
#4089=EDGE_CURVE('',#2719,#2712,#953,.T.);
#4091=EDGE_CURVE('',#2673,#2712,#1081,.T.);
#4093=EDGE_CURVE('',#2672,#2673,#957,.T.);
#4095=EDGE_CURVE('',#2672,#2665,#961,.T.);
#4100=ADVANCED_FACE('',(#4099),#4088,.F.);
#4106=EDGE_CURVE('',#2721,#2717,#965,.T.);
#4109=EDGE_CURVE('',#2687,#2668,#2115,.T.);
#4111=EDGE_CURVE('',#2686,#2687,#969,.T.);
#4113=EDGE_CURVE('',#2717,#2686,#1057,.T.);
#4117=ADVANCED_FACE('',(#4116),#4105,.F.);
#4123=EDGE_CURVE('',#2712,#2713,#1085,.T.);
#4127=EDGE_CURVE('',#2713,#2708,#2049,.T.);
#4131=ADVANCED_FACE('',(#4130),#4122,.F.);
#4138=EDGE_CURVE('',#2653,#2632,#977,.T.);
#4140=EDGE_CURVE('',#2632,#2633,#1117,.T.);
#4142=EDGE_CURVE('',#2648,#2633,#1097,.T.);
#4145=EDGE_CURVE('',#2645,#2629,#985,.T.);
#4147=EDGE_CURVE('',#2629,#2624,#1105,.T.);
#4149=EDGE_CURVE('',#2640,#2624,#1133,.T.);
#4152=EDGE_CURVE('',#2540,#2512,#993,.T.);
#4154=EDGE_CURVE('',#2545,#2540,#997,.T.);
#4156=EDGE_CURVE('',#2545,#2557,#1001,.T.);
#4158=EDGE_CURVE('',#2551,#2557,#1005,.T.);
#4160=EDGE_CURVE('',#2549,#2551,#1009,.T.);
#4162=EDGE_CURVE('',#2375,#2549,#1013,.T.);
#4164=EDGE_CURVE('',#2374,#2375,#1017,.T.);
#4166=EDGE_CURVE('',#2528,#2374,#1021,.T.);
#4168=EDGE_CURVE('',#2523,#2528,#1025,.T.);
#4171=EDGE_CURVE('',#2521,#2532,#1033,.T.);
#4173=EDGE_CURVE('',#2537,#2532,#1037,.T.);
#4175=EDGE_CURVE('',#2517,#2537,#1041,.T.);
#4179=EDGE_CURVE('',#2713,#2731,#1045,.T.);
#4181=EDGE_CURVE('',#2731,#2728,#2103,.T.);
#4183=EDGE_CURVE('',#2724,#2728,#2087,.T.);
#4185=EDGE_CURVE('',#2733,#2724,#2071,.T.);
#4187=EDGE_CURVE('',#2733,#2716,#1049,.T.);
#4189=EDGE_CURVE('',#2716,#2717,#1053,.T.);
#4192=EDGE_CURVE('',#2689,#2686,#1061,.T.);
#4194=EDGE_CURVE('',#2696,#2689,#2131,.T.);
#4196=EDGE_CURVE('',#2696,#2697,#1065,.T.);
#4198=EDGE_CURVE('',#2699,#2697,#1069,.T.);
#4200=EDGE_CURVE('',#2699,#2703,#1073,.T.);
#4202=EDGE_CURVE('',#2675,#2703,#2179,.T.);
#4204=EDGE_CURVE('',#2673,#2675,#1077,.T.);
#4210=ADVANCED_FACE('',(#4178,#4209),#4136,.T.);
#4217=EDGE_CURVE('',#2651,#2637,#1089,.T.);
#4219=EDGE_CURVE('',#2637,#2632,#1121,.T.);
#4224=ADVANCED_FACE('',(#4223),#4215,.T.);
#4231=EDGE_CURVE('',#2649,#2635,#1093,.T.);
#4233=EDGE_CURVE('',#2635,#2637,#1125,.T.);
#4238=ADVANCED_FACE('',(#4237),#4229,.T.);
#4246=EDGE_CURVE('',#2633,#2635,#1129,.T.);
#4251=ADVANCED_FACE('',(#4250),#4243,.T.);
#4257=EDGE_CURVE('',#2624,#2625,#1101,.T.);
#4260=EDGE_CURVE('',#2627,#2629,#1109,.T.);
#4262=EDGE_CURVE('',#2625,#2627,#1113,.T.);
#4266=ADVANCED_FACE('',(#4265),#4256,.T.);
#4278=ADVANCED_FACE('',(#4277),#4271,.T.);
#4287=EDGE_CURVE('',#2641,#2625,#1137,.T.);
#4291=ADVANCED_FACE('',(#4290),#4283,.T.);
#4300=EDGE_CURVE('',#2643,#2627,#1141,.T.);
#4304=ADVANCED_FACE('',(#4303),#4296,.T.);
#4316=ADVANCED_FACE('',(#4315),#4309,.T.);
#4322=EDGE_CURVE('',#2540,#2541,#1145,.T.);
#4326=EDGE_CURVE('',#2513,#2477,#1149,.T.);
#4328=EDGE_CURVE('',#2541,#2477,#1157,.T.);
#4332=ADVANCED_FACE('',(#4331),#4321,.T.);
#4339=EDGE_CURVE('',#2543,#2541,#1153,.T.);
#4341=EDGE_CURVE('',#2543,#2545,#1921,.T.);
#4346=ADVANCED_FACE('',(#4345),#4337,.T.);
#4354=EDGE_CURVE('',#2476,#2477,#1161,.T.);
#4356=EDGE_CURVE('',#2983,#2476,#2033,.T.);
#4358=EDGE_CURVE('',#2983,#2953,#1165,.T.);
#4361=EDGE_CURVE('',#2948,#2487,#1169,.T.);
#4363=EDGE_CURVE('',#2473,#2487,#2009,.T.);
#4365=EDGE_CURVE('',#2472,#2473,#1173,.T.);
#4367=EDGE_CURVE('',#2973,#2472,#1937,.T.);
#4369=EDGE_CURVE('',#2973,#2543,#1177,.T.);
#4373=ADVANCED_FACE('',(#4372),#4351,.T.);
#4379=EDGE_CURVE('',#2553,#2555,#1181,.T.);
#4381=EDGE_CURVE('',#2555,#2959,#1185,.T.);
#4384=EDGE_CURVE('',#2553,#2961,#2005,.T.);
#4388=ADVANCED_FACE('',(#4387),#4378,.T.);
#4395=EDGE_CURVE('',#2860,#2931,#1193,.T.);
#4397=EDGE_CURVE('',#2931,#2785,#1197,.T.);
#4399=EDGE_CURVE('',#2785,#2861,#1201,.T.);
#4403=ADVANCED_FACE('',(#4402),#4393,.T.);
#4410=EDGE_CURVE('',#2788,#2864,#1209,.T.);
#4412=EDGE_CURVE('',#2788,#2789,#1213,.T.);
#4414=EDGE_CURVE('',#2865,#2789,#1313,.T.);
#4418=ADVANCED_FACE('',(#4417),#4408,.T.);
#4425=EDGE_CURVE('',#2869,#2416,#1221,.T.);
#4427=EDGE_CURVE('',#2421,#2416,#1717,.T.);
#4429=EDGE_CURVE('',#2421,#2585,#1225,.T.);
#4431=EDGE_CURVE('',#2945,#2585,#1753,.T.);
#4433=EDGE_CURVE('',#2945,#2868,#1229,.T.);
#4437=ADVANCED_FACE('',(#4436),#4423,.T.);
#4446=EDGE_CURVE('',#2388,#2389,#1277,.T.);
#4448=EDGE_CURVE('',#2389,#2509,#1237,.T.);
#4450=EDGE_CURVE('',#2981,#2509,#1241,.T.);
#4452=EDGE_CURVE('',#2476,#2981,#1245,.T.);
#4456=ADVANCED_FACE('',(#4455),#4442,.F.);
#4462=EDGE_CURVE('',#2924,#2925,#1249,.T.);
#4464=EDGE_CURVE('',#2375,#2924,#1253,.T.);
#4467=EDGE_CURVE('',#2548,#2549,#1257,.T.);
#4469=EDGE_CURVE('',#2548,#2480,#1261,.T.);
#4471=EDGE_CURVE('',#2480,#2485,#1265,.T.);
#4473=EDGE_CURVE('',#2484,#2485,#1269,.T.);
#4475=EDGE_CURVE('',#2484,#2389,#1273,.T.);
#4480=EDGE_CURVE('',#2392,#2393,#1281,.T.);
#4482=EDGE_CURVE('',#2393,#2565,#1285,.T.);
#4484=EDGE_CURVE('',#2564,#2565,#1289,.T.);
#4486=EDGE_CURVE('',#2564,#2589,#1293,.T.);
#4488=EDGE_CURVE('',#2925,#2589,#1297,.T.);
#4492=ADVANCED_FACE('',(#4491),#4461,.T.);
#4499=EDGE_CURVE('',#2789,#2925,#1317,.T.);
#4501=EDGE_CURVE('',#2789,#2793,#1885,.T.);
#4503=EDGE_CURVE('',#2793,#2924,#1573,.T.);
#4507=ADVANCED_FACE('',(#4506),#4497,.T.);
#4514=EDGE_CURVE('',#3050,#2875,#1305,.T.);
#4520=EDGE_CURVE('',#2589,#2603,#1321,.T.);
#4522=EDGE_CURVE('',#2605,#2603,#1405,.T.);
#4524=EDGE_CURVE('',#3051,#2605,#1389,.T.);
#4528=ADVANCED_FACE('',(#4527),#4512,.F.);
#4535=EDGE_CURVE('',#3057,#2881,#1341,.T.);
#4537=EDGE_CURVE('',#2881,#2873,#1433,.T.);
#4539=EDGE_CURVE('',#2872,#2873,#1409,.T.);
#4541=EDGE_CURVE('',#2872,#2879,#1445,.T.);
#4543=EDGE_CURVE('',#2879,#2877,#1453,.T.);
#4546=EDGE_CURVE('',#2811,#2827,#1329,.T.);
#4552=ADVANCED_FACE('',(#4551),#4533,.T.);
#4559=EDGE_CURVE('',#2597,#3056,#1369,.T.);
#4561=EDGE_CURVE('',#2881,#2597,#1337,.T.);
#4566=ADVANCED_FACE('',(#4565),#4557,.F.);
#4572=EDGE_CURVE('',#3068,#3069,#1345,.T.);
#4574=EDGE_CURVE('',#3069,#2861,#1349,.T.);
#4577=EDGE_CURVE('',#2784,#2785,#1353,.T.);
#4579=EDGE_CURVE('',#2784,#3068,#1357,.T.);
#4583=ADVANCED_FACE('',(#4582),#4571,.F.);
#4590=EDGE_CURVE('',#2596,#3065,#1381,.T.);
#4592=EDGE_CURVE('',#2596,#2597,#1365,.T.);
#4597=ADVANCED_FACE('',(#4596),#4588,.F.);
#4604=EDGE_CURVE('',#2599,#3053,#1397,.T.);
#4606=EDGE_CURVE('',#2599,#2596,#1377,.T.);
#4611=ADVANCED_FACE('',(#4610),#4602,.F.);
#4619=EDGE_CURVE('',#2605,#2599,#1393,.T.);
#4624=ADVANCED_FACE('',(#4623),#4616,.F.);
#4630=EDGE_CURVE('',#2603,#2601,#1425,.T.);
#4632=EDGE_CURVE('',#2599,#2601,#1401,.T.);
#4638=ADVANCED_FACE('',(#4637),#4629,.T.);
#4645=EDGE_CURVE('',#2873,#2593,#1413,.T.);
#4647=EDGE_CURVE('',#2592,#2593,#1417,.T.);
#4649=EDGE_CURVE('',#2601,#2592,#1421,.T.);
#4654=EDGE_CURVE('',#2872,#2564,#1429,.T.);
#4658=ADVANCED_FACE('',(#4657),#4643,.F.);
#4666=EDGE_CURVE('',#2597,#2593,#1437,.T.);
#4671=ADVANCED_FACE('',(#4670),#4663,.T.);
#4680=EDGE_CURVE('',#2596,#2592,#1441,.T.);
#4684=ADVANCED_FACE('',(#4683),#4676,.T.);
#4696=ADVANCED_FACE('',(#4695),#4689,.T.);
#4705=EDGE_CURVE('',#2879,#2565,#1457,.T.);
#4709=ADVANCED_FACE('',(#4708),#4701,.T.);
#4719=EDGE_CURVE('',#2393,#2578,#1461,.T.);
#4721=EDGE_CURVE('',#2582,#2578,#1749,.T.);
#4723=EDGE_CURVE('',#2417,#2582,#1741,.T.);
#4725=EDGE_CURVE('',#2416,#2417,#1705,.T.);
#4730=ADVANCED_FACE('',(#4729),#4714,.F.);
#4737=EDGE_CURVE('',#2945,#2933,#1481,.T.);
#4739=EDGE_CURVE('',#2579,#2945,#1469,.T.);
#4741=EDGE_CURVE('',#2578,#2579,#1473,.T.);
#4747=ADVANCED_FACE('',(#4746),#4735,.F.);
#4753=EDGE_CURVE('',#2868,#2860,#1477,.T.);
#4758=EDGE_CURVE('',#2928,#2929,#1545,.T.);
#4760=EDGE_CURVE('',#2929,#2931,#1901,.T.);
#4765=ADVANCED_FACE('',(#4764),#4752,.T.);
#4772=EDGE_CURVE('',#2806,#2822,#1489,.T.);
#4778=ADVANCED_FACE('',(#4777),#4770,.T.);
#4784=EDGE_CURVE('',#3080,#3069,#1485,.T.);
#4786=EDGE_CURVE('',#3080,#2864,#1897,.T.);
#4792=ADVANCED_FACE('',(#4791),#4783,.T.);
#4799=EDGE_CURVE('',#2807,#2823,#1503,.T.);
#4805=ADVANCED_FACE('',(#4804),#4797,.T.);
#4811=EDGE_CURVE('',#2907,#2909,#1494,.T.);
#4813=EDGE_CURVE('',#2907,#2913,#1533,.T.);
#4815=EDGE_CURVE('',#2912,#2913,#1499,.T.);
#4822=ADVANCED_FACE('',(#4821),#4810,.T.);
#4828=EDGE_CURVE('',#2904,#2905,#1508,.T.);
#4830=EDGE_CURVE('',#2907,#2905,#1525,.T.);
#4836=ADVANCED_FACE('',(#4835),#4827,.T.);
#4844=EDGE_CURVE('',#2810,#2826,#1521,.T.);
#4847=EDGE_CURVE('',#2915,#2917,#1513,.T.);
#4849=EDGE_CURVE('',#2905,#2915,#1517,.T.);
#4853=ADVANCED_FACE('',(#4852),#4841,.T.);
#4865=ADVANCED_FACE('',(#4864),#4858,.F.);
#4872=EDGE_CURVE('',#2915,#2913,#1529,.T.);
#4878=ADVANCED_FACE('',(#4877),#4870,.T.);
#4890=ADVANCED_FACE('',(#4889),#4883,.T.);
#4897=EDGE_CURVE('',#3081,#3068,#1537,.T.);
#4899=EDGE_CURVE('',#3080,#3081,#1889,.T.);
#4904=ADVANCED_FACE('',(#4903),#4895,.T.);
#4912=EDGE_CURVE('',#3075,#3077,#1597,.T.);
#4914=EDGE_CURVE('',#3072,#3075,#1589,.T.);
#4918=ADVANCED_FACE('',(#4917),#4909,.T.);
#4926=EDGE_CURVE('',#2791,#2784,#1581,.T.);
#4928=EDGE_CURVE('',#2791,#3081,#1541,.T.);
#4932=ADVANCED_FACE('',(#4931),#4923,.F.);
#4942=EDGE_CURVE('',#2803,#2801,#1557,.T.);
#4944=EDGE_CURVE('',#2800,#2801,#1561,.T.);
#4946=EDGE_CURVE('',#2921,#2800,#1565,.T.);
#4948=EDGE_CURVE('',#2374,#2921,#1569,.T.);
#4953=EDGE_CURVE('',#2791,#2793,#1577,.T.);
#4956=EDGE_CURVE('',#2929,#2784,#1585,.T.);
#4960=ADVANCED_FACE('',(#4959),#4937,.T.);
#4967=EDGE_CURVE('',#2801,#3075,#1609,.T.);
#4973=ADVANCED_FACE('',(#4972),#4965,.F.);
#4982=EDGE_CURVE('',#2797,#2801,#1605,.T.);
#4987=ADVANCED_FACE('',(#4986),#4978,.F.);
#4994=EDGE_CURVE('',#2796,#2800,#1613,.T.);
#5000=ADVANCED_FACE('',(#4999),#4992,.T.);
#5006=EDGE_CURVE('',#2920,#2921,#1617,.T.);
#5013=ADVANCED_FACE('',(#5012),#5005,.T.);
#5024=EDGE_CURVE('',#2382,#2383,#1637,.T.);
#5030=EDGE_CURVE('',#2490,#2491,#1653,.T.);
#5032=EDGE_CURVE('',#2490,#2469,#1657,.T.);
#5034=EDGE_CURVE('',#2529,#2469,#1661,.T.);
#5036=EDGE_CURVE('',#2528,#2529,#1665,.T.);
#5042=ADVANCED_FACE('',(#5041),#5018,.T.);
#5048=EDGE_CURVE('',#2943,#2572,#1669,.T.);
#5054=EDGE_CURVE('',#2572,#2573,#1681,.T.);
#5058=ADVANCED_FACE('',(#5057),#5047,.F.);
#5065=EDGE_CURVE('',#2568,#2572,#1685,.T.);
#5067=EDGE_CURVE('',#2575,#2568,#1765,.T.);
#5072=ADVANCED_FACE('',(#5071),#5063,.T.);
#5078=EDGE_CURVE('',#2568,#2569,#1697,.T.);
#5085=ADVANCED_FACE('',(#5084),#5077,.T.);
#5093=EDGE_CURVE('',#2427,#2429,#1729,.T.);
#5095=EDGE_CURVE('',#2427,#2568,#1701,.T.);
#5099=ADVANCED_FACE('',(#5098),#5090,.F.);
#5106=EDGE_CURVE('',#2417,#2419,#1709,.T.);
#5108=EDGE_CURVE('',#2419,#2421,#1713,.T.);
#5113=ADVANCED_FACE('',(#5112),#5104,.F.);
#5120=EDGE_CURVE('',#2425,#2427,#1725,.T.);
#5126=ADVANCED_FACE('',(#5125),#5118,.F.);
#5132=EDGE_CURVE('',#2582,#2583,#1737,.T.);
#5134=EDGE_CURVE('',#2419,#2583,#1761,.T.);
#5140=ADVANCED_FACE('',(#5139),#5131,.F.);
#5147=EDGE_CURVE('',#2583,#2579,#1745,.T.);
#5153=ADVANCED_FACE('',(#5152),#5145,.T.);
#5161=EDGE_CURVE('',#2583,#2585,#1757,.T.);
#5166=ADVANCED_FACE('',(#5165),#5158,.T.);
#5178=ADVANCED_FACE('',(#5177),#5171,.F.);
#5190=ADVANCED_FACE('',(#5189),#5183,.F.);
#5199=EDGE_CURVE('',#2467,#2490,#1781,.T.);
#5203=ADVANCED_FACE('',(#5202),#5195,.T.);
#5209=EDGE_CURVE('',#2452,#2453,#1777,.T.);
#5211=EDGE_CURVE('',#2469,#2452,#1829,.T.);
#5216=EDGE_CURVE('',#2464,#2465,#1785,.T.);
#5218=EDGE_CURVE('',#2971,#2465,#1789,.T.);
#5220=EDGE_CURVE('',#2453,#2971,#1793,.T.);
#5224=ADVANCED_FACE('',(#5223),#5208,.F.);
#5231=EDGE_CURVE('',#2457,#2453,#1797,.T.);
#5233=EDGE_CURVE('',#2456,#2457,#1817,.T.);
#5235=EDGE_CURVE('',#2456,#2452,#1801,.T.);
#5239=ADVANCED_FACE('',(#5238),#5229,.T.);
#5245=EDGE_CURVE('',#2457,#2969,#1809,.T.);
#5249=EDGE_CURVE('',#2969,#2971,#1805,.T.);
#5253=ADVANCED_FACE('',(#5252),#5244,.T.);
#5259=EDGE_CURVE('',#2435,#2457,#1821,.T.);
#5262=EDGE_CURVE('',#2969,#2967,#1813,.T.);
#5267=ADVANCED_FACE('',(#5266),#5258,.F.);
#5276=EDGE_CURVE('',#2456,#2406,#1833,.T.);
#5280=ADVANCED_FACE('',(#5279),#5272,.F.);
#5286=EDGE_CURVE('',#2525,#2529,#1825,.T.);
#5296=ADVANCED_FACE('',(#5295),#5285,.F.);
#5308=ADVANCED_FACE('',(#5307),#5301,.T.);
#5315=EDGE_CURVE('',#2969,#2461,#1841,.T.);
#5317=EDGE_CURVE('',#2461,#2966,#1845,.T.);
#5322=ADVANCED_FACE('',(#5321),#5313,.F.);
#5329=EDGE_CURVE('',#2461,#2465,#1849,.T.);
#5335=ADVANCED_FACE('',(#5334),#5327,.T.);
#5341=EDGE_CURVE('',#2460,#2461,#1869,.T.);
#5348=ADVANCED_FACE('',(#5347),#5340,.T.);
#5354=EDGE_CURVE('',#2532,#2533,#1857,.T.);
#5356=EDGE_CURVE('',#2532,#2413,#1861,.T.);
#5364=ADVANCED_FACE('',(#5363),#5353,.F.);
#5372=EDGE_CURVE('',#2535,#2537,#1873,.T.);
#5377=ADVANCED_FACE('',(#5376),#5369,.T.);
#5390=ADVANCED_FACE('',(#5389),#5382,.T.);
#5402=ADVANCED_FACE('',(#5401),#5395,.F.);
#5409=EDGE_CURVE('',#2788,#2791,#1893,.T.);
#5415=ADVANCED_FACE('',(#5414),#5407,.T.);
#5428=ADVANCED_FACE('',(#5427),#5420,.F.);
#5440=ADVANCED_FACE('',(#5439),#5433,.T.);
#5448=EDGE_CURVE('',#2553,#2551,#1905,.T.);
#5450=EDGE_CURVE('',#2548,#2553,#2001,.T.);
#5454=ADVANCED_FACE('',(#5453),#5445,.T.);
#5463=EDGE_CURVE('',#2557,#2555,#1909,.T.);
#5467=ADVANCED_FACE('',(#5466),#5459,.T.);
#5474=EDGE_CURVE('',#2557,#2957,#1913,.T.);
#5480=ADVANCED_FACE('',(#5479),#5472,.F.);
#5487=EDGE_CURVE('',#2545,#2956,#1917,.T.);
#5493=ADVANCED_FACE('',(#5492),#5485,.F.);
#5501=EDGE_CURVE('',#2440,#2973,#1925,.T.);
#5503=EDGE_CURVE('',#2440,#2433,#1929,.T.);
#5509=ADVANCED_FACE('',(#5508),#5498,.F.);
#5515=EDGE_CURVE('',#2444,#2472,#1945,.T.);
#5517=EDGE_CURVE('',#2440,#2444,#1933,.T.);
#5523=ADVANCED_FACE('',(#5522),#5514,.T.);
#5529=EDGE_CURVE('',#2444,#2445,#1941,.T.);
#5533=EDGE_CURVE('',#2473,#2485,#1949,.T.);
#5536=EDGE_CURVE('',#2480,#2481,#1953,.T.);
#5538=EDGE_CURVE('',#2447,#2481,#1957,.T.);
#5540=EDGE_CURVE('',#2445,#2447,#1961,.T.);
#5544=ADVANCED_FACE('',(#5543),#5528,.F.);
#5550=EDGE_CURVE('',#2440,#2441,#1969,.T.);
#5554=EDGE_CURVE('',#2441,#2445,#1965,.T.);
#5558=ADVANCED_FACE('',(#5557),#5549,.T.);
#5565=EDGE_CURVE('',#2441,#2432,#1973,.T.);
#5571=ADVANCED_FACE('',(#5570),#5563,.F.);
#5577=EDGE_CURVE('',#2441,#2449,#1977,.T.);
#5579=EDGE_CURVE('',#2437,#2449,#1989,.T.);
#5585=ADVANCED_FACE('',(#5584),#5576,.F.);
#5592=EDGE_CURVE('',#2449,#2447,#1981,.T.);
#5598=ADVANCED_FACE('',(#5597),#5590,.T.);
#5604=EDGE_CURVE('',#2449,#2975,#1993,.T.);
#5608=EDGE_CURVE('',#2481,#2975,#1985,.T.);
#5612=ADVANCED_FACE('',(#5611),#5603,.T.);
#5620=EDGE_CURVE('',#2975,#2963,#1997,.T.);
#5625=ADVANCED_FACE('',(#5624),#5617,.F.);
#5640=ADVANCED_FACE('',(#5639),#5630,.F.);
#5649=EDGE_CURVE('',#2487,#2484,#2013,.T.);
#5653=ADVANCED_FACE('',(#5652),#5645,.T.);
#5659=EDGE_CURVE('',#2979,#2949,#2021,.T.);
#5661=EDGE_CURVE('',#2509,#2979,#2025,.T.);
#5670=ADVANCED_FACE('',(#5669),#5658,.F.);
#5676=EDGE_CURVE('',#2978,#2979,#2017,.T.);
#5680=EDGE_CURVE('',#2978,#2951,#2041,.T.);
#5684=ADVANCED_FACE('',(#5683),#5675,.F.);
#5691=EDGE_CURVE('',#2978,#2981,#2029,.T.);
#5697=ADVANCED_FACE('',(#5696),#5689,.T.);
#5705=EDGE_CURVE('',#2983,#2978,#2037,.T.);
#5710=ADVANCED_FACE('',(#5709),#5702,.T.);
#5722=ADVANCED_FACE('',(#5721),#5715,.F.);
#5728=EDGE_CURVE('',#2736,#2737,#2045,.T.);
#5730=EDGE_CURVE('',#2731,#2737,#2091,.T.);
#5735=EDGE_CURVE('',#2716,#2709,#2107,.T.);
#5738=EDGE_CURVE('',#2736,#2733,#2067,.T.);
#5742=ADVANCED_FACE('',(#5741),#5727,.F.);
#5749=EDGE_CURVE('',#2736,#2740,#2054,.T.);
#5751=EDGE_CURVE('',#2740,#2741,#2079,.T.);
#5753=EDGE_CURVE('',#2741,#2737,#2059,.T.);
#5757=ADVANCED_FACE('',(#5756),#5747,.F.);
#5763=EDGE_CURVE('',#2725,#2740,#2063,.T.);
#5768=EDGE_CURVE('',#2724,#2725,#2075,.T.);
#5772=ADVANCED_FACE('',(#5771),#5762,.F.);
#5780=EDGE_CURVE('',#2725,#2729,#2083,.T.);
#5782=EDGE_CURVE('',#2729,#2741,#2095,.T.);
#5786=ADVANCED_FACE('',(#5785),#5777,.T.);
#5794=EDGE_CURVE('',#2728,#2729,#2099,.T.);
#5799=ADVANCED_FACE('',(#5798),#5791,.T.);
#5812=ADVANCED_FACE('',(#5811),#5804,.T.);
#5824=ADVANCED_FACE('',(#5823),#5817,.F.);
#5831=EDGE_CURVE('',#2683,#2687,#2111,.T.);
#5833=EDGE_CURVE('',#2683,#2689,#2135,.T.);
#5838=ADVANCED_FACE('',(#5837),#5829,.T.);
#5847=EDGE_CURVE('',#2683,#2669,#2123,.T.);
#5851=ADVANCED_FACE('',(#5850),#5843,.F.);
#5857=EDGE_CURVE('',#2682,#2683,#2119,.T.);
#5861=EDGE_CURVE('',#2682,#2656,#2143,.T.);
#5865=ADVANCED_FACE('',(#5864),#5856,.F.);
#5871=EDGE_CURVE('',#2682,#2692,#2127,.T.);
#5873=EDGE_CURVE('',#2696,#2692,#2147,.T.);
#5880=ADVANCED_FACE('',(#5879),#5870,.T.);
#5886=EDGE_CURVE('',#2692,#2693,#2139,.T.);
#5891=EDGE_CURVE('',#2693,#2657,#2159,.T.);
#5895=ADVANCED_FACE('',(#5894),#5885,.F.);
#5902=EDGE_CURVE('',#2693,#2697,#2151,.T.);
#5908=ADVANCED_FACE('',(#5907),#5900,.T.);
#5916=EDGE_CURVE('',#2701,#2693,#2155,.T.);
#5918=EDGE_CURVE('',#2701,#2699,#2171,.T.);
#5922=ADVANCED_FACE('',(#5921),#5913,.T.);
#5931=EDGE_CURVE('',#2701,#2659,#2167,.T.);
#5935=ADVANCED_FACE('',(#5934),#5927,.F.);
#5941=EDGE_CURVE('',#2701,#2705,#2163,.T.);
#5945=EDGE_CURVE('',#2679,#2661,#2191,.T.);
#5947=EDGE_CURVE('',#2705,#2679,#2183,.T.);
#5951=ADVANCED_FACE('',(#5950),#5940,.F.);
#5960=EDGE_CURVE('',#2705,#2703,#2175,.T.);
#5964=ADVANCED_FACE('',(#5963),#5956,.T.);
#5973=EDGE_CURVE('',#2677,#2679,#2187,.T.);
#5975=EDGE_CURVE('',#2677,#2675,#2203,.T.);
#5979=ADVANCED_FACE('',(#5978),#5969,.T.);
#5988=EDGE_CURVE('',#2677,#2663,#2199,.T.);
#5992=ADVANCED_FACE('',(#5991),#5984,.F.);
#5998=EDGE_CURVE('',#2672,#2677,#2195,.T.);
#6005=ADVANCED_FACE('',(#6004),#5997,.F.);
#6017=ADVANCED_FACE('',(#6016),#6010,.T.);
#6024=EDGE_CURVE('',#2745,#3014,#2207,.T.);
#6026=EDGE_CURVE('',#3014,#3015,#2211,.T.);
#6028=EDGE_CURVE('',#3015,#2759,#2215,.T.);
#6033=ADVANCED_FACE('',(#6032),#6022,.F.);
#6040=EDGE_CURVE('',#2753,#3018,#2219,.T.);
#6042=EDGE_CURVE('',#3018,#3019,#2223,.T.);
#6044=EDGE_CURVE('',#3019,#2752,#2227,.T.);
#6048=ADVANCED_FACE('',(#6047),#6038,.F.);
#6055=EDGE_CURVE('',#2749,#3022,#2239,.T.);
#6057=EDGE_CURVE('',#3014,#3022,#2259,.T.);
#6062=ADVANCED_FACE('',(#6061),#6053,.T.);
#6070=EDGE_CURVE('',#3023,#2761,#2231,.T.);
#6072=EDGE_CURVE('',#3022,#3023,#2235,.T.);
#6077=ADVANCED_FACE('',(#6076),#6067,.T.);
#6084=EDGE_CURVE('',#3027,#2756,#2243,.T.);
#6086=EDGE_CURVE('',#3026,#3027,#2247,.T.);
#6088=EDGE_CURVE('',#2757,#3026,#2251,.T.);
#6092=ADVANCED_FACE('',(#6091),#6082,.T.);
#6100=EDGE_CURVE('',#3015,#3023,#2255,.T.);
#6105=ADVANCED_FACE('',(#6104),#6097,.T.);
#6117=ADVANCED_FACE('',(#6116),#6110,.T.);
#6125=EDGE_CURVE('',#3019,#3027,#2263,.T.);
#6130=ADVANCED_FACE('',(#6129),#6122,.T.);
#6137=EDGE_CURVE('',#3018,#3026,#2267,.T.);
#6143=ADVANCED_FACE('',(#6142),#6135,.T.);
#6155=ADVANCED_FACE('',(#6154),#6148,.T.);
#6163=EDGE_CURVE('',#3035,#3043,#2271,.T.);
#6168=ADVANCED_FACE('',(#6167),#6160,.T.);
#6175=EDGE_CURVE('',#3034,#3042,#2275,.T.);
#6181=ADVANCED_FACE('',(#6180),#6173,.T.);
#6193=ADVANCED_FACE('',(#6192),#6186,.T.);
#6200=EDGE_CURVE('',#3000,#2986,#2279,.T.);
#6202=EDGE_CURVE('',#2986,#2987,#2307,.T.);
#6204=EDGE_CURVE('',#3001,#2987,#2303,.T.);
#6208=ADVANCED_FACE('',(#6207),#6198,.T.);
#6215=EDGE_CURVE('',#3011,#2997,#2283,.T.);
#6217=EDGE_CURVE('',#2997,#2986,#2311,.T.);
#6222=ADVANCED_FACE('',(#6221),#6213,.T.);
#6229=EDGE_CURVE('',#3009,#2995,#2287,.T.);
#6231=EDGE_CURVE('',#2995,#2997,#2315,.T.);
#6236=ADVANCED_FACE('',(#6235),#6227,.T.);
#6243=EDGE_CURVE('',#3007,#2993,#2291,.T.);
#6245=EDGE_CURVE('',#2993,#2995,#2319,.T.);
#6250=ADVANCED_FACE('',(#6249),#6241,.T.);
#6257=EDGE_CURVE('',#3005,#2991,#2295,.T.);
#6259=EDGE_CURVE('',#2991,#2993,#2323,.T.);
#6264=ADVANCED_FACE('',(#6263),#6255,.T.);
#6271=EDGE_CURVE('',#3003,#2989,#2299,.T.);
#6273=EDGE_CURVE('',#2989,#2991,#2327,.T.);
#6278=ADVANCED_FACE('',(#6277),#6269,.T.);
#6286=EDGE_CURVE('',#2987,#2989,#2331,.T.);
#6291=ADVANCED_FACE('',(#6290),#6283,.T.);
#6306=ADVANCED_FACE('',(#6305),#6296,.T.);
#6312=EDGE_CURVE('',#2496,#2497,#2339,.T.);
#6314=EDGE_CURVE('',#2496,#2500,#2355,.T.);
#6320=ADVANCED_FACE('',(#6319),#6311,.T.);
#6329=EDGE_CURVE('',#2496,#2401,#2351,.T.);
#6333=ADVANCED_FACE('',(#6332),#6325,.F.);
#6339=EDGE_CURVE('',#2505,#2496,#2347,.T.);
#6346=ADVANCED_FACE('',(#6345),#6338,.F.);
#6358=ADVANCED_FACE('',(#6357),#6351,.T.);
#6365=EDGE_CURVE('',#2608,#2612,#2367,.T.);
#6371=ADVANCED_FACE('',(#6370),#6363,.T.);
#6380=EDGE_CURVE('',#2617,#2615,#2371,.T.);
#6384=ADVANCED_FACE('',(#6383),#6376,.T.);
#6396=ADVANCED_FACE('',(#6395),#6389,.T.);
#6397=CLOSED_SHELL('',(#3099,#3120,#3135,#3151,#3179,#3209,#3224,#3242,#3255,
#3278,#3304,#3318,#3334,#3346,#3359,#3384,#3403,#3423,#3446,#3460,#3474,#3488,
#3501,#3517,#3531,#3552,#3566,#3589,#3605,#3635,#3647,#3661,#3678,#3693,#3707,
#3722,#3738,#3762,#3784,#3804,#3824,#3879,#3896,#3912,#3947,#3961,#3975,#3988,
#4001,#4017,#4083,#4100,#4117,#4131,#4210,#4224,#4238,#4251,#4266,#4278,#4291,
#4304,#4316,#4332,#4346,#4373,#4388,#4403,#4418,#4437,#4456,#4492,#4507,#4528,
#4552,#4566,#4583,#4597,#4611,#4624,#4638,#4658,#4671,#4684,#4696,#4709,#4730,
#4747,#4765,#4778,#4792,#4805,#4822,#4836,#4853,#4865,#4878,#4890,#4904,#4918,
#4932,#4960,#4973,#4987,#5000,#5013,#5042,#5058,#5072,#5085,#5099,#5113,#5126,
#5140,#5153,#5166,#5178,#5190,#5203,#5224,#5239,#5253,#5267,#5280,#5296,#5308,
#5322,#5335,#5348,#5364,#5377,#5390,#5402,#5415,#5428,#5440,#5454,#5467,#5480,
#5493,#5509,#5523,#5544,#5558,#5571,#5585,#5598,#5612,#5625,#5640,#5653,#5670,
#5684,#5697,#5710,#5722,#5742,#5757,#5772,#5786,#5799,#5812,#5824,#5838,#5851,
#5865,#5880,#5895,#5908,#5922,#5935,#5951,#5964,#5979,#5992,#6005,#6017,#6033,
#6048,#6062,#6077,#6092,#6105,#6117,#6130,#6143,#6155,#6168,#6181,#6193,#6208,
#6222,#6236,#6250,#6264,#6278,#6291,#6306,#6320,#6333,#6346,#6358,#6371,#6384,
#6396));
#6398=MANIFOLD_SOLID_BREP('',#6397);
#6500=EDGE_CURVE('',#6493,#6494,#6402,.T.);
#6502=EDGE_CURVE('',#6493,#6473,#6406,.T.);
#6504=EDGE_CURVE('',#6473,#6474,#6410,.T.);
#6506=EDGE_CURVE('',#6474,#6494,#6414,.T.);
#6510=ADVANCED_FACE('',(#6509),#6499,.F.);
#6517=EDGE_CURVE('',#6494,#6481,#6418,.T.);
#6519=EDGE_CURVE('',#6481,#6482,#6422,.T.);
#6521=EDGE_CURVE('',#6482,#6493,#6426,.T.);
#6525=ADVANCED_FACE('',(#6524),#6515,.F.);
#6531=EDGE_CURVE('',#6485,#6478,#6438,.T.);
#6533=EDGE_CURVE('',#6485,#6486,#6454,.T.);
#6535=EDGE_CURVE('',#6481,#6486,#6450,.T.);
#6539=EDGE_CURVE('',#6474,#6478,#6430,.T.);
#6543=ADVANCED_FACE('',(#6542),#6530,.T.);
#6549=EDGE_CURVE('',#6477,#6490,#6434,.T.);
#6551=EDGE_CURVE('',#6490,#6485,#6458,.T.);
#6554=EDGE_CURVE('',#6477,#6478,#6442,.T.);
#6558=ADVANCED_FACE('',(#6557),#6548,.T.);
#6566=EDGE_CURVE('',#6482,#6488,#6446,.T.);
#6568=EDGE_CURVE('',#6488,#6490,#6462,.T.);
#6571=EDGE_CURVE('',#6473,#6477,#6470,.T.);
#6575=ADVANCED_FACE('',(#6574),#6563,.T.);
#6583=EDGE_CURVE('',#6486,#6488,#6466,.T.);
#6588=ADVANCED_FACE('',(#6587),#6580,.T.);
#6600=ADVANCED_FACE('',(#6599),#6593,.T.);
#6612=ADVANCED_FACE('',(#6611),#6605,.T.);
#6613=CLOSED_SHELL('',(#6510,#6525,#6543,#6558,#6575,#6588,#6600,#6612));
#6614=MANIFOLD_SOLID_BREP('',#6613);
#6716=EDGE_CURVE('',#6709,#6710,#6618,.T.);
#6718=EDGE_CURVE('',#6709,#6689,#6622,.T.);
#6720=EDGE_CURVE('',#6689,#6690,#6626,.T.);
#6722=EDGE_CURVE('',#6690,#6710,#6630,.T.);
#6726=ADVANCED_FACE('',(#6725),#6715,.F.);
#6733=EDGE_CURVE('',#6710,#6697,#6634,.T.);
#6735=EDGE_CURVE('',#6697,#6698,#6638,.T.);
#6737=EDGE_CURVE('',#6698,#6709,#6642,.T.);
#6741=ADVANCED_FACE('',(#6740),#6731,.F.);
#6747=EDGE_CURVE('',#6694,#6702,#6646,.T.);
#6749=EDGE_CURVE('',#6702,#6704,#6682,.T.);
#6751=EDGE_CURVE('',#6697,#6704,#6666,.T.);
#6755=EDGE_CURVE('',#6690,#6694,#6650,.T.);
#6759=ADVANCED_FACE('',(#6758),#6746,.T.);
#6765=EDGE_CURVE('',#6701,#6693,#6662,.T.);
#6767=EDGE_CURVE('',#6701,#6702,#6670,.T.);
#6770=EDGE_CURVE('',#6693,#6694,#6654,.T.);
#6774=ADVANCED_FACE('',(#6773),#6764,.T.);
#6782=EDGE_CURVE('',#6698,#6706,#6658,.T.);
#6784=EDGE_CURVE('',#6706,#6701,#6674,.T.);
#6787=EDGE_CURVE('',#6689,#6693,#6686,.T.);
#6791=ADVANCED_FACE('',(#6790),#6779,.T.);
#6799=EDGE_CURVE('',#6704,#6706,#6678,.T.);
#6804=ADVANCED_FACE('',(#6803),#6796,.T.);
#6816=ADVANCED_FACE('',(#6815),#6809,.T.);
#6828=ADVANCED_FACE('',(#6827),#6821,.T.);
#6829=CLOSED_SHELL('',(#6726,#6741,#6759,#6774,#6791,#6804,#6816,#6828));
#6830=MANIFOLD_SOLID_BREP('',#6829);
#6831=(LENGTH_UNIT()NAMED_UNIT(*)SI_UNIT(.MILLI.,.METRE.));
#6832=(NAMED_UNIT(*)PLANE_ANGLE_UNIT()SI_UNIT($,.RADIAN.));
#6835=(NAMED_UNIT(*)SI_UNIT($,.STERADIAN.)SOLID_ANGLE_UNIT());
#6837=(GEOMETRIC_REPRESENTATION_CONTEXT(3)GLOBAL_UNCERTAINTY_ASSIGNED_CONTEXT((
#6836))GLOBAL_UNIT_ASSIGNED_CONTEXT((#6831,#6834,#6835))REPRESENTATION_CONTEXT(
'ID1','3'));
#6838=ADVANCED_BREP_SHAPE_REPRESENTATION('',(#6398,#6614,#6830),#6837);
#6845=PRODUCT_DEFINITION('part definition','',#6844,#6841);
#6846=PRODUCT_DEFINITION_SHAPE('','SHAPE FOR C-2360547-2.',#6845);
#6847=SHAPE_ASPECT('','solid data associated with C-2360547-2',#6846,.F.);
#6848=PROPERTY_DEFINITION('',
'shape for solid data with which properties are associated',#6847);
#6849=SHAPE_REPRESENTATION('',(#6398,#6614,#6830),#6837);
#6850=SHAPE_DEFINITION_REPRESENTATION(#6848,#6849);
#6851=(LENGTH_UNIT()NAMED_UNIT(*)SI_UNIT(.MILLI.,.METRE.));
#6855=PROPERTY_DEFINITION('geometric validation property','area of C-2360547-2',
#6847);
#6856=REPRESENTATION('surface area',(#6854),#6837);
#6857=PROPERTY_DEFINITION_REPRESENTATION(#6855,#6856);
#6858=(LENGTH_UNIT()NAMED_UNIT(*)SI_UNIT(.MILLI.,.METRE.));
#6862=PROPERTY_DEFINITION('geometric validation property',
'volume of C-2360547-2',#6847);
#6863=REPRESENTATION('volume',(#6861),#6837);
#6864=PROPERTY_DEFINITION_REPRESENTATION(#6862,#6863);
#6866=PROPERTY_DEFINITION('geometric validation property',
'centroid of C-2360547-2',#6847);
#6867=REPRESENTATION('centroid',(#6865),#6837);
#6868=PROPERTY_DEFINITION_REPRESENTATION(#6866,#6867);
#6869=(LENGTH_UNIT()NAMED_UNIT(*)SI_UNIT(.MILLI.,.METRE.));
#6873=PROPERTY_DEFINITION('geometric validation property','area of C-2360547-2',
#6846);
#6874=REPRESENTATION('surface area',(#6872),#6837);
#6875=PROPERTY_DEFINITION_REPRESENTATION(#6873,#6874);
#6876=(LENGTH_UNIT()NAMED_UNIT(*)SI_UNIT(.MILLI.,.METRE.));
#6880=PROPERTY_DEFINITION('geometric validation property',
'volume of C-2360547-2',#6846);
#6881=REPRESENTATION('volume',(#6879),#6837);
#6882=PROPERTY_DEFINITION_REPRESENTATION(#6880,#6881);
#6884=PROPERTY_DEFINITION('geometric validation property',
'centroid of C-2360547-2',#6846);
#6885=REPRESENTATION('centroid',(#6883),#6837);
#6886=PROPERTY_DEFINITION_REPRESENTATION(#6884,#6885);
#6887=SHAPE_DEFINITION_REPRESENTATION(#6846,#6838);
ENDSEC;
END-ISO-10303-21;
