ISO-10303-21;
HEADER;
FILE_DESCRIPTION((''),'2;1');
FILE_NAME('C-2360547-7','2022-11-18T03:06:07',('workeradm'),(
'TE Connectivity Ltd.'),'CREO PARAMETRIC BY PTC INC, 2021072',
'CREO PARAMETRIC BY PTC INC, 2021072','');
FILE_SCHEMA(('AUTOMOTIVE_DESIGN { 1 0 10303 214 1 1 1 1 }'));
ENDSEC;
DATA;
#134=DIRECTION('',(1.E0,0.E0,0.E0));
#135=VECTOR('',#134,3.15E-1);
#136=CARTESIAN_POINT('',(5.71E0,-2.4E0,0.E0));
#137=LINE('',#136,#135);
#138=DIRECTION('',(0.E0,-1.E0,0.E0));
#139=VECTOR('',#138,1.E-1);
#140=CARTESIAN_POINT('',(5.71E0,-2.4E0,0.E0));
#141=LINE('',#140,#139);
#142=DIRECTION('',(1.E0,0.E0,0.E0));
#143=VECTOR('',#142,9.82E0);
#144=CARTESIAN_POINT('',(-4.91E0,-2.4E0,0.E0));
#145=LINE('',#144,#143);
#146=DIRECTION('',(0.E0,-1.E0,0.E0));
#147=VECTOR('',#146,1.E-1);
#148=CARTESIAN_POINT('',(-4.91E0,-2.4E0,0.E0));
#149=LINE('',#148,#147);
#150=DIRECTION('',(1.E0,0.E0,0.E0));
#151=VECTOR('',#150,3.15E-1);
#152=CARTESIAN_POINT('',(-6.025E0,-2.4E0,0.E0));
#153=LINE('',#152,#151);
#154=DIRECTION('',(7.071067811865E-1,-7.071067811865E-1,0.E0));
#155=VECTOR('',#154,2.121320343560E-1);
#156=CARTESIAN_POINT('',(-6.175E0,-2.25E0,0.E0));
#157=LINE('',#156,#155);
#158=DIRECTION('',(0.E0,-1.E0,0.E0));
#159=VECTOR('',#158,1.25E0);
#160=CARTESIAN_POINT('',(-6.175E0,-1.E0,0.E0));
#161=LINE('',#160,#159);
#162=DIRECTION('',(0.E0,1.E0,0.E0));
#163=VECTOR('',#162,2.E-1);
#164=CARTESIAN_POINT('',(-6.175E0,-1.E0,0.E0));
#165=LINE('',#164,#163);
#166=DIRECTION('',(0.E0,-1.E0,0.E0));
#167=VECTOR('',#166,4.5E-1);
#168=CARTESIAN_POINT('',(-6.175E0,-3.5E-1,0.E0));
#169=LINE('',#168,#167);
#170=DIRECTION('',(1.E0,0.E0,0.E0));
#171=VECTOR('',#170,7.75E-1);
#172=CARTESIAN_POINT('',(-6.95E0,-3.5E-1,0.E0));
#173=LINE('',#172,#171);
#174=DIRECTION('',(0.E0,-1.E0,0.E0));
#175=VECTOR('',#174,2.75E0);
#176=CARTESIAN_POINT('',(-6.95E0,2.4E0,0.E0));
#177=LINE('',#176,#175);
#178=DIRECTION('',(-1.E0,0.E0,0.E0));
#179=VECTOR('',#178,1.39E1);
#180=CARTESIAN_POINT('',(6.95E0,2.4E0,0.E0));
#181=LINE('',#180,#179);
#182=DIRECTION('',(0.E0,1.E0,0.E0));
#183=VECTOR('',#182,2.75E0);
#184=CARTESIAN_POINT('',(6.95E0,-3.5E-1,0.E0));
#185=LINE('',#184,#183);
#186=DIRECTION('',(1.E0,0.E0,0.E0));
#187=VECTOR('',#186,7.75E-1);
#188=CARTESIAN_POINT('',(6.175E0,-3.5E-1,0.E0));
#189=LINE('',#188,#187);
#190=DIRECTION('',(0.E0,1.E0,0.E0));
#191=VECTOR('',#190,4.5E-1);
#192=CARTESIAN_POINT('',(6.175E0,-8.E-1,0.E0));
#193=LINE('',#192,#191);
#194=DIRECTION('',(0.E0,-1.E0,0.E0));
#195=VECTOR('',#194,2.E-1);
#196=CARTESIAN_POINT('',(6.175E0,-8.E-1,0.E0));
#197=LINE('',#196,#195);
#198=DIRECTION('',(0.E0,1.E0,0.E0));
#199=VECTOR('',#198,1.25E0);
#200=CARTESIAN_POINT('',(6.175E0,-2.25E0,0.E0));
#201=LINE('',#200,#199);
#202=DIRECTION('',(7.071067811865E-1,7.071067811865E-1,0.E0));
#203=VECTOR('',#202,2.121320343560E-1);
#204=CARTESIAN_POINT('',(6.025E0,-2.4E0,0.E0));
#205=LINE('',#204,#203);
#206=DIRECTION('',(-1.E0,0.E0,0.E0));
#207=VECTOR('',#206,2.54E0);
#208=CARTESIAN_POINT('',(4.425E0,1.825E0,0.E0));
#209=LINE('',#208,#207);
#210=DIRECTION('',(-1.E0,0.E0,0.E0));
#211=VECTOR('',#210,2.54E0);
#212=CARTESIAN_POINT('',(-1.885E0,1.825E0,0.E0));
#213=LINE('',#212,#211);
#214=DIRECTION('',(0.E0,-1.E0,0.E0));
#215=VECTOR('',#214,1.325E0);
#216=CARTESIAN_POINT('',(-4.425E0,1.825E0,0.E0));
#217=LINE('',#216,#215);
#218=DIRECTION('',(-1.E0,0.E0,0.E0));
#219=VECTOR('',#218,6.1E-1);
#220=CARTESIAN_POINT('',(-4.425E0,5.E-1,0.E0));
#221=LINE('',#220,#219);
#222=DIRECTION('',(0.E0,-1.E0,0.E0));
#223=VECTOR('',#222,1.E0);
#224=CARTESIAN_POINT('',(-5.035E0,1.5E0,0.E0));
#225=LINE('',#224,#223);
#226=DIRECTION('',(0.E0,-1.E0,0.E0));
#227=VECTOR('',#226,3.486602540378E0);
#228=CARTESIAN_POINT('',(-5.951602540378E0,1.5E0,0.E0));
#229=LINE('',#228,#227);
#230=DIRECTION('',(-1.E0,0.E0,0.E0));
#231=VECTOR('',#230,1.190320508076E1);
#232=CARTESIAN_POINT('',(5.951602540378E0,-1.986602540378E0,0.E0));
#233=LINE('',#232,#231);
#234=DIRECTION('',(0.E0,1.E0,0.E0));
#235=VECTOR('',#234,3.986602540378E0);
#236=CARTESIAN_POINT('',(5.951602540378E0,-1.986602540378E0,0.E0));
#237=LINE('',#236,#235);
#238=DIRECTION('',(0.E0,1.E0,0.E0));
#239=VECTOR('',#238,1.5E0);
#240=CARTESIAN_POINT('',(5.035E0,5.E-1,0.E0));
#241=LINE('',#240,#239);
#242=DIRECTION('',(-1.E0,0.E0,0.E0));
#243=VECTOR('',#242,6.1E-1);
#244=CARTESIAN_POINT('',(5.035E0,5.E-1,0.E0));
#245=LINE('',#244,#243);
#246=DIRECTION('',(0.E0,1.E0,0.E0));
#247=VECTOR('',#246,1.325E0);
#248=CARTESIAN_POINT('',(4.425E0,5.E-1,0.E0));
#249=LINE('',#248,#247);
#250=DIRECTION('',(0.E0,0.E0,1.E0));
#251=VECTOR('',#250,2.380697205048E-1);
#252=CARTESIAN_POINT('',(4.35E0,-2.4E0,-5.8E0));
#253=LINE('',#252,#251);
#254=DIRECTION('',(0.E0,0.E0,1.E0));
#255=VECTOR('',#254,2.380697205048E-1);
#256=CARTESIAN_POINT('',(3.15E0,-2.4E0,-5.8E0));
#257=LINE('',#256,#255);
#258=DIRECTION('',(1.E0,0.E0,0.E0));
#259=VECTOR('',#258,3.E-1);
#260=CARTESIAN_POINT('',(2.85E0,-2.4E0,-5.561930279495E0));
#261=LINE('',#260,#259);
#262=DIRECTION('',(0.E0,0.E0,1.E0));
#263=VECTOR('',#262,2.380697205048E-1);
#264=CARTESIAN_POINT('',(2.85E0,-2.4E0,-5.8E0));
#265=LINE('',#264,#263);
#266=DIRECTION('',(0.E0,0.E0,1.E0));
#267=VECTOR('',#266,2.380697205048E-1);
#268=CARTESIAN_POINT('',(1.65E0,-2.4E0,-5.8E0));
#269=LINE('',#268,#267);
#270=DIRECTION('',(1.E0,0.E0,0.E0));
#271=VECTOR('',#270,3.E-1);
#272=CARTESIAN_POINT('',(1.35E0,-2.4E0,-5.561930279495E0));
#273=LINE('',#272,#271);
#274=DIRECTION('',(0.E0,0.E0,1.E0));
#275=VECTOR('',#274,2.380697205048E-1);
#276=CARTESIAN_POINT('',(1.35E0,-2.4E0,-5.8E0));
#277=LINE('',#276,#275);
#278=DIRECTION('',(0.E0,0.E0,1.E0));
#279=VECTOR('',#278,2.380697205048E-1);
#280=CARTESIAN_POINT('',(1.5E-1,-2.4E0,-5.8E0));
#281=LINE('',#280,#279);
#282=DIRECTION('',(1.E0,0.E0,0.E0));
#283=VECTOR('',#282,3.E-1);
#284=CARTESIAN_POINT('',(-1.5E-1,-2.4E0,-5.561930279495E0));
#285=LINE('',#284,#283);
#286=DIRECTION('',(0.E0,0.E0,1.E0));
#287=VECTOR('',#286,2.380697205048E-1);
#288=CARTESIAN_POINT('',(-1.5E-1,-2.4E0,-5.8E0));
#289=LINE('',#288,#287);
#290=DIRECTION('',(0.E0,0.E0,1.E0));
#291=VECTOR('',#290,2.380697205048E-1);
#292=CARTESIAN_POINT('',(-1.35E0,-2.4E0,-5.8E0));
#293=LINE('',#292,#291);
#294=DIRECTION('',(1.E0,0.E0,0.E0));
#295=VECTOR('',#294,3.E-1);
#296=CARTESIAN_POINT('',(-1.65E0,-2.4E0,-5.561930279495E0));
#297=LINE('',#296,#295);
#298=DIRECTION('',(0.E0,0.E0,1.E0));
#299=VECTOR('',#298,2.380697205048E-1);
#300=CARTESIAN_POINT('',(-1.65E0,-2.4E0,-5.8E0));
#301=LINE('',#300,#299);
#302=DIRECTION('',(0.E0,0.E0,1.E0));
#303=VECTOR('',#302,2.380697205048E-1);
#304=CARTESIAN_POINT('',(-2.85E0,-2.4E0,-5.8E0));
#305=LINE('',#304,#303);
#306=DIRECTION('',(1.E0,0.E0,0.E0));
#307=VECTOR('',#306,3.E-1);
#308=CARTESIAN_POINT('',(-3.15E0,-2.4E0,-5.561930279495E0));
#309=LINE('',#308,#307);
#310=DIRECTION('',(0.E0,0.E0,1.E0));
#311=VECTOR('',#310,2.380697205048E-1);
#312=CARTESIAN_POINT('',(-3.15E0,-2.4E0,-5.8E0));
#313=LINE('',#312,#311);
#314=DIRECTION('',(0.E0,0.E0,1.E0));
#315=VECTOR('',#314,2.380697205048E-1);
#316=CARTESIAN_POINT('',(-4.35E0,-2.4E0,-5.8E0));
#317=LINE('',#316,#315);
#318=DIRECTION('',(1.E0,0.E0,0.E0));
#319=VECTOR('',#318,3.E-1);
#320=CARTESIAN_POINT('',(-4.65E0,-2.4E0,-5.561930279495E0));
#321=LINE('',#320,#319);
#322=DIRECTION('',(0.E0,0.E0,1.E0));
#323=VECTOR('',#322,2.380697205048E-1);
#324=CARTESIAN_POINT('',(-4.65E0,-2.4E0,-5.8E0));
#325=LINE('',#324,#323);
#326=DIRECTION('',(0.E0,0.E0,1.E0));
#327=VECTOR('',#326,9.E-1);
#328=CARTESIAN_POINT('',(-4.95E0,-2.4E0,-5.8E0));
#329=LINE('',#328,#327);
#330=DIRECTION('',(1.E0,0.E0,0.E0));
#331=VECTOR('',#330,5.E-1);
#332=CARTESIAN_POINT('',(-5.45E0,-2.4E0,-4.9E0));
#333=LINE('',#332,#331);
#334=DIRECTION('',(0.E0,0.E0,1.E0));
#335=VECTOR('',#334,9.E-1);
#336=CARTESIAN_POINT('',(-5.45E0,-2.4E0,-5.8E0));
#337=LINE('',#336,#335);
#338=DIRECTION('',(0.E0,0.E0,-1.E0));
#339=VECTOR('',#338,3.65E0);
#340=CARTESIAN_POINT('',(-6.95E0,-2.4E0,-2.15E0));
#341=LINE('',#340,#339);
#342=DIRECTION('',(0.E0,0.E0,-1.E0));
#343=VECTOR('',#342,2.15E0);
#344=CARTESIAN_POINT('',(-6.025E0,-2.4E0,0.E0));
#345=LINE('',#344,#343);
#346=DIRECTION('',(0.E0,0.E0,-1.E0));
#347=VECTOR('',#346,1.5E0);
#348=CARTESIAN_POINT('',(-5.71E0,-2.4E0,0.E0));
#349=LINE('',#348,#347);
#350=DIRECTION('',(1.E0,0.E0,0.E0));
#351=VECTOR('',#350,8.E-1);
#352=CARTESIAN_POINT('',(-5.71E0,-2.4E0,-1.5E0));
#353=LINE('',#352,#351);
#354=DIRECTION('',(0.E0,0.E0,-1.E0));
#355=VECTOR('',#354,1.5E0);
#356=CARTESIAN_POINT('',(-4.91E0,-2.4E0,0.E0));
#357=LINE('',#356,#355);
#358=DIRECTION('',(0.E0,0.E0,-1.E0));
#359=VECTOR('',#358,1.5E0);
#360=CARTESIAN_POINT('',(4.91E0,-2.4E0,0.E0));
#361=LINE('',#360,#359);
#362=DIRECTION('',(1.E0,0.E0,0.E0));
#363=VECTOR('',#362,8.E-1);
#364=CARTESIAN_POINT('',(4.91E0,-2.4E0,-1.5E0));
#365=LINE('',#364,#363);
#366=DIRECTION('',(0.E0,0.E0,-1.E0));
#367=VECTOR('',#366,1.5E0);
#368=CARTESIAN_POINT('',(5.71E0,-2.4E0,0.E0));
#369=LINE('',#368,#367);
#370=DIRECTION('',(0.E0,0.E0,1.E0));
#371=VECTOR('',#370,2.15E0);
#372=CARTESIAN_POINT('',(6.025E0,-2.4E0,-2.15E0));
#373=LINE('',#372,#371);
#374=DIRECTION('',(0.E0,0.E0,1.E0));
#375=VECTOR('',#374,9.E-1);
#376=CARTESIAN_POINT('',(5.45E0,-2.4E0,-5.8E0));
#377=LINE('',#376,#375);
#378=DIRECTION('',(-1.E0,0.E0,0.E0));
#379=VECTOR('',#378,5.E-1);
#380=CARTESIAN_POINT('',(5.45E0,-2.4E0,-4.9E0));
#381=LINE('',#380,#379);
#382=DIRECTION('',(0.E0,0.E0,1.E0));
#383=VECTOR('',#382,9.E-1);
#384=CARTESIAN_POINT('',(4.95E0,-2.4E0,-5.8E0));
#385=LINE('',#384,#383);
#386=DIRECTION('',(0.E0,0.E0,1.E0));
#387=VECTOR('',#386,2.380697205048E-1);
#388=CARTESIAN_POINT('',(4.65E0,-2.4E0,-5.8E0));
#389=LINE('',#388,#387);
#390=DIRECTION('',(1.E0,0.E0,0.E0));
#391=VECTOR('',#390,3.E-1);
#392=CARTESIAN_POINT('',(4.35E0,-2.4E0,-5.561930279495E0));
#393=LINE('',#392,#391);
#394=DIRECTION('',(0.E0,-9.993392221981E-1,-3.634720039470E-2));
#395=VECTOR('',#394,8.660243297136E-1);
#396=CARTESIAN_POINT('',(4.35E0,-2.4E0,-5.561930279495E0));
#397=LINE('',#396,#395);
#398=DIRECTION('',(0.E0,3.634720039469E-2,-9.993392221981E-1));
#399=VECTOR('',#398,3.E-1);
#400=CARTESIAN_POINT('',(4.35E0,-3.265452080061E0,-5.593407839354E0));
#401=LINE('',#400,#399);
#402=DIRECTION('',(0.E0,9.993392221981E-1,3.634720039469E-2));
#403=VECTOR('',#402,2.564423256846E0);
#404=CARTESIAN_POINT('',(4.35E0,-3.254547919942E0,-5.893209606013E0));
#405=LINE('',#404,#403);
#406=DIRECTION('',(0.E0,0.E0,1.E0));
#407=VECTOR('',#406,2.3E0);
#408=CARTESIAN_POINT('',(4.35E0,-2.5E-1,-4.4E0));
#409=LINE('',#408,#407);
#410=DIRECTION('',(0.E0,-1.E0,0.E0));
#411=VECTOR('',#410,3.E-1);
#412=CARTESIAN_POINT('',(4.35E0,-2.5E-1,-2.1E0));
#413=LINE('',#412,#411);
#414=DIRECTION('',(0.E0,0.E0,-1.E0));
#415=VECTOR('',#414,2.3E0);
#416=CARTESIAN_POINT('',(4.35E0,-5.5E-1,-2.1E0));
#417=LINE('',#416,#415);
#418=DIRECTION('',(0.E0,1.E0,0.E0));
#419=VECTOR('',#418,1.708180822941E0);
#420=CARTESIAN_POINT('',(4.35E0,-2.4E0,-5.8E0));
#421=LINE('',#420,#419);
#422=DIRECTION('',(1.E0,0.E0,0.E0));
#423=VECTOR('',#422,3.E-1);
#424=CARTESIAN_POINT('',(4.35E0,-6.918191770586E-1,-5.8E0));
#425=LINE('',#424,#423);
#426=DIRECTION('',(0.E0,1.E0,0.E0));
#427=VECTOR('',#426,1.708180822941E0);
#428=CARTESIAN_POINT('',(4.65E0,-2.4E0,-5.8E0));
#429=LINE('',#428,#427);
#430=DIRECTION('',(1.E0,0.E0,0.E0));
#431=VECTOR('',#430,3.E-1);
#432=CARTESIAN_POINT('',(4.65E0,-2.4E0,-5.8E0));
#433=LINE('',#432,#431);
#434=DIRECTION('',(0.E0,1.E0,0.E0));
#435=VECTOR('',#434,9.E-1);
#436=CARTESIAN_POINT('',(4.95E0,-2.4E0,-5.8E0));
#437=LINE('',#436,#435);
#438=DIRECTION('',(-1.E0,0.E0,0.E0));
#439=VECTOR('',#438,5.E-1);
#440=CARTESIAN_POINT('',(5.45E0,-1.5E0,-5.8E0));
#441=LINE('',#440,#439);
#442=DIRECTION('',(0.E0,1.E0,0.E0));
#443=VECTOR('',#442,9.E-1);
#444=CARTESIAN_POINT('',(5.45E0,-2.4E0,-5.8E0));
#445=LINE('',#444,#443);
#446=DIRECTION('',(1.E0,0.E0,0.E0));
#447=VECTOR('',#446,1.5E0);
#448=CARTESIAN_POINT('',(5.45E0,-2.4E0,-5.8E0));
#449=LINE('',#448,#447);
#450=DIRECTION('',(0.E0,1.E0,0.E0));
#451=VECTOR('',#450,1.8E0);
#452=CARTESIAN_POINT('',(6.95E0,-2.4E0,-5.8E0));
#453=LINE('',#452,#451);
#454=DIRECTION('',(0.E0,-1.E0,0.E0));
#455=VECTOR('',#454,3.E0);
#456=CARTESIAN_POINT('',(5.895E0,2.4E0,-5.8E0));
#457=LINE('',#456,#455);
#458=DIRECTION('',(-1.E0,0.E0,0.E0));
#459=VECTOR('',#458,1.179E1);
#460=CARTESIAN_POINT('',(5.895E0,2.4E0,-5.8E0));
#461=LINE('',#460,#459);
#462=DIRECTION('',(0.E0,1.E0,0.E0));
#463=VECTOR('',#462,3.E0);
#464=CARTESIAN_POINT('',(-5.895E0,-6.E-1,-5.8E0));
#465=LINE('',#464,#463);
#466=DIRECTION('',(0.E0,-1.E0,0.E0));
#467=VECTOR('',#466,1.8E0);
#468=CARTESIAN_POINT('',(-6.95E0,-6.E-1,-5.8E0));
#469=LINE('',#468,#467);
#470=DIRECTION('',(1.E0,0.E0,0.E0));
#471=VECTOR('',#470,1.5E0);
#472=CARTESIAN_POINT('',(-6.95E0,-2.4E0,-5.8E0));
#473=LINE('',#472,#471);
#474=DIRECTION('',(0.E0,1.E0,0.E0));
#475=VECTOR('',#474,9.E-1);
#476=CARTESIAN_POINT('',(-5.45E0,-2.4E0,-5.8E0));
#477=LINE('',#476,#475);
#478=DIRECTION('',(1.E0,0.E0,0.E0));
#479=VECTOR('',#478,5.E-1);
#480=CARTESIAN_POINT('',(-5.45E0,-1.5E0,-5.8E0));
#481=LINE('',#480,#479);
#482=DIRECTION('',(0.E0,1.E0,0.E0));
#483=VECTOR('',#482,9.E-1);
#484=CARTESIAN_POINT('',(-4.95E0,-2.4E0,-5.8E0));
#485=LINE('',#484,#483);
#486=DIRECTION('',(1.E0,0.E0,0.E0));
#487=VECTOR('',#486,3.E-1);
#488=CARTESIAN_POINT('',(-4.95E0,-2.4E0,-5.8E0));
#489=LINE('',#488,#487);
#490=DIRECTION('',(0.E0,1.E0,0.E0));
#491=VECTOR('',#490,1.708180822941E0);
#492=CARTESIAN_POINT('',(-4.65E0,-2.4E0,-5.8E0));
#493=LINE('',#492,#491);
#494=DIRECTION('',(1.E0,0.E0,0.E0));
#495=VECTOR('',#494,3.E-1);
#496=CARTESIAN_POINT('',(-4.65E0,-6.918191770586E-1,-5.8E0));
#497=LINE('',#496,#495);
#498=DIRECTION('',(0.E0,1.E0,0.E0));
#499=VECTOR('',#498,1.708180822941E0);
#500=CARTESIAN_POINT('',(-4.35E0,-2.4E0,-5.8E0));
#501=LINE('',#500,#499);
#502=DIRECTION('',(1.E0,0.E0,0.E0));
#503=VECTOR('',#502,1.2E0);
#504=CARTESIAN_POINT('',(-4.35E0,-2.4E0,-5.8E0));
#505=LINE('',#504,#503);
#506=DIRECTION('',(0.E0,1.E0,0.E0));
#507=VECTOR('',#506,1.708180822941E0);
#508=CARTESIAN_POINT('',(-3.15E0,-2.4E0,-5.8E0));
#509=LINE('',#508,#507);
#510=DIRECTION('',(1.E0,0.E0,0.E0));
#511=VECTOR('',#510,3.E-1);
#512=CARTESIAN_POINT('',(-3.15E0,-6.918191770586E-1,-5.8E0));
#513=LINE('',#512,#511);
#514=DIRECTION('',(0.E0,1.E0,0.E0));
#515=VECTOR('',#514,1.708180822941E0);
#516=CARTESIAN_POINT('',(-2.85E0,-2.4E0,-5.8E0));
#517=LINE('',#516,#515);
#518=DIRECTION('',(1.E0,0.E0,0.E0));
#519=VECTOR('',#518,1.2E0);
#520=CARTESIAN_POINT('',(-2.85E0,-2.4E0,-5.8E0));
#521=LINE('',#520,#519);
#522=DIRECTION('',(0.E0,1.E0,0.E0));
#523=VECTOR('',#522,1.708180822941E0);
#524=CARTESIAN_POINT('',(-1.65E0,-2.4E0,-5.8E0));
#525=LINE('',#524,#523);
#526=DIRECTION('',(1.E0,0.E0,0.E0));
#527=VECTOR('',#526,3.E-1);
#528=CARTESIAN_POINT('',(-1.65E0,-6.918191770586E-1,-5.8E0));
#529=LINE('',#528,#527);
#530=DIRECTION('',(0.E0,1.E0,0.E0));
#531=VECTOR('',#530,1.708180822941E0);
#532=CARTESIAN_POINT('',(-1.35E0,-2.4E0,-5.8E0));
#533=LINE('',#532,#531);
#534=DIRECTION('',(1.E0,0.E0,0.E0));
#535=VECTOR('',#534,1.2E0);
#536=CARTESIAN_POINT('',(-1.35E0,-2.4E0,-5.8E0));
#537=LINE('',#536,#535);
#538=DIRECTION('',(0.E0,1.E0,0.E0));
#539=VECTOR('',#538,1.708180822941E0);
#540=CARTESIAN_POINT('',(-1.5E-1,-2.4E0,-5.8E0));
#541=LINE('',#540,#539);
#542=DIRECTION('',(1.E0,0.E0,0.E0));
#543=VECTOR('',#542,3.E-1);
#544=CARTESIAN_POINT('',(-1.5E-1,-6.918191770586E-1,-5.8E0));
#545=LINE('',#544,#543);
#546=DIRECTION('',(0.E0,1.E0,0.E0));
#547=VECTOR('',#546,1.708180822941E0);
#548=CARTESIAN_POINT('',(1.5E-1,-2.4E0,-5.8E0));
#549=LINE('',#548,#547);
#550=DIRECTION('',(1.E0,0.E0,0.E0));
#551=VECTOR('',#550,1.2E0);
#552=CARTESIAN_POINT('',(1.5E-1,-2.4E0,-5.8E0));
#553=LINE('',#552,#551);
#554=DIRECTION('',(0.E0,1.E0,0.E0));
#555=VECTOR('',#554,1.708180822941E0);
#556=CARTESIAN_POINT('',(1.35E0,-2.4E0,-5.8E0));
#557=LINE('',#556,#555);
#558=DIRECTION('',(1.E0,0.E0,0.E0));
#559=VECTOR('',#558,3.E-1);
#560=CARTESIAN_POINT('',(1.35E0,-6.918191770586E-1,-5.8E0));
#561=LINE('',#560,#559);
#562=DIRECTION('',(0.E0,1.E0,0.E0));
#563=VECTOR('',#562,1.708180822941E0);
#564=CARTESIAN_POINT('',(1.65E0,-2.4E0,-5.8E0));
#565=LINE('',#564,#563);
#566=DIRECTION('',(1.E0,0.E0,0.E0));
#567=VECTOR('',#566,1.2E0);
#568=CARTESIAN_POINT('',(1.65E0,-2.4E0,-5.8E0));
#569=LINE('',#568,#567);
#570=DIRECTION('',(0.E0,1.E0,0.E0));
#571=VECTOR('',#570,1.708180822941E0);
#572=CARTESIAN_POINT('',(2.85E0,-2.4E0,-5.8E0));
#573=LINE('',#572,#571);
#574=DIRECTION('',(1.E0,0.E0,0.E0));
#575=VECTOR('',#574,3.E-1);
#576=CARTESIAN_POINT('',(2.85E0,-6.918191770586E-1,-5.8E0));
#577=LINE('',#576,#575);
#578=DIRECTION('',(0.E0,1.E0,0.E0));
#579=VECTOR('',#578,1.708180822941E0);
#580=CARTESIAN_POINT('',(3.15E0,-2.4E0,-5.8E0));
#581=LINE('',#580,#579);
#582=DIRECTION('',(1.E0,0.E0,0.E0));
#583=VECTOR('',#582,1.2E0);
#584=CARTESIAN_POINT('',(3.15E0,-2.4E0,-5.8E0));
#585=LINE('',#584,#583);
#586=DIRECTION('',(1.E0,0.E0,0.E0));
#587=VECTOR('',#586,3.E-1);
#588=CARTESIAN_POINT('',(4.35E0,-3.254547919942E0,-5.893209606013E0));
#589=LINE('',#588,#587);
#590=DIRECTION('',(1.E0,0.E0,0.E0));
#591=VECTOR('',#590,3.E-1);
#592=CARTESIAN_POINT('',(4.35E0,-3.265452080061E0,-5.593407839354E0));
#593=LINE('',#592,#591);
#594=DIRECTION('',(0.E0,9.993392221981E-1,3.634720039469E-2));
#595=VECTOR('',#594,2.564423256846E0);
#596=CARTESIAN_POINT('',(4.65E0,-3.254547919942E0,-5.893209606013E0));
#597=LINE('',#596,#595);
#598=DIRECTION('',(0.E0,3.634720039469E-2,-9.993392221981E-1));
#599=VECTOR('',#598,3.E-1);
#600=CARTESIAN_POINT('',(4.65E0,-3.265452080061E0,-5.593407839354E0));
#601=LINE('',#600,#599);
#602=DIRECTION('',(0.E0,-9.993392221981E-1,-3.634720039470E-2));
#603=VECTOR('',#602,8.660243297136E-1);
#604=CARTESIAN_POINT('',(4.65E0,-2.4E0,-5.561930279495E0));
#605=LINE('',#604,#603);
#606=DIRECTION('',(0.E0,0.E0,-1.E0));
#607=VECTOR('',#606,2.3E0);
#608=CARTESIAN_POINT('',(4.65E0,-5.5E-1,-2.1E0));
#609=LINE('',#608,#607);
#610=DIRECTION('',(0.E0,-1.E0,0.E0));
#611=VECTOR('',#610,3.E-1);
#612=CARTESIAN_POINT('',(4.65E0,-2.5E-1,-2.1E0));
#613=LINE('',#612,#611);
#614=DIRECTION('',(0.E0,0.E0,1.E0));
#615=VECTOR('',#614,2.3E0);
#616=CARTESIAN_POINT('',(4.65E0,-2.5E-1,-4.4E0));
#617=LINE('',#616,#615);
#618=DIRECTION('',(-1.E0,0.E0,0.E0));
#619=VECTOR('',#618,8.1E-1);
#620=CARTESIAN_POINT('',(-4.425E0,5.E-1,-4.4E0));
#621=LINE('',#620,#619);
#622=DIRECTION('',(0.E0,-1.E0,0.E0));
#623=VECTOR('',#622,1.325E0);
#624=CARTESIAN_POINT('',(-4.425E0,1.825E0,-4.4E0));
#625=LINE('',#624,#623);
#626=DIRECTION('',(-1.E0,0.E0,0.E0));
#627=VECTOR('',#626,8.85E0);
#628=CARTESIAN_POINT('',(4.425E0,1.825E0,-4.4E0));
#629=LINE('',#628,#627);
#630=DIRECTION('',(0.E0,1.E0,0.E0));
#631=VECTOR('',#630,1.325E0);
#632=CARTESIAN_POINT('',(4.425E0,5.E-1,-4.4E0));
#633=LINE('',#632,#631);
#634=DIRECTION('',(-1.E0,0.E0,0.E0));
#635=VECTOR('',#634,8.1E-1);
#636=CARTESIAN_POINT('',(5.235E0,5.E-1,-4.4E0));
#637=LINE('',#636,#635);
#638=DIRECTION('',(0.E0,-1.E0,0.E0));
#639=VECTOR('',#638,1.3E0);
#640=CARTESIAN_POINT('',(5.235E0,1.8E0,-4.4E0));
#641=LINE('',#640,#639);
#642=DIRECTION('',(-1.E0,0.E0,0.E0));
#643=VECTOR('',#642,6.3E-1);
#644=CARTESIAN_POINT('',(5.865E0,1.8E0,-4.4E0));
#645=LINE('',#644,#643);
#646=DIRECTION('',(0.E0,1.E0,0.E0));
#647=VECTOR('',#646,3.7E0);
#648=CARTESIAN_POINT('',(5.865E0,-1.9E0,-4.4E0));
#649=LINE('',#648,#647);
#650=DIRECTION('',(1.E0,0.E0,0.E0));
#651=VECTOR('',#650,1.173E1);
#652=CARTESIAN_POINT('',(-5.865E0,-1.9E0,-4.4E0));
#653=LINE('',#652,#651);
#654=DIRECTION('',(0.E0,-1.E0,0.E0));
#655=VECTOR('',#654,3.2E0);
#656=CARTESIAN_POINT('',(-5.865E0,1.3E0,-4.4E0));
#657=LINE('',#656,#655);
#658=DIRECTION('',(-1.E0,0.E0,0.E0));
#659=VECTOR('',#658,6.3E-1);
#660=CARTESIAN_POINT('',(-5.235E0,1.3E0,-4.4E0));
#661=LINE('',#660,#659);
#662=DIRECTION('',(0.E0,1.E0,0.E0));
#663=VECTOR('',#662,8.E-1);
#664=CARTESIAN_POINT('',(-5.235E0,5.E-1,-4.4E0));
#665=LINE('',#664,#663);
#666=DIRECTION('',(0.E0,1.E0,0.E0));
#667=VECTOR('',#666,3.E-1);
#668=CARTESIAN_POINT('',(-4.65E0,-5.5E-1,-4.4E0));
#669=LINE('',#668,#667);
#670=DIRECTION('',(1.E0,0.E0,0.E0));
#671=VECTOR('',#670,3.E-1);
#672=CARTESIAN_POINT('',(-4.65E0,-5.5E-1,-4.4E0));
#673=LINE('',#672,#671);
#674=DIRECTION('',(0.E0,1.E0,0.E0));
#675=VECTOR('',#674,3.E-1);
#676=CARTESIAN_POINT('',(-4.35E0,-5.5E-1,-4.4E0));
#677=LINE('',#676,#675);
#678=DIRECTION('',(1.E0,0.E0,0.E0));
#679=VECTOR('',#678,3.E-1);
#680=CARTESIAN_POINT('',(-4.65E0,-2.5E-1,-4.4E0));
#681=LINE('',#680,#679);
#682=DIRECTION('',(0.E0,1.E0,0.E0));
#683=VECTOR('',#682,3.E-1);
#684=CARTESIAN_POINT('',(-3.15E0,-5.5E-1,-4.4E0));
#685=LINE('',#684,#683);
#686=DIRECTION('',(1.E0,0.E0,0.E0));
#687=VECTOR('',#686,3.E-1);
#688=CARTESIAN_POINT('',(-3.15E0,-5.5E-1,-4.4E0));
#689=LINE('',#688,#687);
#690=DIRECTION('',(0.E0,1.E0,0.E0));
#691=VECTOR('',#690,3.E-1);
#692=CARTESIAN_POINT('',(-2.85E0,-5.5E-1,-4.4E0));
#693=LINE('',#692,#691);
#694=DIRECTION('',(1.E0,0.E0,0.E0));
#695=VECTOR('',#694,3.E-1);
#696=CARTESIAN_POINT('',(-3.15E0,-2.5E-1,-4.4E0));
#697=LINE('',#696,#695);
#698=DIRECTION('',(0.E0,1.E0,0.E0));
#699=VECTOR('',#698,3.E-1);
#700=CARTESIAN_POINT('',(-1.65E0,-5.5E-1,-4.4E0));
#701=LINE('',#700,#699);
#702=DIRECTION('',(1.E0,0.E0,0.E0));
#703=VECTOR('',#702,3.E-1);
#704=CARTESIAN_POINT('',(-1.65E0,-5.5E-1,-4.4E0));
#705=LINE('',#704,#703);
#706=DIRECTION('',(0.E0,1.E0,0.E0));
#707=VECTOR('',#706,3.E-1);
#708=CARTESIAN_POINT('',(-1.35E0,-5.5E-1,-4.4E0));
#709=LINE('',#708,#707);
#710=DIRECTION('',(1.E0,0.E0,0.E0));
#711=VECTOR('',#710,3.E-1);
#712=CARTESIAN_POINT('',(-1.65E0,-2.5E-1,-4.4E0));
#713=LINE('',#712,#711);
#714=DIRECTION('',(0.E0,1.E0,0.E0));
#715=VECTOR('',#714,3.E-1);
#716=CARTESIAN_POINT('',(-1.5E-1,-5.5E-1,-4.4E0));
#717=LINE('',#716,#715);
#718=DIRECTION('',(1.E0,0.E0,0.E0));
#719=VECTOR('',#718,3.E-1);
#720=CARTESIAN_POINT('',(-1.5E-1,-5.5E-1,-4.4E0));
#721=LINE('',#720,#719);
#722=DIRECTION('',(0.E0,1.E0,0.E0));
#723=VECTOR('',#722,3.E-1);
#724=CARTESIAN_POINT('',(1.5E-1,-5.5E-1,-4.4E0));
#725=LINE('',#724,#723);
#726=DIRECTION('',(1.E0,0.E0,0.E0));
#727=VECTOR('',#726,3.E-1);
#728=CARTESIAN_POINT('',(-1.5E-1,-2.5E-1,-4.4E0));
#729=LINE('',#728,#727);
#730=DIRECTION('',(0.E0,1.E0,0.E0));
#731=VECTOR('',#730,3.E-1);
#732=CARTESIAN_POINT('',(1.35E0,-5.5E-1,-4.4E0));
#733=LINE('',#732,#731);
#734=DIRECTION('',(1.E0,0.E0,0.E0));
#735=VECTOR('',#734,3.E-1);
#736=CARTESIAN_POINT('',(1.35E0,-5.5E-1,-4.4E0));
#737=LINE('',#736,#735);
#738=DIRECTION('',(0.E0,1.E0,0.E0));
#739=VECTOR('',#738,3.E-1);
#740=CARTESIAN_POINT('',(1.65E0,-5.5E-1,-4.4E0));
#741=LINE('',#740,#739);
#742=DIRECTION('',(1.E0,0.E0,0.E0));
#743=VECTOR('',#742,3.E-1);
#744=CARTESIAN_POINT('',(1.35E0,-2.5E-1,-4.4E0));
#745=LINE('',#744,#743);
#746=DIRECTION('',(0.E0,1.E0,0.E0));
#747=VECTOR('',#746,3.E-1);
#748=CARTESIAN_POINT('',(2.85E0,-5.5E-1,-4.4E0));
#749=LINE('',#748,#747);
#750=DIRECTION('',(1.E0,0.E0,0.E0));
#751=VECTOR('',#750,3.E-1);
#752=CARTESIAN_POINT('',(2.85E0,-5.5E-1,-4.4E0));
#753=LINE('',#752,#751);
#754=DIRECTION('',(0.E0,1.E0,0.E0));
#755=VECTOR('',#754,3.E-1);
#756=CARTESIAN_POINT('',(3.15E0,-5.5E-1,-4.4E0));
#757=LINE('',#756,#755);
#758=DIRECTION('',(1.E0,0.E0,0.E0));
#759=VECTOR('',#758,3.E-1);
#760=CARTESIAN_POINT('',(2.85E0,-2.5E-1,-4.4E0));
#761=LINE('',#760,#759);
#762=DIRECTION('',(0.E0,1.E0,0.E0));
#763=VECTOR('',#762,3.E-1);
#764=CARTESIAN_POINT('',(4.35E0,-5.5E-1,-4.4E0));
#765=LINE('',#764,#763);
#766=DIRECTION('',(1.E0,0.E0,0.E0));
#767=VECTOR('',#766,3.E-1);
#768=CARTESIAN_POINT('',(4.35E0,-5.5E-1,-4.4E0));
#769=LINE('',#768,#767);
#770=DIRECTION('',(0.E0,1.E0,0.E0));
#771=VECTOR('',#770,3.E-1);
#772=CARTESIAN_POINT('',(4.65E0,-5.5E-1,-4.4E0));
#773=LINE('',#772,#771);
#774=DIRECTION('',(1.E0,0.E0,0.E0));
#775=VECTOR('',#774,3.E-1);
#776=CARTESIAN_POINT('',(4.35E0,-2.5E-1,-4.4E0));
#777=LINE('',#776,#775);
#778=DIRECTION('',(0.E0,1.E0,0.E0));
#779=VECTOR('',#778,7.5E-1);
#780=CARTESIAN_POINT('',(-4.40625E0,-1.8E0,-4.4E0));
#781=LINE('',#780,#779);
#782=DIRECTION('',(-1.E0,0.E0,0.E0));
#783=VECTOR('',#782,9.375E-2);
#784=CARTESIAN_POINT('',(-4.40625E0,-1.05E0,-4.4E0));
#785=LINE('',#784,#783);
#786=DIRECTION('',(-6.428712937139E-1,-7.659742160926E-1,0.E0));
#787=VECTOR('',#786,1.458301232559E-1);
#788=CARTESIAN_POINT('',(-4.5E0,-1.05E0,-4.4E0));
#789=LINE('',#788,#787);
#790=DIRECTION('',(0.E0,-1.E0,0.E0));
#791=VECTOR('',#790,1.276596039534E-1);
#792=CARTESIAN_POINT('',(-4.59375E0,-1.161702114344E0,-4.4E0));
#793=LINE('',#792,#791);
#794=DIRECTION('',(6.428711427642E-1,7.659743427825E-1,0.E0));
#795=VECTOR('',#794,1.458301574977E-1);
#796=CARTESIAN_POINT('',(-4.59375E0,-1.289361718297E0,-4.4E0));
#797=LINE('',#796,#795);
#798=DIRECTION('',(0.E0,-1.E0,0.E0));
#799=VECTOR('',#798,6.223404407501E-1);
#800=CARTESIAN_POINT('',(-4.5E0,-1.177659559250E0,-4.4E0));
#801=LINE('',#800,#799);
#802=DIRECTION('',(1.E0,0.E0,0.E0));
#803=VECTOR('',#802,9.375E-2);
#804=CARTESIAN_POINT('',(-4.5E0,-1.8E0,-4.4E0));
#805=LINE('',#804,#803);
#806=DIRECTION('',(0.E0,0.E0,1.E0));
#807=VECTOR('',#806,4.4E0);
#808=CARTESIAN_POINT('',(4.425E0,5.E-1,-4.4E0));
#809=LINE('',#808,#807);
#810=DIRECTION('',(-7.071067811865E-1,0.E0,7.071067811865E-1));
#811=VECTOR('',#810,2.828427124746E-1);
#812=CARTESIAN_POINT('',(5.235E0,5.E-1,-2.E-1));
#813=LINE('',#812,#811);
#814=DIRECTION('',(0.E0,0.E0,-1.E0));
#815=VECTOR('',#814,4.2E0);
#816=CARTESIAN_POINT('',(5.235E0,5.E-1,-2.E-1));
#817=LINE('',#816,#815);
#818=DIRECTION('',(0.E0,0.E0,1.E0));
#819=VECTOR('',#818,4.4E0);
#820=CARTESIAN_POINT('',(-4.425E0,5.E-1,-4.4E0));
#821=LINE('',#820,#819);
#822=DIRECTION('',(-7.071067811865E-1,0.E0,-7.071067811865E-1));
#823=VECTOR('',#822,2.828427124746E-1);
#824=CARTESIAN_POINT('',(-5.035E0,5.E-1,0.E0));
#825=LINE('',#824,#823);
#826=DIRECTION('',(1.E0,0.E0,0.E0));
#827=VECTOR('',#826,3.77E0);
#828=CARTESIAN_POINT('',(-1.885E0,1.825E0,-8.330415196484E-1));
#829=LINE('',#828,#827);
#830=DIRECTION('',(0.E0,0.E0,-1.E0));
#831=VECTOR('',#830,4.4E0);
#832=CARTESIAN_POINT('',(4.425E0,1.825E0,0.E0));
#833=LINE('',#832,#831);
#834=CARTESIAN_POINT('',(-1.885E0,1.725E0,-8.330415196484E-1));
#835=DIRECTION('',(1.E0,0.E0,0.E0));
#836=DIRECTION('',(0.E0,1.E0,0.E0));
#837=AXIS2_PLACEMENT_3D('',#834,#835,#836);
#839=CARTESIAN_POINT('',(1.885E0,1.725E0,-8.330415196484E-1));
#840=DIRECTION('',(-1.E0,0.E0,0.E0));
#841=DIRECTION('',(0.E0,-8.634300732915E-2,9.962654691825E-1));
#842=AXIS2_PLACEMENT_3D('',#839,#840,#841);
#844=DIRECTION('',(0.E0,9.962654691825E-1,8.634300732915E-2));
#845=VECTOR('',#844,1.920830392969E-1);
#846=CARTESIAN_POINT('',(-1.885E0,1.525E0,-7.5E-1));
#847=LINE('',#846,#845);
#848=DIRECTION('',(0.E0,0.E0,1.E0));
#849=VECTOR('',#848,8.330415196484E-1);
#850=CARTESIAN_POINT('',(-1.885E0,1.825E0,-8.330415196484E-1));
#851=LINE('',#850,#849);
#852=DIRECTION('',(0.E0,-1.E0,0.E0));
#853=VECTOR('',#852,3.E-1);
#854=CARTESIAN_POINT('',(-1.885E0,1.825E0,0.E0));
#855=LINE('',#854,#853);
#856=DIRECTION('',(0.E0,0.E0,-1.E0));
#857=VECTOR('',#856,7.5E-1);
#858=CARTESIAN_POINT('',(-1.885E0,1.525E0,0.E0));
#859=LINE('',#858,#857);
#860=DIRECTION('',(1.E0,0.E0,0.E0));
#861=VECTOR('',#860,3.77E0);
#862=CARTESIAN_POINT('',(-1.885E0,1.716365699267E0,-7.334149727302E-1));
#863=LINE('',#862,#861);
#864=DIRECTION('',(1.E0,0.E0,0.E0));
#865=VECTOR('',#864,3.77E0);
#866=CARTESIAN_POINT('',(-1.885E0,1.525E0,-7.5E-1));
#867=LINE('',#866,#865);
#868=DIRECTION('',(1.E0,0.E0,0.E0));
#869=VECTOR('',#868,3.77E0);
#870=CARTESIAN_POINT('',(-1.885E0,1.525E0,0.E0));
#871=LINE('',#870,#869);
#872=DIRECTION('',(0.E0,0.E0,-1.E0));
#873=VECTOR('',#872,8.330415196484E-1);
#874=CARTESIAN_POINT('',(1.885E0,1.825E0,0.E0));
#875=LINE('',#874,#873);
#876=DIRECTION('',(0.E0,9.962654691825E-1,8.634300732915E-2));
#877=VECTOR('',#876,1.920830392969E-1);
#878=CARTESIAN_POINT('',(1.885E0,1.525E0,-7.5E-1));
#879=LINE('',#878,#877);
#880=DIRECTION('',(0.E0,0.E0,-1.E0));
#881=VECTOR('',#880,7.5E-1);
#882=CARTESIAN_POINT('',(1.885E0,1.525E0,0.E0));
#883=LINE('',#882,#881);
#884=DIRECTION('',(0.E0,-1.E0,0.E0));
#885=VECTOR('',#884,3.E-1);
#886=CARTESIAN_POINT('',(1.885E0,1.825E0,0.E0));
#887=LINE('',#886,#885);
#888=DIRECTION('',(0.E0,0.E0,-1.E0));
#889=VECTOR('',#888,4.4E0);
#890=CARTESIAN_POINT('',(-4.425E0,1.825E0,0.E0));
#891=LINE('',#890,#889);
#892=DIRECTION('',(-5.773502691896E-1,5.773502691896E-1,5.773502691896E-1));
#893=VECTOR('',#892,3.464101615138E-1);
#894=CARTESIAN_POINT('',(5.235E0,1.8E0,-2.E-1));
#895=LINE('',#894,#893);
#896=DIRECTION('',(1.E0,0.E0,0.E0));
#897=VECTOR('',#896,9.166025403784E-1);
#898=CARTESIAN_POINT('',(5.035E0,2.E0,0.E0));
#899=LINE('',#898,#897);
#900=DIRECTION('',(0.E0,-7.071067811865E-1,-7.071067811865E-1));
#901=VECTOR('',#900,7.071067811865E-2);
#902=CARTESIAN_POINT('',(5.865E0,1.85E0,-1.5E-1));
#903=LINE('',#902,#901);
#904=DIRECTION('',(4.472135955E-1,-4.472135955E-1,7.745966692415E-1));
#905=VECTOR('',#904,1.936491673104E-1);
#906=CARTESIAN_POINT('',(5.865E0,-1.9E0,-1.5E-1));
#907=LINE('',#906,#905);
#908=DIRECTION('',(3.779644730092E-1,6.546536707080E-1,6.546536707080E-1));
#909=VECTOR('',#908,2.291287847478E-1);
#910=CARTESIAN_POINT('',(5.865E0,1.85E0,-1.5E-1));
#911=LINE('',#910,#909);
#912=DIRECTION('',(-4.472135955E-1,-4.472135955E-1,7.745966692415E-1));
#913=VECTOR('',#912,1.936491673104E-1);
#914=CARTESIAN_POINT('',(-5.865E0,-1.9E0,-1.5E-1));
#915=LINE('',#914,#913);
#916=DIRECTION('',(3.779644730092E-1,-6.546536707080E-1,-6.546536707080E-1));
#917=VECTOR('',#916,2.291287847478E-1);
#918=CARTESIAN_POINT('',(-5.951602540378E0,1.5E0,0.E0));
#919=LINE('',#918,#917);
#920=DIRECTION('',(0.E0,-1.E0,0.E0));
#921=VECTOR('',#920,3.25E0);
#922=CARTESIAN_POINT('',(-5.865E0,1.35E0,-1.5E-1));
#923=LINE('',#922,#921);
#924=DIRECTION('',(0.E0,0.E0,-1.E0));
#925=VECTOR('',#924,4.2E0);
#926=CARTESIAN_POINT('',(-5.865E0,1.3E0,-2.E-1));
#927=LINE('',#926,#925);
#928=DIRECTION('',(0.E0,7.071067811865E-1,7.071067811865E-1));
#929=VECTOR('',#928,7.071067811865E-2);
#930=CARTESIAN_POINT('',(-5.865E0,1.3E0,-2.E-1));
#931=LINE('',#930,#929);
#932=DIRECTION('',(1.E0,0.E0,0.E0));
#933=VECTOR('',#932,9.166025403784E-1);
#934=CARTESIAN_POINT('',(-5.951602540378E0,1.5E0,0.E0));
#935=LINE('',#934,#933);
#936=DIRECTION('',(5.773502691896E-1,5.773502691896E-1,5.773502691896E-1));
#937=VECTOR('',#936,3.464101615138E-1);
#938=CARTESIAN_POINT('',(-5.235E0,1.3E0,-2.E-1));
#939=LINE('',#938,#937);
#940=DIRECTION('',(0.E0,-1.E0,0.E0));
#941=VECTOR('',#940,8.E-1);
#942=CARTESIAN_POINT('',(-5.235E0,1.3E0,-2.E-1));
#943=LINE('',#942,#941);
#944=DIRECTION('',(0.E0,0.E0,-1.E0));
#945=VECTOR('',#944,4.2E0);
#946=CARTESIAN_POINT('',(-5.235E0,5.E-1,-2.E-1));
#947=LINE('',#946,#945);
#948=DIRECTION('',(1.E0,0.E0,0.E0));
#949=VECTOR('',#948,6.3E-1);
#950=CARTESIAN_POINT('',(-5.865E0,1.3E0,-2.E-1));
#951=LINE('',#950,#949);
#952=DIRECTION('',(0.E0,0.E0,-1.E0));
#953=VECTOR('',#952,4.2E0);
#954=CARTESIAN_POINT('',(-5.235E0,1.3E0,-2.E-1));
#955=LINE('',#954,#953);
#956=DIRECTION('',(-1.E0,0.E0,0.E0));
#957=VECTOR('',#956,1.173E1);
#958=CARTESIAN_POINT('',(5.865E0,-1.9E0,-1.5E-1));
#959=LINE('',#958,#957);
#960=DIRECTION('',(0.E0,0.E0,-1.E0));
#961=VECTOR('',#960,4.25E0);
#962=CARTESIAN_POINT('',(-5.865E0,-1.9E0,-1.5E-1));
#963=LINE('',#962,#961);
#964=DIRECTION('',(0.E0,1.E0,0.E0));
#965=VECTOR('',#964,3.75E0);
#966=CARTESIAN_POINT('',(5.865E0,-1.9E0,-1.5E-1));
#967=LINE('',#966,#965);
#968=DIRECTION('',(0.E0,0.E0,-1.E0));
#969=VECTOR('',#968,4.25E0);
#970=CARTESIAN_POINT('',(5.865E0,-1.9E0,-1.5E-1));
#971=LINE('',#970,#969);
#972=DIRECTION('',(1.E0,0.E0,0.E0));
#973=VECTOR('',#972,6.3E-1);
#974=CARTESIAN_POINT('',(5.235E0,1.8E0,-2.E-1));
#975=LINE('',#974,#973);
#976=DIRECTION('',(0.E0,0.E0,-1.E0));
#977=VECTOR('',#976,4.2E0);
#978=CARTESIAN_POINT('',(5.865E0,1.8E0,-2.E-1));
#979=LINE('',#978,#977);
#980=DIRECTION('',(0.E0,1.E0,0.E0));
#981=VECTOR('',#980,1.3E0);
#982=CARTESIAN_POINT('',(5.235E0,5.E-1,-2.E-1));
#983=LINE('',#982,#981);
#984=DIRECTION('',(0.E0,0.E0,-1.E0));
#985=VECTOR('',#984,4.2E0);
#986=CARTESIAN_POINT('',(5.235E0,1.8E0,-2.E-1));
#987=LINE('',#986,#985);
#988=DIRECTION('',(0.E0,-9.993392221981E-1,-3.634720039470E-2));
#989=VECTOR('',#988,8.660243297136E-1);
#990=CARTESIAN_POINT('',(-4.65E0,-2.4E0,-5.561930279495E0));
#991=LINE('',#990,#989);
#992=DIRECTION('',(0.E0,3.634720039469E-2,-9.993392221981E-1));
#993=VECTOR('',#992,3.E-1);
#994=CARTESIAN_POINT('',(-4.65E0,-3.265452080061E0,-5.593407839354E0));
#995=LINE('',#994,#993);
#996=DIRECTION('',(0.E0,9.993392221981E-1,3.634720039469E-2));
#997=VECTOR('',#996,2.564423256846E0);
#998=CARTESIAN_POINT('',(-4.65E0,-3.254547919942E0,-5.893209606013E0));
#999=LINE('',#998,#997);
#1000=DIRECTION('',(0.E0,0.E0,1.E0));
#1001=VECTOR('',#1000,2.3E0);
#1002=CARTESIAN_POINT('',(-4.65E0,-2.5E-1,-4.4E0));
#1003=LINE('',#1002,#1001);
#1004=DIRECTION('',(0.E0,-1.E0,0.E0));
#1005=VECTOR('',#1004,3.E-1);
#1006=CARTESIAN_POINT('',(-4.65E0,-2.5E-1,-2.1E0));
#1007=LINE('',#1006,#1005);
#1008=DIRECTION('',(0.E0,0.E0,-1.E0));
#1009=VECTOR('',#1008,2.3E0);
#1010=CARTESIAN_POINT('',(-4.65E0,-5.5E-1,-2.1E0));
#1011=LINE('',#1010,#1009);
#1012=DIRECTION('',(0.E0,9.993392221981E-1,3.634720039469E-2));
#1013=VECTOR('',#1012,2.564423256846E0);
#1014=CARTESIAN_POINT('',(-4.35E0,-3.254547919942E0,-5.893209606013E0));
#1015=LINE('',#1014,#1013);
#1016=DIRECTION('',(0.E0,3.634720039469E-2,-9.993392221981E-1));
#1017=VECTOR('',#1016,3.E-1);
#1018=CARTESIAN_POINT('',(-4.35E0,-3.265452080061E0,-5.593407839354E0));
#1019=LINE('',#1018,#1017);
#1020=DIRECTION('',(0.E0,-9.993392221981E-1,-3.634720039470E-2));
#1021=VECTOR('',#1020,8.660243297136E-1);
#1022=CARTESIAN_POINT('',(-4.35E0,-2.4E0,-5.561930279495E0));
#1023=LINE('',#1022,#1021);
#1024=DIRECTION('',(0.E0,0.E0,-1.E0));
#1025=VECTOR('',#1024,2.3E0);
#1026=CARTESIAN_POINT('',(-4.35E0,-5.5E-1,-2.1E0));
#1027=LINE('',#1026,#1025);
#1028=DIRECTION('',(0.E0,-1.E0,0.E0));
#1029=VECTOR('',#1028,3.E-1);
#1030=CARTESIAN_POINT('',(-4.35E0,-2.5E-1,-2.1E0));
#1031=LINE('',#1030,#1029);
#1032=DIRECTION('',(0.E0,0.E0,1.E0));
#1033=VECTOR('',#1032,2.3E0);
#1034=CARTESIAN_POINT('',(-4.35E0,-2.5E-1,-4.4E0));
#1035=LINE('',#1034,#1033);
#1036=DIRECTION('',(1.E0,0.E0,0.E0));
#1037=VECTOR('',#1036,3.E-1);
#1038=CARTESIAN_POINT('',(-4.65E0,-3.254547919942E0,-5.893209606013E0));
#1039=LINE('',#1038,#1037);
#1040=DIRECTION('',(1.E0,0.E0,0.E0));
#1041=VECTOR('',#1040,3.E-1);
#1042=CARTESIAN_POINT('',(-4.65E0,-3.265452080061E0,-5.593407839354E0));
#1043=LINE('',#1042,#1041);
#1044=DIRECTION('',(1.E0,0.E0,0.E0));
#1045=VECTOR('',#1044,3.E-1);
#1046=CARTESIAN_POINT('',(-4.65E0,-5.5E-1,-2.1E0));
#1047=LINE('',#1046,#1045);
#1048=DIRECTION('',(1.E0,0.E0,0.E0));
#1049=VECTOR('',#1048,3.E-1);
#1050=CARTESIAN_POINT('',(-4.65E0,-2.5E-1,-2.1E0));
#1051=LINE('',#1050,#1049);
#1052=DIRECTION('',(0.E0,-9.993392221981E-1,-3.634720039470E-2));
#1053=VECTOR('',#1052,8.660243297136E-1);
#1054=CARTESIAN_POINT('',(-3.15E0,-2.4E0,-5.561930279495E0));
#1055=LINE('',#1054,#1053);
#1056=DIRECTION('',(0.E0,3.634720039469E-2,-9.993392221981E-1));
#1057=VECTOR('',#1056,3.E-1);
#1058=CARTESIAN_POINT('',(-3.15E0,-3.265452080061E0,-5.593407839354E0));
#1059=LINE('',#1058,#1057);
#1060=DIRECTION('',(0.E0,9.993392221981E-1,3.634720039469E-2));
#1061=VECTOR('',#1060,2.564423256846E0);
#1062=CARTESIAN_POINT('',(-3.15E0,-3.254547919942E0,-5.893209606013E0));
#1063=LINE('',#1062,#1061);
#1064=DIRECTION('',(0.E0,0.E0,1.E0));
#1065=VECTOR('',#1064,2.3E0);
#1066=CARTESIAN_POINT('',(-3.15E0,-2.5E-1,-4.4E0));
#1067=LINE('',#1066,#1065);
#1068=DIRECTION('',(0.E0,-1.E0,0.E0));
#1069=VECTOR('',#1068,3.E-1);
#1070=CARTESIAN_POINT('',(-3.15E0,-2.5E-1,-2.1E0));
#1071=LINE('',#1070,#1069);
#1072=DIRECTION('',(0.E0,0.E0,-1.E0));
#1073=VECTOR('',#1072,2.3E0);
#1074=CARTESIAN_POINT('',(-3.15E0,-5.5E-1,-2.1E0));
#1075=LINE('',#1074,#1073);
#1076=DIRECTION('',(0.E0,9.993392221981E-1,3.634720039469E-2));
#1077=VECTOR('',#1076,2.564423256846E0);
#1078=CARTESIAN_POINT('',(-2.85E0,-3.254547919942E0,-5.893209606013E0));
#1079=LINE('',#1078,#1077);
#1080=DIRECTION('',(0.E0,3.634720039469E-2,-9.993392221981E-1));
#1081=VECTOR('',#1080,3.E-1);
#1082=CARTESIAN_POINT('',(-2.85E0,-3.265452080061E0,-5.593407839354E0));
#1083=LINE('',#1082,#1081);
#1084=DIRECTION('',(0.E0,-9.993392221981E-1,-3.634720039470E-2));
#1085=VECTOR('',#1084,8.660243297136E-1);
#1086=CARTESIAN_POINT('',(-2.85E0,-2.4E0,-5.561930279495E0));
#1087=LINE('',#1086,#1085);
#1088=DIRECTION('',(0.E0,0.E0,-1.E0));
#1089=VECTOR('',#1088,2.3E0);
#1090=CARTESIAN_POINT('',(-2.85E0,-5.5E-1,-2.1E0));
#1091=LINE('',#1090,#1089);
#1092=DIRECTION('',(0.E0,-1.E0,0.E0));
#1093=VECTOR('',#1092,3.E-1);
#1094=CARTESIAN_POINT('',(-2.85E0,-2.5E-1,-2.1E0));
#1095=LINE('',#1094,#1093);
#1096=DIRECTION('',(0.E0,0.E0,1.E0));
#1097=VECTOR('',#1096,2.3E0);
#1098=CARTESIAN_POINT('',(-2.85E0,-2.5E-1,-4.4E0));
#1099=LINE('',#1098,#1097);
#1100=DIRECTION('',(1.E0,0.E0,0.E0));
#1101=VECTOR('',#1100,3.E-1);
#1102=CARTESIAN_POINT('',(-3.15E0,-3.254547919942E0,-5.893209606013E0));
#1103=LINE('',#1102,#1101);
#1104=DIRECTION('',(1.E0,0.E0,0.E0));
#1105=VECTOR('',#1104,3.E-1);
#1106=CARTESIAN_POINT('',(-3.15E0,-3.265452080061E0,-5.593407839354E0));
#1107=LINE('',#1106,#1105);
#1108=DIRECTION('',(1.E0,0.E0,0.E0));
#1109=VECTOR('',#1108,3.E-1);
#1110=CARTESIAN_POINT('',(-3.15E0,-5.5E-1,-2.1E0));
#1111=LINE('',#1110,#1109);
#1112=DIRECTION('',(1.E0,0.E0,0.E0));
#1113=VECTOR('',#1112,3.E-1);
#1114=CARTESIAN_POINT('',(-3.15E0,-2.5E-1,-2.1E0));
#1115=LINE('',#1114,#1113);
#1116=DIRECTION('',(0.E0,-9.993392221981E-1,-3.634720039470E-2));
#1117=VECTOR('',#1116,8.660243297136E-1);
#1118=CARTESIAN_POINT('',(-1.65E0,-2.4E0,-5.561930279495E0));
#1119=LINE('',#1118,#1117);
#1120=DIRECTION('',(0.E0,3.634720039469E-2,-9.993392221981E-1));
#1121=VECTOR('',#1120,3.E-1);
#1122=CARTESIAN_POINT('',(-1.65E0,-3.265452080061E0,-5.593407839354E0));
#1123=LINE('',#1122,#1121);
#1124=DIRECTION('',(0.E0,9.993392221981E-1,3.634720039469E-2));
#1125=VECTOR('',#1124,2.564423256846E0);
#1126=CARTESIAN_POINT('',(-1.65E0,-3.254547919942E0,-5.893209606013E0));
#1127=LINE('',#1126,#1125);
#1128=DIRECTION('',(0.E0,0.E0,1.E0));
#1129=VECTOR('',#1128,2.3E0);
#1130=CARTESIAN_POINT('',(-1.65E0,-2.5E-1,-4.4E0));
#1131=LINE('',#1130,#1129);
#1132=DIRECTION('',(0.E0,-1.E0,0.E0));
#1133=VECTOR('',#1132,3.E-1);
#1134=CARTESIAN_POINT('',(-1.65E0,-2.5E-1,-2.1E0));
#1135=LINE('',#1134,#1133);
#1136=DIRECTION('',(0.E0,0.E0,-1.E0));
#1137=VECTOR('',#1136,2.3E0);
#1138=CARTESIAN_POINT('',(-1.65E0,-5.5E-1,-2.1E0));
#1139=LINE('',#1138,#1137);
#1140=DIRECTION('',(0.E0,9.993392221981E-1,3.634720039469E-2));
#1141=VECTOR('',#1140,2.564423256846E0);
#1142=CARTESIAN_POINT('',(-1.35E0,-3.254547919942E0,-5.893209606013E0));
#1143=LINE('',#1142,#1141);
#1144=DIRECTION('',(0.E0,3.634720039469E-2,-9.993392221981E-1));
#1145=VECTOR('',#1144,3.E-1);
#1146=CARTESIAN_POINT('',(-1.35E0,-3.265452080061E0,-5.593407839354E0));
#1147=LINE('',#1146,#1145);
#1148=DIRECTION('',(0.E0,-9.993392221981E-1,-3.634720039470E-2));
#1149=VECTOR('',#1148,8.660243297136E-1);
#1150=CARTESIAN_POINT('',(-1.35E0,-2.4E0,-5.561930279495E0));
#1151=LINE('',#1150,#1149);
#1152=DIRECTION('',(0.E0,0.E0,-1.E0));
#1153=VECTOR('',#1152,2.3E0);
#1154=CARTESIAN_POINT('',(-1.35E0,-5.5E-1,-2.1E0));
#1155=LINE('',#1154,#1153);
#1156=DIRECTION('',(0.E0,-1.E0,0.E0));
#1157=VECTOR('',#1156,3.E-1);
#1158=CARTESIAN_POINT('',(-1.35E0,-2.5E-1,-2.1E0));
#1159=LINE('',#1158,#1157);
#1160=DIRECTION('',(0.E0,0.E0,1.E0));
#1161=VECTOR('',#1160,2.3E0);
#1162=CARTESIAN_POINT('',(-1.35E0,-2.5E-1,-4.4E0));
#1163=LINE('',#1162,#1161);
#1164=DIRECTION('',(1.E0,0.E0,0.E0));
#1165=VECTOR('',#1164,3.E-1);
#1166=CARTESIAN_POINT('',(-1.65E0,-3.254547919942E0,-5.893209606013E0));
#1167=LINE('',#1166,#1165);
#1168=DIRECTION('',(1.E0,0.E0,0.E0));
#1169=VECTOR('',#1168,3.E-1);
#1170=CARTESIAN_POINT('',(-1.65E0,-3.265452080061E0,-5.593407839354E0));
#1171=LINE('',#1170,#1169);
#1172=DIRECTION('',(1.E0,0.E0,0.E0));
#1173=VECTOR('',#1172,3.E-1);
#1174=CARTESIAN_POINT('',(-1.65E0,-5.5E-1,-2.1E0));
#1175=LINE('',#1174,#1173);
#1176=DIRECTION('',(1.E0,0.E0,0.E0));
#1177=VECTOR('',#1176,3.E-1);
#1178=CARTESIAN_POINT('',(-1.65E0,-2.5E-1,-2.1E0));
#1179=LINE('',#1178,#1177);
#1180=DIRECTION('',(0.E0,-9.993392221981E-1,-3.634720039470E-2));
#1181=VECTOR('',#1180,8.660243297136E-1);
#1182=CARTESIAN_POINT('',(-1.5E-1,-2.4E0,-5.561930279495E0));
#1183=LINE('',#1182,#1181);
#1184=DIRECTION('',(0.E0,3.634720039469E-2,-9.993392221981E-1));
#1185=VECTOR('',#1184,3.E-1);
#1186=CARTESIAN_POINT('',(-1.5E-1,-3.265452080061E0,-5.593407839354E0));
#1187=LINE('',#1186,#1185);
#1188=DIRECTION('',(0.E0,9.993392221981E-1,3.634720039469E-2));
#1189=VECTOR('',#1188,2.564423256846E0);
#1190=CARTESIAN_POINT('',(-1.5E-1,-3.254547919942E0,-5.893209606013E0));
#1191=LINE('',#1190,#1189);
#1192=DIRECTION('',(0.E0,0.E0,1.E0));
#1193=VECTOR('',#1192,2.3E0);
#1194=CARTESIAN_POINT('',(-1.5E-1,-2.5E-1,-4.4E0));
#1195=LINE('',#1194,#1193);
#1196=DIRECTION('',(0.E0,-1.E0,0.E0));
#1197=VECTOR('',#1196,3.E-1);
#1198=CARTESIAN_POINT('',(-1.5E-1,-2.5E-1,-2.1E0));
#1199=LINE('',#1198,#1197);
#1200=DIRECTION('',(0.E0,0.E0,-1.E0));
#1201=VECTOR('',#1200,2.3E0);
#1202=CARTESIAN_POINT('',(-1.5E-1,-5.5E-1,-2.1E0));
#1203=LINE('',#1202,#1201);
#1204=DIRECTION('',(0.E0,9.993392221981E-1,3.634720039469E-2));
#1205=VECTOR('',#1204,2.564423256846E0);
#1206=CARTESIAN_POINT('',(1.5E-1,-3.254547919942E0,-5.893209606013E0));
#1207=LINE('',#1206,#1205);
#1208=DIRECTION('',(0.E0,3.634720039469E-2,-9.993392221981E-1));
#1209=VECTOR('',#1208,3.E-1);
#1210=CARTESIAN_POINT('',(1.5E-1,-3.265452080061E0,-5.593407839354E0));
#1211=LINE('',#1210,#1209);
#1212=DIRECTION('',(0.E0,-9.993392221981E-1,-3.634720039470E-2));
#1213=VECTOR('',#1212,8.660243297136E-1);
#1214=CARTESIAN_POINT('',(1.5E-1,-2.4E0,-5.561930279495E0));
#1215=LINE('',#1214,#1213);
#1216=DIRECTION('',(0.E0,0.E0,-1.E0));
#1217=VECTOR('',#1216,2.3E0);
#1218=CARTESIAN_POINT('',(1.5E-1,-5.5E-1,-2.1E0));
#1219=LINE('',#1218,#1217);
#1220=DIRECTION('',(0.E0,-1.E0,0.E0));
#1221=VECTOR('',#1220,3.E-1);
#1222=CARTESIAN_POINT('',(1.5E-1,-2.5E-1,-2.1E0));
#1223=LINE('',#1222,#1221);
#1224=DIRECTION('',(0.E0,0.E0,1.E0));
#1225=VECTOR('',#1224,2.3E0);
#1226=CARTESIAN_POINT('',(1.5E-1,-2.5E-1,-4.4E0));
#1227=LINE('',#1226,#1225);
#1228=DIRECTION('',(1.E0,0.E0,0.E0));
#1229=VECTOR('',#1228,3.E-1);
#1230=CARTESIAN_POINT('',(-1.5E-1,-3.254547919942E0,-5.893209606013E0));
#1231=LINE('',#1230,#1229);
#1232=DIRECTION('',(1.E0,0.E0,0.E0));
#1233=VECTOR('',#1232,3.E-1);
#1234=CARTESIAN_POINT('',(-1.5E-1,-3.265452080061E0,-5.593407839354E0));
#1235=LINE('',#1234,#1233);
#1236=DIRECTION('',(1.E0,0.E0,0.E0));
#1237=VECTOR('',#1236,3.E-1);
#1238=CARTESIAN_POINT('',(-1.5E-1,-5.5E-1,-2.1E0));
#1239=LINE('',#1238,#1237);
#1240=DIRECTION('',(1.E0,0.E0,0.E0));
#1241=VECTOR('',#1240,3.E-1);
#1242=CARTESIAN_POINT('',(-1.5E-1,-2.5E-1,-2.1E0));
#1243=LINE('',#1242,#1241);
#1244=DIRECTION('',(0.E0,-9.993392221981E-1,-3.634720039470E-2));
#1245=VECTOR('',#1244,8.660243297136E-1);
#1246=CARTESIAN_POINT('',(1.35E0,-2.4E0,-5.561930279495E0));
#1247=LINE('',#1246,#1245);
#1248=DIRECTION('',(0.E0,3.634720039469E-2,-9.993392221981E-1));
#1249=VECTOR('',#1248,3.E-1);
#1250=CARTESIAN_POINT('',(1.35E0,-3.265452080061E0,-5.593407839354E0));
#1251=LINE('',#1250,#1249);
#1252=DIRECTION('',(0.E0,9.993392221981E-1,3.634720039469E-2));
#1253=VECTOR('',#1252,2.564423256846E0);
#1254=CARTESIAN_POINT('',(1.35E0,-3.254547919942E0,-5.893209606013E0));
#1255=LINE('',#1254,#1253);
#1256=DIRECTION('',(0.E0,0.E0,1.E0));
#1257=VECTOR('',#1256,2.3E0);
#1258=CARTESIAN_POINT('',(1.35E0,-2.5E-1,-4.4E0));
#1259=LINE('',#1258,#1257);
#1260=DIRECTION('',(0.E0,-1.E0,0.E0));
#1261=VECTOR('',#1260,3.E-1);
#1262=CARTESIAN_POINT('',(1.35E0,-2.5E-1,-2.1E0));
#1263=LINE('',#1262,#1261);
#1264=DIRECTION('',(0.E0,0.E0,-1.E0));
#1265=VECTOR('',#1264,2.3E0);
#1266=CARTESIAN_POINT('',(1.35E0,-5.5E-1,-2.1E0));
#1267=LINE('',#1266,#1265);
#1268=DIRECTION('',(0.E0,9.993392221981E-1,3.634720039469E-2));
#1269=VECTOR('',#1268,2.564423256846E0);
#1270=CARTESIAN_POINT('',(1.65E0,-3.254547919942E0,-5.893209606013E0));
#1271=LINE('',#1270,#1269);
#1272=DIRECTION('',(0.E0,3.634720039469E-2,-9.993392221981E-1));
#1273=VECTOR('',#1272,3.E-1);
#1274=CARTESIAN_POINT('',(1.65E0,-3.265452080061E0,-5.593407839354E0));
#1275=LINE('',#1274,#1273);
#1276=DIRECTION('',(0.E0,-9.993392221981E-1,-3.634720039470E-2));
#1277=VECTOR('',#1276,8.660243297136E-1);
#1278=CARTESIAN_POINT('',(1.65E0,-2.4E0,-5.561930279495E0));
#1279=LINE('',#1278,#1277);
#1280=DIRECTION('',(0.E0,0.E0,-1.E0));
#1281=VECTOR('',#1280,2.3E0);
#1282=CARTESIAN_POINT('',(1.65E0,-5.5E-1,-2.1E0));
#1283=LINE('',#1282,#1281);
#1284=DIRECTION('',(0.E0,-1.E0,0.E0));
#1285=VECTOR('',#1284,3.E-1);
#1286=CARTESIAN_POINT('',(1.65E0,-2.5E-1,-2.1E0));
#1287=LINE('',#1286,#1285);
#1288=DIRECTION('',(0.E0,0.E0,1.E0));
#1289=VECTOR('',#1288,2.3E0);
#1290=CARTESIAN_POINT('',(1.65E0,-2.5E-1,-4.4E0));
#1291=LINE('',#1290,#1289);
#1292=DIRECTION('',(1.E0,0.E0,0.E0));
#1293=VECTOR('',#1292,3.E-1);
#1294=CARTESIAN_POINT('',(1.35E0,-3.254547919942E0,-5.893209606013E0));
#1295=LINE('',#1294,#1293);
#1296=DIRECTION('',(1.E0,0.E0,0.E0));
#1297=VECTOR('',#1296,3.E-1);
#1298=CARTESIAN_POINT('',(1.35E0,-3.265452080061E0,-5.593407839354E0));
#1299=LINE('',#1298,#1297);
#1300=DIRECTION('',(1.E0,0.E0,0.E0));
#1301=VECTOR('',#1300,3.E-1);
#1302=CARTESIAN_POINT('',(1.35E0,-5.5E-1,-2.1E0));
#1303=LINE('',#1302,#1301);
#1304=DIRECTION('',(1.E0,0.E0,0.E0));
#1305=VECTOR('',#1304,3.E-1);
#1306=CARTESIAN_POINT('',(1.35E0,-2.5E-1,-2.1E0));
#1307=LINE('',#1306,#1305);
#1308=DIRECTION('',(0.E0,-9.993392221981E-1,-3.634720039470E-2));
#1309=VECTOR('',#1308,8.660243297136E-1);
#1310=CARTESIAN_POINT('',(2.85E0,-2.4E0,-5.561930279495E0));
#1311=LINE('',#1310,#1309);
#1312=DIRECTION('',(0.E0,3.634720039469E-2,-9.993392221981E-1));
#1313=VECTOR('',#1312,3.E-1);
#1314=CARTESIAN_POINT('',(2.85E0,-3.265452080061E0,-5.593407839354E0));
#1315=LINE('',#1314,#1313);
#1316=DIRECTION('',(0.E0,9.993392221981E-1,3.634720039469E-2));
#1317=VECTOR('',#1316,2.564423256846E0);
#1318=CARTESIAN_POINT('',(2.85E0,-3.254547919942E0,-5.893209606013E0));
#1319=LINE('',#1318,#1317);
#1320=DIRECTION('',(0.E0,0.E0,1.E0));
#1321=VECTOR('',#1320,2.3E0);
#1322=CARTESIAN_POINT('',(2.85E0,-2.5E-1,-4.4E0));
#1323=LINE('',#1322,#1321);
#1324=DIRECTION('',(0.E0,-1.E0,0.E0));
#1325=VECTOR('',#1324,3.E-1);
#1326=CARTESIAN_POINT('',(2.85E0,-2.5E-1,-2.1E0));
#1327=LINE('',#1326,#1325);
#1328=DIRECTION('',(0.E0,0.E0,-1.E0));
#1329=VECTOR('',#1328,2.3E0);
#1330=CARTESIAN_POINT('',(2.85E0,-5.5E-1,-2.1E0));
#1331=LINE('',#1330,#1329);
#1332=DIRECTION('',(0.E0,9.993392221981E-1,3.634720039469E-2));
#1333=VECTOR('',#1332,2.564423256846E0);
#1334=CARTESIAN_POINT('',(3.15E0,-3.254547919942E0,-5.893209606013E0));
#1335=LINE('',#1334,#1333);
#1336=DIRECTION('',(0.E0,3.634720039469E-2,-9.993392221981E-1));
#1337=VECTOR('',#1336,3.E-1);
#1338=CARTESIAN_POINT('',(3.15E0,-3.265452080061E0,-5.593407839354E0));
#1339=LINE('',#1338,#1337);
#1340=DIRECTION('',(0.E0,-9.993392221981E-1,-3.634720039470E-2));
#1341=VECTOR('',#1340,8.660243297136E-1);
#1342=CARTESIAN_POINT('',(3.15E0,-2.4E0,-5.561930279495E0));
#1343=LINE('',#1342,#1341);
#1344=DIRECTION('',(0.E0,0.E0,-1.E0));
#1345=VECTOR('',#1344,2.3E0);
#1346=CARTESIAN_POINT('',(3.15E0,-5.5E-1,-2.1E0));
#1347=LINE('',#1346,#1345);
#1348=DIRECTION('',(0.E0,-1.E0,0.E0));
#1349=VECTOR('',#1348,3.E-1);
#1350=CARTESIAN_POINT('',(3.15E0,-2.5E-1,-2.1E0));
#1351=LINE('',#1350,#1349);
#1352=DIRECTION('',(0.E0,0.E0,1.E0));
#1353=VECTOR('',#1352,2.3E0);
#1354=CARTESIAN_POINT('',(3.15E0,-2.5E-1,-4.4E0));
#1355=LINE('',#1354,#1353);
#1356=DIRECTION('',(1.E0,0.E0,0.E0));
#1357=VECTOR('',#1356,3.E-1);
#1358=CARTESIAN_POINT('',(2.85E0,-3.254547919942E0,-5.893209606013E0));
#1359=LINE('',#1358,#1357);
#1360=DIRECTION('',(1.E0,0.E0,0.E0));
#1361=VECTOR('',#1360,3.E-1);
#1362=CARTESIAN_POINT('',(2.85E0,-3.265452080061E0,-5.593407839354E0));
#1363=LINE('',#1362,#1361);
#1364=DIRECTION('',(1.E0,0.E0,0.E0));
#1365=VECTOR('',#1364,3.E-1);
#1366=CARTESIAN_POINT('',(2.85E0,-5.5E-1,-2.1E0));
#1367=LINE('',#1366,#1365);
#1368=DIRECTION('',(1.E0,0.E0,0.E0));
#1369=VECTOR('',#1368,3.E-1);
#1370=CARTESIAN_POINT('',(2.85E0,-2.5E-1,-2.1E0));
#1371=LINE('',#1370,#1369);
#1372=DIRECTION('',(1.E0,0.E0,0.E0));
#1373=VECTOR('',#1372,3.E-1);
#1374=CARTESIAN_POINT('',(4.35E0,-5.5E-1,-2.1E0));
#1375=LINE('',#1374,#1373);
#1376=DIRECTION('',(1.E0,0.E0,0.E0));
#1377=VECTOR('',#1376,3.E-1);
#1378=CARTESIAN_POINT('',(4.35E0,-2.5E-1,-2.1E0));
#1379=LINE('',#1378,#1377);
#1380=DIRECTION('',(0.E0,0.E0,1.E0));
#1381=VECTOR('',#1380,9.999999999999E-3);
#1382=CARTESIAN_POINT('',(-4.40625E0,-1.8E0,-4.4E0));
#1383=LINE('',#1382,#1381);
#1384=DIRECTION('',(0.E0,0.E0,1.E0));
#1385=VECTOR('',#1384,9.999999999999E-3);
#1386=CARTESIAN_POINT('',(-4.5E0,-1.8E0,-4.4E0));
#1387=LINE('',#1386,#1385);
#1388=DIRECTION('',(0.E0,4.440892098501E-14,1.E0));
#1389=VECTOR('',#1388,9.999999999999E-3);
#1390=CARTESIAN_POINT('',(-4.5E0,-1.177659559250E0,-4.4E0));
#1391=LINE('',#1390,#1389);
#1392=DIRECTION('',(0.E0,4.440892098501E-14,1.E0));
#1393=VECTOR('',#1392,9.999999999999E-3);
#1394=CARTESIAN_POINT('',(-4.59375E0,-1.289361718297E0,-4.4E0));
#1395=LINE('',#1394,#1393);
#1396=DIRECTION('',(0.E0,-4.440892098501E-14,1.E0));
#1397=VECTOR('',#1396,9.999999999999E-3);
#1398=CARTESIAN_POINT('',(-4.59375E0,-1.161702114344E0,-4.4E0));
#1399=LINE('',#1398,#1397);
#1400=DIRECTION('',(0.E0,0.E0,1.E0));
#1401=VECTOR('',#1400,9.999999999999E-3);
#1402=CARTESIAN_POINT('',(-4.5E0,-1.05E0,-4.4E0));
#1403=LINE('',#1402,#1401);
#1404=DIRECTION('',(0.E0,0.E0,1.E0));
#1405=VECTOR('',#1404,9.999999999999E-3);
#1406=CARTESIAN_POINT('',(-4.40625E0,-1.05E0,-4.4E0));
#1407=LINE('',#1406,#1405);
#1408=DIRECTION('',(0.E0,1.E0,0.E0));
#1409=VECTOR('',#1408,7.5E-1);
#1410=CARTESIAN_POINT('',(-4.40625E0,-1.8E0,-4.39E0));
#1411=LINE('',#1410,#1409);
#1412=DIRECTION('',(1.E0,0.E0,0.E0));
#1413=VECTOR('',#1412,9.375E-2);
#1414=CARTESIAN_POINT('',(-4.5E0,-1.8E0,-4.39E0));
#1415=LINE('',#1414,#1413);
#1416=DIRECTION('',(0.E0,-1.E0,0.E0));
#1417=VECTOR('',#1416,6.223404407501E-1);
#1418=CARTESIAN_POINT('',(-4.5E0,-1.177659559250E0,-4.39E0));
#1419=LINE('',#1418,#1417);
#1420=DIRECTION('',(6.428711427642E-1,7.659743427825E-1,0.E0));
#1421=VECTOR('',#1420,1.458301574977E-1);
#1422=CARTESIAN_POINT('',(-4.59375E0,-1.289361718297E0,-4.39E0));
#1423=LINE('',#1422,#1421);
#1424=DIRECTION('',(0.E0,-1.E0,0.E0));
#1425=VECTOR('',#1424,1.276596039534E-1);
#1426=CARTESIAN_POINT('',(-4.59375E0,-1.161702114344E0,-4.39E0));
#1427=LINE('',#1426,#1425);
#1428=DIRECTION('',(-6.428712937139E-1,-7.659742160926E-1,0.E0));
#1429=VECTOR('',#1428,1.458301232559E-1);
#1430=CARTESIAN_POINT('',(-4.5E0,-1.05E0,-4.39E0));
#1431=LINE('',#1430,#1429);
#1432=DIRECTION('',(-1.E0,0.E0,0.E0));
#1433=VECTOR('',#1432,9.375E-2);
#1434=CARTESIAN_POINT('',(-4.40625E0,-1.05E0,-4.39E0));
#1435=LINE('',#1434,#1433);
#1436=DIRECTION('',(0.E0,-1.E0,0.E0));
#1437=VECTOR('',#1436,1.E-1);
#1438=CARTESIAN_POINT('',(4.95E0,-2.4E0,-4.9E0));
#1439=LINE('',#1438,#1437);
#1440=DIRECTION('',(0.E0,-1.E0,0.E0));
#1441=VECTOR('',#1440,1.E-1);
#1442=CARTESIAN_POINT('',(5.45E0,-2.4E0,-4.9E0));
#1443=LINE('',#1442,#1441);
#1444=DIRECTION('',(0.E0,0.E0,-1.E0));
#1445=VECTOR('',#1444,1.E-1);
#1446=CARTESIAN_POINT('',(5.45E0,-1.5E0,-5.8E0));
#1447=LINE('',#1446,#1445);
#1448=DIRECTION('',(0.E0,-1.E0,0.E0));
#1449=VECTOR('',#1448,1.E0);
#1450=CARTESIAN_POINT('',(4.95E0,-1.5E0,-5.9E0));
#1451=LINE('',#1450,#1449);
#1452=DIRECTION('',(0.E0,1.E0,0.E0));
#1453=VECTOR('',#1452,1.E0);
#1454=CARTESIAN_POINT('',(5.45E0,-2.5E0,-5.9E0));
#1455=LINE('',#1454,#1453);
#1456=DIRECTION('',(1.E0,0.E0,0.E0));
#1457=VECTOR('',#1456,5.E-1);
#1458=CARTESIAN_POINT('',(4.95E0,-1.5E0,-5.9E0));
#1459=LINE('',#1458,#1457);
#1460=DIRECTION('',(1.E0,0.E0,0.E0));
#1461=VECTOR('',#1460,5.E-1);
#1462=CARTESIAN_POINT('',(-5.45E0,-1.5E0,-5.9E0));
#1463=LINE('',#1462,#1461);
#1464=DIRECTION('',(0.E0,0.E0,1.E0));
#1465=VECTOR('',#1464,1.E0);
#1466=CARTESIAN_POINT('',(5.45E0,-2.5E0,-5.9E0));
#1467=LINE('',#1466,#1465);
#1468=DIRECTION('',(1.E0,0.E0,0.E0));
#1469=VECTOR('',#1468,5.E-1);
#1470=CARTESIAN_POINT('',(4.95E0,-2.5E0,-5.9E0));
#1471=LINE('',#1470,#1469);
#1472=DIRECTION('',(0.E0,0.E0,-1.E0));
#1473=VECTOR('',#1472,1.E0);
#1474=CARTESIAN_POINT('',(4.95E0,-2.5E0,-4.9E0));
#1475=LINE('',#1474,#1473);
#1476=DIRECTION('',(-1.E0,0.E0,0.E0));
#1477=VECTOR('',#1476,5.E-1);
#1478=CARTESIAN_POINT('',(5.45E0,-2.5E0,-4.9E0));
#1479=LINE('',#1478,#1477);
#1480=DIRECTION('',(1.E0,0.E0,0.E0));
#1481=VECTOR('',#1480,5.E-1);
#1482=CARTESIAN_POINT('',(-5.45E0,-2.5E0,-5.9E0));
#1483=LINE('',#1482,#1481);
#1484=DIRECTION('',(0.E0,0.E0,-1.E0));
#1485=VECTOR('',#1484,1.E0);
#1486=CARTESIAN_POINT('',(-5.45E0,-2.5E0,-4.9E0));
#1487=LINE('',#1486,#1485);
#1488=DIRECTION('',(-1.E0,0.E0,0.E0));
#1489=VECTOR('',#1488,5.E-1);
#1490=CARTESIAN_POINT('',(-4.95E0,-2.5E0,-4.9E0));
#1491=LINE('',#1490,#1489);
#1492=DIRECTION('',(0.E0,0.E0,1.E0));
#1493=VECTOR('',#1492,1.E0);
#1494=CARTESIAN_POINT('',(-4.95E0,-2.5E0,-5.9E0));
#1495=LINE('',#1494,#1493);
#1496=DIRECTION('',(0.E0,-1.E0,0.E0));
#1497=VECTOR('',#1496,1.E-1);
#1498=CARTESIAN_POINT('',(-5.45E0,-2.4E0,-4.9E0));
#1499=LINE('',#1498,#1497);
#1500=DIRECTION('',(0.E0,1.E0,0.E0));
#1501=VECTOR('',#1500,1.E0);
#1502=CARTESIAN_POINT('',(-5.45E0,-2.5E0,-5.9E0));
#1503=LINE('',#1502,#1501);
#1504=DIRECTION('',(0.E0,-1.E0,0.E0));
#1505=VECTOR('',#1504,1.E-1);
#1506=CARTESIAN_POINT('',(-4.95E0,-2.4E0,-4.9E0));
#1507=LINE('',#1506,#1505);
#1508=DIRECTION('',(0.E0,-1.E0,0.E0));
#1509=VECTOR('',#1508,1.E0);
#1510=CARTESIAN_POINT('',(-4.95E0,-1.5E0,-5.9E0));
#1511=LINE('',#1510,#1509);
#1512=DIRECTION('',(0.E0,0.E0,-1.E0));
#1513=VECTOR('',#1512,1.E-1);
#1514=CARTESIAN_POINT('',(-4.95E0,-1.5E0,-5.8E0));
#1515=LINE('',#1514,#1513);
#1516=DIRECTION('',(0.E0,0.E0,-1.E0));
#1517=VECTOR('',#1516,1.E-1);
#1518=CARTESIAN_POINT('',(-5.45E0,-1.5E0,-5.8E0));
#1519=LINE('',#1518,#1517);
#1520=DIRECTION('',(0.E0,0.E0,-1.E0));
#1521=VECTOR('',#1520,1.E-1);
#1522=CARTESIAN_POINT('',(4.95E0,-1.5E0,-5.8E0));
#1523=LINE('',#1522,#1521);
#1524=DIRECTION('',(0.E0,9.486832980505E-1,3.162277660168E-1));
#1525=VECTOR('',#1524,3.162277660168E-1);
#1526=CARTESIAN_POINT('',(6.95E0,2.1E0,-3.85E0));
#1527=LINE('',#1526,#1525);
#1528=DIRECTION('',(0.E0,-1.E0,0.E0));
#1529=VECTOR('',#1528,1.35E0);
#1530=CARTESIAN_POINT('',(6.95E0,2.1E0,-3.85E0));
#1531=LINE('',#1530,#1529);
#1532=DIRECTION('',(0.E0,0.E0,-1.E0));
#1533=VECTOR('',#1532,9.5E-1);
#1534=CARTESIAN_POINT('',(6.95E0,7.5E-1,-3.85E0));
#1535=LINE('',#1534,#1533);
#1536=DIRECTION('',(0.E0,7.071067811866E-1,7.071067811865E-1));
#1537=VECTOR('',#1536,1.414213562373E-1);
#1538=CARTESIAN_POINT('',(6.95E0,6.5E-1,-4.9E0));
#1539=LINE('',#1538,#1537);
#1540=DIRECTION('',(0.E0,-1.E0,0.E0));
#1541=VECTOR('',#1540,1.25E0);
#1542=CARTESIAN_POINT('',(6.95E0,6.5E-1,-4.9E0));
#1543=LINE('',#1542,#1541);
#1544=DIRECTION('',(0.E0,0.E0,1.E0));
#1545=VECTOR('',#1544,9.E-1);
#1546=CARTESIAN_POINT('',(6.95E0,-6.E-1,-5.8E0));
#1547=LINE('',#1546,#1545);
#1548=DIRECTION('',(0.E0,0.E0,-1.E0));
#1549=VECTOR('',#1548,3.65E0);
#1550=CARTESIAN_POINT('',(6.95E0,-2.4E0,-2.15E0));
#1551=LINE('',#1550,#1549);
#1552=DIRECTION('',(0.E0,1.E0,0.E0));
#1553=VECTOR('',#1552,9.E-1);
#1554=CARTESIAN_POINT('',(6.95E0,-2.4E0,-2.15E0));
#1555=LINE('',#1554,#1553);
#1556=DIRECTION('',(0.E0,0.E0,1.E0));
#1557=VECTOR('',#1556,1.25E0);
#1558=CARTESIAN_POINT('',(6.95E0,-1.5E0,-2.15E0));
#1559=LINE('',#1558,#1557);
#1560=DIRECTION('',(0.E0,-7.071067811865E-1,-7.071067811865E-1));
#1561=VECTOR('',#1560,1.414213562373E-1);
#1562=CARTESIAN_POINT('',(6.95E0,-1.4E0,-8.E-1));
#1563=LINE('',#1562,#1561);
#1564=DIRECTION('',(0.E0,1.E0,0.E0));
#1565=VECTOR('',#1564,9.5E-1);
#1566=CARTESIAN_POINT('',(6.95E0,-1.4E0,-8.E-1));
#1567=LINE('',#1566,#1565);
#1568=DIRECTION('',(0.E0,0.E0,-1.E0));
#1569=VECTOR('',#1568,5.E-1);
#1570=CARTESIAN_POINT('',(6.95E0,-4.5E-1,-3.E-1));
#1571=LINE('',#1570,#1569);
#1572=DIRECTION('',(0.E0,-3.162277660168E-1,-9.486832980505E-1));
#1573=VECTOR('',#1572,3.162277660168E-1);
#1574=CARTESIAN_POINT('',(6.95E0,-3.5E-1,0.E0));
#1575=LINE('',#1574,#1573);
#1576=DIRECTION('',(-3.015113445778E-1,9.045340337333E-1,3.015113445778E-1));
#1577=VECTOR('',#1576,3.316624790355E-1);
#1578=CARTESIAN_POINT('',(6.275E0,2.1E0,-3.85E0));
#1579=LINE('',#1578,#1577);
#1580=DIRECTION('',(-7.071067811865E-1,0.E0,7.071067811865E-1));
#1581=VECTOR('',#1580,3.959797974645E-1);
#1582=CARTESIAN_POINT('',(-5.895E0,2.4E0,-5.8E0));
#1583=LINE('',#1582,#1581);
#1584=DIRECTION('',(-7.071067811865E-1,0.E0,-7.071067811865E-1));
#1585=VECTOR('',#1584,3.959797974645E-1);
#1586=CARTESIAN_POINT('',(6.175E0,2.4E0,-5.52E0));
#1587=LINE('',#1586,#1585);
#1588=DIRECTION('',(0.E0,0.E0,-1.E0));
#1589=VECTOR('',#1588,1.12E0);
#1590=CARTESIAN_POINT('',(6.175E0,2.4E0,-4.4E0));
#1591=LINE('',#1590,#1589);
#1592=DIRECTION('',(0.E0,0.E0,1.E0));
#1593=VECTOR('',#1592,2.E-1);
#1594=CARTESIAN_POINT('',(6.175E0,2.4E0,-4.4E0));
#1595=LINE('',#1594,#1593);
#1596=DIRECTION('',(0.E0,0.E0,-1.E0));
#1597=VECTOR('',#1596,4.5E-1);
#1598=CARTESIAN_POINT('',(6.175E0,2.4E0,-3.75E0));
#1599=LINE('',#1598,#1597);
#1600=DIRECTION('',(-1.E0,0.E0,0.E0));
#1601=VECTOR('',#1600,7.75E-1);
#1602=CARTESIAN_POINT('',(6.95E0,2.4E0,-3.75E0));
#1603=LINE('',#1602,#1601);
#1604=DIRECTION('',(0.E0,0.E0,-1.E0));
#1605=VECTOR('',#1604,3.75E0);
#1606=CARTESIAN_POINT('',(6.95E0,2.4E0,0.E0));
#1607=LINE('',#1606,#1605);
#1608=DIRECTION('',(-1.E0,0.E0,0.E0));
#1609=VECTOR('',#1608,7.75E-1);
#1610=CARTESIAN_POINT('',(-6.175E0,2.4E0,-3.75E0));
#1611=LINE('',#1610,#1609);
#1612=DIRECTION('',(0.E0,0.E0,1.E0));
#1613=VECTOR('',#1612,4.5E-1);
#1614=CARTESIAN_POINT('',(-6.175E0,2.4E0,-4.2E0));
#1615=LINE('',#1614,#1613);
#1616=DIRECTION('',(0.E0,0.E0,-1.E0));
#1617=VECTOR('',#1616,2.E-1);
#1618=CARTESIAN_POINT('',(-6.175E0,2.4E0,-4.2E0));
#1619=LINE('',#1618,#1617);
#1620=DIRECTION('',(0.E0,0.E0,1.E0));
#1621=VECTOR('',#1620,1.12E0);
#1622=CARTESIAN_POINT('',(-6.175E0,2.4E0,-5.52E0));
#1623=LINE('',#1622,#1621);
#1624=DIRECTION('',(0.E0,1.E0,0.E0));
#1625=VECTOR('',#1624,2.E0);
#1626=CARTESIAN_POINT('',(-6.275E0,-4.5E-1,-5.42E0));
#1627=LINE('',#1626,#1625);
#1628=DIRECTION('',(7.071067811865E-1,0.E0,-7.071067811865E-1));
#1629=VECTOR('',#1628,5.374011537018E-1);
#1630=CARTESIAN_POINT('',(-6.275E0,-6.E-1,-5.42E0));
#1631=LINE('',#1630,#1629);
#1632=DIRECTION('',(0.E0,0.E0,-1.E0));
#1633=VECTOR('',#1632,2.E-1);
#1634=CARTESIAN_POINT('',(-6.275E0,1.4E0,-4.2E0));
#1635=LINE('',#1634,#1633);
#1636=DIRECTION('',(0.E0,0.E0,-1.E0));
#1637=VECTOR('',#1636,2.5E-1);
#1638=CARTESIAN_POINT('',(6.825E0,1.55E0,-5.65E0));
#1639=LINE('',#1638,#1637);
#1640=DIRECTION('',(1.E0,0.E0,0.E0));
#1641=VECTOR('',#1640,2.E-1);
#1642=CARTESIAN_POINT('',(6.625E0,1.55E0,-5.65E0));
#1643=LINE('',#1642,#1641);
#1644=CARTESIAN_POINT('',(6.625E0,1.55E0,-5.55E0));
#1645=DIRECTION('',(0.E0,-1.E0,0.E0));
#1646=DIRECTION('',(-1.E0,0.E0,0.E0));
#1647=AXIS2_PLACEMENT_3D('',#1644,#1645,#1646);
#1649=DIRECTION('',(0.E0,0.E0,-1.E0));
#1650=VECTOR('',#1649,1.7E0);
#1651=CARTESIAN_POINT('',(6.525E0,1.55E0,-3.85E0));
#1652=LINE('',#1651,#1650);
#1653=DIRECTION('',(0.E0,0.E0,1.E0));
#1654=VECTOR('',#1653,2.E-1);
#1655=CARTESIAN_POINT('',(6.275E0,1.55E0,-4.4E0));
#1656=LINE('',#1655,#1654);
#1657=DIRECTION('',(0.E0,0.E0,1.E0));
#1658=VECTOR('',#1657,1.3E-1);
#1659=CARTESIAN_POINT('',(6.275E0,1.55E0,-5.55E0));
#1660=LINE('',#1659,#1658);
#1661=CARTESIAN_POINT('',(6.625E0,1.55E0,-5.55E0));
#1662=DIRECTION('',(0.E0,1.E0,0.E0));
#1663=DIRECTION('',(0.E0,0.E0,-1.E0));
#1664=AXIS2_PLACEMENT_3D('',#1661,#1662,#1663);
#1666=DIRECTION('',(-1.E0,0.E0,0.E0));
#1667=VECTOR('',#1666,2.E-1);
#1668=CARTESIAN_POINT('',(6.825E0,1.55E0,-5.9E0));
#1669=LINE('',#1668,#1667);
#1670=DIRECTION('',(0.E0,0.E0,1.E0));
#1671=VECTOR('',#1670,2.5E-1);
#1672=CARTESIAN_POINT('',(-6.825E0,1.55E0,-5.9E0));
#1673=LINE('',#1672,#1671);
#1674=DIRECTION('',(-1.E0,0.E0,0.E0));
#1675=VECTOR('',#1674,2.E-1);
#1676=CARTESIAN_POINT('',(-6.625E0,1.55E0,-5.9E0));
#1677=LINE('',#1676,#1675);
#1678=CARTESIAN_POINT('',(-6.625E0,1.55E0,-5.55E0));
#1679=DIRECTION('',(0.E0,1.E0,0.E0));
#1680=DIRECTION('',(1.E0,0.E0,0.E0));
#1681=AXIS2_PLACEMENT_3D('',#1678,#1679,#1680);
#1683=DIRECTION('',(0.E0,0.E0,-1.E0));
#1684=VECTOR('',#1683,1.3E-1);
#1685=CARTESIAN_POINT('',(-6.275E0,1.55E0,-5.42E0));
#1686=LINE('',#1685,#1684);
#1687=DIRECTION('',(0.E0,0.E0,-1.E0));
#1688=VECTOR('',#1687,2.E-1);
#1689=CARTESIAN_POINT('',(-6.275E0,1.55E0,-4.2E0));
#1690=LINE('',#1689,#1688);
#1691=DIRECTION('',(0.E0,0.E0,1.E0));
#1692=VECTOR('',#1691,1.7E0);
#1693=CARTESIAN_POINT('',(-6.525E0,1.55E0,-5.55E0));
#1694=LINE('',#1693,#1692);
#1695=CARTESIAN_POINT('',(-6.625E0,1.55E0,-5.55E0));
#1696=DIRECTION('',(0.E0,-1.E0,0.E0));
#1697=DIRECTION('',(0.E0,0.E0,-1.E0));
#1698=AXIS2_PLACEMENT_3D('',#1695,#1696,#1697);
#1700=DIRECTION('',(1.E0,0.E0,0.E0));
#1701=VECTOR('',#1700,2.E-1);
#1702=CARTESIAN_POINT('',(-6.825E0,1.55E0,-5.65E0));
#1703=LINE('',#1702,#1701);
#1704=CARTESIAN_POINT('',(6.825E0,1.25E0,-5.9E0));
#1705=DIRECTION('',(0.E0,0.E0,-1.E0));
#1706=DIRECTION('',(0.E0,1.E0,0.E0));
#1707=AXIS2_PLACEMENT_3D('',#1704,#1705,#1706);
#1709=CARTESIAN_POINT('',(6.825E0,-1.5E-1,-5.9E0));
#1710=DIRECTION('',(0.E0,0.E0,-1.E0));
#1711=DIRECTION('',(1.E0,0.E0,0.E0));
#1712=AXIS2_PLACEMENT_3D('',#1709,#1710,#1711);
#1714=DIRECTION('',(0.E0,-1.E0,0.E0));
#1715=VECTOR('',#1714,1.4E0);
#1716=CARTESIAN_POINT('',(7.125E0,1.25E0,-5.9E0));
#1717=LINE('',#1716,#1715);
#1718=DIRECTION('',(0.E0,-1.E0,0.E0));
#1719=VECTOR('',#1718,2.E0);
#1720=CARTESIAN_POINT('',(6.625E0,1.55E0,-5.9E0));
#1721=LINE('',#1720,#1719);
#1722=DIRECTION('',(0.E0,-1.E0,0.E0));
#1723=VECTOR('',#1722,2.E0);
#1724=CARTESIAN_POINT('',(6.275E0,1.55E0,-5.55E0));
#1725=LINE('',#1724,#1723);
#1726=DIRECTION('',(0.E0,0.E0,-1.E0));
#1727=VECTOR('',#1726,2.E-1);
#1728=CARTESIAN_POINT('',(6.275E0,1.4E0,-4.2E0));
#1729=LINE('',#1728,#1727);
#1730=DIRECTION('',(0.E0,1.E0,0.E0));
#1731=VECTOR('',#1730,2.E0);
#1732=CARTESIAN_POINT('',(6.275E0,-4.5E-1,-5.42E0));
#1733=LINE('',#1732,#1731);
#1734=DIRECTION('',(7.071067811865E-1,0.E0,7.071067811865E-1));
#1735=VECTOR('',#1734,5.374011537018E-1);
#1736=CARTESIAN_POINT('',(5.895E0,-6.E-1,-5.8E0));
#1737=LINE('',#1736,#1735);
#1738=DIRECTION('',(0.E0,1.E0,0.E0));
#1739=VECTOR('',#1738,3.5E-1);
#1740=CARTESIAN_POINT('',(6.275E0,-8.E-1,-3.E-1));
#1741=LINE('',#1740,#1739);
#1742=DIRECTION('',(0.E0,0.E0,1.E0));
#1743=VECTOR('',#1742,2.35E0);
#1744=CARTESIAN_POINT('',(6.275E0,-8.E-1,-2.65E0));
#1745=LINE('',#1744,#1743);
#1746=DIRECTION('',(0.E0,1.E0,0.E0));
#1747=VECTOR('',#1746,1.15E0);
#1748=CARTESIAN_POINT('',(6.275E0,-2.15E0,-3.E-1));
#1749=LINE('',#1748,#1747);
#1750=DIRECTION('',(0.E0,0.E0,-1.E0));
#1751=VECTOR('',#1750,6.E-1);
#1752=CARTESIAN_POINT('',(6.275E0,-1.E0,-3.E-1));
#1753=LINE('',#1752,#1751);
#1754=DIRECTION('',(0.E0,1.E0,0.E0));
#1755=VECTOR('',#1754,3.E-1);
#1756=CARTESIAN_POINT('',(6.275E0,-1.4E0,-8.E-1));
#1757=LINE('',#1756,#1755);
#1758=DIRECTION('',(0.E0,1.E0,0.E0));
#1759=VECTOR('',#1758,1.3E-1);
#1760=CARTESIAN_POINT('',(6.275E0,-2.15E0,-2.15E0));
#1761=LINE('',#1760,#1759);
#1762=DIRECTION('',(0.E0,0.E0,1.E0));
#1763=VECTOR('',#1762,1.85E0);
#1764=CARTESIAN_POINT('',(6.275E0,-2.15E0,-2.15E0));
#1765=LINE('',#1764,#1763);
#1766=DIRECTION('',(0.E0,0.E0,1.E0));
#1767=VECTOR('',#1766,1.02E0);
#1768=CARTESIAN_POINT('',(6.275E0,1.55E0,-5.42E0));
#1769=LINE('',#1768,#1767);
#1770=DIRECTION('',(0.E0,1.E0,0.E0));
#1771=VECTOR('',#1770,5.5E-1);
#1772=CARTESIAN_POINT('',(6.275E0,1.55E0,-4.4E0));
#1773=LINE('',#1772,#1771);
#1774=DIRECTION('',(0.E0,0.E0,-1.E0));
#1775=VECTOR('',#1774,1.02E0);
#1776=CARTESIAN_POINT('',(6.275E0,2.1E0,-4.4E0));
#1777=LINE('',#1776,#1775);
#1778=DIRECTION('',(0.E0,-1.E0,0.E0));
#1779=VECTOR('',#1778,5.5E-1);
#1780=CARTESIAN_POINT('',(6.275E0,2.1E0,-5.42E0));
#1781=LINE('',#1780,#1779);
#1782=DIRECTION('',(0.E0,0.E0,1.E0));
#1783=VECTOR('',#1782,3.5E-1);
#1784=CARTESIAN_POINT('',(6.275E0,1.55E0,-4.2E0));
#1785=LINE('',#1784,#1783);
#1786=DIRECTION('',(0.E0,0.E0,-1.E0));
#1787=VECTOR('',#1786,3.5E-1);
#1788=CARTESIAN_POINT('',(6.275E0,2.1E0,-3.85E0));
#1789=LINE('',#1788,#1787);
#1790=DIRECTION('',(0.E0,-1.E0,0.E0));
#1791=VECTOR('',#1790,5.5E-1);
#1792=CARTESIAN_POINT('',(6.275E0,2.1E0,-4.2E0));
#1793=LINE('',#1792,#1791);
#1794=DIRECTION('',(0.E0,0.E0,1.E0));
#1795=VECTOR('',#1794,5.2E-1);
#1796=CARTESIAN_POINT('',(6.275E0,-4.5E-1,-5.42E0));
#1797=LINE('',#1796,#1795);
#1798=DIRECTION('',(0.E0,-1.E0,0.E0));
#1799=VECTOR('',#1798,1.5E-1);
#1800=CARTESIAN_POINT('',(6.275E0,-4.5E-1,-5.42E0));
#1801=LINE('',#1800,#1799);
#1802=DIRECTION('',(-3.015113445778E-1,3.015113445778E-1,9.045340337333E-1));
#1803=VECTOR('',#1802,3.316624790355E-1);
#1804=CARTESIAN_POINT('',(6.275E0,-4.5E-1,-3.E-1));
#1805=LINE('',#1804,#1803);
#1806=DIRECTION('',(-3.162277660168E-1,0.E0,9.486832980505E-1));
#1807=VECTOR('',#1806,3.162277660168E-1);
#1808=CARTESIAN_POINT('',(6.275E0,-8.E-1,-3.E-1));
#1809=LINE('',#1808,#1807);
#1810=DIRECTION('',(0.E0,-1.E0,0.E0));
#1811=VECTOR('',#1810,4.2E-1);
#1812=CARTESIAN_POINT('',(6.275E0,-1.5E0,-2.65E0));
#1813=LINE('',#1812,#1811);
#1814=DIRECTION('',(-1.E0,0.E0,0.E0));
#1815=VECTOR('',#1814,2.75E-1);
#1816=CARTESIAN_POINT('',(6.55E0,-1.5E0,-2.65E0));
#1817=LINE('',#1816,#1815);
#1818=DIRECTION('',(0.E0,1.E0,0.E0));
#1819=VECTOR('',#1818,4.2E-1);
#1820=CARTESIAN_POINT('',(6.55E0,-1.92E0,-2.65E0));
#1821=LINE('',#1820,#1819);
#1822=DIRECTION('',(1.E0,0.E0,0.E0));
#1823=VECTOR('',#1822,2.75E-1);
#1824=CARTESIAN_POINT('',(6.275E0,-1.92E0,-2.65E0));
#1825=LINE('',#1824,#1823);
#1826=DIRECTION('',(-1.E0,0.E0,0.E0));
#1827=VECTOR('',#1826,2.75E-1);
#1828=CARTESIAN_POINT('',(-6.275E0,-1.5E0,-2.65E0));
#1829=LINE('',#1828,#1827);
#1830=DIRECTION('',(0.E0,1.E0,0.E0));
#1831=VECTOR('',#1830,4.2E-1);
#1832=CARTESIAN_POINT('',(-6.275E0,-1.92E0,-2.65E0));
#1833=LINE('',#1832,#1831);
#1834=DIRECTION('',(1.E0,0.E0,0.E0));
#1835=VECTOR('',#1834,2.75E-1);
#1836=CARTESIAN_POINT('',(-6.55E0,-1.92E0,-2.65E0));
#1837=LINE('',#1836,#1835);
#1838=DIRECTION('',(0.E0,-1.E0,0.E0));
#1839=VECTOR('',#1838,4.2E-1);
#1840=CARTESIAN_POINT('',(-6.55E0,-1.5E0,-2.65E0));
#1841=LINE('',#1840,#1839);
#1842=DIRECTION('',(-1.E0,0.E0,0.E0));
#1843=VECTOR('',#1842,4.75E-1);
#1844=CARTESIAN_POINT('',(-6.175E0,-1.E0,-2.65E0));
#1845=LINE('',#1844,#1843);
#1846=DIRECTION('',(0.E0,-1.E0,0.E0));
#1847=VECTOR('',#1846,2.E-1);
#1848=CARTESIAN_POINT('',(-6.65E0,-8.E-1,-2.65E0));
#1849=LINE('',#1848,#1847);
#1850=DIRECTION('',(-1.E0,0.E0,0.E0));
#1851=VECTOR('',#1850,1.E-1);
#1852=CARTESIAN_POINT('',(-6.55E0,-8.E-1,-2.65E0));
#1853=LINE('',#1852,#1851);
#1854=DIRECTION('',(0.E0,-1.E0,0.E0));
#1855=VECTOR('',#1854,3.5E-1);
#1856=CARTESIAN_POINT('',(-6.55E0,-4.5E-1,-2.65E0));
#1857=LINE('',#1856,#1855);
#1858=DIRECTION('',(-1.E0,0.E0,0.E0));
#1859=VECTOR('',#1858,2.75E-1);
#1860=CARTESIAN_POINT('',(-6.275E0,-4.5E-1,-2.65E0));
#1861=LINE('',#1860,#1859);
#1862=DIRECTION('',(0.E0,1.E0,0.E0));
#1863=VECTOR('',#1862,3.5E-1);
#1864=CARTESIAN_POINT('',(-6.275E0,-8.E-1,-2.65E0));
#1865=LINE('',#1864,#1863);
#1866=DIRECTION('',(-1.E0,0.E0,0.E0));
#1867=VECTOR('',#1866,1.E-1);
#1868=CARTESIAN_POINT('',(-6.175E0,-8.E-1,-2.65E0));
#1869=LINE('',#1868,#1867);
#1870=DIRECTION('',(0.E0,1.E0,0.E0));
#1871=VECTOR('',#1870,2.E-1);
#1872=CARTESIAN_POINT('',(-6.175E0,-1.E0,-2.65E0));
#1873=LINE('',#1872,#1871);
#1874=DIRECTION('',(0.E0,1.E0,0.E0));
#1875=VECTOR('',#1874,3.5E-1);
#1876=CARTESIAN_POINT('',(6.55E0,-8.E-1,-2.65E0));
#1877=LINE('',#1876,#1875);
#1878=DIRECTION('',(-1.E0,0.E0,0.E0));
#1879=VECTOR('',#1878,1.E-1);
#1880=CARTESIAN_POINT('',(6.65E0,-8.E-1,-2.65E0));
#1881=LINE('',#1880,#1879);
#1882=DIRECTION('',(0.E0,1.E0,0.E0));
#1883=VECTOR('',#1882,2.E-1);
#1884=CARTESIAN_POINT('',(6.65E0,-1.E0,-2.65E0));
#1885=LINE('',#1884,#1883);
#1886=DIRECTION('',(0.E0,-1.E0,0.E0));
#1887=VECTOR('',#1886,2.E-1);
#1888=CARTESIAN_POINT('',(6.175E0,-8.E-1,-2.65E0));
#1889=LINE('',#1888,#1887);
#1890=DIRECTION('',(-1.E0,0.E0,0.E0));
#1891=VECTOR('',#1890,1.E-1);
#1892=CARTESIAN_POINT('',(6.275E0,-8.E-1,-2.65E0));
#1893=LINE('',#1892,#1891);
#1894=DIRECTION('',(0.E0,-1.E0,0.E0));
#1895=VECTOR('',#1894,3.5E-1);
#1896=CARTESIAN_POINT('',(6.275E0,-4.5E-1,-2.65E0));
#1897=LINE('',#1896,#1895);
#1898=DIRECTION('',(-1.E0,0.E0,0.E0));
#1899=VECTOR('',#1898,2.75E-1);
#1900=CARTESIAN_POINT('',(6.55E0,-4.5E-1,-2.65E0));
#1901=LINE('',#1900,#1899);
#1902=DIRECTION('',(-1.E0,0.E0,0.E0));
#1903=VECTOR('',#1902,3.E-1);
#1904=CARTESIAN_POINT('',(6.95E0,-1.5E0,-2.15E0));
#1905=LINE('',#1904,#1903);
#1906=DIRECTION('',(0.E0,0.E0,-1.E0));
#1907=VECTOR('',#1906,4.E-1);
#1908=CARTESIAN_POINT('',(6.55E0,-1.5E0,-2.25E0));
#1909=LINE('',#1908,#1907);
#1910=DIRECTION('',(0.E0,0.E0,1.E0));
#1911=VECTOR('',#1910,1.75E0);
#1912=CARTESIAN_POINT('',(6.275E0,-1.5E0,-2.65E0));
#1913=LINE('',#1912,#1911);
#1914=DIRECTION('',(1.E0,0.E0,0.E0));
#1915=VECTOR('',#1914,6.75E-1);
#1916=CARTESIAN_POINT('',(6.275E0,-1.5E0,-9.E-1));
#1917=LINE('',#1916,#1915);
#1918=DIRECTION('',(-1.E0,0.E0,0.E0));
#1919=VECTOR('',#1918,9.25E-1);
#1920=CARTESIAN_POINT('',(6.95E0,-2.4E0,-2.15E0));
#1921=LINE('',#1920,#1919);
#1922=DIRECTION('',(-1.E0,0.E0,0.E0));
#1923=VECTOR('',#1922,3.75E-1);
#1924=CARTESIAN_POINT('',(6.65E0,-2.02E0,-2.15E0));
#1925=LINE('',#1924,#1923);
#1926=DIRECTION('',(0.E0,-1.E0,0.E0));
#1927=VECTOR('',#1926,5.2E-1);
#1928=CARTESIAN_POINT('',(6.65E0,-1.5E0,-2.15E0));
#1929=LINE('',#1928,#1927);
#1930=DIRECTION('',(-3.015113445778E-1,-3.015113445778E-1,9.045340337333E-1));
#1931=VECTOR('',#1930,3.316624790355E-1);
#1932=CARTESIAN_POINT('',(6.275E0,-2.15E0,-3.E-1));
#1933=LINE('',#1932,#1931);
#1934=DIRECTION('',(-7.071067811865E-1,-7.071067811865E-1,0.E0));
#1935=VECTOR('',#1934,3.535533905933E-1);
#1936=CARTESIAN_POINT('',(6.275E0,-2.15E0,-2.15E0));
#1937=LINE('',#1936,#1935);
#1938=DIRECTION('',(3.162277660168E-1,0.E0,-9.486832980505E-1));
#1939=VECTOR('',#1938,3.162277660168E-1);
#1940=CARTESIAN_POINT('',(6.175E0,-1.E0,0.E0));
#1941=LINE('',#1940,#1939);
#1942=DIRECTION('',(0.E0,0.E0,-1.E0));
#1943=VECTOR('',#1942,2.65E0);
#1944=CARTESIAN_POINT('',(6.175E0,-1.E0,0.E0));
#1945=LINE('',#1944,#1943);
#1946=DIRECTION('',(1.E0,0.E0,0.E0));
#1947=VECTOR('',#1946,4.75E-1);
#1948=CARTESIAN_POINT('',(6.175E0,-1.E0,-2.65E0));
#1949=LINE('',#1948,#1947);
#1950=DIRECTION('',(1.E0,0.E0,0.E0));
#1951=VECTOR('',#1950,3.75E-1);
#1952=CARTESIAN_POINT('',(6.275E0,-1.E0,-9.E-1));
#1953=LINE('',#1952,#1951);
#1954=DIRECTION('',(0.E0,0.E0,-1.E0));
#1955=VECTOR('',#1954,2.65E0);
#1956=CARTESIAN_POINT('',(6.175E0,-8.E-1,0.E0));
#1957=LINE('',#1956,#1955);
#1958=DIRECTION('',(0.E0,-1.E0,0.E0));
#1959=VECTOR('',#1958,2.E-1);
#1960=CARTESIAN_POINT('',(6.65E0,-8.E-1,-9.E-1));
#1961=LINE('',#1960,#1959);
#1962=DIRECTION('',(0.E0,0.E0,-1.E0));
#1963=VECTOR('',#1962,1.75E0);
#1964=CARTESIAN_POINT('',(6.65E0,-1.E0,-9.E-1));
#1965=LINE('',#1964,#1963);
#1966=DIRECTION('',(1.E0,0.E0,0.E0));
#1967=VECTOR('',#1966,1.E-1);
#1968=CARTESIAN_POINT('',(6.55E0,-8.E-1,-9.E-1));
#1969=LINE('',#1968,#1967);
#1970=DIRECTION('',(0.E0,0.E0,-1.E0));
#1971=VECTOR('',#1970,1.75E0);
#1972=CARTESIAN_POINT('',(6.65E0,-8.E-1,-9.E-1));
#1973=LINE('',#1972,#1971);
#1974=DIRECTION('',(0.E0,-1.E0,0.E0));
#1975=VECTOR('',#1974,3.5E-1);
#1976=CARTESIAN_POINT('',(6.55E0,-4.5E-1,-9.E-1));
#1977=LINE('',#1976,#1975);
#1978=DIRECTION('',(0.E0,0.E0,1.E0));
#1979=VECTOR('',#1978,1.75E0);
#1980=CARTESIAN_POINT('',(6.55E0,-8.E-1,-2.65E0));
#1981=LINE('',#1980,#1979);
#1982=DIRECTION('',(5.773502691896E-1,5.773502691896E-1,5.773502691896E-1));
#1983=VECTOR('',#1982,1.732050807569E-1);
#1984=CARTESIAN_POINT('',(6.55E0,-8.E-1,-9.E-1));
#1985=LINE('',#1984,#1983);
#1986=DIRECTION('',(7.071067811865E-1,0.E0,7.071067811865E-1));
#1987=VECTOR('',#1986,1.414213562373E-1);
#1988=CARTESIAN_POINT('',(6.55E0,-4.5E-1,-9.E-1));
#1989=LINE('',#1988,#1987);
#1990=DIRECTION('',(0.E0,-1.E0,0.E0));
#1991=VECTOR('',#1990,2.5E-1);
#1992=CARTESIAN_POINT('',(6.65E0,-4.5E-1,-8.E-1));
#1993=LINE('',#1992,#1991);
#1994=DIRECTION('',(1.E0,0.E0,0.E0));
#1995=VECTOR('',#1994,6.75E-1);
#1996=CARTESIAN_POINT('',(6.275E0,-1.4E0,-8.E-1));
#1997=LINE('',#1996,#1995);
#1998=DIRECTION('',(1.E0,0.E0,0.E0));
#1999=VECTOR('',#1998,4.75E-1);
#2000=CARTESIAN_POINT('',(6.275E0,-1.1E0,-8.E-1));
#2001=LINE('',#2000,#1999);
#2002=DIRECTION('',(0.E0,-1.E0,0.E0));
#2003=VECTOR('',#2002,4.E-1);
#2004=CARTESIAN_POINT('',(6.75E0,-7.E-1,-8.E-1));
#2005=LINE('',#2004,#2003);
#2006=DIRECTION('',(1.E0,0.E0,0.E0));
#2007=VECTOR('',#2006,1.E-1);
#2008=CARTESIAN_POINT('',(6.65E0,-7.E-1,-8.E-1));
#2009=LINE('',#2008,#2007);
#2010=DIRECTION('',(1.E0,0.E0,0.E0));
#2011=VECTOR('',#2010,6.75E-1);
#2012=CARTESIAN_POINT('',(6.275E0,-4.5E-1,-3.E-1));
#2013=LINE('',#2012,#2011);
#2014=DIRECTION('',(-1.E0,0.E0,0.E0));
#2015=VECTOR('',#2014,3.E-1);
#2016=CARTESIAN_POINT('',(6.95E0,-4.5E-1,-8.E-1));
#2017=LINE('',#2016,#2015);
#2018=DIRECTION('',(0.E0,0.E0,-1.E0));
#2019=VECTOR('',#2018,1.75E0);
#2020=CARTESIAN_POINT('',(6.55E0,-4.5E-1,-9.E-1));
#2021=LINE('',#2020,#2019);
#2022=DIRECTION('',(0.E0,0.E0,-1.E0));
#2023=VECTOR('',#2022,2.35E0);
#2024=CARTESIAN_POINT('',(6.275E0,-4.5E-1,-3.E-1));
#2025=LINE('',#2024,#2023);
#2026=DIRECTION('',(0.E0,7.071067811865E-1,7.071067811865E-1));
#2027=VECTOR('',#2026,1.414213562373E-1);
#2028=CARTESIAN_POINT('',(6.275E0,-1.5E0,-9.E-1));
#2029=LINE('',#2028,#2027);
#2030=DIRECTION('',(0.E0,7.071067811865E-1,-7.071067811865E-1));
#2031=VECTOR('',#2030,1.414213562373E-1);
#2032=CARTESIAN_POINT('',(6.275E0,-1.1E0,-8.E-1));
#2033=LINE('',#2032,#2031);
#2034=DIRECTION('',(5.773502691896E-1,-5.773502691896E-1,5.773502691896E-1));
#2035=VECTOR('',#2034,1.732050807569E-1);
#2036=CARTESIAN_POINT('',(6.65E0,-1.E0,-9.E-1));
#2037=LINE('',#2036,#2035);
#2038=DIRECTION('',(5.773502691896E-1,5.773502691896E-1,5.773502691896E-1));
#2039=VECTOR('',#2038,1.732050807569E-1);
#2040=CARTESIAN_POINT('',(6.65E0,-8.E-1,-9.E-1));
#2041=LINE('',#2040,#2039);
#2042=DIRECTION('',(0.E0,7.071067811865E-1,-7.071067811865E-1));
#2043=VECTOR('',#2042,1.414213562373E-1);
#2044=CARTESIAN_POINT('',(6.275E0,-2.02E0,-2.15E0));
#2045=LINE('',#2044,#2043);
#2046=DIRECTION('',(-1.E0,0.E0,0.E0));
#2047=VECTOR('',#2046,2.75E-1);
#2048=CARTESIAN_POINT('',(6.55E0,-1.92E0,-2.25E0));
#2049=LINE('',#2048,#2047);
#2050=DIRECTION('',(0.E0,0.E0,-1.E0));
#2051=VECTOR('',#2050,4.E-1);
#2052=CARTESIAN_POINT('',(6.275E0,-1.92E0,-2.25E0));
#2053=LINE('',#2052,#2051);
#2054=DIRECTION('',(0.E0,-1.E0,0.E0));
#2055=VECTOR('',#2054,4.2E-1);
#2056=CARTESIAN_POINT('',(6.55E0,-1.5E0,-2.25E0));
#2057=LINE('',#2056,#2055);
#2058=DIRECTION('',(0.E0,0.E0,-1.E0));
#2059=VECTOR('',#2058,4.E-1);
#2060=CARTESIAN_POINT('',(6.55E0,-1.92E0,-2.25E0));
#2061=LINE('',#2060,#2059);
#2062=DIRECTION('',(5.773502691896E-1,-5.773502691896E-1,5.773502691896E-1));
#2063=VECTOR('',#2062,1.732050807569E-1);
#2064=CARTESIAN_POINT('',(6.55E0,-1.92E0,-2.25E0));
#2065=LINE('',#2064,#2063);
#2066=DIRECTION('',(7.071067811866E-1,0.E0,7.071067811865E-1));
#2067=VECTOR('',#2066,1.414213562373E-1);
#2068=CARTESIAN_POINT('',(6.55E0,-1.5E0,-2.25E0));
#2069=LINE('',#2068,#2067);
#2070=DIRECTION('',(-1.E0,0.E0,0.E0));
#2071=VECTOR('',#2070,6.75E-1);
#2072=CARTESIAN_POINT('',(-6.275E0,-1.5E0,-9.E-1));
#2073=LINE('',#2072,#2071);
#2074=DIRECTION('',(0.E0,1.E0,0.E0));
#2075=VECTOR('',#2074,4.2E-1);
#2076=CARTESIAN_POINT('',(-6.55E0,-1.92E0,-2.25E0));
#2077=LINE('',#2076,#2075);
#2078=DIRECTION('',(0.E0,0.E0,-1.E0));
#2079=VECTOR('',#2078,4.E-1);
#2080=CARTESIAN_POINT('',(-6.55E0,-1.5E0,-2.25E0));
#2081=LINE('',#2080,#2079);
#2082=DIRECTION('',(7.071067811865E-1,0.E0,-7.071067811865E-1));
#2083=VECTOR('',#2082,1.414213562373E-1);
#2084=CARTESIAN_POINT('',(-6.65E0,-1.5E0,-2.15E0));
#2085=LINE('',#2084,#2083);
#2086=DIRECTION('',(-5.773502691896E-1,-5.773502691896E-1,5.773502691896E-1));
#2087=VECTOR('',#2086,1.732050807569E-1);
#2088=CARTESIAN_POINT('',(-6.55E0,-1.92E0,-2.25E0));
#2089=LINE('',#2088,#2087);
#2090=DIRECTION('',(0.E0,-7.071067811865E-1,7.071067811865E-1));
#2091=VECTOR('',#2090,1.414213562373E-1);
#2092=CARTESIAN_POINT('',(-6.275E0,-1.92E0,-2.25E0));
#2093=LINE('',#2092,#2091);
#2094=DIRECTION('',(-1.E0,0.E0,0.E0));
#2095=VECTOR('',#2094,9.25E-1);
#2096=CARTESIAN_POINT('',(-6.025E0,-2.4E0,-2.15E0));
#2097=LINE('',#2096,#2095);
#2098=DIRECTION('',(1.E0,0.E0,0.E0));
#2099=VECTOR('',#2098,3.E-1);
#2100=CARTESIAN_POINT('',(-6.95E0,-1.5E0,-2.15E0));
#2101=LINE('',#2100,#2099);
#2102=DIRECTION('',(0.E0,1.E0,0.E0));
#2103=VECTOR('',#2102,5.2E-1);
#2104=CARTESIAN_POINT('',(-6.65E0,-2.02E0,-2.15E0));
#2105=LINE('',#2104,#2103);
#2106=DIRECTION('',(-1.E0,0.E0,0.E0));
#2107=VECTOR('',#2106,3.75E-1);
#2108=CARTESIAN_POINT('',(-6.275E0,-2.02E0,-2.15E0));
#2109=LINE('',#2108,#2107);
#2110=DIRECTION('',(0.E0,-1.E0,0.E0));
#2111=VECTOR('',#2110,1.15E0);
#2112=CARTESIAN_POINT('',(-6.275E0,-1.E0,-3.E-1));
#2113=LINE('',#2112,#2111);
#2114=DIRECTION('',(0.E0,0.E0,-1.E0));
#2115=VECTOR('',#2114,1.85E0);
#2116=CARTESIAN_POINT('',(-6.275E0,-2.15E0,-3.E-1));
#2117=LINE('',#2116,#2115);
#2118=DIRECTION('',(0.E0,-1.E0,0.E0));
#2119=VECTOR('',#2118,1.3E-1);
#2120=CARTESIAN_POINT('',(-6.275E0,-2.02E0,-2.15E0));
#2121=LINE('',#2120,#2119);
#2122=DIRECTION('',(0.E0,0.E0,-1.E0));
#2123=VECTOR('',#2122,4.E-1);
#2124=CARTESIAN_POINT('',(-6.275E0,-1.92E0,-2.25E0));
#2125=LINE('',#2124,#2123);
#2126=DIRECTION('',(0.E0,0.E0,1.E0));
#2127=VECTOR('',#2126,1.75E0);
#2128=CARTESIAN_POINT('',(-6.275E0,-1.5E0,-2.65E0));
#2129=LINE('',#2128,#2127);
#2130=DIRECTION('',(0.E0,-1.E0,0.E0));
#2131=VECTOR('',#2130,3.E-1);
#2132=CARTESIAN_POINT('',(-6.275E0,-1.1E0,-8.E-1));
#2133=LINE('',#2132,#2131);
#2134=DIRECTION('',(0.E0,0.E0,1.E0));
#2135=VECTOR('',#2134,6.E-1);
#2136=CARTESIAN_POINT('',(-6.275E0,-1.E0,-9.E-1));
#2137=LINE('',#2136,#2135);
#2138=DIRECTION('',(0.E0,-1.E0,0.E0));
#2139=VECTOR('',#2138,3.5E-1);
#2140=CARTESIAN_POINT('',(-6.275E0,-4.5E-1,-3.E-1));
#2141=LINE('',#2140,#2139);
#2142=DIRECTION('',(0.E0,0.E0,-1.E0));
#2143=VECTOR('',#2142,2.35E0);
#2144=CARTESIAN_POINT('',(-6.275E0,-8.E-1,-3.E-1));
#2145=LINE('',#2144,#2143);
#2146=DIRECTION('',(0.E0,0.E0,1.E0));
#2147=VECTOR('',#2146,1.02E0);
#2148=CARTESIAN_POINT('',(-6.275E0,1.55E0,-5.42E0));
#2149=LINE('',#2148,#2147);
#2150=DIRECTION('',(0.E0,1.E0,0.E0));
#2151=VECTOR('',#2150,5.5E-1);
#2152=CARTESIAN_POINT('',(-6.275E0,1.55E0,-5.42E0));
#2153=LINE('',#2152,#2151);
#2154=DIRECTION('',(0.E0,0.E0,1.E0));
#2155=VECTOR('',#2154,1.02E0);
#2156=CARTESIAN_POINT('',(-6.275E0,2.1E0,-5.42E0));
#2157=LINE('',#2156,#2155);
#2158=DIRECTION('',(0.E0,-1.E0,0.E0));
#2159=VECTOR('',#2158,5.5E-1);
#2160=CARTESIAN_POINT('',(-6.275E0,2.1E0,-4.4E0));
#2161=LINE('',#2160,#2159);
#2162=DIRECTION('',(0.E0,0.E0,1.E0));
#2163=VECTOR('',#2162,3.5E-1);
#2164=CARTESIAN_POINT('',(-6.275E0,1.55E0,-4.2E0));
#2165=LINE('',#2164,#2163);
#2166=DIRECTION('',(0.E0,-1.E0,0.E0));
#2167=VECTOR('',#2166,5.5E-1);
#2168=CARTESIAN_POINT('',(-6.275E0,2.1E0,-4.2E0));
#2169=LINE('',#2168,#2167);
#2170=DIRECTION('',(0.E0,0.E0,1.E0));
#2171=VECTOR('',#2170,3.5E-1);
#2172=CARTESIAN_POINT('',(-6.275E0,2.1E0,-4.2E0));
#2173=LINE('',#2172,#2171);
#2174=DIRECTION('',(0.E0,0.E0,1.E0));
#2175=VECTOR('',#2174,5.2E-1);
#2176=CARTESIAN_POINT('',(-6.275E0,-4.5E-1,-5.42E0));
#2177=LINE('',#2176,#2175);
#2178=DIRECTION('',(0.E0,-1.E0,0.E0));
#2179=VECTOR('',#2178,6.5E-1);
#2180=CARTESIAN_POINT('',(-6.275E0,-4.5E-1,-4.9E0));
#2181=LINE('',#2180,#2179);
#2182=DIRECTION('',(0.E0,1.E0,0.E0));
#2183=VECTOR('',#2182,4.E-1);
#2184=CARTESIAN_POINT('',(-6.275E0,-1.1E0,-5.32E0));
#2185=LINE('',#2184,#2183);
#2186=DIRECTION('',(0.E0,1.E0,0.E0));
#2187=VECTOR('',#2186,1.5E-1);
#2188=CARTESIAN_POINT('',(-6.275E0,-6.E-1,-5.42E0));
#2189=LINE('',#2188,#2187);
#2190=DIRECTION('',(-3.015113445778E-1,3.015113445778E-1,-9.045340337333E-1));
#2191=VECTOR('',#2190,3.316624790355E-1);
#2192=CARTESIAN_POINT('',(-6.175E0,-2.25E0,0.E0));
#2193=LINE('',#2192,#2191);
#2194=DIRECTION('',(-7.071067811865E-1,7.071067811865E-1,0.E0));
#2195=VECTOR('',#2194,3.535533905933E-1);
#2196=CARTESIAN_POINT('',(-6.025E0,-2.4E0,-2.15E0));
#2197=LINE('',#2196,#2195);
#2198=DIRECTION('',(3.162277660168E-1,0.E0,9.486832980505E-1));
#2199=VECTOR('',#2198,3.162277660168E-1);
#2200=CARTESIAN_POINT('',(-6.275E0,-1.E0,-3.E-1));
#2201=LINE('',#2200,#2199);
#2202=DIRECTION('',(1.E0,0.E0,0.E0));
#2203=VECTOR('',#2202,3.75E-1);
#2204=CARTESIAN_POINT('',(-6.65E0,-1.E0,-9.E-1));
#2205=LINE('',#2204,#2203);
#2206=DIRECTION('',(0.E0,0.E0,-1.E0));
#2207=VECTOR('',#2206,1.75E0);
#2208=CARTESIAN_POINT('',(-6.65E0,-1.E0,-9.E-1));
#2209=LINE('',#2208,#2207);
#2210=DIRECTION('',(-5.773502691896E-1,-5.773502691896E-1,5.773502691896E-1));
#2211=VECTOR('',#2210,1.732050807569E-1);
#2212=CARTESIAN_POINT('',(-6.65E0,-1.E0,-9.E-1));
#2213=LINE('',#2212,#2211);
#2214=DIRECTION('',(0.E0,-7.071067811865E-1,7.071067811865E-1));
#2215=VECTOR('',#2214,1.414213562373E-1);
#2216=CARTESIAN_POINT('',(-6.275E0,-1.E0,-9.E-1));
#2217=LINE('',#2216,#2215);
#2218=DIRECTION('',(0.E0,1.E0,0.E0));
#2219=VECTOR('',#2218,4.E-1);
#2220=CARTESIAN_POINT('',(-6.75E0,-1.1E0,-8.E-1));
#2221=LINE('',#2220,#2219);
#2222=DIRECTION('',(1.E0,0.E0,0.E0));
#2223=VECTOR('',#2222,4.75E-1);
#2224=CARTESIAN_POINT('',(-6.75E0,-1.1E0,-8.E-1));
#2225=LINE('',#2224,#2223);
#2226=DIRECTION('',(-1.E0,0.E0,0.E0));
#2227=VECTOR('',#2226,6.75E-1);
#2228=CARTESIAN_POINT('',(-6.275E0,-1.4E0,-8.E-1));
#2229=LINE('',#2228,#2227);
#2230=DIRECTION('',(1.E0,0.E0,0.E0));
#2231=VECTOR('',#2230,3.E-1);
#2232=CARTESIAN_POINT('',(-6.95E0,-4.5E-1,-8.E-1));
#2233=LINE('',#2232,#2231);
#2234=DIRECTION('',(0.E0,1.E0,0.E0));
#2235=VECTOR('',#2234,2.5E-1);
#2236=CARTESIAN_POINT('',(-6.65E0,-7.E-1,-8.E-1));
#2237=LINE('',#2236,#2235);
#2238=DIRECTION('',(1.E0,0.E0,0.E0));
#2239=VECTOR('',#2238,1.E-1);
#2240=CARTESIAN_POINT('',(-6.75E0,-7.E-1,-8.E-1));
#2241=LINE('',#2240,#2239);
#2242=DIRECTION('',(-5.773502691896E-1,5.773502691896E-1,5.773502691896E-1));
#2243=VECTOR('',#2242,1.732050807569E-1);
#2244=CARTESIAN_POINT('',(-6.65E0,-8.E-1,-9.E-1));
#2245=LINE('',#2244,#2243);
#2246=DIRECTION('',(0.E0,1.E0,0.E0));
#2247=VECTOR('',#2246,2.E-1);
#2248=CARTESIAN_POINT('',(-6.65E0,-1.E0,-9.E-1));
#2249=LINE('',#2248,#2247);
#2250=DIRECTION('',(0.E0,0.E0,-1.E0));
#2251=VECTOR('',#2250,1.75E0);
#2252=CARTESIAN_POINT('',(-6.65E0,-8.E-1,-9.E-1));
#2253=LINE('',#2252,#2251);
#2254=DIRECTION('',(1.E0,0.E0,0.E0));
#2255=VECTOR('',#2254,1.E-1);
#2256=CARTESIAN_POINT('',(-6.65E0,-8.E-1,-9.E-1));
#2257=LINE('',#2256,#2255);
#2258=DIRECTION('',(-5.773502691896E-1,5.773502691896E-1,5.773502691896E-1));
#2259=VECTOR('',#2258,1.732050807569E-1);
#2260=CARTESIAN_POINT('',(-6.55E0,-8.E-1,-9.E-1));
#2261=LINE('',#2260,#2259);
#2262=DIRECTION('',(7.071067811865E-1,0.E0,-7.071067811865E-1));
#2263=VECTOR('',#2262,1.414213562373E-1);
#2264=CARTESIAN_POINT('',(-6.65E0,-4.5E-1,-8.E-1));
#2265=LINE('',#2264,#2263);
#2266=DIRECTION('',(0.E0,0.E0,1.E0));
#2267=VECTOR('',#2266,1.75E0);
#2268=CARTESIAN_POINT('',(-6.55E0,-8.E-1,-2.65E0));
#2269=LINE('',#2268,#2267);
#2270=DIRECTION('',(0.E0,1.E0,0.E0));
#2271=VECTOR('',#2270,3.5E-1);
#2272=CARTESIAN_POINT('',(-6.55E0,-8.E-1,-9.E-1));
#2273=LINE('',#2272,#2271);
#2274=DIRECTION('',(0.E0,0.E0,-1.E0));
#2275=VECTOR('',#2274,1.75E0);
#2276=CARTESIAN_POINT('',(-6.55E0,-4.5E-1,-9.E-1));
#2277=LINE('',#2276,#2275);
#2278=DIRECTION('',(1.E0,0.E0,0.E0));
#2279=VECTOR('',#2278,6.75E-1);
#2280=CARTESIAN_POINT('',(-6.95E0,-4.5E-1,-3.E-1));
#2281=LINE('',#2280,#2279);
#2282=DIRECTION('',(0.E0,0.E0,-1.E0));
#2283=VECTOR('',#2282,2.35E0);
#2284=CARTESIAN_POINT('',(-6.275E0,-4.5E-1,-3.E-1));
#2285=LINE('',#2284,#2283);
#2286=DIRECTION('',(3.015113445778E-1,3.015113445778E-1,9.045340337333E-1));
#2287=VECTOR('',#2286,3.316624790355E-1);
#2288=CARTESIAN_POINT('',(-6.275E0,-4.5E-1,-3.E-1));
#2289=LINE('',#2288,#2287);
#2290=DIRECTION('',(0.E0,-9.486832980505E-1,-3.162277660168E-1));
#2291=VECTOR('',#2290,3.162277660168E-1);
#2292=CARTESIAN_POINT('',(-6.95E0,2.4E0,-3.75E0));
#2293=LINE('',#2292,#2291);
#2294=DIRECTION('',(0.E0,0.E0,-1.E0));
#2295=VECTOR('',#2294,3.75E0);
#2296=CARTESIAN_POINT('',(-6.95E0,2.4E0,0.E0));
#2297=LINE('',#2296,#2295);
#2298=DIRECTION('',(0.E0,3.162277660168E-1,9.486832980505E-1));
#2299=VECTOR('',#2298,3.162277660168E-1);
#2300=CARTESIAN_POINT('',(-6.95E0,-4.5E-1,-3.E-1));
#2301=LINE('',#2300,#2299);
#2302=DIRECTION('',(0.E0,0.E0,-1.E0));
#2303=VECTOR('',#2302,5.E-1);
#2304=CARTESIAN_POINT('',(-6.95E0,-4.5E-1,-3.E-1));
#2305=LINE('',#2304,#2303);
#2306=DIRECTION('',(0.E0,-1.E0,0.E0));
#2307=VECTOR('',#2306,9.5E-1);
#2308=CARTESIAN_POINT('',(-6.95E0,-4.5E-1,-8.E-1));
#2309=LINE('',#2308,#2307);
#2310=DIRECTION('',(0.E0,7.071067811865E-1,7.071067811865E-1));
#2311=VECTOR('',#2310,1.414213562373E-1);
#2312=CARTESIAN_POINT('',(-6.95E0,-1.5E0,-9.E-1));
#2313=LINE('',#2312,#2311);
#2314=DIRECTION('',(0.E0,0.E0,-1.E0));
#2315=VECTOR('',#2314,1.25E0);
#2316=CARTESIAN_POINT('',(-6.95E0,-1.5E0,-9.E-1));
#2317=LINE('',#2316,#2315);
#2318=DIRECTION('',(0.E0,1.E0,0.E0));
#2319=VECTOR('',#2318,9.E-1);
#2320=CARTESIAN_POINT('',(-6.95E0,-2.4E0,-2.15E0));
#2321=LINE('',#2320,#2319);
#2322=DIRECTION('',(0.E0,0.E0,1.E0));
#2323=VECTOR('',#2322,9.E-1);
#2324=CARTESIAN_POINT('',(-6.95E0,-6.E-1,-5.8E0));
#2325=LINE('',#2324,#2323);
#2326=DIRECTION('',(0.E0,1.E0,0.E0));
#2327=VECTOR('',#2326,1.25E0);
#2328=CARTESIAN_POINT('',(-6.95E0,-6.E-1,-4.9E0));
#2329=LINE('',#2328,#2327);
#2330=DIRECTION('',(0.E0,-7.071067811865E-1,-7.071067811865E-1));
#2331=VECTOR('',#2330,1.414213562373E-1);
#2332=CARTESIAN_POINT('',(-6.95E0,7.5E-1,-4.8E0));
#2333=LINE('',#2332,#2331);
#2334=DIRECTION('',(0.E0,0.E0,1.E0));
#2335=VECTOR('',#2334,9.5E-1);
#2336=CARTESIAN_POINT('',(-6.95E0,7.5E-1,-4.8E0));
#2337=LINE('',#2336,#2335);
#2338=DIRECTION('',(0.E0,-1.E0,0.E0));
#2339=VECTOR('',#2338,1.35E0);
#2340=CARTESIAN_POINT('',(-6.95E0,2.1E0,-3.85E0));
#2341=LINE('',#2340,#2339);
#2342=DIRECTION('',(-1.E0,0.E0,0.E0));
#2343=VECTOR('',#2342,2.5E-2);
#2344=CARTESIAN_POINT('',(-6.525E0,-2.5E-1,-3.85E0));
#2345=LINE('',#2344,#2343);
#2346=DIRECTION('',(0.E0,1.E0,0.E0));
#2347=VECTOR('',#2346,1.8E0);
#2348=CARTESIAN_POINT('',(-6.525E0,-2.5E-1,-3.85E0));
#2349=LINE('',#2348,#2347);
#2350=DIRECTION('',(-1.E0,0.E0,0.E0));
#2351=VECTOR('',#2350,2.5E-1);
#2352=CARTESIAN_POINT('',(-6.275E0,1.55E0,-3.85E0));
#2353=LINE('',#2352,#2351);
#2354=DIRECTION('',(0.E0,1.E0,0.E0));
#2355=VECTOR('',#2354,5.5E-1);
#2356=CARTESIAN_POINT('',(-6.275E0,1.55E0,-3.85E0));
#2357=LINE('',#2356,#2355);
#2358=DIRECTION('',(-1.E0,0.E0,0.E0));
#2359=VECTOR('',#2358,6.75E-1);
#2360=CARTESIAN_POINT('',(-6.275E0,2.1E0,-3.85E0));
#2361=LINE('',#2360,#2359);
#2362=DIRECTION('',(1.E0,0.E0,0.E0));
#2363=VECTOR('',#2362,3.E-1);
#2364=CARTESIAN_POINT('',(-6.95E0,7.5E-1,-3.85E0));
#2365=LINE('',#2364,#2363);
#2366=DIRECTION('',(1.E0,0.E0,0.E0));
#2367=VECTOR('',#2366,2.5E-2);
#2368=CARTESIAN_POINT('',(6.525E0,-2.5E-1,-3.85E0));
#2369=LINE('',#2368,#2367);
#2370=DIRECTION('',(0.E0,1.E0,0.E0));
#2371=VECTOR('',#2370,9.E-1);
#2372=CARTESIAN_POINT('',(6.55E0,-2.5E-1,-3.85E0));
#2373=LINE('',#2372,#2371);
#2374=DIRECTION('',(-1.E0,0.E0,0.E0));
#2375=VECTOR('',#2374,6.75E-1);
#2376=CARTESIAN_POINT('',(6.95E0,2.1E0,-3.85E0));
#2377=LINE('',#2376,#2375);
#2378=DIRECTION('',(0.E0,-1.E0,0.E0));
#2379=VECTOR('',#2378,5.5E-1);
#2380=CARTESIAN_POINT('',(6.275E0,2.1E0,-3.85E0));
#2381=LINE('',#2380,#2379);
#2382=DIRECTION('',(1.E0,0.E0,0.E0));
#2383=VECTOR('',#2382,2.5E-1);
#2384=CARTESIAN_POINT('',(6.275E0,1.55E0,-3.85E0));
#2385=LINE('',#2384,#2383);
#2386=DIRECTION('',(0.E0,1.E0,0.E0));
#2387=VECTOR('',#2386,1.8E0);
#2388=CARTESIAN_POINT('',(6.525E0,-2.5E-1,-3.85E0));
#2389=LINE('',#2388,#2387);
#2390=DIRECTION('',(0.E0,0.E0,1.E0));
#2391=VECTOR('',#2390,3.5E-1);
#2392=CARTESIAN_POINT('',(6.55E0,-2.5E-1,-4.2E0));
#2393=LINE('',#2392,#2391);
#2394=DIRECTION('',(0.E0,-1.E0,0.E0));
#2395=VECTOR('',#2394,9.E-1);
#2396=CARTESIAN_POINT('',(6.55E0,6.5E-1,-4.2E0));
#2397=LINE('',#2396,#2395);
#2398=DIRECTION('',(0.E0,0.E0,1.E0));
#2399=VECTOR('',#2398,3.5E-1);
#2400=CARTESIAN_POINT('',(6.55E0,6.5E-1,-4.2E0));
#2401=LINE('',#2400,#2399);
#2402=DIRECTION('',(1.E0,0.E0,0.E0));
#2403=VECTOR('',#2402,1.E-1);
#2404=CARTESIAN_POINT('',(6.55E0,-2.5E-1,-4.2E0));
#2405=LINE('',#2404,#2403);
#2406=DIRECTION('',(-1.E0,0.E0,0.E0));
#2407=VECTOR('',#2406,1.E-1);
#2408=CARTESIAN_POINT('',(6.65E0,6.5E-1,-4.2E0));
#2409=LINE('',#2408,#2407);
#2410=DIRECTION('',(0.E0,0.E0,-1.E0));
#2411=VECTOR('',#2410,2.E-1);
#2412=CARTESIAN_POINT('',(6.65E0,-2.5E-1,-4.2E0));
#2413=LINE('',#2412,#2411);
#2414=DIRECTION('',(0.E0,0.E0,1.E0));
#2415=VECTOR('',#2414,2.E-1);
#2416=CARTESIAN_POINT('',(6.65E0,6.5E-1,-4.4E0));
#2417=LINE('',#2416,#2415);
#2418=DIRECTION('',(0.E0,-1.E0,0.E0));
#2419=VECTOR('',#2418,9.E-1);
#2420=CARTESIAN_POINT('',(6.65E0,6.5E-1,-4.2E0));
#2421=LINE('',#2420,#2419);
#2422=DIRECTION('',(0.E0,-1.E0,0.E0));
#2423=VECTOR('',#2422,9.E-1);
#2424=CARTESIAN_POINT('',(6.65E0,6.5E-1,-4.4E0));
#2425=LINE('',#2424,#2423);
#2426=DIRECTION('',(1.E0,0.E0,0.E0));
#2427=VECTOR('',#2426,1.25E-1);
#2428=CARTESIAN_POINT('',(6.525E0,-2.5E-1,-4.4E0));
#2429=LINE('',#2428,#2427);
#2430=DIRECTION('',(0.E0,1.E0,0.E0));
#2431=VECTOR('',#2430,9.E-1);
#2432=CARTESIAN_POINT('',(6.525E0,-2.5E-1,-4.4E0));
#2433=LINE('',#2432,#2431);
#2434=DIRECTION('',(-1.E0,0.E0,0.E0));
#2435=VECTOR('',#2434,1.25E-1);
#2436=CARTESIAN_POINT('',(6.65E0,6.5E-1,-4.4E0));
#2437=LINE('',#2436,#2435);
#2438=DIRECTION('',(1.E0,0.E0,0.E0));
#2439=VECTOR('',#2438,1.E-1);
#2440=CARTESIAN_POINT('',(6.175E0,1.4E0,-4.4E0));
#2441=LINE('',#2440,#2439);
#2442=DIRECTION('',(3.162277660168E-1,-9.486832980505E-1,0.E0));
#2443=VECTOR('',#2442,3.162277660168E-1);
#2444=CARTESIAN_POINT('',(6.175E0,2.4E0,-4.4E0));
#2445=LINE('',#2444,#2443);
#2446=DIRECTION('',(0.E0,-1.E0,0.E0));
#2447=VECTOR('',#2446,1.5E-1);
#2448=CARTESIAN_POINT('',(6.275E0,1.55E0,-4.4E0));
#2449=LINE('',#2448,#2447);
#2450=DIRECTION('',(0.E0,0.E0,-1.E0));
#2451=VECTOR('',#2450,5.5E-1);
#2452=CARTESIAN_POINT('',(6.525E0,-2.5E-1,-3.85E0));
#2453=LINE('',#2452,#2451);
#2454=DIRECTION('',(0.E0,-1.E0,0.E0));
#2455=VECTOR('',#2454,2.E0);
#2456=CARTESIAN_POINT('',(6.525E0,1.55E0,-5.55E0));
#2457=LINE('',#2456,#2455);
#2458=CARTESIAN_POINT('',(6.825E0,1.25E0,-5.65E0));
#2459=DIRECTION('',(0.E0,0.E0,1.E0));
#2460=DIRECTION('',(1.E0,0.E0,0.E0));
#2461=AXIS2_PLACEMENT_3D('',#2458,#2459,#2460);
#2463=CARTESIAN_POINT('',(6.825E0,-1.5E-1,-5.65E0));
#2464=DIRECTION('',(0.E0,0.E0,1.E0));
#2465=DIRECTION('',(0.E0,-1.E0,0.E0));
#2466=AXIS2_PLACEMENT_3D('',#2463,#2464,#2465);
#2468=DIRECTION('',(0.E0,-1.E0,0.E0));
#2469=VECTOR('',#2468,2.E0);
#2470=CARTESIAN_POINT('',(6.625E0,1.55E0,-5.65E0));
#2471=LINE('',#2470,#2469);
#2472=DIRECTION('',(0.E0,0.E0,-1.E0));
#2473=VECTOR('',#2472,2.5E-1);
#2474=CARTESIAN_POINT('',(7.125E0,1.25E0,-5.65E0));
#2475=LINE('',#2474,#2473);
#2476=DIRECTION('',(0.E0,0.E0,1.E0));
#2477=VECTOR('',#2476,2.5E-1);
#2478=CARTESIAN_POINT('',(7.125E0,-1.5E-1,-5.9E0));
#2479=LINE('',#2478,#2477);
#2480=DIRECTION('',(0.E0,-1.E0,0.E0));
#2481=VECTOR('',#2480,1.4E0);
#2482=CARTESIAN_POINT('',(7.125E0,1.25E0,-5.65E0));
#2483=LINE('',#2482,#2481);
#2484=DIRECTION('',(0.E0,0.E0,1.E0));
#2485=VECTOR('',#2484,2.5E-1);
#2486=CARTESIAN_POINT('',(6.825E0,-4.5E-1,-5.9E0));
#2487=LINE('',#2486,#2485);
#2488=DIRECTION('',(-1.E0,0.E0,0.E0));
#2489=VECTOR('',#2488,2.E-1);
#2490=CARTESIAN_POINT('',(6.825E0,-4.5E-1,-5.9E0));
#2491=LINE('',#2490,#2489);
#2492=CARTESIAN_POINT('',(6.625E0,-4.5E-1,-5.55E0));
#2493=DIRECTION('',(0.E0,1.E0,0.E0));
#2494=DIRECTION('',(0.E0,0.E0,-1.E0));
#2495=AXIS2_PLACEMENT_3D('',#2492,#2493,#2494);
#2497=DIRECTION('',(0.E0,0.E0,1.E0));
#2498=VECTOR('',#2497,1.3E-1);
#2499=CARTESIAN_POINT('',(6.275E0,-4.5E-1,-5.55E0));
#2500=LINE('',#2499,#2498);
#2501=DIRECTION('',(0.E0,0.E0,-1.E0));
#2502=VECTOR('',#2501,6.5E-1);
#2503=CARTESIAN_POINT('',(6.525E0,-4.5E-1,-4.9E0));
#2504=LINE('',#2503,#2502);
#2505=CARTESIAN_POINT('',(6.625E0,-4.5E-1,-5.55E0));
#2506=DIRECTION('',(0.E0,-1.E0,0.E0));
#2507=DIRECTION('',(-1.E0,0.E0,0.E0));
#2508=AXIS2_PLACEMENT_3D('',#2505,#2506,#2507);
#2510=DIRECTION('',(1.E0,0.E0,0.E0));
#2511=VECTOR('',#2510,2.E-1);
#2512=CARTESIAN_POINT('',(6.625E0,-4.5E-1,-5.65E0));
#2513=LINE('',#2512,#2511);
#2514=DIRECTION('',(0.E0,0.E0,-1.E0));
#2515=VECTOR('',#2514,2.5E-1);
#2516=CARTESIAN_POINT('',(-6.825E0,-4.5E-1,-5.65E0));
#2517=LINE('',#2516,#2515);
#2518=DIRECTION('',(1.E0,0.E0,0.E0));
#2519=VECTOR('',#2518,2.E-1);
#2520=CARTESIAN_POINT('',(-6.825E0,-4.5E-1,-5.65E0));
#2521=LINE('',#2520,#2519);
#2522=CARTESIAN_POINT('',(-6.625E0,-4.5E-1,-5.55E0));
#2523=DIRECTION('',(0.E0,-1.E0,0.E0));
#2524=DIRECTION('',(0.E0,0.E0,-1.E0));
#2525=AXIS2_PLACEMENT_3D('',#2522,#2523,#2524);
#2527=DIRECTION('',(0.E0,0.E0,1.E0));
#2528=VECTOR('',#2527,6.5E-1);
#2529=CARTESIAN_POINT('',(-6.525E0,-4.5E-1,-5.55E0));
#2530=LINE('',#2529,#2528);
#2531=DIRECTION('',(0.E0,0.E0,-1.E0));
#2532=VECTOR('',#2531,1.3E-1);
#2533=CARTESIAN_POINT('',(-6.275E0,-4.5E-1,-5.42E0));
#2534=LINE('',#2533,#2532);
#2535=CARTESIAN_POINT('',(-6.625E0,-4.5E-1,-5.55E0));
#2536=DIRECTION('',(0.E0,1.E0,0.E0));
#2537=DIRECTION('',(1.E0,0.E0,0.E0));
#2538=AXIS2_PLACEMENT_3D('',#2535,#2536,#2537);
#2540=DIRECTION('',(-1.E0,0.E0,0.E0));
#2541=VECTOR('',#2540,2.E-1);
#2542=CARTESIAN_POINT('',(-6.625E0,-4.5E-1,-5.9E0));
#2543=LINE('',#2542,#2541);
#2544=DIRECTION('',(1.E0,0.E0,0.E0));
#2545=VECTOR('',#2544,2.5E-1);
#2546=CARTESIAN_POINT('',(6.275E0,-4.5E-1,-4.9E0));
#2547=LINE('',#2546,#2545);
#2548=DIRECTION('',(0.E0,-1.E0,0.E0));
#2549=VECTOR('',#2548,6.5E-1);
#2550=CARTESIAN_POINT('',(6.275E0,-4.5E-1,-4.9E0));
#2551=LINE('',#2550,#2549);
#2552=DIRECTION('',(0.E0,1.E0,0.E0));
#2553=VECTOR('',#2552,4.E-1);
#2554=CARTESIAN_POINT('',(6.55E0,-1.1E0,-4.9E0));
#2555=LINE('',#2554,#2553);
#2556=DIRECTION('',(1.E0,0.E0,0.E0));
#2557=VECTOR('',#2556,4.25E-1);
#2558=CARTESIAN_POINT('',(6.525E0,6.5E-1,-4.9E0));
#2559=LINE('',#2558,#2557);
#2560=DIRECTION('',(0.E0,-1.E0,0.E0));
#2561=VECTOR('',#2560,1.1E0);
#2562=CARTESIAN_POINT('',(6.525E0,6.5E-1,-4.9E0));
#2563=LINE('',#2562,#2561);
#2564=DIRECTION('',(-1.E0,0.E0,0.E0));
#2565=VECTOR('',#2564,2.75E-1);
#2566=CARTESIAN_POINT('',(-6.275E0,-1.1E0,-4.9E0));
#2567=LINE('',#2566,#2565);
#2568=DIRECTION('',(0.E0,0.E0,-1.E0));
#2569=VECTOR('',#2568,4.2E-1);
#2570=CARTESIAN_POINT('',(-6.55E0,-1.1E0,-4.9E0));
#2571=LINE('',#2570,#2569);
#2572=DIRECTION('',(1.E0,0.E0,0.E0));
#2573=VECTOR('',#2572,2.75E-1);
#2574=CARTESIAN_POINT('',(-6.55E0,-1.1E0,-5.32E0));
#2575=LINE('',#2574,#2573);
#2576=DIRECTION('',(0.E0,0.E0,1.E0));
#2577=VECTOR('',#2576,4.2E-1);
#2578=CARTESIAN_POINT('',(-6.275E0,-1.1E0,-5.32E0));
#2579=LINE('',#2578,#2577);
#2580=DIRECTION('',(0.E0,0.E0,-1.E0));
#2581=VECTOR('',#2580,4.2E-1);
#2582=CARTESIAN_POINT('',(6.275E0,-1.1E0,-4.9E0));
#2583=LINE('',#2582,#2581);
#2584=DIRECTION('',(1.E0,0.E0,0.E0));
#2585=VECTOR('',#2584,2.75E-1);
#2586=CARTESIAN_POINT('',(6.275E0,-1.1E0,-5.32E0));
#2587=LINE('',#2586,#2585);
#2588=DIRECTION('',(0.E0,0.E0,1.E0));
#2589=VECTOR('',#2588,4.2E-1);
#2590=CARTESIAN_POINT('',(6.55E0,-1.1E0,-5.32E0));
#2591=LINE('',#2590,#2589);
#2592=DIRECTION('',(-1.E0,0.E0,0.E0));
#2593=VECTOR('',#2592,2.75E-1);
#2594=CARTESIAN_POINT('',(6.55E0,-1.1E0,-4.9E0));
#2595=LINE('',#2594,#2593);
#2596=DIRECTION('',(-1.E0,0.E0,0.E0));
#2597=VECTOR('',#2596,2.5E-1);
#2598=CARTESIAN_POINT('',(-6.275E0,-4.5E-1,-4.9E0));
#2599=LINE('',#2598,#2597);
#2600=DIRECTION('',(0.E0,-1.E0,0.E0));
#2601=VECTOR('',#2600,1.1E0);
#2602=CARTESIAN_POINT('',(-6.525E0,6.5E-1,-4.9E0));
#2603=LINE('',#2602,#2601);
#2604=DIRECTION('',(-1.E0,0.E0,0.E0));
#2605=VECTOR('',#2604,4.25E-1);
#2606=CARTESIAN_POINT('',(-6.525E0,6.5E-1,-4.9E0));
#2607=LINE('',#2606,#2605);
#2608=DIRECTION('',(1.E0,0.E0,0.E0));
#2609=VECTOR('',#2608,3.E-1);
#2610=CARTESIAN_POINT('',(-6.95E0,-6.E-1,-4.9E0));
#2611=LINE('',#2610,#2609);
#2612=DIRECTION('',(0.E0,0.E0,-1.E0));
#2613=VECTOR('',#2612,5.5E-1);
#2614=CARTESIAN_POINT('',(-6.525E0,-2.5E-1,-3.85E0));
#2615=LINE('',#2614,#2613);
#2616=DIRECTION('',(0.E0,-1.E0,0.E0));
#2617=VECTOR('',#2616,2.E0);
#2618=CARTESIAN_POINT('',(-6.525E0,1.55E0,-5.55E0));
#2619=LINE('',#2618,#2617);
#2620=DIRECTION('',(1.E0,0.E0,0.E0));
#2621=VECTOR('',#2620,1.25E-1);
#2622=CARTESIAN_POINT('',(-6.65E0,-2.5E-1,-4.4E0));
#2623=LINE('',#2622,#2621);
#2624=DIRECTION('',(-1.E0,0.E0,0.E0));
#2625=VECTOR('',#2624,1.25E-1);
#2626=CARTESIAN_POINT('',(-6.525E0,6.5E-1,-4.4E0));
#2627=LINE('',#2626,#2625);
#2628=DIRECTION('',(0.E0,1.E0,0.E0));
#2629=VECTOR('',#2628,9.E-1);
#2630=CARTESIAN_POINT('',(-6.525E0,-2.5E-1,-4.4E0));
#2631=LINE('',#2630,#2629);
#2632=DIRECTION('',(-1.E0,0.E0,0.E0));
#2633=VECTOR('',#2632,1.E-1);
#2634=CARTESIAN_POINT('',(-6.175E0,1.4E0,-4.4E0));
#2635=LINE('',#2634,#2633);
#2636=DIRECTION('',(0.E0,1.E0,0.E0));
#2637=VECTOR('',#2636,1.5E-1);
#2638=CARTESIAN_POINT('',(-6.275E0,1.4E0,-4.4E0));
#2639=LINE('',#2638,#2637);
#2640=DIRECTION('',(-3.162277660168E-1,-9.486832980505E-1,0.E0));
#2641=VECTOR('',#2640,3.162277660168E-1);
#2642=CARTESIAN_POINT('',(-6.175E0,2.4E0,-4.4E0));
#2643=LINE('',#2642,#2641);
#2644=DIRECTION('',(0.E0,-1.E0,0.E0));
#2645=VECTOR('',#2644,1.E0);
#2646=CARTESIAN_POINT('',(-6.175E0,2.4E0,-4.4E0));
#2647=LINE('',#2646,#2645);
#2648=DIRECTION('',(0.E0,0.E0,1.E0));
#2649=VECTOR('',#2648,2.E-1);
#2650=CARTESIAN_POINT('',(-6.65E0,-2.5E-1,-4.4E0));
#2651=LINE('',#2650,#2649);
#2652=DIRECTION('',(0.E0,0.E0,-1.E0));
#2653=VECTOR('',#2652,2.E-1);
#2654=CARTESIAN_POINT('',(-6.65E0,6.5E-1,-4.2E0));
#2655=LINE('',#2654,#2653);
#2656=DIRECTION('',(0.E0,-1.E0,0.E0));
#2657=VECTOR('',#2656,9.E-1);
#2658=CARTESIAN_POINT('',(-6.65E0,6.5E-1,-4.4E0));
#2659=LINE('',#2658,#2657);
#2660=DIRECTION('',(1.E0,0.E0,0.E0));
#2661=VECTOR('',#2660,1.E-1);
#2662=CARTESIAN_POINT('',(-6.65E0,-2.5E-1,-4.2E0));
#2663=LINE('',#2662,#2661);
#2664=DIRECTION('',(-1.E0,0.E0,0.E0));
#2665=VECTOR('',#2664,1.E-1);
#2666=CARTESIAN_POINT('',(-6.55E0,6.5E-1,-4.2E0));
#2667=LINE('',#2666,#2665);
#2668=DIRECTION('',(0.E0,-1.E0,0.E0));
#2669=VECTOR('',#2668,9.E-1);
#2670=CARTESIAN_POINT('',(-6.65E0,6.5E-1,-4.2E0));
#2671=LINE('',#2670,#2669);
#2672=DIRECTION('',(0.E0,0.E0,-1.E0));
#2673=VECTOR('',#2672,3.5E-1);
#2674=CARTESIAN_POINT('',(-6.55E0,-2.5E-1,-3.85E0));
#2675=LINE('',#2674,#2673);
#2676=DIRECTION('',(0.E0,1.E0,0.E0));
#2677=VECTOR('',#2676,9.E-1);
#2678=CARTESIAN_POINT('',(-6.55E0,-2.5E-1,-3.85E0));
#2679=LINE('',#2678,#2677);
#2680=DIRECTION('',(0.E0,0.E0,-1.E0));
#2681=VECTOR('',#2680,3.5E-1);
#2682=CARTESIAN_POINT('',(-6.55E0,6.5E-1,-3.85E0));
#2683=LINE('',#2682,#2681);
#2684=DIRECTION('',(0.E0,-1.E0,0.E0));
#2685=VECTOR('',#2684,9.E-1);
#2686=CARTESIAN_POINT('',(-6.55E0,6.5E-1,-4.2E0));
#2687=LINE('',#2686,#2685);
#2688=DIRECTION('',(-5.773502691896E-1,5.773502691896E-1,5.773502691896E-1));
#2689=VECTOR('',#2688,1.732050807569E-1);
#2690=CARTESIAN_POINT('',(-6.55E0,6.5E-1,-4.2E0));
#2691=LINE('',#2690,#2689);
#2692=DIRECTION('',(-7.071067811866E-1,7.071067811865E-1,0.E0));
#2693=VECTOR('',#2692,1.414213562373E-1);
#2694=CARTESIAN_POINT('',(-6.55E0,6.5E-1,-3.85E0));
#2695=LINE('',#2694,#2693);
#2696=DIRECTION('',(0.E0,0.E0,1.E0));
#2697=VECTOR('',#2696,3.E-1);
#2698=CARTESIAN_POINT('',(-6.525E0,7.5E-1,-4.8E0));
#2699=LINE('',#2698,#2697);
#2700=DIRECTION('',(-1.E0,0.E0,0.E0));
#2701=VECTOR('',#2700,2.25E-1);
#2702=CARTESIAN_POINT('',(-6.525E0,7.5E-1,-4.5E0));
#2703=LINE('',#2702,#2701);
#2704=DIRECTION('',(0.E0,0.E0,-1.E0));
#2705=VECTOR('',#2704,4.E-1);
#2706=CARTESIAN_POINT('',(-6.75E0,7.5E-1,-4.1E0));
#2707=LINE('',#2706,#2705);
#2708=DIRECTION('',(-1.E0,0.E0,0.E0));
#2709=VECTOR('',#2708,1.E-1);
#2710=CARTESIAN_POINT('',(-6.65E0,7.5E-1,-4.1E0));
#2711=LINE('',#2710,#2709);
#2712=DIRECTION('',(0.E0,0.E0,-1.E0));
#2713=VECTOR('',#2712,2.5E-1);
#2714=CARTESIAN_POINT('',(-6.65E0,7.5E-1,-3.85E0));
#2715=LINE('',#2714,#2713);
#2716=DIRECTION('',(-1.E0,0.E0,0.E0));
#2717=VECTOR('',#2716,4.25E-1);
#2718=CARTESIAN_POINT('',(-6.525E0,7.5E-1,-4.8E0));
#2719=LINE('',#2718,#2717);
#2720=DIRECTION('',(0.E0,7.071067811865E-1,-7.071067811865E-1));
#2721=VECTOR('',#2720,1.414213562373E-1);
#2722=CARTESIAN_POINT('',(-6.525E0,6.5E-1,-4.4E0));
#2723=LINE('',#2722,#2721);
#2724=DIRECTION('',(-5.773502691896E-1,5.773502691896E-1,-5.773502691896E-1));
#2725=VECTOR('',#2724,1.732050807569E-1);
#2726=CARTESIAN_POINT('',(-6.65E0,6.5E-1,-4.4E0));
#2727=LINE('',#2726,#2725);
#2728=DIRECTION('',(-5.773502691896E-1,5.773502691896E-1,5.773502691896E-1));
#2729=VECTOR('',#2728,1.732050807569E-1);
#2730=CARTESIAN_POINT('',(-6.65E0,6.5E-1,-4.2E0));
#2731=LINE('',#2730,#2729);
#2732=DIRECTION('',(0.E0,-7.071067811866E-1,-7.071067811865E-1));
#2733=VECTOR('',#2732,1.414213562373E-1);
#2734=CARTESIAN_POINT('',(-6.525E0,7.5E-1,-4.8E0));
#2735=LINE('',#2734,#2733);
#2736=DIRECTION('',(0.E0,0.E0,-1.E0));
#2737=VECTOR('',#2736,2.E-1);
#2738=CARTESIAN_POINT('',(-6.175E0,1.4E0,-4.2E0));
#2739=LINE('',#2738,#2737);
#2740=DIRECTION('',(0.E0,-1.E0,0.E0));
#2741=VECTOR('',#2740,1.E0);
#2742=CARTESIAN_POINT('',(-6.175E0,2.4E0,-4.2E0));
#2743=LINE('',#2742,#2741);
#2744=DIRECTION('',(1.E0,0.E0,0.E0));
#2745=VECTOR('',#2744,1.E-1);
#2746=CARTESIAN_POINT('',(-6.275E0,1.4E0,-4.2E0));
#2747=LINE('',#2746,#2745);
#2748=DIRECTION('',(3.162277660168E-1,9.486832980505E-1,0.E0));
#2749=VECTOR('',#2748,3.162277660168E-1);
#2750=CARTESIAN_POINT('',(-6.275E0,2.1E0,-4.2E0));
#2751=LINE('',#2750,#2749);
#2752=DIRECTION('',(0.E0,1.E0,0.E0));
#2753=VECTOR('',#2752,1.5E-1);
#2754=CARTESIAN_POINT('',(-6.275E0,1.4E0,-4.2E0));
#2755=LINE('',#2754,#2753);
#2756=DIRECTION('',(3.015113445778E-1,9.045340337333E-1,3.015113445778E-1));
#2757=VECTOR('',#2756,3.316624790355E-1);
#2758=CARTESIAN_POINT('',(-6.275E0,2.1E0,-3.85E0));
#2759=LINE('',#2758,#2757);
#2760=DIRECTION('',(1.E0,0.E0,0.E0));
#2761=VECTOR('',#2760,1.E-1);
#2762=CARTESIAN_POINT('',(6.175E0,1.4E0,-4.2E0));
#2763=LINE('',#2762,#2761);
#2764=DIRECTION('',(0.E0,1.E0,0.E0));
#2765=VECTOR('',#2764,1.5E-1);
#2766=CARTESIAN_POINT('',(6.275E0,1.4E0,-4.2E0));
#2767=LINE('',#2766,#2765);
#2768=DIRECTION('',(-3.162277660168E-1,9.486832980505E-1,0.E0));
#2769=VECTOR('',#2768,3.162277660168E-1);
#2770=CARTESIAN_POINT('',(6.275E0,2.1E0,-4.2E0));
#2771=LINE('',#2770,#2769);
#2772=DIRECTION('',(0.E0,-1.E0,0.E0));
#2773=VECTOR('',#2772,1.E0);
#2774=CARTESIAN_POINT('',(6.175E0,2.4E0,-4.2E0));
#2775=LINE('',#2774,#2773);
#2776=DIRECTION('',(0.E0,0.E0,1.E0));
#2777=VECTOR('',#2776,2.E-1);
#2778=CARTESIAN_POINT('',(6.175E0,1.4E0,-4.4E0));
#2779=LINE('',#2778,#2777);
#2780=DIRECTION('',(0.E0,-1.E0,0.E0));
#2781=VECTOR('',#2780,1.E0);
#2782=CARTESIAN_POINT('',(6.175E0,2.4E0,-4.4E0));
#2783=LINE('',#2782,#2781);
#2784=DIRECTION('',(-3.015113445778E-1,-9.045340337333E-1,3.015113445778E-1));
#2785=VECTOR('',#2784,3.316624790355E-1);
#2786=CARTESIAN_POINT('',(-6.175E0,2.4E0,-5.52E0));
#2787=LINE('',#2786,#2785);
#2788=DIRECTION('',(0.E0,-1.E0,0.E0));
#2789=VECTOR('',#2788,2.E0);
#2790=CARTESIAN_POINT('',(-6.625E0,1.55E0,-5.65E0));
#2791=LINE('',#2790,#2789);
#2792=CARTESIAN_POINT('',(-6.825E0,1.25E0,-5.65E0));
#2793=DIRECTION('',(0.E0,0.E0,1.E0));
#2794=DIRECTION('',(0.E0,1.E0,0.E0));
#2795=AXIS2_PLACEMENT_3D('',#2792,#2793,#2794);
#2797=CARTESIAN_POINT('',(-6.825E0,-1.5E-1,-5.65E0));
#2798=DIRECTION('',(0.E0,0.E0,1.E0));
#2799=DIRECTION('',(-1.E0,0.E0,0.E0));
#2800=AXIS2_PLACEMENT_3D('',#2797,#2798,#2799);
#2802=DIRECTION('',(0.E0,-1.E0,0.E0));
#2803=VECTOR('',#2802,1.4E0);
#2804=CARTESIAN_POINT('',(-7.125E0,1.25E0,-5.65E0));
#2805=LINE('',#2804,#2803);
#2806=DIRECTION('',(0.E0,0.E0,1.E0));
#2807=VECTOR('',#2806,2.5E-1);
#2808=CARTESIAN_POINT('',(-7.125E0,1.25E0,-5.9E0));
#2809=LINE('',#2808,#2807);
#2810=DIRECTION('',(0.E0,0.E0,-1.E0));
#2811=VECTOR('',#2810,2.5E-1);
#2812=CARTESIAN_POINT('',(-7.125E0,-1.5E-1,-5.65E0));
#2813=LINE('',#2812,#2811);
#2814=DIRECTION('',(0.E0,-1.E0,0.E0));
#2815=VECTOR('',#2814,1.4E0);
#2816=CARTESIAN_POINT('',(-7.125E0,1.25E0,-5.9E0));
#2817=LINE('',#2816,#2815);
#2818=CARTESIAN_POINT('',(-6.825E0,1.25E0,-5.9E0));
#2819=DIRECTION('',(0.E0,0.E0,-1.E0));
#2820=DIRECTION('',(-1.E0,0.E0,0.E0));
#2821=AXIS2_PLACEMENT_3D('',#2818,#2819,#2820);
#2823=CARTESIAN_POINT('',(-6.825E0,-1.5E-1,-5.9E0));
#2824=DIRECTION('',(0.E0,0.E0,-1.E0));
#2825=DIRECTION('',(0.E0,-1.E0,0.E0));
#2826=AXIS2_PLACEMENT_3D('',#2823,#2824,#2825);
#2828=DIRECTION('',(0.E0,-1.E0,0.E0));
#2829=VECTOR('',#2828,2.E0);
#2830=CARTESIAN_POINT('',(-6.625E0,1.55E0,-5.9E0));
#2831=LINE('',#2830,#2829);
#2832=DIRECTION('',(0.E0,-1.E0,0.E0));
#2833=VECTOR('',#2832,2.E0);
#2834=CARTESIAN_POINT('',(-6.275E0,1.55E0,-5.55E0));
#2835=LINE('',#2834,#2833);
#2836=DIRECTION('',(1.E0,0.E0,0.E0));
#2837=VECTOR('',#2836,1.055E0);
#2838=CARTESIAN_POINT('',(-6.95E0,-6.E-1,-5.8E0));
#2839=LINE('',#2838,#2837);
#2840=DIRECTION('',(1.E0,0.E0,0.E0));
#2841=VECTOR('',#2840,3.75E-1);
#2842=CARTESIAN_POINT('',(-6.65E0,-6.E-1,-5.42E0));
#2843=LINE('',#2842,#2841);
#2844=DIRECTION('',(0.E0,0.E0,-1.E0));
#2845=VECTOR('',#2844,5.2E-1);
#2846=CARTESIAN_POINT('',(-6.65E0,-6.E-1,-4.9E0));
#2847=LINE('',#2846,#2845);
#2848=DIRECTION('',(0.E0,-7.071067811865E-1,7.071067811865E-1));
#2849=VECTOR('',#2848,1.414213562373E-1);
#2850=CARTESIAN_POINT('',(-6.275E0,-6.E-1,-5.42E0));
#2851=LINE('',#2850,#2849);
#2852=DIRECTION('',(1.E0,0.E0,0.E0));
#2853=VECTOR('',#2852,2.75E-1);
#2854=CARTESIAN_POINT('',(-6.55E0,-7.E-1,-5.32E0));
#2855=LINE('',#2854,#2853);
#2856=DIRECTION('',(0.E0,1.E0,0.E0));
#2857=VECTOR('',#2856,4.E-1);
#2858=CARTESIAN_POINT('',(-6.55E0,-1.1E0,-5.32E0));
#2859=LINE('',#2858,#2857);
#2860=DIRECTION('',(0.E0,0.E0,-1.E0));
#2861=VECTOR('',#2860,4.2E-1);
#2862=CARTESIAN_POINT('',(-6.55E0,-7.E-1,-4.9E0));
#2863=LINE('',#2862,#2861);
#2864=DIRECTION('',(0.E0,1.E0,0.E0));
#2865=VECTOR('',#2864,4.E-1);
#2866=CARTESIAN_POINT('',(-6.55E0,-1.1E0,-4.9E0));
#2867=LINE('',#2866,#2865);
#2868=DIRECTION('',(-5.773502691896E-1,5.773502691896E-1,-5.773502691896E-1));
#2869=VECTOR('',#2868,1.732050807569E-1);
#2870=CARTESIAN_POINT('',(-6.55E0,-7.E-1,-5.32E0));
#2871=LINE('',#2870,#2869);
#2872=DIRECTION('',(-7.071067811866E-1,7.071067811865E-1,0.E0));
#2873=VECTOR('',#2872,1.414213562373E-1);
#2874=CARTESIAN_POINT('',(-6.55E0,-7.E-1,-4.9E0));
#2875=LINE('',#2874,#2873);
#2876=DIRECTION('',(1.E0,0.E0,0.E0));
#2877=VECTOR('',#2876,2.75E-1);
#2878=CARTESIAN_POINT('',(6.275E0,-7.E-1,-5.32E0));
#2879=LINE('',#2878,#2877);
#2880=DIRECTION('',(0.E0,1.E0,0.E0));
#2881=VECTOR('',#2880,4.E-1);
#2882=CARTESIAN_POINT('',(6.275E0,-1.1E0,-5.32E0));
#2883=LINE('',#2882,#2881);
#2884=DIRECTION('',(5.773502691896E-1,5.773502691896E-1,-5.773502691896E-1));
#2885=VECTOR('',#2884,1.732050807569E-1);
#2886=CARTESIAN_POINT('',(6.55E0,-7.E-1,-5.32E0));
#2887=LINE('',#2886,#2885);
#2888=DIRECTION('',(0.E0,7.071067811865E-1,-7.071067811865E-1));
#2889=VECTOR('',#2888,1.414213562373E-1);
#2890=CARTESIAN_POINT('',(6.275E0,-7.E-1,-5.32E0));
#2891=LINE('',#2890,#2889);
#2892=DIRECTION('',(1.E0,0.E0,0.E0));
#2893=VECTOR('',#2892,3.75E-1);
#2894=CARTESIAN_POINT('',(6.275E0,-6.E-1,-5.42E0));
#2895=LINE('',#2894,#2893);
#2896=DIRECTION('',(1.E0,0.E0,0.E0));
#2897=VECTOR('',#2896,1.055E0);
#2898=CARTESIAN_POINT('',(5.895E0,-6.E-1,-5.8E0));
#2899=LINE('',#2898,#2897);
#2900=DIRECTION('',(-1.E0,0.E0,0.E0));
#2901=VECTOR('',#2900,3.E-1);
#2902=CARTESIAN_POINT('',(6.95E0,-6.E-1,-4.9E0));
#2903=LINE('',#2902,#2901);
#2904=DIRECTION('',(0.E0,0.E0,1.E0));
#2905=VECTOR('',#2904,5.2E-1);
#2906=CARTESIAN_POINT('',(6.65E0,-6.E-1,-5.42E0));
#2907=LINE('',#2906,#2905);
#2908=DIRECTION('',(-7.071067811866E-1,-7.071067811865E-1,0.E0));
#2909=VECTOR('',#2908,1.414213562373E-1);
#2910=CARTESIAN_POINT('',(6.65E0,-6.E-1,-4.9E0));
#2911=LINE('',#2910,#2909);
#2912=DIRECTION('',(0.E0,0.E0,1.E0));
#2913=VECTOR('',#2912,4.2E-1);
#2914=CARTESIAN_POINT('',(6.55E0,-7.E-1,-5.32E0));
#2915=LINE('',#2914,#2913);
#2916=DIRECTION('',(0.E0,1.E0,0.E0));
#2917=VECTOR('',#2916,4.E-1);
#2918=CARTESIAN_POINT('',(6.55E0,-1.1E0,-5.32E0));
#2919=LINE('',#2918,#2917);
#2920=DIRECTION('',(0.E0,7.071067811866E-1,7.071067811865E-1));
#2921=VECTOR('',#2920,1.414213562373E-1);
#2922=CARTESIAN_POINT('',(6.525E0,6.5E-1,-4.9E0));
#2923=LINE('',#2922,#2921);
#2924=DIRECTION('',(0.E0,0.E0,-1.E0));
#2925=VECTOR('',#2924,3.E-1);
#2926=CARTESIAN_POINT('',(6.525E0,7.5E-1,-4.5E0));
#2927=LINE('',#2926,#2925);
#2928=DIRECTION('',(1.E0,0.E0,0.E0));
#2929=VECTOR('',#2928,4.25E-1);
#2930=CARTESIAN_POINT('',(6.525E0,7.5E-1,-4.8E0));
#2931=LINE('',#2930,#2929);
#2932=DIRECTION('',(-1.E0,0.E0,0.E0));
#2933=VECTOR('',#2932,3.E-1);
#2934=CARTESIAN_POINT('',(6.95E0,7.5E-1,-3.85E0));
#2935=LINE('',#2934,#2933);
#2936=DIRECTION('',(0.E0,0.E0,1.E0));
#2937=VECTOR('',#2936,2.5E-1);
#2938=CARTESIAN_POINT('',(6.65E0,7.5E-1,-4.1E0));
#2939=LINE('',#2938,#2937);
#2940=DIRECTION('',(-1.E0,0.E0,0.E0));
#2941=VECTOR('',#2940,1.E-1);
#2942=CARTESIAN_POINT('',(6.75E0,7.5E-1,-4.1E0));
#2943=LINE('',#2942,#2941);
#2944=DIRECTION('',(0.E0,0.E0,1.E0));
#2945=VECTOR('',#2944,4.E-1);
#2946=CARTESIAN_POINT('',(6.75E0,7.5E-1,-4.5E0));
#2947=LINE('',#2946,#2945);
#2948=DIRECTION('',(-1.E0,0.E0,0.E0));
#2949=VECTOR('',#2948,2.25E-1);
#2950=CARTESIAN_POINT('',(6.75E0,7.5E-1,-4.5E0));
#2951=LINE('',#2950,#2949);
#2952=DIRECTION('',(-7.071067811866E-1,-7.071067811865E-1,0.E0));
#2953=VECTOR('',#2952,1.414213562373E-1);
#2954=CARTESIAN_POINT('',(6.65E0,7.5E-1,-3.85E0));
#2955=LINE('',#2954,#2953);
#2956=DIRECTION('',(5.773502691896E-1,5.773502691896E-1,5.773502691896E-1));
#2957=VECTOR('',#2956,1.732050807569E-1);
#2958=CARTESIAN_POINT('',(6.55E0,6.5E-1,-4.2E0));
#2959=LINE('',#2958,#2957);
#2960=DIRECTION('',(5.773502691896E-1,5.773502691896E-1,5.773502691896E-1));
#2961=VECTOR('',#2960,1.732050807569E-1);
#2962=CARTESIAN_POINT('',(6.65E0,6.5E-1,-4.2E0));
#2963=LINE('',#2962,#2961);
#2964=DIRECTION('',(0.E0,7.071067811865E-1,-7.071067811865E-1));
#2965=VECTOR('',#2964,1.414213562373E-1);
#2966=CARTESIAN_POINT('',(6.525E0,6.5E-1,-4.4E0));
#2967=LINE('',#2966,#2965);
#2968=DIRECTION('',(5.773502691896E-1,5.773502691896E-1,-5.773502691896E-1));
#2969=VECTOR('',#2968,1.732050807569E-1);
#2970=CARTESIAN_POINT('',(6.65E0,6.5E-1,-4.4E0));
#2971=LINE('',#2970,#2969);
#2972=DIRECTION('',(-3.015113445778E-1,9.045340337333E-1,-3.015113445778E-1));
#2973=VECTOR('',#2972,3.316624790355E-1);
#2974=CARTESIAN_POINT('',(6.275E0,2.1E0,-5.42E0));
#2975=LINE('',#2974,#2973);
#2976=DIRECTION('',(0.E0,-7.071067811865E-1,-7.071067811865E-1));
#2977=VECTOR('',#2976,1.414213562373E-1);
#2978=CARTESIAN_POINT('',(-6.275E0,-1.4E0,-8.E-1));
#2979=LINE('',#2978,#2977);
#2980=DIRECTION('',(-3.162277660168E-1,0.E0,-9.486832980505E-1));
#2981=VECTOR('',#2980,3.162277660168E-1);
#2982=CARTESIAN_POINT('',(-6.175E0,-8.E-1,0.E0));
#2983=LINE('',#2982,#2981);
#2984=DIRECTION('',(0.E0,0.E0,-1.E0));
#2985=VECTOR('',#2984,2.65E0);
#2986=CARTESIAN_POINT('',(-6.175E0,-8.E-1,0.E0));
#2987=LINE('',#2986,#2985);
#2988=DIRECTION('',(0.E0,0.E0,-1.E0));
#2989=VECTOR('',#2988,2.65E0);
#2990=CARTESIAN_POINT('',(-6.175E0,-1.E0,0.E0));
#2991=LINE('',#2990,#2989);
#2992=DIRECTION('',(-1.E0,0.E0,0.E0));
#2993=VECTOR('',#2992,2.75E-1);
#2994=CARTESIAN_POINT('',(-6.275E0,-1.92E0,-2.25E0));
#2995=LINE('',#2994,#2993);
#2996=DIRECTION('',(0.E0,0.E0,-1.E0));
#2997=VECTOR('',#2996,4.E-1);
#2998=CARTESIAN_POINT('',(-6.55E0,-1.92E0,-2.25E0));
#2999=LINE('',#2998,#2997);
#3000=DIRECTION('',(0.E0,-1.E0,0.E0));
#3001=VECTOR('',#3000,1.E-1);
#3002=CARTESIAN_POINT('',(-5.71E0,-2.4E0,0.E0));
#3003=LINE('',#3002,#3001);
#3004=DIRECTION('',(0.E0,0.E0,-1.E0));
#3005=VECTOR('',#3004,1.5E0);
#3006=CARTESIAN_POINT('',(-5.71E0,-2.5E0,0.E0));
#3007=LINE('',#3006,#3005);
#3008=DIRECTION('',(-1.E0,0.E0,0.E0));
#3009=VECTOR('',#3008,8.E-1);
#3010=CARTESIAN_POINT('',(-4.91E0,-2.5E0,0.E0));
#3011=LINE('',#3010,#3009);
#3012=DIRECTION('',(0.E0,0.E0,1.E0));
#3013=VECTOR('',#3012,1.5E0);
#3014=CARTESIAN_POINT('',(-4.91E0,-2.5E0,-1.5E0));
#3015=LINE('',#3014,#3013);
#3016=DIRECTION('',(1.E0,0.E0,0.E0));
#3017=VECTOR('',#3016,8.E-1);
#3018=CARTESIAN_POINT('',(-5.71E0,-2.5E0,-1.5E0));
#3019=LINE('',#3018,#3017);
#3020=DIRECTION('',(-1.E0,0.E0,0.E0));
#3021=VECTOR('',#3020,8.E-1);
#3022=CARTESIAN_POINT('',(5.71E0,-2.5E0,0.E0));
#3023=LINE('',#3022,#3021);
#3024=DIRECTION('',(0.E0,0.E0,1.E0));
#3025=VECTOR('',#3024,1.5E0);
#3026=CARTESIAN_POINT('',(5.71E0,-2.5E0,-1.5E0));
#3027=LINE('',#3026,#3025);
#3028=DIRECTION('',(1.E0,0.E0,0.E0));
#3029=VECTOR('',#3028,8.E-1);
#3030=CARTESIAN_POINT('',(4.91E0,-2.5E0,-1.5E0));
#3031=LINE('',#3030,#3029);
#3032=DIRECTION('',(0.E0,0.E0,-1.E0));
#3033=VECTOR('',#3032,1.5E0);
#3034=CARTESIAN_POINT('',(4.91E0,-2.5E0,0.E0));
#3035=LINE('',#3034,#3033);
#3036=DIRECTION('',(0.E0,-1.E0,0.E0));
#3037=VECTOR('',#3036,1.E-1);
#3038=CARTESIAN_POINT('',(-4.91E0,-2.4E0,-1.5E0));
#3039=LINE('',#3038,#3037);
#3040=DIRECTION('',(0.E0,-1.E0,0.E0));
#3041=VECTOR('',#3040,1.E-1);
#3042=CARTESIAN_POINT('',(-5.71E0,-2.4E0,-1.5E0));
#3043=LINE('',#3042,#3041);
#3044=DIRECTION('',(0.E0,-1.E0,0.E0));
#3045=VECTOR('',#3044,1.E-1);
#3046=CARTESIAN_POINT('',(5.71E0,-2.4E0,-1.5E0));
#3047=LINE('',#3046,#3045);
#3048=DIRECTION('',(0.E0,-1.E0,0.E0));
#3049=VECTOR('',#3048,1.E-1);
#3050=CARTESIAN_POINT('',(4.91E0,-2.4E0,-1.5E0));
#3051=LINE('',#3050,#3049);
#3052=DIRECTION('',(0.E0,-1.E0,0.E0));
#3053=VECTOR('',#3052,1.E-1);
#3054=CARTESIAN_POINT('',(4.91E0,-2.4E0,0.E0));
#3055=LINE('',#3054,#3053);
#3056=CARTESIAN_POINT('',(6.95E0,2.4E0,0.E0));
#3057=CARTESIAN_POINT('',(-6.95E0,2.4E0,0.E0));
#3058=VERTEX_POINT('',#3056);
#3059=VERTEX_POINT('',#3057);
#3060=CARTESIAN_POINT('',(6.95E0,-2.4E0,-2.15E0));
#3061=CARTESIAN_POINT('',(6.95E0,-1.5E0,-2.15E0));
#3062=VERTEX_POINT('',#3060);
#3063=VERTEX_POINT('',#3061);
#3064=CARTESIAN_POINT('',(6.95E0,-6.E-1,-5.8E0));
#3065=CARTESIAN_POINT('',(6.95E0,-6.E-1,-4.9E0));
#3066=VERTEX_POINT('',#3064);
#3067=VERTEX_POINT('',#3065);
#3068=CARTESIAN_POINT('',(6.95E0,-2.4E0,-5.8E0));
#3069=VERTEX_POINT('',#3068);
#3070=CARTESIAN_POINT('',(-6.95E0,-2.4E0,-2.15E0));
#3071=CARTESIAN_POINT('',(-6.95E0,-1.5E0,-2.15E0));
#3072=VERTEX_POINT('',#3070);
#3073=VERTEX_POINT('',#3071);
#3074=CARTESIAN_POINT('',(-6.95E0,-6.E-1,-5.8E0));
#3075=CARTESIAN_POINT('',(-6.95E0,-6.E-1,-4.9E0));
#3076=VERTEX_POINT('',#3074);
#3077=VERTEX_POINT('',#3075);
#3078=CARTESIAN_POINT('',(-6.95E0,-2.4E0,-5.8E0));
#3079=VERTEX_POINT('',#3078);
#3080=CARTESIAN_POINT('',(6.275E0,-1.5E0,-2.65E0));
#3081=CARTESIAN_POINT('',(6.275E0,-1.92E0,-2.65E0));
#3082=VERTEX_POINT('',#3080);
#3083=VERTEX_POINT('',#3081);
#3084=CARTESIAN_POINT('',(6.55E0,-1.92E0,-2.65E0));
#3085=VERTEX_POINT('',#3084);
#3086=CARTESIAN_POINT('',(6.55E0,-1.5E0,-2.65E0));
#3087=VERTEX_POINT('',#3086);
#3088=CARTESIAN_POINT('',(6.55E0,-4.5E-1,-2.65E0));
#3089=CARTESIAN_POINT('',(6.275E0,-4.5E-1,-2.65E0));
#3090=VERTEX_POINT('',#3088);
#3091=VERTEX_POINT('',#3089);
#3092=CARTESIAN_POINT('',(6.275E0,-8.E-1,-2.65E0));
#3093=VERTEX_POINT('',#3092);
#3094=CARTESIAN_POINT('',(6.175E0,-8.E-1,-2.65E0));
#3095=VERTEX_POINT('',#3094);
#3096=CARTESIAN_POINT('',(6.175E0,-1.E0,-2.65E0));
#3097=VERTEX_POINT('',#3096);
#3098=CARTESIAN_POINT('',(-6.275E0,-1.1E0,-4.9E0));
#3099=CARTESIAN_POINT('',(-6.55E0,-1.1E0,-4.9E0));
#3100=VERTEX_POINT('',#3098);
#3101=VERTEX_POINT('',#3099);
#3102=CARTESIAN_POINT('',(-6.55E0,-1.1E0,-5.32E0));
#3103=VERTEX_POINT('',#3102);
#3104=CARTESIAN_POINT('',(-6.275E0,-1.1E0,-5.32E0));
#3105=VERTEX_POINT('',#3104);
#3106=CARTESIAN_POINT('',(6.275E0,-1.1E0,-4.9E0));
#3107=CARTESIAN_POINT('',(6.275E0,-1.1E0,-5.32E0));
#3108=VERTEX_POINT('',#3106);
#3109=VERTEX_POINT('',#3107);
#3110=CARTESIAN_POINT('',(6.55E0,-1.1E0,-5.32E0));
#3111=VERTEX_POINT('',#3110);
#3112=CARTESIAN_POINT('',(6.55E0,-1.1E0,-4.9E0));
#3113=VERTEX_POINT('',#3112);
#3114=CARTESIAN_POINT('',(-6.65E0,-8.E-1,-2.65E0));
#3115=CARTESIAN_POINT('',(-6.65E0,-1.E0,-2.65E0));
#3116=VERTEX_POINT('',#3114);
#3117=VERTEX_POINT('',#3115);
#3118=CARTESIAN_POINT('',(6.55E0,-8.E-1,-2.65E0));
#3119=VERTEX_POINT('',#3118);
#3120=CARTESIAN_POINT('',(-6.55E0,-8.E-1,-2.65E0));
#3121=VERTEX_POINT('',#3120);
#3122=CARTESIAN_POINT('',(-6.65E0,-1.E0,-9.E-1));
#3123=CARTESIAN_POINT('',(-6.65E0,-8.E-1,-9.E-1));
#3124=VERTEX_POINT('',#3122);
#3125=VERTEX_POINT('',#3123);
#3126=CARTESIAN_POINT('',(-6.75E0,-1.1E0,-8.E-1));
#3127=CARTESIAN_POINT('',(-6.75E0,-7.E-1,-8.E-1));
#3128=VERTEX_POINT('',#3126);
#3129=VERTEX_POINT('',#3127);
#3130=CARTESIAN_POINT('',(-6.65E0,-7.E-1,-8.E-1));
#3131=VERTEX_POINT('',#3130);
#3132=CARTESIAN_POINT('',(-6.55E0,-8.E-1,-9.E-1));
#3133=VERTEX_POINT('',#3132);
#3134=CARTESIAN_POINT('',(6.65E0,-4.5E-1,-8.E-1));
#3135=CARTESIAN_POINT('',(6.65E0,-7.E-1,-8.E-1));
#3136=VERTEX_POINT('',#3134);
#3137=VERTEX_POINT('',#3135);
#3138=CARTESIAN_POINT('',(6.55E0,-4.5E-1,-9.E-1));
#3139=CARTESIAN_POINT('',(6.55E0,-8.E-1,-9.E-1));
#3140=VERTEX_POINT('',#3138);
#3141=VERTEX_POINT('',#3139);
#3142=CARTESIAN_POINT('',(6.275E0,-1.E0,-9.E-1));
#3143=CARTESIAN_POINT('',(6.65E0,-1.E0,-9.E-1));
#3144=VERTEX_POINT('',#3142);
#3145=VERTEX_POINT('',#3143);
#3146=CARTESIAN_POINT('',(6.275E0,-1.1E0,-8.E-1));
#3147=CARTESIAN_POINT('',(6.75E0,-1.1E0,-8.E-1));
#3148=VERTEX_POINT('',#3146);
#3149=VERTEX_POINT('',#3147);
#3150=CARTESIAN_POINT('',(6.275E0,-1.4E0,-8.E-1));
#3151=VERTEX_POINT('',#3150);
#3152=CARTESIAN_POINT('',(6.95E0,-4.5E-1,-8.E-1));
#3153=VERTEX_POINT('',#3152);
#3154=CARTESIAN_POINT('',(-6.275E0,-1.1E0,-8.E-1));
#3155=CARTESIAN_POINT('',(-6.275E0,-1.4E0,-8.E-1));
#3156=VERTEX_POINT('',#3154);
#3157=VERTEX_POINT('',#3155);
#3158=CARTESIAN_POINT('',(-6.275E0,-2.02E0,-2.15E0));
#3159=CARTESIAN_POINT('',(-6.275E0,-2.15E0,-2.15E0));
#3160=VERTEX_POINT('',#3158);
#3161=VERTEX_POINT('',#3159);
#3162=CARTESIAN_POINT('',(-6.95E0,-4.5E-1,-8.E-1));
#3163=CARTESIAN_POINT('',(-6.65E0,-4.5E-1,-8.E-1));
#3164=VERTEX_POINT('',#3162);
#3165=VERTEX_POINT('',#3163);
#3166=CARTESIAN_POINT('',(-6.95E0,-1.5E0,-9.E-1));
#3167=CARTESIAN_POINT('',(-6.95E0,-1.4E0,-8.E-1));
#3168=VERTEX_POINT('',#3166);
#3169=VERTEX_POINT('',#3167);
#3170=CARTESIAN_POINT('',(-6.275E0,-1.5E0,-9.E-1));
#3171=VERTEX_POINT('',#3170);
#3172=CARTESIAN_POINT('',(6.95E0,-1.4E0,-8.E-1));
#3173=CARTESIAN_POINT('',(6.95E0,-1.5E0,-9.E-1));
#3174=VERTEX_POINT('',#3172);
#3175=VERTEX_POINT('',#3173);
#3176=CARTESIAN_POINT('',(6.275E0,-1.5E0,-9.E-1));
#3177=VERTEX_POINT('',#3176);
#3178=CARTESIAN_POINT('',(6.55E0,-1.92E0,-2.25E0));
#3179=CARTESIAN_POINT('',(6.275E0,-1.92E0,-2.25E0));
#3180=VERTEX_POINT('',#3178);
#3181=VERTEX_POINT('',#3179);
#3182=CARTESIAN_POINT('',(6.65E0,-2.02E0,-2.15E0));
#3183=CARTESIAN_POINT('',(6.275E0,-2.02E0,-2.15E0));
#3184=VERTEX_POINT('',#3182);
#3185=VERTEX_POINT('',#3183);
#3186=CARTESIAN_POINT('',(6.65E0,-1.5E0,-2.15E0));
#3187=VERTEX_POINT('',#3186);
#3188=CARTESIAN_POINT('',(6.55E0,-1.5E0,-2.25E0));
#3189=VERTEX_POINT('',#3188);
#3190=CARTESIAN_POINT('',(6.275E0,-2.15E0,-2.15E0));
#3191=VERTEX_POINT('',#3190);
#3192=CARTESIAN_POINT('',(-6.65E0,-1.5E0,-2.15E0));
#3193=VERTEX_POINT('',#3192);
#3194=CARTESIAN_POINT('',(-6.025E0,-2.4E0,0.E0));
#3195=CARTESIAN_POINT('',(-6.025E0,-2.4E0,-2.15E0));
#3196=VERTEX_POINT('',#3194);
#3197=VERTEX_POINT('',#3195);
#3198=CARTESIAN_POINT('',(6.025E0,-2.4E0,-2.15E0));
#3199=CARTESIAN_POINT('',(6.025E0,-2.4E0,0.E0));
#3200=VERTEX_POINT('',#3198);
#3201=VERTEX_POINT('',#3199);
#3202=CARTESIAN_POINT('',(6.275E0,-8.E-1,-3.E-1));
#3203=CARTESIAN_POINT('',(6.175E0,-8.E-1,0.E0));
#3204=VERTEX_POINT('',#3202);
#3205=VERTEX_POINT('',#3203);
#3206=CARTESIAN_POINT('',(6.175E0,-3.5E-1,0.E0));
#3207=VERTEX_POINT('',#3206);
#3208=CARTESIAN_POINT('',(6.275E0,-4.5E-1,-3.E-1));
#3209=VERTEX_POINT('',#3208);
#3210=CARTESIAN_POINT('',(6.95E0,-3.5E-1,0.E0));
#3211=CARTESIAN_POINT('',(6.95E0,-4.5E-1,-3.E-1));
#3212=VERTEX_POINT('',#3210);
#3213=VERTEX_POINT('',#3211);
#3214=CARTESIAN_POINT('',(6.175E0,-1.E0,0.E0));
#3215=CARTESIAN_POINT('',(6.275E0,-1.E0,-3.E-1));
#3216=VERTEX_POINT('',#3214);
#3217=VERTEX_POINT('',#3215);
#3218=CARTESIAN_POINT('',(6.275E0,-2.15E0,-3.E-1));
#3219=VERTEX_POINT('',#3218);
#3220=CARTESIAN_POINT('',(6.175E0,-2.25E0,0.E0));
#3221=VERTEX_POINT('',#3220);
#3222=CARTESIAN_POINT('',(-6.175E0,-2.25E0,0.E0));
#3223=CARTESIAN_POINT('',(-6.275E0,-2.15E0,-3.E-1));
#3224=VERTEX_POINT('',#3222);
#3225=VERTEX_POINT('',#3223);
#3226=CARTESIAN_POINT('',(-6.275E0,-1.E0,-3.E-1));
#3227=VERTEX_POINT('',#3226);
#3228=CARTESIAN_POINT('',(-6.175E0,-1.E0,0.E0));
#3229=VERTEX_POINT('',#3228);
#3230=CARTESIAN_POINT('',(-6.95E0,-4.5E-1,-3.E-1));
#3231=CARTESIAN_POINT('',(-6.95E0,-3.5E-1,0.E0));
#3232=VERTEX_POINT('',#3230);
#3233=VERTEX_POINT('',#3231);
#3234=CARTESIAN_POINT('',(-6.175E0,-3.5E-1,0.E0));
#3235=VERTEX_POINT('',#3234);
#3236=CARTESIAN_POINT('',(-6.275E0,-4.5E-1,-3.E-1));
#3237=VERTEX_POINT('',#3236);
#3238=CARTESIAN_POINT('',(-6.275E0,-8.E-1,-3.E-1));
#3239=VERTEX_POINT('',#3238);
#3240=CARTESIAN_POINT('',(-6.175E0,-8.E-1,0.E0));
#3241=VERTEX_POINT('',#3240);
#3242=CARTESIAN_POINT('',(6.95E0,6.5E-1,-4.9E0));
#3243=CARTESIAN_POINT('',(6.95E0,7.5E-1,-4.8E0));
#3244=VERTEX_POINT('',#3242);
#3245=VERTEX_POINT('',#3243);
#3246=CARTESIAN_POINT('',(-6.95E0,7.5E-1,-4.8E0));
#3247=CARTESIAN_POINT('',(-6.95E0,6.5E-1,-4.9E0));
#3248=VERTEX_POINT('',#3246);
#3249=VERTEX_POINT('',#3247);
#3250=CARTESIAN_POINT('',(6.55E0,-7.E-1,-5.32E0));
#3251=CARTESIAN_POINT('',(6.55E0,-7.E-1,-4.9E0));
#3252=VERTEX_POINT('',#3250);
#3253=VERTEX_POINT('',#3251);
#3254=CARTESIAN_POINT('',(6.65E0,-6.E-1,-5.42E0));
#3255=CARTESIAN_POINT('',(6.65E0,-6.E-1,-4.9E0));
#3256=VERTEX_POINT('',#3254);
#3257=VERTEX_POINT('',#3255);
#3258=CARTESIAN_POINT('',(6.275E0,-7.E-1,-5.32E0));
#3259=VERTEX_POINT('',#3258);
#3260=CARTESIAN_POINT('',(-6.65E0,-6.E-1,-4.9E0));
#3261=CARTESIAN_POINT('',(-6.65E0,-6.E-1,-5.42E0));
#3262=VERTEX_POINT('',#3260);
#3263=VERTEX_POINT('',#3261);
#3264=CARTESIAN_POINT('',(-6.55E0,-7.E-1,-4.9E0));
#3265=CARTESIAN_POINT('',(-6.55E0,-7.E-1,-5.32E0));
#3266=VERTEX_POINT('',#3264);
#3267=VERTEX_POINT('',#3265);
#3268=CARTESIAN_POINT('',(-6.275E0,-7.E-1,-5.32E0));
#3269=VERTEX_POINT('',#3268);
#3270=CARTESIAN_POINT('',(6.95E0,7.5E-1,-3.85E0));
#3271=VERTEX_POINT('',#3270);
#3272=CARTESIAN_POINT('',(-6.95E0,7.5E-1,-3.85E0));
#3273=VERTEX_POINT('',#3272);
#3274=CARTESIAN_POINT('',(-6.75E0,7.5E-1,-4.1E0));
#3275=CARTESIAN_POINT('',(-6.75E0,7.5E-1,-4.5E0));
#3276=VERTEX_POINT('',#3274);
#3277=VERTEX_POINT('',#3275);
#3278=CARTESIAN_POINT('',(-6.65E0,6.5E-1,-4.2E0));
#3279=CARTESIAN_POINT('',(-6.65E0,6.5E-1,-4.4E0));
#3280=VERTEX_POINT('',#3278);
#3281=VERTEX_POINT('',#3279);
#3282=CARTESIAN_POINT('',(-6.55E0,6.5E-1,-4.2E0));
#3283=VERTEX_POINT('',#3282);
#3284=CARTESIAN_POINT('',(-6.65E0,7.5E-1,-4.1E0));
#3285=VERTEX_POINT('',#3284);
#3286=CARTESIAN_POINT('',(-6.65E0,7.5E-1,-3.85E0));
#3287=VERTEX_POINT('',#3286);
#3288=CARTESIAN_POINT('',(-6.55E0,6.5E-1,-3.85E0));
#3289=VERTEX_POINT('',#3288);
#3290=CARTESIAN_POINT('',(6.55E0,6.5E-1,-4.2E0));
#3291=CARTESIAN_POINT('',(6.55E0,6.5E-1,-3.85E0));
#3292=VERTEX_POINT('',#3290);
#3293=VERTEX_POINT('',#3291);
#3294=CARTESIAN_POINT('',(6.65E0,7.5E-1,-4.1E0));
#3295=CARTESIAN_POINT('',(6.65E0,7.5E-1,-3.85E0));
#3296=VERTEX_POINT('',#3294);
#3297=VERTEX_POINT('',#3295);
#3298=CARTESIAN_POINT('',(6.75E0,7.5E-1,-4.1E0));
#3299=VERTEX_POINT('',#3298);
#3300=CARTESIAN_POINT('',(6.65E0,6.5E-1,-4.2E0));
#3301=VERTEX_POINT('',#3300);
#3302=CARTESIAN_POINT('',(6.65E0,6.5E-1,-4.4E0));
#3303=VERTEX_POINT('',#3302);
#3304=CARTESIAN_POINT('',(6.75E0,7.5E-1,-4.5E0));
#3305=VERTEX_POINT('',#3304);
#3306=CARTESIAN_POINT('',(-5.71E0,-2.5E0,0.E0));
#3307=CARTESIAN_POINT('',(-5.71E0,-2.5E0,-1.5E0));
#3308=VERTEX_POINT('',#3306);
#3309=VERTEX_POINT('',#3307);
#3310=CARTESIAN_POINT('',(-4.91E0,-2.5E0,-1.5E0));
#3311=VERTEX_POINT('',#3310);
#3312=CARTESIAN_POINT('',(-4.91E0,-2.5E0,0.E0));
#3313=VERTEX_POINT('',#3312);
#3314=CARTESIAN_POINT('',(5.71E0,-2.5E0,0.E0));
#3315=CARTESIAN_POINT('',(4.91E0,-2.5E0,0.E0));
#3316=VERTEX_POINT('',#3314);
#3317=VERTEX_POINT('',#3315);
#3318=CARTESIAN_POINT('',(4.91E0,-2.5E0,-1.5E0));
#3319=VERTEX_POINT('',#3318);
#3320=CARTESIAN_POINT('',(5.71E0,-2.5E0,-1.5E0));
#3321=VERTEX_POINT('',#3320);
#3322=CARTESIAN_POINT('',(-5.71E0,-2.4E0,0.E0));
#3323=CARTESIAN_POINT('',(-5.71E0,-2.4E0,-1.5E0));
#3324=VERTEX_POINT('',#3322);
#3325=VERTEX_POINT('',#3323);
#3326=CARTESIAN_POINT('',(-4.91E0,-2.4E0,-1.5E0));
#3327=VERTEX_POINT('',#3326);
#3328=CARTESIAN_POINT('',(-4.91E0,-2.4E0,0.E0));
#3329=VERTEX_POINT('',#3328);
#3330=CARTESIAN_POINT('',(4.91E0,-2.4E0,0.E0));
#3331=CARTESIAN_POINT('',(4.91E0,-2.4E0,-1.5E0));
#3332=VERTEX_POINT('',#3330);
#3333=VERTEX_POINT('',#3331);
#3334=CARTESIAN_POINT('',(5.71E0,-2.4E0,-1.5E0));
#3335=VERTEX_POINT('',#3334);
#3336=CARTESIAN_POINT('',(5.71E0,-2.4E0,0.E0));
#3337=VERTEX_POINT('',#3336);
#3338=CARTESIAN_POINT('',(4.95E0,-1.5E0,-5.9E0));
#3339=CARTESIAN_POINT('',(5.45E0,-1.5E0,-5.9E0));
#3340=VERTEX_POINT('',#3338);
#3341=VERTEX_POINT('',#3339);
#3342=CARTESIAN_POINT('',(-5.45E0,-1.5E0,-5.9E0));
#3343=CARTESIAN_POINT('',(-4.95E0,-1.5E0,-5.9E0));
#3344=VERTEX_POINT('',#3342);
#3345=VERTEX_POINT('',#3343);
#3346=CARTESIAN_POINT('',(5.45E0,-1.5E0,-5.8E0));
#3347=CARTESIAN_POINT('',(4.95E0,-1.5E0,-5.8E0));
#3348=VERTEX_POINT('',#3346);
#3349=VERTEX_POINT('',#3347);
#3350=CARTESIAN_POINT('',(-5.45E0,-1.5E0,-5.8E0));
#3351=CARTESIAN_POINT('',(-4.95E0,-1.5E0,-5.8E0));
#3352=VERTEX_POINT('',#3350);
#3353=VERTEX_POINT('',#3351);
#3354=CARTESIAN_POINT('',(5.45E0,-2.5E0,-5.9E0));
#3355=CARTESIAN_POINT('',(5.45E0,-2.5E0,-4.9E0));
#3356=VERTEX_POINT('',#3354);
#3357=VERTEX_POINT('',#3355);
#3358=CARTESIAN_POINT('',(4.95E0,-2.5E0,-4.9E0));
#3359=VERTEX_POINT('',#3358);
#3360=CARTESIAN_POINT('',(4.95E0,-2.5E0,-5.9E0));
#3361=VERTEX_POINT('',#3360);
#3362=CARTESIAN_POINT('',(-5.45E0,-2.5E0,-5.9E0));
#3363=CARTESIAN_POINT('',(-4.95E0,-2.5E0,-5.9E0));
#3364=VERTEX_POINT('',#3362);
#3365=VERTEX_POINT('',#3363);
#3366=CARTESIAN_POINT('',(-4.95E0,-2.5E0,-4.9E0));
#3367=VERTEX_POINT('',#3366);
#3368=CARTESIAN_POINT('',(-5.45E0,-2.5E0,-4.9E0));
#3369=VERTEX_POINT('',#3368);
#3370=CARTESIAN_POINT('',(5.45E0,-2.4E0,-4.9E0));
#3371=CARTESIAN_POINT('',(4.95E0,-2.4E0,-4.9E0));
#3372=VERTEX_POINT('',#3370);
#3373=VERTEX_POINT('',#3371);
#3374=CARTESIAN_POINT('',(4.95E0,-2.4E0,-5.8E0));
#3375=VERTEX_POINT('',#3374);
#3376=CARTESIAN_POINT('',(-4.95E0,-2.4E0,-5.8E0));
#3377=CARTESIAN_POINT('',(-4.95E0,-2.4E0,-4.9E0));
#3378=VERTEX_POINT('',#3376);
#3379=VERTEX_POINT('',#3377);
#3380=CARTESIAN_POINT('',(-5.45E0,-2.4E0,-4.9E0));
#3381=VERTEX_POINT('',#3380);
#3382=CARTESIAN_POINT('',(-5.45E0,-2.4E0,-5.8E0));
#3383=VERTEX_POINT('',#3382);
#3384=CARTESIAN_POINT('',(-5.865E0,1.3E0,-4.4E0));
#3385=CARTESIAN_POINT('',(-5.865E0,-1.9E0,-4.4E0));
#3386=VERTEX_POINT('',#3384);
#3387=VERTEX_POINT('',#3385);
#3388=CARTESIAN_POINT('',(5.865E0,-1.9E0,-4.4E0));
#3389=VERTEX_POINT('',#3388);
#3390=CARTESIAN_POINT('',(5.865E0,1.8E0,-4.4E0));
#3391=VERTEX_POINT('',#3390);
#3392=CARTESIAN_POINT('',(5.235E0,1.8E0,-4.4E0));
#3393=VERTEX_POINT('',#3392);
#3394=CARTESIAN_POINT('',(5.235E0,5.E-1,-4.4E0));
#3395=VERTEX_POINT('',#3394);
#3396=CARTESIAN_POINT('',(-5.235E0,5.E-1,-4.4E0));
#3397=CARTESIAN_POINT('',(-5.235E0,1.3E0,-4.4E0));
#3398=VERTEX_POINT('',#3396);
#3399=VERTEX_POINT('',#3397);
#3400=CARTESIAN_POINT('',(5.235E0,5.E-1,-2.E-1));
#3401=CARTESIAN_POINT('',(5.035E0,5.E-1,0.E0));
#3402=VERTEX_POINT('',#3400);
#3403=VERTEX_POINT('',#3401);
#3404=CARTESIAN_POINT('',(5.035E0,2.E0,0.E0));
#3405=VERTEX_POINT('',#3404);
#3406=CARTESIAN_POINT('',(5.235E0,1.8E0,-2.E-1));
#3407=VERTEX_POINT('',#3406);
#3408=CARTESIAN_POINT('',(5.865E0,1.8E0,-2.E-1));
#3409=VERTEX_POINT('',#3408);
#3410=CARTESIAN_POINT('',(-5.865E0,1.3E0,-2.E-1));
#3411=CARTESIAN_POINT('',(-5.235E0,1.3E0,-2.E-1));
#3412=VERTEX_POINT('',#3410);
#3413=VERTEX_POINT('',#3411);
#3414=CARTESIAN_POINT('',(-5.035E0,5.E-1,0.E0));
#3415=CARTESIAN_POINT('',(-5.235E0,5.E-1,-2.E-1));
#3416=VERTEX_POINT('',#3414);
#3417=VERTEX_POINT('',#3415);
#3418=CARTESIAN_POINT('',(-5.035E0,1.5E0,0.E0));
#3419=VERTEX_POINT('',#3418);
#3420=CARTESIAN_POINT('',(-5.865E0,1.35E0,-1.5E-1));
#3421=CARTESIAN_POINT('',(-5.865E0,-1.9E0,-1.5E-1));
#3422=VERTEX_POINT('',#3420);
#3423=VERTEX_POINT('',#3421);
#3424=CARTESIAN_POINT('',(-5.951602540378E0,1.5E0,0.E0));
#3425=CARTESIAN_POINT('',(-5.951602540378E0,-1.986602540378E0,0.E0));
#3426=VERTEX_POINT('',#3424);
#3427=VERTEX_POINT('',#3425);
#3428=CARTESIAN_POINT('',(5.951602540378E0,-1.986602540378E0,0.E0));
#3429=VERTEX_POINT('',#3428);
#3430=CARTESIAN_POINT('',(5.865E0,-1.9E0,-1.5E-1));
#3431=VERTEX_POINT('',#3430);
#3432=CARTESIAN_POINT('',(5.951602540378E0,2.E0,0.E0));
#3433=VERTEX_POINT('',#3432);
#3434=CARTESIAN_POINT('',(5.865E0,1.85E0,-1.5E-1));
#3435=VERTEX_POINT('',#3434);
#3436=CARTESIAN_POINT('',(4.425E0,1.825E0,-4.4E0));
#3437=CARTESIAN_POINT('',(-4.425E0,1.825E0,-4.4E0));
#3438=VERTEX_POINT('',#3436);
#3439=VERTEX_POINT('',#3437);
#3440=CARTESIAN_POINT('',(4.425E0,5.E-1,0.E0));
#3441=CARTESIAN_POINT('',(4.425E0,1.825E0,0.E0));
#3442=VERTEX_POINT('',#3440);
#3443=VERTEX_POINT('',#3441);
#3444=CARTESIAN_POINT('',(-4.425E0,1.825E0,0.E0));
#3445=CARTESIAN_POINT('',(-4.425E0,5.E-1,0.E0));
#3446=VERTEX_POINT('',#3444);
#3447=VERTEX_POINT('',#3445);
#3448=CARTESIAN_POINT('',(4.425E0,5.E-1,-4.4E0));
#3449=VERTEX_POINT('',#3448);
#3450=CARTESIAN_POINT('',(-4.425E0,5.E-1,-4.4E0));
#3451=VERTEX_POINT('',#3450);
#3452=CARTESIAN_POINT('',(-1.885E0,1.525E0,0.E0));
#3453=CARTESIAN_POINT('',(-1.885E0,1.525E0,-7.5E-1));
#3454=VERTEX_POINT('',#3452);
#3455=VERTEX_POINT('',#3453);
#3456=CARTESIAN_POINT('',(1.885E0,1.525E0,0.E0));
#3457=CARTESIAN_POINT('',(1.885E0,1.525E0,-7.5E-1));
#3458=VERTEX_POINT('',#3456);
#3459=VERTEX_POINT('',#3457);
#3460=CARTESIAN_POINT('',(1.885E0,1.825E0,0.E0));
#3461=VERTEX_POINT('',#3460);
#3462=CARTESIAN_POINT('',(-1.885E0,1.825E0,0.E0));
#3463=VERTEX_POINT('',#3462);
#3464=CARTESIAN_POINT('',(-1.885E0,1.825E0,-8.330415196484E-1));
#3465=CARTESIAN_POINT('',(1.885E0,1.825E0,-8.330415196484E-1));
#3466=VERTEX_POINT('',#3464);
#3467=VERTEX_POINT('',#3465);
#3468=CARTESIAN_POINT('',(-1.885E0,1.716365699267E0,-7.334149727302E-1));
#3469=CARTESIAN_POINT('',(1.885E0,1.716365699267E0,-7.334149727302E-1));
#3470=VERTEX_POINT('',#3468);
#3471=VERTEX_POINT('',#3469);
#3472=CARTESIAN_POINT('',(-4.65E0,-2.4E0,-5.8E0));
#3473=CARTESIAN_POINT('',(-4.65E0,-2.4E0,-5.561930279495E0));
#3474=VERTEX_POINT('',#3472);
#3475=VERTEX_POINT('',#3473);
#3476=CARTESIAN_POINT('',(-4.35E0,-2.4E0,-5.8E0));
#3477=CARTESIAN_POINT('',(-4.35E0,-2.4E0,-5.561930279495E0));
#3478=VERTEX_POINT('',#3476);
#3479=VERTEX_POINT('',#3477);
#3480=CARTESIAN_POINT('',(-4.65E0,-5.5E-1,-4.4E0));
#3481=CARTESIAN_POINT('',(-4.65E0,-2.5E-1,-4.4E0));
#3482=VERTEX_POINT('',#3480);
#3483=VERTEX_POINT('',#3481);
#3484=CARTESIAN_POINT('',(-4.35E0,-5.5E-1,-4.4E0));
#3485=CARTESIAN_POINT('',(-4.35E0,-2.5E-1,-4.4E0));
#3486=VERTEX_POINT('',#3484);
#3487=VERTEX_POINT('',#3485);
#3488=CARTESIAN_POINT('',(-4.65E0,-6.918191770586E-1,-5.8E0));
#3489=VERTEX_POINT('',#3488);
#3490=CARTESIAN_POINT('',(-4.35E0,-6.918191770586E-1,-5.8E0));
#3491=VERTEX_POINT('',#3490);
#3492=CARTESIAN_POINT('',(-3.15E0,-2.4E0,-5.8E0));
#3493=CARTESIAN_POINT('',(-3.15E0,-6.918191770586E-1,-5.8E0));
#3494=VERTEX_POINT('',#3492);
#3495=VERTEX_POINT('',#3493);
#3496=CARTESIAN_POINT('',(-2.85E0,-2.4E0,-5.8E0));
#3497=CARTESIAN_POINT('',(-2.85E0,-6.918191770586E-1,-5.8E0));
#3498=VERTEX_POINT('',#3496);
#3499=VERTEX_POINT('',#3497);
#3500=CARTESIAN_POINT('',(-3.15E0,-2.4E0,-5.561930279495E0));
#3501=VERTEX_POINT('',#3500);
#3502=CARTESIAN_POINT('',(-2.85E0,-2.4E0,-5.561930279495E0));
#3503=VERTEX_POINT('',#3502);
#3504=CARTESIAN_POINT('',(-3.15E0,-5.5E-1,-4.4E0));
#3505=CARTESIAN_POINT('',(-3.15E0,-2.5E-1,-4.4E0));
#3506=VERTEX_POINT('',#3504);
#3507=VERTEX_POINT('',#3505);
#3508=CARTESIAN_POINT('',(-2.85E0,-5.5E-1,-4.4E0));
#3509=CARTESIAN_POINT('',(-2.85E0,-2.5E-1,-4.4E0));
#3510=VERTEX_POINT('',#3508);
#3511=VERTEX_POINT('',#3509);
#3512=CARTESIAN_POINT('',(-1.65E0,-2.4E0,-5.8E0));
#3513=CARTESIAN_POINT('',(-1.65E0,-6.918191770586E-1,-5.8E0));
#3514=VERTEX_POINT('',#3512);
#3515=VERTEX_POINT('',#3513);
#3516=CARTESIAN_POINT('',(-1.35E0,-2.4E0,-5.8E0));
#3517=CARTESIAN_POINT('',(-1.35E0,-6.918191770586E-1,-5.8E0));
#3518=VERTEX_POINT('',#3516);
#3519=VERTEX_POINT('',#3517);
#3520=CARTESIAN_POINT('',(-1.65E0,-2.4E0,-5.561930279495E0));
#3521=VERTEX_POINT('',#3520);
#3522=CARTESIAN_POINT('',(-1.35E0,-2.4E0,-5.561930279495E0));
#3523=VERTEX_POINT('',#3522);
#3524=CARTESIAN_POINT('',(-1.65E0,-5.5E-1,-4.4E0));
#3525=CARTESIAN_POINT('',(-1.65E0,-2.5E-1,-4.4E0));
#3526=VERTEX_POINT('',#3524);
#3527=VERTEX_POINT('',#3525);
#3528=CARTESIAN_POINT('',(-1.35E0,-5.5E-1,-4.4E0));
#3529=CARTESIAN_POINT('',(-1.35E0,-2.5E-1,-4.4E0));
#3530=VERTEX_POINT('',#3528);
#3531=VERTEX_POINT('',#3529);
#3532=CARTESIAN_POINT('',(-1.5E-1,-2.4E0,-5.8E0));
#3533=CARTESIAN_POINT('',(-1.5E-1,-6.918191770586E-1,-5.8E0));
#3534=VERTEX_POINT('',#3532);
#3535=VERTEX_POINT('',#3533);
#3536=CARTESIAN_POINT('',(1.5E-1,-2.4E0,-5.8E0));
#3537=CARTESIAN_POINT('',(1.5E-1,-6.918191770586E-1,-5.8E0));
#3538=VERTEX_POINT('',#3536);
#3539=VERTEX_POINT('',#3537);
#3540=CARTESIAN_POINT('',(-1.5E-1,-2.4E0,-5.561930279495E0));
#3541=VERTEX_POINT('',#3540);
#3542=CARTESIAN_POINT('',(1.5E-1,-2.4E0,-5.561930279495E0));
#3543=VERTEX_POINT('',#3542);
#3544=CARTESIAN_POINT('',(-1.5E-1,-5.5E-1,-4.4E0));
#3545=CARTESIAN_POINT('',(-1.5E-1,-2.5E-1,-4.4E0));
#3546=VERTEX_POINT('',#3544);
#3547=VERTEX_POINT('',#3545);
#3548=CARTESIAN_POINT('',(1.5E-1,-5.5E-1,-4.4E0));
#3549=CARTESIAN_POINT('',(1.5E-1,-2.5E-1,-4.4E0));
#3550=VERTEX_POINT('',#3548);
#3551=VERTEX_POINT('',#3549);
#3552=CARTESIAN_POINT('',(1.35E0,-2.4E0,-5.8E0));
#3553=CARTESIAN_POINT('',(1.35E0,-6.918191770586E-1,-5.8E0));
#3554=VERTEX_POINT('',#3552);
#3555=VERTEX_POINT('',#3553);
#3556=CARTESIAN_POINT('',(1.65E0,-2.4E0,-5.8E0));
#3557=CARTESIAN_POINT('',(1.65E0,-6.918191770586E-1,-5.8E0));
#3558=VERTEX_POINT('',#3556);
#3559=VERTEX_POINT('',#3557);
#3560=CARTESIAN_POINT('',(1.35E0,-2.4E0,-5.561930279495E0));
#3561=VERTEX_POINT('',#3560);
#3562=CARTESIAN_POINT('',(1.65E0,-2.4E0,-5.561930279495E0));
#3563=VERTEX_POINT('',#3562);
#3564=CARTESIAN_POINT('',(1.35E0,-5.5E-1,-4.4E0));
#3565=CARTESIAN_POINT('',(1.35E0,-2.5E-1,-4.4E0));
#3566=VERTEX_POINT('',#3564);
#3567=VERTEX_POINT('',#3565);
#3568=CARTESIAN_POINT('',(1.65E0,-5.5E-1,-4.4E0));
#3569=CARTESIAN_POINT('',(1.65E0,-2.5E-1,-4.4E0));
#3570=VERTEX_POINT('',#3568);
#3571=VERTEX_POINT('',#3569);
#3572=CARTESIAN_POINT('',(-6.175E0,2.4E0,-4.4E0));
#3573=CARTESIAN_POINT('',(-6.275E0,2.1E0,-4.4E0));
#3574=VERTEX_POINT('',#3572);
#3575=VERTEX_POINT('',#3573);
#3576=CARTESIAN_POINT('',(-6.275E0,2.1E0,-4.2E0));
#3577=CARTESIAN_POINT('',(-6.275E0,2.1E0,-3.85E0));
#3578=VERTEX_POINT('',#3576);
#3579=VERTEX_POINT('',#3577);
#3580=CARTESIAN_POINT('',(-6.175E0,2.4E0,-4.2E0));
#3581=VERTEX_POINT('',#3580);
#3582=CARTESIAN_POINT('',(-6.175E0,2.4E0,-3.75E0));
#3583=VERTEX_POINT('',#3582);
#3584=CARTESIAN_POINT('',(6.275E0,2.1E0,-3.85E0));
#3585=CARTESIAN_POINT('',(6.275E0,2.1E0,-4.2E0));
#3586=VERTEX_POINT('',#3584);
#3587=VERTEX_POINT('',#3585);
#3588=CARTESIAN_POINT('',(6.175E0,2.4E0,-3.75E0));
#3589=CARTESIAN_POINT('',(6.175E0,2.4E0,-4.2E0));
#3590=VERTEX_POINT('',#3588);
#3591=VERTEX_POINT('',#3589);
#3592=CARTESIAN_POINT('',(6.175E0,2.4E0,-4.4E0));
#3593=VERTEX_POINT('',#3592);
#3594=CARTESIAN_POINT('',(-6.275E0,1.55E0,-5.55E0));
#3595=CARTESIAN_POINT('',(-6.625E0,1.55E0,-5.9E0));
#3596=VERTEX_POINT('',#3594);
#3597=VERTEX_POINT('',#3595);
#3598=CARTESIAN_POINT('',(-6.625E0,1.55E0,-5.65E0));
#3599=CARTESIAN_POINT('',(-6.525E0,1.55E0,-5.55E0));
#3600=VERTEX_POINT('',#3598);
#3601=VERTEX_POINT('',#3599);
#3602=CARTESIAN_POINT('',(6.525E0,1.55E0,-5.55E0));
#3603=CARTESIAN_POINT('',(6.625E0,1.55E0,-5.65E0));
#3604=VERTEX_POINT('',#3602);
#3605=VERTEX_POINT('',#3603);
#3606=CARTESIAN_POINT('',(6.625E0,1.55E0,-5.9E0));
#3607=CARTESIAN_POINT('',(6.275E0,1.55E0,-5.55E0));
#3608=VERTEX_POINT('',#3606);
#3609=VERTEX_POINT('',#3607);
#3610=CARTESIAN_POINT('',(-6.275E0,-4.5E-1,-5.55E0));
#3611=CARTESIAN_POINT('',(-6.625E0,-4.5E-1,-5.9E0));
#3612=VERTEX_POINT('',#3610);
#3613=VERTEX_POINT('',#3611);
#3614=CARTESIAN_POINT('',(-6.625E0,-4.5E-1,-5.65E0));
#3615=CARTESIAN_POINT('',(-6.525E0,-4.5E-1,-5.55E0));
#3616=VERTEX_POINT('',#3614);
#3617=VERTEX_POINT('',#3615);
#3618=CARTESIAN_POINT('',(6.525E0,-4.5E-1,-5.55E0));
#3619=CARTESIAN_POINT('',(6.625E0,-4.5E-1,-5.65E0));
#3620=VERTEX_POINT('',#3618);
#3621=VERTEX_POINT('',#3619);
#3622=CARTESIAN_POINT('',(6.625E0,-4.5E-1,-5.9E0));
#3623=CARTESIAN_POINT('',(6.275E0,-4.5E-1,-5.55E0));
#3624=VERTEX_POINT('',#3622);
#3625=VERTEX_POINT('',#3623);
#3626=CARTESIAN_POINT('',(6.275E0,1.55E0,-5.42E0));
#3627=CARTESIAN_POINT('',(6.275E0,1.55E0,-4.4E0));
#3628=VERTEX_POINT('',#3626);
#3629=VERTEX_POINT('',#3627);
#3630=CARTESIAN_POINT('',(6.275E0,1.55E0,-4.2E0));
#3631=CARTESIAN_POINT('',(6.275E0,1.55E0,-3.85E0));
#3632=VERTEX_POINT('',#3630);
#3633=VERTEX_POINT('',#3631);
#3634=CARTESIAN_POINT('',(6.275E0,-4.5E-1,-5.42E0));
#3635=CARTESIAN_POINT('',(6.275E0,-4.5E-1,-4.9E0));
#3636=VERTEX_POINT('',#3634);
#3637=VERTEX_POINT('',#3635);
#3638=CARTESIAN_POINT('',(6.525E0,1.55E0,-3.85E0));
#3639=VERTEX_POINT('',#3638);
#3640=CARTESIAN_POINT('',(6.525E0,7.5E-1,-4.5E0));
#3641=CARTESIAN_POINT('',(6.525E0,7.5E-1,-4.8E0));
#3642=VERTEX_POINT('',#3640);
#3643=VERTEX_POINT('',#3641);
#3644=CARTESIAN_POINT('',(6.525E0,-4.5E-1,-4.9E0));
#3645=VERTEX_POINT('',#3644);
#3646=CARTESIAN_POINT('',(6.525E0,6.5E-1,-4.9E0));
#3647=VERTEX_POINT('',#3646);
#3648=CARTESIAN_POINT('',(-6.275E0,1.55E0,-5.42E0));
#3649=CARTESIAN_POINT('',(-6.275E0,1.55E0,-4.4E0));
#3650=VERTEX_POINT('',#3648);
#3651=VERTEX_POINT('',#3649);
#3652=CARTESIAN_POINT('',(-6.275E0,1.55E0,-4.2E0));
#3653=CARTESIAN_POINT('',(-6.275E0,1.55E0,-3.85E0));
#3654=VERTEX_POINT('',#3652);
#3655=VERTEX_POINT('',#3653);
#3656=CARTESIAN_POINT('',(-6.275E0,-4.5E-1,-5.42E0));
#3657=CARTESIAN_POINT('',(-6.275E0,-4.5E-1,-4.9E0));
#3658=VERTEX_POINT('',#3656);
#3659=VERTEX_POINT('',#3657);
#3660=CARTESIAN_POINT('',(-6.525E0,7.5E-1,-4.8E0));
#3661=CARTESIAN_POINT('',(-6.525E0,7.5E-1,-4.5E0));
#3662=VERTEX_POINT('',#3660);
#3663=VERTEX_POINT('',#3661);
#3664=CARTESIAN_POINT('',(-6.525E0,1.55E0,-3.85E0));
#3665=VERTEX_POINT('',#3664);
#3666=CARTESIAN_POINT('',(-6.525E0,-4.5E-1,-4.9E0));
#3667=VERTEX_POINT('',#3666);
#3668=CARTESIAN_POINT('',(-6.525E0,6.5E-1,-4.9E0));
#3669=VERTEX_POINT('',#3668);
#3670=CARTESIAN_POINT('',(-6.525E0,6.5E-1,-4.4E0));
#3671=VERTEX_POINT('',#3670);
#3672=CARTESIAN_POINT('',(6.525E0,6.5E-1,-4.4E0));
#3673=VERTEX_POINT('',#3672);
#3674=CARTESIAN_POINT('',(6.275E0,2.1E0,-4.4E0));
#3675=VERTEX_POINT('',#3674);
#3676=CARTESIAN_POINT('',(6.825E0,1.55E0,-5.9E0));
#3677=CARTESIAN_POINT('',(7.125E0,1.25E0,-5.9E0));
#3678=VERTEX_POINT('',#3676);
#3679=VERTEX_POINT('',#3677);
#3680=CARTESIAN_POINT('',(7.125E0,1.25E0,-5.65E0));
#3681=VERTEX_POINT('',#3680);
#3682=CARTESIAN_POINT('',(6.825E0,1.55E0,-5.65E0));
#3683=VERTEX_POINT('',#3682);
#3684=CARTESIAN_POINT('',(6.825E0,-4.5E-1,-5.65E0));
#3685=CARTESIAN_POINT('',(7.125E0,-1.5E-1,-5.65E0));
#3686=VERTEX_POINT('',#3684);
#3687=VERTEX_POINT('',#3685);
#3688=CARTESIAN_POINT('',(7.125E0,-1.5E-1,-5.9E0));
#3689=VERTEX_POINT('',#3688);
#3690=CARTESIAN_POINT('',(6.825E0,-4.5E-1,-5.9E0));
#3691=VERTEX_POINT('',#3690);
#3692=CARTESIAN_POINT('',(-6.825E0,1.55E0,-5.65E0));
#3693=CARTESIAN_POINT('',(-7.125E0,1.25E0,-5.65E0));
#3694=VERTEX_POINT('',#3692);
#3695=VERTEX_POINT('',#3693);
#3696=CARTESIAN_POINT('',(-7.125E0,1.25E0,-5.9E0));
#3697=VERTEX_POINT('',#3696);
#3698=CARTESIAN_POINT('',(-6.825E0,1.55E0,-5.9E0));
#3699=VERTEX_POINT('',#3698);
#3700=CARTESIAN_POINT('',(-6.825E0,-4.5E-1,-5.9E0));
#3701=CARTESIAN_POINT('',(-7.125E0,-1.5E-1,-5.9E0));
#3702=VERTEX_POINT('',#3700);
#3703=VERTEX_POINT('',#3701);
#3704=CARTESIAN_POINT('',(-7.125E0,-1.5E-1,-5.65E0));
#3705=VERTEX_POINT('',#3704);
#3706=CARTESIAN_POINT('',(-6.825E0,-4.5E-1,-5.65E0));
#3707=VERTEX_POINT('',#3706);
#3708=CARTESIAN_POINT('',(6.95E0,2.1E0,-3.85E0));
#3709=CARTESIAN_POINT('',(6.95E0,2.4E0,-3.75E0));
#3710=VERTEX_POINT('',#3708);
#3711=VERTEX_POINT('',#3709);
#3712=CARTESIAN_POINT('',(-6.95E0,2.4E0,-3.75E0));
#3713=CARTESIAN_POINT('',(-6.95E0,2.1E0,-3.85E0));
#3714=VERTEX_POINT('',#3712);
#3715=VERTEX_POINT('',#3713);
#3716=CARTESIAN_POINT('',(-5.895E0,2.4E0,-5.8E0));
#3717=CARTESIAN_POINT('',(-6.175E0,2.4E0,-5.52E0));
#3718=VERTEX_POINT('',#3716);
#3719=VERTEX_POINT('',#3717);
#3720=CARTESIAN_POINT('',(-6.275E0,2.1E0,-5.42E0));
#3721=VERTEX_POINT('',#3720);
#3722=CARTESIAN_POINT('',(-5.895E0,-6.E-1,-5.8E0));
#3723=VERTEX_POINT('',#3722);
#3724=CARTESIAN_POINT('',(6.275E0,2.1E0,-5.42E0));
#3725=CARTESIAN_POINT('',(6.175E0,2.4E0,-5.52E0));
#3726=VERTEX_POINT('',#3724);
#3727=VERTEX_POINT('',#3725);
#3728=CARTESIAN_POINT('',(5.895E0,2.4E0,-5.8E0));
#3729=VERTEX_POINT('',#3728);
#3730=CARTESIAN_POINT('',(5.895E0,-6.E-1,-5.8E0));
#3731=VERTEX_POINT('',#3730);
#3732=CARTESIAN_POINT('',(6.275E0,-6.E-1,-5.42E0));
#3733=VERTEX_POINT('',#3732);
#3734=CARTESIAN_POINT('',(-6.275E0,-6.E-1,-5.42E0));
#3735=VERTEX_POINT('',#3734);
#3736=CARTESIAN_POINT('',(2.85E0,-2.4E0,-5.8E0));
#3737=CARTESIAN_POINT('',(2.85E0,-6.918191770586E-1,-5.8E0));
#3738=VERTEX_POINT('',#3736);
#3739=VERTEX_POINT('',#3737);
#3740=CARTESIAN_POINT('',(3.15E0,-2.4E0,-5.8E0));
#3741=CARTESIAN_POINT('',(3.15E0,-6.918191770586E-1,-5.8E0));
#3742=VERTEX_POINT('',#3740);
#3743=VERTEX_POINT('',#3741);
#3744=CARTESIAN_POINT('',(2.85E0,-2.4E0,-5.561930279495E0));
#3745=VERTEX_POINT('',#3744);
#3746=CARTESIAN_POINT('',(3.15E0,-2.4E0,-5.561930279495E0));
#3747=VERTEX_POINT('',#3746);
#3748=CARTESIAN_POINT('',(2.85E0,-5.5E-1,-4.4E0));
#3749=CARTESIAN_POINT('',(2.85E0,-2.5E-1,-4.4E0));
#3750=VERTEX_POINT('',#3748);
#3751=VERTEX_POINT('',#3749);
#3752=CARTESIAN_POINT('',(3.15E0,-5.5E-1,-4.4E0));
#3753=CARTESIAN_POINT('',(3.15E0,-2.5E-1,-4.4E0));
#3754=VERTEX_POINT('',#3752);
#3755=VERTEX_POINT('',#3753);
#3756=CARTESIAN_POINT('',(4.35E0,-2.4E0,-5.8E0));
#3757=CARTESIAN_POINT('',(4.35E0,-6.918191770586E-1,-5.8E0));
#3758=VERTEX_POINT('',#3756);
#3759=VERTEX_POINT('',#3757);
#3760=CARTESIAN_POINT('',(4.65E0,-2.4E0,-5.8E0));
#3761=CARTESIAN_POINT('',(4.65E0,-6.918191770586E-1,-5.8E0));
#3762=VERTEX_POINT('',#3760);
#3763=VERTEX_POINT('',#3761);
#3764=CARTESIAN_POINT('',(4.35E0,-2.4E0,-5.561930279495E0));
#3765=VERTEX_POINT('',#3764);
#3766=CARTESIAN_POINT('',(4.65E0,-2.4E0,-5.561930279495E0));
#3767=VERTEX_POINT('',#3766);
#3768=CARTESIAN_POINT('',(4.35E0,-5.5E-1,-4.4E0));
#3769=CARTESIAN_POINT('',(4.35E0,-2.5E-1,-4.4E0));
#3770=VERTEX_POINT('',#3768);
#3771=VERTEX_POINT('',#3769);
#3772=CARTESIAN_POINT('',(4.65E0,-5.5E-1,-4.4E0));
#3773=CARTESIAN_POINT('',(4.65E0,-2.5E-1,-4.4E0));
#3774=VERTEX_POINT('',#3772);
#3775=VERTEX_POINT('',#3773);
#3776=CARTESIAN_POINT('',(-6.275E0,-1.5E0,-2.65E0));
#3777=CARTESIAN_POINT('',(-6.55E0,-1.5E0,-2.65E0));
#3778=VERTEX_POINT('',#3776);
#3779=VERTEX_POINT('',#3777);
#3780=CARTESIAN_POINT('',(-6.55E0,-1.92E0,-2.65E0));
#3781=VERTEX_POINT('',#3780);
#3782=CARTESIAN_POINT('',(-6.275E0,-1.92E0,-2.65E0));
#3783=VERTEX_POINT('',#3782);
#3784=CARTESIAN_POINT('',(-6.175E0,-1.E0,-2.65E0));
#3785=CARTESIAN_POINT('',(-6.175E0,-8.E-1,-2.65E0));
#3786=VERTEX_POINT('',#3784);
#3787=VERTEX_POINT('',#3785);
#3788=CARTESIAN_POINT('',(-6.275E0,-8.E-1,-2.65E0));
#3789=VERTEX_POINT('',#3788);
#3790=CARTESIAN_POINT('',(-6.275E0,-4.5E-1,-2.65E0));
#3791=VERTEX_POINT('',#3790);
#3792=CARTESIAN_POINT('',(-6.55E0,-4.5E-1,-2.65E0));
#3793=VERTEX_POINT('',#3792);
#3794=CARTESIAN_POINT('',(6.65E0,-1.E0,-2.65E0));
#3795=CARTESIAN_POINT('',(6.65E0,-8.E-1,-2.65E0));
#3796=VERTEX_POINT('',#3794);
#3797=VERTEX_POINT('',#3795);
#3798=CARTESIAN_POINT('',(6.65E0,-8.E-1,-9.E-1));
#3799=VERTEX_POINT('',#3798);
#3800=CARTESIAN_POINT('',(6.75E0,-7.E-1,-8.E-1));
#3801=VERTEX_POINT('',#3800);
#3802=CARTESIAN_POINT('',(-6.275E0,-1.E0,-9.E-1));
#3803=VERTEX_POINT('',#3802);
#3804=CARTESIAN_POINT('',(-6.55E0,-4.5E-1,-9.E-1));
#3805=VERTEX_POINT('',#3804);
#3806=CARTESIAN_POINT('',(-6.55E0,-1.92E0,-2.25E0));
#3807=CARTESIAN_POINT('',(-6.55E0,-1.5E0,-2.25E0));
#3808=VERTEX_POINT('',#3806);
#3809=VERTEX_POINT('',#3807);
#3810=CARTESIAN_POINT('',(-6.65E0,-2.02E0,-2.15E0));
#3811=VERTEX_POINT('',#3810);
#3812=CARTESIAN_POINT('',(-6.275E0,-1.92E0,-2.25E0));
#3813=VERTEX_POINT('',#3812);
#3814=CARTESIAN_POINT('',(-4.40625E0,-1.8E0,-4.39E0));
#3815=CARTESIAN_POINT('',(-4.40625E0,-1.05E0,-4.39E0));
#3816=VERTEX_POINT('',#3814);
#3817=VERTEX_POINT('',#3815);
#3818=CARTESIAN_POINT('',(-4.5E0,-1.05E0,-4.39E0));
#3819=VERTEX_POINT('',#3818);
#3820=CARTESIAN_POINT('',(-4.59375E0,-1.161702114344E0,-4.39E0));
#3821=VERTEX_POINT('',#3820);
#3822=CARTESIAN_POINT('',(-4.59375E0,-1.289361718297E0,-4.39E0));
#3823=VERTEX_POINT('',#3822);
#3824=CARTESIAN_POINT('',(-4.5E0,-1.177659559250E0,-4.39E0));
#3825=VERTEX_POINT('',#3824);
#3826=CARTESIAN_POINT('',(-4.5E0,-1.8E0,-4.39E0));
#3827=VERTEX_POINT('',#3826);
#3828=CARTESIAN_POINT('',(-4.40625E0,-1.8E0,-4.4E0));
#3829=CARTESIAN_POINT('',(-4.40625E0,-1.05E0,-4.4E0));
#3830=VERTEX_POINT('',#3828);
#3831=VERTEX_POINT('',#3829);
#3832=CARTESIAN_POINT('',(-4.5E0,-1.05E0,-4.4E0));
#3833=VERTEX_POINT('',#3832);
#3834=CARTESIAN_POINT('',(-4.59375E0,-1.161702114344E0,-4.4E0));
#3835=VERTEX_POINT('',#3834);
#3836=CARTESIAN_POINT('',(-4.59375E0,-1.289361718297E0,-4.4E0));
#3837=VERTEX_POINT('',#3836);
#3838=CARTESIAN_POINT('',(-4.5E0,-1.177659559250E0,-4.4E0));
#3839=VERTEX_POINT('',#3838);
#3840=CARTESIAN_POINT('',(-4.5E0,-1.8E0,-4.4E0));
#3841=VERTEX_POINT('',#3840);
#3842=CARTESIAN_POINT('',(-4.65E0,-3.265452080061E0,-5.593407839354E0));
#3843=CARTESIAN_POINT('',(-4.65E0,-3.254547919942E0,-5.893209606013E0));
#3844=VERTEX_POINT('',#3842);
#3845=VERTEX_POINT('',#3843);
#3846=CARTESIAN_POINT('',(-4.65E0,-2.5E-1,-2.1E0));
#3847=CARTESIAN_POINT('',(-4.65E0,-5.5E-1,-2.1E0));
#3848=VERTEX_POINT('',#3846);
#3849=VERTEX_POINT('',#3847);
#3850=CARTESIAN_POINT('',(-4.35E0,-3.265452080061E0,-5.593407839354E0));
#3851=CARTESIAN_POINT('',(-4.35E0,-3.254547919942E0,-5.893209606013E0));
#3852=VERTEX_POINT('',#3850);
#3853=VERTEX_POINT('',#3851);
#3854=CARTESIAN_POINT('',(-4.35E0,-2.5E-1,-2.1E0));
#3855=CARTESIAN_POINT('',(-4.35E0,-5.5E-1,-2.1E0));
#3856=VERTEX_POINT('',#3854);
#3857=VERTEX_POINT('',#3855);
#3858=CARTESIAN_POINT('',(-3.15E0,-3.265452080061E0,-5.593407839354E0));
#3859=CARTESIAN_POINT('',(-3.15E0,-3.254547919942E0,-5.893209606013E0));
#3860=VERTEX_POINT('',#3858);
#3861=VERTEX_POINT('',#3859);
#3862=CARTESIAN_POINT('',(-3.15E0,-2.5E-1,-2.1E0));
#3863=CARTESIAN_POINT('',(-3.15E0,-5.5E-1,-2.1E0));
#3864=VERTEX_POINT('',#3862);
#3865=VERTEX_POINT('',#3863);
#3866=CARTESIAN_POINT('',(-2.85E0,-3.265452080061E0,-5.593407839354E0));
#3867=CARTESIAN_POINT('',(-2.85E0,-3.254547919942E0,-5.893209606013E0));
#3868=VERTEX_POINT('',#3866);
#3869=VERTEX_POINT('',#3867);
#3870=CARTESIAN_POINT('',(-2.85E0,-2.5E-1,-2.1E0));
#3871=CARTESIAN_POINT('',(-2.85E0,-5.5E-1,-2.1E0));
#3872=VERTEX_POINT('',#3870);
#3873=VERTEX_POINT('',#3871);
#3874=CARTESIAN_POINT('',(-1.65E0,-3.265452080061E0,-5.593407839354E0));
#3875=CARTESIAN_POINT('',(-1.65E0,-3.254547919942E0,-5.893209606013E0));
#3876=VERTEX_POINT('',#3874);
#3877=VERTEX_POINT('',#3875);
#3878=CARTESIAN_POINT('',(-1.65E0,-2.5E-1,-2.1E0));
#3879=CARTESIAN_POINT('',(-1.65E0,-5.5E-1,-2.1E0));
#3880=VERTEX_POINT('',#3878);
#3881=VERTEX_POINT('',#3879);
#3882=CARTESIAN_POINT('',(-1.35E0,-3.265452080061E0,-5.593407839354E0));
#3883=CARTESIAN_POINT('',(-1.35E0,-3.254547919942E0,-5.893209606013E0));
#3884=VERTEX_POINT('',#3882);
#3885=VERTEX_POINT('',#3883);
#3886=CARTESIAN_POINT('',(-1.35E0,-2.5E-1,-2.1E0));
#3887=CARTESIAN_POINT('',(-1.35E0,-5.5E-1,-2.1E0));
#3888=VERTEX_POINT('',#3886);
#3889=VERTEX_POINT('',#3887);
#3890=CARTESIAN_POINT('',(-1.5E-1,-3.265452080061E0,-5.593407839354E0));
#3891=CARTESIAN_POINT('',(-1.5E-1,-3.254547919942E0,-5.893209606013E0));
#3892=VERTEX_POINT('',#3890);
#3893=VERTEX_POINT('',#3891);
#3894=CARTESIAN_POINT('',(-1.5E-1,-2.5E-1,-2.1E0));
#3895=CARTESIAN_POINT('',(-1.5E-1,-5.5E-1,-2.1E0));
#3896=VERTEX_POINT('',#3894);
#3897=VERTEX_POINT('',#3895);
#3898=CARTESIAN_POINT('',(1.5E-1,-3.265452080061E0,-5.593407839354E0));
#3899=CARTESIAN_POINT('',(1.5E-1,-3.254547919942E0,-5.893209606013E0));
#3900=VERTEX_POINT('',#3898);
#3901=VERTEX_POINT('',#3899);
#3902=CARTESIAN_POINT('',(1.5E-1,-2.5E-1,-2.1E0));
#3903=CARTESIAN_POINT('',(1.5E-1,-5.5E-1,-2.1E0));
#3904=VERTEX_POINT('',#3902);
#3905=VERTEX_POINT('',#3903);
#3906=CARTESIAN_POINT('',(1.35E0,-3.265452080061E0,-5.593407839354E0));
#3907=CARTESIAN_POINT('',(1.35E0,-3.254547919942E0,-5.893209606013E0));
#3908=VERTEX_POINT('',#3906);
#3909=VERTEX_POINT('',#3907);
#3910=CARTESIAN_POINT('',(1.35E0,-2.5E-1,-2.1E0));
#3911=CARTESIAN_POINT('',(1.35E0,-5.5E-1,-2.1E0));
#3912=VERTEX_POINT('',#3910);
#3913=VERTEX_POINT('',#3911);
#3914=CARTESIAN_POINT('',(1.65E0,-3.265452080061E0,-5.593407839354E0));
#3915=CARTESIAN_POINT('',(1.65E0,-3.254547919942E0,-5.893209606013E0));
#3916=VERTEX_POINT('',#3914);
#3917=VERTEX_POINT('',#3915);
#3918=CARTESIAN_POINT('',(1.65E0,-2.5E-1,-2.1E0));
#3919=CARTESIAN_POINT('',(1.65E0,-5.5E-1,-2.1E0));
#3920=VERTEX_POINT('',#3918);
#3921=VERTEX_POINT('',#3919);
#3922=CARTESIAN_POINT('',(2.85E0,-3.265452080061E0,-5.593407839354E0));
#3923=CARTESIAN_POINT('',(2.85E0,-3.254547919942E0,-5.893209606013E0));
#3924=VERTEX_POINT('',#3922);
#3925=VERTEX_POINT('',#3923);
#3926=CARTESIAN_POINT('',(2.85E0,-2.5E-1,-2.1E0));
#3927=CARTESIAN_POINT('',(2.85E0,-5.5E-1,-2.1E0));
#3928=VERTEX_POINT('',#3926);
#3929=VERTEX_POINT('',#3927);
#3930=CARTESIAN_POINT('',(3.15E0,-3.265452080061E0,-5.593407839354E0));
#3931=CARTESIAN_POINT('',(3.15E0,-3.254547919942E0,-5.893209606013E0));
#3932=VERTEX_POINT('',#3930);
#3933=VERTEX_POINT('',#3931);
#3934=CARTESIAN_POINT('',(3.15E0,-2.5E-1,-2.1E0));
#3935=CARTESIAN_POINT('',(3.15E0,-5.5E-1,-2.1E0));
#3936=VERTEX_POINT('',#3934);
#3937=VERTEX_POINT('',#3935);
#3938=CARTESIAN_POINT('',(4.35E0,-3.265452080061E0,-5.593407839354E0));
#3939=CARTESIAN_POINT('',(4.35E0,-3.254547919942E0,-5.893209606013E0));
#3940=VERTEX_POINT('',#3938);
#3941=VERTEX_POINT('',#3939);
#3942=CARTESIAN_POINT('',(4.35E0,-2.5E-1,-2.1E0));
#3943=CARTESIAN_POINT('',(4.35E0,-5.5E-1,-2.1E0));
#3944=VERTEX_POINT('',#3942);
#3945=VERTEX_POINT('',#3943);
#3946=CARTESIAN_POINT('',(4.65E0,-3.265452080061E0,-5.593407839354E0));
#3947=CARTESIAN_POINT('',(4.65E0,-3.254547919942E0,-5.893209606013E0));
#3948=VERTEX_POINT('',#3946);
#3949=VERTEX_POINT('',#3947);
#3950=CARTESIAN_POINT('',(4.65E0,-2.5E-1,-2.1E0));
#3951=CARTESIAN_POINT('',(4.65E0,-5.5E-1,-2.1E0));
#3952=VERTEX_POINT('',#3950);
#3953=VERTEX_POINT('',#3951);
#3954=CARTESIAN_POINT('',(6.525E0,-2.5E-1,-3.85E0));
#3955=CARTESIAN_POINT('',(6.55E0,-2.5E-1,-3.85E0));
#3956=VERTEX_POINT('',#3954);
#3957=VERTEX_POINT('',#3955);
#3958=CARTESIAN_POINT('',(-6.525E0,-2.5E-1,-3.85E0));
#3959=CARTESIAN_POINT('',(-6.55E0,-2.5E-1,-3.85E0));
#3960=VERTEX_POINT('',#3958);
#3961=VERTEX_POINT('',#3959);
#3962=CARTESIAN_POINT('',(-6.55E0,-2.5E-1,-4.2E0));
#3963=VERTEX_POINT('',#3962);
#3964=CARTESIAN_POINT('',(-6.65E0,-2.5E-1,-4.4E0));
#3965=CARTESIAN_POINT('',(-6.525E0,-2.5E-1,-4.4E0));
#3966=VERTEX_POINT('',#3964);
#3967=VERTEX_POINT('',#3965);
#3968=CARTESIAN_POINT('',(6.55E0,-2.5E-1,-4.2E0));
#3969=VERTEX_POINT('',#3968);
#3970=CARTESIAN_POINT('',(6.65E0,-2.5E-1,-4.2E0));
#3971=VERTEX_POINT('',#3970);
#3972=CARTESIAN_POINT('',(6.65E0,-2.5E-1,-4.4E0));
#3973=VERTEX_POINT('',#3972);
#3974=CARTESIAN_POINT('',(-6.65E0,-2.5E-1,-4.2E0));
#3975=VERTEX_POINT('',#3974);
#3976=CARTESIAN_POINT('',(-6.175E0,1.4E0,-4.4E0));
#3977=CARTESIAN_POINT('',(-6.275E0,1.4E0,-4.4E0));
#3978=VERTEX_POINT('',#3976);
#3979=VERTEX_POINT('',#3977);
#3980=CARTESIAN_POINT('',(6.175E0,1.4E0,-4.4E0));
#3981=CARTESIAN_POINT('',(6.275E0,1.4E0,-4.4E0));
#3982=VERTEX_POINT('',#3980);
#3983=VERTEX_POINT('',#3981);
#3984=CARTESIAN_POINT('',(6.175E0,1.4E0,-4.2E0));
#3985=VERTEX_POINT('',#3984);
#3986=CARTESIAN_POINT('',(6.275E0,1.4E0,-4.2E0));
#3987=VERTEX_POINT('',#3986);
#3988=CARTESIAN_POINT('',(-6.275E0,1.4E0,-4.2E0));
#3989=CARTESIAN_POINT('',(-6.175E0,1.4E0,-4.2E0));
#3990=VERTEX_POINT('',#3988);
#3991=VERTEX_POINT('',#3989);
#3992=CARTESIAN_POINT('',(6.525E0,-2.5E-1,-4.4E0));
#3993=VERTEX_POINT('',#3992);
#3994=CARTESIAN_POINT('',(5.45E0,-2.4E0,-5.8E0));
#3995=VERTEX_POINT('',#3994);
#3996=CARTESIAN_POINT('',(0.E0,0.E0,0.E0));
#3997=DIRECTION('',(0.E0,0.E0,1.E0));
#3998=DIRECTION('',(1.E0,0.E0,0.E0));
#3999=AXIS2_PLACEMENT_3D('',#3996,#3997,#3998);
#4000=PLANE('',#3999);
#4002=ORIENTED_EDGE('',*,*,#4001,.F.);
#4004=ORIENTED_EDGE('',*,*,#4003,.T.);
#4006=ORIENTED_EDGE('',*,*,#4005,.T.);
#4008=ORIENTED_EDGE('',*,*,#4007,.F.);
#4010=ORIENTED_EDGE('',*,*,#4009,.F.);
#4012=ORIENTED_EDGE('',*,*,#4011,.T.);
#4014=ORIENTED_EDGE('',*,*,#4013,.T.);
#4016=ORIENTED_EDGE('',*,*,#4015,.F.);
#4018=ORIENTED_EDGE('',*,*,#4017,.F.);
#4020=ORIENTED_EDGE('',*,*,#4019,.F.);
#4022=ORIENTED_EDGE('',*,*,#4021,.F.);
#4024=ORIENTED_EDGE('',*,*,#4023,.T.);
#4026=ORIENTED_EDGE('',*,*,#4025,.F.);
#4028=ORIENTED_EDGE('',*,*,#4027,.F.);
#4030=ORIENTED_EDGE('',*,*,#4029,.F.);
#4032=ORIENTED_EDGE('',*,*,#4031,.F.);
#4034=ORIENTED_EDGE('',*,*,#4033,.F.);
#4036=ORIENTED_EDGE('',*,*,#4035,.F.);
#4038=ORIENTED_EDGE('',*,*,#4037,.F.);
#4040=ORIENTED_EDGE('',*,*,#4039,.T.);
#4042=ORIENTED_EDGE('',*,*,#4041,.F.);
#4044=ORIENTED_EDGE('',*,*,#4043,.F.);
#4045=EDGE_LOOP('',(#4002,#4004,#4006,#4008,#4010,#4012,#4014,#4016,#4018,#4020,
#4022,#4024,#4026,#4028,#4030,#4032,#4034,#4036,#4038,#4040,#4042,#4044));
#4046=FACE_OUTER_BOUND('',#4045,.F.);
#4048=ORIENTED_EDGE('',*,*,#4047,.T.);
#4050=ORIENTED_EDGE('',*,*,#4049,.T.);
#4052=ORIENTED_EDGE('',*,*,#4051,.F.);
#4054=ORIENTED_EDGE('',*,*,#4053,.F.);
#4056=ORIENTED_EDGE('',*,*,#4055,.T.);
#4058=ORIENTED_EDGE('',*,*,#4057,.T.);
#4060=ORIENTED_EDGE('',*,*,#4059,.T.);
#4062=ORIENTED_EDGE('',*,*,#4061,.F.);
#4064=ORIENTED_EDGE('',*,*,#4063,.F.);
#4066=ORIENTED_EDGE('',*,*,#4065,.T.);
#4068=ORIENTED_EDGE('',*,*,#4067,.F.);
#4070=ORIENTED_EDGE('',*,*,#4069,.T.);
#4072=ORIENTED_EDGE('',*,*,#4071,.F.);
#4074=ORIENTED_EDGE('',*,*,#4073,.F.);
#4076=ORIENTED_EDGE('',*,*,#4075,.T.);
#4078=ORIENTED_EDGE('',*,*,#4077,.T.);
#4079=EDGE_LOOP('',(#4048,#4050,#4052,#4054,#4056,#4058,#4060,#4062,#4064,#4066,
#4068,#4070,#4072,#4074,#4076,#4078));
#4080=FACE_BOUND('',#4079,.F.);
#4082=CARTESIAN_POINT('',(-6.95E0,-2.4E0,0.E0));
#4083=DIRECTION('',(0.E0,-1.E0,0.E0));
#4084=DIRECTION('',(1.E0,0.E0,0.E0));
#4085=AXIS2_PLACEMENT_3D('',#4082,#4083,#4084);
#4086=PLANE('',#4085);
#4088=ORIENTED_EDGE('',*,*,#4087,.F.);
#4090=ORIENTED_EDGE('',*,*,#4089,.F.);
#4092=ORIENTED_EDGE('',*,*,#4091,.T.);
#4094=ORIENTED_EDGE('',*,*,#4093,.F.);
#4096=ORIENTED_EDGE('',*,*,#4095,.F.);
#4098=ORIENTED_EDGE('',*,*,#4097,.F.);
#4100=ORIENTED_EDGE('',*,*,#4099,.T.);
#4102=ORIENTED_EDGE('',*,*,#4101,.F.);
#4104=ORIENTED_EDGE('',*,*,#4103,.F.);
#4106=ORIENTED_EDGE('',*,*,#4105,.F.);
#4108=ORIENTED_EDGE('',*,*,#4107,.T.);
#4110=ORIENTED_EDGE('',*,*,#4109,.F.);
#4112=ORIENTED_EDGE('',*,*,#4111,.F.);
#4114=ORIENTED_EDGE('',*,*,#4113,.F.);
#4116=ORIENTED_EDGE('',*,*,#4115,.T.);
#4118=ORIENTED_EDGE('',*,*,#4117,.F.);
#4120=ORIENTED_EDGE('',*,*,#4119,.F.);
#4122=ORIENTED_EDGE('',*,*,#4121,.F.);
#4124=ORIENTED_EDGE('',*,*,#4123,.T.);
#4126=ORIENTED_EDGE('',*,*,#4125,.F.);
#4128=ORIENTED_EDGE('',*,*,#4127,.F.);
#4130=ORIENTED_EDGE('',*,*,#4129,.F.);
#4132=ORIENTED_EDGE('',*,*,#4131,.T.);
#4134=ORIENTED_EDGE('',*,*,#4133,.F.);
#4136=ORIENTED_EDGE('',*,*,#4135,.F.);
#4138=ORIENTED_EDGE('',*,*,#4137,.F.);
#4140=ORIENTED_EDGE('',*,*,#4139,.T.);
#4142=ORIENTED_EDGE('',*,*,#4141,.F.);
#4144=ORIENTED_EDGE('',*,*,#4143,.F.);
#4146=ORIENTED_EDGE('',*,*,#4145,.F.);
#4148=ORIENTED_EDGE('',*,*,#4147,.F.);
#4150=ORIENTED_EDGE('',*,*,#4149,.F.);
#4152=ORIENTED_EDGE('',*,*,#4151,.F.);
#4153=ORIENTED_EDGE('',*,*,#4017,.T.);
#4155=ORIENTED_EDGE('',*,*,#4154,.T.);
#4157=ORIENTED_EDGE('',*,*,#4156,.T.);
#4159=ORIENTED_EDGE('',*,*,#4158,.F.);
#4160=ORIENTED_EDGE('',*,*,#4009,.T.);
#4162=ORIENTED_EDGE('',*,*,#4161,.T.);
#4164=ORIENTED_EDGE('',*,*,#4163,.T.);
#4166=ORIENTED_EDGE('',*,*,#4165,.F.);
#4167=ORIENTED_EDGE('',*,*,#4001,.T.);
#4169=ORIENTED_EDGE('',*,*,#4168,.F.);
#4171=ORIENTED_EDGE('',*,*,#4170,.F.);
#4173=ORIENTED_EDGE('',*,*,#4172,.T.);
#4175=ORIENTED_EDGE('',*,*,#4174,.F.);
#4177=ORIENTED_EDGE('',*,*,#4176,.T.);
#4179=ORIENTED_EDGE('',*,*,#4178,.T.);
#4181=ORIENTED_EDGE('',*,*,#4180,.F.);
#4183=ORIENTED_EDGE('',*,*,#4182,.F.);
#4185=ORIENTED_EDGE('',*,*,#4184,.T.);
#4187=ORIENTED_EDGE('',*,*,#4186,.F.);
#4188=EDGE_LOOP('',(#4088,#4090,#4092,#4094,#4096,#4098,#4100,#4102,#4104,#4106,
#4108,#4110,#4112,#4114,#4116,#4118,#4120,#4122,#4124,#4126,#4128,#4130,#4132,
#4134,#4136,#4138,#4140,#4142,#4144,#4146,#4148,#4150,#4152,#4153,#4155,#4157,
#4159,#4160,#4162,#4164,#4166,#4167,#4169,#4171,#4173,#4175,#4177,#4179,#4181,
#4183,#4185,#4187));
#4189=FACE_OUTER_BOUND('',#4188,.F.);
#4191=CARTESIAN_POINT('',(4.35E0,0.E0,-4.4E0));
#4192=DIRECTION('',(1.E0,0.E0,0.E0));
#4193=DIRECTION('',(0.E0,1.E0,0.E0));
#4194=AXIS2_PLACEMENT_3D('',#4191,#4192,#4193);
#4195=PLANE('',#4194);
#4197=ORIENTED_EDGE('',*,*,#4196,.F.);
#4198=ORIENTED_EDGE('',*,*,#4087,.T.);
#4200=ORIENTED_EDGE('',*,*,#4199,.T.);
#4202=ORIENTED_EDGE('',*,*,#4201,.T.);
#4204=ORIENTED_EDGE('',*,*,#4203,.T.);
#4205=EDGE_LOOP('',(#4197,#4198,#4200,#4202,#4204));
#4206=FACE_OUTER_BOUND('',#4205,.F.);
#4208=CARTESIAN_POINT('',(4.35E0,0.E0,-4.4E0));
#4209=DIRECTION('',(1.E0,0.E0,0.E0));
#4210=DIRECTION('',(0.E0,1.E0,0.E0));
#4211=AXIS2_PLACEMENT_3D('',#4208,#4209,#4210);
#4212=PLANE('',#4211);
#4214=ORIENTED_EDGE('',*,*,#4213,.T.);
#4216=ORIENTED_EDGE('',*,*,#4215,.T.);
#4218=ORIENTED_EDGE('',*,*,#4217,.T.);
#4220=ORIENTED_EDGE('',*,*,#4219,.T.);
#4221=EDGE_LOOP('',(#4214,#4216,#4218,#4220));
#4222=FACE_OUTER_BOUND('',#4221,.F.);
#4224=CARTESIAN_POINT('',(0.E0,0.E0,-5.8E0));
#4225=DIRECTION('',(0.E0,0.E0,1.E0));
#4226=DIRECTION('',(1.E0,0.E0,0.E0));
#4227=AXIS2_PLACEMENT_3D('',#4224,#4225,#4226);
#4228=PLANE('',#4227);
#4229=ORIENTED_EDGE('',*,*,#4196,.T.);
#4231=ORIENTED_EDGE('',*,*,#4230,.T.);
#4233=ORIENTED_EDGE('',*,*,#4232,.F.);
#4234=ORIENTED_EDGE('',*,*,#4182,.T.);
#4236=ORIENTED_EDGE('',*,*,#4235,.T.);
#4238=ORIENTED_EDGE('',*,*,#4237,.F.);
#4240=ORIENTED_EDGE('',*,*,#4239,.F.);
#4241=ORIENTED_EDGE('',*,*,#4174,.T.);
#4243=ORIENTED_EDGE('',*,*,#4242,.T.);
#4245=ORIENTED_EDGE('',*,*,#4244,.F.);
#4247=ORIENTED_EDGE('',*,*,#4246,.F.);
#4249=ORIENTED_EDGE('',*,*,#4248,.T.);
#4251=ORIENTED_EDGE('',*,*,#4250,.F.);
#4253=ORIENTED_EDGE('',*,*,#4252,.F.);
#4255=ORIENTED_EDGE('',*,*,#4254,.T.);
#4256=ORIENTED_EDGE('',*,*,#4145,.T.);
#4258=ORIENTED_EDGE('',*,*,#4257,.T.);
#4260=ORIENTED_EDGE('',*,*,#4259,.T.);
#4262=ORIENTED_EDGE('',*,*,#4261,.F.);
#4263=ORIENTED_EDGE('',*,*,#4137,.T.);
#4265=ORIENTED_EDGE('',*,*,#4264,.T.);
#4267=ORIENTED_EDGE('',*,*,#4266,.T.);
#4269=ORIENTED_EDGE('',*,*,#4268,.F.);
#4270=ORIENTED_EDGE('',*,*,#4129,.T.);
#4272=ORIENTED_EDGE('',*,*,#4271,.T.);
#4274=ORIENTED_EDGE('',*,*,#4273,.T.);
#4276=ORIENTED_EDGE('',*,*,#4275,.F.);
#4277=ORIENTED_EDGE('',*,*,#4121,.T.);
#4279=ORIENTED_EDGE('',*,*,#4278,.T.);
#4281=ORIENTED_EDGE('',*,*,#4280,.T.);
#4283=ORIENTED_EDGE('',*,*,#4282,.F.);
#4284=ORIENTED_EDGE('',*,*,#4113,.T.);
#4286=ORIENTED_EDGE('',*,*,#4285,.T.);
#4288=ORIENTED_EDGE('',*,*,#4287,.T.);
#4290=ORIENTED_EDGE('',*,*,#4289,.F.);
#4291=ORIENTED_EDGE('',*,*,#4105,.T.);
#4293=ORIENTED_EDGE('',*,*,#4292,.T.);
#4295=ORIENTED_EDGE('',*,*,#4294,.T.);
#4297=ORIENTED_EDGE('',*,*,#4296,.F.);
#4298=ORIENTED_EDGE('',*,*,#4097,.T.);
#4300=ORIENTED_EDGE('',*,*,#4299,.T.);
#4302=ORIENTED_EDGE('',*,*,#4301,.T.);
#4304=ORIENTED_EDGE('',*,*,#4303,.F.);
#4305=ORIENTED_EDGE('',*,*,#4089,.T.);
#4306=EDGE_LOOP('',(#4229,#4231,#4233,#4234,#4236,#4238,#4240,#4241,#4243,#4245,
#4247,#4249,#4251,#4253,#4255,#4256,#4258,#4260,#4262,#4263,#4265,#4267,#4269,
#4270,#4272,#4274,#4276,#4277,#4279,#4281,#4283,#4284,#4286,#4288,#4290,#4291,
#4293,#4295,#4297,#4298,#4300,#4302,#4304,#4305));
#4307=FACE_OUTER_BOUND('',#4306,.F.);
#4309=CARTESIAN_POINT('',(4.35E0,-3.254547919942E0,-5.893209606013E0));
#4310=DIRECTION('',(0.E0,3.634720039469E-2,-9.993392221981E-1));
#4311=DIRECTION('',(0.E0,9.993392221981E-1,3.634720039469E-2));
#4312=AXIS2_PLACEMENT_3D('',#4309,#4310,#4311);
#4313=PLANE('',#4312);
#4314=ORIENTED_EDGE('',*,*,#4230,.F.);
#4315=ORIENTED_EDGE('',*,*,#4203,.F.);
#4317=ORIENTED_EDGE('',*,*,#4316,.T.);
#4319=ORIENTED_EDGE('',*,*,#4318,.T.);
#4320=EDGE_LOOP('',(#4314,#4315,#4317,#4319));
#4321=FACE_OUTER_BOUND('',#4320,.F.);
#4323=CARTESIAN_POINT('',(4.35E0,-3.265452080061E0,-5.593407839354E0));
#4324=DIRECTION('',(0.E0,-9.993392221981E-1,-3.634720039469E-2));
#4325=DIRECTION('',(0.E0,3.634720039469E-2,-9.993392221981E-1));
#4326=AXIS2_PLACEMENT_3D('',#4323,#4324,#4325);
#4327=PLANE('',#4326);
#4328=ORIENTED_EDGE('',*,*,#4201,.F.);
#4330=ORIENTED_EDGE('',*,*,#4329,.T.);
#4332=ORIENTED_EDGE('',*,*,#4331,.T.);
#4333=ORIENTED_EDGE('',*,*,#4316,.F.);
#4334=EDGE_LOOP('',(#4328,#4330,#4332,#4333));
#4335=FACE_OUTER_BOUND('',#4334,.F.);
#4337=CARTESIAN_POINT('',(4.35E0,-5.5E-1,-5.494643497153E0));
#4338=DIRECTION('',(0.E0,-3.634720039469E-2,9.993392221981E-1));
#4339=DIRECTION('',(0.E0,-9.993392221981E-1,-3.634720039469E-2));
#4340=AXIS2_PLACEMENT_3D('',#4337,#4338,#4339);
#4341=PLANE('',#4340);
#4342=ORIENTED_EDGE('',*,*,#4186,.T.);
#4344=ORIENTED_EDGE('',*,*,#4343,.T.);
#4345=ORIENTED_EDGE('',*,*,#4329,.F.);
#4346=ORIENTED_EDGE('',*,*,#4199,.F.);
#4347=EDGE_LOOP('',(#4342,#4344,#4345,#4346));
#4348=FACE_OUTER_BOUND('',#4347,.F.);
#4350=CARTESIAN_POINT('',(4.65E0,0.E0,-4.4E0));
#4351=DIRECTION('',(1.E0,0.E0,0.E0));
#4352=DIRECTION('',(0.E0,1.E0,0.E0));
#4353=AXIS2_PLACEMENT_3D('',#4350,#4351,#4352);
#4354=PLANE('',#4353);
#4355=ORIENTED_EDGE('',*,*,#4232,.T.);
#4356=ORIENTED_EDGE('',*,*,#4318,.F.);
#4357=ORIENTED_EDGE('',*,*,#4331,.F.);
#4358=ORIENTED_EDGE('',*,*,#4343,.F.);
#4359=ORIENTED_EDGE('',*,*,#4184,.F.);
#4360=EDGE_LOOP('',(#4355,#4356,#4357,#4358,#4359));
#4361=FACE_OUTER_BOUND('',#4360,.F.);
#4363=CARTESIAN_POINT('',(4.65E0,0.E0,-4.4E0));
#4364=DIRECTION('',(1.E0,0.E0,0.E0));
#4365=DIRECTION('',(0.E0,1.E0,0.E0));
#4366=AXIS2_PLACEMENT_3D('',#4363,#4364,#4365);
#4367=PLANE('',#4366);
#4369=ORIENTED_EDGE('',*,*,#4368,.F.);
#4371=ORIENTED_EDGE('',*,*,#4370,.F.);
#4373=ORIENTED_EDGE('',*,*,#4372,.F.);
#4375=ORIENTED_EDGE('',*,*,#4374,.F.);
#4376=EDGE_LOOP('',(#4369,#4371,#4373,#4375));
#4377=FACE_OUTER_BOUND('',#4376,.F.);
#4379=CARTESIAN_POINT('',(0.E0,0.E0,-4.4E0));
#4380=DIRECTION('',(0.E0,0.E0,1.E0));
#4381=DIRECTION('',(1.E0,0.E0,0.E0));
#4382=AXIS2_PLACEMENT_3D('',#4379,#4380,#4381);
#4383=PLANE('',#4382);
#4385=ORIENTED_EDGE('',*,*,#4384,.F.);
#4387=ORIENTED_EDGE('',*,*,#4386,.F.);
#4389=ORIENTED_EDGE('',*,*,#4388,.F.);
#4391=ORIENTED_EDGE('',*,*,#4390,.F.);
#4393=ORIENTED_EDGE('',*,*,#4392,.F.);
#4395=ORIENTED_EDGE('',*,*,#4394,.F.);
#4397=ORIENTED_EDGE('',*,*,#4396,.F.);
#4399=ORIENTED_EDGE('',*,*,#4398,.F.);
#4401=ORIENTED_EDGE('',*,*,#4400,.F.);
#4403=ORIENTED_EDGE('',*,*,#4402,.F.);
#4405=ORIENTED_EDGE('',*,*,#4404,.F.);
#4407=ORIENTED_EDGE('',*,*,#4406,.F.);
#4408=EDGE_LOOP('',(#4385,#4387,#4389,#4391,#4393,#4395,#4397,#4399,#4401,#4403,
#4405,#4407));
#4409=FACE_OUTER_BOUND('',#4408,.F.);
#4411=ORIENTED_EDGE('',*,*,#4410,.F.);
#4413=ORIENTED_EDGE('',*,*,#4412,.T.);
#4415=ORIENTED_EDGE('',*,*,#4414,.T.);
#4417=ORIENTED_EDGE('',*,*,#4416,.F.);
#4418=EDGE_LOOP('',(#4411,#4413,#4415,#4417));
#4419=FACE_BOUND('',#4418,.F.);
#4421=ORIENTED_EDGE('',*,*,#4420,.F.);
#4423=ORIENTED_EDGE('',*,*,#4422,.T.);
#4425=ORIENTED_EDGE('',*,*,#4424,.T.);
#4427=ORIENTED_EDGE('',*,*,#4426,.F.);
#4428=EDGE_LOOP('',(#4421,#4423,#4425,#4427));
#4429=FACE_BOUND('',#4428,.F.);
#4431=ORIENTED_EDGE('',*,*,#4430,.F.);
#4433=ORIENTED_EDGE('',*,*,#4432,.T.);
#4435=ORIENTED_EDGE('',*,*,#4434,.T.);
#4437=ORIENTED_EDGE('',*,*,#4436,.F.);
#4438=EDGE_LOOP('',(#4431,#4433,#4435,#4437));
#4439=FACE_BOUND('',#4438,.F.);
#4441=ORIENTED_EDGE('',*,*,#4440,.F.);
#4443=ORIENTED_EDGE('',*,*,#4442,.T.);
#4445=ORIENTED_EDGE('',*,*,#4444,.T.);
#4447=ORIENTED_EDGE('',*,*,#4446,.F.);
#4448=EDGE_LOOP('',(#4441,#4443,#4445,#4447));
#4449=FACE_BOUND('',#4448,.F.);
#4451=ORIENTED_EDGE('',*,*,#4450,.F.);
#4453=ORIENTED_EDGE('',*,*,#4452,.T.);
#4455=ORIENTED_EDGE('',*,*,#4454,.T.);
#4457=ORIENTED_EDGE('',*,*,#4456,.F.);
#4458=EDGE_LOOP('',(#4451,#4453,#4455,#4457));
#4459=FACE_BOUND('',#4458,.F.);
#4461=ORIENTED_EDGE('',*,*,#4460,.F.);
#4463=ORIENTED_EDGE('',*,*,#4462,.T.);
#4465=ORIENTED_EDGE('',*,*,#4464,.T.);
#4467=ORIENTED_EDGE('',*,*,#4466,.F.);
#4468=EDGE_LOOP('',(#4461,#4463,#4465,#4467));
#4469=FACE_BOUND('',#4468,.F.);
#4470=ORIENTED_EDGE('',*,*,#4213,.F.);
#4472=ORIENTED_EDGE('',*,*,#4471,.T.);
#4473=ORIENTED_EDGE('',*,*,#4368,.T.);
#4475=ORIENTED_EDGE('',*,*,#4474,.F.);
#4476=EDGE_LOOP('',(#4470,#4472,#4473,#4475));
#4477=FACE_BOUND('',#4476,.F.);
#4479=ORIENTED_EDGE('',*,*,#4478,.T.);
#4481=ORIENTED_EDGE('',*,*,#4480,.T.);
#4483=ORIENTED_EDGE('',*,*,#4482,.T.);
#4485=ORIENTED_EDGE('',*,*,#4484,.T.);
#4487=ORIENTED_EDGE('',*,*,#4486,.T.);
#4489=ORIENTED_EDGE('',*,*,#4488,.T.);
#4491=ORIENTED_EDGE('',*,*,#4490,.T.);
#4492=EDGE_LOOP('',(#4479,#4481,#4483,#4485,#4487,#4489,#4491));
#4493=FACE_BOUND('',#4492,.F.);
#4495=CARTESIAN_POINT('',(5.235E0,5.E-1,0.E0));
#4496=DIRECTION('',(0.E0,1.E0,0.E0));
#4497=DIRECTION('',(-1.E0,0.E0,0.E0));
#4498=AXIS2_PLACEMENT_3D('',#4495,#4496,#4497);
#4499=PLANE('',#4498);
#4501=ORIENTED_EDGE('',*,*,#4500,.T.);
#4502=ORIENTED_EDGE('',*,*,#4075,.F.);
#4504=ORIENTED_EDGE('',*,*,#4503,.F.);
#4506=ORIENTED_EDGE('',*,*,#4505,.T.);
#4507=ORIENTED_EDGE('',*,*,#4392,.T.);
#4508=EDGE_LOOP('',(#4501,#4502,#4504,#4506,#4507));
#4509=FACE_OUTER_BOUND('',#4508,.F.);
#4511=CARTESIAN_POINT('',(5.235E0,5.E-1,0.E0));
#4512=DIRECTION('',(0.E0,1.E0,0.E0));
#4513=DIRECTION('',(-1.E0,0.E0,0.E0));
#4514=AXIS2_PLACEMENT_3D('',#4511,#4512,#4513);
#4515=PLANE('',#4514);
#4517=ORIENTED_EDGE('',*,*,#4516,.F.);
#4518=ORIENTED_EDGE('',*,*,#4384,.T.);
#4520=ORIENTED_EDGE('',*,*,#4519,.F.);
#4522=ORIENTED_EDGE('',*,*,#4521,.F.);
#4523=ORIENTED_EDGE('',*,*,#4059,.F.);
#4524=EDGE_LOOP('',(#4517,#4518,#4520,#4522,#4523));
#4525=FACE_OUTER_BOUND('',#4524,.F.);
#4527=CARTESIAN_POINT('',(4.425E0,5.E-1,0.E0));
#4528=DIRECTION('',(1.E0,0.E0,0.E0));
#4529=DIRECTION('',(0.E0,1.E0,0.E0));
#4530=AXIS2_PLACEMENT_3D('',#4527,#4528,#4529);
#4531=PLANE('',#4530);
#4532=ORIENTED_EDGE('',*,*,#4077,.F.);
#4533=ORIENTED_EDGE('',*,*,#4500,.F.);
#4534=ORIENTED_EDGE('',*,*,#4390,.T.);
#4536=ORIENTED_EDGE('',*,*,#4535,.F.);
#4537=EDGE_LOOP('',(#4532,#4533,#4534,#4536));
#4538=FACE_OUTER_BOUND('',#4537,.F.);
#4540=CARTESIAN_POINT('',(4.425E0,1.825E0,0.E0));
#4541=DIRECTION('',(0.E0,1.E0,0.E0));
#4542=DIRECTION('',(-1.E0,0.E0,0.E0));
#4543=AXIS2_PLACEMENT_3D('',#4540,#4541,#4542);
#4544=PLANE('',#4543);
#4546=ORIENTED_EDGE('',*,*,#4545,.T.);
#4548=ORIENTED_EDGE('',*,*,#4547,.F.);
#4549=ORIENTED_EDGE('',*,*,#4047,.F.);
#4550=ORIENTED_EDGE('',*,*,#4535,.T.);
#4551=ORIENTED_EDGE('',*,*,#4388,.T.);
#4553=ORIENTED_EDGE('',*,*,#4552,.F.);
#4554=ORIENTED_EDGE('',*,*,#4055,.F.);
#4556=ORIENTED_EDGE('',*,*,#4555,.F.);
#4557=EDGE_LOOP('',(#4546,#4548,#4549,#4550,#4551,#4553,#4554,#4556));
#4558=FACE_OUTER_BOUND('',#4557,.F.);
#4560=CARTESIAN_POINT('',(-2.419535525039E1,1.725E0,-8.330415196484E-1));
#4561=DIRECTION('',(1.E0,0.E0,0.E0));
#4562=DIRECTION('',(0.E0,1.E0,0.E0));
#4563=AXIS2_PLACEMENT_3D('',#4560,#4561,#4562);
#4564=CYLINDRICAL_SURFACE('',#4563,1.E-1);
#4565=ORIENTED_EDGE('',*,*,#4545,.F.);
#4567=ORIENTED_EDGE('',*,*,#4566,.T.);
#4569=ORIENTED_EDGE('',*,*,#4568,.T.);
#4571=ORIENTED_EDGE('',*,*,#4570,.T.);
#4572=EDGE_LOOP('',(#4565,#4567,#4569,#4571));
#4573=FACE_OUTER_BOUND('',#4572,.F.);
#4575=CARTESIAN_POINT('',(-1.885E0,0.E0,0.E0));
#4576=DIRECTION('',(1.E0,0.E0,0.E0));
#4577=DIRECTION('',(0.E0,0.E0,-1.E0));
#4578=AXIS2_PLACEMENT_3D('',#4575,#4576,#4577);
#4579=PLANE('',#4578);
#4581=ORIENTED_EDGE('',*,*,#4580,.T.);
#4582=ORIENTED_EDGE('',*,*,#4566,.F.);
#4583=ORIENTED_EDGE('',*,*,#4555,.T.);
#4584=ORIENTED_EDGE('',*,*,#4053,.T.);
#4586=ORIENTED_EDGE('',*,*,#4585,.T.);
#4587=EDGE_LOOP('',(#4581,#4582,#4583,#4584,#4586));
#4588=FACE_OUTER_BOUND('',#4587,.F.);
#4590=CARTESIAN_POINT('',(-1.885E0,1.525E0,-7.5E-1));
#4591=DIRECTION('',(0.E0,8.634300732915E-2,-9.962654691825E-1));
#4592=DIRECTION('',(0.E0,9.962654691825E-1,8.634300732915E-2));
#4593=AXIS2_PLACEMENT_3D('',#4590,#4591,#4592);
#4594=PLANE('',#4593);
#4595=ORIENTED_EDGE('',*,*,#4568,.F.);
#4596=ORIENTED_EDGE('',*,*,#4580,.F.);
#4598=ORIENTED_EDGE('',*,*,#4597,.T.);
#4600=ORIENTED_EDGE('',*,*,#4599,.T.);
#4601=EDGE_LOOP('',(#4595,#4596,#4598,#4600));
#4602=FACE_OUTER_BOUND('',#4601,.F.);
#4604=CARTESIAN_POINT('',(-1.885E0,1.525E0,0.E0));
#4605=DIRECTION('',(0.E0,-1.E0,0.E0));
#4606=DIRECTION('',(0.E0,0.E0,-1.E0));
#4607=AXIS2_PLACEMENT_3D('',#4604,#4605,#4606);
#4608=PLANE('',#4607);
#4609=ORIENTED_EDGE('',*,*,#4585,.F.);
#4610=ORIENTED_EDGE('',*,*,#4051,.T.);
#4612=ORIENTED_EDGE('',*,*,#4611,.T.);
#4613=ORIENTED_EDGE('',*,*,#4597,.F.);
#4614=EDGE_LOOP('',(#4609,#4610,#4612,#4613));
#4615=FACE_OUTER_BOUND('',#4614,.F.);
#4617=CARTESIAN_POINT('',(1.885E0,0.E0,0.E0));
#4618=DIRECTION('',(1.E0,0.E0,0.E0));
#4619=DIRECTION('',(0.E0,0.E0,-1.E0));
#4620=AXIS2_PLACEMENT_3D('',#4617,#4618,#4619);
#4621=PLANE('',#4620);
#4622=ORIENTED_EDGE('',*,*,#4547,.T.);
#4623=ORIENTED_EDGE('',*,*,#4570,.F.);
#4624=ORIENTED_EDGE('',*,*,#4599,.F.);
#4625=ORIENTED_EDGE('',*,*,#4611,.F.);
#4626=ORIENTED_EDGE('',*,*,#4049,.F.);
#4627=EDGE_LOOP('',(#4622,#4623,#4624,#4625,#4626));
#4628=FACE_OUTER_BOUND('',#4627,.F.);
#4630=CARTESIAN_POINT('',(-4.425E0,1.825E0,0.E0));
#4631=DIRECTION('',(-1.E0,0.E0,0.E0));
#4632=DIRECTION('',(0.E0,-1.E0,0.E0));
#4633=AXIS2_PLACEMENT_3D('',#4630,#4631,#4632);
#4634=PLANE('',#4633);
#4635=ORIENTED_EDGE('',*,*,#4057,.F.);
#4636=ORIENTED_EDGE('',*,*,#4552,.T.);
#4637=ORIENTED_EDGE('',*,*,#4386,.T.);
#4638=ORIENTED_EDGE('',*,*,#4516,.T.);
#4639=EDGE_LOOP('',(#4635,#4636,#4637,#4638));
#4640=FACE_OUTER_BOUND('',#4639,.F.);
#4642=CARTESIAN_POINT('',(5.135E0,1.15E0,-1.E-1));
#4643=DIRECTION('',(7.071067811865E-1,0.E0,7.071067811865E-1));
#4644=DIRECTION('',(7.071067811865E-1,0.E0,-7.071067811865E-1));
#4645=AXIS2_PLACEMENT_3D('',#4642,#4643,#4644);
#4646=PLANE('',#4645);
#4647=ORIENTED_EDGE('',*,*,#4503,.T.);
#4648=ORIENTED_EDGE('',*,*,#4073,.T.);
#4650=ORIENTED_EDGE('',*,*,#4649,.F.);
#4652=ORIENTED_EDGE('',*,*,#4651,.F.);
#4653=EDGE_LOOP('',(#4647,#4648,#4650,#4652));
#4654=FACE_OUTER_BOUND('',#4653,.F.);
#4656=CARTESIAN_POINT('',(5.55E0,1.9E0,-1.E-1));
#4657=DIRECTION('',(0.E0,-7.071067811865E-1,7.071067811865E-1));
#4658=DIRECTION('',(0.E0,-7.071067811865E-1,-7.071067811865E-1));
#4659=AXIS2_PLACEMENT_3D('',#4656,#4657,#4658);
#4660=PLANE('',#4659);
#4661=ORIENTED_EDGE('',*,*,#4071,.T.);
#4663=ORIENTED_EDGE('',*,*,#4662,.F.);
#4665=ORIENTED_EDGE('',*,*,#4664,.T.);
#4667=ORIENTED_EDGE('',*,*,#4666,.F.);
#4668=ORIENTED_EDGE('',*,*,#4649,.T.);
#4669=EDGE_LOOP('',(#4661,#4663,#4665,#4667,#4668));
#4670=FACE_OUTER_BOUND('',#4669,.F.);
#4672=CARTESIAN_POINT('',(5.908301270189E0,-2.499999999999E-2,-7.5E-2));
#4673=DIRECTION('',(-8.660254037844E-1,0.E0,5.E-1));
#4674=DIRECTION('',(5.E-1,0.E0,8.660254037844E-1));
#4675=AXIS2_PLACEMENT_3D('',#4672,#4673,#4674);
#4676=PLANE('',#4675);
#4677=ORIENTED_EDGE('',*,*,#4069,.F.);
#4679=ORIENTED_EDGE('',*,*,#4678,.F.);
#4681=ORIENTED_EDGE('',*,*,#4680,.T.);
#4682=ORIENTED_EDGE('',*,*,#4662,.T.);
#4683=EDGE_LOOP('',(#4677,#4679,#4681,#4682));
#4684=FACE_OUTER_BOUND('',#4683,.F.);
#4686=CARTESIAN_POINT('',(0.E0,-1.943301270189E0,-7.5E-2));
#4687=DIRECTION('',(0.E0,8.660254037844E-1,5.E-1));
#4688=DIRECTION('',(0.E0,5.E-1,-8.660254037844E-1));
#4689=AXIS2_PLACEMENT_3D('',#4686,#4687,#4688);
#4690=PLANE('',#4689);
#4691=ORIENTED_EDGE('',*,*,#4067,.T.);
#4693=ORIENTED_EDGE('',*,*,#4692,.F.);
#4695=ORIENTED_EDGE('',*,*,#4694,.F.);
#4696=ORIENTED_EDGE('',*,*,#4678,.T.);
#4697=EDGE_LOOP('',(#4691,#4693,#4695,#4696));
#4698=FACE_OUTER_BOUND('',#4697,.F.);
#4700=CARTESIAN_POINT('',(-5.908301270189E0,-2.75E-1,-7.5E-2));
#4701=DIRECTION('',(8.660254037844E-1,0.E0,5.E-1));
#4702=DIRECTION('',(-5.E-1,0.E0,8.660254037844E-1));
#4703=AXIS2_PLACEMENT_3D('',#4700,#4701,#4702);
#4704=PLANE('',#4703);
#4706=ORIENTED_EDGE('',*,*,#4705,.T.);
#4707=ORIENTED_EDGE('',*,*,#4692,.T.);
#4708=ORIENTED_EDGE('',*,*,#4065,.F.);
#4710=ORIENTED_EDGE('',*,*,#4709,.T.);
#4711=EDGE_LOOP('',(#4706,#4707,#4708,#4710));
#4712=FACE_OUTER_BOUND('',#4711,.F.);
#4714=CARTESIAN_POINT('',(-5.865E0,1.3E0,0.E0));
#4715=DIRECTION('',(-1.E0,0.E0,0.E0));
#4716=DIRECTION('',(0.E0,-1.E0,0.E0));
#4717=AXIS2_PLACEMENT_3D('',#4714,#4715,#4716);
#4718=PLANE('',#4717);
#4719=ORIENTED_EDGE('',*,*,#4705,.F.);
#4721=ORIENTED_EDGE('',*,*,#4720,.F.);
#4723=ORIENTED_EDGE('',*,*,#4722,.T.);
#4724=ORIENTED_EDGE('',*,*,#4402,.T.);
#4726=ORIENTED_EDGE('',*,*,#4725,.F.);
#4727=EDGE_LOOP('',(#4719,#4721,#4723,#4724,#4726));
#4728=FACE_OUTER_BOUND('',#4727,.F.);
#4730=CARTESIAN_POINT('',(-5.55E0,1.4E0,-1.E-1));
#4731=DIRECTION('',(0.E0,-7.071067811865E-1,7.071067811865E-1));
#4732=DIRECTION('',(0.E0,-7.071067811865E-1,-7.071067811865E-1));
#4733=AXIS2_PLACEMENT_3D('',#4730,#4731,#4732);
#4734=PLANE('',#4733);
#4735=ORIENTED_EDGE('',*,*,#4720,.T.);
#4736=ORIENTED_EDGE('',*,*,#4709,.F.);
#4737=ORIENTED_EDGE('',*,*,#4063,.T.);
#4739=ORIENTED_EDGE('',*,*,#4738,.F.);
#4741=ORIENTED_EDGE('',*,*,#4740,.F.);
#4742=EDGE_LOOP('',(#4735,#4736,#4737,#4739,#4741));
#4743=FACE_OUTER_BOUND('',#4742,.F.);
#4745=CARTESIAN_POINT('',(-5.135E0,9.E-1,-1.E-1));
#4746=DIRECTION('',(-7.071067811865E-1,0.E0,7.071067811865E-1));
#4747=DIRECTION('',(-7.071067811865E-1,0.E0,-7.071067811865E-1));
#4748=AXIS2_PLACEMENT_3D('',#4745,#4746,#4747);
#4749=PLANE('',#4748);
#4750=ORIENTED_EDGE('',*,*,#4521,.T.);
#4752=ORIENTED_EDGE('',*,*,#4751,.F.);
#4753=ORIENTED_EDGE('',*,*,#4738,.T.);
#4754=ORIENTED_EDGE('',*,*,#4061,.T.);
#4755=EDGE_LOOP('',(#4750,#4752,#4753,#4754));
#4756=FACE_OUTER_BOUND('',#4755,.F.);
#4758=CARTESIAN_POINT('',(-5.235E0,5.E-1,0.E0));
#4759=DIRECTION('',(1.E0,0.E0,0.E0));
#4760=DIRECTION('',(0.E0,1.E0,0.E0));
#4761=AXIS2_PLACEMENT_3D('',#4758,#4759,#4760);
#4762=PLANE('',#4761);
#4763=ORIENTED_EDGE('',*,*,#4751,.T.);
#4764=ORIENTED_EDGE('',*,*,#4519,.T.);
#4765=ORIENTED_EDGE('',*,*,#4406,.T.);
#4767=ORIENTED_EDGE('',*,*,#4766,.F.);
#4768=EDGE_LOOP('',(#4763,#4764,#4765,#4767));
#4769=FACE_OUTER_BOUND('',#4768,.F.);
#4771=CARTESIAN_POINT('',(-5.235E0,1.3E0,0.E0));
#4772=DIRECTION('',(0.E0,1.E0,0.E0));
#4773=DIRECTION('',(-1.E0,0.E0,0.E0));
#4774=AXIS2_PLACEMENT_3D('',#4771,#4772,#4773);
#4775=PLANE('',#4774);
#4776=ORIENTED_EDGE('',*,*,#4740,.T.);
#4777=ORIENTED_EDGE('',*,*,#4766,.T.);
#4778=ORIENTED_EDGE('',*,*,#4404,.T.);
#4779=ORIENTED_EDGE('',*,*,#4722,.F.);
#4780=EDGE_LOOP('',(#4776,#4777,#4778,#4779));
#4781=FACE_OUTER_BOUND('',#4780,.F.);
#4783=CARTESIAN_POINT('',(-5.865E0,-1.9E0,0.E0));
#4784=DIRECTION('',(0.E0,-1.E0,0.E0));
#4785=DIRECTION('',(1.E0,0.E0,0.E0));
#4786=AXIS2_PLACEMENT_3D('',#4783,#4784,#4785);
#4787=PLANE('',#4786);
#4788=ORIENTED_EDGE('',*,*,#4694,.T.);
#4789=ORIENTED_EDGE('',*,*,#4725,.T.);
#4790=ORIENTED_EDGE('',*,*,#4400,.T.);
#4792=ORIENTED_EDGE('',*,*,#4791,.F.);
#4793=EDGE_LOOP('',(#4788,#4789,#4790,#4792));
#4794=FACE_OUTER_BOUND('',#4793,.F.);
#4796=CARTESIAN_POINT('',(5.865E0,-1.9E0,0.E0));
#4797=DIRECTION('',(1.E0,0.E0,0.E0));
#4798=DIRECTION('',(0.E0,1.E0,0.E0));
#4799=AXIS2_PLACEMENT_3D('',#4796,#4797,#4798);
#4800=PLANE('',#4799);
#4801=ORIENTED_EDGE('',*,*,#4680,.F.);
#4802=ORIENTED_EDGE('',*,*,#4791,.T.);
#4803=ORIENTED_EDGE('',*,*,#4398,.T.);
#4805=ORIENTED_EDGE('',*,*,#4804,.F.);
#4806=ORIENTED_EDGE('',*,*,#4664,.F.);
#4807=EDGE_LOOP('',(#4801,#4802,#4803,#4805,#4806));
#4808=FACE_OUTER_BOUND('',#4807,.F.);
#4810=CARTESIAN_POINT('',(5.865E0,1.8E0,0.E0));
#4811=DIRECTION('',(0.E0,1.E0,0.E0));
#4812=DIRECTION('',(-1.E0,0.E0,0.E0));
#4813=AXIS2_PLACEMENT_3D('',#4810,#4811,#4812);
#4814=PLANE('',#4813);
#4815=ORIENTED_EDGE('',*,*,#4666,.T.);
#4816=ORIENTED_EDGE('',*,*,#4804,.T.);
#4817=ORIENTED_EDGE('',*,*,#4396,.T.);
#4819=ORIENTED_EDGE('',*,*,#4818,.F.);
#4820=EDGE_LOOP('',(#4815,#4816,#4817,#4819));
#4821=FACE_OUTER_BOUND('',#4820,.F.);
#4823=CARTESIAN_POINT('',(5.235E0,1.8E0,0.E0));
#4824=DIRECTION('',(-1.E0,0.E0,0.E0));
#4825=DIRECTION('',(0.E0,-1.E0,0.E0));
#4826=AXIS2_PLACEMENT_3D('',#4823,#4824,#4825);
#4827=PLANE('',#4826);
#4828=ORIENTED_EDGE('',*,*,#4651,.T.);
#4829=ORIENTED_EDGE('',*,*,#4818,.T.);
#4830=ORIENTED_EDGE('',*,*,#4394,.T.);
#4831=ORIENTED_EDGE('',*,*,#4505,.F.);
#4832=EDGE_LOOP('',(#4828,#4829,#4830,#4831));
#4833=FACE_OUTER_BOUND('',#4832,.F.);
#4835=CARTESIAN_POINT('',(-4.65E0,0.E0,-4.4E0));
#4836=DIRECTION('',(1.E0,0.E0,0.E0));
#4837=DIRECTION('',(0.E0,1.E0,0.E0));
#4838=AXIS2_PLACEMENT_3D('',#4835,#4836,#4837);
#4839=PLANE('',#4838);
#4840=ORIENTED_EDGE('',*,*,#4135,.T.);
#4842=ORIENTED_EDGE('',*,*,#4841,.T.);
#4844=ORIENTED_EDGE('',*,*,#4843,.T.);
#4846=ORIENTED_EDGE('',*,*,#4845,.T.);
#4847=ORIENTED_EDGE('',*,*,#4264,.F.);
#4848=EDGE_LOOP('',(#4840,#4842,#4844,#4846,#4847));
#4849=FACE_OUTER_BOUND('',#4848,.F.);
#4851=CARTESIAN_POINT('',(-4.65E0,0.E0,-4.4E0));
#4852=DIRECTION('',(1.E0,0.E0,0.E0));
#4853=DIRECTION('',(0.E0,1.E0,0.E0));
#4854=AXIS2_PLACEMENT_3D('',#4851,#4852,#4853);
#4855=PLANE('',#4854);
#4856=ORIENTED_EDGE('',*,*,#4410,.T.);
#4858=ORIENTED_EDGE('',*,*,#4857,.T.);
#4860=ORIENTED_EDGE('',*,*,#4859,.T.);
#4862=ORIENTED_EDGE('',*,*,#4861,.T.);
#4863=EDGE_LOOP('',(#4856,#4858,#4860,#4862));
#4864=FACE_OUTER_BOUND('',#4863,.F.);
#4866=CARTESIAN_POINT('',(-4.65E0,-5.5E-1,-5.494643497153E0));
#4867=DIRECTION('',(0.E0,-3.634720039469E-2,9.993392221981E-1));
#4868=DIRECTION('',(0.E0,-9.993392221981E-1,-3.634720039469E-2));
#4869=AXIS2_PLACEMENT_3D('',#4866,#4867,#4868);
#4870=PLANE('',#4869);
#4871=ORIENTED_EDGE('',*,*,#4133,.T.);
#4873=ORIENTED_EDGE('',*,*,#4872,.T.);
#4875=ORIENTED_EDGE('',*,*,#4874,.F.);
#4876=ORIENTED_EDGE('',*,*,#4841,.F.);
#4877=EDGE_LOOP('',(#4871,#4873,#4875,#4876));
#4878=FACE_OUTER_BOUND('',#4877,.F.);
#4880=CARTESIAN_POINT('',(-4.35E0,0.E0,-4.4E0));
#4881=DIRECTION('',(1.E0,0.E0,0.E0));
#4882=DIRECTION('',(0.E0,1.E0,0.E0));
#4883=AXIS2_PLACEMENT_3D('',#4880,#4881,#4882);
#4884=PLANE('',#4883);
#4885=ORIENTED_EDGE('',*,*,#4131,.F.);
#4886=ORIENTED_EDGE('',*,*,#4268,.T.);
#4888=ORIENTED_EDGE('',*,*,#4887,.F.);
#4890=ORIENTED_EDGE('',*,*,#4889,.F.);
#4891=ORIENTED_EDGE('',*,*,#4872,.F.);
#4892=EDGE_LOOP('',(#4885,#4886,#4888,#4890,#4891));
#4893=FACE_OUTER_BOUND('',#4892,.F.);
#4895=CARTESIAN_POINT('',(-4.35E0,0.E0,-4.4E0));
#4896=DIRECTION('',(1.E0,0.E0,0.E0));
#4897=DIRECTION('',(0.E0,1.E0,0.E0));
#4898=AXIS2_PLACEMENT_3D('',#4895,#4896,#4897);
#4899=PLANE('',#4898);
#4900=ORIENTED_EDGE('',*,*,#4414,.F.);
#4902=ORIENTED_EDGE('',*,*,#4901,.F.);
#4904=ORIENTED_EDGE('',*,*,#4903,.F.);
#4906=ORIENTED_EDGE('',*,*,#4905,.F.);
#4907=EDGE_LOOP('',(#4900,#4902,#4904,#4906));
#4908=FACE_OUTER_BOUND('',#4907,.F.);
#4910=CARTESIAN_POINT('',(-4.65E0,-3.254547919942E0,-5.893209606013E0));
#4911=DIRECTION('',(0.E0,3.634720039469E-2,-9.993392221981E-1));
#4912=DIRECTION('',(0.E0,9.993392221981E-1,3.634720039469E-2));
#4913=AXIS2_PLACEMENT_3D('',#4910,#4911,#4912);
#4914=PLANE('',#4913);
#4915=ORIENTED_EDGE('',*,*,#4266,.F.);
#4916=ORIENTED_EDGE('',*,*,#4845,.F.);
#4918=ORIENTED_EDGE('',*,*,#4917,.T.);
#4919=ORIENTED_EDGE('',*,*,#4887,.T.);
#4920=EDGE_LOOP('',(#4915,#4916,#4918,#4919));
#4921=FACE_OUTER_BOUND('',#4920,.F.);
#4923=CARTESIAN_POINT('',(-4.65E0,-3.265452080061E0,-5.593407839354E0));
#4924=DIRECTION('',(0.E0,-9.993392221981E-1,-3.634720039469E-2));
#4925=DIRECTION('',(0.E0,3.634720039469E-2,-9.993392221981E-1));
#4926=AXIS2_PLACEMENT_3D('',#4923,#4924,#4925);
#4927=PLANE('',#4926);
#4928=ORIENTED_EDGE('',*,*,#4843,.F.);
#4929=ORIENTED_EDGE('',*,*,#4874,.T.);
#4930=ORIENTED_EDGE('',*,*,#4889,.T.);
#4931=ORIENTED_EDGE('',*,*,#4917,.F.);
#4932=EDGE_LOOP('',(#4928,#4929,#4930,#4931));
#4933=FACE_OUTER_BOUND('',#4932,.F.);
#4935=CARTESIAN_POINT('',(-4.65E0,-5.5E-1,-2.1E0));
#4936=DIRECTION('',(0.E0,-1.E0,0.E0));
#4937=DIRECTION('',(0.E0,0.E0,-1.E0));
#4938=AXIS2_PLACEMENT_3D('',#4935,#4936,#4937);
#4939=PLANE('',#4938);
#4940=ORIENTED_EDGE('',*,*,#4412,.F.);
#4941=ORIENTED_EDGE('',*,*,#4861,.F.);
#4943=ORIENTED_EDGE('',*,*,#4942,.T.);
#4944=ORIENTED_EDGE('',*,*,#4901,.T.);
#4945=EDGE_LOOP('',(#4940,#4941,#4943,#4944));
#4946=FACE_OUTER_BOUND('',#4945,.F.);
#4948=CARTESIAN_POINT('',(-4.65E0,-2.5E-1,-2.1E0));
#4949=DIRECTION('',(0.E0,0.E0,1.E0));
#4950=DIRECTION('',(0.E0,-1.E0,0.E0));
#4951=AXIS2_PLACEMENT_3D('',#4948,#4949,#4950);
#4952=PLANE('',#4951);
#4953=ORIENTED_EDGE('',*,*,#4859,.F.);
#4955=ORIENTED_EDGE('',*,*,#4954,.T.);
#4956=ORIENTED_EDGE('',*,*,#4903,.T.);
#4957=ORIENTED_EDGE('',*,*,#4942,.F.);
#4958=EDGE_LOOP('',(#4953,#4955,#4956,#4957));
#4959=FACE_OUTER_BOUND('',#4958,.F.);
#4961=CARTESIAN_POINT('',(-4.65E0,-2.5E-1,-5.783930491459E0));
#4962=DIRECTION('',(0.E0,1.E0,0.E0));
#4963=DIRECTION('',(0.E0,0.E0,1.E0));
#4964=AXIS2_PLACEMENT_3D('',#4961,#4962,#4963);
#4965=PLANE('',#4964);
#4966=ORIENTED_EDGE('',*,*,#4416,.T.);
#4967=ORIENTED_EDGE('',*,*,#4905,.T.);
#4968=ORIENTED_EDGE('',*,*,#4954,.F.);
#4969=ORIENTED_EDGE('',*,*,#4857,.F.);
#4970=EDGE_LOOP('',(#4966,#4967,#4968,#4969));
#4971=FACE_OUTER_BOUND('',#4970,.F.);
#4973=CARTESIAN_POINT('',(-3.15E0,0.E0,-4.4E0));
#4974=DIRECTION('',(1.E0,0.E0,0.E0));
#4975=DIRECTION('',(0.E0,1.E0,0.E0));
#4976=AXIS2_PLACEMENT_3D('',#4973,#4974,#4975);
#4977=PLANE('',#4976);
#4978=ORIENTED_EDGE('',*,*,#4271,.F.);
#4979=ORIENTED_EDGE('',*,*,#4127,.T.);
#4981=ORIENTED_EDGE('',*,*,#4980,.T.);
#4983=ORIENTED_EDGE('',*,*,#4982,.T.);
#4985=ORIENTED_EDGE('',*,*,#4984,.T.);
#4986=EDGE_LOOP('',(#4978,#4979,#4981,#4983,#4985));
#4987=FACE_OUTER_BOUND('',#4986,.F.);
#4989=CARTESIAN_POINT('',(-3.15E0,0.E0,-4.4E0));
#4990=DIRECTION('',(1.E0,0.E0,0.E0));
#4991=DIRECTION('',(0.E0,1.E0,0.E0));
#4992=AXIS2_PLACEMENT_3D('',#4989,#4990,#4991);
#4993=PLANE('',#4992);
#4994=ORIENTED_EDGE('',*,*,#4420,.T.);
#4996=ORIENTED_EDGE('',*,*,#4995,.T.);
#4998=ORIENTED_EDGE('',*,*,#4997,.T.);
#5000=ORIENTED_EDGE('',*,*,#4999,.T.);
#5001=EDGE_LOOP('',(#4994,#4996,#4998,#5000));
#5002=FACE_OUTER_BOUND('',#5001,.F.);
#5004=CARTESIAN_POINT('',(-3.15E0,-5.5E-1,-5.494643497153E0));
#5005=DIRECTION('',(0.E0,-3.634720039469E-2,9.993392221981E-1));
#5006=DIRECTION('',(0.E0,-9.993392221981E-1,-3.634720039469E-2));
#5007=AXIS2_PLACEMENT_3D('',#5004,#5005,#5006);
#5008=PLANE('',#5007);
#5009=ORIENTED_EDGE('',*,*,#4125,.T.);
#5011=ORIENTED_EDGE('',*,*,#5010,.T.);
#5013=ORIENTED_EDGE('',*,*,#5012,.F.);
#5014=ORIENTED_EDGE('',*,*,#4980,.F.);
#5015=EDGE_LOOP('',(#5009,#5011,#5013,#5014));
#5016=FACE_OUTER_BOUND('',#5015,.F.);
#5018=CARTESIAN_POINT('',(-2.85E0,0.E0,-4.4E0));
#5019=DIRECTION('',(1.E0,0.E0,0.E0));
#5020=DIRECTION('',(0.E0,1.E0,0.E0));
#5021=AXIS2_PLACEMENT_3D('',#5018,#5019,#5020);
#5022=PLANE('',#5021);
#5023=ORIENTED_EDGE('',*,*,#4275,.T.);
#5025=ORIENTED_EDGE('',*,*,#5024,.F.);
#5027=ORIENTED_EDGE('',*,*,#5026,.F.);
#5028=ORIENTED_EDGE('',*,*,#5010,.F.);
#5029=ORIENTED_EDGE('',*,*,#4123,.F.);
#5030=EDGE_LOOP('',(#5023,#5025,#5027,#5028,#5029));
#5031=FACE_OUTER_BOUND('',#5030,.F.);
#5033=CARTESIAN_POINT('',(-2.85E0,0.E0,-4.4E0));
#5034=DIRECTION('',(1.E0,0.E0,0.E0));
#5035=DIRECTION('',(0.E0,1.E0,0.E0));
#5036=AXIS2_PLACEMENT_3D('',#5033,#5034,#5035);
#5037=PLANE('',#5036);
#5038=ORIENTED_EDGE('',*,*,#4424,.F.);
#5040=ORIENTED_EDGE('',*,*,#5039,.F.);
#5042=ORIENTED_EDGE('',*,*,#5041,.F.);
#5044=ORIENTED_EDGE('',*,*,#5043,.F.);
#5045=EDGE_LOOP('',(#5038,#5040,#5042,#5044));
#5046=FACE_OUTER_BOUND('',#5045,.F.);
#5048=CARTESIAN_POINT('',(-3.15E0,-3.254547919942E0,-5.893209606013E0));
#5049=DIRECTION('',(0.E0,3.634720039469E-2,-9.993392221981E-1));
#5050=DIRECTION('',(0.E0,9.993392221981E-1,3.634720039469E-2));
#5051=AXIS2_PLACEMENT_3D('',#5048,#5049,#5050);
#5052=PLANE('',#5051);
#5053=ORIENTED_EDGE('',*,*,#4273,.F.);
#5054=ORIENTED_EDGE('',*,*,#4984,.F.);
#5056=ORIENTED_EDGE('',*,*,#5055,.T.);
#5057=ORIENTED_EDGE('',*,*,#5024,.T.);
#5058=EDGE_LOOP('',(#5053,#5054,#5056,#5057));
#5059=FACE_OUTER_BOUND('',#5058,.F.);
#5061=CARTESIAN_POINT('',(-3.15E0,-3.265452080061E0,-5.593407839354E0));
#5062=DIRECTION('',(0.E0,-9.993392221981E-1,-3.634720039469E-2));
#5063=DIRECTION('',(0.E0,3.634720039469E-2,-9.993392221981E-1));
#5064=AXIS2_PLACEMENT_3D('',#5061,#5062,#5063);
#5065=PLANE('',#5064);
#5066=ORIENTED_EDGE('',*,*,#4982,.F.);
#5067=ORIENTED_EDGE('',*,*,#5012,.T.);
#5068=ORIENTED_EDGE('',*,*,#5026,.T.);
#5069=ORIENTED_EDGE('',*,*,#5055,.F.);
#5070=EDGE_LOOP('',(#5066,#5067,#5068,#5069));
#5071=FACE_OUTER_BOUND('',#5070,.F.);
#5073=CARTESIAN_POINT('',(-3.15E0,-5.5E-1,-2.1E0));
#5074=DIRECTION('',(0.E0,-1.E0,0.E0));
#5075=DIRECTION('',(0.E0,0.E0,-1.E0));
#5076=AXIS2_PLACEMENT_3D('',#5073,#5074,#5075);
#5077=PLANE('',#5076);
#5078=ORIENTED_EDGE('',*,*,#4422,.F.);
#5079=ORIENTED_EDGE('',*,*,#4999,.F.);
#5081=ORIENTED_EDGE('',*,*,#5080,.T.);
#5082=ORIENTED_EDGE('',*,*,#5039,.T.);
#5083=EDGE_LOOP('',(#5078,#5079,#5081,#5082));
#5084=FACE_OUTER_BOUND('',#5083,.F.);
#5086=CARTESIAN_POINT('',(-3.15E0,-2.5E-1,-2.1E0));
#5087=DIRECTION('',(0.E0,0.E0,1.E0));
#5088=DIRECTION('',(0.E0,-1.E0,0.E0));
#5089=AXIS2_PLACEMENT_3D('',#5086,#5087,#5088);
#5090=PLANE('',#5089);
#5091=ORIENTED_EDGE('',*,*,#4997,.F.);
#5093=ORIENTED_EDGE('',*,*,#5092,.T.);
#5094=ORIENTED_EDGE('',*,*,#5041,.T.);
#5095=ORIENTED_EDGE('',*,*,#5080,.F.);
#5096=EDGE_LOOP('',(#5091,#5093,#5094,#5095));
#5097=FACE_OUTER_BOUND('',#5096,.F.);
#5099=CARTESIAN_POINT('',(-3.15E0,-2.5E-1,-5.783930491459E0));
#5100=DIRECTION('',(0.E0,1.E0,0.E0));
#5101=DIRECTION('',(0.E0,0.E0,1.E0));
#5102=AXIS2_PLACEMENT_3D('',#5099,#5100,#5101);
#5103=PLANE('',#5102);
#5104=ORIENTED_EDGE('',*,*,#4426,.T.);
#5105=ORIENTED_EDGE('',*,*,#5043,.T.);
#5106=ORIENTED_EDGE('',*,*,#5092,.F.);
#5107=ORIENTED_EDGE('',*,*,#4995,.F.);
#5108=EDGE_LOOP('',(#5104,#5105,#5106,#5107));
#5109=FACE_OUTER_BOUND('',#5108,.F.);
#5111=CARTESIAN_POINT('',(-1.65E0,0.E0,-4.4E0));
#5112=DIRECTION('',(1.E0,0.E0,0.E0));
#5113=DIRECTION('',(0.E0,1.E0,0.E0));
#5114=AXIS2_PLACEMENT_3D('',#5111,#5112,#5113);
#5115=PLANE('',#5114);
#5116=ORIENTED_EDGE('',*,*,#4278,.F.);
#5117=ORIENTED_EDGE('',*,*,#4119,.T.);
#5119=ORIENTED_EDGE('',*,*,#5118,.T.);
#5121=ORIENTED_EDGE('',*,*,#5120,.T.);
#5123=ORIENTED_EDGE('',*,*,#5122,.T.);
#5124=EDGE_LOOP('',(#5116,#5117,#5119,#5121,#5123));
#5125=FACE_OUTER_BOUND('',#5124,.F.);
#5127=CARTESIAN_POINT('',(-1.65E0,0.E0,-4.4E0));
#5128=DIRECTION('',(1.E0,0.E0,0.E0));
#5129=DIRECTION('',(0.E0,1.E0,0.E0));
#5130=AXIS2_PLACEMENT_3D('',#5127,#5128,#5129);
#5131=PLANE('',#5130);
#5132=ORIENTED_EDGE('',*,*,#4430,.T.);
#5134=ORIENTED_EDGE('',*,*,#5133,.T.);
#5136=ORIENTED_EDGE('',*,*,#5135,.T.);
#5138=ORIENTED_EDGE('',*,*,#5137,.T.);
#5139=EDGE_LOOP('',(#5132,#5134,#5136,#5138));
#5140=FACE_OUTER_BOUND('',#5139,.F.);
#5142=CARTESIAN_POINT('',(-1.65E0,-5.5E-1,-5.494643497153E0));
#5143=DIRECTION('',(0.E0,-3.634720039469E-2,9.993392221981E-1));
#5144=DIRECTION('',(0.E0,-9.993392221981E-1,-3.634720039469E-2));
#5145=AXIS2_PLACEMENT_3D('',#5142,#5143,#5144);
#5146=PLANE('',#5145);
#5147=ORIENTED_EDGE('',*,*,#4117,.T.);
#5149=ORIENTED_EDGE('',*,*,#5148,.T.);
#5151=ORIENTED_EDGE('',*,*,#5150,.F.);
#5152=ORIENTED_EDGE('',*,*,#5118,.F.);
#5153=EDGE_LOOP('',(#5147,#5149,#5151,#5152));
#5154=FACE_OUTER_BOUND('',#5153,.F.);
#5156=CARTESIAN_POINT('',(-1.35E0,0.E0,-4.4E0));
#5157=DIRECTION('',(1.E0,0.E0,0.E0));
#5158=DIRECTION('',(0.E0,1.E0,0.E0));
#5159=AXIS2_PLACEMENT_3D('',#5156,#5157,#5158);
#5160=PLANE('',#5159);
#5161=ORIENTED_EDGE('',*,*,#4282,.T.);
#5163=ORIENTED_EDGE('',*,*,#5162,.F.);
#5165=ORIENTED_EDGE('',*,*,#5164,.F.);
#5166=ORIENTED_EDGE('',*,*,#5148,.F.);
#5167=ORIENTED_EDGE('',*,*,#4115,.F.);
#5168=EDGE_LOOP('',(#5161,#5163,#5165,#5166,#5167));
#5169=FACE_OUTER_BOUND('',#5168,.F.);
#5171=CARTESIAN_POINT('',(-1.35E0,0.E0,-4.4E0));
#5172=DIRECTION('',(1.E0,0.E0,0.E0));
#5173=DIRECTION('',(0.E0,1.E0,0.E0));
#5174=AXIS2_PLACEMENT_3D('',#5171,#5172,#5173);
#5175=PLANE('',#5174);
#5176=ORIENTED_EDGE('',*,*,#4434,.F.);
#5178=ORIENTED_EDGE('',*,*,#5177,.F.);
#5180=ORIENTED_EDGE('',*,*,#5179,.F.);
#5182=ORIENTED_EDGE('',*,*,#5181,.F.);
#5183=EDGE_LOOP('',(#5176,#5178,#5180,#5182));
#5184=FACE_OUTER_BOUND('',#5183,.F.);
#5186=CARTESIAN_POINT('',(-1.65E0,-3.254547919942E0,-5.893209606013E0));
#5187=DIRECTION('',(0.E0,3.634720039469E-2,-9.993392221981E-1));
#5188=DIRECTION('',(0.E0,9.993392221981E-1,3.634720039469E-2));
#5189=AXIS2_PLACEMENT_3D('',#5186,#5187,#5188);
#5190=PLANE('',#5189);
#5191=ORIENTED_EDGE('',*,*,#4280,.F.);
#5192=ORIENTED_EDGE('',*,*,#5122,.F.);
#5194=ORIENTED_EDGE('',*,*,#5193,.T.);
#5195=ORIENTED_EDGE('',*,*,#5162,.T.);
#5196=EDGE_LOOP('',(#5191,#5192,#5194,#5195));
#5197=FACE_OUTER_BOUND('',#5196,.F.);
#5199=CARTESIAN_POINT('',(-1.65E0,-3.265452080061E0,-5.593407839354E0));
#5200=DIRECTION('',(0.E0,-9.993392221981E-1,-3.634720039469E-2));
#5201=DIRECTION('',(0.E0,3.634720039469E-2,-9.993392221981E-1));
#5202=AXIS2_PLACEMENT_3D('',#5199,#5200,#5201);
#5203=PLANE('',#5202);
#5204=ORIENTED_EDGE('',*,*,#5120,.F.);
#5205=ORIENTED_EDGE('',*,*,#5150,.T.);
#5206=ORIENTED_EDGE('',*,*,#5164,.T.);
#5207=ORIENTED_EDGE('',*,*,#5193,.F.);
#5208=EDGE_LOOP('',(#5204,#5205,#5206,#5207));
#5209=FACE_OUTER_BOUND('',#5208,.F.);
#5211=CARTESIAN_POINT('',(-1.65E0,-5.5E-1,-2.1E0));
#5212=DIRECTION('',(0.E0,-1.E0,0.E0));
#5213=DIRECTION('',(0.E0,0.E0,-1.E0));
#5214=AXIS2_PLACEMENT_3D('',#5211,#5212,#5213);
#5215=PLANE('',#5214);
#5216=ORIENTED_EDGE('',*,*,#4432,.F.);
#5217=ORIENTED_EDGE('',*,*,#5137,.F.);
#5219=ORIENTED_EDGE('',*,*,#5218,.T.);
#5220=ORIENTED_EDGE('',*,*,#5177,.T.);
#5221=EDGE_LOOP('',(#5216,#5217,#5219,#5220));
#5222=FACE_OUTER_BOUND('',#5221,.F.);
#5224=CARTESIAN_POINT('',(-1.65E0,-2.5E-1,-2.1E0));
#5225=DIRECTION('',(0.E0,0.E0,1.E0));
#5226=DIRECTION('',(0.E0,-1.E0,0.E0));
#5227=AXIS2_PLACEMENT_3D('',#5224,#5225,#5226);
#5228=PLANE('',#5227);
#5229=ORIENTED_EDGE('',*,*,#5135,.F.);
#5231=ORIENTED_EDGE('',*,*,#5230,.T.);
#5232=ORIENTED_EDGE('',*,*,#5179,.T.);
#5233=ORIENTED_EDGE('',*,*,#5218,.F.);
#5234=EDGE_LOOP('',(#5229,#5231,#5232,#5233));
#5235=FACE_OUTER_BOUND('',#5234,.F.);
#5237=CARTESIAN_POINT('',(-1.65E0,-2.5E-1,-5.783930491459E0));
#5238=DIRECTION('',(0.E0,1.E0,0.E0));
#5239=DIRECTION('',(0.E0,0.E0,1.E0));
#5240=AXIS2_PLACEMENT_3D('',#5237,#5238,#5239);
#5241=PLANE('',#5240);
#5242=ORIENTED_EDGE('',*,*,#4436,.T.);
#5243=ORIENTED_EDGE('',*,*,#5181,.T.);
#5244=ORIENTED_EDGE('',*,*,#5230,.F.);
#5245=ORIENTED_EDGE('',*,*,#5133,.F.);
#5246=EDGE_LOOP('',(#5242,#5243,#5244,#5245));
#5247=FACE_OUTER_BOUND('',#5246,.F.);
#5249=CARTESIAN_POINT('',(-1.5E-1,0.E0,-4.4E0));
#5250=DIRECTION('',(1.E0,0.E0,0.E0));
#5251=DIRECTION('',(0.E0,1.E0,0.E0));
#5252=AXIS2_PLACEMENT_3D('',#5249,#5250,#5251);
#5253=PLANE('',#5252);
#5254=ORIENTED_EDGE('',*,*,#4285,.F.);
#5255=ORIENTED_EDGE('',*,*,#4111,.T.);
#5257=ORIENTED_EDGE('',*,*,#5256,.T.);
#5259=ORIENTED_EDGE('',*,*,#5258,.T.);
#5261=ORIENTED_EDGE('',*,*,#5260,.T.);
#5262=EDGE_LOOP('',(#5254,#5255,#5257,#5259,#5261));
#5263=FACE_OUTER_BOUND('',#5262,.F.);
#5265=CARTESIAN_POINT('',(-1.5E-1,0.E0,-4.4E0));
#5266=DIRECTION('',(1.E0,0.E0,0.E0));
#5267=DIRECTION('',(0.E0,1.E0,0.E0));
#5268=AXIS2_PLACEMENT_3D('',#5265,#5266,#5267);
#5269=PLANE('',#5268);
#5270=ORIENTED_EDGE('',*,*,#4440,.T.);
#5272=ORIENTED_EDGE('',*,*,#5271,.T.);
#5274=ORIENTED_EDGE('',*,*,#5273,.T.);
#5276=ORIENTED_EDGE('',*,*,#5275,.T.);
#5277=EDGE_LOOP('',(#5270,#5272,#5274,#5276));
#5278=FACE_OUTER_BOUND('',#5277,.F.);
#5280=CARTESIAN_POINT('',(-1.5E-1,-5.5E-1,-5.494643497153E0));
#5281=DIRECTION('',(0.E0,-3.634720039469E-2,9.993392221981E-1));
#5282=DIRECTION('',(0.E0,-9.993392221981E-1,-3.634720039469E-2));
#5283=AXIS2_PLACEMENT_3D('',#5280,#5281,#5282);
#5284=PLANE('',#5283);
#5285=ORIENTED_EDGE('',*,*,#4109,.T.);
#5287=ORIENTED_EDGE('',*,*,#5286,.T.);
#5289=ORIENTED_EDGE('',*,*,#5288,.F.);
#5290=ORIENTED_EDGE('',*,*,#5256,.F.);
#5291=EDGE_LOOP('',(#5285,#5287,#5289,#5290));
#5292=FACE_OUTER_BOUND('',#5291,.F.);
#5294=CARTESIAN_POINT('',(1.5E-1,0.E0,-4.4E0));
#5295=DIRECTION('',(1.E0,0.E0,0.E0));
#5296=DIRECTION('',(0.E0,1.E0,0.E0));
#5297=AXIS2_PLACEMENT_3D('',#5294,#5295,#5296);
#5298=PLANE('',#5297);
#5299=ORIENTED_EDGE('',*,*,#4289,.T.);
#5301=ORIENTED_EDGE('',*,*,#5300,.F.);
#5303=ORIENTED_EDGE('',*,*,#5302,.F.);
#5304=ORIENTED_EDGE('',*,*,#5286,.F.);
#5305=ORIENTED_EDGE('',*,*,#4107,.F.);
#5306=EDGE_LOOP('',(#5299,#5301,#5303,#5304,#5305));
#5307=FACE_OUTER_BOUND('',#5306,.F.);
#5309=CARTESIAN_POINT('',(1.5E-1,0.E0,-4.4E0));
#5310=DIRECTION('',(1.E0,0.E0,0.E0));
#5311=DIRECTION('',(0.E0,1.E0,0.E0));
#5312=AXIS2_PLACEMENT_3D('',#5309,#5310,#5311);
#5313=PLANE('',#5312);
#5314=ORIENTED_EDGE('',*,*,#4444,.F.);
#5316=ORIENTED_EDGE('',*,*,#5315,.F.);
#5318=ORIENTED_EDGE('',*,*,#5317,.F.);
#5320=ORIENTED_EDGE('',*,*,#5319,.F.);
#5321=EDGE_LOOP('',(#5314,#5316,#5318,#5320));
#5322=FACE_OUTER_BOUND('',#5321,.F.);
#5324=CARTESIAN_POINT('',(-1.5E-1,-3.254547919942E0,-5.893209606013E0));
#5325=DIRECTION('',(0.E0,3.634720039469E-2,-9.993392221981E-1));
#5326=DIRECTION('',(0.E0,9.993392221981E-1,3.634720039469E-2));
#5327=AXIS2_PLACEMENT_3D('',#5324,#5325,#5326);
#5328=PLANE('',#5327);
#5329=ORIENTED_EDGE('',*,*,#4287,.F.);
#5330=ORIENTED_EDGE('',*,*,#5260,.F.);
#5332=ORIENTED_EDGE('',*,*,#5331,.T.);
#5333=ORIENTED_EDGE('',*,*,#5300,.T.);
#5334=EDGE_LOOP('',(#5329,#5330,#5332,#5333));
#5335=FACE_OUTER_BOUND('',#5334,.F.);
#5337=CARTESIAN_POINT('',(-1.5E-1,-3.265452080061E0,-5.593407839354E0));
#5338=DIRECTION('',(0.E0,-9.993392221981E-1,-3.634720039469E-2));
#5339=DIRECTION('',(0.E0,3.634720039469E-2,-9.993392221981E-1));
#5340=AXIS2_PLACEMENT_3D('',#5337,#5338,#5339);
#5341=PLANE('',#5340);
#5342=ORIENTED_EDGE('',*,*,#5258,.F.);
#5343=ORIENTED_EDGE('',*,*,#5288,.T.);
#5344=ORIENTED_EDGE('',*,*,#5302,.T.);
#5345=ORIENTED_EDGE('',*,*,#5331,.F.);
#5346=EDGE_LOOP('',(#5342,#5343,#5344,#5345));
#5347=FACE_OUTER_BOUND('',#5346,.F.);
#5349=CARTESIAN_POINT('',(-1.5E-1,-5.5E-1,-2.1E0));
#5350=DIRECTION('',(0.E0,-1.E0,0.E0));
#5351=DIRECTION('',(0.E0,0.E0,-1.E0));
#5352=AXIS2_PLACEMENT_3D('',#5349,#5350,#5351);
#5353=PLANE('',#5352);
#5354=ORIENTED_EDGE('',*,*,#4442,.F.);
#5355=ORIENTED_EDGE('',*,*,#5275,.F.);
#5357=ORIENTED_EDGE('',*,*,#5356,.T.);
#5358=ORIENTED_EDGE('',*,*,#5315,.T.);
#5359=EDGE_LOOP('',(#5354,#5355,#5357,#5358));
#5360=FACE_OUTER_BOUND('',#5359,.F.);
#5362=CARTESIAN_POINT('',(-1.5E-1,-2.5E-1,-2.1E0));
#5363=DIRECTION('',(0.E0,0.E0,1.E0));
#5364=DIRECTION('',(0.E0,-1.E0,0.E0));
#5365=AXIS2_PLACEMENT_3D('',#5362,#5363,#5364);
#5366=PLANE('',#5365);
#5367=ORIENTED_EDGE('',*,*,#5273,.F.);
#5369=ORIENTED_EDGE('',*,*,#5368,.T.);
#5370=ORIENTED_EDGE('',*,*,#5317,.T.);
#5371=ORIENTED_EDGE('',*,*,#5356,.F.);
#5372=EDGE_LOOP('',(#5367,#5369,#5370,#5371));
#5373=FACE_OUTER_BOUND('',#5372,.F.);
#5375=CARTESIAN_POINT('',(-1.5E-1,-2.5E-1,-5.783930491459E0));
#5376=DIRECTION('',(0.E0,1.E0,0.E0));
#5377=DIRECTION('',(0.E0,0.E0,1.E0));
#5378=AXIS2_PLACEMENT_3D('',#5375,#5376,#5377);
#5379=PLANE('',#5378);
#5380=ORIENTED_EDGE('',*,*,#4446,.T.);
#5381=ORIENTED_EDGE('',*,*,#5319,.T.);
#5382=ORIENTED_EDGE('',*,*,#5368,.F.);
#5383=ORIENTED_EDGE('',*,*,#5271,.F.);
#5384=EDGE_LOOP('',(#5380,#5381,#5382,#5383));
#5385=FACE_OUTER_BOUND('',#5384,.F.);
#5387=CARTESIAN_POINT('',(1.35E0,0.E0,-4.4E0));
#5388=DIRECTION('',(1.E0,0.E0,0.E0));
#5389=DIRECTION('',(0.E0,1.E0,0.E0));
#5390=AXIS2_PLACEMENT_3D('',#5387,#5388,#5389);
#5391=PLANE('',#5390);
#5392=ORIENTED_EDGE('',*,*,#4292,.F.);
#5393=ORIENTED_EDGE('',*,*,#4103,.T.);
#5395=ORIENTED_EDGE('',*,*,#5394,.T.);
#5397=ORIENTED_EDGE('',*,*,#5396,.T.);
#5399=ORIENTED_EDGE('',*,*,#5398,.T.);
#5400=EDGE_LOOP('',(#5392,#5393,#5395,#5397,#5399));
#5401=FACE_OUTER_BOUND('',#5400,.F.);
#5403=CARTESIAN_POINT('',(1.35E0,0.E0,-4.4E0));
#5404=DIRECTION('',(1.E0,0.E0,0.E0));
#5405=DIRECTION('',(0.E0,1.E0,0.E0));
#5406=AXIS2_PLACEMENT_3D('',#5403,#5404,#5405);
#5407=PLANE('',#5406);
#5408=ORIENTED_EDGE('',*,*,#4450,.T.);
#5410=ORIENTED_EDGE('',*,*,#5409,.T.);
#5412=ORIENTED_EDGE('',*,*,#5411,.T.);
#5414=ORIENTED_EDGE('',*,*,#5413,.T.);
#5415=EDGE_LOOP('',(#5408,#5410,#5412,#5414));
#5416=FACE_OUTER_BOUND('',#5415,.F.);
#5418=CARTESIAN_POINT('',(1.35E0,-5.5E-1,-5.494643497153E0));
#5419=DIRECTION('',(0.E0,-3.634720039469E-2,9.993392221981E-1));
#5420=DIRECTION('',(0.E0,-9.993392221981E-1,-3.634720039469E-2));
#5421=AXIS2_PLACEMENT_3D('',#5418,#5419,#5420);
#5422=PLANE('',#5421);
#5423=ORIENTED_EDGE('',*,*,#4101,.T.);
#5425=ORIENTED_EDGE('',*,*,#5424,.T.);
#5427=ORIENTED_EDGE('',*,*,#5426,.F.);
#5428=ORIENTED_EDGE('',*,*,#5394,.F.);
#5429=EDGE_LOOP('',(#5423,#5425,#5427,#5428));
#5430=FACE_OUTER_BOUND('',#5429,.F.);
#5432=CARTESIAN_POINT('',(1.65E0,0.E0,-4.4E0));
#5433=DIRECTION('',(1.E0,0.E0,0.E0));
#5434=DIRECTION('',(0.E0,1.E0,0.E0));
#5435=AXIS2_PLACEMENT_3D('',#5432,#5433,#5434);
#5436=PLANE('',#5435);
#5437=ORIENTED_EDGE('',*,*,#4296,.T.);
#5439=ORIENTED_EDGE('',*,*,#5438,.F.);
#5441=ORIENTED_EDGE('',*,*,#5440,.F.);
#5442=ORIENTED_EDGE('',*,*,#5424,.F.);
#5443=ORIENTED_EDGE('',*,*,#4099,.F.);
#5444=EDGE_LOOP('',(#5437,#5439,#5441,#5442,#5443));
#5445=FACE_OUTER_BOUND('',#5444,.F.);
#5447=CARTESIAN_POINT('',(1.65E0,0.E0,-4.4E0));
#5448=DIRECTION('',(1.E0,0.E0,0.E0));
#5449=DIRECTION('',(0.E0,1.E0,0.E0));
#5450=AXIS2_PLACEMENT_3D('',#5447,#5448,#5449);
#5451=PLANE('',#5450);
#5452=ORIENTED_EDGE('',*,*,#4454,.F.);
#5454=ORIENTED_EDGE('',*,*,#5453,.F.);
#5456=ORIENTED_EDGE('',*,*,#5455,.F.);
#5458=ORIENTED_EDGE('',*,*,#5457,.F.);
#5459=EDGE_LOOP('',(#5452,#5454,#5456,#5458));
#5460=FACE_OUTER_BOUND('',#5459,.F.);
#5462=CARTESIAN_POINT('',(1.35E0,-3.254547919942E0,-5.893209606013E0));
#5463=DIRECTION('',(0.E0,3.634720039469E-2,-9.993392221981E-1));
#5464=DIRECTION('',(0.E0,9.993392221981E-1,3.634720039469E-2));
#5465=AXIS2_PLACEMENT_3D('',#5462,#5463,#5464);
#5466=PLANE('',#5465);
#5467=ORIENTED_EDGE('',*,*,#4294,.F.);
#5468=ORIENTED_EDGE('',*,*,#5398,.F.);
#5470=ORIENTED_EDGE('',*,*,#5469,.T.);
#5471=ORIENTED_EDGE('',*,*,#5438,.T.);
#5472=EDGE_LOOP('',(#5467,#5468,#5470,#5471));
#5473=FACE_OUTER_BOUND('',#5472,.F.);
#5475=CARTESIAN_POINT('',(1.35E0,-3.265452080061E0,-5.593407839354E0));
#5476=DIRECTION('',(0.E0,-9.993392221981E-1,-3.634720039469E-2));
#5477=DIRECTION('',(0.E0,3.634720039469E-2,-9.993392221981E-1));
#5478=AXIS2_PLACEMENT_3D('',#5475,#5476,#5477);
#5479=PLANE('',#5478);
#5480=ORIENTED_EDGE('',*,*,#5396,.F.);
#5481=ORIENTED_EDGE('',*,*,#5426,.T.);
#5482=ORIENTED_EDGE('',*,*,#5440,.T.);
#5483=ORIENTED_EDGE('',*,*,#5469,.F.);
#5484=EDGE_LOOP('',(#5480,#5481,#5482,#5483));
#5485=FACE_OUTER_BOUND('',#5484,.F.);
#5487=CARTESIAN_POINT('',(1.35E0,-5.5E-1,-2.1E0));
#5488=DIRECTION('',(0.E0,-1.E0,0.E0));
#5489=DIRECTION('',(0.E0,0.E0,-1.E0));
#5490=AXIS2_PLACEMENT_3D('',#5487,#5488,#5489);
#5491=PLANE('',#5490);
#5492=ORIENTED_EDGE('',*,*,#4452,.F.);
#5493=ORIENTED_EDGE('',*,*,#5413,.F.);
#5495=ORIENTED_EDGE('',*,*,#5494,.T.);
#5496=ORIENTED_EDGE('',*,*,#5453,.T.);
#5497=EDGE_LOOP('',(#5492,#5493,#5495,#5496));
#5498=FACE_OUTER_BOUND('',#5497,.F.);
#5500=CARTESIAN_POINT('',(1.35E0,-2.5E-1,-2.1E0));
#5501=DIRECTION('',(0.E0,0.E0,1.E0));
#5502=DIRECTION('',(0.E0,-1.E0,0.E0));
#5503=AXIS2_PLACEMENT_3D('',#5500,#5501,#5502);
#5504=PLANE('',#5503);
#5505=ORIENTED_EDGE('',*,*,#5411,.F.);
#5507=ORIENTED_EDGE('',*,*,#5506,.T.);
#5508=ORIENTED_EDGE('',*,*,#5455,.T.);
#5509=ORIENTED_EDGE('',*,*,#5494,.F.);
#5510=EDGE_LOOP('',(#5505,#5507,#5508,#5509));
#5511=FACE_OUTER_BOUND('',#5510,.F.);
#5513=CARTESIAN_POINT('',(1.35E0,-2.5E-1,-5.783930491459E0));
#5514=DIRECTION('',(0.E0,1.E0,0.E0));
#5515=DIRECTION('',(0.E0,0.E0,1.E0));
#5516=AXIS2_PLACEMENT_3D('',#5513,#5514,#5515);
#5517=PLANE('',#5516);
#5518=ORIENTED_EDGE('',*,*,#4456,.T.);
#5519=ORIENTED_EDGE('',*,*,#5457,.T.);
#5520=ORIENTED_EDGE('',*,*,#5506,.F.);
#5521=ORIENTED_EDGE('',*,*,#5409,.F.);
#5522=EDGE_LOOP('',(#5518,#5519,#5520,#5521));
#5523=FACE_OUTER_BOUND('',#5522,.F.);
#5525=CARTESIAN_POINT('',(2.85E0,0.E0,-4.4E0));
#5526=DIRECTION('',(1.E0,0.E0,0.E0));
#5527=DIRECTION('',(0.E0,1.E0,0.E0));
#5528=AXIS2_PLACEMENT_3D('',#5525,#5526,#5527);
#5529=PLANE('',#5528);
#5530=ORIENTED_EDGE('',*,*,#4299,.F.);
#5531=ORIENTED_EDGE('',*,*,#4095,.T.);
#5533=ORIENTED_EDGE('',*,*,#5532,.T.);
#5535=ORIENTED_EDGE('',*,*,#5534,.T.);
#5537=ORIENTED_EDGE('',*,*,#5536,.T.);
#5538=EDGE_LOOP('',(#5530,#5531,#5533,#5535,#5537));
#5539=FACE_OUTER_BOUND('',#5538,.F.);
#5541=CARTESIAN_POINT('',(2.85E0,0.E0,-4.4E0));
#5542=DIRECTION('',(1.E0,0.E0,0.E0));
#5543=DIRECTION('',(0.E0,1.E0,0.E0));
#5544=AXIS2_PLACEMENT_3D('',#5541,#5542,#5543);
#5545=PLANE('',#5544);
#5546=ORIENTED_EDGE('',*,*,#4460,.T.);
#5548=ORIENTED_EDGE('',*,*,#5547,.T.);
#5550=ORIENTED_EDGE('',*,*,#5549,.T.);
#5552=ORIENTED_EDGE('',*,*,#5551,.T.);
#5553=EDGE_LOOP('',(#5546,#5548,#5550,#5552));
#5554=FACE_OUTER_BOUND('',#5553,.F.);
#5556=CARTESIAN_POINT('',(2.85E0,-5.5E-1,-5.494643497153E0));
#5557=DIRECTION('',(0.E0,-3.634720039469E-2,9.993392221981E-1));
#5558=DIRECTION('',(0.E0,-9.993392221981E-1,-3.634720039469E-2));
#5559=AXIS2_PLACEMENT_3D('',#5556,#5557,#5558);
#5560=PLANE('',#5559);
#5561=ORIENTED_EDGE('',*,*,#4093,.T.);
#5563=ORIENTED_EDGE('',*,*,#5562,.T.);
#5565=ORIENTED_EDGE('',*,*,#5564,.F.);
#5566=ORIENTED_EDGE('',*,*,#5532,.F.);
#5567=EDGE_LOOP('',(#5561,#5563,#5565,#5566));
#5568=FACE_OUTER_BOUND('',#5567,.F.);
#5570=CARTESIAN_POINT('',(3.15E0,0.E0,-4.4E0));
#5571=DIRECTION('',(1.E0,0.E0,0.E0));
#5572=DIRECTION('',(0.E0,1.E0,0.E0));
#5573=AXIS2_PLACEMENT_3D('',#5570,#5571,#5572);
#5574=PLANE('',#5573);
#5575=ORIENTED_EDGE('',*,*,#4303,.T.);
#5577=ORIENTED_EDGE('',*,*,#5576,.F.);
#5579=ORIENTED_EDGE('',*,*,#5578,.F.);
#5580=ORIENTED_EDGE('',*,*,#5562,.F.);
#5581=ORIENTED_EDGE('',*,*,#4091,.F.);
#5582=EDGE_LOOP('',(#5575,#5577,#5579,#5580,#5581));
#5583=FACE_OUTER_BOUND('',#5582,.F.);
#5585=CARTESIAN_POINT('',(3.15E0,0.E0,-4.4E0));
#5586=DIRECTION('',(1.E0,0.E0,0.E0));
#5587=DIRECTION('',(0.E0,1.E0,0.E0));
#5588=AXIS2_PLACEMENT_3D('',#5585,#5586,#5587);
#5589=PLANE('',#5588);
#5590=ORIENTED_EDGE('',*,*,#4464,.F.);
#5592=ORIENTED_EDGE('',*,*,#5591,.F.);
#5594=ORIENTED_EDGE('',*,*,#5593,.F.);
#5596=ORIENTED_EDGE('',*,*,#5595,.F.);
#5597=EDGE_LOOP('',(#5590,#5592,#5594,#5596));
#5598=FACE_OUTER_BOUND('',#5597,.F.);
#5600=CARTESIAN_POINT('',(2.85E0,-3.254547919942E0,-5.893209606013E0));
#5601=DIRECTION('',(0.E0,3.634720039469E-2,-9.993392221981E-1));
#5602=DIRECTION('',(0.E0,9.993392221981E-1,3.634720039469E-2));
#5603=AXIS2_PLACEMENT_3D('',#5600,#5601,#5602);
#5604=PLANE('',#5603);
#5605=ORIENTED_EDGE('',*,*,#4301,.F.);
#5606=ORIENTED_EDGE('',*,*,#5536,.F.);
#5608=ORIENTED_EDGE('',*,*,#5607,.T.);
#5609=ORIENTED_EDGE('',*,*,#5576,.T.);
#5610=EDGE_LOOP('',(#5605,#5606,#5608,#5609));
#5611=FACE_OUTER_BOUND('',#5610,.F.);
#5613=CARTESIAN_POINT('',(2.85E0,-3.265452080061E0,-5.593407839354E0));
#5614=DIRECTION('',(0.E0,-9.993392221981E-1,-3.634720039469E-2));
#5615=DIRECTION('',(0.E0,3.634720039469E-2,-9.993392221981E-1));
#5616=AXIS2_PLACEMENT_3D('',#5613,#5614,#5615);
#5617=PLANE('',#5616);
#5618=ORIENTED_EDGE('',*,*,#5534,.F.);
#5619=ORIENTED_EDGE('',*,*,#5564,.T.);
#5620=ORIENTED_EDGE('',*,*,#5578,.T.);
#5621=ORIENTED_EDGE('',*,*,#5607,.F.);
#5622=EDGE_LOOP('',(#5618,#5619,#5620,#5621));
#5623=FACE_OUTER_BOUND('',#5622,.F.);
#5625=CARTESIAN_POINT('',(2.85E0,-5.5E-1,-2.1E0));
#5626=DIRECTION('',(0.E0,-1.E0,0.E0));
#5627=DIRECTION('',(0.E0,0.E0,-1.E0));
#5628=AXIS2_PLACEMENT_3D('',#5625,#5626,#5627);
#5629=PLANE('',#5628);
#5630=ORIENTED_EDGE('',*,*,#4462,.F.);
#5631=ORIENTED_EDGE('',*,*,#5551,.F.);
#5633=ORIENTED_EDGE('',*,*,#5632,.T.);
#5634=ORIENTED_EDGE('',*,*,#5591,.T.);
#5635=EDGE_LOOP('',(#5630,#5631,#5633,#5634));
#5636=FACE_OUTER_BOUND('',#5635,.F.);
#5638=CARTESIAN_POINT('',(2.85E0,-2.5E-1,-2.1E0));
#5639=DIRECTION('',(0.E0,0.E0,1.E0));
#5640=DIRECTION('',(0.E0,-1.E0,0.E0));
#5641=AXIS2_PLACEMENT_3D('',#5638,#5639,#5640);
#5642=PLANE('',#5641);
#5643=ORIENTED_EDGE('',*,*,#5549,.F.);
#5645=ORIENTED_EDGE('',*,*,#5644,.T.);
#5646=ORIENTED_EDGE('',*,*,#5593,.T.);
#5647=ORIENTED_EDGE('',*,*,#5632,.F.);
#5648=EDGE_LOOP('',(#5643,#5645,#5646,#5647));
#5649=FACE_OUTER_BOUND('',#5648,.F.);
#5651=CARTESIAN_POINT('',(2.85E0,-2.5E-1,-5.783930491459E0));
#5652=DIRECTION('',(0.E0,1.E0,0.E0));
#5653=DIRECTION('',(0.E0,0.E0,1.E0));
#5654=AXIS2_PLACEMENT_3D('',#5651,#5652,#5653);
#5655=PLANE('',#5654);
#5656=ORIENTED_EDGE('',*,*,#4466,.T.);
#5657=ORIENTED_EDGE('',*,*,#5595,.T.);
#5658=ORIENTED_EDGE('',*,*,#5644,.F.);
#5659=ORIENTED_EDGE('',*,*,#5547,.F.);
#5660=EDGE_LOOP('',(#5656,#5657,#5658,#5659));
#5661=FACE_OUTER_BOUND('',#5660,.F.);
#5663=CARTESIAN_POINT('',(4.35E0,-5.5E-1,-2.1E0));
#5664=DIRECTION('',(0.E0,-1.E0,0.E0));
#5665=DIRECTION('',(0.E0,0.E0,-1.E0));
#5666=AXIS2_PLACEMENT_3D('',#5663,#5664,#5665);
#5667=PLANE('',#5666);
#5668=ORIENTED_EDGE('',*,*,#4471,.F.);
#5669=ORIENTED_EDGE('',*,*,#4219,.F.);
#5671=ORIENTED_EDGE('',*,*,#5670,.T.);
#5672=ORIENTED_EDGE('',*,*,#4370,.T.);
#5673=EDGE_LOOP('',(#5668,#5669,#5671,#5672));
#5674=FACE_OUTER_BOUND('',#5673,.F.);
#5676=CARTESIAN_POINT('',(4.35E0,-2.5E-1,-2.1E0));
#5677=DIRECTION('',(0.E0,0.E0,1.E0));
#5678=DIRECTION('',(0.E0,-1.E0,0.E0));
#5679=AXIS2_PLACEMENT_3D('',#5676,#5677,#5678);
#5680=PLANE('',#5679);
#5681=ORIENTED_EDGE('',*,*,#4217,.F.);
#5683=ORIENTED_EDGE('',*,*,#5682,.T.);
#5684=ORIENTED_EDGE('',*,*,#4372,.T.);
#5685=ORIENTED_EDGE('',*,*,#5670,.F.);
#5686=EDGE_LOOP('',(#5681,#5683,#5684,#5685));
#5687=FACE_OUTER_BOUND('',#5686,.F.);
#5689=CARTESIAN_POINT('',(4.35E0,-2.5E-1,-5.783930491459E0));
#5690=DIRECTION('',(0.E0,1.E0,0.E0));
#5691=DIRECTION('',(0.E0,0.E0,1.E0));
#5692=AXIS2_PLACEMENT_3D('',#5689,#5690,#5691);
#5693=PLANE('',#5692);
#5694=ORIENTED_EDGE('',*,*,#4474,.T.);
#5695=ORIENTED_EDGE('',*,*,#4374,.T.);
#5696=ORIENTED_EDGE('',*,*,#5682,.F.);
#5697=ORIENTED_EDGE('',*,*,#4215,.F.);
#5698=EDGE_LOOP('',(#5694,#5695,#5696,#5697));
#5699=FACE_OUTER_BOUND('',#5698,.F.);
#5701=CARTESIAN_POINT('',(-4.40625E0,-1.8E0,-4.4E0));
#5702=DIRECTION('',(1.E0,0.E0,0.E0));
#5703=DIRECTION('',(0.E0,1.E0,0.E0));
#5704=AXIS2_PLACEMENT_3D('',#5701,#5702,#5703);
#5705=PLANE('',#5704);
#5706=ORIENTED_EDGE('',*,*,#4478,.F.);
#5708=ORIENTED_EDGE('',*,*,#5707,.T.);
#5710=ORIENTED_EDGE('',*,*,#5709,.T.);
#5712=ORIENTED_EDGE('',*,*,#5711,.F.);
#5713=EDGE_LOOP('',(#5706,#5708,#5710,#5712));
#5714=FACE_OUTER_BOUND('',#5713,.F.);
#5716=CARTESIAN_POINT('',(-4.5E0,-1.8E0,-4.4E0));
#5717=DIRECTION('',(0.E0,-1.E0,0.E0));
#5718=DIRECTION('',(1.E0,0.E0,0.E0));
#5719=AXIS2_PLACEMENT_3D('',#5716,#5717,#5718);
#5720=PLANE('',#5719);
#5721=ORIENTED_EDGE('',*,*,#4490,.F.);
#5723=ORIENTED_EDGE('',*,*,#5722,.T.);
#5725=ORIENTED_EDGE('',*,*,#5724,.T.);
#5726=ORIENTED_EDGE('',*,*,#5707,.F.);
#5727=EDGE_LOOP('',(#5721,#5723,#5725,#5726));
#5728=FACE_OUTER_BOUND('',#5727,.F.);
#5730=CARTESIAN_POINT('',(-4.5E0,-1.177659559250E0,-4.4E0));
#5731=DIRECTION('',(-1.E0,0.E0,0.E0));
#5732=DIRECTION('',(0.E0,-1.E0,0.E0));
#5733=AXIS2_PLACEMENT_3D('',#5730,#5731,#5732);
#5734=PLANE('',#5733);
#5735=ORIENTED_EDGE('',*,*,#4488,.F.);
#5737=ORIENTED_EDGE('',*,*,#5736,.T.);
#5739=ORIENTED_EDGE('',*,*,#5738,.T.);
#5740=ORIENTED_EDGE('',*,*,#5722,.F.);
#5741=EDGE_LOOP('',(#5735,#5737,#5739,#5740));
#5742=FACE_OUTER_BOUND('',#5741,.F.);
#5744=CARTESIAN_POINT('',(-4.59375E0,-1.289361718297E0,-4.4E0));
#5745=DIRECTION('',(7.659743427825E-1,-6.428711427642E-1,0.E0));
#5746=DIRECTION('',(6.428711427642E-1,7.659743427825E-1,0.E0));
#5747=AXIS2_PLACEMENT_3D('',#5744,#5745,#5746);
#5748=PLANE('',#5747);
#5749=ORIENTED_EDGE('',*,*,#4486,.F.);
#5751=ORIENTED_EDGE('',*,*,#5750,.T.);
#5753=ORIENTED_EDGE('',*,*,#5752,.T.);
#5754=ORIENTED_EDGE('',*,*,#5736,.F.);
#5755=EDGE_LOOP('',(#5749,#5751,#5753,#5754));
#5756=FACE_OUTER_BOUND('',#5755,.F.);
#5758=CARTESIAN_POINT('',(-4.59375E0,-1.161702114344E0,-4.4E0));
#5759=DIRECTION('',(-1.E0,0.E0,0.E0));
#5760=DIRECTION('',(0.E0,-1.E0,0.E0));
#5761=AXIS2_PLACEMENT_3D('',#5758,#5759,#5760);
#5762=PLANE('',#5761);
#5763=ORIENTED_EDGE('',*,*,#4484,.F.);
#5765=ORIENTED_EDGE('',*,*,#5764,.T.);
#5767=ORIENTED_EDGE('',*,*,#5766,.T.);
#5768=ORIENTED_EDGE('',*,*,#5750,.F.);
#5769=EDGE_LOOP('',(#5763,#5765,#5767,#5768));
#5770=FACE_OUTER_BOUND('',#5769,.F.);
#5772=CARTESIAN_POINT('',(-4.5E0,-1.05E0,-4.4E0));
#5773=DIRECTION('',(-7.659742160926E-1,6.428712937139E-1,0.E0));
#5774=DIRECTION('',(-6.428712937139E-1,-7.659742160926E-1,0.E0));
#5775=AXIS2_PLACEMENT_3D('',#5772,#5773,#5774);
#5776=PLANE('',#5775);
#5777=ORIENTED_EDGE('',*,*,#4482,.F.);
#5779=ORIENTED_EDGE('',*,*,#5778,.T.);
#5781=ORIENTED_EDGE('',*,*,#5780,.T.);
#5782=ORIENTED_EDGE('',*,*,#5764,.F.);
#5783=EDGE_LOOP('',(#5777,#5779,#5781,#5782));
#5784=FACE_OUTER_BOUND('',#5783,.F.);
#5786=CARTESIAN_POINT('',(-4.40625E0,-1.05E0,-4.4E0));
#5787=DIRECTION('',(0.E0,1.E0,0.E0));
#5788=DIRECTION('',(-1.E0,0.E0,0.E0));
#5789=AXIS2_PLACEMENT_3D('',#5786,#5787,#5788);
#5790=PLANE('',#5789);
#5791=ORIENTED_EDGE('',*,*,#4480,.F.);
#5792=ORIENTED_EDGE('',*,*,#5711,.T.);
#5794=ORIENTED_EDGE('',*,*,#5793,.T.);
#5795=ORIENTED_EDGE('',*,*,#5778,.F.);
#5796=EDGE_LOOP('',(#5791,#5792,#5794,#5795));
#5797=FACE_OUTER_BOUND('',#5796,.F.);
#5799=CARTESIAN_POINT('',(0.E0,0.E0,-4.39E0));
#5800=DIRECTION('',(0.E0,0.E0,1.E0));
#5801=DIRECTION('',(1.E0,0.E0,0.E0));
#5802=AXIS2_PLACEMENT_3D('',#5799,#5800,#5801);
#5803=PLANE('',#5802);
#5804=ORIENTED_EDGE('',*,*,#5709,.F.);
#5805=ORIENTED_EDGE('',*,*,#5724,.F.);
#5806=ORIENTED_EDGE('',*,*,#5738,.F.);
#5807=ORIENTED_EDGE('',*,*,#5752,.F.);
#5808=ORIENTED_EDGE('',*,*,#5766,.F.);
#5809=ORIENTED_EDGE('',*,*,#5780,.F.);
#5810=ORIENTED_EDGE('',*,*,#5793,.F.);
#5811=EDGE_LOOP('',(#5804,#5805,#5806,#5807,#5808,#5809,#5810));
#5812=FACE_OUTER_BOUND('',#5811,.F.);
#5814=CARTESIAN_POINT('',(4.95E0,-2.4E0,-5.8E0));
#5815=DIRECTION('',(-1.E0,0.E0,0.E0));
#5816=DIRECTION('',(0.E0,1.E0,0.E0));
#5817=AXIS2_PLACEMENT_3D('',#5814,#5815,#5816);
#5818=PLANE('',#5817);
#5819=ORIENTED_EDGE('',*,*,#4235,.F.);
#5820=ORIENTED_EDGE('',*,*,#4180,.T.);
#5822=ORIENTED_EDGE('',*,*,#5821,.T.);
#5824=ORIENTED_EDGE('',*,*,#5823,.T.);
#5826=ORIENTED_EDGE('',*,*,#5825,.F.);
#5828=ORIENTED_EDGE('',*,*,#5827,.F.);
#5829=EDGE_LOOP('',(#5819,#5820,#5822,#5824,#5826,#5828));
#5830=FACE_OUTER_BOUND('',#5829,.F.);
#5832=CARTESIAN_POINT('',(5.45E0,-2.4E0,-4.9E0));
#5833=DIRECTION('',(0.E0,0.E0,1.E0));
#5834=DIRECTION('',(-1.E0,0.E0,0.E0));
#5835=AXIS2_PLACEMENT_3D('',#5832,#5833,#5834);
#5836=PLANE('',#5835);
#5837=ORIENTED_EDGE('',*,*,#4178,.F.);
#5839=ORIENTED_EDGE('',*,*,#5838,.T.);
#5841=ORIENTED_EDGE('',*,*,#5840,.T.);
#5842=ORIENTED_EDGE('',*,*,#5821,.F.);
#5843=EDGE_LOOP('',(#5837,#5839,#5841,#5842));
#5844=FACE_OUTER_BOUND('',#5843,.F.);
#5846=CARTESIAN_POINT('',(5.45E0,-1.5E0,-5.8E0));
#5847=DIRECTION('',(1.E0,0.E0,0.E0));
#5848=DIRECTION('',(0.E0,-1.E0,0.E0));
#5849=AXIS2_PLACEMENT_3D('',#5846,#5847,#5848);
#5850=PLANE('',#5849);
#5852=ORIENTED_EDGE('',*,*,#5851,.F.);
#5854=ORIENTED_EDGE('',*,*,#5853,.T.);
#5855=ORIENTED_EDGE('',*,*,#5838,.F.);
#5856=ORIENTED_EDGE('',*,*,#4176,.F.);
#5857=ORIENTED_EDGE('',*,*,#4239,.T.);
#5859=ORIENTED_EDGE('',*,*,#5858,.T.);
#5860=EDGE_LOOP('',(#5852,#5854,#5855,#5856,#5857,#5859));
#5861=FACE_OUTER_BOUND('',#5860,.F.);
#5863=CARTESIAN_POINT('',(0.E0,0.E0,-5.9E0));
#5864=DIRECTION('',(0.E0,0.E0,-1.E0));
#5865=DIRECTION('',(1.E0,0.E0,0.E0));
#5866=AXIS2_PLACEMENT_3D('',#5863,#5864,#5865);
#5867=PLANE('',#5866);
#5868=ORIENTED_EDGE('',*,*,#5825,.T.);
#5870=ORIENTED_EDGE('',*,*,#5869,.T.);
#5871=ORIENTED_EDGE('',*,*,#5851,.T.);
#5873=ORIENTED_EDGE('',*,*,#5872,.F.);
#5874=EDGE_LOOP('',(#5868,#5870,#5871,#5873));
#5875=FACE_OUTER_BOUND('',#5874,.F.);
#5877=CARTESIAN_POINT('',(0.E0,0.E0,-5.9E0));
#5878=DIRECTION('',(0.E0,0.E0,-1.E0));
#5879=DIRECTION('',(1.E0,0.E0,0.E0));
#5880=AXIS2_PLACEMENT_3D('',#5877,#5878,#5879);
#5881=PLANE('',#5880);
#5883=ORIENTED_EDGE('',*,*,#5882,.F.);
#5885=ORIENTED_EDGE('',*,*,#5884,.T.);
#5887=ORIENTED_EDGE('',*,*,#5886,.F.);
#5889=ORIENTED_EDGE('',*,*,#5888,.F.);
#5890=EDGE_LOOP('',(#5883,#5885,#5887,#5889));
#5891=FACE_OUTER_BOUND('',#5890,.F.);
#5893=CARTESIAN_POINT('',(0.E0,-2.5E0,0.E0));
#5894=DIRECTION('',(0.E0,-1.E0,0.E0));
#5895=DIRECTION('',(-1.E0,0.E0,0.E0));
#5896=AXIS2_PLACEMENT_3D('',#5893,#5894,#5895);
#5897=PLANE('',#5896);
#5898=ORIENTED_EDGE('',*,*,#5853,.F.);
#5899=ORIENTED_EDGE('',*,*,#5869,.F.);
#5900=ORIENTED_EDGE('',*,*,#5823,.F.);
#5901=ORIENTED_EDGE('',*,*,#5840,.F.);
#5902=EDGE_LOOP('',(#5898,#5899,#5900,#5901));
#5903=FACE_OUTER_BOUND('',#5902,.F.);
#5905=CARTESIAN_POINT('',(0.E0,-2.5E0,0.E0));
#5906=DIRECTION('',(0.E0,-1.E0,0.E0));
#5907=DIRECTION('',(-1.E0,0.E0,0.E0));
#5908=AXIS2_PLACEMENT_3D('',#5905,#5906,#5907);
#5909=PLANE('',#5908);
#5910=ORIENTED_EDGE('',*,*,#5884,.F.);
#5912=ORIENTED_EDGE('',*,*,#5911,.F.);
#5914=ORIENTED_EDGE('',*,*,#5913,.F.);
#5916=ORIENTED_EDGE('',*,*,#5915,.F.);
#5917=EDGE_LOOP('',(#5910,#5912,#5914,#5916));
#5918=FACE_OUTER_BOUND('',#5917,.F.);
#5920=CARTESIAN_POINT('',(-5.45E0,-2.4E0,-5.8E0));
#5921=DIRECTION('',(-1.E0,0.E0,0.E0));
#5922=DIRECTION('',(0.E0,1.E0,0.E0));
#5923=AXIS2_PLACEMENT_3D('',#5920,#5921,#5922);
#5924=PLANE('',#5923);
#5925=ORIENTED_EDGE('',*,*,#4257,.F.);
#5926=ORIENTED_EDGE('',*,*,#4143,.T.);
#5928=ORIENTED_EDGE('',*,*,#5927,.T.);
#5929=ORIENTED_EDGE('',*,*,#5911,.T.);
#5930=ORIENTED_EDGE('',*,*,#5882,.T.);
#5932=ORIENTED_EDGE('',*,*,#5931,.F.);
#5933=EDGE_LOOP('',(#5925,#5926,#5928,#5929,#5930,#5932));
#5934=FACE_OUTER_BOUND('',#5933,.F.);
#5936=CARTESIAN_POINT('',(-4.95E0,-2.4E0,-4.9E0));
#5937=DIRECTION('',(0.E0,0.E0,1.E0));
#5938=DIRECTION('',(-1.E0,0.E0,0.E0));
#5939=AXIS2_PLACEMENT_3D('',#5936,#5937,#5938);
#5940=PLANE('',#5939);
#5941=ORIENTED_EDGE('',*,*,#4141,.T.);
#5943=ORIENTED_EDGE('',*,*,#5942,.T.);
#5944=ORIENTED_EDGE('',*,*,#5913,.T.);
#5945=ORIENTED_EDGE('',*,*,#5927,.F.);
#5946=EDGE_LOOP('',(#5941,#5943,#5944,#5945));
#5947=FACE_OUTER_BOUND('',#5946,.F.);
#5949=CARTESIAN_POINT('',(-4.95E0,-1.5E0,-5.8E0));
#5950=DIRECTION('',(1.E0,0.E0,0.E0));
#5951=DIRECTION('',(0.E0,-1.E0,0.E0));
#5952=AXIS2_PLACEMENT_3D('',#5949,#5950,#5951);
#5953=PLANE('',#5952);
#5954=ORIENTED_EDGE('',*,*,#5886,.T.);
#5955=ORIENTED_EDGE('',*,*,#5915,.T.);
#5956=ORIENTED_EDGE('',*,*,#5942,.F.);
#5957=ORIENTED_EDGE('',*,*,#4139,.F.);
#5958=ORIENTED_EDGE('',*,*,#4261,.T.);
#5960=ORIENTED_EDGE('',*,*,#5959,.T.);
#5961=EDGE_LOOP('',(#5954,#5955,#5956,#5957,#5958,#5960));
#5962=FACE_OUTER_BOUND('',#5961,.F.);
#5964=CARTESIAN_POINT('',(-5.45E0,-1.5E0,-5.8E0));
#5965=DIRECTION('',(0.E0,1.E0,0.E0));
#5966=DIRECTION('',(1.E0,0.E0,0.E0));
#5967=AXIS2_PLACEMENT_3D('',#5964,#5965,#5966);
#5968=PLANE('',#5967);
#5969=ORIENTED_EDGE('',*,*,#4259,.F.);
#5970=ORIENTED_EDGE('',*,*,#5931,.T.);
#5971=ORIENTED_EDGE('',*,*,#5888,.T.);
#5972=ORIENTED_EDGE('',*,*,#5959,.F.);
#5973=EDGE_LOOP('',(#5969,#5970,#5971,#5972));
#5974=FACE_OUTER_BOUND('',#5973,.F.);
#5976=CARTESIAN_POINT('',(4.95E0,-1.5E0,-5.8E0));
#5977=DIRECTION('',(0.E0,1.E0,0.E0));
#5978=DIRECTION('',(1.E0,0.E0,0.E0));
#5979=AXIS2_PLACEMENT_3D('',#5976,#5977,#5978);
#5980=PLANE('',#5979);
#5981=ORIENTED_EDGE('',*,*,#4237,.T.);
#5982=ORIENTED_EDGE('',*,*,#5827,.T.);
#5983=ORIENTED_EDGE('',*,*,#5872,.T.);
#5984=ORIENTED_EDGE('',*,*,#5858,.F.);
#5985=EDGE_LOOP('',(#5981,#5982,#5983,#5984));
#5986=FACE_OUTER_BOUND('',#5985,.F.);
#5988=CARTESIAN_POINT('',(6.95E0,-2.4E0,0.E0));
#5989=DIRECTION('',(1.E0,0.E0,0.E0));
#5990=DIRECTION('',(0.E0,1.E0,0.E0));
#5991=AXIS2_PLACEMENT_3D('',#5988,#5989,#5990);
#5992=PLANE('',#5991);
#5994=ORIENTED_EDGE('',*,*,#5993,.F.);
#5996=ORIENTED_EDGE('',*,*,#5995,.T.);
#5998=ORIENTED_EDGE('',*,*,#5997,.T.);
#6000=ORIENTED_EDGE('',*,*,#5999,.F.);
#6002=ORIENTED_EDGE('',*,*,#6001,.T.);
#6004=ORIENTED_EDGE('',*,*,#6003,.F.);
#6005=ORIENTED_EDGE('',*,*,#4242,.F.);
#6006=ORIENTED_EDGE('',*,*,#4172,.F.);
#6008=ORIENTED_EDGE('',*,*,#6007,.T.);
#6010=ORIENTED_EDGE('',*,*,#6009,.T.);
#6012=ORIENTED_EDGE('',*,*,#6011,.F.);
#6014=ORIENTED_EDGE('',*,*,#6013,.T.);
#6016=ORIENTED_EDGE('',*,*,#6015,.F.);
#6018=ORIENTED_EDGE('',*,*,#6017,.F.);
#6019=ORIENTED_EDGE('',*,*,#4033,.T.);
#6021=ORIENTED_EDGE('',*,*,#6020,.T.);
#6022=EDGE_LOOP('',(#5994,#5996,#5998,#6000,#6002,#6004,#6005,#6006,#6008,#6010,
#6012,#6014,#6016,#6018,#6019,#6021));
#6023=FACE_OUTER_BOUND('',#6022,.F.);
#6025=CARTESIAN_POINT('',(6.6125E0,2.25E0,-3.8E0));
#6026=DIRECTION('',(0.E0,3.162277660168E-1,-9.486832980505E-1));
#6027=DIRECTION('',(0.E0,-9.486832980505E-1,-3.162277660168E-1));
#6028=AXIS2_PLACEMENT_3D('',#6025,#6026,#6027);
#6029=PLANE('',#6028);
#6030=ORIENTED_EDGE('',*,*,#5993,.T.);
#6032=ORIENTED_EDGE('',*,*,#6031,.T.);
#6034=ORIENTED_EDGE('',*,*,#6033,.F.);
#6036=ORIENTED_EDGE('',*,*,#6035,.F.);
#6037=EDGE_LOOP('',(#6030,#6032,#6034,#6036));
#6038=FACE_OUTER_BOUND('',#6037,.F.);
#6040=CARTESIAN_POINT('',(6.95E0,2.4E0,0.E0));
#6041=DIRECTION('',(0.E0,1.E0,0.E0));
#6042=DIRECTION('',(-1.E0,0.E0,0.E0));
#6043=AXIS2_PLACEMENT_3D('',#6040,#6041,#6042);
#6044=PLANE('',#6043);
#6046=ORIENTED_EDGE('',*,*,#6045,.F.);
#6047=ORIENTED_EDGE('',*,*,#4248,.F.);
#6049=ORIENTED_EDGE('',*,*,#6048,.F.);
#6051=ORIENTED_EDGE('',*,*,#6050,.F.);
#6053=ORIENTED_EDGE('',*,*,#6052,.T.);
#6055=ORIENTED_EDGE('',*,*,#6054,.F.);
#6056=ORIENTED_EDGE('',*,*,#6031,.F.);
#6057=ORIENTED_EDGE('',*,*,#6020,.F.);
#6058=ORIENTED_EDGE('',*,*,#4031,.T.);
#6060=ORIENTED_EDGE('',*,*,#6059,.T.);
#6062=ORIENTED_EDGE('',*,*,#6061,.F.);
#6064=ORIENTED_EDGE('',*,*,#6063,.F.);
#6066=ORIENTED_EDGE('',*,*,#6065,.T.);
#6068=ORIENTED_EDGE('',*,*,#6067,.F.);
#6069=EDGE_LOOP('',(#6046,#6047,#6049,#6051,#6053,#6055,#6056,#6057,#6058,#6060,
#6062,#6064,#6066,#6068));
#6070=FACE_OUTER_BOUND('',#6069,.F.);
#6072=CARTESIAN_POINT('',(-6.085E0,7.5E-1,-5.61E0));
#6073=DIRECTION('',(-7.071067811865E-1,0.E0,-7.071067811865E-1));
#6074=DIRECTION('',(-7.071067811865E-1,0.E0,7.071067811865E-1));
#6075=AXIS2_PLACEMENT_3D('',#6072,#6073,#6074);
#6076=PLANE('',#6075);
#6078=ORIENTED_EDGE('',*,*,#6077,.F.);
#6080=ORIENTED_EDGE('',*,*,#6079,.F.);
#6082=ORIENTED_EDGE('',*,*,#6081,.T.);
#6083=ORIENTED_EDGE('',*,*,#4250,.T.);
#6084=ORIENTED_EDGE('',*,*,#6045,.T.);
#6086=ORIENTED_EDGE('',*,*,#6085,.T.);
#6088=ORIENTED_EDGE('',*,*,#6087,.F.);
#6089=EDGE_LOOP('',(#6078,#6080,#6082,#6083,#6084,#6086,#6088));
#6090=FACE_OUTER_BOUND('',#6089,.F.);
#6092=CARTESIAN_POINT('',(-6.275E0,1.55E0,-3.85E0));
#6093=DIRECTION('',(1.E0,0.E0,0.E0));
#6094=DIRECTION('',(0.E0,0.E0,-1.E0));
#6095=AXIS2_PLACEMENT_3D('',#6092,#6093,#6094);
#6096=PLANE('',#6095);
#6098=ORIENTED_EDGE('',*,*,#6097,.T.);
#6100=ORIENTED_EDGE('',*,*,#6099,.T.);
#6102=ORIENTED_EDGE('',*,*,#6101,.F.);
#6103=ORIENTED_EDGE('',*,*,#6077,.T.);
#6104=EDGE_LOOP('',(#6098,#6100,#6102,#6103));
#6105=FACE_OUTER_BOUND('',#6104,.F.);
#6107=CARTESIAN_POINT('',(-6.275E0,1.55E0,-3.85E0));
#6108=DIRECTION('',(1.E0,0.E0,0.E0));
#6109=DIRECTION('',(0.E0,0.E0,-1.E0));
#6110=AXIS2_PLACEMENT_3D('',#6107,#6108,#6109);
#6111=PLANE('',#6110);
#6113=ORIENTED_EDGE('',*,*,#6112,.F.);
#6115=ORIENTED_EDGE('',*,*,#6114,.T.);
#6117=ORIENTED_EDGE('',*,*,#6116,.T.);
#6119=ORIENTED_EDGE('',*,*,#6118,.F.);
#6120=EDGE_LOOP('',(#6113,#6115,#6117,#6119));
#6121=FACE_OUTER_BOUND('',#6120,.F.);
#6123=CARTESIAN_POINT('',(0.E0,1.55E0,0.E0));
#6124=DIRECTION('',(0.E0,1.E0,0.E0));
#6125=DIRECTION('',(-1.E0,0.E0,0.E0));
#6126=AXIS2_PLACEMENT_3D('',#6123,#6124,#6125);
#6127=PLANE('',#6126);
#6129=ORIENTED_EDGE('',*,*,#6128,.F.);
#6131=ORIENTED_EDGE('',*,*,#6130,.F.);
#6133=ORIENTED_EDGE('',*,*,#6132,.F.);
#6135=ORIENTED_EDGE('',*,*,#6134,.F.);
#6137=ORIENTED_EDGE('',*,*,#6136,.F.);
#6139=ORIENTED_EDGE('',*,*,#6138,.F.);
#6141=ORIENTED_EDGE('',*,*,#6140,.F.);
#6143=ORIENTED_EDGE('',*,*,#6142,.F.);
#6145=ORIENTED_EDGE('',*,*,#6144,.F.);
#6147=ORIENTED_EDGE('',*,*,#6146,.F.);
#6149=ORIENTED_EDGE('',*,*,#6148,.F.);
#6150=EDGE_LOOP('',(#6129,#6131,#6133,#6135,#6137,#6139,#6141,#6143,#6145,#6147,
#6149));
#6151=FACE_OUTER_BOUND('',#6150,.F.);
#6153=CARTESIAN_POINT('',(0.E0,1.55E0,0.E0));
#6154=DIRECTION('',(0.E0,1.E0,0.E0));
#6155=DIRECTION('',(-1.E0,0.E0,0.E0));
#6156=AXIS2_PLACEMENT_3D('',#6153,#6154,#6155);
#6157=PLANE('',#6156);
#6159=ORIENTED_EDGE('',*,*,#6158,.F.);
#6161=ORIENTED_EDGE('',*,*,#6160,.F.);
#6163=ORIENTED_EDGE('',*,*,#6162,.F.);
#6164=ORIENTED_EDGE('',*,*,#6097,.F.);
#6166=ORIENTED_EDGE('',*,*,#6165,.T.);
#6167=ORIENTED_EDGE('',*,*,#6116,.F.);
#6169=ORIENTED_EDGE('',*,*,#6168,.T.);
#6171=ORIENTED_EDGE('',*,*,#6170,.T.);
#6173=ORIENTED_EDGE('',*,*,#6172,.F.);
#6175=ORIENTED_EDGE('',*,*,#6174,.F.);
#6177=ORIENTED_EDGE('',*,*,#6176,.F.);
#6178=EDGE_LOOP('',(#6159,#6161,#6163,#6164,#6166,#6167,#6169,#6171,#6173,#6175,
#6177));
#6179=FACE_OUTER_BOUND('',#6178,.F.);
#6181=CARTESIAN_POINT('',(6.825E0,1.25E0,7.69124E0));
#6182=DIRECTION('',(0.E0,0.E0,-1.E0));
#6183=DIRECTION('',(0.E0,1.E0,0.E0));
#6184=AXIS2_PLACEMENT_3D('',#6181,#6182,#6183);
#6185=CYLINDRICAL_SURFACE('',#6184,3.E-1);
#6187=ORIENTED_EDGE('',*,*,#6186,.T.);
#6189=ORIENTED_EDGE('',*,*,#6188,.F.);
#6191=ORIENTED_EDGE('',*,*,#6190,.T.);
#6192=ORIENTED_EDGE('',*,*,#6128,.T.);
#6193=EDGE_LOOP('',(#6187,#6189,#6191,#6192));
#6194=FACE_OUTER_BOUND('',#6193,.F.);
#6196=CARTESIAN_POINT('',(7.125E0,1.55E0,-5.9E0));
#6197=DIRECTION('',(0.E0,0.E0,-1.E0));
#6198=DIRECTION('',(-1.E0,0.E0,0.E0));
#6199=AXIS2_PLACEMENT_3D('',#6196,#6197,#6198);
#6200=PLANE('',#6199);
#6201=ORIENTED_EDGE('',*,*,#6186,.F.);
#6202=ORIENTED_EDGE('',*,*,#6148,.T.);
#6204=ORIENTED_EDGE('',*,*,#6203,.T.);
#6206=ORIENTED_EDGE('',*,*,#6205,.F.);
#6208=ORIENTED_EDGE('',*,*,#6207,.F.);
#6210=ORIENTED_EDGE('',*,*,#6209,.F.);
#6211=EDGE_LOOP('',(#6201,#6202,#6204,#6206,#6208,#6210));
#6212=FACE_OUTER_BOUND('',#6211,.F.);
#6214=CARTESIAN_POINT('',(6.625E0,1.55E0,-5.55E0));
#6215=DIRECTION('',(0.E0,1.E0,0.E0));
#6216=DIRECTION('',(-1.E0,0.E0,0.E0));
#6217=AXIS2_PLACEMENT_3D('',#6214,#6215,#6216);
#6218=CYLINDRICAL_SURFACE('',#6217,3.5E-1);
#6219=ORIENTED_EDGE('',*,*,#6146,.T.);
#6221=ORIENTED_EDGE('',*,*,#6220,.T.);
#6223=ORIENTED_EDGE('',*,*,#6222,.F.);
#6224=ORIENTED_EDGE('',*,*,#6203,.F.);
#6225=EDGE_LOOP('',(#6219,#6221,#6223,#6224));
#6226=FACE_OUTER_BOUND('',#6225,.F.);
#6228=CARTESIAN_POINT('',(6.275E0,1.55E0,-5.55E0));
#6229=DIRECTION('',(-1.E0,0.E0,0.E0));
#6230=DIRECTION('',(0.E0,0.E0,1.E0));
#6231=AXIS2_PLACEMENT_3D('',#6228,#6229,#6230);
#6232=PLANE('',#6231);
#6233=ORIENTED_EDGE('',*,*,#6144,.T.);
#6235=ORIENTED_EDGE('',*,*,#6234,.F.);
#6237=ORIENTED_EDGE('',*,*,#6236,.F.);
#6238=ORIENTED_EDGE('',*,*,#6220,.F.);
#6239=EDGE_LOOP('',(#6233,#6235,#6237,#6238));
#6240=FACE_OUTER_BOUND('',#6239,.F.);
#6242=CARTESIAN_POINT('',(6.275E0,1.55E0,-5.55E0));
#6243=DIRECTION('',(-1.E0,0.E0,0.E0));
#6244=DIRECTION('',(0.E0,0.E0,1.E0));
#6245=AXIS2_PLACEMENT_3D('',#6242,#6243,#6244);
#6246=PLANE('',#6245);
#6248=ORIENTED_EDGE('',*,*,#6247,.T.);
#6250=ORIENTED_EDGE('',*,*,#6249,.F.);
#6251=ORIENTED_EDGE('',*,*,#6140,.T.);
#6253=ORIENTED_EDGE('',*,*,#6252,.F.);
#6254=EDGE_LOOP('',(#6248,#6250,#6251,#6253));
#6255=FACE_OUTER_BOUND('',#6254,.F.);
#6257=CARTESIAN_POINT('',(6.085E0,7.5E-1,-5.61E0));
#6258=DIRECTION('',(7.071067811865E-1,0.E0,-7.071067811865E-1));
#6259=DIRECTION('',(7.071067811865E-1,0.E0,7.071067811865E-1));
#6260=AXIS2_PLACEMENT_3D('',#6257,#6258,#6259);
#6261=PLANE('',#6260);
#6262=ORIENTED_EDGE('',*,*,#6234,.T.);
#6264=ORIENTED_EDGE('',*,*,#6263,.F.);
#6266=ORIENTED_EDGE('',*,*,#6265,.T.);
#6267=ORIENTED_EDGE('',*,*,#6048,.T.);
#6268=ORIENTED_EDGE('',*,*,#4246,.T.);
#6270=ORIENTED_EDGE('',*,*,#6269,.T.);
#6272=ORIENTED_EDGE('',*,*,#6271,.F.);
#6273=EDGE_LOOP('',(#6262,#6264,#6266,#6267,#6268,#6270,#6272));
#6274=FACE_OUTER_BOUND('',#6273,.F.);
#6276=CARTESIAN_POINT('',(6.275E0,0.E0,0.E0));
#6277=DIRECTION('',(1.E0,0.E0,0.E0));
#6278=DIRECTION('',(0.E0,0.E0,-1.E0));
#6279=AXIS2_PLACEMENT_3D('',#6276,#6277,#6278);
#6280=PLANE('',#6279);
#6282=ORIENTED_EDGE('',*,*,#6281,.T.);
#6284=ORIENTED_EDGE('',*,*,#6283,.T.);
#6286=ORIENTED_EDGE('',*,*,#6285,.T.);
#6288=ORIENTED_EDGE('',*,*,#6287,.T.);
#6289=EDGE_LOOP('',(#6282,#6284,#6286,#6288));
#6290=FACE_OUTER_BOUND('',#6289,.F.);
#6292=CARTESIAN_POINT('',(6.275E0,0.E0,0.E0));
#6293=DIRECTION('',(1.E0,0.E0,0.E0));
#6294=DIRECTION('',(0.E0,0.E0,-1.E0));
#6295=AXIS2_PLACEMENT_3D('',#6292,#6293,#6294);
#6296=PLANE('',#6295);
#6298=ORIENTED_EDGE('',*,*,#6297,.T.);
#6300=ORIENTED_EDGE('',*,*,#6299,.T.);
#6302=ORIENTED_EDGE('',*,*,#6301,.F.);
#6304=ORIENTED_EDGE('',*,*,#6303,.F.);
#6306=ORIENTED_EDGE('',*,*,#6305,.F.);
#6308=ORIENTED_EDGE('',*,*,#6307,.F.);
#6310=ORIENTED_EDGE('',*,*,#6309,.T.);
#6312=ORIENTED_EDGE('',*,*,#6311,.F.);
#6314=ORIENTED_EDGE('',*,*,#6313,.F.);
#6316=ORIENTED_EDGE('',*,*,#6315,.F.);
#6318=ORIENTED_EDGE('',*,*,#6317,.T.);
#6319=EDGE_LOOP('',(#6298,#6300,#6302,#6304,#6306,#6308,#6310,#6312,#6314,#6316,
#6318));
#6320=FACE_OUTER_BOUND('',#6319,.F.);
#6322=CARTESIAN_POINT('',(6.275E0,0.E0,0.E0));
#6323=DIRECTION('',(1.E0,0.E0,0.E0));
#6324=DIRECTION('',(0.E0,0.E0,-1.E0));
#6325=AXIS2_PLACEMENT_3D('',#6322,#6323,#6324);
#6326=PLANE('',#6325);
#6327=ORIENTED_EDGE('',*,*,#6142,.T.);
#6329=ORIENTED_EDGE('',*,*,#6328,.T.);
#6331=ORIENTED_EDGE('',*,*,#6330,.T.);
#6332=ORIENTED_EDGE('',*,*,#6263,.T.);
#6333=EDGE_LOOP('',(#6327,#6329,#6331,#6332));
#6334=FACE_OUTER_BOUND('',#6333,.F.);
#6336=CARTESIAN_POINT('',(6.275E0,0.E0,0.E0));
#6337=DIRECTION('',(1.E0,0.E0,0.E0));
#6338=DIRECTION('',(0.E0,0.E0,-1.E0));
#6339=AXIS2_PLACEMENT_3D('',#6336,#6337,#6338);
#6340=PLANE('',#6339);
#6341=ORIENTED_EDGE('',*,*,#6138,.T.);
#6343=ORIENTED_EDGE('',*,*,#6342,.F.);
#6345=ORIENTED_EDGE('',*,*,#6344,.T.);
#6347=ORIENTED_EDGE('',*,*,#6346,.T.);
#6348=EDGE_LOOP('',(#6341,#6343,#6345,#6347));
#6349=FACE_OUTER_BOUND('',#6348,.F.);
#6351=CARTESIAN_POINT('',(6.275E0,0.E0,0.E0));
#6352=DIRECTION('',(1.E0,0.E0,0.E0));
#6353=DIRECTION('',(0.E0,0.E0,-1.E0));
#6354=AXIS2_PLACEMENT_3D('',#6351,#6352,#6353);
#6355=PLANE('',#6354);
#6357=ORIENTED_EDGE('',*,*,#6356,.F.);
#6358=ORIENTED_EDGE('',*,*,#6271,.T.);
#6360=ORIENTED_EDGE('',*,*,#6359,.F.);
#6362=ORIENTED_EDGE('',*,*,#6361,.F.);
#6364=ORIENTED_EDGE('',*,*,#6363,.F.);
#6366=ORIENTED_EDGE('',*,*,#6365,.F.);
#6367=EDGE_LOOP('',(#6357,#6358,#6360,#6362,#6364,#6366));
#6368=FACE_OUTER_BOUND('',#6367,.F.);
#6370=CARTESIAN_POINT('',(6.225E0,-6.25E-1,-1.5E-1));
#6371=DIRECTION('',(9.486832980505E-1,0.E0,3.162277660168E-1));
#6372=DIRECTION('',(3.162277660168E-1,0.E0,-9.486832980505E-1));
#6373=AXIS2_PLACEMENT_3D('',#6370,#6371,#6372);
#6374=PLANE('',#6373);
#6376=ORIENTED_EDGE('',*,*,#6375,.T.);
#6377=ORIENTED_EDGE('',*,*,#4037,.T.);
#6379=ORIENTED_EDGE('',*,*,#6378,.F.);
#6380=ORIENTED_EDGE('',*,*,#6281,.F.);
#6381=EDGE_LOOP('',(#6376,#6377,#6379,#6380));
#6382=FACE_OUTER_BOUND('',#6381,.F.);
#6384=CARTESIAN_POINT('',(6.275E0,-8.E-1,0.E0));
#6385=DIRECTION('',(0.E0,1.E0,0.E0));
#6386=DIRECTION('',(-1.E0,0.E0,0.E0));
#6387=AXIS2_PLACEMENT_3D('',#6384,#6385,#6386);
#6388=PLANE('',#6387);
#6389=ORIENTED_EDGE('',*,*,#6375,.F.);
#6390=ORIENTED_EDGE('',*,*,#6287,.F.);
#6392=ORIENTED_EDGE('',*,*,#6391,.T.);
#6394=ORIENTED_EDGE('',*,*,#6393,.F.);
#6395=EDGE_LOOP('',(#6389,#6390,#6392,#6394));
#6396=FACE_OUTER_BOUND('',#6395,.F.);
#6398=CARTESIAN_POINT('',(0.E0,0.E0,-2.65E0));
#6399=DIRECTION('',(0.E0,0.E0,1.E0));
#6400=DIRECTION('',(1.E0,0.E0,0.E0));
#6401=AXIS2_PLACEMENT_3D('',#6398,#6399,#6400);
#6402=PLANE('',#6401);
#6403=ORIENTED_EDGE('',*,*,#6309,.F.);
#6405=ORIENTED_EDGE('',*,*,#6404,.F.);
#6407=ORIENTED_EDGE('',*,*,#6406,.F.);
#6409=ORIENTED_EDGE('',*,*,#6408,.F.);
#6410=EDGE_LOOP('',(#6403,#6405,#6407,#6409));
#6411=FACE_OUTER_BOUND('',#6410,.F.);
#6413=CARTESIAN_POINT('',(0.E0,0.E0,-2.65E0));
#6414=DIRECTION('',(0.E0,0.E0,1.E0));
#6415=DIRECTION('',(1.E0,0.E0,0.E0));
#6416=AXIS2_PLACEMENT_3D('',#6413,#6414,#6415);
#6417=PLANE('',#6416);
#6419=ORIENTED_EDGE('',*,*,#6418,.F.);
#6421=ORIENTED_EDGE('',*,*,#6420,.F.);
#6423=ORIENTED_EDGE('',*,*,#6422,.F.);
#6425=ORIENTED_EDGE('',*,*,#6424,.F.);
#6426=EDGE_LOOP('',(#6419,#6421,#6423,#6425));
#6427=FACE_OUTER_BOUND('',#6426,.F.);
#6429=CARTESIAN_POINT('',(0.E0,0.E0,-2.65E0));
#6430=DIRECTION('',(0.E0,0.E0,1.E0));
#6431=DIRECTION('',(1.E0,0.E0,0.E0));
#6432=AXIS2_PLACEMENT_3D('',#6429,#6430,#6431);
#6433=PLANE('',#6432);
#6435=ORIENTED_EDGE('',*,*,#6434,.T.);
#6437=ORIENTED_EDGE('',*,*,#6436,.F.);
#6439=ORIENTED_EDGE('',*,*,#6438,.F.);
#6441=ORIENTED_EDGE('',*,*,#6440,.F.);
#6443=ORIENTED_EDGE('',*,*,#6442,.F.);
#6445=ORIENTED_EDGE('',*,*,#6444,.F.);
#6447=ORIENTED_EDGE('',*,*,#6446,.F.);
#6449=ORIENTED_EDGE('',*,*,#6448,.F.);
#6450=EDGE_LOOP('',(#6435,#6437,#6439,#6441,#6443,#6445,#6447,#6449));
#6451=FACE_OUTER_BOUND('',#6450,.F.);
#6453=CARTESIAN_POINT('',(0.E0,0.E0,-2.65E0));
#6454=DIRECTION('',(0.E0,0.E0,1.E0));
#6455=DIRECTION('',(1.E0,0.E0,0.E0));
#6456=AXIS2_PLACEMENT_3D('',#6453,#6454,#6455);
#6457=PLANE('',#6456);
#6459=ORIENTED_EDGE('',*,*,#6458,.F.);
#6461=ORIENTED_EDGE('',*,*,#6460,.F.);
#6463=ORIENTED_EDGE('',*,*,#6462,.F.);
#6465=ORIENTED_EDGE('',*,*,#6464,.F.);
#6467=ORIENTED_EDGE('',*,*,#6466,.F.);
#6468=ORIENTED_EDGE('',*,*,#6391,.F.);
#6469=ORIENTED_EDGE('',*,*,#6285,.F.);
#6471=ORIENTED_EDGE('',*,*,#6470,.F.);
#6472=EDGE_LOOP('',(#6459,#6461,#6463,#6465,#6467,#6468,#6469,#6471));
#6473=FACE_OUTER_BOUND('',#6472,.F.);
#6475=CARTESIAN_POINT('',(6.95E0,-1.5E0,-2.15E0));
#6476=DIRECTION('',(0.E0,1.E0,0.E0));
#6477=DIRECTION('',(0.E0,0.E0,1.E0));
#6478=AXIS2_PLACEMENT_3D('',#6475,#6476,#6477);
#6479=PLANE('',#6478);
#6481=ORIENTED_EDGE('',*,*,#6480,.T.);
#6483=ORIENTED_EDGE('',*,*,#6482,.F.);
#6485=ORIENTED_EDGE('',*,*,#6484,.T.);
#6486=ORIENTED_EDGE('',*,*,#6404,.T.);
#6487=ORIENTED_EDGE('',*,*,#6307,.T.);
#6489=ORIENTED_EDGE('',*,*,#6488,.T.);
#6490=ORIENTED_EDGE('',*,*,#6009,.F.);
#6491=EDGE_LOOP('',(#6481,#6483,#6485,#6486,#6487,#6489,#6490));
#6492=FACE_OUTER_BOUND('',#6491,.F.);
#6494=CARTESIAN_POINT('',(6.95E0,-2.4E0,-2.15E0));
#6495=DIRECTION('',(0.E0,0.E0,-1.E0));
#6496=DIRECTION('',(0.E0,1.E0,0.E0));
#6497=AXIS2_PLACEMENT_3D('',#6494,#6495,#6496);
#6498=PLANE('',#6497);
#6499=ORIENTED_EDGE('',*,*,#4170,.T.);
#6501=ORIENTED_EDGE('',*,*,#6500,.F.);
#6502=ORIENTED_EDGE('',*,*,#6315,.T.);
#6504=ORIENTED_EDGE('',*,*,#6503,.F.);
#6506=ORIENTED_EDGE('',*,*,#6505,.F.);
#6507=ORIENTED_EDGE('',*,*,#6480,.F.);
#6508=ORIENTED_EDGE('',*,*,#6007,.F.);
#6509=EDGE_LOOP('',(#6499,#6501,#6502,#6504,#6506,#6507,#6508));
#6510=FACE_OUTER_BOUND('',#6509,.F.);
#6512=CARTESIAN_POINT('',(6.15E0,-2.275E0,-1.075E0));
#6513=DIRECTION('',(7.071067811865E-1,-7.071067811865E-1,0.E0));
#6514=DIRECTION('',(7.071067811865E-1,7.071067811865E-1,0.E0));
#6515=AXIS2_PLACEMENT_3D('',#6512,#6513,#6514);
#6516=PLANE('',#6515);
#6518=ORIENTED_EDGE('',*,*,#6517,.F.);
#6519=ORIENTED_EDGE('',*,*,#6317,.F.);
#6520=ORIENTED_EDGE('',*,*,#6500,.T.);
#6521=ORIENTED_EDGE('',*,*,#4168,.T.);
#6522=ORIENTED_EDGE('',*,*,#4043,.T.);
#6523=EDGE_LOOP('',(#6518,#6519,#6520,#6521,#6522));
#6524=FACE_OUTER_BOUND('',#6523,.F.);
#6526=CARTESIAN_POINT('',(6.225E0,-1.575E0,-1.5E-1));
#6527=DIRECTION('',(9.486832980505E-1,0.E0,3.162277660168E-1));
#6528=DIRECTION('',(3.162277660168E-1,0.E0,-9.486832980505E-1));
#6529=AXIS2_PLACEMENT_3D('',#6526,#6527,#6528);
#6530=PLANE('',#6529);
#6532=ORIENTED_EDGE('',*,*,#6531,.T.);
#6533=ORIENTED_EDGE('',*,*,#6297,.F.);
#6534=ORIENTED_EDGE('',*,*,#6517,.T.);
#6535=ORIENTED_EDGE('',*,*,#4041,.T.);
#6536=EDGE_LOOP('',(#6532,#6533,#6534,#6535));
#6537=FACE_OUTER_BOUND('',#6536,.F.);
#6539=CARTESIAN_POINT('',(6.175E0,-1.E0,0.E0));
#6540=DIRECTION('',(0.E0,-1.E0,0.E0));
#6541=DIRECTION('',(1.E0,0.E0,0.E0));
#6542=AXIS2_PLACEMENT_3D('',#6539,#6540,#6541);
#6543=PLANE('',#6542);
#6544=ORIENTED_EDGE('',*,*,#6531,.F.);
#6546=ORIENTED_EDGE('',*,*,#6545,.T.);
#6547=ORIENTED_EDGE('',*,*,#6464,.T.);
#6549=ORIENTED_EDGE('',*,*,#6548,.F.);
#6551=ORIENTED_EDGE('',*,*,#6550,.F.);
#6552=ORIENTED_EDGE('',*,*,#6299,.F.);
#6553=EDGE_LOOP('',(#6544,#6546,#6547,#6549,#6551,#6552));
#6554=FACE_OUTER_BOUND('',#6553,.F.);
#6556=CARTESIAN_POINT('',(6.175E0,-8.E-1,0.E0));
#6557=DIRECTION('',(-1.E0,0.E0,0.E0));
#6558=DIRECTION('',(0.E0,-1.E0,0.E0));
#6559=AXIS2_PLACEMENT_3D('',#6556,#6557,#6558);
#6560=PLANE('',#6559);
#6561=ORIENTED_EDGE('',*,*,#4039,.F.);
#6562=ORIENTED_EDGE('',*,*,#6393,.T.);
#6563=ORIENTED_EDGE('',*,*,#6466,.T.);
#6564=ORIENTED_EDGE('',*,*,#6545,.F.);
#6565=EDGE_LOOP('',(#6561,#6562,#6563,#6564));
#6566=FACE_OUTER_BOUND('',#6565,.F.);
#6568=CARTESIAN_POINT('',(6.65E0,-1.E0,-8.E-1));
#6569=DIRECTION('',(1.E0,0.E0,0.E0));
#6570=DIRECTION('',(0.E0,1.E0,0.E0));
#6571=AXIS2_PLACEMENT_3D('',#6568,#6569,#6570);
#6572=PLANE('',#6571);
#6574=ORIENTED_EDGE('',*,*,#6573,.F.);
#6576=ORIENTED_EDGE('',*,*,#6575,.T.);
#6577=ORIENTED_EDGE('',*,*,#6548,.T.);
#6578=ORIENTED_EDGE('',*,*,#6462,.T.);
#6579=EDGE_LOOP('',(#6574,#6576,#6577,#6578));
#6580=FACE_OUTER_BOUND('',#6579,.F.);
#6582=CARTESIAN_POINT('',(6.65E0,-8.E-1,-8.E-1));
#6583=DIRECTION('',(0.E0,1.E0,0.E0));
#6584=DIRECTION('',(-1.E0,0.E0,0.E0));
#6585=AXIS2_PLACEMENT_3D('',#6582,#6583,#6584);
#6586=PLANE('',#6585);
#6588=ORIENTED_EDGE('',*,*,#6587,.T.);
#6590=ORIENTED_EDGE('',*,*,#6589,.T.);
#6591=ORIENTED_EDGE('',*,*,#6573,.T.);
#6592=ORIENTED_EDGE('',*,*,#6460,.T.);
#6593=EDGE_LOOP('',(#6588,#6590,#6591,#6592));
#6594=FACE_OUTER_BOUND('',#6593,.F.);
#6596=CARTESIAN_POINT('',(6.55E0,-1.E0,0.E0));
#6597=DIRECTION('',(1.E0,0.E0,0.E0));
#6598=DIRECTION('',(0.E0,1.E0,0.E0));
#6599=AXIS2_PLACEMENT_3D('',#6596,#6597,#6598);
#6600=PLANE('',#6599);
#6602=ORIENTED_EDGE('',*,*,#6601,.T.);
#6603=ORIENTED_EDGE('',*,*,#6587,.F.);
#6604=ORIENTED_EDGE('',*,*,#6458,.T.);
#6606=ORIENTED_EDGE('',*,*,#6605,.F.);
#6607=EDGE_LOOP('',(#6602,#6603,#6604,#6606));
#6608=FACE_OUTER_BOUND('',#6607,.F.);
#6610=CARTESIAN_POINT('',(6.6E0,-6.25E-1,-8.5E-1));
#6611=DIRECTION('',(-7.071067811865E-1,0.E0,7.071067811865E-1));
#6612=DIRECTION('',(-7.071067811865E-1,0.E0,-7.071067811865E-1));
#6613=AXIS2_PLACEMENT_3D('',#6610,#6611,#6612);
#6614=PLANE('',#6613);
#6616=ORIENTED_EDGE('',*,*,#6615,.T.);
#6618=ORIENTED_EDGE('',*,*,#6617,.F.);
#6619=ORIENTED_EDGE('',*,*,#6601,.F.);
#6621=ORIENTED_EDGE('',*,*,#6620,.T.);
#6622=EDGE_LOOP('',(#6616,#6618,#6619,#6621));
#6623=FACE_OUTER_BOUND('',#6622,.F.);
#6625=CARTESIAN_POINT('',(6.95E0,-1.5E0,-8.E-1));
#6626=DIRECTION('',(0.E0,0.E0,-1.E0));
#6627=DIRECTION('',(0.E0,1.E0,0.E0));
#6628=AXIS2_PLACEMENT_3D('',#6625,#6626,#6627);
#6629=PLANE('',#6628);
#6630=ORIENTED_EDGE('',*,*,#6615,.F.);
#6632=ORIENTED_EDGE('',*,*,#6631,.F.);
#6633=ORIENTED_EDGE('',*,*,#6013,.F.);
#6635=ORIENTED_EDGE('',*,*,#6634,.F.);
#6636=ORIENTED_EDGE('',*,*,#6303,.T.);
#6638=ORIENTED_EDGE('',*,*,#6637,.T.);
#6640=ORIENTED_EDGE('',*,*,#6639,.F.);
#6642=ORIENTED_EDGE('',*,*,#6641,.F.);
#6643=EDGE_LOOP('',(#6630,#6632,#6633,#6635,#6636,#6638,#6640,#6642));
#6644=FACE_OUTER_BOUND('',#6643,.F.);
#6646=CARTESIAN_POINT('',(6.95E0,-4.5E-1,-8.E-1));
#6647=DIRECTION('',(0.E0,1.E0,0.E0));
#6648=DIRECTION('',(0.E0,0.E0,1.E0));
#6649=AXIS2_PLACEMENT_3D('',#6646,#6647,#6648);
#6650=PLANE('',#6649);
#6652=ORIENTED_EDGE('',*,*,#6651,.T.);
#6653=ORIENTED_EDGE('',*,*,#6015,.T.);
#6654=ORIENTED_EDGE('',*,*,#6631,.T.);
#6655=ORIENTED_EDGE('',*,*,#6620,.F.);
#6656=ORIENTED_EDGE('',*,*,#6605,.T.);
#6657=ORIENTED_EDGE('',*,*,#6470,.T.);
#6658=ORIENTED_EDGE('',*,*,#6283,.F.);
#6659=EDGE_LOOP('',(#6652,#6653,#6654,#6655,#6656,#6657,#6658));
#6660=FACE_OUTER_BOUND('',#6659,.F.);
#6662=CARTESIAN_POINT('',(6.6125E0,-4.E-1,-1.5E-1));
#6663=DIRECTION('',(0.E0,-9.486832980505E-1,3.162277660168E-1));
#6664=DIRECTION('',(0.E0,-3.162277660168E-1,-9.486832980505E-1));
#6665=AXIS2_PLACEMENT_3D('',#6662,#6663,#6664);
#6666=PLANE('',#6665);
#6667=ORIENTED_EDGE('',*,*,#6017,.T.);
#6668=ORIENTED_EDGE('',*,*,#6651,.F.);
#6669=ORIENTED_EDGE('',*,*,#6378,.T.);
#6670=ORIENTED_EDGE('',*,*,#4035,.T.);
#6671=EDGE_LOOP('',(#6667,#6668,#6669,#6670));
#6672=FACE_OUTER_BOUND('',#6671,.F.);
#6674=CARTESIAN_POINT('',(6.6125E0,-1.45E0,-8.5E-1));
#6675=DIRECTION('',(0.E0,-7.071067811865E-1,7.071067811865E-1));
#6676=DIRECTION('',(0.E0,-7.071067811865E-1,-7.071067811865E-1));
#6677=AXIS2_PLACEMENT_3D('',#6674,#6675,#6676);
#6678=PLANE('',#6677);
#6679=ORIENTED_EDGE('',*,*,#6011,.T.);
#6680=ORIENTED_EDGE('',*,*,#6488,.F.);
#6681=ORIENTED_EDGE('',*,*,#6305,.T.);
#6682=ORIENTED_EDGE('',*,*,#6634,.T.);
#6683=EDGE_LOOP('',(#6679,#6680,#6681,#6682));
#6684=FACE_OUTER_BOUND('',#6683,.F.);
#6686=CARTESIAN_POINT('',(6.4625E0,-1.05E0,-8.5E-1));
#6687=DIRECTION('',(0.E0,7.071067811865E-1,7.071067811865E-1));
#6688=DIRECTION('',(0.E0,-7.071067811865E-1,7.071067811865E-1));
#6689=AXIS2_PLACEMENT_3D('',#6686,#6687,#6688);
#6690=PLANE('',#6689);
#6691=ORIENTED_EDGE('',*,*,#6550,.T.);
#6693=ORIENTED_EDGE('',*,*,#6692,.T.);
#6694=ORIENTED_EDGE('',*,*,#6637,.F.);
#6695=ORIENTED_EDGE('',*,*,#6301,.T.);
#6696=EDGE_LOOP('',(#6691,#6693,#6694,#6695));
#6697=FACE_OUTER_BOUND('',#6696,.F.);
#6699=CARTESIAN_POINT('',(6.7E0,-9.E-1,-8.5E-1));
#6700=DIRECTION('',(-7.071067811866E-1,0.E0,7.071067811865E-1));
#6701=DIRECTION('',(-7.071067811865E-1,0.E0,-7.071067811866E-1));
#6702=AXIS2_PLACEMENT_3D('',#6699,#6700,#6701);
#6703=PLANE('',#6702);
#6704=ORIENTED_EDGE('',*,*,#6639,.T.);
#6705=ORIENTED_EDGE('',*,*,#6692,.F.);
#6706=ORIENTED_EDGE('',*,*,#6575,.F.);
#6708=ORIENTED_EDGE('',*,*,#6707,.T.);
#6709=EDGE_LOOP('',(#6704,#6705,#6706,#6708));
#6710=FACE_OUTER_BOUND('',#6709,.F.);
#6712=CARTESIAN_POINT('',(6.6E0,-7.5E-1,-8.5E-1));
#6713=DIRECTION('',(0.E0,-7.071067811865E-1,7.071067811865E-1));
#6714=DIRECTION('',(0.E0,-7.071067811865E-1,-7.071067811865E-1));
#6715=AXIS2_PLACEMENT_3D('',#6712,#6713,#6714);
#6716=PLANE('',#6715);
#6717=ORIENTED_EDGE('',*,*,#6589,.F.);
#6718=ORIENTED_EDGE('',*,*,#6617,.T.);
#6719=ORIENTED_EDGE('',*,*,#6641,.T.);
#6720=ORIENTED_EDGE('',*,*,#6707,.F.);
#6721=EDGE_LOOP('',(#6717,#6718,#6719,#6720));
#6722=FACE_OUTER_BOUND('',#6721,.F.);
#6724=CARTESIAN_POINT('',(6.4125E0,-1.97E0,-2.2E0));
#6725=DIRECTION('',(0.E0,7.071067811865E-1,7.071067811865E-1));
#6726=DIRECTION('',(0.E0,7.071067811865E-1,-7.071067811865E-1));
#6727=AXIS2_PLACEMENT_3D('',#6724,#6725,#6726);
#6728=PLANE('',#6727);
#6730=ORIENTED_EDGE('',*,*,#6729,.F.);
#6732=ORIENTED_EDGE('',*,*,#6731,.T.);
#6733=ORIENTED_EDGE('',*,*,#6503,.T.);
#6734=ORIENTED_EDGE('',*,*,#6313,.T.);
#6735=EDGE_LOOP('',(#6730,#6732,#6733,#6734));
#6736=FACE_OUTER_BOUND('',#6735,.F.);
#6738=CARTESIAN_POINT('',(6.275E0,-1.92E0,0.E0));
#6739=DIRECTION('',(0.E0,-1.E0,0.E0));
#6740=DIRECTION('',(1.E0,0.E0,0.E0));
#6741=AXIS2_PLACEMENT_3D('',#6738,#6739,#6740);
#6742=PLANE('',#6741);
#6743=ORIENTED_EDGE('',*,*,#6729,.T.);
#6744=ORIENTED_EDGE('',*,*,#6311,.T.);
#6745=ORIENTED_EDGE('',*,*,#6408,.T.);
#6747=ORIENTED_EDGE('',*,*,#6746,.F.);
#6748=EDGE_LOOP('',(#6743,#6744,#6745,#6747));
#6749=FACE_OUTER_BOUND('',#6748,.F.);
#6751=CARTESIAN_POINT('',(6.55E0,-1.92E0,0.E0));
#6752=DIRECTION('',(1.E0,0.E0,0.E0));
#6753=DIRECTION('',(0.E0,1.E0,0.E0));
#6754=AXIS2_PLACEMENT_3D('',#6751,#6752,#6753);
#6755=PLANE('',#6754);
#6757=ORIENTED_EDGE('',*,*,#6756,.T.);
#6758=ORIENTED_EDGE('',*,*,#6746,.T.);
#6759=ORIENTED_EDGE('',*,*,#6406,.T.);
#6760=ORIENTED_EDGE('',*,*,#6484,.F.);
#6761=EDGE_LOOP('',(#6757,#6758,#6759,#6760));
#6762=FACE_OUTER_BOUND('',#6761,.F.);
#6764=CARTESIAN_POINT('',(6.6E0,-1.71E0,-2.2E0));
#6765=DIRECTION('',(-7.071067811865E-1,0.E0,7.071067811865E-1));
#6766=DIRECTION('',(-7.071067811865E-1,0.E0,-7.071067811865E-1));
#6767=AXIS2_PLACEMENT_3D('',#6764,#6765,#6766);
#6768=PLANE('',#6767);
#6769=ORIENTED_EDGE('',*,*,#6505,.T.);
#6770=ORIENTED_EDGE('',*,*,#6731,.F.);
#6771=ORIENTED_EDGE('',*,*,#6756,.F.);
#6772=ORIENTED_EDGE('',*,*,#6482,.T.);
#6773=EDGE_LOOP('',(#6769,#6770,#6771,#6772));
#6774=FACE_OUTER_BOUND('',#6773,.F.);
#6776=CARTESIAN_POINT('',(-6.95E0,-1.5E0,-8.E-1));
#6777=DIRECTION('',(0.E0,1.E0,0.E0));
#6778=DIRECTION('',(0.E0,0.E0,-1.E0));
#6779=AXIS2_PLACEMENT_3D('',#6776,#6777,#6778);
#6780=PLANE('',#6779);
#6782=ORIENTED_EDGE('',*,*,#6781,.F.);
#6784=ORIENTED_EDGE('',*,*,#6783,.F.);
#6786=ORIENTED_EDGE('',*,*,#6785,.F.);
#6788=ORIENTED_EDGE('',*,*,#6787,.F.);
#6790=ORIENTED_EDGE('',*,*,#6789,.F.);
#6792=ORIENTED_EDGE('',*,*,#6791,.F.);
#6793=ORIENTED_EDGE('',*,*,#6418,.T.);
#6794=EDGE_LOOP('',(#6782,#6784,#6786,#6788,#6790,#6792,#6793));
#6795=FACE_OUTER_BOUND('',#6794,.F.);
#6797=CARTESIAN_POINT('',(-6.55E0,-1.5E0,0.E0));
#6798=DIRECTION('',(-1.E0,0.E0,0.E0));
#6799=DIRECTION('',(0.E0,-1.E0,0.E0));
#6800=AXIS2_PLACEMENT_3D('',#6797,#6798,#6799);
#6801=PLANE('',#6800);
#6803=ORIENTED_EDGE('',*,*,#6802,.T.);
#6804=ORIENTED_EDGE('',*,*,#6781,.T.);
#6805=ORIENTED_EDGE('',*,*,#6424,.T.);
#6807=ORIENTED_EDGE('',*,*,#6806,.F.);
#6808=EDGE_LOOP('',(#6803,#6804,#6805,#6807));
#6809=FACE_OUTER_BOUND('',#6808,.F.);
#6811=CARTESIAN_POINT('',(-6.6E0,-1.71E0,-2.2E0));
#6812=DIRECTION('',(7.071067811866E-1,0.E0,7.071067811865E-1));
#6813=DIRECTION('',(7.071067811865E-1,0.E0,-7.071067811866E-1));
#6814=AXIS2_PLACEMENT_3D('',#6811,#6812,#6813);
#6815=PLANE('',#6814);
#6816=ORIENTED_EDGE('',*,*,#6802,.F.);
#6818=ORIENTED_EDGE('',*,*,#6817,.T.);
#6820=ORIENTED_EDGE('',*,*,#6819,.T.);
#6821=ORIENTED_EDGE('',*,*,#6783,.T.);
#6822=EDGE_LOOP('',(#6816,#6818,#6820,#6821));
#6823=FACE_OUTER_BOUND('',#6822,.F.);
#6825=CARTESIAN_POINT('',(-6.4125E0,-1.97E0,-2.2E0));
#6826=DIRECTION('',(0.E0,7.071067811865E-1,7.071067811865E-1));
#6827=DIRECTION('',(0.E0,7.071067811865E-1,-7.071067811865E-1));
#6828=AXIS2_PLACEMENT_3D('',#6825,#6826,#6827);
#6829=PLANE('',#6828);
#6831=ORIENTED_EDGE('',*,*,#6830,.T.);
#6832=ORIENTED_EDGE('',*,*,#6817,.F.);
#6834=ORIENTED_EDGE('',*,*,#6833,.F.);
#6836=ORIENTED_EDGE('',*,*,#6835,.T.);
#6837=EDGE_LOOP('',(#6831,#6832,#6834,#6836));
#6838=FACE_OUTER_BOUND('',#6837,.F.);
#6840=CARTESIAN_POINT('',(-6.95E0,-1.5E0,-2.15E0));
#6841=DIRECTION('',(0.E0,0.E0,-1.E0));
#6842=DIRECTION('',(0.E0,-1.E0,0.E0));
#6843=AXIS2_PLACEMENT_3D('',#6840,#6841,#6842);
#6844=PLANE('',#6843);
#6846=ORIENTED_EDGE('',*,*,#6845,.T.);
#6848=ORIENTED_EDGE('',*,*,#6847,.F.);
#6849=ORIENTED_EDGE('',*,*,#4149,.T.);
#6851=ORIENTED_EDGE('',*,*,#6850,.T.);
#6852=ORIENTED_EDGE('',*,*,#6785,.T.);
#6853=ORIENTED_EDGE('',*,*,#6819,.F.);
#6854=ORIENTED_EDGE('',*,*,#6830,.F.);
#6855=EDGE_LOOP('',(#6846,#6848,#6849,#6851,#6852,#6853,#6854));
#6856=FACE_OUTER_BOUND('',#6855,.F.);
#6858=CARTESIAN_POINT('',(-6.275E0,0.E0,0.E0));
#6859=DIRECTION('',(-1.E0,0.E0,0.E0));
#6860=DIRECTION('',(0.E0,-1.E0,0.E0));
#6861=AXIS2_PLACEMENT_3D('',#6858,#6859,#6860);
#6862=PLANE('',#6861);
#6864=ORIENTED_EDGE('',*,*,#6863,.T.);
#6866=ORIENTED_EDGE('',*,*,#6865,.T.);
#6867=ORIENTED_EDGE('',*,*,#6845,.F.);
#6868=ORIENTED_EDGE('',*,*,#6835,.F.);
#6870=ORIENTED_EDGE('',*,*,#6869,.T.);
#6871=ORIENTED_EDGE('',*,*,#6420,.T.);
#6872=ORIENTED_EDGE('',*,*,#6791,.T.);
#6874=ORIENTED_EDGE('',*,*,#6873,.F.);
#6876=ORIENTED_EDGE('',*,*,#6875,.F.);
#6878=ORIENTED_EDGE('',*,*,#6877,.F.);
#6880=ORIENTED_EDGE('',*,*,#6879,.T.);
#6881=EDGE_LOOP('',(#6864,#6866,#6867,#6868,#6870,#6871,#6872,#6874,#6876,#6878,
#6880));
#6882=FACE_OUTER_BOUND('',#6881,.F.);
#6884=CARTESIAN_POINT('',(-6.275E0,0.E0,0.E0));
#6885=DIRECTION('',(-1.E0,0.E0,0.E0));
#6886=DIRECTION('',(0.E0,-1.E0,0.E0));
#6887=AXIS2_PLACEMENT_3D('',#6884,#6885,#6886);
#6888=PLANE('',#6887);
#6890=ORIENTED_EDGE('',*,*,#6889,.T.);
#6892=ORIENTED_EDGE('',*,*,#6891,.T.);
#6893=ORIENTED_EDGE('',*,*,#6444,.T.);
#6895=ORIENTED_EDGE('',*,*,#6894,.F.);
#6896=EDGE_LOOP('',(#6890,#6892,#6893,#6895));
#6897=FACE_OUTER_BOUND('',#6896,.F.);
#6899=CARTESIAN_POINT('',(-6.275E0,0.E0,0.E0));
#6900=DIRECTION('',(-1.E0,0.E0,0.E0));
#6901=DIRECTION('',(0.E0,-1.E0,0.E0));
#6902=AXIS2_PLACEMENT_3D('',#6899,#6900,#6901);
#6903=PLANE('',#6902);
#6904=ORIENTED_EDGE('',*,*,#6165,.F.);
#6905=ORIENTED_EDGE('',*,*,#6087,.T.);
#6907=ORIENTED_EDGE('',*,*,#6906,.T.);
#6909=ORIENTED_EDGE('',*,*,#6908,.T.);
#6910=EDGE_LOOP('',(#6904,#6905,#6907,#6909));
#6911=FACE_OUTER_BOUND('',#6910,.F.);
#6913=CARTESIAN_POINT('',(-6.275E0,0.E0,0.E0));
#6914=DIRECTION('',(-1.E0,0.E0,0.E0));
#6915=DIRECTION('',(0.E0,-1.E0,0.E0));
#6916=AXIS2_PLACEMENT_3D('',#6913,#6914,#6915);
#6917=PLANE('',#6916);
#6918=ORIENTED_EDGE('',*,*,#6168,.F.);
#6920=ORIENTED_EDGE('',*,*,#6919,.F.);
#6922=ORIENTED_EDGE('',*,*,#6921,.T.);
#6924=ORIENTED_EDGE('',*,*,#6923,.F.);
#6925=EDGE_LOOP('',(#6918,#6920,#6922,#6924));
#6926=FACE_OUTER_BOUND('',#6925,.F.);
#6928=CARTESIAN_POINT('',(-6.275E0,0.E0,0.E0));
#6929=DIRECTION('',(-1.E0,0.E0,0.E0));
#6930=DIRECTION('',(0.E0,-1.E0,0.E0));
#6931=AXIS2_PLACEMENT_3D('',#6928,#6929,#6930);
#6932=PLANE('',#6931);
#6934=ORIENTED_EDGE('',*,*,#6933,.T.);
#6936=ORIENTED_EDGE('',*,*,#6935,.T.);
#6938=ORIENTED_EDGE('',*,*,#6937,.F.);
#6940=ORIENTED_EDGE('',*,*,#6939,.T.);
#6942=ORIENTED_EDGE('',*,*,#6941,.F.);
#6943=ORIENTED_EDGE('',*,*,#6079,.T.);
#6944=EDGE_LOOP('',(#6934,#6936,#6938,#6940,#6942,#6943));
#6945=FACE_OUTER_BOUND('',#6944,.F.);
#6947=CARTESIAN_POINT('',(-6.225E0,-1.575E0,-1.5E-1));
#6948=DIRECTION('',(-9.486832980505E-1,0.E0,3.162277660168E-1));
#6949=DIRECTION('',(-3.162277660168E-1,0.E0,-9.486832980505E-1));
#6950=AXIS2_PLACEMENT_3D('',#6947,#6948,#6949);
#6951=PLANE('',#6950);
#6953=ORIENTED_EDGE('',*,*,#6952,.T.);
#6954=ORIENTED_EDGE('',*,*,#6863,.F.);
#6956=ORIENTED_EDGE('',*,*,#6955,.T.);
#6957=ORIENTED_EDGE('',*,*,#4021,.T.);
#6958=EDGE_LOOP('',(#6953,#6954,#6956,#6957));
#6959=FACE_OUTER_BOUND('',#6958,.F.);
#6961=CARTESIAN_POINT('',(-6.15E0,-2.275E0,-1.075E0));
#6962=DIRECTION('',(-7.071067811865E-1,-7.071067811865E-1,0.E0));
#6963=DIRECTION('',(-7.071067811865E-1,7.071067811865E-1,0.E0));
#6964=AXIS2_PLACEMENT_3D('',#6961,#6962,#6963);
#6965=PLANE('',#6964);
#6966=ORIENTED_EDGE('',*,*,#6952,.F.);
#6967=ORIENTED_EDGE('',*,*,#4019,.T.);
#6968=ORIENTED_EDGE('',*,*,#4151,.T.);
#6969=ORIENTED_EDGE('',*,*,#6847,.T.);
#6970=ORIENTED_EDGE('',*,*,#6865,.F.);
#6971=EDGE_LOOP('',(#6966,#6967,#6968,#6969,#6970));
#6972=FACE_OUTER_BOUND('',#6971,.F.);
#6974=CARTESIAN_POINT('',(-6.55E0,-1.E0,0.E0));
#6975=DIRECTION('',(0.E0,-1.E0,0.E0));
#6976=DIRECTION('',(1.E0,0.E0,0.E0));
#6977=AXIS2_PLACEMENT_3D('',#6974,#6975,#6976);
#6978=PLANE('',#6977);
#6979=ORIENTED_EDGE('',*,*,#6955,.F.);
#6980=ORIENTED_EDGE('',*,*,#6879,.F.);
#6982=ORIENTED_EDGE('',*,*,#6981,.F.);
#6984=ORIENTED_EDGE('',*,*,#6983,.T.);
#6985=ORIENTED_EDGE('',*,*,#6434,.F.);
#6987=ORIENTED_EDGE('',*,*,#6986,.F.);
#6988=EDGE_LOOP('',(#6979,#6980,#6982,#6984,#6985,#6987));
#6989=FACE_OUTER_BOUND('',#6988,.F.);
#6991=CARTESIAN_POINT('',(-6.4625E0,-1.05E0,-8.5E-1));
#6992=DIRECTION('',(0.E0,7.071067811865E-1,7.071067811865E-1));
#6993=DIRECTION('',(0.E0,-7.071067811865E-1,7.071067811865E-1));
#6994=AXIS2_PLACEMENT_3D('',#6991,#6992,#6993);
#6995=PLANE('',#6994);
#6997=ORIENTED_EDGE('',*,*,#6996,.F.);
#6999=ORIENTED_EDGE('',*,*,#6998,.F.);
#7000=ORIENTED_EDGE('',*,*,#6981,.T.);
#7001=ORIENTED_EDGE('',*,*,#6877,.T.);
#7002=EDGE_LOOP('',(#6997,#6999,#7000,#7001));
#7003=FACE_OUTER_BOUND('',#7002,.F.);
#7005=CARTESIAN_POINT('',(-6.95E0,-4.5E-1,-8.E-1));
#7006=DIRECTION('',(0.E0,0.E0,-1.E0));
#7007=DIRECTION('',(0.E0,-1.E0,0.E0));
#7008=AXIS2_PLACEMENT_3D('',#7005,#7006,#7007);
#7009=PLANE('',#7008);
#7011=ORIENTED_EDGE('',*,*,#7010,.F.);
#7012=ORIENTED_EDGE('',*,*,#6996,.T.);
#7013=ORIENTED_EDGE('',*,*,#6875,.T.);
#7015=ORIENTED_EDGE('',*,*,#7014,.T.);
#7017=ORIENTED_EDGE('',*,*,#7016,.F.);
#7019=ORIENTED_EDGE('',*,*,#7018,.T.);
#7021=ORIENTED_EDGE('',*,*,#7020,.F.);
#7023=ORIENTED_EDGE('',*,*,#7022,.F.);
#7024=EDGE_LOOP('',(#7011,#7012,#7013,#7015,#7017,#7019,#7021,#7023));
#7025=FACE_OUTER_BOUND('',#7024,.F.);
#7027=CARTESIAN_POINT('',(-6.7E0,-9.E-1,-8.5E-1));
#7028=DIRECTION('',(7.071067811865E-1,0.E0,7.071067811865E-1));
#7029=DIRECTION('',(7.071067811865E-1,0.E0,-7.071067811865E-1));
#7030=AXIS2_PLACEMENT_3D('',#7027,#7028,#7029);
#7031=PLANE('',#7030);
#7033=ORIENTED_EDGE('',*,*,#7032,.F.);
#7034=ORIENTED_EDGE('',*,*,#6998,.T.);
#7035=ORIENTED_EDGE('',*,*,#7010,.T.);
#7037=ORIENTED_EDGE('',*,*,#7036,.F.);
#7038=EDGE_LOOP('',(#7033,#7034,#7035,#7037));
#7039=FACE_OUTER_BOUND('',#7038,.F.);
#7041=CARTESIAN_POINT('',(-6.65E0,-8.E-1,-8.E-1));
#7042=DIRECTION('',(-1.E0,0.E0,0.E0));
#7043=DIRECTION('',(0.E0,-1.E0,0.E0));
#7044=AXIS2_PLACEMENT_3D('',#7041,#7042,#7043);
#7045=PLANE('',#7044);
#7046=ORIENTED_EDGE('',*,*,#7032,.T.);
#7048=ORIENTED_EDGE('',*,*,#7047,.T.);
#7049=ORIENTED_EDGE('',*,*,#6436,.T.);
#7050=ORIENTED_EDGE('',*,*,#6983,.F.);
#7051=EDGE_LOOP('',(#7046,#7048,#7049,#7050));
#7052=FACE_OUTER_BOUND('',#7051,.F.);
#7054=CARTESIAN_POINT('',(-6.55E0,-8.E-1,-8.E-1));
#7055=DIRECTION('',(0.E0,1.E0,0.E0));
#7056=DIRECTION('',(-1.E0,0.E0,0.E0));
#7057=AXIS2_PLACEMENT_3D('',#7054,#7055,#7056);
#7058=PLANE('',#7057);
#7060=ORIENTED_EDGE('',*,*,#7059,.T.);
#7062=ORIENTED_EDGE('',*,*,#7061,.F.);
#7063=ORIENTED_EDGE('',*,*,#6438,.T.);
#7064=ORIENTED_EDGE('',*,*,#7047,.F.);
#7065=EDGE_LOOP('',(#7060,#7062,#7063,#7064));
#7066=FACE_OUTER_BOUND('',#7065,.F.);
#7068=CARTESIAN_POINT('',(-6.6E0,-7.5E-1,-8.5E-1));
#7069=DIRECTION('',(0.E0,-7.071067811865E-1,7.071067811865E-1));
#7070=DIRECTION('',(0.E0,-7.071067811865E-1,-7.071067811865E-1));
#7071=AXIS2_PLACEMENT_3D('',#7068,#7069,#7070);
#7072=PLANE('',#7071);
#7073=ORIENTED_EDGE('',*,*,#7022,.T.);
#7075=ORIENTED_EDGE('',*,*,#7074,.F.);
#7076=ORIENTED_EDGE('',*,*,#7059,.F.);
#7077=ORIENTED_EDGE('',*,*,#7036,.T.);
#7078=EDGE_LOOP('',(#7073,#7075,#7076,#7077));
#7079=FACE_OUTER_BOUND('',#7078,.F.);
#7081=CARTESIAN_POINT('',(-6.6E0,-6.25E-1,-8.5E-1));
#7082=DIRECTION('',(7.071067811865E-1,0.E0,7.071067811865E-1));
#7083=DIRECTION('',(7.071067811865E-1,0.E0,-7.071067811865E-1));
#7084=AXIS2_PLACEMENT_3D('',#7081,#7082,#7083);
#7085=PLANE('',#7084);
#7087=ORIENTED_EDGE('',*,*,#7086,.F.);
#7088=ORIENTED_EDGE('',*,*,#7074,.T.);
#7089=ORIENTED_EDGE('',*,*,#7020,.T.);
#7091=ORIENTED_EDGE('',*,*,#7090,.T.);
#7092=EDGE_LOOP('',(#7087,#7088,#7089,#7091));
#7093=FACE_OUTER_BOUND('',#7092,.F.);
#7095=CARTESIAN_POINT('',(-6.55E0,-4.5E-1,0.E0));
#7096=DIRECTION('',(-1.E0,0.E0,0.E0));
#7097=DIRECTION('',(0.E0,-1.E0,0.E0));
#7098=AXIS2_PLACEMENT_3D('',#7095,#7096,#7097);
#7099=PLANE('',#7098);
#7100=ORIENTED_EDGE('',*,*,#7061,.T.);
#7101=ORIENTED_EDGE('',*,*,#7086,.T.);
#7103=ORIENTED_EDGE('',*,*,#7102,.T.);
#7104=ORIENTED_EDGE('',*,*,#6440,.T.);
#7105=EDGE_LOOP('',(#7100,#7101,#7103,#7104));
#7106=FACE_OUTER_BOUND('',#7105,.F.);
#7108=CARTESIAN_POINT('',(-6.95E0,-4.5E-1,0.E0));
#7109=DIRECTION('',(0.E0,1.E0,0.E0));
#7110=DIRECTION('',(0.E0,0.E0,-1.E0));
#7111=AXIS2_PLACEMENT_3D('',#7108,#7109,#7110);
#7112=PLANE('',#7111);
#7114=ORIENTED_EDGE('',*,*,#7113,.T.);
#7115=ORIENTED_EDGE('',*,*,#6894,.T.);
#7116=ORIENTED_EDGE('',*,*,#6442,.T.);
#7117=ORIENTED_EDGE('',*,*,#7102,.F.);
#7118=ORIENTED_EDGE('',*,*,#7090,.F.);
#7119=ORIENTED_EDGE('',*,*,#7018,.F.);
#7121=ORIENTED_EDGE('',*,*,#7120,.F.);
#7122=EDGE_LOOP('',(#7114,#7115,#7116,#7117,#7118,#7119,#7121));
#7123=FACE_OUTER_BOUND('',#7122,.F.);
#7125=CARTESIAN_POINT('',(-6.6125E0,-4.E-1,-1.5E-1));
#7126=DIRECTION('',(0.E0,-9.486832980505E-1,3.162277660168E-1));
#7127=DIRECTION('',(0.E0,-3.162277660168E-1,-9.486832980505E-1));
#7128=AXIS2_PLACEMENT_3D('',#7125,#7126,#7127);
#7129=PLANE('',#7128);
#7131=ORIENTED_EDGE('',*,*,#7130,.T.);
#7132=ORIENTED_EDGE('',*,*,#4027,.T.);
#7134=ORIENTED_EDGE('',*,*,#7133,.F.);
#7135=ORIENTED_EDGE('',*,*,#7113,.F.);
#7136=EDGE_LOOP('',(#7131,#7132,#7134,#7135));
#7137=FACE_OUTER_BOUND('',#7136,.F.);
#7139=CARTESIAN_POINT('',(-6.95E0,2.4E0,0.E0));
#7140=DIRECTION('',(-1.E0,0.E0,0.E0));
#7141=DIRECTION('',(0.E0,-1.E0,0.E0));
#7142=AXIS2_PLACEMENT_3D('',#7139,#7140,#7141);
#7143=PLANE('',#7142);
#7145=ORIENTED_EDGE('',*,*,#7144,.F.);
#7146=ORIENTED_EDGE('',*,*,#6059,.F.);
#7147=ORIENTED_EDGE('',*,*,#4029,.T.);
#7148=ORIENTED_EDGE('',*,*,#7130,.F.);
#7149=ORIENTED_EDGE('',*,*,#7120,.T.);
#7150=ORIENTED_EDGE('',*,*,#7016,.T.);
#7152=ORIENTED_EDGE('',*,*,#7151,.F.);
#7153=ORIENTED_EDGE('',*,*,#6787,.T.);
#7154=ORIENTED_EDGE('',*,*,#6850,.F.);
#7155=ORIENTED_EDGE('',*,*,#4147,.T.);
#7156=ORIENTED_EDGE('',*,*,#4254,.F.);
#7158=ORIENTED_EDGE('',*,*,#7157,.T.);
#7160=ORIENTED_EDGE('',*,*,#7159,.T.);
#7162=ORIENTED_EDGE('',*,*,#7161,.F.);
#7164=ORIENTED_EDGE('',*,*,#7163,.T.);
#7166=ORIENTED_EDGE('',*,*,#7165,.F.);
#7167=EDGE_LOOP('',(#7145,#7146,#7147,#7148,#7149,#7150,#7152,#7153,#7154,#7155,
#7156,#7158,#7160,#7162,#7164,#7166));
#7168=FACE_OUTER_BOUND('',#7167,.F.);
#7170=CARTESIAN_POINT('',(-6.6125E0,2.25E0,-3.8E0));
#7171=DIRECTION('',(0.E0,3.162277660168E-1,-9.486832980505E-1));
#7172=DIRECTION('',(0.E0,-9.486832980505E-1,-3.162277660168E-1));
#7173=AXIS2_PLACEMENT_3D('',#7170,#7171,#7172);
#7174=PLANE('',#7173);
#7175=ORIENTED_EDGE('',*,*,#7144,.T.);
#7177=ORIENTED_EDGE('',*,*,#7176,.F.);
#7179=ORIENTED_EDGE('',*,*,#7178,.T.);
#7180=ORIENTED_EDGE('',*,*,#6061,.T.);
#7181=EDGE_LOOP('',(#7175,#7177,#7179,#7180));
#7182=FACE_OUTER_BOUND('',#7181,.F.);
#7184=CARTESIAN_POINT('',(-6.95E0,7.5E-1,-3.85E0));
#7185=DIRECTION('',(0.E0,0.E0,1.E0));
#7186=DIRECTION('',(0.E0,1.E0,0.E0));
#7187=AXIS2_PLACEMENT_3D('',#7184,#7185,#7186);
#7188=PLANE('',#7187);
#7190=ORIENTED_EDGE('',*,*,#7189,.F.);
#7192=ORIENTED_EDGE('',*,*,#7191,.T.);
#7193=ORIENTED_EDGE('',*,*,#6170,.F.);
#7194=ORIENTED_EDGE('',*,*,#6923,.T.);
#7195=ORIENTED_EDGE('',*,*,#7176,.T.);
#7196=ORIENTED_EDGE('',*,*,#7165,.T.);
#7198=ORIENTED_EDGE('',*,*,#7197,.T.);
#7200=ORIENTED_EDGE('',*,*,#7199,.F.);
#7202=ORIENTED_EDGE('',*,*,#7201,.F.);
#7203=EDGE_LOOP('',(#7190,#7192,#7193,#7194,#7195,#7196,#7198,#7200,#7202));
#7204=FACE_OUTER_BOUND('',#7203,.F.);
#7206=CARTESIAN_POINT('',(6.95E0,-2.5E-1,-3.85E0));
#7207=DIRECTION('',(0.E0,-1.E0,0.E0));
#7208=DIRECTION('',(0.E0,0.E0,-1.E0));
#7209=AXIS2_PLACEMENT_3D('',#7206,#7207,#7208);
#7210=PLANE('',#7209);
#7212=ORIENTED_EDGE('',*,*,#7211,.F.);
#7214=ORIENTED_EDGE('',*,*,#7213,.T.);
#7216=ORIENTED_EDGE('',*,*,#7215,.T.);
#7218=ORIENTED_EDGE('',*,*,#7217,.F.);
#7220=ORIENTED_EDGE('',*,*,#7219,.F.);
#7222=ORIENTED_EDGE('',*,*,#7221,.T.);
#7223=EDGE_LOOP('',(#7212,#7214,#7216,#7218,#7220,#7222));
#7224=FACE_OUTER_BOUND('',#7223,.F.);
#7226=CARTESIAN_POINT('',(6.95E0,-2.5E-1,-3.85E0));
#7227=DIRECTION('',(0.E0,-1.E0,0.E0));
#7228=DIRECTION('',(0.E0,0.E0,-1.E0));
#7229=AXIS2_PLACEMENT_3D('',#7226,#7227,#7228);
#7230=PLANE('',#7229);
#7231=ORIENTED_EDGE('',*,*,#7189,.T.);
#7233=ORIENTED_EDGE('',*,*,#7232,.T.);
#7235=ORIENTED_EDGE('',*,*,#7234,.F.);
#7237=ORIENTED_EDGE('',*,*,#7236,.F.);
#7239=ORIENTED_EDGE('',*,*,#7238,.T.);
#7241=ORIENTED_EDGE('',*,*,#7240,.F.);
#7242=EDGE_LOOP('',(#7231,#7233,#7235,#7237,#7239,#7241));
#7243=FACE_OUTER_BOUND('',#7242,.F.);
#7245=CARTESIAN_POINT('',(6.95E0,2.4E0,-3.85E0));
#7246=DIRECTION('',(0.E0,0.E0,1.E0));
#7247=DIRECTION('',(0.E0,-1.E0,0.E0));
#7248=AXIS2_PLACEMENT_3D('',#7245,#7246,#7247);
#7249=PLANE('',#7248);
#7250=ORIENTED_EDGE('',*,*,#7211,.T.);
#7252=ORIENTED_EDGE('',*,*,#7251,.T.);
#7254=ORIENTED_EDGE('',*,*,#7253,.F.);
#7256=ORIENTED_EDGE('',*,*,#7255,.F.);
#7257=ORIENTED_EDGE('',*,*,#5995,.F.);
#7258=ORIENTED_EDGE('',*,*,#6035,.T.);
#7259=ORIENTED_EDGE('',*,*,#6342,.T.);
#7260=ORIENTED_EDGE('',*,*,#6136,.T.);
#7262=ORIENTED_EDGE('',*,*,#7261,.F.);
#7263=EDGE_LOOP('',(#7250,#7252,#7254,#7256,#7257,#7258,#7259,#7260,#7262));
#7264=FACE_OUTER_BOUND('',#7263,.F.);
#7266=CARTESIAN_POINT('',(6.55E0,-1.1E0,-4.4E0));
#7267=DIRECTION('',(1.E0,0.E0,0.E0));
#7268=DIRECTION('',(0.E0,0.E0,1.E0));
#7269=AXIS2_PLACEMENT_3D('',#7266,#7267,#7268);
#7270=PLANE('',#7269);
#7271=ORIENTED_EDGE('',*,*,#7221,.F.);
#7273=ORIENTED_EDGE('',*,*,#7272,.F.);
#7275=ORIENTED_EDGE('',*,*,#7274,.T.);
#7276=ORIENTED_EDGE('',*,*,#7251,.F.);
#7277=EDGE_LOOP('',(#7271,#7273,#7275,#7276));
#7278=FACE_OUTER_BOUND('',#7277,.F.);
#7280=CARTESIAN_POINT('',(6.55E0,2.4E0,-4.2E0));
#7281=DIRECTION('',(0.E0,0.E0,1.E0));
#7282=DIRECTION('',(1.E0,0.E0,0.E0));
#7283=AXIS2_PLACEMENT_3D('',#7280,#7281,#7282);
#7284=PLANE('',#7283);
#7285=ORIENTED_EDGE('',*,*,#7219,.T.);
#7287=ORIENTED_EDGE('',*,*,#7286,.F.);
#7289=ORIENTED_EDGE('',*,*,#7288,.T.);
#7290=ORIENTED_EDGE('',*,*,#7272,.T.);
#7291=EDGE_LOOP('',(#7285,#7287,#7289,#7290));
#7292=FACE_OUTER_BOUND('',#7291,.F.);
#7294=CARTESIAN_POINT('',(6.65E0,2.4E0,-4.2E0));
#7295=DIRECTION('',(1.E0,0.E0,0.E0));
#7296=DIRECTION('',(0.E0,0.E0,-1.E0));
#7297=AXIS2_PLACEMENT_3D('',#7294,#7295,#7296);
#7298=PLANE('',#7297);
#7299=ORIENTED_EDGE('',*,*,#7217,.T.);
#7301=ORIENTED_EDGE('',*,*,#7300,.F.);
#7303=ORIENTED_EDGE('',*,*,#7302,.T.);
#7304=ORIENTED_EDGE('',*,*,#7286,.T.);
#7305=EDGE_LOOP('',(#7299,#7301,#7303,#7304));
#7306=FACE_OUTER_BOUND('',#7305,.F.);
#7308=CARTESIAN_POINT('',(6.275E0,-1.1E0,-4.4E0));
#7309=DIRECTION('',(0.E0,0.E0,-1.E0));
#7310=DIRECTION('',(1.E0,0.E0,0.E0));
#7311=AXIS2_PLACEMENT_3D('',#7308,#7309,#7310);
#7312=PLANE('',#7311);
#7313=ORIENTED_EDGE('',*,*,#7300,.T.);
#7314=ORIENTED_EDGE('',*,*,#7215,.F.);
#7316=ORIENTED_EDGE('',*,*,#7315,.T.);
#7318=ORIENTED_EDGE('',*,*,#7317,.F.);
#7319=EDGE_LOOP('',(#7313,#7314,#7316,#7318));
#7320=FACE_OUTER_BOUND('',#7319,.F.);
#7322=CARTESIAN_POINT('',(6.275E0,-1.1E0,-4.4E0));
#7323=DIRECTION('',(0.E0,0.E0,-1.E0));
#7324=DIRECTION('',(1.E0,0.E0,0.E0));
#7325=AXIS2_PLACEMENT_3D('',#7322,#7323,#7324);
#7326=PLANE('',#7325);
#7328=ORIENTED_EDGE('',*,*,#7327,.F.);
#7330=ORIENTED_EDGE('',*,*,#7329,.F.);
#7332=ORIENTED_EDGE('',*,*,#7331,.T.);
#7333=ORIENTED_EDGE('',*,*,#6328,.F.);
#7334=ORIENTED_EDGE('',*,*,#6249,.T.);
#7335=EDGE_LOOP('',(#7328,#7330,#7332,#7333,#7334));
#7336=FACE_OUTER_BOUND('',#7335,.F.);
#7338=CARTESIAN_POINT('',(6.525E0,1.55E0,-3.85E0));
#7339=DIRECTION('',(1.E0,0.E0,0.E0));
#7340=DIRECTION('',(0.E0,0.E0,-1.E0));
#7341=AXIS2_PLACEMENT_3D('',#7338,#7339,#7340);
#7342=PLANE('',#7341);
#7343=ORIENTED_EDGE('',*,*,#7213,.F.);
#7344=ORIENTED_EDGE('',*,*,#7261,.T.);
#7345=ORIENTED_EDGE('',*,*,#6134,.T.);
#7347=ORIENTED_EDGE('',*,*,#7346,.T.);
#7349=ORIENTED_EDGE('',*,*,#7348,.F.);
#7351=ORIENTED_EDGE('',*,*,#7350,.F.);
#7353=ORIENTED_EDGE('',*,*,#7352,.T.);
#7355=ORIENTED_EDGE('',*,*,#7354,.F.);
#7357=ORIENTED_EDGE('',*,*,#7356,.F.);
#7358=ORIENTED_EDGE('',*,*,#7315,.F.);
#7359=EDGE_LOOP('',(#7343,#7344,#7345,#7347,#7349,#7351,#7353,#7355,#7357,
#7358));
#7360=FACE_OUTER_BOUND('',#7359,.F.);
#7362=CARTESIAN_POINT('',(6.625E0,1.55E0,-5.55E0));
#7363=DIRECTION('',(0.E0,1.E0,0.E0));
#7364=DIRECTION('',(-1.E0,0.E0,0.E0));
#7365=AXIS2_PLACEMENT_3D('',#7362,#7363,#7364);
#7366=CYLINDRICAL_SURFACE('',#7365,1.E-1);
#7367=ORIENTED_EDGE('',*,*,#6132,.T.);
#7369=ORIENTED_EDGE('',*,*,#7368,.T.);
#7371=ORIENTED_EDGE('',*,*,#7370,.F.);
#7372=ORIENTED_EDGE('',*,*,#7346,.F.);
#7373=EDGE_LOOP('',(#7367,#7369,#7371,#7372));
#7374=FACE_OUTER_BOUND('',#7373,.F.);
#7376=CARTESIAN_POINT('',(6.625E0,1.55E0,-5.65E0));
#7377=DIRECTION('',(0.E0,0.E0,1.E0));
#7378=DIRECTION('',(1.E0,0.E0,0.E0));
#7379=AXIS2_PLACEMENT_3D('',#7376,#7377,#7378);
#7380=PLANE('',#7379);
#7381=ORIENTED_EDGE('',*,*,#6190,.F.);
#7383=ORIENTED_EDGE('',*,*,#7382,.T.);
#7385=ORIENTED_EDGE('',*,*,#7384,.F.);
#7387=ORIENTED_EDGE('',*,*,#7386,.F.);
#7388=ORIENTED_EDGE('',*,*,#7368,.F.);
#7389=ORIENTED_EDGE('',*,*,#6130,.T.);
#7390=EDGE_LOOP('',(#7381,#7383,#7385,#7387,#7388,#7389));
#7391=FACE_OUTER_BOUND('',#7390,.F.);
#7393=CARTESIAN_POINT('',(7.125E0,1.55E0,-5.65E0));
#7394=DIRECTION('',(1.E0,0.E0,0.E0));
#7395=DIRECTION('',(0.E0,0.E0,-1.E0));
#7396=AXIS2_PLACEMENT_3D('',#7393,#7394,#7395);
#7397=PLANE('',#7396);
#7398=ORIENTED_EDGE('',*,*,#6188,.T.);
#7399=ORIENTED_EDGE('',*,*,#6209,.T.);
#7401=ORIENTED_EDGE('',*,*,#7400,.T.);
#7402=ORIENTED_EDGE('',*,*,#7382,.F.);
#7403=EDGE_LOOP('',(#7398,#7399,#7401,#7402));
#7404=FACE_OUTER_BOUND('',#7403,.F.);
#7406=CARTESIAN_POINT('',(6.825E0,-1.5E-1,-1.359124E1));
#7407=DIRECTION('',(0.E0,0.E0,1.E0));
#7408=DIRECTION('',(0.E0,-1.E0,0.E0));
#7409=AXIS2_PLACEMENT_3D('',#7406,#7407,#7408);
#7410=CYLINDRICAL_SURFACE('',#7409,3.E-1);
#7411=ORIENTED_EDGE('',*,*,#7384,.T.);
#7412=ORIENTED_EDGE('',*,*,#7400,.F.);
#7413=ORIENTED_EDGE('',*,*,#6207,.T.);
#7415=ORIENTED_EDGE('',*,*,#7414,.T.);
#7416=EDGE_LOOP('',(#7411,#7412,#7413,#7415));
#7417=FACE_OUTER_BOUND('',#7416,.F.);
#7419=CARTESIAN_POINT('',(0.E0,-4.5E-1,0.E0));
#7420=DIRECTION('',(0.E0,1.E0,0.E0));
#7421=DIRECTION('',(-1.E0,0.E0,0.E0));
#7422=AXIS2_PLACEMENT_3D('',#7419,#7420,#7421);
#7423=PLANE('',#7422);
#7424=ORIENTED_EDGE('',*,*,#7414,.F.);
#7425=ORIENTED_EDGE('',*,*,#6205,.T.);
#7426=ORIENTED_EDGE('',*,*,#6222,.T.);
#7427=ORIENTED_EDGE('',*,*,#6236,.T.);
#7428=ORIENTED_EDGE('',*,*,#6356,.T.);
#7430=ORIENTED_EDGE('',*,*,#7429,.T.);
#7431=ORIENTED_EDGE('',*,*,#7348,.T.);
#7432=ORIENTED_EDGE('',*,*,#7370,.T.);
#7433=ORIENTED_EDGE('',*,*,#7386,.T.);
#7434=EDGE_LOOP('',(#7424,#7425,#7426,#7427,#7428,#7430,#7431,#7432,#7433));
#7435=FACE_OUTER_BOUND('',#7434,.F.);
#7437=CARTESIAN_POINT('',(0.E0,-4.5E-1,0.E0));
#7438=DIRECTION('',(0.E0,1.E0,0.E0));
#7439=DIRECTION('',(-1.E0,0.E0,0.E0));
#7440=AXIS2_PLACEMENT_3D('',#7437,#7438,#7439);
#7441=PLANE('',#7440);
#7443=ORIENTED_EDGE('',*,*,#7442,.F.);
#7445=ORIENTED_EDGE('',*,*,#7444,.T.);
#7447=ORIENTED_EDGE('',*,*,#7446,.T.);
#7449=ORIENTED_EDGE('',*,*,#7448,.T.);
#7451=ORIENTED_EDGE('',*,*,#7450,.F.);
#7452=ORIENTED_EDGE('',*,*,#6933,.F.);
#7453=ORIENTED_EDGE('',*,*,#6101,.T.);
#7455=ORIENTED_EDGE('',*,*,#7454,.T.);
#7457=ORIENTED_EDGE('',*,*,#7456,.T.);
#7458=EDGE_LOOP('',(#7443,#7445,#7447,#7449,#7451,#7452,#7453,#7455,#7457));
#7459=FACE_OUTER_BOUND('',#7458,.F.);
#7461=CARTESIAN_POINT('',(6.95E0,7.5E-1,-4.9E0));
#7462=DIRECTION('',(0.E0,0.E0,1.E0));
#7463=DIRECTION('',(0.E0,-1.E0,0.E0));
#7464=AXIS2_PLACEMENT_3D('',#7461,#7462,#7463);
#7465=PLANE('',#7464);
#7466=ORIENTED_EDGE('',*,*,#7429,.F.);
#7467=ORIENTED_EDGE('',*,*,#6365,.T.);
#7469=ORIENTED_EDGE('',*,*,#7468,.F.);
#7471=ORIENTED_EDGE('',*,*,#7470,.T.);
#7473=ORIENTED_EDGE('',*,*,#7472,.F.);
#7475=ORIENTED_EDGE('',*,*,#7474,.F.);
#7476=ORIENTED_EDGE('',*,*,#6001,.F.);
#7478=ORIENTED_EDGE('',*,*,#7477,.F.);
#7479=ORIENTED_EDGE('',*,*,#7350,.T.);
#7480=EDGE_LOOP('',(#7466,#7467,#7469,#7471,#7473,#7475,#7476,#7478,#7479));
#7481=FACE_OUTER_BOUND('',#7480,.F.);
#7483=CARTESIAN_POINT('',(0.E0,-1.1E0,0.E0));
#7484=DIRECTION('',(0.E0,-1.E0,0.E0));
#7485=DIRECTION('',(0.E0,0.E0,1.E0));
#7486=AXIS2_PLACEMENT_3D('',#7483,#7484,#7485);
#7487=PLANE('',#7486);
#7489=ORIENTED_EDGE('',*,*,#7488,.T.);
#7491=ORIENTED_EDGE('',*,*,#7490,.T.);
#7493=ORIENTED_EDGE('',*,*,#7492,.T.);
#7494=ORIENTED_EDGE('',*,*,#6937,.T.);
#7495=EDGE_LOOP('',(#7489,#7491,#7493,#7494));
#7496=FACE_OUTER_BOUND('',#7495,.F.);
#7498=CARTESIAN_POINT('',(0.E0,-1.1E0,0.E0));
#7499=DIRECTION('',(0.E0,-1.E0,0.E0));
#7500=DIRECTION('',(0.E0,0.E0,1.E0));
#7501=AXIS2_PLACEMENT_3D('',#7498,#7499,#7500);
#7502=PLANE('',#7501);
#7503=ORIENTED_EDGE('',*,*,#6363,.T.);
#7505=ORIENTED_EDGE('',*,*,#7504,.T.);
#7507=ORIENTED_EDGE('',*,*,#7506,.T.);
#7508=ORIENTED_EDGE('',*,*,#7468,.T.);
#7509=EDGE_LOOP('',(#7503,#7505,#7507,#7508));
#7510=FACE_OUTER_BOUND('',#7509,.F.);
#7512=CARTESIAN_POINT('',(-6.95E0,-6.E-1,-4.9E0));
#7513=DIRECTION('',(0.E0,0.E0,1.E0));
#7514=DIRECTION('',(0.E0,1.E0,0.E0));
#7515=AXIS2_PLACEMENT_3D('',#7512,#7513,#7514);
#7516=PLANE('',#7515);
#7517=ORIENTED_EDGE('',*,*,#7450,.T.);
#7519=ORIENTED_EDGE('',*,*,#7518,.F.);
#7521=ORIENTED_EDGE('',*,*,#7520,.T.);
#7522=ORIENTED_EDGE('',*,*,#7159,.F.);
#7524=ORIENTED_EDGE('',*,*,#7523,.T.);
#7526=ORIENTED_EDGE('',*,*,#7525,.F.);
#7528=ORIENTED_EDGE('',*,*,#7527,.F.);
#7529=ORIENTED_EDGE('',*,*,#7488,.F.);
#7530=ORIENTED_EDGE('',*,*,#6935,.F.);
#7531=EDGE_LOOP('',(#7517,#7519,#7521,#7522,#7524,#7526,#7528,#7529,#7530));
#7532=FACE_OUTER_BOUND('',#7531,.F.);
#7534=CARTESIAN_POINT('',(-6.525E0,1.55E0,-5.55E0));
#7535=DIRECTION('',(-1.E0,0.E0,0.E0));
#7536=DIRECTION('',(0.E0,0.E0,1.E0));
#7537=AXIS2_PLACEMENT_3D('',#7534,#7535,#7536);
#7538=PLANE('',#7537);
#7539=ORIENTED_EDGE('',*,*,#7240,.T.);
#7541=ORIENTED_EDGE('',*,*,#7540,.T.);
#7543=ORIENTED_EDGE('',*,*,#7542,.T.);
#7545=ORIENTED_EDGE('',*,*,#7544,.F.);
#7547=ORIENTED_EDGE('',*,*,#7546,.T.);
#7548=ORIENTED_EDGE('',*,*,#7518,.T.);
#7549=ORIENTED_EDGE('',*,*,#7448,.F.);
#7551=ORIENTED_EDGE('',*,*,#7550,.F.);
#7552=ORIENTED_EDGE('',*,*,#6172,.T.);
#7553=ORIENTED_EDGE('',*,*,#7191,.F.);
#7554=EDGE_LOOP('',(#7539,#7541,#7543,#7545,#7547,#7548,#7549,#7551,#7552,
#7553));
#7555=FACE_OUTER_BOUND('',#7554,.F.);
#7557=CARTESIAN_POINT('',(-6.55E0,-1.1E0,-4.4E0));
#7558=DIRECTION('',(0.E0,0.E0,-1.E0));
#7559=DIRECTION('',(1.E0,0.E0,0.E0));
#7560=AXIS2_PLACEMENT_3D('',#7557,#7558,#7559);
#7561=PLANE('',#7560);
#7562=ORIENTED_EDGE('',*,*,#7238,.F.);
#7564=ORIENTED_EDGE('',*,*,#7563,.F.);
#7566=ORIENTED_EDGE('',*,*,#7565,.F.);
#7567=ORIENTED_EDGE('',*,*,#7540,.F.);
#7568=EDGE_LOOP('',(#7562,#7564,#7566,#7567));
#7569=FACE_OUTER_BOUND('',#7568,.F.);
#7571=CARTESIAN_POINT('',(-6.55E0,-1.1E0,-4.4E0));
#7572=DIRECTION('',(0.E0,0.E0,-1.E0));
#7573=DIRECTION('',(1.E0,0.E0,0.E0));
#7574=AXIS2_PLACEMENT_3D('',#7571,#7572,#7573);
#7575=PLANE('',#7574);
#7577=ORIENTED_EDGE('',*,*,#7576,.T.);
#7578=ORIENTED_EDGE('',*,*,#6118,.T.);
#7579=ORIENTED_EDGE('',*,*,#6908,.F.);
#7581=ORIENTED_EDGE('',*,*,#7580,.F.);
#7583=ORIENTED_EDGE('',*,*,#7582,.T.);
#7584=EDGE_LOOP('',(#7577,#7578,#7579,#7581,#7583));
#7585=FACE_OUTER_BOUND('',#7584,.F.);
#7587=CARTESIAN_POINT('',(-6.65E0,2.4E0,-4.4E0));
#7588=DIRECTION('',(-1.E0,0.E0,0.E0));
#7589=DIRECTION('',(0.E0,0.E0,1.E0));
#7590=AXIS2_PLACEMENT_3D('',#7587,#7588,#7589);
#7591=PLANE('',#7590);
#7592=ORIENTED_EDGE('',*,*,#7236,.T.);
#7594=ORIENTED_EDGE('',*,*,#7593,.F.);
#7596=ORIENTED_EDGE('',*,*,#7595,.T.);
#7597=ORIENTED_EDGE('',*,*,#7563,.T.);
#7598=EDGE_LOOP('',(#7592,#7594,#7596,#7597));
#7599=FACE_OUTER_BOUND('',#7598,.F.);
#7601=CARTESIAN_POINT('',(-6.65E0,2.4E0,-4.2E0));
#7602=DIRECTION('',(0.E0,0.E0,1.E0));
#7603=DIRECTION('',(1.E0,0.E0,0.E0));
#7604=AXIS2_PLACEMENT_3D('',#7601,#7602,#7603);
#7605=PLANE('',#7604);
#7606=ORIENTED_EDGE('',*,*,#7234,.T.);
#7608=ORIENTED_EDGE('',*,*,#7607,.F.);
#7610=ORIENTED_EDGE('',*,*,#7609,.T.);
#7611=ORIENTED_EDGE('',*,*,#7593,.T.);
#7612=EDGE_LOOP('',(#7606,#7608,#7610,#7611));
#7613=FACE_OUTER_BOUND('',#7612,.F.);
#7615=CARTESIAN_POINT('',(-6.55E0,-1.1E0,-3.85E0));
#7616=DIRECTION('',(-1.E0,0.E0,0.E0));
#7617=DIRECTION('',(0.E0,0.E0,-1.E0));
#7618=AXIS2_PLACEMENT_3D('',#7615,#7616,#7617);
#7619=PLANE('',#7618);
#7620=ORIENTED_EDGE('',*,*,#7232,.F.);
#7621=ORIENTED_EDGE('',*,*,#7201,.T.);
#7623=ORIENTED_EDGE('',*,*,#7622,.T.);
#7624=ORIENTED_EDGE('',*,*,#7607,.T.);
#7625=EDGE_LOOP('',(#7620,#7621,#7623,#7624));
#7626=FACE_OUTER_BOUND('',#7625,.F.);
#7628=CARTESIAN_POINT('',(-6.6E0,7.E-1,-4.025E0));
#7629=DIRECTION('',(7.071067811865E-1,7.071067811865E-1,0.E0));
#7630=DIRECTION('',(7.071067811865E-1,-7.071067811865E-1,0.E0));
#7631=AXIS2_PLACEMENT_3D('',#7628,#7629,#7630);
#7632=PLANE('',#7631);
#7634=ORIENTED_EDGE('',*,*,#7633,.T.);
#7636=ORIENTED_EDGE('',*,*,#7635,.F.);
#7637=ORIENTED_EDGE('',*,*,#7622,.F.);
#7638=ORIENTED_EDGE('',*,*,#7199,.T.);
#7639=EDGE_LOOP('',(#7634,#7636,#7637,#7638));
#7640=FACE_OUTER_BOUND('',#7639,.F.);
#7642=CARTESIAN_POINT('',(-6.95E0,7.5E-1,-4.9E0));
#7643=DIRECTION('',(0.E0,-1.E0,0.E0));
#7644=DIRECTION('',(0.E0,0.E0,1.E0));
#7645=AXIS2_PLACEMENT_3D('',#7642,#7643,#7644);
#7646=PLANE('',#7645);
#7647=ORIENTED_EDGE('',*,*,#7544,.T.);
#7649=ORIENTED_EDGE('',*,*,#7648,.T.);
#7651=ORIENTED_EDGE('',*,*,#7650,.F.);
#7653=ORIENTED_EDGE('',*,*,#7652,.F.);
#7654=ORIENTED_EDGE('',*,*,#7633,.F.);
#7655=ORIENTED_EDGE('',*,*,#7197,.F.);
#7656=ORIENTED_EDGE('',*,*,#7163,.F.);
#7658=ORIENTED_EDGE('',*,*,#7657,.F.);
#7659=EDGE_LOOP('',(#7647,#7649,#7651,#7653,#7654,#7655,#7656,#7658));
#7660=FACE_OUTER_BOUND('',#7659,.F.);
#7662=CARTESIAN_POINT('',(-6.4625E0,7.E-1,-4.45E0));
#7663=DIRECTION('',(0.E0,7.071067811865E-1,7.071067811865E-1));
#7664=DIRECTION('',(0.E0,7.071067811865E-1,-7.071067811865E-1));
#7665=AXIS2_PLACEMENT_3D('',#7662,#7663,#7664);
#7666=PLANE('',#7665);
#7667=ORIENTED_EDGE('',*,*,#7542,.F.);
#7668=ORIENTED_EDGE('',*,*,#7565,.T.);
#7670=ORIENTED_EDGE('',*,*,#7669,.T.);
#7671=ORIENTED_EDGE('',*,*,#7648,.F.);
#7672=EDGE_LOOP('',(#7667,#7668,#7670,#7671));
#7673=FACE_OUTER_BOUND('',#7672,.F.);
#7675=CARTESIAN_POINT('',(-6.7E0,7.E-1,-4.3E0));
#7676=DIRECTION('',(7.071067811865E-1,7.071067811865E-1,0.E0));
#7677=DIRECTION('',(7.071067811865E-1,-7.071067811865E-1,0.E0));
#7678=AXIS2_PLACEMENT_3D('',#7675,#7676,#7677);
#7679=PLANE('',#7678);
#7680=ORIENTED_EDGE('',*,*,#7650,.T.);
#7681=ORIENTED_EDGE('',*,*,#7669,.F.);
#7682=ORIENTED_EDGE('',*,*,#7595,.F.);
#7684=ORIENTED_EDGE('',*,*,#7683,.T.);
#7685=EDGE_LOOP('',(#7680,#7681,#7682,#7684));
#7686=FACE_OUTER_BOUND('',#7685,.F.);
#7688=CARTESIAN_POINT('',(-6.6E0,7.E-1,-4.15E0));
#7689=DIRECTION('',(0.E0,7.071067811865E-1,-7.071067811865E-1));
#7690=DIRECTION('',(0.E0,-7.071067811865E-1,-7.071067811865E-1));
#7691=AXIS2_PLACEMENT_3D('',#7688,#7689,#7690);
#7692=PLANE('',#7691);
#7693=ORIENTED_EDGE('',*,*,#7609,.F.);
#7694=ORIENTED_EDGE('',*,*,#7635,.T.);
#7695=ORIENTED_EDGE('',*,*,#7652,.T.);
#7696=ORIENTED_EDGE('',*,*,#7683,.F.);
#7697=EDGE_LOOP('',(#7693,#7694,#7695,#7696));
#7698=FACE_OUTER_BOUND('',#7697,.F.);
#7700=CARTESIAN_POINT('',(-6.6125E0,7.E-1,-4.85E0));
#7701=DIRECTION('',(0.E0,7.071067811865E-1,-7.071067811865E-1));
#7702=DIRECTION('',(0.E0,-7.071067811865E-1,-7.071067811865E-1));
#7703=AXIS2_PLACEMENT_3D('',#7700,#7701,#7702);
#7704=PLANE('',#7703);
#7705=ORIENTED_EDGE('',*,*,#7546,.F.);
#7706=ORIENTED_EDGE('',*,*,#7657,.T.);
#7707=ORIENTED_EDGE('',*,*,#7161,.T.);
#7708=ORIENTED_EDGE('',*,*,#7520,.F.);
#7709=EDGE_LOOP('',(#7705,#7706,#7707,#7708));
#7710=FACE_OUTER_BOUND('',#7709,.F.);
#7712=CARTESIAN_POINT('',(6.95E0,1.4E0,0.E0));
#7713=DIRECTION('',(0.E0,1.E0,0.E0));
#7714=DIRECTION('',(-1.E0,0.E0,0.E0));
#7715=AXIS2_PLACEMENT_3D('',#7712,#7713,#7714);
#7716=PLANE('',#7715);
#7717=ORIENTED_EDGE('',*,*,#7576,.F.);
#7719=ORIENTED_EDGE('',*,*,#7718,.F.);
#7721=ORIENTED_EDGE('',*,*,#7720,.F.);
#7722=ORIENTED_EDGE('',*,*,#6112,.T.);
#7723=EDGE_LOOP('',(#7717,#7719,#7721,#7722));
#7724=FACE_OUTER_BOUND('',#7723,.F.);
#7726=CARTESIAN_POINT('',(6.95E0,1.4E0,0.E0));
#7727=DIRECTION('',(0.E0,1.E0,0.E0));
#7728=DIRECTION('',(-1.E0,0.E0,0.E0));
#7729=AXIS2_PLACEMENT_3D('',#7726,#7727,#7728);
#7730=PLANE('',#7729);
#7731=ORIENTED_EDGE('',*,*,#7327,.T.);
#7732=ORIENTED_EDGE('',*,*,#6247,.F.);
#7734=ORIENTED_EDGE('',*,*,#7733,.F.);
#7736=ORIENTED_EDGE('',*,*,#7735,.F.);
#7737=EDGE_LOOP('',(#7731,#7732,#7734,#7736));
#7738=FACE_OUTER_BOUND('',#7737,.F.);
#7740=CARTESIAN_POINT('',(-6.175E0,2.4E0,-4.2E0));
#7741=DIRECTION('',(1.E0,0.E0,0.E0));
#7742=DIRECTION('',(0.E0,0.E0,-1.E0));
#7743=AXIS2_PLACEMENT_3D('',#7740,#7741,#7742);
#7744=PLANE('',#7743);
#7745=ORIENTED_EDGE('',*,*,#7718,.T.);
#7746=ORIENTED_EDGE('',*,*,#7582,.F.);
#7747=ORIENTED_EDGE('',*,*,#6065,.F.);
#7749=ORIENTED_EDGE('',*,*,#7748,.T.);
#7750=EDGE_LOOP('',(#7745,#7746,#7747,#7749));
#7751=FACE_OUTER_BOUND('',#7750,.F.);
#7753=CARTESIAN_POINT('',(-6.275E0,2.4E0,-4.2E0));
#7754=DIRECTION('',(0.E0,0.E0,1.E0));
#7755=DIRECTION('',(1.E0,0.E0,0.E0));
#7756=AXIS2_PLACEMENT_3D('',#7753,#7754,#7755);
#7757=PLANE('',#7756);
#7758=ORIENTED_EDGE('',*,*,#7720,.T.);
#7759=ORIENTED_EDGE('',*,*,#7748,.F.);
#7761=ORIENTED_EDGE('',*,*,#7760,.F.);
#7762=ORIENTED_EDGE('',*,*,#6919,.T.);
#7763=ORIENTED_EDGE('',*,*,#6114,.F.);
#7764=EDGE_LOOP('',(#7758,#7759,#7761,#7762,#7763));
#7765=FACE_OUTER_BOUND('',#7764,.F.);
#7767=CARTESIAN_POINT('',(-6.225E0,2.25E0,-4.025E0));
#7768=DIRECTION('',(-9.486832980505E-1,3.162277660168E-1,0.E0));
#7769=DIRECTION('',(-3.162277660168E-1,-9.486832980505E-1,0.E0));
#7770=AXIS2_PLACEMENT_3D('',#7767,#7768,#7769);
#7771=PLANE('',#7770);
#7772=ORIENTED_EDGE('',*,*,#6921,.F.);
#7773=ORIENTED_EDGE('',*,*,#7760,.T.);
#7774=ORIENTED_EDGE('',*,*,#6063,.T.);
#7775=ORIENTED_EDGE('',*,*,#7178,.F.);
#7776=EDGE_LOOP('',(#7772,#7773,#7774,#7775));
#7777=FACE_OUTER_BOUND('',#7776,.F.);
#7779=CARTESIAN_POINT('',(6.175E0,2.4E0,-4.2E0));
#7780=DIRECTION('',(0.E0,0.E0,1.E0));
#7781=DIRECTION('',(1.E0,0.E0,0.E0));
#7782=AXIS2_PLACEMENT_3D('',#7779,#7780,#7781);
#7783=PLANE('',#7782);
#7784=ORIENTED_EDGE('',*,*,#7733,.T.);
#7785=ORIENTED_EDGE('',*,*,#6252,.T.);
#7786=ORIENTED_EDGE('',*,*,#6346,.F.);
#7788=ORIENTED_EDGE('',*,*,#7787,.T.);
#7790=ORIENTED_EDGE('',*,*,#7789,.T.);
#7791=EDGE_LOOP('',(#7784,#7785,#7786,#7788,#7790));
#7792=FACE_OUTER_BOUND('',#7791,.F.);
#7794=CARTESIAN_POINT('',(6.225E0,2.25E0,-4.025E0));
#7795=DIRECTION('',(9.486832980505E-1,3.162277660168E-1,0.E0));
#7796=DIRECTION('',(3.162277660168E-1,-9.486832980505E-1,0.E0));
#7797=AXIS2_PLACEMENT_3D('',#7794,#7795,#7796);
#7798=PLANE('',#7797);
#7799=ORIENTED_EDGE('',*,*,#6344,.F.);
#7800=ORIENTED_EDGE('',*,*,#6033,.T.);
#7801=ORIENTED_EDGE('',*,*,#6054,.T.);
#7802=ORIENTED_EDGE('',*,*,#7787,.F.);
#7803=EDGE_LOOP('',(#7799,#7800,#7801,#7802));
#7804=FACE_OUTER_BOUND('',#7803,.F.);
#7806=CARTESIAN_POINT('',(6.175E0,2.4E0,-4.4E0));
#7807=DIRECTION('',(-1.E0,0.E0,0.E0));
#7808=DIRECTION('',(0.E0,0.E0,1.E0));
#7809=AXIS2_PLACEMENT_3D('',#7806,#7807,#7808);
#7810=PLANE('',#7809);
#7811=ORIENTED_EDGE('',*,*,#7735,.T.);
#7812=ORIENTED_EDGE('',*,*,#7789,.F.);
#7813=ORIENTED_EDGE('',*,*,#6052,.F.);
#7814=ORIENTED_EDGE('',*,*,#7329,.T.);
#7815=EDGE_LOOP('',(#7811,#7812,#7813,#7814));
#7816=FACE_OUTER_BOUND('',#7815,.F.);
#7818=CARTESIAN_POINT('',(-6.225E0,2.25E0,-5.1E0));
#7819=DIRECTION('',(-9.486832980505E-1,3.162277660168E-1,0.E0));
#7820=DIRECTION('',(-3.162277660168E-1,-9.486832980505E-1,0.E0));
#7821=AXIS2_PLACEMENT_3D('',#7818,#7819,#7820);
#7822=PLANE('',#7821);
#7823=ORIENTED_EDGE('',*,*,#6085,.F.);
#7824=ORIENTED_EDGE('',*,*,#6067,.T.);
#7825=ORIENTED_EDGE('',*,*,#7580,.T.);
#7826=ORIENTED_EDGE('',*,*,#6906,.F.);
#7827=EDGE_LOOP('',(#7823,#7824,#7825,#7826));
#7828=FACE_OUTER_BOUND('',#7827,.F.);
#7830=CARTESIAN_POINT('',(-6.625E0,1.55E0,-5.55E0));
#7831=DIRECTION('',(0.E0,1.E0,0.E0));
#7832=DIRECTION('',(-1.E0,0.E0,0.E0));
#7833=AXIS2_PLACEMENT_3D('',#7830,#7831,#7832);
#7834=CYLINDRICAL_SURFACE('',#7833,1.E-1);
#7835=ORIENTED_EDGE('',*,*,#6174,.T.);
#7836=ORIENTED_EDGE('',*,*,#7550,.T.);
#7837=ORIENTED_EDGE('',*,*,#7446,.F.);
#7839=ORIENTED_EDGE('',*,*,#7838,.F.);
#7840=EDGE_LOOP('',(#7835,#7836,#7837,#7839));
#7841=FACE_OUTER_BOUND('',#7840,.F.);
#7843=CARTESIAN_POINT('',(-7.125E0,1.55E0,-5.65E0));
#7844=DIRECTION('',(0.E0,0.E0,1.E0));
#7845=DIRECTION('',(1.E0,0.E0,0.E0));
#7846=AXIS2_PLACEMENT_3D('',#7843,#7844,#7845);
#7847=PLANE('',#7846);
#7849=ORIENTED_EDGE('',*,*,#7848,.F.);
#7850=ORIENTED_EDGE('',*,*,#6176,.T.);
#7851=ORIENTED_EDGE('',*,*,#7838,.T.);
#7852=ORIENTED_EDGE('',*,*,#7444,.F.);
#7854=ORIENTED_EDGE('',*,*,#7853,.F.);
#7856=ORIENTED_EDGE('',*,*,#7855,.F.);
#7857=EDGE_LOOP('',(#7849,#7850,#7851,#7852,#7854,#7856));
#7858=FACE_OUTER_BOUND('',#7857,.F.);
#7860=CARTESIAN_POINT('',(-6.825E0,1.25E0,-1.359124E1));
#7861=DIRECTION('',(0.E0,0.E0,1.E0));
#7862=DIRECTION('',(0.E0,1.E0,0.E0));
#7863=AXIS2_PLACEMENT_3D('',#7860,#7861,#7862);
#7864=CYLINDRICAL_SURFACE('',#7863,3.E-1);
#7865=ORIENTED_EDGE('',*,*,#7848,.T.);
#7867=ORIENTED_EDGE('',*,*,#7866,.F.);
#7869=ORIENTED_EDGE('',*,*,#7868,.T.);
#7870=ORIENTED_EDGE('',*,*,#6158,.T.);
#7871=EDGE_LOOP('',(#7865,#7867,#7869,#7870));
#7872=FACE_OUTER_BOUND('',#7871,.F.);
#7874=CARTESIAN_POINT('',(-7.125E0,1.55E0,-5.9E0));
#7875=DIRECTION('',(-1.E0,0.E0,0.E0));
#7876=DIRECTION('',(0.E0,0.E0,1.E0));
#7877=AXIS2_PLACEMENT_3D('',#7874,#7875,#7876);
#7878=PLANE('',#7877);
#7879=ORIENTED_EDGE('',*,*,#7866,.T.);
#7880=ORIENTED_EDGE('',*,*,#7855,.T.);
#7882=ORIENTED_EDGE('',*,*,#7881,.T.);
#7884=ORIENTED_EDGE('',*,*,#7883,.F.);
#7885=EDGE_LOOP('',(#7879,#7880,#7882,#7884));
#7886=FACE_OUTER_BOUND('',#7885,.F.);
#7888=CARTESIAN_POINT('',(-6.825E0,-1.5E-1,7.69124E0));
#7889=DIRECTION('',(0.E0,0.E0,-1.E0));
#7890=DIRECTION('',(0.E0,-1.E0,0.E0));
#7891=AXIS2_PLACEMENT_3D('',#7888,#7889,#7890);
#7892=CYLINDRICAL_SURFACE('',#7891,3.E-1);
#7894=ORIENTED_EDGE('',*,*,#7893,.T.);
#7895=ORIENTED_EDGE('',*,*,#7881,.F.);
#7896=ORIENTED_EDGE('',*,*,#7853,.T.);
#7897=ORIENTED_EDGE('',*,*,#7442,.T.);
#7898=EDGE_LOOP('',(#7894,#7895,#7896,#7897));
#7899=FACE_OUTER_BOUND('',#7898,.F.);
#7901=CARTESIAN_POINT('',(-6.625E0,1.55E0,-5.9E0));
#7902=DIRECTION('',(0.E0,0.E0,-1.E0));
#7903=DIRECTION('',(-1.E0,0.E0,0.E0));
#7904=AXIS2_PLACEMENT_3D('',#7901,#7902,#7903);
#7905=PLANE('',#7904);
#7906=ORIENTED_EDGE('',*,*,#7868,.F.);
#7907=ORIENTED_EDGE('',*,*,#7883,.T.);
#7908=ORIENTED_EDGE('',*,*,#7893,.F.);
#7909=ORIENTED_EDGE('',*,*,#7456,.F.);
#7911=ORIENTED_EDGE('',*,*,#7910,.F.);
#7912=ORIENTED_EDGE('',*,*,#6160,.T.);
#7913=EDGE_LOOP('',(#7906,#7907,#7908,#7909,#7911,#7912));
#7914=FACE_OUTER_BOUND('',#7913,.F.);
#7916=CARTESIAN_POINT('',(-6.625E0,1.55E0,-5.55E0));
#7917=DIRECTION('',(0.E0,1.E0,0.E0));
#7918=DIRECTION('',(-1.E0,0.E0,0.E0));
#7919=AXIS2_PLACEMENT_3D('',#7916,#7917,#7918);
#7920=CYLINDRICAL_SURFACE('',#7919,3.5E-1);
#7921=ORIENTED_EDGE('',*,*,#6162,.T.);
#7922=ORIENTED_EDGE('',*,*,#7910,.T.);
#7923=ORIENTED_EDGE('',*,*,#7454,.F.);
#7924=ORIENTED_EDGE('',*,*,#6099,.F.);
#7925=EDGE_LOOP('',(#7921,#7922,#7923,#7924));
#7926=FACE_OUTER_BOUND('',#7925,.F.);
#7928=CARTESIAN_POINT('',(-6.95E0,-6.E-1,-5.8E0));
#7929=DIRECTION('',(0.E0,-1.E0,0.E0));
#7930=DIRECTION('',(0.E0,0.E0,1.E0));
#7931=AXIS2_PLACEMENT_3D('',#7928,#7929,#7930);
#7932=PLANE('',#7931);
#7933=ORIENTED_EDGE('',*,*,#4252,.T.);
#7934=ORIENTED_EDGE('',*,*,#6081,.F.);
#7936=ORIENTED_EDGE('',*,*,#7935,.F.);
#7938=ORIENTED_EDGE('',*,*,#7937,.F.);
#7939=ORIENTED_EDGE('',*,*,#7523,.F.);
#7940=ORIENTED_EDGE('',*,*,#7157,.F.);
#7941=EDGE_LOOP('',(#7933,#7934,#7936,#7938,#7939,#7940));
#7942=FACE_OUTER_BOUND('',#7941,.F.);
#7944=CARTESIAN_POINT('',(-6.4125E0,-6.5E-1,-5.37E0));
#7945=DIRECTION('',(0.E0,7.071067811865E-1,7.071067811865E-1));
#7946=DIRECTION('',(0.E0,-7.071067811865E-1,7.071067811865E-1));
#7947=AXIS2_PLACEMENT_3D('',#7944,#7945,#7946);
#7948=PLANE('',#7947);
#7949=ORIENTED_EDGE('',*,*,#7935,.T.);
#7950=ORIENTED_EDGE('',*,*,#6941,.T.);
#7952=ORIENTED_EDGE('',*,*,#7951,.F.);
#7954=ORIENTED_EDGE('',*,*,#7953,.T.);
#7955=EDGE_LOOP('',(#7949,#7950,#7952,#7954));
#7956=FACE_OUTER_BOUND('',#7955,.F.);
#7958=CARTESIAN_POINT('',(-6.55E0,-1.1E0,-5.32E0));
#7959=DIRECTION('',(0.E0,0.E0,-1.E0));
#7960=DIRECTION('',(1.E0,0.E0,0.E0));
#7961=AXIS2_PLACEMENT_3D('',#7958,#7959,#7960);
#7962=PLANE('',#7961);
#7963=ORIENTED_EDGE('',*,*,#7951,.T.);
#7964=ORIENTED_EDGE('',*,*,#6939,.F.);
#7965=ORIENTED_EDGE('',*,*,#7492,.F.);
#7967=ORIENTED_EDGE('',*,*,#7966,.T.);
#7968=EDGE_LOOP('',(#7963,#7964,#7965,#7967));
#7969=FACE_OUTER_BOUND('',#7968,.F.);
#7971=CARTESIAN_POINT('',(-6.55E0,-1.1E0,-4.9E0));
#7972=DIRECTION('',(-1.E0,0.E0,0.E0));
#7973=DIRECTION('',(0.E0,0.E0,-1.E0));
#7974=AXIS2_PLACEMENT_3D('',#7971,#7972,#7973);
#7975=PLANE('',#7974);
#7977=ORIENTED_EDGE('',*,*,#7976,.T.);
#7978=ORIENTED_EDGE('',*,*,#7966,.F.);
#7979=ORIENTED_EDGE('',*,*,#7490,.F.);
#7980=ORIENTED_EDGE('',*,*,#7527,.T.);
#7981=EDGE_LOOP('',(#7977,#7978,#7979,#7980));
#7982=FACE_OUTER_BOUND('',#7981,.F.);
#7984=CARTESIAN_POINT('',(-6.6E0,-6.5E-1,-5.11E0));
#7985=DIRECTION('',(7.071067811865E-1,7.071067811865E-1,0.E0));
#7986=DIRECTION('',(7.071067811865E-1,-7.071067811865E-1,0.E0));
#7987=AXIS2_PLACEMENT_3D('',#7984,#7985,#7986);
#7988=PLANE('',#7987);
#7989=ORIENTED_EDGE('',*,*,#7937,.T.);
#7990=ORIENTED_EDGE('',*,*,#7953,.F.);
#7991=ORIENTED_EDGE('',*,*,#7976,.F.);
#7992=ORIENTED_EDGE('',*,*,#7525,.T.);
#7993=EDGE_LOOP('',(#7989,#7990,#7991,#7992));
#7994=FACE_OUTER_BOUND('',#7993,.F.);
#7996=CARTESIAN_POINT('',(6.275E0,-1.1E0,-5.32E0));
#7997=DIRECTION('',(0.E0,0.E0,-1.E0));
#7998=DIRECTION('',(1.E0,0.E0,0.E0));
#7999=AXIS2_PLACEMENT_3D('',#7996,#7997,#7998);
#8000=PLANE('',#7999);
#8002=ORIENTED_EDGE('',*,*,#8001,.T.);
#8004=ORIENTED_EDGE('',*,*,#8003,.F.);
#8005=ORIENTED_EDGE('',*,*,#7504,.F.);
#8006=ORIENTED_EDGE('',*,*,#6361,.T.);
#8007=EDGE_LOOP('',(#8002,#8004,#8005,#8006));
#8008=FACE_OUTER_BOUND('',#8007,.F.);
#8010=CARTESIAN_POINT('',(6.4125E0,-6.5E-1,-5.37E0));
#8011=DIRECTION('',(0.E0,7.071067811865E-1,7.071067811865E-1));
#8012=DIRECTION('',(0.E0,-7.071067811865E-1,7.071067811865E-1));
#8013=AXIS2_PLACEMENT_3D('',#8010,#8011,#8012);
#8014=PLANE('',#8013);
#8016=ORIENTED_EDGE('',*,*,#8015,.T.);
#8018=ORIENTED_EDGE('',*,*,#8017,.F.);
#8019=ORIENTED_EDGE('',*,*,#8001,.F.);
#8020=ORIENTED_EDGE('',*,*,#6359,.T.);
#8021=EDGE_LOOP('',(#8016,#8018,#8019,#8020));
#8022=FACE_OUTER_BOUND('',#8021,.F.);
#8024=CARTESIAN_POINT('',(6.95E0,-6.E-1,-4.9E0));
#8025=DIRECTION('',(0.E0,-1.E0,0.E0));
#8026=DIRECTION('',(0.E0,0.E0,-1.E0));
#8027=AXIS2_PLACEMENT_3D('',#8024,#8025,#8026);
#8028=PLANE('',#8027);
#8029=ORIENTED_EDGE('',*,*,#8015,.F.);
#8030=ORIENTED_EDGE('',*,*,#6269,.F.);
#8031=ORIENTED_EDGE('',*,*,#4244,.T.);
#8032=ORIENTED_EDGE('',*,*,#6003,.T.);
#8033=ORIENTED_EDGE('',*,*,#7474,.T.);
#8035=ORIENTED_EDGE('',*,*,#8034,.F.);
#8036=EDGE_LOOP('',(#8029,#8030,#8031,#8032,#8033,#8035));
#8037=FACE_OUTER_BOUND('',#8036,.F.);
#8039=CARTESIAN_POINT('',(6.6E0,-6.5E-1,-5.11E0));
#8040=DIRECTION('',(-7.071067811865E-1,7.071067811865E-1,0.E0));
#8041=DIRECTION('',(-7.071067811865E-1,-7.071067811865E-1,0.E0));
#8042=AXIS2_PLACEMENT_3D('',#8039,#8040,#8041);
#8043=PLANE('',#8042);
#8045=ORIENTED_EDGE('',*,*,#8044,.F.);
#8046=ORIENTED_EDGE('',*,*,#8017,.T.);
#8047=ORIENTED_EDGE('',*,*,#8034,.T.);
#8048=ORIENTED_EDGE('',*,*,#7472,.T.);
#8049=EDGE_LOOP('',(#8045,#8046,#8047,#8048));
#8050=FACE_OUTER_BOUND('',#8049,.F.);
#8052=CARTESIAN_POINT('',(6.55E0,-1.1E0,-5.32E0));
#8053=DIRECTION('',(1.E0,0.E0,0.E0));
#8054=DIRECTION('',(0.E0,0.E0,1.E0));
#8055=AXIS2_PLACEMENT_3D('',#8052,#8053,#8054);
#8056=PLANE('',#8055);
#8057=ORIENTED_EDGE('',*,*,#8044,.T.);
#8058=ORIENTED_EDGE('',*,*,#7470,.F.);
#8059=ORIENTED_EDGE('',*,*,#7506,.F.);
#8060=ORIENTED_EDGE('',*,*,#8003,.T.);
#8061=EDGE_LOOP('',(#8057,#8058,#8059,#8060));
#8062=FACE_OUTER_BOUND('',#8061,.F.);
#8064=CARTESIAN_POINT('',(6.6125E0,7.E-1,-4.85E0));
#8065=DIRECTION('',(0.E0,7.071067811865E-1,-7.071067811865E-1));
#8066=DIRECTION('',(0.E0,7.071067811865E-1,7.071067811865E-1));
#8067=AXIS2_PLACEMENT_3D('',#8064,#8065,#8066);
#8068=PLANE('',#8067);
#8069=ORIENTED_EDGE('',*,*,#7352,.F.);
#8070=ORIENTED_EDGE('',*,*,#7477,.T.);
#8071=ORIENTED_EDGE('',*,*,#5999,.T.);
#8073=ORIENTED_EDGE('',*,*,#8072,.F.);
#8074=EDGE_LOOP('',(#8069,#8070,#8071,#8073));
#8075=FACE_OUTER_BOUND('',#8074,.F.);
#8077=CARTESIAN_POINT('',(6.95E0,7.5E-1,-3.85E0));
#8078=DIRECTION('',(0.E0,-1.E0,0.E0));
#8079=DIRECTION('',(0.E0,0.E0,-1.E0));
#8080=AXIS2_PLACEMENT_3D('',#8077,#8078,#8079);
#8081=PLANE('',#8080);
#8082=ORIENTED_EDGE('',*,*,#7354,.T.);
#8083=ORIENTED_EDGE('',*,*,#8072,.T.);
#8084=ORIENTED_EDGE('',*,*,#5997,.F.);
#8085=ORIENTED_EDGE('',*,*,#7255,.T.);
#8087=ORIENTED_EDGE('',*,*,#8086,.F.);
#8089=ORIENTED_EDGE('',*,*,#8088,.F.);
#8091=ORIENTED_EDGE('',*,*,#8090,.F.);
#8093=ORIENTED_EDGE('',*,*,#8092,.T.);
#8094=EDGE_LOOP('',(#8082,#8083,#8084,#8085,#8087,#8089,#8091,#8093));
#8095=FACE_OUTER_BOUND('',#8094,.F.);
#8097=CARTESIAN_POINT('',(6.6E0,7.E-1,-4.025E0));
#8098=DIRECTION('',(-7.071067811865E-1,7.071067811865E-1,0.E0));
#8099=DIRECTION('',(-7.071067811865E-1,-7.071067811865E-1,0.E0));
#8100=AXIS2_PLACEMENT_3D('',#8097,#8098,#8099);
#8101=PLANE('',#8100);
#8102=ORIENTED_EDGE('',*,*,#7274,.F.);
#8104=ORIENTED_EDGE('',*,*,#8103,.T.);
#8105=ORIENTED_EDGE('',*,*,#8086,.T.);
#8106=ORIENTED_EDGE('',*,*,#7253,.T.);
#8107=EDGE_LOOP('',(#8102,#8104,#8105,#8106));
#8108=FACE_OUTER_BOUND('',#8107,.F.);
#8110=CARTESIAN_POINT('',(6.6E0,7.E-1,-4.15E0));
#8111=DIRECTION('',(0.E0,7.071067811865E-1,-7.071067811866E-1));
#8112=DIRECTION('',(0.E0,-7.071067811866E-1,-7.071067811865E-1));
#8113=AXIS2_PLACEMENT_3D('',#8110,#8111,#8112);
#8114=PLANE('',#8113);
#8115=ORIENTED_EDGE('',*,*,#8088,.T.);
#8116=ORIENTED_EDGE('',*,*,#8103,.F.);
#8117=ORIENTED_EDGE('',*,*,#7288,.F.);
#8119=ORIENTED_EDGE('',*,*,#8118,.T.);
#8120=EDGE_LOOP('',(#8115,#8116,#8117,#8119));
#8121=FACE_OUTER_BOUND('',#8120,.F.);
#8123=CARTESIAN_POINT('',(6.7E0,7.E-1,-4.3E0));
#8124=DIRECTION('',(-7.071067811865E-1,7.071067811865E-1,0.E0));
#8125=DIRECTION('',(-7.071067811865E-1,-7.071067811865E-1,0.E0));
#8126=AXIS2_PLACEMENT_3D('',#8123,#8124,#8125);
#8127=PLANE('',#8126);
#8128=ORIENTED_EDGE('',*,*,#7302,.F.);
#8130=ORIENTED_EDGE('',*,*,#8129,.T.);
#8131=ORIENTED_EDGE('',*,*,#8090,.T.);
#8132=ORIENTED_EDGE('',*,*,#8118,.F.);
#8133=EDGE_LOOP('',(#8128,#8130,#8131,#8132));
#8134=FACE_OUTER_BOUND('',#8133,.F.);
#8136=CARTESIAN_POINT('',(6.4625E0,7.E-1,-4.45E0));
#8137=DIRECTION('',(0.E0,7.071067811865E-1,7.071067811865E-1));
#8138=DIRECTION('',(0.E0,7.071067811865E-1,-7.071067811865E-1));
#8139=AXIS2_PLACEMENT_3D('',#8136,#8137,#8138);
#8140=PLANE('',#8139);
#8141=ORIENTED_EDGE('',*,*,#7356,.T.);
#8142=ORIENTED_EDGE('',*,*,#8092,.F.);
#8143=ORIENTED_EDGE('',*,*,#8129,.F.);
#8144=ORIENTED_EDGE('',*,*,#7317,.T.);
#8145=EDGE_LOOP('',(#8141,#8142,#8143,#8144));
#8146=FACE_OUTER_BOUND('',#8145,.F.);
#8148=CARTESIAN_POINT('',(6.225E0,2.25E0,-5.1E0));
#8149=DIRECTION('',(9.486832980505E-1,3.162277660168E-1,0.E0));
#8150=DIRECTION('',(3.162277660168E-1,-9.486832980505E-1,0.E0));
#8151=AXIS2_PLACEMENT_3D('',#8148,#8149,#8150);
#8152=PLANE('',#8151);
#8153=ORIENTED_EDGE('',*,*,#6265,.F.);
#8154=ORIENTED_EDGE('',*,*,#6330,.F.);
#8155=ORIENTED_EDGE('',*,*,#7331,.F.);
#8156=ORIENTED_EDGE('',*,*,#6050,.T.);
#8157=EDGE_LOOP('',(#8153,#8154,#8155,#8156));
#8158=FACE_OUTER_BOUND('',#8157,.F.);
#8160=CARTESIAN_POINT('',(-6.6125E0,-1.45E0,-8.5E-1));
#8161=DIRECTION('',(0.E0,-7.071067811865E-1,7.071067811865E-1));
#8162=DIRECTION('',(0.E0,7.071067811865E-1,7.071067811865E-1));
#8163=AXIS2_PLACEMENT_3D('',#8160,#8161,#8162);
#8164=PLANE('',#8163);
#8165=ORIENTED_EDGE('',*,*,#7151,.T.);
#8166=ORIENTED_EDGE('',*,*,#7014,.F.);
#8167=ORIENTED_EDGE('',*,*,#6873,.T.);
#8168=ORIENTED_EDGE('',*,*,#6789,.T.);
#8169=EDGE_LOOP('',(#8165,#8166,#8167,#8168));
#8170=FACE_OUTER_BOUND('',#8169,.F.);
#8172=CARTESIAN_POINT('',(-6.225E0,-6.25E-1,-1.5E-1));
#8173=DIRECTION('',(-9.486832980505E-1,0.E0,3.162277660168E-1));
#8174=DIRECTION('',(-3.162277660168E-1,0.E0,-9.486832980505E-1));
#8175=AXIS2_PLACEMENT_3D('',#8172,#8173,#8174);
#8176=PLANE('',#8175);
#8177=ORIENTED_EDGE('',*,*,#6889,.F.);
#8178=ORIENTED_EDGE('',*,*,#7133,.T.);
#8179=ORIENTED_EDGE('',*,*,#4025,.T.);
#8181=ORIENTED_EDGE('',*,*,#8180,.T.);
#8182=EDGE_LOOP('',(#8177,#8178,#8179,#8181));
#8183=FACE_OUTER_BOUND('',#8182,.F.);
#8185=CARTESIAN_POINT('',(-6.175E0,-8.E-1,0.E0));
#8186=DIRECTION('',(0.E0,1.E0,0.E0));
#8187=DIRECTION('',(-1.E0,0.E0,0.E0));
#8188=AXIS2_PLACEMENT_3D('',#8185,#8186,#8187);
#8189=PLANE('',#8188);
#8190=ORIENTED_EDGE('',*,*,#8180,.F.);
#8192=ORIENTED_EDGE('',*,*,#8191,.T.);
#8193=ORIENTED_EDGE('',*,*,#6446,.T.);
#8194=ORIENTED_EDGE('',*,*,#6891,.F.);
#8195=EDGE_LOOP('',(#8190,#8192,#8193,#8194));
#8196=FACE_OUTER_BOUND('',#8195,.F.);
#8198=CARTESIAN_POINT('',(-6.175E0,-1.E0,0.E0));
#8199=DIRECTION('',(1.E0,0.E0,0.E0));
#8200=DIRECTION('',(0.E0,1.E0,0.E0));
#8201=AXIS2_PLACEMENT_3D('',#8198,#8199,#8200);
#8202=PLANE('',#8201);
#8203=ORIENTED_EDGE('',*,*,#4023,.F.);
#8204=ORIENTED_EDGE('',*,*,#6986,.T.);
#8205=ORIENTED_EDGE('',*,*,#6448,.T.);
#8206=ORIENTED_EDGE('',*,*,#8191,.F.);
#8207=EDGE_LOOP('',(#8203,#8204,#8205,#8206));
#8208=FACE_OUTER_BOUND('',#8207,.F.);
#8210=CARTESIAN_POINT('',(-6.55E0,-1.92E0,0.E0));
#8211=DIRECTION('',(0.E0,-1.E0,0.E0));
#8212=DIRECTION('',(1.E0,0.E0,0.E0));
#8213=AXIS2_PLACEMENT_3D('',#8210,#8211,#8212);
#8214=PLANE('',#8213);
#8215=ORIENTED_EDGE('',*,*,#6833,.T.);
#8216=ORIENTED_EDGE('',*,*,#6806,.T.);
#8217=ORIENTED_EDGE('',*,*,#6422,.T.);
#8218=ORIENTED_EDGE('',*,*,#6869,.F.);
#8219=EDGE_LOOP('',(#8215,#8216,#8217,#8218));
#8220=FACE_OUTER_BOUND('',#8219,.F.);
#8222=CARTESIAN_POINT('',(-5.71E0,-2.4E0,0.E0));
#8223=DIRECTION('',(-1.E0,0.E0,0.E0));
#8224=DIRECTION('',(0.E0,0.E0,-1.E0));
#8225=AXIS2_PLACEMENT_3D('',#8222,#8223,#8224);
#8226=PLANE('',#8225);
#8227=ORIENTED_EDGE('',*,*,#4154,.F.);
#8228=ORIENTED_EDGE('',*,*,#4015,.T.);
#8230=ORIENTED_EDGE('',*,*,#8229,.T.);
#8232=ORIENTED_EDGE('',*,*,#8231,.F.);
#8233=EDGE_LOOP('',(#8227,#8228,#8230,#8232));
#8234=FACE_OUTER_BOUND('',#8233,.F.);
#8236=CARTESIAN_POINT('',(0.E0,-2.5E0,0.E0));
#8237=DIRECTION('',(0.E0,-1.E0,0.E0));
#8238=DIRECTION('',(1.E0,0.E0,0.E0));
#8239=AXIS2_PLACEMENT_3D('',#8236,#8237,#8238);
#8240=PLANE('',#8239);
#8241=ORIENTED_EDGE('',*,*,#8229,.F.);
#8242=ORIENTED_EDGE('',*,*,#4013,.F.);
#8244=ORIENTED_EDGE('',*,*,#8243,.F.);
#8246=ORIENTED_EDGE('',*,*,#8245,.F.);
#8247=EDGE_LOOP('',(#8241,#8242,#8244,#8246));
#8248=FACE_OUTER_BOUND('',#8247,.F.);
#8250=CARTESIAN_POINT('',(0.E0,-2.5E0,0.E0));
#8251=DIRECTION('',(0.E0,-1.E0,0.E0));
#8252=DIRECTION('',(1.E0,0.E0,0.E0));
#8253=AXIS2_PLACEMENT_3D('',#8250,#8251,#8252);
#8254=PLANE('',#8253);
#8255=ORIENTED_EDGE('',*,*,#4005,.F.);
#8257=ORIENTED_EDGE('',*,*,#8256,.F.);
#8259=ORIENTED_EDGE('',*,*,#8258,.F.);
#8261=ORIENTED_EDGE('',*,*,#8260,.F.);
#8262=EDGE_LOOP('',(#8255,#8257,#8259,#8261));
#8263=FACE_OUTER_BOUND('',#8262,.F.);
#8265=CARTESIAN_POINT('',(-4.91E0,-2.4E0,-1.5E0));
#8266=DIRECTION('',(1.E0,0.E0,0.E0));
#8267=DIRECTION('',(0.E0,0.E0,1.E0));
#8268=AXIS2_PLACEMENT_3D('',#8265,#8266,#8267);
#8269=PLANE('',#8268);
#8270=ORIENTED_EDGE('',*,*,#4158,.T.);
#8272=ORIENTED_EDGE('',*,*,#8271,.T.);
#8273=ORIENTED_EDGE('',*,*,#8243,.T.);
#8274=ORIENTED_EDGE('',*,*,#4011,.F.);
#8275=EDGE_LOOP('',(#8270,#8272,#8273,#8274));
#8276=FACE_OUTER_BOUND('',#8275,.F.);
#8278=CARTESIAN_POINT('',(-5.71E0,-2.4E0,-1.5E0));
#8279=DIRECTION('',(0.E0,0.E0,-1.E0));
#8280=DIRECTION('',(1.E0,0.E0,0.E0));
#8281=AXIS2_PLACEMENT_3D('',#8278,#8279,#8280);
#8282=PLANE('',#8281);
#8283=ORIENTED_EDGE('',*,*,#4156,.F.);
#8284=ORIENTED_EDGE('',*,*,#8231,.T.);
#8285=ORIENTED_EDGE('',*,*,#8245,.T.);
#8286=ORIENTED_EDGE('',*,*,#8271,.F.);
#8287=EDGE_LOOP('',(#8283,#8284,#8285,#8286));
#8288=FACE_OUTER_BOUND('',#8287,.F.);
#8290=CARTESIAN_POINT('',(5.71E0,-2.4E0,-1.5E0));
#8291=DIRECTION('',(1.E0,0.E0,0.E0));
#8292=DIRECTION('',(0.E0,0.E0,1.E0));
#8293=AXIS2_PLACEMENT_3D('',#8290,#8291,#8292);
#8294=PLANE('',#8293);
#8295=ORIENTED_EDGE('',*,*,#4165,.T.);
#8297=ORIENTED_EDGE('',*,*,#8296,.T.);
#8298=ORIENTED_EDGE('',*,*,#8256,.T.);
#8299=ORIENTED_EDGE('',*,*,#4003,.F.);
#8300=EDGE_LOOP('',(#8295,#8297,#8298,#8299));
#8301=FACE_OUTER_BOUND('',#8300,.F.);
#8303=CARTESIAN_POINT('',(4.91E0,-2.4E0,-1.5E0));
#8304=DIRECTION('',(0.E0,0.E0,-1.E0));
#8305=DIRECTION('',(1.E0,0.E0,0.E0));
#8306=AXIS2_PLACEMENT_3D('',#8303,#8304,#8305);
#8307=PLANE('',#8306);
#8308=ORIENTED_EDGE('',*,*,#4163,.F.);
#8310=ORIENTED_EDGE('',*,*,#8309,.T.);
#8311=ORIENTED_EDGE('',*,*,#8258,.T.);
#8312=ORIENTED_EDGE('',*,*,#8296,.F.);
#8313=EDGE_LOOP('',(#8308,#8310,#8311,#8312));
#8314=FACE_OUTER_BOUND('',#8313,.F.);
#8316=CARTESIAN_POINT('',(4.91E0,-2.4E0,0.E0));
#8317=DIRECTION('',(-1.E0,0.E0,0.E0));
#8318=DIRECTION('',(0.E0,0.E0,-1.E0));
#8319=AXIS2_PLACEMENT_3D('',#8316,#8317,#8318);
#8320=PLANE('',#8319);
#8321=ORIENTED_EDGE('',*,*,#4161,.F.);
#8322=ORIENTED_EDGE('',*,*,#4007,.T.);
#8323=ORIENTED_EDGE('',*,*,#8260,.T.);
#8324=ORIENTED_EDGE('',*,*,#8309,.F.);
#8325=EDGE_LOOP('',(#8321,#8322,#8323,#8324));
#8326=FACE_OUTER_BOUND('',#8325,.F.);
#8332=PLANE_ANGLE_MEASURE_WITH_UNIT(PLANE_ANGLE_MEASURE(1.745329251994E-2),
#8331);
#8333=(CONVERSION_BASED_UNIT('DEGREE',#8332)NAMED_UNIT(*)PLANE_ANGLE_UNIT());
#8335=UNCERTAINTY_MEASURE_WITH_UNIT(LENGTH_MEASURE(1.E-3),#8330,
'distance_accuracy_value',
'Maximum model space distance between geometric entities at asserted connectivities');
#8338=APPLICATION_CONTEXT('automotive_design');
#8339=APPLICATION_PROTOCOL_DEFINITION('international standard',
'automotive_design',2001,#8338);
#8340=PRODUCT_DEFINITION_CONTEXT('part definition',#8338,'design');
#8341=PRODUCT_CONTEXT('',#8338,'mechanical');
#8342=PRODUCT('C-2360547-7','C-2360547-7','NOT SPECIFIED',(#8341));
#8343=PRODUCT_DEFINITION_FORMATION('1','LAST_VERSION',#8342);
#8351=DERIVED_UNIT_ELEMENT(#8350,2.E0);
#8352=DERIVED_UNIT((#8351));
#8353=MEASURE_REPRESENTATION_ITEM('surface area measure',AREA_MEASURE(
5.552407653871E2),#8352);
#8358=DERIVED_UNIT_ELEMENT(#8357,3.E0);
#8359=DERIVED_UNIT((#8358));
#8360=MEASURE_REPRESENTATION_ITEM('volume measure',VOLUME_MEASURE(
1.992212172744E2),#8359);
#8364=CARTESIAN_POINT('centre point',(-3.898580964724E-2,9.995248833640E-2,
-3.538146806540E0));
#8369=DERIVED_UNIT_ELEMENT(#8368,2.E0);
#8370=DERIVED_UNIT((#8369));
#8371=MEASURE_REPRESENTATION_ITEM('surface area measure',AREA_MEASURE(
5.552407653871E2),#8370);
#8376=DERIVED_UNIT_ELEMENT(#8375,3.E0);
#8377=DERIVED_UNIT((#8376));
#8378=MEASURE_REPRESENTATION_ITEM('volume measure',VOLUME_MEASURE(
1.992212172744E2),#8377);
#8382=CARTESIAN_POINT('centre point',(-3.898580964724E-2,9.995248833640E-2,
-3.538146806540E0));
#8387=PRODUCT_RELATED_PRODUCT_CATEGORY('part','',(#8342));
#1=DRAUGHTING_PRE_DEFINED_COLOUR('black');
#2=COLOUR_RGB('',0.E0,0.E0,3.6E-1);
#3=COLOUR_RGB('',0.E0,0.E0,4.8E-1);
#4=DRAUGHTING_PRE_DEFINED_COLOUR('blue');
#5=COLOUR_RGB('',0.E0,5.8824E-2,4.58824E-1);
#6=COLOUR_RGB('',0.E0,1.80392E-1,4.78431E-1);
#7=COLOUR_RGB('',0.E0,3.6E-1,9.E-2);
#8=COLOUR_RGB('',0.E0,3.6E-1,2.7E-1);
#9=COLOUR_RGB('',0.E0,5.6E-1,6.4E-1);
#10=COLOUR_RGB('',0.E0,5.8E-1,8.E-1);
#11=COLOUR_RGB('',0.E0,7.1E-1,6.6E-1);
#12=COLOUR_RGB('',0.E0,7.13E-1,0.E0);
#13=COLOUR_RGB('',0.E0,9.5E-1,8.4E-1);
#14=DRAUGHTING_PRE_DEFINED_COLOUR('green');
#15=DRAUGHTING_PRE_DEFINED_COLOUR('cyan');
#16=COLOUR_RGB('',1.1765E-2,1.9608E-2,3.9216E-2);
#17=COLOUR_RGB('',4.E-2,0.E0,1.6E-1);
#18=COLOUR_RGB('',3.9216E-2,2.19608E-1,1.21569E-1);
#19=COLOUR_RGB('',3.9216E-2,3.60784E-1,2.E-1);
#20=COLOUR_RGB('',5.098E-2,7.0588E-2,1.01961E-1);
#21=COLOUR_RGB('',9.E-2,0.E0,1.2E-1);
#22=COLOUR_RGB('',9.0196E-2,1.60784E-1,1.09804E-1);
#23=COLOUR_RGB('',9.0196E-2,3.80392E-1,6.70588E-1);
#24=COLOUR_RGB('',1.E-1,0.E0,2.5E-1);
#25=COLOUR_RGB('',1.01961E-1,4.78431E-1,3.88235E-1);
#26=COLOUR_RGB('',1.09804E-1,1.4902E-1,9.0196E-2);
#27=COLOUR_RGB('',1.4902E-1,3.09804E-1,5.29412E-1);
#28=COLOUR_RGB('',1.4902E-1,4.E-1,1.60784E-1);
#29=COLOUR_RGB('',1.6E-1,3.2E-2,0.E0);
#30=COLOUR_RGB('',1.60784E-1,4.5098E-1,7.21569E-1);
#31=COLOUR_RGB('',1.6E-1,4.6E-1,6.5E-1);
#32=COLOUR_RGB('',1.6E-1,1.E0,1.6E-1);
#33=COLOUR_RGB('',2.E-1,3.2E-2,0.E0);
#34=COLOUR_RGB('',2.11765E-1,4.11765E-1,1.4902E-1);
#35=COLOUR_RGB('',2.39216E-1,2.39216E-1,2.31373E-1);
#36=COLOUR_RGB('',2.39216E-1,2.70588E-1,1.80392E-1);
#37=COLOUR_RGB('',2.5098E-1,2.90196E-1,3.29412E-1);
#38=COLOUR_RGB('',2.90196E-1,4.31373E-1,2.E-1);
#39=COLOUR_RGB('',3.1E-1,3.1E-1,5.6E-1);
#40=COLOUR_RGB('',3.09804E-1,6.58824E-1,2.E-1);
#41=COLOUR_RGB('',3.2E-1,1.5E-1,0.E0);
#42=COLOUR_RGB('',3.60784E-1,3.1373E-2,1.68627E-1);
#43=COLOUR_RGB('',3.68627E-1,2.E-1,1.21569E-1);
#44=COLOUR_RGB('',3.88235E-1,2.39216E-1,6.11765E-1);
#45=COLOUR_RGB('',4.E-1,4.E-1,4.E-1);
#46=COLOUR_RGB('',4.11765E-1,5.8824E-2,7.8431E-2);
#47=COLOUR_RGB('',4.11765E-1,3.29412E-1,2.19608E-1);
#48=COLOUR_RGB('',4.2E-1,4.2E-1,1.E0);
#49=COLOUR_RGB('',4.4E-1,8.5E-1,1.E0);
#50=COLOUR_RGB('',4.58824E-1,4.5098E-1,3.09804E-1);
#51=COLOUR_RGB('',4.70588E-1,5.09804E-1,5.4902E-1);
#52=COLOUR_RGB('',4.78431E-1,4.90196E-1,4.58824E-1);
#53=COLOUR_RGB('',4.90196E-1,3.60784E-1,2.19608E-1);
#54=COLOUR_RGB('',4.9E-1,4.9E-1,0.E0);
#55=COLOUR_RGB('',4.9E-1,1.E0,0.E0);
#56=COLOUR_RGB('',5.E-1,0.E0,0.E0);
#57=COLOUR_RGB('',5.E-1,0.E0,2.3E-1);
#58=COLOUR_RGB('',5.E-1,5.E-1,5.E-1);
#59=COLOUR_RGB('',5.21569E-1,2.19608E-1,1.68627E-1);
#60=COLOUR_RGB('',5.3E-1,0.E0,0.E0);
#61=COLOUR_RGB('',5.29412E-1,5.80392E-1,6.5098E-1);
#62=COLOUR_RGB('',5.4E-1,0.E0,4.4E-1);
#63=COLOUR_RGB('',5.5E-1,3.E-1,0.E0);
#64=COLOUR_RGB('',5.6E-1,1.E-1,5.E-2);
#65=COLOUR_RGB('',5.60784E-1,5.80392E-1,6.19608E-1);
#66=COLOUR_RGB('',5.68627E-1,5.8824E-2,4.E-1);
#67=COLOUR_RGB('',5.8E-1,2.2E-1,1.E-2);
#68=COLOUR_RGB('',5.88235E-1,1.21569E-1,1.09804E-1);
#69=COLOUR_RGB('',6.E-1,6.E-1,6.E-1);
#70=COLOUR_RGB('',6.11765E-1,5.60784E-1,3.80392E-1);
#71=COLOUR_RGB('',6.11765E-1,6.11765E-1,6.5098E-1);
#72=COLOUR_RGB('',6.2E-1,0.E0,5.5E-1);
#73=COLOUR_RGB('',6.19608E-1,6.39216E-1,6.90196E-1);
#74=COLOUR_RGB('',6.35294E-1,6.86275E-1,7.4902E-1);
#75=COLOUR_RGB('',6.4E-1,0.E0,2.5E-1);
#76=COLOUR_RGB('',6.4E-1,1.E-2,0.E0);
#77=COLOUR_RGB('',6.39216E-1,5.4902E-1,4.78431E-1);
#78=COLOUR_RGB('',6.5098E-1,6.70588E-1,7.09804E-1);
#79=COLOUR_RGB('',6.70588E-1,1.21569E-1,1.09804E-1);
#80=COLOUR_RGB('',6.78431E-1,4.78431E-1,3.09804E-1);
#81=COLOUR_RGB('',6.8E-1,7.5E-1,1.E0);
#82=COLOUR_RGB('',7.09804E-1,7.0588E-2,2.E-1);
#83=COLOUR_RGB('',7.1E-1,3.1E-1,0.E0);
#84=COLOUR_RGB('',7.2E-1,7.2E-1,7.2E-1);
#85=COLOUR_RGB('',7.29412E-1,7.41176E-1,7.29412E-1);
#86=COLOUR_RGB('',7.41176E-1,7.29412E-1,6.70588E-1);
#87=COLOUR_RGB('',7.4E-1,1.E0,2.6E-1);
#88=COLOUR_RGB('',7.5E-1,3.E-2,0.E0);
#89=COLOUR_RGB('',7.4902E-1,8.90196E-1,7.29412E-1);
#90=COLOUR_RGB('',7.6E-1,0.E0,4.7E-1);
#91=COLOUR_RGB('',7.80392E-1,9.0196E-2,7.0588E-2);
#92=COLOUR_RGB('',7.88235E-1,2.19608E-1,5.4902E-1);
#93=COLOUR_RGB('',8.1E-1,4.E-2,0.E0);
#94=COLOUR_RGB('',8.1E-1,6.1E-1,0.E0);
#95=COLOUR_RGB('',8.2E-1,4.E-2,6.6E-1);
#96=COLOUR_RGB('',8.31373E-1,8.5098E-1,8.58824E-1);
#97=COLOUR_RGB('',8.5098E-1,7.29412E-1,5.4902E-1);
#98=COLOUR_RGB('',8.5E-1,8.5E-1,8.5E-1);
#99=COLOUR_RGB('',8.78431E-1,3.68627E-1,1.21569E-1);
#100=COLOUR_RGB('',8.784E-1,9.49E-1,1.E0);
#101=COLOUR_RGB('',8.90196E-1,5.88235E-1,1.41176E-1);
#102=COLOUR_RGB('',9.E-1,1.E0,0.E0);
#103=COLOUR_RGB('',9.09804E-1,6.11765E-1,7.09804E-1);
#104=COLOUR_RGB('',9.37E-1,7.85E-1,0.E0);
#105=COLOUR_RGB('',9.41176E-1,9.29412E-1,9.01961E-1);
#106=COLOUR_RGB('',9.5E-1,2.2E-1,8.1E-1);
#107=COLOUR_RGB('',9.6E-1,3.7E-1,3.E-1);
#108=COLOUR_RGB('',9.6E-1,7.1E-1,3.75E-1);
#109=COLOUR_RGB('',9.80392E-1,1.E0,1.E0);
#110=COLOUR_RGB('',9.88235E-1,1.09804E-1,7.8431E-2);
#111=COLOUR_RGB('',9.88235E-1,7.21569E-1,1.29412E-1);
#112=COLOUR_RGB('',9.88235E-1,9.21569E-1,8.E-1);
#113=DRAUGHTING_PRE_DEFINED_COLOUR('red');
#114=COLOUR_RGB('',1.E0,0.E0,6.1E-1);
#115=COLOUR_RGB('',1.E0,4.E-2,0.E0);
#116=COLOUR_RGB('',1.E0,2.3E-1,0.E0);
#117=COLOUR_RGB('',1.E0,3.5E-1,5.2E-1);
#118=COLOUR_RGB('',1.E0,3.6E-1,0.E0);
#119=COLOUR_RGB('',1.E0,3.88235E-1,2.11765E-1);
#120=COLOUR_RGB('',1.E0,4.9E-1,3.7E-1);
#121=COLOUR_RGB('',1.E0,5.E-1,0.E0);
#122=COLOUR_RGB('',1.E0,5.6E-1,7.8E-1);
#123=COLOUR_RGB('',1.E0,6.4E-1,4.9E-1);
#124=COLOUR_RGB('',1.E0,6.7E-1,0.E0);
#125=COLOUR_RGB('',1.E0,7.6E-1,6.5E-1);
#126=COLOUR_RGB('',1.E0,8.39216E-1,3.01961E-1);
#127=COLOUR_RGB('',1.E0,8.6E-1,4.E-2);
#128=COLOUR_RGB('',1.E0,9.60784E-1,2.58824E-1);
#129=COLOUR_RGB('',1.E0,9.60784E-1,8.90196E-1);
#130=COLOUR_RGB('',1.E0,9.8E-1,7.2E-1);
#131=DRAUGHTING_PRE_DEFINED_COLOUR('yellow');
#132=COLOUR_RGB('',1.E0,1.E0,3.9216E-2);
#133=DRAUGHTING_PRE_DEFINED_COLOUR('white');
#838=CIRCLE('',#837,1.E-1);
#843=CIRCLE('',#842,1.E-1);
#1648=CIRCLE('',#1647,1.E-1);
#1665=CIRCLE('',#1664,3.5E-1);
#1682=CIRCLE('',#1681,3.5E-1);
#1699=CIRCLE('',#1698,1.E-1);
#1708=CIRCLE('',#1707,3.E-1);
#1713=CIRCLE('',#1712,3.E-1);
#2462=CIRCLE('',#2461,3.E-1);
#2467=CIRCLE('',#2466,3.E-1);
#2496=CIRCLE('',#2495,3.5E-1);
#2509=CIRCLE('',#2508,1.E-1);
#2526=CIRCLE('',#2525,1.E-1);
#2539=CIRCLE('',#2538,3.5E-1);
#2796=CIRCLE('',#2795,3.E-1);
#2801=CIRCLE('',#2800,3.E-1);
#2822=CIRCLE('',#2821,3.E-1);
#2827=CIRCLE('',#2826,3.E-1);
#4001=EDGE_CURVE('',#3337,#3201,#137,.T.);
#4003=EDGE_CURVE('',#3337,#3316,#141,.T.);
#4005=EDGE_CURVE('',#3316,#3317,#3023,.T.);
#4007=EDGE_CURVE('',#3332,#3317,#3055,.T.);
#4009=EDGE_CURVE('',#3329,#3332,#145,.T.);
#4011=EDGE_CURVE('',#3329,#3313,#149,.T.);
#4013=EDGE_CURVE('',#3313,#3308,#3011,.T.);
#4015=EDGE_CURVE('',#3324,#3308,#3003,.T.);
#4017=EDGE_CURVE('',#3196,#3324,#153,.T.);
#4019=EDGE_CURVE('',#3224,#3196,#157,.T.);
#4021=EDGE_CURVE('',#3229,#3224,#161,.T.);
#4023=EDGE_CURVE('',#3229,#3241,#165,.T.);
#4025=EDGE_CURVE('',#3235,#3241,#169,.T.);
#4027=EDGE_CURVE('',#3233,#3235,#173,.T.);
#4029=EDGE_CURVE('',#3059,#3233,#177,.T.);
#4031=EDGE_CURVE('',#3058,#3059,#181,.T.);
#4033=EDGE_CURVE('',#3212,#3058,#185,.T.);
#4035=EDGE_CURVE('',#3207,#3212,#189,.T.);
#4037=EDGE_CURVE('',#3205,#3207,#193,.T.);
#4039=EDGE_CURVE('',#3205,#3216,#197,.T.);
#4041=EDGE_CURVE('',#3221,#3216,#201,.T.);
#4043=EDGE_CURVE('',#3201,#3221,#205,.T.);
#4047=EDGE_CURVE('',#3443,#3461,#209,.T.);
#4049=EDGE_CURVE('',#3461,#3458,#887,.T.);
#4051=EDGE_CURVE('',#3454,#3458,#871,.T.);
#4053=EDGE_CURVE('',#3463,#3454,#855,.T.);
#4055=EDGE_CURVE('',#3463,#3446,#213,.T.);
#4057=EDGE_CURVE('',#3446,#3447,#217,.T.);
#4059=EDGE_CURVE('',#3447,#3416,#221,.T.);
#4061=EDGE_CURVE('',#3419,#3416,#225,.T.);
#4063=EDGE_CURVE('',#3426,#3419,#935,.T.);
#4065=EDGE_CURVE('',#3426,#3427,#229,.T.);
#4067=EDGE_CURVE('',#3429,#3427,#233,.T.);
#4069=EDGE_CURVE('',#3429,#3433,#237,.T.);
#4071=EDGE_CURVE('',#3405,#3433,#899,.T.);
#4073=EDGE_CURVE('',#3403,#3405,#241,.T.);
#4075=EDGE_CURVE('',#3403,#3442,#245,.T.);
#4077=EDGE_CURVE('',#3442,#3443,#249,.T.);
#4081=ADVANCED_FACE('',(#4046,#4080),#4000,.T.);
#4087=EDGE_CURVE('',#3758,#3765,#253,.T.);
#4089=EDGE_CURVE('',#3742,#3758,#585,.T.);
#4091=EDGE_CURVE('',#3742,#3747,#257,.T.);
#4093=EDGE_CURVE('',#3745,#3747,#261,.T.);
#4095=EDGE_CURVE('',#3738,#3745,#265,.T.);
#4097=EDGE_CURVE('',#3558,#3738,#569,.T.);
#4099=EDGE_CURVE('',#3558,#3563,#269,.T.);
#4101=EDGE_CURVE('',#3561,#3563,#273,.T.);
#4103=EDGE_CURVE('',#3554,#3561,#277,.T.);
#4105=EDGE_CURVE('',#3538,#3554,#553,.T.);
#4107=EDGE_CURVE('',#3538,#3543,#281,.T.);
#4109=EDGE_CURVE('',#3541,#3543,#285,.T.);
#4111=EDGE_CURVE('',#3534,#3541,#289,.T.);
#4113=EDGE_CURVE('',#3518,#3534,#537,.T.);
#4115=EDGE_CURVE('',#3518,#3523,#293,.T.);
#4117=EDGE_CURVE('',#3521,#3523,#297,.T.);
#4119=EDGE_CURVE('',#3514,#3521,#301,.T.);
#4121=EDGE_CURVE('',#3498,#3514,#521,.T.);
#4123=EDGE_CURVE('',#3498,#3503,#305,.T.);
#4125=EDGE_CURVE('',#3501,#3503,#309,.T.);
#4127=EDGE_CURVE('',#3494,#3501,#313,.T.);
#4129=EDGE_CURVE('',#3478,#3494,#505,.T.);
#4131=EDGE_CURVE('',#3478,#3479,#317,.T.);
#4133=EDGE_CURVE('',#3475,#3479,#321,.T.);
#4135=EDGE_CURVE('',#3474,#3475,#325,.T.);
#4137=EDGE_CURVE('',#3378,#3474,#489,.T.);
#4139=EDGE_CURVE('',#3378,#3379,#329,.T.);
#4141=EDGE_CURVE('',#3381,#3379,#333,.T.);
#4143=EDGE_CURVE('',#3383,#3381,#337,.T.);
#4145=EDGE_CURVE('',#3079,#3383,#473,.T.);
#4147=EDGE_CURVE('',#3072,#3079,#341,.T.);
#4149=EDGE_CURVE('',#3197,#3072,#2097,.T.);
#4151=EDGE_CURVE('',#3196,#3197,#345,.T.);
#4154=EDGE_CURVE('',#3324,#3325,#349,.T.);
#4156=EDGE_CURVE('',#3325,#3327,#353,.T.);
#4158=EDGE_CURVE('',#3329,#3327,#357,.T.);
#4161=EDGE_CURVE('',#3332,#3333,#361,.T.);
#4163=EDGE_CURVE('',#3333,#3335,#365,.T.);
#4165=EDGE_CURVE('',#3337,#3335,#369,.T.);
#4168=EDGE_CURVE('',#3200,#3201,#373,.T.);
#4170=EDGE_CURVE('',#3062,#3200,#1921,.T.);
#4172=EDGE_CURVE('',#3062,#3069,#1551,.T.);
#4174=EDGE_CURVE('',#3995,#3069,#449,.T.);
#4176=EDGE_CURVE('',#3995,#3372,#377,.T.);
#4178=EDGE_CURVE('',#3372,#3373,#381,.T.);
#4180=EDGE_CURVE('',#3375,#3373,#385,.T.);
#4182=EDGE_CURVE('',#3762,#3375,#433,.T.);
#4184=EDGE_CURVE('',#3762,#3767,#389,.T.);
#4186=EDGE_CURVE('',#3765,#3767,#393,.T.);
#4190=ADVANCED_FACE('',(#4189),#4086,.T.);
#4196=EDGE_CURVE('',#3758,#3759,#421,.T.);
#4199=EDGE_CURVE('',#3765,#3940,#397,.T.);
#4201=EDGE_CURVE('',#3940,#3941,#401,.T.);
#4203=EDGE_CURVE('',#3941,#3759,#405,.T.);
#4207=ADVANCED_FACE('',(#4206),#4195,.F.);
#4213=EDGE_CURVE('',#3770,#3771,#765,.T.);
#4215=EDGE_CURVE('',#3771,#3944,#409,.T.);
#4217=EDGE_CURVE('',#3944,#3945,#413,.T.);
#4219=EDGE_CURVE('',#3945,#3770,#417,.T.);
#4223=ADVANCED_FACE('',(#4222),#4212,.F.);
#4230=EDGE_CURVE('',#3759,#3763,#425,.T.);
#4232=EDGE_CURVE('',#3762,#3763,#429,.T.);
#4235=EDGE_CURVE('',#3375,#3349,#437,.T.);
#4237=EDGE_CURVE('',#3348,#3349,#441,.T.);
#4239=EDGE_CURVE('',#3995,#3348,#445,.T.);
#4242=EDGE_CURVE('',#3069,#3066,#453,.T.);
#4244=EDGE_CURVE('',#3731,#3066,#2899,.T.);
#4246=EDGE_CURVE('',#3729,#3731,#457,.T.);
#4248=EDGE_CURVE('',#3729,#3718,#461,.T.);
#4250=EDGE_CURVE('',#3723,#3718,#465,.T.);
#4252=EDGE_CURVE('',#3076,#3723,#2839,.T.);
#4254=EDGE_CURVE('',#3076,#3079,#469,.T.);
#4257=EDGE_CURVE('',#3383,#3352,#477,.T.);
#4259=EDGE_CURVE('',#3352,#3353,#481,.T.);
#4261=EDGE_CURVE('',#3378,#3353,#485,.T.);
#4264=EDGE_CURVE('',#3474,#3489,#493,.T.);
#4266=EDGE_CURVE('',#3489,#3491,#497,.T.);
#4268=EDGE_CURVE('',#3478,#3491,#501,.T.);
#4271=EDGE_CURVE('',#3494,#3495,#509,.T.);
#4273=EDGE_CURVE('',#3495,#3499,#513,.T.);
#4275=EDGE_CURVE('',#3498,#3499,#517,.T.);
#4278=EDGE_CURVE('',#3514,#3515,#525,.T.);
#4280=EDGE_CURVE('',#3515,#3519,#529,.T.);
#4282=EDGE_CURVE('',#3518,#3519,#533,.T.);
#4285=EDGE_CURVE('',#3534,#3535,#541,.T.);
#4287=EDGE_CURVE('',#3535,#3539,#545,.T.);
#4289=EDGE_CURVE('',#3538,#3539,#549,.T.);
#4292=EDGE_CURVE('',#3554,#3555,#557,.T.);
#4294=EDGE_CURVE('',#3555,#3559,#561,.T.);
#4296=EDGE_CURVE('',#3558,#3559,#565,.T.);
#4299=EDGE_CURVE('',#3738,#3739,#573,.T.);
#4301=EDGE_CURVE('',#3739,#3743,#577,.T.);
#4303=EDGE_CURVE('',#3742,#3743,#581,.T.);
#4308=ADVANCED_FACE('',(#4307),#4228,.F.);
#4316=EDGE_CURVE('',#3941,#3949,#589,.T.);
#4318=EDGE_CURVE('',#3949,#3763,#597,.T.);
#4322=ADVANCED_FACE('',(#4321),#4313,.T.);
#4329=EDGE_CURVE('',#3940,#3948,#593,.T.);
#4331=EDGE_CURVE('',#3948,#3949,#601,.T.);
#4336=ADVANCED_FACE('',(#4335),#4327,.T.);
#4343=EDGE_CURVE('',#3767,#3948,#605,.T.);
#4349=ADVANCED_FACE('',(#4348),#4341,.T.);
#4362=ADVANCED_FACE('',(#4361),#4354,.T.);
#4368=EDGE_CURVE('',#3774,#3775,#773,.T.);
#4370=EDGE_CURVE('',#3953,#3774,#609,.T.);
#4372=EDGE_CURVE('',#3952,#3953,#613,.T.);
#4374=EDGE_CURVE('',#3775,#3952,#617,.T.);
#4378=ADVANCED_FACE('',(#4377),#4367,.T.);
#4384=EDGE_CURVE('',#3451,#3398,#621,.T.);
#4386=EDGE_CURVE('',#3439,#3451,#625,.T.);
#4388=EDGE_CURVE('',#3438,#3439,#629,.T.);
#4390=EDGE_CURVE('',#3449,#3438,#633,.T.);
#4392=EDGE_CURVE('',#3395,#3449,#637,.T.);
#4394=EDGE_CURVE('',#3393,#3395,#641,.T.);
#4396=EDGE_CURVE('',#3391,#3393,#645,.T.);
#4398=EDGE_CURVE('',#3389,#3391,#649,.T.);
#4400=EDGE_CURVE('',#3387,#3389,#653,.T.);
#4402=EDGE_CURVE('',#3386,#3387,#657,.T.);
#4404=EDGE_CURVE('',#3399,#3386,#661,.T.);
#4406=EDGE_CURVE('',#3398,#3399,#665,.T.);
#4410=EDGE_CURVE('',#3482,#3483,#669,.T.);
#4412=EDGE_CURVE('',#3482,#3486,#673,.T.);
#4414=EDGE_CURVE('',#3486,#3487,#677,.T.);
#4416=EDGE_CURVE('',#3483,#3487,#681,.T.);
#4420=EDGE_CURVE('',#3506,#3507,#685,.T.);
#4422=EDGE_CURVE('',#3506,#3510,#689,.T.);
#4424=EDGE_CURVE('',#3510,#3511,#693,.T.);
#4426=EDGE_CURVE('',#3507,#3511,#697,.T.);
#4430=EDGE_CURVE('',#3526,#3527,#701,.T.);
#4432=EDGE_CURVE('',#3526,#3530,#705,.T.);
#4434=EDGE_CURVE('',#3530,#3531,#709,.T.);
#4436=EDGE_CURVE('',#3527,#3531,#713,.T.);
#4440=EDGE_CURVE('',#3546,#3547,#717,.T.);
#4442=EDGE_CURVE('',#3546,#3550,#721,.T.);
#4444=EDGE_CURVE('',#3550,#3551,#725,.T.);
#4446=EDGE_CURVE('',#3547,#3551,#729,.T.);
#4450=EDGE_CURVE('',#3566,#3567,#733,.T.);
#4452=EDGE_CURVE('',#3566,#3570,#737,.T.);
#4454=EDGE_CURVE('',#3570,#3571,#741,.T.);
#4456=EDGE_CURVE('',#3567,#3571,#745,.T.);
#4460=EDGE_CURVE('',#3750,#3751,#749,.T.);
#4462=EDGE_CURVE('',#3750,#3754,#753,.T.);
#4464=EDGE_CURVE('',#3754,#3755,#757,.T.);
#4466=EDGE_CURVE('',#3751,#3755,#761,.T.);
#4471=EDGE_CURVE('',#3770,#3774,#769,.T.);
#4474=EDGE_CURVE('',#3771,#3775,#777,.T.);
#4478=EDGE_CURVE('',#3830,#3831,#781,.T.);
#4480=EDGE_CURVE('',#3831,#3833,#785,.T.);
#4482=EDGE_CURVE('',#3833,#3835,#789,.T.);
#4484=EDGE_CURVE('',#3835,#3837,#793,.T.);
#4486=EDGE_CURVE('',#3837,#3839,#797,.T.);
#4488=EDGE_CURVE('',#3839,#3841,#801,.T.);
#4490=EDGE_CURVE('',#3841,#3830,#805,.T.);
#4494=ADVANCED_FACE('',(#4409,#4419,#4429,#4439,#4449,#4459,#4469,#4477,#4493),
#4383,.T.);
#4500=EDGE_CURVE('',#3449,#3442,#809,.T.);
#4503=EDGE_CURVE('',#3402,#3403,#813,.T.);
#4505=EDGE_CURVE('',#3402,#3395,#817,.T.);
#4510=ADVANCED_FACE('',(#4509),#4499,.F.);
#4516=EDGE_CURVE('',#3451,#3447,#821,.T.);
#4519=EDGE_CURVE('',#3417,#3398,#947,.T.);
#4521=EDGE_CURVE('',#3416,#3417,#825,.T.);
#4526=ADVANCED_FACE('',(#4525),#4515,.F.);
#4535=EDGE_CURVE('',#3443,#3438,#833,.T.);
#4539=ADVANCED_FACE('',(#4538),#4531,.F.);
#4545=EDGE_CURVE('',#3466,#3467,#829,.T.);
#4547=EDGE_CURVE('',#3461,#3467,#875,.T.);
#4552=EDGE_CURVE('',#3446,#3439,#891,.T.);
#4555=EDGE_CURVE('',#3466,#3463,#851,.T.);
#4559=ADVANCED_FACE('',(#4558),#4544,.F.);
#4566=EDGE_CURVE('',#3466,#3470,#838,.T.);
#4568=EDGE_CURVE('',#3470,#3471,#863,.T.);
#4570=EDGE_CURVE('',#3471,#3467,#843,.T.);
#4574=ADVANCED_FACE('',(#4573),#4564,.F.);
#4580=EDGE_CURVE('',#3455,#3470,#847,.T.);
#4585=EDGE_CURVE('',#3454,#3455,#859,.T.);
#4589=ADVANCED_FACE('',(#4588),#4579,.F.);
#4597=EDGE_CURVE('',#3455,#3459,#867,.T.);
#4599=EDGE_CURVE('',#3459,#3471,#879,.T.);
#4603=ADVANCED_FACE('',(#4602),#4594,.T.);
#4611=EDGE_CURVE('',#3458,#3459,#883,.T.);
#4616=ADVANCED_FACE('',(#4615),#4608,.T.);
#4629=ADVANCED_FACE('',(#4628),#4621,.T.);
#4641=ADVANCED_FACE('',(#4640),#4634,.F.);
#4649=EDGE_CURVE('',#3407,#3405,#895,.T.);
#4651=EDGE_CURVE('',#3402,#3407,#983,.T.);
#4655=ADVANCED_FACE('',(#4654),#4646,.T.);
#4662=EDGE_CURVE('',#3435,#3433,#911,.T.);
#4664=EDGE_CURVE('',#3435,#3409,#903,.T.);
#4666=EDGE_CURVE('',#3407,#3409,#975,.T.);
#4671=ADVANCED_FACE('',(#4670),#4660,.T.);
#4678=EDGE_CURVE('',#3431,#3429,#907,.T.);
#4680=EDGE_CURVE('',#3431,#3435,#967,.T.);
#4685=ADVANCED_FACE('',(#4684),#4676,.T.);
#4692=EDGE_CURVE('',#3423,#3427,#915,.T.);
#4694=EDGE_CURVE('',#3431,#3423,#959,.T.);
#4699=ADVANCED_FACE('',(#4698),#4690,.T.);
#4705=EDGE_CURVE('',#3422,#3423,#923,.T.);
#4709=EDGE_CURVE('',#3426,#3422,#919,.T.);
#4713=ADVANCED_FACE('',(#4712),#4704,.T.);
#4720=EDGE_CURVE('',#3412,#3422,#931,.T.);
#4722=EDGE_CURVE('',#3412,#3386,#927,.T.);
#4725=EDGE_CURVE('',#3423,#3387,#963,.T.);
#4729=ADVANCED_FACE('',(#4728),#4718,.F.);
#4738=EDGE_CURVE('',#3413,#3419,#939,.T.);
#4740=EDGE_CURVE('',#3412,#3413,#951,.T.);
#4744=ADVANCED_FACE('',(#4743),#4734,.T.);
#4751=EDGE_CURVE('',#3413,#3417,#943,.T.);
#4757=ADVANCED_FACE('',(#4756),#4749,.T.);
#4766=EDGE_CURVE('',#3413,#3399,#955,.T.);
#4770=ADVANCED_FACE('',(#4769),#4762,.F.);
#4782=ADVANCED_FACE('',(#4781),#4775,.F.);
#4791=EDGE_CURVE('',#3431,#3389,#971,.T.);
#4795=ADVANCED_FACE('',(#4794),#4787,.F.);
#4804=EDGE_CURVE('',#3409,#3391,#979,.T.);
#4809=ADVANCED_FACE('',(#4808),#4800,.F.);
#4818=EDGE_CURVE('',#3407,#3393,#987,.T.);
#4822=ADVANCED_FACE('',(#4821),#4814,.F.);
#4834=ADVANCED_FACE('',(#4833),#4827,.F.);
#4841=EDGE_CURVE('',#3475,#3844,#991,.T.);
#4843=EDGE_CURVE('',#3844,#3845,#995,.T.);
#4845=EDGE_CURVE('',#3845,#3489,#999,.T.);
#4850=ADVANCED_FACE('',(#4849),#4839,.F.);
#4857=EDGE_CURVE('',#3483,#3848,#1003,.T.);
#4859=EDGE_CURVE('',#3848,#3849,#1007,.T.);
#4861=EDGE_CURVE('',#3849,#3482,#1011,.T.);
#4865=ADVANCED_FACE('',(#4864),#4855,.F.);
#4872=EDGE_CURVE('',#3479,#3852,#1023,.T.);
#4874=EDGE_CURVE('',#3844,#3852,#1043,.T.);
#4879=ADVANCED_FACE('',(#4878),#4870,.T.);
#4887=EDGE_CURVE('',#3853,#3491,#1015,.T.);
#4889=EDGE_CURVE('',#3852,#3853,#1019,.T.);
#4894=ADVANCED_FACE('',(#4893),#4884,.T.);
#4901=EDGE_CURVE('',#3857,#3486,#1027,.T.);
#4903=EDGE_CURVE('',#3856,#3857,#1031,.T.);
#4905=EDGE_CURVE('',#3487,#3856,#1035,.T.);
#4909=ADVANCED_FACE('',(#4908),#4899,.T.);
#4917=EDGE_CURVE('',#3845,#3853,#1039,.T.);
#4922=ADVANCED_FACE('',(#4921),#4914,.T.);
#4934=ADVANCED_FACE('',(#4933),#4927,.T.);
#4942=EDGE_CURVE('',#3849,#3857,#1047,.T.);
#4947=ADVANCED_FACE('',(#4946),#4939,.T.);
#4954=EDGE_CURVE('',#3848,#3856,#1051,.T.);
#4960=ADVANCED_FACE('',(#4959),#4952,.T.);
#4972=ADVANCED_FACE('',(#4971),#4965,.T.);
#4980=EDGE_CURVE('',#3501,#3860,#1055,.T.);
#4982=EDGE_CURVE('',#3860,#3861,#1059,.T.);
#4984=EDGE_CURVE('',#3861,#3495,#1063,.T.);
#4988=ADVANCED_FACE('',(#4987),#4977,.F.);
#4995=EDGE_CURVE('',#3507,#3864,#1067,.T.);
#4997=EDGE_CURVE('',#3864,#3865,#1071,.T.);
#4999=EDGE_CURVE('',#3865,#3506,#1075,.T.);
#5003=ADVANCED_FACE('',(#5002),#4993,.F.);
#5010=EDGE_CURVE('',#3503,#3868,#1087,.T.);
#5012=EDGE_CURVE('',#3860,#3868,#1107,.T.);
#5017=ADVANCED_FACE('',(#5016),#5008,.T.);
#5024=EDGE_CURVE('',#3869,#3499,#1079,.T.);
#5026=EDGE_CURVE('',#3868,#3869,#1083,.T.);
#5032=ADVANCED_FACE('',(#5031),#5022,.T.);
#5039=EDGE_CURVE('',#3873,#3510,#1091,.T.);
#5041=EDGE_CURVE('',#3872,#3873,#1095,.T.);
#5043=EDGE_CURVE('',#3511,#3872,#1099,.T.);
#5047=ADVANCED_FACE('',(#5046),#5037,.T.);
#5055=EDGE_CURVE('',#3861,#3869,#1103,.T.);
#5060=ADVANCED_FACE('',(#5059),#5052,.T.);
#5072=ADVANCED_FACE('',(#5071),#5065,.T.);
#5080=EDGE_CURVE('',#3865,#3873,#1111,.T.);
#5085=ADVANCED_FACE('',(#5084),#5077,.T.);
#5092=EDGE_CURVE('',#3864,#3872,#1115,.T.);
#5098=ADVANCED_FACE('',(#5097),#5090,.T.);
#5110=ADVANCED_FACE('',(#5109),#5103,.T.);
#5118=EDGE_CURVE('',#3521,#3876,#1119,.T.);
#5120=EDGE_CURVE('',#3876,#3877,#1123,.T.);
#5122=EDGE_CURVE('',#3877,#3515,#1127,.T.);
#5126=ADVANCED_FACE('',(#5125),#5115,.F.);
#5133=EDGE_CURVE('',#3527,#3880,#1131,.T.);
#5135=EDGE_CURVE('',#3880,#3881,#1135,.T.);
#5137=EDGE_CURVE('',#3881,#3526,#1139,.T.);
#5141=ADVANCED_FACE('',(#5140),#5131,.F.);
#5148=EDGE_CURVE('',#3523,#3884,#1151,.T.);
#5150=EDGE_CURVE('',#3876,#3884,#1171,.T.);
#5155=ADVANCED_FACE('',(#5154),#5146,.T.);
#5162=EDGE_CURVE('',#3885,#3519,#1143,.T.);
#5164=EDGE_CURVE('',#3884,#3885,#1147,.T.);
#5170=ADVANCED_FACE('',(#5169),#5160,.T.);
#5177=EDGE_CURVE('',#3889,#3530,#1155,.T.);
#5179=EDGE_CURVE('',#3888,#3889,#1159,.T.);
#5181=EDGE_CURVE('',#3531,#3888,#1163,.T.);
#5185=ADVANCED_FACE('',(#5184),#5175,.T.);
#5193=EDGE_CURVE('',#3877,#3885,#1167,.T.);
#5198=ADVANCED_FACE('',(#5197),#5190,.T.);
#5210=ADVANCED_FACE('',(#5209),#5203,.T.);
#5218=EDGE_CURVE('',#3881,#3889,#1175,.T.);
#5223=ADVANCED_FACE('',(#5222),#5215,.T.);
#5230=EDGE_CURVE('',#3880,#3888,#1179,.T.);
#5236=ADVANCED_FACE('',(#5235),#5228,.T.);
#5248=ADVANCED_FACE('',(#5247),#5241,.T.);
#5256=EDGE_CURVE('',#3541,#3892,#1183,.T.);
#5258=EDGE_CURVE('',#3892,#3893,#1187,.T.);
#5260=EDGE_CURVE('',#3893,#3535,#1191,.T.);
#5264=ADVANCED_FACE('',(#5263),#5253,.F.);
#5271=EDGE_CURVE('',#3547,#3896,#1195,.T.);
#5273=EDGE_CURVE('',#3896,#3897,#1199,.T.);
#5275=EDGE_CURVE('',#3897,#3546,#1203,.T.);
#5279=ADVANCED_FACE('',(#5278),#5269,.F.);
#5286=EDGE_CURVE('',#3543,#3900,#1215,.T.);
#5288=EDGE_CURVE('',#3892,#3900,#1235,.T.);
#5293=ADVANCED_FACE('',(#5292),#5284,.T.);
#5300=EDGE_CURVE('',#3901,#3539,#1207,.T.);
#5302=EDGE_CURVE('',#3900,#3901,#1211,.T.);
#5308=ADVANCED_FACE('',(#5307),#5298,.T.);
#5315=EDGE_CURVE('',#3905,#3550,#1219,.T.);
#5317=EDGE_CURVE('',#3904,#3905,#1223,.T.);
#5319=EDGE_CURVE('',#3551,#3904,#1227,.T.);
#5323=ADVANCED_FACE('',(#5322),#5313,.T.);
#5331=EDGE_CURVE('',#3893,#3901,#1231,.T.);
#5336=ADVANCED_FACE('',(#5335),#5328,.T.);
#5348=ADVANCED_FACE('',(#5347),#5341,.T.);
#5356=EDGE_CURVE('',#3897,#3905,#1239,.T.);
#5361=ADVANCED_FACE('',(#5360),#5353,.T.);
#5368=EDGE_CURVE('',#3896,#3904,#1243,.T.);
#5374=ADVANCED_FACE('',(#5373),#5366,.T.);
#5386=ADVANCED_FACE('',(#5385),#5379,.T.);
#5394=EDGE_CURVE('',#3561,#3908,#1247,.T.);
#5396=EDGE_CURVE('',#3908,#3909,#1251,.T.);
#5398=EDGE_CURVE('',#3909,#3555,#1255,.T.);
#5402=ADVANCED_FACE('',(#5401),#5391,.F.);
#5409=EDGE_CURVE('',#3567,#3912,#1259,.T.);
#5411=EDGE_CURVE('',#3912,#3913,#1263,.T.);
#5413=EDGE_CURVE('',#3913,#3566,#1267,.T.);
#5417=ADVANCED_FACE('',(#5416),#5407,.F.);
#5424=EDGE_CURVE('',#3563,#3916,#1279,.T.);
#5426=EDGE_CURVE('',#3908,#3916,#1299,.T.);
#5431=ADVANCED_FACE('',(#5430),#5422,.T.);
#5438=EDGE_CURVE('',#3917,#3559,#1271,.T.);
#5440=EDGE_CURVE('',#3916,#3917,#1275,.T.);
#5446=ADVANCED_FACE('',(#5445),#5436,.T.);
#5453=EDGE_CURVE('',#3921,#3570,#1283,.T.);
#5455=EDGE_CURVE('',#3920,#3921,#1287,.T.);
#5457=EDGE_CURVE('',#3571,#3920,#1291,.T.);
#5461=ADVANCED_FACE('',(#5460),#5451,.T.);
#5469=EDGE_CURVE('',#3909,#3917,#1295,.T.);
#5474=ADVANCED_FACE('',(#5473),#5466,.T.);
#5486=ADVANCED_FACE('',(#5485),#5479,.T.);
#5494=EDGE_CURVE('',#3913,#3921,#1303,.T.);
#5499=ADVANCED_FACE('',(#5498),#5491,.T.);
#5506=EDGE_CURVE('',#3912,#3920,#1307,.T.);
#5512=ADVANCED_FACE('',(#5511),#5504,.T.);
#5524=ADVANCED_FACE('',(#5523),#5517,.T.);
#5532=EDGE_CURVE('',#3745,#3924,#1311,.T.);
#5534=EDGE_CURVE('',#3924,#3925,#1315,.T.);
#5536=EDGE_CURVE('',#3925,#3739,#1319,.T.);
#5540=ADVANCED_FACE('',(#5539),#5529,.F.);
#5547=EDGE_CURVE('',#3751,#3928,#1323,.T.);
#5549=EDGE_CURVE('',#3928,#3929,#1327,.T.);
#5551=EDGE_CURVE('',#3929,#3750,#1331,.T.);
#5555=ADVANCED_FACE('',(#5554),#5545,.F.);
#5562=EDGE_CURVE('',#3747,#3932,#1343,.T.);
#5564=EDGE_CURVE('',#3924,#3932,#1363,.T.);
#5569=ADVANCED_FACE('',(#5568),#5560,.T.);
#5576=EDGE_CURVE('',#3933,#3743,#1335,.T.);
#5578=EDGE_CURVE('',#3932,#3933,#1339,.T.);
#5584=ADVANCED_FACE('',(#5583),#5574,.T.);
#5591=EDGE_CURVE('',#3937,#3754,#1347,.T.);
#5593=EDGE_CURVE('',#3936,#3937,#1351,.T.);
#5595=EDGE_CURVE('',#3755,#3936,#1355,.T.);
#5599=ADVANCED_FACE('',(#5598),#5589,.T.);
#5607=EDGE_CURVE('',#3925,#3933,#1359,.T.);
#5612=ADVANCED_FACE('',(#5611),#5604,.T.);
#5624=ADVANCED_FACE('',(#5623),#5617,.T.);
#5632=EDGE_CURVE('',#3929,#3937,#1367,.T.);
#5637=ADVANCED_FACE('',(#5636),#5629,.T.);
#5644=EDGE_CURVE('',#3928,#3936,#1371,.T.);
#5650=ADVANCED_FACE('',(#5649),#5642,.T.);
#5662=ADVANCED_FACE('',(#5661),#5655,.T.);
#5670=EDGE_CURVE('',#3945,#3953,#1375,.T.);
#5675=ADVANCED_FACE('',(#5674),#5667,.T.);
#5682=EDGE_CURVE('',#3944,#3952,#1379,.T.);
#5688=ADVANCED_FACE('',(#5687),#5680,.T.);
#5700=ADVANCED_FACE('',(#5699),#5693,.T.);
#5707=EDGE_CURVE('',#3830,#3816,#1383,.T.);
#5709=EDGE_CURVE('',#3816,#3817,#1411,.T.);
#5711=EDGE_CURVE('',#3831,#3817,#1407,.T.);
#5715=ADVANCED_FACE('',(#5714),#5705,.T.);
#5722=EDGE_CURVE('',#3841,#3827,#1387,.T.);
#5724=EDGE_CURVE('',#3827,#3816,#1415,.T.);
#5729=ADVANCED_FACE('',(#5728),#5720,.T.);
#5736=EDGE_CURVE('',#3839,#3825,#1391,.T.);
#5738=EDGE_CURVE('',#3825,#3827,#1419,.T.);
#5743=ADVANCED_FACE('',(#5742),#5734,.T.);
#5750=EDGE_CURVE('',#3837,#3823,#1395,.T.);
#5752=EDGE_CURVE('',#3823,#3825,#1423,.T.);
#5757=ADVANCED_FACE('',(#5756),#5748,.T.);
#5764=EDGE_CURVE('',#3835,#3821,#1399,.T.);
#5766=EDGE_CURVE('',#3821,#3823,#1427,.T.);
#5771=ADVANCED_FACE('',(#5770),#5762,.T.);
#5778=EDGE_CURVE('',#3833,#3819,#1403,.T.);
#5780=EDGE_CURVE('',#3819,#3821,#1431,.T.);
#5785=ADVANCED_FACE('',(#5784),#5776,.T.);
#5793=EDGE_CURVE('',#3817,#3819,#1435,.T.);
#5798=ADVANCED_FACE('',(#5797),#5790,.T.);
#5813=ADVANCED_FACE('',(#5812),#5803,.T.);
#5821=EDGE_CURVE('',#3373,#3359,#1439,.T.);
#5823=EDGE_CURVE('',#3359,#3361,#1475,.T.);
#5825=EDGE_CURVE('',#3340,#3361,#1451,.T.);
#5827=EDGE_CURVE('',#3349,#3340,#1523,.T.);
#5831=ADVANCED_FACE('',(#5830),#5818,.T.);
#5838=EDGE_CURVE('',#3372,#3357,#1443,.T.);
#5840=EDGE_CURVE('',#3357,#3359,#1479,.T.);
#5845=ADVANCED_FACE('',(#5844),#5836,.T.);
#5851=EDGE_CURVE('',#3356,#3341,#1455,.T.);
#5853=EDGE_CURVE('',#3356,#3357,#1467,.T.);
#5858=EDGE_CURVE('',#3348,#3341,#1447,.T.);
#5862=ADVANCED_FACE('',(#5861),#5850,.T.);
#5869=EDGE_CURVE('',#3361,#3356,#1471,.T.);
#5872=EDGE_CURVE('',#3340,#3341,#1459,.T.);
#5876=ADVANCED_FACE('',(#5875),#5867,.T.);
#5882=EDGE_CURVE('',#3364,#3344,#1503,.T.);
#5884=EDGE_CURVE('',#3364,#3365,#1483,.T.);
#5886=EDGE_CURVE('',#3345,#3365,#1511,.T.);
#5888=EDGE_CURVE('',#3344,#3345,#1463,.T.);
#5892=ADVANCED_FACE('',(#5891),#5881,.T.);
#5904=ADVANCED_FACE('',(#5903),#5897,.T.);
#5911=EDGE_CURVE('',#3369,#3364,#1487,.T.);
#5913=EDGE_CURVE('',#3367,#3369,#1491,.T.);
#5915=EDGE_CURVE('',#3365,#3367,#1495,.T.);
#5919=ADVANCED_FACE('',(#5918),#5909,.T.);
#5927=EDGE_CURVE('',#3381,#3369,#1499,.T.);
#5931=EDGE_CURVE('',#3352,#3344,#1519,.T.);
#5935=ADVANCED_FACE('',(#5934),#5924,.T.);
#5942=EDGE_CURVE('',#3379,#3367,#1507,.T.);
#5948=ADVANCED_FACE('',(#5947),#5940,.T.);
#5959=EDGE_CURVE('',#3353,#3345,#1515,.T.);
#5963=ADVANCED_FACE('',(#5962),#5953,.T.);
#5975=ADVANCED_FACE('',(#5974),#5968,.T.);
#5987=ADVANCED_FACE('',(#5986),#5980,.T.);
#5993=EDGE_CURVE('',#3710,#3711,#1527,.T.);
#5995=EDGE_CURVE('',#3710,#3271,#1531,.T.);
#5997=EDGE_CURVE('',#3271,#3245,#1535,.T.);
#5999=EDGE_CURVE('',#3244,#3245,#1539,.T.);
#6001=EDGE_CURVE('',#3244,#3067,#1543,.T.);
#6003=EDGE_CURVE('',#3066,#3067,#1547,.T.);
#6007=EDGE_CURVE('',#3062,#3063,#1555,.T.);
#6009=EDGE_CURVE('',#3063,#3175,#1559,.T.);
#6011=EDGE_CURVE('',#3174,#3175,#1563,.T.);
#6013=EDGE_CURVE('',#3174,#3153,#1567,.T.);
#6015=EDGE_CURVE('',#3213,#3153,#1571,.T.);
#6017=EDGE_CURVE('',#3212,#3213,#1575,.T.);
#6020=EDGE_CURVE('',#3058,#3711,#1607,.T.);
#6024=ADVANCED_FACE('',(#6023),#5992,.T.);
#6031=EDGE_CURVE('',#3711,#3590,#1603,.T.);
#6033=EDGE_CURVE('',#3586,#3590,#1579,.T.);
#6035=EDGE_CURVE('',#3710,#3586,#2377,.T.);
#6039=ADVANCED_FACE('',(#6038),#6029,.T.);
#6045=EDGE_CURVE('',#3718,#3719,#1583,.T.);
#6048=EDGE_CURVE('',#3727,#3729,#1587,.T.);
#6050=EDGE_CURVE('',#3593,#3727,#1591,.T.);
#6052=EDGE_CURVE('',#3593,#3591,#1595,.T.);
#6054=EDGE_CURVE('',#3590,#3591,#1599,.T.);
#6059=EDGE_CURVE('',#3059,#3714,#2297,.T.);
#6061=EDGE_CURVE('',#3583,#3714,#1611,.T.);
#6063=EDGE_CURVE('',#3581,#3583,#1615,.T.);
#6065=EDGE_CURVE('',#3581,#3574,#1619,.T.);
#6067=EDGE_CURVE('',#3719,#3574,#1623,.T.);
#6071=ADVANCED_FACE('',(#6070),#6044,.T.);
#6077=EDGE_CURVE('',#3658,#3650,#1627,.T.);
#6079=EDGE_CURVE('',#3735,#3658,#2189,.T.);
#6081=EDGE_CURVE('',#3735,#3723,#1631,.T.);
#6085=EDGE_CURVE('',#3719,#3721,#2787,.T.);
#6087=EDGE_CURVE('',#3650,#3721,#2153,.T.);
#6091=ADVANCED_FACE('',(#6090),#6076,.T.);
#6097=EDGE_CURVE('',#3650,#3596,#1686,.T.);
#6099=EDGE_CURVE('',#3596,#3612,#2835,.T.);
#6101=EDGE_CURVE('',#3658,#3612,#2534,.T.);
#6106=ADVANCED_FACE('',(#6105),#6096,.T.);
#6112=EDGE_CURVE('',#3990,#3979,#1635,.T.);
#6114=EDGE_CURVE('',#3990,#3654,#2755,.T.);
#6116=EDGE_CURVE('',#3654,#3651,#1690,.T.);
#6118=EDGE_CURVE('',#3979,#3651,#2639,.T.);
#6122=ADVANCED_FACE('',(#6121),#6111,.T.);
#6128=EDGE_CURVE('',#3683,#3678,#1639,.T.);
#6130=EDGE_CURVE('',#3605,#3683,#1643,.T.);
#6132=EDGE_CURVE('',#3604,#3605,#1648,.T.);
#6134=EDGE_CURVE('',#3639,#3604,#1652,.T.);
#6136=EDGE_CURVE('',#3633,#3639,#2385,.T.);
#6138=EDGE_CURVE('',#3632,#3633,#1785,.T.);
#6140=EDGE_CURVE('',#3629,#3632,#1656,.T.);
#6142=EDGE_CURVE('',#3628,#3629,#1769,.T.);
#6144=EDGE_CURVE('',#3609,#3628,#1660,.T.);
#6146=EDGE_CURVE('',#3608,#3609,#1665,.T.);
#6148=EDGE_CURVE('',#3678,#3608,#1669,.T.);
#6152=ADVANCED_FACE('',(#6151),#6127,.T.);
#6158=EDGE_CURVE('',#3699,#3694,#1673,.T.);
#6160=EDGE_CURVE('',#3597,#3699,#1677,.T.);
#6162=EDGE_CURVE('',#3596,#3597,#1682,.T.);
#6165=EDGE_CURVE('',#3650,#3651,#2149,.T.);
#6168=EDGE_CURVE('',#3654,#3655,#2165,.T.);
#6170=EDGE_CURVE('',#3655,#3665,#2353,.T.);
#6172=EDGE_CURVE('',#3601,#3665,#1694,.T.);
#6174=EDGE_CURVE('',#3600,#3601,#1699,.T.);
#6176=EDGE_CURVE('',#3694,#3600,#1703,.T.);
#6180=ADVANCED_FACE('',(#6179),#6157,.T.);
#6186=EDGE_CURVE('',#3678,#3679,#1708,.T.);
#6188=EDGE_CURVE('',#3681,#3679,#2475,.T.);
#6190=EDGE_CURVE('',#3681,#3683,#2462,.T.);
#6195=ADVANCED_FACE('',(#6194),#6185,.T.);
#6203=EDGE_CURVE('',#3608,#3624,#1721,.T.);
#6205=EDGE_CURVE('',#3691,#3624,#2491,.T.);
#6207=EDGE_CURVE('',#3689,#3691,#1713,.T.);
#6209=EDGE_CURVE('',#3679,#3689,#1717,.T.);
#6213=ADVANCED_FACE('',(#6212),#6200,.T.);
#6220=EDGE_CURVE('',#3609,#3625,#1725,.T.);
#6222=EDGE_CURVE('',#3624,#3625,#2496,.T.);
#6227=ADVANCED_FACE('',(#6226),#6218,.T.);
#6234=EDGE_CURVE('',#3636,#3628,#1733,.T.);
#6236=EDGE_CURVE('',#3625,#3636,#2500,.T.);
#6241=ADVANCED_FACE('',(#6240),#6232,.T.);
#6247=EDGE_CURVE('',#3987,#3983,#1729,.T.);
#6249=EDGE_CURVE('',#3629,#3983,#2449,.T.);
#6252=EDGE_CURVE('',#3987,#3632,#2767,.T.);
#6256=ADVANCED_FACE('',(#6255),#6246,.T.);
#6263=EDGE_CURVE('',#3726,#3628,#1781,.T.);
#6265=EDGE_CURVE('',#3726,#3727,#2975,.T.);
#6269=EDGE_CURVE('',#3731,#3733,#1737,.T.);
#6271=EDGE_CURVE('',#3636,#3733,#1801,.T.);
#6275=ADVANCED_FACE('',(#6274),#6261,.T.);
#6281=EDGE_CURVE('',#3204,#3209,#1741,.T.);
#6283=EDGE_CURVE('',#3209,#3091,#2025,.T.);
#6285=EDGE_CURVE('',#3091,#3093,#1897,.T.);
#6287=EDGE_CURVE('',#3093,#3204,#1745,.T.);
#6291=ADVANCED_FACE('',(#6290),#6280,.T.);
#6297=EDGE_CURVE('',#3219,#3217,#1749,.T.);
#6299=EDGE_CURVE('',#3217,#3144,#1753,.T.);
#6301=EDGE_CURVE('',#3148,#3144,#2033,.T.);
#6303=EDGE_CURVE('',#3151,#3148,#1757,.T.);
#6305=EDGE_CURVE('',#3177,#3151,#2029,.T.);
#6307=EDGE_CURVE('',#3082,#3177,#1913,.T.);
#6309=EDGE_CURVE('',#3082,#3083,#1813,.T.);
#6311=EDGE_CURVE('',#3181,#3083,#2053,.T.);
#6313=EDGE_CURVE('',#3185,#3181,#2045,.T.);
#6315=EDGE_CURVE('',#3191,#3185,#1761,.T.);
#6317=EDGE_CURVE('',#3191,#3219,#1765,.T.);
#6321=ADVANCED_FACE('',(#6320),#6296,.T.);
#6328=EDGE_CURVE('',#3629,#3675,#1773,.T.);
#6330=EDGE_CURVE('',#3675,#3726,#1777,.T.);
#6335=ADVANCED_FACE('',(#6334),#6326,.T.);
#6342=EDGE_CURVE('',#3586,#3633,#2381,.T.);
#6344=EDGE_CURVE('',#3586,#3587,#1789,.T.);
#6346=EDGE_CURVE('',#3587,#3632,#1793,.T.);
#6350=ADVANCED_FACE('',(#6349),#6340,.T.);
#6356=EDGE_CURVE('',#3636,#3637,#1797,.T.);
#6359=EDGE_CURVE('',#3259,#3733,#2891,.T.);
#6361=EDGE_CURVE('',#3109,#3259,#2883,.T.);
#6363=EDGE_CURVE('',#3108,#3109,#2583,.T.);
#6365=EDGE_CURVE('',#3637,#3108,#2551,.T.);
#6369=ADVANCED_FACE('',(#6368),#6355,.T.);
#6375=EDGE_CURVE('',#3204,#3205,#1809,.T.);
#6378=EDGE_CURVE('',#3209,#3207,#1805,.T.);
#6383=ADVANCED_FACE('',(#6382),#6374,.T.);
#6391=EDGE_CURVE('',#3093,#3095,#1893,.T.);
#6393=EDGE_CURVE('',#3205,#3095,#1957,.T.);
#6397=ADVANCED_FACE('',(#6396),#6388,.F.);
#6404=EDGE_CURVE('',#3087,#3082,#1817,.T.);
#6406=EDGE_CURVE('',#3085,#3087,#1821,.T.);
#6408=EDGE_CURVE('',#3083,#3085,#1825,.T.);
#6412=ADVANCED_FACE('',(#6411),#6402,.T.);
#6418=EDGE_CURVE('',#3778,#3779,#1829,.T.);
#6420=EDGE_CURVE('',#3783,#3778,#1833,.T.);
#6422=EDGE_CURVE('',#3781,#3783,#1837,.T.);
#6424=EDGE_CURVE('',#3779,#3781,#1841,.T.);
#6428=ADVANCED_FACE('',(#6427),#6417,.T.);
#6434=EDGE_CURVE('',#3786,#3117,#1845,.T.);
#6436=EDGE_CURVE('',#3116,#3117,#1849,.T.);
#6438=EDGE_CURVE('',#3121,#3116,#1853,.T.);
#6440=EDGE_CURVE('',#3793,#3121,#1857,.T.);
#6442=EDGE_CURVE('',#3791,#3793,#1861,.T.);
#6444=EDGE_CURVE('',#3789,#3791,#1865,.T.);
#6446=EDGE_CURVE('',#3787,#3789,#1869,.T.);
#6448=EDGE_CURVE('',#3786,#3787,#1873,.T.);
#6452=ADVANCED_FACE('',(#6451),#6433,.T.);
#6458=EDGE_CURVE('',#3119,#3090,#1877,.T.);
#6460=EDGE_CURVE('',#3797,#3119,#1881,.T.);
#6462=EDGE_CURVE('',#3796,#3797,#1885,.T.);
#6464=EDGE_CURVE('',#3097,#3796,#1949,.T.);
#6466=EDGE_CURVE('',#3095,#3097,#1889,.T.);
#6470=EDGE_CURVE('',#3090,#3091,#1901,.T.);
#6474=ADVANCED_FACE('',(#6473),#6457,.T.);
#6480=EDGE_CURVE('',#3063,#3187,#1905,.T.);
#6482=EDGE_CURVE('',#3189,#3187,#2069,.T.);
#6484=EDGE_CURVE('',#3189,#3087,#1909,.T.);
#6488=EDGE_CURVE('',#3177,#3175,#1917,.T.);
#6493=ADVANCED_FACE('',(#6492),#6479,.F.);
#6500=EDGE_CURVE('',#3191,#3200,#1937,.T.);
#6503=EDGE_CURVE('',#3184,#3185,#1925,.T.);
#6505=EDGE_CURVE('',#3187,#3184,#1929,.T.);
#6511=ADVANCED_FACE('',(#6510),#6498,.F.);
#6517=EDGE_CURVE('',#3219,#3221,#1933,.T.);
#6525=ADVANCED_FACE('',(#6524),#6516,.T.);
#6531=EDGE_CURVE('',#3216,#3217,#1941,.T.);
#6538=ADVANCED_FACE('',(#6537),#6530,.T.);
#6545=EDGE_CURVE('',#3216,#3097,#1945,.T.);
#6548=EDGE_CURVE('',#3145,#3796,#1965,.T.);
#6550=EDGE_CURVE('',#3144,#3145,#1953,.T.);
#6555=ADVANCED_FACE('',(#6554),#6543,.F.);
#6567=ADVANCED_FACE('',(#6566),#6560,.F.);
#6573=EDGE_CURVE('',#3799,#3797,#1973,.T.);
#6575=EDGE_CURVE('',#3799,#3145,#1961,.T.);
#6581=ADVANCED_FACE('',(#6580),#6572,.F.);
#6587=EDGE_CURVE('',#3119,#3141,#1981,.T.);
#6589=EDGE_CURVE('',#3141,#3799,#1969,.T.);
#6595=ADVANCED_FACE('',(#6594),#6586,.F.);
#6601=EDGE_CURVE('',#3140,#3141,#1977,.T.);
#6605=EDGE_CURVE('',#3140,#3090,#2021,.T.);
#6609=ADVANCED_FACE('',(#6608),#6600,.F.);
#6615=EDGE_CURVE('',#3136,#3137,#1993,.T.);
#6617=EDGE_CURVE('',#3141,#3137,#1985,.T.);
#6620=EDGE_CURVE('',#3140,#3136,#1989,.T.);
#6624=ADVANCED_FACE('',(#6623),#6614,.T.);
#6631=EDGE_CURVE('',#3153,#3136,#2017,.T.);
#6634=EDGE_CURVE('',#3151,#3174,#1997,.T.);
#6637=EDGE_CURVE('',#3148,#3149,#2001,.T.);
#6639=EDGE_CURVE('',#3801,#3149,#2005,.T.);
#6641=EDGE_CURVE('',#3137,#3801,#2009,.T.);
#6645=ADVANCED_FACE('',(#6644),#6629,.F.);
#6651=EDGE_CURVE('',#3209,#3213,#2013,.T.);
#6661=ADVANCED_FACE('',(#6660),#6650,.F.);
#6673=ADVANCED_FACE('',(#6672),#6666,.T.);
#6685=ADVANCED_FACE('',(#6684),#6678,.T.);
#6692=EDGE_CURVE('',#3145,#3149,#2037,.T.);
#6698=ADVANCED_FACE('',(#6697),#6690,.T.);
#6707=EDGE_CURVE('',#3799,#3801,#2041,.T.);
#6711=ADVANCED_FACE('',(#6710),#6703,.T.);
#6723=ADVANCED_FACE('',(#6722),#6716,.T.);
#6729=EDGE_CURVE('',#3180,#3181,#2049,.T.);
#6731=EDGE_CURVE('',#3180,#3184,#2065,.T.);
#6737=ADVANCED_FACE('',(#6736),#6728,.T.);
#6746=EDGE_CURVE('',#3180,#3085,#2061,.T.);
#6750=ADVANCED_FACE('',(#6749),#6742,.F.);
#6756=EDGE_CURVE('',#3189,#3180,#2057,.T.);
#6763=ADVANCED_FACE('',(#6762),#6755,.F.);
#6775=ADVANCED_FACE('',(#6774),#6768,.T.);
#6781=EDGE_CURVE('',#3809,#3779,#2081,.T.);
#6783=EDGE_CURVE('',#3193,#3809,#2085,.T.);
#6785=EDGE_CURVE('',#3073,#3193,#2101,.T.);
#6787=EDGE_CURVE('',#3168,#3073,#2317,.T.);
#6789=EDGE_CURVE('',#3171,#3168,#2073,.T.);
#6791=EDGE_CURVE('',#3778,#3171,#2129,.T.);
#6796=ADVANCED_FACE('',(#6795),#6780,.F.);
#6802=EDGE_CURVE('',#3808,#3809,#2077,.T.);
#6806=EDGE_CURVE('',#3808,#3781,#2999,.T.);
#6810=ADVANCED_FACE('',(#6809),#6801,.F.);
#6817=EDGE_CURVE('',#3808,#3811,#2089,.T.);
#6819=EDGE_CURVE('',#3811,#3193,#2105,.T.);
#6824=ADVANCED_FACE('',(#6823),#6815,.T.);
#6830=EDGE_CURVE('',#3160,#3811,#2109,.T.);
#6833=EDGE_CURVE('',#3813,#3808,#2995,.T.);
#6835=EDGE_CURVE('',#3813,#3160,#2093,.T.);
#6839=ADVANCED_FACE('',(#6838),#6829,.T.);
#6845=EDGE_CURVE('',#3160,#3161,#2121,.T.);
#6847=EDGE_CURVE('',#3197,#3161,#2197,.T.);
#6850=EDGE_CURVE('',#3072,#3073,#2321,.T.);
#6857=ADVANCED_FACE('',(#6856),#6844,.F.);
#6863=EDGE_CURVE('',#3227,#3225,#2113,.T.);
#6865=EDGE_CURVE('',#3225,#3161,#2117,.T.);
#6869=EDGE_CURVE('',#3813,#3783,#2125,.T.);
#6873=EDGE_CURVE('',#3157,#3171,#2979,.T.);
#6875=EDGE_CURVE('',#3156,#3157,#2133,.T.);
#6877=EDGE_CURVE('',#3803,#3156,#2217,.T.);
#6879=EDGE_CURVE('',#3803,#3227,#2137,.T.);
#6883=ADVANCED_FACE('',(#6882),#6862,.T.);
#6889=EDGE_CURVE('',#3237,#3239,#2141,.T.);
#6891=EDGE_CURVE('',#3239,#3789,#2145,.T.);
#6894=EDGE_CURVE('',#3237,#3791,#2285,.T.);
#6898=ADVANCED_FACE('',(#6897),#6888,.T.);
#6906=EDGE_CURVE('',#3721,#3575,#2157,.T.);
#6908=EDGE_CURVE('',#3575,#3651,#2161,.T.);
#6912=ADVANCED_FACE('',(#6911),#6903,.T.);
#6919=EDGE_CURVE('',#3578,#3654,#2169,.T.);
#6921=EDGE_CURVE('',#3578,#3579,#2173,.T.);
#6923=EDGE_CURVE('',#3655,#3579,#2357,.T.);
#6927=ADVANCED_FACE('',(#6926),#6917,.T.);
#6933=EDGE_CURVE('',#3658,#3659,#2177,.T.);
#6935=EDGE_CURVE('',#3659,#3100,#2181,.T.);
#6937=EDGE_CURVE('',#3105,#3100,#2579,.T.);
#6939=EDGE_CURVE('',#3105,#3269,#2185,.T.);
#6941=EDGE_CURVE('',#3735,#3269,#2851,.T.);
#6946=ADVANCED_FACE('',(#6945),#6932,.T.);
#6952=EDGE_CURVE('',#3224,#3225,#2193,.T.);
#6955=EDGE_CURVE('',#3227,#3229,#2201,.T.);
#6960=ADVANCED_FACE('',(#6959),#6951,.T.);
#6973=ADVANCED_FACE('',(#6972),#6965,.T.);
#6981=EDGE_CURVE('',#3124,#3803,#2205,.T.);
#6983=EDGE_CURVE('',#3124,#3117,#2209,.T.);
#6986=EDGE_CURVE('',#3229,#3786,#2991,.T.);
#6990=ADVANCED_FACE('',(#6989),#6978,.F.);
#6996=EDGE_CURVE('',#3128,#3156,#2225,.T.);
#6998=EDGE_CURVE('',#3124,#3128,#2213,.T.);
#7004=ADVANCED_FACE('',(#7003),#6995,.T.);
#7010=EDGE_CURVE('',#3128,#3129,#2221,.T.);
#7014=EDGE_CURVE('',#3157,#3169,#2229,.T.);
#7016=EDGE_CURVE('',#3164,#3169,#2309,.T.);
#7018=EDGE_CURVE('',#3164,#3165,#2233,.T.);
#7020=EDGE_CURVE('',#3131,#3165,#2237,.T.);
#7022=EDGE_CURVE('',#3129,#3131,#2241,.T.);
#7026=ADVANCED_FACE('',(#7025),#7009,.F.);
#7032=EDGE_CURVE('',#3124,#3125,#2249,.T.);
#7036=EDGE_CURVE('',#3125,#3129,#2245,.T.);
#7040=ADVANCED_FACE('',(#7039),#7031,.T.);
#7047=EDGE_CURVE('',#3125,#3116,#2253,.T.);
#7053=ADVANCED_FACE('',(#7052),#7045,.F.);
#7059=EDGE_CURVE('',#3125,#3133,#2257,.T.);
#7061=EDGE_CURVE('',#3121,#3133,#2269,.T.);
#7067=ADVANCED_FACE('',(#7066),#7058,.F.);
#7074=EDGE_CURVE('',#3133,#3131,#2261,.T.);
#7080=ADVANCED_FACE('',(#7079),#7072,.T.);
#7086=EDGE_CURVE('',#3133,#3805,#2273,.T.);
#7090=EDGE_CURVE('',#3165,#3805,#2265,.T.);
#7094=ADVANCED_FACE('',(#7093),#7085,.T.);
#7102=EDGE_CURVE('',#3805,#3793,#2277,.T.);
#7107=ADVANCED_FACE('',(#7106),#7099,.F.);
#7113=EDGE_CURVE('',#3232,#3237,#2281,.T.);
#7120=EDGE_CURVE('',#3232,#3164,#2305,.T.);
#7124=ADVANCED_FACE('',(#7123),#7112,.F.);
#7130=EDGE_CURVE('',#3232,#3233,#2301,.T.);
#7133=EDGE_CURVE('',#3237,#3235,#2289,.T.);
#7138=ADVANCED_FACE('',(#7137),#7129,.T.);
#7144=EDGE_CURVE('',#3714,#3715,#2293,.T.);
#7151=EDGE_CURVE('',#3168,#3169,#2313,.T.);
#7157=EDGE_CURVE('',#3076,#3077,#2325,.T.);
#7159=EDGE_CURVE('',#3077,#3249,#2329,.T.);
#7161=EDGE_CURVE('',#3248,#3249,#2333,.T.);
#7163=EDGE_CURVE('',#3248,#3273,#2337,.T.);
#7165=EDGE_CURVE('',#3715,#3273,#2341,.T.);
#7169=ADVANCED_FACE('',(#7168),#7143,.T.);
#7176=EDGE_CURVE('',#3579,#3715,#2361,.T.);
#7178=EDGE_CURVE('',#3579,#3583,#2759,.T.);
#7183=ADVANCED_FACE('',(#7182),#7174,.T.);
#7189=EDGE_CURVE('',#3960,#3961,#2345,.T.);
#7191=EDGE_CURVE('',#3960,#3665,#2349,.T.);
#7197=EDGE_CURVE('',#3273,#3287,#2365,.T.);
#7199=EDGE_CURVE('',#3289,#3287,#2695,.T.);
#7201=EDGE_CURVE('',#3961,#3289,#2679,.T.);
#7205=ADVANCED_FACE('',(#7204),#7188,.F.);
#7211=EDGE_CURVE('',#3956,#3957,#2369,.T.);
#7213=EDGE_CURVE('',#3956,#3993,#2453,.T.);
#7215=EDGE_CURVE('',#3993,#3973,#2429,.T.);
#7217=EDGE_CURVE('',#3971,#3973,#2413,.T.);
#7219=EDGE_CURVE('',#3969,#3971,#2405,.T.);
#7221=EDGE_CURVE('',#3969,#3957,#2393,.T.);
#7225=ADVANCED_FACE('',(#7224),#7210,.F.);
#7232=EDGE_CURVE('',#3961,#3963,#2675,.T.);
#7234=EDGE_CURVE('',#3975,#3963,#2663,.T.);
#7236=EDGE_CURVE('',#3966,#3975,#2651,.T.);
#7238=EDGE_CURVE('',#3966,#3967,#2623,.T.);
#7240=EDGE_CURVE('',#3960,#3967,#2615,.T.);
#7244=ADVANCED_FACE('',(#7243),#7230,.F.);
#7251=EDGE_CURVE('',#3957,#3293,#2373,.T.);
#7253=EDGE_CURVE('',#3297,#3293,#2955,.T.);
#7255=EDGE_CURVE('',#3271,#3297,#2935,.T.);
#7261=EDGE_CURVE('',#3956,#3639,#2389,.T.);
#7265=ADVANCED_FACE('',(#7264),#7249,.F.);
#7272=EDGE_CURVE('',#3292,#3969,#2397,.T.);
#7274=EDGE_CURVE('',#3292,#3293,#2401,.T.);
#7279=ADVANCED_FACE('',(#7278),#7270,.F.);
#7286=EDGE_CURVE('',#3301,#3971,#2421,.T.);
#7288=EDGE_CURVE('',#3301,#3292,#2409,.T.);
#7293=ADVANCED_FACE('',(#7292),#7284,.F.);
#7300=EDGE_CURVE('',#3303,#3973,#2425,.T.);
#7302=EDGE_CURVE('',#3303,#3301,#2417,.T.);
#7307=ADVANCED_FACE('',(#7306),#7298,.F.);
#7315=EDGE_CURVE('',#3993,#3673,#2433,.T.);
#7317=EDGE_CURVE('',#3303,#3673,#2437,.T.);
#7321=ADVANCED_FACE('',(#7320),#7312,.F.);
#7327=EDGE_CURVE('',#3982,#3983,#2441,.T.);
#7329=EDGE_CURVE('',#3593,#3982,#2783,.T.);
#7331=EDGE_CURVE('',#3593,#3675,#2445,.T.);
#7337=ADVANCED_FACE('',(#7336),#7326,.F.);
#7346=EDGE_CURVE('',#3604,#3620,#2457,.T.);
#7348=EDGE_CURVE('',#3645,#3620,#2504,.T.);
#7350=EDGE_CURVE('',#3647,#3645,#2563,.T.);
#7352=EDGE_CURVE('',#3647,#3643,#2923,.T.);
#7354=EDGE_CURVE('',#3642,#3643,#2927,.T.);
#7356=EDGE_CURVE('',#3673,#3642,#2967,.T.);
#7361=ADVANCED_FACE('',(#7360),#7342,.T.);
#7368=EDGE_CURVE('',#3605,#3621,#2471,.T.);
#7370=EDGE_CURVE('',#3620,#3621,#2509,.T.);
#7375=ADVANCED_FACE('',(#7374),#7366,.F.);
#7382=EDGE_CURVE('',#3681,#3687,#2483,.T.);
#7384=EDGE_CURVE('',#3686,#3687,#2467,.T.);
#7386=EDGE_CURVE('',#3621,#3686,#2513,.T.);
#7392=ADVANCED_FACE('',(#7391),#7380,.T.);
#7400=EDGE_CURVE('',#3689,#3687,#2479,.T.);
#7405=ADVANCED_FACE('',(#7404),#7397,.T.);
#7414=EDGE_CURVE('',#3691,#3686,#2487,.T.);
#7418=ADVANCED_FACE('',(#7417),#7410,.T.);
#7429=EDGE_CURVE('',#3637,#3645,#2547,.T.);
#7436=ADVANCED_FACE('',(#7435),#7423,.F.);
#7442=EDGE_CURVE('',#3707,#3702,#2517,.T.);
#7444=EDGE_CURVE('',#3707,#3616,#2521,.T.);
#7446=EDGE_CURVE('',#3616,#3617,#2526,.T.);
#7448=EDGE_CURVE('',#3617,#3667,#2530,.T.);
#7450=EDGE_CURVE('',#3659,#3667,#2599,.T.);
#7454=EDGE_CURVE('',#3612,#3613,#2539,.T.);
#7456=EDGE_CURVE('',#3613,#3702,#2543,.T.);
#7460=ADVANCED_FACE('',(#7459),#7441,.F.);
#7468=EDGE_CURVE('',#3113,#3108,#2595,.T.);
#7470=EDGE_CURVE('',#3113,#3253,#2555,.T.);
#7472=EDGE_CURVE('',#3257,#3253,#2911,.T.);
#7474=EDGE_CURVE('',#3067,#3257,#2903,.T.);
#7477=EDGE_CURVE('',#3647,#3244,#2559,.T.);
#7482=ADVANCED_FACE('',(#7481),#7465,.F.);
#7488=EDGE_CURVE('',#3100,#3101,#2567,.T.);
#7490=EDGE_CURVE('',#3101,#3103,#2571,.T.);
#7492=EDGE_CURVE('',#3103,#3105,#2575,.T.);
#7497=ADVANCED_FACE('',(#7496),#7487,.F.);
#7504=EDGE_CURVE('',#3109,#3111,#2587,.T.);
#7506=EDGE_CURVE('',#3111,#3113,#2591,.T.);
#7511=ADVANCED_FACE('',(#7510),#7502,.F.);
#7518=EDGE_CURVE('',#3669,#3667,#2603,.T.);
#7520=EDGE_CURVE('',#3669,#3249,#2607,.T.);
#7523=EDGE_CURVE('',#3077,#3262,#2611,.T.);
#7525=EDGE_CURVE('',#3266,#3262,#2875,.T.);
#7527=EDGE_CURVE('',#3101,#3266,#2867,.T.);
#7533=ADVANCED_FACE('',(#7532),#7516,.F.);
#7540=EDGE_CURVE('',#3967,#3671,#2631,.T.);
#7542=EDGE_CURVE('',#3671,#3663,#2723,.T.);
#7544=EDGE_CURVE('',#3662,#3663,#2699,.T.);
#7546=EDGE_CURVE('',#3662,#3669,#2735,.T.);
#7550=EDGE_CURVE('',#3601,#3617,#2619,.T.);
#7556=ADVANCED_FACE('',(#7555),#7538,.T.);
#7563=EDGE_CURVE('',#3281,#3966,#2659,.T.);
#7565=EDGE_CURVE('',#3671,#3281,#2627,.T.);
#7570=ADVANCED_FACE('',(#7569),#7561,.F.);
#7576=EDGE_CURVE('',#3978,#3979,#2635,.T.);
#7580=EDGE_CURVE('',#3574,#3575,#2643,.T.);
#7582=EDGE_CURVE('',#3574,#3978,#2647,.T.);
#7586=ADVANCED_FACE('',(#7585),#7575,.F.);
#7593=EDGE_CURVE('',#3280,#3975,#2671,.T.);
#7595=EDGE_CURVE('',#3280,#3281,#2655,.T.);
#7600=ADVANCED_FACE('',(#7599),#7591,.F.);
#7607=EDGE_CURVE('',#3283,#3963,#2687,.T.);
#7609=EDGE_CURVE('',#3283,#3280,#2667,.T.);
#7614=ADVANCED_FACE('',(#7613),#7605,.F.);
#7622=EDGE_CURVE('',#3289,#3283,#2683,.T.);
#7627=ADVANCED_FACE('',(#7626),#7619,.F.);
#7633=EDGE_CURVE('',#3287,#3285,#2715,.T.);
#7635=EDGE_CURVE('',#3283,#3285,#2691,.T.);
#7641=ADVANCED_FACE('',(#7640),#7632,.T.);
#7648=EDGE_CURVE('',#3663,#3277,#2703,.T.);
#7650=EDGE_CURVE('',#3276,#3277,#2707,.T.);
#7652=EDGE_CURVE('',#3285,#3276,#2711,.T.);
#7657=EDGE_CURVE('',#3662,#3248,#2719,.T.);
#7661=ADVANCED_FACE('',(#7660),#7646,.F.);
#7669=EDGE_CURVE('',#3281,#3277,#2727,.T.);
#7674=ADVANCED_FACE('',(#7673),#7666,.T.);
#7683=EDGE_CURVE('',#3280,#3276,#2731,.T.);
#7687=ADVANCED_FACE('',(#7686),#7679,.T.);
#7699=ADVANCED_FACE('',(#7698),#7692,.T.);
#7711=ADVANCED_FACE('',(#7710),#7704,.T.);
#7718=EDGE_CURVE('',#3991,#3978,#2739,.T.);
#7720=EDGE_CURVE('',#3990,#3991,#2747,.T.);
#7725=ADVANCED_FACE('',(#7724),#7716,.T.);
#7733=EDGE_CURVE('',#3985,#3987,#2763,.T.);
#7735=EDGE_CURVE('',#3982,#3985,#2779,.T.);
#7739=ADVANCED_FACE('',(#7738),#7730,.T.);
#7748=EDGE_CURVE('',#3581,#3991,#2743,.T.);
#7752=ADVANCED_FACE('',(#7751),#7744,.F.);
#7760=EDGE_CURVE('',#3578,#3581,#2751,.T.);
#7766=ADVANCED_FACE('',(#7765),#7757,.F.);
#7778=ADVANCED_FACE('',(#7777),#7771,.T.);
#7787=EDGE_CURVE('',#3587,#3591,#2771,.T.);
#7789=EDGE_CURVE('',#3591,#3985,#2775,.T.);
#7793=ADVANCED_FACE('',(#7792),#7783,.F.);
#7805=ADVANCED_FACE('',(#7804),#7798,.T.);
#7817=ADVANCED_FACE('',(#7816),#7810,.F.);
#7829=ADVANCED_FACE('',(#7828),#7822,.T.);
#7838=EDGE_CURVE('',#3600,#3616,#2791,.T.);
#7842=ADVANCED_FACE('',(#7841),#7834,.F.);
#7848=EDGE_CURVE('',#3694,#3695,#2796,.T.);
#7853=EDGE_CURVE('',#3705,#3707,#2801,.T.);
#7855=EDGE_CURVE('',#3695,#3705,#2805,.T.);
#7859=ADVANCED_FACE('',(#7858),#7847,.T.);
#7866=EDGE_CURVE('',#3697,#3695,#2809,.T.);
#7868=EDGE_CURVE('',#3697,#3699,#2822,.T.);
#7873=ADVANCED_FACE('',(#7872),#7864,.T.);
#7881=EDGE_CURVE('',#3705,#3703,#2813,.T.);
#7883=EDGE_CURVE('',#3697,#3703,#2817,.T.);
#7887=ADVANCED_FACE('',(#7886),#7878,.T.);
#7893=EDGE_CURVE('',#3702,#3703,#2827,.T.);
#7900=ADVANCED_FACE('',(#7899),#7892,.T.);
#7910=EDGE_CURVE('',#3597,#3613,#2831,.T.);
#7915=ADVANCED_FACE('',(#7914),#7905,.T.);
#7927=ADVANCED_FACE('',(#7926),#7920,.T.);
#7935=EDGE_CURVE('',#3263,#3735,#2843,.T.);
#7937=EDGE_CURVE('',#3262,#3263,#2847,.T.);
#7943=ADVANCED_FACE('',(#7942),#7932,.F.);
#7951=EDGE_CURVE('',#3267,#3269,#2855,.T.);
#7953=EDGE_CURVE('',#3267,#3263,#2871,.T.);
#7957=ADVANCED_FACE('',(#7956),#7948,.T.);
#7966=EDGE_CURVE('',#3103,#3267,#2859,.T.);
#7970=ADVANCED_FACE('',(#7969),#7962,.F.);
#7976=EDGE_CURVE('',#3266,#3267,#2863,.T.);
#7983=ADVANCED_FACE('',(#7982),#7975,.F.);
#7995=ADVANCED_FACE('',(#7994),#7988,.T.);
#8001=EDGE_CURVE('',#3259,#3252,#2879,.T.);
#8003=EDGE_CURVE('',#3111,#3252,#2919,.T.);
#8009=ADVANCED_FACE('',(#8008),#8000,.F.);
#8015=EDGE_CURVE('',#3733,#3256,#2895,.T.);
#8017=EDGE_CURVE('',#3252,#3256,#2887,.T.);
#8023=ADVANCED_FACE('',(#8022),#8014,.T.);
#8034=EDGE_CURVE('',#3256,#3257,#2907,.T.);
#8038=ADVANCED_FACE('',(#8037),#8028,.F.);
#8044=EDGE_CURVE('',#3252,#3253,#2915,.T.);
#8051=ADVANCED_FACE('',(#8050),#8043,.T.);
#8063=ADVANCED_FACE('',(#8062),#8056,.F.);
#8072=EDGE_CURVE('',#3643,#3245,#2931,.T.);
#8076=ADVANCED_FACE('',(#8075),#8068,.T.);
#8086=EDGE_CURVE('',#3296,#3297,#2939,.T.);
#8088=EDGE_CURVE('',#3299,#3296,#2943,.T.);
#8090=EDGE_CURVE('',#3305,#3299,#2947,.T.);
#8092=EDGE_CURVE('',#3305,#3642,#2951,.T.);
#8096=ADVANCED_FACE('',(#8095),#8081,.F.);
#8103=EDGE_CURVE('',#3292,#3296,#2959,.T.);
#8109=ADVANCED_FACE('',(#8108),#8101,.T.);
#8118=EDGE_CURVE('',#3301,#3299,#2963,.T.);
#8122=ADVANCED_FACE('',(#8121),#8114,.T.);
#8129=EDGE_CURVE('',#3303,#3305,#2971,.T.);
#8135=ADVANCED_FACE('',(#8134),#8127,.T.);
#8147=ADVANCED_FACE('',(#8146),#8140,.T.);
#8159=ADVANCED_FACE('',(#8158),#8152,.T.);
#8171=ADVANCED_FACE('',(#8170),#8164,.T.);
#8180=EDGE_CURVE('',#3241,#3239,#2983,.T.);
#8184=ADVANCED_FACE('',(#8183),#8176,.T.);
#8191=EDGE_CURVE('',#3241,#3787,#2987,.T.);
#8197=ADVANCED_FACE('',(#8196),#8189,.F.);
#8209=ADVANCED_FACE('',(#8208),#8202,.F.);
#8221=ADVANCED_FACE('',(#8220),#8214,.F.);
#8229=EDGE_CURVE('',#3308,#3309,#3007,.T.);
#8231=EDGE_CURVE('',#3325,#3309,#3043,.T.);
#8235=ADVANCED_FACE('',(#8234),#8226,.T.);
#8243=EDGE_CURVE('',#3311,#3313,#3015,.T.);
#8245=EDGE_CURVE('',#3309,#3311,#3019,.T.);
#8249=ADVANCED_FACE('',(#8248),#8240,.T.);
#8256=EDGE_CURVE('',#3321,#3316,#3027,.T.);
#8258=EDGE_CURVE('',#3319,#3321,#3031,.T.);
#8260=EDGE_CURVE('',#3317,#3319,#3035,.T.);
#8264=ADVANCED_FACE('',(#8263),#8254,.T.);
#8271=EDGE_CURVE('',#3327,#3311,#3039,.T.);
#8277=ADVANCED_FACE('',(#8276),#8269,.T.);
#8289=ADVANCED_FACE('',(#8288),#8282,.T.);
#8296=EDGE_CURVE('',#3335,#3321,#3047,.T.);
#8302=ADVANCED_FACE('',(#8301),#8294,.T.);
#8309=EDGE_CURVE('',#3333,#3319,#3051,.T.);
#8315=ADVANCED_FACE('',(#8314),#8307,.T.);
#8327=ADVANCED_FACE('',(#8326),#8320,.T.);
#8328=CLOSED_SHELL('',(#4081,#4190,#4207,#4223,#4308,#4322,#4336,#4349,#4362,
#4378,#4494,#4510,#4526,#4539,#4559,#4574,#4589,#4603,#4616,#4629,#4641,#4655,
#4671,#4685,#4699,#4713,#4729,#4744,#4757,#4770,#4782,#4795,#4809,#4822,#4834,
#4850,#4865,#4879,#4894,#4909,#4922,#4934,#4947,#4960,#4972,#4988,#5003,#5017,
#5032,#5047,#5060,#5072,#5085,#5098,#5110,#5126,#5141,#5155,#5170,#5185,#5198,
#5210,#5223,#5236,#5248,#5264,#5279,#5293,#5308,#5323,#5336,#5348,#5361,#5374,
#5386,#5402,#5417,#5431,#5446,#5461,#5474,#5486,#5499,#5512,#5524,#5540,#5555,
#5569,#5584,#5599,#5612,#5624,#5637,#5650,#5662,#5675,#5688,#5700,#5715,#5729,
#5743,#5757,#5771,#5785,#5798,#5813,#5831,#5845,#5862,#5876,#5892,#5904,#5919,
#5935,#5948,#5963,#5975,#5987,#6024,#6039,#6071,#6091,#6106,#6122,#6152,#6180,
#6195,#6213,#6227,#6241,#6256,#6275,#6291,#6321,#6335,#6350,#6369,#6383,#6397,
#6412,#6428,#6452,#6474,#6493,#6511,#6525,#6538,#6555,#6567,#6581,#6595,#6609,
#6624,#6645,#6661,#6673,#6685,#6698,#6711,#6723,#6737,#6750,#6763,#6775,#6796,
#6810,#6824,#6839,#6857,#6883,#6898,#6912,#6927,#6946,#6960,#6973,#6990,#7004,
#7026,#7040,#7053,#7067,#7080,#7094,#7107,#7124,#7138,#7169,#7183,#7205,#7225,
#7244,#7265,#7279,#7293,#7307,#7321,#7337,#7361,#7375,#7392,#7405,#7418,#7436,
#7460,#7482,#7497,#7511,#7533,#7556,#7570,#7586,#7600,#7614,#7627,#7641,#7661,
#7674,#7687,#7699,#7711,#7725,#7739,#7752,#7766,#7778,#7793,#7805,#7817,#7829,
#7842,#7859,#7873,#7887,#7900,#7915,#7927,#7943,#7957,#7970,#7983,#7995,#8009,
#8023,#8038,#8051,#8063,#8076,#8096,#8109,#8122,#8135,#8147,#8159,#8171,#8184,
#8197,#8209,#8221,#8235,#8249,#8264,#8277,#8289,#8302,#8315,#8327));
#8329=MANIFOLD_SOLID_BREP('',#8328);
#8330=(LENGTH_UNIT()NAMED_UNIT(*)SI_UNIT(.MILLI.,.METRE.));
#8331=(NAMED_UNIT(*)PLANE_ANGLE_UNIT()SI_UNIT($,.RADIAN.));
#8334=(NAMED_UNIT(*)SI_UNIT($,.STERADIAN.)SOLID_ANGLE_UNIT());
#8336=(GEOMETRIC_REPRESENTATION_CONTEXT(3)GLOBAL_UNCERTAINTY_ASSIGNED_CONTEXT((
#8335))GLOBAL_UNIT_ASSIGNED_CONTEXT((#8330,#8333,#8334))REPRESENTATION_CONTEXT(
'ID1','3'));
#8337=ADVANCED_BREP_SHAPE_REPRESENTATION('',(#8329),#8336);
#8344=PRODUCT_DEFINITION('part definition','',#8343,#8340);
#8345=PRODUCT_DEFINITION_SHAPE('','SHAPE FOR C-2360547-7.',#8344);
#8346=SHAPE_ASPECT('','solid data associated with C-2360547-7',#8345,.F.);
#8347=PROPERTY_DEFINITION('',
'shape for solid data with which properties are associated',#8346);
#8348=SHAPE_REPRESENTATION('',(#8329),#8336);
#8349=SHAPE_DEFINITION_REPRESENTATION(#8347,#8348);
#8350=(LENGTH_UNIT()NAMED_UNIT(*)SI_UNIT(.MILLI.,.METRE.));
#8354=PROPERTY_DEFINITION('geometric validation property','area of C-2360547-7',
#8346);
#8355=REPRESENTATION('surface area',(#8353),#8336);
#8356=PROPERTY_DEFINITION_REPRESENTATION(#8354,#8355);
#8357=(LENGTH_UNIT()NAMED_UNIT(*)SI_UNIT(.MILLI.,.METRE.));
#8361=PROPERTY_DEFINITION('geometric validation property',
'volume of C-2360547-7',#8346);
#8362=REPRESENTATION('volume',(#8360),#8336);
#8363=PROPERTY_DEFINITION_REPRESENTATION(#8361,#8362);
#8365=PROPERTY_DEFINITION('geometric validation property',
'centroid of C-2360547-7',#8346);
#8366=REPRESENTATION('centroid',(#8364),#8336);
#8367=PROPERTY_DEFINITION_REPRESENTATION(#8365,#8366);
#8368=(LENGTH_UNIT()NAMED_UNIT(*)SI_UNIT(.MILLI.,.METRE.));
#8372=PROPERTY_DEFINITION('geometric validation property','area of C-2360547-7',
#8345);
#8373=REPRESENTATION('surface area',(#8371),#8336);
#8374=PROPERTY_DEFINITION_REPRESENTATION(#8372,#8373);
#8375=(LENGTH_UNIT()NAMED_UNIT(*)SI_UNIT(.MILLI.,.METRE.));
#8379=PROPERTY_DEFINITION('geometric validation property',
'volume of C-2360547-7',#8345);
#8380=REPRESENTATION('volume',(#8378),#8336);
#8381=PROPERTY_DEFINITION_REPRESENTATION(#8379,#8380);
#8383=PROPERTY_DEFINITION('geometric validation property',
'centroid of C-2360547-7',#8345);
#8384=REPRESENTATION('centroid',(#8382),#8336);
#8385=PROPERTY_DEFINITION_REPRESENTATION(#8383,#8384);
#8386=SHAPE_DEFINITION_REPRESENTATION(#8345,#8337);
ENDSEC;
END-ISO-10303-21;
