ISO-10303-21;
HEADER;
FILE_DESCRIPTION((''),'2;1');
FILE_NAME('C-2360547-6','2022-11-18T03:06:04',('workeradm'),(
'TE Connectivity Ltd.'),'CREO PARAMETRIC BY PTC INC, 2021072',
'CREO PARAMETRIC BY PTC INC, 2021072','');
FILE_SCHEMA(('AUTOMOTIVE_DESIGN { 1 0 10303 214 1 1 1 1 }'));
ENDSEC;
DATA;
#134=DIRECTION('',(1.E0,0.E0,0.E0));
#135=VECTOR('',#134,3.15E-1);
#136=CARTESIAN_POINT('',(4.96E0,-2.4E0,0.E0));
#137=LINE('',#136,#135);
#138=DIRECTION('',(0.E0,-1.E0,0.E0));
#139=VECTOR('',#138,1.E-1);
#140=CARTESIAN_POINT('',(4.96E0,-2.4E0,0.E0));
#141=LINE('',#140,#139);
#142=DIRECTION('',(1.E0,0.E0,0.E0));
#143=VECTOR('',#142,8.32E0);
#144=CARTESIAN_POINT('',(-4.16E0,-2.4E0,0.E0));
#145=LINE('',#144,#143);
#146=DIRECTION('',(0.E0,-1.E0,0.E0));
#147=VECTOR('',#146,1.E-1);
#148=CARTESIAN_POINT('',(-4.16E0,-2.4E0,0.E0));
#149=LINE('',#148,#147);
#150=DIRECTION('',(1.E0,0.E0,0.E0));
#151=VECTOR('',#150,3.15E-1);
#152=CARTESIAN_POINT('',(-5.275E0,-2.4E0,0.E0));
#153=LINE('',#152,#151);
#154=DIRECTION('',(7.071067811865E-1,-7.071067811865E-1,0.E0));
#155=VECTOR('',#154,2.121320343560E-1);
#156=CARTESIAN_POINT('',(-5.425E0,-2.25E0,0.E0));
#157=LINE('',#156,#155);
#158=DIRECTION('',(0.E0,-1.E0,0.E0));
#159=VECTOR('',#158,1.25E0);
#160=CARTESIAN_POINT('',(-5.425E0,-1.E0,0.E0));
#161=LINE('',#160,#159);
#162=DIRECTION('',(0.E0,1.E0,0.E0));
#163=VECTOR('',#162,2.E-1);
#164=CARTESIAN_POINT('',(-5.425E0,-1.E0,0.E0));
#165=LINE('',#164,#163);
#166=DIRECTION('',(0.E0,-1.E0,0.E0));
#167=VECTOR('',#166,4.5E-1);
#168=CARTESIAN_POINT('',(-5.425E0,-3.5E-1,0.E0));
#169=LINE('',#168,#167);
#170=DIRECTION('',(1.E0,0.E0,0.E0));
#171=VECTOR('',#170,7.75E-1);
#172=CARTESIAN_POINT('',(-6.2E0,-3.5E-1,0.E0));
#173=LINE('',#172,#171);
#174=DIRECTION('',(0.E0,-1.E0,0.E0));
#175=VECTOR('',#174,2.75E0);
#176=CARTESIAN_POINT('',(-6.2E0,2.4E0,0.E0));
#177=LINE('',#176,#175);
#178=DIRECTION('',(-1.E0,0.E0,0.E0));
#179=VECTOR('',#178,1.24E1);
#180=CARTESIAN_POINT('',(6.2E0,2.4E0,0.E0));
#181=LINE('',#180,#179);
#182=DIRECTION('',(0.E0,1.E0,0.E0));
#183=VECTOR('',#182,2.75E0);
#184=CARTESIAN_POINT('',(6.2E0,-3.5E-1,0.E0));
#185=LINE('',#184,#183);
#186=DIRECTION('',(1.E0,0.E0,0.E0));
#187=VECTOR('',#186,7.75E-1);
#188=CARTESIAN_POINT('',(5.425E0,-3.5E-1,0.E0));
#189=LINE('',#188,#187);
#190=DIRECTION('',(0.E0,1.E0,0.E0));
#191=VECTOR('',#190,4.5E-1);
#192=CARTESIAN_POINT('',(5.425E0,-8.E-1,0.E0));
#193=LINE('',#192,#191);
#194=DIRECTION('',(0.E0,-1.E0,0.E0));
#195=VECTOR('',#194,2.E-1);
#196=CARTESIAN_POINT('',(5.425E0,-8.E-1,0.E0));
#197=LINE('',#196,#195);
#198=DIRECTION('',(0.E0,1.E0,0.E0));
#199=VECTOR('',#198,1.25E0);
#200=CARTESIAN_POINT('',(5.425E0,-2.25E0,0.E0));
#201=LINE('',#200,#199);
#202=DIRECTION('',(7.071067811865E-1,7.071067811865E-1,0.E0));
#203=VECTOR('',#202,2.121320343560E-1);
#204=CARTESIAN_POINT('',(5.275E0,-2.4E0,0.E0));
#205=LINE('',#204,#203);
#206=DIRECTION('',(-1.E0,0.E0,0.E0));
#207=VECTOR('',#206,1.375E0);
#208=CARTESIAN_POINT('',(3.26E0,1.825E0,0.E0));
#209=LINE('',#208,#207);
#210=DIRECTION('',(-1.E0,0.E0,0.E0));
#211=VECTOR('',#210,1.375E0);
#212=CARTESIAN_POINT('',(-1.885E0,1.825E0,0.E0));
#213=LINE('',#212,#211);
#214=DIRECTION('',(0.E0,-1.E0,0.E0));
#215=VECTOR('',#214,1.325E0);
#216=CARTESIAN_POINT('',(-3.26E0,1.825E0,0.E0));
#217=LINE('',#216,#215);
#218=DIRECTION('',(-1.E0,0.E0,0.E0));
#219=VECTOR('',#218,1.75E-1);
#220=CARTESIAN_POINT('',(-3.26E0,5.E-1,0.E0));
#221=LINE('',#220,#219);
#222=DIRECTION('',(0.E0,-1.E0,0.E0));
#223=VECTOR('',#222,1.E0);
#224=CARTESIAN_POINT('',(-3.435E0,1.5E0,0.E0));
#225=LINE('',#224,#223);
#226=DIRECTION('',(0.E0,-1.E0,0.E0));
#227=VECTOR('',#226,3.486602540378E0);
#228=CARTESIAN_POINT('',(-5.201602540378E0,1.5E0,0.E0));
#229=LINE('',#228,#227);
#230=DIRECTION('',(-1.E0,0.E0,0.E0));
#231=VECTOR('',#230,1.040320508076E1);
#232=CARTESIAN_POINT('',(5.201602540378E0,-1.986602540378E0,0.E0));
#233=LINE('',#232,#231);
#234=DIRECTION('',(0.E0,1.E0,0.E0));
#235=VECTOR('',#234,3.986602540378E0);
#236=CARTESIAN_POINT('',(5.201602540378E0,-1.986602540378E0,0.E0));
#237=LINE('',#236,#235);
#238=DIRECTION('',(0.E0,1.E0,0.E0));
#239=VECTOR('',#238,1.5E0);
#240=CARTESIAN_POINT('',(3.435E0,5.E-1,0.E0));
#241=LINE('',#240,#239);
#242=DIRECTION('',(-1.E0,0.E0,0.E0));
#243=VECTOR('',#242,1.75E-1);
#244=CARTESIAN_POINT('',(3.435E0,5.E-1,0.E0));
#245=LINE('',#244,#243);
#246=DIRECTION('',(0.E0,1.E0,0.E0));
#247=VECTOR('',#246,1.325E0);
#248=CARTESIAN_POINT('',(3.26E0,5.E-1,0.E0));
#249=LINE('',#248,#247);
#250=DIRECTION('',(0.E0,0.E0,1.E0));
#251=VECTOR('',#250,2.380697205048E-1);
#252=CARTESIAN_POINT('',(3.6E0,-2.4E0,-5.8E0));
#253=LINE('',#252,#251);
#254=DIRECTION('',(0.E0,0.E0,1.E0));
#255=VECTOR('',#254,2.380697205048E-1);
#256=CARTESIAN_POINT('',(2.4E0,-2.4E0,-5.8E0));
#257=LINE('',#256,#255);
#258=DIRECTION('',(1.E0,0.E0,0.E0));
#259=VECTOR('',#258,3.E-1);
#260=CARTESIAN_POINT('',(2.1E0,-2.4E0,-5.561930279495E0));
#261=LINE('',#260,#259);
#262=DIRECTION('',(0.E0,0.E0,1.E0));
#263=VECTOR('',#262,2.380697205048E-1);
#264=CARTESIAN_POINT('',(2.1E0,-2.4E0,-5.8E0));
#265=LINE('',#264,#263);
#266=DIRECTION('',(0.E0,0.E0,1.E0));
#267=VECTOR('',#266,2.380697205048E-1);
#268=CARTESIAN_POINT('',(9.E-1,-2.4E0,-5.8E0));
#269=LINE('',#268,#267);
#270=DIRECTION('',(1.E0,0.E0,0.E0));
#271=VECTOR('',#270,3.E-1);
#272=CARTESIAN_POINT('',(6.E-1,-2.4E0,-5.561930279495E0));
#273=LINE('',#272,#271);
#274=DIRECTION('',(0.E0,0.E0,1.E0));
#275=VECTOR('',#274,2.380697205048E-1);
#276=CARTESIAN_POINT('',(6.E-1,-2.4E0,-5.8E0));
#277=LINE('',#276,#275);
#278=DIRECTION('',(0.E0,0.E0,1.E0));
#279=VECTOR('',#278,2.380697205048E-1);
#280=CARTESIAN_POINT('',(-6.E-1,-2.4E0,-5.8E0));
#281=LINE('',#280,#279);
#282=DIRECTION('',(1.E0,0.E0,0.E0));
#283=VECTOR('',#282,3.E-1);
#284=CARTESIAN_POINT('',(-9.E-1,-2.4E0,-5.561930279495E0));
#285=LINE('',#284,#283);
#286=DIRECTION('',(0.E0,0.E0,1.E0));
#287=VECTOR('',#286,2.380697205048E-1);
#288=CARTESIAN_POINT('',(-9.E-1,-2.4E0,-5.8E0));
#289=LINE('',#288,#287);
#290=DIRECTION('',(0.E0,0.E0,1.E0));
#291=VECTOR('',#290,2.380697205048E-1);
#292=CARTESIAN_POINT('',(-2.1E0,-2.4E0,-5.8E0));
#293=LINE('',#292,#291);
#294=DIRECTION('',(1.E0,0.E0,0.E0));
#295=VECTOR('',#294,3.E-1);
#296=CARTESIAN_POINT('',(-2.4E0,-2.4E0,-5.561930279495E0));
#297=LINE('',#296,#295);
#298=DIRECTION('',(0.E0,0.E0,1.E0));
#299=VECTOR('',#298,2.380697205048E-1);
#300=CARTESIAN_POINT('',(-2.4E0,-2.4E0,-5.8E0));
#301=LINE('',#300,#299);
#302=DIRECTION('',(0.E0,0.E0,1.E0));
#303=VECTOR('',#302,2.380697205048E-1);
#304=CARTESIAN_POINT('',(-3.6E0,-2.4E0,-5.8E0));
#305=LINE('',#304,#303);
#306=DIRECTION('',(1.E0,0.E0,0.E0));
#307=VECTOR('',#306,3.E-1);
#308=CARTESIAN_POINT('',(-3.9E0,-2.4E0,-5.561930279495E0));
#309=LINE('',#308,#307);
#310=DIRECTION('',(0.E0,0.E0,1.E0));
#311=VECTOR('',#310,2.380697205048E-1);
#312=CARTESIAN_POINT('',(-3.9E0,-2.4E0,-5.8E0));
#313=LINE('',#312,#311);
#314=DIRECTION('',(0.E0,0.E0,1.E0));
#315=VECTOR('',#314,9.E-1);
#316=CARTESIAN_POINT('',(-4.95E0,-2.4E0,-5.8E0));
#317=LINE('',#316,#315);
#318=DIRECTION('',(1.E0,0.E0,0.E0));
#319=VECTOR('',#318,5.E-1);
#320=CARTESIAN_POINT('',(-5.45E0,-2.4E0,-4.9E0));
#321=LINE('',#320,#319);
#322=DIRECTION('',(0.E0,0.E0,1.E0));
#323=VECTOR('',#322,9.E-1);
#324=CARTESIAN_POINT('',(-5.45E0,-2.4E0,-5.8E0));
#325=LINE('',#324,#323);
#326=DIRECTION('',(0.E0,0.E0,-1.E0));
#327=VECTOR('',#326,3.65E0);
#328=CARTESIAN_POINT('',(-6.2E0,-2.4E0,-2.15E0));
#329=LINE('',#328,#327);
#330=DIRECTION('',(0.E0,0.E0,-1.E0));
#331=VECTOR('',#330,2.15E0);
#332=CARTESIAN_POINT('',(-5.275E0,-2.4E0,0.E0));
#333=LINE('',#332,#331);
#334=DIRECTION('',(0.E0,0.E0,-1.E0));
#335=VECTOR('',#334,1.5E0);
#336=CARTESIAN_POINT('',(-4.96E0,-2.4E0,0.E0));
#337=LINE('',#336,#335);
#338=DIRECTION('',(1.E0,0.E0,0.E0));
#339=VECTOR('',#338,8.E-1);
#340=CARTESIAN_POINT('',(-4.96E0,-2.4E0,-1.5E0));
#341=LINE('',#340,#339);
#342=DIRECTION('',(0.E0,0.E0,-1.E0));
#343=VECTOR('',#342,1.5E0);
#344=CARTESIAN_POINT('',(-4.16E0,-2.4E0,0.E0));
#345=LINE('',#344,#343);
#346=DIRECTION('',(0.E0,0.E0,-1.E0));
#347=VECTOR('',#346,1.5E0);
#348=CARTESIAN_POINT('',(4.16E0,-2.4E0,0.E0));
#349=LINE('',#348,#347);
#350=DIRECTION('',(1.E0,0.E0,0.E0));
#351=VECTOR('',#350,8.E-1);
#352=CARTESIAN_POINT('',(4.16E0,-2.4E0,-1.5E0));
#353=LINE('',#352,#351);
#354=DIRECTION('',(0.E0,0.E0,-1.E0));
#355=VECTOR('',#354,1.5E0);
#356=CARTESIAN_POINT('',(4.96E0,-2.4E0,0.E0));
#357=LINE('',#356,#355);
#358=DIRECTION('',(0.E0,0.E0,1.E0));
#359=VECTOR('',#358,2.15E0);
#360=CARTESIAN_POINT('',(5.275E0,-2.4E0,-2.15E0));
#361=LINE('',#360,#359);
#362=DIRECTION('',(0.E0,0.E0,1.E0));
#363=VECTOR('',#362,9.E-1);
#364=CARTESIAN_POINT('',(5.45E0,-2.4E0,-5.8E0));
#365=LINE('',#364,#363);
#366=DIRECTION('',(-1.E0,0.E0,0.E0));
#367=VECTOR('',#366,5.E-1);
#368=CARTESIAN_POINT('',(5.45E0,-2.4E0,-4.9E0));
#369=LINE('',#368,#367);
#370=DIRECTION('',(0.E0,0.E0,1.E0));
#371=VECTOR('',#370,9.E-1);
#372=CARTESIAN_POINT('',(4.95E0,-2.4E0,-5.8E0));
#373=LINE('',#372,#371);
#374=DIRECTION('',(0.E0,0.E0,1.E0));
#375=VECTOR('',#374,2.380697205048E-1);
#376=CARTESIAN_POINT('',(3.9E0,-2.4E0,-5.8E0));
#377=LINE('',#376,#375);
#378=DIRECTION('',(1.E0,0.E0,0.E0));
#379=VECTOR('',#378,3.E-1);
#380=CARTESIAN_POINT('',(3.6E0,-2.4E0,-5.561930279495E0));
#381=LINE('',#380,#379);
#382=DIRECTION('',(0.E0,-9.993392221981E-1,-3.634720039470E-2));
#383=VECTOR('',#382,8.660243297136E-1);
#384=CARTESIAN_POINT('',(3.6E0,-2.4E0,-5.561930279495E0));
#385=LINE('',#384,#383);
#386=DIRECTION('',(0.E0,3.634720039469E-2,-9.993392221981E-1));
#387=VECTOR('',#386,3.E-1);
#388=CARTESIAN_POINT('',(3.6E0,-3.265452080061E0,-5.593407839354E0));
#389=LINE('',#388,#387);
#390=DIRECTION('',(0.E0,9.993392221981E-1,3.634720039469E-2));
#391=VECTOR('',#390,2.564423256846E0);
#392=CARTESIAN_POINT('',(3.6E0,-3.254547919942E0,-5.893209606013E0));
#393=LINE('',#392,#391);
#394=DIRECTION('',(0.E0,0.E0,1.E0));
#395=VECTOR('',#394,2.3E0);
#396=CARTESIAN_POINT('',(3.6E0,-2.5E-1,-4.4E0));
#397=LINE('',#396,#395);
#398=DIRECTION('',(0.E0,-1.E0,0.E0));
#399=VECTOR('',#398,3.E-1);
#400=CARTESIAN_POINT('',(3.6E0,-2.5E-1,-2.1E0));
#401=LINE('',#400,#399);
#402=DIRECTION('',(0.E0,0.E0,-1.E0));
#403=VECTOR('',#402,2.3E0);
#404=CARTESIAN_POINT('',(3.6E0,-5.5E-1,-2.1E0));
#405=LINE('',#404,#403);
#406=DIRECTION('',(0.E0,1.E0,0.E0));
#407=VECTOR('',#406,1.708180822941E0);
#408=CARTESIAN_POINT('',(3.6E0,-2.4E0,-5.8E0));
#409=LINE('',#408,#407);
#410=DIRECTION('',(1.E0,0.E0,0.E0));
#411=VECTOR('',#410,3.E-1);
#412=CARTESIAN_POINT('',(3.6E0,-6.918191770586E-1,-5.8E0));
#413=LINE('',#412,#411);
#414=DIRECTION('',(0.E0,1.E0,0.E0));
#415=VECTOR('',#414,1.708180822941E0);
#416=CARTESIAN_POINT('',(3.9E0,-2.4E0,-5.8E0));
#417=LINE('',#416,#415);
#418=DIRECTION('',(1.E0,0.E0,0.E0));
#419=VECTOR('',#418,1.05E0);
#420=CARTESIAN_POINT('',(3.9E0,-2.4E0,-5.8E0));
#421=LINE('',#420,#419);
#422=DIRECTION('',(0.E0,1.E0,0.E0));
#423=VECTOR('',#422,9.E-1);
#424=CARTESIAN_POINT('',(4.95E0,-2.4E0,-5.8E0));
#425=LINE('',#424,#423);
#426=DIRECTION('',(-1.E0,0.E0,0.E0));
#427=VECTOR('',#426,5.E-1);
#428=CARTESIAN_POINT('',(5.45E0,-1.5E0,-5.8E0));
#429=LINE('',#428,#427);
#430=DIRECTION('',(0.E0,1.E0,0.E0));
#431=VECTOR('',#430,9.E-1);
#432=CARTESIAN_POINT('',(5.45E0,-2.4E0,-5.8E0));
#433=LINE('',#432,#431);
#434=DIRECTION('',(1.E0,0.E0,0.E0));
#435=VECTOR('',#434,7.5E-1);
#436=CARTESIAN_POINT('',(5.45E0,-2.4E0,-5.8E0));
#437=LINE('',#436,#435);
#438=DIRECTION('',(0.E0,1.E0,0.E0));
#439=VECTOR('',#438,1.8E0);
#440=CARTESIAN_POINT('',(6.2E0,-2.4E0,-5.8E0));
#441=LINE('',#440,#439);
#442=DIRECTION('',(0.E0,-1.E0,0.E0));
#443=VECTOR('',#442,3.E0);
#444=CARTESIAN_POINT('',(5.145E0,2.4E0,-5.8E0));
#445=LINE('',#444,#443);
#446=DIRECTION('',(-1.E0,0.E0,0.E0));
#447=VECTOR('',#446,1.029E1);
#448=CARTESIAN_POINT('',(5.145E0,2.4E0,-5.8E0));
#449=LINE('',#448,#447);
#450=DIRECTION('',(0.E0,1.E0,0.E0));
#451=VECTOR('',#450,3.E0);
#452=CARTESIAN_POINT('',(-5.145E0,-6.E-1,-5.8E0));
#453=LINE('',#452,#451);
#454=DIRECTION('',(0.E0,-1.E0,0.E0));
#455=VECTOR('',#454,1.8E0);
#456=CARTESIAN_POINT('',(-6.2E0,-6.E-1,-5.8E0));
#457=LINE('',#456,#455);
#458=DIRECTION('',(1.E0,0.E0,0.E0));
#459=VECTOR('',#458,7.5E-1);
#460=CARTESIAN_POINT('',(-6.2E0,-2.4E0,-5.8E0));
#461=LINE('',#460,#459);
#462=DIRECTION('',(0.E0,1.E0,0.E0));
#463=VECTOR('',#462,9.E-1);
#464=CARTESIAN_POINT('',(-5.45E0,-2.4E0,-5.8E0));
#465=LINE('',#464,#463);
#466=DIRECTION('',(1.E0,0.E0,0.E0));
#467=VECTOR('',#466,5.E-1);
#468=CARTESIAN_POINT('',(-5.45E0,-1.5E0,-5.8E0));
#469=LINE('',#468,#467);
#470=DIRECTION('',(0.E0,1.E0,0.E0));
#471=VECTOR('',#470,9.E-1);
#472=CARTESIAN_POINT('',(-4.95E0,-2.4E0,-5.8E0));
#473=LINE('',#472,#471);
#474=DIRECTION('',(1.E0,0.E0,0.E0));
#475=VECTOR('',#474,1.05E0);
#476=CARTESIAN_POINT('',(-4.95E0,-2.4E0,-5.8E0));
#477=LINE('',#476,#475);
#478=DIRECTION('',(0.E0,1.E0,0.E0));
#479=VECTOR('',#478,1.708180822941E0);
#480=CARTESIAN_POINT('',(-3.9E0,-2.4E0,-5.8E0));
#481=LINE('',#480,#479);
#482=DIRECTION('',(1.E0,0.E0,0.E0));
#483=VECTOR('',#482,3.E-1);
#484=CARTESIAN_POINT('',(-3.9E0,-6.918191770586E-1,-5.8E0));
#485=LINE('',#484,#483);
#486=DIRECTION('',(0.E0,1.E0,0.E0));
#487=VECTOR('',#486,1.708180822941E0);
#488=CARTESIAN_POINT('',(-3.6E0,-2.4E0,-5.8E0));
#489=LINE('',#488,#487);
#490=DIRECTION('',(1.E0,0.E0,0.E0));
#491=VECTOR('',#490,1.2E0);
#492=CARTESIAN_POINT('',(-3.6E0,-2.4E0,-5.8E0));
#493=LINE('',#492,#491);
#494=DIRECTION('',(0.E0,1.E0,0.E0));
#495=VECTOR('',#494,1.708180822941E0);
#496=CARTESIAN_POINT('',(-2.4E0,-2.4E0,-5.8E0));
#497=LINE('',#496,#495);
#498=DIRECTION('',(1.E0,0.E0,0.E0));
#499=VECTOR('',#498,3.E-1);
#500=CARTESIAN_POINT('',(-2.4E0,-6.918191770586E-1,-5.8E0));
#501=LINE('',#500,#499);
#502=DIRECTION('',(0.E0,1.E0,0.E0));
#503=VECTOR('',#502,1.708180822941E0);
#504=CARTESIAN_POINT('',(-2.1E0,-2.4E0,-5.8E0));
#505=LINE('',#504,#503);
#506=DIRECTION('',(1.E0,0.E0,0.E0));
#507=VECTOR('',#506,1.2E0);
#508=CARTESIAN_POINT('',(-2.1E0,-2.4E0,-5.8E0));
#509=LINE('',#508,#507);
#510=DIRECTION('',(0.E0,1.E0,0.E0));
#511=VECTOR('',#510,1.708180822941E0);
#512=CARTESIAN_POINT('',(-9.E-1,-2.4E0,-5.8E0));
#513=LINE('',#512,#511);
#514=DIRECTION('',(1.E0,0.E0,0.E0));
#515=VECTOR('',#514,3.E-1);
#516=CARTESIAN_POINT('',(-9.E-1,-6.918191770586E-1,-5.8E0));
#517=LINE('',#516,#515);
#518=DIRECTION('',(0.E0,1.E0,0.E0));
#519=VECTOR('',#518,1.708180822941E0);
#520=CARTESIAN_POINT('',(-6.E-1,-2.4E0,-5.8E0));
#521=LINE('',#520,#519);
#522=DIRECTION('',(1.E0,0.E0,0.E0));
#523=VECTOR('',#522,1.2E0);
#524=CARTESIAN_POINT('',(-6.E-1,-2.4E0,-5.8E0));
#525=LINE('',#524,#523);
#526=DIRECTION('',(0.E0,1.E0,0.E0));
#527=VECTOR('',#526,1.708180822941E0);
#528=CARTESIAN_POINT('',(6.E-1,-2.4E0,-5.8E0));
#529=LINE('',#528,#527);
#530=DIRECTION('',(1.E0,0.E0,0.E0));
#531=VECTOR('',#530,3.E-1);
#532=CARTESIAN_POINT('',(6.E-1,-6.918191770586E-1,-5.8E0));
#533=LINE('',#532,#531);
#534=DIRECTION('',(0.E0,1.E0,0.E0));
#535=VECTOR('',#534,1.708180822941E0);
#536=CARTESIAN_POINT('',(9.E-1,-2.4E0,-5.8E0));
#537=LINE('',#536,#535);
#538=DIRECTION('',(1.E0,0.E0,0.E0));
#539=VECTOR('',#538,1.2E0);
#540=CARTESIAN_POINT('',(9.E-1,-2.4E0,-5.8E0));
#541=LINE('',#540,#539);
#542=DIRECTION('',(0.E0,1.E0,0.E0));
#543=VECTOR('',#542,1.708180822941E0);
#544=CARTESIAN_POINT('',(2.1E0,-2.4E0,-5.8E0));
#545=LINE('',#544,#543);
#546=DIRECTION('',(1.E0,0.E0,0.E0));
#547=VECTOR('',#546,3.E-1);
#548=CARTESIAN_POINT('',(2.1E0,-6.918191770586E-1,-5.8E0));
#549=LINE('',#548,#547);
#550=DIRECTION('',(0.E0,1.E0,0.E0));
#551=VECTOR('',#550,1.708180822941E0);
#552=CARTESIAN_POINT('',(2.4E0,-2.4E0,-5.8E0));
#553=LINE('',#552,#551);
#554=DIRECTION('',(1.E0,0.E0,0.E0));
#555=VECTOR('',#554,1.2E0);
#556=CARTESIAN_POINT('',(2.4E0,-2.4E0,-5.8E0));
#557=LINE('',#556,#555);
#558=DIRECTION('',(1.E0,0.E0,0.E0));
#559=VECTOR('',#558,3.E-1);
#560=CARTESIAN_POINT('',(3.6E0,-3.254547919942E0,-5.893209606013E0));
#561=LINE('',#560,#559);
#562=DIRECTION('',(1.E0,0.E0,0.E0));
#563=VECTOR('',#562,3.E-1);
#564=CARTESIAN_POINT('',(3.6E0,-3.265452080061E0,-5.593407839354E0));
#565=LINE('',#564,#563);
#566=DIRECTION('',(0.E0,9.993392221981E-1,3.634720039469E-2));
#567=VECTOR('',#566,2.564423256846E0);
#568=CARTESIAN_POINT('',(3.9E0,-3.254547919942E0,-5.893209606013E0));
#569=LINE('',#568,#567);
#570=DIRECTION('',(0.E0,3.634720039469E-2,-9.993392221981E-1));
#571=VECTOR('',#570,3.E-1);
#572=CARTESIAN_POINT('',(3.9E0,-3.265452080061E0,-5.593407839354E0));
#573=LINE('',#572,#571);
#574=DIRECTION('',(0.E0,-9.993392221981E-1,-3.634720039470E-2));
#575=VECTOR('',#574,8.660243297136E-1);
#576=CARTESIAN_POINT('',(3.9E0,-2.4E0,-5.561930279495E0));
#577=LINE('',#576,#575);
#578=DIRECTION('',(0.E0,0.E0,-1.E0));
#579=VECTOR('',#578,2.3E0);
#580=CARTESIAN_POINT('',(3.9E0,-5.5E-1,-2.1E0));
#581=LINE('',#580,#579);
#582=DIRECTION('',(0.E0,-1.E0,0.E0));
#583=VECTOR('',#582,3.E-1);
#584=CARTESIAN_POINT('',(3.9E0,-2.5E-1,-2.1E0));
#585=LINE('',#584,#583);
#586=DIRECTION('',(0.E0,0.E0,1.E0));
#587=VECTOR('',#586,2.3E0);
#588=CARTESIAN_POINT('',(3.9E0,-2.5E-1,-4.4E0));
#589=LINE('',#588,#587);
#590=DIRECTION('',(-1.E0,0.E0,0.E0));
#591=VECTOR('',#590,3.75E-1);
#592=CARTESIAN_POINT('',(-3.26E0,5.E-1,-4.4E0));
#593=LINE('',#592,#591);
#594=DIRECTION('',(0.E0,-1.E0,0.E0));
#595=VECTOR('',#594,1.325E0);
#596=CARTESIAN_POINT('',(-3.26E0,1.825E0,-4.4E0));
#597=LINE('',#596,#595);
#598=DIRECTION('',(-1.E0,0.E0,0.E0));
#599=VECTOR('',#598,6.52E0);
#600=CARTESIAN_POINT('',(3.26E0,1.825E0,-4.4E0));
#601=LINE('',#600,#599);
#602=DIRECTION('',(0.E0,1.E0,0.E0));
#603=VECTOR('',#602,1.325E0);
#604=CARTESIAN_POINT('',(3.26E0,5.E-1,-4.4E0));
#605=LINE('',#604,#603);
#606=DIRECTION('',(-1.E0,0.E0,0.E0));
#607=VECTOR('',#606,3.75E-1);
#608=CARTESIAN_POINT('',(3.635E0,5.E-1,-4.4E0));
#609=LINE('',#608,#607);
#610=DIRECTION('',(0.E0,-1.E0,0.E0));
#611=VECTOR('',#610,1.3E0);
#612=CARTESIAN_POINT('',(3.635E0,1.8E0,-4.4E0));
#613=LINE('',#612,#611);
#614=DIRECTION('',(-1.E0,0.E0,0.E0));
#615=VECTOR('',#614,1.48E0);
#616=CARTESIAN_POINT('',(5.115E0,1.8E0,-4.4E0));
#617=LINE('',#616,#615);
#618=DIRECTION('',(0.E0,1.E0,0.E0));
#619=VECTOR('',#618,3.7E0);
#620=CARTESIAN_POINT('',(5.115E0,-1.9E0,-4.4E0));
#621=LINE('',#620,#619);
#622=DIRECTION('',(1.E0,0.E0,0.E0));
#623=VECTOR('',#622,1.023E1);
#624=CARTESIAN_POINT('',(-5.115E0,-1.9E0,-4.4E0));
#625=LINE('',#624,#623);
#626=DIRECTION('',(0.E0,-1.E0,0.E0));
#627=VECTOR('',#626,3.2E0);
#628=CARTESIAN_POINT('',(-5.115E0,1.3E0,-4.4E0));
#629=LINE('',#628,#627);
#630=DIRECTION('',(-1.E0,0.E0,0.E0));
#631=VECTOR('',#630,1.48E0);
#632=CARTESIAN_POINT('',(-3.635E0,1.3E0,-4.4E0));
#633=LINE('',#632,#631);
#634=DIRECTION('',(0.E0,1.E0,0.E0));
#635=VECTOR('',#634,8.E-1);
#636=CARTESIAN_POINT('',(-3.635E0,5.E-1,-4.4E0));
#637=LINE('',#636,#635);
#638=DIRECTION('',(0.E0,1.E0,0.E0));
#639=VECTOR('',#638,3.E-1);
#640=CARTESIAN_POINT('',(-3.9E0,-5.5E-1,-4.4E0));
#641=LINE('',#640,#639);
#642=DIRECTION('',(1.E0,0.E0,0.E0));
#643=VECTOR('',#642,3.E-1);
#644=CARTESIAN_POINT('',(-3.9E0,-5.5E-1,-4.4E0));
#645=LINE('',#644,#643);
#646=DIRECTION('',(0.E0,1.E0,0.E0));
#647=VECTOR('',#646,3.E-1);
#648=CARTESIAN_POINT('',(-3.6E0,-5.5E-1,-4.4E0));
#649=LINE('',#648,#647);
#650=DIRECTION('',(1.E0,0.E0,0.E0));
#651=VECTOR('',#650,3.E-1);
#652=CARTESIAN_POINT('',(-3.9E0,-2.5E-1,-4.4E0));
#653=LINE('',#652,#651);
#654=DIRECTION('',(0.E0,1.E0,0.E0));
#655=VECTOR('',#654,3.E-1);
#656=CARTESIAN_POINT('',(-2.4E0,-5.5E-1,-4.4E0));
#657=LINE('',#656,#655);
#658=DIRECTION('',(1.E0,0.E0,0.E0));
#659=VECTOR('',#658,3.E-1);
#660=CARTESIAN_POINT('',(-2.4E0,-5.5E-1,-4.4E0));
#661=LINE('',#660,#659);
#662=DIRECTION('',(0.E0,1.E0,0.E0));
#663=VECTOR('',#662,3.E-1);
#664=CARTESIAN_POINT('',(-2.1E0,-5.5E-1,-4.4E0));
#665=LINE('',#664,#663);
#666=DIRECTION('',(1.E0,0.E0,0.E0));
#667=VECTOR('',#666,3.E-1);
#668=CARTESIAN_POINT('',(-2.4E0,-2.5E-1,-4.4E0));
#669=LINE('',#668,#667);
#670=DIRECTION('',(0.E0,1.E0,0.E0));
#671=VECTOR('',#670,3.E-1);
#672=CARTESIAN_POINT('',(-9.E-1,-5.5E-1,-4.4E0));
#673=LINE('',#672,#671);
#674=DIRECTION('',(1.E0,0.E0,0.E0));
#675=VECTOR('',#674,3.E-1);
#676=CARTESIAN_POINT('',(-9.E-1,-5.5E-1,-4.4E0));
#677=LINE('',#676,#675);
#678=DIRECTION('',(0.E0,1.E0,0.E0));
#679=VECTOR('',#678,3.E-1);
#680=CARTESIAN_POINT('',(-6.E-1,-5.5E-1,-4.4E0));
#681=LINE('',#680,#679);
#682=DIRECTION('',(1.E0,0.E0,0.E0));
#683=VECTOR('',#682,3.E-1);
#684=CARTESIAN_POINT('',(-9.E-1,-2.5E-1,-4.4E0));
#685=LINE('',#684,#683);
#686=DIRECTION('',(0.E0,1.E0,0.E0));
#687=VECTOR('',#686,3.E-1);
#688=CARTESIAN_POINT('',(6.E-1,-5.5E-1,-4.4E0));
#689=LINE('',#688,#687);
#690=DIRECTION('',(1.E0,0.E0,0.E0));
#691=VECTOR('',#690,3.E-1);
#692=CARTESIAN_POINT('',(6.E-1,-5.5E-1,-4.4E0));
#693=LINE('',#692,#691);
#694=DIRECTION('',(0.E0,1.E0,0.E0));
#695=VECTOR('',#694,3.E-1);
#696=CARTESIAN_POINT('',(9.E-1,-5.5E-1,-4.4E0));
#697=LINE('',#696,#695);
#698=DIRECTION('',(1.E0,0.E0,0.E0));
#699=VECTOR('',#698,3.E-1);
#700=CARTESIAN_POINT('',(6.E-1,-2.5E-1,-4.4E0));
#701=LINE('',#700,#699);
#702=DIRECTION('',(0.E0,1.E0,0.E0));
#703=VECTOR('',#702,3.E-1);
#704=CARTESIAN_POINT('',(2.1E0,-5.5E-1,-4.4E0));
#705=LINE('',#704,#703);
#706=DIRECTION('',(1.E0,0.E0,0.E0));
#707=VECTOR('',#706,3.E-1);
#708=CARTESIAN_POINT('',(2.1E0,-5.5E-1,-4.4E0));
#709=LINE('',#708,#707);
#710=DIRECTION('',(0.E0,1.E0,0.E0));
#711=VECTOR('',#710,3.E-1);
#712=CARTESIAN_POINT('',(2.4E0,-5.5E-1,-4.4E0));
#713=LINE('',#712,#711);
#714=DIRECTION('',(1.E0,0.E0,0.E0));
#715=VECTOR('',#714,3.E-1);
#716=CARTESIAN_POINT('',(2.1E0,-2.5E-1,-4.4E0));
#717=LINE('',#716,#715);
#718=DIRECTION('',(0.E0,1.E0,0.E0));
#719=VECTOR('',#718,3.E-1);
#720=CARTESIAN_POINT('',(3.6E0,-5.5E-1,-4.4E0));
#721=LINE('',#720,#719);
#722=DIRECTION('',(1.E0,0.E0,0.E0));
#723=VECTOR('',#722,3.E-1);
#724=CARTESIAN_POINT('',(3.6E0,-5.5E-1,-4.4E0));
#725=LINE('',#724,#723);
#726=DIRECTION('',(0.E0,1.E0,0.E0));
#727=VECTOR('',#726,3.E-1);
#728=CARTESIAN_POINT('',(3.9E0,-5.5E-1,-4.4E0));
#729=LINE('',#728,#727);
#730=DIRECTION('',(1.E0,0.E0,0.E0));
#731=VECTOR('',#730,3.E-1);
#732=CARTESIAN_POINT('',(3.6E0,-2.5E-1,-4.4E0));
#733=LINE('',#732,#731);
#734=DIRECTION('',(0.E0,1.E0,0.E0));
#735=VECTOR('',#734,7.5E-1);
#736=CARTESIAN_POINT('',(-3.65625E0,-1.8E0,-4.4E0));
#737=LINE('',#736,#735);
#738=DIRECTION('',(-1.E0,0.E0,0.E0));
#739=VECTOR('',#738,9.375E-2);
#740=CARTESIAN_POINT('',(-3.65625E0,-1.05E0,-4.4E0));
#741=LINE('',#740,#739);
#742=DIRECTION('',(-6.428712937139E-1,-7.659742160926E-1,0.E0));
#743=VECTOR('',#742,1.458301232559E-1);
#744=CARTESIAN_POINT('',(-3.75E0,-1.05E0,-4.4E0));
#745=LINE('',#744,#743);
#746=DIRECTION('',(0.E0,-1.E0,0.E0));
#747=VECTOR('',#746,1.276596039534E-1);
#748=CARTESIAN_POINT('',(-3.84375E0,-1.161702114344E0,-4.4E0));
#749=LINE('',#748,#747);
#750=DIRECTION('',(6.428711427642E-1,7.659743427825E-1,0.E0));
#751=VECTOR('',#750,1.458301574977E-1);
#752=CARTESIAN_POINT('',(-3.84375E0,-1.289361718297E0,-4.4E0));
#753=LINE('',#752,#751);
#754=DIRECTION('',(0.E0,-1.E0,0.E0));
#755=VECTOR('',#754,6.223404407501E-1);
#756=CARTESIAN_POINT('',(-3.75E0,-1.177659559250E0,-4.4E0));
#757=LINE('',#756,#755);
#758=DIRECTION('',(1.E0,0.E0,0.E0));
#759=VECTOR('',#758,9.375E-2);
#760=CARTESIAN_POINT('',(-3.75E0,-1.8E0,-4.4E0));
#761=LINE('',#760,#759);
#762=DIRECTION('',(0.E0,0.E0,1.E0));
#763=VECTOR('',#762,4.4E0);
#764=CARTESIAN_POINT('',(3.26E0,5.E-1,-4.4E0));
#765=LINE('',#764,#763);
#766=DIRECTION('',(-7.071067811865E-1,0.E0,7.071067811865E-1));
#767=VECTOR('',#766,2.828427124746E-1);
#768=CARTESIAN_POINT('',(3.635E0,5.E-1,-2.E-1));
#769=LINE('',#768,#767);
#770=DIRECTION('',(0.E0,0.E0,-1.E0));
#771=VECTOR('',#770,4.2E0);
#772=CARTESIAN_POINT('',(3.635E0,5.E-1,-2.E-1));
#773=LINE('',#772,#771);
#774=DIRECTION('',(0.E0,0.E0,1.E0));
#775=VECTOR('',#774,4.4E0);
#776=CARTESIAN_POINT('',(-3.26E0,5.E-1,-4.4E0));
#777=LINE('',#776,#775);
#778=DIRECTION('',(-7.071067811865E-1,0.E0,-7.071067811865E-1));
#779=VECTOR('',#778,2.828427124746E-1);
#780=CARTESIAN_POINT('',(-3.435E0,5.E-1,0.E0));
#781=LINE('',#780,#779);
#782=DIRECTION('',(1.E0,0.E0,0.E0));
#783=VECTOR('',#782,3.77E0);
#784=CARTESIAN_POINT('',(-1.885E0,1.825E0,-8.330415196484E-1));
#785=LINE('',#784,#783);
#786=DIRECTION('',(0.E0,0.E0,-1.E0));
#787=VECTOR('',#786,4.4E0);
#788=CARTESIAN_POINT('',(3.26E0,1.825E0,0.E0));
#789=LINE('',#788,#787);
#790=CARTESIAN_POINT('',(-1.885E0,1.725E0,-8.330415196484E-1));
#791=DIRECTION('',(1.E0,0.E0,0.E0));
#792=DIRECTION('',(0.E0,1.E0,0.E0));
#793=AXIS2_PLACEMENT_3D('',#790,#791,#792);
#795=CARTESIAN_POINT('',(1.885E0,1.725E0,-8.330415196484E-1));
#796=DIRECTION('',(-1.E0,0.E0,0.E0));
#797=DIRECTION('',(0.E0,-8.634300732915E-2,9.962654691825E-1));
#798=AXIS2_PLACEMENT_3D('',#795,#796,#797);
#800=DIRECTION('',(0.E0,9.962654691825E-1,8.634300732915E-2));
#801=VECTOR('',#800,1.920830392969E-1);
#802=CARTESIAN_POINT('',(-1.885E0,1.525E0,-7.5E-1));
#803=LINE('',#802,#801);
#804=DIRECTION('',(0.E0,0.E0,1.E0));
#805=VECTOR('',#804,8.330415196484E-1);
#806=CARTESIAN_POINT('',(-1.885E0,1.825E0,-8.330415196484E-1));
#807=LINE('',#806,#805);
#808=DIRECTION('',(0.E0,-1.E0,0.E0));
#809=VECTOR('',#808,3.E-1);
#810=CARTESIAN_POINT('',(-1.885E0,1.825E0,0.E0));
#811=LINE('',#810,#809);
#812=DIRECTION('',(0.E0,0.E0,-1.E0));
#813=VECTOR('',#812,7.5E-1);
#814=CARTESIAN_POINT('',(-1.885E0,1.525E0,0.E0));
#815=LINE('',#814,#813);
#816=DIRECTION('',(1.E0,0.E0,0.E0));
#817=VECTOR('',#816,3.77E0);
#818=CARTESIAN_POINT('',(-1.885E0,1.716365699267E0,-7.334149727302E-1));
#819=LINE('',#818,#817);
#820=DIRECTION('',(1.E0,0.E0,0.E0));
#821=VECTOR('',#820,3.77E0);
#822=CARTESIAN_POINT('',(-1.885E0,1.525E0,-7.5E-1));
#823=LINE('',#822,#821);
#824=DIRECTION('',(1.E0,0.E0,0.E0));
#825=VECTOR('',#824,3.77E0);
#826=CARTESIAN_POINT('',(-1.885E0,1.525E0,0.E0));
#827=LINE('',#826,#825);
#828=DIRECTION('',(0.E0,0.E0,-1.E0));
#829=VECTOR('',#828,8.330415196484E-1);
#830=CARTESIAN_POINT('',(1.885E0,1.825E0,0.E0));
#831=LINE('',#830,#829);
#832=DIRECTION('',(0.E0,9.962654691825E-1,8.634300732915E-2));
#833=VECTOR('',#832,1.920830392969E-1);
#834=CARTESIAN_POINT('',(1.885E0,1.525E0,-7.5E-1));
#835=LINE('',#834,#833);
#836=DIRECTION('',(0.E0,0.E0,-1.E0));
#837=VECTOR('',#836,7.5E-1);
#838=CARTESIAN_POINT('',(1.885E0,1.525E0,0.E0));
#839=LINE('',#838,#837);
#840=DIRECTION('',(0.E0,-1.E0,0.E0));
#841=VECTOR('',#840,3.E-1);
#842=CARTESIAN_POINT('',(1.885E0,1.825E0,0.E0));
#843=LINE('',#842,#841);
#844=DIRECTION('',(0.E0,0.E0,-1.E0));
#845=VECTOR('',#844,4.4E0);
#846=CARTESIAN_POINT('',(-3.26E0,1.825E0,0.E0));
#847=LINE('',#846,#845);
#848=DIRECTION('',(-5.773502691896E-1,5.773502691896E-1,5.773502691896E-1));
#849=VECTOR('',#848,3.464101615138E-1);
#850=CARTESIAN_POINT('',(3.635E0,1.8E0,-2.E-1));
#851=LINE('',#850,#849);
#852=DIRECTION('',(1.E0,0.E0,0.E0));
#853=VECTOR('',#852,1.766602540378E0);
#854=CARTESIAN_POINT('',(3.435E0,2.E0,0.E0));
#855=LINE('',#854,#853);
#856=DIRECTION('',(0.E0,-7.071067811865E-1,-7.071067811865E-1));
#857=VECTOR('',#856,7.071067811865E-2);
#858=CARTESIAN_POINT('',(5.115E0,1.85E0,-1.5E-1));
#859=LINE('',#858,#857);
#860=DIRECTION('',(4.472135955E-1,-4.472135955E-1,7.745966692415E-1));
#861=VECTOR('',#860,1.936491673104E-1);
#862=CARTESIAN_POINT('',(5.115E0,-1.9E0,-1.5E-1));
#863=LINE('',#862,#861);
#864=DIRECTION('',(3.779644730092E-1,6.546536707080E-1,6.546536707080E-1));
#865=VECTOR('',#864,2.291287847478E-1);
#866=CARTESIAN_POINT('',(5.115E0,1.85E0,-1.5E-1));
#867=LINE('',#866,#865);
#868=DIRECTION('',(-4.472135955E-1,-4.472135955E-1,7.745966692415E-1));
#869=VECTOR('',#868,1.936491673104E-1);
#870=CARTESIAN_POINT('',(-5.115E0,-1.9E0,-1.5E-1));
#871=LINE('',#870,#869);
#872=DIRECTION('',(3.779644730092E-1,-6.546536707080E-1,-6.546536707080E-1));
#873=VECTOR('',#872,2.291287847478E-1);
#874=CARTESIAN_POINT('',(-5.201602540378E0,1.5E0,0.E0));
#875=LINE('',#874,#873);
#876=DIRECTION('',(0.E0,-1.E0,0.E0));
#877=VECTOR('',#876,3.25E0);
#878=CARTESIAN_POINT('',(-5.115E0,1.35E0,-1.5E-1));
#879=LINE('',#878,#877);
#880=DIRECTION('',(0.E0,0.E0,-1.E0));
#881=VECTOR('',#880,4.2E0);
#882=CARTESIAN_POINT('',(-5.115E0,1.3E0,-2.E-1));
#883=LINE('',#882,#881);
#884=DIRECTION('',(0.E0,7.071067811865E-1,7.071067811865E-1));
#885=VECTOR('',#884,7.071067811865E-2);
#886=CARTESIAN_POINT('',(-5.115E0,1.3E0,-2.E-1));
#887=LINE('',#886,#885);
#888=DIRECTION('',(1.E0,0.E0,0.E0));
#889=VECTOR('',#888,1.766602540378E0);
#890=CARTESIAN_POINT('',(-5.201602540378E0,1.5E0,0.E0));
#891=LINE('',#890,#889);
#892=DIRECTION('',(5.773502691896E-1,5.773502691896E-1,5.773502691896E-1));
#893=VECTOR('',#892,3.464101615138E-1);
#894=CARTESIAN_POINT('',(-3.635E0,1.3E0,-2.E-1));
#895=LINE('',#894,#893);
#896=DIRECTION('',(0.E0,-1.E0,0.E0));
#897=VECTOR('',#896,8.E-1);
#898=CARTESIAN_POINT('',(-3.635E0,1.3E0,-2.E-1));
#899=LINE('',#898,#897);
#900=DIRECTION('',(0.E0,0.E0,-1.E0));
#901=VECTOR('',#900,4.2E0);
#902=CARTESIAN_POINT('',(-3.635E0,5.E-1,-2.E-1));
#903=LINE('',#902,#901);
#904=DIRECTION('',(1.E0,0.E0,0.E0));
#905=VECTOR('',#904,1.48E0);
#906=CARTESIAN_POINT('',(-5.115E0,1.3E0,-2.E-1));
#907=LINE('',#906,#905);
#908=DIRECTION('',(0.E0,0.E0,-1.E0));
#909=VECTOR('',#908,4.2E0);
#910=CARTESIAN_POINT('',(-3.635E0,1.3E0,-2.E-1));
#911=LINE('',#910,#909);
#912=DIRECTION('',(-1.E0,0.E0,0.E0));
#913=VECTOR('',#912,1.023E1);
#914=CARTESIAN_POINT('',(5.115E0,-1.9E0,-1.5E-1));
#915=LINE('',#914,#913);
#916=DIRECTION('',(0.E0,0.E0,-1.E0));
#917=VECTOR('',#916,4.25E0);
#918=CARTESIAN_POINT('',(-5.115E0,-1.9E0,-1.5E-1));
#919=LINE('',#918,#917);
#920=DIRECTION('',(0.E0,1.E0,0.E0));
#921=VECTOR('',#920,3.75E0);
#922=CARTESIAN_POINT('',(5.115E0,-1.9E0,-1.5E-1));
#923=LINE('',#922,#921);
#924=DIRECTION('',(0.E0,0.E0,-1.E0));
#925=VECTOR('',#924,4.25E0);
#926=CARTESIAN_POINT('',(5.115E0,-1.9E0,-1.5E-1));
#927=LINE('',#926,#925);
#928=DIRECTION('',(1.E0,0.E0,0.E0));
#929=VECTOR('',#928,1.48E0);
#930=CARTESIAN_POINT('',(3.635E0,1.8E0,-2.E-1));
#931=LINE('',#930,#929);
#932=DIRECTION('',(0.E0,0.E0,-1.E0));
#933=VECTOR('',#932,4.2E0);
#934=CARTESIAN_POINT('',(5.115E0,1.8E0,-2.E-1));
#935=LINE('',#934,#933);
#936=DIRECTION('',(0.E0,1.E0,0.E0));
#937=VECTOR('',#936,1.3E0);
#938=CARTESIAN_POINT('',(3.635E0,5.E-1,-2.E-1));
#939=LINE('',#938,#937);
#940=DIRECTION('',(0.E0,0.E0,-1.E0));
#941=VECTOR('',#940,4.2E0);
#942=CARTESIAN_POINT('',(3.635E0,1.8E0,-2.E-1));
#943=LINE('',#942,#941);
#944=DIRECTION('',(0.E0,-9.993392221981E-1,-3.634720039470E-2));
#945=VECTOR('',#944,8.660243297136E-1);
#946=CARTESIAN_POINT('',(-3.9E0,-2.4E0,-5.561930279495E0));
#947=LINE('',#946,#945);
#948=DIRECTION('',(0.E0,3.634720039469E-2,-9.993392221981E-1));
#949=VECTOR('',#948,3.E-1);
#950=CARTESIAN_POINT('',(-3.9E0,-3.265452080061E0,-5.593407839354E0));
#951=LINE('',#950,#949);
#952=DIRECTION('',(0.E0,9.993392221981E-1,3.634720039469E-2));
#953=VECTOR('',#952,2.564423256846E0);
#954=CARTESIAN_POINT('',(-3.9E0,-3.254547919942E0,-5.893209606013E0));
#955=LINE('',#954,#953);
#956=DIRECTION('',(0.E0,0.E0,1.E0));
#957=VECTOR('',#956,2.3E0);
#958=CARTESIAN_POINT('',(-3.9E0,-2.5E-1,-4.4E0));
#959=LINE('',#958,#957);
#960=DIRECTION('',(0.E0,-1.E0,0.E0));
#961=VECTOR('',#960,3.E-1);
#962=CARTESIAN_POINT('',(-3.9E0,-2.5E-1,-2.1E0));
#963=LINE('',#962,#961);
#964=DIRECTION('',(0.E0,0.E0,-1.E0));
#965=VECTOR('',#964,2.3E0);
#966=CARTESIAN_POINT('',(-3.9E0,-5.5E-1,-2.1E0));
#967=LINE('',#966,#965);
#968=DIRECTION('',(0.E0,9.993392221981E-1,3.634720039469E-2));
#969=VECTOR('',#968,2.564423256846E0);
#970=CARTESIAN_POINT('',(-3.6E0,-3.254547919942E0,-5.893209606013E0));
#971=LINE('',#970,#969);
#972=DIRECTION('',(0.E0,3.634720039469E-2,-9.993392221981E-1));
#973=VECTOR('',#972,3.E-1);
#974=CARTESIAN_POINT('',(-3.6E0,-3.265452080061E0,-5.593407839354E0));
#975=LINE('',#974,#973);
#976=DIRECTION('',(0.E0,-9.993392221981E-1,-3.634720039470E-2));
#977=VECTOR('',#976,8.660243297136E-1);
#978=CARTESIAN_POINT('',(-3.6E0,-2.4E0,-5.561930279495E0));
#979=LINE('',#978,#977);
#980=DIRECTION('',(0.E0,0.E0,-1.E0));
#981=VECTOR('',#980,2.3E0);
#982=CARTESIAN_POINT('',(-3.6E0,-5.5E-1,-2.1E0));
#983=LINE('',#982,#981);
#984=DIRECTION('',(0.E0,-1.E0,0.E0));
#985=VECTOR('',#984,3.E-1);
#986=CARTESIAN_POINT('',(-3.6E0,-2.5E-1,-2.1E0));
#987=LINE('',#986,#985);
#988=DIRECTION('',(0.E0,0.E0,1.E0));
#989=VECTOR('',#988,2.3E0);
#990=CARTESIAN_POINT('',(-3.6E0,-2.5E-1,-4.4E0));
#991=LINE('',#990,#989);
#992=DIRECTION('',(1.E0,0.E0,0.E0));
#993=VECTOR('',#992,3.E-1);
#994=CARTESIAN_POINT('',(-3.9E0,-3.254547919942E0,-5.893209606013E0));
#995=LINE('',#994,#993);
#996=DIRECTION('',(1.E0,0.E0,0.E0));
#997=VECTOR('',#996,3.E-1);
#998=CARTESIAN_POINT('',(-3.9E0,-3.265452080061E0,-5.593407839354E0));
#999=LINE('',#998,#997);
#1000=DIRECTION('',(1.E0,0.E0,0.E0));
#1001=VECTOR('',#1000,3.E-1);
#1002=CARTESIAN_POINT('',(-3.9E0,-5.5E-1,-2.1E0));
#1003=LINE('',#1002,#1001);
#1004=DIRECTION('',(1.E0,0.E0,0.E0));
#1005=VECTOR('',#1004,3.E-1);
#1006=CARTESIAN_POINT('',(-3.9E0,-2.5E-1,-2.1E0));
#1007=LINE('',#1006,#1005);
#1008=DIRECTION('',(0.E0,-9.993392221981E-1,-3.634720039470E-2));
#1009=VECTOR('',#1008,8.660243297136E-1);
#1010=CARTESIAN_POINT('',(-2.4E0,-2.4E0,-5.561930279495E0));
#1011=LINE('',#1010,#1009);
#1012=DIRECTION('',(0.E0,3.634720039469E-2,-9.993392221981E-1));
#1013=VECTOR('',#1012,3.E-1);
#1014=CARTESIAN_POINT('',(-2.4E0,-3.265452080061E0,-5.593407839354E0));
#1015=LINE('',#1014,#1013);
#1016=DIRECTION('',(0.E0,9.993392221981E-1,3.634720039469E-2));
#1017=VECTOR('',#1016,2.564423256846E0);
#1018=CARTESIAN_POINT('',(-2.4E0,-3.254547919942E0,-5.893209606013E0));
#1019=LINE('',#1018,#1017);
#1020=DIRECTION('',(0.E0,0.E0,1.E0));
#1021=VECTOR('',#1020,2.3E0);
#1022=CARTESIAN_POINT('',(-2.4E0,-2.5E-1,-4.4E0));
#1023=LINE('',#1022,#1021);
#1024=DIRECTION('',(0.E0,-1.E0,0.E0));
#1025=VECTOR('',#1024,3.E-1);
#1026=CARTESIAN_POINT('',(-2.4E0,-2.5E-1,-2.1E0));
#1027=LINE('',#1026,#1025);
#1028=DIRECTION('',(0.E0,0.E0,-1.E0));
#1029=VECTOR('',#1028,2.3E0);
#1030=CARTESIAN_POINT('',(-2.4E0,-5.5E-1,-2.1E0));
#1031=LINE('',#1030,#1029);
#1032=DIRECTION('',(0.E0,9.993392221981E-1,3.634720039469E-2));
#1033=VECTOR('',#1032,2.564423256846E0);
#1034=CARTESIAN_POINT('',(-2.1E0,-3.254547919942E0,-5.893209606013E0));
#1035=LINE('',#1034,#1033);
#1036=DIRECTION('',(0.E0,3.634720039469E-2,-9.993392221981E-1));
#1037=VECTOR('',#1036,3.E-1);
#1038=CARTESIAN_POINT('',(-2.1E0,-3.265452080061E0,-5.593407839354E0));
#1039=LINE('',#1038,#1037);
#1040=DIRECTION('',(0.E0,-9.993392221981E-1,-3.634720039470E-2));
#1041=VECTOR('',#1040,8.660243297136E-1);
#1042=CARTESIAN_POINT('',(-2.1E0,-2.4E0,-5.561930279495E0));
#1043=LINE('',#1042,#1041);
#1044=DIRECTION('',(0.E0,0.E0,-1.E0));
#1045=VECTOR('',#1044,2.3E0);
#1046=CARTESIAN_POINT('',(-2.1E0,-5.5E-1,-2.1E0));
#1047=LINE('',#1046,#1045);
#1048=DIRECTION('',(0.E0,-1.E0,0.E0));
#1049=VECTOR('',#1048,3.E-1);
#1050=CARTESIAN_POINT('',(-2.1E0,-2.5E-1,-2.1E0));
#1051=LINE('',#1050,#1049);
#1052=DIRECTION('',(0.E0,0.E0,1.E0));
#1053=VECTOR('',#1052,2.3E0);
#1054=CARTESIAN_POINT('',(-2.1E0,-2.5E-1,-4.4E0));
#1055=LINE('',#1054,#1053);
#1056=DIRECTION('',(1.E0,0.E0,0.E0));
#1057=VECTOR('',#1056,3.E-1);
#1058=CARTESIAN_POINT('',(-2.4E0,-3.254547919942E0,-5.893209606013E0));
#1059=LINE('',#1058,#1057);
#1060=DIRECTION('',(1.E0,0.E0,0.E0));
#1061=VECTOR('',#1060,3.E-1);
#1062=CARTESIAN_POINT('',(-2.4E0,-3.265452080061E0,-5.593407839354E0));
#1063=LINE('',#1062,#1061);
#1064=DIRECTION('',(1.E0,0.E0,0.E0));
#1065=VECTOR('',#1064,3.E-1);
#1066=CARTESIAN_POINT('',(-2.4E0,-5.5E-1,-2.1E0));
#1067=LINE('',#1066,#1065);
#1068=DIRECTION('',(1.E0,0.E0,0.E0));
#1069=VECTOR('',#1068,3.E-1);
#1070=CARTESIAN_POINT('',(-2.4E0,-2.5E-1,-2.1E0));
#1071=LINE('',#1070,#1069);
#1072=DIRECTION('',(0.E0,-9.993392221981E-1,-3.634720039470E-2));
#1073=VECTOR('',#1072,8.660243297136E-1);
#1074=CARTESIAN_POINT('',(-9.E-1,-2.4E0,-5.561930279495E0));
#1075=LINE('',#1074,#1073);
#1076=DIRECTION('',(0.E0,3.634720039469E-2,-9.993392221981E-1));
#1077=VECTOR('',#1076,3.E-1);
#1078=CARTESIAN_POINT('',(-9.E-1,-3.265452080061E0,-5.593407839354E0));
#1079=LINE('',#1078,#1077);
#1080=DIRECTION('',(0.E0,9.993392221981E-1,3.634720039469E-2));
#1081=VECTOR('',#1080,2.564423256846E0);
#1082=CARTESIAN_POINT('',(-9.E-1,-3.254547919942E0,-5.893209606013E0));
#1083=LINE('',#1082,#1081);
#1084=DIRECTION('',(0.E0,0.E0,1.E0));
#1085=VECTOR('',#1084,2.3E0);
#1086=CARTESIAN_POINT('',(-9.E-1,-2.5E-1,-4.4E0));
#1087=LINE('',#1086,#1085);
#1088=DIRECTION('',(0.E0,-1.E0,0.E0));
#1089=VECTOR('',#1088,3.E-1);
#1090=CARTESIAN_POINT('',(-9.E-1,-2.5E-1,-2.1E0));
#1091=LINE('',#1090,#1089);
#1092=DIRECTION('',(0.E0,0.E0,-1.E0));
#1093=VECTOR('',#1092,2.3E0);
#1094=CARTESIAN_POINT('',(-9.E-1,-5.5E-1,-2.1E0));
#1095=LINE('',#1094,#1093);
#1096=DIRECTION('',(0.E0,9.993392221981E-1,3.634720039469E-2));
#1097=VECTOR('',#1096,2.564423256846E0);
#1098=CARTESIAN_POINT('',(-6.E-1,-3.254547919942E0,-5.893209606013E0));
#1099=LINE('',#1098,#1097);
#1100=DIRECTION('',(0.E0,3.634720039469E-2,-9.993392221981E-1));
#1101=VECTOR('',#1100,3.E-1);
#1102=CARTESIAN_POINT('',(-6.E-1,-3.265452080061E0,-5.593407839354E0));
#1103=LINE('',#1102,#1101);
#1104=DIRECTION('',(0.E0,-9.993392221981E-1,-3.634720039470E-2));
#1105=VECTOR('',#1104,8.660243297136E-1);
#1106=CARTESIAN_POINT('',(-6.E-1,-2.4E0,-5.561930279495E0));
#1107=LINE('',#1106,#1105);
#1108=DIRECTION('',(0.E0,0.E0,-1.E0));
#1109=VECTOR('',#1108,2.3E0);
#1110=CARTESIAN_POINT('',(-6.E-1,-5.5E-1,-2.1E0));
#1111=LINE('',#1110,#1109);
#1112=DIRECTION('',(0.E0,-1.E0,0.E0));
#1113=VECTOR('',#1112,3.E-1);
#1114=CARTESIAN_POINT('',(-6.E-1,-2.5E-1,-2.1E0));
#1115=LINE('',#1114,#1113);
#1116=DIRECTION('',(0.E0,0.E0,1.E0));
#1117=VECTOR('',#1116,2.3E0);
#1118=CARTESIAN_POINT('',(-6.E-1,-2.5E-1,-4.4E0));
#1119=LINE('',#1118,#1117);
#1120=DIRECTION('',(1.E0,0.E0,0.E0));
#1121=VECTOR('',#1120,3.E-1);
#1122=CARTESIAN_POINT('',(-9.E-1,-3.254547919942E0,-5.893209606013E0));
#1123=LINE('',#1122,#1121);
#1124=DIRECTION('',(1.E0,0.E0,0.E0));
#1125=VECTOR('',#1124,3.E-1);
#1126=CARTESIAN_POINT('',(-9.E-1,-3.265452080061E0,-5.593407839354E0));
#1127=LINE('',#1126,#1125);
#1128=DIRECTION('',(1.E0,0.E0,0.E0));
#1129=VECTOR('',#1128,3.E-1);
#1130=CARTESIAN_POINT('',(-9.E-1,-5.5E-1,-2.1E0));
#1131=LINE('',#1130,#1129);
#1132=DIRECTION('',(1.E0,0.E0,0.E0));
#1133=VECTOR('',#1132,3.E-1);
#1134=CARTESIAN_POINT('',(-9.E-1,-2.5E-1,-2.1E0));
#1135=LINE('',#1134,#1133);
#1136=DIRECTION('',(0.E0,-9.993392221981E-1,-3.634720039470E-2));
#1137=VECTOR('',#1136,8.660243297136E-1);
#1138=CARTESIAN_POINT('',(6.E-1,-2.4E0,-5.561930279495E0));
#1139=LINE('',#1138,#1137);
#1140=DIRECTION('',(0.E0,3.634720039469E-2,-9.993392221981E-1));
#1141=VECTOR('',#1140,3.E-1);
#1142=CARTESIAN_POINT('',(6.E-1,-3.265452080061E0,-5.593407839354E0));
#1143=LINE('',#1142,#1141);
#1144=DIRECTION('',(0.E0,9.993392221981E-1,3.634720039469E-2));
#1145=VECTOR('',#1144,2.564423256846E0);
#1146=CARTESIAN_POINT('',(6.E-1,-3.254547919942E0,-5.893209606013E0));
#1147=LINE('',#1146,#1145);
#1148=DIRECTION('',(0.E0,0.E0,1.E0));
#1149=VECTOR('',#1148,2.3E0);
#1150=CARTESIAN_POINT('',(6.E-1,-2.5E-1,-4.4E0));
#1151=LINE('',#1150,#1149);
#1152=DIRECTION('',(0.E0,-1.E0,0.E0));
#1153=VECTOR('',#1152,3.E-1);
#1154=CARTESIAN_POINT('',(6.E-1,-2.5E-1,-2.1E0));
#1155=LINE('',#1154,#1153);
#1156=DIRECTION('',(0.E0,0.E0,-1.E0));
#1157=VECTOR('',#1156,2.3E0);
#1158=CARTESIAN_POINT('',(6.E-1,-5.5E-1,-2.1E0));
#1159=LINE('',#1158,#1157);
#1160=DIRECTION('',(0.E0,9.993392221981E-1,3.634720039469E-2));
#1161=VECTOR('',#1160,2.564423256846E0);
#1162=CARTESIAN_POINT('',(9.E-1,-3.254547919942E0,-5.893209606013E0));
#1163=LINE('',#1162,#1161);
#1164=DIRECTION('',(0.E0,3.634720039469E-2,-9.993392221981E-1));
#1165=VECTOR('',#1164,3.E-1);
#1166=CARTESIAN_POINT('',(9.E-1,-3.265452080061E0,-5.593407839354E0));
#1167=LINE('',#1166,#1165);
#1168=DIRECTION('',(0.E0,-9.993392221981E-1,-3.634720039470E-2));
#1169=VECTOR('',#1168,8.660243297136E-1);
#1170=CARTESIAN_POINT('',(9.E-1,-2.4E0,-5.561930279495E0));
#1171=LINE('',#1170,#1169);
#1172=DIRECTION('',(0.E0,0.E0,-1.E0));
#1173=VECTOR('',#1172,2.3E0);
#1174=CARTESIAN_POINT('',(9.E-1,-5.5E-1,-2.1E0));
#1175=LINE('',#1174,#1173);
#1176=DIRECTION('',(0.E0,-1.E0,0.E0));
#1177=VECTOR('',#1176,3.E-1);
#1178=CARTESIAN_POINT('',(9.E-1,-2.5E-1,-2.1E0));
#1179=LINE('',#1178,#1177);
#1180=DIRECTION('',(0.E0,0.E0,1.E0));
#1181=VECTOR('',#1180,2.3E0);
#1182=CARTESIAN_POINT('',(9.E-1,-2.5E-1,-4.4E0));
#1183=LINE('',#1182,#1181);
#1184=DIRECTION('',(1.E0,0.E0,0.E0));
#1185=VECTOR('',#1184,3.E-1);
#1186=CARTESIAN_POINT('',(6.E-1,-3.254547919942E0,-5.893209606013E0));
#1187=LINE('',#1186,#1185);
#1188=DIRECTION('',(1.E0,0.E0,0.E0));
#1189=VECTOR('',#1188,3.E-1);
#1190=CARTESIAN_POINT('',(6.E-1,-3.265452080061E0,-5.593407839354E0));
#1191=LINE('',#1190,#1189);
#1192=DIRECTION('',(1.E0,0.E0,0.E0));
#1193=VECTOR('',#1192,3.E-1);
#1194=CARTESIAN_POINT('',(6.E-1,-5.5E-1,-2.1E0));
#1195=LINE('',#1194,#1193);
#1196=DIRECTION('',(1.E0,0.E0,0.E0));
#1197=VECTOR('',#1196,3.E-1);
#1198=CARTESIAN_POINT('',(6.E-1,-2.5E-1,-2.1E0));
#1199=LINE('',#1198,#1197);
#1200=DIRECTION('',(0.E0,-9.993392221981E-1,-3.634720039470E-2));
#1201=VECTOR('',#1200,8.660243297136E-1);
#1202=CARTESIAN_POINT('',(2.1E0,-2.4E0,-5.561930279495E0));
#1203=LINE('',#1202,#1201);
#1204=DIRECTION('',(0.E0,3.634720039469E-2,-9.993392221981E-1));
#1205=VECTOR('',#1204,3.E-1);
#1206=CARTESIAN_POINT('',(2.1E0,-3.265452080061E0,-5.593407839354E0));
#1207=LINE('',#1206,#1205);
#1208=DIRECTION('',(0.E0,9.993392221981E-1,3.634720039469E-2));
#1209=VECTOR('',#1208,2.564423256846E0);
#1210=CARTESIAN_POINT('',(2.1E0,-3.254547919942E0,-5.893209606013E0));
#1211=LINE('',#1210,#1209);
#1212=DIRECTION('',(0.E0,0.E0,1.E0));
#1213=VECTOR('',#1212,2.3E0);
#1214=CARTESIAN_POINT('',(2.1E0,-2.5E-1,-4.4E0));
#1215=LINE('',#1214,#1213);
#1216=DIRECTION('',(0.E0,-1.E0,0.E0));
#1217=VECTOR('',#1216,3.E-1);
#1218=CARTESIAN_POINT('',(2.1E0,-2.5E-1,-2.1E0));
#1219=LINE('',#1218,#1217);
#1220=DIRECTION('',(0.E0,0.E0,-1.E0));
#1221=VECTOR('',#1220,2.3E0);
#1222=CARTESIAN_POINT('',(2.1E0,-5.5E-1,-2.1E0));
#1223=LINE('',#1222,#1221);
#1224=DIRECTION('',(0.E0,9.993392221981E-1,3.634720039469E-2));
#1225=VECTOR('',#1224,2.564423256846E0);
#1226=CARTESIAN_POINT('',(2.4E0,-3.254547919942E0,-5.893209606013E0));
#1227=LINE('',#1226,#1225);
#1228=DIRECTION('',(0.E0,3.634720039469E-2,-9.993392221981E-1));
#1229=VECTOR('',#1228,3.E-1);
#1230=CARTESIAN_POINT('',(2.4E0,-3.265452080061E0,-5.593407839354E0));
#1231=LINE('',#1230,#1229);
#1232=DIRECTION('',(0.E0,-9.993392221981E-1,-3.634720039470E-2));
#1233=VECTOR('',#1232,8.660243297136E-1);
#1234=CARTESIAN_POINT('',(2.4E0,-2.4E0,-5.561930279495E0));
#1235=LINE('',#1234,#1233);
#1236=DIRECTION('',(0.E0,0.E0,-1.E0));
#1237=VECTOR('',#1236,2.3E0);
#1238=CARTESIAN_POINT('',(2.4E0,-5.5E-1,-2.1E0));
#1239=LINE('',#1238,#1237);
#1240=DIRECTION('',(0.E0,-1.E0,0.E0));
#1241=VECTOR('',#1240,3.E-1);
#1242=CARTESIAN_POINT('',(2.4E0,-2.5E-1,-2.1E0));
#1243=LINE('',#1242,#1241);
#1244=DIRECTION('',(0.E0,0.E0,1.E0));
#1245=VECTOR('',#1244,2.3E0);
#1246=CARTESIAN_POINT('',(2.4E0,-2.5E-1,-4.4E0));
#1247=LINE('',#1246,#1245);
#1248=DIRECTION('',(1.E0,0.E0,0.E0));
#1249=VECTOR('',#1248,3.E-1);
#1250=CARTESIAN_POINT('',(2.1E0,-3.254547919942E0,-5.893209606013E0));
#1251=LINE('',#1250,#1249);
#1252=DIRECTION('',(1.E0,0.E0,0.E0));
#1253=VECTOR('',#1252,3.E-1);
#1254=CARTESIAN_POINT('',(2.1E0,-3.265452080061E0,-5.593407839354E0));
#1255=LINE('',#1254,#1253);
#1256=DIRECTION('',(1.E0,0.E0,0.E0));
#1257=VECTOR('',#1256,3.E-1);
#1258=CARTESIAN_POINT('',(2.1E0,-5.5E-1,-2.1E0));
#1259=LINE('',#1258,#1257);
#1260=DIRECTION('',(1.E0,0.E0,0.E0));
#1261=VECTOR('',#1260,3.E-1);
#1262=CARTESIAN_POINT('',(2.1E0,-2.5E-1,-2.1E0));
#1263=LINE('',#1262,#1261);
#1264=DIRECTION('',(1.E0,0.E0,0.E0));
#1265=VECTOR('',#1264,3.E-1);
#1266=CARTESIAN_POINT('',(3.6E0,-5.5E-1,-2.1E0));
#1267=LINE('',#1266,#1265);
#1268=DIRECTION('',(1.E0,0.E0,0.E0));
#1269=VECTOR('',#1268,3.E-1);
#1270=CARTESIAN_POINT('',(3.6E0,-2.5E-1,-2.1E0));
#1271=LINE('',#1270,#1269);
#1272=DIRECTION('',(0.E0,0.E0,1.E0));
#1273=VECTOR('',#1272,9.999999999999E-3);
#1274=CARTESIAN_POINT('',(-3.65625E0,-1.8E0,-4.4E0));
#1275=LINE('',#1274,#1273);
#1276=DIRECTION('',(0.E0,0.E0,1.E0));
#1277=VECTOR('',#1276,9.999999999999E-3);
#1278=CARTESIAN_POINT('',(-3.75E0,-1.8E0,-4.4E0));
#1279=LINE('',#1278,#1277);
#1280=DIRECTION('',(0.E0,0.E0,1.E0));
#1281=VECTOR('',#1280,9.999999999999E-3);
#1282=CARTESIAN_POINT('',(-3.75E0,-1.177659559250E0,-4.4E0));
#1283=LINE('',#1282,#1281);
#1284=DIRECTION('',(0.E0,2.220446049251E-14,1.E0));
#1285=VECTOR('',#1284,9.999999999999E-3);
#1286=CARTESIAN_POINT('',(-3.84375E0,-1.289361718297E0,-4.4E0));
#1287=LINE('',#1286,#1285);
#1288=DIRECTION('',(0.E0,0.E0,1.E0));
#1289=VECTOR('',#1288,9.999999999999E-3);
#1290=CARTESIAN_POINT('',(-3.84375E0,-1.161702114344E0,-4.4E0));
#1291=LINE('',#1290,#1289);
#1292=DIRECTION('',(0.E0,0.E0,1.E0));
#1293=VECTOR('',#1292,9.999999999999E-3);
#1294=CARTESIAN_POINT('',(-3.75E0,-1.05E0,-4.4E0));
#1295=LINE('',#1294,#1293);
#1296=DIRECTION('',(0.E0,0.E0,1.E0));
#1297=VECTOR('',#1296,9.999999999999E-3);
#1298=CARTESIAN_POINT('',(-3.65625E0,-1.05E0,-4.4E0));
#1299=LINE('',#1298,#1297);
#1300=DIRECTION('',(0.E0,1.E0,0.E0));
#1301=VECTOR('',#1300,7.5E-1);
#1302=CARTESIAN_POINT('',(-3.65625E0,-1.8E0,-4.39E0));
#1303=LINE('',#1302,#1301);
#1304=DIRECTION('',(1.E0,0.E0,0.E0));
#1305=VECTOR('',#1304,9.375E-2);
#1306=CARTESIAN_POINT('',(-3.75E0,-1.8E0,-4.39E0));
#1307=LINE('',#1306,#1305);
#1308=DIRECTION('',(0.E0,-1.E0,0.E0));
#1309=VECTOR('',#1308,6.223404407501E-1);
#1310=CARTESIAN_POINT('',(-3.75E0,-1.177659559250E0,-4.39E0));
#1311=LINE('',#1310,#1309);
#1312=DIRECTION('',(6.428711427642E-1,7.659743427825E-1,0.E0));
#1313=VECTOR('',#1312,1.458301574977E-1);
#1314=CARTESIAN_POINT('',(-3.84375E0,-1.289361718297E0,-4.39E0));
#1315=LINE('',#1314,#1313);
#1316=DIRECTION('',(0.E0,-1.E0,0.E0));
#1317=VECTOR('',#1316,1.276596039534E-1);
#1318=CARTESIAN_POINT('',(-3.84375E0,-1.161702114344E0,-4.39E0));
#1319=LINE('',#1318,#1317);
#1320=DIRECTION('',(-6.428712937139E-1,-7.659742160926E-1,0.E0));
#1321=VECTOR('',#1320,1.458301232559E-1);
#1322=CARTESIAN_POINT('',(-3.75E0,-1.05E0,-4.39E0));
#1323=LINE('',#1322,#1321);
#1324=DIRECTION('',(-1.E0,0.E0,0.E0));
#1325=VECTOR('',#1324,9.375E-2);
#1326=CARTESIAN_POINT('',(-3.65625E0,-1.05E0,-4.39E0));
#1327=LINE('',#1326,#1325);
#1328=DIRECTION('',(0.E0,-1.E0,0.E0));
#1329=VECTOR('',#1328,1.E-1);
#1330=CARTESIAN_POINT('',(4.95E0,-2.4E0,-4.9E0));
#1331=LINE('',#1330,#1329);
#1332=DIRECTION('',(0.E0,-1.E0,0.E0));
#1333=VECTOR('',#1332,1.E-1);
#1334=CARTESIAN_POINT('',(5.45E0,-2.4E0,-4.9E0));
#1335=LINE('',#1334,#1333);
#1336=DIRECTION('',(0.E0,0.E0,-1.E0));
#1337=VECTOR('',#1336,1.E-1);
#1338=CARTESIAN_POINT('',(5.45E0,-1.5E0,-5.8E0));
#1339=LINE('',#1338,#1337);
#1340=DIRECTION('',(0.E0,-1.E0,0.E0));
#1341=VECTOR('',#1340,1.E0);
#1342=CARTESIAN_POINT('',(4.95E0,-1.5E0,-5.9E0));
#1343=LINE('',#1342,#1341);
#1344=DIRECTION('',(0.E0,1.E0,0.E0));
#1345=VECTOR('',#1344,1.E0);
#1346=CARTESIAN_POINT('',(5.45E0,-2.5E0,-5.9E0));
#1347=LINE('',#1346,#1345);
#1348=DIRECTION('',(1.E0,0.E0,0.E0));
#1349=VECTOR('',#1348,5.E-1);
#1350=CARTESIAN_POINT('',(4.95E0,-1.5E0,-5.9E0));
#1351=LINE('',#1350,#1349);
#1352=DIRECTION('',(1.E0,0.E0,0.E0));
#1353=VECTOR('',#1352,5.E-1);
#1354=CARTESIAN_POINT('',(-5.45E0,-1.5E0,-5.9E0));
#1355=LINE('',#1354,#1353);
#1356=DIRECTION('',(0.E0,0.E0,1.E0));
#1357=VECTOR('',#1356,1.E0);
#1358=CARTESIAN_POINT('',(5.45E0,-2.5E0,-5.9E0));
#1359=LINE('',#1358,#1357);
#1360=DIRECTION('',(1.E0,0.E0,0.E0));
#1361=VECTOR('',#1360,5.E-1);
#1362=CARTESIAN_POINT('',(4.95E0,-2.5E0,-5.9E0));
#1363=LINE('',#1362,#1361);
#1364=DIRECTION('',(0.E0,0.E0,-1.E0));
#1365=VECTOR('',#1364,1.E0);
#1366=CARTESIAN_POINT('',(4.95E0,-2.5E0,-4.9E0));
#1367=LINE('',#1366,#1365);
#1368=DIRECTION('',(-1.E0,0.E0,0.E0));
#1369=VECTOR('',#1368,5.E-1);
#1370=CARTESIAN_POINT('',(5.45E0,-2.5E0,-4.9E0));
#1371=LINE('',#1370,#1369);
#1372=DIRECTION('',(1.E0,0.E0,0.E0));
#1373=VECTOR('',#1372,5.E-1);
#1374=CARTESIAN_POINT('',(-5.45E0,-2.5E0,-5.9E0));
#1375=LINE('',#1374,#1373);
#1376=DIRECTION('',(0.E0,0.E0,-1.E0));
#1377=VECTOR('',#1376,1.E0);
#1378=CARTESIAN_POINT('',(-5.45E0,-2.5E0,-4.9E0));
#1379=LINE('',#1378,#1377);
#1380=DIRECTION('',(-1.E0,0.E0,0.E0));
#1381=VECTOR('',#1380,5.E-1);
#1382=CARTESIAN_POINT('',(-4.95E0,-2.5E0,-4.9E0));
#1383=LINE('',#1382,#1381);
#1384=DIRECTION('',(0.E0,0.E0,1.E0));
#1385=VECTOR('',#1384,1.E0);
#1386=CARTESIAN_POINT('',(-4.95E0,-2.5E0,-5.9E0));
#1387=LINE('',#1386,#1385);
#1388=DIRECTION('',(0.E0,-1.E0,0.E0));
#1389=VECTOR('',#1388,1.E-1);
#1390=CARTESIAN_POINT('',(-5.45E0,-2.4E0,-4.9E0));
#1391=LINE('',#1390,#1389);
#1392=DIRECTION('',(0.E0,1.E0,0.E0));
#1393=VECTOR('',#1392,1.E0);
#1394=CARTESIAN_POINT('',(-5.45E0,-2.5E0,-5.9E0));
#1395=LINE('',#1394,#1393);
#1396=DIRECTION('',(0.E0,-1.E0,0.E0));
#1397=VECTOR('',#1396,1.E-1);
#1398=CARTESIAN_POINT('',(-4.95E0,-2.4E0,-4.9E0));
#1399=LINE('',#1398,#1397);
#1400=DIRECTION('',(0.E0,-1.E0,0.E0));
#1401=VECTOR('',#1400,1.E0);
#1402=CARTESIAN_POINT('',(-4.95E0,-1.5E0,-5.9E0));
#1403=LINE('',#1402,#1401);
#1404=DIRECTION('',(0.E0,0.E0,-1.E0));
#1405=VECTOR('',#1404,1.E-1);
#1406=CARTESIAN_POINT('',(-4.95E0,-1.5E0,-5.8E0));
#1407=LINE('',#1406,#1405);
#1408=DIRECTION('',(0.E0,0.E0,-1.E0));
#1409=VECTOR('',#1408,1.E-1);
#1410=CARTESIAN_POINT('',(-5.45E0,-1.5E0,-5.8E0));
#1411=LINE('',#1410,#1409);
#1412=DIRECTION('',(0.E0,0.E0,-1.E0));
#1413=VECTOR('',#1412,1.E-1);
#1414=CARTESIAN_POINT('',(4.95E0,-1.5E0,-5.8E0));
#1415=LINE('',#1414,#1413);
#1416=DIRECTION('',(0.E0,9.486832980505E-1,3.162277660168E-1));
#1417=VECTOR('',#1416,3.162277660168E-1);
#1418=CARTESIAN_POINT('',(6.2E0,2.1E0,-3.85E0));
#1419=LINE('',#1418,#1417);
#1420=DIRECTION('',(0.E0,-1.E0,0.E0));
#1421=VECTOR('',#1420,1.35E0);
#1422=CARTESIAN_POINT('',(6.2E0,2.1E0,-3.85E0));
#1423=LINE('',#1422,#1421);
#1424=DIRECTION('',(0.E0,0.E0,-1.E0));
#1425=VECTOR('',#1424,9.5E-1);
#1426=CARTESIAN_POINT('',(6.2E0,7.5E-1,-3.85E0));
#1427=LINE('',#1426,#1425);
#1428=DIRECTION('',(0.E0,7.071067811866E-1,7.071067811865E-1));
#1429=VECTOR('',#1428,1.414213562373E-1);
#1430=CARTESIAN_POINT('',(6.2E0,6.5E-1,-4.9E0));
#1431=LINE('',#1430,#1429);
#1432=DIRECTION('',(0.E0,-1.E0,0.E0));
#1433=VECTOR('',#1432,1.25E0);
#1434=CARTESIAN_POINT('',(6.2E0,6.5E-1,-4.9E0));
#1435=LINE('',#1434,#1433);
#1436=DIRECTION('',(0.E0,0.E0,1.E0));
#1437=VECTOR('',#1436,9.E-1);
#1438=CARTESIAN_POINT('',(6.2E0,-6.E-1,-5.8E0));
#1439=LINE('',#1438,#1437);
#1440=DIRECTION('',(0.E0,0.E0,-1.E0));
#1441=VECTOR('',#1440,3.65E0);
#1442=CARTESIAN_POINT('',(6.2E0,-2.4E0,-2.15E0));
#1443=LINE('',#1442,#1441);
#1444=DIRECTION('',(0.E0,1.E0,0.E0));
#1445=VECTOR('',#1444,9.E-1);
#1446=CARTESIAN_POINT('',(6.2E0,-2.4E0,-2.15E0));
#1447=LINE('',#1446,#1445);
#1448=DIRECTION('',(0.E0,0.E0,1.E0));
#1449=VECTOR('',#1448,1.25E0);
#1450=CARTESIAN_POINT('',(6.2E0,-1.5E0,-2.15E0));
#1451=LINE('',#1450,#1449);
#1452=DIRECTION('',(0.E0,-7.071067811865E-1,-7.071067811865E-1));
#1453=VECTOR('',#1452,1.414213562373E-1);
#1454=CARTESIAN_POINT('',(6.2E0,-1.4E0,-8.E-1));
#1455=LINE('',#1454,#1453);
#1456=DIRECTION('',(0.E0,1.E0,0.E0));
#1457=VECTOR('',#1456,9.5E-1);
#1458=CARTESIAN_POINT('',(6.2E0,-1.4E0,-8.E-1));
#1459=LINE('',#1458,#1457);
#1460=DIRECTION('',(0.E0,0.E0,-1.E0));
#1461=VECTOR('',#1460,5.E-1);
#1462=CARTESIAN_POINT('',(6.2E0,-4.5E-1,-3.E-1));
#1463=LINE('',#1462,#1461);
#1464=DIRECTION('',(0.E0,-3.162277660168E-1,-9.486832980505E-1));
#1465=VECTOR('',#1464,3.162277660168E-1);
#1466=CARTESIAN_POINT('',(6.2E0,-3.5E-1,0.E0));
#1467=LINE('',#1466,#1465);
#1468=DIRECTION('',(-3.015113445778E-1,9.045340337333E-1,3.015113445778E-1));
#1469=VECTOR('',#1468,3.316624790355E-1);
#1470=CARTESIAN_POINT('',(5.525E0,2.1E0,-3.85E0));
#1471=LINE('',#1470,#1469);
#1472=DIRECTION('',(-7.071067811865E-1,0.E0,7.071067811865E-1));
#1473=VECTOR('',#1472,3.959797974645E-1);
#1474=CARTESIAN_POINT('',(-5.145E0,2.4E0,-5.8E0));
#1475=LINE('',#1474,#1473);
#1476=DIRECTION('',(-7.071067811865E-1,0.E0,-7.071067811865E-1));
#1477=VECTOR('',#1476,3.959797974645E-1);
#1478=CARTESIAN_POINT('',(5.425E0,2.4E0,-5.52E0));
#1479=LINE('',#1478,#1477);
#1480=DIRECTION('',(0.E0,0.E0,-1.E0));
#1481=VECTOR('',#1480,1.12E0);
#1482=CARTESIAN_POINT('',(5.425E0,2.4E0,-4.4E0));
#1483=LINE('',#1482,#1481);
#1484=DIRECTION('',(0.E0,0.E0,1.E0));
#1485=VECTOR('',#1484,2.E-1);
#1486=CARTESIAN_POINT('',(5.425E0,2.4E0,-4.4E0));
#1487=LINE('',#1486,#1485);
#1488=DIRECTION('',(0.E0,0.E0,-1.E0));
#1489=VECTOR('',#1488,4.5E-1);
#1490=CARTESIAN_POINT('',(5.425E0,2.4E0,-3.75E0));
#1491=LINE('',#1490,#1489);
#1492=DIRECTION('',(-1.E0,0.E0,0.E0));
#1493=VECTOR('',#1492,7.75E-1);
#1494=CARTESIAN_POINT('',(6.2E0,2.4E0,-3.75E0));
#1495=LINE('',#1494,#1493);
#1496=DIRECTION('',(0.E0,0.E0,-1.E0));
#1497=VECTOR('',#1496,3.75E0);
#1498=CARTESIAN_POINT('',(6.2E0,2.4E0,0.E0));
#1499=LINE('',#1498,#1497);
#1500=DIRECTION('',(-1.E0,0.E0,0.E0));
#1501=VECTOR('',#1500,7.75E-1);
#1502=CARTESIAN_POINT('',(-5.425E0,2.4E0,-3.75E0));
#1503=LINE('',#1502,#1501);
#1504=DIRECTION('',(0.E0,0.E0,1.E0));
#1505=VECTOR('',#1504,4.5E-1);
#1506=CARTESIAN_POINT('',(-5.425E0,2.4E0,-4.2E0));
#1507=LINE('',#1506,#1505);
#1508=DIRECTION('',(0.E0,0.E0,-1.E0));
#1509=VECTOR('',#1508,2.E-1);
#1510=CARTESIAN_POINT('',(-5.425E0,2.4E0,-4.2E0));
#1511=LINE('',#1510,#1509);
#1512=DIRECTION('',(0.E0,0.E0,1.E0));
#1513=VECTOR('',#1512,1.12E0);
#1514=CARTESIAN_POINT('',(-5.425E0,2.4E0,-5.52E0));
#1515=LINE('',#1514,#1513);
#1516=DIRECTION('',(0.E0,1.E0,0.E0));
#1517=VECTOR('',#1516,2.E0);
#1518=CARTESIAN_POINT('',(-5.525E0,-4.5E-1,-5.42E0));
#1519=LINE('',#1518,#1517);
#1520=DIRECTION('',(7.071067811865E-1,0.E0,-7.071067811865E-1));
#1521=VECTOR('',#1520,5.374011537018E-1);
#1522=CARTESIAN_POINT('',(-5.525E0,-6.E-1,-5.42E0));
#1523=LINE('',#1522,#1521);
#1524=DIRECTION('',(0.E0,0.E0,-1.E0));
#1525=VECTOR('',#1524,2.E-1);
#1526=CARTESIAN_POINT('',(-5.525E0,1.4E0,-4.2E0));
#1527=LINE('',#1526,#1525);
#1528=DIRECTION('',(0.E0,0.E0,-1.E0));
#1529=VECTOR('',#1528,2.5E-1);
#1530=CARTESIAN_POINT('',(6.075E0,1.55E0,-5.65E0));
#1531=LINE('',#1530,#1529);
#1532=DIRECTION('',(1.E0,0.E0,0.E0));
#1533=VECTOR('',#1532,2.E-1);
#1534=CARTESIAN_POINT('',(5.875E0,1.55E0,-5.65E0));
#1535=LINE('',#1534,#1533);
#1536=CARTESIAN_POINT('',(5.875E0,1.55E0,-5.55E0));
#1537=DIRECTION('',(0.E0,-1.E0,0.E0));
#1538=DIRECTION('',(-1.E0,0.E0,0.E0));
#1539=AXIS2_PLACEMENT_3D('',#1536,#1537,#1538);
#1541=DIRECTION('',(0.E0,0.E0,-1.E0));
#1542=VECTOR('',#1541,1.7E0);
#1543=CARTESIAN_POINT('',(5.775E0,1.55E0,-3.85E0));
#1544=LINE('',#1543,#1542);
#1545=DIRECTION('',(0.E0,0.E0,1.E0));
#1546=VECTOR('',#1545,2.E-1);
#1547=CARTESIAN_POINT('',(5.525E0,1.55E0,-4.4E0));
#1548=LINE('',#1547,#1546);
#1549=DIRECTION('',(0.E0,0.E0,1.E0));
#1550=VECTOR('',#1549,1.3E-1);
#1551=CARTESIAN_POINT('',(5.525E0,1.55E0,-5.55E0));
#1552=LINE('',#1551,#1550);
#1553=CARTESIAN_POINT('',(5.875E0,1.55E0,-5.55E0));
#1554=DIRECTION('',(0.E0,1.E0,0.E0));
#1555=DIRECTION('',(0.E0,0.E0,-1.E0));
#1556=AXIS2_PLACEMENT_3D('',#1553,#1554,#1555);
#1558=DIRECTION('',(-1.E0,0.E0,0.E0));
#1559=VECTOR('',#1558,2.E-1);
#1560=CARTESIAN_POINT('',(6.075E0,1.55E0,-5.9E0));
#1561=LINE('',#1560,#1559);
#1562=DIRECTION('',(0.E0,0.E0,1.E0));
#1563=VECTOR('',#1562,2.5E-1);
#1564=CARTESIAN_POINT('',(-6.075E0,1.55E0,-5.9E0));
#1565=LINE('',#1564,#1563);
#1566=DIRECTION('',(-1.E0,0.E0,0.E0));
#1567=VECTOR('',#1566,2.E-1);
#1568=CARTESIAN_POINT('',(-5.875E0,1.55E0,-5.9E0));
#1569=LINE('',#1568,#1567);
#1570=CARTESIAN_POINT('',(-5.875E0,1.55E0,-5.55E0));
#1571=DIRECTION('',(0.E0,1.E0,0.E0));
#1572=DIRECTION('',(1.E0,0.E0,0.E0));
#1573=AXIS2_PLACEMENT_3D('',#1570,#1571,#1572);
#1575=DIRECTION('',(0.E0,0.E0,-1.E0));
#1576=VECTOR('',#1575,1.3E-1);
#1577=CARTESIAN_POINT('',(-5.525E0,1.55E0,-5.42E0));
#1578=LINE('',#1577,#1576);
#1579=DIRECTION('',(0.E0,0.E0,-1.E0));
#1580=VECTOR('',#1579,2.E-1);
#1581=CARTESIAN_POINT('',(-5.525E0,1.55E0,-4.2E0));
#1582=LINE('',#1581,#1580);
#1583=DIRECTION('',(0.E0,0.E0,1.E0));
#1584=VECTOR('',#1583,1.7E0);
#1585=CARTESIAN_POINT('',(-5.775E0,1.55E0,-5.55E0));
#1586=LINE('',#1585,#1584);
#1587=CARTESIAN_POINT('',(-5.875E0,1.55E0,-5.55E0));
#1588=DIRECTION('',(0.E0,-1.E0,0.E0));
#1589=DIRECTION('',(0.E0,0.E0,-1.E0));
#1590=AXIS2_PLACEMENT_3D('',#1587,#1588,#1589);
#1592=DIRECTION('',(1.E0,0.E0,0.E0));
#1593=VECTOR('',#1592,2.E-1);
#1594=CARTESIAN_POINT('',(-6.075E0,1.55E0,-5.65E0));
#1595=LINE('',#1594,#1593);
#1596=CARTESIAN_POINT('',(6.075E0,1.25E0,-5.9E0));
#1597=DIRECTION('',(0.E0,0.E0,-1.E0));
#1598=DIRECTION('',(0.E0,1.E0,0.E0));
#1599=AXIS2_PLACEMENT_3D('',#1596,#1597,#1598);
#1601=CARTESIAN_POINT('',(6.075E0,-1.5E-1,-5.9E0));
#1602=DIRECTION('',(0.E0,0.E0,-1.E0));
#1603=DIRECTION('',(1.E0,0.E0,0.E0));
#1604=AXIS2_PLACEMENT_3D('',#1601,#1602,#1603);
#1606=DIRECTION('',(0.E0,-1.E0,0.E0));
#1607=VECTOR('',#1606,1.4E0);
#1608=CARTESIAN_POINT('',(6.375E0,1.25E0,-5.9E0));
#1609=LINE('',#1608,#1607);
#1610=DIRECTION('',(0.E0,-1.E0,0.E0));
#1611=VECTOR('',#1610,2.E0);
#1612=CARTESIAN_POINT('',(5.875E0,1.55E0,-5.9E0));
#1613=LINE('',#1612,#1611);
#1614=DIRECTION('',(0.E0,-1.E0,0.E0));
#1615=VECTOR('',#1614,2.E0);
#1616=CARTESIAN_POINT('',(5.525E0,1.55E0,-5.55E0));
#1617=LINE('',#1616,#1615);
#1618=DIRECTION('',(0.E0,0.E0,-1.E0));
#1619=VECTOR('',#1618,2.E-1);
#1620=CARTESIAN_POINT('',(5.525E0,1.4E0,-4.2E0));
#1621=LINE('',#1620,#1619);
#1622=DIRECTION('',(0.E0,1.E0,0.E0));
#1623=VECTOR('',#1622,2.E0);
#1624=CARTESIAN_POINT('',(5.525E0,-4.5E-1,-5.42E0));
#1625=LINE('',#1624,#1623);
#1626=DIRECTION('',(7.071067811865E-1,0.E0,7.071067811865E-1));
#1627=VECTOR('',#1626,5.374011537018E-1);
#1628=CARTESIAN_POINT('',(5.145E0,-6.E-1,-5.8E0));
#1629=LINE('',#1628,#1627);
#1630=DIRECTION('',(0.E0,1.E0,0.E0));
#1631=VECTOR('',#1630,3.5E-1);
#1632=CARTESIAN_POINT('',(5.525E0,-8.E-1,-3.E-1));
#1633=LINE('',#1632,#1631);
#1634=DIRECTION('',(0.E0,0.E0,1.E0));
#1635=VECTOR('',#1634,2.35E0);
#1636=CARTESIAN_POINT('',(5.525E0,-8.E-1,-2.65E0));
#1637=LINE('',#1636,#1635);
#1638=DIRECTION('',(0.E0,1.E0,0.E0));
#1639=VECTOR('',#1638,1.15E0);
#1640=CARTESIAN_POINT('',(5.525E0,-2.15E0,-3.E-1));
#1641=LINE('',#1640,#1639);
#1642=DIRECTION('',(0.E0,0.E0,-1.E0));
#1643=VECTOR('',#1642,6.E-1);
#1644=CARTESIAN_POINT('',(5.525E0,-1.E0,-3.E-1));
#1645=LINE('',#1644,#1643);
#1646=DIRECTION('',(0.E0,1.E0,0.E0));
#1647=VECTOR('',#1646,3.E-1);
#1648=CARTESIAN_POINT('',(5.525E0,-1.4E0,-8.E-1));
#1649=LINE('',#1648,#1647);
#1650=DIRECTION('',(0.E0,1.E0,0.E0));
#1651=VECTOR('',#1650,1.3E-1);
#1652=CARTESIAN_POINT('',(5.525E0,-2.15E0,-2.15E0));
#1653=LINE('',#1652,#1651);
#1654=DIRECTION('',(0.E0,0.E0,1.E0));
#1655=VECTOR('',#1654,1.85E0);
#1656=CARTESIAN_POINT('',(5.525E0,-2.15E0,-2.15E0));
#1657=LINE('',#1656,#1655);
#1658=DIRECTION('',(0.E0,0.E0,1.E0));
#1659=VECTOR('',#1658,1.02E0);
#1660=CARTESIAN_POINT('',(5.525E0,1.55E0,-5.42E0));
#1661=LINE('',#1660,#1659);
#1662=DIRECTION('',(0.E0,1.E0,0.E0));
#1663=VECTOR('',#1662,5.5E-1);
#1664=CARTESIAN_POINT('',(5.525E0,1.55E0,-4.4E0));
#1665=LINE('',#1664,#1663);
#1666=DIRECTION('',(0.E0,0.E0,-1.E0));
#1667=VECTOR('',#1666,1.02E0);
#1668=CARTESIAN_POINT('',(5.525E0,2.1E0,-4.4E0));
#1669=LINE('',#1668,#1667);
#1670=DIRECTION('',(0.E0,-1.E0,0.E0));
#1671=VECTOR('',#1670,5.5E-1);
#1672=CARTESIAN_POINT('',(5.525E0,2.1E0,-5.42E0));
#1673=LINE('',#1672,#1671);
#1674=DIRECTION('',(0.E0,0.E0,1.E0));
#1675=VECTOR('',#1674,3.5E-1);
#1676=CARTESIAN_POINT('',(5.525E0,1.55E0,-4.2E0));
#1677=LINE('',#1676,#1675);
#1678=DIRECTION('',(0.E0,0.E0,-1.E0));
#1679=VECTOR('',#1678,3.5E-1);
#1680=CARTESIAN_POINT('',(5.525E0,2.1E0,-3.85E0));
#1681=LINE('',#1680,#1679);
#1682=DIRECTION('',(0.E0,-1.E0,0.E0));
#1683=VECTOR('',#1682,5.5E-1);
#1684=CARTESIAN_POINT('',(5.525E0,2.1E0,-4.2E0));
#1685=LINE('',#1684,#1683);
#1686=DIRECTION('',(0.E0,0.E0,1.E0));
#1687=VECTOR('',#1686,5.2E-1);
#1688=CARTESIAN_POINT('',(5.525E0,-4.5E-1,-5.42E0));
#1689=LINE('',#1688,#1687);
#1690=DIRECTION('',(0.E0,-1.E0,0.E0));
#1691=VECTOR('',#1690,1.5E-1);
#1692=CARTESIAN_POINT('',(5.525E0,-4.5E-1,-5.42E0));
#1693=LINE('',#1692,#1691);
#1694=DIRECTION('',(-3.015113445778E-1,3.015113445778E-1,9.045340337333E-1));
#1695=VECTOR('',#1694,3.316624790355E-1);
#1696=CARTESIAN_POINT('',(5.525E0,-4.5E-1,-3.E-1));
#1697=LINE('',#1696,#1695);
#1698=DIRECTION('',(-3.162277660168E-1,0.E0,9.486832980505E-1));
#1699=VECTOR('',#1698,3.162277660168E-1);
#1700=CARTESIAN_POINT('',(5.525E0,-8.E-1,-3.E-1));
#1701=LINE('',#1700,#1699);
#1702=DIRECTION('',(0.E0,-1.E0,0.E0));
#1703=VECTOR('',#1702,4.2E-1);
#1704=CARTESIAN_POINT('',(5.525E0,-1.5E0,-2.65E0));
#1705=LINE('',#1704,#1703);
#1706=DIRECTION('',(-1.E0,0.E0,0.E0));
#1707=VECTOR('',#1706,2.75E-1);
#1708=CARTESIAN_POINT('',(5.8E0,-1.5E0,-2.65E0));
#1709=LINE('',#1708,#1707);
#1710=DIRECTION('',(0.E0,1.E0,0.E0));
#1711=VECTOR('',#1710,4.2E-1);
#1712=CARTESIAN_POINT('',(5.8E0,-1.92E0,-2.65E0));
#1713=LINE('',#1712,#1711);
#1714=DIRECTION('',(1.E0,0.E0,0.E0));
#1715=VECTOR('',#1714,2.75E-1);
#1716=CARTESIAN_POINT('',(5.525E0,-1.92E0,-2.65E0));
#1717=LINE('',#1716,#1715);
#1718=DIRECTION('',(-1.E0,0.E0,0.E0));
#1719=VECTOR('',#1718,2.75E-1);
#1720=CARTESIAN_POINT('',(-5.525E0,-1.5E0,-2.65E0));
#1721=LINE('',#1720,#1719);
#1722=DIRECTION('',(0.E0,1.E0,0.E0));
#1723=VECTOR('',#1722,4.2E-1);
#1724=CARTESIAN_POINT('',(-5.525E0,-1.92E0,-2.65E0));
#1725=LINE('',#1724,#1723);
#1726=DIRECTION('',(1.E0,0.E0,0.E0));
#1727=VECTOR('',#1726,2.75E-1);
#1728=CARTESIAN_POINT('',(-5.8E0,-1.92E0,-2.65E0));
#1729=LINE('',#1728,#1727);
#1730=DIRECTION('',(0.E0,-1.E0,0.E0));
#1731=VECTOR('',#1730,4.2E-1);
#1732=CARTESIAN_POINT('',(-5.8E0,-1.5E0,-2.65E0));
#1733=LINE('',#1732,#1731);
#1734=DIRECTION('',(-1.E0,0.E0,0.E0));
#1735=VECTOR('',#1734,4.75E-1);
#1736=CARTESIAN_POINT('',(-5.425E0,-1.E0,-2.65E0));
#1737=LINE('',#1736,#1735);
#1738=DIRECTION('',(0.E0,-1.E0,0.E0));
#1739=VECTOR('',#1738,2.E-1);
#1740=CARTESIAN_POINT('',(-5.9E0,-8.E-1,-2.65E0));
#1741=LINE('',#1740,#1739);
#1742=DIRECTION('',(-1.E0,0.E0,0.E0));
#1743=VECTOR('',#1742,1.E-1);
#1744=CARTESIAN_POINT('',(-5.8E0,-8.E-1,-2.65E0));
#1745=LINE('',#1744,#1743);
#1746=DIRECTION('',(0.E0,-1.E0,0.E0));
#1747=VECTOR('',#1746,3.5E-1);
#1748=CARTESIAN_POINT('',(-5.8E0,-4.5E-1,-2.65E0));
#1749=LINE('',#1748,#1747);
#1750=DIRECTION('',(-1.E0,0.E0,0.E0));
#1751=VECTOR('',#1750,2.75E-1);
#1752=CARTESIAN_POINT('',(-5.525E0,-4.5E-1,-2.65E0));
#1753=LINE('',#1752,#1751);
#1754=DIRECTION('',(0.E0,1.E0,0.E0));
#1755=VECTOR('',#1754,3.5E-1);
#1756=CARTESIAN_POINT('',(-5.525E0,-8.E-1,-2.65E0));
#1757=LINE('',#1756,#1755);
#1758=DIRECTION('',(-1.E0,0.E0,0.E0));
#1759=VECTOR('',#1758,1.E-1);
#1760=CARTESIAN_POINT('',(-5.425E0,-8.E-1,-2.65E0));
#1761=LINE('',#1760,#1759);
#1762=DIRECTION('',(0.E0,1.E0,0.E0));
#1763=VECTOR('',#1762,2.E-1);
#1764=CARTESIAN_POINT('',(-5.425E0,-1.E0,-2.65E0));
#1765=LINE('',#1764,#1763);
#1766=DIRECTION('',(0.E0,1.E0,0.E0));
#1767=VECTOR('',#1766,3.5E-1);
#1768=CARTESIAN_POINT('',(5.8E0,-8.E-1,-2.65E0));
#1769=LINE('',#1768,#1767);
#1770=DIRECTION('',(-1.E0,0.E0,0.E0));
#1771=VECTOR('',#1770,1.E-1);
#1772=CARTESIAN_POINT('',(5.9E0,-8.E-1,-2.65E0));
#1773=LINE('',#1772,#1771);
#1774=DIRECTION('',(0.E0,1.E0,0.E0));
#1775=VECTOR('',#1774,2.E-1);
#1776=CARTESIAN_POINT('',(5.9E0,-1.E0,-2.65E0));
#1777=LINE('',#1776,#1775);
#1778=DIRECTION('',(0.E0,-1.E0,0.E0));
#1779=VECTOR('',#1778,2.E-1);
#1780=CARTESIAN_POINT('',(5.425E0,-8.E-1,-2.65E0));
#1781=LINE('',#1780,#1779);
#1782=DIRECTION('',(-1.E0,0.E0,0.E0));
#1783=VECTOR('',#1782,1.E-1);
#1784=CARTESIAN_POINT('',(5.525E0,-8.E-1,-2.65E0));
#1785=LINE('',#1784,#1783);
#1786=DIRECTION('',(0.E0,-1.E0,0.E0));
#1787=VECTOR('',#1786,3.5E-1);
#1788=CARTESIAN_POINT('',(5.525E0,-4.5E-1,-2.65E0));
#1789=LINE('',#1788,#1787);
#1790=DIRECTION('',(-1.E0,0.E0,0.E0));
#1791=VECTOR('',#1790,2.75E-1);
#1792=CARTESIAN_POINT('',(5.8E0,-4.5E-1,-2.65E0));
#1793=LINE('',#1792,#1791);
#1794=DIRECTION('',(-1.E0,0.E0,0.E0));
#1795=VECTOR('',#1794,3.E-1);
#1796=CARTESIAN_POINT('',(6.2E0,-1.5E0,-2.15E0));
#1797=LINE('',#1796,#1795);
#1798=DIRECTION('',(0.E0,0.E0,-1.E0));
#1799=VECTOR('',#1798,4.E-1);
#1800=CARTESIAN_POINT('',(5.8E0,-1.5E0,-2.25E0));
#1801=LINE('',#1800,#1799);
#1802=DIRECTION('',(0.E0,0.E0,1.E0));
#1803=VECTOR('',#1802,1.75E0);
#1804=CARTESIAN_POINT('',(5.525E0,-1.5E0,-2.65E0));
#1805=LINE('',#1804,#1803);
#1806=DIRECTION('',(1.E0,0.E0,0.E0));
#1807=VECTOR('',#1806,6.75E-1);
#1808=CARTESIAN_POINT('',(5.525E0,-1.5E0,-9.E-1));
#1809=LINE('',#1808,#1807);
#1810=DIRECTION('',(-1.E0,0.E0,0.E0));
#1811=VECTOR('',#1810,9.25E-1);
#1812=CARTESIAN_POINT('',(6.2E0,-2.4E0,-2.15E0));
#1813=LINE('',#1812,#1811);
#1814=DIRECTION('',(-1.E0,0.E0,0.E0));
#1815=VECTOR('',#1814,3.75E-1);
#1816=CARTESIAN_POINT('',(5.9E0,-2.02E0,-2.15E0));
#1817=LINE('',#1816,#1815);
#1818=DIRECTION('',(0.E0,-1.E0,0.E0));
#1819=VECTOR('',#1818,5.2E-1);
#1820=CARTESIAN_POINT('',(5.9E0,-1.5E0,-2.15E0));
#1821=LINE('',#1820,#1819);
#1822=DIRECTION('',(-3.015113445778E-1,-3.015113445778E-1,9.045340337333E-1));
#1823=VECTOR('',#1822,3.316624790355E-1);
#1824=CARTESIAN_POINT('',(5.525E0,-2.15E0,-3.E-1));
#1825=LINE('',#1824,#1823);
#1826=DIRECTION('',(-7.071067811865E-1,-7.071067811866E-1,0.E0));
#1827=VECTOR('',#1826,3.535533905933E-1);
#1828=CARTESIAN_POINT('',(5.525E0,-2.15E0,-2.15E0));
#1829=LINE('',#1828,#1827);
#1830=DIRECTION('',(3.162277660168E-1,0.E0,-9.486832980505E-1));
#1831=VECTOR('',#1830,3.162277660168E-1);
#1832=CARTESIAN_POINT('',(5.425E0,-1.E0,0.E0));
#1833=LINE('',#1832,#1831);
#1834=DIRECTION('',(0.E0,0.E0,-1.E0));
#1835=VECTOR('',#1834,2.65E0);
#1836=CARTESIAN_POINT('',(5.425E0,-1.E0,0.E0));
#1837=LINE('',#1836,#1835);
#1838=DIRECTION('',(1.E0,0.E0,0.E0));
#1839=VECTOR('',#1838,4.75E-1);
#1840=CARTESIAN_POINT('',(5.425E0,-1.E0,-2.65E0));
#1841=LINE('',#1840,#1839);
#1842=DIRECTION('',(1.E0,0.E0,0.E0));
#1843=VECTOR('',#1842,3.75E-1);
#1844=CARTESIAN_POINT('',(5.525E0,-1.E0,-9.E-1));
#1845=LINE('',#1844,#1843);
#1846=DIRECTION('',(0.E0,0.E0,-1.E0));
#1847=VECTOR('',#1846,2.65E0);
#1848=CARTESIAN_POINT('',(5.425E0,-8.E-1,0.E0));
#1849=LINE('',#1848,#1847);
#1850=DIRECTION('',(0.E0,-1.E0,0.E0));
#1851=VECTOR('',#1850,2.E-1);
#1852=CARTESIAN_POINT('',(5.9E0,-8.E-1,-9.E-1));
#1853=LINE('',#1852,#1851);
#1854=DIRECTION('',(0.E0,0.E0,-1.E0));
#1855=VECTOR('',#1854,1.75E0);
#1856=CARTESIAN_POINT('',(5.9E0,-1.E0,-9.E-1));
#1857=LINE('',#1856,#1855);
#1858=DIRECTION('',(1.E0,0.E0,0.E0));
#1859=VECTOR('',#1858,1.E-1);
#1860=CARTESIAN_POINT('',(5.8E0,-8.E-1,-9.E-1));
#1861=LINE('',#1860,#1859);
#1862=DIRECTION('',(0.E0,0.E0,-1.E0));
#1863=VECTOR('',#1862,1.75E0);
#1864=CARTESIAN_POINT('',(5.9E0,-8.E-1,-9.E-1));
#1865=LINE('',#1864,#1863);
#1866=DIRECTION('',(0.E0,-1.E0,0.E0));
#1867=VECTOR('',#1866,3.5E-1);
#1868=CARTESIAN_POINT('',(5.8E0,-4.5E-1,-9.E-1));
#1869=LINE('',#1868,#1867);
#1870=DIRECTION('',(0.E0,0.E0,1.E0));
#1871=VECTOR('',#1870,1.75E0);
#1872=CARTESIAN_POINT('',(5.8E0,-8.E-1,-2.65E0));
#1873=LINE('',#1872,#1871);
#1874=DIRECTION('',(5.773502691896E-1,5.773502691896E-1,5.773502691896E-1));
#1875=VECTOR('',#1874,1.732050807569E-1);
#1876=CARTESIAN_POINT('',(5.8E0,-8.E-1,-9.E-1));
#1877=LINE('',#1876,#1875);
#1878=DIRECTION('',(7.071067811865E-1,0.E0,7.071067811865E-1));
#1879=VECTOR('',#1878,1.414213562373E-1);
#1880=CARTESIAN_POINT('',(5.8E0,-4.5E-1,-9.E-1));
#1881=LINE('',#1880,#1879);
#1882=DIRECTION('',(0.E0,-1.E0,0.E0));
#1883=VECTOR('',#1882,2.5E-1);
#1884=CARTESIAN_POINT('',(5.9E0,-4.5E-1,-8.E-1));
#1885=LINE('',#1884,#1883);
#1886=DIRECTION('',(1.E0,0.E0,0.E0));
#1887=VECTOR('',#1886,6.75E-1);
#1888=CARTESIAN_POINT('',(5.525E0,-1.4E0,-8.E-1));
#1889=LINE('',#1888,#1887);
#1890=DIRECTION('',(1.E0,0.E0,0.E0));
#1891=VECTOR('',#1890,4.75E-1);
#1892=CARTESIAN_POINT('',(5.525E0,-1.1E0,-8.E-1));
#1893=LINE('',#1892,#1891);
#1894=DIRECTION('',(0.E0,-1.E0,0.E0));
#1895=VECTOR('',#1894,4.E-1);
#1896=CARTESIAN_POINT('',(6.E0,-7.E-1,-8.E-1));
#1897=LINE('',#1896,#1895);
#1898=DIRECTION('',(1.E0,0.E0,0.E0));
#1899=VECTOR('',#1898,1.E-1);
#1900=CARTESIAN_POINT('',(5.9E0,-7.E-1,-8.E-1));
#1901=LINE('',#1900,#1899);
#1902=DIRECTION('',(1.E0,0.E0,0.E0));
#1903=VECTOR('',#1902,6.75E-1);
#1904=CARTESIAN_POINT('',(5.525E0,-4.5E-1,-3.E-1));
#1905=LINE('',#1904,#1903);
#1906=DIRECTION('',(-1.E0,0.E0,0.E0));
#1907=VECTOR('',#1906,3.E-1);
#1908=CARTESIAN_POINT('',(6.2E0,-4.5E-1,-8.E-1));
#1909=LINE('',#1908,#1907);
#1910=DIRECTION('',(0.E0,0.E0,-1.E0));
#1911=VECTOR('',#1910,1.75E0);
#1912=CARTESIAN_POINT('',(5.8E0,-4.5E-1,-9.E-1));
#1913=LINE('',#1912,#1911);
#1914=DIRECTION('',(0.E0,0.E0,-1.E0));
#1915=VECTOR('',#1914,2.35E0);
#1916=CARTESIAN_POINT('',(5.525E0,-4.5E-1,-3.E-1));
#1917=LINE('',#1916,#1915);
#1918=DIRECTION('',(0.E0,7.071067811865E-1,7.071067811865E-1));
#1919=VECTOR('',#1918,1.414213562373E-1);
#1920=CARTESIAN_POINT('',(5.525E0,-1.5E0,-9.E-1));
#1921=LINE('',#1920,#1919);
#1922=DIRECTION('',(0.E0,7.071067811865E-1,-7.071067811865E-1));
#1923=VECTOR('',#1922,1.414213562373E-1);
#1924=CARTESIAN_POINT('',(5.525E0,-1.1E0,-8.E-1));
#1925=LINE('',#1924,#1923);
#1926=DIRECTION('',(5.773502691896E-1,-5.773502691896E-1,5.773502691896E-1));
#1927=VECTOR('',#1926,1.732050807569E-1);
#1928=CARTESIAN_POINT('',(5.9E0,-1.E0,-9.E-1));
#1929=LINE('',#1928,#1927);
#1930=DIRECTION('',(5.773502691896E-1,5.773502691896E-1,5.773502691896E-1));
#1931=VECTOR('',#1930,1.732050807569E-1);
#1932=CARTESIAN_POINT('',(5.9E0,-8.E-1,-9.E-1));
#1933=LINE('',#1932,#1931);
#1934=DIRECTION('',(0.E0,7.071067811865E-1,-7.071067811866E-1));
#1935=VECTOR('',#1934,1.414213562373E-1);
#1936=CARTESIAN_POINT('',(5.525E0,-2.02E0,-2.15E0));
#1937=LINE('',#1936,#1935);
#1938=DIRECTION('',(-1.E0,0.E0,0.E0));
#1939=VECTOR('',#1938,2.75E-1);
#1940=CARTESIAN_POINT('',(5.8E0,-1.92E0,-2.25E0));
#1941=LINE('',#1940,#1939);
#1942=DIRECTION('',(0.E0,0.E0,-1.E0));
#1943=VECTOR('',#1942,4.E-1);
#1944=CARTESIAN_POINT('',(5.525E0,-1.92E0,-2.25E0));
#1945=LINE('',#1944,#1943);
#1946=DIRECTION('',(0.E0,-1.E0,0.E0));
#1947=VECTOR('',#1946,4.2E-1);
#1948=CARTESIAN_POINT('',(5.8E0,-1.5E0,-2.25E0));
#1949=LINE('',#1948,#1947);
#1950=DIRECTION('',(0.E0,0.E0,-1.E0));
#1951=VECTOR('',#1950,4.E-1);
#1952=CARTESIAN_POINT('',(5.8E0,-1.92E0,-2.25E0));
#1953=LINE('',#1952,#1951);
#1954=DIRECTION('',(5.773502691896E-1,-5.773502691896E-1,5.773502691896E-1));
#1955=VECTOR('',#1954,1.732050807569E-1);
#1956=CARTESIAN_POINT('',(5.8E0,-1.92E0,-2.25E0));
#1957=LINE('',#1956,#1955);
#1958=DIRECTION('',(7.071067811866E-1,0.E0,7.071067811865E-1));
#1959=VECTOR('',#1958,1.414213562373E-1);
#1960=CARTESIAN_POINT('',(5.8E0,-1.5E0,-2.25E0));
#1961=LINE('',#1960,#1959);
#1962=DIRECTION('',(-1.E0,0.E0,0.E0));
#1963=VECTOR('',#1962,6.75E-1);
#1964=CARTESIAN_POINT('',(-5.525E0,-1.5E0,-9.E-1));
#1965=LINE('',#1964,#1963);
#1966=DIRECTION('',(0.E0,1.E0,0.E0));
#1967=VECTOR('',#1966,4.2E-1);
#1968=CARTESIAN_POINT('',(-5.8E0,-1.92E0,-2.25E0));
#1969=LINE('',#1968,#1967);
#1970=DIRECTION('',(0.E0,0.E0,-1.E0));
#1971=VECTOR('',#1970,4.E-1);
#1972=CARTESIAN_POINT('',(-5.8E0,-1.5E0,-2.25E0));
#1973=LINE('',#1972,#1971);
#1974=DIRECTION('',(7.071067811866E-1,0.E0,-7.071067811865E-1));
#1975=VECTOR('',#1974,1.414213562373E-1);
#1976=CARTESIAN_POINT('',(-5.9E0,-1.5E0,-2.15E0));
#1977=LINE('',#1976,#1975);
#1978=DIRECTION('',(-5.773502691896E-1,-5.773502691896E-1,5.773502691896E-1));
#1979=VECTOR('',#1978,1.732050807569E-1);
#1980=CARTESIAN_POINT('',(-5.8E0,-1.92E0,-2.25E0));
#1981=LINE('',#1980,#1979);
#1982=DIRECTION('',(0.E0,-7.071067811865E-1,7.071067811865E-1));
#1983=VECTOR('',#1982,1.414213562373E-1);
#1984=CARTESIAN_POINT('',(-5.525E0,-1.92E0,-2.25E0));
#1985=LINE('',#1984,#1983);
#1986=DIRECTION('',(-1.E0,0.E0,0.E0));
#1987=VECTOR('',#1986,9.25E-1);
#1988=CARTESIAN_POINT('',(-5.275E0,-2.4E0,-2.15E0));
#1989=LINE('',#1988,#1987);
#1990=DIRECTION('',(1.E0,0.E0,0.E0));
#1991=VECTOR('',#1990,3.E-1);
#1992=CARTESIAN_POINT('',(-6.2E0,-1.5E0,-2.15E0));
#1993=LINE('',#1992,#1991);
#1994=DIRECTION('',(0.E0,1.E0,0.E0));
#1995=VECTOR('',#1994,5.2E-1);
#1996=CARTESIAN_POINT('',(-5.9E0,-2.02E0,-2.15E0));
#1997=LINE('',#1996,#1995);
#1998=DIRECTION('',(-1.E0,0.E0,0.E0));
#1999=VECTOR('',#1998,3.75E-1);
#2000=CARTESIAN_POINT('',(-5.525E0,-2.02E0,-2.15E0));
#2001=LINE('',#2000,#1999);
#2002=DIRECTION('',(0.E0,-1.E0,0.E0));
#2003=VECTOR('',#2002,1.15E0);
#2004=CARTESIAN_POINT('',(-5.525E0,-1.E0,-3.E-1));
#2005=LINE('',#2004,#2003);
#2006=DIRECTION('',(0.E0,0.E0,-1.E0));
#2007=VECTOR('',#2006,1.85E0);
#2008=CARTESIAN_POINT('',(-5.525E0,-2.15E0,-3.E-1));
#2009=LINE('',#2008,#2007);
#2010=DIRECTION('',(0.E0,-1.E0,0.E0));
#2011=VECTOR('',#2010,1.3E-1);
#2012=CARTESIAN_POINT('',(-5.525E0,-2.02E0,-2.15E0));
#2013=LINE('',#2012,#2011);
#2014=DIRECTION('',(0.E0,0.E0,-1.E0));
#2015=VECTOR('',#2014,4.E-1);
#2016=CARTESIAN_POINT('',(-5.525E0,-1.92E0,-2.25E0));
#2017=LINE('',#2016,#2015);
#2018=DIRECTION('',(0.E0,0.E0,1.E0));
#2019=VECTOR('',#2018,1.75E0);
#2020=CARTESIAN_POINT('',(-5.525E0,-1.5E0,-2.65E0));
#2021=LINE('',#2020,#2019);
#2022=DIRECTION('',(0.E0,-1.E0,0.E0));
#2023=VECTOR('',#2022,3.E-1);
#2024=CARTESIAN_POINT('',(-5.525E0,-1.1E0,-8.E-1));
#2025=LINE('',#2024,#2023);
#2026=DIRECTION('',(0.E0,0.E0,1.E0));
#2027=VECTOR('',#2026,6.E-1);
#2028=CARTESIAN_POINT('',(-5.525E0,-1.E0,-9.E-1));
#2029=LINE('',#2028,#2027);
#2030=DIRECTION('',(0.E0,-1.E0,0.E0));
#2031=VECTOR('',#2030,3.5E-1);
#2032=CARTESIAN_POINT('',(-5.525E0,-4.5E-1,-3.E-1));
#2033=LINE('',#2032,#2031);
#2034=DIRECTION('',(0.E0,0.E0,-1.E0));
#2035=VECTOR('',#2034,2.35E0);
#2036=CARTESIAN_POINT('',(-5.525E0,-8.E-1,-3.E-1));
#2037=LINE('',#2036,#2035);
#2038=DIRECTION('',(0.E0,0.E0,1.E0));
#2039=VECTOR('',#2038,1.02E0);
#2040=CARTESIAN_POINT('',(-5.525E0,1.55E0,-5.42E0));
#2041=LINE('',#2040,#2039);
#2042=DIRECTION('',(0.E0,1.E0,0.E0));
#2043=VECTOR('',#2042,5.5E-1);
#2044=CARTESIAN_POINT('',(-5.525E0,1.55E0,-5.42E0));
#2045=LINE('',#2044,#2043);
#2046=DIRECTION('',(0.E0,0.E0,1.E0));
#2047=VECTOR('',#2046,1.02E0);
#2048=CARTESIAN_POINT('',(-5.525E0,2.1E0,-5.42E0));
#2049=LINE('',#2048,#2047);
#2050=DIRECTION('',(0.E0,-1.E0,0.E0));
#2051=VECTOR('',#2050,5.5E-1);
#2052=CARTESIAN_POINT('',(-5.525E0,2.1E0,-4.4E0));
#2053=LINE('',#2052,#2051);
#2054=DIRECTION('',(0.E0,0.E0,1.E0));
#2055=VECTOR('',#2054,3.5E-1);
#2056=CARTESIAN_POINT('',(-5.525E0,1.55E0,-4.2E0));
#2057=LINE('',#2056,#2055);
#2058=DIRECTION('',(0.E0,-1.E0,0.E0));
#2059=VECTOR('',#2058,5.5E-1);
#2060=CARTESIAN_POINT('',(-5.525E0,2.1E0,-4.2E0));
#2061=LINE('',#2060,#2059);
#2062=DIRECTION('',(0.E0,0.E0,1.E0));
#2063=VECTOR('',#2062,3.5E-1);
#2064=CARTESIAN_POINT('',(-5.525E0,2.1E0,-4.2E0));
#2065=LINE('',#2064,#2063);
#2066=DIRECTION('',(0.E0,0.E0,1.E0));
#2067=VECTOR('',#2066,5.2E-1);
#2068=CARTESIAN_POINT('',(-5.525E0,-4.5E-1,-5.42E0));
#2069=LINE('',#2068,#2067);
#2070=DIRECTION('',(0.E0,-1.E0,0.E0));
#2071=VECTOR('',#2070,6.5E-1);
#2072=CARTESIAN_POINT('',(-5.525E0,-4.5E-1,-4.9E0));
#2073=LINE('',#2072,#2071);
#2074=DIRECTION('',(0.E0,1.E0,0.E0));
#2075=VECTOR('',#2074,4.E-1);
#2076=CARTESIAN_POINT('',(-5.525E0,-1.1E0,-5.32E0));
#2077=LINE('',#2076,#2075);
#2078=DIRECTION('',(0.E0,1.E0,0.E0));
#2079=VECTOR('',#2078,1.5E-1);
#2080=CARTESIAN_POINT('',(-5.525E0,-6.E-1,-5.42E0));
#2081=LINE('',#2080,#2079);
#2082=DIRECTION('',(-3.015113445778E-1,3.015113445778E-1,-9.045340337333E-1));
#2083=VECTOR('',#2082,3.316624790355E-1);
#2084=CARTESIAN_POINT('',(-5.425E0,-2.25E0,0.E0));
#2085=LINE('',#2084,#2083);
#2086=DIRECTION('',(-7.071067811865E-1,7.071067811865E-1,0.E0));
#2087=VECTOR('',#2086,3.535533905933E-1);
#2088=CARTESIAN_POINT('',(-5.275E0,-2.4E0,-2.15E0));
#2089=LINE('',#2088,#2087);
#2090=DIRECTION('',(3.162277660168E-1,0.E0,9.486832980505E-1));
#2091=VECTOR('',#2090,3.162277660168E-1);
#2092=CARTESIAN_POINT('',(-5.525E0,-1.E0,-3.E-1));
#2093=LINE('',#2092,#2091);
#2094=DIRECTION('',(1.E0,0.E0,0.E0));
#2095=VECTOR('',#2094,3.75E-1);
#2096=CARTESIAN_POINT('',(-5.9E0,-1.E0,-9.E-1));
#2097=LINE('',#2096,#2095);
#2098=DIRECTION('',(0.E0,0.E0,-1.E0));
#2099=VECTOR('',#2098,1.75E0);
#2100=CARTESIAN_POINT('',(-5.9E0,-1.E0,-9.E-1));
#2101=LINE('',#2100,#2099);
#2102=DIRECTION('',(-5.773502691896E-1,-5.773502691896E-1,5.773502691896E-1));
#2103=VECTOR('',#2102,1.732050807569E-1);
#2104=CARTESIAN_POINT('',(-5.9E0,-1.E0,-9.E-1));
#2105=LINE('',#2104,#2103);
#2106=DIRECTION('',(0.E0,-7.071067811865E-1,7.071067811865E-1));
#2107=VECTOR('',#2106,1.414213562373E-1);
#2108=CARTESIAN_POINT('',(-5.525E0,-1.E0,-9.E-1));
#2109=LINE('',#2108,#2107);
#2110=DIRECTION('',(0.E0,1.E0,0.E0));
#2111=VECTOR('',#2110,4.E-1);
#2112=CARTESIAN_POINT('',(-6.E0,-1.1E0,-8.E-1));
#2113=LINE('',#2112,#2111);
#2114=DIRECTION('',(1.E0,0.E0,0.E0));
#2115=VECTOR('',#2114,4.75E-1);
#2116=CARTESIAN_POINT('',(-6.E0,-1.1E0,-8.E-1));
#2117=LINE('',#2116,#2115);
#2118=DIRECTION('',(-1.E0,0.E0,0.E0));
#2119=VECTOR('',#2118,6.75E-1);
#2120=CARTESIAN_POINT('',(-5.525E0,-1.4E0,-8.E-1));
#2121=LINE('',#2120,#2119);
#2122=DIRECTION('',(1.E0,0.E0,0.E0));
#2123=VECTOR('',#2122,3.E-1);
#2124=CARTESIAN_POINT('',(-6.2E0,-4.5E-1,-8.E-1));
#2125=LINE('',#2124,#2123);
#2126=DIRECTION('',(0.E0,1.E0,0.E0));
#2127=VECTOR('',#2126,2.5E-1);
#2128=CARTESIAN_POINT('',(-5.9E0,-7.E-1,-8.E-1));
#2129=LINE('',#2128,#2127);
#2130=DIRECTION('',(1.E0,0.E0,0.E0));
#2131=VECTOR('',#2130,1.E-1);
#2132=CARTESIAN_POINT('',(-6.E0,-7.E-1,-8.E-1));
#2133=LINE('',#2132,#2131);
#2134=DIRECTION('',(-5.773502691896E-1,5.773502691896E-1,5.773502691896E-1));
#2135=VECTOR('',#2134,1.732050807569E-1);
#2136=CARTESIAN_POINT('',(-5.9E0,-8.E-1,-9.E-1));
#2137=LINE('',#2136,#2135);
#2138=DIRECTION('',(0.E0,1.E0,0.E0));
#2139=VECTOR('',#2138,2.E-1);
#2140=CARTESIAN_POINT('',(-5.9E0,-1.E0,-9.E-1));
#2141=LINE('',#2140,#2139);
#2142=DIRECTION('',(0.E0,0.E0,-1.E0));
#2143=VECTOR('',#2142,1.75E0);
#2144=CARTESIAN_POINT('',(-5.9E0,-8.E-1,-9.E-1));
#2145=LINE('',#2144,#2143);
#2146=DIRECTION('',(1.E0,0.E0,0.E0));
#2147=VECTOR('',#2146,1.E-1);
#2148=CARTESIAN_POINT('',(-5.9E0,-8.E-1,-9.E-1));
#2149=LINE('',#2148,#2147);
#2150=DIRECTION('',(-5.773502691896E-1,5.773502691896E-1,5.773502691896E-1));
#2151=VECTOR('',#2150,1.732050807569E-1);
#2152=CARTESIAN_POINT('',(-5.8E0,-8.E-1,-9.E-1));
#2153=LINE('',#2152,#2151);
#2154=DIRECTION('',(7.071067811865E-1,0.E0,-7.071067811865E-1));
#2155=VECTOR('',#2154,1.414213562373E-1);
#2156=CARTESIAN_POINT('',(-5.9E0,-4.5E-1,-8.E-1));
#2157=LINE('',#2156,#2155);
#2158=DIRECTION('',(0.E0,0.E0,1.E0));
#2159=VECTOR('',#2158,1.75E0);
#2160=CARTESIAN_POINT('',(-5.8E0,-8.E-1,-2.65E0));
#2161=LINE('',#2160,#2159);
#2162=DIRECTION('',(0.E0,1.E0,0.E0));
#2163=VECTOR('',#2162,3.5E-1);
#2164=CARTESIAN_POINT('',(-5.8E0,-8.E-1,-9.E-1));
#2165=LINE('',#2164,#2163);
#2166=DIRECTION('',(0.E0,0.E0,-1.E0));
#2167=VECTOR('',#2166,1.75E0);
#2168=CARTESIAN_POINT('',(-5.8E0,-4.5E-1,-9.E-1));
#2169=LINE('',#2168,#2167);
#2170=DIRECTION('',(1.E0,0.E0,0.E0));
#2171=VECTOR('',#2170,6.75E-1);
#2172=CARTESIAN_POINT('',(-6.2E0,-4.5E-1,-3.E-1));
#2173=LINE('',#2172,#2171);
#2174=DIRECTION('',(0.E0,0.E0,-1.E0));
#2175=VECTOR('',#2174,2.35E0);
#2176=CARTESIAN_POINT('',(-5.525E0,-4.5E-1,-3.E-1));
#2177=LINE('',#2176,#2175);
#2178=DIRECTION('',(3.015113445778E-1,3.015113445778E-1,9.045340337333E-1));
#2179=VECTOR('',#2178,3.316624790355E-1);
#2180=CARTESIAN_POINT('',(-5.525E0,-4.5E-1,-3.E-1));
#2181=LINE('',#2180,#2179);
#2182=DIRECTION('',(0.E0,-9.486832980505E-1,-3.162277660168E-1));
#2183=VECTOR('',#2182,3.162277660168E-1);
#2184=CARTESIAN_POINT('',(-6.2E0,2.4E0,-3.75E0));
#2185=LINE('',#2184,#2183);
#2186=DIRECTION('',(0.E0,0.E0,-1.E0));
#2187=VECTOR('',#2186,3.75E0);
#2188=CARTESIAN_POINT('',(-6.2E0,2.4E0,0.E0));
#2189=LINE('',#2188,#2187);
#2190=DIRECTION('',(0.E0,3.162277660168E-1,9.486832980505E-1));
#2191=VECTOR('',#2190,3.162277660168E-1);
#2192=CARTESIAN_POINT('',(-6.2E0,-4.5E-1,-3.E-1));
#2193=LINE('',#2192,#2191);
#2194=DIRECTION('',(0.E0,0.E0,-1.E0));
#2195=VECTOR('',#2194,5.E-1);
#2196=CARTESIAN_POINT('',(-6.2E0,-4.5E-1,-3.E-1));
#2197=LINE('',#2196,#2195);
#2198=DIRECTION('',(0.E0,-1.E0,0.E0));
#2199=VECTOR('',#2198,9.5E-1);
#2200=CARTESIAN_POINT('',(-6.2E0,-4.5E-1,-8.E-1));
#2201=LINE('',#2200,#2199);
#2202=DIRECTION('',(0.E0,7.071067811865E-1,7.071067811865E-1));
#2203=VECTOR('',#2202,1.414213562373E-1);
#2204=CARTESIAN_POINT('',(-6.2E0,-1.5E0,-9.E-1));
#2205=LINE('',#2204,#2203);
#2206=DIRECTION('',(0.E0,0.E0,-1.E0));
#2207=VECTOR('',#2206,1.25E0);
#2208=CARTESIAN_POINT('',(-6.2E0,-1.5E0,-9.E-1));
#2209=LINE('',#2208,#2207);
#2210=DIRECTION('',(0.E0,1.E0,0.E0));
#2211=VECTOR('',#2210,9.E-1);
#2212=CARTESIAN_POINT('',(-6.2E0,-2.4E0,-2.15E0));
#2213=LINE('',#2212,#2211);
#2214=DIRECTION('',(0.E0,0.E0,1.E0));
#2215=VECTOR('',#2214,9.E-1);
#2216=CARTESIAN_POINT('',(-6.2E0,-6.E-1,-5.8E0));
#2217=LINE('',#2216,#2215);
#2218=DIRECTION('',(0.E0,1.E0,0.E0));
#2219=VECTOR('',#2218,1.25E0);
#2220=CARTESIAN_POINT('',(-6.2E0,-6.E-1,-4.9E0));
#2221=LINE('',#2220,#2219);
#2222=DIRECTION('',(0.E0,-7.071067811865E-1,-7.071067811865E-1));
#2223=VECTOR('',#2222,1.414213562373E-1);
#2224=CARTESIAN_POINT('',(-6.2E0,7.5E-1,-4.8E0));
#2225=LINE('',#2224,#2223);
#2226=DIRECTION('',(0.E0,0.E0,1.E0));
#2227=VECTOR('',#2226,9.5E-1);
#2228=CARTESIAN_POINT('',(-6.2E0,7.5E-1,-4.8E0));
#2229=LINE('',#2228,#2227);
#2230=DIRECTION('',(0.E0,-1.E0,0.E0));
#2231=VECTOR('',#2230,1.35E0);
#2232=CARTESIAN_POINT('',(-6.2E0,2.1E0,-3.85E0));
#2233=LINE('',#2232,#2231);
#2234=DIRECTION('',(-1.E0,0.E0,0.E0));
#2235=VECTOR('',#2234,2.5E-2);
#2236=CARTESIAN_POINT('',(-5.775E0,-2.5E-1,-3.85E0));
#2237=LINE('',#2236,#2235);
#2238=DIRECTION('',(0.E0,1.E0,0.E0));
#2239=VECTOR('',#2238,1.8E0);
#2240=CARTESIAN_POINT('',(-5.775E0,-2.5E-1,-3.85E0));
#2241=LINE('',#2240,#2239);
#2242=DIRECTION('',(-1.E0,0.E0,0.E0));
#2243=VECTOR('',#2242,2.5E-1);
#2244=CARTESIAN_POINT('',(-5.525E0,1.55E0,-3.85E0));
#2245=LINE('',#2244,#2243);
#2246=DIRECTION('',(0.E0,1.E0,0.E0));
#2247=VECTOR('',#2246,5.5E-1);
#2248=CARTESIAN_POINT('',(-5.525E0,1.55E0,-3.85E0));
#2249=LINE('',#2248,#2247);
#2250=DIRECTION('',(-1.E0,0.E0,0.E0));
#2251=VECTOR('',#2250,6.75E-1);
#2252=CARTESIAN_POINT('',(-5.525E0,2.1E0,-3.85E0));
#2253=LINE('',#2252,#2251);
#2254=DIRECTION('',(1.E0,0.E0,0.E0));
#2255=VECTOR('',#2254,3.E-1);
#2256=CARTESIAN_POINT('',(-6.2E0,7.5E-1,-3.85E0));
#2257=LINE('',#2256,#2255);
#2258=DIRECTION('',(1.E0,0.E0,0.E0));
#2259=VECTOR('',#2258,2.5E-2);
#2260=CARTESIAN_POINT('',(5.775E0,-2.5E-1,-3.85E0));
#2261=LINE('',#2260,#2259);
#2262=DIRECTION('',(0.E0,1.E0,0.E0));
#2263=VECTOR('',#2262,9.E-1);
#2264=CARTESIAN_POINT('',(5.8E0,-2.5E-1,-3.85E0));
#2265=LINE('',#2264,#2263);
#2266=DIRECTION('',(-1.E0,0.E0,0.E0));
#2267=VECTOR('',#2266,6.75E-1);
#2268=CARTESIAN_POINT('',(6.2E0,2.1E0,-3.85E0));
#2269=LINE('',#2268,#2267);
#2270=DIRECTION('',(0.E0,-1.E0,0.E0));
#2271=VECTOR('',#2270,5.5E-1);
#2272=CARTESIAN_POINT('',(5.525E0,2.1E0,-3.85E0));
#2273=LINE('',#2272,#2271);
#2274=DIRECTION('',(1.E0,0.E0,0.E0));
#2275=VECTOR('',#2274,2.5E-1);
#2276=CARTESIAN_POINT('',(5.525E0,1.55E0,-3.85E0));
#2277=LINE('',#2276,#2275);
#2278=DIRECTION('',(0.E0,1.E0,0.E0));
#2279=VECTOR('',#2278,1.8E0);
#2280=CARTESIAN_POINT('',(5.775E0,-2.5E-1,-3.85E0));
#2281=LINE('',#2280,#2279);
#2282=DIRECTION('',(0.E0,0.E0,1.E0));
#2283=VECTOR('',#2282,3.5E-1);
#2284=CARTESIAN_POINT('',(5.8E0,-2.5E-1,-4.2E0));
#2285=LINE('',#2284,#2283);
#2286=DIRECTION('',(0.E0,-1.E0,0.E0));
#2287=VECTOR('',#2286,9.E-1);
#2288=CARTESIAN_POINT('',(5.8E0,6.5E-1,-4.2E0));
#2289=LINE('',#2288,#2287);
#2290=DIRECTION('',(0.E0,0.E0,1.E0));
#2291=VECTOR('',#2290,3.5E-1);
#2292=CARTESIAN_POINT('',(5.8E0,6.5E-1,-4.2E0));
#2293=LINE('',#2292,#2291);
#2294=DIRECTION('',(1.E0,0.E0,0.E0));
#2295=VECTOR('',#2294,1.E-1);
#2296=CARTESIAN_POINT('',(5.8E0,-2.5E-1,-4.2E0));
#2297=LINE('',#2296,#2295);
#2298=DIRECTION('',(-1.E0,0.E0,0.E0));
#2299=VECTOR('',#2298,1.E-1);
#2300=CARTESIAN_POINT('',(5.9E0,6.5E-1,-4.2E0));
#2301=LINE('',#2300,#2299);
#2302=DIRECTION('',(0.E0,0.E0,-1.E0));
#2303=VECTOR('',#2302,2.E-1);
#2304=CARTESIAN_POINT('',(5.9E0,-2.5E-1,-4.2E0));
#2305=LINE('',#2304,#2303);
#2306=DIRECTION('',(0.E0,0.E0,1.E0));
#2307=VECTOR('',#2306,2.E-1);
#2308=CARTESIAN_POINT('',(5.9E0,6.5E-1,-4.4E0));
#2309=LINE('',#2308,#2307);
#2310=DIRECTION('',(0.E0,-1.E0,0.E0));
#2311=VECTOR('',#2310,9.E-1);
#2312=CARTESIAN_POINT('',(5.9E0,6.5E-1,-4.2E0));
#2313=LINE('',#2312,#2311);
#2314=DIRECTION('',(0.E0,-1.E0,0.E0));
#2315=VECTOR('',#2314,9.E-1);
#2316=CARTESIAN_POINT('',(5.9E0,6.5E-1,-4.4E0));
#2317=LINE('',#2316,#2315);
#2318=DIRECTION('',(1.E0,0.E0,0.E0));
#2319=VECTOR('',#2318,1.25E-1);
#2320=CARTESIAN_POINT('',(5.775E0,-2.5E-1,-4.4E0));
#2321=LINE('',#2320,#2319);
#2322=DIRECTION('',(0.E0,1.E0,0.E0));
#2323=VECTOR('',#2322,9.E-1);
#2324=CARTESIAN_POINT('',(5.775E0,-2.5E-1,-4.4E0));
#2325=LINE('',#2324,#2323);
#2326=DIRECTION('',(-1.E0,0.E0,0.E0));
#2327=VECTOR('',#2326,1.25E-1);
#2328=CARTESIAN_POINT('',(5.9E0,6.5E-1,-4.4E0));
#2329=LINE('',#2328,#2327);
#2330=DIRECTION('',(1.E0,0.E0,0.E0));
#2331=VECTOR('',#2330,1.E-1);
#2332=CARTESIAN_POINT('',(5.425E0,1.4E0,-4.4E0));
#2333=LINE('',#2332,#2331);
#2334=DIRECTION('',(3.162277660168E-1,-9.486832980505E-1,0.E0));
#2335=VECTOR('',#2334,3.162277660168E-1);
#2336=CARTESIAN_POINT('',(5.425E0,2.4E0,-4.4E0));
#2337=LINE('',#2336,#2335);
#2338=DIRECTION('',(0.E0,-1.E0,0.E0));
#2339=VECTOR('',#2338,1.5E-1);
#2340=CARTESIAN_POINT('',(5.525E0,1.55E0,-4.4E0));
#2341=LINE('',#2340,#2339);
#2342=DIRECTION('',(0.E0,0.E0,-1.E0));
#2343=VECTOR('',#2342,5.5E-1);
#2344=CARTESIAN_POINT('',(5.775E0,-2.5E-1,-3.85E0));
#2345=LINE('',#2344,#2343);
#2346=DIRECTION('',(0.E0,-1.E0,0.E0));
#2347=VECTOR('',#2346,2.E0);
#2348=CARTESIAN_POINT('',(5.775E0,1.55E0,-5.55E0));
#2349=LINE('',#2348,#2347);
#2350=CARTESIAN_POINT('',(6.075E0,1.25E0,-5.65E0));
#2351=DIRECTION('',(0.E0,0.E0,1.E0));
#2352=DIRECTION('',(1.E0,0.E0,0.E0));
#2353=AXIS2_PLACEMENT_3D('',#2350,#2351,#2352);
#2355=CARTESIAN_POINT('',(6.075E0,-1.5E-1,-5.65E0));
#2356=DIRECTION('',(0.E0,0.E0,1.E0));
#2357=DIRECTION('',(0.E0,-1.E0,0.E0));
#2358=AXIS2_PLACEMENT_3D('',#2355,#2356,#2357);
#2360=DIRECTION('',(0.E0,-1.E0,0.E0));
#2361=VECTOR('',#2360,2.E0);
#2362=CARTESIAN_POINT('',(5.875E0,1.55E0,-5.65E0));
#2363=LINE('',#2362,#2361);
#2364=DIRECTION('',(0.E0,0.E0,-1.E0));
#2365=VECTOR('',#2364,2.5E-1);
#2366=CARTESIAN_POINT('',(6.375E0,1.25E0,-5.65E0));
#2367=LINE('',#2366,#2365);
#2368=DIRECTION('',(0.E0,0.E0,1.E0));
#2369=VECTOR('',#2368,2.5E-1);
#2370=CARTESIAN_POINT('',(6.375E0,-1.5E-1,-5.9E0));
#2371=LINE('',#2370,#2369);
#2372=DIRECTION('',(0.E0,-1.E0,0.E0));
#2373=VECTOR('',#2372,1.4E0);
#2374=CARTESIAN_POINT('',(6.375E0,1.25E0,-5.65E0));
#2375=LINE('',#2374,#2373);
#2376=DIRECTION('',(0.E0,0.E0,1.E0));
#2377=VECTOR('',#2376,2.5E-1);
#2378=CARTESIAN_POINT('',(6.075E0,-4.5E-1,-5.9E0));
#2379=LINE('',#2378,#2377);
#2380=DIRECTION('',(-1.E0,0.E0,0.E0));
#2381=VECTOR('',#2380,2.E-1);
#2382=CARTESIAN_POINT('',(6.075E0,-4.5E-1,-5.9E0));
#2383=LINE('',#2382,#2381);
#2384=CARTESIAN_POINT('',(5.875E0,-4.5E-1,-5.55E0));
#2385=DIRECTION('',(0.E0,1.E0,0.E0));
#2386=DIRECTION('',(0.E0,0.E0,-1.E0));
#2387=AXIS2_PLACEMENT_3D('',#2384,#2385,#2386);
#2389=DIRECTION('',(0.E0,0.E0,1.E0));
#2390=VECTOR('',#2389,1.3E-1);
#2391=CARTESIAN_POINT('',(5.525E0,-4.5E-1,-5.55E0));
#2392=LINE('',#2391,#2390);
#2393=DIRECTION('',(0.E0,0.E0,-1.E0));
#2394=VECTOR('',#2393,6.5E-1);
#2395=CARTESIAN_POINT('',(5.775E0,-4.5E-1,-4.9E0));
#2396=LINE('',#2395,#2394);
#2397=CARTESIAN_POINT('',(5.875E0,-4.5E-1,-5.55E0));
#2398=DIRECTION('',(0.E0,-1.E0,0.E0));
#2399=DIRECTION('',(-1.E0,0.E0,0.E0));
#2400=AXIS2_PLACEMENT_3D('',#2397,#2398,#2399);
#2402=DIRECTION('',(1.E0,0.E0,0.E0));
#2403=VECTOR('',#2402,2.E-1);
#2404=CARTESIAN_POINT('',(5.875E0,-4.5E-1,-5.65E0));
#2405=LINE('',#2404,#2403);
#2406=DIRECTION('',(0.E0,0.E0,-1.E0));
#2407=VECTOR('',#2406,2.5E-1);
#2408=CARTESIAN_POINT('',(-6.075E0,-4.5E-1,-5.65E0));
#2409=LINE('',#2408,#2407);
#2410=DIRECTION('',(1.E0,0.E0,0.E0));
#2411=VECTOR('',#2410,2.E-1);
#2412=CARTESIAN_POINT('',(-6.075E0,-4.5E-1,-5.65E0));
#2413=LINE('',#2412,#2411);
#2414=CARTESIAN_POINT('',(-5.875E0,-4.5E-1,-5.55E0));
#2415=DIRECTION('',(0.E0,-1.E0,0.E0));
#2416=DIRECTION('',(0.E0,0.E0,-1.E0));
#2417=AXIS2_PLACEMENT_3D('',#2414,#2415,#2416);
#2419=DIRECTION('',(0.E0,0.E0,1.E0));
#2420=VECTOR('',#2419,6.5E-1);
#2421=CARTESIAN_POINT('',(-5.775E0,-4.5E-1,-5.55E0));
#2422=LINE('',#2421,#2420);
#2423=DIRECTION('',(0.E0,0.E0,-1.E0));
#2424=VECTOR('',#2423,1.3E-1);
#2425=CARTESIAN_POINT('',(-5.525E0,-4.5E-1,-5.42E0));
#2426=LINE('',#2425,#2424);
#2427=CARTESIAN_POINT('',(-5.875E0,-4.5E-1,-5.55E0));
#2428=DIRECTION('',(0.E0,1.E0,0.E0));
#2429=DIRECTION('',(1.E0,0.E0,0.E0));
#2430=AXIS2_PLACEMENT_3D('',#2427,#2428,#2429);
#2432=DIRECTION('',(-1.E0,0.E0,0.E0));
#2433=VECTOR('',#2432,2.E-1);
#2434=CARTESIAN_POINT('',(-5.875E0,-4.5E-1,-5.9E0));
#2435=LINE('',#2434,#2433);
#2436=DIRECTION('',(1.E0,0.E0,0.E0));
#2437=VECTOR('',#2436,2.5E-1);
#2438=CARTESIAN_POINT('',(5.525E0,-4.5E-1,-4.9E0));
#2439=LINE('',#2438,#2437);
#2440=DIRECTION('',(0.E0,-1.E0,0.E0));
#2441=VECTOR('',#2440,6.5E-1);
#2442=CARTESIAN_POINT('',(5.525E0,-4.5E-1,-4.9E0));
#2443=LINE('',#2442,#2441);
#2444=DIRECTION('',(0.E0,1.E0,0.E0));
#2445=VECTOR('',#2444,4.E-1);
#2446=CARTESIAN_POINT('',(5.8E0,-1.1E0,-4.9E0));
#2447=LINE('',#2446,#2445);
#2448=DIRECTION('',(1.E0,0.E0,0.E0));
#2449=VECTOR('',#2448,4.25E-1);
#2450=CARTESIAN_POINT('',(5.775E0,6.5E-1,-4.9E0));
#2451=LINE('',#2450,#2449);
#2452=DIRECTION('',(0.E0,-1.E0,0.E0));
#2453=VECTOR('',#2452,1.1E0);
#2454=CARTESIAN_POINT('',(5.775E0,6.5E-1,-4.9E0));
#2455=LINE('',#2454,#2453);
#2456=DIRECTION('',(-1.E0,0.E0,0.E0));
#2457=VECTOR('',#2456,2.75E-1);
#2458=CARTESIAN_POINT('',(-5.525E0,-1.1E0,-4.9E0));
#2459=LINE('',#2458,#2457);
#2460=DIRECTION('',(0.E0,0.E0,-1.E0));
#2461=VECTOR('',#2460,4.2E-1);
#2462=CARTESIAN_POINT('',(-5.8E0,-1.1E0,-4.9E0));
#2463=LINE('',#2462,#2461);
#2464=DIRECTION('',(1.E0,0.E0,0.E0));
#2465=VECTOR('',#2464,2.75E-1);
#2466=CARTESIAN_POINT('',(-5.8E0,-1.1E0,-5.32E0));
#2467=LINE('',#2466,#2465);
#2468=DIRECTION('',(0.E0,0.E0,1.E0));
#2469=VECTOR('',#2468,4.2E-1);
#2470=CARTESIAN_POINT('',(-5.525E0,-1.1E0,-5.32E0));
#2471=LINE('',#2470,#2469);
#2472=DIRECTION('',(0.E0,0.E0,-1.E0));
#2473=VECTOR('',#2472,4.2E-1);
#2474=CARTESIAN_POINT('',(5.525E0,-1.1E0,-4.9E0));
#2475=LINE('',#2474,#2473);
#2476=DIRECTION('',(1.E0,0.E0,0.E0));
#2477=VECTOR('',#2476,2.75E-1);
#2478=CARTESIAN_POINT('',(5.525E0,-1.1E0,-5.32E0));
#2479=LINE('',#2478,#2477);
#2480=DIRECTION('',(0.E0,0.E0,1.E0));
#2481=VECTOR('',#2480,4.2E-1);
#2482=CARTESIAN_POINT('',(5.8E0,-1.1E0,-5.32E0));
#2483=LINE('',#2482,#2481);
#2484=DIRECTION('',(-1.E0,0.E0,0.E0));
#2485=VECTOR('',#2484,2.75E-1);
#2486=CARTESIAN_POINT('',(5.8E0,-1.1E0,-4.9E0));
#2487=LINE('',#2486,#2485);
#2488=DIRECTION('',(-1.E0,0.E0,0.E0));
#2489=VECTOR('',#2488,2.5E-1);
#2490=CARTESIAN_POINT('',(-5.525E0,-4.5E-1,-4.9E0));
#2491=LINE('',#2490,#2489);
#2492=DIRECTION('',(0.E0,-1.E0,0.E0));
#2493=VECTOR('',#2492,1.1E0);
#2494=CARTESIAN_POINT('',(-5.775E0,6.5E-1,-4.9E0));
#2495=LINE('',#2494,#2493);
#2496=DIRECTION('',(-1.E0,0.E0,0.E0));
#2497=VECTOR('',#2496,4.25E-1);
#2498=CARTESIAN_POINT('',(-5.775E0,6.5E-1,-4.9E0));
#2499=LINE('',#2498,#2497);
#2500=DIRECTION('',(1.E0,0.E0,0.E0));
#2501=VECTOR('',#2500,3.E-1);
#2502=CARTESIAN_POINT('',(-6.2E0,-6.E-1,-4.9E0));
#2503=LINE('',#2502,#2501);
#2504=DIRECTION('',(0.E0,0.E0,-1.E0));
#2505=VECTOR('',#2504,5.5E-1);
#2506=CARTESIAN_POINT('',(-5.775E0,-2.5E-1,-3.85E0));
#2507=LINE('',#2506,#2505);
#2508=DIRECTION('',(0.E0,-1.E0,0.E0));
#2509=VECTOR('',#2508,2.E0);
#2510=CARTESIAN_POINT('',(-5.775E0,1.55E0,-5.55E0));
#2511=LINE('',#2510,#2509);
#2512=DIRECTION('',(1.E0,0.E0,0.E0));
#2513=VECTOR('',#2512,1.25E-1);
#2514=CARTESIAN_POINT('',(-5.9E0,-2.5E-1,-4.4E0));
#2515=LINE('',#2514,#2513);
#2516=DIRECTION('',(-1.E0,0.E0,0.E0));
#2517=VECTOR('',#2516,1.25E-1);
#2518=CARTESIAN_POINT('',(-5.775E0,6.5E-1,-4.4E0));
#2519=LINE('',#2518,#2517);
#2520=DIRECTION('',(0.E0,1.E0,0.E0));
#2521=VECTOR('',#2520,9.E-1);
#2522=CARTESIAN_POINT('',(-5.775E0,-2.5E-1,-4.4E0));
#2523=LINE('',#2522,#2521);
#2524=DIRECTION('',(-1.E0,0.E0,0.E0));
#2525=VECTOR('',#2524,1.E-1);
#2526=CARTESIAN_POINT('',(-5.425E0,1.4E0,-4.4E0));
#2527=LINE('',#2526,#2525);
#2528=DIRECTION('',(0.E0,1.E0,0.E0));
#2529=VECTOR('',#2528,1.5E-1);
#2530=CARTESIAN_POINT('',(-5.525E0,1.4E0,-4.4E0));
#2531=LINE('',#2530,#2529);
#2532=DIRECTION('',(-3.162277660168E-1,-9.486832980505E-1,0.E0));
#2533=VECTOR('',#2532,3.162277660168E-1);
#2534=CARTESIAN_POINT('',(-5.425E0,2.4E0,-4.4E0));
#2535=LINE('',#2534,#2533);
#2536=DIRECTION('',(0.E0,-1.E0,0.E0));
#2537=VECTOR('',#2536,1.E0);
#2538=CARTESIAN_POINT('',(-5.425E0,2.4E0,-4.4E0));
#2539=LINE('',#2538,#2537);
#2540=DIRECTION('',(0.E0,0.E0,1.E0));
#2541=VECTOR('',#2540,2.E-1);
#2542=CARTESIAN_POINT('',(-5.9E0,-2.5E-1,-4.4E0));
#2543=LINE('',#2542,#2541);
#2544=DIRECTION('',(0.E0,0.E0,-1.E0));
#2545=VECTOR('',#2544,2.E-1);
#2546=CARTESIAN_POINT('',(-5.9E0,6.5E-1,-4.2E0));
#2547=LINE('',#2546,#2545);
#2548=DIRECTION('',(0.E0,-1.E0,0.E0));
#2549=VECTOR('',#2548,9.E-1);
#2550=CARTESIAN_POINT('',(-5.9E0,6.5E-1,-4.4E0));
#2551=LINE('',#2550,#2549);
#2552=DIRECTION('',(1.E0,0.E0,0.E0));
#2553=VECTOR('',#2552,1.E-1);
#2554=CARTESIAN_POINT('',(-5.9E0,-2.5E-1,-4.2E0));
#2555=LINE('',#2554,#2553);
#2556=DIRECTION('',(-1.E0,0.E0,0.E0));
#2557=VECTOR('',#2556,1.E-1);
#2558=CARTESIAN_POINT('',(-5.8E0,6.5E-1,-4.2E0));
#2559=LINE('',#2558,#2557);
#2560=DIRECTION('',(0.E0,-1.E0,0.E0));
#2561=VECTOR('',#2560,9.E-1);
#2562=CARTESIAN_POINT('',(-5.9E0,6.5E-1,-4.2E0));
#2563=LINE('',#2562,#2561);
#2564=DIRECTION('',(0.E0,0.E0,-1.E0));
#2565=VECTOR('',#2564,3.5E-1);
#2566=CARTESIAN_POINT('',(-5.8E0,-2.5E-1,-3.85E0));
#2567=LINE('',#2566,#2565);
#2568=DIRECTION('',(0.E0,1.E0,0.E0));
#2569=VECTOR('',#2568,9.E-1);
#2570=CARTESIAN_POINT('',(-5.8E0,-2.5E-1,-3.85E0));
#2571=LINE('',#2570,#2569);
#2572=DIRECTION('',(0.E0,0.E0,-1.E0));
#2573=VECTOR('',#2572,3.5E-1);
#2574=CARTESIAN_POINT('',(-5.8E0,6.5E-1,-3.85E0));
#2575=LINE('',#2574,#2573);
#2576=DIRECTION('',(0.E0,-1.E0,0.E0));
#2577=VECTOR('',#2576,9.E-1);
#2578=CARTESIAN_POINT('',(-5.8E0,6.5E-1,-4.2E0));
#2579=LINE('',#2578,#2577);
#2580=DIRECTION('',(-5.773502691896E-1,5.773502691896E-1,5.773502691896E-1));
#2581=VECTOR('',#2580,1.732050807569E-1);
#2582=CARTESIAN_POINT('',(-5.8E0,6.5E-1,-4.2E0));
#2583=LINE('',#2582,#2581);
#2584=DIRECTION('',(-7.071067811866E-1,7.071067811865E-1,0.E0));
#2585=VECTOR('',#2584,1.414213562373E-1);
#2586=CARTESIAN_POINT('',(-5.8E0,6.5E-1,-3.85E0));
#2587=LINE('',#2586,#2585);
#2588=DIRECTION('',(0.E0,0.E0,1.E0));
#2589=VECTOR('',#2588,3.E-1);
#2590=CARTESIAN_POINT('',(-5.775E0,7.5E-1,-4.8E0));
#2591=LINE('',#2590,#2589);
#2592=DIRECTION('',(-1.E0,0.E0,0.E0));
#2593=VECTOR('',#2592,2.25E-1);
#2594=CARTESIAN_POINT('',(-5.775E0,7.5E-1,-4.5E0));
#2595=LINE('',#2594,#2593);
#2596=DIRECTION('',(0.E0,0.E0,-1.E0));
#2597=VECTOR('',#2596,4.E-1);
#2598=CARTESIAN_POINT('',(-6.E0,7.5E-1,-4.1E0));
#2599=LINE('',#2598,#2597);
#2600=DIRECTION('',(-1.E0,0.E0,0.E0));
#2601=VECTOR('',#2600,1.E-1);
#2602=CARTESIAN_POINT('',(-5.9E0,7.5E-1,-4.1E0));
#2603=LINE('',#2602,#2601);
#2604=DIRECTION('',(0.E0,0.E0,-1.E0));
#2605=VECTOR('',#2604,2.5E-1);
#2606=CARTESIAN_POINT('',(-5.9E0,7.5E-1,-3.85E0));
#2607=LINE('',#2606,#2605);
#2608=DIRECTION('',(-1.E0,0.E0,0.E0));
#2609=VECTOR('',#2608,4.25E-1);
#2610=CARTESIAN_POINT('',(-5.775E0,7.5E-1,-4.8E0));
#2611=LINE('',#2610,#2609);
#2612=DIRECTION('',(0.E0,7.071067811865E-1,-7.071067811866E-1));
#2613=VECTOR('',#2612,1.414213562373E-1);
#2614=CARTESIAN_POINT('',(-5.775E0,6.5E-1,-4.4E0));
#2615=LINE('',#2614,#2613);
#2616=DIRECTION('',(-5.773502691896E-1,5.773502691896E-1,-5.773502691896E-1));
#2617=VECTOR('',#2616,1.732050807569E-1);
#2618=CARTESIAN_POINT('',(-5.9E0,6.5E-1,-4.4E0));
#2619=LINE('',#2618,#2617);
#2620=DIRECTION('',(-5.773502691896E-1,5.773502691896E-1,5.773502691896E-1));
#2621=VECTOR('',#2620,1.732050807569E-1);
#2622=CARTESIAN_POINT('',(-5.9E0,6.5E-1,-4.2E0));
#2623=LINE('',#2622,#2621);
#2624=DIRECTION('',(0.E0,-7.071067811865E-1,-7.071067811865E-1));
#2625=VECTOR('',#2624,1.414213562373E-1);
#2626=CARTESIAN_POINT('',(-5.775E0,7.5E-1,-4.8E0));
#2627=LINE('',#2626,#2625);
#2628=DIRECTION('',(0.E0,0.E0,-1.E0));
#2629=VECTOR('',#2628,2.E-1);
#2630=CARTESIAN_POINT('',(-5.425E0,1.4E0,-4.2E0));
#2631=LINE('',#2630,#2629);
#2632=DIRECTION('',(0.E0,-1.E0,0.E0));
#2633=VECTOR('',#2632,1.E0);
#2634=CARTESIAN_POINT('',(-5.425E0,2.4E0,-4.2E0));
#2635=LINE('',#2634,#2633);
#2636=DIRECTION('',(1.E0,0.E0,0.E0));
#2637=VECTOR('',#2636,1.E-1);
#2638=CARTESIAN_POINT('',(-5.525E0,1.4E0,-4.2E0));
#2639=LINE('',#2638,#2637);
#2640=DIRECTION('',(3.162277660168E-1,9.486832980505E-1,0.E0));
#2641=VECTOR('',#2640,3.162277660168E-1);
#2642=CARTESIAN_POINT('',(-5.525E0,2.1E0,-4.2E0));
#2643=LINE('',#2642,#2641);
#2644=DIRECTION('',(0.E0,1.E0,0.E0));
#2645=VECTOR('',#2644,1.5E-1);
#2646=CARTESIAN_POINT('',(-5.525E0,1.4E0,-4.2E0));
#2647=LINE('',#2646,#2645);
#2648=DIRECTION('',(3.015113445778E-1,9.045340337333E-1,3.015113445778E-1));
#2649=VECTOR('',#2648,3.316624790355E-1);
#2650=CARTESIAN_POINT('',(-5.525E0,2.1E0,-3.85E0));
#2651=LINE('',#2650,#2649);
#2652=DIRECTION('',(1.E0,0.E0,0.E0));
#2653=VECTOR('',#2652,1.E-1);
#2654=CARTESIAN_POINT('',(5.425E0,1.4E0,-4.2E0));
#2655=LINE('',#2654,#2653);
#2656=DIRECTION('',(0.E0,1.E0,0.E0));
#2657=VECTOR('',#2656,1.5E-1);
#2658=CARTESIAN_POINT('',(5.525E0,1.4E0,-4.2E0));
#2659=LINE('',#2658,#2657);
#2660=DIRECTION('',(-3.162277660168E-1,9.486832980505E-1,0.E0));
#2661=VECTOR('',#2660,3.162277660168E-1);
#2662=CARTESIAN_POINT('',(5.525E0,2.1E0,-4.2E0));
#2663=LINE('',#2662,#2661);
#2664=DIRECTION('',(0.E0,-1.E0,0.E0));
#2665=VECTOR('',#2664,1.E0);
#2666=CARTESIAN_POINT('',(5.425E0,2.4E0,-4.2E0));
#2667=LINE('',#2666,#2665);
#2668=DIRECTION('',(0.E0,0.E0,1.E0));
#2669=VECTOR('',#2668,2.E-1);
#2670=CARTESIAN_POINT('',(5.425E0,1.4E0,-4.4E0));
#2671=LINE('',#2670,#2669);
#2672=DIRECTION('',(0.E0,-1.E0,0.E0));
#2673=VECTOR('',#2672,1.E0);
#2674=CARTESIAN_POINT('',(5.425E0,2.4E0,-4.4E0));
#2675=LINE('',#2674,#2673);
#2676=DIRECTION('',(-3.015113445778E-1,-9.045340337333E-1,3.015113445778E-1));
#2677=VECTOR('',#2676,3.316624790355E-1);
#2678=CARTESIAN_POINT('',(-5.425E0,2.4E0,-5.52E0));
#2679=LINE('',#2678,#2677);
#2680=DIRECTION('',(0.E0,-1.E0,0.E0));
#2681=VECTOR('',#2680,2.E0);
#2682=CARTESIAN_POINT('',(-5.875E0,1.55E0,-5.65E0));
#2683=LINE('',#2682,#2681);
#2684=CARTESIAN_POINT('',(-6.075E0,1.25E0,-5.65E0));
#2685=DIRECTION('',(0.E0,0.E0,1.E0));
#2686=DIRECTION('',(0.E0,1.E0,0.E0));
#2687=AXIS2_PLACEMENT_3D('',#2684,#2685,#2686);
#2689=CARTESIAN_POINT('',(-6.075E0,-1.5E-1,-5.65E0));
#2690=DIRECTION('',(0.E0,0.E0,1.E0));
#2691=DIRECTION('',(-1.E0,0.E0,0.E0));
#2692=AXIS2_PLACEMENT_3D('',#2689,#2690,#2691);
#2694=DIRECTION('',(0.E0,-1.E0,0.E0));
#2695=VECTOR('',#2694,1.4E0);
#2696=CARTESIAN_POINT('',(-6.375E0,1.25E0,-5.65E0));
#2697=LINE('',#2696,#2695);
#2698=DIRECTION('',(0.E0,0.E0,1.E0));
#2699=VECTOR('',#2698,2.5E-1);
#2700=CARTESIAN_POINT('',(-6.375E0,1.25E0,-5.9E0));
#2701=LINE('',#2700,#2699);
#2702=DIRECTION('',(0.E0,0.E0,-1.E0));
#2703=VECTOR('',#2702,2.5E-1);
#2704=CARTESIAN_POINT('',(-6.375E0,-1.5E-1,-5.65E0));
#2705=LINE('',#2704,#2703);
#2706=DIRECTION('',(0.E0,-1.E0,0.E0));
#2707=VECTOR('',#2706,1.4E0);
#2708=CARTESIAN_POINT('',(-6.375E0,1.25E0,-5.9E0));
#2709=LINE('',#2708,#2707);
#2710=CARTESIAN_POINT('',(-6.075E0,1.25E0,-5.9E0));
#2711=DIRECTION('',(0.E0,0.E0,-1.E0));
#2712=DIRECTION('',(-1.E0,0.E0,0.E0));
#2713=AXIS2_PLACEMENT_3D('',#2710,#2711,#2712);
#2715=CARTESIAN_POINT('',(-6.075E0,-1.5E-1,-5.9E0));
#2716=DIRECTION('',(0.E0,0.E0,-1.E0));
#2717=DIRECTION('',(0.E0,-1.E0,0.E0));
#2718=AXIS2_PLACEMENT_3D('',#2715,#2716,#2717);
#2720=DIRECTION('',(0.E0,-1.E0,0.E0));
#2721=VECTOR('',#2720,2.E0);
#2722=CARTESIAN_POINT('',(-5.875E0,1.55E0,-5.9E0));
#2723=LINE('',#2722,#2721);
#2724=DIRECTION('',(0.E0,-1.E0,0.E0));
#2725=VECTOR('',#2724,2.E0);
#2726=CARTESIAN_POINT('',(-5.525E0,1.55E0,-5.55E0));
#2727=LINE('',#2726,#2725);
#2728=DIRECTION('',(1.E0,0.E0,0.E0));
#2729=VECTOR('',#2728,1.055E0);
#2730=CARTESIAN_POINT('',(-6.2E0,-6.E-1,-5.8E0));
#2731=LINE('',#2730,#2729);
#2732=DIRECTION('',(1.E0,0.E0,0.E0));
#2733=VECTOR('',#2732,3.75E-1);
#2734=CARTESIAN_POINT('',(-5.9E0,-6.E-1,-5.42E0));
#2735=LINE('',#2734,#2733);
#2736=DIRECTION('',(0.E0,0.E0,-1.E0));
#2737=VECTOR('',#2736,5.2E-1);
#2738=CARTESIAN_POINT('',(-5.9E0,-6.E-1,-4.9E0));
#2739=LINE('',#2738,#2737);
#2740=DIRECTION('',(0.E0,-7.071067811865E-1,7.071067811865E-1));
#2741=VECTOR('',#2740,1.414213562373E-1);
#2742=CARTESIAN_POINT('',(-5.525E0,-6.E-1,-5.42E0));
#2743=LINE('',#2742,#2741);
#2744=DIRECTION('',(1.E0,0.E0,0.E0));
#2745=VECTOR('',#2744,2.75E-1);
#2746=CARTESIAN_POINT('',(-5.8E0,-7.E-1,-5.32E0));
#2747=LINE('',#2746,#2745);
#2748=DIRECTION('',(0.E0,1.E0,0.E0));
#2749=VECTOR('',#2748,4.E-1);
#2750=CARTESIAN_POINT('',(-5.8E0,-1.1E0,-5.32E0));
#2751=LINE('',#2750,#2749);
#2752=DIRECTION('',(0.E0,0.E0,-1.E0));
#2753=VECTOR('',#2752,4.2E-1);
#2754=CARTESIAN_POINT('',(-5.8E0,-7.E-1,-4.9E0));
#2755=LINE('',#2754,#2753);
#2756=DIRECTION('',(0.E0,1.E0,0.E0));
#2757=VECTOR('',#2756,4.E-1);
#2758=CARTESIAN_POINT('',(-5.8E0,-1.1E0,-4.9E0));
#2759=LINE('',#2758,#2757);
#2760=DIRECTION('',(-5.773502691896E-1,5.773502691896E-1,-5.773502691896E-1));
#2761=VECTOR('',#2760,1.732050807569E-1);
#2762=CARTESIAN_POINT('',(-5.8E0,-7.E-1,-5.32E0));
#2763=LINE('',#2762,#2761);
#2764=DIRECTION('',(-7.071067811866E-1,7.071067811865E-1,0.E0));
#2765=VECTOR('',#2764,1.414213562373E-1);
#2766=CARTESIAN_POINT('',(-5.8E0,-7.E-1,-4.9E0));
#2767=LINE('',#2766,#2765);
#2768=DIRECTION('',(1.E0,0.E0,0.E0));
#2769=VECTOR('',#2768,2.75E-1);
#2770=CARTESIAN_POINT('',(5.525E0,-7.E-1,-5.32E0));
#2771=LINE('',#2770,#2769);
#2772=DIRECTION('',(0.E0,1.E0,0.E0));
#2773=VECTOR('',#2772,4.E-1);
#2774=CARTESIAN_POINT('',(5.525E0,-1.1E0,-5.32E0));
#2775=LINE('',#2774,#2773);
#2776=DIRECTION('',(5.773502691896E-1,5.773502691896E-1,-5.773502691896E-1));
#2777=VECTOR('',#2776,1.732050807569E-1);
#2778=CARTESIAN_POINT('',(5.8E0,-7.E-1,-5.32E0));
#2779=LINE('',#2778,#2777);
#2780=DIRECTION('',(0.E0,7.071067811865E-1,-7.071067811865E-1));
#2781=VECTOR('',#2780,1.414213562373E-1);
#2782=CARTESIAN_POINT('',(5.525E0,-7.E-1,-5.32E0));
#2783=LINE('',#2782,#2781);
#2784=DIRECTION('',(1.E0,0.E0,0.E0));
#2785=VECTOR('',#2784,3.75E-1);
#2786=CARTESIAN_POINT('',(5.525E0,-6.E-1,-5.42E0));
#2787=LINE('',#2786,#2785);
#2788=DIRECTION('',(1.E0,0.E0,0.E0));
#2789=VECTOR('',#2788,1.055E0);
#2790=CARTESIAN_POINT('',(5.145E0,-6.E-1,-5.8E0));
#2791=LINE('',#2790,#2789);
#2792=DIRECTION('',(-1.E0,0.E0,0.E0));
#2793=VECTOR('',#2792,3.E-1);
#2794=CARTESIAN_POINT('',(6.2E0,-6.E-1,-4.9E0));
#2795=LINE('',#2794,#2793);
#2796=DIRECTION('',(0.E0,0.E0,1.E0));
#2797=VECTOR('',#2796,5.2E-1);
#2798=CARTESIAN_POINT('',(5.9E0,-6.E-1,-5.42E0));
#2799=LINE('',#2798,#2797);
#2800=DIRECTION('',(-7.071067811866E-1,-7.071067811865E-1,0.E0));
#2801=VECTOR('',#2800,1.414213562373E-1);
#2802=CARTESIAN_POINT('',(5.9E0,-6.E-1,-4.9E0));
#2803=LINE('',#2802,#2801);
#2804=DIRECTION('',(0.E0,0.E0,1.E0));
#2805=VECTOR('',#2804,4.2E-1);
#2806=CARTESIAN_POINT('',(5.8E0,-7.E-1,-5.32E0));
#2807=LINE('',#2806,#2805);
#2808=DIRECTION('',(0.E0,1.E0,0.E0));
#2809=VECTOR('',#2808,4.E-1);
#2810=CARTESIAN_POINT('',(5.8E0,-1.1E0,-5.32E0));
#2811=LINE('',#2810,#2809);
#2812=DIRECTION('',(0.E0,7.071067811866E-1,7.071067811865E-1));
#2813=VECTOR('',#2812,1.414213562373E-1);
#2814=CARTESIAN_POINT('',(5.775E0,6.5E-1,-4.9E0));
#2815=LINE('',#2814,#2813);
#2816=DIRECTION('',(0.E0,0.E0,-1.E0));
#2817=VECTOR('',#2816,3.E-1);
#2818=CARTESIAN_POINT('',(5.775E0,7.5E-1,-4.5E0));
#2819=LINE('',#2818,#2817);
#2820=DIRECTION('',(1.E0,0.E0,0.E0));
#2821=VECTOR('',#2820,4.25E-1);
#2822=CARTESIAN_POINT('',(5.775E0,7.5E-1,-4.8E0));
#2823=LINE('',#2822,#2821);
#2824=DIRECTION('',(-1.E0,0.E0,0.E0));
#2825=VECTOR('',#2824,3.E-1);
#2826=CARTESIAN_POINT('',(6.2E0,7.5E-1,-3.85E0));
#2827=LINE('',#2826,#2825);
#2828=DIRECTION('',(0.E0,0.E0,1.E0));
#2829=VECTOR('',#2828,2.5E-1);
#2830=CARTESIAN_POINT('',(5.9E0,7.5E-1,-4.1E0));
#2831=LINE('',#2830,#2829);
#2832=DIRECTION('',(-1.E0,0.E0,0.E0));
#2833=VECTOR('',#2832,1.E-1);
#2834=CARTESIAN_POINT('',(6.E0,7.5E-1,-4.1E0));
#2835=LINE('',#2834,#2833);
#2836=DIRECTION('',(0.E0,0.E0,1.E0));
#2837=VECTOR('',#2836,4.E-1);
#2838=CARTESIAN_POINT('',(6.E0,7.5E-1,-4.5E0));
#2839=LINE('',#2838,#2837);
#2840=DIRECTION('',(-1.E0,0.E0,0.E0));
#2841=VECTOR('',#2840,2.25E-1);
#2842=CARTESIAN_POINT('',(6.E0,7.5E-1,-4.5E0));
#2843=LINE('',#2842,#2841);
#2844=DIRECTION('',(-7.071067811866E-1,-7.071067811865E-1,0.E0));
#2845=VECTOR('',#2844,1.414213562373E-1);
#2846=CARTESIAN_POINT('',(5.9E0,7.5E-1,-3.85E0));
#2847=LINE('',#2846,#2845);
#2848=DIRECTION('',(5.773502691896E-1,5.773502691896E-1,5.773502691896E-1));
#2849=VECTOR('',#2848,1.732050807569E-1);
#2850=CARTESIAN_POINT('',(5.8E0,6.5E-1,-4.2E0));
#2851=LINE('',#2850,#2849);
#2852=DIRECTION('',(5.773502691896E-1,5.773502691896E-1,5.773502691896E-1));
#2853=VECTOR('',#2852,1.732050807569E-1);
#2854=CARTESIAN_POINT('',(5.9E0,6.5E-1,-4.2E0));
#2855=LINE('',#2854,#2853);
#2856=DIRECTION('',(0.E0,7.071067811865E-1,-7.071067811865E-1));
#2857=VECTOR('',#2856,1.414213562373E-1);
#2858=CARTESIAN_POINT('',(5.775E0,6.5E-1,-4.4E0));
#2859=LINE('',#2858,#2857);
#2860=DIRECTION('',(5.773502691896E-1,5.773502691896E-1,-5.773502691896E-1));
#2861=VECTOR('',#2860,1.732050807569E-1);
#2862=CARTESIAN_POINT('',(5.9E0,6.5E-1,-4.4E0));
#2863=LINE('',#2862,#2861);
#2864=DIRECTION('',(-3.015113445778E-1,9.045340337333E-1,-3.015113445778E-1));
#2865=VECTOR('',#2864,3.316624790355E-1);
#2866=CARTESIAN_POINT('',(5.525E0,2.1E0,-5.42E0));
#2867=LINE('',#2866,#2865);
#2868=DIRECTION('',(0.E0,-7.071067811865E-1,-7.071067811865E-1));
#2869=VECTOR('',#2868,1.414213562373E-1);
#2870=CARTESIAN_POINT('',(-5.525E0,-1.4E0,-8.E-1));
#2871=LINE('',#2870,#2869);
#2872=DIRECTION('',(-3.162277660168E-1,0.E0,-9.486832980505E-1));
#2873=VECTOR('',#2872,3.162277660168E-1);
#2874=CARTESIAN_POINT('',(-5.425E0,-8.E-1,0.E0));
#2875=LINE('',#2874,#2873);
#2876=DIRECTION('',(0.E0,0.E0,-1.E0));
#2877=VECTOR('',#2876,2.65E0);
#2878=CARTESIAN_POINT('',(-5.425E0,-8.E-1,0.E0));
#2879=LINE('',#2878,#2877);
#2880=DIRECTION('',(0.E0,0.E0,-1.E0));
#2881=VECTOR('',#2880,2.65E0);
#2882=CARTESIAN_POINT('',(-5.425E0,-1.E0,0.E0));
#2883=LINE('',#2882,#2881);
#2884=DIRECTION('',(-1.E0,0.E0,0.E0));
#2885=VECTOR('',#2884,2.75E-1);
#2886=CARTESIAN_POINT('',(-5.525E0,-1.92E0,-2.25E0));
#2887=LINE('',#2886,#2885);
#2888=DIRECTION('',(0.E0,0.E0,-1.E0));
#2889=VECTOR('',#2888,4.E-1);
#2890=CARTESIAN_POINT('',(-5.8E0,-1.92E0,-2.25E0));
#2891=LINE('',#2890,#2889);
#2892=DIRECTION('',(0.E0,-1.E0,0.E0));
#2893=VECTOR('',#2892,1.E-1);
#2894=CARTESIAN_POINT('',(-4.96E0,-2.4E0,0.E0));
#2895=LINE('',#2894,#2893);
#2896=DIRECTION('',(0.E0,0.E0,-1.E0));
#2897=VECTOR('',#2896,1.5E0);
#2898=CARTESIAN_POINT('',(-4.96E0,-2.5E0,0.E0));
#2899=LINE('',#2898,#2897);
#2900=DIRECTION('',(-1.E0,0.E0,0.E0));
#2901=VECTOR('',#2900,8.E-1);
#2902=CARTESIAN_POINT('',(-4.16E0,-2.5E0,0.E0));
#2903=LINE('',#2902,#2901);
#2904=DIRECTION('',(0.E0,0.E0,1.E0));
#2905=VECTOR('',#2904,1.5E0);
#2906=CARTESIAN_POINT('',(-4.16E0,-2.5E0,-1.5E0));
#2907=LINE('',#2906,#2905);
#2908=DIRECTION('',(1.E0,0.E0,0.E0));
#2909=VECTOR('',#2908,8.E-1);
#2910=CARTESIAN_POINT('',(-4.96E0,-2.5E0,-1.5E0));
#2911=LINE('',#2910,#2909);
#2912=DIRECTION('',(-1.E0,0.E0,0.E0));
#2913=VECTOR('',#2912,8.E-1);
#2914=CARTESIAN_POINT('',(4.96E0,-2.5E0,0.E0));
#2915=LINE('',#2914,#2913);
#2916=DIRECTION('',(0.E0,0.E0,1.E0));
#2917=VECTOR('',#2916,1.5E0);
#2918=CARTESIAN_POINT('',(4.96E0,-2.5E0,-1.5E0));
#2919=LINE('',#2918,#2917);
#2920=DIRECTION('',(1.E0,0.E0,0.E0));
#2921=VECTOR('',#2920,8.E-1);
#2922=CARTESIAN_POINT('',(4.16E0,-2.5E0,-1.5E0));
#2923=LINE('',#2922,#2921);
#2924=DIRECTION('',(0.E0,0.E0,-1.E0));
#2925=VECTOR('',#2924,1.5E0);
#2926=CARTESIAN_POINT('',(4.16E0,-2.5E0,0.E0));
#2927=LINE('',#2926,#2925);
#2928=DIRECTION('',(0.E0,-1.E0,0.E0));
#2929=VECTOR('',#2928,1.E-1);
#2930=CARTESIAN_POINT('',(-4.16E0,-2.4E0,-1.5E0));
#2931=LINE('',#2930,#2929);
#2932=DIRECTION('',(0.E0,-1.E0,0.E0));
#2933=VECTOR('',#2932,1.E-1);
#2934=CARTESIAN_POINT('',(-4.96E0,-2.4E0,-1.5E0));
#2935=LINE('',#2934,#2933);
#2936=DIRECTION('',(0.E0,-1.E0,0.E0));
#2937=VECTOR('',#2936,1.E-1);
#2938=CARTESIAN_POINT('',(4.96E0,-2.4E0,-1.5E0));
#2939=LINE('',#2938,#2937);
#2940=DIRECTION('',(0.E0,-1.E0,0.E0));
#2941=VECTOR('',#2940,1.E-1);
#2942=CARTESIAN_POINT('',(4.16E0,-2.4E0,-1.5E0));
#2943=LINE('',#2942,#2941);
#2944=DIRECTION('',(0.E0,-1.E0,0.E0));
#2945=VECTOR('',#2944,1.E-1);
#2946=CARTESIAN_POINT('',(4.16E0,-2.4E0,0.E0));
#2947=LINE('',#2946,#2945);
#2948=CARTESIAN_POINT('',(6.2E0,2.4E0,0.E0));
#2949=CARTESIAN_POINT('',(-6.2E0,2.4E0,0.E0));
#2950=VERTEX_POINT('',#2948);
#2951=VERTEX_POINT('',#2949);
#2952=CARTESIAN_POINT('',(6.2E0,-2.4E0,-2.15E0));
#2953=CARTESIAN_POINT('',(6.2E0,-1.5E0,-2.15E0));
#2954=VERTEX_POINT('',#2952);
#2955=VERTEX_POINT('',#2953);
#2956=CARTESIAN_POINT('',(6.2E0,-6.E-1,-5.8E0));
#2957=CARTESIAN_POINT('',(6.2E0,-6.E-1,-4.9E0));
#2958=VERTEX_POINT('',#2956);
#2959=VERTEX_POINT('',#2957);
#2960=CARTESIAN_POINT('',(6.2E0,-2.4E0,-5.8E0));
#2961=VERTEX_POINT('',#2960);
#2962=CARTESIAN_POINT('',(-6.2E0,-2.4E0,-2.15E0));
#2963=CARTESIAN_POINT('',(-6.2E0,-1.5E0,-2.15E0));
#2964=VERTEX_POINT('',#2962);
#2965=VERTEX_POINT('',#2963);
#2966=CARTESIAN_POINT('',(-6.2E0,-6.E-1,-5.8E0));
#2967=CARTESIAN_POINT('',(-6.2E0,-6.E-1,-4.9E0));
#2968=VERTEX_POINT('',#2966);
#2969=VERTEX_POINT('',#2967);
#2970=CARTESIAN_POINT('',(-6.2E0,-2.4E0,-5.8E0));
#2971=VERTEX_POINT('',#2970);
#2972=CARTESIAN_POINT('',(5.525E0,-1.5E0,-2.65E0));
#2973=CARTESIAN_POINT('',(5.525E0,-1.92E0,-2.65E0));
#2974=VERTEX_POINT('',#2972);
#2975=VERTEX_POINT('',#2973);
#2976=CARTESIAN_POINT('',(5.8E0,-1.92E0,-2.65E0));
#2977=VERTEX_POINT('',#2976);
#2978=CARTESIAN_POINT('',(5.8E0,-1.5E0,-2.65E0));
#2979=VERTEX_POINT('',#2978);
#2980=CARTESIAN_POINT('',(5.8E0,-4.5E-1,-2.65E0));
#2981=CARTESIAN_POINT('',(5.525E0,-4.5E-1,-2.65E0));
#2982=VERTEX_POINT('',#2980);
#2983=VERTEX_POINT('',#2981);
#2984=CARTESIAN_POINT('',(5.525E0,-8.E-1,-2.65E0));
#2985=VERTEX_POINT('',#2984);
#2986=CARTESIAN_POINT('',(5.425E0,-8.E-1,-2.65E0));
#2987=VERTEX_POINT('',#2986);
#2988=CARTESIAN_POINT('',(5.425E0,-1.E0,-2.65E0));
#2989=VERTEX_POINT('',#2988);
#2990=CARTESIAN_POINT('',(-5.525E0,-1.1E0,-4.9E0));
#2991=CARTESIAN_POINT('',(-5.8E0,-1.1E0,-4.9E0));
#2992=VERTEX_POINT('',#2990);
#2993=VERTEX_POINT('',#2991);
#2994=CARTESIAN_POINT('',(-5.8E0,-1.1E0,-5.32E0));
#2995=VERTEX_POINT('',#2994);
#2996=CARTESIAN_POINT('',(-5.525E0,-1.1E0,-5.32E0));
#2997=VERTEX_POINT('',#2996);
#2998=CARTESIAN_POINT('',(5.525E0,-1.1E0,-4.9E0));
#2999=CARTESIAN_POINT('',(5.525E0,-1.1E0,-5.32E0));
#3000=VERTEX_POINT('',#2998);
#3001=VERTEX_POINT('',#2999);
#3002=CARTESIAN_POINT('',(5.8E0,-1.1E0,-5.32E0));
#3003=VERTEX_POINT('',#3002);
#3004=CARTESIAN_POINT('',(5.8E0,-1.1E0,-4.9E0));
#3005=VERTEX_POINT('',#3004);
#3006=CARTESIAN_POINT('',(-5.9E0,-8.E-1,-2.65E0));
#3007=CARTESIAN_POINT('',(-5.9E0,-1.E0,-2.65E0));
#3008=VERTEX_POINT('',#3006);
#3009=VERTEX_POINT('',#3007);
#3010=CARTESIAN_POINT('',(5.8E0,-8.E-1,-2.65E0));
#3011=VERTEX_POINT('',#3010);
#3012=CARTESIAN_POINT('',(-5.8E0,-8.E-1,-2.65E0));
#3013=VERTEX_POINT('',#3012);
#3014=CARTESIAN_POINT('',(-5.9E0,-1.E0,-9.E-1));
#3015=CARTESIAN_POINT('',(-5.9E0,-8.E-1,-9.E-1));
#3016=VERTEX_POINT('',#3014);
#3017=VERTEX_POINT('',#3015);
#3018=CARTESIAN_POINT('',(-6.E0,-1.1E0,-8.E-1));
#3019=CARTESIAN_POINT('',(-6.E0,-7.E-1,-8.E-1));
#3020=VERTEX_POINT('',#3018);
#3021=VERTEX_POINT('',#3019);
#3022=CARTESIAN_POINT('',(-5.9E0,-7.E-1,-8.E-1));
#3023=VERTEX_POINT('',#3022);
#3024=CARTESIAN_POINT('',(-5.8E0,-8.E-1,-9.E-1));
#3025=VERTEX_POINT('',#3024);
#3026=CARTESIAN_POINT('',(5.9E0,-4.5E-1,-8.E-1));
#3027=CARTESIAN_POINT('',(5.9E0,-7.E-1,-8.E-1));
#3028=VERTEX_POINT('',#3026);
#3029=VERTEX_POINT('',#3027);
#3030=CARTESIAN_POINT('',(5.8E0,-4.5E-1,-9.E-1));
#3031=CARTESIAN_POINT('',(5.8E0,-8.E-1,-9.E-1));
#3032=VERTEX_POINT('',#3030);
#3033=VERTEX_POINT('',#3031);
#3034=CARTESIAN_POINT('',(5.525E0,-1.E0,-9.E-1));
#3035=CARTESIAN_POINT('',(5.9E0,-1.E0,-9.E-1));
#3036=VERTEX_POINT('',#3034);
#3037=VERTEX_POINT('',#3035);
#3038=CARTESIAN_POINT('',(5.525E0,-1.1E0,-8.E-1));
#3039=CARTESIAN_POINT('',(6.E0,-1.1E0,-8.E-1));
#3040=VERTEX_POINT('',#3038);
#3041=VERTEX_POINT('',#3039);
#3042=CARTESIAN_POINT('',(5.525E0,-1.4E0,-8.E-1));
#3043=VERTEX_POINT('',#3042);
#3044=CARTESIAN_POINT('',(6.2E0,-4.5E-1,-8.E-1));
#3045=VERTEX_POINT('',#3044);
#3046=CARTESIAN_POINT('',(-5.525E0,-1.1E0,-8.E-1));
#3047=CARTESIAN_POINT('',(-5.525E0,-1.4E0,-8.E-1));
#3048=VERTEX_POINT('',#3046);
#3049=VERTEX_POINT('',#3047);
#3050=CARTESIAN_POINT('',(-5.525E0,-2.02E0,-2.15E0));
#3051=CARTESIAN_POINT('',(-5.525E0,-2.15E0,-2.15E0));
#3052=VERTEX_POINT('',#3050);
#3053=VERTEX_POINT('',#3051);
#3054=CARTESIAN_POINT('',(-6.2E0,-4.5E-1,-8.E-1));
#3055=CARTESIAN_POINT('',(-5.9E0,-4.5E-1,-8.E-1));
#3056=VERTEX_POINT('',#3054);
#3057=VERTEX_POINT('',#3055);
#3058=CARTESIAN_POINT('',(-6.2E0,-1.5E0,-9.E-1));
#3059=CARTESIAN_POINT('',(-6.2E0,-1.4E0,-8.E-1));
#3060=VERTEX_POINT('',#3058);
#3061=VERTEX_POINT('',#3059);
#3062=CARTESIAN_POINT('',(-5.525E0,-1.5E0,-9.E-1));
#3063=VERTEX_POINT('',#3062);
#3064=CARTESIAN_POINT('',(6.2E0,-1.4E0,-8.E-1));
#3065=CARTESIAN_POINT('',(6.2E0,-1.5E0,-9.E-1));
#3066=VERTEX_POINT('',#3064);
#3067=VERTEX_POINT('',#3065);
#3068=CARTESIAN_POINT('',(5.525E0,-1.5E0,-9.E-1));
#3069=VERTEX_POINT('',#3068);
#3070=CARTESIAN_POINT('',(5.8E0,-1.92E0,-2.25E0));
#3071=CARTESIAN_POINT('',(5.525E0,-1.92E0,-2.25E0));
#3072=VERTEX_POINT('',#3070);
#3073=VERTEX_POINT('',#3071);
#3074=CARTESIAN_POINT('',(5.9E0,-2.02E0,-2.15E0));
#3075=CARTESIAN_POINT('',(5.525E0,-2.02E0,-2.15E0));
#3076=VERTEX_POINT('',#3074);
#3077=VERTEX_POINT('',#3075);
#3078=CARTESIAN_POINT('',(5.9E0,-1.5E0,-2.15E0));
#3079=VERTEX_POINT('',#3078);
#3080=CARTESIAN_POINT('',(5.8E0,-1.5E0,-2.25E0));
#3081=VERTEX_POINT('',#3080);
#3082=CARTESIAN_POINT('',(5.525E0,-2.15E0,-2.15E0));
#3083=VERTEX_POINT('',#3082);
#3084=CARTESIAN_POINT('',(-5.9E0,-1.5E0,-2.15E0));
#3085=VERTEX_POINT('',#3084);
#3086=CARTESIAN_POINT('',(-5.275E0,-2.4E0,0.E0));
#3087=CARTESIAN_POINT('',(-5.275E0,-2.4E0,-2.15E0));
#3088=VERTEX_POINT('',#3086);
#3089=VERTEX_POINT('',#3087);
#3090=CARTESIAN_POINT('',(5.275E0,-2.4E0,-2.15E0));
#3091=CARTESIAN_POINT('',(5.275E0,-2.4E0,0.E0));
#3092=VERTEX_POINT('',#3090);
#3093=VERTEX_POINT('',#3091);
#3094=CARTESIAN_POINT('',(5.525E0,-8.E-1,-3.E-1));
#3095=CARTESIAN_POINT('',(5.425E0,-8.E-1,0.E0));
#3096=VERTEX_POINT('',#3094);
#3097=VERTEX_POINT('',#3095);
#3098=CARTESIAN_POINT('',(5.425E0,-3.5E-1,0.E0));
#3099=VERTEX_POINT('',#3098);
#3100=CARTESIAN_POINT('',(5.525E0,-4.5E-1,-3.E-1));
#3101=VERTEX_POINT('',#3100);
#3102=CARTESIAN_POINT('',(6.2E0,-3.5E-1,0.E0));
#3103=CARTESIAN_POINT('',(6.2E0,-4.5E-1,-3.E-1));
#3104=VERTEX_POINT('',#3102);
#3105=VERTEX_POINT('',#3103);
#3106=CARTESIAN_POINT('',(5.425E0,-1.E0,0.E0));
#3107=CARTESIAN_POINT('',(5.525E0,-1.E0,-3.E-1));
#3108=VERTEX_POINT('',#3106);
#3109=VERTEX_POINT('',#3107);
#3110=CARTESIAN_POINT('',(5.525E0,-2.15E0,-3.E-1));
#3111=VERTEX_POINT('',#3110);
#3112=CARTESIAN_POINT('',(5.425E0,-2.25E0,0.E0));
#3113=VERTEX_POINT('',#3112);
#3114=CARTESIAN_POINT('',(-5.425E0,-2.25E0,0.E0));
#3115=CARTESIAN_POINT('',(-5.525E0,-2.15E0,-3.E-1));
#3116=VERTEX_POINT('',#3114);
#3117=VERTEX_POINT('',#3115);
#3118=CARTESIAN_POINT('',(-5.525E0,-1.E0,-3.E-1));
#3119=VERTEX_POINT('',#3118);
#3120=CARTESIAN_POINT('',(-5.425E0,-1.E0,0.E0));
#3121=VERTEX_POINT('',#3120);
#3122=CARTESIAN_POINT('',(-6.2E0,-4.5E-1,-3.E-1));
#3123=CARTESIAN_POINT('',(-6.2E0,-3.5E-1,0.E0));
#3124=VERTEX_POINT('',#3122);
#3125=VERTEX_POINT('',#3123);
#3126=CARTESIAN_POINT('',(-5.425E0,-3.5E-1,0.E0));
#3127=VERTEX_POINT('',#3126);
#3128=CARTESIAN_POINT('',(-5.525E0,-4.5E-1,-3.E-1));
#3129=VERTEX_POINT('',#3128);
#3130=CARTESIAN_POINT('',(-5.525E0,-8.E-1,-3.E-1));
#3131=VERTEX_POINT('',#3130);
#3132=CARTESIAN_POINT('',(-5.425E0,-8.E-1,0.E0));
#3133=VERTEX_POINT('',#3132);
#3134=CARTESIAN_POINT('',(6.2E0,6.5E-1,-4.9E0));
#3135=CARTESIAN_POINT('',(6.2E0,7.5E-1,-4.8E0));
#3136=VERTEX_POINT('',#3134);
#3137=VERTEX_POINT('',#3135);
#3138=CARTESIAN_POINT('',(-6.2E0,7.5E-1,-4.8E0));
#3139=CARTESIAN_POINT('',(-6.2E0,6.5E-1,-4.9E0));
#3140=VERTEX_POINT('',#3138);
#3141=VERTEX_POINT('',#3139);
#3142=CARTESIAN_POINT('',(5.8E0,-7.E-1,-5.32E0));
#3143=CARTESIAN_POINT('',(5.8E0,-7.E-1,-4.9E0));
#3144=VERTEX_POINT('',#3142);
#3145=VERTEX_POINT('',#3143);
#3146=CARTESIAN_POINT('',(5.9E0,-6.E-1,-5.42E0));
#3147=CARTESIAN_POINT('',(5.9E0,-6.E-1,-4.9E0));
#3148=VERTEX_POINT('',#3146);
#3149=VERTEX_POINT('',#3147);
#3150=CARTESIAN_POINT('',(5.525E0,-7.E-1,-5.32E0));
#3151=VERTEX_POINT('',#3150);
#3152=CARTESIAN_POINT('',(-5.9E0,-6.E-1,-4.9E0));
#3153=CARTESIAN_POINT('',(-5.9E0,-6.E-1,-5.42E0));
#3154=VERTEX_POINT('',#3152);
#3155=VERTEX_POINT('',#3153);
#3156=CARTESIAN_POINT('',(-5.8E0,-7.E-1,-4.9E0));
#3157=CARTESIAN_POINT('',(-5.8E0,-7.E-1,-5.32E0));
#3158=VERTEX_POINT('',#3156);
#3159=VERTEX_POINT('',#3157);
#3160=CARTESIAN_POINT('',(-5.525E0,-7.E-1,-5.32E0));
#3161=VERTEX_POINT('',#3160);
#3162=CARTESIAN_POINT('',(6.2E0,7.5E-1,-3.85E0));
#3163=VERTEX_POINT('',#3162);
#3164=CARTESIAN_POINT('',(-6.2E0,7.5E-1,-3.85E0));
#3165=VERTEX_POINT('',#3164);
#3166=CARTESIAN_POINT('',(-6.E0,7.5E-1,-4.1E0));
#3167=CARTESIAN_POINT('',(-6.E0,7.5E-1,-4.5E0));
#3168=VERTEX_POINT('',#3166);
#3169=VERTEX_POINT('',#3167);
#3170=CARTESIAN_POINT('',(-5.9E0,6.5E-1,-4.2E0));
#3171=CARTESIAN_POINT('',(-5.9E0,6.5E-1,-4.4E0));
#3172=VERTEX_POINT('',#3170);
#3173=VERTEX_POINT('',#3171);
#3174=CARTESIAN_POINT('',(-5.8E0,6.5E-1,-4.2E0));
#3175=VERTEX_POINT('',#3174);
#3176=CARTESIAN_POINT('',(-5.9E0,7.5E-1,-4.1E0));
#3177=VERTEX_POINT('',#3176);
#3178=CARTESIAN_POINT('',(-5.9E0,7.5E-1,-3.85E0));
#3179=VERTEX_POINT('',#3178);
#3180=CARTESIAN_POINT('',(-5.8E0,6.5E-1,-3.85E0));
#3181=VERTEX_POINT('',#3180);
#3182=CARTESIAN_POINT('',(5.8E0,6.5E-1,-4.2E0));
#3183=CARTESIAN_POINT('',(5.8E0,6.5E-1,-3.85E0));
#3184=VERTEX_POINT('',#3182);
#3185=VERTEX_POINT('',#3183);
#3186=CARTESIAN_POINT('',(5.9E0,7.5E-1,-4.1E0));
#3187=CARTESIAN_POINT('',(5.9E0,7.5E-1,-3.85E0));
#3188=VERTEX_POINT('',#3186);
#3189=VERTEX_POINT('',#3187);
#3190=CARTESIAN_POINT('',(6.E0,7.5E-1,-4.1E0));
#3191=VERTEX_POINT('',#3190);
#3192=CARTESIAN_POINT('',(5.9E0,6.5E-1,-4.2E0));
#3193=VERTEX_POINT('',#3192);
#3194=CARTESIAN_POINT('',(5.9E0,6.5E-1,-4.4E0));
#3195=VERTEX_POINT('',#3194);
#3196=CARTESIAN_POINT('',(6.E0,7.5E-1,-4.5E0));
#3197=VERTEX_POINT('',#3196);
#3198=CARTESIAN_POINT('',(-4.96E0,-2.5E0,0.E0));
#3199=CARTESIAN_POINT('',(-4.96E0,-2.5E0,-1.5E0));
#3200=VERTEX_POINT('',#3198);
#3201=VERTEX_POINT('',#3199);
#3202=CARTESIAN_POINT('',(-4.16E0,-2.5E0,-1.5E0));
#3203=VERTEX_POINT('',#3202);
#3204=CARTESIAN_POINT('',(-4.16E0,-2.5E0,0.E0));
#3205=VERTEX_POINT('',#3204);
#3206=CARTESIAN_POINT('',(4.96E0,-2.5E0,0.E0));
#3207=CARTESIAN_POINT('',(4.16E0,-2.5E0,0.E0));
#3208=VERTEX_POINT('',#3206);
#3209=VERTEX_POINT('',#3207);
#3210=CARTESIAN_POINT('',(4.16E0,-2.5E0,-1.5E0));
#3211=VERTEX_POINT('',#3210);
#3212=CARTESIAN_POINT('',(4.96E0,-2.5E0,-1.5E0));
#3213=VERTEX_POINT('',#3212);
#3214=CARTESIAN_POINT('',(-4.96E0,-2.4E0,0.E0));
#3215=CARTESIAN_POINT('',(-4.96E0,-2.4E0,-1.5E0));
#3216=VERTEX_POINT('',#3214);
#3217=VERTEX_POINT('',#3215);
#3218=CARTESIAN_POINT('',(-4.16E0,-2.4E0,-1.5E0));
#3219=VERTEX_POINT('',#3218);
#3220=CARTESIAN_POINT('',(-4.16E0,-2.4E0,0.E0));
#3221=VERTEX_POINT('',#3220);
#3222=CARTESIAN_POINT('',(4.16E0,-2.4E0,0.E0));
#3223=CARTESIAN_POINT('',(4.16E0,-2.4E0,-1.5E0));
#3224=VERTEX_POINT('',#3222);
#3225=VERTEX_POINT('',#3223);
#3226=CARTESIAN_POINT('',(4.96E0,-2.4E0,-1.5E0));
#3227=VERTEX_POINT('',#3226);
#3228=CARTESIAN_POINT('',(4.96E0,-2.4E0,0.E0));
#3229=VERTEX_POINT('',#3228);
#3230=CARTESIAN_POINT('',(4.95E0,-1.5E0,-5.9E0));
#3231=CARTESIAN_POINT('',(5.45E0,-1.5E0,-5.9E0));
#3232=VERTEX_POINT('',#3230);
#3233=VERTEX_POINT('',#3231);
#3234=CARTESIAN_POINT('',(-5.45E0,-1.5E0,-5.9E0));
#3235=CARTESIAN_POINT('',(-4.95E0,-1.5E0,-5.9E0));
#3236=VERTEX_POINT('',#3234);
#3237=VERTEX_POINT('',#3235);
#3238=CARTESIAN_POINT('',(5.45E0,-1.5E0,-5.8E0));
#3239=CARTESIAN_POINT('',(4.95E0,-1.5E0,-5.8E0));
#3240=VERTEX_POINT('',#3238);
#3241=VERTEX_POINT('',#3239);
#3242=CARTESIAN_POINT('',(-5.45E0,-1.5E0,-5.8E0));
#3243=CARTESIAN_POINT('',(-4.95E0,-1.5E0,-5.8E0));
#3244=VERTEX_POINT('',#3242);
#3245=VERTEX_POINT('',#3243);
#3246=CARTESIAN_POINT('',(5.45E0,-2.5E0,-5.9E0));
#3247=CARTESIAN_POINT('',(5.45E0,-2.5E0,-4.9E0));
#3248=VERTEX_POINT('',#3246);
#3249=VERTEX_POINT('',#3247);
#3250=CARTESIAN_POINT('',(4.95E0,-2.5E0,-4.9E0));
#3251=VERTEX_POINT('',#3250);
#3252=CARTESIAN_POINT('',(4.95E0,-2.5E0,-5.9E0));
#3253=VERTEX_POINT('',#3252);
#3254=CARTESIAN_POINT('',(-5.45E0,-2.5E0,-5.9E0));
#3255=CARTESIAN_POINT('',(-4.95E0,-2.5E0,-5.9E0));
#3256=VERTEX_POINT('',#3254);
#3257=VERTEX_POINT('',#3255);
#3258=CARTESIAN_POINT('',(-4.95E0,-2.5E0,-4.9E0));
#3259=VERTEX_POINT('',#3258);
#3260=CARTESIAN_POINT('',(-5.45E0,-2.5E0,-4.9E0));
#3261=VERTEX_POINT('',#3260);
#3262=CARTESIAN_POINT('',(5.45E0,-2.4E0,-4.9E0));
#3263=CARTESIAN_POINT('',(4.95E0,-2.4E0,-4.9E0));
#3264=VERTEX_POINT('',#3262);
#3265=VERTEX_POINT('',#3263);
#3266=CARTESIAN_POINT('',(4.95E0,-2.4E0,-5.8E0));
#3267=VERTEX_POINT('',#3266);
#3268=CARTESIAN_POINT('',(-4.95E0,-2.4E0,-5.8E0));
#3269=CARTESIAN_POINT('',(-4.95E0,-2.4E0,-4.9E0));
#3270=VERTEX_POINT('',#3268);
#3271=VERTEX_POINT('',#3269);
#3272=CARTESIAN_POINT('',(-5.45E0,-2.4E0,-4.9E0));
#3273=VERTEX_POINT('',#3272);
#3274=CARTESIAN_POINT('',(-5.45E0,-2.4E0,-5.8E0));
#3275=VERTEX_POINT('',#3274);
#3276=CARTESIAN_POINT('',(-5.115E0,1.3E0,-4.4E0));
#3277=CARTESIAN_POINT('',(-5.115E0,-1.9E0,-4.4E0));
#3278=VERTEX_POINT('',#3276);
#3279=VERTEX_POINT('',#3277);
#3280=CARTESIAN_POINT('',(5.115E0,-1.9E0,-4.4E0));
#3281=VERTEX_POINT('',#3280);
#3282=CARTESIAN_POINT('',(5.115E0,1.8E0,-4.4E0));
#3283=VERTEX_POINT('',#3282);
#3284=CARTESIAN_POINT('',(3.635E0,1.8E0,-4.4E0));
#3285=VERTEX_POINT('',#3284);
#3286=CARTESIAN_POINT('',(3.635E0,5.E-1,-4.4E0));
#3287=VERTEX_POINT('',#3286);
#3288=CARTESIAN_POINT('',(-3.635E0,5.E-1,-4.4E0));
#3289=CARTESIAN_POINT('',(-3.635E0,1.3E0,-4.4E0));
#3290=VERTEX_POINT('',#3288);
#3291=VERTEX_POINT('',#3289);
#3292=CARTESIAN_POINT('',(3.635E0,5.E-1,-2.E-1));
#3293=CARTESIAN_POINT('',(3.435E0,5.E-1,0.E0));
#3294=VERTEX_POINT('',#3292);
#3295=VERTEX_POINT('',#3293);
#3296=CARTESIAN_POINT('',(3.435E0,2.E0,0.E0));
#3297=VERTEX_POINT('',#3296);
#3298=CARTESIAN_POINT('',(3.635E0,1.8E0,-2.E-1));
#3299=VERTEX_POINT('',#3298);
#3300=CARTESIAN_POINT('',(5.115E0,1.8E0,-2.E-1));
#3301=VERTEX_POINT('',#3300);
#3302=CARTESIAN_POINT('',(-5.115E0,1.3E0,-2.E-1));
#3303=CARTESIAN_POINT('',(-3.635E0,1.3E0,-2.E-1));
#3304=VERTEX_POINT('',#3302);
#3305=VERTEX_POINT('',#3303);
#3306=CARTESIAN_POINT('',(-3.435E0,5.E-1,0.E0));
#3307=CARTESIAN_POINT('',(-3.635E0,5.E-1,-2.E-1));
#3308=VERTEX_POINT('',#3306);
#3309=VERTEX_POINT('',#3307);
#3310=CARTESIAN_POINT('',(-3.435E0,1.5E0,0.E0));
#3311=VERTEX_POINT('',#3310);
#3312=CARTESIAN_POINT('',(-5.115E0,1.35E0,-1.5E-1));
#3313=CARTESIAN_POINT('',(-5.115E0,-1.9E0,-1.5E-1));
#3314=VERTEX_POINT('',#3312);
#3315=VERTEX_POINT('',#3313);
#3316=CARTESIAN_POINT('',(-5.201602540378E0,1.5E0,0.E0));
#3317=CARTESIAN_POINT('',(-5.201602540378E0,-1.986602540378E0,0.E0));
#3318=VERTEX_POINT('',#3316);
#3319=VERTEX_POINT('',#3317);
#3320=CARTESIAN_POINT('',(5.201602540378E0,-1.986602540378E0,0.E0));
#3321=VERTEX_POINT('',#3320);
#3322=CARTESIAN_POINT('',(5.115E0,-1.9E0,-1.5E-1));
#3323=VERTEX_POINT('',#3322);
#3324=CARTESIAN_POINT('',(5.201602540378E0,2.E0,0.E0));
#3325=VERTEX_POINT('',#3324);
#3326=CARTESIAN_POINT('',(5.115E0,1.85E0,-1.5E-1));
#3327=VERTEX_POINT('',#3326);
#3328=CARTESIAN_POINT('',(3.26E0,1.825E0,-4.4E0));
#3329=CARTESIAN_POINT('',(-3.26E0,1.825E0,-4.4E0));
#3330=VERTEX_POINT('',#3328);
#3331=VERTEX_POINT('',#3329);
#3332=CARTESIAN_POINT('',(3.26E0,5.E-1,0.E0));
#3333=CARTESIAN_POINT('',(3.26E0,1.825E0,0.E0));
#3334=VERTEX_POINT('',#3332);
#3335=VERTEX_POINT('',#3333);
#3336=CARTESIAN_POINT('',(-3.26E0,1.825E0,0.E0));
#3337=CARTESIAN_POINT('',(-3.26E0,5.E-1,0.E0));
#3338=VERTEX_POINT('',#3336);
#3339=VERTEX_POINT('',#3337);
#3340=CARTESIAN_POINT('',(3.26E0,5.E-1,-4.4E0));
#3341=VERTEX_POINT('',#3340);
#3342=CARTESIAN_POINT('',(-3.26E0,5.E-1,-4.4E0));
#3343=VERTEX_POINT('',#3342);
#3344=CARTESIAN_POINT('',(-1.885E0,1.525E0,0.E0));
#3345=CARTESIAN_POINT('',(-1.885E0,1.525E0,-7.5E-1));
#3346=VERTEX_POINT('',#3344);
#3347=VERTEX_POINT('',#3345);
#3348=CARTESIAN_POINT('',(1.885E0,1.525E0,0.E0));
#3349=CARTESIAN_POINT('',(1.885E0,1.525E0,-7.5E-1));
#3350=VERTEX_POINT('',#3348);
#3351=VERTEX_POINT('',#3349);
#3352=CARTESIAN_POINT('',(1.885E0,1.825E0,0.E0));
#3353=VERTEX_POINT('',#3352);
#3354=CARTESIAN_POINT('',(-1.885E0,1.825E0,0.E0));
#3355=VERTEX_POINT('',#3354);
#3356=CARTESIAN_POINT('',(-1.885E0,1.825E0,-8.330415196484E-1));
#3357=CARTESIAN_POINT('',(1.885E0,1.825E0,-8.330415196484E-1));
#3358=VERTEX_POINT('',#3356);
#3359=VERTEX_POINT('',#3357);
#3360=CARTESIAN_POINT('',(-1.885E0,1.716365699267E0,-7.334149727302E-1));
#3361=CARTESIAN_POINT('',(1.885E0,1.716365699267E0,-7.334149727302E-1));
#3362=VERTEX_POINT('',#3360);
#3363=VERTEX_POINT('',#3361);
#3364=CARTESIAN_POINT('',(-3.9E0,-2.4E0,-5.8E0));
#3365=CARTESIAN_POINT('',(-3.9E0,-2.4E0,-5.561930279495E0));
#3366=VERTEX_POINT('',#3364);
#3367=VERTEX_POINT('',#3365);
#3368=CARTESIAN_POINT('',(-3.6E0,-2.4E0,-5.8E0));
#3369=CARTESIAN_POINT('',(-3.6E0,-2.4E0,-5.561930279495E0));
#3370=VERTEX_POINT('',#3368);
#3371=VERTEX_POINT('',#3369);
#3372=CARTESIAN_POINT('',(-3.9E0,-5.5E-1,-4.4E0));
#3373=CARTESIAN_POINT('',(-3.9E0,-2.5E-1,-4.4E0));
#3374=VERTEX_POINT('',#3372);
#3375=VERTEX_POINT('',#3373);
#3376=CARTESIAN_POINT('',(-3.6E0,-5.5E-1,-4.4E0));
#3377=CARTESIAN_POINT('',(-3.6E0,-2.5E-1,-4.4E0));
#3378=VERTEX_POINT('',#3376);
#3379=VERTEX_POINT('',#3377);
#3380=CARTESIAN_POINT('',(-3.9E0,-6.918191770586E-1,-5.8E0));
#3381=VERTEX_POINT('',#3380);
#3382=CARTESIAN_POINT('',(-3.6E0,-6.918191770586E-1,-5.8E0));
#3383=VERTEX_POINT('',#3382);
#3384=CARTESIAN_POINT('',(-2.4E0,-2.4E0,-5.8E0));
#3385=CARTESIAN_POINT('',(-2.4E0,-6.918191770586E-1,-5.8E0));
#3386=VERTEX_POINT('',#3384);
#3387=VERTEX_POINT('',#3385);
#3388=CARTESIAN_POINT('',(-2.1E0,-2.4E0,-5.8E0));
#3389=CARTESIAN_POINT('',(-2.1E0,-6.918191770586E-1,-5.8E0));
#3390=VERTEX_POINT('',#3388);
#3391=VERTEX_POINT('',#3389);
#3392=CARTESIAN_POINT('',(-2.4E0,-2.4E0,-5.561930279495E0));
#3393=VERTEX_POINT('',#3392);
#3394=CARTESIAN_POINT('',(-2.1E0,-2.4E0,-5.561930279495E0));
#3395=VERTEX_POINT('',#3394);
#3396=CARTESIAN_POINT('',(-2.4E0,-5.5E-1,-4.4E0));
#3397=CARTESIAN_POINT('',(-2.4E0,-2.5E-1,-4.4E0));
#3398=VERTEX_POINT('',#3396);
#3399=VERTEX_POINT('',#3397);
#3400=CARTESIAN_POINT('',(-2.1E0,-5.5E-1,-4.4E0));
#3401=CARTESIAN_POINT('',(-2.1E0,-2.5E-1,-4.4E0));
#3402=VERTEX_POINT('',#3400);
#3403=VERTEX_POINT('',#3401);
#3404=CARTESIAN_POINT('',(-9.E-1,-2.4E0,-5.8E0));
#3405=CARTESIAN_POINT('',(-9.E-1,-6.918191770586E-1,-5.8E0));
#3406=VERTEX_POINT('',#3404);
#3407=VERTEX_POINT('',#3405);
#3408=CARTESIAN_POINT('',(-6.E-1,-2.4E0,-5.8E0));
#3409=CARTESIAN_POINT('',(-6.E-1,-6.918191770586E-1,-5.8E0));
#3410=VERTEX_POINT('',#3408);
#3411=VERTEX_POINT('',#3409);
#3412=CARTESIAN_POINT('',(-9.E-1,-2.4E0,-5.561930279495E0));
#3413=VERTEX_POINT('',#3412);
#3414=CARTESIAN_POINT('',(-6.E-1,-2.4E0,-5.561930279495E0));
#3415=VERTEX_POINT('',#3414);
#3416=CARTESIAN_POINT('',(-9.E-1,-5.5E-1,-4.4E0));
#3417=CARTESIAN_POINT('',(-9.E-1,-2.5E-1,-4.4E0));
#3418=VERTEX_POINT('',#3416);
#3419=VERTEX_POINT('',#3417);
#3420=CARTESIAN_POINT('',(-6.E-1,-5.5E-1,-4.4E0));
#3421=CARTESIAN_POINT('',(-6.E-1,-2.5E-1,-4.4E0));
#3422=VERTEX_POINT('',#3420);
#3423=VERTEX_POINT('',#3421);
#3424=CARTESIAN_POINT('',(6.E-1,-2.4E0,-5.8E0));
#3425=CARTESIAN_POINT('',(6.E-1,-6.918191770586E-1,-5.8E0));
#3426=VERTEX_POINT('',#3424);
#3427=VERTEX_POINT('',#3425);
#3428=CARTESIAN_POINT('',(9.E-1,-2.4E0,-5.8E0));
#3429=CARTESIAN_POINT('',(9.E-1,-6.918191770586E-1,-5.8E0));
#3430=VERTEX_POINT('',#3428);
#3431=VERTEX_POINT('',#3429);
#3432=CARTESIAN_POINT('',(6.E-1,-2.4E0,-5.561930279495E0));
#3433=VERTEX_POINT('',#3432);
#3434=CARTESIAN_POINT('',(9.E-1,-2.4E0,-5.561930279495E0));
#3435=VERTEX_POINT('',#3434);
#3436=CARTESIAN_POINT('',(6.E-1,-5.5E-1,-4.4E0));
#3437=CARTESIAN_POINT('',(6.E-1,-2.5E-1,-4.4E0));
#3438=VERTEX_POINT('',#3436);
#3439=VERTEX_POINT('',#3437);
#3440=CARTESIAN_POINT('',(9.E-1,-5.5E-1,-4.4E0));
#3441=CARTESIAN_POINT('',(9.E-1,-2.5E-1,-4.4E0));
#3442=VERTEX_POINT('',#3440);
#3443=VERTEX_POINT('',#3441);
#3444=CARTESIAN_POINT('',(2.1E0,-2.4E0,-5.8E0));
#3445=CARTESIAN_POINT('',(2.1E0,-6.918191770586E-1,-5.8E0));
#3446=VERTEX_POINT('',#3444);
#3447=VERTEX_POINT('',#3445);
#3448=CARTESIAN_POINT('',(2.4E0,-2.4E0,-5.8E0));
#3449=CARTESIAN_POINT('',(2.4E0,-6.918191770586E-1,-5.8E0));
#3450=VERTEX_POINT('',#3448);
#3451=VERTEX_POINT('',#3449);
#3452=CARTESIAN_POINT('',(2.1E0,-2.4E0,-5.561930279495E0));
#3453=VERTEX_POINT('',#3452);
#3454=CARTESIAN_POINT('',(2.4E0,-2.4E0,-5.561930279495E0));
#3455=VERTEX_POINT('',#3454);
#3456=CARTESIAN_POINT('',(2.1E0,-5.5E-1,-4.4E0));
#3457=CARTESIAN_POINT('',(2.1E0,-2.5E-1,-4.4E0));
#3458=VERTEX_POINT('',#3456);
#3459=VERTEX_POINT('',#3457);
#3460=CARTESIAN_POINT('',(2.4E0,-5.5E-1,-4.4E0));
#3461=CARTESIAN_POINT('',(2.4E0,-2.5E-1,-4.4E0));
#3462=VERTEX_POINT('',#3460);
#3463=VERTEX_POINT('',#3461);
#3464=CARTESIAN_POINT('',(-5.425E0,2.4E0,-4.4E0));
#3465=CARTESIAN_POINT('',(-5.525E0,2.1E0,-4.4E0));
#3466=VERTEX_POINT('',#3464);
#3467=VERTEX_POINT('',#3465);
#3468=CARTESIAN_POINT('',(-5.525E0,2.1E0,-4.2E0));
#3469=CARTESIAN_POINT('',(-5.525E0,2.1E0,-3.85E0));
#3470=VERTEX_POINT('',#3468);
#3471=VERTEX_POINT('',#3469);
#3472=CARTESIAN_POINT('',(-5.425E0,2.4E0,-4.2E0));
#3473=VERTEX_POINT('',#3472);
#3474=CARTESIAN_POINT('',(-5.425E0,2.4E0,-3.75E0));
#3475=VERTEX_POINT('',#3474);
#3476=CARTESIAN_POINT('',(5.525E0,2.1E0,-3.85E0));
#3477=CARTESIAN_POINT('',(5.525E0,2.1E0,-4.2E0));
#3478=VERTEX_POINT('',#3476);
#3479=VERTEX_POINT('',#3477);
#3480=CARTESIAN_POINT('',(5.425E0,2.4E0,-3.75E0));
#3481=CARTESIAN_POINT('',(5.425E0,2.4E0,-4.2E0));
#3482=VERTEX_POINT('',#3480);
#3483=VERTEX_POINT('',#3481);
#3484=CARTESIAN_POINT('',(5.425E0,2.4E0,-4.4E0));
#3485=VERTEX_POINT('',#3484);
#3486=CARTESIAN_POINT('',(-5.525E0,1.55E0,-5.55E0));
#3487=CARTESIAN_POINT('',(-5.875E0,1.55E0,-5.9E0));
#3488=VERTEX_POINT('',#3486);
#3489=VERTEX_POINT('',#3487);
#3490=CARTESIAN_POINT('',(-5.875E0,1.55E0,-5.65E0));
#3491=CARTESIAN_POINT('',(-5.775E0,1.55E0,-5.55E0));
#3492=VERTEX_POINT('',#3490);
#3493=VERTEX_POINT('',#3491);
#3494=CARTESIAN_POINT('',(5.775E0,1.55E0,-5.55E0));
#3495=CARTESIAN_POINT('',(5.875E0,1.55E0,-5.65E0));
#3496=VERTEX_POINT('',#3494);
#3497=VERTEX_POINT('',#3495);
#3498=CARTESIAN_POINT('',(5.875E0,1.55E0,-5.9E0));
#3499=CARTESIAN_POINT('',(5.525E0,1.55E0,-5.55E0));
#3500=VERTEX_POINT('',#3498);
#3501=VERTEX_POINT('',#3499);
#3502=CARTESIAN_POINT('',(-5.525E0,-4.5E-1,-5.55E0));
#3503=CARTESIAN_POINT('',(-5.875E0,-4.5E-1,-5.9E0));
#3504=VERTEX_POINT('',#3502);
#3505=VERTEX_POINT('',#3503);
#3506=CARTESIAN_POINT('',(-5.875E0,-4.5E-1,-5.65E0));
#3507=CARTESIAN_POINT('',(-5.775E0,-4.5E-1,-5.55E0));
#3508=VERTEX_POINT('',#3506);
#3509=VERTEX_POINT('',#3507);
#3510=CARTESIAN_POINT('',(5.775E0,-4.5E-1,-5.55E0));
#3511=CARTESIAN_POINT('',(5.875E0,-4.5E-1,-5.65E0));
#3512=VERTEX_POINT('',#3510);
#3513=VERTEX_POINT('',#3511);
#3514=CARTESIAN_POINT('',(5.875E0,-4.5E-1,-5.9E0));
#3515=CARTESIAN_POINT('',(5.525E0,-4.5E-1,-5.55E0));
#3516=VERTEX_POINT('',#3514);
#3517=VERTEX_POINT('',#3515);
#3518=CARTESIAN_POINT('',(5.525E0,1.55E0,-5.42E0));
#3519=CARTESIAN_POINT('',(5.525E0,1.55E0,-4.4E0));
#3520=VERTEX_POINT('',#3518);
#3521=VERTEX_POINT('',#3519);
#3522=CARTESIAN_POINT('',(5.525E0,1.55E0,-4.2E0));
#3523=CARTESIAN_POINT('',(5.525E0,1.55E0,-3.85E0));
#3524=VERTEX_POINT('',#3522);
#3525=VERTEX_POINT('',#3523);
#3526=CARTESIAN_POINT('',(5.525E0,-4.5E-1,-5.42E0));
#3527=CARTESIAN_POINT('',(5.525E0,-4.5E-1,-4.9E0));
#3528=VERTEX_POINT('',#3526);
#3529=VERTEX_POINT('',#3527);
#3530=CARTESIAN_POINT('',(5.775E0,1.55E0,-3.85E0));
#3531=VERTEX_POINT('',#3530);
#3532=CARTESIAN_POINT('',(5.775E0,7.5E-1,-4.5E0));
#3533=CARTESIAN_POINT('',(5.775E0,7.5E-1,-4.8E0));
#3534=VERTEX_POINT('',#3532);
#3535=VERTEX_POINT('',#3533);
#3536=CARTESIAN_POINT('',(5.775E0,-4.5E-1,-4.9E0));
#3537=VERTEX_POINT('',#3536);
#3538=CARTESIAN_POINT('',(5.775E0,6.5E-1,-4.9E0));
#3539=VERTEX_POINT('',#3538);
#3540=CARTESIAN_POINT('',(-5.525E0,1.55E0,-5.42E0));
#3541=CARTESIAN_POINT('',(-5.525E0,1.55E0,-4.4E0));
#3542=VERTEX_POINT('',#3540);
#3543=VERTEX_POINT('',#3541);
#3544=CARTESIAN_POINT('',(-5.525E0,1.55E0,-4.2E0));
#3545=CARTESIAN_POINT('',(-5.525E0,1.55E0,-3.85E0));
#3546=VERTEX_POINT('',#3544);
#3547=VERTEX_POINT('',#3545);
#3548=CARTESIAN_POINT('',(-5.525E0,-4.5E-1,-5.42E0));
#3549=CARTESIAN_POINT('',(-5.525E0,-4.5E-1,-4.9E0));
#3550=VERTEX_POINT('',#3548);
#3551=VERTEX_POINT('',#3549);
#3552=CARTESIAN_POINT('',(-5.775E0,7.5E-1,-4.8E0));
#3553=CARTESIAN_POINT('',(-5.775E0,7.5E-1,-4.5E0));
#3554=VERTEX_POINT('',#3552);
#3555=VERTEX_POINT('',#3553);
#3556=CARTESIAN_POINT('',(-5.775E0,1.55E0,-3.85E0));
#3557=VERTEX_POINT('',#3556);
#3558=CARTESIAN_POINT('',(-5.775E0,-4.5E-1,-4.9E0));
#3559=VERTEX_POINT('',#3558);
#3560=CARTESIAN_POINT('',(-5.775E0,6.5E-1,-4.9E0));
#3561=VERTEX_POINT('',#3560);
#3562=CARTESIAN_POINT('',(-5.775E0,6.5E-1,-4.4E0));
#3563=VERTEX_POINT('',#3562);
#3564=CARTESIAN_POINT('',(5.775E0,6.5E-1,-4.4E0));
#3565=VERTEX_POINT('',#3564);
#3566=CARTESIAN_POINT('',(5.525E0,2.1E0,-4.4E0));
#3567=VERTEX_POINT('',#3566);
#3568=CARTESIAN_POINT('',(6.075E0,1.55E0,-5.9E0));
#3569=CARTESIAN_POINT('',(6.375E0,1.25E0,-5.9E0));
#3570=VERTEX_POINT('',#3568);
#3571=VERTEX_POINT('',#3569);
#3572=CARTESIAN_POINT('',(6.375E0,1.25E0,-5.65E0));
#3573=VERTEX_POINT('',#3572);
#3574=CARTESIAN_POINT('',(6.075E0,1.55E0,-5.65E0));
#3575=VERTEX_POINT('',#3574);
#3576=CARTESIAN_POINT('',(6.075E0,-4.5E-1,-5.65E0));
#3577=CARTESIAN_POINT('',(6.375E0,-1.5E-1,-5.65E0));
#3578=VERTEX_POINT('',#3576);
#3579=VERTEX_POINT('',#3577);
#3580=CARTESIAN_POINT('',(6.375E0,-1.5E-1,-5.9E0));
#3581=VERTEX_POINT('',#3580);
#3582=CARTESIAN_POINT('',(6.075E0,-4.5E-1,-5.9E0));
#3583=VERTEX_POINT('',#3582);
#3584=CARTESIAN_POINT('',(-6.075E0,1.55E0,-5.65E0));
#3585=CARTESIAN_POINT('',(-6.375E0,1.25E0,-5.65E0));
#3586=VERTEX_POINT('',#3584);
#3587=VERTEX_POINT('',#3585);
#3588=CARTESIAN_POINT('',(-6.375E0,1.25E0,-5.9E0));
#3589=VERTEX_POINT('',#3588);
#3590=CARTESIAN_POINT('',(-6.075E0,1.55E0,-5.9E0));
#3591=VERTEX_POINT('',#3590);
#3592=CARTESIAN_POINT('',(-6.075E0,-4.5E-1,-5.9E0));
#3593=CARTESIAN_POINT('',(-6.375E0,-1.5E-1,-5.9E0));
#3594=VERTEX_POINT('',#3592);
#3595=VERTEX_POINT('',#3593);
#3596=CARTESIAN_POINT('',(-6.375E0,-1.5E-1,-5.65E0));
#3597=VERTEX_POINT('',#3596);
#3598=CARTESIAN_POINT('',(-6.075E0,-4.5E-1,-5.65E0));
#3599=VERTEX_POINT('',#3598);
#3600=CARTESIAN_POINT('',(6.2E0,2.1E0,-3.85E0));
#3601=CARTESIAN_POINT('',(6.2E0,2.4E0,-3.75E0));
#3602=VERTEX_POINT('',#3600);
#3603=VERTEX_POINT('',#3601);
#3604=CARTESIAN_POINT('',(-6.2E0,2.4E0,-3.75E0));
#3605=CARTESIAN_POINT('',(-6.2E0,2.1E0,-3.85E0));
#3606=VERTEX_POINT('',#3604);
#3607=VERTEX_POINT('',#3605);
#3608=CARTESIAN_POINT('',(-5.145E0,2.4E0,-5.8E0));
#3609=CARTESIAN_POINT('',(-5.425E0,2.4E0,-5.52E0));
#3610=VERTEX_POINT('',#3608);
#3611=VERTEX_POINT('',#3609);
#3612=CARTESIAN_POINT('',(-5.525E0,2.1E0,-5.42E0));
#3613=VERTEX_POINT('',#3612);
#3614=CARTESIAN_POINT('',(-5.145E0,-6.E-1,-5.8E0));
#3615=VERTEX_POINT('',#3614);
#3616=CARTESIAN_POINT('',(5.525E0,2.1E0,-5.42E0));
#3617=CARTESIAN_POINT('',(5.425E0,2.4E0,-5.52E0));
#3618=VERTEX_POINT('',#3616);
#3619=VERTEX_POINT('',#3617);
#3620=CARTESIAN_POINT('',(5.145E0,2.4E0,-5.8E0));
#3621=VERTEX_POINT('',#3620);
#3622=CARTESIAN_POINT('',(5.145E0,-6.E-1,-5.8E0));
#3623=VERTEX_POINT('',#3622);
#3624=CARTESIAN_POINT('',(5.525E0,-6.E-1,-5.42E0));
#3625=VERTEX_POINT('',#3624);
#3626=CARTESIAN_POINT('',(-5.525E0,-6.E-1,-5.42E0));
#3627=VERTEX_POINT('',#3626);
#3628=CARTESIAN_POINT('',(3.6E0,-2.4E0,-5.8E0));
#3629=CARTESIAN_POINT('',(3.6E0,-6.918191770586E-1,-5.8E0));
#3630=VERTEX_POINT('',#3628);
#3631=VERTEX_POINT('',#3629);
#3632=CARTESIAN_POINT('',(3.9E0,-2.4E0,-5.8E0));
#3633=CARTESIAN_POINT('',(3.9E0,-6.918191770586E-1,-5.8E0));
#3634=VERTEX_POINT('',#3632);
#3635=VERTEX_POINT('',#3633);
#3636=CARTESIAN_POINT('',(3.6E0,-2.4E0,-5.561930279495E0));
#3637=VERTEX_POINT('',#3636);
#3638=CARTESIAN_POINT('',(3.9E0,-2.4E0,-5.561930279495E0));
#3639=VERTEX_POINT('',#3638);
#3640=CARTESIAN_POINT('',(3.6E0,-5.5E-1,-4.4E0));
#3641=CARTESIAN_POINT('',(3.6E0,-2.5E-1,-4.4E0));
#3642=VERTEX_POINT('',#3640);
#3643=VERTEX_POINT('',#3641);
#3644=CARTESIAN_POINT('',(3.9E0,-5.5E-1,-4.4E0));
#3645=CARTESIAN_POINT('',(3.9E0,-2.5E-1,-4.4E0));
#3646=VERTEX_POINT('',#3644);
#3647=VERTEX_POINT('',#3645);
#3648=CARTESIAN_POINT('',(-5.525E0,-1.5E0,-2.65E0));
#3649=CARTESIAN_POINT('',(-5.8E0,-1.5E0,-2.65E0));
#3650=VERTEX_POINT('',#3648);
#3651=VERTEX_POINT('',#3649);
#3652=CARTESIAN_POINT('',(-5.8E0,-1.92E0,-2.65E0));
#3653=VERTEX_POINT('',#3652);
#3654=CARTESIAN_POINT('',(-5.525E0,-1.92E0,-2.65E0));
#3655=VERTEX_POINT('',#3654);
#3656=CARTESIAN_POINT('',(-5.425E0,-1.E0,-2.65E0));
#3657=CARTESIAN_POINT('',(-5.425E0,-8.E-1,-2.65E0));
#3658=VERTEX_POINT('',#3656);
#3659=VERTEX_POINT('',#3657);
#3660=CARTESIAN_POINT('',(-5.525E0,-8.E-1,-2.65E0));
#3661=VERTEX_POINT('',#3660);
#3662=CARTESIAN_POINT('',(-5.525E0,-4.5E-1,-2.65E0));
#3663=VERTEX_POINT('',#3662);
#3664=CARTESIAN_POINT('',(-5.8E0,-4.5E-1,-2.65E0));
#3665=VERTEX_POINT('',#3664);
#3666=CARTESIAN_POINT('',(5.9E0,-1.E0,-2.65E0));
#3667=CARTESIAN_POINT('',(5.9E0,-8.E-1,-2.65E0));
#3668=VERTEX_POINT('',#3666);
#3669=VERTEX_POINT('',#3667);
#3670=CARTESIAN_POINT('',(5.9E0,-8.E-1,-9.E-1));
#3671=VERTEX_POINT('',#3670);
#3672=CARTESIAN_POINT('',(6.E0,-7.E-1,-8.E-1));
#3673=VERTEX_POINT('',#3672);
#3674=CARTESIAN_POINT('',(-5.525E0,-1.E0,-9.E-1));
#3675=VERTEX_POINT('',#3674);
#3676=CARTESIAN_POINT('',(-5.8E0,-4.5E-1,-9.E-1));
#3677=VERTEX_POINT('',#3676);
#3678=CARTESIAN_POINT('',(-5.8E0,-1.92E0,-2.25E0));
#3679=CARTESIAN_POINT('',(-5.8E0,-1.5E0,-2.25E0));
#3680=VERTEX_POINT('',#3678);
#3681=VERTEX_POINT('',#3679);
#3682=CARTESIAN_POINT('',(-5.9E0,-2.02E0,-2.15E0));
#3683=VERTEX_POINT('',#3682);
#3684=CARTESIAN_POINT('',(-5.525E0,-1.92E0,-2.25E0));
#3685=VERTEX_POINT('',#3684);
#3686=CARTESIAN_POINT('',(-3.65625E0,-1.8E0,-4.39E0));
#3687=CARTESIAN_POINT('',(-3.65625E0,-1.05E0,-4.39E0));
#3688=VERTEX_POINT('',#3686);
#3689=VERTEX_POINT('',#3687);
#3690=CARTESIAN_POINT('',(-3.75E0,-1.05E0,-4.39E0));
#3691=VERTEX_POINT('',#3690);
#3692=CARTESIAN_POINT('',(-3.84375E0,-1.161702114344E0,-4.39E0));
#3693=VERTEX_POINT('',#3692);
#3694=CARTESIAN_POINT('',(-3.84375E0,-1.289361718297E0,-4.39E0));
#3695=VERTEX_POINT('',#3694);
#3696=CARTESIAN_POINT('',(-3.75E0,-1.177659559250E0,-4.39E0));
#3697=VERTEX_POINT('',#3696);
#3698=CARTESIAN_POINT('',(-3.75E0,-1.8E0,-4.39E0));
#3699=VERTEX_POINT('',#3698);
#3700=CARTESIAN_POINT('',(-3.65625E0,-1.8E0,-4.4E0));
#3701=CARTESIAN_POINT('',(-3.65625E0,-1.05E0,-4.4E0));
#3702=VERTEX_POINT('',#3700);
#3703=VERTEX_POINT('',#3701);
#3704=CARTESIAN_POINT('',(-3.75E0,-1.05E0,-4.4E0));
#3705=VERTEX_POINT('',#3704);
#3706=CARTESIAN_POINT('',(-3.84375E0,-1.161702114344E0,-4.4E0));
#3707=VERTEX_POINT('',#3706);
#3708=CARTESIAN_POINT('',(-3.84375E0,-1.289361718297E0,-4.4E0));
#3709=VERTEX_POINT('',#3708);
#3710=CARTESIAN_POINT('',(-3.75E0,-1.177659559250E0,-4.4E0));
#3711=VERTEX_POINT('',#3710);
#3712=CARTESIAN_POINT('',(-3.75E0,-1.8E0,-4.4E0));
#3713=VERTEX_POINT('',#3712);
#3714=CARTESIAN_POINT('',(-3.9E0,-3.265452080061E0,-5.593407839354E0));
#3715=CARTESIAN_POINT('',(-3.9E0,-3.254547919942E0,-5.893209606013E0));
#3716=VERTEX_POINT('',#3714);
#3717=VERTEX_POINT('',#3715);
#3718=CARTESIAN_POINT('',(-3.9E0,-2.5E-1,-2.1E0));
#3719=CARTESIAN_POINT('',(-3.9E0,-5.5E-1,-2.1E0));
#3720=VERTEX_POINT('',#3718);
#3721=VERTEX_POINT('',#3719);
#3722=CARTESIAN_POINT('',(-3.6E0,-3.265452080061E0,-5.593407839354E0));
#3723=CARTESIAN_POINT('',(-3.6E0,-3.254547919942E0,-5.893209606013E0));
#3724=VERTEX_POINT('',#3722);
#3725=VERTEX_POINT('',#3723);
#3726=CARTESIAN_POINT('',(-3.6E0,-2.5E-1,-2.1E0));
#3727=CARTESIAN_POINT('',(-3.6E0,-5.5E-1,-2.1E0));
#3728=VERTEX_POINT('',#3726);
#3729=VERTEX_POINT('',#3727);
#3730=CARTESIAN_POINT('',(-2.4E0,-3.265452080061E0,-5.593407839354E0));
#3731=CARTESIAN_POINT('',(-2.4E0,-3.254547919942E0,-5.893209606013E0));
#3732=VERTEX_POINT('',#3730);
#3733=VERTEX_POINT('',#3731);
#3734=CARTESIAN_POINT('',(-2.4E0,-2.5E-1,-2.1E0));
#3735=CARTESIAN_POINT('',(-2.4E0,-5.5E-1,-2.1E0));
#3736=VERTEX_POINT('',#3734);
#3737=VERTEX_POINT('',#3735);
#3738=CARTESIAN_POINT('',(-2.1E0,-3.265452080061E0,-5.593407839354E0));
#3739=CARTESIAN_POINT('',(-2.1E0,-3.254547919942E0,-5.893209606013E0));
#3740=VERTEX_POINT('',#3738);
#3741=VERTEX_POINT('',#3739);
#3742=CARTESIAN_POINT('',(-2.1E0,-2.5E-1,-2.1E0));
#3743=CARTESIAN_POINT('',(-2.1E0,-5.5E-1,-2.1E0));
#3744=VERTEX_POINT('',#3742);
#3745=VERTEX_POINT('',#3743);
#3746=CARTESIAN_POINT('',(-9.E-1,-3.265452080061E0,-5.593407839354E0));
#3747=CARTESIAN_POINT('',(-9.E-1,-3.254547919942E0,-5.893209606013E0));
#3748=VERTEX_POINT('',#3746);
#3749=VERTEX_POINT('',#3747);
#3750=CARTESIAN_POINT('',(-9.E-1,-2.5E-1,-2.1E0));
#3751=CARTESIAN_POINT('',(-9.E-1,-5.5E-1,-2.1E0));
#3752=VERTEX_POINT('',#3750);
#3753=VERTEX_POINT('',#3751);
#3754=CARTESIAN_POINT('',(-6.E-1,-3.265452080061E0,-5.593407839354E0));
#3755=CARTESIAN_POINT('',(-6.E-1,-3.254547919942E0,-5.893209606013E0));
#3756=VERTEX_POINT('',#3754);
#3757=VERTEX_POINT('',#3755);
#3758=CARTESIAN_POINT('',(-6.E-1,-2.5E-1,-2.1E0));
#3759=CARTESIAN_POINT('',(-6.E-1,-5.5E-1,-2.1E0));
#3760=VERTEX_POINT('',#3758);
#3761=VERTEX_POINT('',#3759);
#3762=CARTESIAN_POINT('',(6.E-1,-3.265452080061E0,-5.593407839354E0));
#3763=CARTESIAN_POINT('',(6.E-1,-3.254547919942E0,-5.893209606013E0));
#3764=VERTEX_POINT('',#3762);
#3765=VERTEX_POINT('',#3763);
#3766=CARTESIAN_POINT('',(6.E-1,-2.5E-1,-2.1E0));
#3767=CARTESIAN_POINT('',(6.E-1,-5.5E-1,-2.1E0));
#3768=VERTEX_POINT('',#3766);
#3769=VERTEX_POINT('',#3767);
#3770=CARTESIAN_POINT('',(9.E-1,-3.265452080061E0,-5.593407839354E0));
#3771=CARTESIAN_POINT('',(9.E-1,-3.254547919942E0,-5.893209606013E0));
#3772=VERTEX_POINT('',#3770);
#3773=VERTEX_POINT('',#3771);
#3774=CARTESIAN_POINT('',(9.E-1,-2.5E-1,-2.1E0));
#3775=CARTESIAN_POINT('',(9.E-1,-5.5E-1,-2.1E0));
#3776=VERTEX_POINT('',#3774);
#3777=VERTEX_POINT('',#3775);
#3778=CARTESIAN_POINT('',(2.1E0,-3.265452080061E0,-5.593407839354E0));
#3779=CARTESIAN_POINT('',(2.1E0,-3.254547919942E0,-5.893209606013E0));
#3780=VERTEX_POINT('',#3778);
#3781=VERTEX_POINT('',#3779);
#3782=CARTESIAN_POINT('',(2.1E0,-2.5E-1,-2.1E0));
#3783=CARTESIAN_POINT('',(2.1E0,-5.5E-1,-2.1E0));
#3784=VERTEX_POINT('',#3782);
#3785=VERTEX_POINT('',#3783);
#3786=CARTESIAN_POINT('',(2.4E0,-3.265452080061E0,-5.593407839354E0));
#3787=CARTESIAN_POINT('',(2.4E0,-3.254547919942E0,-5.893209606013E0));
#3788=VERTEX_POINT('',#3786);
#3789=VERTEX_POINT('',#3787);
#3790=CARTESIAN_POINT('',(2.4E0,-2.5E-1,-2.1E0));
#3791=CARTESIAN_POINT('',(2.4E0,-5.5E-1,-2.1E0));
#3792=VERTEX_POINT('',#3790);
#3793=VERTEX_POINT('',#3791);
#3794=CARTESIAN_POINT('',(3.6E0,-3.265452080061E0,-5.593407839354E0));
#3795=CARTESIAN_POINT('',(3.6E0,-3.254547919942E0,-5.893209606013E0));
#3796=VERTEX_POINT('',#3794);
#3797=VERTEX_POINT('',#3795);
#3798=CARTESIAN_POINT('',(3.6E0,-2.5E-1,-2.1E0));
#3799=CARTESIAN_POINT('',(3.6E0,-5.5E-1,-2.1E0));
#3800=VERTEX_POINT('',#3798);
#3801=VERTEX_POINT('',#3799);
#3802=CARTESIAN_POINT('',(3.9E0,-3.265452080061E0,-5.593407839354E0));
#3803=CARTESIAN_POINT('',(3.9E0,-3.254547919942E0,-5.893209606013E0));
#3804=VERTEX_POINT('',#3802);
#3805=VERTEX_POINT('',#3803);
#3806=CARTESIAN_POINT('',(3.9E0,-2.5E-1,-2.1E0));
#3807=CARTESIAN_POINT('',(3.9E0,-5.5E-1,-2.1E0));
#3808=VERTEX_POINT('',#3806);
#3809=VERTEX_POINT('',#3807);
#3810=CARTESIAN_POINT('',(5.775E0,-2.5E-1,-3.85E0));
#3811=CARTESIAN_POINT('',(5.8E0,-2.5E-1,-3.85E0));
#3812=VERTEX_POINT('',#3810);
#3813=VERTEX_POINT('',#3811);
#3814=CARTESIAN_POINT('',(-5.775E0,-2.5E-1,-3.85E0));
#3815=CARTESIAN_POINT('',(-5.8E0,-2.5E-1,-3.85E0));
#3816=VERTEX_POINT('',#3814);
#3817=VERTEX_POINT('',#3815);
#3818=CARTESIAN_POINT('',(-5.8E0,-2.5E-1,-4.2E0));
#3819=VERTEX_POINT('',#3818);
#3820=CARTESIAN_POINT('',(-5.9E0,-2.5E-1,-4.4E0));
#3821=CARTESIAN_POINT('',(-5.775E0,-2.5E-1,-4.4E0));
#3822=VERTEX_POINT('',#3820);
#3823=VERTEX_POINT('',#3821);
#3824=CARTESIAN_POINT('',(5.8E0,-2.5E-1,-4.2E0));
#3825=VERTEX_POINT('',#3824);
#3826=CARTESIAN_POINT('',(5.9E0,-2.5E-1,-4.2E0));
#3827=VERTEX_POINT('',#3826);
#3828=CARTESIAN_POINT('',(5.9E0,-2.5E-1,-4.4E0));
#3829=VERTEX_POINT('',#3828);
#3830=CARTESIAN_POINT('',(-5.9E0,-2.5E-1,-4.2E0));
#3831=VERTEX_POINT('',#3830);
#3832=CARTESIAN_POINT('',(-5.425E0,1.4E0,-4.4E0));
#3833=CARTESIAN_POINT('',(-5.525E0,1.4E0,-4.4E0));
#3834=VERTEX_POINT('',#3832);
#3835=VERTEX_POINT('',#3833);
#3836=CARTESIAN_POINT('',(5.425E0,1.4E0,-4.4E0));
#3837=CARTESIAN_POINT('',(5.525E0,1.4E0,-4.4E0));
#3838=VERTEX_POINT('',#3836);
#3839=VERTEX_POINT('',#3837);
#3840=CARTESIAN_POINT('',(5.425E0,1.4E0,-4.2E0));
#3841=VERTEX_POINT('',#3840);
#3842=CARTESIAN_POINT('',(5.525E0,1.4E0,-4.2E0));
#3843=VERTEX_POINT('',#3842);
#3844=CARTESIAN_POINT('',(-5.525E0,1.4E0,-4.2E0));
#3845=CARTESIAN_POINT('',(-5.425E0,1.4E0,-4.2E0));
#3846=VERTEX_POINT('',#3844);
#3847=VERTEX_POINT('',#3845);
#3848=CARTESIAN_POINT('',(5.775E0,-2.5E-1,-4.4E0));
#3849=VERTEX_POINT('',#3848);
#3850=CARTESIAN_POINT('',(5.45E0,-2.4E0,-5.8E0));
#3851=VERTEX_POINT('',#3850);
#3852=CARTESIAN_POINT('',(0.E0,0.E0,0.E0));
#3853=DIRECTION('',(0.E0,0.E0,1.E0));
#3854=DIRECTION('',(1.E0,0.E0,0.E0));
#3855=AXIS2_PLACEMENT_3D('',#3852,#3853,#3854);
#3856=PLANE('',#3855);
#3858=ORIENTED_EDGE('',*,*,#3857,.F.);
#3860=ORIENTED_EDGE('',*,*,#3859,.T.);
#3862=ORIENTED_EDGE('',*,*,#3861,.T.);
#3864=ORIENTED_EDGE('',*,*,#3863,.F.);
#3866=ORIENTED_EDGE('',*,*,#3865,.F.);
#3868=ORIENTED_EDGE('',*,*,#3867,.T.);
#3870=ORIENTED_EDGE('',*,*,#3869,.T.);
#3872=ORIENTED_EDGE('',*,*,#3871,.F.);
#3874=ORIENTED_EDGE('',*,*,#3873,.F.);
#3876=ORIENTED_EDGE('',*,*,#3875,.F.);
#3878=ORIENTED_EDGE('',*,*,#3877,.F.);
#3880=ORIENTED_EDGE('',*,*,#3879,.T.);
#3882=ORIENTED_EDGE('',*,*,#3881,.F.);
#3884=ORIENTED_EDGE('',*,*,#3883,.F.);
#3886=ORIENTED_EDGE('',*,*,#3885,.F.);
#3888=ORIENTED_EDGE('',*,*,#3887,.F.);
#3890=ORIENTED_EDGE('',*,*,#3889,.F.);
#3892=ORIENTED_EDGE('',*,*,#3891,.F.);
#3894=ORIENTED_EDGE('',*,*,#3893,.F.);
#3896=ORIENTED_EDGE('',*,*,#3895,.T.);
#3898=ORIENTED_EDGE('',*,*,#3897,.F.);
#3900=ORIENTED_EDGE('',*,*,#3899,.F.);
#3901=EDGE_LOOP('',(#3858,#3860,#3862,#3864,#3866,#3868,#3870,#3872,#3874,#3876,
#3878,#3880,#3882,#3884,#3886,#3888,#3890,#3892,#3894,#3896,#3898,#3900));
#3902=FACE_OUTER_BOUND('',#3901,.F.);
#3904=ORIENTED_EDGE('',*,*,#3903,.T.);
#3906=ORIENTED_EDGE('',*,*,#3905,.T.);
#3908=ORIENTED_EDGE('',*,*,#3907,.F.);
#3910=ORIENTED_EDGE('',*,*,#3909,.F.);
#3912=ORIENTED_EDGE('',*,*,#3911,.T.);
#3914=ORIENTED_EDGE('',*,*,#3913,.T.);
#3916=ORIENTED_EDGE('',*,*,#3915,.T.);
#3918=ORIENTED_EDGE('',*,*,#3917,.F.);
#3920=ORIENTED_EDGE('',*,*,#3919,.F.);
#3922=ORIENTED_EDGE('',*,*,#3921,.T.);
#3924=ORIENTED_EDGE('',*,*,#3923,.F.);
#3926=ORIENTED_EDGE('',*,*,#3925,.T.);
#3928=ORIENTED_EDGE('',*,*,#3927,.F.);
#3930=ORIENTED_EDGE('',*,*,#3929,.F.);
#3932=ORIENTED_EDGE('',*,*,#3931,.T.);
#3934=ORIENTED_EDGE('',*,*,#3933,.T.);
#3935=EDGE_LOOP('',(#3904,#3906,#3908,#3910,#3912,#3914,#3916,#3918,#3920,#3922,
#3924,#3926,#3928,#3930,#3932,#3934));
#3936=FACE_BOUND('',#3935,.F.);
#3938=CARTESIAN_POINT('',(-6.2E0,-2.4E0,0.E0));
#3939=DIRECTION('',(0.E0,-1.E0,0.E0));
#3940=DIRECTION('',(1.E0,0.E0,0.E0));
#3941=AXIS2_PLACEMENT_3D('',#3938,#3939,#3940);
#3942=PLANE('',#3941);
#3944=ORIENTED_EDGE('',*,*,#3943,.F.);
#3946=ORIENTED_EDGE('',*,*,#3945,.F.);
#3948=ORIENTED_EDGE('',*,*,#3947,.T.);
#3950=ORIENTED_EDGE('',*,*,#3949,.F.);
#3952=ORIENTED_EDGE('',*,*,#3951,.F.);
#3954=ORIENTED_EDGE('',*,*,#3953,.F.);
#3956=ORIENTED_EDGE('',*,*,#3955,.T.);
#3958=ORIENTED_EDGE('',*,*,#3957,.F.);
#3960=ORIENTED_EDGE('',*,*,#3959,.F.);
#3962=ORIENTED_EDGE('',*,*,#3961,.F.);
#3964=ORIENTED_EDGE('',*,*,#3963,.T.);
#3966=ORIENTED_EDGE('',*,*,#3965,.F.);
#3968=ORIENTED_EDGE('',*,*,#3967,.F.);
#3970=ORIENTED_EDGE('',*,*,#3969,.F.);
#3972=ORIENTED_EDGE('',*,*,#3971,.T.);
#3974=ORIENTED_EDGE('',*,*,#3973,.F.);
#3976=ORIENTED_EDGE('',*,*,#3975,.F.);
#3978=ORIENTED_EDGE('',*,*,#3977,.F.);
#3980=ORIENTED_EDGE('',*,*,#3979,.T.);
#3982=ORIENTED_EDGE('',*,*,#3981,.F.);
#3984=ORIENTED_EDGE('',*,*,#3983,.F.);
#3986=ORIENTED_EDGE('',*,*,#3985,.F.);
#3988=ORIENTED_EDGE('',*,*,#3987,.T.);
#3990=ORIENTED_EDGE('',*,*,#3989,.F.);
#3992=ORIENTED_EDGE('',*,*,#3991,.F.);
#3994=ORIENTED_EDGE('',*,*,#3993,.F.);
#3996=ORIENTED_EDGE('',*,*,#3995,.F.);
#3998=ORIENTED_EDGE('',*,*,#3997,.F.);
#4000=ORIENTED_EDGE('',*,*,#3999,.F.);
#4001=ORIENTED_EDGE('',*,*,#3873,.T.);
#4003=ORIENTED_EDGE('',*,*,#4002,.T.);
#4005=ORIENTED_EDGE('',*,*,#4004,.T.);
#4007=ORIENTED_EDGE('',*,*,#4006,.F.);
#4008=ORIENTED_EDGE('',*,*,#3865,.T.);
#4010=ORIENTED_EDGE('',*,*,#4009,.T.);
#4012=ORIENTED_EDGE('',*,*,#4011,.T.);
#4014=ORIENTED_EDGE('',*,*,#4013,.F.);
#4015=ORIENTED_EDGE('',*,*,#3857,.T.);
#4017=ORIENTED_EDGE('',*,*,#4016,.F.);
#4019=ORIENTED_EDGE('',*,*,#4018,.F.);
#4021=ORIENTED_EDGE('',*,*,#4020,.T.);
#4023=ORIENTED_EDGE('',*,*,#4022,.F.);
#4025=ORIENTED_EDGE('',*,*,#4024,.T.);
#4027=ORIENTED_EDGE('',*,*,#4026,.T.);
#4029=ORIENTED_EDGE('',*,*,#4028,.F.);
#4031=ORIENTED_EDGE('',*,*,#4030,.F.);
#4033=ORIENTED_EDGE('',*,*,#4032,.T.);
#4035=ORIENTED_EDGE('',*,*,#4034,.F.);
#4036=EDGE_LOOP('',(#3944,#3946,#3948,#3950,#3952,#3954,#3956,#3958,#3960,#3962,
#3964,#3966,#3968,#3970,#3972,#3974,#3976,#3978,#3980,#3982,#3984,#3986,#3988,
#3990,#3992,#3994,#3996,#3998,#4000,#4001,#4003,#4005,#4007,#4008,#4010,#4012,
#4014,#4015,#4017,#4019,#4021,#4023,#4025,#4027,#4029,#4031,#4033,#4035));
#4037=FACE_OUTER_BOUND('',#4036,.F.);
#4039=CARTESIAN_POINT('',(3.6E0,0.E0,-4.4E0));
#4040=DIRECTION('',(1.E0,0.E0,0.E0));
#4041=DIRECTION('',(0.E0,1.E0,0.E0));
#4042=AXIS2_PLACEMENT_3D('',#4039,#4040,#4041);
#4043=PLANE('',#4042);
#4045=ORIENTED_EDGE('',*,*,#4044,.F.);
#4046=ORIENTED_EDGE('',*,*,#3943,.T.);
#4048=ORIENTED_EDGE('',*,*,#4047,.T.);
#4050=ORIENTED_EDGE('',*,*,#4049,.T.);
#4052=ORIENTED_EDGE('',*,*,#4051,.T.);
#4053=EDGE_LOOP('',(#4045,#4046,#4048,#4050,#4052));
#4054=FACE_OUTER_BOUND('',#4053,.F.);
#4056=CARTESIAN_POINT('',(3.6E0,0.E0,-4.4E0));
#4057=DIRECTION('',(1.E0,0.E0,0.E0));
#4058=DIRECTION('',(0.E0,1.E0,0.E0));
#4059=AXIS2_PLACEMENT_3D('',#4056,#4057,#4058);
#4060=PLANE('',#4059);
#4062=ORIENTED_EDGE('',*,*,#4061,.T.);
#4064=ORIENTED_EDGE('',*,*,#4063,.T.);
#4066=ORIENTED_EDGE('',*,*,#4065,.T.);
#4068=ORIENTED_EDGE('',*,*,#4067,.T.);
#4069=EDGE_LOOP('',(#4062,#4064,#4066,#4068));
#4070=FACE_OUTER_BOUND('',#4069,.F.);
#4072=CARTESIAN_POINT('',(0.E0,0.E0,-5.8E0));
#4073=DIRECTION('',(0.E0,0.E0,1.E0));
#4074=DIRECTION('',(1.E0,0.E0,0.E0));
#4075=AXIS2_PLACEMENT_3D('',#4072,#4073,#4074);
#4076=PLANE('',#4075);
#4077=ORIENTED_EDGE('',*,*,#4044,.T.);
#4079=ORIENTED_EDGE('',*,*,#4078,.T.);
#4081=ORIENTED_EDGE('',*,*,#4080,.F.);
#4082=ORIENTED_EDGE('',*,*,#4030,.T.);
#4084=ORIENTED_EDGE('',*,*,#4083,.T.);
#4086=ORIENTED_EDGE('',*,*,#4085,.F.);
#4088=ORIENTED_EDGE('',*,*,#4087,.F.);
#4089=ORIENTED_EDGE('',*,*,#4022,.T.);
#4091=ORIENTED_EDGE('',*,*,#4090,.T.);
#4093=ORIENTED_EDGE('',*,*,#4092,.F.);
#4095=ORIENTED_EDGE('',*,*,#4094,.F.);
#4097=ORIENTED_EDGE('',*,*,#4096,.T.);
#4099=ORIENTED_EDGE('',*,*,#4098,.F.);
#4101=ORIENTED_EDGE('',*,*,#4100,.F.);
#4103=ORIENTED_EDGE('',*,*,#4102,.T.);
#4104=ORIENTED_EDGE('',*,*,#3993,.T.);
#4106=ORIENTED_EDGE('',*,*,#4105,.T.);
#4108=ORIENTED_EDGE('',*,*,#4107,.T.);
#4110=ORIENTED_EDGE('',*,*,#4109,.F.);
#4111=ORIENTED_EDGE('',*,*,#3985,.T.);
#4113=ORIENTED_EDGE('',*,*,#4112,.T.);
#4115=ORIENTED_EDGE('',*,*,#4114,.T.);
#4117=ORIENTED_EDGE('',*,*,#4116,.F.);
#4118=ORIENTED_EDGE('',*,*,#3977,.T.);
#4120=ORIENTED_EDGE('',*,*,#4119,.T.);
#4122=ORIENTED_EDGE('',*,*,#4121,.T.);
#4124=ORIENTED_EDGE('',*,*,#4123,.F.);
#4125=ORIENTED_EDGE('',*,*,#3969,.T.);
#4127=ORIENTED_EDGE('',*,*,#4126,.T.);
#4129=ORIENTED_EDGE('',*,*,#4128,.T.);
#4131=ORIENTED_EDGE('',*,*,#4130,.F.);
#4132=ORIENTED_EDGE('',*,*,#3961,.T.);
#4134=ORIENTED_EDGE('',*,*,#4133,.T.);
#4136=ORIENTED_EDGE('',*,*,#4135,.T.);
#4138=ORIENTED_EDGE('',*,*,#4137,.F.);
#4139=ORIENTED_EDGE('',*,*,#3953,.T.);
#4141=ORIENTED_EDGE('',*,*,#4140,.T.);
#4143=ORIENTED_EDGE('',*,*,#4142,.T.);
#4145=ORIENTED_EDGE('',*,*,#4144,.F.);
#4146=ORIENTED_EDGE('',*,*,#3945,.T.);
#4147=EDGE_LOOP('',(#4077,#4079,#4081,#4082,#4084,#4086,#4088,#4089,#4091,#4093,
#4095,#4097,#4099,#4101,#4103,#4104,#4106,#4108,#4110,#4111,#4113,#4115,#4117,
#4118,#4120,#4122,#4124,#4125,#4127,#4129,#4131,#4132,#4134,#4136,#4138,#4139,
#4141,#4143,#4145,#4146));
#4148=FACE_OUTER_BOUND('',#4147,.F.);
#4150=CARTESIAN_POINT('',(3.6E0,-3.254547919942E0,-5.893209606013E0));
#4151=DIRECTION('',(0.E0,3.634720039469E-2,-9.993392221981E-1));
#4152=DIRECTION('',(0.E0,9.993392221981E-1,3.634720039469E-2));
#4153=AXIS2_PLACEMENT_3D('',#4150,#4151,#4152);
#4154=PLANE('',#4153);
#4155=ORIENTED_EDGE('',*,*,#4078,.F.);
#4156=ORIENTED_EDGE('',*,*,#4051,.F.);
#4158=ORIENTED_EDGE('',*,*,#4157,.T.);
#4160=ORIENTED_EDGE('',*,*,#4159,.T.);
#4161=EDGE_LOOP('',(#4155,#4156,#4158,#4160));
#4162=FACE_OUTER_BOUND('',#4161,.F.);
#4164=CARTESIAN_POINT('',(3.6E0,-3.265452080061E0,-5.593407839354E0));
#4165=DIRECTION('',(0.E0,-9.993392221981E-1,-3.634720039469E-2));
#4166=DIRECTION('',(0.E0,3.634720039469E-2,-9.993392221981E-1));
#4167=AXIS2_PLACEMENT_3D('',#4164,#4165,#4166);
#4168=PLANE('',#4167);
#4169=ORIENTED_EDGE('',*,*,#4049,.F.);
#4171=ORIENTED_EDGE('',*,*,#4170,.T.);
#4173=ORIENTED_EDGE('',*,*,#4172,.T.);
#4174=ORIENTED_EDGE('',*,*,#4157,.F.);
#4175=EDGE_LOOP('',(#4169,#4171,#4173,#4174));
#4176=FACE_OUTER_BOUND('',#4175,.F.);
#4178=CARTESIAN_POINT('',(3.6E0,-5.5E-1,-5.494643497153E0));
#4179=DIRECTION('',(0.E0,-3.634720039469E-2,9.993392221981E-1));
#4180=DIRECTION('',(0.E0,-9.993392221981E-1,-3.634720039469E-2));
#4181=AXIS2_PLACEMENT_3D('',#4178,#4179,#4180);
#4182=PLANE('',#4181);
#4183=ORIENTED_EDGE('',*,*,#4034,.T.);
#4185=ORIENTED_EDGE('',*,*,#4184,.T.);
#4186=ORIENTED_EDGE('',*,*,#4170,.F.);
#4187=ORIENTED_EDGE('',*,*,#4047,.F.);
#4188=EDGE_LOOP('',(#4183,#4185,#4186,#4187));
#4189=FACE_OUTER_BOUND('',#4188,.F.);
#4191=CARTESIAN_POINT('',(3.9E0,0.E0,-4.4E0));
#4192=DIRECTION('',(1.E0,0.E0,0.E0));
#4193=DIRECTION('',(0.E0,1.E0,0.E0));
#4194=AXIS2_PLACEMENT_3D('',#4191,#4192,#4193);
#4195=PLANE('',#4194);
#4196=ORIENTED_EDGE('',*,*,#4080,.T.);
#4197=ORIENTED_EDGE('',*,*,#4159,.F.);
#4198=ORIENTED_EDGE('',*,*,#4172,.F.);
#4199=ORIENTED_EDGE('',*,*,#4184,.F.);
#4200=ORIENTED_EDGE('',*,*,#4032,.F.);
#4201=EDGE_LOOP('',(#4196,#4197,#4198,#4199,#4200));
#4202=FACE_OUTER_BOUND('',#4201,.F.);
#4204=CARTESIAN_POINT('',(3.9E0,0.E0,-4.4E0));
#4205=DIRECTION('',(1.E0,0.E0,0.E0));
#4206=DIRECTION('',(0.E0,1.E0,0.E0));
#4207=AXIS2_PLACEMENT_3D('',#4204,#4205,#4206);
#4208=PLANE('',#4207);
#4210=ORIENTED_EDGE('',*,*,#4209,.F.);
#4212=ORIENTED_EDGE('',*,*,#4211,.F.);
#4214=ORIENTED_EDGE('',*,*,#4213,.F.);
#4216=ORIENTED_EDGE('',*,*,#4215,.F.);
#4217=EDGE_LOOP('',(#4210,#4212,#4214,#4216));
#4218=FACE_OUTER_BOUND('',#4217,.F.);
#4220=CARTESIAN_POINT('',(0.E0,0.E0,-4.4E0));
#4221=DIRECTION('',(0.E0,0.E0,1.E0));
#4222=DIRECTION('',(1.E0,0.E0,0.E0));
#4223=AXIS2_PLACEMENT_3D('',#4220,#4221,#4222);
#4224=PLANE('',#4223);
#4226=ORIENTED_EDGE('',*,*,#4225,.F.);
#4228=ORIENTED_EDGE('',*,*,#4227,.F.);
#4230=ORIENTED_EDGE('',*,*,#4229,.F.);
#4232=ORIENTED_EDGE('',*,*,#4231,.F.);
#4234=ORIENTED_EDGE('',*,*,#4233,.F.);
#4236=ORIENTED_EDGE('',*,*,#4235,.F.);
#4238=ORIENTED_EDGE('',*,*,#4237,.F.);
#4240=ORIENTED_EDGE('',*,*,#4239,.F.);
#4242=ORIENTED_EDGE('',*,*,#4241,.F.);
#4244=ORIENTED_EDGE('',*,*,#4243,.F.);
#4246=ORIENTED_EDGE('',*,*,#4245,.F.);
#4248=ORIENTED_EDGE('',*,*,#4247,.F.);
#4249=EDGE_LOOP('',(#4226,#4228,#4230,#4232,#4234,#4236,#4238,#4240,#4242,#4244,
#4246,#4248));
#4250=FACE_OUTER_BOUND('',#4249,.F.);
#4252=ORIENTED_EDGE('',*,*,#4251,.F.);
#4254=ORIENTED_EDGE('',*,*,#4253,.T.);
#4256=ORIENTED_EDGE('',*,*,#4255,.T.);
#4258=ORIENTED_EDGE('',*,*,#4257,.F.);
#4259=EDGE_LOOP('',(#4252,#4254,#4256,#4258));
#4260=FACE_BOUND('',#4259,.F.);
#4262=ORIENTED_EDGE('',*,*,#4261,.F.);
#4264=ORIENTED_EDGE('',*,*,#4263,.T.);
#4266=ORIENTED_EDGE('',*,*,#4265,.T.);
#4268=ORIENTED_EDGE('',*,*,#4267,.F.);
#4269=EDGE_LOOP('',(#4262,#4264,#4266,#4268));
#4270=FACE_BOUND('',#4269,.F.);
#4272=ORIENTED_EDGE('',*,*,#4271,.F.);
#4274=ORIENTED_EDGE('',*,*,#4273,.T.);
#4276=ORIENTED_EDGE('',*,*,#4275,.T.);
#4278=ORIENTED_EDGE('',*,*,#4277,.F.);
#4279=EDGE_LOOP('',(#4272,#4274,#4276,#4278));
#4280=FACE_BOUND('',#4279,.F.);
#4282=ORIENTED_EDGE('',*,*,#4281,.F.);
#4284=ORIENTED_EDGE('',*,*,#4283,.T.);
#4286=ORIENTED_EDGE('',*,*,#4285,.T.);
#4288=ORIENTED_EDGE('',*,*,#4287,.F.);
#4289=EDGE_LOOP('',(#4282,#4284,#4286,#4288));
#4290=FACE_BOUND('',#4289,.F.);
#4292=ORIENTED_EDGE('',*,*,#4291,.F.);
#4294=ORIENTED_EDGE('',*,*,#4293,.T.);
#4296=ORIENTED_EDGE('',*,*,#4295,.T.);
#4298=ORIENTED_EDGE('',*,*,#4297,.F.);
#4299=EDGE_LOOP('',(#4292,#4294,#4296,#4298));
#4300=FACE_BOUND('',#4299,.F.);
#4301=ORIENTED_EDGE('',*,*,#4061,.F.);
#4303=ORIENTED_EDGE('',*,*,#4302,.T.);
#4304=ORIENTED_EDGE('',*,*,#4209,.T.);
#4306=ORIENTED_EDGE('',*,*,#4305,.F.);
#4307=EDGE_LOOP('',(#4301,#4303,#4304,#4306));
#4308=FACE_BOUND('',#4307,.F.);
#4310=ORIENTED_EDGE('',*,*,#4309,.T.);
#4312=ORIENTED_EDGE('',*,*,#4311,.T.);
#4314=ORIENTED_EDGE('',*,*,#4313,.T.);
#4316=ORIENTED_EDGE('',*,*,#4315,.T.);
#4318=ORIENTED_EDGE('',*,*,#4317,.T.);
#4320=ORIENTED_EDGE('',*,*,#4319,.T.);
#4322=ORIENTED_EDGE('',*,*,#4321,.T.);
#4323=EDGE_LOOP('',(#4310,#4312,#4314,#4316,#4318,#4320,#4322));
#4324=FACE_BOUND('',#4323,.F.);
#4326=CARTESIAN_POINT('',(3.635E0,5.E-1,0.E0));
#4327=DIRECTION('',(0.E0,1.E0,0.E0));
#4328=DIRECTION('',(-1.E0,0.E0,0.E0));
#4329=AXIS2_PLACEMENT_3D('',#4326,#4327,#4328);
#4330=PLANE('',#4329);
#4332=ORIENTED_EDGE('',*,*,#4331,.T.);
#4333=ORIENTED_EDGE('',*,*,#3931,.F.);
#4335=ORIENTED_EDGE('',*,*,#4334,.F.);
#4337=ORIENTED_EDGE('',*,*,#4336,.T.);
#4338=ORIENTED_EDGE('',*,*,#4233,.T.);
#4339=EDGE_LOOP('',(#4332,#4333,#4335,#4337,#4338));
#4340=FACE_OUTER_BOUND('',#4339,.F.);
#4342=CARTESIAN_POINT('',(3.635E0,5.E-1,0.E0));
#4343=DIRECTION('',(0.E0,1.E0,0.E0));
#4344=DIRECTION('',(-1.E0,0.E0,0.E0));
#4345=AXIS2_PLACEMENT_3D('',#4342,#4343,#4344);
#4346=PLANE('',#4345);
#4348=ORIENTED_EDGE('',*,*,#4347,.F.);
#4349=ORIENTED_EDGE('',*,*,#4225,.T.);
#4351=ORIENTED_EDGE('',*,*,#4350,.F.);
#4353=ORIENTED_EDGE('',*,*,#4352,.F.);
#4354=ORIENTED_EDGE('',*,*,#3915,.F.);
#4355=EDGE_LOOP('',(#4348,#4349,#4351,#4353,#4354));
#4356=FACE_OUTER_BOUND('',#4355,.F.);
#4358=CARTESIAN_POINT('',(3.26E0,5.E-1,0.E0));
#4359=DIRECTION('',(1.E0,0.E0,0.E0));
#4360=DIRECTION('',(0.E0,1.E0,0.E0));
#4361=AXIS2_PLACEMENT_3D('',#4358,#4359,#4360);
#4362=PLANE('',#4361);
#4363=ORIENTED_EDGE('',*,*,#3933,.F.);
#4364=ORIENTED_EDGE('',*,*,#4331,.F.);
#4365=ORIENTED_EDGE('',*,*,#4231,.T.);
#4367=ORIENTED_EDGE('',*,*,#4366,.F.);
#4368=EDGE_LOOP('',(#4363,#4364,#4365,#4367));
#4369=FACE_OUTER_BOUND('',#4368,.F.);
#4371=CARTESIAN_POINT('',(3.26E0,1.825E0,0.E0));
#4372=DIRECTION('',(0.E0,1.E0,0.E0));
#4373=DIRECTION('',(-1.E0,0.E0,0.E0));
#4374=AXIS2_PLACEMENT_3D('',#4371,#4372,#4373);
#4375=PLANE('',#4374);
#4377=ORIENTED_EDGE('',*,*,#4376,.T.);
#4379=ORIENTED_EDGE('',*,*,#4378,.F.);
#4380=ORIENTED_EDGE('',*,*,#3903,.F.);
#4381=ORIENTED_EDGE('',*,*,#4366,.T.);
#4382=ORIENTED_EDGE('',*,*,#4229,.T.);
#4384=ORIENTED_EDGE('',*,*,#4383,.F.);
#4385=ORIENTED_EDGE('',*,*,#3911,.F.);
#4387=ORIENTED_EDGE('',*,*,#4386,.F.);
#4388=EDGE_LOOP('',(#4377,#4379,#4380,#4381,#4382,#4384,#4385,#4387));
#4389=FACE_OUTER_BOUND('',#4388,.F.);
#4391=CARTESIAN_POINT('',(-2.236464E1,1.725E0,-8.330415196484E-1));
#4392=DIRECTION('',(1.E0,0.E0,0.E0));
#4393=DIRECTION('',(0.E0,1.E0,0.E0));
#4394=AXIS2_PLACEMENT_3D('',#4391,#4392,#4393);
#4395=CYLINDRICAL_SURFACE('',#4394,1.E-1);
#4396=ORIENTED_EDGE('',*,*,#4376,.F.);
#4398=ORIENTED_EDGE('',*,*,#4397,.T.);
#4400=ORIENTED_EDGE('',*,*,#4399,.T.);
#4402=ORIENTED_EDGE('',*,*,#4401,.T.);
#4403=EDGE_LOOP('',(#4396,#4398,#4400,#4402));
#4404=FACE_OUTER_BOUND('',#4403,.F.);
#4406=CARTESIAN_POINT('',(-1.885E0,0.E0,0.E0));
#4407=DIRECTION('',(1.E0,0.E0,0.E0));
#4408=DIRECTION('',(0.E0,0.E0,-1.E0));
#4409=AXIS2_PLACEMENT_3D('',#4406,#4407,#4408);
#4410=PLANE('',#4409);
#4412=ORIENTED_EDGE('',*,*,#4411,.T.);
#4413=ORIENTED_EDGE('',*,*,#4397,.F.);
#4414=ORIENTED_EDGE('',*,*,#4386,.T.);
#4415=ORIENTED_EDGE('',*,*,#3909,.T.);
#4417=ORIENTED_EDGE('',*,*,#4416,.T.);
#4418=EDGE_LOOP('',(#4412,#4413,#4414,#4415,#4417));
#4419=FACE_OUTER_BOUND('',#4418,.F.);
#4421=CARTESIAN_POINT('',(-1.885E0,1.525E0,-7.5E-1));
#4422=DIRECTION('',(0.E0,8.634300732915E-2,-9.962654691825E-1));
#4423=DIRECTION('',(0.E0,9.962654691825E-1,8.634300732915E-2));
#4424=AXIS2_PLACEMENT_3D('',#4421,#4422,#4423);
#4425=PLANE('',#4424);
#4426=ORIENTED_EDGE('',*,*,#4399,.F.);
#4427=ORIENTED_EDGE('',*,*,#4411,.F.);
#4429=ORIENTED_EDGE('',*,*,#4428,.T.);
#4431=ORIENTED_EDGE('',*,*,#4430,.T.);
#4432=EDGE_LOOP('',(#4426,#4427,#4429,#4431));
#4433=FACE_OUTER_BOUND('',#4432,.F.);
#4435=CARTESIAN_POINT('',(-1.885E0,1.525E0,0.E0));
#4436=DIRECTION('',(0.E0,-1.E0,0.E0));
#4437=DIRECTION('',(0.E0,0.E0,-1.E0));
#4438=AXIS2_PLACEMENT_3D('',#4435,#4436,#4437);
#4439=PLANE('',#4438);
#4440=ORIENTED_EDGE('',*,*,#4416,.F.);
#4441=ORIENTED_EDGE('',*,*,#3907,.T.);
#4443=ORIENTED_EDGE('',*,*,#4442,.T.);
#4444=ORIENTED_EDGE('',*,*,#4428,.F.);
#4445=EDGE_LOOP('',(#4440,#4441,#4443,#4444));
#4446=FACE_OUTER_BOUND('',#4445,.F.);
#4448=CARTESIAN_POINT('',(1.885E0,0.E0,0.E0));
#4449=DIRECTION('',(1.E0,0.E0,0.E0));
#4450=DIRECTION('',(0.E0,0.E0,-1.E0));
#4451=AXIS2_PLACEMENT_3D('',#4448,#4449,#4450);
#4452=PLANE('',#4451);
#4453=ORIENTED_EDGE('',*,*,#4378,.T.);
#4454=ORIENTED_EDGE('',*,*,#4401,.F.);
#4455=ORIENTED_EDGE('',*,*,#4430,.F.);
#4456=ORIENTED_EDGE('',*,*,#4442,.F.);
#4457=ORIENTED_EDGE('',*,*,#3905,.F.);
#4458=EDGE_LOOP('',(#4453,#4454,#4455,#4456,#4457));
#4459=FACE_OUTER_BOUND('',#4458,.F.);
#4461=CARTESIAN_POINT('',(-3.26E0,1.825E0,0.E0));
#4462=DIRECTION('',(-1.E0,0.E0,0.E0));
#4463=DIRECTION('',(0.E0,-1.E0,0.E0));
#4464=AXIS2_PLACEMENT_3D('',#4461,#4462,#4463);
#4465=PLANE('',#4464);
#4466=ORIENTED_EDGE('',*,*,#3913,.F.);
#4467=ORIENTED_EDGE('',*,*,#4383,.T.);
#4468=ORIENTED_EDGE('',*,*,#4227,.T.);
#4469=ORIENTED_EDGE('',*,*,#4347,.T.);
#4470=EDGE_LOOP('',(#4466,#4467,#4468,#4469));
#4471=FACE_OUTER_BOUND('',#4470,.F.);
#4473=CARTESIAN_POINT('',(3.535E0,1.15E0,-1.E-1));
#4474=DIRECTION('',(7.071067811865E-1,0.E0,7.071067811865E-1));
#4475=DIRECTION('',(7.071067811865E-1,0.E0,-7.071067811865E-1));
#4476=AXIS2_PLACEMENT_3D('',#4473,#4474,#4475);
#4477=PLANE('',#4476);
#4478=ORIENTED_EDGE('',*,*,#4334,.T.);
#4479=ORIENTED_EDGE('',*,*,#3929,.T.);
#4481=ORIENTED_EDGE('',*,*,#4480,.F.);
#4483=ORIENTED_EDGE('',*,*,#4482,.F.);
#4484=EDGE_LOOP('',(#4478,#4479,#4481,#4483));
#4485=FACE_OUTER_BOUND('',#4484,.F.);
#4487=CARTESIAN_POINT('',(4.375E0,1.9E0,-1.E-1));
#4488=DIRECTION('',(0.E0,-7.071067811865E-1,7.071067811865E-1));
#4489=DIRECTION('',(0.E0,-7.071067811865E-1,-7.071067811865E-1));
#4490=AXIS2_PLACEMENT_3D('',#4487,#4488,#4489);
#4491=PLANE('',#4490);
#4492=ORIENTED_EDGE('',*,*,#3927,.T.);
#4494=ORIENTED_EDGE('',*,*,#4493,.F.);
#4496=ORIENTED_EDGE('',*,*,#4495,.T.);
#4498=ORIENTED_EDGE('',*,*,#4497,.F.);
#4499=ORIENTED_EDGE('',*,*,#4480,.T.);
#4500=EDGE_LOOP('',(#4492,#4494,#4496,#4498,#4499));
#4501=FACE_OUTER_BOUND('',#4500,.F.);
#4503=CARTESIAN_POINT('',(5.158301270189E0,-2.5E-2,-7.5E-2));
#4504=DIRECTION('',(-8.660254037844E-1,0.E0,5.E-1));
#4505=DIRECTION('',(5.E-1,0.E0,8.660254037844E-1));
#4506=AXIS2_PLACEMENT_3D('',#4503,#4504,#4505);
#4507=PLANE('',#4506);
#4508=ORIENTED_EDGE('',*,*,#3925,.F.);
#4510=ORIENTED_EDGE('',*,*,#4509,.F.);
#4512=ORIENTED_EDGE('',*,*,#4511,.T.);
#4513=ORIENTED_EDGE('',*,*,#4493,.T.);
#4514=EDGE_LOOP('',(#4508,#4510,#4512,#4513));
#4515=FACE_OUTER_BOUND('',#4514,.F.);
#4517=CARTESIAN_POINT('',(0.E0,-1.943301270189E0,-7.5E-2));
#4518=DIRECTION('',(0.E0,8.660254037844E-1,5.E-1));
#4519=DIRECTION('',(0.E0,5.E-1,-8.660254037844E-1));
#4520=AXIS2_PLACEMENT_3D('',#4517,#4518,#4519);
#4521=PLANE('',#4520);
#4522=ORIENTED_EDGE('',*,*,#3923,.T.);
#4524=ORIENTED_EDGE('',*,*,#4523,.F.);
#4526=ORIENTED_EDGE('',*,*,#4525,.F.);
#4527=ORIENTED_EDGE('',*,*,#4509,.T.);
#4528=EDGE_LOOP('',(#4522,#4524,#4526,#4527));
#4529=FACE_OUTER_BOUND('',#4528,.F.);
#4531=CARTESIAN_POINT('',(-5.158301270189E0,-2.75E-1,-7.5E-2));
#4532=DIRECTION('',(8.660254037844E-1,0.E0,5.E-1));
#4533=DIRECTION('',(-5.E-1,0.E0,8.660254037844E-1));
#4534=AXIS2_PLACEMENT_3D('',#4531,#4532,#4533);
#4535=PLANE('',#4534);
#4537=ORIENTED_EDGE('',*,*,#4536,.T.);
#4538=ORIENTED_EDGE('',*,*,#4523,.T.);
#4539=ORIENTED_EDGE('',*,*,#3921,.F.);
#4541=ORIENTED_EDGE('',*,*,#4540,.T.);
#4542=EDGE_LOOP('',(#4537,#4538,#4539,#4541));
#4543=FACE_OUTER_BOUND('',#4542,.F.);
#4545=CARTESIAN_POINT('',(-5.115E0,1.3E0,0.E0));
#4546=DIRECTION('',(-1.E0,0.E0,0.E0));
#4547=DIRECTION('',(0.E0,-1.E0,0.E0));
#4548=AXIS2_PLACEMENT_3D('',#4545,#4546,#4547);
#4549=PLANE('',#4548);
#4550=ORIENTED_EDGE('',*,*,#4536,.F.);
#4552=ORIENTED_EDGE('',*,*,#4551,.F.);
#4554=ORIENTED_EDGE('',*,*,#4553,.T.);
#4555=ORIENTED_EDGE('',*,*,#4243,.T.);
#4557=ORIENTED_EDGE('',*,*,#4556,.F.);
#4558=EDGE_LOOP('',(#4550,#4552,#4554,#4555,#4557));
#4559=FACE_OUTER_BOUND('',#4558,.F.);
#4561=CARTESIAN_POINT('',(-4.375E0,1.4E0,-1.E-1));
#4562=DIRECTION('',(0.E0,-7.071067811865E-1,7.071067811865E-1));
#4563=DIRECTION('',(0.E0,-7.071067811865E-1,-7.071067811865E-1));
#4564=AXIS2_PLACEMENT_3D('',#4561,#4562,#4563);
#4565=PLANE('',#4564);
#4566=ORIENTED_EDGE('',*,*,#4551,.T.);
#4567=ORIENTED_EDGE('',*,*,#4540,.F.);
#4568=ORIENTED_EDGE('',*,*,#3919,.T.);
#4570=ORIENTED_EDGE('',*,*,#4569,.F.);
#4572=ORIENTED_EDGE('',*,*,#4571,.F.);
#4573=EDGE_LOOP('',(#4566,#4567,#4568,#4570,#4572));
#4574=FACE_OUTER_BOUND('',#4573,.F.);
#4576=CARTESIAN_POINT('',(-3.535E0,9.E-1,-1.E-1));
#4577=DIRECTION('',(-7.071067811865E-1,0.E0,7.071067811865E-1));
#4578=DIRECTION('',(-7.071067811865E-1,0.E0,-7.071067811865E-1));
#4579=AXIS2_PLACEMENT_3D('',#4576,#4577,#4578);
#4580=PLANE('',#4579);
#4581=ORIENTED_EDGE('',*,*,#4352,.T.);
#4583=ORIENTED_EDGE('',*,*,#4582,.F.);
#4584=ORIENTED_EDGE('',*,*,#4569,.T.);
#4585=ORIENTED_EDGE('',*,*,#3917,.T.);
#4586=EDGE_LOOP('',(#4581,#4583,#4584,#4585));
#4587=FACE_OUTER_BOUND('',#4586,.F.);
#4589=CARTESIAN_POINT('',(-3.635E0,5.E-1,0.E0));
#4590=DIRECTION('',(1.E0,0.E0,0.E0));
#4591=DIRECTION('',(0.E0,1.E0,0.E0));
#4592=AXIS2_PLACEMENT_3D('',#4589,#4590,#4591);
#4593=PLANE('',#4592);
#4594=ORIENTED_EDGE('',*,*,#4582,.T.);
#4595=ORIENTED_EDGE('',*,*,#4350,.T.);
#4596=ORIENTED_EDGE('',*,*,#4247,.T.);
#4598=ORIENTED_EDGE('',*,*,#4597,.F.);
#4599=EDGE_LOOP('',(#4594,#4595,#4596,#4598));
#4600=FACE_OUTER_BOUND('',#4599,.F.);
#4602=CARTESIAN_POINT('',(-3.635E0,1.3E0,0.E0));
#4603=DIRECTION('',(0.E0,1.E0,0.E0));
#4604=DIRECTION('',(-1.E0,0.E0,0.E0));
#4605=AXIS2_PLACEMENT_3D('',#4602,#4603,#4604);
#4606=PLANE('',#4605);
#4607=ORIENTED_EDGE('',*,*,#4571,.T.);
#4608=ORIENTED_EDGE('',*,*,#4597,.T.);
#4609=ORIENTED_EDGE('',*,*,#4245,.T.);
#4610=ORIENTED_EDGE('',*,*,#4553,.F.);
#4611=EDGE_LOOP('',(#4607,#4608,#4609,#4610));
#4612=FACE_OUTER_BOUND('',#4611,.F.);
#4614=CARTESIAN_POINT('',(-5.115E0,-1.9E0,0.E0));
#4615=DIRECTION('',(0.E0,-1.E0,0.E0));
#4616=DIRECTION('',(1.E0,0.E0,0.E0));
#4617=AXIS2_PLACEMENT_3D('',#4614,#4615,#4616);
#4618=PLANE('',#4617);
#4619=ORIENTED_EDGE('',*,*,#4525,.T.);
#4620=ORIENTED_EDGE('',*,*,#4556,.T.);
#4621=ORIENTED_EDGE('',*,*,#4241,.T.);
#4623=ORIENTED_EDGE('',*,*,#4622,.F.);
#4624=EDGE_LOOP('',(#4619,#4620,#4621,#4623));
#4625=FACE_OUTER_BOUND('',#4624,.F.);
#4627=CARTESIAN_POINT('',(5.115E0,-1.9E0,0.E0));
#4628=DIRECTION('',(1.E0,0.E0,0.E0));
#4629=DIRECTION('',(0.E0,1.E0,0.E0));
#4630=AXIS2_PLACEMENT_3D('',#4627,#4628,#4629);
#4631=PLANE('',#4630);
#4632=ORIENTED_EDGE('',*,*,#4511,.F.);
#4633=ORIENTED_EDGE('',*,*,#4622,.T.);
#4634=ORIENTED_EDGE('',*,*,#4239,.T.);
#4636=ORIENTED_EDGE('',*,*,#4635,.F.);
#4637=ORIENTED_EDGE('',*,*,#4495,.F.);
#4638=EDGE_LOOP('',(#4632,#4633,#4634,#4636,#4637));
#4639=FACE_OUTER_BOUND('',#4638,.F.);
#4641=CARTESIAN_POINT('',(5.115E0,1.8E0,0.E0));
#4642=DIRECTION('',(0.E0,1.E0,0.E0));
#4643=DIRECTION('',(-1.E0,0.E0,0.E0));
#4644=AXIS2_PLACEMENT_3D('',#4641,#4642,#4643);
#4645=PLANE('',#4644);
#4646=ORIENTED_EDGE('',*,*,#4497,.T.);
#4647=ORIENTED_EDGE('',*,*,#4635,.T.);
#4648=ORIENTED_EDGE('',*,*,#4237,.T.);
#4650=ORIENTED_EDGE('',*,*,#4649,.F.);
#4651=EDGE_LOOP('',(#4646,#4647,#4648,#4650));
#4652=FACE_OUTER_BOUND('',#4651,.F.);
#4654=CARTESIAN_POINT('',(3.635E0,1.8E0,0.E0));
#4655=DIRECTION('',(-1.E0,0.E0,0.E0));
#4656=DIRECTION('',(0.E0,-1.E0,0.E0));
#4657=AXIS2_PLACEMENT_3D('',#4654,#4655,#4656);
#4658=PLANE('',#4657);
#4659=ORIENTED_EDGE('',*,*,#4482,.T.);
#4660=ORIENTED_EDGE('',*,*,#4649,.T.);
#4661=ORIENTED_EDGE('',*,*,#4235,.T.);
#4662=ORIENTED_EDGE('',*,*,#4336,.F.);
#4663=EDGE_LOOP('',(#4659,#4660,#4661,#4662));
#4664=FACE_OUTER_BOUND('',#4663,.F.);
#4666=CARTESIAN_POINT('',(-3.9E0,0.E0,-4.4E0));
#4667=DIRECTION('',(1.E0,0.E0,0.E0));
#4668=DIRECTION('',(0.E0,1.E0,0.E0));
#4669=AXIS2_PLACEMENT_3D('',#4666,#4667,#4668);
#4670=PLANE('',#4669);
#4671=ORIENTED_EDGE('',*,*,#3983,.T.);
#4673=ORIENTED_EDGE('',*,*,#4672,.T.);
#4675=ORIENTED_EDGE('',*,*,#4674,.T.);
#4677=ORIENTED_EDGE('',*,*,#4676,.T.);
#4678=ORIENTED_EDGE('',*,*,#4112,.F.);
#4679=EDGE_LOOP('',(#4671,#4673,#4675,#4677,#4678));
#4680=FACE_OUTER_BOUND('',#4679,.F.);
#4682=CARTESIAN_POINT('',(-3.9E0,0.E0,-4.4E0));
#4683=DIRECTION('',(1.E0,0.E0,0.E0));
#4684=DIRECTION('',(0.E0,1.E0,0.E0));
#4685=AXIS2_PLACEMENT_3D('',#4682,#4683,#4684);
#4686=PLANE('',#4685);
#4687=ORIENTED_EDGE('',*,*,#4251,.T.);
#4689=ORIENTED_EDGE('',*,*,#4688,.T.);
#4691=ORIENTED_EDGE('',*,*,#4690,.T.);
#4693=ORIENTED_EDGE('',*,*,#4692,.T.);
#4694=EDGE_LOOP('',(#4687,#4689,#4691,#4693));
#4695=FACE_OUTER_BOUND('',#4694,.F.);
#4697=CARTESIAN_POINT('',(-3.9E0,-5.5E-1,-5.494643497153E0));
#4698=DIRECTION('',(0.E0,-3.634720039469E-2,9.993392221981E-1));
#4699=DIRECTION('',(0.E0,-9.993392221981E-1,-3.634720039469E-2));
#4700=AXIS2_PLACEMENT_3D('',#4697,#4698,#4699);
#4701=PLANE('',#4700);
#4702=ORIENTED_EDGE('',*,*,#3981,.T.);
#4704=ORIENTED_EDGE('',*,*,#4703,.T.);
#4706=ORIENTED_EDGE('',*,*,#4705,.F.);
#4707=ORIENTED_EDGE('',*,*,#4672,.F.);
#4708=EDGE_LOOP('',(#4702,#4704,#4706,#4707));
#4709=FACE_OUTER_BOUND('',#4708,.F.);
#4711=CARTESIAN_POINT('',(-3.6E0,0.E0,-4.4E0));
#4712=DIRECTION('',(1.E0,0.E0,0.E0));
#4713=DIRECTION('',(0.E0,1.E0,0.E0));
#4714=AXIS2_PLACEMENT_3D('',#4711,#4712,#4713);
#4715=PLANE('',#4714);
#4716=ORIENTED_EDGE('',*,*,#3979,.F.);
#4717=ORIENTED_EDGE('',*,*,#4116,.T.);
#4719=ORIENTED_EDGE('',*,*,#4718,.F.);
#4721=ORIENTED_EDGE('',*,*,#4720,.F.);
#4722=ORIENTED_EDGE('',*,*,#4703,.F.);
#4723=EDGE_LOOP('',(#4716,#4717,#4719,#4721,#4722));
#4724=FACE_OUTER_BOUND('',#4723,.F.);
#4726=CARTESIAN_POINT('',(-3.6E0,0.E0,-4.4E0));
#4727=DIRECTION('',(1.E0,0.E0,0.E0));
#4728=DIRECTION('',(0.E0,1.E0,0.E0));
#4729=AXIS2_PLACEMENT_3D('',#4726,#4727,#4728);
#4730=PLANE('',#4729);
#4731=ORIENTED_EDGE('',*,*,#4255,.F.);
#4733=ORIENTED_EDGE('',*,*,#4732,.F.);
#4735=ORIENTED_EDGE('',*,*,#4734,.F.);
#4737=ORIENTED_EDGE('',*,*,#4736,.F.);
#4738=EDGE_LOOP('',(#4731,#4733,#4735,#4737));
#4739=FACE_OUTER_BOUND('',#4738,.F.);
#4741=CARTESIAN_POINT('',(-3.9E0,-3.254547919942E0,-5.893209606013E0));
#4742=DIRECTION('',(0.E0,3.634720039469E-2,-9.993392221981E-1));
#4743=DIRECTION('',(0.E0,9.993392221981E-1,3.634720039469E-2));
#4744=AXIS2_PLACEMENT_3D('',#4741,#4742,#4743);
#4745=PLANE('',#4744);
#4746=ORIENTED_EDGE('',*,*,#4114,.F.);
#4747=ORIENTED_EDGE('',*,*,#4676,.F.);
#4749=ORIENTED_EDGE('',*,*,#4748,.T.);
#4750=ORIENTED_EDGE('',*,*,#4718,.T.);
#4751=EDGE_LOOP('',(#4746,#4747,#4749,#4750));
#4752=FACE_OUTER_BOUND('',#4751,.F.);
#4754=CARTESIAN_POINT('',(-3.9E0,-3.265452080061E0,-5.593407839354E0));
#4755=DIRECTION('',(0.E0,-9.993392221981E-1,-3.634720039469E-2));
#4756=DIRECTION('',(0.E0,3.634720039469E-2,-9.993392221981E-1));
#4757=AXIS2_PLACEMENT_3D('',#4754,#4755,#4756);
#4758=PLANE('',#4757);
#4759=ORIENTED_EDGE('',*,*,#4674,.F.);
#4760=ORIENTED_EDGE('',*,*,#4705,.T.);
#4761=ORIENTED_EDGE('',*,*,#4720,.T.);
#4762=ORIENTED_EDGE('',*,*,#4748,.F.);
#4763=EDGE_LOOP('',(#4759,#4760,#4761,#4762));
#4764=FACE_OUTER_BOUND('',#4763,.F.);
#4766=CARTESIAN_POINT('',(-3.9E0,-5.5E-1,-2.1E0));
#4767=DIRECTION('',(0.E0,-1.E0,0.E0));
#4768=DIRECTION('',(0.E0,0.E0,-1.E0));
#4769=AXIS2_PLACEMENT_3D('',#4766,#4767,#4768);
#4770=PLANE('',#4769);
#4771=ORIENTED_EDGE('',*,*,#4253,.F.);
#4772=ORIENTED_EDGE('',*,*,#4692,.F.);
#4774=ORIENTED_EDGE('',*,*,#4773,.T.);
#4775=ORIENTED_EDGE('',*,*,#4732,.T.);
#4776=EDGE_LOOP('',(#4771,#4772,#4774,#4775));
#4777=FACE_OUTER_BOUND('',#4776,.F.);
#4779=CARTESIAN_POINT('',(-3.9E0,-2.5E-1,-2.1E0));
#4780=DIRECTION('',(0.E0,0.E0,1.E0));
#4781=DIRECTION('',(0.E0,-1.E0,0.E0));
#4782=AXIS2_PLACEMENT_3D('',#4779,#4780,#4781);
#4783=PLANE('',#4782);
#4784=ORIENTED_EDGE('',*,*,#4690,.F.);
#4786=ORIENTED_EDGE('',*,*,#4785,.T.);
#4787=ORIENTED_EDGE('',*,*,#4734,.T.);
#4788=ORIENTED_EDGE('',*,*,#4773,.F.);
#4789=EDGE_LOOP('',(#4784,#4786,#4787,#4788));
#4790=FACE_OUTER_BOUND('',#4789,.F.);
#4792=CARTESIAN_POINT('',(-3.9E0,-2.5E-1,-5.783930491459E0));
#4793=DIRECTION('',(0.E0,1.E0,0.E0));
#4794=DIRECTION('',(0.E0,0.E0,1.E0));
#4795=AXIS2_PLACEMENT_3D('',#4792,#4793,#4794);
#4796=PLANE('',#4795);
#4797=ORIENTED_EDGE('',*,*,#4257,.T.);
#4798=ORIENTED_EDGE('',*,*,#4736,.T.);
#4799=ORIENTED_EDGE('',*,*,#4785,.F.);
#4800=ORIENTED_EDGE('',*,*,#4688,.F.);
#4801=EDGE_LOOP('',(#4797,#4798,#4799,#4800));
#4802=FACE_OUTER_BOUND('',#4801,.F.);
#4804=CARTESIAN_POINT('',(-2.4E0,0.E0,-4.4E0));
#4805=DIRECTION('',(1.E0,0.E0,0.E0));
#4806=DIRECTION('',(0.E0,1.E0,0.E0));
#4807=AXIS2_PLACEMENT_3D('',#4804,#4805,#4806);
#4808=PLANE('',#4807);
#4809=ORIENTED_EDGE('',*,*,#4119,.F.);
#4810=ORIENTED_EDGE('',*,*,#3975,.T.);
#4812=ORIENTED_EDGE('',*,*,#4811,.T.);
#4814=ORIENTED_EDGE('',*,*,#4813,.T.);
#4816=ORIENTED_EDGE('',*,*,#4815,.T.);
#4817=EDGE_LOOP('',(#4809,#4810,#4812,#4814,#4816));
#4818=FACE_OUTER_BOUND('',#4817,.F.);
#4820=CARTESIAN_POINT('',(-2.4E0,0.E0,-4.4E0));
#4821=DIRECTION('',(1.E0,0.E0,0.E0));
#4822=DIRECTION('',(0.E0,1.E0,0.E0));
#4823=AXIS2_PLACEMENT_3D('',#4820,#4821,#4822);
#4824=PLANE('',#4823);
#4825=ORIENTED_EDGE('',*,*,#4261,.T.);
#4827=ORIENTED_EDGE('',*,*,#4826,.T.);
#4829=ORIENTED_EDGE('',*,*,#4828,.T.);
#4831=ORIENTED_EDGE('',*,*,#4830,.T.);
#4832=EDGE_LOOP('',(#4825,#4827,#4829,#4831));
#4833=FACE_OUTER_BOUND('',#4832,.F.);
#4835=CARTESIAN_POINT('',(-2.4E0,-5.5E-1,-5.494643497153E0));
#4836=DIRECTION('',(0.E0,-3.634720039469E-2,9.993392221981E-1));
#4837=DIRECTION('',(0.E0,-9.993392221981E-1,-3.634720039469E-2));
#4838=AXIS2_PLACEMENT_3D('',#4835,#4836,#4837);
#4839=PLANE('',#4838);
#4840=ORIENTED_EDGE('',*,*,#3973,.T.);
#4842=ORIENTED_EDGE('',*,*,#4841,.T.);
#4844=ORIENTED_EDGE('',*,*,#4843,.F.);
#4845=ORIENTED_EDGE('',*,*,#4811,.F.);
#4846=EDGE_LOOP('',(#4840,#4842,#4844,#4845));
#4847=FACE_OUTER_BOUND('',#4846,.F.);
#4849=CARTESIAN_POINT('',(-2.1E0,0.E0,-4.4E0));
#4850=DIRECTION('',(1.E0,0.E0,0.E0));
#4851=DIRECTION('',(0.E0,1.E0,0.E0));
#4852=AXIS2_PLACEMENT_3D('',#4849,#4850,#4851);
#4853=PLANE('',#4852);
#4854=ORIENTED_EDGE('',*,*,#4123,.T.);
#4856=ORIENTED_EDGE('',*,*,#4855,.F.);
#4858=ORIENTED_EDGE('',*,*,#4857,.F.);
#4859=ORIENTED_EDGE('',*,*,#4841,.F.);
#4860=ORIENTED_EDGE('',*,*,#3971,.F.);
#4861=EDGE_LOOP('',(#4854,#4856,#4858,#4859,#4860));
#4862=FACE_OUTER_BOUND('',#4861,.F.);
#4864=CARTESIAN_POINT('',(-2.1E0,0.E0,-4.4E0));
#4865=DIRECTION('',(1.E0,0.E0,0.E0));
#4866=DIRECTION('',(0.E0,1.E0,0.E0));
#4867=AXIS2_PLACEMENT_3D('',#4864,#4865,#4866);
#4868=PLANE('',#4867);
#4869=ORIENTED_EDGE('',*,*,#4265,.F.);
#4871=ORIENTED_EDGE('',*,*,#4870,.F.);
#4873=ORIENTED_EDGE('',*,*,#4872,.F.);
#4875=ORIENTED_EDGE('',*,*,#4874,.F.);
#4876=EDGE_LOOP('',(#4869,#4871,#4873,#4875));
#4877=FACE_OUTER_BOUND('',#4876,.F.);
#4879=CARTESIAN_POINT('',(-2.4E0,-3.254547919942E0,-5.893209606013E0));
#4880=DIRECTION('',(0.E0,3.634720039469E-2,-9.993392221981E-1));
#4881=DIRECTION('',(0.E0,9.993392221981E-1,3.634720039469E-2));
#4882=AXIS2_PLACEMENT_3D('',#4879,#4880,#4881);
#4883=PLANE('',#4882);
#4884=ORIENTED_EDGE('',*,*,#4121,.F.);
#4885=ORIENTED_EDGE('',*,*,#4815,.F.);
#4887=ORIENTED_EDGE('',*,*,#4886,.T.);
#4888=ORIENTED_EDGE('',*,*,#4855,.T.);
#4889=EDGE_LOOP('',(#4884,#4885,#4887,#4888));
#4890=FACE_OUTER_BOUND('',#4889,.F.);
#4892=CARTESIAN_POINT('',(-2.4E0,-3.265452080061E0,-5.593407839354E0));
#4893=DIRECTION('',(0.E0,-9.993392221981E-1,-3.634720039469E-2));
#4894=DIRECTION('',(0.E0,3.634720039469E-2,-9.993392221981E-1));
#4895=AXIS2_PLACEMENT_3D('',#4892,#4893,#4894);
#4896=PLANE('',#4895);
#4897=ORIENTED_EDGE('',*,*,#4813,.F.);
#4898=ORIENTED_EDGE('',*,*,#4843,.T.);
#4899=ORIENTED_EDGE('',*,*,#4857,.T.);
#4900=ORIENTED_EDGE('',*,*,#4886,.F.);
#4901=EDGE_LOOP('',(#4897,#4898,#4899,#4900));
#4902=FACE_OUTER_BOUND('',#4901,.F.);
#4904=CARTESIAN_POINT('',(-2.4E0,-5.5E-1,-2.1E0));
#4905=DIRECTION('',(0.E0,-1.E0,0.E0));
#4906=DIRECTION('',(0.E0,0.E0,-1.E0));
#4907=AXIS2_PLACEMENT_3D('',#4904,#4905,#4906);
#4908=PLANE('',#4907);
#4909=ORIENTED_EDGE('',*,*,#4263,.F.);
#4910=ORIENTED_EDGE('',*,*,#4830,.F.);
#4912=ORIENTED_EDGE('',*,*,#4911,.T.);
#4913=ORIENTED_EDGE('',*,*,#4870,.T.);
#4914=EDGE_LOOP('',(#4909,#4910,#4912,#4913));
#4915=FACE_OUTER_BOUND('',#4914,.F.);
#4917=CARTESIAN_POINT('',(-2.4E0,-2.5E-1,-2.1E0));
#4918=DIRECTION('',(0.E0,0.E0,1.E0));
#4919=DIRECTION('',(0.E0,-1.E0,0.E0));
#4920=AXIS2_PLACEMENT_3D('',#4917,#4918,#4919);
#4921=PLANE('',#4920);
#4922=ORIENTED_EDGE('',*,*,#4828,.F.);
#4924=ORIENTED_EDGE('',*,*,#4923,.T.);
#4925=ORIENTED_EDGE('',*,*,#4872,.T.);
#4926=ORIENTED_EDGE('',*,*,#4911,.F.);
#4927=EDGE_LOOP('',(#4922,#4924,#4925,#4926));
#4928=FACE_OUTER_BOUND('',#4927,.F.);
#4930=CARTESIAN_POINT('',(-2.4E0,-2.5E-1,-5.783930491459E0));
#4931=DIRECTION('',(0.E0,1.E0,0.E0));
#4932=DIRECTION('',(0.E0,0.E0,1.E0));
#4933=AXIS2_PLACEMENT_3D('',#4930,#4931,#4932);
#4934=PLANE('',#4933);
#4935=ORIENTED_EDGE('',*,*,#4267,.T.);
#4936=ORIENTED_EDGE('',*,*,#4874,.T.);
#4937=ORIENTED_EDGE('',*,*,#4923,.F.);
#4938=ORIENTED_EDGE('',*,*,#4826,.F.);
#4939=EDGE_LOOP('',(#4935,#4936,#4937,#4938));
#4940=FACE_OUTER_BOUND('',#4939,.F.);
#4942=CARTESIAN_POINT('',(-9.E-1,0.E0,-4.4E0));
#4943=DIRECTION('',(1.E0,0.E0,0.E0));
#4944=DIRECTION('',(0.E0,1.E0,0.E0));
#4945=AXIS2_PLACEMENT_3D('',#4942,#4943,#4944);
#4946=PLANE('',#4945);
#4947=ORIENTED_EDGE('',*,*,#4126,.F.);
#4948=ORIENTED_EDGE('',*,*,#3967,.T.);
#4950=ORIENTED_EDGE('',*,*,#4949,.T.);
#4952=ORIENTED_EDGE('',*,*,#4951,.T.);
#4954=ORIENTED_EDGE('',*,*,#4953,.T.);
#4955=EDGE_LOOP('',(#4947,#4948,#4950,#4952,#4954));
#4956=FACE_OUTER_BOUND('',#4955,.F.);
#4958=CARTESIAN_POINT('',(-9.E-1,0.E0,-4.4E0));
#4959=DIRECTION('',(1.E0,0.E0,0.E0));
#4960=DIRECTION('',(0.E0,1.E0,0.E0));
#4961=AXIS2_PLACEMENT_3D('',#4958,#4959,#4960);
#4962=PLANE('',#4961);
#4963=ORIENTED_EDGE('',*,*,#4271,.T.);
#4965=ORIENTED_EDGE('',*,*,#4964,.T.);
#4967=ORIENTED_EDGE('',*,*,#4966,.T.);
#4969=ORIENTED_EDGE('',*,*,#4968,.T.);
#4970=EDGE_LOOP('',(#4963,#4965,#4967,#4969));
#4971=FACE_OUTER_BOUND('',#4970,.F.);
#4973=CARTESIAN_POINT('',(-9.E-1,-5.5E-1,-5.494643497153E0));
#4974=DIRECTION('',(0.E0,-3.634720039469E-2,9.993392221981E-1));
#4975=DIRECTION('',(0.E0,-9.993392221981E-1,-3.634720039469E-2));
#4976=AXIS2_PLACEMENT_3D('',#4973,#4974,#4975);
#4977=PLANE('',#4976);
#4978=ORIENTED_EDGE('',*,*,#3965,.T.);
#4980=ORIENTED_EDGE('',*,*,#4979,.T.);
#4982=ORIENTED_EDGE('',*,*,#4981,.F.);
#4983=ORIENTED_EDGE('',*,*,#4949,.F.);
#4984=EDGE_LOOP('',(#4978,#4980,#4982,#4983));
#4985=FACE_OUTER_BOUND('',#4984,.F.);
#4987=CARTESIAN_POINT('',(-6.E-1,0.E0,-4.4E0));
#4988=DIRECTION('',(1.E0,0.E0,0.E0));
#4989=DIRECTION('',(0.E0,1.E0,0.E0));
#4990=AXIS2_PLACEMENT_3D('',#4987,#4988,#4989);
#4991=PLANE('',#4990);
#4992=ORIENTED_EDGE('',*,*,#4130,.T.);
#4994=ORIENTED_EDGE('',*,*,#4993,.F.);
#4996=ORIENTED_EDGE('',*,*,#4995,.F.);
#4997=ORIENTED_EDGE('',*,*,#4979,.F.);
#4998=ORIENTED_EDGE('',*,*,#3963,.F.);
#4999=EDGE_LOOP('',(#4992,#4994,#4996,#4997,#4998));
#5000=FACE_OUTER_BOUND('',#4999,.F.);
#5002=CARTESIAN_POINT('',(-6.E-1,0.E0,-4.4E0));
#5003=DIRECTION('',(1.E0,0.E0,0.E0));
#5004=DIRECTION('',(0.E0,1.E0,0.E0));
#5005=AXIS2_PLACEMENT_3D('',#5002,#5003,#5004);
#5006=PLANE('',#5005);
#5007=ORIENTED_EDGE('',*,*,#4275,.F.);
#5009=ORIENTED_EDGE('',*,*,#5008,.F.);
#5011=ORIENTED_EDGE('',*,*,#5010,.F.);
#5013=ORIENTED_EDGE('',*,*,#5012,.F.);
#5014=EDGE_LOOP('',(#5007,#5009,#5011,#5013));
#5015=FACE_OUTER_BOUND('',#5014,.F.);
#5017=CARTESIAN_POINT('',(-9.E-1,-3.254547919942E0,-5.893209606013E0));
#5018=DIRECTION('',(0.E0,3.634720039469E-2,-9.993392221981E-1));
#5019=DIRECTION('',(0.E0,9.993392221981E-1,3.634720039469E-2));
#5020=AXIS2_PLACEMENT_3D('',#5017,#5018,#5019);
#5021=PLANE('',#5020);
#5022=ORIENTED_EDGE('',*,*,#4128,.F.);
#5023=ORIENTED_EDGE('',*,*,#4953,.F.);
#5025=ORIENTED_EDGE('',*,*,#5024,.T.);
#5026=ORIENTED_EDGE('',*,*,#4993,.T.);
#5027=EDGE_LOOP('',(#5022,#5023,#5025,#5026));
#5028=FACE_OUTER_BOUND('',#5027,.F.);
#5030=CARTESIAN_POINT('',(-9.E-1,-3.265452080061E0,-5.593407839354E0));
#5031=DIRECTION('',(0.E0,-9.993392221981E-1,-3.634720039469E-2));
#5032=DIRECTION('',(0.E0,3.634720039469E-2,-9.993392221981E-1));
#5033=AXIS2_PLACEMENT_3D('',#5030,#5031,#5032);
#5034=PLANE('',#5033);
#5035=ORIENTED_EDGE('',*,*,#4951,.F.);
#5036=ORIENTED_EDGE('',*,*,#4981,.T.);
#5037=ORIENTED_EDGE('',*,*,#4995,.T.);
#5038=ORIENTED_EDGE('',*,*,#5024,.F.);
#5039=EDGE_LOOP('',(#5035,#5036,#5037,#5038));
#5040=FACE_OUTER_BOUND('',#5039,.F.);
#5042=CARTESIAN_POINT('',(-9.E-1,-5.5E-1,-2.1E0));
#5043=DIRECTION('',(0.E0,-1.E0,0.E0));
#5044=DIRECTION('',(0.E0,0.E0,-1.E0));
#5045=AXIS2_PLACEMENT_3D('',#5042,#5043,#5044);
#5046=PLANE('',#5045);
#5047=ORIENTED_EDGE('',*,*,#4273,.F.);
#5048=ORIENTED_EDGE('',*,*,#4968,.F.);
#5050=ORIENTED_EDGE('',*,*,#5049,.T.);
#5051=ORIENTED_EDGE('',*,*,#5008,.T.);
#5052=EDGE_LOOP('',(#5047,#5048,#5050,#5051));
#5053=FACE_OUTER_BOUND('',#5052,.F.);
#5055=CARTESIAN_POINT('',(-9.E-1,-2.5E-1,-2.1E0));
#5056=DIRECTION('',(0.E0,0.E0,1.E0));
#5057=DIRECTION('',(0.E0,-1.E0,0.E0));
#5058=AXIS2_PLACEMENT_3D('',#5055,#5056,#5057);
#5059=PLANE('',#5058);
#5060=ORIENTED_EDGE('',*,*,#4966,.F.);
#5062=ORIENTED_EDGE('',*,*,#5061,.T.);
#5063=ORIENTED_EDGE('',*,*,#5010,.T.);
#5064=ORIENTED_EDGE('',*,*,#5049,.F.);
#5065=EDGE_LOOP('',(#5060,#5062,#5063,#5064));
#5066=FACE_OUTER_BOUND('',#5065,.F.);
#5068=CARTESIAN_POINT('',(-9.E-1,-2.5E-1,-5.783930491459E0));
#5069=DIRECTION('',(0.E0,1.E0,0.E0));
#5070=DIRECTION('',(0.E0,0.E0,1.E0));
#5071=AXIS2_PLACEMENT_3D('',#5068,#5069,#5070);
#5072=PLANE('',#5071);
#5073=ORIENTED_EDGE('',*,*,#4277,.T.);
#5074=ORIENTED_EDGE('',*,*,#5012,.T.);
#5075=ORIENTED_EDGE('',*,*,#5061,.F.);
#5076=ORIENTED_EDGE('',*,*,#4964,.F.);
#5077=EDGE_LOOP('',(#5073,#5074,#5075,#5076));
#5078=FACE_OUTER_BOUND('',#5077,.F.);
#5080=CARTESIAN_POINT('',(6.E-1,0.E0,-4.4E0));
#5081=DIRECTION('',(1.E0,0.E0,0.E0));
#5082=DIRECTION('',(0.E0,1.E0,0.E0));
#5083=AXIS2_PLACEMENT_3D('',#5080,#5081,#5082);
#5084=PLANE('',#5083);
#5085=ORIENTED_EDGE('',*,*,#4133,.F.);
#5086=ORIENTED_EDGE('',*,*,#3959,.T.);
#5088=ORIENTED_EDGE('',*,*,#5087,.T.);
#5090=ORIENTED_EDGE('',*,*,#5089,.T.);
#5092=ORIENTED_EDGE('',*,*,#5091,.T.);
#5093=EDGE_LOOP('',(#5085,#5086,#5088,#5090,#5092));
#5094=FACE_OUTER_BOUND('',#5093,.F.);
#5096=CARTESIAN_POINT('',(6.E-1,0.E0,-4.4E0));
#5097=DIRECTION('',(1.E0,0.E0,0.E0));
#5098=DIRECTION('',(0.E0,1.E0,0.E0));
#5099=AXIS2_PLACEMENT_3D('',#5096,#5097,#5098);
#5100=PLANE('',#5099);
#5101=ORIENTED_EDGE('',*,*,#4281,.T.);
#5103=ORIENTED_EDGE('',*,*,#5102,.T.);
#5105=ORIENTED_EDGE('',*,*,#5104,.T.);
#5107=ORIENTED_EDGE('',*,*,#5106,.T.);
#5108=EDGE_LOOP('',(#5101,#5103,#5105,#5107));
#5109=FACE_OUTER_BOUND('',#5108,.F.);
#5111=CARTESIAN_POINT('',(6.E-1,-5.5E-1,-5.494643497153E0));
#5112=DIRECTION('',(0.E0,-3.634720039469E-2,9.993392221981E-1));
#5113=DIRECTION('',(0.E0,-9.993392221981E-1,-3.634720039469E-2));
#5114=AXIS2_PLACEMENT_3D('',#5111,#5112,#5113);
#5115=PLANE('',#5114);
#5116=ORIENTED_EDGE('',*,*,#3957,.T.);
#5118=ORIENTED_EDGE('',*,*,#5117,.T.);
#5120=ORIENTED_EDGE('',*,*,#5119,.F.);
#5121=ORIENTED_EDGE('',*,*,#5087,.F.);
#5122=EDGE_LOOP('',(#5116,#5118,#5120,#5121));
#5123=FACE_OUTER_BOUND('',#5122,.F.);
#5125=CARTESIAN_POINT('',(9.E-1,0.E0,-4.4E0));
#5126=DIRECTION('',(1.E0,0.E0,0.E0));
#5127=DIRECTION('',(0.E0,1.E0,0.E0));
#5128=AXIS2_PLACEMENT_3D('',#5125,#5126,#5127);
#5129=PLANE('',#5128);
#5130=ORIENTED_EDGE('',*,*,#4137,.T.);
#5132=ORIENTED_EDGE('',*,*,#5131,.F.);
#5134=ORIENTED_EDGE('',*,*,#5133,.F.);
#5135=ORIENTED_EDGE('',*,*,#5117,.F.);
#5136=ORIENTED_EDGE('',*,*,#3955,.F.);
#5137=EDGE_LOOP('',(#5130,#5132,#5134,#5135,#5136));
#5138=FACE_OUTER_BOUND('',#5137,.F.);
#5140=CARTESIAN_POINT('',(9.E-1,0.E0,-4.4E0));
#5141=DIRECTION('',(1.E0,0.E0,0.E0));
#5142=DIRECTION('',(0.E0,1.E0,0.E0));
#5143=AXIS2_PLACEMENT_3D('',#5140,#5141,#5142);
#5144=PLANE('',#5143);
#5145=ORIENTED_EDGE('',*,*,#4285,.F.);
#5147=ORIENTED_EDGE('',*,*,#5146,.F.);
#5149=ORIENTED_EDGE('',*,*,#5148,.F.);
#5151=ORIENTED_EDGE('',*,*,#5150,.F.);
#5152=EDGE_LOOP('',(#5145,#5147,#5149,#5151));
#5153=FACE_OUTER_BOUND('',#5152,.F.);
#5155=CARTESIAN_POINT('',(6.E-1,-3.254547919942E0,-5.893209606013E0));
#5156=DIRECTION('',(0.E0,3.634720039469E-2,-9.993392221981E-1));
#5157=DIRECTION('',(0.E0,9.993392221981E-1,3.634720039469E-2));
#5158=AXIS2_PLACEMENT_3D('',#5155,#5156,#5157);
#5159=PLANE('',#5158);
#5160=ORIENTED_EDGE('',*,*,#4135,.F.);
#5161=ORIENTED_EDGE('',*,*,#5091,.F.);
#5163=ORIENTED_EDGE('',*,*,#5162,.T.);
#5164=ORIENTED_EDGE('',*,*,#5131,.T.);
#5165=EDGE_LOOP('',(#5160,#5161,#5163,#5164));
#5166=FACE_OUTER_BOUND('',#5165,.F.);
#5168=CARTESIAN_POINT('',(6.E-1,-3.265452080061E0,-5.593407839354E0));
#5169=DIRECTION('',(0.E0,-9.993392221981E-1,-3.634720039469E-2));
#5170=DIRECTION('',(0.E0,3.634720039469E-2,-9.993392221981E-1));
#5171=AXIS2_PLACEMENT_3D('',#5168,#5169,#5170);
#5172=PLANE('',#5171);
#5173=ORIENTED_EDGE('',*,*,#5089,.F.);
#5174=ORIENTED_EDGE('',*,*,#5119,.T.);
#5175=ORIENTED_EDGE('',*,*,#5133,.T.);
#5176=ORIENTED_EDGE('',*,*,#5162,.F.);
#5177=EDGE_LOOP('',(#5173,#5174,#5175,#5176));
#5178=FACE_OUTER_BOUND('',#5177,.F.);
#5180=CARTESIAN_POINT('',(6.E-1,-5.5E-1,-2.1E0));
#5181=DIRECTION('',(0.E0,-1.E0,0.E0));
#5182=DIRECTION('',(0.E0,0.E0,-1.E0));
#5183=AXIS2_PLACEMENT_3D('',#5180,#5181,#5182);
#5184=PLANE('',#5183);
#5185=ORIENTED_EDGE('',*,*,#4283,.F.);
#5186=ORIENTED_EDGE('',*,*,#5106,.F.);
#5188=ORIENTED_EDGE('',*,*,#5187,.T.);
#5189=ORIENTED_EDGE('',*,*,#5146,.T.);
#5190=EDGE_LOOP('',(#5185,#5186,#5188,#5189));
#5191=FACE_OUTER_BOUND('',#5190,.F.);
#5193=CARTESIAN_POINT('',(6.E-1,-2.5E-1,-2.1E0));
#5194=DIRECTION('',(0.E0,0.E0,1.E0));
#5195=DIRECTION('',(0.E0,-1.E0,0.E0));
#5196=AXIS2_PLACEMENT_3D('',#5193,#5194,#5195);
#5197=PLANE('',#5196);
#5198=ORIENTED_EDGE('',*,*,#5104,.F.);
#5200=ORIENTED_EDGE('',*,*,#5199,.T.);
#5201=ORIENTED_EDGE('',*,*,#5148,.T.);
#5202=ORIENTED_EDGE('',*,*,#5187,.F.);
#5203=EDGE_LOOP('',(#5198,#5200,#5201,#5202));
#5204=FACE_OUTER_BOUND('',#5203,.F.);
#5206=CARTESIAN_POINT('',(6.E-1,-2.5E-1,-5.783930491459E0));
#5207=DIRECTION('',(0.E0,1.E0,0.E0));
#5208=DIRECTION('',(0.E0,0.E0,1.E0));
#5209=AXIS2_PLACEMENT_3D('',#5206,#5207,#5208);
#5210=PLANE('',#5209);
#5211=ORIENTED_EDGE('',*,*,#4287,.T.);
#5212=ORIENTED_EDGE('',*,*,#5150,.T.);
#5213=ORIENTED_EDGE('',*,*,#5199,.F.);
#5214=ORIENTED_EDGE('',*,*,#5102,.F.);
#5215=EDGE_LOOP('',(#5211,#5212,#5213,#5214));
#5216=FACE_OUTER_BOUND('',#5215,.F.);
#5218=CARTESIAN_POINT('',(2.1E0,0.E0,-4.4E0));
#5219=DIRECTION('',(1.E0,0.E0,0.E0));
#5220=DIRECTION('',(0.E0,1.E0,0.E0));
#5221=AXIS2_PLACEMENT_3D('',#5218,#5219,#5220);
#5222=PLANE('',#5221);
#5223=ORIENTED_EDGE('',*,*,#4140,.F.);
#5224=ORIENTED_EDGE('',*,*,#3951,.T.);
#5226=ORIENTED_EDGE('',*,*,#5225,.T.);
#5228=ORIENTED_EDGE('',*,*,#5227,.T.);
#5230=ORIENTED_EDGE('',*,*,#5229,.T.);
#5231=EDGE_LOOP('',(#5223,#5224,#5226,#5228,#5230));
#5232=FACE_OUTER_BOUND('',#5231,.F.);
#5234=CARTESIAN_POINT('',(2.1E0,0.E0,-4.4E0));
#5235=DIRECTION('',(1.E0,0.E0,0.E0));
#5236=DIRECTION('',(0.E0,1.E0,0.E0));
#5237=AXIS2_PLACEMENT_3D('',#5234,#5235,#5236);
#5238=PLANE('',#5237);
#5239=ORIENTED_EDGE('',*,*,#4291,.T.);
#5241=ORIENTED_EDGE('',*,*,#5240,.T.);
#5243=ORIENTED_EDGE('',*,*,#5242,.T.);
#5245=ORIENTED_EDGE('',*,*,#5244,.T.);
#5246=EDGE_LOOP('',(#5239,#5241,#5243,#5245));
#5247=FACE_OUTER_BOUND('',#5246,.F.);
#5249=CARTESIAN_POINT('',(2.1E0,-5.5E-1,-5.494643497153E0));
#5250=DIRECTION('',(0.E0,-3.634720039469E-2,9.993392221981E-1));
#5251=DIRECTION('',(0.E0,-9.993392221981E-1,-3.634720039469E-2));
#5252=AXIS2_PLACEMENT_3D('',#5249,#5250,#5251);
#5253=PLANE('',#5252);
#5254=ORIENTED_EDGE('',*,*,#3949,.T.);
#5256=ORIENTED_EDGE('',*,*,#5255,.T.);
#5258=ORIENTED_EDGE('',*,*,#5257,.F.);
#5259=ORIENTED_EDGE('',*,*,#5225,.F.);
#5260=EDGE_LOOP('',(#5254,#5256,#5258,#5259));
#5261=FACE_OUTER_BOUND('',#5260,.F.);
#5263=CARTESIAN_POINT('',(2.4E0,0.E0,-4.4E0));
#5264=DIRECTION('',(1.E0,0.E0,0.E0));
#5265=DIRECTION('',(0.E0,1.E0,0.E0));
#5266=AXIS2_PLACEMENT_3D('',#5263,#5264,#5265);
#5267=PLANE('',#5266);
#5268=ORIENTED_EDGE('',*,*,#4144,.T.);
#5270=ORIENTED_EDGE('',*,*,#5269,.F.);
#5272=ORIENTED_EDGE('',*,*,#5271,.F.);
#5273=ORIENTED_EDGE('',*,*,#5255,.F.);
#5274=ORIENTED_EDGE('',*,*,#3947,.F.);
#5275=EDGE_LOOP('',(#5268,#5270,#5272,#5273,#5274));
#5276=FACE_OUTER_BOUND('',#5275,.F.);
#5278=CARTESIAN_POINT('',(2.4E0,0.E0,-4.4E0));
#5279=DIRECTION('',(1.E0,0.E0,0.E0));
#5280=DIRECTION('',(0.E0,1.E0,0.E0));
#5281=AXIS2_PLACEMENT_3D('',#5278,#5279,#5280);
#5282=PLANE('',#5281);
#5283=ORIENTED_EDGE('',*,*,#4295,.F.);
#5285=ORIENTED_EDGE('',*,*,#5284,.F.);
#5287=ORIENTED_EDGE('',*,*,#5286,.F.);
#5289=ORIENTED_EDGE('',*,*,#5288,.F.);
#5290=EDGE_LOOP('',(#5283,#5285,#5287,#5289));
#5291=FACE_OUTER_BOUND('',#5290,.F.);
#5293=CARTESIAN_POINT('',(2.1E0,-3.254547919942E0,-5.893209606013E0));
#5294=DIRECTION('',(0.E0,3.634720039469E-2,-9.993392221981E-1));
#5295=DIRECTION('',(0.E0,9.993392221981E-1,3.634720039469E-2));
#5296=AXIS2_PLACEMENT_3D('',#5293,#5294,#5295);
#5297=PLANE('',#5296);
#5298=ORIENTED_EDGE('',*,*,#4142,.F.);
#5299=ORIENTED_EDGE('',*,*,#5229,.F.);
#5301=ORIENTED_EDGE('',*,*,#5300,.T.);
#5302=ORIENTED_EDGE('',*,*,#5269,.T.);
#5303=EDGE_LOOP('',(#5298,#5299,#5301,#5302));
#5304=FACE_OUTER_BOUND('',#5303,.F.);
#5306=CARTESIAN_POINT('',(2.1E0,-3.265452080061E0,-5.593407839354E0));
#5307=DIRECTION('',(0.E0,-9.993392221981E-1,-3.634720039469E-2));
#5308=DIRECTION('',(0.E0,3.634720039469E-2,-9.993392221981E-1));
#5309=AXIS2_PLACEMENT_3D('',#5306,#5307,#5308);
#5310=PLANE('',#5309);
#5311=ORIENTED_EDGE('',*,*,#5227,.F.);
#5312=ORIENTED_EDGE('',*,*,#5257,.T.);
#5313=ORIENTED_EDGE('',*,*,#5271,.T.);
#5314=ORIENTED_EDGE('',*,*,#5300,.F.);
#5315=EDGE_LOOP('',(#5311,#5312,#5313,#5314));
#5316=FACE_OUTER_BOUND('',#5315,.F.);
#5318=CARTESIAN_POINT('',(2.1E0,-5.5E-1,-2.1E0));
#5319=DIRECTION('',(0.E0,-1.E0,0.E0));
#5320=DIRECTION('',(0.E0,0.E0,-1.E0));
#5321=AXIS2_PLACEMENT_3D('',#5318,#5319,#5320);
#5322=PLANE('',#5321);
#5323=ORIENTED_EDGE('',*,*,#4293,.F.);
#5324=ORIENTED_EDGE('',*,*,#5244,.F.);
#5326=ORIENTED_EDGE('',*,*,#5325,.T.);
#5327=ORIENTED_EDGE('',*,*,#5284,.T.);
#5328=EDGE_LOOP('',(#5323,#5324,#5326,#5327));
#5329=FACE_OUTER_BOUND('',#5328,.F.);
#5331=CARTESIAN_POINT('',(2.1E0,-2.5E-1,-2.1E0));
#5332=DIRECTION('',(0.E0,0.E0,1.E0));
#5333=DIRECTION('',(0.E0,-1.E0,0.E0));
#5334=AXIS2_PLACEMENT_3D('',#5331,#5332,#5333);
#5335=PLANE('',#5334);
#5336=ORIENTED_EDGE('',*,*,#5242,.F.);
#5338=ORIENTED_EDGE('',*,*,#5337,.T.);
#5339=ORIENTED_EDGE('',*,*,#5286,.T.);
#5340=ORIENTED_EDGE('',*,*,#5325,.F.);
#5341=EDGE_LOOP('',(#5336,#5338,#5339,#5340));
#5342=FACE_OUTER_BOUND('',#5341,.F.);
#5344=CARTESIAN_POINT('',(2.1E0,-2.5E-1,-5.783930491459E0));
#5345=DIRECTION('',(0.E0,1.E0,0.E0));
#5346=DIRECTION('',(0.E0,0.E0,1.E0));
#5347=AXIS2_PLACEMENT_3D('',#5344,#5345,#5346);
#5348=PLANE('',#5347);
#5349=ORIENTED_EDGE('',*,*,#4297,.T.);
#5350=ORIENTED_EDGE('',*,*,#5288,.T.);
#5351=ORIENTED_EDGE('',*,*,#5337,.F.);
#5352=ORIENTED_EDGE('',*,*,#5240,.F.);
#5353=EDGE_LOOP('',(#5349,#5350,#5351,#5352));
#5354=FACE_OUTER_BOUND('',#5353,.F.);
#5356=CARTESIAN_POINT('',(3.6E0,-5.5E-1,-2.1E0));
#5357=DIRECTION('',(0.E0,-1.E0,0.E0));
#5358=DIRECTION('',(0.E0,0.E0,-1.E0));
#5359=AXIS2_PLACEMENT_3D('',#5356,#5357,#5358);
#5360=PLANE('',#5359);
#5361=ORIENTED_EDGE('',*,*,#4302,.F.);
#5362=ORIENTED_EDGE('',*,*,#4067,.F.);
#5364=ORIENTED_EDGE('',*,*,#5363,.T.);
#5365=ORIENTED_EDGE('',*,*,#4211,.T.);
#5366=EDGE_LOOP('',(#5361,#5362,#5364,#5365));
#5367=FACE_OUTER_BOUND('',#5366,.F.);
#5369=CARTESIAN_POINT('',(3.6E0,-2.5E-1,-2.1E0));
#5370=DIRECTION('',(0.E0,0.E0,1.E0));
#5371=DIRECTION('',(0.E0,-1.E0,0.E0));
#5372=AXIS2_PLACEMENT_3D('',#5369,#5370,#5371);
#5373=PLANE('',#5372);
#5374=ORIENTED_EDGE('',*,*,#4065,.F.);
#5376=ORIENTED_EDGE('',*,*,#5375,.T.);
#5377=ORIENTED_EDGE('',*,*,#4213,.T.);
#5378=ORIENTED_EDGE('',*,*,#5363,.F.);
#5379=EDGE_LOOP('',(#5374,#5376,#5377,#5378));
#5380=FACE_OUTER_BOUND('',#5379,.F.);
#5382=CARTESIAN_POINT('',(3.6E0,-2.5E-1,-5.783930491459E0));
#5383=DIRECTION('',(0.E0,1.E0,0.E0));
#5384=DIRECTION('',(0.E0,0.E0,1.E0));
#5385=AXIS2_PLACEMENT_3D('',#5382,#5383,#5384);
#5386=PLANE('',#5385);
#5387=ORIENTED_EDGE('',*,*,#4305,.T.);
#5388=ORIENTED_EDGE('',*,*,#4215,.T.);
#5389=ORIENTED_EDGE('',*,*,#5375,.F.);
#5390=ORIENTED_EDGE('',*,*,#4063,.F.);
#5391=EDGE_LOOP('',(#5387,#5388,#5389,#5390));
#5392=FACE_OUTER_BOUND('',#5391,.F.);
#5394=CARTESIAN_POINT('',(-3.65625E0,-1.8E0,-4.4E0));
#5395=DIRECTION('',(1.E0,0.E0,0.E0));
#5396=DIRECTION('',(0.E0,1.E0,0.E0));
#5397=AXIS2_PLACEMENT_3D('',#5394,#5395,#5396);
#5398=PLANE('',#5397);
#5399=ORIENTED_EDGE('',*,*,#4309,.F.);
#5401=ORIENTED_EDGE('',*,*,#5400,.T.);
#5403=ORIENTED_EDGE('',*,*,#5402,.T.);
#5405=ORIENTED_EDGE('',*,*,#5404,.F.);
#5406=EDGE_LOOP('',(#5399,#5401,#5403,#5405));
#5407=FACE_OUTER_BOUND('',#5406,.F.);
#5409=CARTESIAN_POINT('',(-3.75E0,-1.8E0,-4.4E0));
#5410=DIRECTION('',(0.E0,-1.E0,0.E0));
#5411=DIRECTION('',(1.E0,0.E0,0.E0));
#5412=AXIS2_PLACEMENT_3D('',#5409,#5410,#5411);
#5413=PLANE('',#5412);
#5414=ORIENTED_EDGE('',*,*,#4321,.F.);
#5416=ORIENTED_EDGE('',*,*,#5415,.T.);
#5418=ORIENTED_EDGE('',*,*,#5417,.T.);
#5419=ORIENTED_EDGE('',*,*,#5400,.F.);
#5420=EDGE_LOOP('',(#5414,#5416,#5418,#5419));
#5421=FACE_OUTER_BOUND('',#5420,.F.);
#5423=CARTESIAN_POINT('',(-3.75E0,-1.177659559250E0,-4.4E0));
#5424=DIRECTION('',(-1.E0,0.E0,0.E0));
#5425=DIRECTION('',(0.E0,-1.E0,0.E0));
#5426=AXIS2_PLACEMENT_3D('',#5423,#5424,#5425);
#5427=PLANE('',#5426);
#5428=ORIENTED_EDGE('',*,*,#4319,.F.);
#5430=ORIENTED_EDGE('',*,*,#5429,.T.);
#5432=ORIENTED_EDGE('',*,*,#5431,.T.);
#5433=ORIENTED_EDGE('',*,*,#5415,.F.);
#5434=EDGE_LOOP('',(#5428,#5430,#5432,#5433));
#5435=FACE_OUTER_BOUND('',#5434,.F.);
#5437=CARTESIAN_POINT('',(-3.84375E0,-1.289361718297E0,-4.4E0));
#5438=DIRECTION('',(7.659743427825E-1,-6.428711427642E-1,0.E0));
#5439=DIRECTION('',(6.428711427642E-1,7.659743427825E-1,0.E0));
#5440=AXIS2_PLACEMENT_3D('',#5437,#5438,#5439);
#5441=PLANE('',#5440);
#5442=ORIENTED_EDGE('',*,*,#4317,.F.);
#5444=ORIENTED_EDGE('',*,*,#5443,.T.);
#5446=ORIENTED_EDGE('',*,*,#5445,.T.);
#5447=ORIENTED_EDGE('',*,*,#5429,.F.);
#5448=EDGE_LOOP('',(#5442,#5444,#5446,#5447));
#5449=FACE_OUTER_BOUND('',#5448,.F.);
#5451=CARTESIAN_POINT('',(-3.84375E0,-1.161702114344E0,-4.4E0));
#5452=DIRECTION('',(-1.E0,0.E0,0.E0));
#5453=DIRECTION('',(0.E0,-1.E0,0.E0));
#5454=AXIS2_PLACEMENT_3D('',#5451,#5452,#5453);
#5455=PLANE('',#5454);
#5456=ORIENTED_EDGE('',*,*,#4315,.F.);
#5458=ORIENTED_EDGE('',*,*,#5457,.T.);
#5460=ORIENTED_EDGE('',*,*,#5459,.T.);
#5461=ORIENTED_EDGE('',*,*,#5443,.F.);
#5462=EDGE_LOOP('',(#5456,#5458,#5460,#5461));
#5463=FACE_OUTER_BOUND('',#5462,.F.);
#5465=CARTESIAN_POINT('',(-3.75E0,-1.05E0,-4.4E0));
#5466=DIRECTION('',(-7.659742160926E-1,6.428712937139E-1,0.E0));
#5467=DIRECTION('',(-6.428712937139E-1,-7.659742160926E-1,0.E0));
#5468=AXIS2_PLACEMENT_3D('',#5465,#5466,#5467);
#5469=PLANE('',#5468);
#5470=ORIENTED_EDGE('',*,*,#4313,.F.);
#5472=ORIENTED_EDGE('',*,*,#5471,.T.);
#5474=ORIENTED_EDGE('',*,*,#5473,.T.);
#5475=ORIENTED_EDGE('',*,*,#5457,.F.);
#5476=EDGE_LOOP('',(#5470,#5472,#5474,#5475));
#5477=FACE_OUTER_BOUND('',#5476,.F.);
#5479=CARTESIAN_POINT('',(-3.65625E0,-1.05E0,-4.4E0));
#5480=DIRECTION('',(0.E0,1.E0,0.E0));
#5481=DIRECTION('',(-1.E0,0.E0,0.E0));
#5482=AXIS2_PLACEMENT_3D('',#5479,#5480,#5481);
#5483=PLANE('',#5482);
#5484=ORIENTED_EDGE('',*,*,#4311,.F.);
#5485=ORIENTED_EDGE('',*,*,#5404,.T.);
#5487=ORIENTED_EDGE('',*,*,#5486,.T.);
#5488=ORIENTED_EDGE('',*,*,#5471,.F.);
#5489=EDGE_LOOP('',(#5484,#5485,#5487,#5488));
#5490=FACE_OUTER_BOUND('',#5489,.F.);
#5492=CARTESIAN_POINT('',(0.E0,0.E0,-4.39E0));
#5493=DIRECTION('',(0.E0,0.E0,1.E0));
#5494=DIRECTION('',(1.E0,0.E0,0.E0));
#5495=AXIS2_PLACEMENT_3D('',#5492,#5493,#5494);
#5496=PLANE('',#5495);
#5497=ORIENTED_EDGE('',*,*,#5402,.F.);
#5498=ORIENTED_EDGE('',*,*,#5417,.F.);
#5499=ORIENTED_EDGE('',*,*,#5431,.F.);
#5500=ORIENTED_EDGE('',*,*,#5445,.F.);
#5501=ORIENTED_EDGE('',*,*,#5459,.F.);
#5502=ORIENTED_EDGE('',*,*,#5473,.F.);
#5503=ORIENTED_EDGE('',*,*,#5486,.F.);
#5504=EDGE_LOOP('',(#5497,#5498,#5499,#5500,#5501,#5502,#5503));
#5505=FACE_OUTER_BOUND('',#5504,.F.);
#5507=CARTESIAN_POINT('',(4.95E0,-2.4E0,-5.8E0));
#5508=DIRECTION('',(-1.E0,0.E0,0.E0));
#5509=DIRECTION('',(0.E0,1.E0,0.E0));
#5510=AXIS2_PLACEMENT_3D('',#5507,#5508,#5509);
#5511=PLANE('',#5510);
#5512=ORIENTED_EDGE('',*,*,#4083,.F.);
#5513=ORIENTED_EDGE('',*,*,#4028,.T.);
#5515=ORIENTED_EDGE('',*,*,#5514,.T.);
#5517=ORIENTED_EDGE('',*,*,#5516,.T.);
#5519=ORIENTED_EDGE('',*,*,#5518,.F.);
#5521=ORIENTED_EDGE('',*,*,#5520,.F.);
#5522=EDGE_LOOP('',(#5512,#5513,#5515,#5517,#5519,#5521));
#5523=FACE_OUTER_BOUND('',#5522,.F.);
#5525=CARTESIAN_POINT('',(5.45E0,-2.4E0,-4.9E0));
#5526=DIRECTION('',(0.E0,0.E0,1.E0));
#5527=DIRECTION('',(-1.E0,0.E0,0.E0));
#5528=AXIS2_PLACEMENT_3D('',#5525,#5526,#5527);
#5529=PLANE('',#5528);
#5530=ORIENTED_EDGE('',*,*,#4026,.F.);
#5532=ORIENTED_EDGE('',*,*,#5531,.T.);
#5534=ORIENTED_EDGE('',*,*,#5533,.T.);
#5535=ORIENTED_EDGE('',*,*,#5514,.F.);
#5536=EDGE_LOOP('',(#5530,#5532,#5534,#5535));
#5537=FACE_OUTER_BOUND('',#5536,.F.);
#5539=CARTESIAN_POINT('',(5.45E0,-1.5E0,-5.8E0));
#5540=DIRECTION('',(1.E0,0.E0,0.E0));
#5541=DIRECTION('',(0.E0,-1.E0,0.E0));
#5542=AXIS2_PLACEMENT_3D('',#5539,#5540,#5541);
#5543=PLANE('',#5542);
#5545=ORIENTED_EDGE('',*,*,#5544,.F.);
#5547=ORIENTED_EDGE('',*,*,#5546,.T.);
#5548=ORIENTED_EDGE('',*,*,#5531,.F.);
#5549=ORIENTED_EDGE('',*,*,#4024,.F.);
#5550=ORIENTED_EDGE('',*,*,#4087,.T.);
#5552=ORIENTED_EDGE('',*,*,#5551,.T.);
#5553=EDGE_LOOP('',(#5545,#5547,#5548,#5549,#5550,#5552));
#5554=FACE_OUTER_BOUND('',#5553,.F.);
#5556=CARTESIAN_POINT('',(0.E0,0.E0,-5.9E0));
#5557=DIRECTION('',(0.E0,0.E0,-1.E0));
#5558=DIRECTION('',(1.E0,0.E0,0.E0));
#5559=AXIS2_PLACEMENT_3D('',#5556,#5557,#5558);
#5560=PLANE('',#5559);
#5561=ORIENTED_EDGE('',*,*,#5518,.T.);
#5563=ORIENTED_EDGE('',*,*,#5562,.T.);
#5564=ORIENTED_EDGE('',*,*,#5544,.T.);
#5566=ORIENTED_EDGE('',*,*,#5565,.F.);
#5567=EDGE_LOOP('',(#5561,#5563,#5564,#5566));
#5568=FACE_OUTER_BOUND('',#5567,.F.);
#5570=CARTESIAN_POINT('',(0.E0,0.E0,-5.9E0));
#5571=DIRECTION('',(0.E0,0.E0,-1.E0));
#5572=DIRECTION('',(1.E0,0.E0,0.E0));
#5573=AXIS2_PLACEMENT_3D('',#5570,#5571,#5572);
#5574=PLANE('',#5573);
#5576=ORIENTED_EDGE('',*,*,#5575,.F.);
#5578=ORIENTED_EDGE('',*,*,#5577,.T.);
#5580=ORIENTED_EDGE('',*,*,#5579,.F.);
#5582=ORIENTED_EDGE('',*,*,#5581,.F.);
#5583=EDGE_LOOP('',(#5576,#5578,#5580,#5582));
#5584=FACE_OUTER_BOUND('',#5583,.F.);
#5586=CARTESIAN_POINT('',(0.E0,-2.5E0,0.E0));
#5587=DIRECTION('',(0.E0,-1.E0,0.E0));
#5588=DIRECTION('',(-1.E0,0.E0,0.E0));
#5589=AXIS2_PLACEMENT_3D('',#5586,#5587,#5588);
#5590=PLANE('',#5589);
#5591=ORIENTED_EDGE('',*,*,#5546,.F.);
#5592=ORIENTED_EDGE('',*,*,#5562,.F.);
#5593=ORIENTED_EDGE('',*,*,#5516,.F.);
#5594=ORIENTED_EDGE('',*,*,#5533,.F.);
#5595=EDGE_LOOP('',(#5591,#5592,#5593,#5594));
#5596=FACE_OUTER_BOUND('',#5595,.F.);
#5598=CARTESIAN_POINT('',(0.E0,-2.5E0,0.E0));
#5599=DIRECTION('',(0.E0,-1.E0,0.E0));
#5600=DIRECTION('',(-1.E0,0.E0,0.E0));
#5601=AXIS2_PLACEMENT_3D('',#5598,#5599,#5600);
#5602=PLANE('',#5601);
#5603=ORIENTED_EDGE('',*,*,#5577,.F.);
#5605=ORIENTED_EDGE('',*,*,#5604,.F.);
#5607=ORIENTED_EDGE('',*,*,#5606,.F.);
#5609=ORIENTED_EDGE('',*,*,#5608,.F.);
#5610=EDGE_LOOP('',(#5603,#5605,#5607,#5609));
#5611=FACE_OUTER_BOUND('',#5610,.F.);
#5613=CARTESIAN_POINT('',(-5.45E0,-2.4E0,-5.8E0));
#5614=DIRECTION('',(-1.E0,0.E0,0.E0));
#5615=DIRECTION('',(0.E0,1.E0,0.E0));
#5616=AXIS2_PLACEMENT_3D('',#5613,#5614,#5615);
#5617=PLANE('',#5616);
#5618=ORIENTED_EDGE('',*,*,#4105,.F.);
#5619=ORIENTED_EDGE('',*,*,#3991,.T.);
#5621=ORIENTED_EDGE('',*,*,#5620,.T.);
#5622=ORIENTED_EDGE('',*,*,#5604,.T.);
#5623=ORIENTED_EDGE('',*,*,#5575,.T.);
#5625=ORIENTED_EDGE('',*,*,#5624,.F.);
#5626=EDGE_LOOP('',(#5618,#5619,#5621,#5622,#5623,#5625));
#5627=FACE_OUTER_BOUND('',#5626,.F.);
#5629=CARTESIAN_POINT('',(-4.95E0,-2.4E0,-4.9E0));
#5630=DIRECTION('',(0.E0,0.E0,1.E0));
#5631=DIRECTION('',(-1.E0,0.E0,0.E0));
#5632=AXIS2_PLACEMENT_3D('',#5629,#5630,#5631);
#5633=PLANE('',#5632);
#5634=ORIENTED_EDGE('',*,*,#3989,.T.);
#5636=ORIENTED_EDGE('',*,*,#5635,.T.);
#5637=ORIENTED_EDGE('',*,*,#5606,.T.);
#5638=ORIENTED_EDGE('',*,*,#5620,.F.);
#5639=EDGE_LOOP('',(#5634,#5636,#5637,#5638));
#5640=FACE_OUTER_BOUND('',#5639,.F.);
#5642=CARTESIAN_POINT('',(-4.95E0,-1.5E0,-5.8E0));
#5643=DIRECTION('',(1.E0,0.E0,0.E0));
#5644=DIRECTION('',(0.E0,-1.E0,0.E0));
#5645=AXIS2_PLACEMENT_3D('',#5642,#5643,#5644);
#5646=PLANE('',#5645);
#5647=ORIENTED_EDGE('',*,*,#5579,.T.);
#5648=ORIENTED_EDGE('',*,*,#5608,.T.);
#5649=ORIENTED_EDGE('',*,*,#5635,.F.);
#5650=ORIENTED_EDGE('',*,*,#3987,.F.);
#5651=ORIENTED_EDGE('',*,*,#4109,.T.);
#5653=ORIENTED_EDGE('',*,*,#5652,.T.);
#5654=EDGE_LOOP('',(#5647,#5648,#5649,#5650,#5651,#5653));
#5655=FACE_OUTER_BOUND('',#5654,.F.);
#5657=CARTESIAN_POINT('',(-5.45E0,-1.5E0,-5.8E0));
#5658=DIRECTION('',(0.E0,1.E0,0.E0));
#5659=DIRECTION('',(1.E0,0.E0,0.E0));
#5660=AXIS2_PLACEMENT_3D('',#5657,#5658,#5659);
#5661=PLANE('',#5660);
#5662=ORIENTED_EDGE('',*,*,#4107,.F.);
#5663=ORIENTED_EDGE('',*,*,#5624,.T.);
#5664=ORIENTED_EDGE('',*,*,#5581,.T.);
#5665=ORIENTED_EDGE('',*,*,#5652,.F.);
#5666=EDGE_LOOP('',(#5662,#5663,#5664,#5665));
#5667=FACE_OUTER_BOUND('',#5666,.F.);
#5669=CARTESIAN_POINT('',(4.95E0,-1.5E0,-5.8E0));
#5670=DIRECTION('',(0.E0,1.E0,0.E0));
#5671=DIRECTION('',(1.E0,0.E0,0.E0));
#5672=AXIS2_PLACEMENT_3D('',#5669,#5670,#5671);
#5673=PLANE('',#5672);
#5674=ORIENTED_EDGE('',*,*,#4085,.T.);
#5675=ORIENTED_EDGE('',*,*,#5520,.T.);
#5676=ORIENTED_EDGE('',*,*,#5565,.T.);
#5677=ORIENTED_EDGE('',*,*,#5551,.F.);
#5678=EDGE_LOOP('',(#5674,#5675,#5676,#5677));
#5679=FACE_OUTER_BOUND('',#5678,.F.);
#5681=CARTESIAN_POINT('',(6.2E0,-2.4E0,0.E0));
#5682=DIRECTION('',(1.E0,0.E0,0.E0));
#5683=DIRECTION('',(0.E0,1.E0,0.E0));
#5684=AXIS2_PLACEMENT_3D('',#5681,#5682,#5683);
#5685=PLANE('',#5684);
#5687=ORIENTED_EDGE('',*,*,#5686,.F.);
#5689=ORIENTED_EDGE('',*,*,#5688,.T.);
#5691=ORIENTED_EDGE('',*,*,#5690,.T.);
#5693=ORIENTED_EDGE('',*,*,#5692,.F.);
#5695=ORIENTED_EDGE('',*,*,#5694,.T.);
#5697=ORIENTED_EDGE('',*,*,#5696,.F.);
#5698=ORIENTED_EDGE('',*,*,#4090,.F.);
#5699=ORIENTED_EDGE('',*,*,#4020,.F.);
#5701=ORIENTED_EDGE('',*,*,#5700,.T.);
#5703=ORIENTED_EDGE('',*,*,#5702,.T.);
#5705=ORIENTED_EDGE('',*,*,#5704,.F.);
#5707=ORIENTED_EDGE('',*,*,#5706,.T.);
#5709=ORIENTED_EDGE('',*,*,#5708,.F.);
#5711=ORIENTED_EDGE('',*,*,#5710,.F.);
#5712=ORIENTED_EDGE('',*,*,#3889,.T.);
#5714=ORIENTED_EDGE('',*,*,#5713,.T.);
#5715=EDGE_LOOP('',(#5687,#5689,#5691,#5693,#5695,#5697,#5698,#5699,#5701,#5703,
#5705,#5707,#5709,#5711,#5712,#5714));
#5716=FACE_OUTER_BOUND('',#5715,.F.);
#5718=CARTESIAN_POINT('',(5.8625E0,2.25E0,-3.8E0));
#5719=DIRECTION('',(0.E0,3.162277660168E-1,-9.486832980505E-1));
#5720=DIRECTION('',(0.E0,-9.486832980505E-1,-3.162277660168E-1));
#5721=AXIS2_PLACEMENT_3D('',#5718,#5719,#5720);
#5722=PLANE('',#5721);
#5723=ORIENTED_EDGE('',*,*,#5686,.T.);
#5725=ORIENTED_EDGE('',*,*,#5724,.T.);
#5727=ORIENTED_EDGE('',*,*,#5726,.F.);
#5729=ORIENTED_EDGE('',*,*,#5728,.F.);
#5730=EDGE_LOOP('',(#5723,#5725,#5727,#5729));
#5731=FACE_OUTER_BOUND('',#5730,.F.);
#5733=CARTESIAN_POINT('',(6.2E0,2.4E0,0.E0));
#5734=DIRECTION('',(0.E0,1.E0,0.E0));
#5735=DIRECTION('',(-1.E0,0.E0,0.E0));
#5736=AXIS2_PLACEMENT_3D('',#5733,#5734,#5735);
#5737=PLANE('',#5736);
#5739=ORIENTED_EDGE('',*,*,#5738,.F.);
#5740=ORIENTED_EDGE('',*,*,#4096,.F.);
#5742=ORIENTED_EDGE('',*,*,#5741,.F.);
#5744=ORIENTED_EDGE('',*,*,#5743,.F.);
#5746=ORIENTED_EDGE('',*,*,#5745,.T.);
#5748=ORIENTED_EDGE('',*,*,#5747,.F.);
#5749=ORIENTED_EDGE('',*,*,#5724,.F.);
#5750=ORIENTED_EDGE('',*,*,#5713,.F.);
#5751=ORIENTED_EDGE('',*,*,#3887,.T.);
#5753=ORIENTED_EDGE('',*,*,#5752,.T.);
#5755=ORIENTED_EDGE('',*,*,#5754,.F.);
#5757=ORIENTED_EDGE('',*,*,#5756,.F.);
#5759=ORIENTED_EDGE('',*,*,#5758,.T.);
#5761=ORIENTED_EDGE('',*,*,#5760,.F.);
#5762=EDGE_LOOP('',(#5739,#5740,#5742,#5744,#5746,#5748,#5749,#5750,#5751,#5753,
#5755,#5757,#5759,#5761));
#5763=FACE_OUTER_BOUND('',#5762,.F.);
#5765=CARTESIAN_POINT('',(-5.335E0,7.5E-1,-5.61E0));
#5766=DIRECTION('',(-7.071067811865E-1,0.E0,-7.071067811865E-1));
#5767=DIRECTION('',(-7.071067811865E-1,0.E0,7.071067811865E-1));
#5768=AXIS2_PLACEMENT_3D('',#5765,#5766,#5767);
#5769=PLANE('',#5768);
#5771=ORIENTED_EDGE('',*,*,#5770,.F.);
#5773=ORIENTED_EDGE('',*,*,#5772,.F.);
#5775=ORIENTED_EDGE('',*,*,#5774,.T.);
#5776=ORIENTED_EDGE('',*,*,#4098,.T.);
#5777=ORIENTED_EDGE('',*,*,#5738,.T.);
#5779=ORIENTED_EDGE('',*,*,#5778,.T.);
#5781=ORIENTED_EDGE('',*,*,#5780,.F.);
#5782=EDGE_LOOP('',(#5771,#5773,#5775,#5776,#5777,#5779,#5781));
#5783=FACE_OUTER_BOUND('',#5782,.F.);
#5785=CARTESIAN_POINT('',(-5.525E0,1.55E0,-3.85E0));
#5786=DIRECTION('',(1.E0,0.E0,0.E0));
#5787=DIRECTION('',(0.E0,0.E0,-1.E0));
#5788=AXIS2_PLACEMENT_3D('',#5785,#5786,#5787);
#5789=PLANE('',#5788);
#5791=ORIENTED_EDGE('',*,*,#5790,.T.);
#5793=ORIENTED_EDGE('',*,*,#5792,.T.);
#5795=ORIENTED_EDGE('',*,*,#5794,.F.);
#5796=ORIENTED_EDGE('',*,*,#5770,.T.);
#5797=EDGE_LOOP('',(#5791,#5793,#5795,#5796));
#5798=FACE_OUTER_BOUND('',#5797,.F.);
#5800=CARTESIAN_POINT('',(-5.525E0,1.55E0,-3.85E0));
#5801=DIRECTION('',(1.E0,0.E0,0.E0));
#5802=DIRECTION('',(0.E0,0.E0,-1.E0));
#5803=AXIS2_PLACEMENT_3D('',#5800,#5801,#5802);
#5804=PLANE('',#5803);
#5806=ORIENTED_EDGE('',*,*,#5805,.F.);
#5808=ORIENTED_EDGE('',*,*,#5807,.T.);
#5810=ORIENTED_EDGE('',*,*,#5809,.T.);
#5812=ORIENTED_EDGE('',*,*,#5811,.F.);
#5813=EDGE_LOOP('',(#5806,#5808,#5810,#5812));
#5814=FACE_OUTER_BOUND('',#5813,.F.);
#5816=CARTESIAN_POINT('',(0.E0,1.55E0,0.E0));
#5817=DIRECTION('',(0.E0,1.E0,0.E0));
#5818=DIRECTION('',(-1.E0,0.E0,0.E0));
#5819=AXIS2_PLACEMENT_3D('',#5816,#5817,#5818);
#5820=PLANE('',#5819);
#5822=ORIENTED_EDGE('',*,*,#5821,.F.);
#5824=ORIENTED_EDGE('',*,*,#5823,.F.);
#5826=ORIENTED_EDGE('',*,*,#5825,.F.);
#5828=ORIENTED_EDGE('',*,*,#5827,.F.);
#5830=ORIENTED_EDGE('',*,*,#5829,.F.);
#5832=ORIENTED_EDGE('',*,*,#5831,.F.);
#5834=ORIENTED_EDGE('',*,*,#5833,.F.);
#5836=ORIENTED_EDGE('',*,*,#5835,.F.);
#5838=ORIENTED_EDGE('',*,*,#5837,.F.);
#5840=ORIENTED_EDGE('',*,*,#5839,.F.);
#5842=ORIENTED_EDGE('',*,*,#5841,.F.);
#5843=EDGE_LOOP('',(#5822,#5824,#5826,#5828,#5830,#5832,#5834,#5836,#5838,#5840,
#5842));
#5844=FACE_OUTER_BOUND('',#5843,.F.);
#5846=CARTESIAN_POINT('',(0.E0,1.55E0,0.E0));
#5847=DIRECTION('',(0.E0,1.E0,0.E0));
#5848=DIRECTION('',(-1.E0,0.E0,0.E0));
#5849=AXIS2_PLACEMENT_3D('',#5846,#5847,#5848);
#5850=PLANE('',#5849);
#5852=ORIENTED_EDGE('',*,*,#5851,.F.);
#5854=ORIENTED_EDGE('',*,*,#5853,.F.);
#5856=ORIENTED_EDGE('',*,*,#5855,.F.);
#5857=ORIENTED_EDGE('',*,*,#5790,.F.);
#5859=ORIENTED_EDGE('',*,*,#5858,.T.);
#5860=ORIENTED_EDGE('',*,*,#5809,.F.);
#5862=ORIENTED_EDGE('',*,*,#5861,.T.);
#5864=ORIENTED_EDGE('',*,*,#5863,.T.);
#5866=ORIENTED_EDGE('',*,*,#5865,.F.);
#5868=ORIENTED_EDGE('',*,*,#5867,.F.);
#5870=ORIENTED_EDGE('',*,*,#5869,.F.);
#5871=EDGE_LOOP('',(#5852,#5854,#5856,#5857,#5859,#5860,#5862,#5864,#5866,#5868,
#5870));
#5872=FACE_OUTER_BOUND('',#5871,.F.);
#5874=CARTESIAN_POINT('',(6.075E0,1.25E0,7.69124E0));
#5875=DIRECTION('',(0.E0,0.E0,-1.E0));
#5876=DIRECTION('',(0.E0,1.E0,0.E0));
#5877=AXIS2_PLACEMENT_3D('',#5874,#5875,#5876);
#5878=CYLINDRICAL_SURFACE('',#5877,3.E-1);
#5880=ORIENTED_EDGE('',*,*,#5879,.T.);
#5882=ORIENTED_EDGE('',*,*,#5881,.F.);
#5884=ORIENTED_EDGE('',*,*,#5883,.T.);
#5885=ORIENTED_EDGE('',*,*,#5821,.T.);
#5886=EDGE_LOOP('',(#5880,#5882,#5884,#5885));
#5887=FACE_OUTER_BOUND('',#5886,.F.);
#5889=CARTESIAN_POINT('',(6.375E0,1.55E0,-5.9E0));
#5890=DIRECTION('',(0.E0,0.E0,-1.E0));
#5891=DIRECTION('',(-1.E0,0.E0,0.E0));
#5892=AXIS2_PLACEMENT_3D('',#5889,#5890,#5891);
#5893=PLANE('',#5892);
#5894=ORIENTED_EDGE('',*,*,#5879,.F.);
#5895=ORIENTED_EDGE('',*,*,#5841,.T.);
#5897=ORIENTED_EDGE('',*,*,#5896,.T.);
#5899=ORIENTED_EDGE('',*,*,#5898,.F.);
#5901=ORIENTED_EDGE('',*,*,#5900,.F.);
#5903=ORIENTED_EDGE('',*,*,#5902,.F.);
#5904=EDGE_LOOP('',(#5894,#5895,#5897,#5899,#5901,#5903));
#5905=FACE_OUTER_BOUND('',#5904,.F.);
#5907=CARTESIAN_POINT('',(5.875E0,1.55E0,-5.55E0));
#5908=DIRECTION('',(0.E0,1.E0,0.E0));
#5909=DIRECTION('',(-1.E0,0.E0,0.E0));
#5910=AXIS2_PLACEMENT_3D('',#5907,#5908,#5909);
#5911=CYLINDRICAL_SURFACE('',#5910,3.5E-1);
#5912=ORIENTED_EDGE('',*,*,#5839,.T.);
#5914=ORIENTED_EDGE('',*,*,#5913,.T.);
#5916=ORIENTED_EDGE('',*,*,#5915,.F.);
#5917=ORIENTED_EDGE('',*,*,#5896,.F.);
#5918=EDGE_LOOP('',(#5912,#5914,#5916,#5917));
#5919=FACE_OUTER_BOUND('',#5918,.F.);
#5921=CARTESIAN_POINT('',(5.525E0,1.55E0,-5.55E0));
#5922=DIRECTION('',(-1.E0,0.E0,0.E0));
#5923=DIRECTION('',(0.E0,0.E0,1.E0));
#5924=AXIS2_PLACEMENT_3D('',#5921,#5922,#5923);
#5925=PLANE('',#5924);
#5926=ORIENTED_EDGE('',*,*,#5837,.T.);
#5928=ORIENTED_EDGE('',*,*,#5927,.F.);
#5930=ORIENTED_EDGE('',*,*,#5929,.F.);
#5931=ORIENTED_EDGE('',*,*,#5913,.F.);
#5932=EDGE_LOOP('',(#5926,#5928,#5930,#5931));
#5933=FACE_OUTER_BOUND('',#5932,.F.);
#5935=CARTESIAN_POINT('',(5.525E0,1.55E0,-5.55E0));
#5936=DIRECTION('',(-1.E0,0.E0,0.E0));
#5937=DIRECTION('',(0.E0,0.E0,1.E0));
#5938=AXIS2_PLACEMENT_3D('',#5935,#5936,#5937);
#5939=PLANE('',#5938);
#5941=ORIENTED_EDGE('',*,*,#5940,.T.);
#5943=ORIENTED_EDGE('',*,*,#5942,.F.);
#5944=ORIENTED_EDGE('',*,*,#5833,.T.);
#5946=ORIENTED_EDGE('',*,*,#5945,.F.);
#5947=EDGE_LOOP('',(#5941,#5943,#5944,#5946));
#5948=FACE_OUTER_BOUND('',#5947,.F.);
#5950=CARTESIAN_POINT('',(5.335E0,7.5E-1,-5.61E0));
#5951=DIRECTION('',(7.071067811865E-1,0.E0,-7.071067811865E-1));
#5952=DIRECTION('',(7.071067811865E-1,0.E0,7.071067811865E-1));
#5953=AXIS2_PLACEMENT_3D('',#5950,#5951,#5952);
#5954=PLANE('',#5953);
#5955=ORIENTED_EDGE('',*,*,#5927,.T.);
#5957=ORIENTED_EDGE('',*,*,#5956,.F.);
#5959=ORIENTED_EDGE('',*,*,#5958,.T.);
#5960=ORIENTED_EDGE('',*,*,#5741,.T.);
#5961=ORIENTED_EDGE('',*,*,#4094,.T.);
#5963=ORIENTED_EDGE('',*,*,#5962,.T.);
#5965=ORIENTED_EDGE('',*,*,#5964,.F.);
#5966=EDGE_LOOP('',(#5955,#5957,#5959,#5960,#5961,#5963,#5965));
#5967=FACE_OUTER_BOUND('',#5966,.F.);
#5969=CARTESIAN_POINT('',(5.525E0,0.E0,0.E0));
#5970=DIRECTION('',(1.E0,0.E0,0.E0));
#5971=DIRECTION('',(0.E0,0.E0,-1.E0));
#5972=AXIS2_PLACEMENT_3D('',#5969,#5970,#5971);
#5973=PLANE('',#5972);
#5975=ORIENTED_EDGE('',*,*,#5974,.T.);
#5977=ORIENTED_EDGE('',*,*,#5976,.T.);
#5979=ORIENTED_EDGE('',*,*,#5978,.T.);
#5981=ORIENTED_EDGE('',*,*,#5980,.T.);
#5982=EDGE_LOOP('',(#5975,#5977,#5979,#5981));
#5983=FACE_OUTER_BOUND('',#5982,.F.);
#5985=CARTESIAN_POINT('',(5.525E0,0.E0,0.E0));
#5986=DIRECTION('',(1.E0,0.E0,0.E0));
#5987=DIRECTION('',(0.E0,0.E0,-1.E0));
#5988=AXIS2_PLACEMENT_3D('',#5985,#5986,#5987);
#5989=PLANE('',#5988);
#5991=ORIENTED_EDGE('',*,*,#5990,.T.);
#5993=ORIENTED_EDGE('',*,*,#5992,.T.);
#5995=ORIENTED_EDGE('',*,*,#5994,.F.);
#5997=ORIENTED_EDGE('',*,*,#5996,.F.);
#5999=ORIENTED_EDGE('',*,*,#5998,.F.);
#6001=ORIENTED_EDGE('',*,*,#6000,.F.);
#6003=ORIENTED_EDGE('',*,*,#6002,.T.);
#6005=ORIENTED_EDGE('',*,*,#6004,.F.);
#6007=ORIENTED_EDGE('',*,*,#6006,.F.);
#6009=ORIENTED_EDGE('',*,*,#6008,.F.);
#6011=ORIENTED_EDGE('',*,*,#6010,.T.);
#6012=EDGE_LOOP('',(#5991,#5993,#5995,#5997,#5999,#6001,#6003,#6005,#6007,#6009,
#6011));
#6013=FACE_OUTER_BOUND('',#6012,.F.);
#6015=CARTESIAN_POINT('',(5.525E0,0.E0,0.E0));
#6016=DIRECTION('',(1.E0,0.E0,0.E0));
#6017=DIRECTION('',(0.E0,0.E0,-1.E0));
#6018=AXIS2_PLACEMENT_3D('',#6015,#6016,#6017);
#6019=PLANE('',#6018);
#6020=ORIENTED_EDGE('',*,*,#5835,.T.);
#6022=ORIENTED_EDGE('',*,*,#6021,.T.);
#6024=ORIENTED_EDGE('',*,*,#6023,.T.);
#6025=ORIENTED_EDGE('',*,*,#5956,.T.);
#6026=EDGE_LOOP('',(#6020,#6022,#6024,#6025));
#6027=FACE_OUTER_BOUND('',#6026,.F.);
#6029=CARTESIAN_POINT('',(5.525E0,0.E0,0.E0));
#6030=DIRECTION('',(1.E0,0.E0,0.E0));
#6031=DIRECTION('',(0.E0,0.E0,-1.E0));
#6032=AXIS2_PLACEMENT_3D('',#6029,#6030,#6031);
#6033=PLANE('',#6032);
#6034=ORIENTED_EDGE('',*,*,#5831,.T.);
#6036=ORIENTED_EDGE('',*,*,#6035,.F.);
#6038=ORIENTED_EDGE('',*,*,#6037,.T.);
#6040=ORIENTED_EDGE('',*,*,#6039,.T.);
#6041=EDGE_LOOP('',(#6034,#6036,#6038,#6040));
#6042=FACE_OUTER_BOUND('',#6041,.F.);
#6044=CARTESIAN_POINT('',(5.525E0,0.E0,0.E0));
#6045=DIRECTION('',(1.E0,0.E0,0.E0));
#6046=DIRECTION('',(0.E0,0.E0,-1.E0));
#6047=AXIS2_PLACEMENT_3D('',#6044,#6045,#6046);
#6048=PLANE('',#6047);
#6050=ORIENTED_EDGE('',*,*,#6049,.F.);
#6051=ORIENTED_EDGE('',*,*,#5964,.T.);
#6053=ORIENTED_EDGE('',*,*,#6052,.F.);
#6055=ORIENTED_EDGE('',*,*,#6054,.F.);
#6057=ORIENTED_EDGE('',*,*,#6056,.F.);
#6059=ORIENTED_EDGE('',*,*,#6058,.F.);
#6060=EDGE_LOOP('',(#6050,#6051,#6053,#6055,#6057,#6059));
#6061=FACE_OUTER_BOUND('',#6060,.F.);
#6063=CARTESIAN_POINT('',(5.475E0,-6.25E-1,-1.5E-1));
#6064=DIRECTION('',(9.486832980505E-1,0.E0,3.162277660168E-1));
#6065=DIRECTION('',(3.162277660168E-1,0.E0,-9.486832980505E-1));
#6066=AXIS2_PLACEMENT_3D('',#6063,#6064,#6065);
#6067=PLANE('',#6066);
#6069=ORIENTED_EDGE('',*,*,#6068,.T.);
#6070=ORIENTED_EDGE('',*,*,#3893,.T.);
#6072=ORIENTED_EDGE('',*,*,#6071,.F.);
#6073=ORIENTED_EDGE('',*,*,#5974,.F.);
#6074=EDGE_LOOP('',(#6069,#6070,#6072,#6073));
#6075=FACE_OUTER_BOUND('',#6074,.F.);
#6077=CARTESIAN_POINT('',(5.525E0,-8.E-1,0.E0));
#6078=DIRECTION('',(0.E0,1.E0,0.E0));
#6079=DIRECTION('',(-1.E0,0.E0,0.E0));
#6080=AXIS2_PLACEMENT_3D('',#6077,#6078,#6079);
#6081=PLANE('',#6080);
#6082=ORIENTED_EDGE('',*,*,#6068,.F.);
#6083=ORIENTED_EDGE('',*,*,#5980,.F.);
#6085=ORIENTED_EDGE('',*,*,#6084,.T.);
#6087=ORIENTED_EDGE('',*,*,#6086,.F.);
#6088=EDGE_LOOP('',(#6082,#6083,#6085,#6087));
#6089=FACE_OUTER_BOUND('',#6088,.F.);
#6091=CARTESIAN_POINT('',(0.E0,0.E0,-2.65E0));
#6092=DIRECTION('',(0.E0,0.E0,1.E0));
#6093=DIRECTION('',(1.E0,0.E0,0.E0));
#6094=AXIS2_PLACEMENT_3D('',#6091,#6092,#6093);
#6095=PLANE('',#6094);
#6096=ORIENTED_EDGE('',*,*,#6002,.F.);
#6098=ORIENTED_EDGE('',*,*,#6097,.F.);
#6100=ORIENTED_EDGE('',*,*,#6099,.F.);
#6102=ORIENTED_EDGE('',*,*,#6101,.F.);
#6103=EDGE_LOOP('',(#6096,#6098,#6100,#6102));
#6104=FACE_OUTER_BOUND('',#6103,.F.);
#6106=CARTESIAN_POINT('',(0.E0,0.E0,-2.65E0));
#6107=DIRECTION('',(0.E0,0.E0,1.E0));
#6108=DIRECTION('',(1.E0,0.E0,0.E0));
#6109=AXIS2_PLACEMENT_3D('',#6106,#6107,#6108);
#6110=PLANE('',#6109);
#6112=ORIENTED_EDGE('',*,*,#6111,.F.);
#6114=ORIENTED_EDGE('',*,*,#6113,.F.);
#6116=ORIENTED_EDGE('',*,*,#6115,.F.);
#6118=ORIENTED_EDGE('',*,*,#6117,.F.);
#6119=EDGE_LOOP('',(#6112,#6114,#6116,#6118));
#6120=FACE_OUTER_BOUND('',#6119,.F.);
#6122=CARTESIAN_POINT('',(0.E0,0.E0,-2.65E0));
#6123=DIRECTION('',(0.E0,0.E0,1.E0));
#6124=DIRECTION('',(1.E0,0.E0,0.E0));
#6125=AXIS2_PLACEMENT_3D('',#6122,#6123,#6124);
#6126=PLANE('',#6125);
#6128=ORIENTED_EDGE('',*,*,#6127,.T.);
#6130=ORIENTED_EDGE('',*,*,#6129,.F.);
#6132=ORIENTED_EDGE('',*,*,#6131,.F.);
#6134=ORIENTED_EDGE('',*,*,#6133,.F.);
#6136=ORIENTED_EDGE('',*,*,#6135,.F.);
#6138=ORIENTED_EDGE('',*,*,#6137,.F.);
#6140=ORIENTED_EDGE('',*,*,#6139,.F.);
#6142=ORIENTED_EDGE('',*,*,#6141,.F.);
#6143=EDGE_LOOP('',(#6128,#6130,#6132,#6134,#6136,#6138,#6140,#6142));
#6144=FACE_OUTER_BOUND('',#6143,.F.);
#6146=CARTESIAN_POINT('',(0.E0,0.E0,-2.65E0));
#6147=DIRECTION('',(0.E0,0.E0,1.E0));
#6148=DIRECTION('',(1.E0,0.E0,0.E0));
#6149=AXIS2_PLACEMENT_3D('',#6146,#6147,#6148);
#6150=PLANE('',#6149);
#6152=ORIENTED_EDGE('',*,*,#6151,.F.);
#6154=ORIENTED_EDGE('',*,*,#6153,.F.);
#6156=ORIENTED_EDGE('',*,*,#6155,.F.);
#6158=ORIENTED_EDGE('',*,*,#6157,.F.);
#6160=ORIENTED_EDGE('',*,*,#6159,.F.);
#6161=ORIENTED_EDGE('',*,*,#6084,.F.);
#6162=ORIENTED_EDGE('',*,*,#5978,.F.);
#6164=ORIENTED_EDGE('',*,*,#6163,.F.);
#6165=EDGE_LOOP('',(#6152,#6154,#6156,#6158,#6160,#6161,#6162,#6164));
#6166=FACE_OUTER_BOUND('',#6165,.F.);
#6168=CARTESIAN_POINT('',(6.2E0,-1.5E0,-2.15E0));
#6169=DIRECTION('',(0.E0,1.E0,0.E0));
#6170=DIRECTION('',(0.E0,0.E0,1.E0));
#6171=AXIS2_PLACEMENT_3D('',#6168,#6169,#6170);
#6172=PLANE('',#6171);
#6174=ORIENTED_EDGE('',*,*,#6173,.T.);
#6176=ORIENTED_EDGE('',*,*,#6175,.F.);
#6178=ORIENTED_EDGE('',*,*,#6177,.T.);
#6179=ORIENTED_EDGE('',*,*,#6097,.T.);
#6180=ORIENTED_EDGE('',*,*,#6000,.T.);
#6182=ORIENTED_EDGE('',*,*,#6181,.T.);
#6183=ORIENTED_EDGE('',*,*,#5702,.F.);
#6184=EDGE_LOOP('',(#6174,#6176,#6178,#6179,#6180,#6182,#6183));
#6185=FACE_OUTER_BOUND('',#6184,.F.);
#6187=CARTESIAN_POINT('',(6.2E0,-2.4E0,-2.15E0));
#6188=DIRECTION('',(0.E0,0.E0,-1.E0));
#6189=DIRECTION('',(0.E0,1.E0,0.E0));
#6190=AXIS2_PLACEMENT_3D('',#6187,#6188,#6189);
#6191=PLANE('',#6190);
#6192=ORIENTED_EDGE('',*,*,#4018,.T.);
#6194=ORIENTED_EDGE('',*,*,#6193,.F.);
#6195=ORIENTED_EDGE('',*,*,#6008,.T.);
#6197=ORIENTED_EDGE('',*,*,#6196,.F.);
#6199=ORIENTED_EDGE('',*,*,#6198,.F.);
#6200=ORIENTED_EDGE('',*,*,#6173,.F.);
#6201=ORIENTED_EDGE('',*,*,#5700,.F.);
#6202=EDGE_LOOP('',(#6192,#6194,#6195,#6197,#6199,#6200,#6201));
#6203=FACE_OUTER_BOUND('',#6202,.F.);
#6205=CARTESIAN_POINT('',(5.4E0,-2.275E0,-1.075E0));
#6206=DIRECTION('',(7.071067811865E-1,-7.071067811865E-1,0.E0));
#6207=DIRECTION('',(7.071067811865E-1,7.071067811865E-1,0.E0));
#6208=AXIS2_PLACEMENT_3D('',#6205,#6206,#6207);
#6209=PLANE('',#6208);
#6211=ORIENTED_EDGE('',*,*,#6210,.F.);
#6212=ORIENTED_EDGE('',*,*,#6010,.F.);
#6213=ORIENTED_EDGE('',*,*,#6193,.T.);
#6214=ORIENTED_EDGE('',*,*,#4016,.T.);
#6215=ORIENTED_EDGE('',*,*,#3899,.T.);
#6216=EDGE_LOOP('',(#6211,#6212,#6213,#6214,#6215));
#6217=FACE_OUTER_BOUND('',#6216,.F.);
#6219=CARTESIAN_POINT('',(5.475E0,-1.575E0,-1.5E-1));
#6220=DIRECTION('',(9.486832980505E-1,0.E0,3.162277660168E-1));
#6221=DIRECTION('',(3.162277660168E-1,0.E0,-9.486832980505E-1));
#6222=AXIS2_PLACEMENT_3D('',#6219,#6220,#6221);
#6223=PLANE('',#6222);
#6225=ORIENTED_EDGE('',*,*,#6224,.T.);
#6226=ORIENTED_EDGE('',*,*,#5990,.F.);
#6227=ORIENTED_EDGE('',*,*,#6210,.T.);
#6228=ORIENTED_EDGE('',*,*,#3897,.T.);
#6229=EDGE_LOOP('',(#6225,#6226,#6227,#6228));
#6230=FACE_OUTER_BOUND('',#6229,.F.);
#6232=CARTESIAN_POINT('',(5.425E0,-1.E0,0.E0));
#6233=DIRECTION('',(0.E0,-1.E0,0.E0));
#6234=DIRECTION('',(1.E0,0.E0,0.E0));
#6235=AXIS2_PLACEMENT_3D('',#6232,#6233,#6234);
#6236=PLANE('',#6235);
#6237=ORIENTED_EDGE('',*,*,#6224,.F.);
#6239=ORIENTED_EDGE('',*,*,#6238,.T.);
#6240=ORIENTED_EDGE('',*,*,#6157,.T.);
#6242=ORIENTED_EDGE('',*,*,#6241,.F.);
#6244=ORIENTED_EDGE('',*,*,#6243,.F.);
#6245=ORIENTED_EDGE('',*,*,#5992,.F.);
#6246=EDGE_LOOP('',(#6237,#6239,#6240,#6242,#6244,#6245));
#6247=FACE_OUTER_BOUND('',#6246,.F.);
#6249=CARTESIAN_POINT('',(5.425E0,-8.E-1,0.E0));
#6250=DIRECTION('',(-1.E0,0.E0,0.E0));
#6251=DIRECTION('',(0.E0,-1.E0,0.E0));
#6252=AXIS2_PLACEMENT_3D('',#6249,#6250,#6251);
#6253=PLANE('',#6252);
#6254=ORIENTED_EDGE('',*,*,#3895,.F.);
#6255=ORIENTED_EDGE('',*,*,#6086,.T.);
#6256=ORIENTED_EDGE('',*,*,#6159,.T.);
#6257=ORIENTED_EDGE('',*,*,#6238,.F.);
#6258=EDGE_LOOP('',(#6254,#6255,#6256,#6257));
#6259=FACE_OUTER_BOUND('',#6258,.F.);
#6261=CARTESIAN_POINT('',(5.9E0,-1.E0,-8.E-1));
#6262=DIRECTION('',(1.E0,0.E0,0.E0));
#6263=DIRECTION('',(0.E0,1.E0,0.E0));
#6264=AXIS2_PLACEMENT_3D('',#6261,#6262,#6263);
#6265=PLANE('',#6264);
#6267=ORIENTED_EDGE('',*,*,#6266,.F.);
#6269=ORIENTED_EDGE('',*,*,#6268,.T.);
#6270=ORIENTED_EDGE('',*,*,#6241,.T.);
#6271=ORIENTED_EDGE('',*,*,#6155,.T.);
#6272=EDGE_LOOP('',(#6267,#6269,#6270,#6271));
#6273=FACE_OUTER_BOUND('',#6272,.F.);
#6275=CARTESIAN_POINT('',(5.9E0,-8.E-1,-8.E-1));
#6276=DIRECTION('',(0.E0,1.E0,0.E0));
#6277=DIRECTION('',(-1.E0,0.E0,0.E0));
#6278=AXIS2_PLACEMENT_3D('',#6275,#6276,#6277);
#6279=PLANE('',#6278);
#6281=ORIENTED_EDGE('',*,*,#6280,.T.);
#6283=ORIENTED_EDGE('',*,*,#6282,.T.);
#6284=ORIENTED_EDGE('',*,*,#6266,.T.);
#6285=ORIENTED_EDGE('',*,*,#6153,.T.);
#6286=EDGE_LOOP('',(#6281,#6283,#6284,#6285));
#6287=FACE_OUTER_BOUND('',#6286,.F.);
#6289=CARTESIAN_POINT('',(5.8E0,-1.E0,0.E0));
#6290=DIRECTION('',(1.E0,0.E0,0.E0));
#6291=DIRECTION('',(0.E0,1.E0,0.E0));
#6292=AXIS2_PLACEMENT_3D('',#6289,#6290,#6291);
#6293=PLANE('',#6292);
#6295=ORIENTED_EDGE('',*,*,#6294,.T.);
#6296=ORIENTED_EDGE('',*,*,#6280,.F.);
#6297=ORIENTED_EDGE('',*,*,#6151,.T.);
#6299=ORIENTED_EDGE('',*,*,#6298,.F.);
#6300=EDGE_LOOP('',(#6295,#6296,#6297,#6299));
#6301=FACE_OUTER_BOUND('',#6300,.F.);
#6303=CARTESIAN_POINT('',(5.85E0,-6.25E-1,-8.5E-1));
#6304=DIRECTION('',(-7.071067811865E-1,0.E0,7.071067811865E-1));
#6305=DIRECTION('',(-7.071067811865E-1,0.E0,-7.071067811865E-1));
#6306=AXIS2_PLACEMENT_3D('',#6303,#6304,#6305);
#6307=PLANE('',#6306);
#6309=ORIENTED_EDGE('',*,*,#6308,.T.);
#6311=ORIENTED_EDGE('',*,*,#6310,.F.);
#6312=ORIENTED_EDGE('',*,*,#6294,.F.);
#6314=ORIENTED_EDGE('',*,*,#6313,.T.);
#6315=EDGE_LOOP('',(#6309,#6311,#6312,#6314));
#6316=FACE_OUTER_BOUND('',#6315,.F.);
#6318=CARTESIAN_POINT('',(6.2E0,-1.5E0,-8.E-1));
#6319=DIRECTION('',(0.E0,0.E0,-1.E0));
#6320=DIRECTION('',(0.E0,1.E0,0.E0));
#6321=AXIS2_PLACEMENT_3D('',#6318,#6319,#6320);
#6322=PLANE('',#6321);
#6323=ORIENTED_EDGE('',*,*,#6308,.F.);
#6325=ORIENTED_EDGE('',*,*,#6324,.F.);
#6326=ORIENTED_EDGE('',*,*,#5706,.F.);
#6328=ORIENTED_EDGE('',*,*,#6327,.F.);
#6329=ORIENTED_EDGE('',*,*,#5996,.T.);
#6331=ORIENTED_EDGE('',*,*,#6330,.T.);
#6333=ORIENTED_EDGE('',*,*,#6332,.F.);
#6335=ORIENTED_EDGE('',*,*,#6334,.F.);
#6336=EDGE_LOOP('',(#6323,#6325,#6326,#6328,#6329,#6331,#6333,#6335));
#6337=FACE_OUTER_BOUND('',#6336,.F.);
#6339=CARTESIAN_POINT('',(6.2E0,-4.5E-1,-8.E-1));
#6340=DIRECTION('',(0.E0,1.E0,0.E0));
#6341=DIRECTION('',(0.E0,0.E0,1.E0));
#6342=AXIS2_PLACEMENT_3D('',#6339,#6340,#6341);
#6343=PLANE('',#6342);
#6345=ORIENTED_EDGE('',*,*,#6344,.T.);
#6346=ORIENTED_EDGE('',*,*,#5708,.T.);
#6347=ORIENTED_EDGE('',*,*,#6324,.T.);
#6348=ORIENTED_EDGE('',*,*,#6313,.F.);
#6349=ORIENTED_EDGE('',*,*,#6298,.T.);
#6350=ORIENTED_EDGE('',*,*,#6163,.T.);
#6351=ORIENTED_EDGE('',*,*,#5976,.F.);
#6352=EDGE_LOOP('',(#6345,#6346,#6347,#6348,#6349,#6350,#6351));
#6353=FACE_OUTER_BOUND('',#6352,.F.);
#6355=CARTESIAN_POINT('',(5.8625E0,-4.E-1,-1.5E-1));
#6356=DIRECTION('',(0.E0,-9.486832980505E-1,3.162277660168E-1));
#6357=DIRECTION('',(0.E0,-3.162277660168E-1,-9.486832980505E-1));
#6358=AXIS2_PLACEMENT_3D('',#6355,#6356,#6357);
#6359=PLANE('',#6358);
#6360=ORIENTED_EDGE('',*,*,#5710,.T.);
#6361=ORIENTED_EDGE('',*,*,#6344,.F.);
#6362=ORIENTED_EDGE('',*,*,#6071,.T.);
#6363=ORIENTED_EDGE('',*,*,#3891,.T.);
#6364=EDGE_LOOP('',(#6360,#6361,#6362,#6363));
#6365=FACE_OUTER_BOUND('',#6364,.F.);
#6367=CARTESIAN_POINT('',(5.8625E0,-1.45E0,-8.5E-1));
#6368=DIRECTION('',(0.E0,-7.071067811865E-1,7.071067811865E-1));
#6369=DIRECTION('',(0.E0,-7.071067811865E-1,-7.071067811865E-1));
#6370=AXIS2_PLACEMENT_3D('',#6367,#6368,#6369);
#6371=PLANE('',#6370);
#6372=ORIENTED_EDGE('',*,*,#5704,.T.);
#6373=ORIENTED_EDGE('',*,*,#6181,.F.);
#6374=ORIENTED_EDGE('',*,*,#5998,.T.);
#6375=ORIENTED_EDGE('',*,*,#6327,.T.);
#6376=EDGE_LOOP('',(#6372,#6373,#6374,#6375));
#6377=FACE_OUTER_BOUND('',#6376,.F.);
#6379=CARTESIAN_POINT('',(5.7125E0,-1.05E0,-8.5E-1));
#6380=DIRECTION('',(0.E0,7.071067811865E-1,7.071067811865E-1));
#6381=DIRECTION('',(0.E0,-7.071067811865E-1,7.071067811865E-1));
#6382=AXIS2_PLACEMENT_3D('',#6379,#6380,#6381);
#6383=PLANE('',#6382);
#6384=ORIENTED_EDGE('',*,*,#6243,.T.);
#6386=ORIENTED_EDGE('',*,*,#6385,.T.);
#6387=ORIENTED_EDGE('',*,*,#6330,.F.);
#6388=ORIENTED_EDGE('',*,*,#5994,.T.);
#6389=EDGE_LOOP('',(#6384,#6386,#6387,#6388));
#6390=FACE_OUTER_BOUND('',#6389,.F.);
#6392=CARTESIAN_POINT('',(5.95E0,-9.E-1,-8.5E-1));
#6393=DIRECTION('',(-7.071067811865E-1,0.E0,7.071067811865E-1));
#6394=DIRECTION('',(-7.071067811865E-1,0.E0,-7.071067811865E-1));
#6395=AXIS2_PLACEMENT_3D('',#6392,#6393,#6394);
#6396=PLANE('',#6395);
#6397=ORIENTED_EDGE('',*,*,#6332,.T.);
#6398=ORIENTED_EDGE('',*,*,#6385,.F.);
#6399=ORIENTED_EDGE('',*,*,#6268,.F.);
#6401=ORIENTED_EDGE('',*,*,#6400,.T.);
#6402=EDGE_LOOP('',(#6397,#6398,#6399,#6401));
#6403=FACE_OUTER_BOUND('',#6402,.F.);
#6405=CARTESIAN_POINT('',(5.85E0,-7.5E-1,-8.5E-1));
#6406=DIRECTION('',(0.E0,-7.071067811865E-1,7.071067811865E-1));
#6407=DIRECTION('',(0.E0,-7.071067811865E-1,-7.071067811865E-1));
#6408=AXIS2_PLACEMENT_3D('',#6405,#6406,#6407);
#6409=PLANE('',#6408);
#6410=ORIENTED_EDGE('',*,*,#6282,.F.);
#6411=ORIENTED_EDGE('',*,*,#6310,.T.);
#6412=ORIENTED_EDGE('',*,*,#6334,.T.);
#6413=ORIENTED_EDGE('',*,*,#6400,.F.);
#6414=EDGE_LOOP('',(#6410,#6411,#6412,#6413));
#6415=FACE_OUTER_BOUND('',#6414,.F.);
#6417=CARTESIAN_POINT('',(5.6625E0,-1.97E0,-2.2E0));
#6418=DIRECTION('',(0.E0,7.071067811866E-1,7.071067811865E-1));
#6419=DIRECTION('',(0.E0,7.071067811865E-1,-7.071067811866E-1));
#6420=AXIS2_PLACEMENT_3D('',#6417,#6418,#6419);
#6421=PLANE('',#6420);
#6423=ORIENTED_EDGE('',*,*,#6422,.F.);
#6425=ORIENTED_EDGE('',*,*,#6424,.T.);
#6426=ORIENTED_EDGE('',*,*,#6196,.T.);
#6427=ORIENTED_EDGE('',*,*,#6006,.T.);
#6428=EDGE_LOOP('',(#6423,#6425,#6426,#6427));
#6429=FACE_OUTER_BOUND('',#6428,.F.);
#6431=CARTESIAN_POINT('',(5.525E0,-1.92E0,0.E0));
#6432=DIRECTION('',(0.E0,-1.E0,0.E0));
#6433=DIRECTION('',(1.E0,0.E0,0.E0));
#6434=AXIS2_PLACEMENT_3D('',#6431,#6432,#6433);
#6435=PLANE('',#6434);
#6436=ORIENTED_EDGE('',*,*,#6422,.T.);
#6437=ORIENTED_EDGE('',*,*,#6004,.T.);
#6438=ORIENTED_EDGE('',*,*,#6101,.T.);
#6440=ORIENTED_EDGE('',*,*,#6439,.F.);
#6441=EDGE_LOOP('',(#6436,#6437,#6438,#6440));
#6442=FACE_OUTER_BOUND('',#6441,.F.);
#6444=CARTESIAN_POINT('',(5.8E0,-1.92E0,0.E0));
#6445=DIRECTION('',(1.E0,0.E0,0.E0));
#6446=DIRECTION('',(0.E0,1.E0,0.E0));
#6447=AXIS2_PLACEMENT_3D('',#6444,#6445,#6446);
#6448=PLANE('',#6447);
#6450=ORIENTED_EDGE('',*,*,#6449,.T.);
#6451=ORIENTED_EDGE('',*,*,#6439,.T.);
#6452=ORIENTED_EDGE('',*,*,#6099,.T.);
#6453=ORIENTED_EDGE('',*,*,#6177,.F.);
#6454=EDGE_LOOP('',(#6450,#6451,#6452,#6453));
#6455=FACE_OUTER_BOUND('',#6454,.F.);
#6457=CARTESIAN_POINT('',(5.85E0,-1.71E0,-2.2E0));
#6458=DIRECTION('',(-7.071067811865E-1,0.E0,7.071067811865E-1));
#6459=DIRECTION('',(-7.071067811865E-1,0.E0,-7.071067811865E-1));
#6460=AXIS2_PLACEMENT_3D('',#6457,#6458,#6459);
#6461=PLANE('',#6460);
#6462=ORIENTED_EDGE('',*,*,#6198,.T.);
#6463=ORIENTED_EDGE('',*,*,#6424,.F.);
#6464=ORIENTED_EDGE('',*,*,#6449,.F.);
#6465=ORIENTED_EDGE('',*,*,#6175,.T.);
#6466=EDGE_LOOP('',(#6462,#6463,#6464,#6465));
#6467=FACE_OUTER_BOUND('',#6466,.F.);
#6469=CARTESIAN_POINT('',(-6.2E0,-1.5E0,-8.E-1));
#6470=DIRECTION('',(0.E0,1.E0,0.E0));
#6471=DIRECTION('',(0.E0,0.E0,-1.E0));
#6472=AXIS2_PLACEMENT_3D('',#6469,#6470,#6471);
#6473=PLANE('',#6472);
#6475=ORIENTED_EDGE('',*,*,#6474,.F.);
#6477=ORIENTED_EDGE('',*,*,#6476,.F.);
#6479=ORIENTED_EDGE('',*,*,#6478,.F.);
#6481=ORIENTED_EDGE('',*,*,#6480,.F.);
#6483=ORIENTED_EDGE('',*,*,#6482,.F.);
#6485=ORIENTED_EDGE('',*,*,#6484,.F.);
#6486=ORIENTED_EDGE('',*,*,#6111,.T.);
#6487=EDGE_LOOP('',(#6475,#6477,#6479,#6481,#6483,#6485,#6486));
#6488=FACE_OUTER_BOUND('',#6487,.F.);
#6490=CARTESIAN_POINT('',(-5.8E0,-1.5E0,0.E0));
#6491=DIRECTION('',(-1.E0,0.E0,0.E0));
#6492=DIRECTION('',(0.E0,-1.E0,0.E0));
#6493=AXIS2_PLACEMENT_3D('',#6490,#6491,#6492);
#6494=PLANE('',#6493);
#6496=ORIENTED_EDGE('',*,*,#6495,.T.);
#6497=ORIENTED_EDGE('',*,*,#6474,.T.);
#6498=ORIENTED_EDGE('',*,*,#6117,.T.);
#6500=ORIENTED_EDGE('',*,*,#6499,.F.);
#6501=EDGE_LOOP('',(#6496,#6497,#6498,#6500));
#6502=FACE_OUTER_BOUND('',#6501,.F.);
#6504=CARTESIAN_POINT('',(-5.85E0,-1.71E0,-2.2E0));
#6505=DIRECTION('',(7.071067811865E-1,0.E0,7.071067811865E-1));
#6506=DIRECTION('',(7.071067811865E-1,0.E0,-7.071067811865E-1));
#6507=AXIS2_PLACEMENT_3D('',#6504,#6505,#6506);
#6508=PLANE('',#6507);
#6509=ORIENTED_EDGE('',*,*,#6495,.F.);
#6511=ORIENTED_EDGE('',*,*,#6510,.T.);
#6513=ORIENTED_EDGE('',*,*,#6512,.T.);
#6514=ORIENTED_EDGE('',*,*,#6476,.T.);
#6515=EDGE_LOOP('',(#6509,#6511,#6513,#6514));
#6516=FACE_OUTER_BOUND('',#6515,.F.);
#6518=CARTESIAN_POINT('',(-5.6625E0,-1.97E0,-2.2E0));
#6519=DIRECTION('',(0.E0,7.071067811865E-1,7.071067811865E-1));
#6520=DIRECTION('',(0.E0,7.071067811865E-1,-7.071067811865E-1));
#6521=AXIS2_PLACEMENT_3D('',#6518,#6519,#6520);
#6522=PLANE('',#6521);
#6524=ORIENTED_EDGE('',*,*,#6523,.T.);
#6525=ORIENTED_EDGE('',*,*,#6510,.F.);
#6527=ORIENTED_EDGE('',*,*,#6526,.F.);
#6529=ORIENTED_EDGE('',*,*,#6528,.T.);
#6530=EDGE_LOOP('',(#6524,#6525,#6527,#6529));
#6531=FACE_OUTER_BOUND('',#6530,.F.);
#6533=CARTESIAN_POINT('',(-6.2E0,-1.5E0,-2.15E0));
#6534=DIRECTION('',(0.E0,0.E0,-1.E0));
#6535=DIRECTION('',(0.E0,-1.E0,0.E0));
#6536=AXIS2_PLACEMENT_3D('',#6533,#6534,#6535);
#6537=PLANE('',#6536);
#6539=ORIENTED_EDGE('',*,*,#6538,.T.);
#6541=ORIENTED_EDGE('',*,*,#6540,.F.);
#6542=ORIENTED_EDGE('',*,*,#3997,.T.);
#6544=ORIENTED_EDGE('',*,*,#6543,.T.);
#6545=ORIENTED_EDGE('',*,*,#6478,.T.);
#6546=ORIENTED_EDGE('',*,*,#6512,.F.);
#6547=ORIENTED_EDGE('',*,*,#6523,.F.);
#6548=EDGE_LOOP('',(#6539,#6541,#6542,#6544,#6545,#6546,#6547));
#6549=FACE_OUTER_BOUND('',#6548,.F.);
#6551=CARTESIAN_POINT('',(-5.525E0,0.E0,0.E0));
#6552=DIRECTION('',(-1.E0,0.E0,0.E0));
#6553=DIRECTION('',(0.E0,-1.E0,0.E0));
#6554=AXIS2_PLACEMENT_3D('',#6551,#6552,#6553);
#6555=PLANE('',#6554);
#6557=ORIENTED_EDGE('',*,*,#6556,.T.);
#6559=ORIENTED_EDGE('',*,*,#6558,.T.);
#6560=ORIENTED_EDGE('',*,*,#6538,.F.);
#6561=ORIENTED_EDGE('',*,*,#6528,.F.);
#6563=ORIENTED_EDGE('',*,*,#6562,.T.);
#6564=ORIENTED_EDGE('',*,*,#6113,.T.);
#6565=ORIENTED_EDGE('',*,*,#6484,.T.);
#6567=ORIENTED_EDGE('',*,*,#6566,.F.);
#6569=ORIENTED_EDGE('',*,*,#6568,.F.);
#6571=ORIENTED_EDGE('',*,*,#6570,.F.);
#6573=ORIENTED_EDGE('',*,*,#6572,.T.);
#6574=EDGE_LOOP('',(#6557,#6559,#6560,#6561,#6563,#6564,#6565,#6567,#6569,#6571,
#6573));
#6575=FACE_OUTER_BOUND('',#6574,.F.);
#6577=CARTESIAN_POINT('',(-5.525E0,0.E0,0.E0));
#6578=DIRECTION('',(-1.E0,0.E0,0.E0));
#6579=DIRECTION('',(0.E0,-1.E0,0.E0));
#6580=AXIS2_PLACEMENT_3D('',#6577,#6578,#6579);
#6581=PLANE('',#6580);
#6583=ORIENTED_EDGE('',*,*,#6582,.T.);
#6585=ORIENTED_EDGE('',*,*,#6584,.T.);
#6586=ORIENTED_EDGE('',*,*,#6137,.T.);
#6588=ORIENTED_EDGE('',*,*,#6587,.F.);
#6589=EDGE_LOOP('',(#6583,#6585,#6586,#6588));
#6590=FACE_OUTER_BOUND('',#6589,.F.);
#6592=CARTESIAN_POINT('',(-5.525E0,0.E0,0.E0));
#6593=DIRECTION('',(-1.E0,0.E0,0.E0));
#6594=DIRECTION('',(0.E0,-1.E0,0.E0));
#6595=AXIS2_PLACEMENT_3D('',#6592,#6593,#6594);
#6596=PLANE('',#6595);
#6597=ORIENTED_EDGE('',*,*,#5858,.F.);
#6598=ORIENTED_EDGE('',*,*,#5780,.T.);
#6600=ORIENTED_EDGE('',*,*,#6599,.T.);
#6602=ORIENTED_EDGE('',*,*,#6601,.T.);
#6603=EDGE_LOOP('',(#6597,#6598,#6600,#6602));
#6604=FACE_OUTER_BOUND('',#6603,.F.);
#6606=CARTESIAN_POINT('',(-5.525E0,0.E0,0.E0));
#6607=DIRECTION('',(-1.E0,0.E0,0.E0));
#6608=DIRECTION('',(0.E0,-1.E0,0.E0));
#6609=AXIS2_PLACEMENT_3D('',#6606,#6607,#6608);
#6610=PLANE('',#6609);
#6611=ORIENTED_EDGE('',*,*,#5861,.F.);
#6613=ORIENTED_EDGE('',*,*,#6612,.F.);
#6615=ORIENTED_EDGE('',*,*,#6614,.T.);
#6617=ORIENTED_EDGE('',*,*,#6616,.F.);
#6618=EDGE_LOOP('',(#6611,#6613,#6615,#6617));
#6619=FACE_OUTER_BOUND('',#6618,.F.);
#6621=CARTESIAN_POINT('',(-5.525E0,0.E0,0.E0));
#6622=DIRECTION('',(-1.E0,0.E0,0.E0));
#6623=DIRECTION('',(0.E0,-1.E0,0.E0));
#6624=AXIS2_PLACEMENT_3D('',#6621,#6622,#6623);
#6625=PLANE('',#6624);
#6627=ORIENTED_EDGE('',*,*,#6626,.T.);
#6629=ORIENTED_EDGE('',*,*,#6628,.T.);
#6631=ORIENTED_EDGE('',*,*,#6630,.F.);
#6633=ORIENTED_EDGE('',*,*,#6632,.T.);
#6635=ORIENTED_EDGE('',*,*,#6634,.F.);
#6636=ORIENTED_EDGE('',*,*,#5772,.T.);
#6637=EDGE_LOOP('',(#6627,#6629,#6631,#6633,#6635,#6636));
#6638=FACE_OUTER_BOUND('',#6637,.F.);
#6640=CARTESIAN_POINT('',(-5.475E0,-1.575E0,-1.5E-1));
#6641=DIRECTION('',(-9.486832980505E-1,0.E0,3.162277660168E-1));
#6642=DIRECTION('',(-3.162277660168E-1,0.E0,-9.486832980505E-1));
#6643=AXIS2_PLACEMENT_3D('',#6640,#6641,#6642);
#6644=PLANE('',#6643);
#6646=ORIENTED_EDGE('',*,*,#6645,.T.);
#6647=ORIENTED_EDGE('',*,*,#6556,.F.);
#6649=ORIENTED_EDGE('',*,*,#6648,.T.);
#6650=ORIENTED_EDGE('',*,*,#3877,.T.);
#6651=EDGE_LOOP('',(#6646,#6647,#6649,#6650));
#6652=FACE_OUTER_BOUND('',#6651,.F.);
#6654=CARTESIAN_POINT('',(-5.4E0,-2.275E0,-1.075E0));
#6655=DIRECTION('',(-7.071067811865E-1,-7.071067811865E-1,0.E0));
#6656=DIRECTION('',(-7.071067811865E-1,7.071067811865E-1,0.E0));
#6657=AXIS2_PLACEMENT_3D('',#6654,#6655,#6656);
#6658=PLANE('',#6657);
#6659=ORIENTED_EDGE('',*,*,#6645,.F.);
#6660=ORIENTED_EDGE('',*,*,#3875,.T.);
#6661=ORIENTED_EDGE('',*,*,#3999,.T.);
#6662=ORIENTED_EDGE('',*,*,#6540,.T.);
#6663=ORIENTED_EDGE('',*,*,#6558,.F.);
#6664=EDGE_LOOP('',(#6659,#6660,#6661,#6662,#6663));
#6665=FACE_OUTER_BOUND('',#6664,.F.);
#6667=CARTESIAN_POINT('',(-5.8E0,-1.E0,0.E0));
#6668=DIRECTION('',(0.E0,-1.E0,0.E0));
#6669=DIRECTION('',(1.E0,0.E0,0.E0));
#6670=AXIS2_PLACEMENT_3D('',#6667,#6668,#6669);
#6671=PLANE('',#6670);
#6672=ORIENTED_EDGE('',*,*,#6648,.F.);
#6673=ORIENTED_EDGE('',*,*,#6572,.F.);
#6675=ORIENTED_EDGE('',*,*,#6674,.F.);
#6677=ORIENTED_EDGE('',*,*,#6676,.T.);
#6678=ORIENTED_EDGE('',*,*,#6127,.F.);
#6680=ORIENTED_EDGE('',*,*,#6679,.F.);
#6681=EDGE_LOOP('',(#6672,#6673,#6675,#6677,#6678,#6680));
#6682=FACE_OUTER_BOUND('',#6681,.F.);
#6684=CARTESIAN_POINT('',(-5.7125E0,-1.05E0,-8.5E-1));
#6685=DIRECTION('',(0.E0,7.071067811865E-1,7.071067811865E-1));
#6686=DIRECTION('',(0.E0,-7.071067811865E-1,7.071067811865E-1));
#6687=AXIS2_PLACEMENT_3D('',#6684,#6685,#6686);
#6688=PLANE('',#6687);
#6690=ORIENTED_EDGE('',*,*,#6689,.F.);
#6692=ORIENTED_EDGE('',*,*,#6691,.F.);
#6693=ORIENTED_EDGE('',*,*,#6674,.T.);
#6694=ORIENTED_EDGE('',*,*,#6570,.T.);
#6695=EDGE_LOOP('',(#6690,#6692,#6693,#6694));
#6696=FACE_OUTER_BOUND('',#6695,.F.);
#6698=CARTESIAN_POINT('',(-6.2E0,-4.5E-1,-8.E-1));
#6699=DIRECTION('',(0.E0,0.E0,-1.E0));
#6700=DIRECTION('',(0.E0,-1.E0,0.E0));
#6701=AXIS2_PLACEMENT_3D('',#6698,#6699,#6700);
#6702=PLANE('',#6701);
#6704=ORIENTED_EDGE('',*,*,#6703,.F.);
#6705=ORIENTED_EDGE('',*,*,#6689,.T.);
#6706=ORIENTED_EDGE('',*,*,#6568,.T.);
#6708=ORIENTED_EDGE('',*,*,#6707,.T.);
#6710=ORIENTED_EDGE('',*,*,#6709,.F.);
#6712=ORIENTED_EDGE('',*,*,#6711,.T.);
#6714=ORIENTED_EDGE('',*,*,#6713,.F.);
#6716=ORIENTED_EDGE('',*,*,#6715,.F.);
#6717=EDGE_LOOP('',(#6704,#6705,#6706,#6708,#6710,#6712,#6714,#6716));
#6718=FACE_OUTER_BOUND('',#6717,.F.);
#6720=CARTESIAN_POINT('',(-5.95E0,-9.E-1,-8.5E-1));
#6721=DIRECTION('',(7.071067811865E-1,0.E0,7.071067811865E-1));
#6722=DIRECTION('',(7.071067811865E-1,0.E0,-7.071067811865E-1));
#6723=AXIS2_PLACEMENT_3D('',#6720,#6721,#6722);
#6724=PLANE('',#6723);
#6726=ORIENTED_EDGE('',*,*,#6725,.F.);
#6727=ORIENTED_EDGE('',*,*,#6691,.T.);
#6728=ORIENTED_EDGE('',*,*,#6703,.T.);
#6730=ORIENTED_EDGE('',*,*,#6729,.F.);
#6731=EDGE_LOOP('',(#6726,#6727,#6728,#6730));
#6732=FACE_OUTER_BOUND('',#6731,.F.);
#6734=CARTESIAN_POINT('',(-5.9E0,-8.E-1,-8.E-1));
#6735=DIRECTION('',(-1.E0,0.E0,0.E0));
#6736=DIRECTION('',(0.E0,-1.E0,0.E0));
#6737=AXIS2_PLACEMENT_3D('',#6734,#6735,#6736);
#6738=PLANE('',#6737);
#6739=ORIENTED_EDGE('',*,*,#6725,.T.);
#6741=ORIENTED_EDGE('',*,*,#6740,.T.);
#6742=ORIENTED_EDGE('',*,*,#6129,.T.);
#6743=ORIENTED_EDGE('',*,*,#6676,.F.);
#6744=EDGE_LOOP('',(#6739,#6741,#6742,#6743));
#6745=FACE_OUTER_BOUND('',#6744,.F.);
#6747=CARTESIAN_POINT('',(-5.8E0,-8.E-1,-8.E-1));
#6748=DIRECTION('',(0.E0,1.E0,0.E0));
#6749=DIRECTION('',(-1.E0,0.E0,0.E0));
#6750=AXIS2_PLACEMENT_3D('',#6747,#6748,#6749);
#6751=PLANE('',#6750);
#6753=ORIENTED_EDGE('',*,*,#6752,.T.);
#6755=ORIENTED_EDGE('',*,*,#6754,.F.);
#6756=ORIENTED_EDGE('',*,*,#6131,.T.);
#6757=ORIENTED_EDGE('',*,*,#6740,.F.);
#6758=EDGE_LOOP('',(#6753,#6755,#6756,#6757));
#6759=FACE_OUTER_BOUND('',#6758,.F.);
#6761=CARTESIAN_POINT('',(-5.85E0,-7.5E-1,-8.5E-1));
#6762=DIRECTION('',(0.E0,-7.071067811865E-1,7.071067811865E-1));
#6763=DIRECTION('',(0.E0,-7.071067811865E-1,-7.071067811865E-1));
#6764=AXIS2_PLACEMENT_3D('',#6761,#6762,#6763);
#6765=PLANE('',#6764);
#6766=ORIENTED_EDGE('',*,*,#6715,.T.);
#6768=ORIENTED_EDGE('',*,*,#6767,.F.);
#6769=ORIENTED_EDGE('',*,*,#6752,.F.);
#6770=ORIENTED_EDGE('',*,*,#6729,.T.);
#6771=EDGE_LOOP('',(#6766,#6768,#6769,#6770));
#6772=FACE_OUTER_BOUND('',#6771,.F.);
#6774=CARTESIAN_POINT('',(-5.85E0,-6.25E-1,-8.5E-1));
#6775=DIRECTION('',(7.071067811865E-1,0.E0,7.071067811865E-1));
#6776=DIRECTION('',(7.071067811865E-1,0.E0,-7.071067811865E-1));
#6777=AXIS2_PLACEMENT_3D('',#6774,#6775,#6776);
#6778=PLANE('',#6777);
#6780=ORIENTED_EDGE('',*,*,#6779,.F.);
#6781=ORIENTED_EDGE('',*,*,#6767,.T.);
#6782=ORIENTED_EDGE('',*,*,#6713,.T.);
#6784=ORIENTED_EDGE('',*,*,#6783,.T.);
#6785=EDGE_LOOP('',(#6780,#6781,#6782,#6784));
#6786=FACE_OUTER_BOUND('',#6785,.F.);
#6788=CARTESIAN_POINT('',(-5.8E0,-4.5E-1,0.E0));
#6789=DIRECTION('',(-1.E0,0.E0,0.E0));
#6790=DIRECTION('',(0.E0,-1.E0,0.E0));
#6791=AXIS2_PLACEMENT_3D('',#6788,#6789,#6790);
#6792=PLANE('',#6791);
#6793=ORIENTED_EDGE('',*,*,#6754,.T.);
#6794=ORIENTED_EDGE('',*,*,#6779,.T.);
#6796=ORIENTED_EDGE('',*,*,#6795,.T.);
#6797=ORIENTED_EDGE('',*,*,#6133,.T.);
#6798=EDGE_LOOP('',(#6793,#6794,#6796,#6797));
#6799=FACE_OUTER_BOUND('',#6798,.F.);
#6801=CARTESIAN_POINT('',(-6.2E0,-4.5E-1,0.E0));
#6802=DIRECTION('',(0.E0,1.E0,0.E0));
#6803=DIRECTION('',(0.E0,0.E0,-1.E0));
#6804=AXIS2_PLACEMENT_3D('',#6801,#6802,#6803);
#6805=PLANE('',#6804);
#6807=ORIENTED_EDGE('',*,*,#6806,.T.);
#6808=ORIENTED_EDGE('',*,*,#6587,.T.);
#6809=ORIENTED_EDGE('',*,*,#6135,.T.);
#6810=ORIENTED_EDGE('',*,*,#6795,.F.);
#6811=ORIENTED_EDGE('',*,*,#6783,.F.);
#6812=ORIENTED_EDGE('',*,*,#6711,.F.);
#6814=ORIENTED_EDGE('',*,*,#6813,.F.);
#6815=EDGE_LOOP('',(#6807,#6808,#6809,#6810,#6811,#6812,#6814));
#6816=FACE_OUTER_BOUND('',#6815,.F.);
#6818=CARTESIAN_POINT('',(-5.8625E0,-4.E-1,-1.5E-1));
#6819=DIRECTION('',(0.E0,-9.486832980505E-1,3.162277660168E-1));
#6820=DIRECTION('',(0.E0,-3.162277660168E-1,-9.486832980505E-1));
#6821=AXIS2_PLACEMENT_3D('',#6818,#6819,#6820);
#6822=PLANE('',#6821);
#6824=ORIENTED_EDGE('',*,*,#6823,.T.);
#6825=ORIENTED_EDGE('',*,*,#3883,.T.);
#6827=ORIENTED_EDGE('',*,*,#6826,.F.);
#6828=ORIENTED_EDGE('',*,*,#6806,.F.);
#6829=EDGE_LOOP('',(#6824,#6825,#6827,#6828));
#6830=FACE_OUTER_BOUND('',#6829,.F.);
#6832=CARTESIAN_POINT('',(-6.2E0,2.4E0,0.E0));
#6833=DIRECTION('',(-1.E0,0.E0,0.E0));
#6834=DIRECTION('',(0.E0,-1.E0,0.E0));
#6835=AXIS2_PLACEMENT_3D('',#6832,#6833,#6834);
#6836=PLANE('',#6835);
#6838=ORIENTED_EDGE('',*,*,#6837,.F.);
#6839=ORIENTED_EDGE('',*,*,#5752,.F.);
#6840=ORIENTED_EDGE('',*,*,#3885,.T.);
#6841=ORIENTED_EDGE('',*,*,#6823,.F.);
#6842=ORIENTED_EDGE('',*,*,#6813,.T.);
#6843=ORIENTED_EDGE('',*,*,#6709,.T.);
#6845=ORIENTED_EDGE('',*,*,#6844,.F.);
#6846=ORIENTED_EDGE('',*,*,#6480,.T.);
#6847=ORIENTED_EDGE('',*,*,#6543,.F.);
#6848=ORIENTED_EDGE('',*,*,#3995,.T.);
#6849=ORIENTED_EDGE('',*,*,#4102,.F.);
#6851=ORIENTED_EDGE('',*,*,#6850,.T.);
#6853=ORIENTED_EDGE('',*,*,#6852,.T.);
#6855=ORIENTED_EDGE('',*,*,#6854,.F.);
#6857=ORIENTED_EDGE('',*,*,#6856,.T.);
#6859=ORIENTED_EDGE('',*,*,#6858,.F.);
#6860=EDGE_LOOP('',(#6838,#6839,#6840,#6841,#6842,#6843,#6845,#6846,#6847,#6848,
#6849,#6851,#6853,#6855,#6857,#6859));
#6861=FACE_OUTER_BOUND('',#6860,.F.);
#6863=CARTESIAN_POINT('',(-5.8625E0,2.25E0,-3.8E0));
#6864=DIRECTION('',(0.E0,3.162277660168E-1,-9.486832980505E-1));
#6865=DIRECTION('',(0.E0,-9.486832980505E-1,-3.162277660168E-1));
#6866=AXIS2_PLACEMENT_3D('',#6863,#6864,#6865);
#6867=PLANE('',#6866);
#6868=ORIENTED_EDGE('',*,*,#6837,.T.);
#6870=ORIENTED_EDGE('',*,*,#6869,.F.);
#6872=ORIENTED_EDGE('',*,*,#6871,.T.);
#6873=ORIENTED_EDGE('',*,*,#5754,.T.);
#6874=EDGE_LOOP('',(#6868,#6870,#6872,#6873));
#6875=FACE_OUTER_BOUND('',#6874,.F.);
#6877=CARTESIAN_POINT('',(-6.2E0,7.5E-1,-3.85E0));
#6878=DIRECTION('',(0.E0,0.E0,1.E0));
#6879=DIRECTION('',(0.E0,1.E0,0.E0));
#6880=AXIS2_PLACEMENT_3D('',#6877,#6878,#6879);
#6881=PLANE('',#6880);
#6883=ORIENTED_EDGE('',*,*,#6882,.F.);
#6885=ORIENTED_EDGE('',*,*,#6884,.T.);
#6886=ORIENTED_EDGE('',*,*,#5863,.F.);
#6887=ORIENTED_EDGE('',*,*,#6616,.T.);
#6888=ORIENTED_EDGE('',*,*,#6869,.T.);
#6889=ORIENTED_EDGE('',*,*,#6858,.T.);
#6891=ORIENTED_EDGE('',*,*,#6890,.T.);
#6893=ORIENTED_EDGE('',*,*,#6892,.F.);
#6895=ORIENTED_EDGE('',*,*,#6894,.F.);
#6896=EDGE_LOOP('',(#6883,#6885,#6886,#6887,#6888,#6889,#6891,#6893,#6895));
#6897=FACE_OUTER_BOUND('',#6896,.F.);
#6899=CARTESIAN_POINT('',(6.2E0,-2.5E-1,-3.85E0));
#6900=DIRECTION('',(0.E0,-1.E0,0.E0));
#6901=DIRECTION('',(0.E0,0.E0,-1.E0));
#6902=AXIS2_PLACEMENT_3D('',#6899,#6900,#6901);
#6903=PLANE('',#6902);
#6905=ORIENTED_EDGE('',*,*,#6904,.F.);
#6907=ORIENTED_EDGE('',*,*,#6906,.T.);
#6909=ORIENTED_EDGE('',*,*,#6908,.T.);
#6911=ORIENTED_EDGE('',*,*,#6910,.F.);
#6913=ORIENTED_EDGE('',*,*,#6912,.F.);
#6915=ORIENTED_EDGE('',*,*,#6914,.T.);
#6916=EDGE_LOOP('',(#6905,#6907,#6909,#6911,#6913,#6915));
#6917=FACE_OUTER_BOUND('',#6916,.F.);
#6919=CARTESIAN_POINT('',(6.2E0,-2.5E-1,-3.85E0));
#6920=DIRECTION('',(0.E0,-1.E0,0.E0));
#6921=DIRECTION('',(0.E0,0.E0,-1.E0));
#6922=AXIS2_PLACEMENT_3D('',#6919,#6920,#6921);
#6923=PLANE('',#6922);
#6924=ORIENTED_EDGE('',*,*,#6882,.T.);
#6926=ORIENTED_EDGE('',*,*,#6925,.T.);
#6928=ORIENTED_EDGE('',*,*,#6927,.F.);
#6930=ORIENTED_EDGE('',*,*,#6929,.F.);
#6932=ORIENTED_EDGE('',*,*,#6931,.T.);
#6934=ORIENTED_EDGE('',*,*,#6933,.F.);
#6935=EDGE_LOOP('',(#6924,#6926,#6928,#6930,#6932,#6934));
#6936=FACE_OUTER_BOUND('',#6935,.F.);
#6938=CARTESIAN_POINT('',(6.2E0,2.4E0,-3.85E0));
#6939=DIRECTION('',(0.E0,0.E0,1.E0));
#6940=DIRECTION('',(0.E0,-1.E0,0.E0));
#6941=AXIS2_PLACEMENT_3D('',#6938,#6939,#6940);
#6942=PLANE('',#6941);
#6943=ORIENTED_EDGE('',*,*,#6904,.T.);
#6945=ORIENTED_EDGE('',*,*,#6944,.T.);
#6947=ORIENTED_EDGE('',*,*,#6946,.F.);
#6949=ORIENTED_EDGE('',*,*,#6948,.F.);
#6950=ORIENTED_EDGE('',*,*,#5688,.F.);
#6951=ORIENTED_EDGE('',*,*,#5728,.T.);
#6952=ORIENTED_EDGE('',*,*,#6035,.T.);
#6953=ORIENTED_EDGE('',*,*,#5829,.T.);
#6955=ORIENTED_EDGE('',*,*,#6954,.F.);
#6956=EDGE_LOOP('',(#6943,#6945,#6947,#6949,#6950,#6951,#6952,#6953,#6955));
#6957=FACE_OUTER_BOUND('',#6956,.F.);
#6959=CARTESIAN_POINT('',(5.8E0,-1.1E0,-4.4E0));
#6960=DIRECTION('',(1.E0,0.E0,0.E0));
#6961=DIRECTION('',(0.E0,0.E0,1.E0));
#6962=AXIS2_PLACEMENT_3D('',#6959,#6960,#6961);
#6963=PLANE('',#6962);
#6964=ORIENTED_EDGE('',*,*,#6914,.F.);
#6966=ORIENTED_EDGE('',*,*,#6965,.F.);
#6968=ORIENTED_EDGE('',*,*,#6967,.T.);
#6969=ORIENTED_EDGE('',*,*,#6944,.F.);
#6970=EDGE_LOOP('',(#6964,#6966,#6968,#6969));
#6971=FACE_OUTER_BOUND('',#6970,.F.);
#6973=CARTESIAN_POINT('',(5.8E0,2.4E0,-4.2E0));
#6974=DIRECTION('',(0.E0,0.E0,1.E0));
#6975=DIRECTION('',(1.E0,0.E0,0.E0));
#6976=AXIS2_PLACEMENT_3D('',#6973,#6974,#6975);
#6977=PLANE('',#6976);
#6978=ORIENTED_EDGE('',*,*,#6912,.T.);
#6980=ORIENTED_EDGE('',*,*,#6979,.F.);
#6982=ORIENTED_EDGE('',*,*,#6981,.T.);
#6983=ORIENTED_EDGE('',*,*,#6965,.T.);
#6984=EDGE_LOOP('',(#6978,#6980,#6982,#6983));
#6985=FACE_OUTER_BOUND('',#6984,.F.);
#6987=CARTESIAN_POINT('',(5.9E0,2.4E0,-4.2E0));
#6988=DIRECTION('',(1.E0,0.E0,0.E0));
#6989=DIRECTION('',(0.E0,0.E0,-1.E0));
#6990=AXIS2_PLACEMENT_3D('',#6987,#6988,#6989);
#6991=PLANE('',#6990);
#6992=ORIENTED_EDGE('',*,*,#6910,.T.);
#6994=ORIENTED_EDGE('',*,*,#6993,.F.);
#6996=ORIENTED_EDGE('',*,*,#6995,.T.);
#6997=ORIENTED_EDGE('',*,*,#6979,.T.);
#6998=EDGE_LOOP('',(#6992,#6994,#6996,#6997));
#6999=FACE_OUTER_BOUND('',#6998,.F.);
#7001=CARTESIAN_POINT('',(5.525E0,-1.1E0,-4.4E0));
#7002=DIRECTION('',(0.E0,0.E0,-1.E0));
#7003=DIRECTION('',(1.E0,0.E0,0.E0));
#7004=AXIS2_PLACEMENT_3D('',#7001,#7002,#7003);
#7005=PLANE('',#7004);
#7006=ORIENTED_EDGE('',*,*,#6993,.T.);
#7007=ORIENTED_EDGE('',*,*,#6908,.F.);
#7009=ORIENTED_EDGE('',*,*,#7008,.T.);
#7011=ORIENTED_EDGE('',*,*,#7010,.F.);
#7012=EDGE_LOOP('',(#7006,#7007,#7009,#7011));
#7013=FACE_OUTER_BOUND('',#7012,.F.);
#7015=CARTESIAN_POINT('',(5.525E0,-1.1E0,-4.4E0));
#7016=DIRECTION('',(0.E0,0.E0,-1.E0));
#7017=DIRECTION('',(1.E0,0.E0,0.E0));
#7018=AXIS2_PLACEMENT_3D('',#7015,#7016,#7017);
#7019=PLANE('',#7018);
#7021=ORIENTED_EDGE('',*,*,#7020,.F.);
#7023=ORIENTED_EDGE('',*,*,#7022,.F.);
#7025=ORIENTED_EDGE('',*,*,#7024,.T.);
#7026=ORIENTED_EDGE('',*,*,#6021,.F.);
#7027=ORIENTED_EDGE('',*,*,#5942,.T.);
#7028=EDGE_LOOP('',(#7021,#7023,#7025,#7026,#7027));
#7029=FACE_OUTER_BOUND('',#7028,.F.);
#7031=CARTESIAN_POINT('',(5.775E0,1.55E0,-3.85E0));
#7032=DIRECTION('',(1.E0,0.E0,0.E0));
#7033=DIRECTION('',(0.E0,0.E0,-1.E0));
#7034=AXIS2_PLACEMENT_3D('',#7031,#7032,#7033);
#7035=PLANE('',#7034);
#7036=ORIENTED_EDGE('',*,*,#6906,.F.);
#7037=ORIENTED_EDGE('',*,*,#6954,.T.);
#7038=ORIENTED_EDGE('',*,*,#5827,.T.);
#7040=ORIENTED_EDGE('',*,*,#7039,.T.);
#7042=ORIENTED_EDGE('',*,*,#7041,.F.);
#7044=ORIENTED_EDGE('',*,*,#7043,.F.);
#7046=ORIENTED_EDGE('',*,*,#7045,.T.);
#7048=ORIENTED_EDGE('',*,*,#7047,.F.);
#7050=ORIENTED_EDGE('',*,*,#7049,.F.);
#7051=ORIENTED_EDGE('',*,*,#7008,.F.);
#7052=EDGE_LOOP('',(#7036,#7037,#7038,#7040,#7042,#7044,#7046,#7048,#7050,
#7051));
#7053=FACE_OUTER_BOUND('',#7052,.F.);
#7055=CARTESIAN_POINT('',(5.875E0,1.55E0,-5.55E0));
#7056=DIRECTION('',(0.E0,1.E0,0.E0));
#7057=DIRECTION('',(-1.E0,0.E0,0.E0));
#7058=AXIS2_PLACEMENT_3D('',#7055,#7056,#7057);
#7059=CYLINDRICAL_SURFACE('',#7058,1.E-1);
#7060=ORIENTED_EDGE('',*,*,#5825,.T.);
#7062=ORIENTED_EDGE('',*,*,#7061,.T.);
#7064=ORIENTED_EDGE('',*,*,#7063,.F.);
#7065=ORIENTED_EDGE('',*,*,#7039,.F.);
#7066=EDGE_LOOP('',(#7060,#7062,#7064,#7065));
#7067=FACE_OUTER_BOUND('',#7066,.F.);
#7069=CARTESIAN_POINT('',(5.875E0,1.55E0,-5.65E0));
#7070=DIRECTION('',(0.E0,0.E0,1.E0));
#7071=DIRECTION('',(1.E0,0.E0,0.E0));
#7072=AXIS2_PLACEMENT_3D('',#7069,#7070,#7071);
#7073=PLANE('',#7072);
#7074=ORIENTED_EDGE('',*,*,#5883,.F.);
#7076=ORIENTED_EDGE('',*,*,#7075,.T.);
#7078=ORIENTED_EDGE('',*,*,#7077,.F.);
#7080=ORIENTED_EDGE('',*,*,#7079,.F.);
#7081=ORIENTED_EDGE('',*,*,#7061,.F.);
#7082=ORIENTED_EDGE('',*,*,#5823,.T.);
#7083=EDGE_LOOP('',(#7074,#7076,#7078,#7080,#7081,#7082));
#7084=FACE_OUTER_BOUND('',#7083,.F.);
#7086=CARTESIAN_POINT('',(6.375E0,1.55E0,-5.65E0));
#7087=DIRECTION('',(1.E0,0.E0,0.E0));
#7088=DIRECTION('',(0.E0,0.E0,-1.E0));
#7089=AXIS2_PLACEMENT_3D('',#7086,#7087,#7088);
#7090=PLANE('',#7089);
#7091=ORIENTED_EDGE('',*,*,#5881,.T.);
#7092=ORIENTED_EDGE('',*,*,#5902,.T.);
#7094=ORIENTED_EDGE('',*,*,#7093,.T.);
#7095=ORIENTED_EDGE('',*,*,#7075,.F.);
#7096=EDGE_LOOP('',(#7091,#7092,#7094,#7095));
#7097=FACE_OUTER_BOUND('',#7096,.F.);
#7099=CARTESIAN_POINT('',(6.075E0,-1.5E-1,-1.359124E1));
#7100=DIRECTION('',(0.E0,0.E0,1.E0));
#7101=DIRECTION('',(0.E0,-1.E0,0.E0));
#7102=AXIS2_PLACEMENT_3D('',#7099,#7100,#7101);
#7103=CYLINDRICAL_SURFACE('',#7102,3.E-1);
#7104=ORIENTED_EDGE('',*,*,#7077,.T.);
#7105=ORIENTED_EDGE('',*,*,#7093,.F.);
#7106=ORIENTED_EDGE('',*,*,#5900,.T.);
#7108=ORIENTED_EDGE('',*,*,#7107,.T.);
#7109=EDGE_LOOP('',(#7104,#7105,#7106,#7108));
#7110=FACE_OUTER_BOUND('',#7109,.F.);
#7112=CARTESIAN_POINT('',(0.E0,-4.5E-1,0.E0));
#7113=DIRECTION('',(0.E0,1.E0,0.E0));
#7114=DIRECTION('',(-1.E0,0.E0,0.E0));
#7115=AXIS2_PLACEMENT_3D('',#7112,#7113,#7114);
#7116=PLANE('',#7115);
#7117=ORIENTED_EDGE('',*,*,#7107,.F.);
#7118=ORIENTED_EDGE('',*,*,#5898,.T.);
#7119=ORIENTED_EDGE('',*,*,#5915,.T.);
#7120=ORIENTED_EDGE('',*,*,#5929,.T.);
#7121=ORIENTED_EDGE('',*,*,#6049,.T.);
#7123=ORIENTED_EDGE('',*,*,#7122,.T.);
#7124=ORIENTED_EDGE('',*,*,#7041,.T.);
#7125=ORIENTED_EDGE('',*,*,#7063,.T.);
#7126=ORIENTED_EDGE('',*,*,#7079,.T.);
#7127=EDGE_LOOP('',(#7117,#7118,#7119,#7120,#7121,#7123,#7124,#7125,#7126));
#7128=FACE_OUTER_BOUND('',#7127,.F.);
#7130=CARTESIAN_POINT('',(0.E0,-4.5E-1,0.E0));
#7131=DIRECTION('',(0.E0,1.E0,0.E0));
#7132=DIRECTION('',(-1.E0,0.E0,0.E0));
#7133=AXIS2_PLACEMENT_3D('',#7130,#7131,#7132);
#7134=PLANE('',#7133);
#7136=ORIENTED_EDGE('',*,*,#7135,.F.);
#7138=ORIENTED_EDGE('',*,*,#7137,.T.);
#7140=ORIENTED_EDGE('',*,*,#7139,.T.);
#7142=ORIENTED_EDGE('',*,*,#7141,.T.);
#7144=ORIENTED_EDGE('',*,*,#7143,.F.);
#7145=ORIENTED_EDGE('',*,*,#6626,.F.);
#7146=ORIENTED_EDGE('',*,*,#5794,.T.);
#7148=ORIENTED_EDGE('',*,*,#7147,.T.);
#7150=ORIENTED_EDGE('',*,*,#7149,.T.);
#7151=EDGE_LOOP('',(#7136,#7138,#7140,#7142,#7144,#7145,#7146,#7148,#7150));
#7152=FACE_OUTER_BOUND('',#7151,.F.);
#7154=CARTESIAN_POINT('',(6.2E0,7.5E-1,-4.9E0));
#7155=DIRECTION('',(0.E0,0.E0,1.E0));
#7156=DIRECTION('',(0.E0,-1.E0,0.E0));
#7157=AXIS2_PLACEMENT_3D('',#7154,#7155,#7156);
#7158=PLANE('',#7157);
#7159=ORIENTED_EDGE('',*,*,#7122,.F.);
#7160=ORIENTED_EDGE('',*,*,#6058,.T.);
#7162=ORIENTED_EDGE('',*,*,#7161,.F.);
#7164=ORIENTED_EDGE('',*,*,#7163,.T.);
#7166=ORIENTED_EDGE('',*,*,#7165,.F.);
#7168=ORIENTED_EDGE('',*,*,#7167,.F.);
#7169=ORIENTED_EDGE('',*,*,#5694,.F.);
#7171=ORIENTED_EDGE('',*,*,#7170,.F.);
#7172=ORIENTED_EDGE('',*,*,#7043,.T.);
#7173=EDGE_LOOP('',(#7159,#7160,#7162,#7164,#7166,#7168,#7169,#7171,#7172));
#7174=FACE_OUTER_BOUND('',#7173,.F.);
#7176=CARTESIAN_POINT('',(0.E0,-1.1E0,0.E0));
#7177=DIRECTION('',(0.E0,-1.E0,0.E0));
#7178=DIRECTION('',(0.E0,0.E0,1.E0));
#7179=AXIS2_PLACEMENT_3D('',#7176,#7177,#7178);
#7180=PLANE('',#7179);
#7182=ORIENTED_EDGE('',*,*,#7181,.T.);
#7184=ORIENTED_EDGE('',*,*,#7183,.T.);
#7186=ORIENTED_EDGE('',*,*,#7185,.T.);
#7187=ORIENTED_EDGE('',*,*,#6630,.T.);
#7188=EDGE_LOOP('',(#7182,#7184,#7186,#7187));
#7189=FACE_OUTER_BOUND('',#7188,.F.);
#7191=CARTESIAN_POINT('',(0.E0,-1.1E0,0.E0));
#7192=DIRECTION('',(0.E0,-1.E0,0.E0));
#7193=DIRECTION('',(0.E0,0.E0,1.E0));
#7194=AXIS2_PLACEMENT_3D('',#7191,#7192,#7193);
#7195=PLANE('',#7194);
#7196=ORIENTED_EDGE('',*,*,#6056,.T.);
#7198=ORIENTED_EDGE('',*,*,#7197,.T.);
#7200=ORIENTED_EDGE('',*,*,#7199,.T.);
#7201=ORIENTED_EDGE('',*,*,#7161,.T.);
#7202=EDGE_LOOP('',(#7196,#7198,#7200,#7201));
#7203=FACE_OUTER_BOUND('',#7202,.F.);
#7205=CARTESIAN_POINT('',(-6.2E0,-6.E-1,-4.9E0));
#7206=DIRECTION('',(0.E0,0.E0,1.E0));
#7207=DIRECTION('',(0.E0,1.E0,0.E0));
#7208=AXIS2_PLACEMENT_3D('',#7205,#7206,#7207);
#7209=PLANE('',#7208);
#7210=ORIENTED_EDGE('',*,*,#7143,.T.);
#7212=ORIENTED_EDGE('',*,*,#7211,.F.);
#7214=ORIENTED_EDGE('',*,*,#7213,.T.);
#7215=ORIENTED_EDGE('',*,*,#6852,.F.);
#7217=ORIENTED_EDGE('',*,*,#7216,.T.);
#7219=ORIENTED_EDGE('',*,*,#7218,.F.);
#7221=ORIENTED_EDGE('',*,*,#7220,.F.);
#7222=ORIENTED_EDGE('',*,*,#7181,.F.);
#7223=ORIENTED_EDGE('',*,*,#6628,.F.);
#7224=EDGE_LOOP('',(#7210,#7212,#7214,#7215,#7217,#7219,#7221,#7222,#7223));
#7225=FACE_OUTER_BOUND('',#7224,.F.);
#7227=CARTESIAN_POINT('',(-5.775E0,1.55E0,-5.55E0));
#7228=DIRECTION('',(-1.E0,0.E0,0.E0));
#7229=DIRECTION('',(0.E0,0.E0,1.E0));
#7230=AXIS2_PLACEMENT_3D('',#7227,#7228,#7229);
#7231=PLANE('',#7230);
#7232=ORIENTED_EDGE('',*,*,#6933,.T.);
#7234=ORIENTED_EDGE('',*,*,#7233,.T.);
#7236=ORIENTED_EDGE('',*,*,#7235,.T.);
#7238=ORIENTED_EDGE('',*,*,#7237,.F.);
#7240=ORIENTED_EDGE('',*,*,#7239,.T.);
#7241=ORIENTED_EDGE('',*,*,#7211,.T.);
#7242=ORIENTED_EDGE('',*,*,#7141,.F.);
#7244=ORIENTED_EDGE('',*,*,#7243,.F.);
#7245=ORIENTED_EDGE('',*,*,#5865,.T.);
#7246=ORIENTED_EDGE('',*,*,#6884,.F.);
#7247=EDGE_LOOP('',(#7232,#7234,#7236,#7238,#7240,#7241,#7242,#7244,#7245,
#7246));
#7248=FACE_OUTER_BOUND('',#7247,.F.);
#7250=CARTESIAN_POINT('',(-5.8E0,-1.1E0,-4.4E0));
#7251=DIRECTION('',(0.E0,0.E0,-1.E0));
#7252=DIRECTION('',(1.E0,0.E0,0.E0));
#7253=AXIS2_PLACEMENT_3D('',#7250,#7251,#7252);
#7254=PLANE('',#7253);
#7255=ORIENTED_EDGE('',*,*,#6931,.F.);
#7257=ORIENTED_EDGE('',*,*,#7256,.F.);
#7259=ORIENTED_EDGE('',*,*,#7258,.F.);
#7260=ORIENTED_EDGE('',*,*,#7233,.F.);
#7261=EDGE_LOOP('',(#7255,#7257,#7259,#7260));
#7262=FACE_OUTER_BOUND('',#7261,.F.);
#7264=CARTESIAN_POINT('',(-5.8E0,-1.1E0,-4.4E0));
#7265=DIRECTION('',(0.E0,0.E0,-1.E0));
#7266=DIRECTION('',(1.E0,0.E0,0.E0));
#7267=AXIS2_PLACEMENT_3D('',#7264,#7265,#7266);
#7268=PLANE('',#7267);
#7270=ORIENTED_EDGE('',*,*,#7269,.T.);
#7271=ORIENTED_EDGE('',*,*,#5811,.T.);
#7272=ORIENTED_EDGE('',*,*,#6601,.F.);
#7274=ORIENTED_EDGE('',*,*,#7273,.F.);
#7276=ORIENTED_EDGE('',*,*,#7275,.T.);
#7277=EDGE_LOOP('',(#7270,#7271,#7272,#7274,#7276));
#7278=FACE_OUTER_BOUND('',#7277,.F.);
#7280=CARTESIAN_POINT('',(-5.9E0,2.4E0,-4.4E0));
#7281=DIRECTION('',(-1.E0,0.E0,0.E0));
#7282=DIRECTION('',(0.E0,0.E0,1.E0));
#7283=AXIS2_PLACEMENT_3D('',#7280,#7281,#7282);
#7284=PLANE('',#7283);
#7285=ORIENTED_EDGE('',*,*,#6929,.T.);
#7287=ORIENTED_EDGE('',*,*,#7286,.F.);
#7289=ORIENTED_EDGE('',*,*,#7288,.T.);
#7290=ORIENTED_EDGE('',*,*,#7256,.T.);
#7291=EDGE_LOOP('',(#7285,#7287,#7289,#7290));
#7292=FACE_OUTER_BOUND('',#7291,.F.);
#7294=CARTESIAN_POINT('',(-5.9E0,2.4E0,-4.2E0));
#7295=DIRECTION('',(0.E0,0.E0,1.E0));
#7296=DIRECTION('',(1.E0,0.E0,0.E0));
#7297=AXIS2_PLACEMENT_3D('',#7294,#7295,#7296);
#7298=PLANE('',#7297);
#7299=ORIENTED_EDGE('',*,*,#6927,.T.);
#7301=ORIENTED_EDGE('',*,*,#7300,.F.);
#7303=ORIENTED_EDGE('',*,*,#7302,.T.);
#7304=ORIENTED_EDGE('',*,*,#7286,.T.);
#7305=EDGE_LOOP('',(#7299,#7301,#7303,#7304));
#7306=FACE_OUTER_BOUND('',#7305,.F.);
#7308=CARTESIAN_POINT('',(-5.8E0,-1.1E0,-3.85E0));
#7309=DIRECTION('',(-1.E0,0.E0,0.E0));
#7310=DIRECTION('',(0.E0,0.E0,-1.E0));
#7311=AXIS2_PLACEMENT_3D('',#7308,#7309,#7310);
#7312=PLANE('',#7311);
#7313=ORIENTED_EDGE('',*,*,#6925,.F.);
#7314=ORIENTED_EDGE('',*,*,#6894,.T.);
#7316=ORIENTED_EDGE('',*,*,#7315,.T.);
#7317=ORIENTED_EDGE('',*,*,#7300,.T.);
#7318=EDGE_LOOP('',(#7313,#7314,#7316,#7317));
#7319=FACE_OUTER_BOUND('',#7318,.F.);
#7321=CARTESIAN_POINT('',(-5.85E0,7.E-1,-4.025E0));
#7322=DIRECTION('',(7.071067811865E-1,7.071067811865E-1,0.E0));
#7323=DIRECTION('',(7.071067811865E-1,-7.071067811865E-1,0.E0));
#7324=AXIS2_PLACEMENT_3D('',#7321,#7322,#7323);
#7325=PLANE('',#7324);
#7327=ORIENTED_EDGE('',*,*,#7326,.T.);
#7329=ORIENTED_EDGE('',*,*,#7328,.F.);
#7330=ORIENTED_EDGE('',*,*,#7315,.F.);
#7331=ORIENTED_EDGE('',*,*,#6892,.T.);
#7332=EDGE_LOOP('',(#7327,#7329,#7330,#7331));
#7333=FACE_OUTER_BOUND('',#7332,.F.);
#7335=CARTESIAN_POINT('',(-6.2E0,7.5E-1,-4.9E0));
#7336=DIRECTION('',(0.E0,-1.E0,0.E0));
#7337=DIRECTION('',(0.E0,0.E0,1.E0));
#7338=AXIS2_PLACEMENT_3D('',#7335,#7336,#7337);
#7339=PLANE('',#7338);
#7340=ORIENTED_EDGE('',*,*,#7237,.T.);
#7342=ORIENTED_EDGE('',*,*,#7341,.T.);
#7344=ORIENTED_EDGE('',*,*,#7343,.F.);
#7346=ORIENTED_EDGE('',*,*,#7345,.F.);
#7347=ORIENTED_EDGE('',*,*,#7326,.F.);
#7348=ORIENTED_EDGE('',*,*,#6890,.F.);
#7349=ORIENTED_EDGE('',*,*,#6856,.F.);
#7351=ORIENTED_EDGE('',*,*,#7350,.F.);
#7352=EDGE_LOOP('',(#7340,#7342,#7344,#7346,#7347,#7348,#7349,#7351));
#7353=FACE_OUTER_BOUND('',#7352,.F.);
#7355=CARTESIAN_POINT('',(-5.7125E0,7.E-1,-4.45E0));
#7356=DIRECTION('',(0.E0,7.071067811865E-1,7.071067811865E-1));
#7357=DIRECTION('',(0.E0,7.071067811865E-1,-7.071067811865E-1));
#7358=AXIS2_PLACEMENT_3D('',#7355,#7356,#7357);
#7359=PLANE('',#7358);
#7360=ORIENTED_EDGE('',*,*,#7235,.F.);
#7361=ORIENTED_EDGE('',*,*,#7258,.T.);
#7363=ORIENTED_EDGE('',*,*,#7362,.T.);
#7364=ORIENTED_EDGE('',*,*,#7341,.F.);
#7365=EDGE_LOOP('',(#7360,#7361,#7363,#7364));
#7366=FACE_OUTER_BOUND('',#7365,.F.);
#7368=CARTESIAN_POINT('',(-5.95E0,7.E-1,-4.3E0));
#7369=DIRECTION('',(7.071067811865E-1,7.071067811865E-1,0.E0));
#7370=DIRECTION('',(7.071067811865E-1,-7.071067811865E-1,0.E0));
#7371=AXIS2_PLACEMENT_3D('',#7368,#7369,#7370);
#7372=PLANE('',#7371);
#7373=ORIENTED_EDGE('',*,*,#7343,.T.);
#7374=ORIENTED_EDGE('',*,*,#7362,.F.);
#7375=ORIENTED_EDGE('',*,*,#7288,.F.);
#7377=ORIENTED_EDGE('',*,*,#7376,.T.);
#7378=EDGE_LOOP('',(#7373,#7374,#7375,#7377));
#7379=FACE_OUTER_BOUND('',#7378,.F.);
#7381=CARTESIAN_POINT('',(-5.85E0,7.E-1,-4.15E0));
#7382=DIRECTION('',(0.E0,7.071067811865E-1,-7.071067811865E-1));
#7383=DIRECTION('',(0.E0,-7.071067811865E-1,-7.071067811865E-1));
#7384=AXIS2_PLACEMENT_3D('',#7381,#7382,#7383);
#7385=PLANE('',#7384);
#7386=ORIENTED_EDGE('',*,*,#7302,.F.);
#7387=ORIENTED_EDGE('',*,*,#7328,.T.);
#7388=ORIENTED_EDGE('',*,*,#7345,.T.);
#7389=ORIENTED_EDGE('',*,*,#7376,.F.);
#7390=EDGE_LOOP('',(#7386,#7387,#7388,#7389));
#7391=FACE_OUTER_BOUND('',#7390,.F.);
#7393=CARTESIAN_POINT('',(-5.8625E0,7.E-1,-4.85E0));
#7394=DIRECTION('',(0.E0,7.071067811865E-1,-7.071067811865E-1));
#7395=DIRECTION('',(0.E0,-7.071067811865E-1,-7.071067811865E-1));
#7396=AXIS2_PLACEMENT_3D('',#7393,#7394,#7395);
#7397=PLANE('',#7396);
#7398=ORIENTED_EDGE('',*,*,#7239,.F.);
#7399=ORIENTED_EDGE('',*,*,#7350,.T.);
#7400=ORIENTED_EDGE('',*,*,#6854,.T.);
#7401=ORIENTED_EDGE('',*,*,#7213,.F.);
#7402=EDGE_LOOP('',(#7398,#7399,#7400,#7401));
#7403=FACE_OUTER_BOUND('',#7402,.F.);
#7405=CARTESIAN_POINT('',(6.2E0,1.4E0,0.E0));
#7406=DIRECTION('',(0.E0,1.E0,0.E0));
#7407=DIRECTION('',(-1.E0,0.E0,0.E0));
#7408=AXIS2_PLACEMENT_3D('',#7405,#7406,#7407);
#7409=PLANE('',#7408);
#7410=ORIENTED_EDGE('',*,*,#7269,.F.);
#7412=ORIENTED_EDGE('',*,*,#7411,.F.);
#7414=ORIENTED_EDGE('',*,*,#7413,.F.);
#7415=ORIENTED_EDGE('',*,*,#5805,.T.);
#7416=EDGE_LOOP('',(#7410,#7412,#7414,#7415));
#7417=FACE_OUTER_BOUND('',#7416,.F.);
#7419=CARTESIAN_POINT('',(6.2E0,1.4E0,0.E0));
#7420=DIRECTION('',(0.E0,1.E0,0.E0));
#7421=DIRECTION('',(-1.E0,0.E0,0.E0));
#7422=AXIS2_PLACEMENT_3D('',#7419,#7420,#7421);
#7423=PLANE('',#7422);
#7424=ORIENTED_EDGE('',*,*,#7020,.T.);
#7425=ORIENTED_EDGE('',*,*,#5940,.F.);
#7427=ORIENTED_EDGE('',*,*,#7426,.F.);
#7429=ORIENTED_EDGE('',*,*,#7428,.F.);
#7430=EDGE_LOOP('',(#7424,#7425,#7427,#7429));
#7431=FACE_OUTER_BOUND('',#7430,.F.);
#7433=CARTESIAN_POINT('',(-5.425E0,2.4E0,-4.2E0));
#7434=DIRECTION('',(1.E0,0.E0,0.E0));
#7435=DIRECTION('',(0.E0,0.E0,-1.E0));
#7436=AXIS2_PLACEMENT_3D('',#7433,#7434,#7435);
#7437=PLANE('',#7436);
#7438=ORIENTED_EDGE('',*,*,#7411,.T.);
#7439=ORIENTED_EDGE('',*,*,#7275,.F.);
#7440=ORIENTED_EDGE('',*,*,#5758,.F.);
#7442=ORIENTED_EDGE('',*,*,#7441,.T.);
#7443=EDGE_LOOP('',(#7438,#7439,#7440,#7442));
#7444=FACE_OUTER_BOUND('',#7443,.F.);
#7446=CARTESIAN_POINT('',(-5.525E0,2.4E0,-4.2E0));
#7447=DIRECTION('',(0.E0,0.E0,1.E0));
#7448=DIRECTION('',(1.E0,0.E0,0.E0));
#7449=AXIS2_PLACEMENT_3D('',#7446,#7447,#7448);
#7450=PLANE('',#7449);
#7451=ORIENTED_EDGE('',*,*,#7413,.T.);
#7452=ORIENTED_EDGE('',*,*,#7441,.F.);
#7454=ORIENTED_EDGE('',*,*,#7453,.F.);
#7455=ORIENTED_EDGE('',*,*,#6612,.T.);
#7456=ORIENTED_EDGE('',*,*,#5807,.F.);
#7457=EDGE_LOOP('',(#7451,#7452,#7454,#7455,#7456));
#7458=FACE_OUTER_BOUND('',#7457,.F.);
#7460=CARTESIAN_POINT('',(-5.475E0,2.25E0,-4.025E0));
#7461=DIRECTION('',(-9.486832980505E-1,3.162277660168E-1,0.E0));
#7462=DIRECTION('',(-3.162277660168E-1,-9.486832980505E-1,0.E0));
#7463=AXIS2_PLACEMENT_3D('',#7460,#7461,#7462);
#7464=PLANE('',#7463);
#7465=ORIENTED_EDGE('',*,*,#6614,.F.);
#7466=ORIENTED_EDGE('',*,*,#7453,.T.);
#7467=ORIENTED_EDGE('',*,*,#5756,.T.);
#7468=ORIENTED_EDGE('',*,*,#6871,.F.);
#7469=EDGE_LOOP('',(#7465,#7466,#7467,#7468));
#7470=FACE_OUTER_BOUND('',#7469,.F.);
#7472=CARTESIAN_POINT('',(5.425E0,2.4E0,-4.2E0));
#7473=DIRECTION('',(0.E0,0.E0,1.E0));
#7474=DIRECTION('',(1.E0,0.E0,0.E0));
#7475=AXIS2_PLACEMENT_3D('',#7472,#7473,#7474);
#7476=PLANE('',#7475);
#7477=ORIENTED_EDGE('',*,*,#7426,.T.);
#7478=ORIENTED_EDGE('',*,*,#5945,.T.);
#7479=ORIENTED_EDGE('',*,*,#6039,.F.);
#7481=ORIENTED_EDGE('',*,*,#7480,.T.);
#7483=ORIENTED_EDGE('',*,*,#7482,.T.);
#7484=EDGE_LOOP('',(#7477,#7478,#7479,#7481,#7483));
#7485=FACE_OUTER_BOUND('',#7484,.F.);
#7487=CARTESIAN_POINT('',(5.475E0,2.25E0,-4.025E0));
#7488=DIRECTION('',(9.486832980505E-1,3.162277660168E-1,0.E0));
#7489=DIRECTION('',(3.162277660168E-1,-9.486832980505E-1,0.E0));
#7490=AXIS2_PLACEMENT_3D('',#7487,#7488,#7489);
#7491=PLANE('',#7490);
#7492=ORIENTED_EDGE('',*,*,#6037,.F.);
#7493=ORIENTED_EDGE('',*,*,#5726,.T.);
#7494=ORIENTED_EDGE('',*,*,#5747,.T.);
#7495=ORIENTED_EDGE('',*,*,#7480,.F.);
#7496=EDGE_LOOP('',(#7492,#7493,#7494,#7495));
#7497=FACE_OUTER_BOUND('',#7496,.F.);
#7499=CARTESIAN_POINT('',(5.425E0,2.4E0,-4.4E0));
#7500=DIRECTION('',(-1.E0,0.E0,0.E0));
#7501=DIRECTION('',(0.E0,0.E0,1.E0));
#7502=AXIS2_PLACEMENT_3D('',#7499,#7500,#7501);
#7503=PLANE('',#7502);
#7504=ORIENTED_EDGE('',*,*,#7428,.T.);
#7505=ORIENTED_EDGE('',*,*,#7482,.F.);
#7506=ORIENTED_EDGE('',*,*,#5745,.F.);
#7507=ORIENTED_EDGE('',*,*,#7022,.T.);
#7508=EDGE_LOOP('',(#7504,#7505,#7506,#7507));
#7509=FACE_OUTER_BOUND('',#7508,.F.);
#7511=CARTESIAN_POINT('',(-5.475E0,2.25E0,-5.1E0));
#7512=DIRECTION('',(-9.486832980505E-1,3.162277660168E-1,0.E0));
#7513=DIRECTION('',(-3.162277660168E-1,-9.486832980505E-1,0.E0));
#7514=AXIS2_PLACEMENT_3D('',#7511,#7512,#7513);
#7515=PLANE('',#7514);
#7516=ORIENTED_EDGE('',*,*,#5778,.F.);
#7517=ORIENTED_EDGE('',*,*,#5760,.T.);
#7518=ORIENTED_EDGE('',*,*,#7273,.T.);
#7519=ORIENTED_EDGE('',*,*,#6599,.F.);
#7520=EDGE_LOOP('',(#7516,#7517,#7518,#7519));
#7521=FACE_OUTER_BOUND('',#7520,.F.);
#7523=CARTESIAN_POINT('',(-5.875E0,1.55E0,-5.55E0));
#7524=DIRECTION('',(0.E0,1.E0,0.E0));
#7525=DIRECTION('',(-1.E0,0.E0,0.E0));
#7526=AXIS2_PLACEMENT_3D('',#7523,#7524,#7525);
#7527=CYLINDRICAL_SURFACE('',#7526,1.E-1);
#7528=ORIENTED_EDGE('',*,*,#5867,.T.);
#7529=ORIENTED_EDGE('',*,*,#7243,.T.);
#7530=ORIENTED_EDGE('',*,*,#7139,.F.);
#7532=ORIENTED_EDGE('',*,*,#7531,.F.);
#7533=EDGE_LOOP('',(#7528,#7529,#7530,#7532));
#7534=FACE_OUTER_BOUND('',#7533,.F.);
#7536=CARTESIAN_POINT('',(-6.375E0,1.55E0,-5.65E0));
#7537=DIRECTION('',(0.E0,0.E0,1.E0));
#7538=DIRECTION('',(1.E0,0.E0,0.E0));
#7539=AXIS2_PLACEMENT_3D('',#7536,#7537,#7538);
#7540=PLANE('',#7539);
#7542=ORIENTED_EDGE('',*,*,#7541,.F.);
#7543=ORIENTED_EDGE('',*,*,#5869,.T.);
#7544=ORIENTED_EDGE('',*,*,#7531,.T.);
#7545=ORIENTED_EDGE('',*,*,#7137,.F.);
#7547=ORIENTED_EDGE('',*,*,#7546,.F.);
#7549=ORIENTED_EDGE('',*,*,#7548,.F.);
#7550=EDGE_LOOP('',(#7542,#7543,#7544,#7545,#7547,#7549));
#7551=FACE_OUTER_BOUND('',#7550,.F.);
#7553=CARTESIAN_POINT('',(-6.075E0,1.25E0,-1.359124E1));
#7554=DIRECTION('',(0.E0,0.E0,1.E0));
#7555=DIRECTION('',(0.E0,1.E0,0.E0));
#7556=AXIS2_PLACEMENT_3D('',#7553,#7554,#7555);
#7557=CYLINDRICAL_SURFACE('',#7556,3.E-1);
#7558=ORIENTED_EDGE('',*,*,#7541,.T.);
#7560=ORIENTED_EDGE('',*,*,#7559,.F.);
#7562=ORIENTED_EDGE('',*,*,#7561,.T.);
#7563=ORIENTED_EDGE('',*,*,#5851,.T.);
#7564=EDGE_LOOP('',(#7558,#7560,#7562,#7563));
#7565=FACE_OUTER_BOUND('',#7564,.F.);
#7567=CARTESIAN_POINT('',(-6.375E0,1.55E0,-5.9E0));
#7568=DIRECTION('',(-1.E0,0.E0,0.E0));
#7569=DIRECTION('',(0.E0,0.E0,1.E0));
#7570=AXIS2_PLACEMENT_3D('',#7567,#7568,#7569);
#7571=PLANE('',#7570);
#7572=ORIENTED_EDGE('',*,*,#7559,.T.);
#7573=ORIENTED_EDGE('',*,*,#7548,.T.);
#7575=ORIENTED_EDGE('',*,*,#7574,.T.);
#7577=ORIENTED_EDGE('',*,*,#7576,.F.);
#7578=EDGE_LOOP('',(#7572,#7573,#7575,#7577));
#7579=FACE_OUTER_BOUND('',#7578,.F.);
#7581=CARTESIAN_POINT('',(-6.075E0,-1.5E-1,7.69124E0));
#7582=DIRECTION('',(0.E0,0.E0,-1.E0));
#7583=DIRECTION('',(0.E0,-1.E0,0.E0));
#7584=AXIS2_PLACEMENT_3D('',#7581,#7582,#7583);
#7585=CYLINDRICAL_SURFACE('',#7584,3.E-1);
#7587=ORIENTED_EDGE('',*,*,#7586,.T.);
#7588=ORIENTED_EDGE('',*,*,#7574,.F.);
#7589=ORIENTED_EDGE('',*,*,#7546,.T.);
#7590=ORIENTED_EDGE('',*,*,#7135,.T.);
#7591=EDGE_LOOP('',(#7587,#7588,#7589,#7590));
#7592=FACE_OUTER_BOUND('',#7591,.F.);
#7594=CARTESIAN_POINT('',(-5.875E0,1.55E0,-5.9E0));
#7595=DIRECTION('',(0.E0,0.E0,-1.E0));
#7596=DIRECTION('',(-1.E0,0.E0,0.E0));
#7597=AXIS2_PLACEMENT_3D('',#7594,#7595,#7596);
#7598=PLANE('',#7597);
#7599=ORIENTED_EDGE('',*,*,#7561,.F.);
#7600=ORIENTED_EDGE('',*,*,#7576,.T.);
#7601=ORIENTED_EDGE('',*,*,#7586,.F.);
#7602=ORIENTED_EDGE('',*,*,#7149,.F.);
#7604=ORIENTED_EDGE('',*,*,#7603,.F.);
#7605=ORIENTED_EDGE('',*,*,#5853,.T.);
#7606=EDGE_LOOP('',(#7599,#7600,#7601,#7602,#7604,#7605));
#7607=FACE_OUTER_BOUND('',#7606,.F.);
#7609=CARTESIAN_POINT('',(-5.875E0,1.55E0,-5.55E0));
#7610=DIRECTION('',(0.E0,1.E0,0.E0));
#7611=DIRECTION('',(-1.E0,0.E0,0.E0));
#7612=AXIS2_PLACEMENT_3D('',#7609,#7610,#7611);
#7613=CYLINDRICAL_SURFACE('',#7612,3.5E-1);
#7614=ORIENTED_EDGE('',*,*,#5855,.T.);
#7615=ORIENTED_EDGE('',*,*,#7603,.T.);
#7616=ORIENTED_EDGE('',*,*,#7147,.F.);
#7617=ORIENTED_EDGE('',*,*,#5792,.F.);
#7618=EDGE_LOOP('',(#7614,#7615,#7616,#7617));
#7619=FACE_OUTER_BOUND('',#7618,.F.);
#7621=CARTESIAN_POINT('',(-6.2E0,-6.E-1,-5.8E0));
#7622=DIRECTION('',(0.E0,-1.E0,0.E0));
#7623=DIRECTION('',(0.E0,0.E0,1.E0));
#7624=AXIS2_PLACEMENT_3D('',#7621,#7622,#7623);
#7625=PLANE('',#7624);
#7626=ORIENTED_EDGE('',*,*,#4100,.T.);
#7627=ORIENTED_EDGE('',*,*,#5774,.F.);
#7629=ORIENTED_EDGE('',*,*,#7628,.F.);
#7631=ORIENTED_EDGE('',*,*,#7630,.F.);
#7632=ORIENTED_EDGE('',*,*,#7216,.F.);
#7633=ORIENTED_EDGE('',*,*,#6850,.F.);
#7634=EDGE_LOOP('',(#7626,#7627,#7629,#7631,#7632,#7633));
#7635=FACE_OUTER_BOUND('',#7634,.F.);
#7637=CARTESIAN_POINT('',(-5.6625E0,-6.5E-1,-5.37E0));
#7638=DIRECTION('',(0.E0,7.071067811865E-1,7.071067811865E-1));
#7639=DIRECTION('',(0.E0,-7.071067811865E-1,7.071067811865E-1));
#7640=AXIS2_PLACEMENT_3D('',#7637,#7638,#7639);
#7641=PLANE('',#7640);
#7642=ORIENTED_EDGE('',*,*,#7628,.T.);
#7643=ORIENTED_EDGE('',*,*,#6634,.T.);
#7645=ORIENTED_EDGE('',*,*,#7644,.F.);
#7647=ORIENTED_EDGE('',*,*,#7646,.T.);
#7648=EDGE_LOOP('',(#7642,#7643,#7645,#7647));
#7649=FACE_OUTER_BOUND('',#7648,.F.);
#7651=CARTESIAN_POINT('',(-5.8E0,-1.1E0,-5.32E0));
#7652=DIRECTION('',(0.E0,0.E0,-1.E0));
#7653=DIRECTION('',(1.E0,0.E0,0.E0));
#7654=AXIS2_PLACEMENT_3D('',#7651,#7652,#7653);
#7655=PLANE('',#7654);
#7656=ORIENTED_EDGE('',*,*,#7644,.T.);
#7657=ORIENTED_EDGE('',*,*,#6632,.F.);
#7658=ORIENTED_EDGE('',*,*,#7185,.F.);
#7660=ORIENTED_EDGE('',*,*,#7659,.T.);
#7661=EDGE_LOOP('',(#7656,#7657,#7658,#7660));
#7662=FACE_OUTER_BOUND('',#7661,.F.);
#7664=CARTESIAN_POINT('',(-5.8E0,-1.1E0,-4.9E0));
#7665=DIRECTION('',(-1.E0,0.E0,0.E0));
#7666=DIRECTION('',(0.E0,0.E0,-1.E0));
#7667=AXIS2_PLACEMENT_3D('',#7664,#7665,#7666);
#7668=PLANE('',#7667);
#7670=ORIENTED_EDGE('',*,*,#7669,.T.);
#7671=ORIENTED_EDGE('',*,*,#7659,.F.);
#7672=ORIENTED_EDGE('',*,*,#7183,.F.);
#7673=ORIENTED_EDGE('',*,*,#7220,.T.);
#7674=EDGE_LOOP('',(#7670,#7671,#7672,#7673));
#7675=FACE_OUTER_BOUND('',#7674,.F.);
#7677=CARTESIAN_POINT('',(-5.85E0,-6.5E-1,-5.11E0));
#7678=DIRECTION('',(7.071067811865E-1,7.071067811865E-1,0.E0));
#7679=DIRECTION('',(7.071067811865E-1,-7.071067811865E-1,0.E0));
#7680=AXIS2_PLACEMENT_3D('',#7677,#7678,#7679);
#7681=PLANE('',#7680);
#7682=ORIENTED_EDGE('',*,*,#7630,.T.);
#7683=ORIENTED_EDGE('',*,*,#7646,.F.);
#7684=ORIENTED_EDGE('',*,*,#7669,.F.);
#7685=ORIENTED_EDGE('',*,*,#7218,.T.);
#7686=EDGE_LOOP('',(#7682,#7683,#7684,#7685));
#7687=FACE_OUTER_BOUND('',#7686,.F.);
#7689=CARTESIAN_POINT('',(5.525E0,-1.1E0,-5.32E0));
#7690=DIRECTION('',(0.E0,0.E0,-1.E0));
#7691=DIRECTION('',(1.E0,0.E0,0.E0));
#7692=AXIS2_PLACEMENT_3D('',#7689,#7690,#7691);
#7693=PLANE('',#7692);
#7695=ORIENTED_EDGE('',*,*,#7694,.T.);
#7697=ORIENTED_EDGE('',*,*,#7696,.F.);
#7698=ORIENTED_EDGE('',*,*,#7197,.F.);
#7699=ORIENTED_EDGE('',*,*,#6054,.T.);
#7700=EDGE_LOOP('',(#7695,#7697,#7698,#7699));
#7701=FACE_OUTER_BOUND('',#7700,.F.);
#7703=CARTESIAN_POINT('',(5.6625E0,-6.5E-1,-5.37E0));
#7704=DIRECTION('',(0.E0,7.071067811865E-1,7.071067811865E-1));
#7705=DIRECTION('',(0.E0,-7.071067811865E-1,7.071067811865E-1));
#7706=AXIS2_PLACEMENT_3D('',#7703,#7704,#7705);
#7707=PLANE('',#7706);
#7709=ORIENTED_EDGE('',*,*,#7708,.T.);
#7711=ORIENTED_EDGE('',*,*,#7710,.F.);
#7712=ORIENTED_EDGE('',*,*,#7694,.F.);
#7713=ORIENTED_EDGE('',*,*,#6052,.T.);
#7714=EDGE_LOOP('',(#7709,#7711,#7712,#7713));
#7715=FACE_OUTER_BOUND('',#7714,.F.);
#7717=CARTESIAN_POINT('',(6.2E0,-6.E-1,-4.9E0));
#7718=DIRECTION('',(0.E0,-1.E0,0.E0));
#7719=DIRECTION('',(0.E0,0.E0,-1.E0));
#7720=AXIS2_PLACEMENT_3D('',#7717,#7718,#7719);
#7721=PLANE('',#7720);
#7722=ORIENTED_EDGE('',*,*,#7708,.F.);
#7723=ORIENTED_EDGE('',*,*,#5962,.F.);
#7724=ORIENTED_EDGE('',*,*,#4092,.T.);
#7725=ORIENTED_EDGE('',*,*,#5696,.T.);
#7726=ORIENTED_EDGE('',*,*,#7167,.T.);
#7728=ORIENTED_EDGE('',*,*,#7727,.F.);
#7729=EDGE_LOOP('',(#7722,#7723,#7724,#7725,#7726,#7728));
#7730=FACE_OUTER_BOUND('',#7729,.F.);
#7732=CARTESIAN_POINT('',(5.85E0,-6.5E-1,-5.11E0));
#7733=DIRECTION('',(-7.071067811865E-1,7.071067811865E-1,0.E0));
#7734=DIRECTION('',(-7.071067811865E-1,-7.071067811865E-1,0.E0));
#7735=AXIS2_PLACEMENT_3D('',#7732,#7733,#7734);
#7736=PLANE('',#7735);
#7738=ORIENTED_EDGE('',*,*,#7737,.F.);
#7739=ORIENTED_EDGE('',*,*,#7710,.T.);
#7740=ORIENTED_EDGE('',*,*,#7727,.T.);
#7741=ORIENTED_EDGE('',*,*,#7165,.T.);
#7742=EDGE_LOOP('',(#7738,#7739,#7740,#7741));
#7743=FACE_OUTER_BOUND('',#7742,.F.);
#7745=CARTESIAN_POINT('',(5.8E0,-1.1E0,-5.32E0));
#7746=DIRECTION('',(1.E0,0.E0,0.E0));
#7747=DIRECTION('',(0.E0,0.E0,1.E0));
#7748=AXIS2_PLACEMENT_3D('',#7745,#7746,#7747);
#7749=PLANE('',#7748);
#7750=ORIENTED_EDGE('',*,*,#7737,.T.);
#7751=ORIENTED_EDGE('',*,*,#7163,.F.);
#7752=ORIENTED_EDGE('',*,*,#7199,.F.);
#7753=ORIENTED_EDGE('',*,*,#7696,.T.);
#7754=EDGE_LOOP('',(#7750,#7751,#7752,#7753));
#7755=FACE_OUTER_BOUND('',#7754,.F.);
#7757=CARTESIAN_POINT('',(5.8625E0,7.E-1,-4.85E0));
#7758=DIRECTION('',(0.E0,7.071067811865E-1,-7.071067811865E-1));
#7759=DIRECTION('',(0.E0,7.071067811865E-1,7.071067811865E-1));
#7760=AXIS2_PLACEMENT_3D('',#7757,#7758,#7759);
#7761=PLANE('',#7760);
#7762=ORIENTED_EDGE('',*,*,#7045,.F.);
#7763=ORIENTED_EDGE('',*,*,#7170,.T.);
#7764=ORIENTED_EDGE('',*,*,#5692,.T.);
#7766=ORIENTED_EDGE('',*,*,#7765,.F.);
#7767=EDGE_LOOP('',(#7762,#7763,#7764,#7766));
#7768=FACE_OUTER_BOUND('',#7767,.F.);
#7770=CARTESIAN_POINT('',(6.2E0,7.5E-1,-3.85E0));
#7771=DIRECTION('',(0.E0,-1.E0,0.E0));
#7772=DIRECTION('',(0.E0,0.E0,-1.E0));
#7773=AXIS2_PLACEMENT_3D('',#7770,#7771,#7772);
#7774=PLANE('',#7773);
#7775=ORIENTED_EDGE('',*,*,#7047,.T.);
#7776=ORIENTED_EDGE('',*,*,#7765,.T.);
#7777=ORIENTED_EDGE('',*,*,#5690,.F.);
#7778=ORIENTED_EDGE('',*,*,#6948,.T.);
#7780=ORIENTED_EDGE('',*,*,#7779,.F.);
#7782=ORIENTED_EDGE('',*,*,#7781,.F.);
#7784=ORIENTED_EDGE('',*,*,#7783,.F.);
#7786=ORIENTED_EDGE('',*,*,#7785,.T.);
#7787=EDGE_LOOP('',(#7775,#7776,#7777,#7778,#7780,#7782,#7784,#7786));
#7788=FACE_OUTER_BOUND('',#7787,.F.);
#7790=CARTESIAN_POINT('',(5.85E0,7.E-1,-4.025E0));
#7791=DIRECTION('',(-7.071067811865E-1,7.071067811865E-1,0.E0));
#7792=DIRECTION('',(-7.071067811865E-1,-7.071067811865E-1,0.E0));
#7793=AXIS2_PLACEMENT_3D('',#7790,#7791,#7792);
#7794=PLANE('',#7793);
#7795=ORIENTED_EDGE('',*,*,#6967,.F.);
#7797=ORIENTED_EDGE('',*,*,#7796,.T.);
#7798=ORIENTED_EDGE('',*,*,#7779,.T.);
#7799=ORIENTED_EDGE('',*,*,#6946,.T.);
#7800=EDGE_LOOP('',(#7795,#7797,#7798,#7799));
#7801=FACE_OUTER_BOUND('',#7800,.F.);
#7803=CARTESIAN_POINT('',(5.85E0,7.E-1,-4.15E0));
#7804=DIRECTION('',(0.E0,7.071067811865E-1,-7.071067811865E-1));
#7805=DIRECTION('',(0.E0,-7.071067811865E-1,-7.071067811865E-1));
#7806=AXIS2_PLACEMENT_3D('',#7803,#7804,#7805);
#7807=PLANE('',#7806);
#7808=ORIENTED_EDGE('',*,*,#7781,.T.);
#7809=ORIENTED_EDGE('',*,*,#7796,.F.);
#7810=ORIENTED_EDGE('',*,*,#6981,.F.);
#7812=ORIENTED_EDGE('',*,*,#7811,.T.);
#7813=EDGE_LOOP('',(#7808,#7809,#7810,#7812));
#7814=FACE_OUTER_BOUND('',#7813,.F.);
#7816=CARTESIAN_POINT('',(5.95E0,7.E-1,-4.3E0));
#7817=DIRECTION('',(-7.071067811865E-1,7.071067811865E-1,0.E0));
#7818=DIRECTION('',(-7.071067811865E-1,-7.071067811865E-1,0.E0));
#7819=AXIS2_PLACEMENT_3D('',#7816,#7817,#7818);
#7820=PLANE('',#7819);
#7821=ORIENTED_EDGE('',*,*,#6995,.F.);
#7823=ORIENTED_EDGE('',*,*,#7822,.T.);
#7824=ORIENTED_EDGE('',*,*,#7783,.T.);
#7825=ORIENTED_EDGE('',*,*,#7811,.F.);
#7826=EDGE_LOOP('',(#7821,#7823,#7824,#7825));
#7827=FACE_OUTER_BOUND('',#7826,.F.);
#7829=CARTESIAN_POINT('',(5.7125E0,7.E-1,-4.45E0));
#7830=DIRECTION('',(0.E0,7.071067811865E-1,7.071067811865E-1));
#7831=DIRECTION('',(0.E0,7.071067811865E-1,-7.071067811865E-1));
#7832=AXIS2_PLACEMENT_3D('',#7829,#7830,#7831);
#7833=PLANE('',#7832);
#7834=ORIENTED_EDGE('',*,*,#7049,.T.);
#7835=ORIENTED_EDGE('',*,*,#7785,.F.);
#7836=ORIENTED_EDGE('',*,*,#7822,.F.);
#7837=ORIENTED_EDGE('',*,*,#7010,.T.);
#7838=EDGE_LOOP('',(#7834,#7835,#7836,#7837));
#7839=FACE_OUTER_BOUND('',#7838,.F.);
#7841=CARTESIAN_POINT('',(5.475E0,2.25E0,-5.1E0));
#7842=DIRECTION('',(9.486832980505E-1,3.162277660168E-1,0.E0));
#7843=DIRECTION('',(3.162277660168E-1,-9.486832980505E-1,0.E0));
#7844=AXIS2_PLACEMENT_3D('',#7841,#7842,#7843);
#7845=PLANE('',#7844);
#7846=ORIENTED_EDGE('',*,*,#5958,.F.);
#7847=ORIENTED_EDGE('',*,*,#6023,.F.);
#7848=ORIENTED_EDGE('',*,*,#7024,.F.);
#7849=ORIENTED_EDGE('',*,*,#5743,.T.);
#7850=EDGE_LOOP('',(#7846,#7847,#7848,#7849));
#7851=FACE_OUTER_BOUND('',#7850,.F.);
#7853=CARTESIAN_POINT('',(-5.8625E0,-1.45E0,-8.5E-1));
#7854=DIRECTION('',(0.E0,-7.071067811865E-1,7.071067811865E-1));
#7855=DIRECTION('',(0.E0,7.071067811865E-1,7.071067811865E-1));
#7856=AXIS2_PLACEMENT_3D('',#7853,#7854,#7855);
#7857=PLANE('',#7856);
#7858=ORIENTED_EDGE('',*,*,#6844,.T.);
#7859=ORIENTED_EDGE('',*,*,#6707,.F.);
#7860=ORIENTED_EDGE('',*,*,#6566,.T.);
#7861=ORIENTED_EDGE('',*,*,#6482,.T.);
#7862=EDGE_LOOP('',(#7858,#7859,#7860,#7861));
#7863=FACE_OUTER_BOUND('',#7862,.F.);
#7865=CARTESIAN_POINT('',(-5.475E0,-6.25E-1,-1.5E-1));
#7866=DIRECTION('',(-9.486832980505E-1,0.E0,3.162277660168E-1));
#7867=DIRECTION('',(-3.162277660168E-1,0.E0,-9.486832980505E-1));
#7868=AXIS2_PLACEMENT_3D('',#7865,#7866,#7867);
#7869=PLANE('',#7868);
#7870=ORIENTED_EDGE('',*,*,#6582,.F.);
#7871=ORIENTED_EDGE('',*,*,#6826,.T.);
#7872=ORIENTED_EDGE('',*,*,#3881,.T.);
#7874=ORIENTED_EDGE('',*,*,#7873,.T.);
#7875=EDGE_LOOP('',(#7870,#7871,#7872,#7874));
#7876=FACE_OUTER_BOUND('',#7875,.F.);
#7878=CARTESIAN_POINT('',(-5.425E0,-8.E-1,0.E0));
#7879=DIRECTION('',(0.E0,1.E0,0.E0));
#7880=DIRECTION('',(-1.E0,0.E0,0.E0));
#7881=AXIS2_PLACEMENT_3D('',#7878,#7879,#7880);
#7882=PLANE('',#7881);
#7883=ORIENTED_EDGE('',*,*,#7873,.F.);
#7885=ORIENTED_EDGE('',*,*,#7884,.T.);
#7886=ORIENTED_EDGE('',*,*,#6139,.T.);
#7887=ORIENTED_EDGE('',*,*,#6584,.F.);
#7888=EDGE_LOOP('',(#7883,#7885,#7886,#7887));
#7889=FACE_OUTER_BOUND('',#7888,.F.);
#7891=CARTESIAN_POINT('',(-5.425E0,-1.E0,0.E0));
#7892=DIRECTION('',(1.E0,0.E0,0.E0));
#7893=DIRECTION('',(0.E0,1.E0,0.E0));
#7894=AXIS2_PLACEMENT_3D('',#7891,#7892,#7893);
#7895=PLANE('',#7894);
#7896=ORIENTED_EDGE('',*,*,#3879,.F.);
#7897=ORIENTED_EDGE('',*,*,#6679,.T.);
#7898=ORIENTED_EDGE('',*,*,#6141,.T.);
#7899=ORIENTED_EDGE('',*,*,#7884,.F.);
#7900=EDGE_LOOP('',(#7896,#7897,#7898,#7899));
#7901=FACE_OUTER_BOUND('',#7900,.F.);
#7903=CARTESIAN_POINT('',(-5.8E0,-1.92E0,0.E0));
#7904=DIRECTION('',(0.E0,-1.E0,0.E0));
#7905=DIRECTION('',(1.E0,0.E0,0.E0));
#7906=AXIS2_PLACEMENT_3D('',#7903,#7904,#7905);
#7907=PLANE('',#7906);
#7908=ORIENTED_EDGE('',*,*,#6526,.T.);
#7909=ORIENTED_EDGE('',*,*,#6499,.T.);
#7910=ORIENTED_EDGE('',*,*,#6115,.T.);
#7911=ORIENTED_EDGE('',*,*,#6562,.F.);
#7912=EDGE_LOOP('',(#7908,#7909,#7910,#7911));
#7913=FACE_OUTER_BOUND('',#7912,.F.);
#7915=CARTESIAN_POINT('',(-4.96E0,-2.4E0,0.E0));
#7916=DIRECTION('',(-1.E0,0.E0,0.E0));
#7917=DIRECTION('',(0.E0,0.E0,-1.E0));
#7918=AXIS2_PLACEMENT_3D('',#7915,#7916,#7917);
#7919=PLANE('',#7918);
#7920=ORIENTED_EDGE('',*,*,#4002,.F.);
#7921=ORIENTED_EDGE('',*,*,#3871,.T.);
#7923=ORIENTED_EDGE('',*,*,#7922,.T.);
#7925=ORIENTED_EDGE('',*,*,#7924,.F.);
#7926=EDGE_LOOP('',(#7920,#7921,#7923,#7925));
#7927=FACE_OUTER_BOUND('',#7926,.F.);
#7929=CARTESIAN_POINT('',(0.E0,-2.5E0,0.E0));
#7930=DIRECTION('',(0.E0,-1.E0,0.E0));
#7931=DIRECTION('',(1.E0,0.E0,0.E0));
#7932=AXIS2_PLACEMENT_3D('',#7929,#7930,#7931);
#7933=PLANE('',#7932);
#7934=ORIENTED_EDGE('',*,*,#7922,.F.);
#7935=ORIENTED_EDGE('',*,*,#3869,.F.);
#7937=ORIENTED_EDGE('',*,*,#7936,.F.);
#7939=ORIENTED_EDGE('',*,*,#7938,.F.);
#7940=EDGE_LOOP('',(#7934,#7935,#7937,#7939));
#7941=FACE_OUTER_BOUND('',#7940,.F.);
#7943=CARTESIAN_POINT('',(0.E0,-2.5E0,0.E0));
#7944=DIRECTION('',(0.E0,-1.E0,0.E0));
#7945=DIRECTION('',(1.E0,0.E0,0.E0));
#7946=AXIS2_PLACEMENT_3D('',#7943,#7944,#7945);
#7947=PLANE('',#7946);
#7948=ORIENTED_EDGE('',*,*,#3861,.F.);
#7950=ORIENTED_EDGE('',*,*,#7949,.F.);
#7952=ORIENTED_EDGE('',*,*,#7951,.F.);
#7954=ORIENTED_EDGE('',*,*,#7953,.F.);
#7955=EDGE_LOOP('',(#7948,#7950,#7952,#7954));
#7956=FACE_OUTER_BOUND('',#7955,.F.);
#7958=CARTESIAN_POINT('',(-4.16E0,-2.4E0,-1.5E0));
#7959=DIRECTION('',(1.E0,0.E0,0.E0));
#7960=DIRECTION('',(0.E0,0.E0,1.E0));
#7961=AXIS2_PLACEMENT_3D('',#7958,#7959,#7960);
#7962=PLANE('',#7961);
#7963=ORIENTED_EDGE('',*,*,#4006,.T.);
#7965=ORIENTED_EDGE('',*,*,#7964,.T.);
#7966=ORIENTED_EDGE('',*,*,#7936,.T.);
#7967=ORIENTED_EDGE('',*,*,#3867,.F.);
#7968=EDGE_LOOP('',(#7963,#7965,#7966,#7967));
#7969=FACE_OUTER_BOUND('',#7968,.F.);
#7971=CARTESIAN_POINT('',(-4.96E0,-2.4E0,-1.5E0));
#7972=DIRECTION('',(0.E0,0.E0,-1.E0));
#7973=DIRECTION('',(1.E0,0.E0,0.E0));
#7974=AXIS2_PLACEMENT_3D('',#7971,#7972,#7973);
#7975=PLANE('',#7974);
#7976=ORIENTED_EDGE('',*,*,#4004,.F.);
#7977=ORIENTED_EDGE('',*,*,#7924,.T.);
#7978=ORIENTED_EDGE('',*,*,#7938,.T.);
#7979=ORIENTED_EDGE('',*,*,#7964,.F.);
#7980=EDGE_LOOP('',(#7976,#7977,#7978,#7979));
#7981=FACE_OUTER_BOUND('',#7980,.F.);
#7983=CARTESIAN_POINT('',(4.96E0,-2.4E0,-1.5E0));
#7984=DIRECTION('',(1.E0,0.E0,0.E0));
#7985=DIRECTION('',(0.E0,0.E0,1.E0));
#7986=AXIS2_PLACEMENT_3D('',#7983,#7984,#7985);
#7987=PLANE('',#7986);
#7988=ORIENTED_EDGE('',*,*,#4013,.T.);
#7990=ORIENTED_EDGE('',*,*,#7989,.T.);
#7991=ORIENTED_EDGE('',*,*,#7949,.T.);
#7992=ORIENTED_EDGE('',*,*,#3859,.F.);
#7993=EDGE_LOOP('',(#7988,#7990,#7991,#7992));
#7994=FACE_OUTER_BOUND('',#7993,.F.);
#7996=CARTESIAN_POINT('',(4.16E0,-2.4E0,-1.5E0));
#7997=DIRECTION('',(0.E0,0.E0,-1.E0));
#7998=DIRECTION('',(1.E0,0.E0,0.E0));
#7999=AXIS2_PLACEMENT_3D('',#7996,#7997,#7998);
#8000=PLANE('',#7999);
#8001=ORIENTED_EDGE('',*,*,#4011,.F.);
#8003=ORIENTED_EDGE('',*,*,#8002,.T.);
#8004=ORIENTED_EDGE('',*,*,#7951,.T.);
#8005=ORIENTED_EDGE('',*,*,#7989,.F.);
#8006=EDGE_LOOP('',(#8001,#8003,#8004,#8005));
#8007=FACE_OUTER_BOUND('',#8006,.F.);
#8009=CARTESIAN_POINT('',(4.16E0,-2.4E0,0.E0));
#8010=DIRECTION('',(-1.E0,0.E0,0.E0));
#8011=DIRECTION('',(0.E0,0.E0,-1.E0));
#8012=AXIS2_PLACEMENT_3D('',#8009,#8010,#8011);
#8013=PLANE('',#8012);
#8014=ORIENTED_EDGE('',*,*,#4009,.F.);
#8015=ORIENTED_EDGE('',*,*,#3863,.T.);
#8016=ORIENTED_EDGE('',*,*,#7953,.T.);
#8017=ORIENTED_EDGE('',*,*,#8002,.F.);
#8018=EDGE_LOOP('',(#8014,#8015,#8016,#8017));
#8019=FACE_OUTER_BOUND('',#8018,.F.);
#8025=PLANE_ANGLE_MEASURE_WITH_UNIT(PLANE_ANGLE_MEASURE(1.745329251994E-2),
#8024);
#8026=(CONVERSION_BASED_UNIT('DEGREE',#8025)NAMED_UNIT(*)PLANE_ANGLE_UNIT());
#8028=UNCERTAINTY_MEASURE_WITH_UNIT(LENGTH_MEASURE(1.E-3),#8023,
'distance_accuracy_value',
'Maximum model space distance between geometric entities at asserted connectivities');
#8031=APPLICATION_CONTEXT('automotive_design');
#8032=APPLICATION_PROTOCOL_DEFINITION('international standard',
'automotive_design',2001,#8031);
#8033=PRODUCT_DEFINITION_CONTEXT('part definition',#8031,'design');
#8034=PRODUCT_CONTEXT('',#8031,'mechanical');
#8035=PRODUCT('C-2360547-6','C-2360547-6','NOT SPECIFIED',(#8034));
#8036=PRODUCT_DEFINITION_FORMATION('1','LAST_VERSION',#8035);
#8044=DERIVED_UNIT_ELEMENT(#8043,2.E0);
#8045=DERIVED_UNIT((#8044));
#8046=MEASURE_REPRESENTATION_ITEM('surface area measure',AREA_MEASURE(
5.062189669299E2),#8045);
#8051=DERIVED_UNIT_ELEMENT(#8050,3.E0);
#8052=DERIVED_UNIT((#8051));
#8053=MEASURE_REPRESENTATION_ITEM('volume measure',VOLUME_MEASURE(
1.787064898182E2),#8052);
#8057=CARTESIAN_POINT('centre point',(-8.002198198293E-2,9.282936355686E-2,
-3.525405899101E0));
#8062=DERIVED_UNIT_ELEMENT(#8061,2.E0);
#8063=DERIVED_UNIT((#8062));
#8064=MEASURE_REPRESENTATION_ITEM('surface area measure',AREA_MEASURE(
5.062189669299E2),#8063);
#8069=DERIVED_UNIT_ELEMENT(#8068,3.E0);
#8070=DERIVED_UNIT((#8069));
#8071=MEASURE_REPRESENTATION_ITEM('volume measure',VOLUME_MEASURE(
1.787064898182E2),#8070);
#8075=CARTESIAN_POINT('centre point',(-8.002198198293E-2,9.282936355686E-2,
-3.525405899101E0));
#8080=PRODUCT_RELATED_PRODUCT_CATEGORY('part','',(#8035));
#1=DRAUGHTING_PRE_DEFINED_COLOUR('black');
#2=COLOUR_RGB('',0.E0,0.E0,3.6E-1);
#3=COLOUR_RGB('',0.E0,0.E0,4.8E-1);
#4=DRAUGHTING_PRE_DEFINED_COLOUR('blue');
#5=COLOUR_RGB('',0.E0,5.8824E-2,4.58824E-1);
#6=COLOUR_RGB('',0.E0,1.80392E-1,4.78431E-1);
#7=COLOUR_RGB('',0.E0,3.6E-1,9.E-2);
#8=COLOUR_RGB('',0.E0,3.6E-1,2.7E-1);
#9=COLOUR_RGB('',0.E0,5.6E-1,6.4E-1);
#10=COLOUR_RGB('',0.E0,5.8E-1,8.E-1);
#11=COLOUR_RGB('',0.E0,7.1E-1,6.6E-1);
#12=COLOUR_RGB('',0.E0,7.13E-1,0.E0);
#13=COLOUR_RGB('',0.E0,9.5E-1,8.4E-1);
#14=DRAUGHTING_PRE_DEFINED_COLOUR('green');
#15=DRAUGHTING_PRE_DEFINED_COLOUR('cyan');
#16=COLOUR_RGB('',1.1765E-2,1.9608E-2,3.9216E-2);
#17=COLOUR_RGB('',4.E-2,0.E0,1.6E-1);
#18=COLOUR_RGB('',3.9216E-2,2.19608E-1,1.21569E-1);
#19=COLOUR_RGB('',3.9216E-2,3.60784E-1,2.E-1);
#20=COLOUR_RGB('',5.098E-2,7.0588E-2,1.01961E-1);
#21=COLOUR_RGB('',9.E-2,0.E0,1.2E-1);
#22=COLOUR_RGB('',9.0196E-2,1.60784E-1,1.09804E-1);
#23=COLOUR_RGB('',9.0196E-2,3.80392E-1,6.70588E-1);
#24=COLOUR_RGB('',1.E-1,0.E0,2.5E-1);
#25=COLOUR_RGB('',1.01961E-1,4.78431E-1,3.88235E-1);
#26=COLOUR_RGB('',1.09804E-1,1.4902E-1,9.0196E-2);
#27=COLOUR_RGB('',1.4902E-1,3.09804E-1,5.29412E-1);
#28=COLOUR_RGB('',1.4902E-1,4.E-1,1.60784E-1);
#29=COLOUR_RGB('',1.6E-1,3.2E-2,0.E0);
#30=COLOUR_RGB('',1.60784E-1,4.5098E-1,7.21569E-1);
#31=COLOUR_RGB('',1.6E-1,4.6E-1,6.5E-1);
#32=COLOUR_RGB('',1.6E-1,1.E0,1.6E-1);
#33=COLOUR_RGB('',2.E-1,3.2E-2,0.E0);
#34=COLOUR_RGB('',2.11765E-1,4.11765E-1,1.4902E-1);
#35=COLOUR_RGB('',2.39216E-1,2.39216E-1,2.31373E-1);
#36=COLOUR_RGB('',2.39216E-1,2.70588E-1,1.80392E-1);
#37=COLOUR_RGB('',2.5098E-1,2.90196E-1,3.29412E-1);
#38=COLOUR_RGB('',2.90196E-1,4.31373E-1,2.E-1);
#39=COLOUR_RGB('',3.1E-1,3.1E-1,5.6E-1);
#40=COLOUR_RGB('',3.09804E-1,6.58824E-1,2.E-1);
#41=COLOUR_RGB('',3.2E-1,1.5E-1,0.E0);
#42=COLOUR_RGB('',3.60784E-1,3.1373E-2,1.68627E-1);
#43=COLOUR_RGB('',3.68627E-1,2.E-1,1.21569E-1);
#44=COLOUR_RGB('',3.88235E-1,2.39216E-1,6.11765E-1);
#45=COLOUR_RGB('',4.E-1,4.E-1,4.E-1);
#46=COLOUR_RGB('',4.11765E-1,5.8824E-2,7.8431E-2);
#47=COLOUR_RGB('',4.11765E-1,3.29412E-1,2.19608E-1);
#48=COLOUR_RGB('',4.2E-1,4.2E-1,1.E0);
#49=COLOUR_RGB('',4.4E-1,8.5E-1,1.E0);
#50=COLOUR_RGB('',4.58824E-1,4.5098E-1,3.09804E-1);
#51=COLOUR_RGB('',4.70588E-1,5.09804E-1,5.4902E-1);
#52=COLOUR_RGB('',4.78431E-1,4.90196E-1,4.58824E-1);
#53=COLOUR_RGB('',4.90196E-1,3.60784E-1,2.19608E-1);
#54=COLOUR_RGB('',4.9E-1,4.9E-1,0.E0);
#55=COLOUR_RGB('',4.9E-1,1.E0,0.E0);
#56=COLOUR_RGB('',5.E-1,0.E0,0.E0);
#57=COLOUR_RGB('',5.E-1,0.E0,2.3E-1);
#58=COLOUR_RGB('',5.E-1,5.E-1,5.E-1);
#59=COLOUR_RGB('',5.21569E-1,2.19608E-1,1.68627E-1);
#60=COLOUR_RGB('',5.3E-1,0.E0,0.E0);
#61=COLOUR_RGB('',5.29412E-1,5.80392E-1,6.5098E-1);
#62=COLOUR_RGB('',5.4E-1,0.E0,4.4E-1);
#63=COLOUR_RGB('',5.5E-1,3.E-1,0.E0);
#64=COLOUR_RGB('',5.6E-1,1.E-1,5.E-2);
#65=COLOUR_RGB('',5.60784E-1,5.80392E-1,6.19608E-1);
#66=COLOUR_RGB('',5.68627E-1,5.8824E-2,4.E-1);
#67=COLOUR_RGB('',5.8E-1,2.2E-1,1.E-2);
#68=COLOUR_RGB('',5.88235E-1,1.21569E-1,1.09804E-1);
#69=COLOUR_RGB('',6.E-1,6.E-1,6.E-1);
#70=COLOUR_RGB('',6.11765E-1,5.60784E-1,3.80392E-1);
#71=COLOUR_RGB('',6.11765E-1,6.11765E-1,6.5098E-1);
#72=COLOUR_RGB('',6.2E-1,0.E0,5.5E-1);
#73=COLOUR_RGB('',6.19608E-1,6.39216E-1,6.90196E-1);
#74=COLOUR_RGB('',6.35294E-1,6.86275E-1,7.4902E-1);
#75=COLOUR_RGB('',6.4E-1,0.E0,2.5E-1);
#76=COLOUR_RGB('',6.4E-1,1.E-2,0.E0);
#77=COLOUR_RGB('',6.39216E-1,5.4902E-1,4.78431E-1);
#78=COLOUR_RGB('',6.5098E-1,6.70588E-1,7.09804E-1);
#79=COLOUR_RGB('',6.70588E-1,1.21569E-1,1.09804E-1);
#80=COLOUR_RGB('',6.78431E-1,4.78431E-1,3.09804E-1);
#81=COLOUR_RGB('',6.8E-1,7.5E-1,1.E0);
#82=COLOUR_RGB('',7.09804E-1,7.0588E-2,2.E-1);
#83=COLOUR_RGB('',7.1E-1,3.1E-1,0.E0);
#84=COLOUR_RGB('',7.2E-1,7.2E-1,7.2E-1);
#85=COLOUR_RGB('',7.29412E-1,7.41176E-1,7.29412E-1);
#86=COLOUR_RGB('',7.41176E-1,7.29412E-1,6.70588E-1);
#87=COLOUR_RGB('',7.4E-1,1.E0,2.6E-1);
#88=COLOUR_RGB('',7.5E-1,3.E-2,0.E0);
#89=COLOUR_RGB('',7.4902E-1,8.90196E-1,7.29412E-1);
#90=COLOUR_RGB('',7.6E-1,0.E0,4.7E-1);
#91=COLOUR_RGB('',7.80392E-1,9.0196E-2,7.0588E-2);
#92=COLOUR_RGB('',7.88235E-1,2.19608E-1,5.4902E-1);
#93=COLOUR_RGB('',8.1E-1,4.E-2,0.E0);
#94=COLOUR_RGB('',8.1E-1,6.1E-1,0.E0);
#95=COLOUR_RGB('',8.2E-1,4.E-2,6.6E-1);
#96=COLOUR_RGB('',8.31373E-1,8.5098E-1,8.58824E-1);
#97=COLOUR_RGB('',8.5098E-1,7.29412E-1,5.4902E-1);
#98=COLOUR_RGB('',8.5E-1,8.5E-1,8.5E-1);
#99=COLOUR_RGB('',8.78431E-1,3.68627E-1,1.21569E-1);
#100=COLOUR_RGB('',8.784E-1,9.49E-1,1.E0);
#101=COLOUR_RGB('',8.90196E-1,5.88235E-1,1.41176E-1);
#102=COLOUR_RGB('',9.E-1,1.E0,0.E0);
#103=COLOUR_RGB('',9.09804E-1,6.11765E-1,7.09804E-1);
#104=COLOUR_RGB('',9.37E-1,7.85E-1,0.E0);
#105=COLOUR_RGB('',9.41176E-1,9.29412E-1,9.01961E-1);
#106=COLOUR_RGB('',9.5E-1,2.2E-1,8.1E-1);
#107=COLOUR_RGB('',9.6E-1,3.7E-1,3.E-1);
#108=COLOUR_RGB('',9.6E-1,7.1E-1,3.75E-1);
#109=COLOUR_RGB('',9.80392E-1,1.E0,1.E0);
#110=COLOUR_RGB('',9.88235E-1,1.09804E-1,7.8431E-2);
#111=COLOUR_RGB('',9.88235E-1,7.21569E-1,1.29412E-1);
#112=COLOUR_RGB('',9.88235E-1,9.21569E-1,8.E-1);
#113=DRAUGHTING_PRE_DEFINED_COLOUR('red');
#114=COLOUR_RGB('',1.E0,0.E0,6.1E-1);
#115=COLOUR_RGB('',1.E0,4.E-2,0.E0);
#116=COLOUR_RGB('',1.E0,2.3E-1,0.E0);
#117=COLOUR_RGB('',1.E0,3.5E-1,5.2E-1);
#118=COLOUR_RGB('',1.E0,3.6E-1,0.E0);
#119=COLOUR_RGB('',1.E0,3.88235E-1,2.11765E-1);
#120=COLOUR_RGB('',1.E0,4.9E-1,3.7E-1);
#121=COLOUR_RGB('',1.E0,5.E-1,0.E0);
#122=COLOUR_RGB('',1.E0,5.6E-1,7.8E-1);
#123=COLOUR_RGB('',1.E0,6.4E-1,4.9E-1);
#124=COLOUR_RGB('',1.E0,6.7E-1,0.E0);
#125=COLOUR_RGB('',1.E0,7.6E-1,6.5E-1);
#126=COLOUR_RGB('',1.E0,8.39216E-1,3.01961E-1);
#127=COLOUR_RGB('',1.E0,8.6E-1,4.E-2);
#128=COLOUR_RGB('',1.E0,9.60784E-1,2.58824E-1);
#129=COLOUR_RGB('',1.E0,9.60784E-1,8.90196E-1);
#130=COLOUR_RGB('',1.E0,9.8E-1,7.2E-1);
#131=DRAUGHTING_PRE_DEFINED_COLOUR('yellow');
#132=COLOUR_RGB('',1.E0,1.E0,3.9216E-2);
#133=DRAUGHTING_PRE_DEFINED_COLOUR('white');
#794=CIRCLE('',#793,1.E-1);
#799=CIRCLE('',#798,1.E-1);
#1540=CIRCLE('',#1539,1.E-1);
#1557=CIRCLE('',#1556,3.5E-1);
#1574=CIRCLE('',#1573,3.5E-1);
#1591=CIRCLE('',#1590,1.E-1);
#1600=CIRCLE('',#1599,3.E-1);
#1605=CIRCLE('',#1604,3.E-1);
#2354=CIRCLE('',#2353,3.E-1);
#2359=CIRCLE('',#2358,3.E-1);
#2388=CIRCLE('',#2387,3.5E-1);
#2401=CIRCLE('',#2400,1.E-1);
#2418=CIRCLE('',#2417,1.E-1);
#2431=CIRCLE('',#2430,3.5E-1);
#2688=CIRCLE('',#2687,3.E-1);
#2693=CIRCLE('',#2692,3.E-1);
#2714=CIRCLE('',#2713,3.E-1);
#2719=CIRCLE('',#2718,3.E-1);
#3857=EDGE_CURVE('',#3229,#3093,#137,.T.);
#3859=EDGE_CURVE('',#3229,#3208,#141,.T.);
#3861=EDGE_CURVE('',#3208,#3209,#2915,.T.);
#3863=EDGE_CURVE('',#3224,#3209,#2947,.T.);
#3865=EDGE_CURVE('',#3221,#3224,#145,.T.);
#3867=EDGE_CURVE('',#3221,#3205,#149,.T.);
#3869=EDGE_CURVE('',#3205,#3200,#2903,.T.);
#3871=EDGE_CURVE('',#3216,#3200,#2895,.T.);
#3873=EDGE_CURVE('',#3088,#3216,#153,.T.);
#3875=EDGE_CURVE('',#3116,#3088,#157,.T.);
#3877=EDGE_CURVE('',#3121,#3116,#161,.T.);
#3879=EDGE_CURVE('',#3121,#3133,#165,.T.);
#3881=EDGE_CURVE('',#3127,#3133,#169,.T.);
#3883=EDGE_CURVE('',#3125,#3127,#173,.T.);
#3885=EDGE_CURVE('',#2951,#3125,#177,.T.);
#3887=EDGE_CURVE('',#2950,#2951,#181,.T.);
#3889=EDGE_CURVE('',#3104,#2950,#185,.T.);
#3891=EDGE_CURVE('',#3099,#3104,#189,.T.);
#3893=EDGE_CURVE('',#3097,#3099,#193,.T.);
#3895=EDGE_CURVE('',#3097,#3108,#197,.T.);
#3897=EDGE_CURVE('',#3113,#3108,#201,.T.);
#3899=EDGE_CURVE('',#3093,#3113,#205,.T.);
#3903=EDGE_CURVE('',#3335,#3353,#209,.T.);
#3905=EDGE_CURVE('',#3353,#3350,#843,.T.);
#3907=EDGE_CURVE('',#3346,#3350,#827,.T.);
#3909=EDGE_CURVE('',#3355,#3346,#811,.T.);
#3911=EDGE_CURVE('',#3355,#3338,#213,.T.);
#3913=EDGE_CURVE('',#3338,#3339,#217,.T.);
#3915=EDGE_CURVE('',#3339,#3308,#221,.T.);
#3917=EDGE_CURVE('',#3311,#3308,#225,.T.);
#3919=EDGE_CURVE('',#3318,#3311,#891,.T.);
#3921=EDGE_CURVE('',#3318,#3319,#229,.T.);
#3923=EDGE_CURVE('',#3321,#3319,#233,.T.);
#3925=EDGE_CURVE('',#3321,#3325,#237,.T.);
#3927=EDGE_CURVE('',#3297,#3325,#855,.T.);
#3929=EDGE_CURVE('',#3295,#3297,#241,.T.);
#3931=EDGE_CURVE('',#3295,#3334,#245,.T.);
#3933=EDGE_CURVE('',#3334,#3335,#249,.T.);
#3937=ADVANCED_FACE('',(#3902,#3936),#3856,.T.);
#3943=EDGE_CURVE('',#3630,#3637,#253,.T.);
#3945=EDGE_CURVE('',#3450,#3630,#557,.T.);
#3947=EDGE_CURVE('',#3450,#3455,#257,.T.);
#3949=EDGE_CURVE('',#3453,#3455,#261,.T.);
#3951=EDGE_CURVE('',#3446,#3453,#265,.T.);
#3953=EDGE_CURVE('',#3430,#3446,#541,.T.);
#3955=EDGE_CURVE('',#3430,#3435,#269,.T.);
#3957=EDGE_CURVE('',#3433,#3435,#273,.T.);
#3959=EDGE_CURVE('',#3426,#3433,#277,.T.);
#3961=EDGE_CURVE('',#3410,#3426,#525,.T.);
#3963=EDGE_CURVE('',#3410,#3415,#281,.T.);
#3965=EDGE_CURVE('',#3413,#3415,#285,.T.);
#3967=EDGE_CURVE('',#3406,#3413,#289,.T.);
#3969=EDGE_CURVE('',#3390,#3406,#509,.T.);
#3971=EDGE_CURVE('',#3390,#3395,#293,.T.);
#3973=EDGE_CURVE('',#3393,#3395,#297,.T.);
#3975=EDGE_CURVE('',#3386,#3393,#301,.T.);
#3977=EDGE_CURVE('',#3370,#3386,#493,.T.);
#3979=EDGE_CURVE('',#3370,#3371,#305,.T.);
#3981=EDGE_CURVE('',#3367,#3371,#309,.T.);
#3983=EDGE_CURVE('',#3366,#3367,#313,.T.);
#3985=EDGE_CURVE('',#3270,#3366,#477,.T.);
#3987=EDGE_CURVE('',#3270,#3271,#317,.T.);
#3989=EDGE_CURVE('',#3273,#3271,#321,.T.);
#3991=EDGE_CURVE('',#3275,#3273,#325,.T.);
#3993=EDGE_CURVE('',#2971,#3275,#461,.T.);
#3995=EDGE_CURVE('',#2964,#2971,#329,.T.);
#3997=EDGE_CURVE('',#3089,#2964,#1989,.T.);
#3999=EDGE_CURVE('',#3088,#3089,#333,.T.);
#4002=EDGE_CURVE('',#3216,#3217,#337,.T.);
#4004=EDGE_CURVE('',#3217,#3219,#341,.T.);
#4006=EDGE_CURVE('',#3221,#3219,#345,.T.);
#4009=EDGE_CURVE('',#3224,#3225,#349,.T.);
#4011=EDGE_CURVE('',#3225,#3227,#353,.T.);
#4013=EDGE_CURVE('',#3229,#3227,#357,.T.);
#4016=EDGE_CURVE('',#3092,#3093,#361,.T.);
#4018=EDGE_CURVE('',#2954,#3092,#1813,.T.);
#4020=EDGE_CURVE('',#2954,#2961,#1443,.T.);
#4022=EDGE_CURVE('',#3851,#2961,#437,.T.);
#4024=EDGE_CURVE('',#3851,#3264,#365,.T.);
#4026=EDGE_CURVE('',#3264,#3265,#369,.T.);
#4028=EDGE_CURVE('',#3267,#3265,#373,.T.);
#4030=EDGE_CURVE('',#3634,#3267,#421,.T.);
#4032=EDGE_CURVE('',#3634,#3639,#377,.T.);
#4034=EDGE_CURVE('',#3637,#3639,#381,.T.);
#4038=ADVANCED_FACE('',(#4037),#3942,.T.);
#4044=EDGE_CURVE('',#3630,#3631,#409,.T.);
#4047=EDGE_CURVE('',#3637,#3796,#385,.T.);
#4049=EDGE_CURVE('',#3796,#3797,#389,.T.);
#4051=EDGE_CURVE('',#3797,#3631,#393,.T.);
#4055=ADVANCED_FACE('',(#4054),#4043,.F.);
#4061=EDGE_CURVE('',#3642,#3643,#721,.T.);
#4063=EDGE_CURVE('',#3643,#3800,#397,.T.);
#4065=EDGE_CURVE('',#3800,#3801,#401,.T.);
#4067=EDGE_CURVE('',#3801,#3642,#405,.T.);
#4071=ADVANCED_FACE('',(#4070),#4060,.F.);
#4078=EDGE_CURVE('',#3631,#3635,#413,.T.);
#4080=EDGE_CURVE('',#3634,#3635,#417,.T.);
#4083=EDGE_CURVE('',#3267,#3241,#425,.T.);
#4085=EDGE_CURVE('',#3240,#3241,#429,.T.);
#4087=EDGE_CURVE('',#3851,#3240,#433,.T.);
#4090=EDGE_CURVE('',#2961,#2958,#441,.T.);
#4092=EDGE_CURVE('',#3623,#2958,#2791,.T.);
#4094=EDGE_CURVE('',#3621,#3623,#445,.T.);
#4096=EDGE_CURVE('',#3621,#3610,#449,.T.);
#4098=EDGE_CURVE('',#3615,#3610,#453,.T.);
#4100=EDGE_CURVE('',#2968,#3615,#2731,.T.);
#4102=EDGE_CURVE('',#2968,#2971,#457,.T.);
#4105=EDGE_CURVE('',#3275,#3244,#465,.T.);
#4107=EDGE_CURVE('',#3244,#3245,#469,.T.);
#4109=EDGE_CURVE('',#3270,#3245,#473,.T.);
#4112=EDGE_CURVE('',#3366,#3381,#481,.T.);
#4114=EDGE_CURVE('',#3381,#3383,#485,.T.);
#4116=EDGE_CURVE('',#3370,#3383,#489,.T.);
#4119=EDGE_CURVE('',#3386,#3387,#497,.T.);
#4121=EDGE_CURVE('',#3387,#3391,#501,.T.);
#4123=EDGE_CURVE('',#3390,#3391,#505,.T.);
#4126=EDGE_CURVE('',#3406,#3407,#513,.T.);
#4128=EDGE_CURVE('',#3407,#3411,#517,.T.);
#4130=EDGE_CURVE('',#3410,#3411,#521,.T.);
#4133=EDGE_CURVE('',#3426,#3427,#529,.T.);
#4135=EDGE_CURVE('',#3427,#3431,#533,.T.);
#4137=EDGE_CURVE('',#3430,#3431,#537,.T.);
#4140=EDGE_CURVE('',#3446,#3447,#545,.T.);
#4142=EDGE_CURVE('',#3447,#3451,#549,.T.);
#4144=EDGE_CURVE('',#3450,#3451,#553,.T.);
#4149=ADVANCED_FACE('',(#4148),#4076,.F.);
#4157=EDGE_CURVE('',#3797,#3805,#561,.T.);
#4159=EDGE_CURVE('',#3805,#3635,#569,.T.);
#4163=ADVANCED_FACE('',(#4162),#4154,.T.);
#4170=EDGE_CURVE('',#3796,#3804,#565,.T.);
#4172=EDGE_CURVE('',#3804,#3805,#573,.T.);
#4177=ADVANCED_FACE('',(#4176),#4168,.T.);
#4184=EDGE_CURVE('',#3639,#3804,#577,.T.);
#4190=ADVANCED_FACE('',(#4189),#4182,.T.);
#4203=ADVANCED_FACE('',(#4202),#4195,.T.);
#4209=EDGE_CURVE('',#3646,#3647,#729,.T.);
#4211=EDGE_CURVE('',#3809,#3646,#581,.T.);
#4213=EDGE_CURVE('',#3808,#3809,#585,.T.);
#4215=EDGE_CURVE('',#3647,#3808,#589,.T.);
#4219=ADVANCED_FACE('',(#4218),#4208,.T.);
#4225=EDGE_CURVE('',#3343,#3290,#593,.T.);
#4227=EDGE_CURVE('',#3331,#3343,#597,.T.);
#4229=EDGE_CURVE('',#3330,#3331,#601,.T.);
#4231=EDGE_CURVE('',#3341,#3330,#605,.T.);
#4233=EDGE_CURVE('',#3287,#3341,#609,.T.);
#4235=EDGE_CURVE('',#3285,#3287,#613,.T.);
#4237=EDGE_CURVE('',#3283,#3285,#617,.T.);
#4239=EDGE_CURVE('',#3281,#3283,#621,.T.);
#4241=EDGE_CURVE('',#3279,#3281,#625,.T.);
#4243=EDGE_CURVE('',#3278,#3279,#629,.T.);
#4245=EDGE_CURVE('',#3291,#3278,#633,.T.);
#4247=EDGE_CURVE('',#3290,#3291,#637,.T.);
#4251=EDGE_CURVE('',#3374,#3375,#641,.T.);
#4253=EDGE_CURVE('',#3374,#3378,#645,.T.);
#4255=EDGE_CURVE('',#3378,#3379,#649,.T.);
#4257=EDGE_CURVE('',#3375,#3379,#653,.T.);
#4261=EDGE_CURVE('',#3398,#3399,#657,.T.);
#4263=EDGE_CURVE('',#3398,#3402,#661,.T.);
#4265=EDGE_CURVE('',#3402,#3403,#665,.T.);
#4267=EDGE_CURVE('',#3399,#3403,#669,.T.);
#4271=EDGE_CURVE('',#3418,#3419,#673,.T.);
#4273=EDGE_CURVE('',#3418,#3422,#677,.T.);
#4275=EDGE_CURVE('',#3422,#3423,#681,.T.);
#4277=EDGE_CURVE('',#3419,#3423,#685,.T.);
#4281=EDGE_CURVE('',#3438,#3439,#689,.T.);
#4283=EDGE_CURVE('',#3438,#3442,#693,.T.);
#4285=EDGE_CURVE('',#3442,#3443,#697,.T.);
#4287=EDGE_CURVE('',#3439,#3443,#701,.T.);
#4291=EDGE_CURVE('',#3458,#3459,#705,.T.);
#4293=EDGE_CURVE('',#3458,#3462,#709,.T.);
#4295=EDGE_CURVE('',#3462,#3463,#713,.T.);
#4297=EDGE_CURVE('',#3459,#3463,#717,.T.);
#4302=EDGE_CURVE('',#3642,#3646,#725,.T.);
#4305=EDGE_CURVE('',#3643,#3647,#733,.T.);
#4309=EDGE_CURVE('',#3702,#3703,#737,.T.);
#4311=EDGE_CURVE('',#3703,#3705,#741,.T.);
#4313=EDGE_CURVE('',#3705,#3707,#745,.T.);
#4315=EDGE_CURVE('',#3707,#3709,#749,.T.);
#4317=EDGE_CURVE('',#3709,#3711,#753,.T.);
#4319=EDGE_CURVE('',#3711,#3713,#757,.T.);
#4321=EDGE_CURVE('',#3713,#3702,#761,.T.);
#4325=ADVANCED_FACE('',(#4250,#4260,#4270,#4280,#4290,#4300,#4308,#4324),#4224,
.T.);
#4331=EDGE_CURVE('',#3341,#3334,#765,.T.);
#4334=EDGE_CURVE('',#3294,#3295,#769,.T.);
#4336=EDGE_CURVE('',#3294,#3287,#773,.T.);
#4341=ADVANCED_FACE('',(#4340),#4330,.F.);
#4347=EDGE_CURVE('',#3343,#3339,#777,.T.);
#4350=EDGE_CURVE('',#3309,#3290,#903,.T.);
#4352=EDGE_CURVE('',#3308,#3309,#781,.T.);
#4357=ADVANCED_FACE('',(#4356),#4346,.F.);
#4366=EDGE_CURVE('',#3335,#3330,#789,.T.);
#4370=ADVANCED_FACE('',(#4369),#4362,.F.);
#4376=EDGE_CURVE('',#3358,#3359,#785,.T.);
#4378=EDGE_CURVE('',#3353,#3359,#831,.T.);
#4383=EDGE_CURVE('',#3338,#3331,#847,.T.);
#4386=EDGE_CURVE('',#3358,#3355,#807,.T.);
#4390=ADVANCED_FACE('',(#4389),#4375,.F.);
#4397=EDGE_CURVE('',#3358,#3362,#794,.T.);
#4399=EDGE_CURVE('',#3362,#3363,#819,.T.);
#4401=EDGE_CURVE('',#3363,#3359,#799,.T.);
#4405=ADVANCED_FACE('',(#4404),#4395,.F.);
#4411=EDGE_CURVE('',#3347,#3362,#803,.T.);
#4416=EDGE_CURVE('',#3346,#3347,#815,.T.);
#4420=ADVANCED_FACE('',(#4419),#4410,.F.);
#4428=EDGE_CURVE('',#3347,#3351,#823,.T.);
#4430=EDGE_CURVE('',#3351,#3363,#835,.T.);
#4434=ADVANCED_FACE('',(#4433),#4425,.T.);
#4442=EDGE_CURVE('',#3350,#3351,#839,.T.);
#4447=ADVANCED_FACE('',(#4446),#4439,.T.);
#4460=ADVANCED_FACE('',(#4459),#4452,.T.);
#4472=ADVANCED_FACE('',(#4471),#4465,.F.);
#4480=EDGE_CURVE('',#3299,#3297,#851,.T.);
#4482=EDGE_CURVE('',#3294,#3299,#939,.T.);
#4486=ADVANCED_FACE('',(#4485),#4477,.T.);
#4493=EDGE_CURVE('',#3327,#3325,#867,.T.);
#4495=EDGE_CURVE('',#3327,#3301,#859,.T.);
#4497=EDGE_CURVE('',#3299,#3301,#931,.T.);
#4502=ADVANCED_FACE('',(#4501),#4491,.T.);
#4509=EDGE_CURVE('',#3323,#3321,#863,.T.);
#4511=EDGE_CURVE('',#3323,#3327,#923,.T.);
#4516=ADVANCED_FACE('',(#4515),#4507,.T.);
#4523=EDGE_CURVE('',#3315,#3319,#871,.T.);
#4525=EDGE_CURVE('',#3323,#3315,#915,.T.);
#4530=ADVANCED_FACE('',(#4529),#4521,.T.);
#4536=EDGE_CURVE('',#3314,#3315,#879,.T.);
#4540=EDGE_CURVE('',#3318,#3314,#875,.T.);
#4544=ADVANCED_FACE('',(#4543),#4535,.T.);
#4551=EDGE_CURVE('',#3304,#3314,#887,.T.);
#4553=EDGE_CURVE('',#3304,#3278,#883,.T.);
#4556=EDGE_CURVE('',#3315,#3279,#919,.T.);
#4560=ADVANCED_FACE('',(#4559),#4549,.F.);
#4569=EDGE_CURVE('',#3305,#3311,#895,.T.);
#4571=EDGE_CURVE('',#3304,#3305,#907,.T.);
#4575=ADVANCED_FACE('',(#4574),#4565,.T.);
#4582=EDGE_CURVE('',#3305,#3309,#899,.T.);
#4588=ADVANCED_FACE('',(#4587),#4580,.T.);
#4597=EDGE_CURVE('',#3305,#3291,#911,.T.);
#4601=ADVANCED_FACE('',(#4600),#4593,.F.);
#4613=ADVANCED_FACE('',(#4612),#4606,.F.);
#4622=EDGE_CURVE('',#3323,#3281,#927,.T.);
#4626=ADVANCED_FACE('',(#4625),#4618,.F.);
#4635=EDGE_CURVE('',#3301,#3283,#935,.T.);
#4640=ADVANCED_FACE('',(#4639),#4631,.F.);
#4649=EDGE_CURVE('',#3299,#3285,#943,.T.);
#4653=ADVANCED_FACE('',(#4652),#4645,.F.);
#4665=ADVANCED_FACE('',(#4664),#4658,.F.);
#4672=EDGE_CURVE('',#3367,#3716,#947,.T.);
#4674=EDGE_CURVE('',#3716,#3717,#951,.T.);
#4676=EDGE_CURVE('',#3717,#3381,#955,.T.);
#4681=ADVANCED_FACE('',(#4680),#4670,.F.);
#4688=EDGE_CURVE('',#3375,#3720,#959,.T.);
#4690=EDGE_CURVE('',#3720,#3721,#963,.T.);
#4692=EDGE_CURVE('',#3721,#3374,#967,.T.);
#4696=ADVANCED_FACE('',(#4695),#4686,.F.);
#4703=EDGE_CURVE('',#3371,#3724,#979,.T.);
#4705=EDGE_CURVE('',#3716,#3724,#999,.T.);
#4710=ADVANCED_FACE('',(#4709),#4701,.T.);
#4718=EDGE_CURVE('',#3725,#3383,#971,.T.);
#4720=EDGE_CURVE('',#3724,#3725,#975,.T.);
#4725=ADVANCED_FACE('',(#4724),#4715,.T.);
#4732=EDGE_CURVE('',#3729,#3378,#983,.T.);
#4734=EDGE_CURVE('',#3728,#3729,#987,.T.);
#4736=EDGE_CURVE('',#3379,#3728,#991,.T.);
#4740=ADVANCED_FACE('',(#4739),#4730,.T.);
#4748=EDGE_CURVE('',#3717,#3725,#995,.T.);
#4753=ADVANCED_FACE('',(#4752),#4745,.T.);
#4765=ADVANCED_FACE('',(#4764),#4758,.T.);
#4773=EDGE_CURVE('',#3721,#3729,#1003,.T.);
#4778=ADVANCED_FACE('',(#4777),#4770,.T.);
#4785=EDGE_CURVE('',#3720,#3728,#1007,.T.);
#4791=ADVANCED_FACE('',(#4790),#4783,.T.);
#4803=ADVANCED_FACE('',(#4802),#4796,.T.);
#4811=EDGE_CURVE('',#3393,#3732,#1011,.T.);
#4813=EDGE_CURVE('',#3732,#3733,#1015,.T.);
#4815=EDGE_CURVE('',#3733,#3387,#1019,.T.);
#4819=ADVANCED_FACE('',(#4818),#4808,.F.);
#4826=EDGE_CURVE('',#3399,#3736,#1023,.T.);
#4828=EDGE_CURVE('',#3736,#3737,#1027,.T.);
#4830=EDGE_CURVE('',#3737,#3398,#1031,.T.);
#4834=ADVANCED_FACE('',(#4833),#4824,.F.);
#4841=EDGE_CURVE('',#3395,#3740,#1043,.T.);
#4843=EDGE_CURVE('',#3732,#3740,#1063,.T.);
#4848=ADVANCED_FACE('',(#4847),#4839,.T.);
#4855=EDGE_CURVE('',#3741,#3391,#1035,.T.);
#4857=EDGE_CURVE('',#3740,#3741,#1039,.T.);
#4863=ADVANCED_FACE('',(#4862),#4853,.T.);
#4870=EDGE_CURVE('',#3745,#3402,#1047,.T.);
#4872=EDGE_CURVE('',#3744,#3745,#1051,.T.);
#4874=EDGE_CURVE('',#3403,#3744,#1055,.T.);
#4878=ADVANCED_FACE('',(#4877),#4868,.T.);
#4886=EDGE_CURVE('',#3733,#3741,#1059,.T.);
#4891=ADVANCED_FACE('',(#4890),#4883,.T.);
#4903=ADVANCED_FACE('',(#4902),#4896,.T.);
#4911=EDGE_CURVE('',#3737,#3745,#1067,.T.);
#4916=ADVANCED_FACE('',(#4915),#4908,.T.);
#4923=EDGE_CURVE('',#3736,#3744,#1071,.T.);
#4929=ADVANCED_FACE('',(#4928),#4921,.T.);
#4941=ADVANCED_FACE('',(#4940),#4934,.T.);
#4949=EDGE_CURVE('',#3413,#3748,#1075,.T.);
#4951=EDGE_CURVE('',#3748,#3749,#1079,.T.);
#4953=EDGE_CURVE('',#3749,#3407,#1083,.T.);
#4957=ADVANCED_FACE('',(#4956),#4946,.F.);
#4964=EDGE_CURVE('',#3419,#3752,#1087,.T.);
#4966=EDGE_CURVE('',#3752,#3753,#1091,.T.);
#4968=EDGE_CURVE('',#3753,#3418,#1095,.T.);
#4972=ADVANCED_FACE('',(#4971),#4962,.F.);
#4979=EDGE_CURVE('',#3415,#3756,#1107,.T.);
#4981=EDGE_CURVE('',#3748,#3756,#1127,.T.);
#4986=ADVANCED_FACE('',(#4985),#4977,.T.);
#4993=EDGE_CURVE('',#3757,#3411,#1099,.T.);
#4995=EDGE_CURVE('',#3756,#3757,#1103,.T.);
#5001=ADVANCED_FACE('',(#5000),#4991,.T.);
#5008=EDGE_CURVE('',#3761,#3422,#1111,.T.);
#5010=EDGE_CURVE('',#3760,#3761,#1115,.T.);
#5012=EDGE_CURVE('',#3423,#3760,#1119,.T.);
#5016=ADVANCED_FACE('',(#5015),#5006,.T.);
#5024=EDGE_CURVE('',#3749,#3757,#1123,.T.);
#5029=ADVANCED_FACE('',(#5028),#5021,.T.);
#5041=ADVANCED_FACE('',(#5040),#5034,.T.);
#5049=EDGE_CURVE('',#3753,#3761,#1131,.T.);
#5054=ADVANCED_FACE('',(#5053),#5046,.T.);
#5061=EDGE_CURVE('',#3752,#3760,#1135,.T.);
#5067=ADVANCED_FACE('',(#5066),#5059,.T.);
#5079=ADVANCED_FACE('',(#5078),#5072,.T.);
#5087=EDGE_CURVE('',#3433,#3764,#1139,.T.);
#5089=EDGE_CURVE('',#3764,#3765,#1143,.T.);
#5091=EDGE_CURVE('',#3765,#3427,#1147,.T.);
#5095=ADVANCED_FACE('',(#5094),#5084,.F.);
#5102=EDGE_CURVE('',#3439,#3768,#1151,.T.);
#5104=EDGE_CURVE('',#3768,#3769,#1155,.T.);
#5106=EDGE_CURVE('',#3769,#3438,#1159,.T.);
#5110=ADVANCED_FACE('',(#5109),#5100,.F.);
#5117=EDGE_CURVE('',#3435,#3772,#1171,.T.);
#5119=EDGE_CURVE('',#3764,#3772,#1191,.T.);
#5124=ADVANCED_FACE('',(#5123),#5115,.T.);
#5131=EDGE_CURVE('',#3773,#3431,#1163,.T.);
#5133=EDGE_CURVE('',#3772,#3773,#1167,.T.);
#5139=ADVANCED_FACE('',(#5138),#5129,.T.);
#5146=EDGE_CURVE('',#3777,#3442,#1175,.T.);
#5148=EDGE_CURVE('',#3776,#3777,#1179,.T.);
#5150=EDGE_CURVE('',#3443,#3776,#1183,.T.);
#5154=ADVANCED_FACE('',(#5153),#5144,.T.);
#5162=EDGE_CURVE('',#3765,#3773,#1187,.T.);
#5167=ADVANCED_FACE('',(#5166),#5159,.T.);
#5179=ADVANCED_FACE('',(#5178),#5172,.T.);
#5187=EDGE_CURVE('',#3769,#3777,#1195,.T.);
#5192=ADVANCED_FACE('',(#5191),#5184,.T.);
#5199=EDGE_CURVE('',#3768,#3776,#1199,.T.);
#5205=ADVANCED_FACE('',(#5204),#5197,.T.);
#5217=ADVANCED_FACE('',(#5216),#5210,.T.);
#5225=EDGE_CURVE('',#3453,#3780,#1203,.T.);
#5227=EDGE_CURVE('',#3780,#3781,#1207,.T.);
#5229=EDGE_CURVE('',#3781,#3447,#1211,.T.);
#5233=ADVANCED_FACE('',(#5232),#5222,.F.);
#5240=EDGE_CURVE('',#3459,#3784,#1215,.T.);
#5242=EDGE_CURVE('',#3784,#3785,#1219,.T.);
#5244=EDGE_CURVE('',#3785,#3458,#1223,.T.);
#5248=ADVANCED_FACE('',(#5247),#5238,.F.);
#5255=EDGE_CURVE('',#3455,#3788,#1235,.T.);
#5257=EDGE_CURVE('',#3780,#3788,#1255,.T.);
#5262=ADVANCED_FACE('',(#5261),#5253,.T.);
#5269=EDGE_CURVE('',#3789,#3451,#1227,.T.);
#5271=EDGE_CURVE('',#3788,#3789,#1231,.T.);
#5277=ADVANCED_FACE('',(#5276),#5267,.T.);
#5284=EDGE_CURVE('',#3793,#3462,#1239,.T.);
#5286=EDGE_CURVE('',#3792,#3793,#1243,.T.);
#5288=EDGE_CURVE('',#3463,#3792,#1247,.T.);
#5292=ADVANCED_FACE('',(#5291),#5282,.T.);
#5300=EDGE_CURVE('',#3781,#3789,#1251,.T.);
#5305=ADVANCED_FACE('',(#5304),#5297,.T.);
#5317=ADVANCED_FACE('',(#5316),#5310,.T.);
#5325=EDGE_CURVE('',#3785,#3793,#1259,.T.);
#5330=ADVANCED_FACE('',(#5329),#5322,.T.);
#5337=EDGE_CURVE('',#3784,#3792,#1263,.T.);
#5343=ADVANCED_FACE('',(#5342),#5335,.T.);
#5355=ADVANCED_FACE('',(#5354),#5348,.T.);
#5363=EDGE_CURVE('',#3801,#3809,#1267,.T.);
#5368=ADVANCED_FACE('',(#5367),#5360,.T.);
#5375=EDGE_CURVE('',#3800,#3808,#1271,.T.);
#5381=ADVANCED_FACE('',(#5380),#5373,.T.);
#5393=ADVANCED_FACE('',(#5392),#5386,.T.);
#5400=EDGE_CURVE('',#3702,#3688,#1275,.T.);
#5402=EDGE_CURVE('',#3688,#3689,#1303,.T.);
#5404=EDGE_CURVE('',#3703,#3689,#1299,.T.);
#5408=ADVANCED_FACE('',(#5407),#5398,.T.);
#5415=EDGE_CURVE('',#3713,#3699,#1279,.T.);
#5417=EDGE_CURVE('',#3699,#3688,#1307,.T.);
#5422=ADVANCED_FACE('',(#5421),#5413,.T.);
#5429=EDGE_CURVE('',#3711,#3697,#1283,.T.);
#5431=EDGE_CURVE('',#3697,#3699,#1311,.T.);
#5436=ADVANCED_FACE('',(#5435),#5427,.T.);
#5443=EDGE_CURVE('',#3709,#3695,#1287,.T.);
#5445=EDGE_CURVE('',#3695,#3697,#1315,.T.);
#5450=ADVANCED_FACE('',(#5449),#5441,.T.);
#5457=EDGE_CURVE('',#3707,#3693,#1291,.T.);
#5459=EDGE_CURVE('',#3693,#3695,#1319,.T.);
#5464=ADVANCED_FACE('',(#5463),#5455,.T.);
#5471=EDGE_CURVE('',#3705,#3691,#1295,.T.);
#5473=EDGE_CURVE('',#3691,#3693,#1323,.T.);
#5478=ADVANCED_FACE('',(#5477),#5469,.T.);
#5486=EDGE_CURVE('',#3689,#3691,#1327,.T.);
#5491=ADVANCED_FACE('',(#5490),#5483,.T.);
#5506=ADVANCED_FACE('',(#5505),#5496,.T.);
#5514=EDGE_CURVE('',#3265,#3251,#1331,.T.);
#5516=EDGE_CURVE('',#3251,#3253,#1367,.T.);
#5518=EDGE_CURVE('',#3232,#3253,#1343,.T.);
#5520=EDGE_CURVE('',#3241,#3232,#1415,.T.);
#5524=ADVANCED_FACE('',(#5523),#5511,.T.);
#5531=EDGE_CURVE('',#3264,#3249,#1335,.T.);
#5533=EDGE_CURVE('',#3249,#3251,#1371,.T.);
#5538=ADVANCED_FACE('',(#5537),#5529,.T.);
#5544=EDGE_CURVE('',#3248,#3233,#1347,.T.);
#5546=EDGE_CURVE('',#3248,#3249,#1359,.T.);
#5551=EDGE_CURVE('',#3240,#3233,#1339,.T.);
#5555=ADVANCED_FACE('',(#5554),#5543,.T.);
#5562=EDGE_CURVE('',#3253,#3248,#1363,.T.);
#5565=EDGE_CURVE('',#3232,#3233,#1351,.T.);
#5569=ADVANCED_FACE('',(#5568),#5560,.T.);
#5575=EDGE_CURVE('',#3256,#3236,#1395,.T.);
#5577=EDGE_CURVE('',#3256,#3257,#1375,.T.);
#5579=EDGE_CURVE('',#3237,#3257,#1403,.T.);
#5581=EDGE_CURVE('',#3236,#3237,#1355,.T.);
#5585=ADVANCED_FACE('',(#5584),#5574,.T.);
#5597=ADVANCED_FACE('',(#5596),#5590,.T.);
#5604=EDGE_CURVE('',#3261,#3256,#1379,.T.);
#5606=EDGE_CURVE('',#3259,#3261,#1383,.T.);
#5608=EDGE_CURVE('',#3257,#3259,#1387,.T.);
#5612=ADVANCED_FACE('',(#5611),#5602,.T.);
#5620=EDGE_CURVE('',#3273,#3261,#1391,.T.);
#5624=EDGE_CURVE('',#3244,#3236,#1411,.T.);
#5628=ADVANCED_FACE('',(#5627),#5617,.T.);
#5635=EDGE_CURVE('',#3271,#3259,#1399,.T.);
#5641=ADVANCED_FACE('',(#5640),#5633,.T.);
#5652=EDGE_CURVE('',#3245,#3237,#1407,.T.);
#5656=ADVANCED_FACE('',(#5655),#5646,.T.);
#5668=ADVANCED_FACE('',(#5667),#5661,.T.);
#5680=ADVANCED_FACE('',(#5679),#5673,.T.);
#5686=EDGE_CURVE('',#3602,#3603,#1419,.T.);
#5688=EDGE_CURVE('',#3602,#3163,#1423,.T.);
#5690=EDGE_CURVE('',#3163,#3137,#1427,.T.);
#5692=EDGE_CURVE('',#3136,#3137,#1431,.T.);
#5694=EDGE_CURVE('',#3136,#2959,#1435,.T.);
#5696=EDGE_CURVE('',#2958,#2959,#1439,.T.);
#5700=EDGE_CURVE('',#2954,#2955,#1447,.T.);
#5702=EDGE_CURVE('',#2955,#3067,#1451,.T.);
#5704=EDGE_CURVE('',#3066,#3067,#1455,.T.);
#5706=EDGE_CURVE('',#3066,#3045,#1459,.T.);
#5708=EDGE_CURVE('',#3105,#3045,#1463,.T.);
#5710=EDGE_CURVE('',#3104,#3105,#1467,.T.);
#5713=EDGE_CURVE('',#2950,#3603,#1499,.T.);
#5717=ADVANCED_FACE('',(#5716),#5685,.T.);
#5724=EDGE_CURVE('',#3603,#3482,#1495,.T.);
#5726=EDGE_CURVE('',#3478,#3482,#1471,.T.);
#5728=EDGE_CURVE('',#3602,#3478,#2269,.T.);
#5732=ADVANCED_FACE('',(#5731),#5722,.T.);
#5738=EDGE_CURVE('',#3610,#3611,#1475,.T.);
#5741=EDGE_CURVE('',#3619,#3621,#1479,.T.);
#5743=EDGE_CURVE('',#3485,#3619,#1483,.T.);
#5745=EDGE_CURVE('',#3485,#3483,#1487,.T.);
#5747=EDGE_CURVE('',#3482,#3483,#1491,.T.);
#5752=EDGE_CURVE('',#2951,#3606,#2189,.T.);
#5754=EDGE_CURVE('',#3475,#3606,#1503,.T.);
#5756=EDGE_CURVE('',#3473,#3475,#1507,.T.);
#5758=EDGE_CURVE('',#3473,#3466,#1511,.T.);
#5760=EDGE_CURVE('',#3611,#3466,#1515,.T.);
#5764=ADVANCED_FACE('',(#5763),#5737,.T.);
#5770=EDGE_CURVE('',#3550,#3542,#1519,.T.);
#5772=EDGE_CURVE('',#3627,#3550,#2081,.T.);
#5774=EDGE_CURVE('',#3627,#3615,#1523,.T.);
#5778=EDGE_CURVE('',#3611,#3613,#2679,.T.);
#5780=EDGE_CURVE('',#3542,#3613,#2045,.T.);
#5784=ADVANCED_FACE('',(#5783),#5769,.T.);
#5790=EDGE_CURVE('',#3542,#3488,#1578,.T.);
#5792=EDGE_CURVE('',#3488,#3504,#2727,.T.);
#5794=EDGE_CURVE('',#3550,#3504,#2426,.T.);
#5799=ADVANCED_FACE('',(#5798),#5789,.T.);
#5805=EDGE_CURVE('',#3846,#3835,#1527,.T.);
#5807=EDGE_CURVE('',#3846,#3546,#2647,.T.);
#5809=EDGE_CURVE('',#3546,#3543,#1582,.T.);
#5811=EDGE_CURVE('',#3835,#3543,#2531,.T.);
#5815=ADVANCED_FACE('',(#5814),#5804,.T.);
#5821=EDGE_CURVE('',#3575,#3570,#1531,.T.);
#5823=EDGE_CURVE('',#3497,#3575,#1535,.T.);
#5825=EDGE_CURVE('',#3496,#3497,#1540,.T.);
#5827=EDGE_CURVE('',#3531,#3496,#1544,.T.);
#5829=EDGE_CURVE('',#3525,#3531,#2277,.T.);
#5831=EDGE_CURVE('',#3524,#3525,#1677,.T.);
#5833=EDGE_CURVE('',#3521,#3524,#1548,.T.);
#5835=EDGE_CURVE('',#3520,#3521,#1661,.T.);
#5837=EDGE_CURVE('',#3501,#3520,#1552,.T.);
#5839=EDGE_CURVE('',#3500,#3501,#1557,.T.);
#5841=EDGE_CURVE('',#3570,#3500,#1561,.T.);
#5845=ADVANCED_FACE('',(#5844),#5820,.T.);
#5851=EDGE_CURVE('',#3591,#3586,#1565,.T.);
#5853=EDGE_CURVE('',#3489,#3591,#1569,.T.);
#5855=EDGE_CURVE('',#3488,#3489,#1574,.T.);
#5858=EDGE_CURVE('',#3542,#3543,#2041,.T.);
#5861=EDGE_CURVE('',#3546,#3547,#2057,.T.);
#5863=EDGE_CURVE('',#3547,#3557,#2245,.T.);
#5865=EDGE_CURVE('',#3493,#3557,#1586,.T.);
#5867=EDGE_CURVE('',#3492,#3493,#1591,.T.);
#5869=EDGE_CURVE('',#3586,#3492,#1595,.T.);
#5873=ADVANCED_FACE('',(#5872),#5850,.T.);
#5879=EDGE_CURVE('',#3570,#3571,#1600,.T.);
#5881=EDGE_CURVE('',#3573,#3571,#2367,.T.);
#5883=EDGE_CURVE('',#3573,#3575,#2354,.T.);
#5888=ADVANCED_FACE('',(#5887),#5878,.T.);
#5896=EDGE_CURVE('',#3500,#3516,#1613,.T.);
#5898=EDGE_CURVE('',#3583,#3516,#2383,.T.);
#5900=EDGE_CURVE('',#3581,#3583,#1605,.T.);
#5902=EDGE_CURVE('',#3571,#3581,#1609,.T.);
#5906=ADVANCED_FACE('',(#5905),#5893,.T.);
#5913=EDGE_CURVE('',#3501,#3517,#1617,.T.);
#5915=EDGE_CURVE('',#3516,#3517,#2388,.T.);
#5920=ADVANCED_FACE('',(#5919),#5911,.T.);
#5927=EDGE_CURVE('',#3528,#3520,#1625,.T.);
#5929=EDGE_CURVE('',#3517,#3528,#2392,.T.);
#5934=ADVANCED_FACE('',(#5933),#5925,.T.);
#5940=EDGE_CURVE('',#3843,#3839,#1621,.T.);
#5942=EDGE_CURVE('',#3521,#3839,#2341,.T.);
#5945=EDGE_CURVE('',#3843,#3524,#2659,.T.);
#5949=ADVANCED_FACE('',(#5948),#5939,.T.);
#5956=EDGE_CURVE('',#3618,#3520,#1673,.T.);
#5958=EDGE_CURVE('',#3618,#3619,#2867,.T.);
#5962=EDGE_CURVE('',#3623,#3625,#1629,.T.);
#5964=EDGE_CURVE('',#3528,#3625,#1693,.T.);
#5968=ADVANCED_FACE('',(#5967),#5954,.T.);
#5974=EDGE_CURVE('',#3096,#3101,#1633,.T.);
#5976=EDGE_CURVE('',#3101,#2983,#1917,.T.);
#5978=EDGE_CURVE('',#2983,#2985,#1789,.T.);
#5980=EDGE_CURVE('',#2985,#3096,#1637,.T.);
#5984=ADVANCED_FACE('',(#5983),#5973,.T.);
#5990=EDGE_CURVE('',#3111,#3109,#1641,.T.);
#5992=EDGE_CURVE('',#3109,#3036,#1645,.T.);
#5994=EDGE_CURVE('',#3040,#3036,#1925,.T.);
#5996=EDGE_CURVE('',#3043,#3040,#1649,.T.);
#5998=EDGE_CURVE('',#3069,#3043,#1921,.T.);
#6000=EDGE_CURVE('',#2974,#3069,#1805,.T.);
#6002=EDGE_CURVE('',#2974,#2975,#1705,.T.);
#6004=EDGE_CURVE('',#3073,#2975,#1945,.T.);
#6006=EDGE_CURVE('',#3077,#3073,#1937,.T.);
#6008=EDGE_CURVE('',#3083,#3077,#1653,.T.);
#6010=EDGE_CURVE('',#3083,#3111,#1657,.T.);
#6014=ADVANCED_FACE('',(#6013),#5989,.T.);
#6021=EDGE_CURVE('',#3521,#3567,#1665,.T.);
#6023=EDGE_CURVE('',#3567,#3618,#1669,.T.);
#6028=ADVANCED_FACE('',(#6027),#6019,.T.);
#6035=EDGE_CURVE('',#3478,#3525,#2273,.T.);
#6037=EDGE_CURVE('',#3478,#3479,#1681,.T.);
#6039=EDGE_CURVE('',#3479,#3524,#1685,.T.);
#6043=ADVANCED_FACE('',(#6042),#6033,.T.);
#6049=EDGE_CURVE('',#3528,#3529,#1689,.T.);
#6052=EDGE_CURVE('',#3151,#3625,#2783,.T.);
#6054=EDGE_CURVE('',#3001,#3151,#2775,.T.);
#6056=EDGE_CURVE('',#3000,#3001,#2475,.T.);
#6058=EDGE_CURVE('',#3529,#3000,#2443,.T.);
#6062=ADVANCED_FACE('',(#6061),#6048,.T.);
#6068=EDGE_CURVE('',#3096,#3097,#1701,.T.);
#6071=EDGE_CURVE('',#3101,#3099,#1697,.T.);
#6076=ADVANCED_FACE('',(#6075),#6067,.T.);
#6084=EDGE_CURVE('',#2985,#2987,#1785,.T.);
#6086=EDGE_CURVE('',#3097,#2987,#1849,.T.);
#6090=ADVANCED_FACE('',(#6089),#6081,.F.);
#6097=EDGE_CURVE('',#2979,#2974,#1709,.T.);
#6099=EDGE_CURVE('',#2977,#2979,#1713,.T.);
#6101=EDGE_CURVE('',#2975,#2977,#1717,.T.);
#6105=ADVANCED_FACE('',(#6104),#6095,.T.);
#6111=EDGE_CURVE('',#3650,#3651,#1721,.T.);
#6113=EDGE_CURVE('',#3655,#3650,#1725,.T.);
#6115=EDGE_CURVE('',#3653,#3655,#1729,.T.);
#6117=EDGE_CURVE('',#3651,#3653,#1733,.T.);
#6121=ADVANCED_FACE('',(#6120),#6110,.T.);
#6127=EDGE_CURVE('',#3658,#3009,#1737,.T.);
#6129=EDGE_CURVE('',#3008,#3009,#1741,.T.);
#6131=EDGE_CURVE('',#3013,#3008,#1745,.T.);
#6133=EDGE_CURVE('',#3665,#3013,#1749,.T.);
#6135=EDGE_CURVE('',#3663,#3665,#1753,.T.);
#6137=EDGE_CURVE('',#3661,#3663,#1757,.T.);
#6139=EDGE_CURVE('',#3659,#3661,#1761,.T.);
#6141=EDGE_CURVE('',#3658,#3659,#1765,.T.);
#6145=ADVANCED_FACE('',(#6144),#6126,.T.);
#6151=EDGE_CURVE('',#3011,#2982,#1769,.T.);
#6153=EDGE_CURVE('',#3669,#3011,#1773,.T.);
#6155=EDGE_CURVE('',#3668,#3669,#1777,.T.);
#6157=EDGE_CURVE('',#2989,#3668,#1841,.T.);
#6159=EDGE_CURVE('',#2987,#2989,#1781,.T.);
#6163=EDGE_CURVE('',#2982,#2983,#1793,.T.);
#6167=ADVANCED_FACE('',(#6166),#6150,.T.);
#6173=EDGE_CURVE('',#2955,#3079,#1797,.T.);
#6175=EDGE_CURVE('',#3081,#3079,#1961,.T.);
#6177=EDGE_CURVE('',#3081,#2979,#1801,.T.);
#6181=EDGE_CURVE('',#3069,#3067,#1809,.T.);
#6186=ADVANCED_FACE('',(#6185),#6172,.F.);
#6193=EDGE_CURVE('',#3083,#3092,#1829,.T.);
#6196=EDGE_CURVE('',#3076,#3077,#1817,.T.);
#6198=EDGE_CURVE('',#3079,#3076,#1821,.T.);
#6204=ADVANCED_FACE('',(#6203),#6191,.F.);
#6210=EDGE_CURVE('',#3111,#3113,#1825,.T.);
#6218=ADVANCED_FACE('',(#6217),#6209,.T.);
#6224=EDGE_CURVE('',#3108,#3109,#1833,.T.);
#6231=ADVANCED_FACE('',(#6230),#6223,.T.);
#6238=EDGE_CURVE('',#3108,#2989,#1837,.T.);
#6241=EDGE_CURVE('',#3037,#3668,#1857,.T.);
#6243=EDGE_CURVE('',#3036,#3037,#1845,.T.);
#6248=ADVANCED_FACE('',(#6247),#6236,.F.);
#6260=ADVANCED_FACE('',(#6259),#6253,.F.);
#6266=EDGE_CURVE('',#3671,#3669,#1865,.T.);
#6268=EDGE_CURVE('',#3671,#3037,#1853,.T.);
#6274=ADVANCED_FACE('',(#6273),#6265,.F.);
#6280=EDGE_CURVE('',#3011,#3033,#1873,.T.);
#6282=EDGE_CURVE('',#3033,#3671,#1861,.T.);
#6288=ADVANCED_FACE('',(#6287),#6279,.F.);
#6294=EDGE_CURVE('',#3032,#3033,#1869,.T.);
#6298=EDGE_CURVE('',#3032,#2982,#1913,.T.);
#6302=ADVANCED_FACE('',(#6301),#6293,.F.);
#6308=EDGE_CURVE('',#3028,#3029,#1885,.T.);
#6310=EDGE_CURVE('',#3033,#3029,#1877,.T.);
#6313=EDGE_CURVE('',#3032,#3028,#1881,.T.);
#6317=ADVANCED_FACE('',(#6316),#6307,.T.);
#6324=EDGE_CURVE('',#3045,#3028,#1909,.T.);
#6327=EDGE_CURVE('',#3043,#3066,#1889,.T.);
#6330=EDGE_CURVE('',#3040,#3041,#1893,.T.);
#6332=EDGE_CURVE('',#3673,#3041,#1897,.T.);
#6334=EDGE_CURVE('',#3029,#3673,#1901,.T.);
#6338=ADVANCED_FACE('',(#6337),#6322,.F.);
#6344=EDGE_CURVE('',#3101,#3105,#1905,.T.);
#6354=ADVANCED_FACE('',(#6353),#6343,.F.);
#6366=ADVANCED_FACE('',(#6365),#6359,.T.);
#6378=ADVANCED_FACE('',(#6377),#6371,.T.);
#6385=EDGE_CURVE('',#3037,#3041,#1929,.T.);
#6391=ADVANCED_FACE('',(#6390),#6383,.T.);
#6400=EDGE_CURVE('',#3671,#3673,#1933,.T.);
#6404=ADVANCED_FACE('',(#6403),#6396,.T.);
#6416=ADVANCED_FACE('',(#6415),#6409,.T.);
#6422=EDGE_CURVE('',#3072,#3073,#1941,.T.);
#6424=EDGE_CURVE('',#3072,#3076,#1957,.T.);
#6430=ADVANCED_FACE('',(#6429),#6421,.T.);
#6439=EDGE_CURVE('',#3072,#2977,#1953,.T.);
#6443=ADVANCED_FACE('',(#6442),#6435,.F.);
#6449=EDGE_CURVE('',#3081,#3072,#1949,.T.);
#6456=ADVANCED_FACE('',(#6455),#6448,.F.);
#6468=ADVANCED_FACE('',(#6467),#6461,.T.);
#6474=EDGE_CURVE('',#3681,#3651,#1973,.T.);
#6476=EDGE_CURVE('',#3085,#3681,#1977,.T.);
#6478=EDGE_CURVE('',#2965,#3085,#1993,.T.);
#6480=EDGE_CURVE('',#3060,#2965,#2209,.T.);
#6482=EDGE_CURVE('',#3063,#3060,#1965,.T.);
#6484=EDGE_CURVE('',#3650,#3063,#2021,.T.);
#6489=ADVANCED_FACE('',(#6488),#6473,.F.);
#6495=EDGE_CURVE('',#3680,#3681,#1969,.T.);
#6499=EDGE_CURVE('',#3680,#3653,#2891,.T.);
#6503=ADVANCED_FACE('',(#6502),#6494,.F.);
#6510=EDGE_CURVE('',#3680,#3683,#1981,.T.);
#6512=EDGE_CURVE('',#3683,#3085,#1997,.T.);
#6517=ADVANCED_FACE('',(#6516),#6508,.T.);
#6523=EDGE_CURVE('',#3052,#3683,#2001,.T.);
#6526=EDGE_CURVE('',#3685,#3680,#2887,.T.);
#6528=EDGE_CURVE('',#3685,#3052,#1985,.T.);
#6532=ADVANCED_FACE('',(#6531),#6522,.T.);
#6538=EDGE_CURVE('',#3052,#3053,#2013,.T.);
#6540=EDGE_CURVE('',#3089,#3053,#2089,.T.);
#6543=EDGE_CURVE('',#2964,#2965,#2213,.T.);
#6550=ADVANCED_FACE('',(#6549),#6537,.F.);
#6556=EDGE_CURVE('',#3119,#3117,#2005,.T.);
#6558=EDGE_CURVE('',#3117,#3053,#2009,.T.);
#6562=EDGE_CURVE('',#3685,#3655,#2017,.T.);
#6566=EDGE_CURVE('',#3049,#3063,#2871,.T.);
#6568=EDGE_CURVE('',#3048,#3049,#2025,.T.);
#6570=EDGE_CURVE('',#3675,#3048,#2109,.T.);
#6572=EDGE_CURVE('',#3675,#3119,#2029,.T.);
#6576=ADVANCED_FACE('',(#6575),#6555,.T.);
#6582=EDGE_CURVE('',#3129,#3131,#2033,.T.);
#6584=EDGE_CURVE('',#3131,#3661,#2037,.T.);
#6587=EDGE_CURVE('',#3129,#3663,#2177,.T.);
#6591=ADVANCED_FACE('',(#6590),#6581,.T.);
#6599=EDGE_CURVE('',#3613,#3467,#2049,.T.);
#6601=EDGE_CURVE('',#3467,#3543,#2053,.T.);
#6605=ADVANCED_FACE('',(#6604),#6596,.T.);
#6612=EDGE_CURVE('',#3470,#3546,#2061,.T.);
#6614=EDGE_CURVE('',#3470,#3471,#2065,.T.);
#6616=EDGE_CURVE('',#3547,#3471,#2249,.T.);
#6620=ADVANCED_FACE('',(#6619),#6610,.T.);
#6626=EDGE_CURVE('',#3550,#3551,#2069,.T.);
#6628=EDGE_CURVE('',#3551,#2992,#2073,.T.);
#6630=EDGE_CURVE('',#2997,#2992,#2471,.T.);
#6632=EDGE_CURVE('',#2997,#3161,#2077,.T.);
#6634=EDGE_CURVE('',#3627,#3161,#2743,.T.);
#6639=ADVANCED_FACE('',(#6638),#6625,.T.);
#6645=EDGE_CURVE('',#3116,#3117,#2085,.T.);
#6648=EDGE_CURVE('',#3119,#3121,#2093,.T.);
#6653=ADVANCED_FACE('',(#6652),#6644,.T.);
#6666=ADVANCED_FACE('',(#6665),#6658,.T.);
#6674=EDGE_CURVE('',#3016,#3675,#2097,.T.);
#6676=EDGE_CURVE('',#3016,#3009,#2101,.T.);
#6679=EDGE_CURVE('',#3121,#3658,#2883,.T.);
#6683=ADVANCED_FACE('',(#6682),#6671,.F.);
#6689=EDGE_CURVE('',#3020,#3048,#2117,.T.);
#6691=EDGE_CURVE('',#3016,#3020,#2105,.T.);
#6697=ADVANCED_FACE('',(#6696),#6688,.T.);
#6703=EDGE_CURVE('',#3020,#3021,#2113,.T.);
#6707=EDGE_CURVE('',#3049,#3061,#2121,.T.);
#6709=EDGE_CURVE('',#3056,#3061,#2201,.T.);
#6711=EDGE_CURVE('',#3056,#3057,#2125,.T.);
#6713=EDGE_CURVE('',#3023,#3057,#2129,.T.);
#6715=EDGE_CURVE('',#3021,#3023,#2133,.T.);
#6719=ADVANCED_FACE('',(#6718),#6702,.F.);
#6725=EDGE_CURVE('',#3016,#3017,#2141,.T.);
#6729=EDGE_CURVE('',#3017,#3021,#2137,.T.);
#6733=ADVANCED_FACE('',(#6732),#6724,.T.);
#6740=EDGE_CURVE('',#3017,#3008,#2145,.T.);
#6746=ADVANCED_FACE('',(#6745),#6738,.F.);
#6752=EDGE_CURVE('',#3017,#3025,#2149,.T.);
#6754=EDGE_CURVE('',#3013,#3025,#2161,.T.);
#6760=ADVANCED_FACE('',(#6759),#6751,.F.);
#6767=EDGE_CURVE('',#3025,#3023,#2153,.T.);
#6773=ADVANCED_FACE('',(#6772),#6765,.T.);
#6779=EDGE_CURVE('',#3025,#3677,#2165,.T.);
#6783=EDGE_CURVE('',#3057,#3677,#2157,.T.);
#6787=ADVANCED_FACE('',(#6786),#6778,.T.);
#6795=EDGE_CURVE('',#3677,#3665,#2169,.T.);
#6800=ADVANCED_FACE('',(#6799),#6792,.F.);
#6806=EDGE_CURVE('',#3124,#3129,#2173,.T.);
#6813=EDGE_CURVE('',#3124,#3056,#2197,.T.);
#6817=ADVANCED_FACE('',(#6816),#6805,.F.);
#6823=EDGE_CURVE('',#3124,#3125,#2193,.T.);
#6826=EDGE_CURVE('',#3129,#3127,#2181,.T.);
#6831=ADVANCED_FACE('',(#6830),#6822,.T.);
#6837=EDGE_CURVE('',#3606,#3607,#2185,.T.);
#6844=EDGE_CURVE('',#3060,#3061,#2205,.T.);
#6850=EDGE_CURVE('',#2968,#2969,#2217,.T.);
#6852=EDGE_CURVE('',#2969,#3141,#2221,.T.);
#6854=EDGE_CURVE('',#3140,#3141,#2225,.T.);
#6856=EDGE_CURVE('',#3140,#3165,#2229,.T.);
#6858=EDGE_CURVE('',#3607,#3165,#2233,.T.);
#6862=ADVANCED_FACE('',(#6861),#6836,.T.);
#6869=EDGE_CURVE('',#3471,#3607,#2253,.T.);
#6871=EDGE_CURVE('',#3471,#3475,#2651,.T.);
#6876=ADVANCED_FACE('',(#6875),#6867,.T.);
#6882=EDGE_CURVE('',#3816,#3817,#2237,.T.);
#6884=EDGE_CURVE('',#3816,#3557,#2241,.T.);
#6890=EDGE_CURVE('',#3165,#3179,#2257,.T.);
#6892=EDGE_CURVE('',#3181,#3179,#2587,.T.);
#6894=EDGE_CURVE('',#3817,#3181,#2571,.T.);
#6898=ADVANCED_FACE('',(#6897),#6881,.F.);
#6904=EDGE_CURVE('',#3812,#3813,#2261,.T.);
#6906=EDGE_CURVE('',#3812,#3849,#2345,.T.);
#6908=EDGE_CURVE('',#3849,#3829,#2321,.T.);
#6910=EDGE_CURVE('',#3827,#3829,#2305,.T.);
#6912=EDGE_CURVE('',#3825,#3827,#2297,.T.);
#6914=EDGE_CURVE('',#3825,#3813,#2285,.T.);
#6918=ADVANCED_FACE('',(#6917),#6903,.F.);
#6925=EDGE_CURVE('',#3817,#3819,#2567,.T.);
#6927=EDGE_CURVE('',#3831,#3819,#2555,.T.);
#6929=EDGE_CURVE('',#3822,#3831,#2543,.T.);
#6931=EDGE_CURVE('',#3822,#3823,#2515,.T.);
#6933=EDGE_CURVE('',#3816,#3823,#2507,.T.);
#6937=ADVANCED_FACE('',(#6936),#6923,.F.);
#6944=EDGE_CURVE('',#3813,#3185,#2265,.T.);
#6946=EDGE_CURVE('',#3189,#3185,#2847,.T.);
#6948=EDGE_CURVE('',#3163,#3189,#2827,.T.);
#6954=EDGE_CURVE('',#3812,#3531,#2281,.T.);
#6958=ADVANCED_FACE('',(#6957),#6942,.F.);
#6965=EDGE_CURVE('',#3184,#3825,#2289,.T.);
#6967=EDGE_CURVE('',#3184,#3185,#2293,.T.);
#6972=ADVANCED_FACE('',(#6971),#6963,.F.);
#6979=EDGE_CURVE('',#3193,#3827,#2313,.T.);
#6981=EDGE_CURVE('',#3193,#3184,#2301,.T.);
#6986=ADVANCED_FACE('',(#6985),#6977,.F.);
#6993=EDGE_CURVE('',#3195,#3829,#2317,.T.);
#6995=EDGE_CURVE('',#3195,#3193,#2309,.T.);
#7000=ADVANCED_FACE('',(#6999),#6991,.F.);
#7008=EDGE_CURVE('',#3849,#3565,#2325,.T.);
#7010=EDGE_CURVE('',#3195,#3565,#2329,.T.);
#7014=ADVANCED_FACE('',(#7013),#7005,.F.);
#7020=EDGE_CURVE('',#3838,#3839,#2333,.T.);
#7022=EDGE_CURVE('',#3485,#3838,#2675,.T.);
#7024=EDGE_CURVE('',#3485,#3567,#2337,.T.);
#7030=ADVANCED_FACE('',(#7029),#7019,.F.);
#7039=EDGE_CURVE('',#3496,#3512,#2349,.T.);
#7041=EDGE_CURVE('',#3537,#3512,#2396,.T.);
#7043=EDGE_CURVE('',#3539,#3537,#2455,.T.);
#7045=EDGE_CURVE('',#3539,#3535,#2815,.T.);
#7047=EDGE_CURVE('',#3534,#3535,#2819,.T.);
#7049=EDGE_CURVE('',#3565,#3534,#2859,.T.);
#7054=ADVANCED_FACE('',(#7053),#7035,.T.);
#7061=EDGE_CURVE('',#3497,#3513,#2363,.T.);
#7063=EDGE_CURVE('',#3512,#3513,#2401,.T.);
#7068=ADVANCED_FACE('',(#7067),#7059,.F.);
#7075=EDGE_CURVE('',#3573,#3579,#2375,.T.);
#7077=EDGE_CURVE('',#3578,#3579,#2359,.T.);
#7079=EDGE_CURVE('',#3513,#3578,#2405,.T.);
#7085=ADVANCED_FACE('',(#7084),#7073,.T.);
#7093=EDGE_CURVE('',#3581,#3579,#2371,.T.);
#7098=ADVANCED_FACE('',(#7097),#7090,.T.);
#7107=EDGE_CURVE('',#3583,#3578,#2379,.T.);
#7111=ADVANCED_FACE('',(#7110),#7103,.T.);
#7122=EDGE_CURVE('',#3529,#3537,#2439,.T.);
#7129=ADVANCED_FACE('',(#7128),#7116,.F.);
#7135=EDGE_CURVE('',#3599,#3594,#2409,.T.);
#7137=EDGE_CURVE('',#3599,#3508,#2413,.T.);
#7139=EDGE_CURVE('',#3508,#3509,#2418,.T.);
#7141=EDGE_CURVE('',#3509,#3559,#2422,.T.);
#7143=EDGE_CURVE('',#3551,#3559,#2491,.T.);
#7147=EDGE_CURVE('',#3504,#3505,#2431,.T.);
#7149=EDGE_CURVE('',#3505,#3594,#2435,.T.);
#7153=ADVANCED_FACE('',(#7152),#7134,.F.);
#7161=EDGE_CURVE('',#3005,#3000,#2487,.T.);
#7163=EDGE_CURVE('',#3005,#3145,#2447,.T.);
#7165=EDGE_CURVE('',#3149,#3145,#2803,.T.);
#7167=EDGE_CURVE('',#2959,#3149,#2795,.T.);
#7170=EDGE_CURVE('',#3539,#3136,#2451,.T.);
#7175=ADVANCED_FACE('',(#7174),#7158,.F.);
#7181=EDGE_CURVE('',#2992,#2993,#2459,.T.);
#7183=EDGE_CURVE('',#2993,#2995,#2463,.T.);
#7185=EDGE_CURVE('',#2995,#2997,#2467,.T.);
#7190=ADVANCED_FACE('',(#7189),#7180,.F.);
#7197=EDGE_CURVE('',#3001,#3003,#2479,.T.);
#7199=EDGE_CURVE('',#3003,#3005,#2483,.T.);
#7204=ADVANCED_FACE('',(#7203),#7195,.F.);
#7211=EDGE_CURVE('',#3561,#3559,#2495,.T.);
#7213=EDGE_CURVE('',#3561,#3141,#2499,.T.);
#7216=EDGE_CURVE('',#2969,#3154,#2503,.T.);
#7218=EDGE_CURVE('',#3158,#3154,#2767,.T.);
#7220=EDGE_CURVE('',#2993,#3158,#2759,.T.);
#7226=ADVANCED_FACE('',(#7225),#7209,.F.);
#7233=EDGE_CURVE('',#3823,#3563,#2523,.T.);
#7235=EDGE_CURVE('',#3563,#3555,#2615,.T.);
#7237=EDGE_CURVE('',#3554,#3555,#2591,.T.);
#7239=EDGE_CURVE('',#3554,#3561,#2627,.T.);
#7243=EDGE_CURVE('',#3493,#3509,#2511,.T.);
#7249=ADVANCED_FACE('',(#7248),#7231,.T.);
#7256=EDGE_CURVE('',#3173,#3822,#2551,.T.);
#7258=EDGE_CURVE('',#3563,#3173,#2519,.T.);
#7263=ADVANCED_FACE('',(#7262),#7254,.F.);
#7269=EDGE_CURVE('',#3834,#3835,#2527,.T.);
#7273=EDGE_CURVE('',#3466,#3467,#2535,.T.);
#7275=EDGE_CURVE('',#3466,#3834,#2539,.T.);
#7279=ADVANCED_FACE('',(#7278),#7268,.F.);
#7286=EDGE_CURVE('',#3172,#3831,#2563,.T.);
#7288=EDGE_CURVE('',#3172,#3173,#2547,.T.);
#7293=ADVANCED_FACE('',(#7292),#7284,.F.);
#7300=EDGE_CURVE('',#3175,#3819,#2579,.T.);
#7302=EDGE_CURVE('',#3175,#3172,#2559,.T.);
#7307=ADVANCED_FACE('',(#7306),#7298,.F.);
#7315=EDGE_CURVE('',#3181,#3175,#2575,.T.);
#7320=ADVANCED_FACE('',(#7319),#7312,.F.);
#7326=EDGE_CURVE('',#3179,#3177,#2607,.T.);
#7328=EDGE_CURVE('',#3175,#3177,#2583,.T.);
#7334=ADVANCED_FACE('',(#7333),#7325,.T.);
#7341=EDGE_CURVE('',#3555,#3169,#2595,.T.);
#7343=EDGE_CURVE('',#3168,#3169,#2599,.T.);
#7345=EDGE_CURVE('',#3177,#3168,#2603,.T.);
#7350=EDGE_CURVE('',#3554,#3140,#2611,.T.);
#7354=ADVANCED_FACE('',(#7353),#7339,.F.);
#7362=EDGE_CURVE('',#3173,#3169,#2619,.T.);
#7367=ADVANCED_FACE('',(#7366),#7359,.T.);
#7376=EDGE_CURVE('',#3172,#3168,#2623,.T.);
#7380=ADVANCED_FACE('',(#7379),#7372,.T.);
#7392=ADVANCED_FACE('',(#7391),#7385,.T.);
#7404=ADVANCED_FACE('',(#7403),#7397,.T.);
#7411=EDGE_CURVE('',#3847,#3834,#2631,.T.);
#7413=EDGE_CURVE('',#3846,#3847,#2639,.T.);
#7418=ADVANCED_FACE('',(#7417),#7409,.T.);
#7426=EDGE_CURVE('',#3841,#3843,#2655,.T.);
#7428=EDGE_CURVE('',#3838,#3841,#2671,.T.);
#7432=ADVANCED_FACE('',(#7431),#7423,.T.);
#7441=EDGE_CURVE('',#3473,#3847,#2635,.T.);
#7445=ADVANCED_FACE('',(#7444),#7437,.F.);
#7453=EDGE_CURVE('',#3470,#3473,#2643,.T.);
#7459=ADVANCED_FACE('',(#7458),#7450,.F.);
#7471=ADVANCED_FACE('',(#7470),#7464,.T.);
#7480=EDGE_CURVE('',#3479,#3483,#2663,.T.);
#7482=EDGE_CURVE('',#3483,#3841,#2667,.T.);
#7486=ADVANCED_FACE('',(#7485),#7476,.F.);
#7498=ADVANCED_FACE('',(#7497),#7491,.T.);
#7510=ADVANCED_FACE('',(#7509),#7503,.F.);
#7522=ADVANCED_FACE('',(#7521),#7515,.T.);
#7531=EDGE_CURVE('',#3492,#3508,#2683,.T.);
#7535=ADVANCED_FACE('',(#7534),#7527,.F.);
#7541=EDGE_CURVE('',#3586,#3587,#2688,.T.);
#7546=EDGE_CURVE('',#3597,#3599,#2693,.T.);
#7548=EDGE_CURVE('',#3587,#3597,#2697,.T.);
#7552=ADVANCED_FACE('',(#7551),#7540,.T.);
#7559=EDGE_CURVE('',#3589,#3587,#2701,.T.);
#7561=EDGE_CURVE('',#3589,#3591,#2714,.T.);
#7566=ADVANCED_FACE('',(#7565),#7557,.T.);
#7574=EDGE_CURVE('',#3597,#3595,#2705,.T.);
#7576=EDGE_CURVE('',#3589,#3595,#2709,.T.);
#7580=ADVANCED_FACE('',(#7579),#7571,.T.);
#7586=EDGE_CURVE('',#3594,#3595,#2719,.T.);
#7593=ADVANCED_FACE('',(#7592),#7585,.T.);
#7603=EDGE_CURVE('',#3489,#3505,#2723,.T.);
#7608=ADVANCED_FACE('',(#7607),#7598,.T.);
#7620=ADVANCED_FACE('',(#7619),#7613,.T.);
#7628=EDGE_CURVE('',#3155,#3627,#2735,.T.);
#7630=EDGE_CURVE('',#3154,#3155,#2739,.T.);
#7636=ADVANCED_FACE('',(#7635),#7625,.F.);
#7644=EDGE_CURVE('',#3159,#3161,#2747,.T.);
#7646=EDGE_CURVE('',#3159,#3155,#2763,.T.);
#7650=ADVANCED_FACE('',(#7649),#7641,.T.);
#7659=EDGE_CURVE('',#2995,#3159,#2751,.T.);
#7663=ADVANCED_FACE('',(#7662),#7655,.F.);
#7669=EDGE_CURVE('',#3158,#3159,#2755,.T.);
#7676=ADVANCED_FACE('',(#7675),#7668,.F.);
#7688=ADVANCED_FACE('',(#7687),#7681,.T.);
#7694=EDGE_CURVE('',#3151,#3144,#2771,.T.);
#7696=EDGE_CURVE('',#3003,#3144,#2811,.T.);
#7702=ADVANCED_FACE('',(#7701),#7693,.F.);
#7708=EDGE_CURVE('',#3625,#3148,#2787,.T.);
#7710=EDGE_CURVE('',#3144,#3148,#2779,.T.);
#7716=ADVANCED_FACE('',(#7715),#7707,.T.);
#7727=EDGE_CURVE('',#3148,#3149,#2799,.T.);
#7731=ADVANCED_FACE('',(#7730),#7721,.F.);
#7737=EDGE_CURVE('',#3144,#3145,#2807,.T.);
#7744=ADVANCED_FACE('',(#7743),#7736,.T.);
#7756=ADVANCED_FACE('',(#7755),#7749,.F.);
#7765=EDGE_CURVE('',#3535,#3137,#2823,.T.);
#7769=ADVANCED_FACE('',(#7768),#7761,.T.);
#7779=EDGE_CURVE('',#3188,#3189,#2831,.T.);
#7781=EDGE_CURVE('',#3191,#3188,#2835,.T.);
#7783=EDGE_CURVE('',#3197,#3191,#2839,.T.);
#7785=EDGE_CURVE('',#3197,#3534,#2843,.T.);
#7789=ADVANCED_FACE('',(#7788),#7774,.F.);
#7796=EDGE_CURVE('',#3184,#3188,#2851,.T.);
#7802=ADVANCED_FACE('',(#7801),#7794,.T.);
#7811=EDGE_CURVE('',#3193,#3191,#2855,.T.);
#7815=ADVANCED_FACE('',(#7814),#7807,.T.);
#7822=EDGE_CURVE('',#3195,#3197,#2863,.T.);
#7828=ADVANCED_FACE('',(#7827),#7820,.T.);
#7840=ADVANCED_FACE('',(#7839),#7833,.T.);
#7852=ADVANCED_FACE('',(#7851),#7845,.T.);
#7864=ADVANCED_FACE('',(#7863),#7857,.T.);
#7873=EDGE_CURVE('',#3133,#3131,#2875,.T.);
#7877=ADVANCED_FACE('',(#7876),#7869,.T.);
#7884=EDGE_CURVE('',#3133,#3659,#2879,.T.);
#7890=ADVANCED_FACE('',(#7889),#7882,.F.);
#7902=ADVANCED_FACE('',(#7901),#7895,.F.);
#7914=ADVANCED_FACE('',(#7913),#7907,.F.);
#7922=EDGE_CURVE('',#3200,#3201,#2899,.T.);
#7924=EDGE_CURVE('',#3217,#3201,#2935,.T.);
#7928=ADVANCED_FACE('',(#7927),#7919,.T.);
#7936=EDGE_CURVE('',#3203,#3205,#2907,.T.);
#7938=EDGE_CURVE('',#3201,#3203,#2911,.T.);
#7942=ADVANCED_FACE('',(#7941),#7933,.T.);
#7949=EDGE_CURVE('',#3213,#3208,#2919,.T.);
#7951=EDGE_CURVE('',#3211,#3213,#2923,.T.);
#7953=EDGE_CURVE('',#3209,#3211,#2927,.T.);
#7957=ADVANCED_FACE('',(#7956),#7947,.T.);
#7964=EDGE_CURVE('',#3219,#3203,#2931,.T.);
#7970=ADVANCED_FACE('',(#7969),#7962,.T.);
#7982=ADVANCED_FACE('',(#7981),#7975,.T.);
#7989=EDGE_CURVE('',#3227,#3213,#2939,.T.);
#7995=ADVANCED_FACE('',(#7994),#7987,.T.);
#8002=EDGE_CURVE('',#3225,#3211,#2943,.T.);
#8008=ADVANCED_FACE('',(#8007),#8000,.T.);
#8020=ADVANCED_FACE('',(#8019),#8013,.T.);
#8021=CLOSED_SHELL('',(#3937,#4038,#4055,#4071,#4149,#4163,#4177,#4190,#4203,
#4219,#4325,#4341,#4357,#4370,#4390,#4405,#4420,#4434,#4447,#4460,#4472,#4486,
#4502,#4516,#4530,#4544,#4560,#4575,#4588,#4601,#4613,#4626,#4640,#4653,#4665,
#4681,#4696,#4710,#4725,#4740,#4753,#4765,#4778,#4791,#4803,#4819,#4834,#4848,
#4863,#4878,#4891,#4903,#4916,#4929,#4941,#4957,#4972,#4986,#5001,#5016,#5029,
#5041,#5054,#5067,#5079,#5095,#5110,#5124,#5139,#5154,#5167,#5179,#5192,#5205,
#5217,#5233,#5248,#5262,#5277,#5292,#5305,#5317,#5330,#5343,#5355,#5368,#5381,
#5393,#5408,#5422,#5436,#5450,#5464,#5478,#5491,#5506,#5524,#5538,#5555,#5569,
#5585,#5597,#5612,#5628,#5641,#5656,#5668,#5680,#5717,#5732,#5764,#5784,#5799,
#5815,#5845,#5873,#5888,#5906,#5920,#5934,#5949,#5968,#5984,#6014,#6028,#6043,
#6062,#6076,#6090,#6105,#6121,#6145,#6167,#6186,#6204,#6218,#6231,#6248,#6260,
#6274,#6288,#6302,#6317,#6338,#6354,#6366,#6378,#6391,#6404,#6416,#6430,#6443,
#6456,#6468,#6489,#6503,#6517,#6532,#6550,#6576,#6591,#6605,#6620,#6639,#6653,
#6666,#6683,#6697,#6719,#6733,#6746,#6760,#6773,#6787,#6800,#6817,#6831,#6862,
#6876,#6898,#6918,#6937,#6958,#6972,#6986,#7000,#7014,#7030,#7054,#7068,#7085,
#7098,#7111,#7129,#7153,#7175,#7190,#7204,#7226,#7249,#7263,#7279,#7293,#7307,
#7320,#7334,#7354,#7367,#7380,#7392,#7404,#7418,#7432,#7445,#7459,#7471,#7486,
#7498,#7510,#7522,#7535,#7552,#7566,#7580,#7593,#7608,#7620,#7636,#7650,#7663,
#7676,#7688,#7702,#7716,#7731,#7744,#7756,#7769,#7789,#7802,#7815,#7828,#7840,
#7852,#7864,#7877,#7890,#7902,#7914,#7928,#7942,#7957,#7970,#7982,#7995,#8008,
#8020));
#8022=MANIFOLD_SOLID_BREP('',#8021);
#8023=(LENGTH_UNIT()NAMED_UNIT(*)SI_UNIT(.MILLI.,.METRE.));
#8024=(NAMED_UNIT(*)PLANE_ANGLE_UNIT()SI_UNIT($,.RADIAN.));
#8027=(NAMED_UNIT(*)SI_UNIT($,.STERADIAN.)SOLID_ANGLE_UNIT());
#8029=(GEOMETRIC_REPRESENTATION_CONTEXT(3)GLOBAL_UNCERTAINTY_ASSIGNED_CONTEXT((
#8028))GLOBAL_UNIT_ASSIGNED_CONTEXT((#8023,#8026,#8027))REPRESENTATION_CONTEXT(
'ID1','3'));
#8030=ADVANCED_BREP_SHAPE_REPRESENTATION('',(#8022),#8029);
#8037=PRODUCT_DEFINITION('part definition','',#8036,#8033);
#8038=PRODUCT_DEFINITION_SHAPE('','SHAPE FOR C-2360547-6.',#8037);
#8039=SHAPE_ASPECT('','solid data associated with C-2360547-6',#8038,.F.);
#8040=PROPERTY_DEFINITION('',
'shape for solid data with which properties are associated',#8039);
#8041=SHAPE_REPRESENTATION('',(#8022),#8029);
#8042=SHAPE_DEFINITION_REPRESENTATION(#8040,#8041);
#8043=(LENGTH_UNIT()NAMED_UNIT(*)SI_UNIT(.MILLI.,.METRE.));
#8047=PROPERTY_DEFINITION('geometric validation property','area of C-2360547-6',
#8039);
#8048=REPRESENTATION('surface area',(#8046),#8029);
#8049=PROPERTY_DEFINITION_REPRESENTATION(#8047,#8048);
#8050=(LENGTH_UNIT()NAMED_UNIT(*)SI_UNIT(.MILLI.,.METRE.));
#8054=PROPERTY_DEFINITION('geometric validation property',
'volume of C-2360547-6',#8039);
#8055=REPRESENTATION('volume',(#8053),#8029);
#8056=PROPERTY_DEFINITION_REPRESENTATION(#8054,#8055);
#8058=PROPERTY_DEFINITION('geometric validation property',
'centroid of C-2360547-6',#8039);
#8059=REPRESENTATION('centroid',(#8057),#8029);
#8060=PROPERTY_DEFINITION_REPRESENTATION(#8058,#8059);
#8061=(LENGTH_UNIT()NAMED_UNIT(*)SI_UNIT(.MILLI.,.METRE.));
#8065=PROPERTY_DEFINITION('geometric validation property','area of C-2360547-6',
#8038);
#8066=REPRESENTATION('surface area',(#8064),#8029);
#8067=PROPERTY_DEFINITION_REPRESENTATION(#8065,#8066);
#8068=(LENGTH_UNIT()NAMED_UNIT(*)SI_UNIT(.MILLI.,.METRE.));
#8072=PROPERTY_DEFINITION('geometric validation property',
'volume of C-2360547-6',#8038);
#8073=REPRESENTATION('volume',(#8071),#8029);
#8074=PROPERTY_DEFINITION_REPRESENTATION(#8072,#8073);
#8076=PROPERTY_DEFINITION('geometric validation property',
'centroid of C-2360547-6',#8038);
#8077=REPRESENTATION('centroid',(#8075),#8029);
#8078=PROPERTY_DEFINITION_REPRESENTATION(#8076,#8077);
#8079=SHAPE_DEFINITION_REPRESENTATION(#8038,#8030);
ENDSEC;
END-ISO-10303-21;
