ISO-10303-21;
HEADER;
FILE_DESCRIPTION((''),'2;1');
FILE_NAME('C-2360547-5','2022-11-18T03:06:01',('workeradm'),(
'TE Connectivity Ltd.'),'CREO PARAMETRIC BY PTC INC, 2021072',
'CREO PARAMETRIC BY PTC INC, 2021072','');
FILE_SCHEMA(('AUTOMOTIVE_DESIGN { 1 0 10303 214 1 1 1 1 }'));
ENDSEC;
DATA;
#134=DIRECTION('',(1.E0,0.E0,0.E0));
#135=VECTOR('',#134,3.15E-1);
#136=CARTESIAN_POINT('',(4.21E0,-2.4E0,0.E0));
#137=LINE('',#136,#135);
#138=DIRECTION('',(0.E0,-1.E0,0.E0));
#139=VECTOR('',#138,1.E-1);
#140=CARTESIAN_POINT('',(4.21E0,-2.4E0,0.E0));
#141=LINE('',#140,#139);
#142=DIRECTION('',(1.E0,0.E0,0.E0));
#143=VECTOR('',#142,6.82E0);
#144=CARTESIAN_POINT('',(-3.41E0,-2.4E0,0.E0));
#145=LINE('',#144,#143);
#146=DIRECTION('',(0.E0,-1.E0,0.E0));
#147=VECTOR('',#146,1.E-1);
#148=CARTESIAN_POINT('',(-3.41E0,-2.4E0,0.E0));
#149=LINE('',#148,#147);
#150=DIRECTION('',(1.E0,0.E0,0.E0));
#151=VECTOR('',#150,3.15E-1);
#152=CARTESIAN_POINT('',(-4.525E0,-2.4E0,0.E0));
#153=LINE('',#152,#151);
#154=DIRECTION('',(7.071067811865E-1,-7.071067811865E-1,0.E0));
#155=VECTOR('',#154,2.121320343560E-1);
#156=CARTESIAN_POINT('',(-4.675E0,-2.25E0,0.E0));
#157=LINE('',#156,#155);
#158=DIRECTION('',(0.E0,-1.E0,0.E0));
#159=VECTOR('',#158,1.25E0);
#160=CARTESIAN_POINT('',(-4.675E0,-1.E0,0.E0));
#161=LINE('',#160,#159);
#162=DIRECTION('',(0.E0,1.E0,0.E0));
#163=VECTOR('',#162,2.E-1);
#164=CARTESIAN_POINT('',(-4.675E0,-1.E0,0.E0));
#165=LINE('',#164,#163);
#166=DIRECTION('',(0.E0,-1.E0,0.E0));
#167=VECTOR('',#166,4.5E-1);
#168=CARTESIAN_POINT('',(-4.675E0,-3.5E-1,0.E0));
#169=LINE('',#168,#167);
#170=DIRECTION('',(1.E0,0.E0,0.E0));
#171=VECTOR('',#170,7.75E-1);
#172=CARTESIAN_POINT('',(-5.45E0,-3.5E-1,0.E0));
#173=LINE('',#172,#171);
#174=DIRECTION('',(0.E0,-1.E0,0.E0));
#175=VECTOR('',#174,2.75E0);
#176=CARTESIAN_POINT('',(-5.45E0,2.4E0,0.E0));
#177=LINE('',#176,#175);
#178=DIRECTION('',(-1.E0,0.E0,0.E0));
#179=VECTOR('',#178,1.09E1);
#180=CARTESIAN_POINT('',(5.45E0,2.4E0,0.E0));
#181=LINE('',#180,#179);
#182=DIRECTION('',(0.E0,1.E0,0.E0));
#183=VECTOR('',#182,2.75E0);
#184=CARTESIAN_POINT('',(5.45E0,-3.5E-1,0.E0));
#185=LINE('',#184,#183);
#186=DIRECTION('',(1.E0,0.E0,0.E0));
#187=VECTOR('',#186,7.75E-1);
#188=CARTESIAN_POINT('',(4.675E0,-3.5E-1,0.E0));
#189=LINE('',#188,#187);
#190=DIRECTION('',(0.E0,1.E0,0.E0));
#191=VECTOR('',#190,4.5E-1);
#192=CARTESIAN_POINT('',(4.675E0,-8.E-1,0.E0));
#193=LINE('',#192,#191);
#194=DIRECTION('',(0.E0,-1.E0,0.E0));
#195=VECTOR('',#194,2.E-1);
#196=CARTESIAN_POINT('',(4.675E0,-8.E-1,0.E0));
#197=LINE('',#196,#195);
#198=DIRECTION('',(0.E0,1.E0,0.E0));
#199=VECTOR('',#198,1.25E0);
#200=CARTESIAN_POINT('',(4.675E0,-2.25E0,0.E0));
#201=LINE('',#200,#199);
#202=DIRECTION('',(7.071067811865E-1,7.071067811865E-1,0.E0));
#203=VECTOR('',#202,2.121320343560E-1);
#204=CARTESIAN_POINT('',(4.525E0,-2.4E0,0.E0));
#205=LINE('',#204,#203);
#206=DIRECTION('',(-1.E0,0.E0,0.E0));
#207=VECTOR('',#206,1.375E0);
#208=CARTESIAN_POINT('',(3.26E0,1.825E0,0.E0));
#209=LINE('',#208,#207);
#210=DIRECTION('',(-1.E0,0.E0,0.E0));
#211=VECTOR('',#210,1.375E0);
#212=CARTESIAN_POINT('',(-1.885E0,1.825E0,0.E0));
#213=LINE('',#212,#211);
#214=DIRECTION('',(0.E0,-1.E0,0.E0));
#215=VECTOR('',#214,1.325E0);
#216=CARTESIAN_POINT('',(-3.26E0,1.825E0,0.E0));
#217=LINE('',#216,#215);
#218=DIRECTION('',(-1.E0,0.E0,0.E0));
#219=VECTOR('',#218,1.75E-1);
#220=CARTESIAN_POINT('',(-3.26E0,5.E-1,0.E0));
#221=LINE('',#220,#219);
#222=DIRECTION('',(0.E0,-1.E0,0.E0));
#223=VECTOR('',#222,1.E0);
#224=CARTESIAN_POINT('',(-3.435E0,1.5E0,0.E0));
#225=LINE('',#224,#223);
#226=DIRECTION('',(0.E0,-1.E0,0.E0));
#227=VECTOR('',#226,3.486602540378E0);
#228=CARTESIAN_POINT('',(-4.451602540378E0,1.5E0,0.E0));
#229=LINE('',#228,#227);
#230=DIRECTION('',(-1.E0,0.E0,0.E0));
#231=VECTOR('',#230,8.903205080757E0);
#232=CARTESIAN_POINT('',(4.451602540378E0,-1.986602540378E0,0.E0));
#233=LINE('',#232,#231);
#234=DIRECTION('',(0.E0,1.E0,0.E0));
#235=VECTOR('',#234,3.986602540378E0);
#236=CARTESIAN_POINT('',(4.451602540378E0,-1.986602540378E0,0.E0));
#237=LINE('',#236,#235);
#238=DIRECTION('',(0.E0,1.E0,0.E0));
#239=VECTOR('',#238,1.5E0);
#240=CARTESIAN_POINT('',(3.435E0,5.E-1,0.E0));
#241=LINE('',#240,#239);
#242=DIRECTION('',(-1.E0,0.E0,0.E0));
#243=VECTOR('',#242,1.75E-1);
#244=CARTESIAN_POINT('',(3.435E0,5.E-1,0.E0));
#245=LINE('',#244,#243);
#246=DIRECTION('',(0.E0,1.E0,0.E0));
#247=VECTOR('',#246,1.325E0);
#248=CARTESIAN_POINT('',(3.26E0,5.E-1,0.E0));
#249=LINE('',#248,#247);
#250=DIRECTION('',(0.E0,0.E0,1.E0));
#251=VECTOR('',#250,2.380697205048E-1);
#252=CARTESIAN_POINT('',(2.85E0,-2.4E0,-5.8E0));
#253=LINE('',#252,#251);
#254=DIRECTION('',(0.E0,0.E0,1.E0));
#255=VECTOR('',#254,2.380697205048E-1);
#256=CARTESIAN_POINT('',(1.65E0,-2.4E0,-5.8E0));
#257=LINE('',#256,#255);
#258=DIRECTION('',(1.E0,0.E0,0.E0));
#259=VECTOR('',#258,3.E-1);
#260=CARTESIAN_POINT('',(1.35E0,-2.4E0,-5.561930279495E0));
#261=LINE('',#260,#259);
#262=DIRECTION('',(0.E0,0.E0,1.E0));
#263=VECTOR('',#262,2.380697205048E-1);
#264=CARTESIAN_POINT('',(1.35E0,-2.4E0,-5.8E0));
#265=LINE('',#264,#263);
#266=DIRECTION('',(0.E0,0.E0,1.E0));
#267=VECTOR('',#266,2.380697205048E-1);
#268=CARTESIAN_POINT('',(1.5E-1,-2.4E0,-5.8E0));
#269=LINE('',#268,#267);
#270=DIRECTION('',(1.E0,0.E0,0.E0));
#271=VECTOR('',#270,3.E-1);
#272=CARTESIAN_POINT('',(-1.5E-1,-2.4E0,-5.561930279495E0));
#273=LINE('',#272,#271);
#274=DIRECTION('',(0.E0,0.E0,1.E0));
#275=VECTOR('',#274,2.380697205048E-1);
#276=CARTESIAN_POINT('',(-1.5E-1,-2.4E0,-5.8E0));
#277=LINE('',#276,#275);
#278=DIRECTION('',(0.E0,0.E0,1.E0));
#279=VECTOR('',#278,2.380697205048E-1);
#280=CARTESIAN_POINT('',(-1.35E0,-2.4E0,-5.8E0));
#281=LINE('',#280,#279);
#282=DIRECTION('',(1.E0,0.E0,0.E0));
#283=VECTOR('',#282,3.E-1);
#284=CARTESIAN_POINT('',(-1.65E0,-2.4E0,-5.561930279495E0));
#285=LINE('',#284,#283);
#286=DIRECTION('',(0.E0,0.E0,1.E0));
#287=VECTOR('',#286,2.380697205048E-1);
#288=CARTESIAN_POINT('',(-1.65E0,-2.4E0,-5.8E0));
#289=LINE('',#288,#287);
#290=DIRECTION('',(0.E0,0.E0,1.E0));
#291=VECTOR('',#290,2.380697205048E-1);
#292=CARTESIAN_POINT('',(-2.85E0,-2.4E0,-5.8E0));
#293=LINE('',#292,#291);
#294=DIRECTION('',(1.E0,0.E0,0.E0));
#295=VECTOR('',#294,3.E-1);
#296=CARTESIAN_POINT('',(-3.15E0,-2.4E0,-5.561930279495E0));
#297=LINE('',#296,#295);
#298=DIRECTION('',(0.E0,0.E0,1.E0));
#299=VECTOR('',#298,2.380697205048E-1);
#300=CARTESIAN_POINT('',(-3.15E0,-2.4E0,-5.8E0));
#301=LINE('',#300,#299);
#302=DIRECTION('',(0.E0,0.E0,1.E0));
#303=VECTOR('',#302,9.E-1);
#304=CARTESIAN_POINT('',(-4.95E0,-2.4E0,-5.8E0));
#305=LINE('',#304,#303);
#306=DIRECTION('',(1.E0,0.E0,0.E0));
#307=VECTOR('',#306,5.E-1);
#308=CARTESIAN_POINT('',(-5.45E0,-2.4E0,-4.9E0));
#309=LINE('',#308,#307);
#310=DIRECTION('',(0.E0,0.E0,-1.E0));
#311=VECTOR('',#310,2.15E0);
#312=CARTESIAN_POINT('',(-4.525E0,-2.4E0,0.E0));
#313=LINE('',#312,#311);
#314=DIRECTION('',(0.E0,0.E0,-1.E0));
#315=VECTOR('',#314,1.5E0);
#316=CARTESIAN_POINT('',(-4.21E0,-2.4E0,0.E0));
#317=LINE('',#316,#315);
#318=DIRECTION('',(1.E0,0.E0,0.E0));
#319=VECTOR('',#318,8.E-1);
#320=CARTESIAN_POINT('',(-4.21E0,-2.4E0,-1.5E0));
#321=LINE('',#320,#319);
#322=DIRECTION('',(0.E0,0.E0,-1.E0));
#323=VECTOR('',#322,1.5E0);
#324=CARTESIAN_POINT('',(-3.41E0,-2.4E0,0.E0));
#325=LINE('',#324,#323);
#326=DIRECTION('',(0.E0,0.E0,-1.E0));
#327=VECTOR('',#326,1.5E0);
#328=CARTESIAN_POINT('',(3.41E0,-2.4E0,0.E0));
#329=LINE('',#328,#327);
#330=DIRECTION('',(1.E0,0.E0,0.E0));
#331=VECTOR('',#330,8.E-1);
#332=CARTESIAN_POINT('',(3.41E0,-2.4E0,-1.5E0));
#333=LINE('',#332,#331);
#334=DIRECTION('',(0.E0,0.E0,-1.E0));
#335=VECTOR('',#334,1.5E0);
#336=CARTESIAN_POINT('',(4.21E0,-2.4E0,0.E0));
#337=LINE('',#336,#335);
#338=DIRECTION('',(0.E0,0.E0,1.E0));
#339=VECTOR('',#338,2.15E0);
#340=CARTESIAN_POINT('',(4.525E0,-2.4E0,-2.15E0));
#341=LINE('',#340,#339);
#342=DIRECTION('',(-1.E0,0.E0,0.E0));
#343=VECTOR('',#342,5.E-1);
#344=CARTESIAN_POINT('',(5.45E0,-2.4E0,-4.9E0));
#345=LINE('',#344,#343);
#346=DIRECTION('',(0.E0,0.E0,1.E0));
#347=VECTOR('',#346,9.E-1);
#348=CARTESIAN_POINT('',(4.95E0,-2.4E0,-5.8E0));
#349=LINE('',#348,#347);
#350=DIRECTION('',(0.E0,0.E0,1.E0));
#351=VECTOR('',#350,2.380697205048E-1);
#352=CARTESIAN_POINT('',(3.15E0,-2.4E0,-5.8E0));
#353=LINE('',#352,#351);
#354=DIRECTION('',(1.E0,0.E0,0.E0));
#355=VECTOR('',#354,3.E-1);
#356=CARTESIAN_POINT('',(2.85E0,-2.4E0,-5.561930279495E0));
#357=LINE('',#356,#355);
#358=DIRECTION('',(0.E0,-9.993392221981E-1,-3.634720039469E-2));
#359=VECTOR('',#358,8.660243297136E-1);
#360=CARTESIAN_POINT('',(2.85E0,-2.4E0,-5.561930279495E0));
#361=LINE('',#360,#359);
#362=DIRECTION('',(0.E0,3.634720039469E-2,-9.993392221981E-1));
#363=VECTOR('',#362,3.E-1);
#364=CARTESIAN_POINT('',(2.85E0,-3.265452080061E0,-5.593407839354E0));
#365=LINE('',#364,#363);
#366=DIRECTION('',(0.E0,9.993392221981E-1,3.634720039470E-2));
#367=VECTOR('',#366,2.564423256846E0);
#368=CARTESIAN_POINT('',(2.85E0,-3.254547919942E0,-5.893209606013E0));
#369=LINE('',#368,#367);
#370=DIRECTION('',(0.E0,0.E0,1.E0));
#371=VECTOR('',#370,2.3E0);
#372=CARTESIAN_POINT('',(2.85E0,-2.5E-1,-4.4E0));
#373=LINE('',#372,#371);
#374=DIRECTION('',(0.E0,-1.E0,0.E0));
#375=VECTOR('',#374,3.E-1);
#376=CARTESIAN_POINT('',(2.85E0,-2.5E-1,-2.1E0));
#377=LINE('',#376,#375);
#378=DIRECTION('',(0.E0,0.E0,-1.E0));
#379=VECTOR('',#378,2.3E0);
#380=CARTESIAN_POINT('',(2.85E0,-5.5E-1,-2.1E0));
#381=LINE('',#380,#379);
#382=DIRECTION('',(0.E0,1.E0,0.E0));
#383=VECTOR('',#382,1.708180822941E0);
#384=CARTESIAN_POINT('',(2.85E0,-2.4E0,-5.8E0));
#385=LINE('',#384,#383);
#386=DIRECTION('',(1.E0,0.E0,0.E0));
#387=VECTOR('',#386,3.E-1);
#388=CARTESIAN_POINT('',(2.85E0,-6.918191770586E-1,-5.8E0));
#389=LINE('',#388,#387);
#390=DIRECTION('',(0.E0,1.E0,0.E0));
#391=VECTOR('',#390,1.708180822941E0);
#392=CARTESIAN_POINT('',(3.15E0,-2.4E0,-5.8E0));
#393=LINE('',#392,#391);
#394=DIRECTION('',(1.E0,0.E0,0.E0));
#395=VECTOR('',#394,1.8E0);
#396=CARTESIAN_POINT('',(3.15E0,-2.4E0,-5.8E0));
#397=LINE('',#396,#395);
#398=DIRECTION('',(0.E0,1.E0,0.E0));
#399=VECTOR('',#398,9.E-1);
#400=CARTESIAN_POINT('',(4.95E0,-2.4E0,-5.8E0));
#401=LINE('',#400,#399);
#402=DIRECTION('',(-1.E0,0.E0,0.E0));
#403=VECTOR('',#402,5.E-1);
#404=CARTESIAN_POINT('',(5.45E0,-1.5E0,-5.8E0));
#405=LINE('',#404,#403);
#406=DIRECTION('',(0.E0,1.E0,0.E0));
#407=VECTOR('',#406,9.E-1);
#408=CARTESIAN_POINT('',(5.45E0,-1.5E0,-5.8E0));
#409=LINE('',#408,#407);
#410=DIRECTION('',(0.E0,-1.E0,0.E0));
#411=VECTOR('',#410,3.E0);
#412=CARTESIAN_POINT('',(4.395E0,2.4E0,-5.8E0));
#413=LINE('',#412,#411);
#414=DIRECTION('',(-1.E0,0.E0,0.E0));
#415=VECTOR('',#414,8.79E0);
#416=CARTESIAN_POINT('',(4.395E0,2.4E0,-5.8E0));
#417=LINE('',#416,#415);
#418=DIRECTION('',(0.E0,1.E0,0.E0));
#419=VECTOR('',#418,3.E0);
#420=CARTESIAN_POINT('',(-4.395E0,-6.E-1,-5.8E0));
#421=LINE('',#420,#419);
#422=DIRECTION('',(0.E0,-1.E0,0.E0));
#423=VECTOR('',#422,9.E-1);
#424=CARTESIAN_POINT('',(-5.45E0,-6.E-1,-5.8E0));
#425=LINE('',#424,#423);
#426=DIRECTION('',(1.E0,0.E0,0.E0));
#427=VECTOR('',#426,5.E-1);
#428=CARTESIAN_POINT('',(-5.45E0,-1.5E0,-5.8E0));
#429=LINE('',#428,#427);
#430=DIRECTION('',(0.E0,1.E0,0.E0));
#431=VECTOR('',#430,9.E-1);
#432=CARTESIAN_POINT('',(-4.95E0,-2.4E0,-5.8E0));
#433=LINE('',#432,#431);
#434=DIRECTION('',(1.E0,0.E0,0.E0));
#435=VECTOR('',#434,1.8E0);
#436=CARTESIAN_POINT('',(-4.95E0,-2.4E0,-5.8E0));
#437=LINE('',#436,#435);
#438=DIRECTION('',(0.E0,1.E0,0.E0));
#439=VECTOR('',#438,1.708180822941E0);
#440=CARTESIAN_POINT('',(-3.15E0,-2.4E0,-5.8E0));
#441=LINE('',#440,#439);
#442=DIRECTION('',(1.E0,0.E0,0.E0));
#443=VECTOR('',#442,3.E-1);
#444=CARTESIAN_POINT('',(-3.15E0,-6.918191770586E-1,-5.8E0));
#445=LINE('',#444,#443);
#446=DIRECTION('',(0.E0,1.E0,0.E0));
#447=VECTOR('',#446,1.708180822941E0);
#448=CARTESIAN_POINT('',(-2.85E0,-2.4E0,-5.8E0));
#449=LINE('',#448,#447);
#450=DIRECTION('',(1.E0,0.E0,0.E0));
#451=VECTOR('',#450,1.2E0);
#452=CARTESIAN_POINT('',(-2.85E0,-2.4E0,-5.8E0));
#453=LINE('',#452,#451);
#454=DIRECTION('',(0.E0,1.E0,0.E0));
#455=VECTOR('',#454,1.708180822941E0);
#456=CARTESIAN_POINT('',(-1.65E0,-2.4E0,-5.8E0));
#457=LINE('',#456,#455);
#458=DIRECTION('',(1.E0,0.E0,0.E0));
#459=VECTOR('',#458,3.E-1);
#460=CARTESIAN_POINT('',(-1.65E0,-6.918191770586E-1,-5.8E0));
#461=LINE('',#460,#459);
#462=DIRECTION('',(0.E0,1.E0,0.E0));
#463=VECTOR('',#462,1.708180822941E0);
#464=CARTESIAN_POINT('',(-1.35E0,-2.4E0,-5.8E0));
#465=LINE('',#464,#463);
#466=DIRECTION('',(1.E0,0.E0,0.E0));
#467=VECTOR('',#466,1.2E0);
#468=CARTESIAN_POINT('',(-1.35E0,-2.4E0,-5.8E0));
#469=LINE('',#468,#467);
#470=DIRECTION('',(0.E0,1.E0,0.E0));
#471=VECTOR('',#470,1.708180822941E0);
#472=CARTESIAN_POINT('',(-1.5E-1,-2.4E0,-5.8E0));
#473=LINE('',#472,#471);
#474=DIRECTION('',(1.E0,0.E0,0.E0));
#475=VECTOR('',#474,3.E-1);
#476=CARTESIAN_POINT('',(-1.5E-1,-6.918191770586E-1,-5.8E0));
#477=LINE('',#476,#475);
#478=DIRECTION('',(0.E0,1.E0,0.E0));
#479=VECTOR('',#478,1.708180822941E0);
#480=CARTESIAN_POINT('',(1.5E-1,-2.4E0,-5.8E0));
#481=LINE('',#480,#479);
#482=DIRECTION('',(1.E0,0.E0,0.E0));
#483=VECTOR('',#482,1.2E0);
#484=CARTESIAN_POINT('',(1.5E-1,-2.4E0,-5.8E0));
#485=LINE('',#484,#483);
#486=DIRECTION('',(0.E0,1.E0,0.E0));
#487=VECTOR('',#486,1.708180822941E0);
#488=CARTESIAN_POINT('',(1.35E0,-2.4E0,-5.8E0));
#489=LINE('',#488,#487);
#490=DIRECTION('',(1.E0,0.E0,0.E0));
#491=VECTOR('',#490,3.E-1);
#492=CARTESIAN_POINT('',(1.35E0,-6.918191770586E-1,-5.8E0));
#493=LINE('',#492,#491);
#494=DIRECTION('',(0.E0,1.E0,0.E0));
#495=VECTOR('',#494,1.708180822941E0);
#496=CARTESIAN_POINT('',(1.65E0,-2.4E0,-5.8E0));
#497=LINE('',#496,#495);
#498=DIRECTION('',(1.E0,0.E0,0.E0));
#499=VECTOR('',#498,1.2E0);
#500=CARTESIAN_POINT('',(1.65E0,-2.4E0,-5.8E0));
#501=LINE('',#500,#499);
#502=DIRECTION('',(1.E0,0.E0,0.E0));
#503=VECTOR('',#502,3.E-1);
#504=CARTESIAN_POINT('',(2.85E0,-3.254547919942E0,-5.893209606013E0));
#505=LINE('',#504,#503);
#506=DIRECTION('',(1.E0,0.E0,0.E0));
#507=VECTOR('',#506,3.E-1);
#508=CARTESIAN_POINT('',(2.85E0,-3.265452080061E0,-5.593407839354E0));
#509=LINE('',#508,#507);
#510=DIRECTION('',(0.E0,9.993392221981E-1,3.634720039470E-2));
#511=VECTOR('',#510,2.564423256846E0);
#512=CARTESIAN_POINT('',(3.15E0,-3.254547919942E0,-5.893209606013E0));
#513=LINE('',#512,#511);
#514=DIRECTION('',(0.E0,3.634720039469E-2,-9.993392221981E-1));
#515=VECTOR('',#514,3.E-1);
#516=CARTESIAN_POINT('',(3.15E0,-3.265452080061E0,-5.593407839354E0));
#517=LINE('',#516,#515);
#518=DIRECTION('',(0.E0,-9.993392221981E-1,-3.634720039469E-2));
#519=VECTOR('',#518,8.660243297136E-1);
#520=CARTESIAN_POINT('',(3.15E0,-2.4E0,-5.561930279495E0));
#521=LINE('',#520,#519);
#522=DIRECTION('',(0.E0,0.E0,-1.E0));
#523=VECTOR('',#522,2.3E0);
#524=CARTESIAN_POINT('',(3.15E0,-5.5E-1,-2.1E0));
#525=LINE('',#524,#523);
#526=DIRECTION('',(0.E0,-1.E0,0.E0));
#527=VECTOR('',#526,3.E-1);
#528=CARTESIAN_POINT('',(3.15E0,-2.5E-1,-2.1E0));
#529=LINE('',#528,#527);
#530=DIRECTION('',(0.E0,0.E0,1.E0));
#531=VECTOR('',#530,2.3E0);
#532=CARTESIAN_POINT('',(3.15E0,-2.5E-1,-4.4E0));
#533=LINE('',#532,#531);
#534=DIRECTION('',(-1.E0,0.E0,0.E0));
#535=VECTOR('',#534,3.75E-1);
#536=CARTESIAN_POINT('',(-3.26E0,5.E-1,-4.4E0));
#537=LINE('',#536,#535);
#538=DIRECTION('',(0.E0,-1.E0,0.E0));
#539=VECTOR('',#538,1.325E0);
#540=CARTESIAN_POINT('',(-3.26E0,1.825E0,-4.4E0));
#541=LINE('',#540,#539);
#542=DIRECTION('',(-1.E0,0.E0,0.E0));
#543=VECTOR('',#542,6.52E0);
#544=CARTESIAN_POINT('',(3.26E0,1.825E0,-4.4E0));
#545=LINE('',#544,#543);
#546=DIRECTION('',(0.E0,1.E0,0.E0));
#547=VECTOR('',#546,1.325E0);
#548=CARTESIAN_POINT('',(3.26E0,5.E-1,-4.4E0));
#549=LINE('',#548,#547);
#550=DIRECTION('',(-1.E0,0.E0,0.E0));
#551=VECTOR('',#550,3.75E-1);
#552=CARTESIAN_POINT('',(3.635E0,5.E-1,-4.4E0));
#553=LINE('',#552,#551);
#554=DIRECTION('',(0.E0,-1.E0,0.E0));
#555=VECTOR('',#554,1.3E0);
#556=CARTESIAN_POINT('',(3.635E0,1.8E0,-4.4E0));
#557=LINE('',#556,#555);
#558=DIRECTION('',(-1.E0,0.E0,0.E0));
#559=VECTOR('',#558,7.3E-1);
#560=CARTESIAN_POINT('',(4.365E0,1.8E0,-4.4E0));
#561=LINE('',#560,#559);
#562=DIRECTION('',(0.E0,1.E0,0.E0));
#563=VECTOR('',#562,3.7E0);
#564=CARTESIAN_POINT('',(4.365E0,-1.9E0,-4.4E0));
#565=LINE('',#564,#563);
#566=DIRECTION('',(1.E0,0.E0,0.E0));
#567=VECTOR('',#566,8.73E0);
#568=CARTESIAN_POINT('',(-4.365E0,-1.9E0,-4.4E0));
#569=LINE('',#568,#567);
#570=DIRECTION('',(0.E0,-1.E0,0.E0));
#571=VECTOR('',#570,3.2E0);
#572=CARTESIAN_POINT('',(-4.365E0,1.3E0,-4.4E0));
#573=LINE('',#572,#571);
#574=DIRECTION('',(-1.E0,0.E0,0.E0));
#575=VECTOR('',#574,7.3E-1);
#576=CARTESIAN_POINT('',(-3.635E0,1.3E0,-4.4E0));
#577=LINE('',#576,#575);
#578=DIRECTION('',(0.E0,1.E0,0.E0));
#579=VECTOR('',#578,8.E-1);
#580=CARTESIAN_POINT('',(-3.635E0,5.E-1,-4.4E0));
#581=LINE('',#580,#579);
#582=DIRECTION('',(0.E0,1.E0,0.E0));
#583=VECTOR('',#582,3.E-1);
#584=CARTESIAN_POINT('',(-3.15E0,-5.5E-1,-4.4E0));
#585=LINE('',#584,#583);
#586=DIRECTION('',(1.E0,0.E0,0.E0));
#587=VECTOR('',#586,3.E-1);
#588=CARTESIAN_POINT('',(-3.15E0,-5.5E-1,-4.4E0));
#589=LINE('',#588,#587);
#590=DIRECTION('',(0.E0,1.E0,0.E0));
#591=VECTOR('',#590,3.E-1);
#592=CARTESIAN_POINT('',(-2.85E0,-5.5E-1,-4.4E0));
#593=LINE('',#592,#591);
#594=DIRECTION('',(1.E0,0.E0,0.E0));
#595=VECTOR('',#594,3.E-1);
#596=CARTESIAN_POINT('',(-3.15E0,-2.5E-1,-4.4E0));
#597=LINE('',#596,#595);
#598=DIRECTION('',(0.E0,1.E0,0.E0));
#599=VECTOR('',#598,3.E-1);
#600=CARTESIAN_POINT('',(-1.65E0,-5.5E-1,-4.4E0));
#601=LINE('',#600,#599);
#602=DIRECTION('',(1.E0,0.E0,0.E0));
#603=VECTOR('',#602,3.E-1);
#604=CARTESIAN_POINT('',(-1.65E0,-5.5E-1,-4.4E0));
#605=LINE('',#604,#603);
#606=DIRECTION('',(0.E0,1.E0,0.E0));
#607=VECTOR('',#606,3.E-1);
#608=CARTESIAN_POINT('',(-1.35E0,-5.5E-1,-4.4E0));
#609=LINE('',#608,#607);
#610=DIRECTION('',(1.E0,0.E0,0.E0));
#611=VECTOR('',#610,3.E-1);
#612=CARTESIAN_POINT('',(-1.65E0,-2.5E-1,-4.4E0));
#613=LINE('',#612,#611);
#614=DIRECTION('',(0.E0,1.E0,0.E0));
#615=VECTOR('',#614,3.E-1);
#616=CARTESIAN_POINT('',(-1.5E-1,-5.5E-1,-4.4E0));
#617=LINE('',#616,#615);
#618=DIRECTION('',(1.E0,0.E0,0.E0));
#619=VECTOR('',#618,3.E-1);
#620=CARTESIAN_POINT('',(-1.5E-1,-5.5E-1,-4.4E0));
#621=LINE('',#620,#619);
#622=DIRECTION('',(0.E0,1.E0,0.E0));
#623=VECTOR('',#622,3.E-1);
#624=CARTESIAN_POINT('',(1.5E-1,-5.5E-1,-4.4E0));
#625=LINE('',#624,#623);
#626=DIRECTION('',(1.E0,0.E0,0.E0));
#627=VECTOR('',#626,3.E-1);
#628=CARTESIAN_POINT('',(-1.5E-1,-2.5E-1,-4.4E0));
#629=LINE('',#628,#627);
#630=DIRECTION('',(0.E0,1.E0,0.E0));
#631=VECTOR('',#630,3.E-1);
#632=CARTESIAN_POINT('',(1.35E0,-5.5E-1,-4.4E0));
#633=LINE('',#632,#631);
#634=DIRECTION('',(1.E0,0.E0,0.E0));
#635=VECTOR('',#634,3.E-1);
#636=CARTESIAN_POINT('',(1.35E0,-5.5E-1,-4.4E0));
#637=LINE('',#636,#635);
#638=DIRECTION('',(0.E0,1.E0,0.E0));
#639=VECTOR('',#638,3.E-1);
#640=CARTESIAN_POINT('',(1.65E0,-5.5E-1,-4.4E0));
#641=LINE('',#640,#639);
#642=DIRECTION('',(1.E0,0.E0,0.E0));
#643=VECTOR('',#642,3.E-1);
#644=CARTESIAN_POINT('',(1.35E0,-2.5E-1,-4.4E0));
#645=LINE('',#644,#643);
#646=DIRECTION('',(0.E0,1.E0,0.E0));
#647=VECTOR('',#646,3.E-1);
#648=CARTESIAN_POINT('',(2.85E0,-5.5E-1,-4.4E0));
#649=LINE('',#648,#647);
#650=DIRECTION('',(1.E0,0.E0,0.E0));
#651=VECTOR('',#650,3.E-1);
#652=CARTESIAN_POINT('',(2.85E0,-5.5E-1,-4.4E0));
#653=LINE('',#652,#651);
#654=DIRECTION('',(0.E0,1.E0,0.E0));
#655=VECTOR('',#654,3.E-1);
#656=CARTESIAN_POINT('',(3.15E0,-5.5E-1,-4.4E0));
#657=LINE('',#656,#655);
#658=DIRECTION('',(1.E0,0.E0,0.E0));
#659=VECTOR('',#658,3.E-1);
#660=CARTESIAN_POINT('',(2.85E0,-2.5E-1,-4.4E0));
#661=LINE('',#660,#659);
#662=DIRECTION('',(0.E0,1.E0,0.E0));
#663=VECTOR('',#662,7.5E-1);
#664=CARTESIAN_POINT('',(-2.90625E0,-1.8E0,-4.4E0));
#665=LINE('',#664,#663);
#666=DIRECTION('',(-1.E0,0.E0,0.E0));
#667=VECTOR('',#666,9.375E-2);
#668=CARTESIAN_POINT('',(-2.90625E0,-1.05E0,-4.4E0));
#669=LINE('',#668,#667);
#670=DIRECTION('',(-6.428712937139E-1,-7.659742160926E-1,0.E0));
#671=VECTOR('',#670,1.458301232559E-1);
#672=CARTESIAN_POINT('',(-3.E0,-1.05E0,-4.4E0));
#673=LINE('',#672,#671);
#674=DIRECTION('',(0.E0,-1.E0,0.E0));
#675=VECTOR('',#674,1.276596039534E-1);
#676=CARTESIAN_POINT('',(-3.09375E0,-1.161702114344E0,-4.4E0));
#677=LINE('',#676,#675);
#678=DIRECTION('',(6.428711427642E-1,7.659743427825E-1,0.E0));
#679=VECTOR('',#678,1.458301574977E-1);
#680=CARTESIAN_POINT('',(-3.09375E0,-1.289361718297E0,-4.4E0));
#681=LINE('',#680,#679);
#682=DIRECTION('',(0.E0,-1.E0,0.E0));
#683=VECTOR('',#682,6.223404407501E-1);
#684=CARTESIAN_POINT('',(-3.E0,-1.177659559250E0,-4.4E0));
#685=LINE('',#684,#683);
#686=DIRECTION('',(1.E0,0.E0,0.E0));
#687=VECTOR('',#686,9.375E-2);
#688=CARTESIAN_POINT('',(-3.E0,-1.8E0,-4.4E0));
#689=LINE('',#688,#687);
#690=DIRECTION('',(0.E0,0.E0,1.E0));
#691=VECTOR('',#690,4.4E0);
#692=CARTESIAN_POINT('',(3.26E0,5.E-1,-4.4E0));
#693=LINE('',#692,#691);
#694=DIRECTION('',(-7.071067811865E-1,0.E0,7.071067811865E-1));
#695=VECTOR('',#694,2.828427124746E-1);
#696=CARTESIAN_POINT('',(3.635E0,5.E-1,-2.E-1));
#697=LINE('',#696,#695);
#698=DIRECTION('',(0.E0,0.E0,-1.E0));
#699=VECTOR('',#698,4.2E0);
#700=CARTESIAN_POINT('',(3.635E0,5.E-1,-2.E-1));
#701=LINE('',#700,#699);
#702=DIRECTION('',(0.E0,0.E0,1.E0));
#703=VECTOR('',#702,4.4E0);
#704=CARTESIAN_POINT('',(-3.26E0,5.E-1,-4.4E0));
#705=LINE('',#704,#703);
#706=DIRECTION('',(-7.071067811865E-1,0.E0,-7.071067811865E-1));
#707=VECTOR('',#706,2.828427124746E-1);
#708=CARTESIAN_POINT('',(-3.435E0,5.E-1,0.E0));
#709=LINE('',#708,#707);
#710=DIRECTION('',(1.E0,0.E0,0.E0));
#711=VECTOR('',#710,3.77E0);
#712=CARTESIAN_POINT('',(-1.885E0,1.825E0,-8.330415196484E-1));
#713=LINE('',#712,#711);
#714=DIRECTION('',(0.E0,0.E0,-1.E0));
#715=VECTOR('',#714,4.4E0);
#716=CARTESIAN_POINT('',(3.26E0,1.825E0,0.E0));
#717=LINE('',#716,#715);
#718=CARTESIAN_POINT('',(-1.885E0,1.725E0,-8.330415196484E-1));
#719=DIRECTION('',(1.E0,0.E0,0.E0));
#720=DIRECTION('',(0.E0,1.E0,0.E0));
#721=AXIS2_PLACEMENT_3D('',#718,#719,#720);
#723=CARTESIAN_POINT('',(1.885E0,1.725E0,-8.330415196484E-1));
#724=DIRECTION('',(-1.E0,0.E0,0.E0));
#725=DIRECTION('',(0.E0,-8.634300732915E-2,9.962654691825E-1));
#726=AXIS2_PLACEMENT_3D('',#723,#724,#725);
#728=DIRECTION('',(0.E0,9.962654691825E-1,8.634300732915E-2));
#729=VECTOR('',#728,1.920830392969E-1);
#730=CARTESIAN_POINT('',(-1.885E0,1.525E0,-7.5E-1));
#731=LINE('',#730,#729);
#732=DIRECTION('',(0.E0,0.E0,1.E0));
#733=VECTOR('',#732,8.330415196484E-1);
#734=CARTESIAN_POINT('',(-1.885E0,1.825E0,-8.330415196484E-1));
#735=LINE('',#734,#733);
#736=DIRECTION('',(0.E0,-1.E0,0.E0));
#737=VECTOR('',#736,3.E-1);
#738=CARTESIAN_POINT('',(-1.885E0,1.825E0,0.E0));
#739=LINE('',#738,#737);
#740=DIRECTION('',(0.E0,0.E0,-1.E0));
#741=VECTOR('',#740,7.5E-1);
#742=CARTESIAN_POINT('',(-1.885E0,1.525E0,0.E0));
#743=LINE('',#742,#741);
#744=DIRECTION('',(1.E0,0.E0,0.E0));
#745=VECTOR('',#744,3.77E0);
#746=CARTESIAN_POINT('',(-1.885E0,1.716365699267E0,-7.334149727302E-1));
#747=LINE('',#746,#745);
#748=DIRECTION('',(1.E0,0.E0,0.E0));
#749=VECTOR('',#748,3.77E0);
#750=CARTESIAN_POINT('',(-1.885E0,1.525E0,-7.5E-1));
#751=LINE('',#750,#749);
#752=DIRECTION('',(1.E0,0.E0,0.E0));
#753=VECTOR('',#752,3.77E0);
#754=CARTESIAN_POINT('',(-1.885E0,1.525E0,0.E0));
#755=LINE('',#754,#753);
#756=DIRECTION('',(0.E0,0.E0,-1.E0));
#757=VECTOR('',#756,8.330415196484E-1);
#758=CARTESIAN_POINT('',(1.885E0,1.825E0,0.E0));
#759=LINE('',#758,#757);
#760=DIRECTION('',(0.E0,9.962654691825E-1,8.634300732915E-2));
#761=VECTOR('',#760,1.920830392969E-1);
#762=CARTESIAN_POINT('',(1.885E0,1.525E0,-7.5E-1));
#763=LINE('',#762,#761);
#764=DIRECTION('',(0.E0,0.E0,-1.E0));
#765=VECTOR('',#764,7.5E-1);
#766=CARTESIAN_POINT('',(1.885E0,1.525E0,0.E0));
#767=LINE('',#766,#765);
#768=DIRECTION('',(0.E0,-1.E0,0.E0));
#769=VECTOR('',#768,3.E-1);
#770=CARTESIAN_POINT('',(1.885E0,1.825E0,0.E0));
#771=LINE('',#770,#769);
#772=DIRECTION('',(0.E0,0.E0,-1.E0));
#773=VECTOR('',#772,4.4E0);
#774=CARTESIAN_POINT('',(-3.26E0,1.825E0,0.E0));
#775=LINE('',#774,#773);
#776=DIRECTION('',(-5.773502691896E-1,5.773502691896E-1,5.773502691896E-1));
#777=VECTOR('',#776,3.464101615138E-1);
#778=CARTESIAN_POINT('',(3.635E0,1.8E0,-2.E-1));
#779=LINE('',#778,#777);
#780=DIRECTION('',(1.E0,0.E0,0.E0));
#781=VECTOR('',#780,1.016602540378E0);
#782=CARTESIAN_POINT('',(3.435E0,2.E0,0.E0));
#783=LINE('',#782,#781);
#784=DIRECTION('',(1.256073966947E-14,-7.071067811865E-1,-7.071067811865E-1));
#785=VECTOR('',#784,7.071067811865E-2);
#786=CARTESIAN_POINT('',(4.365E0,1.85E0,-1.5E-1));
#787=LINE('',#786,#785);
#788=DIRECTION('',(4.472135955E-1,-4.472135955E-1,7.745966692415E-1));
#789=VECTOR('',#788,1.936491673104E-1);
#790=CARTESIAN_POINT('',(4.365E0,-1.9E0,-1.5E-1));
#791=LINE('',#790,#789);
#792=DIRECTION('',(3.779644730092E-1,6.546536707080E-1,6.546536707080E-1));
#793=VECTOR('',#792,2.291287847478E-1);
#794=CARTESIAN_POINT('',(4.365E0,1.85E0,-1.5E-1));
#795=LINE('',#794,#793);
#796=DIRECTION('',(-4.472135955E-1,-4.472135955E-1,7.745966692415E-1));
#797=VECTOR('',#796,1.936491673104E-1);
#798=CARTESIAN_POINT('',(-4.365E0,-1.9E0,-1.5E-1));
#799=LINE('',#798,#797);
#800=DIRECTION('',(3.779644730092E-1,-6.546536707080E-1,-6.546536707080E-1));
#801=VECTOR('',#800,2.291287847478E-1);
#802=CARTESIAN_POINT('',(-4.451602540378E0,1.5E0,0.E0));
#803=LINE('',#802,#801);
#804=DIRECTION('',(0.E0,-1.E0,0.E0));
#805=VECTOR('',#804,3.25E0);
#806=CARTESIAN_POINT('',(-4.365E0,1.35E0,-1.5E-1));
#807=LINE('',#806,#805);
#808=DIRECTION('',(0.E0,0.E0,-1.E0));
#809=VECTOR('',#808,4.2E0);
#810=CARTESIAN_POINT('',(-4.365E0,1.3E0,-2.E-1));
#811=LINE('',#810,#809);
#812=DIRECTION('',(1.256073966947E-14,7.071067811865E-1,7.071067811865E-1));
#813=VECTOR('',#812,7.071067811865E-2);
#814=CARTESIAN_POINT('',(-4.365E0,1.3E0,-2.E-1));
#815=LINE('',#814,#813);
#816=DIRECTION('',(1.E0,0.E0,0.E0));
#817=VECTOR('',#816,1.016602540378E0);
#818=CARTESIAN_POINT('',(-4.451602540378E0,1.5E0,0.E0));
#819=LINE('',#818,#817);
#820=DIRECTION('',(5.773502691896E-1,5.773502691896E-1,5.773502691896E-1));
#821=VECTOR('',#820,3.464101615138E-1);
#822=CARTESIAN_POINT('',(-3.635E0,1.3E0,-2.E-1));
#823=LINE('',#822,#821);
#824=DIRECTION('',(0.E0,-1.E0,0.E0));
#825=VECTOR('',#824,8.E-1);
#826=CARTESIAN_POINT('',(-3.635E0,1.3E0,-2.E-1));
#827=LINE('',#826,#825);
#828=DIRECTION('',(0.E0,0.E0,-1.E0));
#829=VECTOR('',#828,4.2E0);
#830=CARTESIAN_POINT('',(-3.635E0,5.E-1,-2.E-1));
#831=LINE('',#830,#829);
#832=DIRECTION('',(1.E0,0.E0,0.E0));
#833=VECTOR('',#832,7.3E-1);
#834=CARTESIAN_POINT('',(-4.365E0,1.3E0,-2.E-1));
#835=LINE('',#834,#833);
#836=DIRECTION('',(0.E0,0.E0,-1.E0));
#837=VECTOR('',#836,4.2E0);
#838=CARTESIAN_POINT('',(-3.635E0,1.3E0,-2.E-1));
#839=LINE('',#838,#837);
#840=DIRECTION('',(-1.E0,0.E0,0.E0));
#841=VECTOR('',#840,8.73E0);
#842=CARTESIAN_POINT('',(4.365E0,-1.9E0,-1.5E-1));
#843=LINE('',#842,#841);
#844=DIRECTION('',(0.E0,0.E0,-1.E0));
#845=VECTOR('',#844,4.25E0);
#846=CARTESIAN_POINT('',(-4.365E0,-1.9E0,-1.5E-1));
#847=LINE('',#846,#845);
#848=DIRECTION('',(0.E0,1.E0,0.E0));
#849=VECTOR('',#848,3.75E0);
#850=CARTESIAN_POINT('',(4.365E0,-1.9E0,-1.5E-1));
#851=LINE('',#850,#849);
#852=DIRECTION('',(0.E0,0.E0,-1.E0));
#853=VECTOR('',#852,4.25E0);
#854=CARTESIAN_POINT('',(4.365E0,-1.9E0,-1.5E-1));
#855=LINE('',#854,#853);
#856=DIRECTION('',(1.E0,0.E0,0.E0));
#857=VECTOR('',#856,7.3E-1);
#858=CARTESIAN_POINT('',(3.635E0,1.8E0,-2.E-1));
#859=LINE('',#858,#857);
#860=DIRECTION('',(0.E0,0.E0,-1.E0));
#861=VECTOR('',#860,4.2E0);
#862=CARTESIAN_POINT('',(4.365E0,1.8E0,-2.E-1));
#863=LINE('',#862,#861);
#864=DIRECTION('',(0.E0,1.E0,0.E0));
#865=VECTOR('',#864,1.3E0);
#866=CARTESIAN_POINT('',(3.635E0,5.E-1,-2.E-1));
#867=LINE('',#866,#865);
#868=DIRECTION('',(0.E0,0.E0,-1.E0));
#869=VECTOR('',#868,4.2E0);
#870=CARTESIAN_POINT('',(3.635E0,1.8E0,-2.E-1));
#871=LINE('',#870,#869);
#872=DIRECTION('',(0.E0,-9.993392221981E-1,-3.634720039469E-2));
#873=VECTOR('',#872,8.660243297136E-1);
#874=CARTESIAN_POINT('',(-3.15E0,-2.4E0,-5.561930279495E0));
#875=LINE('',#874,#873);
#876=DIRECTION('',(0.E0,3.634720039469E-2,-9.993392221981E-1));
#877=VECTOR('',#876,3.E-1);
#878=CARTESIAN_POINT('',(-3.15E0,-3.265452080061E0,-5.593407839354E0));
#879=LINE('',#878,#877);
#880=DIRECTION('',(0.E0,9.993392221981E-1,3.634720039470E-2));
#881=VECTOR('',#880,2.564423256846E0);
#882=CARTESIAN_POINT('',(-3.15E0,-3.254547919942E0,-5.893209606013E0));
#883=LINE('',#882,#881);
#884=DIRECTION('',(0.E0,0.E0,1.E0));
#885=VECTOR('',#884,2.3E0);
#886=CARTESIAN_POINT('',(-3.15E0,-2.5E-1,-4.4E0));
#887=LINE('',#886,#885);
#888=DIRECTION('',(0.E0,-1.E0,0.E0));
#889=VECTOR('',#888,3.E-1);
#890=CARTESIAN_POINT('',(-3.15E0,-2.5E-1,-2.1E0));
#891=LINE('',#890,#889);
#892=DIRECTION('',(0.E0,0.E0,-1.E0));
#893=VECTOR('',#892,2.3E0);
#894=CARTESIAN_POINT('',(-3.15E0,-5.5E-1,-2.1E0));
#895=LINE('',#894,#893);
#896=DIRECTION('',(0.E0,9.993392221981E-1,3.634720039470E-2));
#897=VECTOR('',#896,2.564423256846E0);
#898=CARTESIAN_POINT('',(-2.85E0,-3.254547919942E0,-5.893209606013E0));
#899=LINE('',#898,#897);
#900=DIRECTION('',(0.E0,3.634720039469E-2,-9.993392221981E-1));
#901=VECTOR('',#900,3.E-1);
#902=CARTESIAN_POINT('',(-2.85E0,-3.265452080061E0,-5.593407839354E0));
#903=LINE('',#902,#901);
#904=DIRECTION('',(0.E0,-9.993392221981E-1,-3.634720039469E-2));
#905=VECTOR('',#904,8.660243297136E-1);
#906=CARTESIAN_POINT('',(-2.85E0,-2.4E0,-5.561930279495E0));
#907=LINE('',#906,#905);
#908=DIRECTION('',(0.E0,0.E0,-1.E0));
#909=VECTOR('',#908,2.3E0);
#910=CARTESIAN_POINT('',(-2.85E0,-5.5E-1,-2.1E0));
#911=LINE('',#910,#909);
#912=DIRECTION('',(0.E0,-1.E0,0.E0));
#913=VECTOR('',#912,3.E-1);
#914=CARTESIAN_POINT('',(-2.85E0,-2.5E-1,-2.1E0));
#915=LINE('',#914,#913);
#916=DIRECTION('',(0.E0,0.E0,1.E0));
#917=VECTOR('',#916,2.3E0);
#918=CARTESIAN_POINT('',(-2.85E0,-2.5E-1,-4.4E0));
#919=LINE('',#918,#917);
#920=DIRECTION('',(1.E0,0.E0,0.E0));
#921=VECTOR('',#920,3.E-1);
#922=CARTESIAN_POINT('',(-3.15E0,-3.254547919942E0,-5.893209606013E0));
#923=LINE('',#922,#921);
#924=DIRECTION('',(1.E0,0.E0,0.E0));
#925=VECTOR('',#924,3.E-1);
#926=CARTESIAN_POINT('',(-3.15E0,-3.265452080061E0,-5.593407839354E0));
#927=LINE('',#926,#925);
#928=DIRECTION('',(1.E0,0.E0,0.E0));
#929=VECTOR('',#928,3.E-1);
#930=CARTESIAN_POINT('',(-3.15E0,-5.5E-1,-2.1E0));
#931=LINE('',#930,#929);
#932=DIRECTION('',(1.E0,0.E0,0.E0));
#933=VECTOR('',#932,3.E-1);
#934=CARTESIAN_POINT('',(-3.15E0,-2.5E-1,-2.1E0));
#935=LINE('',#934,#933);
#936=DIRECTION('',(0.E0,-9.993392221981E-1,-3.634720039469E-2));
#937=VECTOR('',#936,8.660243297136E-1);
#938=CARTESIAN_POINT('',(-1.65E0,-2.4E0,-5.561930279495E0));
#939=LINE('',#938,#937);
#940=DIRECTION('',(0.E0,3.634720039469E-2,-9.993392221981E-1));
#941=VECTOR('',#940,3.E-1);
#942=CARTESIAN_POINT('',(-1.65E0,-3.265452080061E0,-5.593407839354E0));
#943=LINE('',#942,#941);
#944=DIRECTION('',(0.E0,9.993392221981E-1,3.634720039470E-2));
#945=VECTOR('',#944,2.564423256846E0);
#946=CARTESIAN_POINT('',(-1.65E0,-3.254547919942E0,-5.893209606013E0));
#947=LINE('',#946,#945);
#948=DIRECTION('',(0.E0,0.E0,1.E0));
#949=VECTOR('',#948,2.3E0);
#950=CARTESIAN_POINT('',(-1.65E0,-2.5E-1,-4.4E0));
#951=LINE('',#950,#949);
#952=DIRECTION('',(0.E0,-1.E0,0.E0));
#953=VECTOR('',#952,3.E-1);
#954=CARTESIAN_POINT('',(-1.65E0,-2.5E-1,-2.1E0));
#955=LINE('',#954,#953);
#956=DIRECTION('',(0.E0,0.E0,-1.E0));
#957=VECTOR('',#956,2.3E0);
#958=CARTESIAN_POINT('',(-1.65E0,-5.5E-1,-2.1E0));
#959=LINE('',#958,#957);
#960=DIRECTION('',(0.E0,9.993392221981E-1,3.634720039470E-2));
#961=VECTOR('',#960,2.564423256846E0);
#962=CARTESIAN_POINT('',(-1.35E0,-3.254547919942E0,-5.893209606013E0));
#963=LINE('',#962,#961);
#964=DIRECTION('',(0.E0,3.634720039469E-2,-9.993392221981E-1));
#965=VECTOR('',#964,3.E-1);
#966=CARTESIAN_POINT('',(-1.35E0,-3.265452080061E0,-5.593407839354E0));
#967=LINE('',#966,#965);
#968=DIRECTION('',(0.E0,-9.993392221981E-1,-3.634720039469E-2));
#969=VECTOR('',#968,8.660243297136E-1);
#970=CARTESIAN_POINT('',(-1.35E0,-2.4E0,-5.561930279495E0));
#971=LINE('',#970,#969);
#972=DIRECTION('',(0.E0,0.E0,-1.E0));
#973=VECTOR('',#972,2.3E0);
#974=CARTESIAN_POINT('',(-1.35E0,-5.5E-1,-2.1E0));
#975=LINE('',#974,#973);
#976=DIRECTION('',(0.E0,-1.E0,0.E0));
#977=VECTOR('',#976,3.E-1);
#978=CARTESIAN_POINT('',(-1.35E0,-2.5E-1,-2.1E0));
#979=LINE('',#978,#977);
#980=DIRECTION('',(0.E0,0.E0,1.E0));
#981=VECTOR('',#980,2.3E0);
#982=CARTESIAN_POINT('',(-1.35E0,-2.5E-1,-4.4E0));
#983=LINE('',#982,#981);
#984=DIRECTION('',(1.E0,0.E0,0.E0));
#985=VECTOR('',#984,3.E-1);
#986=CARTESIAN_POINT('',(-1.65E0,-3.254547919942E0,-5.893209606013E0));
#987=LINE('',#986,#985);
#988=DIRECTION('',(1.E0,0.E0,0.E0));
#989=VECTOR('',#988,3.E-1);
#990=CARTESIAN_POINT('',(-1.65E0,-3.265452080061E0,-5.593407839354E0));
#991=LINE('',#990,#989);
#992=DIRECTION('',(1.E0,0.E0,0.E0));
#993=VECTOR('',#992,3.E-1);
#994=CARTESIAN_POINT('',(-1.65E0,-5.5E-1,-2.1E0));
#995=LINE('',#994,#993);
#996=DIRECTION('',(1.E0,0.E0,0.E0));
#997=VECTOR('',#996,3.E-1);
#998=CARTESIAN_POINT('',(-1.65E0,-2.5E-1,-2.1E0));
#999=LINE('',#998,#997);
#1000=DIRECTION('',(0.E0,-9.993392221981E-1,-3.634720039469E-2));
#1001=VECTOR('',#1000,8.660243297136E-1);
#1002=CARTESIAN_POINT('',(-1.5E-1,-2.4E0,-5.561930279495E0));
#1003=LINE('',#1002,#1001);
#1004=DIRECTION('',(0.E0,3.634720039469E-2,-9.993392221981E-1));
#1005=VECTOR('',#1004,3.E-1);
#1006=CARTESIAN_POINT('',(-1.5E-1,-3.265452080061E0,-5.593407839354E0));
#1007=LINE('',#1006,#1005);
#1008=DIRECTION('',(0.E0,9.993392221981E-1,3.634720039470E-2));
#1009=VECTOR('',#1008,2.564423256846E0);
#1010=CARTESIAN_POINT('',(-1.5E-1,-3.254547919942E0,-5.893209606013E0));
#1011=LINE('',#1010,#1009);
#1012=DIRECTION('',(0.E0,0.E0,1.E0));
#1013=VECTOR('',#1012,2.3E0);
#1014=CARTESIAN_POINT('',(-1.5E-1,-2.5E-1,-4.4E0));
#1015=LINE('',#1014,#1013);
#1016=DIRECTION('',(0.E0,-1.E0,0.E0));
#1017=VECTOR('',#1016,3.E-1);
#1018=CARTESIAN_POINT('',(-1.5E-1,-2.5E-1,-2.1E0));
#1019=LINE('',#1018,#1017);
#1020=DIRECTION('',(0.E0,0.E0,-1.E0));
#1021=VECTOR('',#1020,2.3E0);
#1022=CARTESIAN_POINT('',(-1.5E-1,-5.5E-1,-2.1E0));
#1023=LINE('',#1022,#1021);
#1024=DIRECTION('',(0.E0,9.993392221981E-1,3.634720039470E-2));
#1025=VECTOR('',#1024,2.564423256846E0);
#1026=CARTESIAN_POINT('',(1.5E-1,-3.254547919942E0,-5.893209606013E0));
#1027=LINE('',#1026,#1025);
#1028=DIRECTION('',(0.E0,3.634720039469E-2,-9.993392221981E-1));
#1029=VECTOR('',#1028,3.E-1);
#1030=CARTESIAN_POINT('',(1.5E-1,-3.265452080061E0,-5.593407839354E0));
#1031=LINE('',#1030,#1029);
#1032=DIRECTION('',(0.E0,-9.993392221981E-1,-3.634720039469E-2));
#1033=VECTOR('',#1032,8.660243297136E-1);
#1034=CARTESIAN_POINT('',(1.5E-1,-2.4E0,-5.561930279495E0));
#1035=LINE('',#1034,#1033);
#1036=DIRECTION('',(0.E0,0.E0,-1.E0));
#1037=VECTOR('',#1036,2.3E0);
#1038=CARTESIAN_POINT('',(1.5E-1,-5.5E-1,-2.1E0));
#1039=LINE('',#1038,#1037);
#1040=DIRECTION('',(0.E0,-1.E0,0.E0));
#1041=VECTOR('',#1040,3.E-1);
#1042=CARTESIAN_POINT('',(1.5E-1,-2.5E-1,-2.1E0));
#1043=LINE('',#1042,#1041);
#1044=DIRECTION('',(0.E0,0.E0,1.E0));
#1045=VECTOR('',#1044,2.3E0);
#1046=CARTESIAN_POINT('',(1.5E-1,-2.5E-1,-4.4E0));
#1047=LINE('',#1046,#1045);
#1048=DIRECTION('',(1.E0,0.E0,0.E0));
#1049=VECTOR('',#1048,3.E-1);
#1050=CARTESIAN_POINT('',(-1.5E-1,-3.254547919942E0,-5.893209606013E0));
#1051=LINE('',#1050,#1049);
#1052=DIRECTION('',(1.E0,0.E0,0.E0));
#1053=VECTOR('',#1052,3.E-1);
#1054=CARTESIAN_POINT('',(-1.5E-1,-3.265452080061E0,-5.593407839354E0));
#1055=LINE('',#1054,#1053);
#1056=DIRECTION('',(1.E0,0.E0,0.E0));
#1057=VECTOR('',#1056,3.E-1);
#1058=CARTESIAN_POINT('',(-1.5E-1,-5.5E-1,-2.1E0));
#1059=LINE('',#1058,#1057);
#1060=DIRECTION('',(1.E0,0.E0,0.E0));
#1061=VECTOR('',#1060,3.E-1);
#1062=CARTESIAN_POINT('',(-1.5E-1,-2.5E-1,-2.1E0));
#1063=LINE('',#1062,#1061);
#1064=DIRECTION('',(0.E0,-9.993392221981E-1,-3.634720039469E-2));
#1065=VECTOR('',#1064,8.660243297136E-1);
#1066=CARTESIAN_POINT('',(1.35E0,-2.4E0,-5.561930279495E0));
#1067=LINE('',#1066,#1065);
#1068=DIRECTION('',(0.E0,3.634720039469E-2,-9.993392221981E-1));
#1069=VECTOR('',#1068,3.E-1);
#1070=CARTESIAN_POINT('',(1.35E0,-3.265452080061E0,-5.593407839354E0));
#1071=LINE('',#1070,#1069);
#1072=DIRECTION('',(0.E0,9.993392221981E-1,3.634720039470E-2));
#1073=VECTOR('',#1072,2.564423256846E0);
#1074=CARTESIAN_POINT('',(1.35E0,-3.254547919942E0,-5.893209606013E0));
#1075=LINE('',#1074,#1073);
#1076=DIRECTION('',(0.E0,0.E0,1.E0));
#1077=VECTOR('',#1076,2.3E0);
#1078=CARTESIAN_POINT('',(1.35E0,-2.5E-1,-4.4E0));
#1079=LINE('',#1078,#1077);
#1080=DIRECTION('',(0.E0,-1.E0,0.E0));
#1081=VECTOR('',#1080,3.E-1);
#1082=CARTESIAN_POINT('',(1.35E0,-2.5E-1,-2.1E0));
#1083=LINE('',#1082,#1081);
#1084=DIRECTION('',(0.E0,0.E0,-1.E0));
#1085=VECTOR('',#1084,2.3E0);
#1086=CARTESIAN_POINT('',(1.35E0,-5.5E-1,-2.1E0));
#1087=LINE('',#1086,#1085);
#1088=DIRECTION('',(0.E0,9.993392221981E-1,3.634720039470E-2));
#1089=VECTOR('',#1088,2.564423256846E0);
#1090=CARTESIAN_POINT('',(1.65E0,-3.254547919942E0,-5.893209606013E0));
#1091=LINE('',#1090,#1089);
#1092=DIRECTION('',(0.E0,3.634720039469E-2,-9.993392221981E-1));
#1093=VECTOR('',#1092,3.E-1);
#1094=CARTESIAN_POINT('',(1.65E0,-3.265452080061E0,-5.593407839354E0));
#1095=LINE('',#1094,#1093);
#1096=DIRECTION('',(0.E0,-9.993392221981E-1,-3.634720039469E-2));
#1097=VECTOR('',#1096,8.660243297136E-1);
#1098=CARTESIAN_POINT('',(1.65E0,-2.4E0,-5.561930279495E0));
#1099=LINE('',#1098,#1097);
#1100=DIRECTION('',(0.E0,0.E0,-1.E0));
#1101=VECTOR('',#1100,2.3E0);
#1102=CARTESIAN_POINT('',(1.65E0,-5.5E-1,-2.1E0));
#1103=LINE('',#1102,#1101);
#1104=DIRECTION('',(0.E0,-1.E0,0.E0));
#1105=VECTOR('',#1104,3.E-1);
#1106=CARTESIAN_POINT('',(1.65E0,-2.5E-1,-2.1E0));
#1107=LINE('',#1106,#1105);
#1108=DIRECTION('',(0.E0,0.E0,1.E0));
#1109=VECTOR('',#1108,2.3E0);
#1110=CARTESIAN_POINT('',(1.65E0,-2.5E-1,-4.4E0));
#1111=LINE('',#1110,#1109);
#1112=DIRECTION('',(1.E0,0.E0,0.E0));
#1113=VECTOR('',#1112,3.E-1);
#1114=CARTESIAN_POINT('',(1.35E0,-3.254547919942E0,-5.893209606013E0));
#1115=LINE('',#1114,#1113);
#1116=DIRECTION('',(1.E0,0.E0,0.E0));
#1117=VECTOR('',#1116,3.E-1);
#1118=CARTESIAN_POINT('',(1.35E0,-3.265452080061E0,-5.593407839354E0));
#1119=LINE('',#1118,#1117);
#1120=DIRECTION('',(1.E0,0.E0,0.E0));
#1121=VECTOR('',#1120,3.E-1);
#1122=CARTESIAN_POINT('',(1.35E0,-5.5E-1,-2.1E0));
#1123=LINE('',#1122,#1121);
#1124=DIRECTION('',(1.E0,0.E0,0.E0));
#1125=VECTOR('',#1124,3.E-1);
#1126=CARTESIAN_POINT('',(1.35E0,-2.5E-1,-2.1E0));
#1127=LINE('',#1126,#1125);
#1128=DIRECTION('',(1.E0,0.E0,0.E0));
#1129=VECTOR('',#1128,3.E-1);
#1130=CARTESIAN_POINT('',(2.85E0,-5.5E-1,-2.1E0));
#1131=LINE('',#1130,#1129);
#1132=DIRECTION('',(1.E0,0.E0,0.E0));
#1133=VECTOR('',#1132,3.E-1);
#1134=CARTESIAN_POINT('',(2.85E0,-2.5E-1,-2.1E0));
#1135=LINE('',#1134,#1133);
#1136=DIRECTION('',(0.E0,0.E0,1.E0));
#1137=VECTOR('',#1136,9.999999999999E-3);
#1138=CARTESIAN_POINT('',(-2.90625E0,-1.8E0,-4.4E0));
#1139=LINE('',#1138,#1137);
#1140=DIRECTION('',(0.E0,0.E0,1.E0));
#1141=VECTOR('',#1140,9.999999999999E-3);
#1142=CARTESIAN_POINT('',(-3.E0,-1.8E0,-4.4E0));
#1143=LINE('',#1142,#1141);
#1144=DIRECTION('',(0.E0,0.E0,1.E0));
#1145=VECTOR('',#1144,9.999999999999E-3);
#1146=CARTESIAN_POINT('',(-3.E0,-1.177659559250E0,-4.4E0));
#1147=LINE('',#1146,#1145);
#1148=DIRECTION('',(0.E0,2.220446049251E-14,1.E0));
#1149=VECTOR('',#1148,9.999999999999E-3);
#1150=CARTESIAN_POINT('',(-3.09375E0,-1.289361718297E0,-4.4E0));
#1151=LINE('',#1150,#1149);
#1152=DIRECTION('',(0.E0,-2.220446049251E-14,1.E0));
#1153=VECTOR('',#1152,9.999999999999E-3);
#1154=CARTESIAN_POINT('',(-3.09375E0,-1.161702114344E0,-4.4E0));
#1155=LINE('',#1154,#1153);
#1156=DIRECTION('',(0.E0,0.E0,1.E0));
#1157=VECTOR('',#1156,9.999999999999E-3);
#1158=CARTESIAN_POINT('',(-3.E0,-1.05E0,-4.4E0));
#1159=LINE('',#1158,#1157);
#1160=DIRECTION('',(0.E0,0.E0,1.E0));
#1161=VECTOR('',#1160,9.999999999999E-3);
#1162=CARTESIAN_POINT('',(-2.90625E0,-1.05E0,-4.4E0));
#1163=LINE('',#1162,#1161);
#1164=DIRECTION('',(0.E0,1.E0,0.E0));
#1165=VECTOR('',#1164,7.5E-1);
#1166=CARTESIAN_POINT('',(-2.90625E0,-1.8E0,-4.39E0));
#1167=LINE('',#1166,#1165);
#1168=DIRECTION('',(1.E0,0.E0,0.E0));
#1169=VECTOR('',#1168,9.375E-2);
#1170=CARTESIAN_POINT('',(-3.E0,-1.8E0,-4.39E0));
#1171=LINE('',#1170,#1169);
#1172=DIRECTION('',(0.E0,-1.E0,0.E0));
#1173=VECTOR('',#1172,6.223404407501E-1);
#1174=CARTESIAN_POINT('',(-3.E0,-1.177659559250E0,-4.39E0));
#1175=LINE('',#1174,#1173);
#1176=DIRECTION('',(6.428711427642E-1,7.659743427825E-1,0.E0));
#1177=VECTOR('',#1176,1.458301574977E-1);
#1178=CARTESIAN_POINT('',(-3.09375E0,-1.289361718297E0,-4.39E0));
#1179=LINE('',#1178,#1177);
#1180=DIRECTION('',(0.E0,-1.E0,0.E0));
#1181=VECTOR('',#1180,1.276596039534E-1);
#1182=CARTESIAN_POINT('',(-3.09375E0,-1.161702114344E0,-4.39E0));
#1183=LINE('',#1182,#1181);
#1184=DIRECTION('',(-6.428712937139E-1,-7.659742160926E-1,0.E0));
#1185=VECTOR('',#1184,1.458301232559E-1);
#1186=CARTESIAN_POINT('',(-3.E0,-1.05E0,-4.39E0));
#1187=LINE('',#1186,#1185);
#1188=DIRECTION('',(-1.E0,0.E0,0.E0));
#1189=VECTOR('',#1188,9.375E-2);
#1190=CARTESIAN_POINT('',(-2.90625E0,-1.05E0,-4.39E0));
#1191=LINE('',#1190,#1189);
#1192=DIRECTION('',(0.E0,-1.E0,0.E0));
#1193=VECTOR('',#1192,1.E-1);
#1194=CARTESIAN_POINT('',(4.95E0,-2.4E0,-4.9E0));
#1195=LINE('',#1194,#1193);
#1196=DIRECTION('',(0.E0,-1.E0,0.E0));
#1197=VECTOR('',#1196,1.E-1);
#1198=CARTESIAN_POINT('',(5.45E0,-2.4E0,-4.9E0));
#1199=LINE('',#1198,#1197);
#1200=DIRECTION('',(0.E0,9.486832980505E-1,3.162277660168E-1));
#1201=VECTOR('',#1200,3.162277660168E-1);
#1202=CARTESIAN_POINT('',(5.45E0,2.1E0,-3.85E0));
#1203=LINE('',#1202,#1201);
#1204=DIRECTION('',(0.E0,-1.E0,0.E0));
#1205=VECTOR('',#1204,1.35E0);
#1206=CARTESIAN_POINT('',(5.45E0,2.1E0,-3.85E0));
#1207=LINE('',#1206,#1205);
#1208=DIRECTION('',(0.E0,0.E0,-1.E0));
#1209=VECTOR('',#1208,9.5E-1);
#1210=CARTESIAN_POINT('',(5.45E0,7.5E-1,-3.85E0));
#1211=LINE('',#1210,#1209);
#1212=DIRECTION('',(0.E0,7.071067811866E-1,7.071067811865E-1));
#1213=VECTOR('',#1212,1.414213562373E-1);
#1214=CARTESIAN_POINT('',(5.45E0,6.5E-1,-4.9E0));
#1215=LINE('',#1214,#1213);
#1216=DIRECTION('',(0.E0,-1.E0,0.E0));
#1217=VECTOR('',#1216,1.25E0);
#1218=CARTESIAN_POINT('',(5.45E0,6.5E-1,-4.9E0));
#1219=LINE('',#1218,#1217);
#1220=DIRECTION('',(0.E0,0.E0,1.E0));
#1221=VECTOR('',#1220,9.E-1);
#1222=CARTESIAN_POINT('',(5.45E0,-6.E-1,-5.8E0));
#1223=LINE('',#1222,#1221);
#1224=DIRECTION('',(0.E0,0.E0,-1.E0));
#1225=VECTOR('',#1224,1.E-1);
#1226=CARTESIAN_POINT('',(5.45E0,-1.5E0,-5.8E0));
#1227=LINE('',#1226,#1225);
#1228=DIRECTION('',(0.E0,0.E0,1.E0));
#1229=VECTOR('',#1228,2.75E0);
#1230=CARTESIAN_POINT('',(5.45E0,-2.4E0,-4.9E0));
#1231=LINE('',#1230,#1229);
#1232=DIRECTION('',(0.E0,1.E0,0.E0));
#1233=VECTOR('',#1232,9.E-1);
#1234=CARTESIAN_POINT('',(5.45E0,-2.4E0,-2.15E0));
#1235=LINE('',#1234,#1233);
#1236=DIRECTION('',(0.E0,0.E0,1.E0));
#1237=VECTOR('',#1236,1.25E0);
#1238=CARTESIAN_POINT('',(5.45E0,-1.5E0,-2.15E0));
#1239=LINE('',#1238,#1237);
#1240=DIRECTION('',(0.E0,-7.071067811865E-1,-7.071067811865E-1));
#1241=VECTOR('',#1240,1.414213562373E-1);
#1242=CARTESIAN_POINT('',(5.45E0,-1.4E0,-8.E-1));
#1243=LINE('',#1242,#1241);
#1244=DIRECTION('',(0.E0,1.E0,0.E0));
#1245=VECTOR('',#1244,9.5E-1);
#1246=CARTESIAN_POINT('',(5.45E0,-1.4E0,-8.E-1));
#1247=LINE('',#1246,#1245);
#1248=DIRECTION('',(0.E0,0.E0,-1.E0));
#1249=VECTOR('',#1248,5.E-1);
#1250=CARTESIAN_POINT('',(5.45E0,-4.5E-1,-3.E-1));
#1251=LINE('',#1250,#1249);
#1252=DIRECTION('',(0.E0,-3.162277660168E-1,-9.486832980505E-1));
#1253=VECTOR('',#1252,3.162277660168E-1);
#1254=CARTESIAN_POINT('',(5.45E0,-3.5E-1,0.E0));
#1255=LINE('',#1254,#1253);
#1256=DIRECTION('',(-3.015113445778E-1,9.045340337333E-1,3.015113445778E-1));
#1257=VECTOR('',#1256,3.316624790355E-1);
#1258=CARTESIAN_POINT('',(4.775E0,2.1E0,-3.85E0));
#1259=LINE('',#1258,#1257);
#1260=DIRECTION('',(-7.071067811865E-1,0.E0,7.071067811865E-1));
#1261=VECTOR('',#1260,3.959797974645E-1);
#1262=CARTESIAN_POINT('',(-4.395E0,2.4E0,-5.8E0));
#1263=LINE('',#1262,#1261);
#1264=DIRECTION('',(-7.071067811865E-1,0.E0,-7.071067811865E-1));
#1265=VECTOR('',#1264,3.959797974645E-1);
#1266=CARTESIAN_POINT('',(4.675E0,2.4E0,-5.52E0));
#1267=LINE('',#1266,#1265);
#1268=DIRECTION('',(0.E0,0.E0,-1.E0));
#1269=VECTOR('',#1268,1.12E0);
#1270=CARTESIAN_POINT('',(4.675E0,2.4E0,-4.4E0));
#1271=LINE('',#1270,#1269);
#1272=DIRECTION('',(0.E0,0.E0,1.E0));
#1273=VECTOR('',#1272,2.E-1);
#1274=CARTESIAN_POINT('',(4.675E0,2.4E0,-4.4E0));
#1275=LINE('',#1274,#1273);
#1276=DIRECTION('',(0.E0,0.E0,-1.E0));
#1277=VECTOR('',#1276,4.5E-1);
#1278=CARTESIAN_POINT('',(4.675E0,2.4E0,-3.75E0));
#1279=LINE('',#1278,#1277);
#1280=DIRECTION('',(-1.E0,0.E0,0.E0));
#1281=VECTOR('',#1280,7.75E-1);
#1282=CARTESIAN_POINT('',(5.45E0,2.4E0,-3.75E0));
#1283=LINE('',#1282,#1281);
#1284=DIRECTION('',(0.E0,0.E0,-1.E0));
#1285=VECTOR('',#1284,3.75E0);
#1286=CARTESIAN_POINT('',(5.45E0,2.4E0,0.E0));
#1287=LINE('',#1286,#1285);
#1288=DIRECTION('',(-1.E0,0.E0,0.E0));
#1289=VECTOR('',#1288,7.75E-1);
#1290=CARTESIAN_POINT('',(-4.675E0,2.4E0,-3.75E0));
#1291=LINE('',#1290,#1289);
#1292=DIRECTION('',(0.E0,0.E0,1.E0));
#1293=VECTOR('',#1292,4.5E-1);
#1294=CARTESIAN_POINT('',(-4.675E0,2.4E0,-4.2E0));
#1295=LINE('',#1294,#1293);
#1296=DIRECTION('',(0.E0,0.E0,-1.E0));
#1297=VECTOR('',#1296,2.E-1);
#1298=CARTESIAN_POINT('',(-4.675E0,2.4E0,-4.2E0));
#1299=LINE('',#1298,#1297);
#1300=DIRECTION('',(0.E0,0.E0,1.E0));
#1301=VECTOR('',#1300,1.12E0);
#1302=CARTESIAN_POINT('',(-4.675E0,2.4E0,-5.52E0));
#1303=LINE('',#1302,#1301);
#1304=DIRECTION('',(0.E0,1.E0,0.E0));
#1305=VECTOR('',#1304,2.E0);
#1306=CARTESIAN_POINT('',(-4.775E0,-4.5E-1,-5.42E0));
#1307=LINE('',#1306,#1305);
#1308=DIRECTION('',(7.071067811865E-1,0.E0,-7.071067811865E-1));
#1309=VECTOR('',#1308,5.374011537018E-1);
#1310=CARTESIAN_POINT('',(-4.775E0,-6.E-1,-5.42E0));
#1311=LINE('',#1310,#1309);
#1312=DIRECTION('',(0.E0,0.E0,-1.E0));
#1313=VECTOR('',#1312,2.E-1);
#1314=CARTESIAN_POINT('',(-4.775E0,1.4E0,-4.2E0));
#1315=LINE('',#1314,#1313);
#1316=DIRECTION('',(0.E0,0.E0,-1.E0));
#1317=VECTOR('',#1316,2.5E-1);
#1318=CARTESIAN_POINT('',(5.325E0,1.55E0,-5.65E0));
#1319=LINE('',#1318,#1317);
#1320=DIRECTION('',(1.E0,0.E0,0.E0));
#1321=VECTOR('',#1320,2.E-1);
#1322=CARTESIAN_POINT('',(5.125E0,1.55E0,-5.65E0));
#1323=LINE('',#1322,#1321);
#1324=CARTESIAN_POINT('',(5.125E0,1.55E0,-5.55E0));
#1325=DIRECTION('',(0.E0,-1.E0,0.E0));
#1326=DIRECTION('',(-1.E0,0.E0,0.E0));
#1327=AXIS2_PLACEMENT_3D('',#1324,#1325,#1326);
#1329=DIRECTION('',(0.E0,0.E0,-1.E0));
#1330=VECTOR('',#1329,1.7E0);
#1331=CARTESIAN_POINT('',(5.025E0,1.55E0,-3.85E0));
#1332=LINE('',#1331,#1330);
#1333=DIRECTION('',(0.E0,0.E0,1.E0));
#1334=VECTOR('',#1333,2.E-1);
#1335=CARTESIAN_POINT('',(4.775E0,1.55E0,-4.4E0));
#1336=LINE('',#1335,#1334);
#1337=DIRECTION('',(0.E0,0.E0,1.E0));
#1338=VECTOR('',#1337,1.3E-1);
#1339=CARTESIAN_POINT('',(4.775E0,1.55E0,-5.55E0));
#1340=LINE('',#1339,#1338);
#1341=CARTESIAN_POINT('',(5.125E0,1.55E0,-5.55E0));
#1342=DIRECTION('',(0.E0,1.E0,0.E0));
#1343=DIRECTION('',(0.E0,0.E0,-1.E0));
#1344=AXIS2_PLACEMENT_3D('',#1341,#1342,#1343);
#1346=DIRECTION('',(-1.E0,0.E0,0.E0));
#1347=VECTOR('',#1346,2.E-1);
#1348=CARTESIAN_POINT('',(5.325E0,1.55E0,-5.9E0));
#1349=LINE('',#1348,#1347);
#1350=DIRECTION('',(0.E0,0.E0,1.E0));
#1351=VECTOR('',#1350,2.5E-1);
#1352=CARTESIAN_POINT('',(-5.325E0,1.55E0,-5.9E0));
#1353=LINE('',#1352,#1351);
#1354=DIRECTION('',(-1.E0,0.E0,0.E0));
#1355=VECTOR('',#1354,2.E-1);
#1356=CARTESIAN_POINT('',(-5.125E0,1.55E0,-5.9E0));
#1357=LINE('',#1356,#1355);
#1358=CARTESIAN_POINT('',(-5.125E0,1.55E0,-5.55E0));
#1359=DIRECTION('',(0.E0,1.E0,0.E0));
#1360=DIRECTION('',(1.E0,0.E0,0.E0));
#1361=AXIS2_PLACEMENT_3D('',#1358,#1359,#1360);
#1363=DIRECTION('',(0.E0,0.E0,-1.E0));
#1364=VECTOR('',#1363,1.3E-1);
#1365=CARTESIAN_POINT('',(-4.775E0,1.55E0,-5.42E0));
#1366=LINE('',#1365,#1364);
#1367=DIRECTION('',(0.E0,0.E0,-1.E0));
#1368=VECTOR('',#1367,2.E-1);
#1369=CARTESIAN_POINT('',(-4.775E0,1.55E0,-4.2E0));
#1370=LINE('',#1369,#1368);
#1371=DIRECTION('',(0.E0,0.E0,1.E0));
#1372=VECTOR('',#1371,1.7E0);
#1373=CARTESIAN_POINT('',(-5.025E0,1.55E0,-5.55E0));
#1374=LINE('',#1373,#1372);
#1375=CARTESIAN_POINT('',(-5.125E0,1.55E0,-5.55E0));
#1376=DIRECTION('',(0.E0,-1.E0,0.E0));
#1377=DIRECTION('',(0.E0,0.E0,-1.E0));
#1378=AXIS2_PLACEMENT_3D('',#1375,#1376,#1377);
#1380=DIRECTION('',(1.E0,0.E0,0.E0));
#1381=VECTOR('',#1380,2.E-1);
#1382=CARTESIAN_POINT('',(-5.325E0,1.55E0,-5.65E0));
#1383=LINE('',#1382,#1381);
#1384=CARTESIAN_POINT('',(5.325E0,1.25E0,-5.9E0));
#1385=DIRECTION('',(0.E0,0.E0,-1.E0));
#1386=DIRECTION('',(0.E0,1.E0,0.E0));
#1387=AXIS2_PLACEMENT_3D('',#1384,#1385,#1386);
#1389=CARTESIAN_POINT('',(5.325E0,-1.5E-1,-5.9E0));
#1390=DIRECTION('',(0.E0,0.E0,-1.E0));
#1391=DIRECTION('',(1.E0,0.E0,0.E0));
#1392=AXIS2_PLACEMENT_3D('',#1389,#1390,#1391);
#1394=DIRECTION('',(0.E0,-1.E0,0.E0));
#1395=VECTOR('',#1394,1.4E0);
#1396=CARTESIAN_POINT('',(5.625E0,1.25E0,-5.9E0));
#1397=LINE('',#1396,#1395);
#1398=DIRECTION('',(0.E0,-1.E0,0.E0));
#1399=VECTOR('',#1398,2.E0);
#1400=CARTESIAN_POINT('',(5.125E0,1.55E0,-5.9E0));
#1401=LINE('',#1400,#1399);
#1402=DIRECTION('',(0.E0,-1.E0,0.E0));
#1403=VECTOR('',#1402,2.E0);
#1404=CARTESIAN_POINT('',(4.775E0,1.55E0,-5.55E0));
#1405=LINE('',#1404,#1403);
#1406=DIRECTION('',(0.E0,0.E0,-1.E0));
#1407=VECTOR('',#1406,2.E-1);
#1408=CARTESIAN_POINT('',(4.775E0,1.4E0,-4.2E0));
#1409=LINE('',#1408,#1407);
#1410=DIRECTION('',(0.E0,1.E0,0.E0));
#1411=VECTOR('',#1410,2.E0);
#1412=CARTESIAN_POINT('',(4.775E0,-4.5E-1,-5.42E0));
#1413=LINE('',#1412,#1411);
#1414=DIRECTION('',(7.071067811865E-1,0.E0,7.071067811865E-1));
#1415=VECTOR('',#1414,5.374011537018E-1);
#1416=CARTESIAN_POINT('',(4.395E0,-6.E-1,-5.8E0));
#1417=LINE('',#1416,#1415);
#1418=DIRECTION('',(0.E0,1.E0,0.E0));
#1419=VECTOR('',#1418,3.5E-1);
#1420=CARTESIAN_POINT('',(4.775E0,-8.E-1,-3.E-1));
#1421=LINE('',#1420,#1419);
#1422=DIRECTION('',(0.E0,0.E0,1.E0));
#1423=VECTOR('',#1422,2.35E0);
#1424=CARTESIAN_POINT('',(4.775E0,-8.E-1,-2.65E0));
#1425=LINE('',#1424,#1423);
#1426=DIRECTION('',(0.E0,1.E0,0.E0));
#1427=VECTOR('',#1426,1.15E0);
#1428=CARTESIAN_POINT('',(4.775E0,-2.15E0,-3.E-1));
#1429=LINE('',#1428,#1427);
#1430=DIRECTION('',(0.E0,0.E0,-1.E0));
#1431=VECTOR('',#1430,6.E-1);
#1432=CARTESIAN_POINT('',(4.775E0,-1.E0,-3.E-1));
#1433=LINE('',#1432,#1431);
#1434=DIRECTION('',(0.E0,1.E0,0.E0));
#1435=VECTOR('',#1434,3.E-1);
#1436=CARTESIAN_POINT('',(4.775E0,-1.4E0,-8.E-1));
#1437=LINE('',#1436,#1435);
#1438=DIRECTION('',(0.E0,1.E0,0.E0));
#1439=VECTOR('',#1438,1.3E-1);
#1440=CARTESIAN_POINT('',(4.775E0,-2.15E0,-2.15E0));
#1441=LINE('',#1440,#1439);
#1442=DIRECTION('',(0.E0,0.E0,1.E0));
#1443=VECTOR('',#1442,1.85E0);
#1444=CARTESIAN_POINT('',(4.775E0,-2.15E0,-2.15E0));
#1445=LINE('',#1444,#1443);
#1446=DIRECTION('',(0.E0,0.E0,1.E0));
#1447=VECTOR('',#1446,1.02E0);
#1448=CARTESIAN_POINT('',(4.775E0,1.55E0,-5.42E0));
#1449=LINE('',#1448,#1447);
#1450=DIRECTION('',(0.E0,1.E0,0.E0));
#1451=VECTOR('',#1450,5.5E-1);
#1452=CARTESIAN_POINT('',(4.775E0,1.55E0,-4.4E0));
#1453=LINE('',#1452,#1451);
#1454=DIRECTION('',(0.E0,0.E0,-1.E0));
#1455=VECTOR('',#1454,1.02E0);
#1456=CARTESIAN_POINT('',(4.775E0,2.1E0,-4.4E0));
#1457=LINE('',#1456,#1455);
#1458=DIRECTION('',(0.E0,-1.E0,0.E0));
#1459=VECTOR('',#1458,5.5E-1);
#1460=CARTESIAN_POINT('',(4.775E0,2.1E0,-5.42E0));
#1461=LINE('',#1460,#1459);
#1462=DIRECTION('',(0.E0,0.E0,1.E0));
#1463=VECTOR('',#1462,3.5E-1);
#1464=CARTESIAN_POINT('',(4.775E0,1.55E0,-4.2E0));
#1465=LINE('',#1464,#1463);
#1466=DIRECTION('',(0.E0,0.E0,-1.E0));
#1467=VECTOR('',#1466,3.5E-1);
#1468=CARTESIAN_POINT('',(4.775E0,2.1E0,-3.85E0));
#1469=LINE('',#1468,#1467);
#1470=DIRECTION('',(0.E0,-1.E0,0.E0));
#1471=VECTOR('',#1470,5.5E-1);
#1472=CARTESIAN_POINT('',(4.775E0,2.1E0,-4.2E0));
#1473=LINE('',#1472,#1471);
#1474=DIRECTION('',(0.E0,0.E0,1.E0));
#1475=VECTOR('',#1474,5.2E-1);
#1476=CARTESIAN_POINT('',(4.775E0,-4.5E-1,-5.42E0));
#1477=LINE('',#1476,#1475);
#1478=DIRECTION('',(0.E0,-1.E0,0.E0));
#1479=VECTOR('',#1478,1.5E-1);
#1480=CARTESIAN_POINT('',(4.775E0,-4.5E-1,-5.42E0));
#1481=LINE('',#1480,#1479);
#1482=DIRECTION('',(-3.015113445778E-1,3.015113445778E-1,9.045340337333E-1));
#1483=VECTOR('',#1482,3.316624790355E-1);
#1484=CARTESIAN_POINT('',(4.775E0,-4.5E-1,-3.E-1));
#1485=LINE('',#1484,#1483);
#1486=DIRECTION('',(-3.162277660168E-1,0.E0,9.486832980505E-1));
#1487=VECTOR('',#1486,3.162277660168E-1);
#1488=CARTESIAN_POINT('',(4.775E0,-8.E-1,-3.E-1));
#1489=LINE('',#1488,#1487);
#1490=DIRECTION('',(0.E0,-1.E0,0.E0));
#1491=VECTOR('',#1490,4.2E-1);
#1492=CARTESIAN_POINT('',(4.775E0,-1.5E0,-2.65E0));
#1493=LINE('',#1492,#1491);
#1494=DIRECTION('',(-1.E0,0.E0,0.E0));
#1495=VECTOR('',#1494,2.75E-1);
#1496=CARTESIAN_POINT('',(5.05E0,-1.5E0,-2.65E0));
#1497=LINE('',#1496,#1495);
#1498=DIRECTION('',(0.E0,1.E0,0.E0));
#1499=VECTOR('',#1498,4.2E-1);
#1500=CARTESIAN_POINT('',(5.05E0,-1.92E0,-2.65E0));
#1501=LINE('',#1500,#1499);
#1502=DIRECTION('',(1.E0,0.E0,0.E0));
#1503=VECTOR('',#1502,2.75E-1);
#1504=CARTESIAN_POINT('',(4.775E0,-1.92E0,-2.65E0));
#1505=LINE('',#1504,#1503);
#1506=DIRECTION('',(-1.E0,0.E0,0.E0));
#1507=VECTOR('',#1506,2.75E-1);
#1508=CARTESIAN_POINT('',(-4.775E0,-1.5E0,-2.65E0));
#1509=LINE('',#1508,#1507);
#1510=DIRECTION('',(0.E0,1.E0,0.E0));
#1511=VECTOR('',#1510,4.2E-1);
#1512=CARTESIAN_POINT('',(-4.775E0,-1.92E0,-2.65E0));
#1513=LINE('',#1512,#1511);
#1514=DIRECTION('',(1.E0,0.E0,0.E0));
#1515=VECTOR('',#1514,2.75E-1);
#1516=CARTESIAN_POINT('',(-5.05E0,-1.92E0,-2.65E0));
#1517=LINE('',#1516,#1515);
#1518=DIRECTION('',(0.E0,-1.E0,0.E0));
#1519=VECTOR('',#1518,4.2E-1);
#1520=CARTESIAN_POINT('',(-5.05E0,-1.5E0,-2.65E0));
#1521=LINE('',#1520,#1519);
#1522=DIRECTION('',(-1.E0,0.E0,0.E0));
#1523=VECTOR('',#1522,4.75E-1);
#1524=CARTESIAN_POINT('',(-4.675E0,-1.E0,-2.65E0));
#1525=LINE('',#1524,#1523);
#1526=DIRECTION('',(0.E0,-1.E0,0.E0));
#1527=VECTOR('',#1526,2.E-1);
#1528=CARTESIAN_POINT('',(-5.15E0,-8.E-1,-2.65E0));
#1529=LINE('',#1528,#1527);
#1530=DIRECTION('',(-1.E0,0.E0,0.E0));
#1531=VECTOR('',#1530,1.E-1);
#1532=CARTESIAN_POINT('',(-5.05E0,-8.E-1,-2.65E0));
#1533=LINE('',#1532,#1531);
#1534=DIRECTION('',(0.E0,-1.E0,0.E0));
#1535=VECTOR('',#1534,3.5E-1);
#1536=CARTESIAN_POINT('',(-5.05E0,-4.5E-1,-2.65E0));
#1537=LINE('',#1536,#1535);
#1538=DIRECTION('',(-1.E0,0.E0,0.E0));
#1539=VECTOR('',#1538,2.75E-1);
#1540=CARTESIAN_POINT('',(-4.775E0,-4.5E-1,-2.65E0));
#1541=LINE('',#1540,#1539);
#1542=DIRECTION('',(0.E0,1.E0,0.E0));
#1543=VECTOR('',#1542,3.5E-1);
#1544=CARTESIAN_POINT('',(-4.775E0,-8.E-1,-2.65E0));
#1545=LINE('',#1544,#1543);
#1546=DIRECTION('',(-1.E0,0.E0,0.E0));
#1547=VECTOR('',#1546,1.E-1);
#1548=CARTESIAN_POINT('',(-4.675E0,-8.E-1,-2.65E0));
#1549=LINE('',#1548,#1547);
#1550=DIRECTION('',(0.E0,1.E0,0.E0));
#1551=VECTOR('',#1550,2.E-1);
#1552=CARTESIAN_POINT('',(-4.675E0,-1.E0,-2.65E0));
#1553=LINE('',#1552,#1551);
#1554=DIRECTION('',(0.E0,1.E0,0.E0));
#1555=VECTOR('',#1554,3.5E-1);
#1556=CARTESIAN_POINT('',(5.05E0,-8.E-1,-2.65E0));
#1557=LINE('',#1556,#1555);
#1558=DIRECTION('',(-1.E0,0.E0,0.E0));
#1559=VECTOR('',#1558,1.E-1);
#1560=CARTESIAN_POINT('',(5.15E0,-8.E-1,-2.65E0));
#1561=LINE('',#1560,#1559);
#1562=DIRECTION('',(0.E0,1.E0,0.E0));
#1563=VECTOR('',#1562,2.E-1);
#1564=CARTESIAN_POINT('',(5.15E0,-1.E0,-2.65E0));
#1565=LINE('',#1564,#1563);
#1566=DIRECTION('',(0.E0,-1.E0,0.E0));
#1567=VECTOR('',#1566,2.E-1);
#1568=CARTESIAN_POINT('',(4.675E0,-8.E-1,-2.65E0));
#1569=LINE('',#1568,#1567);
#1570=DIRECTION('',(-1.E0,0.E0,0.E0));
#1571=VECTOR('',#1570,1.E-1);
#1572=CARTESIAN_POINT('',(4.775E0,-8.E-1,-2.65E0));
#1573=LINE('',#1572,#1571);
#1574=DIRECTION('',(0.E0,-1.E0,0.E0));
#1575=VECTOR('',#1574,3.5E-1);
#1576=CARTESIAN_POINT('',(4.775E0,-4.5E-1,-2.65E0));
#1577=LINE('',#1576,#1575);
#1578=DIRECTION('',(-1.E0,0.E0,0.E0));
#1579=VECTOR('',#1578,2.75E-1);
#1580=CARTESIAN_POINT('',(5.05E0,-4.5E-1,-2.65E0));
#1581=LINE('',#1580,#1579);
#1582=DIRECTION('',(-1.E0,0.E0,0.E0));
#1583=VECTOR('',#1582,3.E-1);
#1584=CARTESIAN_POINT('',(5.45E0,-1.5E0,-2.15E0));
#1585=LINE('',#1584,#1583);
#1586=DIRECTION('',(0.E0,0.E0,-1.E0));
#1587=VECTOR('',#1586,4.E-1);
#1588=CARTESIAN_POINT('',(5.05E0,-1.5E0,-2.25E0));
#1589=LINE('',#1588,#1587);
#1590=DIRECTION('',(0.E0,0.E0,1.E0));
#1591=VECTOR('',#1590,1.75E0);
#1592=CARTESIAN_POINT('',(4.775E0,-1.5E0,-2.65E0));
#1593=LINE('',#1592,#1591);
#1594=DIRECTION('',(1.E0,0.E0,0.E0));
#1595=VECTOR('',#1594,6.75E-1);
#1596=CARTESIAN_POINT('',(4.775E0,-1.5E0,-9.E-1));
#1597=LINE('',#1596,#1595);
#1598=DIRECTION('',(-1.E0,0.E0,0.E0));
#1599=VECTOR('',#1598,9.25E-1);
#1600=CARTESIAN_POINT('',(5.45E0,-2.4E0,-2.15E0));
#1601=LINE('',#1600,#1599);
#1602=DIRECTION('',(-1.E0,0.E0,0.E0));
#1603=VECTOR('',#1602,3.75E-1);
#1604=CARTESIAN_POINT('',(5.15E0,-2.02E0,-2.15E0));
#1605=LINE('',#1604,#1603);
#1606=DIRECTION('',(0.E0,-1.E0,0.E0));
#1607=VECTOR('',#1606,5.2E-1);
#1608=CARTESIAN_POINT('',(5.15E0,-1.5E0,-2.15E0));
#1609=LINE('',#1608,#1607);
#1610=DIRECTION('',(-3.015113445778E-1,-3.015113445778E-1,9.045340337333E-1));
#1611=VECTOR('',#1610,3.316624790355E-1);
#1612=CARTESIAN_POINT('',(4.775E0,-2.15E0,-3.E-1));
#1613=LINE('',#1612,#1611);
#1614=DIRECTION('',(-7.071067811865E-1,-7.071067811866E-1,0.E0));
#1615=VECTOR('',#1614,3.535533905933E-1);
#1616=CARTESIAN_POINT('',(4.775E0,-2.15E0,-2.15E0));
#1617=LINE('',#1616,#1615);
#1618=DIRECTION('',(3.162277660168E-1,0.E0,-9.486832980505E-1));
#1619=VECTOR('',#1618,3.162277660168E-1);
#1620=CARTESIAN_POINT('',(4.675E0,-1.E0,0.E0));
#1621=LINE('',#1620,#1619);
#1622=DIRECTION('',(0.E0,0.E0,-1.E0));
#1623=VECTOR('',#1622,2.65E0);
#1624=CARTESIAN_POINT('',(4.675E0,-1.E0,0.E0));
#1625=LINE('',#1624,#1623);
#1626=DIRECTION('',(1.E0,0.E0,0.E0));
#1627=VECTOR('',#1626,4.75E-1);
#1628=CARTESIAN_POINT('',(4.675E0,-1.E0,-2.65E0));
#1629=LINE('',#1628,#1627);
#1630=DIRECTION('',(1.E0,0.E0,0.E0));
#1631=VECTOR('',#1630,3.75E-1);
#1632=CARTESIAN_POINT('',(4.775E0,-1.E0,-9.E-1));
#1633=LINE('',#1632,#1631);
#1634=DIRECTION('',(0.E0,0.E0,-1.E0));
#1635=VECTOR('',#1634,2.65E0);
#1636=CARTESIAN_POINT('',(4.675E0,-8.E-1,0.E0));
#1637=LINE('',#1636,#1635);
#1638=DIRECTION('',(0.E0,-1.E0,0.E0));
#1639=VECTOR('',#1638,2.E-1);
#1640=CARTESIAN_POINT('',(5.15E0,-8.E-1,-9.E-1));
#1641=LINE('',#1640,#1639);
#1642=DIRECTION('',(0.E0,0.E0,-1.E0));
#1643=VECTOR('',#1642,1.75E0);
#1644=CARTESIAN_POINT('',(5.15E0,-1.E0,-9.E-1));
#1645=LINE('',#1644,#1643);
#1646=DIRECTION('',(1.E0,0.E0,0.E0));
#1647=VECTOR('',#1646,1.E-1);
#1648=CARTESIAN_POINT('',(5.05E0,-8.E-1,-9.E-1));
#1649=LINE('',#1648,#1647);
#1650=DIRECTION('',(0.E0,0.E0,-1.E0));
#1651=VECTOR('',#1650,1.75E0);
#1652=CARTESIAN_POINT('',(5.15E0,-8.E-1,-9.E-1));
#1653=LINE('',#1652,#1651);
#1654=DIRECTION('',(0.E0,-1.E0,0.E0));
#1655=VECTOR('',#1654,3.5E-1);
#1656=CARTESIAN_POINT('',(5.05E0,-4.5E-1,-9.E-1));
#1657=LINE('',#1656,#1655);
#1658=DIRECTION('',(0.E0,0.E0,1.E0));
#1659=VECTOR('',#1658,1.75E0);
#1660=CARTESIAN_POINT('',(5.05E0,-8.E-1,-2.65E0));
#1661=LINE('',#1660,#1659);
#1662=DIRECTION('',(5.773502691896E-1,5.773502691896E-1,5.773502691896E-1));
#1663=VECTOR('',#1662,1.732050807569E-1);
#1664=CARTESIAN_POINT('',(5.05E0,-8.E-1,-9.E-1));
#1665=LINE('',#1664,#1663);
#1666=DIRECTION('',(7.071067811865E-1,0.E0,7.071067811865E-1));
#1667=VECTOR('',#1666,1.414213562373E-1);
#1668=CARTESIAN_POINT('',(5.05E0,-4.5E-1,-9.E-1));
#1669=LINE('',#1668,#1667);
#1670=DIRECTION('',(0.E0,-1.E0,0.E0));
#1671=VECTOR('',#1670,2.5E-1);
#1672=CARTESIAN_POINT('',(5.15E0,-4.5E-1,-8.E-1));
#1673=LINE('',#1672,#1671);
#1674=DIRECTION('',(1.E0,0.E0,0.E0));
#1675=VECTOR('',#1674,6.75E-1);
#1676=CARTESIAN_POINT('',(4.775E0,-1.4E0,-8.E-1));
#1677=LINE('',#1676,#1675);
#1678=DIRECTION('',(1.E0,0.E0,0.E0));
#1679=VECTOR('',#1678,4.75E-1);
#1680=CARTESIAN_POINT('',(4.775E0,-1.1E0,-8.E-1));
#1681=LINE('',#1680,#1679);
#1682=DIRECTION('',(0.E0,-1.E0,0.E0));
#1683=VECTOR('',#1682,4.E-1);
#1684=CARTESIAN_POINT('',(5.25E0,-7.E-1,-8.E-1));
#1685=LINE('',#1684,#1683);
#1686=DIRECTION('',(1.E0,0.E0,0.E0));
#1687=VECTOR('',#1686,1.E-1);
#1688=CARTESIAN_POINT('',(5.15E0,-7.E-1,-8.E-1));
#1689=LINE('',#1688,#1687);
#1690=DIRECTION('',(1.E0,0.E0,0.E0));
#1691=VECTOR('',#1690,6.75E-1);
#1692=CARTESIAN_POINT('',(4.775E0,-4.5E-1,-3.E-1));
#1693=LINE('',#1692,#1691);
#1694=DIRECTION('',(-1.E0,0.E0,0.E0));
#1695=VECTOR('',#1694,3.E-1);
#1696=CARTESIAN_POINT('',(5.45E0,-4.5E-1,-8.E-1));
#1697=LINE('',#1696,#1695);
#1698=DIRECTION('',(0.E0,0.E0,-1.E0));
#1699=VECTOR('',#1698,1.75E0);
#1700=CARTESIAN_POINT('',(5.05E0,-4.5E-1,-9.E-1));
#1701=LINE('',#1700,#1699);
#1702=DIRECTION('',(0.E0,0.E0,-1.E0));
#1703=VECTOR('',#1702,2.35E0);
#1704=CARTESIAN_POINT('',(4.775E0,-4.5E-1,-3.E-1));
#1705=LINE('',#1704,#1703);
#1706=DIRECTION('',(0.E0,7.071067811865E-1,7.071067811865E-1));
#1707=VECTOR('',#1706,1.414213562373E-1);
#1708=CARTESIAN_POINT('',(4.775E0,-1.5E0,-9.E-1));
#1709=LINE('',#1708,#1707);
#1710=DIRECTION('',(0.E0,7.071067811865E-1,-7.071067811865E-1));
#1711=VECTOR('',#1710,1.414213562373E-1);
#1712=CARTESIAN_POINT('',(4.775E0,-1.1E0,-8.E-1));
#1713=LINE('',#1712,#1711);
#1714=DIRECTION('',(5.773502691896E-1,-5.773502691896E-1,5.773502691896E-1));
#1715=VECTOR('',#1714,1.732050807569E-1);
#1716=CARTESIAN_POINT('',(5.15E0,-1.E0,-9.E-1));
#1717=LINE('',#1716,#1715);
#1718=DIRECTION('',(5.773502691896E-1,5.773502691896E-1,5.773502691896E-1));
#1719=VECTOR('',#1718,1.732050807569E-1);
#1720=CARTESIAN_POINT('',(5.15E0,-8.E-1,-9.E-1));
#1721=LINE('',#1720,#1719);
#1722=DIRECTION('',(0.E0,7.071067811865E-1,-7.071067811866E-1));
#1723=VECTOR('',#1722,1.414213562373E-1);
#1724=CARTESIAN_POINT('',(4.775E0,-2.02E0,-2.15E0));
#1725=LINE('',#1724,#1723);
#1726=DIRECTION('',(-1.E0,0.E0,0.E0));
#1727=VECTOR('',#1726,2.75E-1);
#1728=CARTESIAN_POINT('',(5.05E0,-1.92E0,-2.25E0));
#1729=LINE('',#1728,#1727);
#1730=DIRECTION('',(0.E0,0.E0,-1.E0));
#1731=VECTOR('',#1730,4.E-1);
#1732=CARTESIAN_POINT('',(4.775E0,-1.92E0,-2.25E0));
#1733=LINE('',#1732,#1731);
#1734=DIRECTION('',(0.E0,-1.E0,0.E0));
#1735=VECTOR('',#1734,4.2E-1);
#1736=CARTESIAN_POINT('',(5.05E0,-1.5E0,-2.25E0));
#1737=LINE('',#1736,#1735);
#1738=DIRECTION('',(0.E0,0.E0,-1.E0));
#1739=VECTOR('',#1738,4.E-1);
#1740=CARTESIAN_POINT('',(5.05E0,-1.92E0,-2.25E0));
#1741=LINE('',#1740,#1739);
#1742=DIRECTION('',(5.773502691896E-1,-5.773502691896E-1,5.773502691896E-1));
#1743=VECTOR('',#1742,1.732050807569E-1);
#1744=CARTESIAN_POINT('',(5.05E0,-1.92E0,-2.25E0));
#1745=LINE('',#1744,#1743);
#1746=DIRECTION('',(7.071067811865E-1,0.E0,7.071067811865E-1));
#1747=VECTOR('',#1746,1.414213562373E-1);
#1748=CARTESIAN_POINT('',(5.05E0,-1.5E0,-2.25E0));
#1749=LINE('',#1748,#1747);
#1750=DIRECTION('',(-1.E0,0.E0,0.E0));
#1751=VECTOR('',#1750,6.75E-1);
#1752=CARTESIAN_POINT('',(-4.775E0,-1.5E0,-9.E-1));
#1753=LINE('',#1752,#1751);
#1754=DIRECTION('',(0.E0,1.E0,0.E0));
#1755=VECTOR('',#1754,4.2E-1);
#1756=CARTESIAN_POINT('',(-5.05E0,-1.92E0,-2.25E0));
#1757=LINE('',#1756,#1755);
#1758=DIRECTION('',(0.E0,0.E0,-1.E0));
#1759=VECTOR('',#1758,4.E-1);
#1760=CARTESIAN_POINT('',(-5.05E0,-1.5E0,-2.25E0));
#1761=LINE('',#1760,#1759);
#1762=DIRECTION('',(7.071067811865E-1,0.E0,-7.071067811865E-1));
#1763=VECTOR('',#1762,1.414213562373E-1);
#1764=CARTESIAN_POINT('',(-5.15E0,-1.5E0,-2.15E0));
#1765=LINE('',#1764,#1763);
#1766=DIRECTION('',(-5.773502691896E-1,-5.773502691896E-1,5.773502691896E-1));
#1767=VECTOR('',#1766,1.732050807569E-1);
#1768=CARTESIAN_POINT('',(-5.05E0,-1.92E0,-2.25E0));
#1769=LINE('',#1768,#1767);
#1770=DIRECTION('',(0.E0,-7.071067811865E-1,7.071067811865E-1));
#1771=VECTOR('',#1770,1.414213562373E-1);
#1772=CARTESIAN_POINT('',(-4.775E0,-1.92E0,-2.25E0));
#1773=LINE('',#1772,#1771);
#1774=DIRECTION('',(-1.E0,0.E0,0.E0));
#1775=VECTOR('',#1774,9.25E-1);
#1776=CARTESIAN_POINT('',(-4.525E0,-2.4E0,-2.15E0));
#1777=LINE('',#1776,#1775);
#1778=DIRECTION('',(1.E0,0.E0,0.E0));
#1779=VECTOR('',#1778,3.E-1);
#1780=CARTESIAN_POINT('',(-5.45E0,-1.5E0,-2.15E0));
#1781=LINE('',#1780,#1779);
#1782=DIRECTION('',(0.E0,1.E0,0.E0));
#1783=VECTOR('',#1782,5.2E-1);
#1784=CARTESIAN_POINT('',(-5.15E0,-2.02E0,-2.15E0));
#1785=LINE('',#1784,#1783);
#1786=DIRECTION('',(-1.E0,0.E0,0.E0));
#1787=VECTOR('',#1786,3.75E-1);
#1788=CARTESIAN_POINT('',(-4.775E0,-2.02E0,-2.15E0));
#1789=LINE('',#1788,#1787);
#1790=DIRECTION('',(0.E0,-1.E0,0.E0));
#1791=VECTOR('',#1790,1.15E0);
#1792=CARTESIAN_POINT('',(-4.775E0,-1.E0,-3.E-1));
#1793=LINE('',#1792,#1791);
#1794=DIRECTION('',(0.E0,0.E0,-1.E0));
#1795=VECTOR('',#1794,1.85E0);
#1796=CARTESIAN_POINT('',(-4.775E0,-2.15E0,-3.E-1));
#1797=LINE('',#1796,#1795);
#1798=DIRECTION('',(0.E0,-1.E0,0.E0));
#1799=VECTOR('',#1798,1.3E-1);
#1800=CARTESIAN_POINT('',(-4.775E0,-2.02E0,-2.15E0));
#1801=LINE('',#1800,#1799);
#1802=DIRECTION('',(0.E0,0.E0,-1.E0));
#1803=VECTOR('',#1802,4.E-1);
#1804=CARTESIAN_POINT('',(-4.775E0,-1.92E0,-2.25E0));
#1805=LINE('',#1804,#1803);
#1806=DIRECTION('',(0.E0,0.E0,1.E0));
#1807=VECTOR('',#1806,1.75E0);
#1808=CARTESIAN_POINT('',(-4.775E0,-1.5E0,-2.65E0));
#1809=LINE('',#1808,#1807);
#1810=DIRECTION('',(0.E0,-1.E0,0.E0));
#1811=VECTOR('',#1810,3.E-1);
#1812=CARTESIAN_POINT('',(-4.775E0,-1.1E0,-8.E-1));
#1813=LINE('',#1812,#1811);
#1814=DIRECTION('',(0.E0,0.E0,1.E0));
#1815=VECTOR('',#1814,6.E-1);
#1816=CARTESIAN_POINT('',(-4.775E0,-1.E0,-9.E-1));
#1817=LINE('',#1816,#1815);
#1818=DIRECTION('',(0.E0,-1.E0,0.E0));
#1819=VECTOR('',#1818,3.5E-1);
#1820=CARTESIAN_POINT('',(-4.775E0,-4.5E-1,-3.E-1));
#1821=LINE('',#1820,#1819);
#1822=DIRECTION('',(0.E0,0.E0,-1.E0));
#1823=VECTOR('',#1822,2.35E0);
#1824=CARTESIAN_POINT('',(-4.775E0,-8.E-1,-3.E-1));
#1825=LINE('',#1824,#1823);
#1826=DIRECTION('',(0.E0,0.E0,1.E0));
#1827=VECTOR('',#1826,1.02E0);
#1828=CARTESIAN_POINT('',(-4.775E0,1.55E0,-5.42E0));
#1829=LINE('',#1828,#1827);
#1830=DIRECTION('',(0.E0,1.E0,0.E0));
#1831=VECTOR('',#1830,5.5E-1);
#1832=CARTESIAN_POINT('',(-4.775E0,1.55E0,-5.42E0));
#1833=LINE('',#1832,#1831);
#1834=DIRECTION('',(0.E0,0.E0,1.E0));
#1835=VECTOR('',#1834,1.02E0);
#1836=CARTESIAN_POINT('',(-4.775E0,2.1E0,-5.42E0));
#1837=LINE('',#1836,#1835);
#1838=DIRECTION('',(0.E0,-1.E0,0.E0));
#1839=VECTOR('',#1838,5.5E-1);
#1840=CARTESIAN_POINT('',(-4.775E0,2.1E0,-4.4E0));
#1841=LINE('',#1840,#1839);
#1842=DIRECTION('',(0.E0,0.E0,1.E0));
#1843=VECTOR('',#1842,3.5E-1);
#1844=CARTESIAN_POINT('',(-4.775E0,1.55E0,-4.2E0));
#1845=LINE('',#1844,#1843);
#1846=DIRECTION('',(0.E0,-1.E0,0.E0));
#1847=VECTOR('',#1846,5.5E-1);
#1848=CARTESIAN_POINT('',(-4.775E0,2.1E0,-4.2E0));
#1849=LINE('',#1848,#1847);
#1850=DIRECTION('',(0.E0,0.E0,1.E0));
#1851=VECTOR('',#1850,3.5E-1);
#1852=CARTESIAN_POINT('',(-4.775E0,2.1E0,-4.2E0));
#1853=LINE('',#1852,#1851);
#1854=DIRECTION('',(0.E0,0.E0,1.E0));
#1855=VECTOR('',#1854,5.2E-1);
#1856=CARTESIAN_POINT('',(-4.775E0,-4.5E-1,-5.42E0));
#1857=LINE('',#1856,#1855);
#1858=DIRECTION('',(0.E0,-1.E0,0.E0));
#1859=VECTOR('',#1858,6.5E-1);
#1860=CARTESIAN_POINT('',(-4.775E0,-4.5E-1,-4.9E0));
#1861=LINE('',#1860,#1859);
#1862=DIRECTION('',(0.E0,1.E0,0.E0));
#1863=VECTOR('',#1862,4.E-1);
#1864=CARTESIAN_POINT('',(-4.775E0,-1.1E0,-5.32E0));
#1865=LINE('',#1864,#1863);
#1866=DIRECTION('',(0.E0,1.E0,0.E0));
#1867=VECTOR('',#1866,1.5E-1);
#1868=CARTESIAN_POINT('',(-4.775E0,-6.E-1,-5.42E0));
#1869=LINE('',#1868,#1867);
#1870=DIRECTION('',(-3.015113445778E-1,3.015113445778E-1,-9.045340337333E-1));
#1871=VECTOR('',#1870,3.316624790355E-1);
#1872=CARTESIAN_POINT('',(-4.675E0,-2.25E0,0.E0));
#1873=LINE('',#1872,#1871);
#1874=DIRECTION('',(-7.071067811865E-1,7.071067811865E-1,0.E0));
#1875=VECTOR('',#1874,3.535533905933E-1);
#1876=CARTESIAN_POINT('',(-4.525E0,-2.4E0,-2.15E0));
#1877=LINE('',#1876,#1875);
#1878=DIRECTION('',(3.162277660168E-1,0.E0,9.486832980505E-1));
#1879=VECTOR('',#1878,3.162277660168E-1);
#1880=CARTESIAN_POINT('',(-4.775E0,-1.E0,-3.E-1));
#1881=LINE('',#1880,#1879);
#1882=DIRECTION('',(1.E0,0.E0,0.E0));
#1883=VECTOR('',#1882,3.75E-1);
#1884=CARTESIAN_POINT('',(-5.15E0,-1.E0,-9.E-1));
#1885=LINE('',#1884,#1883);
#1886=DIRECTION('',(0.E0,0.E0,-1.E0));
#1887=VECTOR('',#1886,1.75E0);
#1888=CARTESIAN_POINT('',(-5.15E0,-1.E0,-9.E-1));
#1889=LINE('',#1888,#1887);
#1890=DIRECTION('',(-5.773502691896E-1,-5.773502691896E-1,5.773502691896E-1));
#1891=VECTOR('',#1890,1.732050807569E-1);
#1892=CARTESIAN_POINT('',(-5.15E0,-1.E0,-9.E-1));
#1893=LINE('',#1892,#1891);
#1894=DIRECTION('',(0.E0,-7.071067811865E-1,7.071067811865E-1));
#1895=VECTOR('',#1894,1.414213562373E-1);
#1896=CARTESIAN_POINT('',(-4.775E0,-1.E0,-9.E-1));
#1897=LINE('',#1896,#1895);
#1898=DIRECTION('',(0.E0,1.E0,0.E0));
#1899=VECTOR('',#1898,4.E-1);
#1900=CARTESIAN_POINT('',(-5.25E0,-1.1E0,-8.E-1));
#1901=LINE('',#1900,#1899);
#1902=DIRECTION('',(1.E0,0.E0,0.E0));
#1903=VECTOR('',#1902,4.75E-1);
#1904=CARTESIAN_POINT('',(-5.25E0,-1.1E0,-8.E-1));
#1905=LINE('',#1904,#1903);
#1906=DIRECTION('',(-1.E0,0.E0,0.E0));
#1907=VECTOR('',#1906,6.75E-1);
#1908=CARTESIAN_POINT('',(-4.775E0,-1.4E0,-8.E-1));
#1909=LINE('',#1908,#1907);
#1910=DIRECTION('',(1.E0,0.E0,0.E0));
#1911=VECTOR('',#1910,3.E-1);
#1912=CARTESIAN_POINT('',(-5.45E0,-4.5E-1,-8.E-1));
#1913=LINE('',#1912,#1911);
#1914=DIRECTION('',(0.E0,1.E0,0.E0));
#1915=VECTOR('',#1914,2.5E-1);
#1916=CARTESIAN_POINT('',(-5.15E0,-7.E-1,-8.E-1));
#1917=LINE('',#1916,#1915);
#1918=DIRECTION('',(1.E0,0.E0,0.E0));
#1919=VECTOR('',#1918,1.E-1);
#1920=CARTESIAN_POINT('',(-5.25E0,-7.E-1,-8.E-1));
#1921=LINE('',#1920,#1919);
#1922=DIRECTION('',(-5.773502691896E-1,5.773502691896E-1,5.773502691896E-1));
#1923=VECTOR('',#1922,1.732050807569E-1);
#1924=CARTESIAN_POINT('',(-5.15E0,-8.E-1,-9.E-1));
#1925=LINE('',#1924,#1923);
#1926=DIRECTION('',(0.E0,1.E0,0.E0));
#1927=VECTOR('',#1926,2.E-1);
#1928=CARTESIAN_POINT('',(-5.15E0,-1.E0,-9.E-1));
#1929=LINE('',#1928,#1927);
#1930=DIRECTION('',(0.E0,0.E0,-1.E0));
#1931=VECTOR('',#1930,1.75E0);
#1932=CARTESIAN_POINT('',(-5.15E0,-8.E-1,-9.E-1));
#1933=LINE('',#1932,#1931);
#1934=DIRECTION('',(1.E0,0.E0,0.E0));
#1935=VECTOR('',#1934,1.E-1);
#1936=CARTESIAN_POINT('',(-5.15E0,-8.E-1,-9.E-1));
#1937=LINE('',#1936,#1935);
#1938=DIRECTION('',(-5.773502691896E-1,5.773502691896E-1,5.773502691896E-1));
#1939=VECTOR('',#1938,1.732050807569E-1);
#1940=CARTESIAN_POINT('',(-5.05E0,-8.E-1,-9.E-1));
#1941=LINE('',#1940,#1939);
#1942=DIRECTION('',(7.071067811865E-1,0.E0,-7.071067811865E-1));
#1943=VECTOR('',#1942,1.414213562373E-1);
#1944=CARTESIAN_POINT('',(-5.15E0,-4.5E-1,-8.E-1));
#1945=LINE('',#1944,#1943);
#1946=DIRECTION('',(0.E0,0.E0,1.E0));
#1947=VECTOR('',#1946,1.75E0);
#1948=CARTESIAN_POINT('',(-5.05E0,-8.E-1,-2.65E0));
#1949=LINE('',#1948,#1947);
#1950=DIRECTION('',(0.E0,1.E0,0.E0));
#1951=VECTOR('',#1950,3.5E-1);
#1952=CARTESIAN_POINT('',(-5.05E0,-8.E-1,-9.E-1));
#1953=LINE('',#1952,#1951);
#1954=DIRECTION('',(0.E0,0.E0,-1.E0));
#1955=VECTOR('',#1954,1.75E0);
#1956=CARTESIAN_POINT('',(-5.05E0,-4.5E-1,-9.E-1));
#1957=LINE('',#1956,#1955);
#1958=DIRECTION('',(1.E0,0.E0,0.E0));
#1959=VECTOR('',#1958,6.75E-1);
#1960=CARTESIAN_POINT('',(-5.45E0,-4.5E-1,-3.E-1));
#1961=LINE('',#1960,#1959);
#1962=DIRECTION('',(0.E0,0.E0,-1.E0));
#1963=VECTOR('',#1962,2.35E0);
#1964=CARTESIAN_POINT('',(-4.775E0,-4.5E-1,-3.E-1));
#1965=LINE('',#1964,#1963);
#1966=DIRECTION('',(3.015113445778E-1,3.015113445778E-1,9.045340337333E-1));
#1967=VECTOR('',#1966,3.316624790355E-1);
#1968=CARTESIAN_POINT('',(-4.775E0,-4.5E-1,-3.E-1));
#1969=LINE('',#1968,#1967);
#1970=DIRECTION('',(0.E0,-9.486832980505E-1,-3.162277660168E-1));
#1971=VECTOR('',#1970,3.162277660168E-1);
#1972=CARTESIAN_POINT('',(-5.45E0,2.4E0,-3.75E0));
#1973=LINE('',#1972,#1971);
#1974=DIRECTION('',(0.E0,0.E0,-1.E0));
#1975=VECTOR('',#1974,3.75E0);
#1976=CARTESIAN_POINT('',(-5.45E0,2.4E0,0.E0));
#1977=LINE('',#1976,#1975);
#1978=DIRECTION('',(0.E0,3.162277660168E-1,9.486832980505E-1));
#1979=VECTOR('',#1978,3.162277660168E-1);
#1980=CARTESIAN_POINT('',(-5.45E0,-4.5E-1,-3.E-1));
#1981=LINE('',#1980,#1979);
#1982=DIRECTION('',(0.E0,0.E0,-1.E0));
#1983=VECTOR('',#1982,5.E-1);
#1984=CARTESIAN_POINT('',(-5.45E0,-4.5E-1,-3.E-1));
#1985=LINE('',#1984,#1983);
#1986=DIRECTION('',(0.E0,-1.E0,0.E0));
#1987=VECTOR('',#1986,9.5E-1);
#1988=CARTESIAN_POINT('',(-5.45E0,-4.5E-1,-8.E-1));
#1989=LINE('',#1988,#1987);
#1990=DIRECTION('',(0.E0,7.071067811865E-1,7.071067811865E-1));
#1991=VECTOR('',#1990,1.414213562373E-1);
#1992=CARTESIAN_POINT('',(-5.45E0,-1.5E0,-9.E-1));
#1993=LINE('',#1992,#1991);
#1994=DIRECTION('',(0.E0,0.E0,-1.E0));
#1995=VECTOR('',#1994,1.25E0);
#1996=CARTESIAN_POINT('',(-5.45E0,-1.5E0,-9.E-1));
#1997=LINE('',#1996,#1995);
#1998=DIRECTION('',(0.E0,1.E0,0.E0));
#1999=VECTOR('',#1998,9.E-1);
#2000=CARTESIAN_POINT('',(-5.45E0,-2.4E0,-2.15E0));
#2001=LINE('',#2000,#1999);
#2002=DIRECTION('',(0.E0,0.E0,-1.E0));
#2003=VECTOR('',#2002,2.75E0);
#2004=CARTESIAN_POINT('',(-5.45E0,-2.4E0,-2.15E0));
#2005=LINE('',#2004,#2003);
#2006=DIRECTION('',(0.E0,-1.E0,0.E0));
#2007=VECTOR('',#2006,1.E-1);
#2008=CARTESIAN_POINT('',(-5.45E0,-2.4E0,-4.9E0));
#2009=LINE('',#2008,#2007);
#2010=DIRECTION('',(0.E0,1.E0,0.E0));
#2011=VECTOR('',#2010,1.E0);
#2012=CARTESIAN_POINT('',(-5.45E0,-2.5E0,-5.9E0));
#2013=LINE('',#2012,#2011);
#2014=DIRECTION('',(0.E0,0.E0,1.E0));
#2015=VECTOR('',#2014,9.E-1);
#2016=CARTESIAN_POINT('',(-5.45E0,-6.E-1,-5.8E0));
#2017=LINE('',#2016,#2015);
#2018=DIRECTION('',(0.E0,1.E0,0.E0));
#2019=VECTOR('',#2018,1.25E0);
#2020=CARTESIAN_POINT('',(-5.45E0,-6.E-1,-4.9E0));
#2021=LINE('',#2020,#2019);
#2022=DIRECTION('',(0.E0,-7.071067811865E-1,-7.071067811865E-1));
#2023=VECTOR('',#2022,1.414213562373E-1);
#2024=CARTESIAN_POINT('',(-5.45E0,7.5E-1,-4.8E0));
#2025=LINE('',#2024,#2023);
#2026=DIRECTION('',(0.E0,0.E0,1.E0));
#2027=VECTOR('',#2026,9.5E-1);
#2028=CARTESIAN_POINT('',(-5.45E0,7.5E-1,-4.8E0));
#2029=LINE('',#2028,#2027);
#2030=DIRECTION('',(0.E0,-1.E0,0.E0));
#2031=VECTOR('',#2030,1.35E0);
#2032=CARTESIAN_POINT('',(-5.45E0,2.1E0,-3.85E0));
#2033=LINE('',#2032,#2031);
#2034=DIRECTION('',(-1.E0,0.E0,0.E0));
#2035=VECTOR('',#2034,2.5E-2);
#2036=CARTESIAN_POINT('',(-5.025E0,-2.5E-1,-3.85E0));
#2037=LINE('',#2036,#2035);
#2038=DIRECTION('',(0.E0,1.E0,0.E0));
#2039=VECTOR('',#2038,1.8E0);
#2040=CARTESIAN_POINT('',(-5.025E0,-2.5E-1,-3.85E0));
#2041=LINE('',#2040,#2039);
#2042=DIRECTION('',(-1.E0,0.E0,0.E0));
#2043=VECTOR('',#2042,2.5E-1);
#2044=CARTESIAN_POINT('',(-4.775E0,1.55E0,-3.85E0));
#2045=LINE('',#2044,#2043);
#2046=DIRECTION('',(0.E0,1.E0,0.E0));
#2047=VECTOR('',#2046,5.5E-1);
#2048=CARTESIAN_POINT('',(-4.775E0,1.55E0,-3.85E0));
#2049=LINE('',#2048,#2047);
#2050=DIRECTION('',(-1.E0,0.E0,0.E0));
#2051=VECTOR('',#2050,6.75E-1);
#2052=CARTESIAN_POINT('',(-4.775E0,2.1E0,-3.85E0));
#2053=LINE('',#2052,#2051);
#2054=DIRECTION('',(1.E0,0.E0,0.E0));
#2055=VECTOR('',#2054,3.E-1);
#2056=CARTESIAN_POINT('',(-5.45E0,7.5E-1,-3.85E0));
#2057=LINE('',#2056,#2055);
#2058=DIRECTION('',(1.E0,0.E0,0.E0));
#2059=VECTOR('',#2058,2.5E-2);
#2060=CARTESIAN_POINT('',(5.025E0,-2.5E-1,-3.85E0));
#2061=LINE('',#2060,#2059);
#2062=DIRECTION('',(0.E0,1.E0,0.E0));
#2063=VECTOR('',#2062,9.E-1);
#2064=CARTESIAN_POINT('',(5.05E0,-2.5E-1,-3.85E0));
#2065=LINE('',#2064,#2063);
#2066=DIRECTION('',(-1.E0,0.E0,0.E0));
#2067=VECTOR('',#2066,6.75E-1);
#2068=CARTESIAN_POINT('',(5.45E0,2.1E0,-3.85E0));
#2069=LINE('',#2068,#2067);
#2070=DIRECTION('',(0.E0,-1.E0,0.E0));
#2071=VECTOR('',#2070,5.5E-1);
#2072=CARTESIAN_POINT('',(4.775E0,2.1E0,-3.85E0));
#2073=LINE('',#2072,#2071);
#2074=DIRECTION('',(1.E0,0.E0,0.E0));
#2075=VECTOR('',#2074,2.5E-1);
#2076=CARTESIAN_POINT('',(4.775E0,1.55E0,-3.85E0));
#2077=LINE('',#2076,#2075);
#2078=DIRECTION('',(0.E0,1.E0,0.E0));
#2079=VECTOR('',#2078,1.8E0);
#2080=CARTESIAN_POINT('',(5.025E0,-2.5E-1,-3.85E0));
#2081=LINE('',#2080,#2079);
#2082=DIRECTION('',(0.E0,0.E0,1.E0));
#2083=VECTOR('',#2082,3.5E-1);
#2084=CARTESIAN_POINT('',(5.05E0,-2.5E-1,-4.2E0));
#2085=LINE('',#2084,#2083);
#2086=DIRECTION('',(0.E0,-1.E0,0.E0));
#2087=VECTOR('',#2086,9.E-1);
#2088=CARTESIAN_POINT('',(5.05E0,6.5E-1,-4.2E0));
#2089=LINE('',#2088,#2087);
#2090=DIRECTION('',(0.E0,0.E0,1.E0));
#2091=VECTOR('',#2090,3.5E-1);
#2092=CARTESIAN_POINT('',(5.05E0,6.5E-1,-4.2E0));
#2093=LINE('',#2092,#2091);
#2094=DIRECTION('',(1.E0,0.E0,0.E0));
#2095=VECTOR('',#2094,1.E-1);
#2096=CARTESIAN_POINT('',(5.05E0,-2.5E-1,-4.2E0));
#2097=LINE('',#2096,#2095);
#2098=DIRECTION('',(-1.E0,0.E0,0.E0));
#2099=VECTOR('',#2098,1.E-1);
#2100=CARTESIAN_POINT('',(5.15E0,6.5E-1,-4.2E0));
#2101=LINE('',#2100,#2099);
#2102=DIRECTION('',(0.E0,0.E0,-1.E0));
#2103=VECTOR('',#2102,2.E-1);
#2104=CARTESIAN_POINT('',(5.15E0,-2.5E-1,-4.2E0));
#2105=LINE('',#2104,#2103);
#2106=DIRECTION('',(0.E0,0.E0,1.E0));
#2107=VECTOR('',#2106,2.E-1);
#2108=CARTESIAN_POINT('',(5.15E0,6.5E-1,-4.4E0));
#2109=LINE('',#2108,#2107);
#2110=DIRECTION('',(0.E0,-1.E0,0.E0));
#2111=VECTOR('',#2110,9.E-1);
#2112=CARTESIAN_POINT('',(5.15E0,6.5E-1,-4.2E0));
#2113=LINE('',#2112,#2111);
#2114=DIRECTION('',(0.E0,-1.E0,0.E0));
#2115=VECTOR('',#2114,9.E-1);
#2116=CARTESIAN_POINT('',(5.15E0,6.5E-1,-4.4E0));
#2117=LINE('',#2116,#2115);
#2118=DIRECTION('',(1.E0,0.E0,0.E0));
#2119=VECTOR('',#2118,1.25E-1);
#2120=CARTESIAN_POINT('',(5.025E0,-2.5E-1,-4.4E0));
#2121=LINE('',#2120,#2119);
#2122=DIRECTION('',(0.E0,1.E0,0.E0));
#2123=VECTOR('',#2122,9.E-1);
#2124=CARTESIAN_POINT('',(5.025E0,-2.5E-1,-4.4E0));
#2125=LINE('',#2124,#2123);
#2126=DIRECTION('',(-1.E0,0.E0,1.421085471520E-14));
#2127=VECTOR('',#2126,1.25E-1);
#2128=CARTESIAN_POINT('',(5.15E0,6.5E-1,-4.4E0));
#2129=LINE('',#2128,#2127);
#2130=DIRECTION('',(1.E0,0.E0,0.E0));
#2131=VECTOR('',#2130,1.E-1);
#2132=CARTESIAN_POINT('',(4.675E0,1.4E0,-4.4E0));
#2133=LINE('',#2132,#2131);
#2134=DIRECTION('',(3.162277660168E-1,-9.486832980505E-1,0.E0));
#2135=VECTOR('',#2134,3.162277660168E-1);
#2136=CARTESIAN_POINT('',(4.675E0,2.4E0,-4.4E0));
#2137=LINE('',#2136,#2135);
#2138=DIRECTION('',(0.E0,-1.E0,0.E0));
#2139=VECTOR('',#2138,1.5E-1);
#2140=CARTESIAN_POINT('',(4.775E0,1.55E0,-4.4E0));
#2141=LINE('',#2140,#2139);
#2142=DIRECTION('',(0.E0,0.E0,-1.E0));
#2143=VECTOR('',#2142,5.5E-1);
#2144=CARTESIAN_POINT('',(5.025E0,-2.5E-1,-3.85E0));
#2145=LINE('',#2144,#2143);
#2146=DIRECTION('',(0.E0,-1.E0,0.E0));
#2147=VECTOR('',#2146,2.E0);
#2148=CARTESIAN_POINT('',(5.025E0,1.55E0,-5.55E0));
#2149=LINE('',#2148,#2147);
#2150=CARTESIAN_POINT('',(5.325E0,1.25E0,-5.65E0));
#2151=DIRECTION('',(0.E0,0.E0,1.E0));
#2152=DIRECTION('',(1.E0,0.E0,0.E0));
#2153=AXIS2_PLACEMENT_3D('',#2150,#2151,#2152);
#2155=CARTESIAN_POINT('',(5.325E0,-1.5E-1,-5.65E0));
#2156=DIRECTION('',(0.E0,0.E0,1.E0));
#2157=DIRECTION('',(0.E0,-1.E0,0.E0));
#2158=AXIS2_PLACEMENT_3D('',#2155,#2156,#2157);
#2160=DIRECTION('',(0.E0,-1.E0,0.E0));
#2161=VECTOR('',#2160,2.E0);
#2162=CARTESIAN_POINT('',(5.125E0,1.55E0,-5.65E0));
#2163=LINE('',#2162,#2161);
#2164=DIRECTION('',(0.E0,0.E0,-1.E0));
#2165=VECTOR('',#2164,2.5E-1);
#2166=CARTESIAN_POINT('',(5.625E0,1.25E0,-5.65E0));
#2167=LINE('',#2166,#2165);
#2168=DIRECTION('',(0.E0,0.E0,1.E0));
#2169=VECTOR('',#2168,2.5E-1);
#2170=CARTESIAN_POINT('',(5.625E0,-1.5E-1,-5.9E0));
#2171=LINE('',#2170,#2169);
#2172=DIRECTION('',(0.E0,-1.E0,0.E0));
#2173=VECTOR('',#2172,1.4E0);
#2174=CARTESIAN_POINT('',(5.625E0,1.25E0,-5.65E0));
#2175=LINE('',#2174,#2173);
#2176=DIRECTION('',(0.E0,0.E0,1.E0));
#2177=VECTOR('',#2176,2.5E-1);
#2178=CARTESIAN_POINT('',(5.325E0,-4.5E-1,-5.9E0));
#2179=LINE('',#2178,#2177);
#2180=DIRECTION('',(-1.E0,0.E0,0.E0));
#2181=VECTOR('',#2180,2.E-1);
#2182=CARTESIAN_POINT('',(5.325E0,-4.5E-1,-5.9E0));
#2183=LINE('',#2182,#2181);
#2184=CARTESIAN_POINT('',(5.125E0,-4.5E-1,-5.55E0));
#2185=DIRECTION('',(0.E0,1.E0,0.E0));
#2186=DIRECTION('',(0.E0,0.E0,-1.E0));
#2187=AXIS2_PLACEMENT_3D('',#2184,#2185,#2186);
#2189=DIRECTION('',(0.E0,0.E0,1.E0));
#2190=VECTOR('',#2189,1.3E-1);
#2191=CARTESIAN_POINT('',(4.775E0,-4.5E-1,-5.55E0));
#2192=LINE('',#2191,#2190);
#2193=DIRECTION('',(0.E0,0.E0,-1.E0));
#2194=VECTOR('',#2193,6.5E-1);
#2195=CARTESIAN_POINT('',(5.025E0,-4.5E-1,-4.9E0));
#2196=LINE('',#2195,#2194);
#2197=CARTESIAN_POINT('',(5.125E0,-4.5E-1,-5.55E0));
#2198=DIRECTION('',(0.E0,-1.E0,0.E0));
#2199=DIRECTION('',(-1.E0,0.E0,0.E0));
#2200=AXIS2_PLACEMENT_3D('',#2197,#2198,#2199);
#2202=DIRECTION('',(1.E0,0.E0,0.E0));
#2203=VECTOR('',#2202,2.E-1);
#2204=CARTESIAN_POINT('',(5.125E0,-4.5E-1,-5.65E0));
#2205=LINE('',#2204,#2203);
#2206=DIRECTION('',(0.E0,0.E0,-1.E0));
#2207=VECTOR('',#2206,2.5E-1);
#2208=CARTESIAN_POINT('',(-5.325E0,-4.5E-1,-5.65E0));
#2209=LINE('',#2208,#2207);
#2210=DIRECTION('',(1.E0,0.E0,0.E0));
#2211=VECTOR('',#2210,2.E-1);
#2212=CARTESIAN_POINT('',(-5.325E0,-4.5E-1,-5.65E0));
#2213=LINE('',#2212,#2211);
#2214=CARTESIAN_POINT('',(-5.125E0,-4.5E-1,-5.55E0));
#2215=DIRECTION('',(0.E0,-1.E0,0.E0));
#2216=DIRECTION('',(0.E0,0.E0,-1.E0));
#2217=AXIS2_PLACEMENT_3D('',#2214,#2215,#2216);
#2219=DIRECTION('',(0.E0,0.E0,1.E0));
#2220=VECTOR('',#2219,6.5E-1);
#2221=CARTESIAN_POINT('',(-5.025E0,-4.5E-1,-5.55E0));
#2222=LINE('',#2221,#2220);
#2223=DIRECTION('',(0.E0,0.E0,-1.E0));
#2224=VECTOR('',#2223,1.3E-1);
#2225=CARTESIAN_POINT('',(-4.775E0,-4.5E-1,-5.42E0));
#2226=LINE('',#2225,#2224);
#2227=CARTESIAN_POINT('',(-5.125E0,-4.5E-1,-5.55E0));
#2228=DIRECTION('',(0.E0,1.E0,0.E0));
#2229=DIRECTION('',(1.E0,0.E0,0.E0));
#2230=AXIS2_PLACEMENT_3D('',#2227,#2228,#2229);
#2232=DIRECTION('',(-1.E0,0.E0,0.E0));
#2233=VECTOR('',#2232,2.E-1);
#2234=CARTESIAN_POINT('',(-5.125E0,-4.5E-1,-5.9E0));
#2235=LINE('',#2234,#2233);
#2236=DIRECTION('',(1.E0,0.E0,0.E0));
#2237=VECTOR('',#2236,2.5E-1);
#2238=CARTESIAN_POINT('',(4.775E0,-4.5E-1,-4.9E0));
#2239=LINE('',#2238,#2237);
#2240=DIRECTION('',(0.E0,-1.E0,0.E0));
#2241=VECTOR('',#2240,6.5E-1);
#2242=CARTESIAN_POINT('',(4.775E0,-4.5E-1,-4.9E0));
#2243=LINE('',#2242,#2241);
#2244=DIRECTION('',(0.E0,1.E0,0.E0));
#2245=VECTOR('',#2244,4.E-1);
#2246=CARTESIAN_POINT('',(5.05E0,-1.1E0,-4.9E0));
#2247=LINE('',#2246,#2245);
#2248=DIRECTION('',(1.E0,0.E0,0.E0));
#2249=VECTOR('',#2248,4.25E-1);
#2250=CARTESIAN_POINT('',(5.025E0,6.5E-1,-4.9E0));
#2251=LINE('',#2250,#2249);
#2252=DIRECTION('',(0.E0,-1.E0,0.E0));
#2253=VECTOR('',#2252,1.1E0);
#2254=CARTESIAN_POINT('',(5.025E0,6.5E-1,-4.9E0));
#2255=LINE('',#2254,#2253);
#2256=DIRECTION('',(-1.E0,0.E0,0.E0));
#2257=VECTOR('',#2256,2.75E-1);
#2258=CARTESIAN_POINT('',(-4.775E0,-1.1E0,-4.9E0));
#2259=LINE('',#2258,#2257);
#2260=DIRECTION('',(0.E0,0.E0,-1.E0));
#2261=VECTOR('',#2260,4.2E-1);
#2262=CARTESIAN_POINT('',(-5.05E0,-1.1E0,-4.9E0));
#2263=LINE('',#2262,#2261);
#2264=DIRECTION('',(1.E0,0.E0,0.E0));
#2265=VECTOR('',#2264,2.75E-1);
#2266=CARTESIAN_POINT('',(-5.05E0,-1.1E0,-5.32E0));
#2267=LINE('',#2266,#2265);
#2268=DIRECTION('',(0.E0,0.E0,1.E0));
#2269=VECTOR('',#2268,4.2E-1);
#2270=CARTESIAN_POINT('',(-4.775E0,-1.1E0,-5.32E0));
#2271=LINE('',#2270,#2269);
#2272=DIRECTION('',(0.E0,0.E0,-1.E0));
#2273=VECTOR('',#2272,4.2E-1);
#2274=CARTESIAN_POINT('',(4.775E0,-1.1E0,-4.9E0));
#2275=LINE('',#2274,#2273);
#2276=DIRECTION('',(1.E0,0.E0,0.E0));
#2277=VECTOR('',#2276,2.75E-1);
#2278=CARTESIAN_POINT('',(4.775E0,-1.1E0,-5.32E0));
#2279=LINE('',#2278,#2277);
#2280=DIRECTION('',(0.E0,0.E0,1.E0));
#2281=VECTOR('',#2280,4.2E-1);
#2282=CARTESIAN_POINT('',(5.05E0,-1.1E0,-5.32E0));
#2283=LINE('',#2282,#2281);
#2284=DIRECTION('',(-1.E0,0.E0,0.E0));
#2285=VECTOR('',#2284,2.75E-1);
#2286=CARTESIAN_POINT('',(5.05E0,-1.1E0,-4.9E0));
#2287=LINE('',#2286,#2285);
#2288=DIRECTION('',(-1.E0,0.E0,0.E0));
#2289=VECTOR('',#2288,2.5E-1);
#2290=CARTESIAN_POINT('',(-4.775E0,-4.5E-1,-4.9E0));
#2291=LINE('',#2290,#2289);
#2292=DIRECTION('',(0.E0,-1.E0,0.E0));
#2293=VECTOR('',#2292,1.1E0);
#2294=CARTESIAN_POINT('',(-5.025E0,6.5E-1,-4.9E0));
#2295=LINE('',#2294,#2293);
#2296=DIRECTION('',(-1.E0,0.E0,0.E0));
#2297=VECTOR('',#2296,4.25E-1);
#2298=CARTESIAN_POINT('',(-5.025E0,6.5E-1,-4.9E0));
#2299=LINE('',#2298,#2297);
#2300=DIRECTION('',(1.E0,0.E0,0.E0));
#2301=VECTOR('',#2300,3.E-1);
#2302=CARTESIAN_POINT('',(-5.45E0,-6.E-1,-4.9E0));
#2303=LINE('',#2302,#2301);
#2304=DIRECTION('',(0.E0,0.E0,-1.E0));
#2305=VECTOR('',#2304,5.5E-1);
#2306=CARTESIAN_POINT('',(-5.025E0,-2.5E-1,-3.85E0));
#2307=LINE('',#2306,#2305);
#2308=DIRECTION('',(0.E0,-1.E0,0.E0));
#2309=VECTOR('',#2308,2.E0);
#2310=CARTESIAN_POINT('',(-5.025E0,1.55E0,-5.55E0));
#2311=LINE('',#2310,#2309);
#2312=DIRECTION('',(1.E0,0.E0,0.E0));
#2313=VECTOR('',#2312,1.25E-1);
#2314=CARTESIAN_POINT('',(-5.15E0,-2.5E-1,-4.4E0));
#2315=LINE('',#2314,#2313);
#2316=DIRECTION('',(-1.E0,0.E0,1.421085471520E-14));
#2317=VECTOR('',#2316,1.25E-1);
#2318=CARTESIAN_POINT('',(-5.025E0,6.5E-1,-4.4E0));
#2319=LINE('',#2318,#2317);
#2320=DIRECTION('',(0.E0,1.E0,0.E0));
#2321=VECTOR('',#2320,9.E-1);
#2322=CARTESIAN_POINT('',(-5.025E0,-2.5E-1,-4.4E0));
#2323=LINE('',#2322,#2321);
#2324=DIRECTION('',(-1.E0,0.E0,0.E0));
#2325=VECTOR('',#2324,1.E-1);
#2326=CARTESIAN_POINT('',(-4.675E0,1.4E0,-4.4E0));
#2327=LINE('',#2326,#2325);
#2328=DIRECTION('',(0.E0,1.E0,0.E0));
#2329=VECTOR('',#2328,1.5E-1);
#2330=CARTESIAN_POINT('',(-4.775E0,1.4E0,-4.4E0));
#2331=LINE('',#2330,#2329);
#2332=DIRECTION('',(-3.162277660168E-1,-9.486832980505E-1,0.E0));
#2333=VECTOR('',#2332,3.162277660168E-1);
#2334=CARTESIAN_POINT('',(-4.675E0,2.4E0,-4.4E0));
#2335=LINE('',#2334,#2333);
#2336=DIRECTION('',(0.E0,-1.E0,0.E0));
#2337=VECTOR('',#2336,1.E0);
#2338=CARTESIAN_POINT('',(-4.675E0,2.4E0,-4.4E0));
#2339=LINE('',#2338,#2337);
#2340=DIRECTION('',(0.E0,0.E0,1.E0));
#2341=VECTOR('',#2340,2.E-1);
#2342=CARTESIAN_POINT('',(-5.15E0,-2.5E-1,-4.4E0));
#2343=LINE('',#2342,#2341);
#2344=DIRECTION('',(0.E0,0.E0,-1.E0));
#2345=VECTOR('',#2344,2.E-1);
#2346=CARTESIAN_POINT('',(-5.15E0,6.5E-1,-4.2E0));
#2347=LINE('',#2346,#2345);
#2348=DIRECTION('',(0.E0,-1.E0,0.E0));
#2349=VECTOR('',#2348,9.E-1);
#2350=CARTESIAN_POINT('',(-5.15E0,6.5E-1,-4.4E0));
#2351=LINE('',#2350,#2349);
#2352=DIRECTION('',(1.E0,0.E0,0.E0));
#2353=VECTOR('',#2352,1.E-1);
#2354=CARTESIAN_POINT('',(-5.15E0,-2.5E-1,-4.2E0));
#2355=LINE('',#2354,#2353);
#2356=DIRECTION('',(-1.E0,0.E0,0.E0));
#2357=VECTOR('',#2356,1.E-1);
#2358=CARTESIAN_POINT('',(-5.05E0,6.5E-1,-4.2E0));
#2359=LINE('',#2358,#2357);
#2360=DIRECTION('',(0.E0,-1.E0,0.E0));
#2361=VECTOR('',#2360,9.E-1);
#2362=CARTESIAN_POINT('',(-5.15E0,6.5E-1,-4.2E0));
#2363=LINE('',#2362,#2361);
#2364=DIRECTION('',(0.E0,0.E0,-1.E0));
#2365=VECTOR('',#2364,3.5E-1);
#2366=CARTESIAN_POINT('',(-5.05E0,-2.5E-1,-3.85E0));
#2367=LINE('',#2366,#2365);
#2368=DIRECTION('',(0.E0,1.E0,0.E0));
#2369=VECTOR('',#2368,9.E-1);
#2370=CARTESIAN_POINT('',(-5.05E0,-2.5E-1,-3.85E0));
#2371=LINE('',#2370,#2369);
#2372=DIRECTION('',(0.E0,0.E0,-1.E0));
#2373=VECTOR('',#2372,3.5E-1);
#2374=CARTESIAN_POINT('',(-5.05E0,6.5E-1,-3.85E0));
#2375=LINE('',#2374,#2373);
#2376=DIRECTION('',(0.E0,-1.E0,0.E0));
#2377=VECTOR('',#2376,9.E-1);
#2378=CARTESIAN_POINT('',(-5.05E0,6.5E-1,-4.2E0));
#2379=LINE('',#2378,#2377);
#2380=DIRECTION('',(-5.773502691896E-1,5.773502691896E-1,5.773502691896E-1));
#2381=VECTOR('',#2380,1.732050807569E-1);
#2382=CARTESIAN_POINT('',(-5.05E0,6.5E-1,-4.2E0));
#2383=LINE('',#2382,#2381);
#2384=DIRECTION('',(-7.071067811865E-1,7.071067811865E-1,0.E0));
#2385=VECTOR('',#2384,1.414213562373E-1);
#2386=CARTESIAN_POINT('',(-5.05E0,6.5E-1,-3.85E0));
#2387=LINE('',#2386,#2385);
#2388=DIRECTION('',(0.E0,0.E0,1.E0));
#2389=VECTOR('',#2388,3.E-1);
#2390=CARTESIAN_POINT('',(-5.025E0,7.5E-1,-4.8E0));
#2391=LINE('',#2390,#2389);
#2392=DIRECTION('',(-1.E0,0.E0,0.E0));
#2393=VECTOR('',#2392,2.25E-1);
#2394=CARTESIAN_POINT('',(-5.025E0,7.5E-1,-4.5E0));
#2395=LINE('',#2394,#2393);
#2396=DIRECTION('',(0.E0,0.E0,-1.E0));
#2397=VECTOR('',#2396,4.E-1);
#2398=CARTESIAN_POINT('',(-5.25E0,7.5E-1,-4.1E0));
#2399=LINE('',#2398,#2397);
#2400=DIRECTION('',(-1.E0,0.E0,1.776356839400E-14));
#2401=VECTOR('',#2400,1.E-1);
#2402=CARTESIAN_POINT('',(-5.15E0,7.5E-1,-4.1E0));
#2403=LINE('',#2402,#2401);
#2404=DIRECTION('',(0.E0,0.E0,-1.E0));
#2405=VECTOR('',#2404,2.5E-1);
#2406=CARTESIAN_POINT('',(-5.15E0,7.5E-1,-3.85E0));
#2407=LINE('',#2406,#2405);
#2408=DIRECTION('',(-1.E0,0.E0,0.E0));
#2409=VECTOR('',#2408,4.25E-1);
#2410=CARTESIAN_POINT('',(-5.025E0,7.5E-1,-4.8E0));
#2411=LINE('',#2410,#2409);
#2412=DIRECTION('',(0.E0,7.071067811865E-1,-7.071067811865E-1));
#2413=VECTOR('',#2412,1.414213562373E-1);
#2414=CARTESIAN_POINT('',(-5.025E0,6.5E-1,-4.4E0));
#2415=LINE('',#2414,#2413);
#2416=DIRECTION('',(-5.773502691896E-1,5.773502691896E-1,-5.773502691896E-1));
#2417=VECTOR('',#2416,1.732050807569E-1);
#2418=CARTESIAN_POINT('',(-5.15E0,6.5E-1,-4.4E0));
#2419=LINE('',#2418,#2417);
#2420=DIRECTION('',(-5.773502691896E-1,5.773502691896E-1,5.773502691896E-1));
#2421=VECTOR('',#2420,1.732050807569E-1);
#2422=CARTESIAN_POINT('',(-5.15E0,6.5E-1,-4.2E0));
#2423=LINE('',#2422,#2421);
#2424=DIRECTION('',(0.E0,-7.071067811866E-1,-7.071067811865E-1));
#2425=VECTOR('',#2424,1.414213562373E-1);
#2426=CARTESIAN_POINT('',(-5.025E0,7.5E-1,-4.8E0));
#2427=LINE('',#2426,#2425);
#2428=DIRECTION('',(0.E0,0.E0,-1.E0));
#2429=VECTOR('',#2428,2.E-1);
#2430=CARTESIAN_POINT('',(-4.675E0,1.4E0,-4.2E0));
#2431=LINE('',#2430,#2429);
#2432=DIRECTION('',(0.E0,-1.E0,0.E0));
#2433=VECTOR('',#2432,1.E0);
#2434=CARTESIAN_POINT('',(-4.675E0,2.4E0,-4.2E0));
#2435=LINE('',#2434,#2433);
#2436=DIRECTION('',(1.E0,0.E0,0.E0));
#2437=VECTOR('',#2436,1.E-1);
#2438=CARTESIAN_POINT('',(-4.775E0,1.4E0,-4.2E0));
#2439=LINE('',#2438,#2437);
#2440=DIRECTION('',(3.162277660168E-1,9.486832980505E-1,0.E0));
#2441=VECTOR('',#2440,3.162277660168E-1);
#2442=CARTESIAN_POINT('',(-4.775E0,2.1E0,-4.2E0));
#2443=LINE('',#2442,#2441);
#2444=DIRECTION('',(0.E0,1.E0,0.E0));
#2445=VECTOR('',#2444,1.5E-1);
#2446=CARTESIAN_POINT('',(-4.775E0,1.4E0,-4.2E0));
#2447=LINE('',#2446,#2445);
#2448=DIRECTION('',(3.015113445778E-1,9.045340337333E-1,3.015113445778E-1));
#2449=VECTOR('',#2448,3.316624790355E-1);
#2450=CARTESIAN_POINT('',(-4.775E0,2.1E0,-3.85E0));
#2451=LINE('',#2450,#2449);
#2452=DIRECTION('',(1.E0,0.E0,0.E0));
#2453=VECTOR('',#2452,1.E-1);
#2454=CARTESIAN_POINT('',(4.675E0,1.4E0,-4.2E0));
#2455=LINE('',#2454,#2453);
#2456=DIRECTION('',(0.E0,1.E0,0.E0));
#2457=VECTOR('',#2456,1.5E-1);
#2458=CARTESIAN_POINT('',(4.775E0,1.4E0,-4.2E0));
#2459=LINE('',#2458,#2457);
#2460=DIRECTION('',(-3.162277660168E-1,9.486832980505E-1,0.E0));
#2461=VECTOR('',#2460,3.162277660168E-1);
#2462=CARTESIAN_POINT('',(4.775E0,2.1E0,-4.2E0));
#2463=LINE('',#2462,#2461);
#2464=DIRECTION('',(0.E0,-1.E0,0.E0));
#2465=VECTOR('',#2464,1.E0);
#2466=CARTESIAN_POINT('',(4.675E0,2.4E0,-4.2E0));
#2467=LINE('',#2466,#2465);
#2468=DIRECTION('',(0.E0,0.E0,1.E0));
#2469=VECTOR('',#2468,2.E-1);
#2470=CARTESIAN_POINT('',(4.675E0,1.4E0,-4.4E0));
#2471=LINE('',#2470,#2469);
#2472=DIRECTION('',(0.E0,-1.E0,0.E0));
#2473=VECTOR('',#2472,1.E0);
#2474=CARTESIAN_POINT('',(4.675E0,2.4E0,-4.4E0));
#2475=LINE('',#2474,#2473);
#2476=DIRECTION('',(-3.015113445778E-1,-9.045340337333E-1,3.015113445778E-1));
#2477=VECTOR('',#2476,3.316624790355E-1);
#2478=CARTESIAN_POINT('',(-4.675E0,2.4E0,-5.52E0));
#2479=LINE('',#2478,#2477);
#2480=DIRECTION('',(0.E0,-1.E0,0.E0));
#2481=VECTOR('',#2480,2.E0);
#2482=CARTESIAN_POINT('',(-5.125E0,1.55E0,-5.65E0));
#2483=LINE('',#2482,#2481);
#2484=CARTESIAN_POINT('',(-5.325E0,1.25E0,-5.65E0));
#2485=DIRECTION('',(0.E0,0.E0,1.E0));
#2486=DIRECTION('',(0.E0,1.E0,0.E0));
#2487=AXIS2_PLACEMENT_3D('',#2484,#2485,#2486);
#2489=CARTESIAN_POINT('',(-5.325E0,-1.5E-1,-5.65E0));
#2490=DIRECTION('',(0.E0,0.E0,1.E0));
#2491=DIRECTION('',(-1.E0,0.E0,0.E0));
#2492=AXIS2_PLACEMENT_3D('',#2489,#2490,#2491);
#2494=DIRECTION('',(0.E0,-1.E0,0.E0));
#2495=VECTOR('',#2494,1.4E0);
#2496=CARTESIAN_POINT('',(-5.625E0,1.25E0,-5.65E0));
#2497=LINE('',#2496,#2495);
#2498=DIRECTION('',(0.E0,0.E0,1.E0));
#2499=VECTOR('',#2498,2.5E-1);
#2500=CARTESIAN_POINT('',(-5.625E0,1.25E0,-5.9E0));
#2501=LINE('',#2500,#2499);
#2502=DIRECTION('',(0.E0,0.E0,-1.E0));
#2503=VECTOR('',#2502,2.5E-1);
#2504=CARTESIAN_POINT('',(-5.625E0,-1.5E-1,-5.65E0));
#2505=LINE('',#2504,#2503);
#2506=DIRECTION('',(0.E0,-1.E0,0.E0));
#2507=VECTOR('',#2506,1.4E0);
#2508=CARTESIAN_POINT('',(-5.625E0,1.25E0,-5.9E0));
#2509=LINE('',#2508,#2507);
#2510=CARTESIAN_POINT('',(-5.325E0,1.25E0,-5.9E0));
#2511=DIRECTION('',(0.E0,0.E0,-1.E0));
#2512=DIRECTION('',(-1.E0,0.E0,0.E0));
#2513=AXIS2_PLACEMENT_3D('',#2510,#2511,#2512);
#2515=CARTESIAN_POINT('',(-5.325E0,-1.5E-1,-5.9E0));
#2516=DIRECTION('',(0.E0,0.E0,-1.E0));
#2517=DIRECTION('',(0.E0,-1.E0,0.E0));
#2518=AXIS2_PLACEMENT_3D('',#2515,#2516,#2517);
#2520=DIRECTION('',(0.E0,-1.E0,0.E0));
#2521=VECTOR('',#2520,2.E0);
#2522=CARTESIAN_POINT('',(-5.125E0,1.55E0,-5.9E0));
#2523=LINE('',#2522,#2521);
#2524=DIRECTION('',(0.E0,-1.E0,0.E0));
#2525=VECTOR('',#2524,2.E0);
#2526=CARTESIAN_POINT('',(-4.775E0,1.55E0,-5.55E0));
#2527=LINE('',#2526,#2525);
#2528=DIRECTION('',(1.E0,0.E0,0.E0));
#2529=VECTOR('',#2528,1.055E0);
#2530=CARTESIAN_POINT('',(-5.45E0,-6.E-1,-5.8E0));
#2531=LINE('',#2530,#2529);
#2532=DIRECTION('',(1.E0,0.E0,0.E0));
#2533=VECTOR('',#2532,3.75E-1);
#2534=CARTESIAN_POINT('',(-5.15E0,-6.E-1,-5.42E0));
#2535=LINE('',#2534,#2533);
#2536=DIRECTION('',(0.E0,0.E0,-1.E0));
#2537=VECTOR('',#2536,5.2E-1);
#2538=CARTESIAN_POINT('',(-5.15E0,-6.E-1,-4.9E0));
#2539=LINE('',#2538,#2537);
#2540=DIRECTION('',(0.E0,-7.071067811865E-1,7.071067811865E-1));
#2541=VECTOR('',#2540,1.414213562373E-1);
#2542=CARTESIAN_POINT('',(-4.775E0,-6.E-1,-5.42E0));
#2543=LINE('',#2542,#2541);
#2544=DIRECTION('',(1.E0,0.E0,0.E0));
#2545=VECTOR('',#2544,2.75E-1);
#2546=CARTESIAN_POINT('',(-5.05E0,-7.E-1,-5.32E0));
#2547=LINE('',#2546,#2545);
#2548=DIRECTION('',(0.E0,1.E0,0.E0));
#2549=VECTOR('',#2548,4.E-1);
#2550=CARTESIAN_POINT('',(-5.05E0,-1.1E0,-5.32E0));
#2551=LINE('',#2550,#2549);
#2552=DIRECTION('',(0.E0,0.E0,-1.E0));
#2553=VECTOR('',#2552,4.2E-1);
#2554=CARTESIAN_POINT('',(-5.05E0,-7.E-1,-4.9E0));
#2555=LINE('',#2554,#2553);
#2556=DIRECTION('',(0.E0,1.E0,0.E0));
#2557=VECTOR('',#2556,4.E-1);
#2558=CARTESIAN_POINT('',(-5.05E0,-1.1E0,-4.9E0));
#2559=LINE('',#2558,#2557);
#2560=DIRECTION('',(-5.773502691896E-1,5.773502691896E-1,-5.773502691896E-1));
#2561=VECTOR('',#2560,1.732050807569E-1);
#2562=CARTESIAN_POINT('',(-5.05E0,-7.E-1,-5.32E0));
#2563=LINE('',#2562,#2561);
#2564=DIRECTION('',(-7.071067811865E-1,7.071067811865E-1,0.E0));
#2565=VECTOR('',#2564,1.414213562373E-1);
#2566=CARTESIAN_POINT('',(-5.05E0,-7.E-1,-4.9E0));
#2567=LINE('',#2566,#2565);
#2568=DIRECTION('',(1.E0,0.E0,0.E0));
#2569=VECTOR('',#2568,2.75E-1);
#2570=CARTESIAN_POINT('',(4.775E0,-7.E-1,-5.32E0));
#2571=LINE('',#2570,#2569);
#2572=DIRECTION('',(0.E0,1.E0,0.E0));
#2573=VECTOR('',#2572,4.E-1);
#2574=CARTESIAN_POINT('',(4.775E0,-1.1E0,-5.32E0));
#2575=LINE('',#2574,#2573);
#2576=DIRECTION('',(5.773502691896E-1,5.773502691896E-1,-5.773502691896E-1));
#2577=VECTOR('',#2576,1.732050807569E-1);
#2578=CARTESIAN_POINT('',(5.05E0,-7.E-1,-5.32E0));
#2579=LINE('',#2578,#2577);
#2580=DIRECTION('',(0.E0,7.071067811865E-1,-7.071067811865E-1));
#2581=VECTOR('',#2580,1.414213562373E-1);
#2582=CARTESIAN_POINT('',(4.775E0,-7.E-1,-5.32E0));
#2583=LINE('',#2582,#2581);
#2584=DIRECTION('',(1.E0,0.E0,0.E0));
#2585=VECTOR('',#2584,3.75E-1);
#2586=CARTESIAN_POINT('',(4.775E0,-6.E-1,-5.42E0));
#2587=LINE('',#2586,#2585);
#2588=DIRECTION('',(1.E0,0.E0,0.E0));
#2589=VECTOR('',#2588,1.055E0);
#2590=CARTESIAN_POINT('',(4.395E0,-6.E-1,-5.8E0));
#2591=LINE('',#2590,#2589);
#2592=DIRECTION('',(-1.E0,0.E0,0.E0));
#2593=VECTOR('',#2592,3.E-1);
#2594=CARTESIAN_POINT('',(5.45E0,-6.E-1,-4.9E0));
#2595=LINE('',#2594,#2593);
#2596=DIRECTION('',(0.E0,0.E0,1.E0));
#2597=VECTOR('',#2596,5.2E-1);
#2598=CARTESIAN_POINT('',(5.15E0,-6.E-1,-5.42E0));
#2599=LINE('',#2598,#2597);
#2600=DIRECTION('',(-7.071067811865E-1,-7.071067811865E-1,0.E0));
#2601=VECTOR('',#2600,1.414213562373E-1);
#2602=CARTESIAN_POINT('',(5.15E0,-6.E-1,-4.9E0));
#2603=LINE('',#2602,#2601);
#2604=DIRECTION('',(0.E0,0.E0,1.E0));
#2605=VECTOR('',#2604,4.2E-1);
#2606=CARTESIAN_POINT('',(5.05E0,-7.E-1,-5.32E0));
#2607=LINE('',#2606,#2605);
#2608=DIRECTION('',(0.E0,1.E0,0.E0));
#2609=VECTOR('',#2608,4.E-1);
#2610=CARTESIAN_POINT('',(5.05E0,-1.1E0,-5.32E0));
#2611=LINE('',#2610,#2609);
#2612=DIRECTION('',(0.E0,7.071067811866E-1,7.071067811865E-1));
#2613=VECTOR('',#2612,1.414213562373E-1);
#2614=CARTESIAN_POINT('',(5.025E0,6.5E-1,-4.9E0));
#2615=LINE('',#2614,#2613);
#2616=DIRECTION('',(0.E0,0.E0,-1.E0));
#2617=VECTOR('',#2616,3.E-1);
#2618=CARTESIAN_POINT('',(5.025E0,7.5E-1,-4.5E0));
#2619=LINE('',#2618,#2617);
#2620=DIRECTION('',(1.E0,0.E0,0.E0));
#2621=VECTOR('',#2620,4.25E-1);
#2622=CARTESIAN_POINT('',(5.025E0,7.5E-1,-4.8E0));
#2623=LINE('',#2622,#2621);
#2624=DIRECTION('',(-1.E0,0.E0,0.E0));
#2625=VECTOR('',#2624,3.E-1);
#2626=CARTESIAN_POINT('',(5.45E0,7.5E-1,-3.85E0));
#2627=LINE('',#2626,#2625);
#2628=DIRECTION('',(0.E0,0.E0,1.E0));
#2629=VECTOR('',#2628,2.5E-1);
#2630=CARTESIAN_POINT('',(5.15E0,7.5E-1,-4.1E0));
#2631=LINE('',#2630,#2629);
#2632=DIRECTION('',(-1.E0,0.E0,1.776356839400E-14));
#2633=VECTOR('',#2632,1.E-1);
#2634=CARTESIAN_POINT('',(5.25E0,7.5E-1,-4.1E0));
#2635=LINE('',#2634,#2633);
#2636=DIRECTION('',(0.E0,0.E0,1.E0));
#2637=VECTOR('',#2636,4.E-1);
#2638=CARTESIAN_POINT('',(5.25E0,7.5E-1,-4.5E0));
#2639=LINE('',#2638,#2637);
#2640=DIRECTION('',(-1.E0,0.E0,0.E0));
#2641=VECTOR('',#2640,2.25E-1);
#2642=CARTESIAN_POINT('',(5.25E0,7.5E-1,-4.5E0));
#2643=LINE('',#2642,#2641);
#2644=DIRECTION('',(-7.071067811865E-1,-7.071067811865E-1,0.E0));
#2645=VECTOR('',#2644,1.414213562373E-1);
#2646=CARTESIAN_POINT('',(5.15E0,7.5E-1,-3.85E0));
#2647=LINE('',#2646,#2645);
#2648=DIRECTION('',(5.773502691896E-1,5.773502691896E-1,5.773502691896E-1));
#2649=VECTOR('',#2648,1.732050807569E-1);
#2650=CARTESIAN_POINT('',(5.05E0,6.5E-1,-4.2E0));
#2651=LINE('',#2650,#2649);
#2652=DIRECTION('',(5.773502691896E-1,5.773502691896E-1,5.773502691896E-1));
#2653=VECTOR('',#2652,1.732050807569E-1);
#2654=CARTESIAN_POINT('',(5.15E0,6.5E-1,-4.2E0));
#2655=LINE('',#2654,#2653);
#2656=DIRECTION('',(0.E0,7.071067811865E-1,-7.071067811866E-1));
#2657=VECTOR('',#2656,1.414213562373E-1);
#2658=CARTESIAN_POINT('',(5.025E0,6.5E-1,-4.4E0));
#2659=LINE('',#2658,#2657);
#2660=DIRECTION('',(5.773502691896E-1,5.773502691896E-1,-5.773502691896E-1));
#2661=VECTOR('',#2660,1.732050807569E-1);
#2662=CARTESIAN_POINT('',(5.15E0,6.5E-1,-4.4E0));
#2663=LINE('',#2662,#2661);
#2664=DIRECTION('',(-3.015113445778E-1,9.045340337333E-1,-3.015113445778E-1));
#2665=VECTOR('',#2664,3.316624790355E-1);
#2666=CARTESIAN_POINT('',(4.775E0,2.1E0,-5.42E0));
#2667=LINE('',#2666,#2665);
#2668=DIRECTION('',(0.E0,-7.071067811865E-1,-7.071067811865E-1));
#2669=VECTOR('',#2668,1.414213562373E-1);
#2670=CARTESIAN_POINT('',(-4.775E0,-1.4E0,-8.E-1));
#2671=LINE('',#2670,#2669);
#2672=DIRECTION('',(0.E0,-1.E0,0.E0));
#2673=VECTOR('',#2672,1.E-1);
#2674=CARTESIAN_POINT('',(-4.95E0,-2.4E0,-4.9E0));
#2675=LINE('',#2674,#2673);
#2676=DIRECTION('',(0.E0,-1.E0,0.E0));
#2677=VECTOR('',#2676,1.E0);
#2678=CARTESIAN_POINT('',(-4.95E0,-1.5E0,-5.9E0));
#2679=LINE('',#2678,#2677);
#2680=DIRECTION('',(0.E0,0.E0,-1.E0));
#2681=VECTOR('',#2680,1.E-1);
#2682=CARTESIAN_POINT('',(-4.95E0,-1.5E0,-5.8E0));
#2683=LINE('',#2682,#2681);
#2684=DIRECTION('',(0.E0,-1.E0,0.E0));
#2685=VECTOR('',#2684,1.E0);
#2686=CARTESIAN_POINT('',(4.95E0,-1.5E0,-5.9E0));
#2687=LINE('',#2686,#2685);
#2688=DIRECTION('',(0.E0,1.E0,0.E0));
#2689=VECTOR('',#2688,1.E0);
#2690=CARTESIAN_POINT('',(5.45E0,-2.5E0,-5.9E0));
#2691=LINE('',#2690,#2689);
#2692=DIRECTION('',(1.E0,0.E0,0.E0));
#2693=VECTOR('',#2692,5.E-1);
#2694=CARTESIAN_POINT('',(4.95E0,-1.5E0,-5.9E0));
#2695=LINE('',#2694,#2693);
#2696=DIRECTION('',(1.E0,0.E0,0.E0));
#2697=VECTOR('',#2696,5.E-1);
#2698=CARTESIAN_POINT('',(-5.45E0,-1.5E0,-5.9E0));
#2699=LINE('',#2698,#2697);
#2700=DIRECTION('',(0.E0,0.E0,1.E0));
#2701=VECTOR('',#2700,1.E0);
#2702=CARTESIAN_POINT('',(5.45E0,-2.5E0,-5.9E0));
#2703=LINE('',#2702,#2701);
#2704=DIRECTION('',(1.E0,0.E0,0.E0));
#2705=VECTOR('',#2704,5.E-1);
#2706=CARTESIAN_POINT('',(4.95E0,-2.5E0,-5.9E0));
#2707=LINE('',#2706,#2705);
#2708=DIRECTION('',(0.E0,0.E0,-1.E0));
#2709=VECTOR('',#2708,1.E0);
#2710=CARTESIAN_POINT('',(4.95E0,-2.5E0,-4.9E0));
#2711=LINE('',#2710,#2709);
#2712=DIRECTION('',(-1.E0,0.E0,0.E0));
#2713=VECTOR('',#2712,5.E-1);
#2714=CARTESIAN_POINT('',(5.45E0,-2.5E0,-4.9E0));
#2715=LINE('',#2714,#2713);
#2716=DIRECTION('',(1.E0,0.E0,0.E0));
#2717=VECTOR('',#2716,5.E-1);
#2718=CARTESIAN_POINT('',(-5.45E0,-2.5E0,-5.9E0));
#2719=LINE('',#2718,#2717);
#2720=DIRECTION('',(0.E0,0.E0,-1.E0));
#2721=VECTOR('',#2720,1.E0);
#2722=CARTESIAN_POINT('',(-5.45E0,-2.5E0,-4.9E0));
#2723=LINE('',#2722,#2721);
#2724=DIRECTION('',(-1.E0,0.E0,0.E0));
#2725=VECTOR('',#2724,5.E-1);
#2726=CARTESIAN_POINT('',(-4.95E0,-2.5E0,-4.9E0));
#2727=LINE('',#2726,#2725);
#2728=DIRECTION('',(0.E0,0.E0,1.E0));
#2729=VECTOR('',#2728,1.E0);
#2730=CARTESIAN_POINT('',(-4.95E0,-2.5E0,-5.9E0));
#2731=LINE('',#2730,#2729);
#2732=DIRECTION('',(0.E0,0.E0,-1.E0));
#2733=VECTOR('',#2732,1.E-1);
#2734=CARTESIAN_POINT('',(4.95E0,-1.5E0,-5.8E0));
#2735=LINE('',#2734,#2733);
#2736=DIRECTION('',(0.E0,0.E0,-1.E0));
#2737=VECTOR('',#2736,1.E-1);
#2738=CARTESIAN_POINT('',(-5.45E0,-1.5E0,-5.8E0));
#2739=LINE('',#2738,#2737);
#2740=DIRECTION('',(-3.162277660168E-1,0.E0,-9.486832980505E-1));
#2741=VECTOR('',#2740,3.162277660168E-1);
#2742=CARTESIAN_POINT('',(-4.675E0,-8.E-1,0.E0));
#2743=LINE('',#2742,#2741);
#2744=DIRECTION('',(0.E0,0.E0,-1.E0));
#2745=VECTOR('',#2744,2.65E0);
#2746=CARTESIAN_POINT('',(-4.675E0,-8.E-1,0.E0));
#2747=LINE('',#2746,#2745);
#2748=DIRECTION('',(0.E0,0.E0,-1.E0));
#2749=VECTOR('',#2748,2.65E0);
#2750=CARTESIAN_POINT('',(-4.675E0,-1.E0,0.E0));
#2751=LINE('',#2750,#2749);
#2752=DIRECTION('',(-1.E0,0.E0,0.E0));
#2753=VECTOR('',#2752,2.75E-1);
#2754=CARTESIAN_POINT('',(-4.775E0,-1.92E0,-2.25E0));
#2755=LINE('',#2754,#2753);
#2756=DIRECTION('',(0.E0,0.E0,-1.E0));
#2757=VECTOR('',#2756,4.E-1);
#2758=CARTESIAN_POINT('',(-5.05E0,-1.92E0,-2.25E0));
#2759=LINE('',#2758,#2757);
#2760=DIRECTION('',(0.E0,-1.E0,0.E0));
#2761=VECTOR('',#2760,1.E-1);
#2762=CARTESIAN_POINT('',(-4.21E0,-2.4E0,0.E0));
#2763=LINE('',#2762,#2761);
#2764=DIRECTION('',(0.E0,0.E0,-1.E0));
#2765=VECTOR('',#2764,1.5E0);
#2766=CARTESIAN_POINT('',(-4.21E0,-2.5E0,0.E0));
#2767=LINE('',#2766,#2765);
#2768=DIRECTION('',(-1.E0,0.E0,0.E0));
#2769=VECTOR('',#2768,8.E-1);
#2770=CARTESIAN_POINT('',(-3.41E0,-2.5E0,0.E0));
#2771=LINE('',#2770,#2769);
#2772=DIRECTION('',(0.E0,0.E0,1.E0));
#2773=VECTOR('',#2772,1.5E0);
#2774=CARTESIAN_POINT('',(-3.41E0,-2.5E0,-1.5E0));
#2775=LINE('',#2774,#2773);
#2776=DIRECTION('',(1.E0,0.E0,0.E0));
#2777=VECTOR('',#2776,8.E-1);
#2778=CARTESIAN_POINT('',(-4.21E0,-2.5E0,-1.5E0));
#2779=LINE('',#2778,#2777);
#2780=DIRECTION('',(-1.E0,0.E0,0.E0));
#2781=VECTOR('',#2780,8.E-1);
#2782=CARTESIAN_POINT('',(4.21E0,-2.5E0,0.E0));
#2783=LINE('',#2782,#2781);
#2784=DIRECTION('',(0.E0,0.E0,1.E0));
#2785=VECTOR('',#2784,1.5E0);
#2786=CARTESIAN_POINT('',(4.21E0,-2.5E0,-1.5E0));
#2787=LINE('',#2786,#2785);
#2788=DIRECTION('',(1.E0,0.E0,0.E0));
#2789=VECTOR('',#2788,8.E-1);
#2790=CARTESIAN_POINT('',(3.41E0,-2.5E0,-1.5E0));
#2791=LINE('',#2790,#2789);
#2792=DIRECTION('',(0.E0,0.E0,-1.E0));
#2793=VECTOR('',#2792,1.5E0);
#2794=CARTESIAN_POINT('',(3.41E0,-2.5E0,0.E0));
#2795=LINE('',#2794,#2793);
#2796=DIRECTION('',(0.E0,-1.E0,0.E0));
#2797=VECTOR('',#2796,1.E-1);
#2798=CARTESIAN_POINT('',(-3.41E0,-2.4E0,-1.5E0));
#2799=LINE('',#2798,#2797);
#2800=DIRECTION('',(0.E0,-1.E0,0.E0));
#2801=VECTOR('',#2800,1.E-1);
#2802=CARTESIAN_POINT('',(-4.21E0,-2.4E0,-1.5E0));
#2803=LINE('',#2802,#2801);
#2804=DIRECTION('',(0.E0,-1.E0,0.E0));
#2805=VECTOR('',#2804,1.E-1);
#2806=CARTESIAN_POINT('',(4.21E0,-2.4E0,-1.5E0));
#2807=LINE('',#2806,#2805);
#2808=DIRECTION('',(0.E0,-1.E0,0.E0));
#2809=VECTOR('',#2808,1.E-1);
#2810=CARTESIAN_POINT('',(3.41E0,-2.4E0,-1.5E0));
#2811=LINE('',#2810,#2809);
#2812=DIRECTION('',(0.E0,-1.E0,0.E0));
#2813=VECTOR('',#2812,1.E-1);
#2814=CARTESIAN_POINT('',(3.41E0,-2.4E0,0.E0));
#2815=LINE('',#2814,#2813);
#2816=CARTESIAN_POINT('',(5.45E0,2.4E0,0.E0));
#2817=CARTESIAN_POINT('',(-5.45E0,2.4E0,0.E0));
#2818=VERTEX_POINT('',#2816);
#2819=VERTEX_POINT('',#2817);
#2820=CARTESIAN_POINT('',(5.45E0,-2.4E0,-2.15E0));
#2821=CARTESIAN_POINT('',(5.45E0,-1.5E0,-2.15E0));
#2822=VERTEX_POINT('',#2820);
#2823=VERTEX_POINT('',#2821);
#2824=CARTESIAN_POINT('',(5.45E0,-6.E-1,-5.8E0));
#2825=CARTESIAN_POINT('',(5.45E0,-6.E-1,-4.9E0));
#2826=VERTEX_POINT('',#2824);
#2827=VERTEX_POINT('',#2825);
#2828=CARTESIAN_POINT('',(-5.45E0,-2.4E0,-2.15E0));
#2829=CARTESIAN_POINT('',(-5.45E0,-1.5E0,-2.15E0));
#2830=VERTEX_POINT('',#2828);
#2831=VERTEX_POINT('',#2829);
#2832=CARTESIAN_POINT('',(-5.45E0,-6.E-1,-5.8E0));
#2833=CARTESIAN_POINT('',(-5.45E0,-6.E-1,-4.9E0));
#2834=VERTEX_POINT('',#2832);
#2835=VERTEX_POINT('',#2833);
#2836=CARTESIAN_POINT('',(4.775E0,-1.5E0,-2.65E0));
#2837=CARTESIAN_POINT('',(4.775E0,-1.92E0,-2.65E0));
#2838=VERTEX_POINT('',#2836);
#2839=VERTEX_POINT('',#2837);
#2840=CARTESIAN_POINT('',(5.05E0,-1.92E0,-2.65E0));
#2841=VERTEX_POINT('',#2840);
#2842=CARTESIAN_POINT('',(5.05E0,-1.5E0,-2.65E0));
#2843=VERTEX_POINT('',#2842);
#2844=CARTESIAN_POINT('',(5.05E0,-4.5E-1,-2.65E0));
#2845=CARTESIAN_POINT('',(4.775E0,-4.5E-1,-2.65E0));
#2846=VERTEX_POINT('',#2844);
#2847=VERTEX_POINT('',#2845);
#2848=CARTESIAN_POINT('',(4.775E0,-8.E-1,-2.65E0));
#2849=VERTEX_POINT('',#2848);
#2850=CARTESIAN_POINT('',(4.675E0,-8.E-1,-2.65E0));
#2851=VERTEX_POINT('',#2850);
#2852=CARTESIAN_POINT('',(4.675E0,-1.E0,-2.65E0));
#2853=VERTEX_POINT('',#2852);
#2854=CARTESIAN_POINT('',(-4.775E0,-1.1E0,-4.9E0));
#2855=CARTESIAN_POINT('',(-5.05E0,-1.1E0,-4.9E0));
#2856=VERTEX_POINT('',#2854);
#2857=VERTEX_POINT('',#2855);
#2858=CARTESIAN_POINT('',(-5.05E0,-1.1E0,-5.32E0));
#2859=VERTEX_POINT('',#2858);
#2860=CARTESIAN_POINT('',(-4.775E0,-1.1E0,-5.32E0));
#2861=VERTEX_POINT('',#2860);
#2862=CARTESIAN_POINT('',(4.775E0,-1.1E0,-4.9E0));
#2863=CARTESIAN_POINT('',(4.775E0,-1.1E0,-5.32E0));
#2864=VERTEX_POINT('',#2862);
#2865=VERTEX_POINT('',#2863);
#2866=CARTESIAN_POINT('',(5.05E0,-1.1E0,-5.32E0));
#2867=VERTEX_POINT('',#2866);
#2868=CARTESIAN_POINT('',(5.05E0,-1.1E0,-4.9E0));
#2869=VERTEX_POINT('',#2868);
#2870=CARTESIAN_POINT('',(-5.15E0,-8.E-1,-2.65E0));
#2871=CARTESIAN_POINT('',(-5.15E0,-1.E0,-2.65E0));
#2872=VERTEX_POINT('',#2870);
#2873=VERTEX_POINT('',#2871);
#2874=CARTESIAN_POINT('',(5.05E0,-8.E-1,-2.65E0));
#2875=VERTEX_POINT('',#2874);
#2876=CARTESIAN_POINT('',(-5.05E0,-8.E-1,-2.65E0));
#2877=VERTEX_POINT('',#2876);
#2878=CARTESIAN_POINT('',(-5.15E0,-1.E0,-9.E-1));
#2879=CARTESIAN_POINT('',(-5.15E0,-8.E-1,-9.E-1));
#2880=VERTEX_POINT('',#2878);
#2881=VERTEX_POINT('',#2879);
#2882=CARTESIAN_POINT('',(-5.25E0,-1.1E0,-8.E-1));
#2883=CARTESIAN_POINT('',(-5.25E0,-7.E-1,-8.E-1));
#2884=VERTEX_POINT('',#2882);
#2885=VERTEX_POINT('',#2883);
#2886=CARTESIAN_POINT('',(-5.15E0,-7.E-1,-8.E-1));
#2887=VERTEX_POINT('',#2886);
#2888=CARTESIAN_POINT('',(-5.05E0,-8.E-1,-9.E-1));
#2889=VERTEX_POINT('',#2888);
#2890=CARTESIAN_POINT('',(5.15E0,-4.5E-1,-8.E-1));
#2891=CARTESIAN_POINT('',(5.15E0,-7.E-1,-8.E-1));
#2892=VERTEX_POINT('',#2890);
#2893=VERTEX_POINT('',#2891);
#2894=CARTESIAN_POINT('',(5.05E0,-4.5E-1,-9.E-1));
#2895=CARTESIAN_POINT('',(5.05E0,-8.E-1,-9.E-1));
#2896=VERTEX_POINT('',#2894);
#2897=VERTEX_POINT('',#2895);
#2898=CARTESIAN_POINT('',(4.775E0,-1.E0,-9.E-1));
#2899=CARTESIAN_POINT('',(5.15E0,-1.E0,-9.E-1));
#2900=VERTEX_POINT('',#2898);
#2901=VERTEX_POINT('',#2899);
#2902=CARTESIAN_POINT('',(4.775E0,-1.1E0,-8.E-1));
#2903=CARTESIAN_POINT('',(5.25E0,-1.1E0,-8.E-1));
#2904=VERTEX_POINT('',#2902);
#2905=VERTEX_POINT('',#2903);
#2906=CARTESIAN_POINT('',(4.775E0,-1.4E0,-8.E-1));
#2907=VERTEX_POINT('',#2906);
#2908=CARTESIAN_POINT('',(5.45E0,-4.5E-1,-8.E-1));
#2909=VERTEX_POINT('',#2908);
#2910=CARTESIAN_POINT('',(-4.775E0,-1.1E0,-8.E-1));
#2911=CARTESIAN_POINT('',(-4.775E0,-1.4E0,-8.E-1));
#2912=VERTEX_POINT('',#2910);
#2913=VERTEX_POINT('',#2911);
#2914=CARTESIAN_POINT('',(-4.775E0,-2.02E0,-2.15E0));
#2915=CARTESIAN_POINT('',(-4.775E0,-2.15E0,-2.15E0));
#2916=VERTEX_POINT('',#2914);
#2917=VERTEX_POINT('',#2915);
#2918=CARTESIAN_POINT('',(-5.45E0,-4.5E-1,-8.E-1));
#2919=CARTESIAN_POINT('',(-5.15E0,-4.5E-1,-8.E-1));
#2920=VERTEX_POINT('',#2918);
#2921=VERTEX_POINT('',#2919);
#2922=CARTESIAN_POINT('',(-5.45E0,-1.5E0,-9.E-1));
#2923=CARTESIAN_POINT('',(-5.45E0,-1.4E0,-8.E-1));
#2924=VERTEX_POINT('',#2922);
#2925=VERTEX_POINT('',#2923);
#2926=CARTESIAN_POINT('',(-4.775E0,-1.5E0,-9.E-1));
#2927=VERTEX_POINT('',#2926);
#2928=CARTESIAN_POINT('',(5.45E0,-1.4E0,-8.E-1));
#2929=CARTESIAN_POINT('',(5.45E0,-1.5E0,-9.E-1));
#2930=VERTEX_POINT('',#2928);
#2931=VERTEX_POINT('',#2929);
#2932=CARTESIAN_POINT('',(4.775E0,-1.5E0,-9.E-1));
#2933=VERTEX_POINT('',#2932);
#2934=CARTESIAN_POINT('',(5.05E0,-1.92E0,-2.25E0));
#2935=CARTESIAN_POINT('',(4.775E0,-1.92E0,-2.25E0));
#2936=VERTEX_POINT('',#2934);
#2937=VERTEX_POINT('',#2935);
#2938=CARTESIAN_POINT('',(5.15E0,-2.02E0,-2.15E0));
#2939=CARTESIAN_POINT('',(4.775E0,-2.02E0,-2.15E0));
#2940=VERTEX_POINT('',#2938);
#2941=VERTEX_POINT('',#2939);
#2942=CARTESIAN_POINT('',(5.15E0,-1.5E0,-2.15E0));
#2943=VERTEX_POINT('',#2942);
#2944=CARTESIAN_POINT('',(5.05E0,-1.5E0,-2.25E0));
#2945=VERTEX_POINT('',#2944);
#2946=CARTESIAN_POINT('',(4.775E0,-2.15E0,-2.15E0));
#2947=VERTEX_POINT('',#2946);
#2948=CARTESIAN_POINT('',(-5.15E0,-1.5E0,-2.15E0));
#2949=VERTEX_POINT('',#2948);
#2950=CARTESIAN_POINT('',(-4.525E0,-2.4E0,0.E0));
#2951=CARTESIAN_POINT('',(-4.525E0,-2.4E0,-2.15E0));
#2952=VERTEX_POINT('',#2950);
#2953=VERTEX_POINT('',#2951);
#2954=CARTESIAN_POINT('',(4.525E0,-2.4E0,-2.15E0));
#2955=CARTESIAN_POINT('',(4.525E0,-2.4E0,0.E0));
#2956=VERTEX_POINT('',#2954);
#2957=VERTEX_POINT('',#2955);
#2958=CARTESIAN_POINT('',(4.775E0,-8.E-1,-3.E-1));
#2959=CARTESIAN_POINT('',(4.675E0,-8.E-1,0.E0));
#2960=VERTEX_POINT('',#2958);
#2961=VERTEX_POINT('',#2959);
#2962=CARTESIAN_POINT('',(4.675E0,-3.5E-1,0.E0));
#2963=VERTEX_POINT('',#2962);
#2964=CARTESIAN_POINT('',(4.775E0,-4.5E-1,-3.E-1));
#2965=VERTEX_POINT('',#2964);
#2966=CARTESIAN_POINT('',(5.45E0,-3.5E-1,0.E0));
#2967=CARTESIAN_POINT('',(5.45E0,-4.5E-1,-3.E-1));
#2968=VERTEX_POINT('',#2966);
#2969=VERTEX_POINT('',#2967);
#2970=CARTESIAN_POINT('',(4.675E0,-1.E0,0.E0));
#2971=CARTESIAN_POINT('',(4.775E0,-1.E0,-3.E-1));
#2972=VERTEX_POINT('',#2970);
#2973=VERTEX_POINT('',#2971);
#2974=CARTESIAN_POINT('',(4.775E0,-2.15E0,-3.E-1));
#2975=VERTEX_POINT('',#2974);
#2976=CARTESIAN_POINT('',(4.675E0,-2.25E0,0.E0));
#2977=VERTEX_POINT('',#2976);
#2978=CARTESIAN_POINT('',(-4.675E0,-2.25E0,0.E0));
#2979=CARTESIAN_POINT('',(-4.775E0,-2.15E0,-3.E-1));
#2980=VERTEX_POINT('',#2978);
#2981=VERTEX_POINT('',#2979);
#2982=CARTESIAN_POINT('',(-4.775E0,-1.E0,-3.E-1));
#2983=VERTEX_POINT('',#2982);
#2984=CARTESIAN_POINT('',(-4.675E0,-1.E0,0.E0));
#2985=VERTEX_POINT('',#2984);
#2986=CARTESIAN_POINT('',(-5.45E0,-4.5E-1,-3.E-1));
#2987=CARTESIAN_POINT('',(-5.45E0,-3.5E-1,0.E0));
#2988=VERTEX_POINT('',#2986);
#2989=VERTEX_POINT('',#2987);
#2990=CARTESIAN_POINT('',(-4.675E0,-3.5E-1,0.E0));
#2991=VERTEX_POINT('',#2990);
#2992=CARTESIAN_POINT('',(-4.775E0,-4.5E-1,-3.E-1));
#2993=VERTEX_POINT('',#2992);
#2994=CARTESIAN_POINT('',(-4.775E0,-8.E-1,-3.E-1));
#2995=VERTEX_POINT('',#2994);
#2996=CARTESIAN_POINT('',(-4.675E0,-8.E-1,0.E0));
#2997=VERTEX_POINT('',#2996);
#2998=CARTESIAN_POINT('',(5.45E0,6.5E-1,-4.9E0));
#2999=CARTESIAN_POINT('',(5.45E0,7.5E-1,-4.8E0));
#3000=VERTEX_POINT('',#2998);
#3001=VERTEX_POINT('',#2999);
#3002=CARTESIAN_POINT('',(-5.45E0,7.5E-1,-4.8E0));
#3003=CARTESIAN_POINT('',(-5.45E0,6.5E-1,-4.9E0));
#3004=VERTEX_POINT('',#3002);
#3005=VERTEX_POINT('',#3003);
#3006=CARTESIAN_POINT('',(5.05E0,-7.E-1,-5.32E0));
#3007=CARTESIAN_POINT('',(5.05E0,-7.E-1,-4.9E0));
#3008=VERTEX_POINT('',#3006);
#3009=VERTEX_POINT('',#3007);
#3010=CARTESIAN_POINT('',(5.15E0,-6.E-1,-5.42E0));
#3011=CARTESIAN_POINT('',(5.15E0,-6.E-1,-4.9E0));
#3012=VERTEX_POINT('',#3010);
#3013=VERTEX_POINT('',#3011);
#3014=CARTESIAN_POINT('',(4.775E0,-7.E-1,-5.32E0));
#3015=VERTEX_POINT('',#3014);
#3016=CARTESIAN_POINT('',(-5.15E0,-6.E-1,-4.9E0));
#3017=CARTESIAN_POINT('',(-5.15E0,-6.E-1,-5.42E0));
#3018=VERTEX_POINT('',#3016);
#3019=VERTEX_POINT('',#3017);
#3020=CARTESIAN_POINT('',(-5.05E0,-7.E-1,-4.9E0));
#3021=CARTESIAN_POINT('',(-5.05E0,-7.E-1,-5.32E0));
#3022=VERTEX_POINT('',#3020);
#3023=VERTEX_POINT('',#3021);
#3024=CARTESIAN_POINT('',(-4.775E0,-7.E-1,-5.32E0));
#3025=VERTEX_POINT('',#3024);
#3026=CARTESIAN_POINT('',(5.45E0,7.5E-1,-3.85E0));
#3027=VERTEX_POINT('',#3026);
#3028=CARTESIAN_POINT('',(-5.45E0,7.5E-1,-3.85E0));
#3029=VERTEX_POINT('',#3028);
#3030=CARTESIAN_POINT('',(-5.25E0,7.5E-1,-4.1E0));
#3031=CARTESIAN_POINT('',(-5.25E0,7.5E-1,-4.5E0));
#3032=VERTEX_POINT('',#3030);
#3033=VERTEX_POINT('',#3031);
#3034=CARTESIAN_POINT('',(-5.15E0,6.5E-1,-4.2E0));
#3035=CARTESIAN_POINT('',(-5.15E0,6.5E-1,-4.4E0));
#3036=VERTEX_POINT('',#3034);
#3037=VERTEX_POINT('',#3035);
#3038=CARTESIAN_POINT('',(-5.05E0,6.5E-1,-4.2E0));
#3039=VERTEX_POINT('',#3038);
#3040=CARTESIAN_POINT('',(-5.15E0,7.5E-1,-4.1E0));
#3041=VERTEX_POINT('',#3040);
#3042=CARTESIAN_POINT('',(-5.15E0,7.5E-1,-3.85E0));
#3043=VERTEX_POINT('',#3042);
#3044=CARTESIAN_POINT('',(-5.05E0,6.5E-1,-3.85E0));
#3045=VERTEX_POINT('',#3044);
#3046=CARTESIAN_POINT('',(5.05E0,6.5E-1,-4.2E0));
#3047=CARTESIAN_POINT('',(5.05E0,6.5E-1,-3.85E0));
#3048=VERTEX_POINT('',#3046);
#3049=VERTEX_POINT('',#3047);
#3050=CARTESIAN_POINT('',(5.15E0,7.5E-1,-4.1E0));
#3051=CARTESIAN_POINT('',(5.15E0,7.5E-1,-3.85E0));
#3052=VERTEX_POINT('',#3050);
#3053=VERTEX_POINT('',#3051);
#3054=CARTESIAN_POINT('',(5.25E0,7.5E-1,-4.1E0));
#3055=VERTEX_POINT('',#3054);
#3056=CARTESIAN_POINT('',(5.15E0,6.5E-1,-4.2E0));
#3057=VERTEX_POINT('',#3056);
#3058=CARTESIAN_POINT('',(5.15E0,6.5E-1,-4.4E0));
#3059=VERTEX_POINT('',#3058);
#3060=CARTESIAN_POINT('',(5.25E0,7.5E-1,-4.5E0));
#3061=VERTEX_POINT('',#3060);
#3062=CARTESIAN_POINT('',(-4.21E0,-2.5E0,0.E0));
#3063=CARTESIAN_POINT('',(-4.21E0,-2.5E0,-1.5E0));
#3064=VERTEX_POINT('',#3062);
#3065=VERTEX_POINT('',#3063);
#3066=CARTESIAN_POINT('',(-3.41E0,-2.5E0,-1.5E0));
#3067=VERTEX_POINT('',#3066);
#3068=CARTESIAN_POINT('',(-3.41E0,-2.5E0,0.E0));
#3069=VERTEX_POINT('',#3068);
#3070=CARTESIAN_POINT('',(4.21E0,-2.5E0,0.E0));
#3071=CARTESIAN_POINT('',(3.41E0,-2.5E0,0.E0));
#3072=VERTEX_POINT('',#3070);
#3073=VERTEX_POINT('',#3071);
#3074=CARTESIAN_POINT('',(3.41E0,-2.5E0,-1.5E0));
#3075=VERTEX_POINT('',#3074);
#3076=CARTESIAN_POINT('',(4.21E0,-2.5E0,-1.5E0));
#3077=VERTEX_POINT('',#3076);
#3078=CARTESIAN_POINT('',(-4.21E0,-2.4E0,0.E0));
#3079=CARTESIAN_POINT('',(-4.21E0,-2.4E0,-1.5E0));
#3080=VERTEX_POINT('',#3078);
#3081=VERTEX_POINT('',#3079);
#3082=CARTESIAN_POINT('',(-3.41E0,-2.4E0,-1.5E0));
#3083=VERTEX_POINT('',#3082);
#3084=CARTESIAN_POINT('',(-3.41E0,-2.4E0,0.E0));
#3085=VERTEX_POINT('',#3084);
#3086=CARTESIAN_POINT('',(3.41E0,-2.4E0,0.E0));
#3087=CARTESIAN_POINT('',(3.41E0,-2.4E0,-1.5E0));
#3088=VERTEX_POINT('',#3086);
#3089=VERTEX_POINT('',#3087);
#3090=CARTESIAN_POINT('',(4.21E0,-2.4E0,-1.5E0));
#3091=VERTEX_POINT('',#3090);
#3092=CARTESIAN_POINT('',(4.21E0,-2.4E0,0.E0));
#3093=VERTEX_POINT('',#3092);
#3094=CARTESIAN_POINT('',(4.95E0,-1.5E0,-5.9E0));
#3095=CARTESIAN_POINT('',(5.45E0,-1.5E0,-5.9E0));
#3096=VERTEX_POINT('',#3094);
#3097=VERTEX_POINT('',#3095);
#3098=CARTESIAN_POINT('',(-5.45E0,-1.5E0,-5.9E0));
#3099=CARTESIAN_POINT('',(-4.95E0,-1.5E0,-5.9E0));
#3100=VERTEX_POINT('',#3098);
#3101=VERTEX_POINT('',#3099);
#3102=CARTESIAN_POINT('',(5.45E0,-1.5E0,-5.8E0));
#3103=CARTESIAN_POINT('',(4.95E0,-1.5E0,-5.8E0));
#3104=VERTEX_POINT('',#3102);
#3105=VERTEX_POINT('',#3103);
#3106=CARTESIAN_POINT('',(-5.45E0,-1.5E0,-5.8E0));
#3107=CARTESIAN_POINT('',(-4.95E0,-1.5E0,-5.8E0));
#3108=VERTEX_POINT('',#3106);
#3109=VERTEX_POINT('',#3107);
#3110=CARTESIAN_POINT('',(5.45E0,-2.5E0,-5.9E0));
#3111=CARTESIAN_POINT('',(5.45E0,-2.5E0,-4.9E0));
#3112=VERTEX_POINT('',#3110);
#3113=VERTEX_POINT('',#3111);
#3114=CARTESIAN_POINT('',(4.95E0,-2.5E0,-4.9E0));
#3115=VERTEX_POINT('',#3114);
#3116=CARTESIAN_POINT('',(4.95E0,-2.5E0,-5.9E0));
#3117=VERTEX_POINT('',#3116);
#3118=CARTESIAN_POINT('',(-5.45E0,-2.5E0,-5.9E0));
#3119=CARTESIAN_POINT('',(-4.95E0,-2.5E0,-5.9E0));
#3120=VERTEX_POINT('',#3118);
#3121=VERTEX_POINT('',#3119);
#3122=CARTESIAN_POINT('',(-4.95E0,-2.5E0,-4.9E0));
#3123=VERTEX_POINT('',#3122);
#3124=CARTESIAN_POINT('',(-5.45E0,-2.5E0,-4.9E0));
#3125=VERTEX_POINT('',#3124);
#3126=CARTESIAN_POINT('',(5.45E0,-2.4E0,-4.9E0));
#3127=CARTESIAN_POINT('',(4.95E0,-2.4E0,-4.9E0));
#3128=VERTEX_POINT('',#3126);
#3129=VERTEX_POINT('',#3127);
#3130=CARTESIAN_POINT('',(4.95E0,-2.4E0,-5.8E0));
#3131=VERTEX_POINT('',#3130);
#3132=CARTESIAN_POINT('',(-4.95E0,-2.4E0,-5.8E0));
#3133=CARTESIAN_POINT('',(-4.95E0,-2.4E0,-4.9E0));
#3134=VERTEX_POINT('',#3132);
#3135=VERTEX_POINT('',#3133);
#3136=CARTESIAN_POINT('',(-5.45E0,-2.4E0,-4.9E0));
#3137=VERTEX_POINT('',#3136);
#3138=CARTESIAN_POINT('',(-4.365E0,1.3E0,-4.4E0));
#3139=CARTESIAN_POINT('',(-4.365E0,-1.9E0,-4.4E0));
#3140=VERTEX_POINT('',#3138);
#3141=VERTEX_POINT('',#3139);
#3142=CARTESIAN_POINT('',(4.365E0,-1.9E0,-4.4E0));
#3143=VERTEX_POINT('',#3142);
#3144=CARTESIAN_POINT('',(4.365E0,1.8E0,-4.4E0));
#3145=VERTEX_POINT('',#3144);
#3146=CARTESIAN_POINT('',(3.635E0,1.8E0,-4.4E0));
#3147=VERTEX_POINT('',#3146);
#3148=CARTESIAN_POINT('',(3.635E0,5.E-1,-4.4E0));
#3149=VERTEX_POINT('',#3148);
#3150=CARTESIAN_POINT('',(-3.635E0,5.E-1,-4.4E0));
#3151=CARTESIAN_POINT('',(-3.635E0,1.3E0,-4.4E0));
#3152=VERTEX_POINT('',#3150);
#3153=VERTEX_POINT('',#3151);
#3154=CARTESIAN_POINT('',(3.635E0,5.E-1,-2.E-1));
#3155=CARTESIAN_POINT('',(3.435E0,5.E-1,0.E0));
#3156=VERTEX_POINT('',#3154);
#3157=VERTEX_POINT('',#3155);
#3158=CARTESIAN_POINT('',(3.435E0,2.E0,0.E0));
#3159=VERTEX_POINT('',#3158);
#3160=CARTESIAN_POINT('',(3.635E0,1.8E0,-2.E-1));
#3161=VERTEX_POINT('',#3160);
#3162=CARTESIAN_POINT('',(4.365E0,1.8E0,-2.E-1));
#3163=VERTEX_POINT('',#3162);
#3164=CARTESIAN_POINT('',(-4.365E0,1.3E0,-2.E-1));
#3165=CARTESIAN_POINT('',(-3.635E0,1.3E0,-2.E-1));
#3166=VERTEX_POINT('',#3164);
#3167=VERTEX_POINT('',#3165);
#3168=CARTESIAN_POINT('',(-3.435E0,5.E-1,0.E0));
#3169=CARTESIAN_POINT('',(-3.635E0,5.E-1,-2.E-1));
#3170=VERTEX_POINT('',#3168);
#3171=VERTEX_POINT('',#3169);
#3172=CARTESIAN_POINT('',(-3.435E0,1.5E0,0.E0));
#3173=VERTEX_POINT('',#3172);
#3174=CARTESIAN_POINT('',(-4.365E0,1.35E0,-1.5E-1));
#3175=CARTESIAN_POINT('',(-4.365E0,-1.9E0,-1.5E-1));
#3176=VERTEX_POINT('',#3174);
#3177=VERTEX_POINT('',#3175);
#3178=CARTESIAN_POINT('',(-4.451602540378E0,1.5E0,0.E0));
#3179=CARTESIAN_POINT('',(-4.451602540378E0,-1.986602540378E0,0.E0));
#3180=VERTEX_POINT('',#3178);
#3181=VERTEX_POINT('',#3179);
#3182=CARTESIAN_POINT('',(4.451602540378E0,-1.986602540378E0,0.E0));
#3183=VERTEX_POINT('',#3182);
#3184=CARTESIAN_POINT('',(4.365E0,-1.9E0,-1.5E-1));
#3185=VERTEX_POINT('',#3184);
#3186=CARTESIAN_POINT('',(4.451602540378E0,2.E0,0.E0));
#3187=VERTEX_POINT('',#3186);
#3188=CARTESIAN_POINT('',(4.365E0,1.85E0,-1.5E-1));
#3189=VERTEX_POINT('',#3188);
#3190=CARTESIAN_POINT('',(3.26E0,1.825E0,-4.4E0));
#3191=CARTESIAN_POINT('',(-3.26E0,1.825E0,-4.4E0));
#3192=VERTEX_POINT('',#3190);
#3193=VERTEX_POINT('',#3191);
#3194=CARTESIAN_POINT('',(3.26E0,5.E-1,0.E0));
#3195=CARTESIAN_POINT('',(3.26E0,1.825E0,0.E0));
#3196=VERTEX_POINT('',#3194);
#3197=VERTEX_POINT('',#3195);
#3198=CARTESIAN_POINT('',(-3.26E0,1.825E0,0.E0));
#3199=CARTESIAN_POINT('',(-3.26E0,5.E-1,0.E0));
#3200=VERTEX_POINT('',#3198);
#3201=VERTEX_POINT('',#3199);
#3202=CARTESIAN_POINT('',(3.26E0,5.E-1,-4.4E0));
#3203=VERTEX_POINT('',#3202);
#3204=CARTESIAN_POINT('',(-3.26E0,5.E-1,-4.4E0));
#3205=VERTEX_POINT('',#3204);
#3206=CARTESIAN_POINT('',(-1.885E0,1.525E0,0.E0));
#3207=CARTESIAN_POINT('',(-1.885E0,1.525E0,-7.5E-1));
#3208=VERTEX_POINT('',#3206);
#3209=VERTEX_POINT('',#3207);
#3210=CARTESIAN_POINT('',(1.885E0,1.525E0,0.E0));
#3211=CARTESIAN_POINT('',(1.885E0,1.525E0,-7.5E-1));
#3212=VERTEX_POINT('',#3210);
#3213=VERTEX_POINT('',#3211);
#3214=CARTESIAN_POINT('',(1.885E0,1.825E0,0.E0));
#3215=VERTEX_POINT('',#3214);
#3216=CARTESIAN_POINT('',(-1.885E0,1.825E0,0.E0));
#3217=VERTEX_POINT('',#3216);
#3218=CARTESIAN_POINT('',(-1.885E0,1.825E0,-8.330415196484E-1));
#3219=CARTESIAN_POINT('',(1.885E0,1.825E0,-8.330415196484E-1));
#3220=VERTEX_POINT('',#3218);
#3221=VERTEX_POINT('',#3219);
#3222=CARTESIAN_POINT('',(-1.885E0,1.716365699267E0,-7.334149727302E-1));
#3223=CARTESIAN_POINT('',(1.885E0,1.716365699267E0,-7.334149727302E-1));
#3224=VERTEX_POINT('',#3222);
#3225=VERTEX_POINT('',#3223);
#3226=CARTESIAN_POINT('',(-3.15E0,-2.4E0,-5.8E0));
#3227=CARTESIAN_POINT('',(-3.15E0,-2.4E0,-5.561930279495E0));
#3228=VERTEX_POINT('',#3226);
#3229=VERTEX_POINT('',#3227);
#3230=CARTESIAN_POINT('',(-2.85E0,-2.4E0,-5.8E0));
#3231=CARTESIAN_POINT('',(-2.85E0,-2.4E0,-5.561930279495E0));
#3232=VERTEX_POINT('',#3230);
#3233=VERTEX_POINT('',#3231);
#3234=CARTESIAN_POINT('',(-3.15E0,-5.5E-1,-4.4E0));
#3235=CARTESIAN_POINT('',(-3.15E0,-2.5E-1,-4.4E0));
#3236=VERTEX_POINT('',#3234);
#3237=VERTEX_POINT('',#3235);
#3238=CARTESIAN_POINT('',(-2.85E0,-5.5E-1,-4.4E0));
#3239=CARTESIAN_POINT('',(-2.85E0,-2.5E-1,-4.4E0));
#3240=VERTEX_POINT('',#3238);
#3241=VERTEX_POINT('',#3239);
#3242=CARTESIAN_POINT('',(-3.15E0,-6.918191770586E-1,-5.8E0));
#3243=VERTEX_POINT('',#3242);
#3244=CARTESIAN_POINT('',(-2.85E0,-6.918191770586E-1,-5.8E0));
#3245=VERTEX_POINT('',#3244);
#3246=CARTESIAN_POINT('',(-1.65E0,-2.4E0,-5.8E0));
#3247=CARTESIAN_POINT('',(-1.65E0,-6.918191770586E-1,-5.8E0));
#3248=VERTEX_POINT('',#3246);
#3249=VERTEX_POINT('',#3247);
#3250=CARTESIAN_POINT('',(-1.35E0,-2.4E0,-5.8E0));
#3251=CARTESIAN_POINT('',(-1.35E0,-6.918191770586E-1,-5.8E0));
#3252=VERTEX_POINT('',#3250);
#3253=VERTEX_POINT('',#3251);
#3254=CARTESIAN_POINT('',(-1.65E0,-2.4E0,-5.561930279495E0));
#3255=VERTEX_POINT('',#3254);
#3256=CARTESIAN_POINT('',(-1.35E0,-2.4E0,-5.561930279495E0));
#3257=VERTEX_POINT('',#3256);
#3258=CARTESIAN_POINT('',(-1.65E0,-5.5E-1,-4.4E0));
#3259=CARTESIAN_POINT('',(-1.65E0,-2.5E-1,-4.4E0));
#3260=VERTEX_POINT('',#3258);
#3261=VERTEX_POINT('',#3259);
#3262=CARTESIAN_POINT('',(-1.35E0,-5.5E-1,-4.4E0));
#3263=CARTESIAN_POINT('',(-1.35E0,-2.5E-1,-4.4E0));
#3264=VERTEX_POINT('',#3262);
#3265=VERTEX_POINT('',#3263);
#3266=CARTESIAN_POINT('',(-1.5E-1,-2.4E0,-5.8E0));
#3267=CARTESIAN_POINT('',(-1.5E-1,-6.918191770586E-1,-5.8E0));
#3268=VERTEX_POINT('',#3266);
#3269=VERTEX_POINT('',#3267);
#3270=CARTESIAN_POINT('',(1.5E-1,-2.4E0,-5.8E0));
#3271=CARTESIAN_POINT('',(1.5E-1,-6.918191770586E-1,-5.8E0));
#3272=VERTEX_POINT('',#3270);
#3273=VERTEX_POINT('',#3271);
#3274=CARTESIAN_POINT('',(-1.5E-1,-2.4E0,-5.561930279495E0));
#3275=VERTEX_POINT('',#3274);
#3276=CARTESIAN_POINT('',(1.5E-1,-2.4E0,-5.561930279495E0));
#3277=VERTEX_POINT('',#3276);
#3278=CARTESIAN_POINT('',(-1.5E-1,-5.5E-1,-4.4E0));
#3279=CARTESIAN_POINT('',(-1.5E-1,-2.5E-1,-4.4E0));
#3280=VERTEX_POINT('',#3278);
#3281=VERTEX_POINT('',#3279);
#3282=CARTESIAN_POINT('',(1.5E-1,-5.5E-1,-4.4E0));
#3283=CARTESIAN_POINT('',(1.5E-1,-2.5E-1,-4.4E0));
#3284=VERTEX_POINT('',#3282);
#3285=VERTEX_POINT('',#3283);
#3286=CARTESIAN_POINT('',(1.35E0,-2.4E0,-5.8E0));
#3287=CARTESIAN_POINT('',(1.35E0,-6.918191770586E-1,-5.8E0));
#3288=VERTEX_POINT('',#3286);
#3289=VERTEX_POINT('',#3287);
#3290=CARTESIAN_POINT('',(1.65E0,-2.4E0,-5.8E0));
#3291=CARTESIAN_POINT('',(1.65E0,-6.918191770586E-1,-5.8E0));
#3292=VERTEX_POINT('',#3290);
#3293=VERTEX_POINT('',#3291);
#3294=CARTESIAN_POINT('',(1.35E0,-2.4E0,-5.561930279495E0));
#3295=VERTEX_POINT('',#3294);
#3296=CARTESIAN_POINT('',(1.65E0,-2.4E0,-5.561930279495E0));
#3297=VERTEX_POINT('',#3296);
#3298=CARTESIAN_POINT('',(1.35E0,-5.5E-1,-4.4E0));
#3299=CARTESIAN_POINT('',(1.35E0,-2.5E-1,-4.4E0));
#3300=VERTEX_POINT('',#3298);
#3301=VERTEX_POINT('',#3299);
#3302=CARTESIAN_POINT('',(1.65E0,-5.5E-1,-4.4E0));
#3303=CARTESIAN_POINT('',(1.65E0,-2.5E-1,-4.4E0));
#3304=VERTEX_POINT('',#3302);
#3305=VERTEX_POINT('',#3303);
#3306=CARTESIAN_POINT('',(2.85E0,-2.4E0,-5.8E0));
#3307=CARTESIAN_POINT('',(2.85E0,-6.918191770586E-1,-5.8E0));
#3308=VERTEX_POINT('',#3306);
#3309=VERTEX_POINT('',#3307);
#3310=CARTESIAN_POINT('',(3.15E0,-2.4E0,-5.8E0));
#3311=CARTESIAN_POINT('',(3.15E0,-6.918191770586E-1,-5.8E0));
#3312=VERTEX_POINT('',#3310);
#3313=VERTEX_POINT('',#3311);
#3314=CARTESIAN_POINT('',(2.85E0,-2.4E0,-5.561930279495E0));
#3315=VERTEX_POINT('',#3314);
#3316=CARTESIAN_POINT('',(3.15E0,-2.4E0,-5.561930279495E0));
#3317=VERTEX_POINT('',#3316);
#3318=CARTESIAN_POINT('',(2.85E0,-5.5E-1,-4.4E0));
#3319=CARTESIAN_POINT('',(2.85E0,-2.5E-1,-4.4E0));
#3320=VERTEX_POINT('',#3318);
#3321=VERTEX_POINT('',#3319);
#3322=CARTESIAN_POINT('',(3.15E0,-5.5E-1,-4.4E0));
#3323=CARTESIAN_POINT('',(3.15E0,-2.5E-1,-4.4E0));
#3324=VERTEX_POINT('',#3322);
#3325=VERTEX_POINT('',#3323);
#3326=CARTESIAN_POINT('',(-4.675E0,2.4E0,-4.4E0));
#3327=CARTESIAN_POINT('',(-4.775E0,2.1E0,-4.4E0));
#3328=VERTEX_POINT('',#3326);
#3329=VERTEX_POINT('',#3327);
#3330=CARTESIAN_POINT('',(-4.775E0,2.1E0,-4.2E0));
#3331=CARTESIAN_POINT('',(-4.775E0,2.1E0,-3.85E0));
#3332=VERTEX_POINT('',#3330);
#3333=VERTEX_POINT('',#3331);
#3334=CARTESIAN_POINT('',(-4.675E0,2.4E0,-4.2E0));
#3335=VERTEX_POINT('',#3334);
#3336=CARTESIAN_POINT('',(-4.675E0,2.4E0,-3.75E0));
#3337=VERTEX_POINT('',#3336);
#3338=CARTESIAN_POINT('',(4.775E0,2.1E0,-3.85E0));
#3339=CARTESIAN_POINT('',(4.775E0,2.1E0,-4.2E0));
#3340=VERTEX_POINT('',#3338);
#3341=VERTEX_POINT('',#3339);
#3342=CARTESIAN_POINT('',(4.675E0,2.4E0,-3.75E0));
#3343=CARTESIAN_POINT('',(4.675E0,2.4E0,-4.2E0));
#3344=VERTEX_POINT('',#3342);
#3345=VERTEX_POINT('',#3343);
#3346=CARTESIAN_POINT('',(4.675E0,2.4E0,-4.4E0));
#3347=VERTEX_POINT('',#3346);
#3348=CARTESIAN_POINT('',(-4.775E0,1.55E0,-5.55E0));
#3349=CARTESIAN_POINT('',(-5.125E0,1.55E0,-5.9E0));
#3350=VERTEX_POINT('',#3348);
#3351=VERTEX_POINT('',#3349);
#3352=CARTESIAN_POINT('',(-5.125E0,1.55E0,-5.65E0));
#3353=CARTESIAN_POINT('',(-5.025E0,1.55E0,-5.55E0));
#3354=VERTEX_POINT('',#3352);
#3355=VERTEX_POINT('',#3353);
#3356=CARTESIAN_POINT('',(5.025E0,1.55E0,-5.55E0));
#3357=CARTESIAN_POINT('',(5.125E0,1.55E0,-5.65E0));
#3358=VERTEX_POINT('',#3356);
#3359=VERTEX_POINT('',#3357);
#3360=CARTESIAN_POINT('',(5.125E0,1.55E0,-5.9E0));
#3361=CARTESIAN_POINT('',(4.775E0,1.55E0,-5.55E0));
#3362=VERTEX_POINT('',#3360);
#3363=VERTEX_POINT('',#3361);
#3364=CARTESIAN_POINT('',(-4.775E0,-4.5E-1,-5.55E0));
#3365=CARTESIAN_POINT('',(-5.125E0,-4.5E-1,-5.9E0));
#3366=VERTEX_POINT('',#3364);
#3367=VERTEX_POINT('',#3365);
#3368=CARTESIAN_POINT('',(-5.125E0,-4.5E-1,-5.65E0));
#3369=CARTESIAN_POINT('',(-5.025E0,-4.5E-1,-5.55E0));
#3370=VERTEX_POINT('',#3368);
#3371=VERTEX_POINT('',#3369);
#3372=CARTESIAN_POINT('',(5.025E0,-4.5E-1,-5.55E0));
#3373=CARTESIAN_POINT('',(5.125E0,-4.5E-1,-5.65E0));
#3374=VERTEX_POINT('',#3372);
#3375=VERTEX_POINT('',#3373);
#3376=CARTESIAN_POINT('',(5.125E0,-4.5E-1,-5.9E0));
#3377=CARTESIAN_POINT('',(4.775E0,-4.5E-1,-5.55E0));
#3378=VERTEX_POINT('',#3376);
#3379=VERTEX_POINT('',#3377);
#3380=CARTESIAN_POINT('',(4.775E0,1.55E0,-5.42E0));
#3381=CARTESIAN_POINT('',(4.775E0,1.55E0,-4.4E0));
#3382=VERTEX_POINT('',#3380);
#3383=VERTEX_POINT('',#3381);
#3384=CARTESIAN_POINT('',(4.775E0,1.55E0,-4.2E0));
#3385=CARTESIAN_POINT('',(4.775E0,1.55E0,-3.85E0));
#3386=VERTEX_POINT('',#3384);
#3387=VERTEX_POINT('',#3385);
#3388=CARTESIAN_POINT('',(4.775E0,-4.5E-1,-5.42E0));
#3389=CARTESIAN_POINT('',(4.775E0,-4.5E-1,-4.9E0));
#3390=VERTEX_POINT('',#3388);
#3391=VERTEX_POINT('',#3389);
#3392=CARTESIAN_POINT('',(5.025E0,1.55E0,-3.85E0));
#3393=VERTEX_POINT('',#3392);
#3394=CARTESIAN_POINT('',(5.025E0,7.5E-1,-4.5E0));
#3395=CARTESIAN_POINT('',(5.025E0,7.5E-1,-4.8E0));
#3396=VERTEX_POINT('',#3394);
#3397=VERTEX_POINT('',#3395);
#3398=CARTESIAN_POINT('',(5.025E0,-4.5E-1,-4.9E0));
#3399=VERTEX_POINT('',#3398);
#3400=CARTESIAN_POINT('',(5.025E0,6.5E-1,-4.9E0));
#3401=VERTEX_POINT('',#3400);
#3402=CARTESIAN_POINT('',(-4.775E0,1.55E0,-5.42E0));
#3403=CARTESIAN_POINT('',(-4.775E0,1.55E0,-4.4E0));
#3404=VERTEX_POINT('',#3402);
#3405=VERTEX_POINT('',#3403);
#3406=CARTESIAN_POINT('',(-4.775E0,1.55E0,-4.2E0));
#3407=CARTESIAN_POINT('',(-4.775E0,1.55E0,-3.85E0));
#3408=VERTEX_POINT('',#3406);
#3409=VERTEX_POINT('',#3407);
#3410=CARTESIAN_POINT('',(-4.775E0,-4.5E-1,-5.42E0));
#3411=CARTESIAN_POINT('',(-4.775E0,-4.5E-1,-4.9E0));
#3412=VERTEX_POINT('',#3410);
#3413=VERTEX_POINT('',#3411);
#3414=CARTESIAN_POINT('',(-5.025E0,7.5E-1,-4.8E0));
#3415=CARTESIAN_POINT('',(-5.025E0,7.5E-1,-4.5E0));
#3416=VERTEX_POINT('',#3414);
#3417=VERTEX_POINT('',#3415);
#3418=CARTESIAN_POINT('',(-5.025E0,1.55E0,-3.85E0));
#3419=VERTEX_POINT('',#3418);
#3420=CARTESIAN_POINT('',(-5.025E0,-4.5E-1,-4.9E0));
#3421=VERTEX_POINT('',#3420);
#3422=CARTESIAN_POINT('',(-5.025E0,6.5E-1,-4.9E0));
#3423=VERTEX_POINT('',#3422);
#3424=CARTESIAN_POINT('',(-5.025E0,6.5E-1,-4.4E0));
#3425=VERTEX_POINT('',#3424);
#3426=CARTESIAN_POINT('',(5.025E0,6.5E-1,-4.4E0));
#3427=VERTEX_POINT('',#3426);
#3428=CARTESIAN_POINT('',(4.775E0,2.1E0,-4.4E0));
#3429=VERTEX_POINT('',#3428);
#3430=CARTESIAN_POINT('',(5.325E0,1.55E0,-5.9E0));
#3431=CARTESIAN_POINT('',(5.625E0,1.25E0,-5.9E0));
#3432=VERTEX_POINT('',#3430);
#3433=VERTEX_POINT('',#3431);
#3434=CARTESIAN_POINT('',(5.625E0,1.25E0,-5.65E0));
#3435=VERTEX_POINT('',#3434);
#3436=CARTESIAN_POINT('',(5.325E0,1.55E0,-5.65E0));
#3437=VERTEX_POINT('',#3436);
#3438=CARTESIAN_POINT('',(5.325E0,-4.5E-1,-5.65E0));
#3439=CARTESIAN_POINT('',(5.625E0,-1.5E-1,-5.65E0));
#3440=VERTEX_POINT('',#3438);
#3441=VERTEX_POINT('',#3439);
#3442=CARTESIAN_POINT('',(5.625E0,-1.5E-1,-5.9E0));
#3443=VERTEX_POINT('',#3442);
#3444=CARTESIAN_POINT('',(5.325E0,-4.5E-1,-5.9E0));
#3445=VERTEX_POINT('',#3444);
#3446=CARTESIAN_POINT('',(-5.325E0,1.55E0,-5.65E0));
#3447=CARTESIAN_POINT('',(-5.625E0,1.25E0,-5.65E0));
#3448=VERTEX_POINT('',#3446);
#3449=VERTEX_POINT('',#3447);
#3450=CARTESIAN_POINT('',(-5.625E0,1.25E0,-5.9E0));
#3451=VERTEX_POINT('',#3450);
#3452=CARTESIAN_POINT('',(-5.325E0,1.55E0,-5.9E0));
#3453=VERTEX_POINT('',#3452);
#3454=CARTESIAN_POINT('',(-5.325E0,-4.5E-1,-5.9E0));
#3455=CARTESIAN_POINT('',(-5.625E0,-1.5E-1,-5.9E0));
#3456=VERTEX_POINT('',#3454);
#3457=VERTEX_POINT('',#3455);
#3458=CARTESIAN_POINT('',(-5.625E0,-1.5E-1,-5.65E0));
#3459=VERTEX_POINT('',#3458);
#3460=CARTESIAN_POINT('',(-5.325E0,-4.5E-1,-5.65E0));
#3461=VERTEX_POINT('',#3460);
#3462=CARTESIAN_POINT('',(5.45E0,2.1E0,-3.85E0));
#3463=CARTESIAN_POINT('',(5.45E0,2.4E0,-3.75E0));
#3464=VERTEX_POINT('',#3462);
#3465=VERTEX_POINT('',#3463);
#3466=CARTESIAN_POINT('',(-5.45E0,2.4E0,-3.75E0));
#3467=CARTESIAN_POINT('',(-5.45E0,2.1E0,-3.85E0));
#3468=VERTEX_POINT('',#3466);
#3469=VERTEX_POINT('',#3467);
#3470=CARTESIAN_POINT('',(-4.395E0,2.4E0,-5.8E0));
#3471=CARTESIAN_POINT('',(-4.675E0,2.4E0,-5.52E0));
#3472=VERTEX_POINT('',#3470);
#3473=VERTEX_POINT('',#3471);
#3474=CARTESIAN_POINT('',(-4.775E0,2.1E0,-5.42E0));
#3475=VERTEX_POINT('',#3474);
#3476=CARTESIAN_POINT('',(-4.395E0,-6.E-1,-5.8E0));
#3477=VERTEX_POINT('',#3476);
#3478=CARTESIAN_POINT('',(4.775E0,2.1E0,-5.42E0));
#3479=CARTESIAN_POINT('',(4.675E0,2.4E0,-5.52E0));
#3480=VERTEX_POINT('',#3478);
#3481=VERTEX_POINT('',#3479);
#3482=CARTESIAN_POINT('',(4.395E0,2.4E0,-5.8E0));
#3483=VERTEX_POINT('',#3482);
#3484=CARTESIAN_POINT('',(4.395E0,-6.E-1,-5.8E0));
#3485=VERTEX_POINT('',#3484);
#3486=CARTESIAN_POINT('',(4.775E0,-6.E-1,-5.42E0));
#3487=VERTEX_POINT('',#3486);
#3488=CARTESIAN_POINT('',(-4.775E0,-6.E-1,-5.42E0));
#3489=VERTEX_POINT('',#3488);
#3490=CARTESIAN_POINT('',(-4.775E0,-1.5E0,-2.65E0));
#3491=CARTESIAN_POINT('',(-5.05E0,-1.5E0,-2.65E0));
#3492=VERTEX_POINT('',#3490);
#3493=VERTEX_POINT('',#3491);
#3494=CARTESIAN_POINT('',(-5.05E0,-1.92E0,-2.65E0));
#3495=VERTEX_POINT('',#3494);
#3496=CARTESIAN_POINT('',(-4.775E0,-1.92E0,-2.65E0));
#3497=VERTEX_POINT('',#3496);
#3498=CARTESIAN_POINT('',(-4.675E0,-1.E0,-2.65E0));
#3499=CARTESIAN_POINT('',(-4.675E0,-8.E-1,-2.65E0));
#3500=VERTEX_POINT('',#3498);
#3501=VERTEX_POINT('',#3499);
#3502=CARTESIAN_POINT('',(-4.775E0,-8.E-1,-2.65E0));
#3503=VERTEX_POINT('',#3502);
#3504=CARTESIAN_POINT('',(-4.775E0,-4.5E-1,-2.65E0));
#3505=VERTEX_POINT('',#3504);
#3506=CARTESIAN_POINT('',(-5.05E0,-4.5E-1,-2.65E0));
#3507=VERTEX_POINT('',#3506);
#3508=CARTESIAN_POINT('',(5.15E0,-1.E0,-2.65E0));
#3509=CARTESIAN_POINT('',(5.15E0,-8.E-1,-2.65E0));
#3510=VERTEX_POINT('',#3508);
#3511=VERTEX_POINT('',#3509);
#3512=CARTESIAN_POINT('',(5.15E0,-8.E-1,-9.E-1));
#3513=VERTEX_POINT('',#3512);
#3514=CARTESIAN_POINT('',(5.25E0,-7.E-1,-8.E-1));
#3515=VERTEX_POINT('',#3514);
#3516=CARTESIAN_POINT('',(-4.775E0,-1.E0,-9.E-1));
#3517=VERTEX_POINT('',#3516);
#3518=CARTESIAN_POINT('',(-5.05E0,-4.5E-1,-9.E-1));
#3519=VERTEX_POINT('',#3518);
#3520=CARTESIAN_POINT('',(-5.05E0,-1.92E0,-2.25E0));
#3521=CARTESIAN_POINT('',(-5.05E0,-1.5E0,-2.25E0));
#3522=VERTEX_POINT('',#3520);
#3523=VERTEX_POINT('',#3521);
#3524=CARTESIAN_POINT('',(-5.15E0,-2.02E0,-2.15E0));
#3525=VERTEX_POINT('',#3524);
#3526=CARTESIAN_POINT('',(-4.775E0,-1.92E0,-2.25E0));
#3527=VERTEX_POINT('',#3526);
#3528=CARTESIAN_POINT('',(-2.90625E0,-1.8E0,-4.39E0));
#3529=CARTESIAN_POINT('',(-2.90625E0,-1.05E0,-4.39E0));
#3530=VERTEX_POINT('',#3528);
#3531=VERTEX_POINT('',#3529);
#3532=CARTESIAN_POINT('',(-3.E0,-1.05E0,-4.39E0));
#3533=VERTEX_POINT('',#3532);
#3534=CARTESIAN_POINT('',(-3.09375E0,-1.161702114344E0,-4.39E0));
#3535=VERTEX_POINT('',#3534);
#3536=CARTESIAN_POINT('',(-3.09375E0,-1.289361718297E0,-4.39E0));
#3537=VERTEX_POINT('',#3536);
#3538=CARTESIAN_POINT('',(-3.E0,-1.177659559250E0,-4.39E0));
#3539=VERTEX_POINT('',#3538);
#3540=CARTESIAN_POINT('',(-3.E0,-1.8E0,-4.39E0));
#3541=VERTEX_POINT('',#3540);
#3542=CARTESIAN_POINT('',(-2.90625E0,-1.8E0,-4.4E0));
#3543=CARTESIAN_POINT('',(-2.90625E0,-1.05E0,-4.4E0));
#3544=VERTEX_POINT('',#3542);
#3545=VERTEX_POINT('',#3543);
#3546=CARTESIAN_POINT('',(-3.E0,-1.05E0,-4.4E0));
#3547=VERTEX_POINT('',#3546);
#3548=CARTESIAN_POINT('',(-3.09375E0,-1.161702114344E0,-4.4E0));
#3549=VERTEX_POINT('',#3548);
#3550=CARTESIAN_POINT('',(-3.09375E0,-1.289361718297E0,-4.4E0));
#3551=VERTEX_POINT('',#3550);
#3552=CARTESIAN_POINT('',(-3.E0,-1.177659559250E0,-4.4E0));
#3553=VERTEX_POINT('',#3552);
#3554=CARTESIAN_POINT('',(-3.E0,-1.8E0,-4.4E0));
#3555=VERTEX_POINT('',#3554);
#3556=CARTESIAN_POINT('',(-3.15E0,-3.265452080061E0,-5.593407839354E0));
#3557=CARTESIAN_POINT('',(-3.15E0,-3.254547919942E0,-5.893209606013E0));
#3558=VERTEX_POINT('',#3556);
#3559=VERTEX_POINT('',#3557);
#3560=CARTESIAN_POINT('',(-3.15E0,-2.5E-1,-2.1E0));
#3561=CARTESIAN_POINT('',(-3.15E0,-5.5E-1,-2.1E0));
#3562=VERTEX_POINT('',#3560);
#3563=VERTEX_POINT('',#3561);
#3564=CARTESIAN_POINT('',(-2.85E0,-3.265452080061E0,-5.593407839354E0));
#3565=CARTESIAN_POINT('',(-2.85E0,-3.254547919942E0,-5.893209606013E0));
#3566=VERTEX_POINT('',#3564);
#3567=VERTEX_POINT('',#3565);
#3568=CARTESIAN_POINT('',(-2.85E0,-2.5E-1,-2.1E0));
#3569=CARTESIAN_POINT('',(-2.85E0,-5.5E-1,-2.1E0));
#3570=VERTEX_POINT('',#3568);
#3571=VERTEX_POINT('',#3569);
#3572=CARTESIAN_POINT('',(-1.65E0,-3.265452080061E0,-5.593407839354E0));
#3573=CARTESIAN_POINT('',(-1.65E0,-3.254547919942E0,-5.893209606013E0));
#3574=VERTEX_POINT('',#3572);
#3575=VERTEX_POINT('',#3573);
#3576=CARTESIAN_POINT('',(-1.65E0,-2.5E-1,-2.1E0));
#3577=CARTESIAN_POINT('',(-1.65E0,-5.5E-1,-2.1E0));
#3578=VERTEX_POINT('',#3576);
#3579=VERTEX_POINT('',#3577);
#3580=CARTESIAN_POINT('',(-1.35E0,-3.265452080061E0,-5.593407839354E0));
#3581=CARTESIAN_POINT('',(-1.35E0,-3.254547919942E0,-5.893209606013E0));
#3582=VERTEX_POINT('',#3580);
#3583=VERTEX_POINT('',#3581);
#3584=CARTESIAN_POINT('',(-1.35E0,-2.5E-1,-2.1E0));
#3585=CARTESIAN_POINT('',(-1.35E0,-5.5E-1,-2.1E0));
#3586=VERTEX_POINT('',#3584);
#3587=VERTEX_POINT('',#3585);
#3588=CARTESIAN_POINT('',(-1.5E-1,-3.265452080061E0,-5.593407839354E0));
#3589=CARTESIAN_POINT('',(-1.5E-1,-3.254547919942E0,-5.893209606013E0));
#3590=VERTEX_POINT('',#3588);
#3591=VERTEX_POINT('',#3589);
#3592=CARTESIAN_POINT('',(-1.5E-1,-2.5E-1,-2.1E0));
#3593=CARTESIAN_POINT('',(-1.5E-1,-5.5E-1,-2.1E0));
#3594=VERTEX_POINT('',#3592);
#3595=VERTEX_POINT('',#3593);
#3596=CARTESIAN_POINT('',(1.5E-1,-3.265452080061E0,-5.593407839354E0));
#3597=CARTESIAN_POINT('',(1.5E-1,-3.254547919942E0,-5.893209606013E0));
#3598=VERTEX_POINT('',#3596);
#3599=VERTEX_POINT('',#3597);
#3600=CARTESIAN_POINT('',(1.5E-1,-2.5E-1,-2.1E0));
#3601=CARTESIAN_POINT('',(1.5E-1,-5.5E-1,-2.1E0));
#3602=VERTEX_POINT('',#3600);
#3603=VERTEX_POINT('',#3601);
#3604=CARTESIAN_POINT('',(1.35E0,-3.265452080061E0,-5.593407839354E0));
#3605=CARTESIAN_POINT('',(1.35E0,-3.254547919942E0,-5.893209606013E0));
#3606=VERTEX_POINT('',#3604);
#3607=VERTEX_POINT('',#3605);
#3608=CARTESIAN_POINT('',(1.35E0,-2.5E-1,-2.1E0));
#3609=CARTESIAN_POINT('',(1.35E0,-5.5E-1,-2.1E0));
#3610=VERTEX_POINT('',#3608);
#3611=VERTEX_POINT('',#3609);
#3612=CARTESIAN_POINT('',(1.65E0,-3.265452080061E0,-5.593407839354E0));
#3613=CARTESIAN_POINT('',(1.65E0,-3.254547919942E0,-5.893209606013E0));
#3614=VERTEX_POINT('',#3612);
#3615=VERTEX_POINT('',#3613);
#3616=CARTESIAN_POINT('',(1.65E0,-2.5E-1,-2.1E0));
#3617=CARTESIAN_POINT('',(1.65E0,-5.5E-1,-2.1E0));
#3618=VERTEX_POINT('',#3616);
#3619=VERTEX_POINT('',#3617);
#3620=CARTESIAN_POINT('',(2.85E0,-3.265452080061E0,-5.593407839354E0));
#3621=CARTESIAN_POINT('',(2.85E0,-3.254547919942E0,-5.893209606013E0));
#3622=VERTEX_POINT('',#3620);
#3623=VERTEX_POINT('',#3621);
#3624=CARTESIAN_POINT('',(2.85E0,-2.5E-1,-2.1E0));
#3625=CARTESIAN_POINT('',(2.85E0,-5.5E-1,-2.1E0));
#3626=VERTEX_POINT('',#3624);
#3627=VERTEX_POINT('',#3625);
#3628=CARTESIAN_POINT('',(3.15E0,-3.265452080061E0,-5.593407839354E0));
#3629=CARTESIAN_POINT('',(3.15E0,-3.254547919942E0,-5.893209606013E0));
#3630=VERTEX_POINT('',#3628);
#3631=VERTEX_POINT('',#3629);
#3632=CARTESIAN_POINT('',(3.15E0,-2.5E-1,-2.1E0));
#3633=CARTESIAN_POINT('',(3.15E0,-5.5E-1,-2.1E0));
#3634=VERTEX_POINT('',#3632);
#3635=VERTEX_POINT('',#3633);
#3636=CARTESIAN_POINT('',(5.025E0,-2.5E-1,-3.85E0));
#3637=CARTESIAN_POINT('',(5.05E0,-2.5E-1,-3.85E0));
#3638=VERTEX_POINT('',#3636);
#3639=VERTEX_POINT('',#3637);
#3640=CARTESIAN_POINT('',(-5.025E0,-2.5E-1,-3.85E0));
#3641=CARTESIAN_POINT('',(-5.05E0,-2.5E-1,-3.85E0));
#3642=VERTEX_POINT('',#3640);
#3643=VERTEX_POINT('',#3641);
#3644=CARTESIAN_POINT('',(-5.05E0,-2.5E-1,-4.2E0));
#3645=VERTEX_POINT('',#3644);
#3646=CARTESIAN_POINT('',(-5.15E0,-2.5E-1,-4.4E0));
#3647=CARTESIAN_POINT('',(-5.025E0,-2.5E-1,-4.4E0));
#3648=VERTEX_POINT('',#3646);
#3649=VERTEX_POINT('',#3647);
#3650=CARTESIAN_POINT('',(5.05E0,-2.5E-1,-4.2E0));
#3651=VERTEX_POINT('',#3650);
#3652=CARTESIAN_POINT('',(5.15E0,-2.5E-1,-4.2E0));
#3653=VERTEX_POINT('',#3652);
#3654=CARTESIAN_POINT('',(5.15E0,-2.5E-1,-4.4E0));
#3655=VERTEX_POINT('',#3654);
#3656=CARTESIAN_POINT('',(-5.15E0,-2.5E-1,-4.2E0));
#3657=VERTEX_POINT('',#3656);
#3658=CARTESIAN_POINT('',(-4.675E0,1.4E0,-4.4E0));
#3659=CARTESIAN_POINT('',(-4.775E0,1.4E0,-4.4E0));
#3660=VERTEX_POINT('',#3658);
#3661=VERTEX_POINT('',#3659);
#3662=CARTESIAN_POINT('',(4.675E0,1.4E0,-4.4E0));
#3663=CARTESIAN_POINT('',(4.775E0,1.4E0,-4.4E0));
#3664=VERTEX_POINT('',#3662);
#3665=VERTEX_POINT('',#3663);
#3666=CARTESIAN_POINT('',(4.675E0,1.4E0,-4.2E0));
#3667=VERTEX_POINT('',#3666);
#3668=CARTESIAN_POINT('',(4.775E0,1.4E0,-4.2E0));
#3669=VERTEX_POINT('',#3668);
#3670=CARTESIAN_POINT('',(-4.775E0,1.4E0,-4.2E0));
#3671=CARTESIAN_POINT('',(-4.675E0,1.4E0,-4.2E0));
#3672=VERTEX_POINT('',#3670);
#3673=VERTEX_POINT('',#3671);
#3674=CARTESIAN_POINT('',(5.025E0,-2.5E-1,-4.4E0));
#3675=VERTEX_POINT('',#3674);
#3676=CARTESIAN_POINT('',(0.E0,0.E0,0.E0));
#3677=DIRECTION('',(0.E0,0.E0,1.E0));
#3678=DIRECTION('',(1.E0,0.E0,0.E0));
#3679=AXIS2_PLACEMENT_3D('',#3676,#3677,#3678);
#3680=PLANE('',#3679);
#3682=ORIENTED_EDGE('',*,*,#3681,.F.);
#3684=ORIENTED_EDGE('',*,*,#3683,.T.);
#3686=ORIENTED_EDGE('',*,*,#3685,.T.);
#3688=ORIENTED_EDGE('',*,*,#3687,.F.);
#3690=ORIENTED_EDGE('',*,*,#3689,.F.);
#3692=ORIENTED_EDGE('',*,*,#3691,.T.);
#3694=ORIENTED_EDGE('',*,*,#3693,.T.);
#3696=ORIENTED_EDGE('',*,*,#3695,.F.);
#3698=ORIENTED_EDGE('',*,*,#3697,.F.);
#3700=ORIENTED_EDGE('',*,*,#3699,.F.);
#3702=ORIENTED_EDGE('',*,*,#3701,.F.);
#3704=ORIENTED_EDGE('',*,*,#3703,.T.);
#3706=ORIENTED_EDGE('',*,*,#3705,.F.);
#3708=ORIENTED_EDGE('',*,*,#3707,.F.);
#3710=ORIENTED_EDGE('',*,*,#3709,.F.);
#3712=ORIENTED_EDGE('',*,*,#3711,.F.);
#3714=ORIENTED_EDGE('',*,*,#3713,.F.);
#3716=ORIENTED_EDGE('',*,*,#3715,.F.);
#3718=ORIENTED_EDGE('',*,*,#3717,.F.);
#3720=ORIENTED_EDGE('',*,*,#3719,.T.);
#3722=ORIENTED_EDGE('',*,*,#3721,.F.);
#3724=ORIENTED_EDGE('',*,*,#3723,.F.);
#3725=EDGE_LOOP('',(#3682,#3684,#3686,#3688,#3690,#3692,#3694,#3696,#3698,#3700,
#3702,#3704,#3706,#3708,#3710,#3712,#3714,#3716,#3718,#3720,#3722,#3724));
#3726=FACE_OUTER_BOUND('',#3725,.F.);
#3728=ORIENTED_EDGE('',*,*,#3727,.T.);
#3730=ORIENTED_EDGE('',*,*,#3729,.T.);
#3732=ORIENTED_EDGE('',*,*,#3731,.F.);
#3734=ORIENTED_EDGE('',*,*,#3733,.F.);
#3736=ORIENTED_EDGE('',*,*,#3735,.T.);
#3738=ORIENTED_EDGE('',*,*,#3737,.T.);
#3740=ORIENTED_EDGE('',*,*,#3739,.T.);
#3742=ORIENTED_EDGE('',*,*,#3741,.F.);
#3744=ORIENTED_EDGE('',*,*,#3743,.F.);
#3746=ORIENTED_EDGE('',*,*,#3745,.T.);
#3748=ORIENTED_EDGE('',*,*,#3747,.F.);
#3750=ORIENTED_EDGE('',*,*,#3749,.T.);
#3752=ORIENTED_EDGE('',*,*,#3751,.F.);
#3754=ORIENTED_EDGE('',*,*,#3753,.F.);
#3756=ORIENTED_EDGE('',*,*,#3755,.T.);
#3758=ORIENTED_EDGE('',*,*,#3757,.T.);
#3759=EDGE_LOOP('',(#3728,#3730,#3732,#3734,#3736,#3738,#3740,#3742,#3744,#3746,
#3748,#3750,#3752,#3754,#3756,#3758));
#3760=FACE_BOUND('',#3759,.F.);
#3762=CARTESIAN_POINT('',(-5.45E0,-2.4E0,0.E0));
#3763=DIRECTION('',(0.E0,-1.E0,0.E0));
#3764=DIRECTION('',(1.E0,0.E0,0.E0));
#3765=AXIS2_PLACEMENT_3D('',#3762,#3763,#3764);
#3766=PLANE('',#3765);
#3768=ORIENTED_EDGE('',*,*,#3767,.F.);
#3770=ORIENTED_EDGE('',*,*,#3769,.F.);
#3772=ORIENTED_EDGE('',*,*,#3771,.T.);
#3774=ORIENTED_EDGE('',*,*,#3773,.F.);
#3776=ORIENTED_EDGE('',*,*,#3775,.F.);
#3778=ORIENTED_EDGE('',*,*,#3777,.F.);
#3780=ORIENTED_EDGE('',*,*,#3779,.T.);
#3782=ORIENTED_EDGE('',*,*,#3781,.F.);
#3784=ORIENTED_EDGE('',*,*,#3783,.F.);
#3786=ORIENTED_EDGE('',*,*,#3785,.F.);
#3788=ORIENTED_EDGE('',*,*,#3787,.T.);
#3790=ORIENTED_EDGE('',*,*,#3789,.F.);
#3792=ORIENTED_EDGE('',*,*,#3791,.F.);
#3794=ORIENTED_EDGE('',*,*,#3793,.F.);
#3796=ORIENTED_EDGE('',*,*,#3795,.T.);
#3798=ORIENTED_EDGE('',*,*,#3797,.F.);
#3800=ORIENTED_EDGE('',*,*,#3799,.F.);
#3802=ORIENTED_EDGE('',*,*,#3801,.F.);
#3804=ORIENTED_EDGE('',*,*,#3803,.T.);
#3806=ORIENTED_EDGE('',*,*,#3805,.F.);
#3808=ORIENTED_EDGE('',*,*,#3807,.F.);
#3810=ORIENTED_EDGE('',*,*,#3809,.F.);
#3812=ORIENTED_EDGE('',*,*,#3811,.F.);
#3813=ORIENTED_EDGE('',*,*,#3697,.T.);
#3815=ORIENTED_EDGE('',*,*,#3814,.T.);
#3817=ORIENTED_EDGE('',*,*,#3816,.T.);
#3819=ORIENTED_EDGE('',*,*,#3818,.F.);
#3820=ORIENTED_EDGE('',*,*,#3689,.T.);
#3822=ORIENTED_EDGE('',*,*,#3821,.T.);
#3824=ORIENTED_EDGE('',*,*,#3823,.T.);
#3826=ORIENTED_EDGE('',*,*,#3825,.F.);
#3827=ORIENTED_EDGE('',*,*,#3681,.T.);
#3829=ORIENTED_EDGE('',*,*,#3828,.F.);
#3831=ORIENTED_EDGE('',*,*,#3830,.F.);
#3833=ORIENTED_EDGE('',*,*,#3832,.F.);
#3835=ORIENTED_EDGE('',*,*,#3834,.T.);
#3837=ORIENTED_EDGE('',*,*,#3836,.F.);
#3839=ORIENTED_EDGE('',*,*,#3838,.F.);
#3841=ORIENTED_EDGE('',*,*,#3840,.T.);
#3843=ORIENTED_EDGE('',*,*,#3842,.F.);
#3844=EDGE_LOOP('',(#3768,#3770,#3772,#3774,#3776,#3778,#3780,#3782,#3784,#3786,
#3788,#3790,#3792,#3794,#3796,#3798,#3800,#3802,#3804,#3806,#3808,#3810,#3812,
#3813,#3815,#3817,#3819,#3820,#3822,#3824,#3826,#3827,#3829,#3831,#3833,#3835,
#3837,#3839,#3841,#3843));
#3845=FACE_OUTER_BOUND('',#3844,.F.);
#3847=CARTESIAN_POINT('',(2.85E0,0.E0,-4.4E0));
#3848=DIRECTION('',(1.E0,0.E0,0.E0));
#3849=DIRECTION('',(0.E0,1.E0,0.E0));
#3850=AXIS2_PLACEMENT_3D('',#3847,#3848,#3849);
#3851=PLANE('',#3850);
#3853=ORIENTED_EDGE('',*,*,#3852,.F.);
#3854=ORIENTED_EDGE('',*,*,#3767,.T.);
#3856=ORIENTED_EDGE('',*,*,#3855,.T.);
#3858=ORIENTED_EDGE('',*,*,#3857,.T.);
#3860=ORIENTED_EDGE('',*,*,#3859,.T.);
#3861=EDGE_LOOP('',(#3853,#3854,#3856,#3858,#3860));
#3862=FACE_OUTER_BOUND('',#3861,.F.);
#3864=CARTESIAN_POINT('',(2.85E0,0.E0,-4.4E0));
#3865=DIRECTION('',(1.E0,0.E0,0.E0));
#3866=DIRECTION('',(0.E0,1.E0,0.E0));
#3867=AXIS2_PLACEMENT_3D('',#3864,#3865,#3866);
#3868=PLANE('',#3867);
#3870=ORIENTED_EDGE('',*,*,#3869,.T.);
#3872=ORIENTED_EDGE('',*,*,#3871,.T.);
#3874=ORIENTED_EDGE('',*,*,#3873,.T.);
#3876=ORIENTED_EDGE('',*,*,#3875,.T.);
#3877=EDGE_LOOP('',(#3870,#3872,#3874,#3876));
#3878=FACE_OUTER_BOUND('',#3877,.F.);
#3880=CARTESIAN_POINT('',(0.E0,0.E0,-5.8E0));
#3881=DIRECTION('',(0.E0,0.E0,1.E0));
#3882=DIRECTION('',(1.E0,0.E0,0.E0));
#3883=AXIS2_PLACEMENT_3D('',#3880,#3881,#3882);
#3884=PLANE('',#3883);
#3885=ORIENTED_EDGE('',*,*,#3852,.T.);
#3887=ORIENTED_EDGE('',*,*,#3886,.T.);
#3889=ORIENTED_EDGE('',*,*,#3888,.F.);
#3890=ORIENTED_EDGE('',*,*,#3838,.T.);
#3892=ORIENTED_EDGE('',*,*,#3891,.T.);
#3894=ORIENTED_EDGE('',*,*,#3893,.F.);
#3896=ORIENTED_EDGE('',*,*,#3895,.T.);
#3898=ORIENTED_EDGE('',*,*,#3897,.F.);
#3900=ORIENTED_EDGE('',*,*,#3899,.F.);
#3902=ORIENTED_EDGE('',*,*,#3901,.T.);
#3904=ORIENTED_EDGE('',*,*,#3903,.F.);
#3906=ORIENTED_EDGE('',*,*,#3905,.F.);
#3908=ORIENTED_EDGE('',*,*,#3907,.T.);
#3910=ORIENTED_EDGE('',*,*,#3909,.T.);
#3912=ORIENTED_EDGE('',*,*,#3911,.F.);
#3913=ORIENTED_EDGE('',*,*,#3801,.T.);
#3915=ORIENTED_EDGE('',*,*,#3914,.T.);
#3917=ORIENTED_EDGE('',*,*,#3916,.T.);
#3919=ORIENTED_EDGE('',*,*,#3918,.F.);
#3920=ORIENTED_EDGE('',*,*,#3793,.T.);
#3922=ORIENTED_EDGE('',*,*,#3921,.T.);
#3924=ORIENTED_EDGE('',*,*,#3923,.T.);
#3926=ORIENTED_EDGE('',*,*,#3925,.F.);
#3927=ORIENTED_EDGE('',*,*,#3785,.T.);
#3929=ORIENTED_EDGE('',*,*,#3928,.T.);
#3931=ORIENTED_EDGE('',*,*,#3930,.T.);
#3933=ORIENTED_EDGE('',*,*,#3932,.F.);
#3934=ORIENTED_EDGE('',*,*,#3777,.T.);
#3936=ORIENTED_EDGE('',*,*,#3935,.T.);
#3938=ORIENTED_EDGE('',*,*,#3937,.T.);
#3940=ORIENTED_EDGE('',*,*,#3939,.F.);
#3941=ORIENTED_EDGE('',*,*,#3769,.T.);
#3942=EDGE_LOOP('',(#3885,#3887,#3889,#3890,#3892,#3894,#3896,#3898,#3900,#3902,
#3904,#3906,#3908,#3910,#3912,#3913,#3915,#3917,#3919,#3920,#3922,#3924,#3926,
#3927,#3929,#3931,#3933,#3934,#3936,#3938,#3940,#3941));
#3943=FACE_OUTER_BOUND('',#3942,.F.);
#3945=CARTESIAN_POINT('',(2.85E0,-3.254547919942E0,-5.893209606013E0));
#3946=DIRECTION('',(0.E0,3.634720039469E-2,-9.993392221981E-1));
#3947=DIRECTION('',(0.E0,9.993392221981E-1,3.634720039469E-2));
#3948=AXIS2_PLACEMENT_3D('',#3945,#3946,#3947);
#3949=PLANE('',#3948);
#3950=ORIENTED_EDGE('',*,*,#3886,.F.);
#3951=ORIENTED_EDGE('',*,*,#3859,.F.);
#3953=ORIENTED_EDGE('',*,*,#3952,.T.);
#3955=ORIENTED_EDGE('',*,*,#3954,.T.);
#3956=EDGE_LOOP('',(#3950,#3951,#3953,#3955));
#3957=FACE_OUTER_BOUND('',#3956,.F.);
#3959=CARTESIAN_POINT('',(2.85E0,-3.265452080061E0,-5.593407839354E0));
#3960=DIRECTION('',(0.E0,-9.993392221981E-1,-3.634720039469E-2));
#3961=DIRECTION('',(0.E0,3.634720039469E-2,-9.993392221981E-1));
#3962=AXIS2_PLACEMENT_3D('',#3959,#3960,#3961);
#3963=PLANE('',#3962);
#3964=ORIENTED_EDGE('',*,*,#3857,.F.);
#3966=ORIENTED_EDGE('',*,*,#3965,.T.);
#3968=ORIENTED_EDGE('',*,*,#3967,.T.);
#3969=ORIENTED_EDGE('',*,*,#3952,.F.);
#3970=EDGE_LOOP('',(#3964,#3966,#3968,#3969));
#3971=FACE_OUTER_BOUND('',#3970,.F.);
#3973=CARTESIAN_POINT('',(2.85E0,-5.5E-1,-5.494643497153E0));
#3974=DIRECTION('',(0.E0,-3.634720039469E-2,9.993392221981E-1));
#3975=DIRECTION('',(0.E0,-9.993392221981E-1,-3.634720039469E-2));
#3976=AXIS2_PLACEMENT_3D('',#3973,#3974,#3975);
#3977=PLANE('',#3976);
#3978=ORIENTED_EDGE('',*,*,#3842,.T.);
#3980=ORIENTED_EDGE('',*,*,#3979,.T.);
#3981=ORIENTED_EDGE('',*,*,#3965,.F.);
#3982=ORIENTED_EDGE('',*,*,#3855,.F.);
#3983=EDGE_LOOP('',(#3978,#3980,#3981,#3982));
#3984=FACE_OUTER_BOUND('',#3983,.F.);
#3986=CARTESIAN_POINT('',(3.15E0,0.E0,-4.4E0));
#3987=DIRECTION('',(1.E0,0.E0,0.E0));
#3988=DIRECTION('',(0.E0,1.E0,0.E0));
#3989=AXIS2_PLACEMENT_3D('',#3986,#3987,#3988);
#3990=PLANE('',#3989);
#3991=ORIENTED_EDGE('',*,*,#3888,.T.);
#3992=ORIENTED_EDGE('',*,*,#3954,.F.);
#3993=ORIENTED_EDGE('',*,*,#3967,.F.);
#3994=ORIENTED_EDGE('',*,*,#3979,.F.);
#3995=ORIENTED_EDGE('',*,*,#3840,.F.);
#3996=EDGE_LOOP('',(#3991,#3992,#3993,#3994,#3995));
#3997=FACE_OUTER_BOUND('',#3996,.F.);
#3999=CARTESIAN_POINT('',(3.15E0,0.E0,-4.4E0));
#4000=DIRECTION('',(1.E0,0.E0,0.E0));
#4001=DIRECTION('',(0.E0,1.E0,0.E0));
#4002=AXIS2_PLACEMENT_3D('',#3999,#4000,#4001);
#4003=PLANE('',#4002);
#4005=ORIENTED_EDGE('',*,*,#4004,.F.);
#4007=ORIENTED_EDGE('',*,*,#4006,.F.);
#4009=ORIENTED_EDGE('',*,*,#4008,.F.);
#4011=ORIENTED_EDGE('',*,*,#4010,.F.);
#4012=EDGE_LOOP('',(#4005,#4007,#4009,#4011));
#4013=FACE_OUTER_BOUND('',#4012,.F.);
#4015=CARTESIAN_POINT('',(0.E0,0.E0,-4.4E0));
#4016=DIRECTION('',(0.E0,0.E0,1.E0));
#4017=DIRECTION('',(1.E0,0.E0,0.E0));
#4018=AXIS2_PLACEMENT_3D('',#4015,#4016,#4017);
#4019=PLANE('',#4018);
#4021=ORIENTED_EDGE('',*,*,#4020,.F.);
#4023=ORIENTED_EDGE('',*,*,#4022,.F.);
#4025=ORIENTED_EDGE('',*,*,#4024,.F.);
#4027=ORIENTED_EDGE('',*,*,#4026,.F.);
#4029=ORIENTED_EDGE('',*,*,#4028,.F.);
#4031=ORIENTED_EDGE('',*,*,#4030,.F.);
#4033=ORIENTED_EDGE('',*,*,#4032,.F.);
#4035=ORIENTED_EDGE('',*,*,#4034,.F.);
#4037=ORIENTED_EDGE('',*,*,#4036,.F.);
#4039=ORIENTED_EDGE('',*,*,#4038,.F.);
#4041=ORIENTED_EDGE('',*,*,#4040,.F.);
#4043=ORIENTED_EDGE('',*,*,#4042,.F.);
#4044=EDGE_LOOP('',(#4021,#4023,#4025,#4027,#4029,#4031,#4033,#4035,#4037,#4039,
#4041,#4043));
#4045=FACE_OUTER_BOUND('',#4044,.F.);
#4047=ORIENTED_EDGE('',*,*,#4046,.F.);
#4049=ORIENTED_EDGE('',*,*,#4048,.T.);
#4051=ORIENTED_EDGE('',*,*,#4050,.T.);
#4053=ORIENTED_EDGE('',*,*,#4052,.F.);
#4054=EDGE_LOOP('',(#4047,#4049,#4051,#4053));
#4055=FACE_BOUND('',#4054,.F.);
#4057=ORIENTED_EDGE('',*,*,#4056,.F.);
#4059=ORIENTED_EDGE('',*,*,#4058,.T.);
#4061=ORIENTED_EDGE('',*,*,#4060,.T.);
#4063=ORIENTED_EDGE('',*,*,#4062,.F.);
#4064=EDGE_LOOP('',(#4057,#4059,#4061,#4063));
#4065=FACE_BOUND('',#4064,.F.);
#4067=ORIENTED_EDGE('',*,*,#4066,.F.);
#4069=ORIENTED_EDGE('',*,*,#4068,.T.);
#4071=ORIENTED_EDGE('',*,*,#4070,.T.);
#4073=ORIENTED_EDGE('',*,*,#4072,.F.);
#4074=EDGE_LOOP('',(#4067,#4069,#4071,#4073));
#4075=FACE_BOUND('',#4074,.F.);
#4077=ORIENTED_EDGE('',*,*,#4076,.F.);
#4079=ORIENTED_EDGE('',*,*,#4078,.T.);
#4081=ORIENTED_EDGE('',*,*,#4080,.T.);
#4083=ORIENTED_EDGE('',*,*,#4082,.F.);
#4084=EDGE_LOOP('',(#4077,#4079,#4081,#4083));
#4085=FACE_BOUND('',#4084,.F.);
#4086=ORIENTED_EDGE('',*,*,#3869,.F.);
#4088=ORIENTED_EDGE('',*,*,#4087,.T.);
#4089=ORIENTED_EDGE('',*,*,#4004,.T.);
#4091=ORIENTED_EDGE('',*,*,#4090,.F.);
#4092=EDGE_LOOP('',(#4086,#4088,#4089,#4091));
#4093=FACE_BOUND('',#4092,.F.);
#4095=ORIENTED_EDGE('',*,*,#4094,.T.);
#4097=ORIENTED_EDGE('',*,*,#4096,.T.);
#4099=ORIENTED_EDGE('',*,*,#4098,.T.);
#4101=ORIENTED_EDGE('',*,*,#4100,.T.);
#4103=ORIENTED_EDGE('',*,*,#4102,.T.);
#4105=ORIENTED_EDGE('',*,*,#4104,.T.);
#4107=ORIENTED_EDGE('',*,*,#4106,.T.);
#4108=EDGE_LOOP('',(#4095,#4097,#4099,#4101,#4103,#4105,#4107));
#4109=FACE_BOUND('',#4108,.F.);
#4111=CARTESIAN_POINT('',(3.635E0,5.E-1,0.E0));
#4112=DIRECTION('',(0.E0,1.E0,0.E0));
#4113=DIRECTION('',(-1.E0,0.E0,0.E0));
#4114=AXIS2_PLACEMENT_3D('',#4111,#4112,#4113);
#4115=PLANE('',#4114);
#4117=ORIENTED_EDGE('',*,*,#4116,.T.);
#4118=ORIENTED_EDGE('',*,*,#3755,.F.);
#4120=ORIENTED_EDGE('',*,*,#4119,.F.);
#4122=ORIENTED_EDGE('',*,*,#4121,.T.);
#4123=ORIENTED_EDGE('',*,*,#4028,.T.);
#4124=EDGE_LOOP('',(#4117,#4118,#4120,#4122,#4123));
#4125=FACE_OUTER_BOUND('',#4124,.F.);
#4127=CARTESIAN_POINT('',(3.635E0,5.E-1,0.E0));
#4128=DIRECTION('',(0.E0,1.E0,0.E0));
#4129=DIRECTION('',(-1.E0,0.E0,0.E0));
#4130=AXIS2_PLACEMENT_3D('',#4127,#4128,#4129);
#4131=PLANE('',#4130);
#4133=ORIENTED_EDGE('',*,*,#4132,.F.);
#4134=ORIENTED_EDGE('',*,*,#4020,.T.);
#4136=ORIENTED_EDGE('',*,*,#4135,.F.);
#4138=ORIENTED_EDGE('',*,*,#4137,.F.);
#4139=ORIENTED_EDGE('',*,*,#3739,.F.);
#4140=EDGE_LOOP('',(#4133,#4134,#4136,#4138,#4139));
#4141=FACE_OUTER_BOUND('',#4140,.F.);
#4143=CARTESIAN_POINT('',(3.26E0,5.E-1,0.E0));
#4144=DIRECTION('',(1.E0,0.E0,0.E0));
#4145=DIRECTION('',(0.E0,1.E0,0.E0));
#4146=AXIS2_PLACEMENT_3D('',#4143,#4144,#4145);
#4147=PLANE('',#4146);
#4148=ORIENTED_EDGE('',*,*,#3757,.F.);
#4149=ORIENTED_EDGE('',*,*,#4116,.F.);
#4150=ORIENTED_EDGE('',*,*,#4026,.T.);
#4152=ORIENTED_EDGE('',*,*,#4151,.F.);
#4153=EDGE_LOOP('',(#4148,#4149,#4150,#4152));
#4154=FACE_OUTER_BOUND('',#4153,.F.);
#4156=CARTESIAN_POINT('',(3.26E0,1.825E0,0.E0));
#4157=DIRECTION('',(0.E0,1.E0,0.E0));
#4158=DIRECTION('',(-1.E0,0.E0,0.E0));
#4159=AXIS2_PLACEMENT_3D('',#4156,#4157,#4158);
#4160=PLANE('',#4159);
#4162=ORIENTED_EDGE('',*,*,#4161,.T.);
#4164=ORIENTED_EDGE('',*,*,#4163,.F.);
#4165=ORIENTED_EDGE('',*,*,#3727,.F.);
#4166=ORIENTED_EDGE('',*,*,#4151,.T.);
#4167=ORIENTED_EDGE('',*,*,#4024,.T.);
#4169=ORIENTED_EDGE('',*,*,#4168,.F.);
#4170=ORIENTED_EDGE('',*,*,#3735,.F.);
#4172=ORIENTED_EDGE('',*,*,#4171,.F.);
#4173=EDGE_LOOP('',(#4162,#4164,#4165,#4166,#4167,#4169,#4170,#4172));
#4174=FACE_OUTER_BOUND('',#4173,.F.);
#4176=CARTESIAN_POINT('',(-1.965924E1,1.725E0,-8.330415196484E-1));
#4177=DIRECTION('',(1.E0,0.E0,0.E0));
#4178=DIRECTION('',(0.E0,1.E0,0.E0));
#4179=AXIS2_PLACEMENT_3D('',#4176,#4177,#4178);
#4180=CYLINDRICAL_SURFACE('',#4179,1.E-1);
#4181=ORIENTED_EDGE('',*,*,#4161,.F.);
#4183=ORIENTED_EDGE('',*,*,#4182,.T.);
#4185=ORIENTED_EDGE('',*,*,#4184,.T.);
#4187=ORIENTED_EDGE('',*,*,#4186,.T.);
#4188=EDGE_LOOP('',(#4181,#4183,#4185,#4187));
#4189=FACE_OUTER_BOUND('',#4188,.F.);
#4191=CARTESIAN_POINT('',(-1.885E0,0.E0,0.E0));
#4192=DIRECTION('',(1.E0,0.E0,0.E0));
#4193=DIRECTION('',(0.E0,0.E0,-1.E0));
#4194=AXIS2_PLACEMENT_3D('',#4191,#4192,#4193);
#4195=PLANE('',#4194);
#4197=ORIENTED_EDGE('',*,*,#4196,.T.);
#4198=ORIENTED_EDGE('',*,*,#4182,.F.);
#4199=ORIENTED_EDGE('',*,*,#4171,.T.);
#4200=ORIENTED_EDGE('',*,*,#3733,.T.);
#4202=ORIENTED_EDGE('',*,*,#4201,.T.);
#4203=EDGE_LOOP('',(#4197,#4198,#4199,#4200,#4202));
#4204=FACE_OUTER_BOUND('',#4203,.F.);
#4206=CARTESIAN_POINT('',(-1.885E0,1.525E0,-7.5E-1));
#4207=DIRECTION('',(0.E0,8.634300732915E-2,-9.962654691825E-1));
#4208=DIRECTION('',(0.E0,9.962654691825E-1,8.634300732915E-2));
#4209=AXIS2_PLACEMENT_3D('',#4206,#4207,#4208);
#4210=PLANE('',#4209);
#4211=ORIENTED_EDGE('',*,*,#4184,.F.);
#4212=ORIENTED_EDGE('',*,*,#4196,.F.);
#4214=ORIENTED_EDGE('',*,*,#4213,.T.);
#4216=ORIENTED_EDGE('',*,*,#4215,.T.);
#4217=EDGE_LOOP('',(#4211,#4212,#4214,#4216));
#4218=FACE_OUTER_BOUND('',#4217,.F.);
#4220=CARTESIAN_POINT('',(-1.885E0,1.525E0,0.E0));
#4221=DIRECTION('',(0.E0,-1.E0,0.E0));
#4222=DIRECTION('',(0.E0,0.E0,-1.E0));
#4223=AXIS2_PLACEMENT_3D('',#4220,#4221,#4222);
#4224=PLANE('',#4223);
#4225=ORIENTED_EDGE('',*,*,#4201,.F.);
#4226=ORIENTED_EDGE('',*,*,#3731,.T.);
#4228=ORIENTED_EDGE('',*,*,#4227,.T.);
#4229=ORIENTED_EDGE('',*,*,#4213,.F.);
#4230=EDGE_LOOP('',(#4225,#4226,#4228,#4229));
#4231=FACE_OUTER_BOUND('',#4230,.F.);
#4233=CARTESIAN_POINT('',(1.885E0,0.E0,0.E0));
#4234=DIRECTION('',(1.E0,0.E0,0.E0));
#4235=DIRECTION('',(0.E0,0.E0,-1.E0));
#4236=AXIS2_PLACEMENT_3D('',#4233,#4234,#4235);
#4237=PLANE('',#4236);
#4238=ORIENTED_EDGE('',*,*,#4163,.T.);
#4239=ORIENTED_EDGE('',*,*,#4186,.F.);
#4240=ORIENTED_EDGE('',*,*,#4215,.F.);
#4241=ORIENTED_EDGE('',*,*,#4227,.F.);
#4242=ORIENTED_EDGE('',*,*,#3729,.F.);
#4243=EDGE_LOOP('',(#4238,#4239,#4240,#4241,#4242));
#4244=FACE_OUTER_BOUND('',#4243,.F.);
#4246=CARTESIAN_POINT('',(-3.26E0,1.825E0,0.E0));
#4247=DIRECTION('',(-1.E0,0.E0,0.E0));
#4248=DIRECTION('',(0.E0,-1.E0,0.E0));
#4249=AXIS2_PLACEMENT_3D('',#4246,#4247,#4248);
#4250=PLANE('',#4249);
#4251=ORIENTED_EDGE('',*,*,#3737,.F.);
#4252=ORIENTED_EDGE('',*,*,#4168,.T.);
#4253=ORIENTED_EDGE('',*,*,#4022,.T.);
#4254=ORIENTED_EDGE('',*,*,#4132,.T.);
#4255=EDGE_LOOP('',(#4251,#4252,#4253,#4254));
#4256=FACE_OUTER_BOUND('',#4255,.F.);
#4258=CARTESIAN_POINT('',(3.535E0,1.15E0,-1.E-1));
#4259=DIRECTION('',(7.071067811865E-1,0.E0,7.071067811865E-1));
#4260=DIRECTION('',(7.071067811865E-1,0.E0,-7.071067811865E-1));
#4261=AXIS2_PLACEMENT_3D('',#4258,#4259,#4260);
#4262=PLANE('',#4261);
#4263=ORIENTED_EDGE('',*,*,#4119,.T.);
#4264=ORIENTED_EDGE('',*,*,#3753,.T.);
#4266=ORIENTED_EDGE('',*,*,#4265,.F.);
#4268=ORIENTED_EDGE('',*,*,#4267,.F.);
#4269=EDGE_LOOP('',(#4263,#4264,#4266,#4268));
#4270=FACE_OUTER_BOUND('',#4269,.F.);
#4272=CARTESIAN_POINT('',(4.E0,1.9E0,-1.E-1));
#4273=DIRECTION('',(0.E0,-7.071067811865E-1,7.071067811865E-1));
#4274=DIRECTION('',(0.E0,-7.071067811865E-1,-7.071067811865E-1));
#4275=AXIS2_PLACEMENT_3D('',#4272,#4273,#4274);
#4276=PLANE('',#4275);
#4277=ORIENTED_EDGE('',*,*,#3751,.T.);
#4279=ORIENTED_EDGE('',*,*,#4278,.F.);
#4281=ORIENTED_EDGE('',*,*,#4280,.T.);
#4283=ORIENTED_EDGE('',*,*,#4282,.F.);
#4284=ORIENTED_EDGE('',*,*,#4265,.T.);
#4285=EDGE_LOOP('',(#4277,#4279,#4281,#4283,#4284));
#4286=FACE_OUTER_BOUND('',#4285,.F.);
#4288=CARTESIAN_POINT('',(4.408301270189E0,-2.5E-2,-7.5E-2));
#4289=DIRECTION('',(-8.660254037844E-1,0.E0,5.E-1));
#4290=DIRECTION('',(5.E-1,0.E0,8.660254037844E-1));
#4291=AXIS2_PLACEMENT_3D('',#4288,#4289,#4290);
#4292=PLANE('',#4291);
#4293=ORIENTED_EDGE('',*,*,#3749,.F.);
#4295=ORIENTED_EDGE('',*,*,#4294,.F.);
#4297=ORIENTED_EDGE('',*,*,#4296,.T.);
#4298=ORIENTED_EDGE('',*,*,#4278,.T.);
#4299=EDGE_LOOP('',(#4293,#4295,#4297,#4298));
#4300=FACE_OUTER_BOUND('',#4299,.F.);
#4302=CARTESIAN_POINT('',(0.E0,-1.943301270189E0,-7.5E-2));
#4303=DIRECTION('',(0.E0,8.660254037844E-1,5.E-1));
#4304=DIRECTION('',(0.E0,5.E-1,-8.660254037844E-1));
#4305=AXIS2_PLACEMENT_3D('',#4302,#4303,#4304);
#4306=PLANE('',#4305);
#4307=ORIENTED_EDGE('',*,*,#3747,.T.);
#4309=ORIENTED_EDGE('',*,*,#4308,.F.);
#4311=ORIENTED_EDGE('',*,*,#4310,.F.);
#4312=ORIENTED_EDGE('',*,*,#4294,.T.);
#4313=EDGE_LOOP('',(#4307,#4309,#4311,#4312));
#4314=FACE_OUTER_BOUND('',#4313,.F.);
#4316=CARTESIAN_POINT('',(-4.408301270189E0,-2.75E-1,-7.5E-2));
#4317=DIRECTION('',(8.660254037844E-1,0.E0,5.E-1));
#4318=DIRECTION('',(-5.E-1,0.E0,8.660254037844E-1));
#4319=AXIS2_PLACEMENT_3D('',#4316,#4317,#4318);
#4320=PLANE('',#4319);
#4322=ORIENTED_EDGE('',*,*,#4321,.T.);
#4323=ORIENTED_EDGE('',*,*,#4308,.T.);
#4324=ORIENTED_EDGE('',*,*,#3745,.F.);
#4326=ORIENTED_EDGE('',*,*,#4325,.T.);
#4327=EDGE_LOOP('',(#4322,#4323,#4324,#4326));
#4328=FACE_OUTER_BOUND('',#4327,.F.);
#4330=CARTESIAN_POINT('',(-4.365E0,1.3E0,0.E0));
#4331=DIRECTION('',(-1.E0,0.E0,0.E0));
#4332=DIRECTION('',(0.E0,-1.E0,0.E0));
#4333=AXIS2_PLACEMENT_3D('',#4330,#4331,#4332);
#4334=PLANE('',#4333);
#4335=ORIENTED_EDGE('',*,*,#4321,.F.);
#4337=ORIENTED_EDGE('',*,*,#4336,.F.);
#4339=ORIENTED_EDGE('',*,*,#4338,.T.);
#4340=ORIENTED_EDGE('',*,*,#4038,.T.);
#4342=ORIENTED_EDGE('',*,*,#4341,.F.);
#4343=EDGE_LOOP('',(#4335,#4337,#4339,#4340,#4342));
#4344=FACE_OUTER_BOUND('',#4343,.F.);
#4346=CARTESIAN_POINT('',(-4.E0,1.4E0,-1.E-1));
#4347=DIRECTION('',(0.E0,-7.071067811865E-1,7.071067811865E-1));
#4348=DIRECTION('',(0.E0,-7.071067811865E-1,-7.071067811865E-1));
#4349=AXIS2_PLACEMENT_3D('',#4346,#4347,#4348);
#4350=PLANE('',#4349);
#4351=ORIENTED_EDGE('',*,*,#4336,.T.);
#4352=ORIENTED_EDGE('',*,*,#4325,.F.);
#4353=ORIENTED_EDGE('',*,*,#3743,.T.);
#4355=ORIENTED_EDGE('',*,*,#4354,.F.);
#4357=ORIENTED_EDGE('',*,*,#4356,.F.);
#4358=EDGE_LOOP('',(#4351,#4352,#4353,#4355,#4357));
#4359=FACE_OUTER_BOUND('',#4358,.F.);
#4361=CARTESIAN_POINT('',(-3.535E0,9.E-1,-1.E-1));
#4362=DIRECTION('',(-7.071067811865E-1,0.E0,7.071067811865E-1));
#4363=DIRECTION('',(-7.071067811865E-1,0.E0,-7.071067811865E-1));
#4364=AXIS2_PLACEMENT_3D('',#4361,#4362,#4363);
#4365=PLANE('',#4364);
#4366=ORIENTED_EDGE('',*,*,#4137,.T.);
#4368=ORIENTED_EDGE('',*,*,#4367,.F.);
#4369=ORIENTED_EDGE('',*,*,#4354,.T.);
#4370=ORIENTED_EDGE('',*,*,#3741,.T.);
#4371=EDGE_LOOP('',(#4366,#4368,#4369,#4370));
#4372=FACE_OUTER_BOUND('',#4371,.F.);
#4374=CARTESIAN_POINT('',(-3.635E0,5.E-1,0.E0));
#4375=DIRECTION('',(1.E0,0.E0,0.E0));
#4376=DIRECTION('',(0.E0,1.E0,0.E0));
#4377=AXIS2_PLACEMENT_3D('',#4374,#4375,#4376);
#4378=PLANE('',#4377);
#4379=ORIENTED_EDGE('',*,*,#4367,.T.);
#4380=ORIENTED_EDGE('',*,*,#4135,.T.);
#4381=ORIENTED_EDGE('',*,*,#4042,.T.);
#4383=ORIENTED_EDGE('',*,*,#4382,.F.);
#4384=EDGE_LOOP('',(#4379,#4380,#4381,#4383));
#4385=FACE_OUTER_BOUND('',#4384,.F.);
#4387=CARTESIAN_POINT('',(-3.635E0,1.3E0,0.E0));
#4388=DIRECTION('',(0.E0,1.E0,0.E0));
#4389=DIRECTION('',(-1.E0,0.E0,0.E0));
#4390=AXIS2_PLACEMENT_3D('',#4387,#4388,#4389);
#4391=PLANE('',#4390);
#4392=ORIENTED_EDGE('',*,*,#4356,.T.);
#4393=ORIENTED_EDGE('',*,*,#4382,.T.);
#4394=ORIENTED_EDGE('',*,*,#4040,.T.);
#4395=ORIENTED_EDGE('',*,*,#4338,.F.);
#4396=EDGE_LOOP('',(#4392,#4393,#4394,#4395));
#4397=FACE_OUTER_BOUND('',#4396,.F.);
#4399=CARTESIAN_POINT('',(-4.365E0,-1.9E0,0.E0));
#4400=DIRECTION('',(0.E0,-1.E0,0.E0));
#4401=DIRECTION('',(1.E0,0.E0,0.E0));
#4402=AXIS2_PLACEMENT_3D('',#4399,#4400,#4401);
#4403=PLANE('',#4402);
#4404=ORIENTED_EDGE('',*,*,#4310,.T.);
#4405=ORIENTED_EDGE('',*,*,#4341,.T.);
#4406=ORIENTED_EDGE('',*,*,#4036,.T.);
#4408=ORIENTED_EDGE('',*,*,#4407,.F.);
#4409=EDGE_LOOP('',(#4404,#4405,#4406,#4408));
#4410=FACE_OUTER_BOUND('',#4409,.F.);
#4412=CARTESIAN_POINT('',(4.365E0,-1.9E0,0.E0));
#4413=DIRECTION('',(1.E0,0.E0,0.E0));
#4414=DIRECTION('',(0.E0,1.E0,0.E0));
#4415=AXIS2_PLACEMENT_3D('',#4412,#4413,#4414);
#4416=PLANE('',#4415);
#4417=ORIENTED_EDGE('',*,*,#4296,.F.);
#4418=ORIENTED_EDGE('',*,*,#4407,.T.);
#4419=ORIENTED_EDGE('',*,*,#4034,.T.);
#4421=ORIENTED_EDGE('',*,*,#4420,.F.);
#4422=ORIENTED_EDGE('',*,*,#4280,.F.);
#4423=EDGE_LOOP('',(#4417,#4418,#4419,#4421,#4422));
#4424=FACE_OUTER_BOUND('',#4423,.F.);
#4426=CARTESIAN_POINT('',(4.365E0,1.8E0,0.E0));
#4427=DIRECTION('',(0.E0,1.E0,0.E0));
#4428=DIRECTION('',(-1.E0,0.E0,0.E0));
#4429=AXIS2_PLACEMENT_3D('',#4426,#4427,#4428);
#4430=PLANE('',#4429);
#4431=ORIENTED_EDGE('',*,*,#4282,.T.);
#4432=ORIENTED_EDGE('',*,*,#4420,.T.);
#4433=ORIENTED_EDGE('',*,*,#4032,.T.);
#4435=ORIENTED_EDGE('',*,*,#4434,.F.);
#4436=EDGE_LOOP('',(#4431,#4432,#4433,#4435));
#4437=FACE_OUTER_BOUND('',#4436,.F.);
#4439=CARTESIAN_POINT('',(3.635E0,1.8E0,0.E0));
#4440=DIRECTION('',(-1.E0,0.E0,0.E0));
#4441=DIRECTION('',(0.E0,-1.E0,0.E0));
#4442=AXIS2_PLACEMENT_3D('',#4439,#4440,#4441);
#4443=PLANE('',#4442);
#4444=ORIENTED_EDGE('',*,*,#4267,.T.);
#4445=ORIENTED_EDGE('',*,*,#4434,.T.);
#4446=ORIENTED_EDGE('',*,*,#4030,.T.);
#4447=ORIENTED_EDGE('',*,*,#4121,.F.);
#4448=EDGE_LOOP('',(#4444,#4445,#4446,#4447));
#4449=FACE_OUTER_BOUND('',#4448,.F.);
#4451=CARTESIAN_POINT('',(-3.15E0,0.E0,-4.4E0));
#4452=DIRECTION('',(1.E0,0.E0,0.E0));
#4453=DIRECTION('',(0.E0,1.E0,0.E0));
#4454=AXIS2_PLACEMENT_3D('',#4451,#4452,#4453);
#4455=PLANE('',#4454);
#4456=ORIENTED_EDGE('',*,*,#3799,.T.);
#4458=ORIENTED_EDGE('',*,*,#4457,.T.);
#4460=ORIENTED_EDGE('',*,*,#4459,.T.);
#4462=ORIENTED_EDGE('',*,*,#4461,.T.);
#4463=ORIENTED_EDGE('',*,*,#3914,.F.);
#4464=EDGE_LOOP('',(#4456,#4458,#4460,#4462,#4463));
#4465=FACE_OUTER_BOUND('',#4464,.F.);
#4467=CARTESIAN_POINT('',(-3.15E0,0.E0,-4.4E0));
#4468=DIRECTION('',(1.E0,0.E0,0.E0));
#4469=DIRECTION('',(0.E0,1.E0,0.E0));
#4470=AXIS2_PLACEMENT_3D('',#4467,#4468,#4469);
#4471=PLANE('',#4470);
#4472=ORIENTED_EDGE('',*,*,#4046,.T.);
#4474=ORIENTED_EDGE('',*,*,#4473,.T.);
#4476=ORIENTED_EDGE('',*,*,#4475,.T.);
#4478=ORIENTED_EDGE('',*,*,#4477,.T.);
#4479=EDGE_LOOP('',(#4472,#4474,#4476,#4478));
#4480=FACE_OUTER_BOUND('',#4479,.F.);
#4482=CARTESIAN_POINT('',(-3.15E0,-5.5E-1,-5.494643497153E0));
#4483=DIRECTION('',(0.E0,-3.634720039469E-2,9.993392221981E-1));
#4484=DIRECTION('',(0.E0,-9.993392221981E-1,-3.634720039469E-2));
#4485=AXIS2_PLACEMENT_3D('',#4482,#4483,#4484);
#4486=PLANE('',#4485);
#4487=ORIENTED_EDGE('',*,*,#3797,.T.);
#4489=ORIENTED_EDGE('',*,*,#4488,.T.);
#4491=ORIENTED_EDGE('',*,*,#4490,.F.);
#4492=ORIENTED_EDGE('',*,*,#4457,.F.);
#4493=EDGE_LOOP('',(#4487,#4489,#4491,#4492));
#4494=FACE_OUTER_BOUND('',#4493,.F.);
#4496=CARTESIAN_POINT('',(-2.85E0,0.E0,-4.4E0));
#4497=DIRECTION('',(1.E0,0.E0,0.E0));
#4498=DIRECTION('',(0.E0,1.E0,0.E0));
#4499=AXIS2_PLACEMENT_3D('',#4496,#4497,#4498);
#4500=PLANE('',#4499);
#4501=ORIENTED_EDGE('',*,*,#3795,.F.);
#4502=ORIENTED_EDGE('',*,*,#3918,.T.);
#4504=ORIENTED_EDGE('',*,*,#4503,.F.);
#4506=ORIENTED_EDGE('',*,*,#4505,.F.);
#4507=ORIENTED_EDGE('',*,*,#4488,.F.);
#4508=EDGE_LOOP('',(#4501,#4502,#4504,#4506,#4507));
#4509=FACE_OUTER_BOUND('',#4508,.F.);
#4511=CARTESIAN_POINT('',(-2.85E0,0.E0,-4.4E0));
#4512=DIRECTION('',(1.E0,0.E0,0.E0));
#4513=DIRECTION('',(0.E0,1.E0,0.E0));
#4514=AXIS2_PLACEMENT_3D('',#4511,#4512,#4513);
#4515=PLANE('',#4514);
#4516=ORIENTED_EDGE('',*,*,#4050,.F.);
#4518=ORIENTED_EDGE('',*,*,#4517,.F.);
#4520=ORIENTED_EDGE('',*,*,#4519,.F.);
#4522=ORIENTED_EDGE('',*,*,#4521,.F.);
#4523=EDGE_LOOP('',(#4516,#4518,#4520,#4522));
#4524=FACE_OUTER_BOUND('',#4523,.F.);
#4526=CARTESIAN_POINT('',(-3.15E0,-3.254547919942E0,-5.893209606013E0));
#4527=DIRECTION('',(0.E0,3.634720039469E-2,-9.993392221981E-1));
#4528=DIRECTION('',(0.E0,9.993392221981E-1,3.634720039469E-2));
#4529=AXIS2_PLACEMENT_3D('',#4526,#4527,#4528);
#4530=PLANE('',#4529);
#4531=ORIENTED_EDGE('',*,*,#3916,.F.);
#4532=ORIENTED_EDGE('',*,*,#4461,.F.);
#4534=ORIENTED_EDGE('',*,*,#4533,.T.);
#4535=ORIENTED_EDGE('',*,*,#4503,.T.);
#4536=EDGE_LOOP('',(#4531,#4532,#4534,#4535));
#4537=FACE_OUTER_BOUND('',#4536,.F.);
#4539=CARTESIAN_POINT('',(-3.15E0,-3.265452080061E0,-5.593407839354E0));
#4540=DIRECTION('',(0.E0,-9.993392221981E-1,-3.634720039469E-2));
#4541=DIRECTION('',(0.E0,3.634720039469E-2,-9.993392221981E-1));
#4542=AXIS2_PLACEMENT_3D('',#4539,#4540,#4541);
#4543=PLANE('',#4542);
#4544=ORIENTED_EDGE('',*,*,#4459,.F.);
#4545=ORIENTED_EDGE('',*,*,#4490,.T.);
#4546=ORIENTED_EDGE('',*,*,#4505,.T.);
#4547=ORIENTED_EDGE('',*,*,#4533,.F.);
#4548=EDGE_LOOP('',(#4544,#4545,#4546,#4547));
#4549=FACE_OUTER_BOUND('',#4548,.F.);
#4551=CARTESIAN_POINT('',(-3.15E0,-5.5E-1,-2.1E0));
#4552=DIRECTION('',(0.E0,-1.E0,0.E0));
#4553=DIRECTION('',(0.E0,0.E0,-1.E0));
#4554=AXIS2_PLACEMENT_3D('',#4551,#4552,#4553);
#4555=PLANE('',#4554);
#4556=ORIENTED_EDGE('',*,*,#4048,.F.);
#4557=ORIENTED_EDGE('',*,*,#4477,.F.);
#4559=ORIENTED_EDGE('',*,*,#4558,.T.);
#4560=ORIENTED_EDGE('',*,*,#4517,.T.);
#4561=EDGE_LOOP('',(#4556,#4557,#4559,#4560));
#4562=FACE_OUTER_BOUND('',#4561,.F.);
#4564=CARTESIAN_POINT('',(-3.15E0,-2.5E-1,-2.1E0));
#4565=DIRECTION('',(0.E0,0.E0,1.E0));
#4566=DIRECTION('',(0.E0,-1.E0,0.E0));
#4567=AXIS2_PLACEMENT_3D('',#4564,#4565,#4566);
#4568=PLANE('',#4567);
#4569=ORIENTED_EDGE('',*,*,#4475,.F.);
#4571=ORIENTED_EDGE('',*,*,#4570,.T.);
#4572=ORIENTED_EDGE('',*,*,#4519,.T.);
#4573=ORIENTED_EDGE('',*,*,#4558,.F.);
#4574=EDGE_LOOP('',(#4569,#4571,#4572,#4573));
#4575=FACE_OUTER_BOUND('',#4574,.F.);
#4577=CARTESIAN_POINT('',(-3.15E0,-2.5E-1,-5.783930491459E0));
#4578=DIRECTION('',(0.E0,1.E0,0.E0));
#4579=DIRECTION('',(0.E0,0.E0,1.E0));
#4580=AXIS2_PLACEMENT_3D('',#4577,#4578,#4579);
#4581=PLANE('',#4580);
#4582=ORIENTED_EDGE('',*,*,#4052,.T.);
#4583=ORIENTED_EDGE('',*,*,#4521,.T.);
#4584=ORIENTED_EDGE('',*,*,#4570,.F.);
#4585=ORIENTED_EDGE('',*,*,#4473,.F.);
#4586=EDGE_LOOP('',(#4582,#4583,#4584,#4585));
#4587=FACE_OUTER_BOUND('',#4586,.F.);
#4589=CARTESIAN_POINT('',(-1.65E0,0.E0,-4.4E0));
#4590=DIRECTION('',(1.E0,0.E0,0.E0));
#4591=DIRECTION('',(0.E0,1.E0,0.E0));
#4592=AXIS2_PLACEMENT_3D('',#4589,#4590,#4591);
#4593=PLANE('',#4592);
#4594=ORIENTED_EDGE('',*,*,#3921,.F.);
#4595=ORIENTED_EDGE('',*,*,#3791,.T.);
#4597=ORIENTED_EDGE('',*,*,#4596,.T.);
#4599=ORIENTED_EDGE('',*,*,#4598,.T.);
#4601=ORIENTED_EDGE('',*,*,#4600,.T.);
#4602=EDGE_LOOP('',(#4594,#4595,#4597,#4599,#4601));
#4603=FACE_OUTER_BOUND('',#4602,.F.);
#4605=CARTESIAN_POINT('',(-1.65E0,0.E0,-4.4E0));
#4606=DIRECTION('',(1.E0,0.E0,0.E0));
#4607=DIRECTION('',(0.E0,1.E0,0.E0));
#4608=AXIS2_PLACEMENT_3D('',#4605,#4606,#4607);
#4609=PLANE('',#4608);
#4610=ORIENTED_EDGE('',*,*,#4056,.T.);
#4612=ORIENTED_EDGE('',*,*,#4611,.T.);
#4614=ORIENTED_EDGE('',*,*,#4613,.T.);
#4616=ORIENTED_EDGE('',*,*,#4615,.T.);
#4617=EDGE_LOOP('',(#4610,#4612,#4614,#4616));
#4618=FACE_OUTER_BOUND('',#4617,.F.);
#4620=CARTESIAN_POINT('',(-1.65E0,-5.5E-1,-5.494643497153E0));
#4621=DIRECTION('',(0.E0,-3.634720039469E-2,9.993392221981E-1));
#4622=DIRECTION('',(0.E0,-9.993392221981E-1,-3.634720039469E-2));
#4623=AXIS2_PLACEMENT_3D('',#4620,#4621,#4622);
#4624=PLANE('',#4623);
#4625=ORIENTED_EDGE('',*,*,#3789,.T.);
#4627=ORIENTED_EDGE('',*,*,#4626,.T.);
#4629=ORIENTED_EDGE('',*,*,#4628,.F.);
#4630=ORIENTED_EDGE('',*,*,#4596,.F.);
#4631=EDGE_LOOP('',(#4625,#4627,#4629,#4630));
#4632=FACE_OUTER_BOUND('',#4631,.F.);
#4634=CARTESIAN_POINT('',(-1.35E0,0.E0,-4.4E0));
#4635=DIRECTION('',(1.E0,0.E0,0.E0));
#4636=DIRECTION('',(0.E0,1.E0,0.E0));
#4637=AXIS2_PLACEMENT_3D('',#4634,#4635,#4636);
#4638=PLANE('',#4637);
#4639=ORIENTED_EDGE('',*,*,#3925,.T.);
#4641=ORIENTED_EDGE('',*,*,#4640,.F.);
#4643=ORIENTED_EDGE('',*,*,#4642,.F.);
#4644=ORIENTED_EDGE('',*,*,#4626,.F.);
#4645=ORIENTED_EDGE('',*,*,#3787,.F.);
#4646=EDGE_LOOP('',(#4639,#4641,#4643,#4644,#4645));
#4647=FACE_OUTER_BOUND('',#4646,.F.);
#4649=CARTESIAN_POINT('',(-1.35E0,0.E0,-4.4E0));
#4650=DIRECTION('',(1.E0,0.E0,0.E0));
#4651=DIRECTION('',(0.E0,1.E0,0.E0));
#4652=AXIS2_PLACEMENT_3D('',#4649,#4650,#4651);
#4653=PLANE('',#4652);
#4654=ORIENTED_EDGE('',*,*,#4060,.F.);
#4656=ORIENTED_EDGE('',*,*,#4655,.F.);
#4658=ORIENTED_EDGE('',*,*,#4657,.F.);
#4660=ORIENTED_EDGE('',*,*,#4659,.F.);
#4661=EDGE_LOOP('',(#4654,#4656,#4658,#4660));
#4662=FACE_OUTER_BOUND('',#4661,.F.);
#4664=CARTESIAN_POINT('',(-1.65E0,-3.254547919942E0,-5.893209606013E0));
#4665=DIRECTION('',(0.E0,3.634720039469E-2,-9.993392221981E-1));
#4666=DIRECTION('',(0.E0,9.993392221981E-1,3.634720039469E-2));
#4667=AXIS2_PLACEMENT_3D('',#4664,#4665,#4666);
#4668=PLANE('',#4667);
#4669=ORIENTED_EDGE('',*,*,#3923,.F.);
#4670=ORIENTED_EDGE('',*,*,#4600,.F.);
#4672=ORIENTED_EDGE('',*,*,#4671,.T.);
#4673=ORIENTED_EDGE('',*,*,#4640,.T.);
#4674=EDGE_LOOP('',(#4669,#4670,#4672,#4673));
#4675=FACE_OUTER_BOUND('',#4674,.F.);
#4677=CARTESIAN_POINT('',(-1.65E0,-3.265452080061E0,-5.593407839354E0));
#4678=DIRECTION('',(0.E0,-9.993392221981E-1,-3.634720039469E-2));
#4679=DIRECTION('',(0.E0,3.634720039469E-2,-9.993392221981E-1));
#4680=AXIS2_PLACEMENT_3D('',#4677,#4678,#4679);
#4681=PLANE('',#4680);
#4682=ORIENTED_EDGE('',*,*,#4598,.F.);
#4683=ORIENTED_EDGE('',*,*,#4628,.T.);
#4684=ORIENTED_EDGE('',*,*,#4642,.T.);
#4685=ORIENTED_EDGE('',*,*,#4671,.F.);
#4686=EDGE_LOOP('',(#4682,#4683,#4684,#4685));
#4687=FACE_OUTER_BOUND('',#4686,.F.);
#4689=CARTESIAN_POINT('',(-1.65E0,-5.5E-1,-2.1E0));
#4690=DIRECTION('',(0.E0,-1.E0,0.E0));
#4691=DIRECTION('',(0.E0,0.E0,-1.E0));
#4692=AXIS2_PLACEMENT_3D('',#4689,#4690,#4691);
#4693=PLANE('',#4692);
#4694=ORIENTED_EDGE('',*,*,#4058,.F.);
#4695=ORIENTED_EDGE('',*,*,#4615,.F.);
#4697=ORIENTED_EDGE('',*,*,#4696,.T.);
#4698=ORIENTED_EDGE('',*,*,#4655,.T.);
#4699=EDGE_LOOP('',(#4694,#4695,#4697,#4698));
#4700=FACE_OUTER_BOUND('',#4699,.F.);
#4702=CARTESIAN_POINT('',(-1.65E0,-2.5E-1,-2.1E0));
#4703=DIRECTION('',(0.E0,0.E0,1.E0));
#4704=DIRECTION('',(0.E0,-1.E0,0.E0));
#4705=AXIS2_PLACEMENT_3D('',#4702,#4703,#4704);
#4706=PLANE('',#4705);
#4707=ORIENTED_EDGE('',*,*,#4613,.F.);
#4709=ORIENTED_EDGE('',*,*,#4708,.T.);
#4710=ORIENTED_EDGE('',*,*,#4657,.T.);
#4711=ORIENTED_EDGE('',*,*,#4696,.F.);
#4712=EDGE_LOOP('',(#4707,#4709,#4710,#4711));
#4713=FACE_OUTER_BOUND('',#4712,.F.);
#4715=CARTESIAN_POINT('',(-1.65E0,-2.5E-1,-5.783930491459E0));
#4716=DIRECTION('',(0.E0,1.E0,0.E0));
#4717=DIRECTION('',(0.E0,0.E0,1.E0));
#4718=AXIS2_PLACEMENT_3D('',#4715,#4716,#4717);
#4719=PLANE('',#4718);
#4720=ORIENTED_EDGE('',*,*,#4062,.T.);
#4721=ORIENTED_EDGE('',*,*,#4659,.T.);
#4722=ORIENTED_EDGE('',*,*,#4708,.F.);
#4723=ORIENTED_EDGE('',*,*,#4611,.F.);
#4724=EDGE_LOOP('',(#4720,#4721,#4722,#4723));
#4725=FACE_OUTER_BOUND('',#4724,.F.);
#4727=CARTESIAN_POINT('',(-1.5E-1,0.E0,-4.4E0));
#4728=DIRECTION('',(1.E0,0.E0,0.E0));
#4729=DIRECTION('',(0.E0,1.E0,0.E0));
#4730=AXIS2_PLACEMENT_3D('',#4727,#4728,#4729);
#4731=PLANE('',#4730);
#4732=ORIENTED_EDGE('',*,*,#3928,.F.);
#4733=ORIENTED_EDGE('',*,*,#3783,.T.);
#4735=ORIENTED_EDGE('',*,*,#4734,.T.);
#4737=ORIENTED_EDGE('',*,*,#4736,.T.);
#4739=ORIENTED_EDGE('',*,*,#4738,.T.);
#4740=EDGE_LOOP('',(#4732,#4733,#4735,#4737,#4739));
#4741=FACE_OUTER_BOUND('',#4740,.F.);
#4743=CARTESIAN_POINT('',(-1.5E-1,0.E0,-4.4E0));
#4744=DIRECTION('',(1.E0,0.E0,0.E0));
#4745=DIRECTION('',(0.E0,1.E0,0.E0));
#4746=AXIS2_PLACEMENT_3D('',#4743,#4744,#4745);
#4747=PLANE('',#4746);
#4748=ORIENTED_EDGE('',*,*,#4066,.T.);
#4750=ORIENTED_EDGE('',*,*,#4749,.T.);
#4752=ORIENTED_EDGE('',*,*,#4751,.T.);
#4754=ORIENTED_EDGE('',*,*,#4753,.T.);
#4755=EDGE_LOOP('',(#4748,#4750,#4752,#4754));
#4756=FACE_OUTER_BOUND('',#4755,.F.);
#4758=CARTESIAN_POINT('',(-1.5E-1,-5.5E-1,-5.494643497153E0));
#4759=DIRECTION('',(0.E0,-3.634720039469E-2,9.993392221981E-1));
#4760=DIRECTION('',(0.E0,-9.993392221981E-1,-3.634720039469E-2));
#4761=AXIS2_PLACEMENT_3D('',#4758,#4759,#4760);
#4762=PLANE('',#4761);
#4763=ORIENTED_EDGE('',*,*,#3781,.T.);
#4765=ORIENTED_EDGE('',*,*,#4764,.T.);
#4767=ORIENTED_EDGE('',*,*,#4766,.F.);
#4768=ORIENTED_EDGE('',*,*,#4734,.F.);
#4769=EDGE_LOOP('',(#4763,#4765,#4767,#4768));
#4770=FACE_OUTER_BOUND('',#4769,.F.);
#4772=CARTESIAN_POINT('',(1.5E-1,0.E0,-4.4E0));
#4773=DIRECTION('',(1.E0,0.E0,0.E0));
#4774=DIRECTION('',(0.E0,1.E0,0.E0));
#4775=AXIS2_PLACEMENT_3D('',#4772,#4773,#4774);
#4776=PLANE('',#4775);
#4777=ORIENTED_EDGE('',*,*,#3932,.T.);
#4779=ORIENTED_EDGE('',*,*,#4778,.F.);
#4781=ORIENTED_EDGE('',*,*,#4780,.F.);
#4782=ORIENTED_EDGE('',*,*,#4764,.F.);
#4783=ORIENTED_EDGE('',*,*,#3779,.F.);
#4784=EDGE_LOOP('',(#4777,#4779,#4781,#4782,#4783));
#4785=FACE_OUTER_BOUND('',#4784,.F.);
#4787=CARTESIAN_POINT('',(1.5E-1,0.E0,-4.4E0));
#4788=DIRECTION('',(1.E0,0.E0,0.E0));
#4789=DIRECTION('',(0.E0,1.E0,0.E0));
#4790=AXIS2_PLACEMENT_3D('',#4787,#4788,#4789);
#4791=PLANE('',#4790);
#4792=ORIENTED_EDGE('',*,*,#4070,.F.);
#4794=ORIENTED_EDGE('',*,*,#4793,.F.);
#4796=ORIENTED_EDGE('',*,*,#4795,.F.);
#4798=ORIENTED_EDGE('',*,*,#4797,.F.);
#4799=EDGE_LOOP('',(#4792,#4794,#4796,#4798));
#4800=FACE_OUTER_BOUND('',#4799,.F.);
#4802=CARTESIAN_POINT('',(-1.5E-1,-3.254547919942E0,-5.893209606013E0));
#4803=DIRECTION('',(0.E0,3.634720039469E-2,-9.993392221981E-1));
#4804=DIRECTION('',(0.E0,9.993392221981E-1,3.634720039469E-2));
#4805=AXIS2_PLACEMENT_3D('',#4802,#4803,#4804);
#4806=PLANE('',#4805);
#4807=ORIENTED_EDGE('',*,*,#3930,.F.);
#4808=ORIENTED_EDGE('',*,*,#4738,.F.);
#4810=ORIENTED_EDGE('',*,*,#4809,.T.);
#4811=ORIENTED_EDGE('',*,*,#4778,.T.);
#4812=EDGE_LOOP('',(#4807,#4808,#4810,#4811));
#4813=FACE_OUTER_BOUND('',#4812,.F.);
#4815=CARTESIAN_POINT('',(-1.5E-1,-3.265452080061E0,-5.593407839354E0));
#4816=DIRECTION('',(0.E0,-9.993392221981E-1,-3.634720039469E-2));
#4817=DIRECTION('',(0.E0,3.634720039469E-2,-9.993392221981E-1));
#4818=AXIS2_PLACEMENT_3D('',#4815,#4816,#4817);
#4819=PLANE('',#4818);
#4820=ORIENTED_EDGE('',*,*,#4736,.F.);
#4821=ORIENTED_EDGE('',*,*,#4766,.T.);
#4822=ORIENTED_EDGE('',*,*,#4780,.T.);
#4823=ORIENTED_EDGE('',*,*,#4809,.F.);
#4824=EDGE_LOOP('',(#4820,#4821,#4822,#4823));
#4825=FACE_OUTER_BOUND('',#4824,.F.);
#4827=CARTESIAN_POINT('',(-1.5E-1,-5.5E-1,-2.1E0));
#4828=DIRECTION('',(0.E0,-1.E0,0.E0));
#4829=DIRECTION('',(0.E0,0.E0,-1.E0));
#4830=AXIS2_PLACEMENT_3D('',#4827,#4828,#4829);
#4831=PLANE('',#4830);
#4832=ORIENTED_EDGE('',*,*,#4068,.F.);
#4833=ORIENTED_EDGE('',*,*,#4753,.F.);
#4835=ORIENTED_EDGE('',*,*,#4834,.T.);
#4836=ORIENTED_EDGE('',*,*,#4793,.T.);
#4837=EDGE_LOOP('',(#4832,#4833,#4835,#4836));
#4838=FACE_OUTER_BOUND('',#4837,.F.);
#4840=CARTESIAN_POINT('',(-1.5E-1,-2.5E-1,-2.1E0));
#4841=DIRECTION('',(0.E0,0.E0,1.E0));
#4842=DIRECTION('',(0.E0,-1.E0,0.E0));
#4843=AXIS2_PLACEMENT_3D('',#4840,#4841,#4842);
#4844=PLANE('',#4843);
#4845=ORIENTED_EDGE('',*,*,#4751,.F.);
#4847=ORIENTED_EDGE('',*,*,#4846,.T.);
#4848=ORIENTED_EDGE('',*,*,#4795,.T.);
#4849=ORIENTED_EDGE('',*,*,#4834,.F.);
#4850=EDGE_LOOP('',(#4845,#4847,#4848,#4849));
#4851=FACE_OUTER_BOUND('',#4850,.F.);
#4853=CARTESIAN_POINT('',(-1.5E-1,-2.5E-1,-5.783930491459E0));
#4854=DIRECTION('',(0.E0,1.E0,0.E0));
#4855=DIRECTION('',(0.E0,0.E0,1.E0));
#4856=AXIS2_PLACEMENT_3D('',#4853,#4854,#4855);
#4857=PLANE('',#4856);
#4858=ORIENTED_EDGE('',*,*,#4072,.T.);
#4859=ORIENTED_EDGE('',*,*,#4797,.T.);
#4860=ORIENTED_EDGE('',*,*,#4846,.F.);
#4861=ORIENTED_EDGE('',*,*,#4749,.F.);
#4862=EDGE_LOOP('',(#4858,#4859,#4860,#4861));
#4863=FACE_OUTER_BOUND('',#4862,.F.);
#4865=CARTESIAN_POINT('',(1.35E0,0.E0,-4.4E0));
#4866=DIRECTION('',(1.E0,0.E0,0.E0));
#4867=DIRECTION('',(0.E0,1.E0,0.E0));
#4868=AXIS2_PLACEMENT_3D('',#4865,#4866,#4867);
#4869=PLANE('',#4868);
#4870=ORIENTED_EDGE('',*,*,#3935,.F.);
#4871=ORIENTED_EDGE('',*,*,#3775,.T.);
#4873=ORIENTED_EDGE('',*,*,#4872,.T.);
#4875=ORIENTED_EDGE('',*,*,#4874,.T.);
#4877=ORIENTED_EDGE('',*,*,#4876,.T.);
#4878=EDGE_LOOP('',(#4870,#4871,#4873,#4875,#4877));
#4879=FACE_OUTER_BOUND('',#4878,.F.);
#4881=CARTESIAN_POINT('',(1.35E0,0.E0,-4.4E0));
#4882=DIRECTION('',(1.E0,0.E0,0.E0));
#4883=DIRECTION('',(0.E0,1.E0,0.E0));
#4884=AXIS2_PLACEMENT_3D('',#4881,#4882,#4883);
#4885=PLANE('',#4884);
#4886=ORIENTED_EDGE('',*,*,#4076,.T.);
#4888=ORIENTED_EDGE('',*,*,#4887,.T.);
#4890=ORIENTED_EDGE('',*,*,#4889,.T.);
#4892=ORIENTED_EDGE('',*,*,#4891,.T.);
#4893=EDGE_LOOP('',(#4886,#4888,#4890,#4892));
#4894=FACE_OUTER_BOUND('',#4893,.F.);
#4896=CARTESIAN_POINT('',(1.35E0,-5.5E-1,-5.494643497153E0));
#4897=DIRECTION('',(0.E0,-3.634720039469E-2,9.993392221981E-1));
#4898=DIRECTION('',(0.E0,-9.993392221981E-1,-3.634720039469E-2));
#4899=AXIS2_PLACEMENT_3D('',#4896,#4897,#4898);
#4900=PLANE('',#4899);
#4901=ORIENTED_EDGE('',*,*,#3773,.T.);
#4903=ORIENTED_EDGE('',*,*,#4902,.T.);
#4905=ORIENTED_EDGE('',*,*,#4904,.F.);
#4906=ORIENTED_EDGE('',*,*,#4872,.F.);
#4907=EDGE_LOOP('',(#4901,#4903,#4905,#4906));
#4908=FACE_OUTER_BOUND('',#4907,.F.);
#4910=CARTESIAN_POINT('',(1.65E0,0.E0,-4.4E0));
#4911=DIRECTION('',(1.E0,0.E0,0.E0));
#4912=DIRECTION('',(0.E0,1.E0,0.E0));
#4913=AXIS2_PLACEMENT_3D('',#4910,#4911,#4912);
#4914=PLANE('',#4913);
#4915=ORIENTED_EDGE('',*,*,#3939,.T.);
#4917=ORIENTED_EDGE('',*,*,#4916,.F.);
#4919=ORIENTED_EDGE('',*,*,#4918,.F.);
#4920=ORIENTED_EDGE('',*,*,#4902,.F.);
#4921=ORIENTED_EDGE('',*,*,#3771,.F.);
#4922=EDGE_LOOP('',(#4915,#4917,#4919,#4920,#4921));
#4923=FACE_OUTER_BOUND('',#4922,.F.);
#4925=CARTESIAN_POINT('',(1.65E0,0.E0,-4.4E0));
#4926=DIRECTION('',(1.E0,0.E0,0.E0));
#4927=DIRECTION('',(0.E0,1.E0,0.E0));
#4928=AXIS2_PLACEMENT_3D('',#4925,#4926,#4927);
#4929=PLANE('',#4928);
#4930=ORIENTED_EDGE('',*,*,#4080,.F.);
#4932=ORIENTED_EDGE('',*,*,#4931,.F.);
#4934=ORIENTED_EDGE('',*,*,#4933,.F.);
#4936=ORIENTED_EDGE('',*,*,#4935,.F.);
#4937=EDGE_LOOP('',(#4930,#4932,#4934,#4936));
#4938=FACE_OUTER_BOUND('',#4937,.F.);
#4940=CARTESIAN_POINT('',(1.35E0,-3.254547919942E0,-5.893209606013E0));
#4941=DIRECTION('',(0.E0,3.634720039469E-2,-9.993392221981E-1));
#4942=DIRECTION('',(0.E0,9.993392221981E-1,3.634720039469E-2));
#4943=AXIS2_PLACEMENT_3D('',#4940,#4941,#4942);
#4944=PLANE('',#4943);
#4945=ORIENTED_EDGE('',*,*,#3937,.F.);
#4946=ORIENTED_EDGE('',*,*,#4876,.F.);
#4948=ORIENTED_EDGE('',*,*,#4947,.T.);
#4949=ORIENTED_EDGE('',*,*,#4916,.T.);
#4950=EDGE_LOOP('',(#4945,#4946,#4948,#4949));
#4951=FACE_OUTER_BOUND('',#4950,.F.);
#4953=CARTESIAN_POINT('',(1.35E0,-3.265452080061E0,-5.593407839354E0));
#4954=DIRECTION('',(0.E0,-9.993392221981E-1,-3.634720039469E-2));
#4955=DIRECTION('',(0.E0,3.634720039469E-2,-9.993392221981E-1));
#4956=AXIS2_PLACEMENT_3D('',#4953,#4954,#4955);
#4957=PLANE('',#4956);
#4958=ORIENTED_EDGE('',*,*,#4874,.F.);
#4959=ORIENTED_EDGE('',*,*,#4904,.T.);
#4960=ORIENTED_EDGE('',*,*,#4918,.T.);
#4961=ORIENTED_EDGE('',*,*,#4947,.F.);
#4962=EDGE_LOOP('',(#4958,#4959,#4960,#4961));
#4963=FACE_OUTER_BOUND('',#4962,.F.);
#4965=CARTESIAN_POINT('',(1.35E0,-5.5E-1,-2.1E0));
#4966=DIRECTION('',(0.E0,-1.E0,0.E0));
#4967=DIRECTION('',(0.E0,0.E0,-1.E0));
#4968=AXIS2_PLACEMENT_3D('',#4965,#4966,#4967);
#4969=PLANE('',#4968);
#4970=ORIENTED_EDGE('',*,*,#4078,.F.);
#4971=ORIENTED_EDGE('',*,*,#4891,.F.);
#4973=ORIENTED_EDGE('',*,*,#4972,.T.);
#4974=ORIENTED_EDGE('',*,*,#4931,.T.);
#4975=EDGE_LOOP('',(#4970,#4971,#4973,#4974));
#4976=FACE_OUTER_BOUND('',#4975,.F.);
#4978=CARTESIAN_POINT('',(1.35E0,-2.5E-1,-2.1E0));
#4979=DIRECTION('',(0.E0,0.E0,1.E0));
#4980=DIRECTION('',(0.E0,-1.E0,0.E0));
#4981=AXIS2_PLACEMENT_3D('',#4978,#4979,#4980);
#4982=PLANE('',#4981);
#4983=ORIENTED_EDGE('',*,*,#4889,.F.);
#4985=ORIENTED_EDGE('',*,*,#4984,.T.);
#4986=ORIENTED_EDGE('',*,*,#4933,.T.);
#4987=ORIENTED_EDGE('',*,*,#4972,.F.);
#4988=EDGE_LOOP('',(#4983,#4985,#4986,#4987));
#4989=FACE_OUTER_BOUND('',#4988,.F.);
#4991=CARTESIAN_POINT('',(1.35E0,-2.5E-1,-5.783930491459E0));
#4992=DIRECTION('',(0.E0,1.E0,0.E0));
#4993=DIRECTION('',(0.E0,0.E0,1.E0));
#4994=AXIS2_PLACEMENT_3D('',#4991,#4992,#4993);
#4995=PLANE('',#4994);
#4996=ORIENTED_EDGE('',*,*,#4082,.T.);
#4997=ORIENTED_EDGE('',*,*,#4935,.T.);
#4998=ORIENTED_EDGE('',*,*,#4984,.F.);
#4999=ORIENTED_EDGE('',*,*,#4887,.F.);
#5000=EDGE_LOOP('',(#4996,#4997,#4998,#4999));
#5001=FACE_OUTER_BOUND('',#5000,.F.);
#5003=CARTESIAN_POINT('',(2.85E0,-5.5E-1,-2.1E0));
#5004=DIRECTION('',(0.E0,-1.E0,0.E0));
#5005=DIRECTION('',(0.E0,0.E0,-1.E0));
#5006=AXIS2_PLACEMENT_3D('',#5003,#5004,#5005);
#5007=PLANE('',#5006);
#5008=ORIENTED_EDGE('',*,*,#4087,.F.);
#5009=ORIENTED_EDGE('',*,*,#3875,.F.);
#5011=ORIENTED_EDGE('',*,*,#5010,.T.);
#5012=ORIENTED_EDGE('',*,*,#4006,.T.);
#5013=EDGE_LOOP('',(#5008,#5009,#5011,#5012));
#5014=FACE_OUTER_BOUND('',#5013,.F.);
#5016=CARTESIAN_POINT('',(2.85E0,-2.5E-1,-2.1E0));
#5017=DIRECTION('',(0.E0,0.E0,1.E0));
#5018=DIRECTION('',(0.E0,-1.E0,0.E0));
#5019=AXIS2_PLACEMENT_3D('',#5016,#5017,#5018);
#5020=PLANE('',#5019);
#5021=ORIENTED_EDGE('',*,*,#3873,.F.);
#5023=ORIENTED_EDGE('',*,*,#5022,.T.);
#5024=ORIENTED_EDGE('',*,*,#4008,.T.);
#5025=ORIENTED_EDGE('',*,*,#5010,.F.);
#5026=EDGE_LOOP('',(#5021,#5023,#5024,#5025));
#5027=FACE_OUTER_BOUND('',#5026,.F.);
#5029=CARTESIAN_POINT('',(2.85E0,-2.5E-1,-5.783930491459E0));
#5030=DIRECTION('',(0.E0,1.E0,0.E0));
#5031=DIRECTION('',(0.E0,0.E0,1.E0));
#5032=AXIS2_PLACEMENT_3D('',#5029,#5030,#5031);
#5033=PLANE('',#5032);
#5034=ORIENTED_EDGE('',*,*,#4090,.T.);
#5035=ORIENTED_EDGE('',*,*,#4010,.T.);
#5036=ORIENTED_EDGE('',*,*,#5022,.F.);
#5037=ORIENTED_EDGE('',*,*,#3871,.F.);
#5038=EDGE_LOOP('',(#5034,#5035,#5036,#5037));
#5039=FACE_OUTER_BOUND('',#5038,.F.);
#5041=CARTESIAN_POINT('',(-2.90625E0,-1.8E0,-4.4E0));
#5042=DIRECTION('',(1.E0,0.E0,0.E0));
#5043=DIRECTION('',(0.E0,1.E0,0.E0));
#5044=AXIS2_PLACEMENT_3D('',#5041,#5042,#5043);
#5045=PLANE('',#5044);
#5046=ORIENTED_EDGE('',*,*,#4094,.F.);
#5048=ORIENTED_EDGE('',*,*,#5047,.T.);
#5050=ORIENTED_EDGE('',*,*,#5049,.T.);
#5052=ORIENTED_EDGE('',*,*,#5051,.F.);
#5053=EDGE_LOOP('',(#5046,#5048,#5050,#5052));
#5054=FACE_OUTER_BOUND('',#5053,.F.);
#5056=CARTESIAN_POINT('',(-3.E0,-1.8E0,-4.4E0));
#5057=DIRECTION('',(0.E0,-1.E0,0.E0));
#5058=DIRECTION('',(1.E0,0.E0,0.E0));
#5059=AXIS2_PLACEMENT_3D('',#5056,#5057,#5058);
#5060=PLANE('',#5059);
#5061=ORIENTED_EDGE('',*,*,#4106,.F.);
#5063=ORIENTED_EDGE('',*,*,#5062,.T.);
#5065=ORIENTED_EDGE('',*,*,#5064,.T.);
#5066=ORIENTED_EDGE('',*,*,#5047,.F.);
#5067=EDGE_LOOP('',(#5061,#5063,#5065,#5066));
#5068=FACE_OUTER_BOUND('',#5067,.F.);
#5070=CARTESIAN_POINT('',(-3.E0,-1.177659559250E0,-4.4E0));
#5071=DIRECTION('',(-1.E0,0.E0,0.E0));
#5072=DIRECTION('',(0.E0,-1.E0,0.E0));
#5073=AXIS2_PLACEMENT_3D('',#5070,#5071,#5072);
#5074=PLANE('',#5073);
#5075=ORIENTED_EDGE('',*,*,#4104,.F.);
#5077=ORIENTED_EDGE('',*,*,#5076,.T.);
#5079=ORIENTED_EDGE('',*,*,#5078,.T.);
#5080=ORIENTED_EDGE('',*,*,#5062,.F.);
#5081=EDGE_LOOP('',(#5075,#5077,#5079,#5080));
#5082=FACE_OUTER_BOUND('',#5081,.F.);
#5084=CARTESIAN_POINT('',(-3.09375E0,-1.289361718297E0,-4.4E0));
#5085=DIRECTION('',(7.659743427825E-1,-6.428711427642E-1,0.E0));
#5086=DIRECTION('',(6.428711427642E-1,7.659743427825E-1,0.E0));
#5087=AXIS2_PLACEMENT_3D('',#5084,#5085,#5086);
#5088=PLANE('',#5087);
#5089=ORIENTED_EDGE('',*,*,#4102,.F.);
#5091=ORIENTED_EDGE('',*,*,#5090,.T.);
#5093=ORIENTED_EDGE('',*,*,#5092,.T.);
#5094=ORIENTED_EDGE('',*,*,#5076,.F.);
#5095=EDGE_LOOP('',(#5089,#5091,#5093,#5094));
#5096=FACE_OUTER_BOUND('',#5095,.F.);
#5098=CARTESIAN_POINT('',(-3.09375E0,-1.161702114344E0,-4.4E0));
#5099=DIRECTION('',(-1.E0,0.E0,0.E0));
#5100=DIRECTION('',(0.E0,-1.E0,0.E0));
#5101=AXIS2_PLACEMENT_3D('',#5098,#5099,#5100);
#5102=PLANE('',#5101);
#5103=ORIENTED_EDGE('',*,*,#4100,.F.);
#5105=ORIENTED_EDGE('',*,*,#5104,.T.);
#5107=ORIENTED_EDGE('',*,*,#5106,.T.);
#5108=ORIENTED_EDGE('',*,*,#5090,.F.);
#5109=EDGE_LOOP('',(#5103,#5105,#5107,#5108));
#5110=FACE_OUTER_BOUND('',#5109,.F.);
#5112=CARTESIAN_POINT('',(-3.E0,-1.05E0,-4.4E0));
#5113=DIRECTION('',(-7.659742160926E-1,6.428712937139E-1,0.E0));
#5114=DIRECTION('',(-6.428712937139E-1,-7.659742160926E-1,0.E0));
#5115=AXIS2_PLACEMENT_3D('',#5112,#5113,#5114);
#5116=PLANE('',#5115);
#5117=ORIENTED_EDGE('',*,*,#4098,.F.);
#5119=ORIENTED_EDGE('',*,*,#5118,.T.);
#5121=ORIENTED_EDGE('',*,*,#5120,.T.);
#5122=ORIENTED_EDGE('',*,*,#5104,.F.);
#5123=EDGE_LOOP('',(#5117,#5119,#5121,#5122));
#5124=FACE_OUTER_BOUND('',#5123,.F.);
#5126=CARTESIAN_POINT('',(-2.90625E0,-1.05E0,-4.4E0));
#5127=DIRECTION('',(0.E0,1.E0,0.E0));
#5128=DIRECTION('',(-1.E0,0.E0,0.E0));
#5129=AXIS2_PLACEMENT_3D('',#5126,#5127,#5128);
#5130=PLANE('',#5129);
#5131=ORIENTED_EDGE('',*,*,#4096,.F.);
#5132=ORIENTED_EDGE('',*,*,#5051,.T.);
#5134=ORIENTED_EDGE('',*,*,#5133,.T.);
#5135=ORIENTED_EDGE('',*,*,#5118,.F.);
#5136=EDGE_LOOP('',(#5131,#5132,#5134,#5135));
#5137=FACE_OUTER_BOUND('',#5136,.F.);
#5139=CARTESIAN_POINT('',(0.E0,0.E0,-4.39E0));
#5140=DIRECTION('',(0.E0,0.E0,1.E0));
#5141=DIRECTION('',(1.E0,0.E0,0.E0));
#5142=AXIS2_PLACEMENT_3D('',#5139,#5140,#5141);
#5143=PLANE('',#5142);
#5144=ORIENTED_EDGE('',*,*,#5049,.F.);
#5145=ORIENTED_EDGE('',*,*,#5064,.F.);
#5146=ORIENTED_EDGE('',*,*,#5078,.F.);
#5147=ORIENTED_EDGE('',*,*,#5092,.F.);
#5148=ORIENTED_EDGE('',*,*,#5106,.F.);
#5149=ORIENTED_EDGE('',*,*,#5120,.F.);
#5150=ORIENTED_EDGE('',*,*,#5133,.F.);
#5151=EDGE_LOOP('',(#5144,#5145,#5146,#5147,#5148,#5149,#5150));
#5152=FACE_OUTER_BOUND('',#5151,.F.);
#5154=CARTESIAN_POINT('',(4.95E0,-2.4E0,-5.8E0));
#5155=DIRECTION('',(-1.E0,0.E0,0.E0));
#5156=DIRECTION('',(0.E0,1.E0,0.E0));
#5157=AXIS2_PLACEMENT_3D('',#5154,#5155,#5156);
#5158=PLANE('',#5157);
#5159=ORIENTED_EDGE('',*,*,#3891,.F.);
#5160=ORIENTED_EDGE('',*,*,#3836,.T.);
#5162=ORIENTED_EDGE('',*,*,#5161,.T.);
#5164=ORIENTED_EDGE('',*,*,#5163,.T.);
#5166=ORIENTED_EDGE('',*,*,#5165,.F.);
#5168=ORIENTED_EDGE('',*,*,#5167,.F.);
#5169=EDGE_LOOP('',(#5159,#5160,#5162,#5164,#5166,#5168));
#5170=FACE_OUTER_BOUND('',#5169,.F.);
#5172=CARTESIAN_POINT('',(5.45E0,-2.4E0,-4.9E0));
#5173=DIRECTION('',(0.E0,0.E0,1.E0));
#5174=DIRECTION('',(-1.E0,0.E0,0.E0));
#5175=AXIS2_PLACEMENT_3D('',#5172,#5173,#5174);
#5176=PLANE('',#5175);
#5177=ORIENTED_EDGE('',*,*,#3834,.F.);
#5179=ORIENTED_EDGE('',*,*,#5178,.T.);
#5181=ORIENTED_EDGE('',*,*,#5180,.T.);
#5182=ORIENTED_EDGE('',*,*,#5161,.F.);
#5183=EDGE_LOOP('',(#5177,#5179,#5181,#5182));
#5184=FACE_OUTER_BOUND('',#5183,.F.);
#5186=CARTESIAN_POINT('',(5.45E0,-2.4E0,0.E0));
#5187=DIRECTION('',(1.E0,0.E0,0.E0));
#5188=DIRECTION('',(0.E0,1.E0,0.E0));
#5189=AXIS2_PLACEMENT_3D('',#5186,#5187,#5188);
#5190=PLANE('',#5189);
#5192=ORIENTED_EDGE('',*,*,#5191,.F.);
#5194=ORIENTED_EDGE('',*,*,#5193,.T.);
#5196=ORIENTED_EDGE('',*,*,#5195,.T.);
#5198=ORIENTED_EDGE('',*,*,#5197,.F.);
#5200=ORIENTED_EDGE('',*,*,#5199,.T.);
#5202=ORIENTED_EDGE('',*,*,#5201,.F.);
#5203=ORIENTED_EDGE('',*,*,#3895,.F.);
#5205=ORIENTED_EDGE('',*,*,#5204,.T.);
#5207=ORIENTED_EDGE('',*,*,#5206,.F.);
#5209=ORIENTED_EDGE('',*,*,#5208,.T.);
#5210=ORIENTED_EDGE('',*,*,#5178,.F.);
#5211=ORIENTED_EDGE('',*,*,#3832,.T.);
#5213=ORIENTED_EDGE('',*,*,#5212,.T.);
#5215=ORIENTED_EDGE('',*,*,#5214,.T.);
#5217=ORIENTED_EDGE('',*,*,#5216,.F.);
#5219=ORIENTED_EDGE('',*,*,#5218,.T.);
#5221=ORIENTED_EDGE('',*,*,#5220,.F.);
#5223=ORIENTED_EDGE('',*,*,#5222,.F.);
#5224=ORIENTED_EDGE('',*,*,#3713,.T.);
#5226=ORIENTED_EDGE('',*,*,#5225,.T.);
#5227=EDGE_LOOP('',(#5192,#5194,#5196,#5198,#5200,#5202,#5203,#5205,#5207,#5209,
#5210,#5211,#5213,#5215,#5217,#5219,#5221,#5223,#5224,#5226));
#5228=FACE_OUTER_BOUND('',#5227,.F.);
#5230=CARTESIAN_POINT('',(5.1125E0,2.25E0,-3.8E0));
#5231=DIRECTION('',(0.E0,3.162277660168E-1,-9.486832980505E-1));
#5232=DIRECTION('',(0.E0,-9.486832980505E-1,-3.162277660168E-1));
#5233=AXIS2_PLACEMENT_3D('',#5230,#5231,#5232);
#5234=PLANE('',#5233);
#5235=ORIENTED_EDGE('',*,*,#5191,.T.);
#5237=ORIENTED_EDGE('',*,*,#5236,.T.);
#5239=ORIENTED_EDGE('',*,*,#5238,.F.);
#5241=ORIENTED_EDGE('',*,*,#5240,.F.);
#5242=EDGE_LOOP('',(#5235,#5237,#5239,#5241));
#5243=FACE_OUTER_BOUND('',#5242,.F.);
#5245=CARTESIAN_POINT('',(5.45E0,2.4E0,0.E0));
#5246=DIRECTION('',(0.E0,1.E0,0.E0));
#5247=DIRECTION('',(-1.E0,0.E0,0.E0));
#5248=AXIS2_PLACEMENT_3D('',#5245,#5246,#5247);
#5249=PLANE('',#5248);
#5251=ORIENTED_EDGE('',*,*,#5250,.F.);
#5252=ORIENTED_EDGE('',*,*,#3901,.F.);
#5254=ORIENTED_EDGE('',*,*,#5253,.F.);
#5256=ORIENTED_EDGE('',*,*,#5255,.F.);
#5258=ORIENTED_EDGE('',*,*,#5257,.T.);
#5260=ORIENTED_EDGE('',*,*,#5259,.F.);
#5261=ORIENTED_EDGE('',*,*,#5236,.F.);
#5262=ORIENTED_EDGE('',*,*,#5225,.F.);
#5263=ORIENTED_EDGE('',*,*,#3711,.T.);
#5265=ORIENTED_EDGE('',*,*,#5264,.T.);
#5267=ORIENTED_EDGE('',*,*,#5266,.F.);
#5269=ORIENTED_EDGE('',*,*,#5268,.F.);
#5271=ORIENTED_EDGE('',*,*,#5270,.T.);
#5273=ORIENTED_EDGE('',*,*,#5272,.F.);
#5274=EDGE_LOOP('',(#5251,#5252,#5254,#5256,#5258,#5260,#5261,#5262,#5263,#5265,
#5267,#5269,#5271,#5273));
#5275=FACE_OUTER_BOUND('',#5274,.F.);
#5277=CARTESIAN_POINT('',(-4.585E0,7.5E-1,-5.61E0));
#5278=DIRECTION('',(-7.071067811865E-1,0.E0,-7.071067811865E-1));
#5279=DIRECTION('',(-7.071067811865E-1,0.E0,7.071067811865E-1));
#5280=AXIS2_PLACEMENT_3D('',#5277,#5278,#5279);
#5281=PLANE('',#5280);
#5283=ORIENTED_EDGE('',*,*,#5282,.F.);
#5285=ORIENTED_EDGE('',*,*,#5284,.F.);
#5287=ORIENTED_EDGE('',*,*,#5286,.T.);
#5288=ORIENTED_EDGE('',*,*,#3903,.T.);
#5289=ORIENTED_EDGE('',*,*,#5250,.T.);
#5291=ORIENTED_EDGE('',*,*,#5290,.T.);
#5293=ORIENTED_EDGE('',*,*,#5292,.F.);
#5294=EDGE_LOOP('',(#5283,#5285,#5287,#5288,#5289,#5291,#5293));
#5295=FACE_OUTER_BOUND('',#5294,.F.);
#5297=CARTESIAN_POINT('',(-4.775E0,1.55E0,-3.85E0));
#5298=DIRECTION('',(1.E0,0.E0,0.E0));
#5299=DIRECTION('',(0.E0,0.E0,-1.E0));
#5300=AXIS2_PLACEMENT_3D('',#5297,#5298,#5299);
#5301=PLANE('',#5300);
#5303=ORIENTED_EDGE('',*,*,#5302,.T.);
#5305=ORIENTED_EDGE('',*,*,#5304,.T.);
#5307=ORIENTED_EDGE('',*,*,#5306,.F.);
#5308=ORIENTED_EDGE('',*,*,#5282,.T.);
#5309=EDGE_LOOP('',(#5303,#5305,#5307,#5308));
#5310=FACE_OUTER_BOUND('',#5309,.F.);
#5312=CARTESIAN_POINT('',(-4.775E0,1.55E0,-3.85E0));
#5313=DIRECTION('',(1.E0,0.E0,0.E0));
#5314=DIRECTION('',(0.E0,0.E0,-1.E0));
#5315=AXIS2_PLACEMENT_3D('',#5312,#5313,#5314);
#5316=PLANE('',#5315);
#5318=ORIENTED_EDGE('',*,*,#5317,.F.);
#5320=ORIENTED_EDGE('',*,*,#5319,.T.);
#5322=ORIENTED_EDGE('',*,*,#5321,.T.);
#5324=ORIENTED_EDGE('',*,*,#5323,.F.);
#5325=EDGE_LOOP('',(#5318,#5320,#5322,#5324));
#5326=FACE_OUTER_BOUND('',#5325,.F.);
#5328=CARTESIAN_POINT('',(0.E0,1.55E0,0.E0));
#5329=DIRECTION('',(0.E0,1.E0,0.E0));
#5330=DIRECTION('',(-1.E0,0.E0,0.E0));
#5331=AXIS2_PLACEMENT_3D('',#5328,#5329,#5330);
#5332=PLANE('',#5331);
#5334=ORIENTED_EDGE('',*,*,#5333,.F.);
#5336=ORIENTED_EDGE('',*,*,#5335,.F.);
#5338=ORIENTED_EDGE('',*,*,#5337,.F.);
#5340=ORIENTED_EDGE('',*,*,#5339,.F.);
#5342=ORIENTED_EDGE('',*,*,#5341,.F.);
#5344=ORIENTED_EDGE('',*,*,#5343,.F.);
#5346=ORIENTED_EDGE('',*,*,#5345,.F.);
#5348=ORIENTED_EDGE('',*,*,#5347,.F.);
#5350=ORIENTED_EDGE('',*,*,#5349,.F.);
#5352=ORIENTED_EDGE('',*,*,#5351,.F.);
#5354=ORIENTED_EDGE('',*,*,#5353,.F.);
#5355=EDGE_LOOP('',(#5334,#5336,#5338,#5340,#5342,#5344,#5346,#5348,#5350,#5352,
#5354));
#5356=FACE_OUTER_BOUND('',#5355,.F.);
#5358=CARTESIAN_POINT('',(0.E0,1.55E0,0.E0));
#5359=DIRECTION('',(0.E0,1.E0,0.E0));
#5360=DIRECTION('',(-1.E0,0.E0,0.E0));
#5361=AXIS2_PLACEMENT_3D('',#5358,#5359,#5360);
#5362=PLANE('',#5361);
#5364=ORIENTED_EDGE('',*,*,#5363,.F.);
#5366=ORIENTED_EDGE('',*,*,#5365,.F.);
#5368=ORIENTED_EDGE('',*,*,#5367,.F.);
#5369=ORIENTED_EDGE('',*,*,#5302,.F.);
#5371=ORIENTED_EDGE('',*,*,#5370,.T.);
#5372=ORIENTED_EDGE('',*,*,#5321,.F.);
#5374=ORIENTED_EDGE('',*,*,#5373,.T.);
#5376=ORIENTED_EDGE('',*,*,#5375,.T.);
#5378=ORIENTED_EDGE('',*,*,#5377,.F.);
#5380=ORIENTED_EDGE('',*,*,#5379,.F.);
#5382=ORIENTED_EDGE('',*,*,#5381,.F.);
#5383=EDGE_LOOP('',(#5364,#5366,#5368,#5369,#5371,#5372,#5374,#5376,#5378,#5380,
#5382));
#5384=FACE_OUTER_BOUND('',#5383,.F.);
#5386=CARTESIAN_POINT('',(5.325E0,1.25E0,7.69124E0));
#5387=DIRECTION('',(0.E0,0.E0,-1.E0));
#5388=DIRECTION('',(0.E0,1.E0,0.E0));
#5389=AXIS2_PLACEMENT_3D('',#5386,#5387,#5388);
#5390=CYLINDRICAL_SURFACE('',#5389,3.E-1);
#5392=ORIENTED_EDGE('',*,*,#5391,.T.);
#5394=ORIENTED_EDGE('',*,*,#5393,.F.);
#5396=ORIENTED_EDGE('',*,*,#5395,.T.);
#5397=ORIENTED_EDGE('',*,*,#5333,.T.);
#5398=EDGE_LOOP('',(#5392,#5394,#5396,#5397));
#5399=FACE_OUTER_BOUND('',#5398,.F.);
#5401=CARTESIAN_POINT('',(5.625E0,1.55E0,-5.9E0));
#5402=DIRECTION('',(0.E0,0.E0,-1.E0));
#5403=DIRECTION('',(-1.E0,0.E0,0.E0));
#5404=AXIS2_PLACEMENT_3D('',#5401,#5402,#5403);
#5405=PLANE('',#5404);
#5406=ORIENTED_EDGE('',*,*,#5391,.F.);
#5407=ORIENTED_EDGE('',*,*,#5353,.T.);
#5409=ORIENTED_EDGE('',*,*,#5408,.T.);
#5411=ORIENTED_EDGE('',*,*,#5410,.F.);
#5413=ORIENTED_EDGE('',*,*,#5412,.F.);
#5415=ORIENTED_EDGE('',*,*,#5414,.F.);
#5416=EDGE_LOOP('',(#5406,#5407,#5409,#5411,#5413,#5415));
#5417=FACE_OUTER_BOUND('',#5416,.F.);
#5419=CARTESIAN_POINT('',(5.125E0,1.55E0,-5.55E0));
#5420=DIRECTION('',(0.E0,1.E0,0.E0));
#5421=DIRECTION('',(-1.E0,0.E0,0.E0));
#5422=AXIS2_PLACEMENT_3D('',#5419,#5420,#5421);
#5423=CYLINDRICAL_SURFACE('',#5422,3.5E-1);
#5424=ORIENTED_EDGE('',*,*,#5351,.T.);
#5426=ORIENTED_EDGE('',*,*,#5425,.T.);
#5428=ORIENTED_EDGE('',*,*,#5427,.F.);
#5429=ORIENTED_EDGE('',*,*,#5408,.F.);
#5430=EDGE_LOOP('',(#5424,#5426,#5428,#5429));
#5431=FACE_OUTER_BOUND('',#5430,.F.);
#5433=CARTESIAN_POINT('',(4.775E0,1.55E0,-5.55E0));
#5434=DIRECTION('',(-1.E0,0.E0,0.E0));
#5435=DIRECTION('',(0.E0,0.E0,1.E0));
#5436=AXIS2_PLACEMENT_3D('',#5433,#5434,#5435);
#5437=PLANE('',#5436);
#5438=ORIENTED_EDGE('',*,*,#5349,.T.);
#5440=ORIENTED_EDGE('',*,*,#5439,.F.);
#5442=ORIENTED_EDGE('',*,*,#5441,.F.);
#5443=ORIENTED_EDGE('',*,*,#5425,.F.);
#5444=EDGE_LOOP('',(#5438,#5440,#5442,#5443));
#5445=FACE_OUTER_BOUND('',#5444,.F.);
#5447=CARTESIAN_POINT('',(4.775E0,1.55E0,-5.55E0));
#5448=DIRECTION('',(-1.E0,0.E0,0.E0));
#5449=DIRECTION('',(0.E0,0.E0,1.E0));
#5450=AXIS2_PLACEMENT_3D('',#5447,#5448,#5449);
#5451=PLANE('',#5450);
#5453=ORIENTED_EDGE('',*,*,#5452,.T.);
#5455=ORIENTED_EDGE('',*,*,#5454,.F.);
#5456=ORIENTED_EDGE('',*,*,#5345,.T.);
#5458=ORIENTED_EDGE('',*,*,#5457,.F.);
#5459=EDGE_LOOP('',(#5453,#5455,#5456,#5458));
#5460=FACE_OUTER_BOUND('',#5459,.F.);
#5462=CARTESIAN_POINT('',(4.585E0,7.5E-1,-5.61E0));
#5463=DIRECTION('',(7.071067811865E-1,0.E0,-7.071067811865E-1));
#5464=DIRECTION('',(7.071067811865E-1,0.E0,7.071067811865E-1));
#5465=AXIS2_PLACEMENT_3D('',#5462,#5463,#5464);
#5466=PLANE('',#5465);
#5467=ORIENTED_EDGE('',*,*,#5439,.T.);
#5469=ORIENTED_EDGE('',*,*,#5468,.F.);
#5471=ORIENTED_EDGE('',*,*,#5470,.T.);
#5472=ORIENTED_EDGE('',*,*,#5253,.T.);
#5473=ORIENTED_EDGE('',*,*,#3899,.T.);
#5475=ORIENTED_EDGE('',*,*,#5474,.T.);
#5477=ORIENTED_EDGE('',*,*,#5476,.F.);
#5478=EDGE_LOOP('',(#5467,#5469,#5471,#5472,#5473,#5475,#5477));
#5479=FACE_OUTER_BOUND('',#5478,.F.);
#5481=CARTESIAN_POINT('',(4.775E0,0.E0,0.E0));
#5482=DIRECTION('',(1.E0,0.E0,0.E0));
#5483=DIRECTION('',(0.E0,0.E0,-1.E0));
#5484=AXIS2_PLACEMENT_3D('',#5481,#5482,#5483);
#5485=PLANE('',#5484);
#5487=ORIENTED_EDGE('',*,*,#5486,.T.);
#5489=ORIENTED_EDGE('',*,*,#5488,.T.);
#5491=ORIENTED_EDGE('',*,*,#5490,.T.);
#5493=ORIENTED_EDGE('',*,*,#5492,.T.);
#5494=EDGE_LOOP('',(#5487,#5489,#5491,#5493));
#5495=FACE_OUTER_BOUND('',#5494,.F.);
#5497=CARTESIAN_POINT('',(4.775E0,0.E0,0.E0));
#5498=DIRECTION('',(1.E0,0.E0,0.E0));
#5499=DIRECTION('',(0.E0,0.E0,-1.E0));
#5500=AXIS2_PLACEMENT_3D('',#5497,#5498,#5499);
#5501=PLANE('',#5500);
#5503=ORIENTED_EDGE('',*,*,#5502,.T.);
#5505=ORIENTED_EDGE('',*,*,#5504,.T.);
#5507=ORIENTED_EDGE('',*,*,#5506,.F.);
#5509=ORIENTED_EDGE('',*,*,#5508,.F.);
#5511=ORIENTED_EDGE('',*,*,#5510,.F.);
#5513=ORIENTED_EDGE('',*,*,#5512,.F.);
#5515=ORIENTED_EDGE('',*,*,#5514,.T.);
#5517=ORIENTED_EDGE('',*,*,#5516,.F.);
#5519=ORIENTED_EDGE('',*,*,#5518,.F.);
#5521=ORIENTED_EDGE('',*,*,#5520,.F.);
#5523=ORIENTED_EDGE('',*,*,#5522,.T.);
#5524=EDGE_LOOP('',(#5503,#5505,#5507,#5509,#5511,#5513,#5515,#5517,#5519,#5521,
#5523));
#5525=FACE_OUTER_BOUND('',#5524,.F.);
#5527=CARTESIAN_POINT('',(4.775E0,0.E0,0.E0));
#5528=DIRECTION('',(1.E0,0.E0,0.E0));
#5529=DIRECTION('',(0.E0,0.E0,-1.E0));
#5530=AXIS2_PLACEMENT_3D('',#5527,#5528,#5529);
#5531=PLANE('',#5530);
#5532=ORIENTED_EDGE('',*,*,#5347,.T.);
#5534=ORIENTED_EDGE('',*,*,#5533,.T.);
#5536=ORIENTED_EDGE('',*,*,#5535,.T.);
#5537=ORIENTED_EDGE('',*,*,#5468,.T.);
#5538=EDGE_LOOP('',(#5532,#5534,#5536,#5537));
#5539=FACE_OUTER_BOUND('',#5538,.F.);
#5541=CARTESIAN_POINT('',(4.775E0,0.E0,0.E0));
#5542=DIRECTION('',(1.E0,0.E0,0.E0));
#5543=DIRECTION('',(0.E0,0.E0,-1.E0));
#5544=AXIS2_PLACEMENT_3D('',#5541,#5542,#5543);
#5545=PLANE('',#5544);
#5546=ORIENTED_EDGE('',*,*,#5343,.T.);
#5548=ORIENTED_EDGE('',*,*,#5547,.F.);
#5550=ORIENTED_EDGE('',*,*,#5549,.T.);
#5552=ORIENTED_EDGE('',*,*,#5551,.T.);
#5553=EDGE_LOOP('',(#5546,#5548,#5550,#5552));
#5554=FACE_OUTER_BOUND('',#5553,.F.);
#5556=CARTESIAN_POINT('',(4.775E0,0.E0,0.E0));
#5557=DIRECTION('',(1.E0,0.E0,0.E0));
#5558=DIRECTION('',(0.E0,0.E0,-1.E0));
#5559=AXIS2_PLACEMENT_3D('',#5556,#5557,#5558);
#5560=PLANE('',#5559);
#5562=ORIENTED_EDGE('',*,*,#5561,.F.);
#5563=ORIENTED_EDGE('',*,*,#5476,.T.);
#5565=ORIENTED_EDGE('',*,*,#5564,.F.);
#5567=ORIENTED_EDGE('',*,*,#5566,.F.);
#5569=ORIENTED_EDGE('',*,*,#5568,.F.);
#5571=ORIENTED_EDGE('',*,*,#5570,.F.);
#5572=EDGE_LOOP('',(#5562,#5563,#5565,#5567,#5569,#5571));
#5573=FACE_OUTER_BOUND('',#5572,.F.);
#5575=CARTESIAN_POINT('',(4.725E0,-6.25E-1,-1.5E-1));
#5576=DIRECTION('',(9.486832980505E-1,0.E0,3.162277660168E-1));
#5577=DIRECTION('',(3.162277660168E-1,0.E0,-9.486832980505E-1));
#5578=AXIS2_PLACEMENT_3D('',#5575,#5576,#5577);
#5579=PLANE('',#5578);
#5581=ORIENTED_EDGE('',*,*,#5580,.T.);
#5582=ORIENTED_EDGE('',*,*,#3717,.T.);
#5584=ORIENTED_EDGE('',*,*,#5583,.F.);
#5585=ORIENTED_EDGE('',*,*,#5486,.F.);
#5586=EDGE_LOOP('',(#5581,#5582,#5584,#5585));
#5587=FACE_OUTER_BOUND('',#5586,.F.);
#5589=CARTESIAN_POINT('',(4.775E0,-8.E-1,0.E0));
#5590=DIRECTION('',(0.E0,1.E0,0.E0));
#5591=DIRECTION('',(-1.E0,0.E0,0.E0));
#5592=AXIS2_PLACEMENT_3D('',#5589,#5590,#5591);
#5593=PLANE('',#5592);
#5594=ORIENTED_EDGE('',*,*,#5580,.F.);
#5595=ORIENTED_EDGE('',*,*,#5492,.F.);
#5597=ORIENTED_EDGE('',*,*,#5596,.T.);
#5599=ORIENTED_EDGE('',*,*,#5598,.F.);
#5600=EDGE_LOOP('',(#5594,#5595,#5597,#5599));
#5601=FACE_OUTER_BOUND('',#5600,.F.);
#5603=CARTESIAN_POINT('',(0.E0,0.E0,-2.65E0));
#5604=DIRECTION('',(0.E0,0.E0,1.E0));
#5605=DIRECTION('',(1.E0,0.E0,0.E0));
#5606=AXIS2_PLACEMENT_3D('',#5603,#5604,#5605);
#5607=PLANE('',#5606);
#5608=ORIENTED_EDGE('',*,*,#5514,.F.);
#5610=ORIENTED_EDGE('',*,*,#5609,.F.);
#5612=ORIENTED_EDGE('',*,*,#5611,.F.);
#5614=ORIENTED_EDGE('',*,*,#5613,.F.);
#5615=EDGE_LOOP('',(#5608,#5610,#5612,#5614));
#5616=FACE_OUTER_BOUND('',#5615,.F.);
#5618=CARTESIAN_POINT('',(0.E0,0.E0,-2.65E0));
#5619=DIRECTION('',(0.E0,0.E0,1.E0));
#5620=DIRECTION('',(1.E0,0.E0,0.E0));
#5621=AXIS2_PLACEMENT_3D('',#5618,#5619,#5620);
#5622=PLANE('',#5621);
#5624=ORIENTED_EDGE('',*,*,#5623,.F.);
#5626=ORIENTED_EDGE('',*,*,#5625,.F.);
#5628=ORIENTED_EDGE('',*,*,#5627,.F.);
#5630=ORIENTED_EDGE('',*,*,#5629,.F.);
#5631=EDGE_LOOP('',(#5624,#5626,#5628,#5630));
#5632=FACE_OUTER_BOUND('',#5631,.F.);
#5634=CARTESIAN_POINT('',(0.E0,0.E0,-2.65E0));
#5635=DIRECTION('',(0.E0,0.E0,1.E0));
#5636=DIRECTION('',(1.E0,0.E0,0.E0));
#5637=AXIS2_PLACEMENT_3D('',#5634,#5635,#5636);
#5638=PLANE('',#5637);
#5640=ORIENTED_EDGE('',*,*,#5639,.T.);
#5642=ORIENTED_EDGE('',*,*,#5641,.F.);
#5644=ORIENTED_EDGE('',*,*,#5643,.F.);
#5646=ORIENTED_EDGE('',*,*,#5645,.F.);
#5648=ORIENTED_EDGE('',*,*,#5647,.F.);
#5650=ORIENTED_EDGE('',*,*,#5649,.F.);
#5652=ORIENTED_EDGE('',*,*,#5651,.F.);
#5654=ORIENTED_EDGE('',*,*,#5653,.F.);
#5655=EDGE_LOOP('',(#5640,#5642,#5644,#5646,#5648,#5650,#5652,#5654));
#5656=FACE_OUTER_BOUND('',#5655,.F.);
#5658=CARTESIAN_POINT('',(0.E0,0.E0,-2.65E0));
#5659=DIRECTION('',(0.E0,0.E0,1.E0));
#5660=DIRECTION('',(1.E0,0.E0,0.E0));
#5661=AXIS2_PLACEMENT_3D('',#5658,#5659,#5660);
#5662=PLANE('',#5661);
#5664=ORIENTED_EDGE('',*,*,#5663,.F.);
#5666=ORIENTED_EDGE('',*,*,#5665,.F.);
#5668=ORIENTED_EDGE('',*,*,#5667,.F.);
#5670=ORIENTED_EDGE('',*,*,#5669,.F.);
#5672=ORIENTED_EDGE('',*,*,#5671,.F.);
#5673=ORIENTED_EDGE('',*,*,#5596,.F.);
#5674=ORIENTED_EDGE('',*,*,#5490,.F.);
#5676=ORIENTED_EDGE('',*,*,#5675,.F.);
#5677=EDGE_LOOP('',(#5664,#5666,#5668,#5670,#5672,#5673,#5674,#5676));
#5678=FACE_OUTER_BOUND('',#5677,.F.);
#5680=CARTESIAN_POINT('',(5.45E0,-1.5E0,-2.15E0));
#5681=DIRECTION('',(0.E0,1.E0,0.E0));
#5682=DIRECTION('',(0.E0,0.E0,1.E0));
#5683=AXIS2_PLACEMENT_3D('',#5680,#5681,#5682);
#5684=PLANE('',#5683);
#5686=ORIENTED_EDGE('',*,*,#5685,.T.);
#5688=ORIENTED_EDGE('',*,*,#5687,.F.);
#5690=ORIENTED_EDGE('',*,*,#5689,.T.);
#5691=ORIENTED_EDGE('',*,*,#5609,.T.);
#5692=ORIENTED_EDGE('',*,*,#5512,.T.);
#5694=ORIENTED_EDGE('',*,*,#5693,.T.);
#5695=ORIENTED_EDGE('',*,*,#5214,.F.);
#5696=EDGE_LOOP('',(#5686,#5688,#5690,#5691,#5692,#5694,#5695));
#5697=FACE_OUTER_BOUND('',#5696,.F.);
#5699=CARTESIAN_POINT('',(5.45E0,-2.4E0,-2.15E0));
#5700=DIRECTION('',(0.E0,0.E0,-1.E0));
#5701=DIRECTION('',(0.E0,1.E0,0.E0));
#5702=AXIS2_PLACEMENT_3D('',#5699,#5700,#5701);
#5703=PLANE('',#5702);
#5704=ORIENTED_EDGE('',*,*,#3830,.T.);
#5706=ORIENTED_EDGE('',*,*,#5705,.F.);
#5707=ORIENTED_EDGE('',*,*,#5520,.T.);
#5709=ORIENTED_EDGE('',*,*,#5708,.F.);
#5711=ORIENTED_EDGE('',*,*,#5710,.F.);
#5712=ORIENTED_EDGE('',*,*,#5685,.F.);
#5713=ORIENTED_EDGE('',*,*,#5212,.F.);
#5714=EDGE_LOOP('',(#5704,#5706,#5707,#5709,#5711,#5712,#5713));
#5715=FACE_OUTER_BOUND('',#5714,.F.);
#5717=CARTESIAN_POINT('',(4.65E0,-2.275E0,-1.075E0));
#5718=DIRECTION('',(7.071067811865E-1,-7.071067811865E-1,0.E0));
#5719=DIRECTION('',(7.071067811865E-1,7.071067811865E-1,0.E0));
#5720=AXIS2_PLACEMENT_3D('',#5717,#5718,#5719);
#5721=PLANE('',#5720);
#5723=ORIENTED_EDGE('',*,*,#5722,.F.);
#5724=ORIENTED_EDGE('',*,*,#5522,.F.);
#5725=ORIENTED_EDGE('',*,*,#5705,.T.);
#5726=ORIENTED_EDGE('',*,*,#3828,.T.);
#5727=ORIENTED_EDGE('',*,*,#3723,.T.);
#5728=EDGE_LOOP('',(#5723,#5724,#5725,#5726,#5727));
#5729=FACE_OUTER_BOUND('',#5728,.F.);
#5731=CARTESIAN_POINT('',(4.725E0,-1.575E0,-1.5E-1));
#5732=DIRECTION('',(9.486832980505E-1,0.E0,3.162277660168E-1));
#5733=DIRECTION('',(3.162277660168E-1,0.E0,-9.486832980505E-1));
#5734=AXIS2_PLACEMENT_3D('',#5731,#5732,#5733);
#5735=PLANE('',#5734);
#5737=ORIENTED_EDGE('',*,*,#5736,.T.);
#5738=ORIENTED_EDGE('',*,*,#5502,.F.);
#5739=ORIENTED_EDGE('',*,*,#5722,.T.);
#5740=ORIENTED_EDGE('',*,*,#3721,.T.);
#5741=EDGE_LOOP('',(#5737,#5738,#5739,#5740));
#5742=FACE_OUTER_BOUND('',#5741,.F.);
#5744=CARTESIAN_POINT('',(4.675E0,-1.E0,0.E0));
#5745=DIRECTION('',(0.E0,-1.E0,0.E0));
#5746=DIRECTION('',(1.E0,0.E0,0.E0));
#5747=AXIS2_PLACEMENT_3D('',#5744,#5745,#5746);
#5748=PLANE('',#5747);
#5749=ORIENTED_EDGE('',*,*,#5736,.F.);
#5751=ORIENTED_EDGE('',*,*,#5750,.T.);
#5752=ORIENTED_EDGE('',*,*,#5669,.T.);
#5754=ORIENTED_EDGE('',*,*,#5753,.F.);
#5756=ORIENTED_EDGE('',*,*,#5755,.F.);
#5757=ORIENTED_EDGE('',*,*,#5504,.F.);
#5758=EDGE_LOOP('',(#5749,#5751,#5752,#5754,#5756,#5757));
#5759=FACE_OUTER_BOUND('',#5758,.F.);
#5761=CARTESIAN_POINT('',(4.675E0,-8.E-1,0.E0));
#5762=DIRECTION('',(-1.E0,0.E0,0.E0));
#5763=DIRECTION('',(0.E0,-1.E0,0.E0));
#5764=AXIS2_PLACEMENT_3D('',#5761,#5762,#5763);
#5765=PLANE('',#5764);
#5766=ORIENTED_EDGE('',*,*,#3719,.F.);
#5767=ORIENTED_EDGE('',*,*,#5598,.T.);
#5768=ORIENTED_EDGE('',*,*,#5671,.T.);
#5769=ORIENTED_EDGE('',*,*,#5750,.F.);
#5770=EDGE_LOOP('',(#5766,#5767,#5768,#5769));
#5771=FACE_OUTER_BOUND('',#5770,.F.);
#5773=CARTESIAN_POINT('',(5.15E0,-1.E0,-8.E-1));
#5774=DIRECTION('',(1.E0,0.E0,0.E0));
#5775=DIRECTION('',(0.E0,1.E0,0.E0));
#5776=AXIS2_PLACEMENT_3D('',#5773,#5774,#5775);
#5777=PLANE('',#5776);
#5779=ORIENTED_EDGE('',*,*,#5778,.F.);
#5781=ORIENTED_EDGE('',*,*,#5780,.T.);
#5782=ORIENTED_EDGE('',*,*,#5753,.T.);
#5783=ORIENTED_EDGE('',*,*,#5667,.T.);
#5784=EDGE_LOOP('',(#5779,#5781,#5782,#5783));
#5785=FACE_OUTER_BOUND('',#5784,.F.);
#5787=CARTESIAN_POINT('',(5.15E0,-8.E-1,-8.E-1));
#5788=DIRECTION('',(0.E0,1.E0,0.E0));
#5789=DIRECTION('',(-1.E0,0.E0,0.E0));
#5790=AXIS2_PLACEMENT_3D('',#5787,#5788,#5789);
#5791=PLANE('',#5790);
#5793=ORIENTED_EDGE('',*,*,#5792,.T.);
#5795=ORIENTED_EDGE('',*,*,#5794,.T.);
#5796=ORIENTED_EDGE('',*,*,#5778,.T.);
#5797=ORIENTED_EDGE('',*,*,#5665,.T.);
#5798=EDGE_LOOP('',(#5793,#5795,#5796,#5797));
#5799=FACE_OUTER_BOUND('',#5798,.F.);
#5801=CARTESIAN_POINT('',(5.05E0,-1.E0,0.E0));
#5802=DIRECTION('',(1.E0,0.E0,0.E0));
#5803=DIRECTION('',(0.E0,1.E0,0.E0));
#5804=AXIS2_PLACEMENT_3D('',#5801,#5802,#5803);
#5805=PLANE('',#5804);
#5807=ORIENTED_EDGE('',*,*,#5806,.T.);
#5808=ORIENTED_EDGE('',*,*,#5792,.F.);
#5809=ORIENTED_EDGE('',*,*,#5663,.T.);
#5811=ORIENTED_EDGE('',*,*,#5810,.F.);
#5812=EDGE_LOOP('',(#5807,#5808,#5809,#5811));
#5813=FACE_OUTER_BOUND('',#5812,.F.);
#5815=CARTESIAN_POINT('',(5.1E0,-6.25E-1,-8.5E-1));
#5816=DIRECTION('',(-7.071067811865E-1,0.E0,7.071067811865E-1));
#5817=DIRECTION('',(-7.071067811865E-1,0.E0,-7.071067811865E-1));
#5818=AXIS2_PLACEMENT_3D('',#5815,#5816,#5817);
#5819=PLANE('',#5818);
#5821=ORIENTED_EDGE('',*,*,#5820,.T.);
#5823=ORIENTED_EDGE('',*,*,#5822,.F.);
#5824=ORIENTED_EDGE('',*,*,#5806,.F.);
#5826=ORIENTED_EDGE('',*,*,#5825,.T.);
#5827=EDGE_LOOP('',(#5821,#5823,#5824,#5826));
#5828=FACE_OUTER_BOUND('',#5827,.F.);
#5830=CARTESIAN_POINT('',(5.45E0,-1.5E0,-8.E-1));
#5831=DIRECTION('',(0.E0,0.E0,-1.E0));
#5832=DIRECTION('',(0.E0,1.E0,0.E0));
#5833=AXIS2_PLACEMENT_3D('',#5830,#5831,#5832);
#5834=PLANE('',#5833);
#5835=ORIENTED_EDGE('',*,*,#5820,.F.);
#5837=ORIENTED_EDGE('',*,*,#5836,.F.);
#5838=ORIENTED_EDGE('',*,*,#5218,.F.);
#5840=ORIENTED_EDGE('',*,*,#5839,.F.);
#5841=ORIENTED_EDGE('',*,*,#5508,.T.);
#5843=ORIENTED_EDGE('',*,*,#5842,.T.);
#5845=ORIENTED_EDGE('',*,*,#5844,.F.);
#5847=ORIENTED_EDGE('',*,*,#5846,.F.);
#5848=EDGE_LOOP('',(#5835,#5837,#5838,#5840,#5841,#5843,#5845,#5847));
#5849=FACE_OUTER_BOUND('',#5848,.F.);
#5851=CARTESIAN_POINT('',(5.45E0,-4.5E-1,-8.E-1));
#5852=DIRECTION('',(0.E0,1.E0,0.E0));
#5853=DIRECTION('',(0.E0,0.E0,1.E0));
#5854=AXIS2_PLACEMENT_3D('',#5851,#5852,#5853);
#5855=PLANE('',#5854);
#5857=ORIENTED_EDGE('',*,*,#5856,.T.);
#5858=ORIENTED_EDGE('',*,*,#5220,.T.);
#5859=ORIENTED_EDGE('',*,*,#5836,.T.);
#5860=ORIENTED_EDGE('',*,*,#5825,.F.);
#5861=ORIENTED_EDGE('',*,*,#5810,.T.);
#5862=ORIENTED_EDGE('',*,*,#5675,.T.);
#5863=ORIENTED_EDGE('',*,*,#5488,.F.);
#5864=EDGE_LOOP('',(#5857,#5858,#5859,#5860,#5861,#5862,#5863));
#5865=FACE_OUTER_BOUND('',#5864,.F.);
#5867=CARTESIAN_POINT('',(5.1125E0,-4.E-1,-1.5E-1));
#5868=DIRECTION('',(0.E0,-9.486832980505E-1,3.162277660168E-1));
#5869=DIRECTION('',(0.E0,-3.162277660168E-1,-9.486832980505E-1));
#5870=AXIS2_PLACEMENT_3D('',#5867,#5868,#5869);
#5871=PLANE('',#5870);
#5872=ORIENTED_EDGE('',*,*,#5222,.T.);
#5873=ORIENTED_EDGE('',*,*,#5856,.F.);
#5874=ORIENTED_EDGE('',*,*,#5583,.T.);
#5875=ORIENTED_EDGE('',*,*,#3715,.T.);
#5876=EDGE_LOOP('',(#5872,#5873,#5874,#5875));
#5877=FACE_OUTER_BOUND('',#5876,.F.);
#5879=CARTESIAN_POINT('',(5.1125E0,-1.45E0,-8.5E-1));
#5880=DIRECTION('',(0.E0,-7.071067811865E-1,7.071067811865E-1));
#5881=DIRECTION('',(0.E0,-7.071067811865E-1,-7.071067811865E-1));
#5882=AXIS2_PLACEMENT_3D('',#5879,#5880,#5881);
#5883=PLANE('',#5882);
#5884=ORIENTED_EDGE('',*,*,#5216,.T.);
#5885=ORIENTED_EDGE('',*,*,#5693,.F.);
#5886=ORIENTED_EDGE('',*,*,#5510,.T.);
#5887=ORIENTED_EDGE('',*,*,#5839,.T.);
#5888=EDGE_LOOP('',(#5884,#5885,#5886,#5887));
#5889=FACE_OUTER_BOUND('',#5888,.F.);
#5891=CARTESIAN_POINT('',(4.9625E0,-1.05E0,-8.5E-1));
#5892=DIRECTION('',(0.E0,7.071067811865E-1,7.071067811865E-1));
#5893=DIRECTION('',(0.E0,-7.071067811865E-1,7.071067811865E-1));
#5894=AXIS2_PLACEMENT_3D('',#5891,#5892,#5893);
#5895=PLANE('',#5894);
#5896=ORIENTED_EDGE('',*,*,#5755,.T.);
#5898=ORIENTED_EDGE('',*,*,#5897,.T.);
#5899=ORIENTED_EDGE('',*,*,#5842,.F.);
#5900=ORIENTED_EDGE('',*,*,#5506,.T.);
#5901=EDGE_LOOP('',(#5896,#5898,#5899,#5900));
#5902=FACE_OUTER_BOUND('',#5901,.F.);
#5904=CARTESIAN_POINT('',(5.2E0,-9.E-1,-8.5E-1));
#5905=DIRECTION('',(-7.071067811865E-1,0.E0,7.071067811865E-1));
#5906=DIRECTION('',(-7.071067811865E-1,0.E0,-7.071067811865E-1));
#5907=AXIS2_PLACEMENT_3D('',#5904,#5905,#5906);
#5908=PLANE('',#5907);
#5909=ORIENTED_EDGE('',*,*,#5844,.T.);
#5910=ORIENTED_EDGE('',*,*,#5897,.F.);
#5911=ORIENTED_EDGE('',*,*,#5780,.F.);
#5913=ORIENTED_EDGE('',*,*,#5912,.T.);
#5914=EDGE_LOOP('',(#5909,#5910,#5911,#5913));
#5915=FACE_OUTER_BOUND('',#5914,.F.);
#5917=CARTESIAN_POINT('',(5.1E0,-7.5E-1,-8.5E-1));
#5918=DIRECTION('',(0.E0,-7.071067811865E-1,7.071067811865E-1));
#5919=DIRECTION('',(0.E0,-7.071067811865E-1,-7.071067811865E-1));
#5920=AXIS2_PLACEMENT_3D('',#5917,#5918,#5919);
#5921=PLANE('',#5920);
#5922=ORIENTED_EDGE('',*,*,#5794,.F.);
#5923=ORIENTED_EDGE('',*,*,#5822,.T.);
#5924=ORIENTED_EDGE('',*,*,#5846,.T.);
#5925=ORIENTED_EDGE('',*,*,#5912,.F.);
#5926=EDGE_LOOP('',(#5922,#5923,#5924,#5925));
#5927=FACE_OUTER_BOUND('',#5926,.F.);
#5929=CARTESIAN_POINT('',(4.9125E0,-1.97E0,-2.2E0));
#5930=DIRECTION('',(0.E0,7.071067811866E-1,7.071067811865E-1));
#5931=DIRECTION('',(0.E0,7.071067811865E-1,-7.071067811866E-1));
#5932=AXIS2_PLACEMENT_3D('',#5929,#5930,#5931);
#5933=PLANE('',#5932);
#5935=ORIENTED_EDGE('',*,*,#5934,.F.);
#5937=ORIENTED_EDGE('',*,*,#5936,.T.);
#5938=ORIENTED_EDGE('',*,*,#5708,.T.);
#5939=ORIENTED_EDGE('',*,*,#5518,.T.);
#5940=EDGE_LOOP('',(#5935,#5937,#5938,#5939));
#5941=FACE_OUTER_BOUND('',#5940,.F.);
#5943=CARTESIAN_POINT('',(4.775E0,-1.92E0,0.E0));
#5944=DIRECTION('',(0.E0,-1.E0,0.E0));
#5945=DIRECTION('',(1.E0,0.E0,0.E0));
#5946=AXIS2_PLACEMENT_3D('',#5943,#5944,#5945);
#5947=PLANE('',#5946);
#5948=ORIENTED_EDGE('',*,*,#5934,.T.);
#5949=ORIENTED_EDGE('',*,*,#5516,.T.);
#5950=ORIENTED_EDGE('',*,*,#5613,.T.);
#5952=ORIENTED_EDGE('',*,*,#5951,.F.);
#5953=EDGE_LOOP('',(#5948,#5949,#5950,#5952));
#5954=FACE_OUTER_BOUND('',#5953,.F.);
#5956=CARTESIAN_POINT('',(5.05E0,-1.92E0,0.E0));
#5957=DIRECTION('',(1.E0,0.E0,0.E0));
#5958=DIRECTION('',(0.E0,1.E0,0.E0));
#5959=AXIS2_PLACEMENT_3D('',#5956,#5957,#5958);
#5960=PLANE('',#5959);
#5962=ORIENTED_EDGE('',*,*,#5961,.T.);
#5963=ORIENTED_EDGE('',*,*,#5951,.T.);
#5964=ORIENTED_EDGE('',*,*,#5611,.T.);
#5965=ORIENTED_EDGE('',*,*,#5689,.F.);
#5966=EDGE_LOOP('',(#5962,#5963,#5964,#5965));
#5967=FACE_OUTER_BOUND('',#5966,.F.);
#5969=CARTESIAN_POINT('',(5.1E0,-1.71E0,-2.2E0));
#5970=DIRECTION('',(-7.071067811865E-1,0.E0,7.071067811865E-1));
#5971=DIRECTION('',(-7.071067811865E-1,0.E0,-7.071067811865E-1));
#5972=AXIS2_PLACEMENT_3D('',#5969,#5970,#5971);
#5973=PLANE('',#5972);
#5974=ORIENTED_EDGE('',*,*,#5710,.T.);
#5975=ORIENTED_EDGE('',*,*,#5936,.F.);
#5976=ORIENTED_EDGE('',*,*,#5961,.F.);
#5977=ORIENTED_EDGE('',*,*,#5687,.T.);
#5978=EDGE_LOOP('',(#5974,#5975,#5976,#5977));
#5979=FACE_OUTER_BOUND('',#5978,.F.);
#5981=CARTESIAN_POINT('',(-5.45E0,-1.5E0,-8.E-1));
#5982=DIRECTION('',(0.E0,1.E0,0.E0));
#5983=DIRECTION('',(0.E0,0.E0,-1.E0));
#5984=AXIS2_PLACEMENT_3D('',#5981,#5982,#5983);
#5985=PLANE('',#5984);
#5987=ORIENTED_EDGE('',*,*,#5986,.F.);
#5989=ORIENTED_EDGE('',*,*,#5988,.F.);
#5991=ORIENTED_EDGE('',*,*,#5990,.F.);
#5993=ORIENTED_EDGE('',*,*,#5992,.F.);
#5995=ORIENTED_EDGE('',*,*,#5994,.F.);
#5997=ORIENTED_EDGE('',*,*,#5996,.F.);
#5998=ORIENTED_EDGE('',*,*,#5623,.T.);
#5999=EDGE_LOOP('',(#5987,#5989,#5991,#5993,#5995,#5997,#5998));
#6000=FACE_OUTER_BOUND('',#5999,.F.);
#6002=CARTESIAN_POINT('',(-5.05E0,-1.5E0,0.E0));
#6003=DIRECTION('',(-1.E0,0.E0,0.E0));
#6004=DIRECTION('',(0.E0,-1.E0,0.E0));
#6005=AXIS2_PLACEMENT_3D('',#6002,#6003,#6004);
#6006=PLANE('',#6005);
#6008=ORIENTED_EDGE('',*,*,#6007,.T.);
#6009=ORIENTED_EDGE('',*,*,#5986,.T.);
#6010=ORIENTED_EDGE('',*,*,#5629,.T.);
#6012=ORIENTED_EDGE('',*,*,#6011,.F.);
#6013=EDGE_LOOP('',(#6008,#6009,#6010,#6012));
#6014=FACE_OUTER_BOUND('',#6013,.F.);
#6016=CARTESIAN_POINT('',(-5.1E0,-1.71E0,-2.2E0));
#6017=DIRECTION('',(7.071067811865E-1,0.E0,7.071067811865E-1));
#6018=DIRECTION('',(7.071067811865E-1,0.E0,-7.071067811865E-1));
#6019=AXIS2_PLACEMENT_3D('',#6016,#6017,#6018);
#6020=PLANE('',#6019);
#6021=ORIENTED_EDGE('',*,*,#6007,.F.);
#6023=ORIENTED_EDGE('',*,*,#6022,.T.);
#6025=ORIENTED_EDGE('',*,*,#6024,.T.);
#6026=ORIENTED_EDGE('',*,*,#5988,.T.);
#6027=EDGE_LOOP('',(#6021,#6023,#6025,#6026));
#6028=FACE_OUTER_BOUND('',#6027,.F.);
#6030=CARTESIAN_POINT('',(-4.9125E0,-1.97E0,-2.2E0));
#6031=DIRECTION('',(0.E0,7.071067811865E-1,7.071067811865E-1));
#6032=DIRECTION('',(0.E0,7.071067811865E-1,-7.071067811865E-1));
#6033=AXIS2_PLACEMENT_3D('',#6030,#6031,#6032);
#6034=PLANE('',#6033);
#6036=ORIENTED_EDGE('',*,*,#6035,.T.);
#6037=ORIENTED_EDGE('',*,*,#6022,.F.);
#6039=ORIENTED_EDGE('',*,*,#6038,.F.);
#6041=ORIENTED_EDGE('',*,*,#6040,.T.);
#6042=EDGE_LOOP('',(#6036,#6037,#6039,#6041));
#6043=FACE_OUTER_BOUND('',#6042,.F.);
#6045=CARTESIAN_POINT('',(-5.45E0,-1.5E0,-2.15E0));
#6046=DIRECTION('',(0.E0,0.E0,-1.E0));
#6047=DIRECTION('',(0.E0,-1.E0,0.E0));
#6048=AXIS2_PLACEMENT_3D('',#6045,#6046,#6047);
#6049=PLANE('',#6048);
#6051=ORIENTED_EDGE('',*,*,#6050,.T.);
#6053=ORIENTED_EDGE('',*,*,#6052,.F.);
#6054=ORIENTED_EDGE('',*,*,#3809,.T.);
#6056=ORIENTED_EDGE('',*,*,#6055,.T.);
#6057=ORIENTED_EDGE('',*,*,#5990,.T.);
#6058=ORIENTED_EDGE('',*,*,#6024,.F.);
#6059=ORIENTED_EDGE('',*,*,#6035,.F.);
#6060=EDGE_LOOP('',(#6051,#6053,#6054,#6056,#6057,#6058,#6059));
#6061=FACE_OUTER_BOUND('',#6060,.F.);
#6063=CARTESIAN_POINT('',(-4.775E0,0.E0,0.E0));
#6064=DIRECTION('',(-1.E0,0.E0,0.E0));
#6065=DIRECTION('',(0.E0,-1.E0,0.E0));
#6066=AXIS2_PLACEMENT_3D('',#6063,#6064,#6065);
#6067=PLANE('',#6066);
#6069=ORIENTED_EDGE('',*,*,#6068,.T.);
#6071=ORIENTED_EDGE('',*,*,#6070,.T.);
#6072=ORIENTED_EDGE('',*,*,#6050,.F.);
#6073=ORIENTED_EDGE('',*,*,#6040,.F.);
#6075=ORIENTED_EDGE('',*,*,#6074,.T.);
#6076=ORIENTED_EDGE('',*,*,#5625,.T.);
#6077=ORIENTED_EDGE('',*,*,#5996,.T.);
#6079=ORIENTED_EDGE('',*,*,#6078,.F.);
#6081=ORIENTED_EDGE('',*,*,#6080,.F.);
#6083=ORIENTED_EDGE('',*,*,#6082,.F.);
#6085=ORIENTED_EDGE('',*,*,#6084,.T.);
#6086=EDGE_LOOP('',(#6069,#6071,#6072,#6073,#6075,#6076,#6077,#6079,#6081,#6083,
#6085));
#6087=FACE_OUTER_BOUND('',#6086,.F.);
#6089=CARTESIAN_POINT('',(-4.775E0,0.E0,0.E0));
#6090=DIRECTION('',(-1.E0,0.E0,0.E0));
#6091=DIRECTION('',(0.E0,-1.E0,0.E0));
#6092=AXIS2_PLACEMENT_3D('',#6089,#6090,#6091);
#6093=PLANE('',#6092);
#6095=ORIENTED_EDGE('',*,*,#6094,.T.);
#6097=ORIENTED_EDGE('',*,*,#6096,.T.);
#6098=ORIENTED_EDGE('',*,*,#5649,.T.);
#6100=ORIENTED_EDGE('',*,*,#6099,.F.);
#6101=EDGE_LOOP('',(#6095,#6097,#6098,#6100));
#6102=FACE_OUTER_BOUND('',#6101,.F.);
#6104=CARTESIAN_POINT('',(-4.775E0,0.E0,0.E0));
#6105=DIRECTION('',(-1.E0,0.E0,0.E0));
#6106=DIRECTION('',(0.E0,-1.E0,0.E0));
#6107=AXIS2_PLACEMENT_3D('',#6104,#6105,#6106);
#6108=PLANE('',#6107);
#6109=ORIENTED_EDGE('',*,*,#5370,.F.);
#6110=ORIENTED_EDGE('',*,*,#5292,.T.);
#6112=ORIENTED_EDGE('',*,*,#6111,.T.);
#6114=ORIENTED_EDGE('',*,*,#6113,.T.);
#6115=EDGE_LOOP('',(#6109,#6110,#6112,#6114));
#6116=FACE_OUTER_BOUND('',#6115,.F.);
#6118=CARTESIAN_POINT('',(-4.775E0,0.E0,0.E0));
#6119=DIRECTION('',(-1.E0,0.E0,0.E0));
#6120=DIRECTION('',(0.E0,-1.E0,0.E0));
#6121=AXIS2_PLACEMENT_3D('',#6118,#6119,#6120);
#6122=PLANE('',#6121);
#6123=ORIENTED_EDGE('',*,*,#5373,.F.);
#6125=ORIENTED_EDGE('',*,*,#6124,.F.);
#6127=ORIENTED_EDGE('',*,*,#6126,.T.);
#6129=ORIENTED_EDGE('',*,*,#6128,.F.);
#6130=EDGE_LOOP('',(#6123,#6125,#6127,#6129));
#6131=FACE_OUTER_BOUND('',#6130,.F.);
#6133=CARTESIAN_POINT('',(-4.775E0,0.E0,0.E0));
#6134=DIRECTION('',(-1.E0,0.E0,0.E0));
#6135=DIRECTION('',(0.E0,-1.E0,0.E0));
#6136=AXIS2_PLACEMENT_3D('',#6133,#6134,#6135);
#6137=PLANE('',#6136);
#6139=ORIENTED_EDGE('',*,*,#6138,.T.);
#6141=ORIENTED_EDGE('',*,*,#6140,.T.);
#6143=ORIENTED_EDGE('',*,*,#6142,.F.);
#6145=ORIENTED_EDGE('',*,*,#6144,.T.);
#6147=ORIENTED_EDGE('',*,*,#6146,.F.);
#6148=ORIENTED_EDGE('',*,*,#5284,.T.);
#6149=EDGE_LOOP('',(#6139,#6141,#6143,#6145,#6147,#6148));
#6150=FACE_OUTER_BOUND('',#6149,.F.);
#6152=CARTESIAN_POINT('',(-4.725E0,-1.575E0,-1.5E-1));
#6153=DIRECTION('',(-9.486832980505E-1,0.E0,3.162277660168E-1));
#6154=DIRECTION('',(-3.162277660168E-1,0.E0,-9.486832980505E-1));
#6155=AXIS2_PLACEMENT_3D('',#6152,#6153,#6154);
#6156=PLANE('',#6155);
#6158=ORIENTED_EDGE('',*,*,#6157,.T.);
#6159=ORIENTED_EDGE('',*,*,#6068,.F.);
#6161=ORIENTED_EDGE('',*,*,#6160,.T.);
#6162=ORIENTED_EDGE('',*,*,#3701,.T.);
#6163=EDGE_LOOP('',(#6158,#6159,#6161,#6162));
#6164=FACE_OUTER_BOUND('',#6163,.F.);
#6166=CARTESIAN_POINT('',(-4.65E0,-2.275E0,-1.075E0));
#6167=DIRECTION('',(-7.071067811865E-1,-7.071067811865E-1,0.E0));
#6168=DIRECTION('',(-7.071067811865E-1,7.071067811865E-1,0.E0));
#6169=AXIS2_PLACEMENT_3D('',#6166,#6167,#6168);
#6170=PLANE('',#6169);
#6171=ORIENTED_EDGE('',*,*,#6157,.F.);
#6172=ORIENTED_EDGE('',*,*,#3699,.T.);
#6173=ORIENTED_EDGE('',*,*,#3811,.T.);
#6174=ORIENTED_EDGE('',*,*,#6052,.T.);
#6175=ORIENTED_EDGE('',*,*,#6070,.F.);
#6176=EDGE_LOOP('',(#6171,#6172,#6173,#6174,#6175));
#6177=FACE_OUTER_BOUND('',#6176,.F.);
#6179=CARTESIAN_POINT('',(-5.05E0,-1.E0,0.E0));
#6180=DIRECTION('',(0.E0,-1.E0,0.E0));
#6181=DIRECTION('',(1.E0,0.E0,0.E0));
#6182=AXIS2_PLACEMENT_3D('',#6179,#6180,#6181);
#6183=PLANE('',#6182);
#6184=ORIENTED_EDGE('',*,*,#6160,.F.);
#6185=ORIENTED_EDGE('',*,*,#6084,.F.);
#6187=ORIENTED_EDGE('',*,*,#6186,.F.);
#6189=ORIENTED_EDGE('',*,*,#6188,.T.);
#6190=ORIENTED_EDGE('',*,*,#5639,.F.);
#6192=ORIENTED_EDGE('',*,*,#6191,.F.);
#6193=EDGE_LOOP('',(#6184,#6185,#6187,#6189,#6190,#6192));
#6194=FACE_OUTER_BOUND('',#6193,.F.);
#6196=CARTESIAN_POINT('',(-4.9625E0,-1.05E0,-8.5E-1));
#6197=DIRECTION('',(0.E0,7.071067811865E-1,7.071067811865E-1));
#6198=DIRECTION('',(0.E0,-7.071067811865E-1,7.071067811865E-1));
#6199=AXIS2_PLACEMENT_3D('',#6196,#6197,#6198);
#6200=PLANE('',#6199);
#6202=ORIENTED_EDGE('',*,*,#6201,.F.);
#6204=ORIENTED_EDGE('',*,*,#6203,.F.);
#6205=ORIENTED_EDGE('',*,*,#6186,.T.);
#6206=ORIENTED_EDGE('',*,*,#6082,.T.);
#6207=EDGE_LOOP('',(#6202,#6204,#6205,#6206));
#6208=FACE_OUTER_BOUND('',#6207,.F.);
#6210=CARTESIAN_POINT('',(-5.45E0,-4.5E-1,-8.E-1));
#6211=DIRECTION('',(0.E0,0.E0,-1.E0));
#6212=DIRECTION('',(0.E0,-1.E0,0.E0));
#6213=AXIS2_PLACEMENT_3D('',#6210,#6211,#6212);
#6214=PLANE('',#6213);
#6216=ORIENTED_EDGE('',*,*,#6215,.F.);
#6217=ORIENTED_EDGE('',*,*,#6201,.T.);
#6218=ORIENTED_EDGE('',*,*,#6080,.T.);
#6220=ORIENTED_EDGE('',*,*,#6219,.T.);
#6222=ORIENTED_EDGE('',*,*,#6221,.F.);
#6224=ORIENTED_EDGE('',*,*,#6223,.T.);
#6226=ORIENTED_EDGE('',*,*,#6225,.F.);
#6228=ORIENTED_EDGE('',*,*,#6227,.F.);
#6229=EDGE_LOOP('',(#6216,#6217,#6218,#6220,#6222,#6224,#6226,#6228));
#6230=FACE_OUTER_BOUND('',#6229,.F.);
#6232=CARTESIAN_POINT('',(-5.2E0,-9.E-1,-8.5E-1));
#6233=DIRECTION('',(7.071067811865E-1,0.E0,7.071067811865E-1));
#6234=DIRECTION('',(7.071067811865E-1,0.E0,-7.071067811865E-1));
#6235=AXIS2_PLACEMENT_3D('',#6232,#6233,#6234);
#6236=PLANE('',#6235);
#6238=ORIENTED_EDGE('',*,*,#6237,.F.);
#6239=ORIENTED_EDGE('',*,*,#6203,.T.);
#6240=ORIENTED_EDGE('',*,*,#6215,.T.);
#6242=ORIENTED_EDGE('',*,*,#6241,.F.);
#6243=EDGE_LOOP('',(#6238,#6239,#6240,#6242));
#6244=FACE_OUTER_BOUND('',#6243,.F.);
#6246=CARTESIAN_POINT('',(-5.15E0,-8.E-1,-8.E-1));
#6247=DIRECTION('',(-1.E0,0.E0,0.E0));
#6248=DIRECTION('',(0.E0,-1.E0,0.E0));
#6249=AXIS2_PLACEMENT_3D('',#6246,#6247,#6248);
#6250=PLANE('',#6249);
#6251=ORIENTED_EDGE('',*,*,#6237,.T.);
#6253=ORIENTED_EDGE('',*,*,#6252,.T.);
#6254=ORIENTED_EDGE('',*,*,#5641,.T.);
#6255=ORIENTED_EDGE('',*,*,#6188,.F.);
#6256=EDGE_LOOP('',(#6251,#6253,#6254,#6255));
#6257=FACE_OUTER_BOUND('',#6256,.F.);
#6259=CARTESIAN_POINT('',(-5.05E0,-8.E-1,-8.E-1));
#6260=DIRECTION('',(0.E0,1.E0,0.E0));
#6261=DIRECTION('',(-1.E0,0.E0,0.E0));
#6262=AXIS2_PLACEMENT_3D('',#6259,#6260,#6261);
#6263=PLANE('',#6262);
#6265=ORIENTED_EDGE('',*,*,#6264,.T.);
#6267=ORIENTED_EDGE('',*,*,#6266,.F.);
#6268=ORIENTED_EDGE('',*,*,#5643,.T.);
#6269=ORIENTED_EDGE('',*,*,#6252,.F.);
#6270=EDGE_LOOP('',(#6265,#6267,#6268,#6269));
#6271=FACE_OUTER_BOUND('',#6270,.F.);
#6273=CARTESIAN_POINT('',(-5.1E0,-7.5E-1,-8.5E-1));
#6274=DIRECTION('',(0.E0,-7.071067811865E-1,7.071067811865E-1));
#6275=DIRECTION('',(0.E0,-7.071067811865E-1,-7.071067811865E-1));
#6276=AXIS2_PLACEMENT_3D('',#6273,#6274,#6275);
#6277=PLANE('',#6276);
#6278=ORIENTED_EDGE('',*,*,#6227,.T.);
#6280=ORIENTED_EDGE('',*,*,#6279,.F.);
#6281=ORIENTED_EDGE('',*,*,#6264,.F.);
#6282=ORIENTED_EDGE('',*,*,#6241,.T.);
#6283=EDGE_LOOP('',(#6278,#6280,#6281,#6282));
#6284=FACE_OUTER_BOUND('',#6283,.F.);
#6286=CARTESIAN_POINT('',(-5.1E0,-6.25E-1,-8.5E-1));
#6287=DIRECTION('',(7.071067811865E-1,0.E0,7.071067811865E-1));
#6288=DIRECTION('',(7.071067811865E-1,0.E0,-7.071067811865E-1));
#6289=AXIS2_PLACEMENT_3D('',#6286,#6287,#6288);
#6290=PLANE('',#6289);
#6292=ORIENTED_EDGE('',*,*,#6291,.F.);
#6293=ORIENTED_EDGE('',*,*,#6279,.T.);
#6294=ORIENTED_EDGE('',*,*,#6225,.T.);
#6296=ORIENTED_EDGE('',*,*,#6295,.T.);
#6297=EDGE_LOOP('',(#6292,#6293,#6294,#6296));
#6298=FACE_OUTER_BOUND('',#6297,.F.);
#6300=CARTESIAN_POINT('',(-5.05E0,-4.5E-1,0.E0));
#6301=DIRECTION('',(-1.E0,0.E0,0.E0));
#6302=DIRECTION('',(0.E0,-1.E0,0.E0));
#6303=AXIS2_PLACEMENT_3D('',#6300,#6301,#6302);
#6304=PLANE('',#6303);
#6305=ORIENTED_EDGE('',*,*,#6266,.T.);
#6306=ORIENTED_EDGE('',*,*,#6291,.T.);
#6308=ORIENTED_EDGE('',*,*,#6307,.T.);
#6309=ORIENTED_EDGE('',*,*,#5645,.T.);
#6310=EDGE_LOOP('',(#6305,#6306,#6308,#6309));
#6311=FACE_OUTER_BOUND('',#6310,.F.);
#6313=CARTESIAN_POINT('',(-5.45E0,-4.5E-1,0.E0));
#6314=DIRECTION('',(0.E0,1.E0,0.E0));
#6315=DIRECTION('',(0.E0,0.E0,-1.E0));
#6316=AXIS2_PLACEMENT_3D('',#6313,#6314,#6315);
#6317=PLANE('',#6316);
#6319=ORIENTED_EDGE('',*,*,#6318,.T.);
#6320=ORIENTED_EDGE('',*,*,#6099,.T.);
#6321=ORIENTED_EDGE('',*,*,#5647,.T.);
#6322=ORIENTED_EDGE('',*,*,#6307,.F.);
#6323=ORIENTED_EDGE('',*,*,#6295,.F.);
#6324=ORIENTED_EDGE('',*,*,#6223,.F.);
#6326=ORIENTED_EDGE('',*,*,#6325,.F.);
#6327=EDGE_LOOP('',(#6319,#6320,#6321,#6322,#6323,#6324,#6326));
#6328=FACE_OUTER_BOUND('',#6327,.F.);
#6330=CARTESIAN_POINT('',(-5.1125E0,-4.E-1,-1.5E-1));
#6331=DIRECTION('',(0.E0,-9.486832980505E-1,3.162277660168E-1));
#6332=DIRECTION('',(0.E0,-3.162277660168E-1,-9.486832980505E-1));
#6333=AXIS2_PLACEMENT_3D('',#6330,#6331,#6332);
#6334=PLANE('',#6333);
#6336=ORIENTED_EDGE('',*,*,#6335,.T.);
#6337=ORIENTED_EDGE('',*,*,#3707,.T.);
#6339=ORIENTED_EDGE('',*,*,#6338,.F.);
#6340=ORIENTED_EDGE('',*,*,#6318,.F.);
#6341=EDGE_LOOP('',(#6336,#6337,#6339,#6340));
#6342=FACE_OUTER_BOUND('',#6341,.F.);
#6344=CARTESIAN_POINT('',(-5.45E0,2.4E0,0.E0));
#6345=DIRECTION('',(-1.E0,0.E0,0.E0));
#6346=DIRECTION('',(0.E0,-1.E0,0.E0));
#6347=AXIS2_PLACEMENT_3D('',#6344,#6345,#6346);
#6348=PLANE('',#6347);
#6350=ORIENTED_EDGE('',*,*,#6349,.F.);
#6351=ORIENTED_EDGE('',*,*,#5264,.F.);
#6352=ORIENTED_EDGE('',*,*,#3709,.T.);
#6353=ORIENTED_EDGE('',*,*,#6335,.F.);
#6354=ORIENTED_EDGE('',*,*,#6325,.T.);
#6355=ORIENTED_EDGE('',*,*,#6221,.T.);
#6357=ORIENTED_EDGE('',*,*,#6356,.F.);
#6358=ORIENTED_EDGE('',*,*,#5992,.T.);
#6359=ORIENTED_EDGE('',*,*,#6055,.F.);
#6360=ORIENTED_EDGE('',*,*,#3807,.T.);
#6362=ORIENTED_EDGE('',*,*,#6361,.T.);
#6364=ORIENTED_EDGE('',*,*,#6363,.T.);
#6366=ORIENTED_EDGE('',*,*,#6365,.T.);
#6368=ORIENTED_EDGE('',*,*,#6367,.F.);
#6369=ORIENTED_EDGE('',*,*,#3907,.F.);
#6371=ORIENTED_EDGE('',*,*,#6370,.T.);
#6373=ORIENTED_EDGE('',*,*,#6372,.T.);
#6375=ORIENTED_EDGE('',*,*,#6374,.F.);
#6377=ORIENTED_EDGE('',*,*,#6376,.T.);
#6379=ORIENTED_EDGE('',*,*,#6378,.F.);
#6380=EDGE_LOOP('',(#6350,#6351,#6352,#6353,#6354,#6355,#6357,#6358,#6359,#6360,
#6362,#6364,#6366,#6368,#6369,#6371,#6373,#6375,#6377,#6379));
#6381=FACE_OUTER_BOUND('',#6380,.F.);
#6383=CARTESIAN_POINT('',(-5.1125E0,2.25E0,-3.8E0));
#6384=DIRECTION('',(0.E0,3.162277660168E-1,-9.486832980505E-1));
#6385=DIRECTION('',(0.E0,-9.486832980505E-1,-3.162277660168E-1));
#6386=AXIS2_PLACEMENT_3D('',#6383,#6384,#6385);
#6387=PLANE('',#6386);
#6388=ORIENTED_EDGE('',*,*,#6349,.T.);
#6390=ORIENTED_EDGE('',*,*,#6389,.F.);
#6392=ORIENTED_EDGE('',*,*,#6391,.T.);
#6393=ORIENTED_EDGE('',*,*,#5266,.T.);
#6394=EDGE_LOOP('',(#6388,#6390,#6392,#6393));
#6395=FACE_OUTER_BOUND('',#6394,.F.);
#6397=CARTESIAN_POINT('',(-5.45E0,7.5E-1,-3.85E0));
#6398=DIRECTION('',(0.E0,0.E0,1.E0));
#6399=DIRECTION('',(0.E0,1.E0,0.E0));
#6400=AXIS2_PLACEMENT_3D('',#6397,#6398,#6399);
#6401=PLANE('',#6400);
#6403=ORIENTED_EDGE('',*,*,#6402,.F.);
#6405=ORIENTED_EDGE('',*,*,#6404,.T.);
#6406=ORIENTED_EDGE('',*,*,#5375,.F.);
#6407=ORIENTED_EDGE('',*,*,#6128,.T.);
#6408=ORIENTED_EDGE('',*,*,#6389,.T.);
#6409=ORIENTED_EDGE('',*,*,#6378,.T.);
#6411=ORIENTED_EDGE('',*,*,#6410,.T.);
#6413=ORIENTED_EDGE('',*,*,#6412,.F.);
#6415=ORIENTED_EDGE('',*,*,#6414,.F.);
#6416=EDGE_LOOP('',(#6403,#6405,#6406,#6407,#6408,#6409,#6411,#6413,#6415));
#6417=FACE_OUTER_BOUND('',#6416,.F.);
#6419=CARTESIAN_POINT('',(5.45E0,-2.5E-1,-3.85E0));
#6420=DIRECTION('',(0.E0,-1.E0,0.E0));
#6421=DIRECTION('',(0.E0,0.E0,-1.E0));
#6422=AXIS2_PLACEMENT_3D('',#6419,#6420,#6421);
#6423=PLANE('',#6422);
#6425=ORIENTED_EDGE('',*,*,#6424,.F.);
#6427=ORIENTED_EDGE('',*,*,#6426,.T.);
#6429=ORIENTED_EDGE('',*,*,#6428,.T.);
#6431=ORIENTED_EDGE('',*,*,#6430,.F.);
#6433=ORIENTED_EDGE('',*,*,#6432,.F.);
#6435=ORIENTED_EDGE('',*,*,#6434,.T.);
#6436=EDGE_LOOP('',(#6425,#6427,#6429,#6431,#6433,#6435));
#6437=FACE_OUTER_BOUND('',#6436,.F.);
#6439=CARTESIAN_POINT('',(5.45E0,-2.5E-1,-3.85E0));
#6440=DIRECTION('',(0.E0,-1.E0,0.E0));
#6441=DIRECTION('',(0.E0,0.E0,-1.E0));
#6442=AXIS2_PLACEMENT_3D('',#6439,#6440,#6441);
#6443=PLANE('',#6442);
#6444=ORIENTED_EDGE('',*,*,#6402,.T.);
#6446=ORIENTED_EDGE('',*,*,#6445,.T.);
#6448=ORIENTED_EDGE('',*,*,#6447,.F.);
#6450=ORIENTED_EDGE('',*,*,#6449,.F.);
#6452=ORIENTED_EDGE('',*,*,#6451,.T.);
#6454=ORIENTED_EDGE('',*,*,#6453,.F.);
#6455=EDGE_LOOP('',(#6444,#6446,#6448,#6450,#6452,#6454));
#6456=FACE_OUTER_BOUND('',#6455,.F.);
#6458=CARTESIAN_POINT('',(5.45E0,2.4E0,-3.85E0));
#6459=DIRECTION('',(0.E0,0.E0,1.E0));
#6460=DIRECTION('',(0.E0,-1.E0,0.E0));
#6461=AXIS2_PLACEMENT_3D('',#6458,#6459,#6460);
#6462=PLANE('',#6461);
#6463=ORIENTED_EDGE('',*,*,#6424,.T.);
#6465=ORIENTED_EDGE('',*,*,#6464,.T.);
#6467=ORIENTED_EDGE('',*,*,#6466,.F.);
#6469=ORIENTED_EDGE('',*,*,#6468,.F.);
#6470=ORIENTED_EDGE('',*,*,#5193,.F.);
#6471=ORIENTED_EDGE('',*,*,#5240,.T.);
#6472=ORIENTED_EDGE('',*,*,#5547,.T.);
#6473=ORIENTED_EDGE('',*,*,#5341,.T.);
#6475=ORIENTED_EDGE('',*,*,#6474,.F.);
#6476=EDGE_LOOP('',(#6463,#6465,#6467,#6469,#6470,#6471,#6472,#6473,#6475));
#6477=FACE_OUTER_BOUND('',#6476,.F.);
#6479=CARTESIAN_POINT('',(5.05E0,-1.1E0,-4.4E0));
#6480=DIRECTION('',(1.E0,0.E0,0.E0));
#6481=DIRECTION('',(0.E0,0.E0,1.E0));
#6482=AXIS2_PLACEMENT_3D('',#6479,#6480,#6481);
#6483=PLANE('',#6482);
#6484=ORIENTED_EDGE('',*,*,#6434,.F.);
#6486=ORIENTED_EDGE('',*,*,#6485,.F.);
#6488=ORIENTED_EDGE('',*,*,#6487,.T.);
#6489=ORIENTED_EDGE('',*,*,#6464,.F.);
#6490=EDGE_LOOP('',(#6484,#6486,#6488,#6489));
#6491=FACE_OUTER_BOUND('',#6490,.F.);
#6493=CARTESIAN_POINT('',(5.05E0,2.4E0,-4.2E0));
#6494=DIRECTION('',(0.E0,0.E0,1.E0));
#6495=DIRECTION('',(1.E0,0.E0,0.E0));
#6496=AXIS2_PLACEMENT_3D('',#6493,#6494,#6495);
#6497=PLANE('',#6496);
#6498=ORIENTED_EDGE('',*,*,#6432,.T.);
#6500=ORIENTED_EDGE('',*,*,#6499,.F.);
#6502=ORIENTED_EDGE('',*,*,#6501,.T.);
#6503=ORIENTED_EDGE('',*,*,#6485,.T.);
#6504=EDGE_LOOP('',(#6498,#6500,#6502,#6503));
#6505=FACE_OUTER_BOUND('',#6504,.F.);
#6507=CARTESIAN_POINT('',(5.15E0,2.4E0,-4.2E0));
#6508=DIRECTION('',(1.E0,0.E0,0.E0));
#6509=DIRECTION('',(0.E0,0.E0,-1.E0));
#6510=AXIS2_PLACEMENT_3D('',#6507,#6508,#6509);
#6511=PLANE('',#6510);
#6512=ORIENTED_EDGE('',*,*,#6430,.T.);
#6514=ORIENTED_EDGE('',*,*,#6513,.F.);
#6516=ORIENTED_EDGE('',*,*,#6515,.T.);
#6517=ORIENTED_EDGE('',*,*,#6499,.T.);
#6518=EDGE_LOOP('',(#6512,#6514,#6516,#6517));
#6519=FACE_OUTER_BOUND('',#6518,.F.);
#6521=CARTESIAN_POINT('',(4.775E0,-1.1E0,-4.4E0));
#6522=DIRECTION('',(0.E0,0.E0,-1.E0));
#6523=DIRECTION('',(1.E0,0.E0,0.E0));
#6524=AXIS2_PLACEMENT_3D('',#6521,#6522,#6523);
#6525=PLANE('',#6524);
#6526=ORIENTED_EDGE('',*,*,#6513,.T.);
#6527=ORIENTED_EDGE('',*,*,#6428,.F.);
#6529=ORIENTED_EDGE('',*,*,#6528,.T.);
#6531=ORIENTED_EDGE('',*,*,#6530,.F.);
#6532=EDGE_LOOP('',(#6526,#6527,#6529,#6531));
#6533=FACE_OUTER_BOUND('',#6532,.F.);
#6535=CARTESIAN_POINT('',(4.775E0,-1.1E0,-4.4E0));
#6536=DIRECTION('',(0.E0,0.E0,-1.E0));
#6537=DIRECTION('',(1.E0,0.E0,0.E0));
#6538=AXIS2_PLACEMENT_3D('',#6535,#6536,#6537);
#6539=PLANE('',#6538);
#6541=ORIENTED_EDGE('',*,*,#6540,.F.);
#6543=ORIENTED_EDGE('',*,*,#6542,.F.);
#6545=ORIENTED_EDGE('',*,*,#6544,.T.);
#6546=ORIENTED_EDGE('',*,*,#5533,.F.);
#6547=ORIENTED_EDGE('',*,*,#5454,.T.);
#6548=EDGE_LOOP('',(#6541,#6543,#6545,#6546,#6547));
#6549=FACE_OUTER_BOUND('',#6548,.F.);
#6551=CARTESIAN_POINT('',(5.025E0,1.55E0,-3.85E0));
#6552=DIRECTION('',(1.E0,0.E0,0.E0));
#6553=DIRECTION('',(0.E0,0.E0,-1.E0));
#6554=AXIS2_PLACEMENT_3D('',#6551,#6552,#6553);
#6555=PLANE('',#6554);
#6556=ORIENTED_EDGE('',*,*,#6426,.F.);
#6557=ORIENTED_EDGE('',*,*,#6474,.T.);
#6558=ORIENTED_EDGE('',*,*,#5339,.T.);
#6560=ORIENTED_EDGE('',*,*,#6559,.T.);
#6562=ORIENTED_EDGE('',*,*,#6561,.F.);
#6564=ORIENTED_EDGE('',*,*,#6563,.F.);
#6566=ORIENTED_EDGE('',*,*,#6565,.T.);
#6568=ORIENTED_EDGE('',*,*,#6567,.F.);
#6570=ORIENTED_EDGE('',*,*,#6569,.F.);
#6571=ORIENTED_EDGE('',*,*,#6528,.F.);
#6572=EDGE_LOOP('',(#6556,#6557,#6558,#6560,#6562,#6564,#6566,#6568,#6570,
#6571));
#6573=FACE_OUTER_BOUND('',#6572,.F.);
#6575=CARTESIAN_POINT('',(5.125E0,1.55E0,-5.55E0));
#6576=DIRECTION('',(0.E0,1.E0,0.E0));
#6577=DIRECTION('',(-1.E0,0.E0,0.E0));
#6578=AXIS2_PLACEMENT_3D('',#6575,#6576,#6577);
#6579=CYLINDRICAL_SURFACE('',#6578,1.E-1);
#6580=ORIENTED_EDGE('',*,*,#5337,.T.);
#6582=ORIENTED_EDGE('',*,*,#6581,.T.);
#6584=ORIENTED_EDGE('',*,*,#6583,.F.);
#6585=ORIENTED_EDGE('',*,*,#6559,.F.);
#6586=EDGE_LOOP('',(#6580,#6582,#6584,#6585));
#6587=FACE_OUTER_BOUND('',#6586,.F.);
#6589=CARTESIAN_POINT('',(5.125E0,1.55E0,-5.65E0));
#6590=DIRECTION('',(0.E0,0.E0,1.E0));
#6591=DIRECTION('',(1.E0,0.E0,0.E0));
#6592=AXIS2_PLACEMENT_3D('',#6589,#6590,#6591);
#6593=PLANE('',#6592);
#6594=ORIENTED_EDGE('',*,*,#5395,.F.);
#6596=ORIENTED_EDGE('',*,*,#6595,.T.);
#6598=ORIENTED_EDGE('',*,*,#6597,.F.);
#6600=ORIENTED_EDGE('',*,*,#6599,.F.);
#6601=ORIENTED_EDGE('',*,*,#6581,.F.);
#6602=ORIENTED_EDGE('',*,*,#5335,.T.);
#6603=EDGE_LOOP('',(#6594,#6596,#6598,#6600,#6601,#6602));
#6604=FACE_OUTER_BOUND('',#6603,.F.);
#6606=CARTESIAN_POINT('',(5.625E0,1.55E0,-5.65E0));
#6607=DIRECTION('',(1.E0,0.E0,0.E0));
#6608=DIRECTION('',(0.E0,0.E0,-1.E0));
#6609=AXIS2_PLACEMENT_3D('',#6606,#6607,#6608);
#6610=PLANE('',#6609);
#6611=ORIENTED_EDGE('',*,*,#5393,.T.);
#6612=ORIENTED_EDGE('',*,*,#5414,.T.);
#6614=ORIENTED_EDGE('',*,*,#6613,.T.);
#6615=ORIENTED_EDGE('',*,*,#6595,.F.);
#6616=EDGE_LOOP('',(#6611,#6612,#6614,#6615));
#6617=FACE_OUTER_BOUND('',#6616,.F.);
#6619=CARTESIAN_POINT('',(5.325E0,-1.5E-1,-1.359124E1));
#6620=DIRECTION('',(0.E0,0.E0,1.E0));
#6621=DIRECTION('',(0.E0,-1.E0,0.E0));
#6622=AXIS2_PLACEMENT_3D('',#6619,#6620,#6621);
#6623=CYLINDRICAL_SURFACE('',#6622,3.E-1);
#6624=ORIENTED_EDGE('',*,*,#6597,.T.);
#6625=ORIENTED_EDGE('',*,*,#6613,.F.);
#6626=ORIENTED_EDGE('',*,*,#5412,.T.);
#6628=ORIENTED_EDGE('',*,*,#6627,.T.);
#6629=EDGE_LOOP('',(#6624,#6625,#6626,#6628));
#6630=FACE_OUTER_BOUND('',#6629,.F.);
#6632=CARTESIAN_POINT('',(0.E0,-4.5E-1,0.E0));
#6633=DIRECTION('',(0.E0,1.E0,0.E0));
#6634=DIRECTION('',(-1.E0,0.E0,0.E0));
#6635=AXIS2_PLACEMENT_3D('',#6632,#6633,#6634);
#6636=PLANE('',#6635);
#6637=ORIENTED_EDGE('',*,*,#6627,.F.);
#6638=ORIENTED_EDGE('',*,*,#5410,.T.);
#6639=ORIENTED_EDGE('',*,*,#5427,.T.);
#6640=ORIENTED_EDGE('',*,*,#5441,.T.);
#6641=ORIENTED_EDGE('',*,*,#5561,.T.);
#6643=ORIENTED_EDGE('',*,*,#6642,.T.);
#6644=ORIENTED_EDGE('',*,*,#6561,.T.);
#6645=ORIENTED_EDGE('',*,*,#6583,.T.);
#6646=ORIENTED_EDGE('',*,*,#6599,.T.);
#6647=EDGE_LOOP('',(#6637,#6638,#6639,#6640,#6641,#6643,#6644,#6645,#6646));
#6648=FACE_OUTER_BOUND('',#6647,.F.);
#6650=CARTESIAN_POINT('',(0.E0,-4.5E-1,0.E0));
#6651=DIRECTION('',(0.E0,1.E0,0.E0));
#6652=DIRECTION('',(-1.E0,0.E0,0.E0));
#6653=AXIS2_PLACEMENT_3D('',#6650,#6651,#6652);
#6654=PLANE('',#6653);
#6656=ORIENTED_EDGE('',*,*,#6655,.F.);
#6658=ORIENTED_EDGE('',*,*,#6657,.T.);
#6660=ORIENTED_EDGE('',*,*,#6659,.T.);
#6662=ORIENTED_EDGE('',*,*,#6661,.T.);
#6664=ORIENTED_EDGE('',*,*,#6663,.F.);
#6665=ORIENTED_EDGE('',*,*,#6138,.F.);
#6666=ORIENTED_EDGE('',*,*,#5306,.T.);
#6668=ORIENTED_EDGE('',*,*,#6667,.T.);
#6670=ORIENTED_EDGE('',*,*,#6669,.T.);
#6671=EDGE_LOOP('',(#6656,#6658,#6660,#6662,#6664,#6665,#6666,#6668,#6670));
#6672=FACE_OUTER_BOUND('',#6671,.F.);
#6674=CARTESIAN_POINT('',(5.45E0,7.5E-1,-4.9E0));
#6675=DIRECTION('',(0.E0,0.E0,1.E0));
#6676=DIRECTION('',(0.E0,-1.E0,0.E0));
#6677=AXIS2_PLACEMENT_3D('',#6674,#6675,#6676);
#6678=PLANE('',#6677);
#6679=ORIENTED_EDGE('',*,*,#6642,.F.);
#6680=ORIENTED_EDGE('',*,*,#5570,.T.);
#6682=ORIENTED_EDGE('',*,*,#6681,.F.);
#6684=ORIENTED_EDGE('',*,*,#6683,.T.);
#6686=ORIENTED_EDGE('',*,*,#6685,.F.);
#6688=ORIENTED_EDGE('',*,*,#6687,.F.);
#6689=ORIENTED_EDGE('',*,*,#5199,.F.);
#6691=ORIENTED_EDGE('',*,*,#6690,.F.);
#6692=ORIENTED_EDGE('',*,*,#6563,.T.);
#6693=EDGE_LOOP('',(#6679,#6680,#6682,#6684,#6686,#6688,#6689,#6691,#6692));
#6694=FACE_OUTER_BOUND('',#6693,.F.);
#6696=CARTESIAN_POINT('',(0.E0,-1.1E0,0.E0));
#6697=DIRECTION('',(0.E0,-1.E0,0.E0));
#6698=DIRECTION('',(0.E0,0.E0,1.E0));
#6699=AXIS2_PLACEMENT_3D('',#6696,#6697,#6698);
#6700=PLANE('',#6699);
#6702=ORIENTED_EDGE('',*,*,#6701,.T.);
#6704=ORIENTED_EDGE('',*,*,#6703,.T.);
#6706=ORIENTED_EDGE('',*,*,#6705,.T.);
#6707=ORIENTED_EDGE('',*,*,#6142,.T.);
#6708=EDGE_LOOP('',(#6702,#6704,#6706,#6707));
#6709=FACE_OUTER_BOUND('',#6708,.F.);
#6711=CARTESIAN_POINT('',(0.E0,-1.1E0,0.E0));
#6712=DIRECTION('',(0.E0,-1.E0,0.E0));
#6713=DIRECTION('',(0.E0,0.E0,1.E0));
#6714=AXIS2_PLACEMENT_3D('',#6711,#6712,#6713);
#6715=PLANE('',#6714);
#6716=ORIENTED_EDGE('',*,*,#5568,.T.);
#6718=ORIENTED_EDGE('',*,*,#6717,.T.);
#6720=ORIENTED_EDGE('',*,*,#6719,.T.);
#6721=ORIENTED_EDGE('',*,*,#6681,.T.);
#6722=EDGE_LOOP('',(#6716,#6718,#6720,#6721));
#6723=FACE_OUTER_BOUND('',#6722,.F.);
#6725=CARTESIAN_POINT('',(-5.45E0,-6.E-1,-4.9E0));
#6726=DIRECTION('',(0.E0,0.E0,1.E0));
#6727=DIRECTION('',(0.E0,1.E0,0.E0));
#6728=AXIS2_PLACEMENT_3D('',#6725,#6726,#6727);
#6729=PLANE('',#6728);
#6730=ORIENTED_EDGE('',*,*,#6663,.T.);
#6732=ORIENTED_EDGE('',*,*,#6731,.F.);
#6734=ORIENTED_EDGE('',*,*,#6733,.T.);
#6735=ORIENTED_EDGE('',*,*,#6372,.F.);
#6737=ORIENTED_EDGE('',*,*,#6736,.T.);
#6739=ORIENTED_EDGE('',*,*,#6738,.F.);
#6741=ORIENTED_EDGE('',*,*,#6740,.F.);
#6742=ORIENTED_EDGE('',*,*,#6701,.F.);
#6743=ORIENTED_EDGE('',*,*,#6140,.F.);
#6744=EDGE_LOOP('',(#6730,#6732,#6734,#6735,#6737,#6739,#6741,#6742,#6743));
#6745=FACE_OUTER_BOUND('',#6744,.F.);
#6747=CARTESIAN_POINT('',(-5.025E0,1.55E0,-5.55E0));
#6748=DIRECTION('',(-1.E0,0.E0,0.E0));
#6749=DIRECTION('',(0.E0,0.E0,1.E0));
#6750=AXIS2_PLACEMENT_3D('',#6747,#6748,#6749);
#6751=PLANE('',#6750);
#6752=ORIENTED_EDGE('',*,*,#6453,.T.);
#6754=ORIENTED_EDGE('',*,*,#6753,.T.);
#6756=ORIENTED_EDGE('',*,*,#6755,.T.);
#6758=ORIENTED_EDGE('',*,*,#6757,.F.);
#6760=ORIENTED_EDGE('',*,*,#6759,.T.);
#6761=ORIENTED_EDGE('',*,*,#6731,.T.);
#6762=ORIENTED_EDGE('',*,*,#6661,.F.);
#6764=ORIENTED_EDGE('',*,*,#6763,.F.);
#6765=ORIENTED_EDGE('',*,*,#5377,.T.);
#6766=ORIENTED_EDGE('',*,*,#6404,.F.);
#6767=EDGE_LOOP('',(#6752,#6754,#6756,#6758,#6760,#6761,#6762,#6764,#6765,
#6766));
#6768=FACE_OUTER_BOUND('',#6767,.F.);
#6770=CARTESIAN_POINT('',(-5.05E0,-1.1E0,-4.4E0));
#6771=DIRECTION('',(0.E0,0.E0,-1.E0));
#6772=DIRECTION('',(1.E0,0.E0,0.E0));
#6773=AXIS2_PLACEMENT_3D('',#6770,#6771,#6772);
#6774=PLANE('',#6773);
#6775=ORIENTED_EDGE('',*,*,#6451,.F.);
#6777=ORIENTED_EDGE('',*,*,#6776,.F.);
#6779=ORIENTED_EDGE('',*,*,#6778,.F.);
#6780=ORIENTED_EDGE('',*,*,#6753,.F.);
#6781=EDGE_LOOP('',(#6775,#6777,#6779,#6780));
#6782=FACE_OUTER_BOUND('',#6781,.F.);
#6784=CARTESIAN_POINT('',(-5.05E0,-1.1E0,-4.4E0));
#6785=DIRECTION('',(0.E0,0.E0,-1.E0));
#6786=DIRECTION('',(1.E0,0.E0,0.E0));
#6787=AXIS2_PLACEMENT_3D('',#6784,#6785,#6786);
#6788=PLANE('',#6787);
#6790=ORIENTED_EDGE('',*,*,#6789,.T.);
#6791=ORIENTED_EDGE('',*,*,#5323,.T.);
#6792=ORIENTED_EDGE('',*,*,#6113,.F.);
#6794=ORIENTED_EDGE('',*,*,#6793,.F.);
#6796=ORIENTED_EDGE('',*,*,#6795,.T.);
#6797=EDGE_LOOP('',(#6790,#6791,#6792,#6794,#6796));
#6798=FACE_OUTER_BOUND('',#6797,.F.);
#6800=CARTESIAN_POINT('',(-5.15E0,2.4E0,-4.4E0));
#6801=DIRECTION('',(-1.E0,0.E0,0.E0));
#6802=DIRECTION('',(0.E0,0.E0,1.E0));
#6803=AXIS2_PLACEMENT_3D('',#6800,#6801,#6802);
#6804=PLANE('',#6803);
#6805=ORIENTED_EDGE('',*,*,#6449,.T.);
#6807=ORIENTED_EDGE('',*,*,#6806,.F.);
#6809=ORIENTED_EDGE('',*,*,#6808,.T.);
#6810=ORIENTED_EDGE('',*,*,#6776,.T.);
#6811=EDGE_LOOP('',(#6805,#6807,#6809,#6810));
#6812=FACE_OUTER_BOUND('',#6811,.F.);
#6814=CARTESIAN_POINT('',(-5.15E0,2.4E0,-4.2E0));
#6815=DIRECTION('',(0.E0,0.E0,1.E0));
#6816=DIRECTION('',(1.E0,0.E0,0.E0));
#6817=AXIS2_PLACEMENT_3D('',#6814,#6815,#6816);
#6818=PLANE('',#6817);
#6819=ORIENTED_EDGE('',*,*,#6447,.T.);
#6821=ORIENTED_EDGE('',*,*,#6820,.F.);
#6823=ORIENTED_EDGE('',*,*,#6822,.T.);
#6824=ORIENTED_EDGE('',*,*,#6806,.T.);
#6825=EDGE_LOOP('',(#6819,#6821,#6823,#6824));
#6826=FACE_OUTER_BOUND('',#6825,.F.);
#6828=CARTESIAN_POINT('',(-5.05E0,-1.1E0,-3.85E0));
#6829=DIRECTION('',(-1.E0,0.E0,0.E0));
#6830=DIRECTION('',(0.E0,0.E0,-1.E0));
#6831=AXIS2_PLACEMENT_3D('',#6828,#6829,#6830);
#6832=PLANE('',#6831);
#6833=ORIENTED_EDGE('',*,*,#6445,.F.);
#6834=ORIENTED_EDGE('',*,*,#6414,.T.);
#6836=ORIENTED_EDGE('',*,*,#6835,.T.);
#6837=ORIENTED_EDGE('',*,*,#6820,.T.);
#6838=EDGE_LOOP('',(#6833,#6834,#6836,#6837));
#6839=FACE_OUTER_BOUND('',#6838,.F.);
#6841=CARTESIAN_POINT('',(-5.1E0,7.E-1,-4.025E0));
#6842=DIRECTION('',(7.071067811865E-1,7.071067811865E-1,0.E0));
#6843=DIRECTION('',(7.071067811865E-1,-7.071067811865E-1,0.E0));
#6844=AXIS2_PLACEMENT_3D('',#6841,#6842,#6843);
#6845=PLANE('',#6844);
#6847=ORIENTED_EDGE('',*,*,#6846,.T.);
#6849=ORIENTED_EDGE('',*,*,#6848,.F.);
#6850=ORIENTED_EDGE('',*,*,#6835,.F.);
#6851=ORIENTED_EDGE('',*,*,#6412,.T.);
#6852=EDGE_LOOP('',(#6847,#6849,#6850,#6851));
#6853=FACE_OUTER_BOUND('',#6852,.F.);
#6855=CARTESIAN_POINT('',(-5.45E0,7.5E-1,-4.9E0));
#6856=DIRECTION('',(0.E0,-1.E0,0.E0));
#6857=DIRECTION('',(0.E0,0.E0,1.E0));
#6858=AXIS2_PLACEMENT_3D('',#6855,#6856,#6857);
#6859=PLANE('',#6858);
#6860=ORIENTED_EDGE('',*,*,#6757,.T.);
#6862=ORIENTED_EDGE('',*,*,#6861,.T.);
#6864=ORIENTED_EDGE('',*,*,#6863,.F.);
#6866=ORIENTED_EDGE('',*,*,#6865,.F.);
#6867=ORIENTED_EDGE('',*,*,#6846,.F.);
#6868=ORIENTED_EDGE('',*,*,#6410,.F.);
#6869=ORIENTED_EDGE('',*,*,#6376,.F.);
#6871=ORIENTED_EDGE('',*,*,#6870,.F.);
#6872=EDGE_LOOP('',(#6860,#6862,#6864,#6866,#6867,#6868,#6869,#6871));
#6873=FACE_OUTER_BOUND('',#6872,.F.);
#6875=CARTESIAN_POINT('',(-4.9625E0,7.E-1,-4.45E0));
#6876=DIRECTION('',(0.E0,7.071067811865E-1,7.071067811865E-1));
#6877=DIRECTION('',(0.E0,7.071067811865E-1,-7.071067811865E-1));
#6878=AXIS2_PLACEMENT_3D('',#6875,#6876,#6877);
#6879=PLANE('',#6878);
#6880=ORIENTED_EDGE('',*,*,#6755,.F.);
#6881=ORIENTED_EDGE('',*,*,#6778,.T.);
#6883=ORIENTED_EDGE('',*,*,#6882,.T.);
#6884=ORIENTED_EDGE('',*,*,#6861,.F.);
#6885=EDGE_LOOP('',(#6880,#6881,#6883,#6884));
#6886=FACE_OUTER_BOUND('',#6885,.F.);
#6888=CARTESIAN_POINT('',(-5.2E0,7.E-1,-4.3E0));
#6889=DIRECTION('',(7.071067811865E-1,7.071067811865E-1,0.E0));
#6890=DIRECTION('',(7.071067811865E-1,-7.071067811865E-1,0.E0));
#6891=AXIS2_PLACEMENT_3D('',#6888,#6889,#6890);
#6892=PLANE('',#6891);
#6893=ORIENTED_EDGE('',*,*,#6863,.T.);
#6894=ORIENTED_EDGE('',*,*,#6882,.F.);
#6895=ORIENTED_EDGE('',*,*,#6808,.F.);
#6897=ORIENTED_EDGE('',*,*,#6896,.T.);
#6898=EDGE_LOOP('',(#6893,#6894,#6895,#6897));
#6899=FACE_OUTER_BOUND('',#6898,.F.);
#6901=CARTESIAN_POINT('',(-5.1E0,7.E-1,-4.15E0));
#6902=DIRECTION('',(0.E0,7.071067811865E-1,-7.071067811865E-1));
#6903=DIRECTION('',(0.E0,-7.071067811865E-1,-7.071067811865E-1));
#6904=AXIS2_PLACEMENT_3D('',#6901,#6902,#6903);
#6905=PLANE('',#6904);
#6906=ORIENTED_EDGE('',*,*,#6822,.F.);
#6907=ORIENTED_EDGE('',*,*,#6848,.T.);
#6908=ORIENTED_EDGE('',*,*,#6865,.T.);
#6909=ORIENTED_EDGE('',*,*,#6896,.F.);
#6910=EDGE_LOOP('',(#6906,#6907,#6908,#6909));
#6911=FACE_OUTER_BOUND('',#6910,.F.);
#6913=CARTESIAN_POINT('',(-5.1125E0,7.E-1,-4.85E0));
#6914=DIRECTION('',(0.E0,7.071067811865E-1,-7.071067811865E-1));
#6915=DIRECTION('',(0.E0,-7.071067811865E-1,-7.071067811865E-1));
#6916=AXIS2_PLACEMENT_3D('',#6913,#6914,#6915);
#6917=PLANE('',#6916);
#6918=ORIENTED_EDGE('',*,*,#6759,.F.);
#6919=ORIENTED_EDGE('',*,*,#6870,.T.);
#6920=ORIENTED_EDGE('',*,*,#6374,.T.);
#6921=ORIENTED_EDGE('',*,*,#6733,.F.);
#6922=EDGE_LOOP('',(#6918,#6919,#6920,#6921));
#6923=FACE_OUTER_BOUND('',#6922,.F.);
#6925=CARTESIAN_POINT('',(5.45E0,1.4E0,0.E0));
#6926=DIRECTION('',(0.E0,1.E0,0.E0));
#6927=DIRECTION('',(-1.E0,0.E0,0.E0));
#6928=AXIS2_PLACEMENT_3D('',#6925,#6926,#6927);
#6929=PLANE('',#6928);
#6930=ORIENTED_EDGE('',*,*,#6789,.F.);
#6932=ORIENTED_EDGE('',*,*,#6931,.F.);
#6934=ORIENTED_EDGE('',*,*,#6933,.F.);
#6935=ORIENTED_EDGE('',*,*,#5317,.T.);
#6936=EDGE_LOOP('',(#6930,#6932,#6934,#6935));
#6937=FACE_OUTER_BOUND('',#6936,.F.);
#6939=CARTESIAN_POINT('',(5.45E0,1.4E0,0.E0));
#6940=DIRECTION('',(0.E0,1.E0,0.E0));
#6941=DIRECTION('',(-1.E0,0.E0,0.E0));
#6942=AXIS2_PLACEMENT_3D('',#6939,#6940,#6941);
#6943=PLANE('',#6942);
#6944=ORIENTED_EDGE('',*,*,#6540,.T.);
#6945=ORIENTED_EDGE('',*,*,#5452,.F.);
#6947=ORIENTED_EDGE('',*,*,#6946,.F.);
#6949=ORIENTED_EDGE('',*,*,#6948,.F.);
#6950=EDGE_LOOP('',(#6944,#6945,#6947,#6949));
#6951=FACE_OUTER_BOUND('',#6950,.F.);
#6953=CARTESIAN_POINT('',(-4.675E0,2.4E0,-4.2E0));
#6954=DIRECTION('',(1.E0,0.E0,0.E0));
#6955=DIRECTION('',(0.E0,0.E0,-1.E0));
#6956=AXIS2_PLACEMENT_3D('',#6953,#6954,#6955);
#6957=PLANE('',#6956);
#6958=ORIENTED_EDGE('',*,*,#6931,.T.);
#6959=ORIENTED_EDGE('',*,*,#6795,.F.);
#6960=ORIENTED_EDGE('',*,*,#5270,.F.);
#6962=ORIENTED_EDGE('',*,*,#6961,.T.);
#6963=EDGE_LOOP('',(#6958,#6959,#6960,#6962));
#6964=FACE_OUTER_BOUND('',#6963,.F.);
#6966=CARTESIAN_POINT('',(-4.775E0,2.4E0,-4.2E0));
#6967=DIRECTION('',(0.E0,0.E0,1.E0));
#6968=DIRECTION('',(1.E0,0.E0,0.E0));
#6969=AXIS2_PLACEMENT_3D('',#6966,#6967,#6968);
#6970=PLANE('',#6969);
#6971=ORIENTED_EDGE('',*,*,#6933,.T.);
#6972=ORIENTED_EDGE('',*,*,#6961,.F.);
#6974=ORIENTED_EDGE('',*,*,#6973,.F.);
#6975=ORIENTED_EDGE('',*,*,#6124,.T.);
#6976=ORIENTED_EDGE('',*,*,#5319,.F.);
#6977=EDGE_LOOP('',(#6971,#6972,#6974,#6975,#6976));
#6978=FACE_OUTER_BOUND('',#6977,.F.);
#6980=CARTESIAN_POINT('',(-4.725E0,2.25E0,-4.025E0));
#6981=DIRECTION('',(-9.486832980505E-1,3.162277660168E-1,0.E0));
#6982=DIRECTION('',(-3.162277660168E-1,-9.486832980505E-1,0.E0));
#6983=AXIS2_PLACEMENT_3D('',#6980,#6981,#6982);
#6984=PLANE('',#6983);
#6985=ORIENTED_EDGE('',*,*,#6126,.F.);
#6986=ORIENTED_EDGE('',*,*,#6973,.T.);
#6987=ORIENTED_EDGE('',*,*,#5268,.T.);
#6988=ORIENTED_EDGE('',*,*,#6391,.F.);
#6989=EDGE_LOOP('',(#6985,#6986,#6987,#6988));
#6990=FACE_OUTER_BOUND('',#6989,.F.);
#6992=CARTESIAN_POINT('',(4.675E0,2.4E0,-4.2E0));
#6993=DIRECTION('',(0.E0,0.E0,1.E0));
#6994=DIRECTION('',(1.E0,0.E0,0.E0));
#6995=AXIS2_PLACEMENT_3D('',#6992,#6993,#6994);
#6996=PLANE('',#6995);
#6997=ORIENTED_EDGE('',*,*,#6946,.T.);
#6998=ORIENTED_EDGE('',*,*,#5457,.T.);
#6999=ORIENTED_EDGE('',*,*,#5551,.F.);
#7001=ORIENTED_EDGE('',*,*,#7000,.T.);
#7003=ORIENTED_EDGE('',*,*,#7002,.T.);
#7004=EDGE_LOOP('',(#6997,#6998,#6999,#7001,#7003));
#7005=FACE_OUTER_BOUND('',#7004,.F.);
#7007=CARTESIAN_POINT('',(4.725E0,2.25E0,-4.025E0));
#7008=DIRECTION('',(9.486832980505E-1,3.162277660168E-1,0.E0));
#7009=DIRECTION('',(3.162277660168E-1,-9.486832980505E-1,0.E0));
#7010=AXIS2_PLACEMENT_3D('',#7007,#7008,#7009);
#7011=PLANE('',#7010);
#7012=ORIENTED_EDGE('',*,*,#5549,.F.);
#7013=ORIENTED_EDGE('',*,*,#5238,.T.);
#7014=ORIENTED_EDGE('',*,*,#5259,.T.);
#7015=ORIENTED_EDGE('',*,*,#7000,.F.);
#7016=EDGE_LOOP('',(#7012,#7013,#7014,#7015));
#7017=FACE_OUTER_BOUND('',#7016,.F.);
#7019=CARTESIAN_POINT('',(4.675E0,2.4E0,-4.4E0));
#7020=DIRECTION('',(-1.E0,0.E0,0.E0));
#7021=DIRECTION('',(0.E0,0.E0,1.E0));
#7022=AXIS2_PLACEMENT_3D('',#7019,#7020,#7021);
#7023=PLANE('',#7022);
#7024=ORIENTED_EDGE('',*,*,#6948,.T.);
#7025=ORIENTED_EDGE('',*,*,#7002,.F.);
#7026=ORIENTED_EDGE('',*,*,#5257,.F.);
#7027=ORIENTED_EDGE('',*,*,#6542,.T.);
#7028=EDGE_LOOP('',(#7024,#7025,#7026,#7027));
#7029=FACE_OUTER_BOUND('',#7028,.F.);
#7031=CARTESIAN_POINT('',(-4.725E0,2.25E0,-5.1E0));
#7032=DIRECTION('',(-9.486832980505E-1,3.162277660168E-1,0.E0));
#7033=DIRECTION('',(-3.162277660168E-1,-9.486832980505E-1,0.E0));
#7034=AXIS2_PLACEMENT_3D('',#7031,#7032,#7033);
#7035=PLANE('',#7034);
#7036=ORIENTED_EDGE('',*,*,#5290,.F.);
#7037=ORIENTED_EDGE('',*,*,#5272,.T.);
#7038=ORIENTED_EDGE('',*,*,#6793,.T.);
#7039=ORIENTED_EDGE('',*,*,#6111,.F.);
#7040=EDGE_LOOP('',(#7036,#7037,#7038,#7039));
#7041=FACE_OUTER_BOUND('',#7040,.F.);
#7043=CARTESIAN_POINT('',(-5.125E0,1.55E0,-5.55E0));
#7044=DIRECTION('',(0.E0,1.E0,0.E0));
#7045=DIRECTION('',(-1.E0,0.E0,0.E0));
#7046=AXIS2_PLACEMENT_3D('',#7043,#7044,#7045);
#7047=CYLINDRICAL_SURFACE('',#7046,1.E-1);
#7048=ORIENTED_EDGE('',*,*,#5379,.T.);
#7049=ORIENTED_EDGE('',*,*,#6763,.T.);
#7050=ORIENTED_EDGE('',*,*,#6659,.F.);
#7052=ORIENTED_EDGE('',*,*,#7051,.F.);
#7053=EDGE_LOOP('',(#7048,#7049,#7050,#7052));
#7054=FACE_OUTER_BOUND('',#7053,.F.);
#7056=CARTESIAN_POINT('',(-5.625E0,1.55E0,-5.65E0));
#7057=DIRECTION('',(0.E0,0.E0,1.E0));
#7058=DIRECTION('',(1.E0,0.E0,0.E0));
#7059=AXIS2_PLACEMENT_3D('',#7056,#7057,#7058);
#7060=PLANE('',#7059);
#7062=ORIENTED_EDGE('',*,*,#7061,.F.);
#7063=ORIENTED_EDGE('',*,*,#5381,.T.);
#7064=ORIENTED_EDGE('',*,*,#7051,.T.);
#7065=ORIENTED_EDGE('',*,*,#6657,.F.);
#7067=ORIENTED_EDGE('',*,*,#7066,.F.);
#7069=ORIENTED_EDGE('',*,*,#7068,.F.);
#7070=EDGE_LOOP('',(#7062,#7063,#7064,#7065,#7067,#7069));
#7071=FACE_OUTER_BOUND('',#7070,.F.);
#7073=CARTESIAN_POINT('',(-5.325E0,1.25E0,-1.359124E1));
#7074=DIRECTION('',(0.E0,0.E0,1.E0));
#7075=DIRECTION('',(0.E0,1.E0,0.E0));
#7076=AXIS2_PLACEMENT_3D('',#7073,#7074,#7075);
#7077=CYLINDRICAL_SURFACE('',#7076,3.E-1);
#7078=ORIENTED_EDGE('',*,*,#7061,.T.);
#7080=ORIENTED_EDGE('',*,*,#7079,.F.);
#7082=ORIENTED_EDGE('',*,*,#7081,.T.);
#7083=ORIENTED_EDGE('',*,*,#5363,.T.);
#7084=EDGE_LOOP('',(#7078,#7080,#7082,#7083));
#7085=FACE_OUTER_BOUND('',#7084,.F.);
#7087=CARTESIAN_POINT('',(-5.625E0,1.55E0,-5.9E0));
#7088=DIRECTION('',(-1.E0,0.E0,0.E0));
#7089=DIRECTION('',(0.E0,0.E0,1.E0));
#7090=AXIS2_PLACEMENT_3D('',#7087,#7088,#7089);
#7091=PLANE('',#7090);
#7092=ORIENTED_EDGE('',*,*,#7079,.T.);
#7093=ORIENTED_EDGE('',*,*,#7068,.T.);
#7095=ORIENTED_EDGE('',*,*,#7094,.T.);
#7097=ORIENTED_EDGE('',*,*,#7096,.F.);
#7098=EDGE_LOOP('',(#7092,#7093,#7095,#7097));
#7099=FACE_OUTER_BOUND('',#7098,.F.);
#7101=CARTESIAN_POINT('',(-5.325E0,-1.5E-1,7.69124E0));
#7102=DIRECTION('',(0.E0,0.E0,-1.E0));
#7103=DIRECTION('',(0.E0,-1.E0,0.E0));
#7104=AXIS2_PLACEMENT_3D('',#7101,#7102,#7103);
#7105=CYLINDRICAL_SURFACE('',#7104,3.E-1);
#7107=ORIENTED_EDGE('',*,*,#7106,.T.);
#7108=ORIENTED_EDGE('',*,*,#7094,.F.);
#7109=ORIENTED_EDGE('',*,*,#7066,.T.);
#7110=ORIENTED_EDGE('',*,*,#6655,.T.);
#7111=EDGE_LOOP('',(#7107,#7108,#7109,#7110));
#7112=FACE_OUTER_BOUND('',#7111,.F.);
#7114=CARTESIAN_POINT('',(-5.125E0,1.55E0,-5.9E0));
#7115=DIRECTION('',(0.E0,0.E0,-1.E0));
#7116=DIRECTION('',(-1.E0,0.E0,0.E0));
#7117=AXIS2_PLACEMENT_3D('',#7114,#7115,#7116);
#7118=PLANE('',#7117);
#7119=ORIENTED_EDGE('',*,*,#7081,.F.);
#7120=ORIENTED_EDGE('',*,*,#7096,.T.);
#7121=ORIENTED_EDGE('',*,*,#7106,.F.);
#7122=ORIENTED_EDGE('',*,*,#6669,.F.);
#7124=ORIENTED_EDGE('',*,*,#7123,.F.);
#7125=ORIENTED_EDGE('',*,*,#5365,.T.);
#7126=EDGE_LOOP('',(#7119,#7120,#7121,#7122,#7124,#7125));
#7127=FACE_OUTER_BOUND('',#7126,.F.);
#7129=CARTESIAN_POINT('',(-5.125E0,1.55E0,-5.55E0));
#7130=DIRECTION('',(0.E0,1.E0,0.E0));
#7131=DIRECTION('',(-1.E0,0.E0,0.E0));
#7132=AXIS2_PLACEMENT_3D('',#7129,#7130,#7131);
#7133=CYLINDRICAL_SURFACE('',#7132,3.5E-1);
#7134=ORIENTED_EDGE('',*,*,#5367,.T.);
#7135=ORIENTED_EDGE('',*,*,#7123,.T.);
#7136=ORIENTED_EDGE('',*,*,#6667,.F.);
#7137=ORIENTED_EDGE('',*,*,#5304,.F.);
#7138=EDGE_LOOP('',(#7134,#7135,#7136,#7137));
#7139=FACE_OUTER_BOUND('',#7138,.F.);
#7141=CARTESIAN_POINT('',(-5.45E0,-6.E-1,-5.8E0));
#7142=DIRECTION('',(0.E0,-1.E0,0.E0));
#7143=DIRECTION('',(0.E0,0.E0,1.E0));
#7144=AXIS2_PLACEMENT_3D('',#7141,#7142,#7143);
#7145=PLANE('',#7144);
#7146=ORIENTED_EDGE('',*,*,#3905,.T.);
#7147=ORIENTED_EDGE('',*,*,#5286,.F.);
#7149=ORIENTED_EDGE('',*,*,#7148,.F.);
#7151=ORIENTED_EDGE('',*,*,#7150,.F.);
#7152=ORIENTED_EDGE('',*,*,#6736,.F.);
#7153=ORIENTED_EDGE('',*,*,#6370,.F.);
#7154=EDGE_LOOP('',(#7146,#7147,#7149,#7151,#7152,#7153));
#7155=FACE_OUTER_BOUND('',#7154,.F.);
#7157=CARTESIAN_POINT('',(-4.9125E0,-6.5E-1,-5.37E0));
#7158=DIRECTION('',(0.E0,7.071067811865E-1,7.071067811865E-1));
#7159=DIRECTION('',(0.E0,-7.071067811865E-1,7.071067811865E-1));
#7160=AXIS2_PLACEMENT_3D('',#7157,#7158,#7159);
#7161=PLANE('',#7160);
#7162=ORIENTED_EDGE('',*,*,#7148,.T.);
#7163=ORIENTED_EDGE('',*,*,#6146,.T.);
#7165=ORIENTED_EDGE('',*,*,#7164,.F.);
#7167=ORIENTED_EDGE('',*,*,#7166,.T.);
#7168=EDGE_LOOP('',(#7162,#7163,#7165,#7167));
#7169=FACE_OUTER_BOUND('',#7168,.F.);
#7171=CARTESIAN_POINT('',(-5.05E0,-1.1E0,-5.32E0));
#7172=DIRECTION('',(0.E0,0.E0,-1.E0));
#7173=DIRECTION('',(1.E0,0.E0,0.E0));
#7174=AXIS2_PLACEMENT_3D('',#7171,#7172,#7173);
#7175=PLANE('',#7174);
#7176=ORIENTED_EDGE('',*,*,#7164,.T.);
#7177=ORIENTED_EDGE('',*,*,#6144,.F.);
#7178=ORIENTED_EDGE('',*,*,#6705,.F.);
#7180=ORIENTED_EDGE('',*,*,#7179,.T.);
#7181=EDGE_LOOP('',(#7176,#7177,#7178,#7180));
#7182=FACE_OUTER_BOUND('',#7181,.F.);
#7184=CARTESIAN_POINT('',(-5.05E0,-1.1E0,-4.9E0));
#7185=DIRECTION('',(-1.E0,0.E0,0.E0));
#7186=DIRECTION('',(0.E0,0.E0,-1.E0));
#7187=AXIS2_PLACEMENT_3D('',#7184,#7185,#7186);
#7188=PLANE('',#7187);
#7190=ORIENTED_EDGE('',*,*,#7189,.T.);
#7191=ORIENTED_EDGE('',*,*,#7179,.F.);
#7192=ORIENTED_EDGE('',*,*,#6703,.F.);
#7193=ORIENTED_EDGE('',*,*,#6740,.T.);
#7194=EDGE_LOOP('',(#7190,#7191,#7192,#7193));
#7195=FACE_OUTER_BOUND('',#7194,.F.);
#7197=CARTESIAN_POINT('',(-5.1E0,-6.5E-1,-5.11E0));
#7198=DIRECTION('',(7.071067811865E-1,7.071067811865E-1,0.E0));
#7199=DIRECTION('',(7.071067811865E-1,-7.071067811865E-1,0.E0));
#7200=AXIS2_PLACEMENT_3D('',#7197,#7198,#7199);
#7201=PLANE('',#7200);
#7202=ORIENTED_EDGE('',*,*,#7150,.T.);
#7203=ORIENTED_EDGE('',*,*,#7166,.F.);
#7204=ORIENTED_EDGE('',*,*,#7189,.F.);
#7205=ORIENTED_EDGE('',*,*,#6738,.T.);
#7206=EDGE_LOOP('',(#7202,#7203,#7204,#7205));
#7207=FACE_OUTER_BOUND('',#7206,.F.);
#7209=CARTESIAN_POINT('',(4.775E0,-1.1E0,-5.32E0));
#7210=DIRECTION('',(0.E0,0.E0,-1.E0));
#7211=DIRECTION('',(1.E0,0.E0,0.E0));
#7212=AXIS2_PLACEMENT_3D('',#7209,#7210,#7211);
#7213=PLANE('',#7212);
#7215=ORIENTED_EDGE('',*,*,#7214,.T.);
#7217=ORIENTED_EDGE('',*,*,#7216,.F.);
#7218=ORIENTED_EDGE('',*,*,#6717,.F.);
#7219=ORIENTED_EDGE('',*,*,#5566,.T.);
#7220=EDGE_LOOP('',(#7215,#7217,#7218,#7219));
#7221=FACE_OUTER_BOUND('',#7220,.F.);
#7223=CARTESIAN_POINT('',(4.9125E0,-6.5E-1,-5.37E0));
#7224=DIRECTION('',(0.E0,7.071067811865E-1,7.071067811865E-1));
#7225=DIRECTION('',(0.E0,-7.071067811865E-1,7.071067811865E-1));
#7226=AXIS2_PLACEMENT_3D('',#7223,#7224,#7225);
#7227=PLANE('',#7226);
#7229=ORIENTED_EDGE('',*,*,#7228,.T.);
#7231=ORIENTED_EDGE('',*,*,#7230,.F.);
#7232=ORIENTED_EDGE('',*,*,#7214,.F.);
#7233=ORIENTED_EDGE('',*,*,#5564,.T.);
#7234=EDGE_LOOP('',(#7229,#7231,#7232,#7233));
#7235=FACE_OUTER_BOUND('',#7234,.F.);
#7237=CARTESIAN_POINT('',(5.45E0,-6.E-1,-4.9E0));
#7238=DIRECTION('',(0.E0,-1.E0,0.E0));
#7239=DIRECTION('',(0.E0,0.E0,-1.E0));
#7240=AXIS2_PLACEMENT_3D('',#7237,#7238,#7239);
#7241=PLANE('',#7240);
#7242=ORIENTED_EDGE('',*,*,#7228,.F.);
#7243=ORIENTED_EDGE('',*,*,#5474,.F.);
#7244=ORIENTED_EDGE('',*,*,#3897,.T.);
#7245=ORIENTED_EDGE('',*,*,#5201,.T.);
#7246=ORIENTED_EDGE('',*,*,#6687,.T.);
#7248=ORIENTED_EDGE('',*,*,#7247,.F.);
#7249=EDGE_LOOP('',(#7242,#7243,#7244,#7245,#7246,#7248));
#7250=FACE_OUTER_BOUND('',#7249,.F.);
#7252=CARTESIAN_POINT('',(5.1E0,-6.5E-1,-5.11E0));
#7253=DIRECTION('',(-7.071067811865E-1,7.071067811865E-1,0.E0));
#7254=DIRECTION('',(-7.071067811865E-1,-7.071067811865E-1,0.E0));
#7255=AXIS2_PLACEMENT_3D('',#7252,#7253,#7254);
#7256=PLANE('',#7255);
#7258=ORIENTED_EDGE('',*,*,#7257,.F.);
#7259=ORIENTED_EDGE('',*,*,#7230,.T.);
#7260=ORIENTED_EDGE('',*,*,#7247,.T.);
#7261=ORIENTED_EDGE('',*,*,#6685,.T.);
#7262=EDGE_LOOP('',(#7258,#7259,#7260,#7261));
#7263=FACE_OUTER_BOUND('',#7262,.F.);
#7265=CARTESIAN_POINT('',(5.05E0,-1.1E0,-5.32E0));
#7266=DIRECTION('',(1.E0,0.E0,0.E0));
#7267=DIRECTION('',(0.E0,0.E0,1.E0));
#7268=AXIS2_PLACEMENT_3D('',#7265,#7266,#7267);
#7269=PLANE('',#7268);
#7270=ORIENTED_EDGE('',*,*,#7257,.T.);
#7271=ORIENTED_EDGE('',*,*,#6683,.F.);
#7272=ORIENTED_EDGE('',*,*,#6719,.F.);
#7273=ORIENTED_EDGE('',*,*,#7216,.T.);
#7274=EDGE_LOOP('',(#7270,#7271,#7272,#7273));
#7275=FACE_OUTER_BOUND('',#7274,.F.);
#7277=CARTESIAN_POINT('',(5.1125E0,7.E-1,-4.85E0));
#7278=DIRECTION('',(0.E0,7.071067811865E-1,-7.071067811865E-1));
#7279=DIRECTION('',(0.E0,7.071067811865E-1,7.071067811865E-1));
#7280=AXIS2_PLACEMENT_3D('',#7277,#7278,#7279);
#7281=PLANE('',#7280);
#7282=ORIENTED_EDGE('',*,*,#6565,.F.);
#7283=ORIENTED_EDGE('',*,*,#6690,.T.);
#7284=ORIENTED_EDGE('',*,*,#5197,.T.);
#7286=ORIENTED_EDGE('',*,*,#7285,.F.);
#7287=EDGE_LOOP('',(#7282,#7283,#7284,#7286));
#7288=FACE_OUTER_BOUND('',#7287,.F.);
#7290=CARTESIAN_POINT('',(5.45E0,7.5E-1,-3.85E0));
#7291=DIRECTION('',(0.E0,-1.E0,0.E0));
#7292=DIRECTION('',(0.E0,0.E0,-1.E0));
#7293=AXIS2_PLACEMENT_3D('',#7290,#7291,#7292);
#7294=PLANE('',#7293);
#7295=ORIENTED_EDGE('',*,*,#6567,.T.);
#7296=ORIENTED_EDGE('',*,*,#7285,.T.);
#7297=ORIENTED_EDGE('',*,*,#5195,.F.);
#7298=ORIENTED_EDGE('',*,*,#6468,.T.);
#7300=ORIENTED_EDGE('',*,*,#7299,.F.);
#7302=ORIENTED_EDGE('',*,*,#7301,.F.);
#7304=ORIENTED_EDGE('',*,*,#7303,.F.);
#7306=ORIENTED_EDGE('',*,*,#7305,.T.);
#7307=EDGE_LOOP('',(#7295,#7296,#7297,#7298,#7300,#7302,#7304,#7306));
#7308=FACE_OUTER_BOUND('',#7307,.F.);
#7310=CARTESIAN_POINT('',(5.1E0,7.E-1,-4.025E0));
#7311=DIRECTION('',(-7.071067811865E-1,7.071067811865E-1,0.E0));
#7312=DIRECTION('',(-7.071067811865E-1,-7.071067811865E-1,0.E0));
#7313=AXIS2_PLACEMENT_3D('',#7310,#7311,#7312);
#7314=PLANE('',#7313);
#7315=ORIENTED_EDGE('',*,*,#6487,.F.);
#7317=ORIENTED_EDGE('',*,*,#7316,.T.);
#7318=ORIENTED_EDGE('',*,*,#7299,.T.);
#7319=ORIENTED_EDGE('',*,*,#6466,.T.);
#7320=EDGE_LOOP('',(#7315,#7317,#7318,#7319));
#7321=FACE_OUTER_BOUND('',#7320,.F.);
#7323=CARTESIAN_POINT('',(5.1E0,7.E-1,-4.15E0));
#7324=DIRECTION('',(0.E0,7.071067811865E-1,-7.071067811865E-1));
#7325=DIRECTION('',(0.E0,-7.071067811865E-1,-7.071067811865E-1));
#7326=AXIS2_PLACEMENT_3D('',#7323,#7324,#7325);
#7327=PLANE('',#7326);
#7328=ORIENTED_EDGE('',*,*,#7301,.T.);
#7329=ORIENTED_EDGE('',*,*,#7316,.F.);
#7330=ORIENTED_EDGE('',*,*,#6501,.F.);
#7332=ORIENTED_EDGE('',*,*,#7331,.T.);
#7333=EDGE_LOOP('',(#7328,#7329,#7330,#7332));
#7334=FACE_OUTER_BOUND('',#7333,.F.);
#7336=CARTESIAN_POINT('',(5.2E0,7.E-1,-4.3E0));
#7337=DIRECTION('',(-7.071067811865E-1,7.071067811865E-1,0.E0));
#7338=DIRECTION('',(-7.071067811865E-1,-7.071067811865E-1,0.E0));
#7339=AXIS2_PLACEMENT_3D('',#7336,#7337,#7338);
#7340=PLANE('',#7339);
#7341=ORIENTED_EDGE('',*,*,#6515,.F.);
#7343=ORIENTED_EDGE('',*,*,#7342,.T.);
#7344=ORIENTED_EDGE('',*,*,#7303,.T.);
#7345=ORIENTED_EDGE('',*,*,#7331,.F.);
#7346=EDGE_LOOP('',(#7341,#7343,#7344,#7345));
#7347=FACE_OUTER_BOUND('',#7346,.F.);
#7349=CARTESIAN_POINT('',(4.9625E0,7.E-1,-4.45E0));
#7350=DIRECTION('',(0.E0,7.071067811865E-1,7.071067811865E-1));
#7351=DIRECTION('',(0.E0,7.071067811865E-1,-7.071067811865E-1));
#7352=AXIS2_PLACEMENT_3D('',#7349,#7350,#7351);
#7353=PLANE('',#7352);
#7354=ORIENTED_EDGE('',*,*,#6569,.T.);
#7355=ORIENTED_EDGE('',*,*,#7305,.F.);
#7356=ORIENTED_EDGE('',*,*,#7342,.F.);
#7357=ORIENTED_EDGE('',*,*,#6530,.T.);
#7358=EDGE_LOOP('',(#7354,#7355,#7356,#7357));
#7359=FACE_OUTER_BOUND('',#7358,.F.);
#7361=CARTESIAN_POINT('',(4.725E0,2.25E0,-5.1E0));
#7362=DIRECTION('',(9.486832980505E-1,3.162277660168E-1,0.E0));
#7363=DIRECTION('',(3.162277660168E-1,-9.486832980505E-1,0.E0));
#7364=AXIS2_PLACEMENT_3D('',#7361,#7362,#7363);
#7365=PLANE('',#7364);
#7366=ORIENTED_EDGE('',*,*,#5470,.F.);
#7367=ORIENTED_EDGE('',*,*,#5535,.F.);
#7368=ORIENTED_EDGE('',*,*,#6544,.F.);
#7369=ORIENTED_EDGE('',*,*,#5255,.T.);
#7370=EDGE_LOOP('',(#7366,#7367,#7368,#7369));
#7371=FACE_OUTER_BOUND('',#7370,.F.);
#7373=CARTESIAN_POINT('',(-5.1125E0,-1.45E0,-8.5E-1));
#7374=DIRECTION('',(0.E0,-7.071067811865E-1,7.071067811865E-1));
#7375=DIRECTION('',(0.E0,7.071067811865E-1,7.071067811865E-1));
#7376=AXIS2_PLACEMENT_3D('',#7373,#7374,#7375);
#7377=PLANE('',#7376);
#7378=ORIENTED_EDGE('',*,*,#6356,.T.);
#7379=ORIENTED_EDGE('',*,*,#6219,.F.);
#7380=ORIENTED_EDGE('',*,*,#6078,.T.);
#7381=ORIENTED_EDGE('',*,*,#5994,.T.);
#7382=EDGE_LOOP('',(#7378,#7379,#7380,#7381));
#7383=FACE_OUTER_BOUND('',#7382,.F.);
#7385=CARTESIAN_POINT('',(-4.95E0,-2.4E0,-4.9E0));
#7386=DIRECTION('',(0.E0,0.E0,1.E0));
#7387=DIRECTION('',(-1.E0,0.E0,0.E0));
#7388=AXIS2_PLACEMENT_3D('',#7385,#7386,#7387);
#7389=PLANE('',#7388);
#7390=ORIENTED_EDGE('',*,*,#3805,.T.);
#7392=ORIENTED_EDGE('',*,*,#7391,.T.);
#7394=ORIENTED_EDGE('',*,*,#7393,.T.);
#7395=ORIENTED_EDGE('',*,*,#6361,.F.);
#7396=EDGE_LOOP('',(#7390,#7392,#7394,#7395));
#7397=FACE_OUTER_BOUND('',#7396,.F.);
#7399=CARTESIAN_POINT('',(-4.95E0,-1.5E0,-5.8E0));
#7400=DIRECTION('',(1.E0,0.E0,0.E0));
#7401=DIRECTION('',(0.E0,-1.E0,0.E0));
#7402=AXIS2_PLACEMENT_3D('',#7399,#7400,#7401);
#7403=PLANE('',#7402);
#7405=ORIENTED_EDGE('',*,*,#7404,.T.);
#7407=ORIENTED_EDGE('',*,*,#7406,.T.);
#7408=ORIENTED_EDGE('',*,*,#7391,.F.);
#7409=ORIENTED_EDGE('',*,*,#3803,.F.);
#7410=ORIENTED_EDGE('',*,*,#3911,.T.);
#7412=ORIENTED_EDGE('',*,*,#7411,.T.);
#7413=EDGE_LOOP('',(#7405,#7407,#7408,#7409,#7410,#7412));
#7414=FACE_OUTER_BOUND('',#7413,.F.);
#7416=CARTESIAN_POINT('',(0.E0,0.E0,-5.9E0));
#7417=DIRECTION('',(0.E0,0.E0,-1.E0));
#7418=DIRECTION('',(1.E0,0.E0,0.E0));
#7419=AXIS2_PLACEMENT_3D('',#7416,#7417,#7418);
#7420=PLANE('',#7419);
#7421=ORIENTED_EDGE('',*,*,#5165,.T.);
#7423=ORIENTED_EDGE('',*,*,#7422,.T.);
#7424=ORIENTED_EDGE('',*,*,#5206,.T.);
#7426=ORIENTED_EDGE('',*,*,#7425,.F.);
#7427=EDGE_LOOP('',(#7421,#7423,#7424,#7426));
#7428=FACE_OUTER_BOUND('',#7427,.F.);
#7430=CARTESIAN_POINT('',(0.E0,0.E0,-5.9E0));
#7431=DIRECTION('',(0.E0,0.E0,-1.E0));
#7432=DIRECTION('',(1.E0,0.E0,0.E0));
#7433=AXIS2_PLACEMENT_3D('',#7430,#7431,#7432);
#7434=PLANE('',#7433);
#7435=ORIENTED_EDGE('',*,*,#6365,.F.);
#7437=ORIENTED_EDGE('',*,*,#7436,.T.);
#7438=ORIENTED_EDGE('',*,*,#7404,.F.);
#7440=ORIENTED_EDGE('',*,*,#7439,.F.);
#7441=EDGE_LOOP('',(#7435,#7437,#7438,#7440));
#7442=FACE_OUTER_BOUND('',#7441,.F.);
#7444=CARTESIAN_POINT('',(0.E0,-2.5E0,0.E0));
#7445=DIRECTION('',(0.E0,-1.E0,0.E0));
#7446=DIRECTION('',(-1.E0,0.E0,0.E0));
#7447=AXIS2_PLACEMENT_3D('',#7444,#7445,#7446);
#7448=PLANE('',#7447);
#7449=ORIENTED_EDGE('',*,*,#5208,.F.);
#7450=ORIENTED_EDGE('',*,*,#7422,.F.);
#7451=ORIENTED_EDGE('',*,*,#5163,.F.);
#7452=ORIENTED_EDGE('',*,*,#5180,.F.);
#7453=EDGE_LOOP('',(#7449,#7450,#7451,#7452));
#7454=FACE_OUTER_BOUND('',#7453,.F.);
#7456=CARTESIAN_POINT('',(0.E0,-2.5E0,0.E0));
#7457=DIRECTION('',(0.E0,-1.E0,0.E0));
#7458=DIRECTION('',(-1.E0,0.E0,0.E0));
#7459=AXIS2_PLACEMENT_3D('',#7456,#7457,#7458);
#7460=PLANE('',#7459);
#7461=ORIENTED_EDGE('',*,*,#7436,.F.);
#7462=ORIENTED_EDGE('',*,*,#6363,.F.);
#7463=ORIENTED_EDGE('',*,*,#7393,.F.);
#7464=ORIENTED_EDGE('',*,*,#7406,.F.);
#7465=EDGE_LOOP('',(#7461,#7462,#7463,#7464));
#7466=FACE_OUTER_BOUND('',#7465,.F.);
#7468=CARTESIAN_POINT('',(4.95E0,-1.5E0,-5.8E0));
#7469=DIRECTION('',(0.E0,1.E0,0.E0));
#7470=DIRECTION('',(1.E0,0.E0,0.E0));
#7471=AXIS2_PLACEMENT_3D('',#7468,#7469,#7470);
#7472=PLANE('',#7471);
#7473=ORIENTED_EDGE('',*,*,#3893,.T.);
#7474=ORIENTED_EDGE('',*,*,#5167,.T.);
#7475=ORIENTED_EDGE('',*,*,#7425,.T.);
#7476=ORIENTED_EDGE('',*,*,#5204,.F.);
#7477=EDGE_LOOP('',(#7473,#7474,#7475,#7476));
#7478=FACE_OUTER_BOUND('',#7477,.F.);
#7480=CARTESIAN_POINT('',(-5.45E0,-1.5E0,-5.8E0));
#7481=DIRECTION('',(0.E0,1.E0,0.E0));
#7482=DIRECTION('',(1.E0,0.E0,0.E0));
#7483=AXIS2_PLACEMENT_3D('',#7480,#7481,#7482);
#7484=PLANE('',#7483);
#7485=ORIENTED_EDGE('',*,*,#3909,.F.);
#7486=ORIENTED_EDGE('',*,*,#6367,.T.);
#7487=ORIENTED_EDGE('',*,*,#7439,.T.);
#7488=ORIENTED_EDGE('',*,*,#7411,.F.);
#7489=EDGE_LOOP('',(#7485,#7486,#7487,#7488));
#7490=FACE_OUTER_BOUND('',#7489,.F.);
#7492=CARTESIAN_POINT('',(-4.725E0,-6.25E-1,-1.5E-1));
#7493=DIRECTION('',(-9.486832980505E-1,0.E0,3.162277660168E-1));
#7494=DIRECTION('',(-3.162277660168E-1,0.E0,-9.486832980505E-1));
#7495=AXIS2_PLACEMENT_3D('',#7492,#7493,#7494);
#7496=PLANE('',#7495);
#7497=ORIENTED_EDGE('',*,*,#6094,.F.);
#7498=ORIENTED_EDGE('',*,*,#6338,.T.);
#7499=ORIENTED_EDGE('',*,*,#3705,.T.);
#7501=ORIENTED_EDGE('',*,*,#7500,.T.);
#7502=EDGE_LOOP('',(#7497,#7498,#7499,#7501));
#7503=FACE_OUTER_BOUND('',#7502,.F.);
#7505=CARTESIAN_POINT('',(-4.675E0,-8.E-1,0.E0));
#7506=DIRECTION('',(0.E0,1.E0,0.E0));
#7507=DIRECTION('',(-1.E0,0.E0,0.E0));
#7508=AXIS2_PLACEMENT_3D('',#7505,#7506,#7507);
#7509=PLANE('',#7508);
#7510=ORIENTED_EDGE('',*,*,#7500,.F.);
#7512=ORIENTED_EDGE('',*,*,#7511,.T.);
#7513=ORIENTED_EDGE('',*,*,#5651,.T.);
#7514=ORIENTED_EDGE('',*,*,#6096,.F.);
#7515=EDGE_LOOP('',(#7510,#7512,#7513,#7514));
#7516=FACE_OUTER_BOUND('',#7515,.F.);
#7518=CARTESIAN_POINT('',(-4.675E0,-1.E0,0.E0));
#7519=DIRECTION('',(1.E0,0.E0,0.E0));
#7520=DIRECTION('',(0.E0,1.E0,0.E0));
#7521=AXIS2_PLACEMENT_3D('',#7518,#7519,#7520);
#7522=PLANE('',#7521);
#7523=ORIENTED_EDGE('',*,*,#3703,.F.);
#7524=ORIENTED_EDGE('',*,*,#6191,.T.);
#7525=ORIENTED_EDGE('',*,*,#5653,.T.);
#7526=ORIENTED_EDGE('',*,*,#7511,.F.);
#7527=EDGE_LOOP('',(#7523,#7524,#7525,#7526));
#7528=FACE_OUTER_BOUND('',#7527,.F.);
#7530=CARTESIAN_POINT('',(-5.05E0,-1.92E0,0.E0));
#7531=DIRECTION('',(0.E0,-1.E0,0.E0));
#7532=DIRECTION('',(1.E0,0.E0,0.E0));
#7533=AXIS2_PLACEMENT_3D('',#7530,#7531,#7532);
#7534=PLANE('',#7533);
#7535=ORIENTED_EDGE('',*,*,#6038,.T.);
#7536=ORIENTED_EDGE('',*,*,#6011,.T.);
#7537=ORIENTED_EDGE('',*,*,#5627,.T.);
#7538=ORIENTED_EDGE('',*,*,#6074,.F.);
#7539=EDGE_LOOP('',(#7535,#7536,#7537,#7538));
#7540=FACE_OUTER_BOUND('',#7539,.F.);
#7542=CARTESIAN_POINT('',(-4.21E0,-2.4E0,0.E0));
#7543=DIRECTION('',(-1.E0,0.E0,0.E0));
#7544=DIRECTION('',(0.E0,0.E0,-1.E0));
#7545=AXIS2_PLACEMENT_3D('',#7542,#7543,#7544);
#7546=PLANE('',#7545);
#7547=ORIENTED_EDGE('',*,*,#3814,.F.);
#7548=ORIENTED_EDGE('',*,*,#3695,.T.);
#7550=ORIENTED_EDGE('',*,*,#7549,.T.);
#7552=ORIENTED_EDGE('',*,*,#7551,.F.);
#7553=EDGE_LOOP('',(#7547,#7548,#7550,#7552));
#7554=FACE_OUTER_BOUND('',#7553,.F.);
#7556=CARTESIAN_POINT('',(0.E0,-2.5E0,0.E0));
#7557=DIRECTION('',(0.E0,-1.E0,0.E0));
#7558=DIRECTION('',(1.E0,0.E0,0.E0));
#7559=AXIS2_PLACEMENT_3D('',#7556,#7557,#7558);
#7560=PLANE('',#7559);
#7561=ORIENTED_EDGE('',*,*,#7549,.F.);
#7562=ORIENTED_EDGE('',*,*,#3693,.F.);
#7564=ORIENTED_EDGE('',*,*,#7563,.F.);
#7566=ORIENTED_EDGE('',*,*,#7565,.F.);
#7567=EDGE_LOOP('',(#7561,#7562,#7564,#7566));
#7568=FACE_OUTER_BOUND('',#7567,.F.);
#7570=CARTESIAN_POINT('',(0.E0,-2.5E0,0.E0));
#7571=DIRECTION('',(0.E0,-1.E0,0.E0));
#7572=DIRECTION('',(1.E0,0.E0,0.E0));
#7573=AXIS2_PLACEMENT_3D('',#7570,#7571,#7572);
#7574=PLANE('',#7573);
#7575=ORIENTED_EDGE('',*,*,#3685,.F.);
#7577=ORIENTED_EDGE('',*,*,#7576,.F.);
#7579=ORIENTED_EDGE('',*,*,#7578,.F.);
#7581=ORIENTED_EDGE('',*,*,#7580,.F.);
#7582=EDGE_LOOP('',(#7575,#7577,#7579,#7581));
#7583=FACE_OUTER_BOUND('',#7582,.F.);
#7585=CARTESIAN_POINT('',(-3.41E0,-2.4E0,-1.5E0));
#7586=DIRECTION('',(1.E0,0.E0,0.E0));
#7587=DIRECTION('',(0.E0,0.E0,1.E0));
#7588=AXIS2_PLACEMENT_3D('',#7585,#7586,#7587);
#7589=PLANE('',#7588);
#7590=ORIENTED_EDGE('',*,*,#3818,.T.);
#7592=ORIENTED_EDGE('',*,*,#7591,.T.);
#7593=ORIENTED_EDGE('',*,*,#7563,.T.);
#7594=ORIENTED_EDGE('',*,*,#3691,.F.);
#7595=EDGE_LOOP('',(#7590,#7592,#7593,#7594));
#7596=FACE_OUTER_BOUND('',#7595,.F.);
#7598=CARTESIAN_POINT('',(-4.21E0,-2.4E0,-1.5E0));
#7599=DIRECTION('',(0.E0,0.E0,-1.E0));
#7600=DIRECTION('',(1.E0,0.E0,0.E0));
#7601=AXIS2_PLACEMENT_3D('',#7598,#7599,#7600);
#7602=PLANE('',#7601);
#7603=ORIENTED_EDGE('',*,*,#3816,.F.);
#7604=ORIENTED_EDGE('',*,*,#7551,.T.);
#7605=ORIENTED_EDGE('',*,*,#7565,.T.);
#7606=ORIENTED_EDGE('',*,*,#7591,.F.);
#7607=EDGE_LOOP('',(#7603,#7604,#7605,#7606));
#7608=FACE_OUTER_BOUND('',#7607,.F.);
#7610=CARTESIAN_POINT('',(4.21E0,-2.4E0,-1.5E0));
#7611=DIRECTION('',(1.E0,0.E0,0.E0));
#7612=DIRECTION('',(0.E0,0.E0,1.E0));
#7613=AXIS2_PLACEMENT_3D('',#7610,#7611,#7612);
#7614=PLANE('',#7613);
#7615=ORIENTED_EDGE('',*,*,#3825,.T.);
#7617=ORIENTED_EDGE('',*,*,#7616,.T.);
#7618=ORIENTED_EDGE('',*,*,#7576,.T.);
#7619=ORIENTED_EDGE('',*,*,#3683,.F.);
#7620=EDGE_LOOP('',(#7615,#7617,#7618,#7619));
#7621=FACE_OUTER_BOUND('',#7620,.F.);
#7623=CARTESIAN_POINT('',(3.41E0,-2.4E0,-1.5E0));
#7624=DIRECTION('',(0.E0,0.E0,-1.E0));
#7625=DIRECTION('',(1.E0,0.E0,0.E0));
#7626=AXIS2_PLACEMENT_3D('',#7623,#7624,#7625);
#7627=PLANE('',#7626);
#7628=ORIENTED_EDGE('',*,*,#3823,.F.);
#7630=ORIENTED_EDGE('',*,*,#7629,.T.);
#7631=ORIENTED_EDGE('',*,*,#7578,.T.);
#7632=ORIENTED_EDGE('',*,*,#7616,.F.);
#7633=EDGE_LOOP('',(#7628,#7630,#7631,#7632));
#7634=FACE_OUTER_BOUND('',#7633,.F.);
#7636=CARTESIAN_POINT('',(3.41E0,-2.4E0,0.E0));
#7637=DIRECTION('',(-1.E0,0.E0,0.E0));
#7638=DIRECTION('',(0.E0,0.E0,-1.E0));
#7639=AXIS2_PLACEMENT_3D('',#7636,#7637,#7638);
#7640=PLANE('',#7639);
#7641=ORIENTED_EDGE('',*,*,#3821,.F.);
#7642=ORIENTED_EDGE('',*,*,#3687,.T.);
#7643=ORIENTED_EDGE('',*,*,#7580,.T.);
#7644=ORIENTED_EDGE('',*,*,#7629,.F.);
#7645=EDGE_LOOP('',(#7641,#7642,#7643,#7644));
#7646=FACE_OUTER_BOUND('',#7645,.F.);
#7652=PLANE_ANGLE_MEASURE_WITH_UNIT(PLANE_ANGLE_MEASURE(1.745329251994E-2),
#7651);
#7653=(CONVERSION_BASED_UNIT('DEGREE',#7652)NAMED_UNIT(*)PLANE_ANGLE_UNIT());
#7655=UNCERTAINTY_MEASURE_WITH_UNIT(LENGTH_MEASURE(1.E-3),#7650,
'distance_accuracy_value',
'Maximum model space distance between geometric entities at asserted connectivities');
#7658=APPLICATION_CONTEXT('automotive_design');
#7659=APPLICATION_PROTOCOL_DEFINITION('international standard',
'automotive_design',2001,#7658);
#7660=PRODUCT_DEFINITION_CONTEXT('part definition',#7658,'design');
#7661=PRODUCT_CONTEXT('',#7658,'mechanical');
#7662=PRODUCT('C-2360547-5','C-2360547-5','NOT SPECIFIED',(#7661));
#7663=PRODUCT_DEFINITION_FORMATION('1','LAST_VERSION',#7662);
#7671=DERIVED_UNIT_ELEMENT(#7670,2.E0);
#7672=DERIVED_UNIT((#7671));
#7673=MEASURE_REPRESENTATION_ITEM('surface area measure',AREA_MEASURE(
4.575720717928E2),#7672);
#7678=DERIVED_UNIT_ELEMENT(#7677,3.E0);
#7679=DERIVED_UNIT((#7678));
#7680=MEASURE_REPRESENTATION_ITEM('volume measure',VOLUME_MEASURE(
1.594558623621E2),#7679);
#7684=CARTESIAN_POINT('centre point',(-4.061559428374E-2,8.260308371350E-2,
-3.498124129993E0));
#7689=DERIVED_UNIT_ELEMENT(#7688,2.E0);
#7690=DERIVED_UNIT((#7689));
#7691=MEASURE_REPRESENTATION_ITEM('surface area measure',AREA_MEASURE(
4.575720717928E2),#7690);
#7696=DERIVED_UNIT_ELEMENT(#7695,3.E0);
#7697=DERIVED_UNIT((#7696));
#7698=MEASURE_REPRESENTATION_ITEM('volume measure',VOLUME_MEASURE(
1.594558623621E2),#7697);
#7702=CARTESIAN_POINT('centre point',(-4.061559428374E-2,8.260308371350E-2,
-3.498124129993E0));
#7707=PRODUCT_RELATED_PRODUCT_CATEGORY('part','',(#7662));
#1=DRAUGHTING_PRE_DEFINED_COLOUR('black');
#2=COLOUR_RGB('',0.E0,0.E0,3.6E-1);
#3=COLOUR_RGB('',0.E0,0.E0,4.8E-1);
#4=DRAUGHTING_PRE_DEFINED_COLOUR('blue');
#5=COLOUR_RGB('',0.E0,5.8824E-2,4.58824E-1);
#6=COLOUR_RGB('',0.E0,1.80392E-1,4.78431E-1);
#7=COLOUR_RGB('',0.E0,3.6E-1,9.E-2);
#8=COLOUR_RGB('',0.E0,3.6E-1,2.7E-1);
#9=COLOUR_RGB('',0.E0,5.6E-1,6.4E-1);
#10=COLOUR_RGB('',0.E0,5.8E-1,8.E-1);
#11=COLOUR_RGB('',0.E0,7.1E-1,6.6E-1);
#12=COLOUR_RGB('',0.E0,7.13E-1,0.E0);
#13=COLOUR_RGB('',0.E0,9.5E-1,8.4E-1);
#14=DRAUGHTING_PRE_DEFINED_COLOUR('green');
#15=DRAUGHTING_PRE_DEFINED_COLOUR('cyan');
#16=COLOUR_RGB('',1.1765E-2,1.9608E-2,3.9216E-2);
#17=COLOUR_RGB('',4.E-2,0.E0,1.6E-1);
#18=COLOUR_RGB('',3.9216E-2,2.19608E-1,1.21569E-1);
#19=COLOUR_RGB('',3.9216E-2,3.60784E-1,2.E-1);
#20=COLOUR_RGB('',5.098E-2,7.0588E-2,1.01961E-1);
#21=COLOUR_RGB('',9.E-2,0.E0,1.2E-1);
#22=COLOUR_RGB('',9.0196E-2,1.60784E-1,1.09804E-1);
#23=COLOUR_RGB('',9.0196E-2,3.80392E-1,6.70588E-1);
#24=COLOUR_RGB('',1.E-1,0.E0,2.5E-1);
#25=COLOUR_RGB('',1.01961E-1,4.78431E-1,3.88235E-1);
#26=COLOUR_RGB('',1.09804E-1,1.4902E-1,9.0196E-2);
#27=COLOUR_RGB('',1.4902E-1,3.09804E-1,5.29412E-1);
#28=COLOUR_RGB('',1.4902E-1,4.E-1,1.60784E-1);
#29=COLOUR_RGB('',1.6E-1,3.2E-2,0.E0);
#30=COLOUR_RGB('',1.60784E-1,4.5098E-1,7.21569E-1);
#31=COLOUR_RGB('',1.6E-1,4.6E-1,6.5E-1);
#32=COLOUR_RGB('',1.6E-1,1.E0,1.6E-1);
#33=COLOUR_RGB('',2.E-1,3.2E-2,0.E0);
#34=COLOUR_RGB('',2.11765E-1,4.11765E-1,1.4902E-1);
#35=COLOUR_RGB('',2.39216E-1,2.39216E-1,2.31373E-1);
#36=COLOUR_RGB('',2.39216E-1,2.70588E-1,1.80392E-1);
#37=COLOUR_RGB('',2.5098E-1,2.90196E-1,3.29412E-1);
#38=COLOUR_RGB('',2.90196E-1,4.31373E-1,2.E-1);
#39=COLOUR_RGB('',3.1E-1,3.1E-1,5.6E-1);
#40=COLOUR_RGB('',3.09804E-1,6.58824E-1,2.E-1);
#41=COLOUR_RGB('',3.2E-1,1.5E-1,0.E0);
#42=COLOUR_RGB('',3.60784E-1,3.1373E-2,1.68627E-1);
#43=COLOUR_RGB('',3.68627E-1,2.E-1,1.21569E-1);
#44=COLOUR_RGB('',3.88235E-1,2.39216E-1,6.11765E-1);
#45=COLOUR_RGB('',4.E-1,4.E-1,4.E-1);
#46=COLOUR_RGB('',4.11765E-1,5.8824E-2,7.8431E-2);
#47=COLOUR_RGB('',4.11765E-1,3.29412E-1,2.19608E-1);
#48=COLOUR_RGB('',4.2E-1,4.2E-1,1.E0);
#49=COLOUR_RGB('',4.4E-1,8.5E-1,1.E0);
#50=COLOUR_RGB('',4.58824E-1,4.5098E-1,3.09804E-1);
#51=COLOUR_RGB('',4.70588E-1,5.09804E-1,5.4902E-1);
#52=COLOUR_RGB('',4.78431E-1,4.90196E-1,4.58824E-1);
#53=COLOUR_RGB('',4.90196E-1,3.60784E-1,2.19608E-1);
#54=COLOUR_RGB('',4.9E-1,4.9E-1,0.E0);
#55=COLOUR_RGB('',4.9E-1,1.E0,0.E0);
#56=COLOUR_RGB('',5.E-1,0.E0,0.E0);
#57=COLOUR_RGB('',5.E-1,0.E0,2.3E-1);
#58=COLOUR_RGB('',5.E-1,5.E-1,5.E-1);
#59=COLOUR_RGB('',5.21569E-1,2.19608E-1,1.68627E-1);
#60=COLOUR_RGB('',5.3E-1,0.E0,0.E0);
#61=COLOUR_RGB('',5.29412E-1,5.80392E-1,6.5098E-1);
#62=COLOUR_RGB('',5.4E-1,0.E0,4.4E-1);
#63=COLOUR_RGB('',5.5E-1,3.E-1,0.E0);
#64=COLOUR_RGB('',5.6E-1,1.E-1,5.E-2);
#65=COLOUR_RGB('',5.60784E-1,5.80392E-1,6.19608E-1);
#66=COLOUR_RGB('',5.68627E-1,5.8824E-2,4.E-1);
#67=COLOUR_RGB('',5.8E-1,2.2E-1,1.E-2);
#68=COLOUR_RGB('',5.88235E-1,1.21569E-1,1.09804E-1);
#69=COLOUR_RGB('',6.E-1,6.E-1,6.E-1);
#70=COLOUR_RGB('',6.11765E-1,5.60784E-1,3.80392E-1);
#71=COLOUR_RGB('',6.11765E-1,6.11765E-1,6.5098E-1);
#72=COLOUR_RGB('',6.2E-1,0.E0,5.5E-1);
#73=COLOUR_RGB('',6.19608E-1,6.39216E-1,6.90196E-1);
#74=COLOUR_RGB('',6.35294E-1,6.86275E-1,7.4902E-1);
#75=COLOUR_RGB('',6.4E-1,0.E0,2.5E-1);
#76=COLOUR_RGB('',6.4E-1,1.E-2,0.E0);
#77=COLOUR_RGB('',6.39216E-1,5.4902E-1,4.78431E-1);
#78=COLOUR_RGB('',6.5098E-1,6.70588E-1,7.09804E-1);
#79=COLOUR_RGB('',6.70588E-1,1.21569E-1,1.09804E-1);
#80=COLOUR_RGB('',6.78431E-1,4.78431E-1,3.09804E-1);
#81=COLOUR_RGB('',6.8E-1,7.5E-1,1.E0);
#82=COLOUR_RGB('',7.09804E-1,7.0588E-2,2.E-1);
#83=COLOUR_RGB('',7.1E-1,3.1E-1,0.E0);
#84=COLOUR_RGB('',7.2E-1,7.2E-1,7.2E-1);
#85=COLOUR_RGB('',7.29412E-1,7.41176E-1,7.29412E-1);
#86=COLOUR_RGB('',7.41176E-1,7.29412E-1,6.70588E-1);
#87=COLOUR_RGB('',7.4E-1,1.E0,2.6E-1);
#88=COLOUR_RGB('',7.5E-1,3.E-2,0.E0);
#89=COLOUR_RGB('',7.4902E-1,8.90196E-1,7.29412E-1);
#90=COLOUR_RGB('',7.6E-1,0.E0,4.7E-1);
#91=COLOUR_RGB('',7.80392E-1,9.0196E-2,7.0588E-2);
#92=COLOUR_RGB('',7.88235E-1,2.19608E-1,5.4902E-1);
#93=COLOUR_RGB('',8.1E-1,4.E-2,0.E0);
#94=COLOUR_RGB('',8.1E-1,6.1E-1,0.E0);
#95=COLOUR_RGB('',8.2E-1,4.E-2,6.6E-1);
#96=COLOUR_RGB('',8.31373E-1,8.5098E-1,8.58824E-1);
#97=COLOUR_RGB('',8.5098E-1,7.29412E-1,5.4902E-1);
#98=COLOUR_RGB('',8.5E-1,8.5E-1,8.5E-1);
#99=COLOUR_RGB('',8.78431E-1,3.68627E-1,1.21569E-1);
#100=COLOUR_RGB('',8.784E-1,9.49E-1,1.E0);
#101=COLOUR_RGB('',8.90196E-1,5.88235E-1,1.41176E-1);
#102=COLOUR_RGB('',9.E-1,1.E0,0.E0);
#103=COLOUR_RGB('',9.09804E-1,6.11765E-1,7.09804E-1);
#104=COLOUR_RGB('',9.37E-1,7.85E-1,0.E0);
#105=COLOUR_RGB('',9.41176E-1,9.29412E-1,9.01961E-1);
#106=COLOUR_RGB('',9.5E-1,2.2E-1,8.1E-1);
#107=COLOUR_RGB('',9.6E-1,3.7E-1,3.E-1);
#108=COLOUR_RGB('',9.6E-1,7.1E-1,3.75E-1);
#109=COLOUR_RGB('',9.80392E-1,1.E0,1.E0);
#110=COLOUR_RGB('',9.88235E-1,1.09804E-1,7.8431E-2);
#111=COLOUR_RGB('',9.88235E-1,7.21569E-1,1.29412E-1);
#112=COLOUR_RGB('',9.88235E-1,9.21569E-1,8.E-1);
#113=DRAUGHTING_PRE_DEFINED_COLOUR('red');
#114=COLOUR_RGB('',1.E0,0.E0,6.1E-1);
#115=COLOUR_RGB('',1.E0,4.E-2,0.E0);
#116=COLOUR_RGB('',1.E0,2.3E-1,0.E0);
#117=COLOUR_RGB('',1.E0,3.5E-1,5.2E-1);
#118=COLOUR_RGB('',1.E0,3.6E-1,0.E0);
#119=COLOUR_RGB('',1.E0,3.88235E-1,2.11765E-1);
#120=COLOUR_RGB('',1.E0,4.9E-1,3.7E-1);
#121=COLOUR_RGB('',1.E0,5.E-1,0.E0);
#122=COLOUR_RGB('',1.E0,5.6E-1,7.8E-1);
#123=COLOUR_RGB('',1.E0,6.4E-1,4.9E-1);
#124=COLOUR_RGB('',1.E0,6.7E-1,0.E0);
#125=COLOUR_RGB('',1.E0,7.6E-1,6.5E-1);
#126=COLOUR_RGB('',1.E0,8.39216E-1,3.01961E-1);
#127=COLOUR_RGB('',1.E0,8.6E-1,4.E-2);
#128=COLOUR_RGB('',1.E0,9.60784E-1,2.58824E-1);
#129=COLOUR_RGB('',1.E0,9.60784E-1,8.90196E-1);
#130=COLOUR_RGB('',1.E0,9.8E-1,7.2E-1);
#131=DRAUGHTING_PRE_DEFINED_COLOUR('yellow');
#132=COLOUR_RGB('',1.E0,1.E0,3.9216E-2);
#133=DRAUGHTING_PRE_DEFINED_COLOUR('white');
#722=CIRCLE('',#721,1.E-1);
#727=CIRCLE('',#726,1.E-1);
#1328=CIRCLE('',#1327,1.E-1);
#1345=CIRCLE('',#1344,3.5E-1);
#1362=CIRCLE('',#1361,3.5E-1);
#1379=CIRCLE('',#1378,1.E-1);
#1388=CIRCLE('',#1387,3.E-1);
#1393=CIRCLE('',#1392,3.E-1);
#2154=CIRCLE('',#2153,3.E-1);
#2159=CIRCLE('',#2158,3.E-1);
#2188=CIRCLE('',#2187,3.5E-1);
#2201=CIRCLE('',#2200,1.E-1);
#2218=CIRCLE('',#2217,1.E-1);
#2231=CIRCLE('',#2230,3.5E-1);
#2488=CIRCLE('',#2487,3.E-1);
#2493=CIRCLE('',#2492,3.E-1);
#2514=CIRCLE('',#2513,3.E-1);
#2519=CIRCLE('',#2518,3.E-1);
#3681=EDGE_CURVE('',#3093,#2957,#137,.T.);
#3683=EDGE_CURVE('',#3093,#3072,#141,.T.);
#3685=EDGE_CURVE('',#3072,#3073,#2783,.T.);
#3687=EDGE_CURVE('',#3088,#3073,#2815,.T.);
#3689=EDGE_CURVE('',#3085,#3088,#145,.T.);
#3691=EDGE_CURVE('',#3085,#3069,#149,.T.);
#3693=EDGE_CURVE('',#3069,#3064,#2771,.T.);
#3695=EDGE_CURVE('',#3080,#3064,#2763,.T.);
#3697=EDGE_CURVE('',#2952,#3080,#153,.T.);
#3699=EDGE_CURVE('',#2980,#2952,#157,.T.);
#3701=EDGE_CURVE('',#2985,#2980,#161,.T.);
#3703=EDGE_CURVE('',#2985,#2997,#165,.T.);
#3705=EDGE_CURVE('',#2991,#2997,#169,.T.);
#3707=EDGE_CURVE('',#2989,#2991,#173,.T.);
#3709=EDGE_CURVE('',#2819,#2989,#177,.T.);
#3711=EDGE_CURVE('',#2818,#2819,#181,.T.);
#3713=EDGE_CURVE('',#2968,#2818,#185,.T.);
#3715=EDGE_CURVE('',#2963,#2968,#189,.T.);
#3717=EDGE_CURVE('',#2961,#2963,#193,.T.);
#3719=EDGE_CURVE('',#2961,#2972,#197,.T.);
#3721=EDGE_CURVE('',#2977,#2972,#201,.T.);
#3723=EDGE_CURVE('',#2957,#2977,#205,.T.);
#3727=EDGE_CURVE('',#3197,#3215,#209,.T.);
#3729=EDGE_CURVE('',#3215,#3212,#771,.T.);
#3731=EDGE_CURVE('',#3208,#3212,#755,.T.);
#3733=EDGE_CURVE('',#3217,#3208,#739,.T.);
#3735=EDGE_CURVE('',#3217,#3200,#213,.T.);
#3737=EDGE_CURVE('',#3200,#3201,#217,.T.);
#3739=EDGE_CURVE('',#3201,#3170,#221,.T.);
#3741=EDGE_CURVE('',#3173,#3170,#225,.T.);
#3743=EDGE_CURVE('',#3180,#3173,#819,.T.);
#3745=EDGE_CURVE('',#3180,#3181,#229,.T.);
#3747=EDGE_CURVE('',#3183,#3181,#233,.T.);
#3749=EDGE_CURVE('',#3183,#3187,#237,.T.);
#3751=EDGE_CURVE('',#3159,#3187,#783,.T.);
#3753=EDGE_CURVE('',#3157,#3159,#241,.T.);
#3755=EDGE_CURVE('',#3157,#3196,#245,.T.);
#3757=EDGE_CURVE('',#3196,#3197,#249,.T.);
#3761=ADVANCED_FACE('',(#3726,#3760),#3680,.T.);
#3767=EDGE_CURVE('',#3308,#3315,#253,.T.);
#3769=EDGE_CURVE('',#3292,#3308,#501,.T.);
#3771=EDGE_CURVE('',#3292,#3297,#257,.T.);
#3773=EDGE_CURVE('',#3295,#3297,#261,.T.);
#3775=EDGE_CURVE('',#3288,#3295,#265,.T.);
#3777=EDGE_CURVE('',#3272,#3288,#485,.T.);
#3779=EDGE_CURVE('',#3272,#3277,#269,.T.);
#3781=EDGE_CURVE('',#3275,#3277,#273,.T.);
#3783=EDGE_CURVE('',#3268,#3275,#277,.T.);
#3785=EDGE_CURVE('',#3252,#3268,#469,.T.);
#3787=EDGE_CURVE('',#3252,#3257,#281,.T.);
#3789=EDGE_CURVE('',#3255,#3257,#285,.T.);
#3791=EDGE_CURVE('',#3248,#3255,#289,.T.);
#3793=EDGE_CURVE('',#3232,#3248,#453,.T.);
#3795=EDGE_CURVE('',#3232,#3233,#293,.T.);
#3797=EDGE_CURVE('',#3229,#3233,#297,.T.);
#3799=EDGE_CURVE('',#3228,#3229,#301,.T.);
#3801=EDGE_CURVE('',#3134,#3228,#437,.T.);
#3803=EDGE_CURVE('',#3134,#3135,#305,.T.);
#3805=EDGE_CURVE('',#3137,#3135,#309,.T.);
#3807=EDGE_CURVE('',#2830,#3137,#2005,.T.);
#3809=EDGE_CURVE('',#2953,#2830,#1777,.T.);
#3811=EDGE_CURVE('',#2952,#2953,#313,.T.);
#3814=EDGE_CURVE('',#3080,#3081,#317,.T.);
#3816=EDGE_CURVE('',#3081,#3083,#321,.T.);
#3818=EDGE_CURVE('',#3085,#3083,#325,.T.);
#3821=EDGE_CURVE('',#3088,#3089,#329,.T.);
#3823=EDGE_CURVE('',#3089,#3091,#333,.T.);
#3825=EDGE_CURVE('',#3093,#3091,#337,.T.);
#3828=EDGE_CURVE('',#2956,#2957,#341,.T.);
#3830=EDGE_CURVE('',#2822,#2956,#1601,.T.);
#3832=EDGE_CURVE('',#3128,#2822,#1231,.T.);
#3834=EDGE_CURVE('',#3128,#3129,#345,.T.);
#3836=EDGE_CURVE('',#3131,#3129,#349,.T.);
#3838=EDGE_CURVE('',#3312,#3131,#397,.T.);
#3840=EDGE_CURVE('',#3312,#3317,#353,.T.);
#3842=EDGE_CURVE('',#3315,#3317,#357,.T.);
#3846=ADVANCED_FACE('',(#3845),#3766,.T.);
#3852=EDGE_CURVE('',#3308,#3309,#385,.T.);
#3855=EDGE_CURVE('',#3315,#3622,#361,.T.);
#3857=EDGE_CURVE('',#3622,#3623,#365,.T.);
#3859=EDGE_CURVE('',#3623,#3309,#369,.T.);
#3863=ADVANCED_FACE('',(#3862),#3851,.F.);
#3869=EDGE_CURVE('',#3320,#3321,#649,.T.);
#3871=EDGE_CURVE('',#3321,#3626,#373,.T.);
#3873=EDGE_CURVE('',#3626,#3627,#377,.T.);
#3875=EDGE_CURVE('',#3627,#3320,#381,.T.);
#3879=ADVANCED_FACE('',(#3878),#3868,.F.);
#3886=EDGE_CURVE('',#3309,#3313,#389,.T.);
#3888=EDGE_CURVE('',#3312,#3313,#393,.T.);
#3891=EDGE_CURVE('',#3131,#3105,#401,.T.);
#3893=EDGE_CURVE('',#3104,#3105,#405,.T.);
#3895=EDGE_CURVE('',#3104,#2826,#409,.T.);
#3897=EDGE_CURVE('',#3485,#2826,#2591,.T.);
#3899=EDGE_CURVE('',#3483,#3485,#413,.T.);
#3901=EDGE_CURVE('',#3483,#3472,#417,.T.);
#3903=EDGE_CURVE('',#3477,#3472,#421,.T.);
#3905=EDGE_CURVE('',#2834,#3477,#2531,.T.);
#3907=EDGE_CURVE('',#2834,#3108,#425,.T.);
#3909=EDGE_CURVE('',#3108,#3109,#429,.T.);
#3911=EDGE_CURVE('',#3134,#3109,#433,.T.);
#3914=EDGE_CURVE('',#3228,#3243,#441,.T.);
#3916=EDGE_CURVE('',#3243,#3245,#445,.T.);
#3918=EDGE_CURVE('',#3232,#3245,#449,.T.);
#3921=EDGE_CURVE('',#3248,#3249,#457,.T.);
#3923=EDGE_CURVE('',#3249,#3253,#461,.T.);
#3925=EDGE_CURVE('',#3252,#3253,#465,.T.);
#3928=EDGE_CURVE('',#3268,#3269,#473,.T.);
#3930=EDGE_CURVE('',#3269,#3273,#477,.T.);
#3932=EDGE_CURVE('',#3272,#3273,#481,.T.);
#3935=EDGE_CURVE('',#3288,#3289,#489,.T.);
#3937=EDGE_CURVE('',#3289,#3293,#493,.T.);
#3939=EDGE_CURVE('',#3292,#3293,#497,.T.);
#3944=ADVANCED_FACE('',(#3943),#3884,.F.);
#3952=EDGE_CURVE('',#3623,#3631,#505,.T.);
#3954=EDGE_CURVE('',#3631,#3313,#513,.T.);
#3958=ADVANCED_FACE('',(#3957),#3949,.T.);
#3965=EDGE_CURVE('',#3622,#3630,#509,.T.);
#3967=EDGE_CURVE('',#3630,#3631,#517,.T.);
#3972=ADVANCED_FACE('',(#3971),#3963,.T.);
#3979=EDGE_CURVE('',#3317,#3630,#521,.T.);
#3985=ADVANCED_FACE('',(#3984),#3977,.T.);
#3998=ADVANCED_FACE('',(#3997),#3990,.T.);
#4004=EDGE_CURVE('',#3324,#3325,#657,.T.);
#4006=EDGE_CURVE('',#3635,#3324,#525,.T.);
#4008=EDGE_CURVE('',#3634,#3635,#529,.T.);
#4010=EDGE_CURVE('',#3325,#3634,#533,.T.);
#4014=ADVANCED_FACE('',(#4013),#4003,.T.);
#4020=EDGE_CURVE('',#3205,#3152,#537,.T.);
#4022=EDGE_CURVE('',#3193,#3205,#541,.T.);
#4024=EDGE_CURVE('',#3192,#3193,#545,.T.);
#4026=EDGE_CURVE('',#3203,#3192,#549,.T.);
#4028=EDGE_CURVE('',#3149,#3203,#553,.T.);
#4030=EDGE_CURVE('',#3147,#3149,#557,.T.);
#4032=EDGE_CURVE('',#3145,#3147,#561,.T.);
#4034=EDGE_CURVE('',#3143,#3145,#565,.T.);
#4036=EDGE_CURVE('',#3141,#3143,#569,.T.);
#4038=EDGE_CURVE('',#3140,#3141,#573,.T.);
#4040=EDGE_CURVE('',#3153,#3140,#577,.T.);
#4042=EDGE_CURVE('',#3152,#3153,#581,.T.);
#4046=EDGE_CURVE('',#3236,#3237,#585,.T.);
#4048=EDGE_CURVE('',#3236,#3240,#589,.T.);
#4050=EDGE_CURVE('',#3240,#3241,#593,.T.);
#4052=EDGE_CURVE('',#3237,#3241,#597,.T.);
#4056=EDGE_CURVE('',#3260,#3261,#601,.T.);
#4058=EDGE_CURVE('',#3260,#3264,#605,.T.);
#4060=EDGE_CURVE('',#3264,#3265,#609,.T.);
#4062=EDGE_CURVE('',#3261,#3265,#613,.T.);
#4066=EDGE_CURVE('',#3280,#3281,#617,.T.);
#4068=EDGE_CURVE('',#3280,#3284,#621,.T.);
#4070=EDGE_CURVE('',#3284,#3285,#625,.T.);
#4072=EDGE_CURVE('',#3281,#3285,#629,.T.);
#4076=EDGE_CURVE('',#3300,#3301,#633,.T.);
#4078=EDGE_CURVE('',#3300,#3304,#637,.T.);
#4080=EDGE_CURVE('',#3304,#3305,#641,.T.);
#4082=EDGE_CURVE('',#3301,#3305,#645,.T.);
#4087=EDGE_CURVE('',#3320,#3324,#653,.T.);
#4090=EDGE_CURVE('',#3321,#3325,#661,.T.);
#4094=EDGE_CURVE('',#3544,#3545,#665,.T.);
#4096=EDGE_CURVE('',#3545,#3547,#669,.T.);
#4098=EDGE_CURVE('',#3547,#3549,#673,.T.);
#4100=EDGE_CURVE('',#3549,#3551,#677,.T.);
#4102=EDGE_CURVE('',#3551,#3553,#681,.T.);
#4104=EDGE_CURVE('',#3553,#3555,#685,.T.);
#4106=EDGE_CURVE('',#3555,#3544,#689,.T.);
#4110=ADVANCED_FACE('',(#4045,#4055,#4065,#4075,#4085,#4093,#4109),#4019,.T.);
#4116=EDGE_CURVE('',#3203,#3196,#693,.T.);
#4119=EDGE_CURVE('',#3156,#3157,#697,.T.);
#4121=EDGE_CURVE('',#3156,#3149,#701,.T.);
#4126=ADVANCED_FACE('',(#4125),#4115,.F.);
#4132=EDGE_CURVE('',#3205,#3201,#705,.T.);
#4135=EDGE_CURVE('',#3171,#3152,#831,.T.);
#4137=EDGE_CURVE('',#3170,#3171,#709,.T.);
#4142=ADVANCED_FACE('',(#4141),#4131,.F.);
#4151=EDGE_CURVE('',#3197,#3192,#717,.T.);
#4155=ADVANCED_FACE('',(#4154),#4147,.F.);
#4161=EDGE_CURVE('',#3220,#3221,#713,.T.);
#4163=EDGE_CURVE('',#3215,#3221,#759,.T.);
#4168=EDGE_CURVE('',#3200,#3193,#775,.T.);
#4171=EDGE_CURVE('',#3220,#3217,#735,.T.);
#4175=ADVANCED_FACE('',(#4174),#4160,.F.);
#4182=EDGE_CURVE('',#3220,#3224,#722,.T.);
#4184=EDGE_CURVE('',#3224,#3225,#747,.T.);
#4186=EDGE_CURVE('',#3225,#3221,#727,.T.);
#4190=ADVANCED_FACE('',(#4189),#4180,.F.);
#4196=EDGE_CURVE('',#3209,#3224,#731,.T.);
#4201=EDGE_CURVE('',#3208,#3209,#743,.T.);
#4205=ADVANCED_FACE('',(#4204),#4195,.F.);
#4213=EDGE_CURVE('',#3209,#3213,#751,.T.);
#4215=EDGE_CURVE('',#3213,#3225,#763,.T.);
#4219=ADVANCED_FACE('',(#4218),#4210,.T.);
#4227=EDGE_CURVE('',#3212,#3213,#767,.T.);
#4232=ADVANCED_FACE('',(#4231),#4224,.T.);
#4245=ADVANCED_FACE('',(#4244),#4237,.T.);
#4257=ADVANCED_FACE('',(#4256),#4250,.F.);
#4265=EDGE_CURVE('',#3161,#3159,#779,.T.);
#4267=EDGE_CURVE('',#3156,#3161,#867,.T.);
#4271=ADVANCED_FACE('',(#4270),#4262,.T.);
#4278=EDGE_CURVE('',#3189,#3187,#795,.T.);
#4280=EDGE_CURVE('',#3189,#3163,#787,.T.);
#4282=EDGE_CURVE('',#3161,#3163,#859,.T.);
#4287=ADVANCED_FACE('',(#4286),#4276,.T.);
#4294=EDGE_CURVE('',#3185,#3183,#791,.T.);
#4296=EDGE_CURVE('',#3185,#3189,#851,.T.);
#4301=ADVANCED_FACE('',(#4300),#4292,.T.);
#4308=EDGE_CURVE('',#3177,#3181,#799,.T.);
#4310=EDGE_CURVE('',#3185,#3177,#843,.T.);
#4315=ADVANCED_FACE('',(#4314),#4306,.T.);
#4321=EDGE_CURVE('',#3176,#3177,#807,.T.);
#4325=EDGE_CURVE('',#3180,#3176,#803,.T.);
#4329=ADVANCED_FACE('',(#4328),#4320,.T.);
#4336=EDGE_CURVE('',#3166,#3176,#815,.T.);
#4338=EDGE_CURVE('',#3166,#3140,#811,.T.);
#4341=EDGE_CURVE('',#3177,#3141,#847,.T.);
#4345=ADVANCED_FACE('',(#4344),#4334,.F.);
#4354=EDGE_CURVE('',#3167,#3173,#823,.T.);
#4356=EDGE_CURVE('',#3166,#3167,#835,.T.);
#4360=ADVANCED_FACE('',(#4359),#4350,.T.);
#4367=EDGE_CURVE('',#3167,#3171,#827,.T.);
#4373=ADVANCED_FACE('',(#4372),#4365,.T.);
#4382=EDGE_CURVE('',#3167,#3153,#839,.T.);
#4386=ADVANCED_FACE('',(#4385),#4378,.F.);
#4398=ADVANCED_FACE('',(#4397),#4391,.F.);
#4407=EDGE_CURVE('',#3185,#3143,#855,.T.);
#4411=ADVANCED_FACE('',(#4410),#4403,.F.);
#4420=EDGE_CURVE('',#3163,#3145,#863,.T.);
#4425=ADVANCED_FACE('',(#4424),#4416,.F.);
#4434=EDGE_CURVE('',#3161,#3147,#871,.T.);
#4438=ADVANCED_FACE('',(#4437),#4430,.F.);
#4450=ADVANCED_FACE('',(#4449),#4443,.F.);
#4457=EDGE_CURVE('',#3229,#3558,#875,.T.);
#4459=EDGE_CURVE('',#3558,#3559,#879,.T.);
#4461=EDGE_CURVE('',#3559,#3243,#883,.T.);
#4466=ADVANCED_FACE('',(#4465),#4455,.F.);
#4473=EDGE_CURVE('',#3237,#3562,#887,.T.);
#4475=EDGE_CURVE('',#3562,#3563,#891,.T.);
#4477=EDGE_CURVE('',#3563,#3236,#895,.T.);
#4481=ADVANCED_FACE('',(#4480),#4471,.F.);
#4488=EDGE_CURVE('',#3233,#3566,#907,.T.);
#4490=EDGE_CURVE('',#3558,#3566,#927,.T.);
#4495=ADVANCED_FACE('',(#4494),#4486,.T.);
#4503=EDGE_CURVE('',#3567,#3245,#899,.T.);
#4505=EDGE_CURVE('',#3566,#3567,#903,.T.);
#4510=ADVANCED_FACE('',(#4509),#4500,.T.);
#4517=EDGE_CURVE('',#3571,#3240,#911,.T.);
#4519=EDGE_CURVE('',#3570,#3571,#915,.T.);
#4521=EDGE_CURVE('',#3241,#3570,#919,.T.);
#4525=ADVANCED_FACE('',(#4524),#4515,.T.);
#4533=EDGE_CURVE('',#3559,#3567,#923,.T.);
#4538=ADVANCED_FACE('',(#4537),#4530,.T.);
#4550=ADVANCED_FACE('',(#4549),#4543,.T.);
#4558=EDGE_CURVE('',#3563,#3571,#931,.T.);
#4563=ADVANCED_FACE('',(#4562),#4555,.T.);
#4570=EDGE_CURVE('',#3562,#3570,#935,.T.);
#4576=ADVANCED_FACE('',(#4575),#4568,.T.);
#4588=ADVANCED_FACE('',(#4587),#4581,.T.);
#4596=EDGE_CURVE('',#3255,#3574,#939,.T.);
#4598=EDGE_CURVE('',#3574,#3575,#943,.T.);
#4600=EDGE_CURVE('',#3575,#3249,#947,.T.);
#4604=ADVANCED_FACE('',(#4603),#4593,.F.);
#4611=EDGE_CURVE('',#3261,#3578,#951,.T.);
#4613=EDGE_CURVE('',#3578,#3579,#955,.T.);
#4615=EDGE_CURVE('',#3579,#3260,#959,.T.);
#4619=ADVANCED_FACE('',(#4618),#4609,.F.);
#4626=EDGE_CURVE('',#3257,#3582,#971,.T.);
#4628=EDGE_CURVE('',#3574,#3582,#991,.T.);
#4633=ADVANCED_FACE('',(#4632),#4624,.T.);
#4640=EDGE_CURVE('',#3583,#3253,#963,.T.);
#4642=EDGE_CURVE('',#3582,#3583,#967,.T.);
#4648=ADVANCED_FACE('',(#4647),#4638,.T.);
#4655=EDGE_CURVE('',#3587,#3264,#975,.T.);
#4657=EDGE_CURVE('',#3586,#3587,#979,.T.);
#4659=EDGE_CURVE('',#3265,#3586,#983,.T.);
#4663=ADVANCED_FACE('',(#4662),#4653,.T.);
#4671=EDGE_CURVE('',#3575,#3583,#987,.T.);
#4676=ADVANCED_FACE('',(#4675),#4668,.T.);
#4688=ADVANCED_FACE('',(#4687),#4681,.T.);
#4696=EDGE_CURVE('',#3579,#3587,#995,.T.);
#4701=ADVANCED_FACE('',(#4700),#4693,.T.);
#4708=EDGE_CURVE('',#3578,#3586,#999,.T.);
#4714=ADVANCED_FACE('',(#4713),#4706,.T.);
#4726=ADVANCED_FACE('',(#4725),#4719,.T.);
#4734=EDGE_CURVE('',#3275,#3590,#1003,.T.);
#4736=EDGE_CURVE('',#3590,#3591,#1007,.T.);
#4738=EDGE_CURVE('',#3591,#3269,#1011,.T.);
#4742=ADVANCED_FACE('',(#4741),#4731,.F.);
#4749=EDGE_CURVE('',#3281,#3594,#1015,.T.);
#4751=EDGE_CURVE('',#3594,#3595,#1019,.T.);
#4753=EDGE_CURVE('',#3595,#3280,#1023,.T.);
#4757=ADVANCED_FACE('',(#4756),#4747,.F.);
#4764=EDGE_CURVE('',#3277,#3598,#1035,.T.);
#4766=EDGE_CURVE('',#3590,#3598,#1055,.T.);
#4771=ADVANCED_FACE('',(#4770),#4762,.T.);
#4778=EDGE_CURVE('',#3599,#3273,#1027,.T.);
#4780=EDGE_CURVE('',#3598,#3599,#1031,.T.);
#4786=ADVANCED_FACE('',(#4785),#4776,.T.);
#4793=EDGE_CURVE('',#3603,#3284,#1039,.T.);
#4795=EDGE_CURVE('',#3602,#3603,#1043,.T.);
#4797=EDGE_CURVE('',#3285,#3602,#1047,.T.);
#4801=ADVANCED_FACE('',(#4800),#4791,.T.);
#4809=EDGE_CURVE('',#3591,#3599,#1051,.T.);
#4814=ADVANCED_FACE('',(#4813),#4806,.T.);
#4826=ADVANCED_FACE('',(#4825),#4819,.T.);
#4834=EDGE_CURVE('',#3595,#3603,#1059,.T.);
#4839=ADVANCED_FACE('',(#4838),#4831,.T.);
#4846=EDGE_CURVE('',#3594,#3602,#1063,.T.);
#4852=ADVANCED_FACE('',(#4851),#4844,.T.);
#4864=ADVANCED_FACE('',(#4863),#4857,.T.);
#4872=EDGE_CURVE('',#3295,#3606,#1067,.T.);
#4874=EDGE_CURVE('',#3606,#3607,#1071,.T.);
#4876=EDGE_CURVE('',#3607,#3289,#1075,.T.);
#4880=ADVANCED_FACE('',(#4879),#4869,.F.);
#4887=EDGE_CURVE('',#3301,#3610,#1079,.T.);
#4889=EDGE_CURVE('',#3610,#3611,#1083,.T.);
#4891=EDGE_CURVE('',#3611,#3300,#1087,.T.);
#4895=ADVANCED_FACE('',(#4894),#4885,.F.);
#4902=EDGE_CURVE('',#3297,#3614,#1099,.T.);
#4904=EDGE_CURVE('',#3606,#3614,#1119,.T.);
#4909=ADVANCED_FACE('',(#4908),#4900,.T.);
#4916=EDGE_CURVE('',#3615,#3293,#1091,.T.);
#4918=EDGE_CURVE('',#3614,#3615,#1095,.T.);
#4924=ADVANCED_FACE('',(#4923),#4914,.T.);
#4931=EDGE_CURVE('',#3619,#3304,#1103,.T.);
#4933=EDGE_CURVE('',#3618,#3619,#1107,.T.);
#4935=EDGE_CURVE('',#3305,#3618,#1111,.T.);
#4939=ADVANCED_FACE('',(#4938),#4929,.T.);
#4947=EDGE_CURVE('',#3607,#3615,#1115,.T.);
#4952=ADVANCED_FACE('',(#4951),#4944,.T.);
#4964=ADVANCED_FACE('',(#4963),#4957,.T.);
#4972=EDGE_CURVE('',#3611,#3619,#1123,.T.);
#4977=ADVANCED_FACE('',(#4976),#4969,.T.);
#4984=EDGE_CURVE('',#3610,#3618,#1127,.T.);
#4990=ADVANCED_FACE('',(#4989),#4982,.T.);
#5002=ADVANCED_FACE('',(#5001),#4995,.T.);
#5010=EDGE_CURVE('',#3627,#3635,#1131,.T.);
#5015=ADVANCED_FACE('',(#5014),#5007,.T.);
#5022=EDGE_CURVE('',#3626,#3634,#1135,.T.);
#5028=ADVANCED_FACE('',(#5027),#5020,.T.);
#5040=ADVANCED_FACE('',(#5039),#5033,.T.);
#5047=EDGE_CURVE('',#3544,#3530,#1139,.T.);
#5049=EDGE_CURVE('',#3530,#3531,#1167,.T.);
#5051=EDGE_CURVE('',#3545,#3531,#1163,.T.);
#5055=ADVANCED_FACE('',(#5054),#5045,.T.);
#5062=EDGE_CURVE('',#3555,#3541,#1143,.T.);
#5064=EDGE_CURVE('',#3541,#3530,#1171,.T.);
#5069=ADVANCED_FACE('',(#5068),#5060,.T.);
#5076=EDGE_CURVE('',#3553,#3539,#1147,.T.);
#5078=EDGE_CURVE('',#3539,#3541,#1175,.T.);
#5083=ADVANCED_FACE('',(#5082),#5074,.T.);
#5090=EDGE_CURVE('',#3551,#3537,#1151,.T.);
#5092=EDGE_CURVE('',#3537,#3539,#1179,.T.);
#5097=ADVANCED_FACE('',(#5096),#5088,.T.);
#5104=EDGE_CURVE('',#3549,#3535,#1155,.T.);
#5106=EDGE_CURVE('',#3535,#3537,#1183,.T.);
#5111=ADVANCED_FACE('',(#5110),#5102,.T.);
#5118=EDGE_CURVE('',#3547,#3533,#1159,.T.);
#5120=EDGE_CURVE('',#3533,#3535,#1187,.T.);
#5125=ADVANCED_FACE('',(#5124),#5116,.T.);
#5133=EDGE_CURVE('',#3531,#3533,#1191,.T.);
#5138=ADVANCED_FACE('',(#5137),#5130,.T.);
#5153=ADVANCED_FACE('',(#5152),#5143,.T.);
#5161=EDGE_CURVE('',#3129,#3115,#1195,.T.);
#5163=EDGE_CURVE('',#3115,#3117,#2711,.T.);
#5165=EDGE_CURVE('',#3096,#3117,#2687,.T.);
#5167=EDGE_CURVE('',#3105,#3096,#2735,.T.);
#5171=ADVANCED_FACE('',(#5170),#5158,.T.);
#5178=EDGE_CURVE('',#3128,#3113,#1199,.T.);
#5180=EDGE_CURVE('',#3113,#3115,#2715,.T.);
#5185=ADVANCED_FACE('',(#5184),#5176,.T.);
#5191=EDGE_CURVE('',#3464,#3465,#1203,.T.);
#5193=EDGE_CURVE('',#3464,#3027,#1207,.T.);
#5195=EDGE_CURVE('',#3027,#3001,#1211,.T.);
#5197=EDGE_CURVE('',#3000,#3001,#1215,.T.);
#5199=EDGE_CURVE('',#3000,#2827,#1219,.T.);
#5201=EDGE_CURVE('',#2826,#2827,#1223,.T.);
#5204=EDGE_CURVE('',#3104,#3097,#1227,.T.);
#5206=EDGE_CURVE('',#3112,#3097,#2691,.T.);
#5208=EDGE_CURVE('',#3112,#3113,#2703,.T.);
#5212=EDGE_CURVE('',#2822,#2823,#1235,.T.);
#5214=EDGE_CURVE('',#2823,#2931,#1239,.T.);
#5216=EDGE_CURVE('',#2930,#2931,#1243,.T.);
#5218=EDGE_CURVE('',#2930,#2909,#1247,.T.);
#5220=EDGE_CURVE('',#2969,#2909,#1251,.T.);
#5222=EDGE_CURVE('',#2968,#2969,#1255,.T.);
#5225=EDGE_CURVE('',#2818,#3465,#1287,.T.);
#5229=ADVANCED_FACE('',(#5228),#5190,.T.);
#5236=EDGE_CURVE('',#3465,#3344,#1283,.T.);
#5238=EDGE_CURVE('',#3340,#3344,#1259,.T.);
#5240=EDGE_CURVE('',#3464,#3340,#2069,.T.);
#5244=ADVANCED_FACE('',(#5243),#5234,.T.);
#5250=EDGE_CURVE('',#3472,#3473,#1263,.T.);
#5253=EDGE_CURVE('',#3481,#3483,#1267,.T.);
#5255=EDGE_CURVE('',#3347,#3481,#1271,.T.);
#5257=EDGE_CURVE('',#3347,#3345,#1275,.T.);
#5259=EDGE_CURVE('',#3344,#3345,#1279,.T.);
#5264=EDGE_CURVE('',#2819,#3468,#1977,.T.);
#5266=EDGE_CURVE('',#3337,#3468,#1291,.T.);
#5268=EDGE_CURVE('',#3335,#3337,#1295,.T.);
#5270=EDGE_CURVE('',#3335,#3328,#1299,.T.);
#5272=EDGE_CURVE('',#3473,#3328,#1303,.T.);
#5276=ADVANCED_FACE('',(#5275),#5249,.T.);
#5282=EDGE_CURVE('',#3412,#3404,#1307,.T.);
#5284=EDGE_CURVE('',#3489,#3412,#1869,.T.);
#5286=EDGE_CURVE('',#3489,#3477,#1311,.T.);
#5290=EDGE_CURVE('',#3473,#3475,#2479,.T.);
#5292=EDGE_CURVE('',#3404,#3475,#1833,.T.);
#5296=ADVANCED_FACE('',(#5295),#5281,.T.);
#5302=EDGE_CURVE('',#3404,#3350,#1366,.T.);
#5304=EDGE_CURVE('',#3350,#3366,#2527,.T.);
#5306=EDGE_CURVE('',#3412,#3366,#2226,.T.);
#5311=ADVANCED_FACE('',(#5310),#5301,.T.);
#5317=EDGE_CURVE('',#3672,#3661,#1315,.T.);
#5319=EDGE_CURVE('',#3672,#3408,#2447,.T.);
#5321=EDGE_CURVE('',#3408,#3405,#1370,.T.);
#5323=EDGE_CURVE('',#3661,#3405,#2331,.T.);
#5327=ADVANCED_FACE('',(#5326),#5316,.T.);
#5333=EDGE_CURVE('',#3437,#3432,#1319,.T.);
#5335=EDGE_CURVE('',#3359,#3437,#1323,.T.);
#5337=EDGE_CURVE('',#3358,#3359,#1328,.T.);
#5339=EDGE_CURVE('',#3393,#3358,#1332,.T.);
#5341=EDGE_CURVE('',#3387,#3393,#2077,.T.);
#5343=EDGE_CURVE('',#3386,#3387,#1465,.T.);
#5345=EDGE_CURVE('',#3383,#3386,#1336,.T.);
#5347=EDGE_CURVE('',#3382,#3383,#1449,.T.);
#5349=EDGE_CURVE('',#3363,#3382,#1340,.T.);
#5351=EDGE_CURVE('',#3362,#3363,#1345,.T.);
#5353=EDGE_CURVE('',#3432,#3362,#1349,.T.);
#5357=ADVANCED_FACE('',(#5356),#5332,.T.);
#5363=EDGE_CURVE('',#3453,#3448,#1353,.T.);
#5365=EDGE_CURVE('',#3351,#3453,#1357,.T.);
#5367=EDGE_CURVE('',#3350,#3351,#1362,.T.);
#5370=EDGE_CURVE('',#3404,#3405,#1829,.T.);
#5373=EDGE_CURVE('',#3408,#3409,#1845,.T.);
#5375=EDGE_CURVE('',#3409,#3419,#2045,.T.);
#5377=EDGE_CURVE('',#3355,#3419,#1374,.T.);
#5379=EDGE_CURVE('',#3354,#3355,#1379,.T.);
#5381=EDGE_CURVE('',#3448,#3354,#1383,.T.);
#5385=ADVANCED_FACE('',(#5384),#5362,.T.);
#5391=EDGE_CURVE('',#3432,#3433,#1388,.T.);
#5393=EDGE_CURVE('',#3435,#3433,#2167,.T.);
#5395=EDGE_CURVE('',#3435,#3437,#2154,.T.);
#5400=ADVANCED_FACE('',(#5399),#5390,.T.);
#5408=EDGE_CURVE('',#3362,#3378,#1401,.T.);
#5410=EDGE_CURVE('',#3445,#3378,#2183,.T.);
#5412=EDGE_CURVE('',#3443,#3445,#1393,.T.);
#5414=EDGE_CURVE('',#3433,#3443,#1397,.T.);
#5418=ADVANCED_FACE('',(#5417),#5405,.T.);
#5425=EDGE_CURVE('',#3363,#3379,#1405,.T.);
#5427=EDGE_CURVE('',#3378,#3379,#2188,.T.);
#5432=ADVANCED_FACE('',(#5431),#5423,.T.);
#5439=EDGE_CURVE('',#3390,#3382,#1413,.T.);
#5441=EDGE_CURVE('',#3379,#3390,#2192,.T.);
#5446=ADVANCED_FACE('',(#5445),#5437,.T.);
#5452=EDGE_CURVE('',#3669,#3665,#1409,.T.);
#5454=EDGE_CURVE('',#3383,#3665,#2141,.T.);
#5457=EDGE_CURVE('',#3669,#3386,#2459,.T.);
#5461=ADVANCED_FACE('',(#5460),#5451,.T.);
#5468=EDGE_CURVE('',#3480,#3382,#1461,.T.);
#5470=EDGE_CURVE('',#3480,#3481,#2667,.T.);
#5474=EDGE_CURVE('',#3485,#3487,#1417,.T.);
#5476=EDGE_CURVE('',#3390,#3487,#1481,.T.);
#5480=ADVANCED_FACE('',(#5479),#5466,.T.);
#5486=EDGE_CURVE('',#2960,#2965,#1421,.T.);
#5488=EDGE_CURVE('',#2965,#2847,#1705,.T.);
#5490=EDGE_CURVE('',#2847,#2849,#1577,.T.);
#5492=EDGE_CURVE('',#2849,#2960,#1425,.T.);
#5496=ADVANCED_FACE('',(#5495),#5485,.T.);
#5502=EDGE_CURVE('',#2975,#2973,#1429,.T.);
#5504=EDGE_CURVE('',#2973,#2900,#1433,.T.);
#5506=EDGE_CURVE('',#2904,#2900,#1713,.T.);
#5508=EDGE_CURVE('',#2907,#2904,#1437,.T.);
#5510=EDGE_CURVE('',#2933,#2907,#1709,.T.);
#5512=EDGE_CURVE('',#2838,#2933,#1593,.T.);
#5514=EDGE_CURVE('',#2838,#2839,#1493,.T.);
#5516=EDGE_CURVE('',#2937,#2839,#1733,.T.);
#5518=EDGE_CURVE('',#2941,#2937,#1725,.T.);
#5520=EDGE_CURVE('',#2947,#2941,#1441,.T.);
#5522=EDGE_CURVE('',#2947,#2975,#1445,.T.);
#5526=ADVANCED_FACE('',(#5525),#5501,.T.);
#5533=EDGE_CURVE('',#3383,#3429,#1453,.T.);
#5535=EDGE_CURVE('',#3429,#3480,#1457,.T.);
#5540=ADVANCED_FACE('',(#5539),#5531,.T.);
#5547=EDGE_CURVE('',#3340,#3387,#2073,.T.);
#5549=EDGE_CURVE('',#3340,#3341,#1469,.T.);
#5551=EDGE_CURVE('',#3341,#3386,#1473,.T.);
#5555=ADVANCED_FACE('',(#5554),#5545,.T.);
#5561=EDGE_CURVE('',#3390,#3391,#1477,.T.);
#5564=EDGE_CURVE('',#3015,#3487,#2583,.T.);
#5566=EDGE_CURVE('',#2865,#3015,#2575,.T.);
#5568=EDGE_CURVE('',#2864,#2865,#2275,.T.);
#5570=EDGE_CURVE('',#3391,#2864,#2243,.T.);
#5574=ADVANCED_FACE('',(#5573),#5560,.T.);
#5580=EDGE_CURVE('',#2960,#2961,#1489,.T.);
#5583=EDGE_CURVE('',#2965,#2963,#1485,.T.);
#5588=ADVANCED_FACE('',(#5587),#5579,.T.);
#5596=EDGE_CURVE('',#2849,#2851,#1573,.T.);
#5598=EDGE_CURVE('',#2961,#2851,#1637,.T.);
#5602=ADVANCED_FACE('',(#5601),#5593,.F.);
#5609=EDGE_CURVE('',#2843,#2838,#1497,.T.);
#5611=EDGE_CURVE('',#2841,#2843,#1501,.T.);
#5613=EDGE_CURVE('',#2839,#2841,#1505,.T.);
#5617=ADVANCED_FACE('',(#5616),#5607,.T.);
#5623=EDGE_CURVE('',#3492,#3493,#1509,.T.);
#5625=EDGE_CURVE('',#3497,#3492,#1513,.T.);
#5627=EDGE_CURVE('',#3495,#3497,#1517,.T.);
#5629=EDGE_CURVE('',#3493,#3495,#1521,.T.);
#5633=ADVANCED_FACE('',(#5632),#5622,.T.);
#5639=EDGE_CURVE('',#3500,#2873,#1525,.T.);
#5641=EDGE_CURVE('',#2872,#2873,#1529,.T.);
#5643=EDGE_CURVE('',#2877,#2872,#1533,.T.);
#5645=EDGE_CURVE('',#3507,#2877,#1537,.T.);
#5647=EDGE_CURVE('',#3505,#3507,#1541,.T.);
#5649=EDGE_CURVE('',#3503,#3505,#1545,.T.);
#5651=EDGE_CURVE('',#3501,#3503,#1549,.T.);
#5653=EDGE_CURVE('',#3500,#3501,#1553,.T.);
#5657=ADVANCED_FACE('',(#5656),#5638,.T.);
#5663=EDGE_CURVE('',#2875,#2846,#1557,.T.);
#5665=EDGE_CURVE('',#3511,#2875,#1561,.T.);
#5667=EDGE_CURVE('',#3510,#3511,#1565,.T.);
#5669=EDGE_CURVE('',#2853,#3510,#1629,.T.);
#5671=EDGE_CURVE('',#2851,#2853,#1569,.T.);
#5675=EDGE_CURVE('',#2846,#2847,#1581,.T.);
#5679=ADVANCED_FACE('',(#5678),#5662,.T.);
#5685=EDGE_CURVE('',#2823,#2943,#1585,.T.);
#5687=EDGE_CURVE('',#2945,#2943,#1749,.T.);
#5689=EDGE_CURVE('',#2945,#2843,#1589,.T.);
#5693=EDGE_CURVE('',#2933,#2931,#1597,.T.);
#5698=ADVANCED_FACE('',(#5697),#5684,.F.);
#5705=EDGE_CURVE('',#2947,#2956,#1617,.T.);
#5708=EDGE_CURVE('',#2940,#2941,#1605,.T.);
#5710=EDGE_CURVE('',#2943,#2940,#1609,.T.);
#5716=ADVANCED_FACE('',(#5715),#5703,.F.);
#5722=EDGE_CURVE('',#2975,#2977,#1613,.T.);
#5730=ADVANCED_FACE('',(#5729),#5721,.T.);
#5736=EDGE_CURVE('',#2972,#2973,#1621,.T.);
#5743=ADVANCED_FACE('',(#5742),#5735,.T.);
#5750=EDGE_CURVE('',#2972,#2853,#1625,.T.);
#5753=EDGE_CURVE('',#2901,#3510,#1645,.T.);
#5755=EDGE_CURVE('',#2900,#2901,#1633,.T.);
#5760=ADVANCED_FACE('',(#5759),#5748,.F.);
#5772=ADVANCED_FACE('',(#5771),#5765,.F.);
#5778=EDGE_CURVE('',#3513,#3511,#1653,.T.);
#5780=EDGE_CURVE('',#3513,#2901,#1641,.T.);
#5786=ADVANCED_FACE('',(#5785),#5777,.F.);
#5792=EDGE_CURVE('',#2875,#2897,#1661,.T.);
#5794=EDGE_CURVE('',#2897,#3513,#1649,.T.);
#5800=ADVANCED_FACE('',(#5799),#5791,.F.);
#5806=EDGE_CURVE('',#2896,#2897,#1657,.T.);
#5810=EDGE_CURVE('',#2896,#2846,#1701,.T.);
#5814=ADVANCED_FACE('',(#5813),#5805,.F.);
#5820=EDGE_CURVE('',#2892,#2893,#1673,.T.);
#5822=EDGE_CURVE('',#2897,#2893,#1665,.T.);
#5825=EDGE_CURVE('',#2896,#2892,#1669,.T.);
#5829=ADVANCED_FACE('',(#5828),#5819,.T.);
#5836=EDGE_CURVE('',#2909,#2892,#1697,.T.);
#5839=EDGE_CURVE('',#2907,#2930,#1677,.T.);
#5842=EDGE_CURVE('',#2904,#2905,#1681,.T.);
#5844=EDGE_CURVE('',#3515,#2905,#1685,.T.);
#5846=EDGE_CURVE('',#2893,#3515,#1689,.T.);
#5850=ADVANCED_FACE('',(#5849),#5834,.F.);
#5856=EDGE_CURVE('',#2965,#2969,#1693,.T.);
#5866=ADVANCED_FACE('',(#5865),#5855,.F.);
#5878=ADVANCED_FACE('',(#5877),#5871,.T.);
#5890=ADVANCED_FACE('',(#5889),#5883,.T.);
#5897=EDGE_CURVE('',#2901,#2905,#1717,.T.);
#5903=ADVANCED_FACE('',(#5902),#5895,.T.);
#5912=EDGE_CURVE('',#3513,#3515,#1721,.T.);
#5916=ADVANCED_FACE('',(#5915),#5908,.T.);
#5928=ADVANCED_FACE('',(#5927),#5921,.T.);
#5934=EDGE_CURVE('',#2936,#2937,#1729,.T.);
#5936=EDGE_CURVE('',#2936,#2940,#1745,.T.);
#5942=ADVANCED_FACE('',(#5941),#5933,.T.);
#5951=EDGE_CURVE('',#2936,#2841,#1741,.T.);
#5955=ADVANCED_FACE('',(#5954),#5947,.F.);
#5961=EDGE_CURVE('',#2945,#2936,#1737,.T.);
#5968=ADVANCED_FACE('',(#5967),#5960,.F.);
#5980=ADVANCED_FACE('',(#5979),#5973,.T.);
#5986=EDGE_CURVE('',#3523,#3493,#1761,.T.);
#5988=EDGE_CURVE('',#2949,#3523,#1765,.T.);
#5990=EDGE_CURVE('',#2831,#2949,#1781,.T.);
#5992=EDGE_CURVE('',#2924,#2831,#1997,.T.);
#5994=EDGE_CURVE('',#2927,#2924,#1753,.T.);
#5996=EDGE_CURVE('',#3492,#2927,#1809,.T.);
#6001=ADVANCED_FACE('',(#6000),#5985,.F.);
#6007=EDGE_CURVE('',#3522,#3523,#1757,.T.);
#6011=EDGE_CURVE('',#3522,#3495,#2759,.T.);
#6015=ADVANCED_FACE('',(#6014),#6006,.F.);
#6022=EDGE_CURVE('',#3522,#3525,#1769,.T.);
#6024=EDGE_CURVE('',#3525,#2949,#1785,.T.);
#6029=ADVANCED_FACE('',(#6028),#6020,.T.);
#6035=EDGE_CURVE('',#2916,#3525,#1789,.T.);
#6038=EDGE_CURVE('',#3527,#3522,#2755,.T.);
#6040=EDGE_CURVE('',#3527,#2916,#1773,.T.);
#6044=ADVANCED_FACE('',(#6043),#6034,.T.);
#6050=EDGE_CURVE('',#2916,#2917,#1801,.T.);
#6052=EDGE_CURVE('',#2953,#2917,#1877,.T.);
#6055=EDGE_CURVE('',#2830,#2831,#2001,.T.);
#6062=ADVANCED_FACE('',(#6061),#6049,.F.);
#6068=EDGE_CURVE('',#2983,#2981,#1793,.T.);
#6070=EDGE_CURVE('',#2981,#2917,#1797,.T.);
#6074=EDGE_CURVE('',#3527,#3497,#1805,.T.);
#6078=EDGE_CURVE('',#2913,#2927,#2671,.T.);
#6080=EDGE_CURVE('',#2912,#2913,#1813,.T.);
#6082=EDGE_CURVE('',#3517,#2912,#1897,.T.);
#6084=EDGE_CURVE('',#3517,#2983,#1817,.T.);
#6088=ADVANCED_FACE('',(#6087),#6067,.T.);
#6094=EDGE_CURVE('',#2993,#2995,#1821,.T.);
#6096=EDGE_CURVE('',#2995,#3503,#1825,.T.);
#6099=EDGE_CURVE('',#2993,#3505,#1965,.T.);
#6103=ADVANCED_FACE('',(#6102),#6093,.T.);
#6111=EDGE_CURVE('',#3475,#3329,#1837,.T.);
#6113=EDGE_CURVE('',#3329,#3405,#1841,.T.);
#6117=ADVANCED_FACE('',(#6116),#6108,.T.);
#6124=EDGE_CURVE('',#3332,#3408,#1849,.T.);
#6126=EDGE_CURVE('',#3332,#3333,#1853,.T.);
#6128=EDGE_CURVE('',#3409,#3333,#2049,.T.);
#6132=ADVANCED_FACE('',(#6131),#6122,.T.);
#6138=EDGE_CURVE('',#3412,#3413,#1857,.T.);
#6140=EDGE_CURVE('',#3413,#2856,#1861,.T.);
#6142=EDGE_CURVE('',#2861,#2856,#2271,.T.);
#6144=EDGE_CURVE('',#2861,#3025,#1865,.T.);
#6146=EDGE_CURVE('',#3489,#3025,#2543,.T.);
#6151=ADVANCED_FACE('',(#6150),#6137,.T.);
#6157=EDGE_CURVE('',#2980,#2981,#1873,.T.);
#6160=EDGE_CURVE('',#2983,#2985,#1881,.T.);
#6165=ADVANCED_FACE('',(#6164),#6156,.T.);
#6178=ADVANCED_FACE('',(#6177),#6170,.T.);
#6186=EDGE_CURVE('',#2880,#3517,#1885,.T.);
#6188=EDGE_CURVE('',#2880,#2873,#1889,.T.);
#6191=EDGE_CURVE('',#2985,#3500,#2751,.T.);
#6195=ADVANCED_FACE('',(#6194),#6183,.F.);
#6201=EDGE_CURVE('',#2884,#2912,#1905,.T.);
#6203=EDGE_CURVE('',#2880,#2884,#1893,.T.);
#6209=ADVANCED_FACE('',(#6208),#6200,.T.);
#6215=EDGE_CURVE('',#2884,#2885,#1901,.T.);
#6219=EDGE_CURVE('',#2913,#2925,#1909,.T.);
#6221=EDGE_CURVE('',#2920,#2925,#1989,.T.);
#6223=EDGE_CURVE('',#2920,#2921,#1913,.T.);
#6225=EDGE_CURVE('',#2887,#2921,#1917,.T.);
#6227=EDGE_CURVE('',#2885,#2887,#1921,.T.);
#6231=ADVANCED_FACE('',(#6230),#6214,.F.);
#6237=EDGE_CURVE('',#2880,#2881,#1929,.T.);
#6241=EDGE_CURVE('',#2881,#2885,#1925,.T.);
#6245=ADVANCED_FACE('',(#6244),#6236,.T.);
#6252=EDGE_CURVE('',#2881,#2872,#1933,.T.);
#6258=ADVANCED_FACE('',(#6257),#6250,.F.);
#6264=EDGE_CURVE('',#2881,#2889,#1937,.T.);
#6266=EDGE_CURVE('',#2877,#2889,#1949,.T.);
#6272=ADVANCED_FACE('',(#6271),#6263,.F.);
#6279=EDGE_CURVE('',#2889,#2887,#1941,.T.);
#6285=ADVANCED_FACE('',(#6284),#6277,.T.);
#6291=EDGE_CURVE('',#2889,#3519,#1953,.T.);
#6295=EDGE_CURVE('',#2921,#3519,#1945,.T.);
#6299=ADVANCED_FACE('',(#6298),#6290,.T.);
#6307=EDGE_CURVE('',#3519,#3507,#1957,.T.);
#6312=ADVANCED_FACE('',(#6311),#6304,.F.);
#6318=EDGE_CURVE('',#2988,#2993,#1961,.T.);
#6325=EDGE_CURVE('',#2988,#2920,#1985,.T.);
#6329=ADVANCED_FACE('',(#6328),#6317,.F.);
#6335=EDGE_CURVE('',#2988,#2989,#1981,.T.);
#6338=EDGE_CURVE('',#2993,#2991,#1969,.T.);
#6343=ADVANCED_FACE('',(#6342),#6334,.T.);
#6349=EDGE_CURVE('',#3468,#3469,#1973,.T.);
#6356=EDGE_CURVE('',#2924,#2925,#1993,.T.);
#6361=EDGE_CURVE('',#3137,#3125,#2009,.T.);
#6363=EDGE_CURVE('',#3125,#3120,#2723,.T.);
#6365=EDGE_CURVE('',#3120,#3100,#2013,.T.);
#6367=EDGE_CURVE('',#3108,#3100,#2739,.T.);
#6370=EDGE_CURVE('',#2834,#2835,#2017,.T.);
#6372=EDGE_CURVE('',#2835,#3005,#2021,.T.);
#6374=EDGE_CURVE('',#3004,#3005,#2025,.T.);
#6376=EDGE_CURVE('',#3004,#3029,#2029,.T.);
#6378=EDGE_CURVE('',#3469,#3029,#2033,.T.);
#6382=ADVANCED_FACE('',(#6381),#6348,.T.);
#6389=EDGE_CURVE('',#3333,#3469,#2053,.T.);
#6391=EDGE_CURVE('',#3333,#3337,#2451,.T.);
#6396=ADVANCED_FACE('',(#6395),#6387,.T.);
#6402=EDGE_CURVE('',#3642,#3643,#2037,.T.);
#6404=EDGE_CURVE('',#3642,#3419,#2041,.T.);
#6410=EDGE_CURVE('',#3029,#3043,#2057,.T.);
#6412=EDGE_CURVE('',#3045,#3043,#2387,.T.);
#6414=EDGE_CURVE('',#3643,#3045,#2371,.T.);
#6418=ADVANCED_FACE('',(#6417),#6401,.F.);
#6424=EDGE_CURVE('',#3638,#3639,#2061,.T.);
#6426=EDGE_CURVE('',#3638,#3675,#2145,.T.);
#6428=EDGE_CURVE('',#3675,#3655,#2121,.T.);
#6430=EDGE_CURVE('',#3653,#3655,#2105,.T.);
#6432=EDGE_CURVE('',#3651,#3653,#2097,.T.);
#6434=EDGE_CURVE('',#3651,#3639,#2085,.T.);
#6438=ADVANCED_FACE('',(#6437),#6423,.F.);
#6445=EDGE_CURVE('',#3643,#3645,#2367,.T.);
#6447=EDGE_CURVE('',#3657,#3645,#2355,.T.);
#6449=EDGE_CURVE('',#3648,#3657,#2343,.T.);
#6451=EDGE_CURVE('',#3648,#3649,#2315,.T.);
#6453=EDGE_CURVE('',#3642,#3649,#2307,.T.);
#6457=ADVANCED_FACE('',(#6456),#6443,.F.);
#6464=EDGE_CURVE('',#3639,#3049,#2065,.T.);
#6466=EDGE_CURVE('',#3053,#3049,#2647,.T.);
#6468=EDGE_CURVE('',#3027,#3053,#2627,.T.);
#6474=EDGE_CURVE('',#3638,#3393,#2081,.T.);
#6478=ADVANCED_FACE('',(#6477),#6462,.F.);
#6485=EDGE_CURVE('',#3048,#3651,#2089,.T.);
#6487=EDGE_CURVE('',#3048,#3049,#2093,.T.);
#6492=ADVANCED_FACE('',(#6491),#6483,.F.);
#6499=EDGE_CURVE('',#3057,#3653,#2113,.T.);
#6501=EDGE_CURVE('',#3057,#3048,#2101,.T.);
#6506=ADVANCED_FACE('',(#6505),#6497,.F.);
#6513=EDGE_CURVE('',#3059,#3655,#2117,.T.);
#6515=EDGE_CURVE('',#3059,#3057,#2109,.T.);
#6520=ADVANCED_FACE('',(#6519),#6511,.F.);
#6528=EDGE_CURVE('',#3675,#3427,#2125,.T.);
#6530=EDGE_CURVE('',#3059,#3427,#2129,.T.);
#6534=ADVANCED_FACE('',(#6533),#6525,.F.);
#6540=EDGE_CURVE('',#3664,#3665,#2133,.T.);
#6542=EDGE_CURVE('',#3347,#3664,#2475,.T.);
#6544=EDGE_CURVE('',#3347,#3429,#2137,.T.);
#6550=ADVANCED_FACE('',(#6549),#6539,.F.);
#6559=EDGE_CURVE('',#3358,#3374,#2149,.T.);
#6561=EDGE_CURVE('',#3399,#3374,#2196,.T.);
#6563=EDGE_CURVE('',#3401,#3399,#2255,.T.);
#6565=EDGE_CURVE('',#3401,#3397,#2615,.T.);
#6567=EDGE_CURVE('',#3396,#3397,#2619,.T.);
#6569=EDGE_CURVE('',#3427,#3396,#2659,.T.);
#6574=ADVANCED_FACE('',(#6573),#6555,.T.);
#6581=EDGE_CURVE('',#3359,#3375,#2163,.T.);
#6583=EDGE_CURVE('',#3374,#3375,#2201,.T.);
#6588=ADVANCED_FACE('',(#6587),#6579,.F.);
#6595=EDGE_CURVE('',#3435,#3441,#2175,.T.);
#6597=EDGE_CURVE('',#3440,#3441,#2159,.T.);
#6599=EDGE_CURVE('',#3375,#3440,#2205,.T.);
#6605=ADVANCED_FACE('',(#6604),#6593,.T.);
#6613=EDGE_CURVE('',#3443,#3441,#2171,.T.);
#6618=ADVANCED_FACE('',(#6617),#6610,.T.);
#6627=EDGE_CURVE('',#3445,#3440,#2179,.T.);
#6631=ADVANCED_FACE('',(#6630),#6623,.T.);
#6642=EDGE_CURVE('',#3391,#3399,#2239,.T.);
#6649=ADVANCED_FACE('',(#6648),#6636,.F.);
#6655=EDGE_CURVE('',#3461,#3456,#2209,.T.);
#6657=EDGE_CURVE('',#3461,#3370,#2213,.T.);
#6659=EDGE_CURVE('',#3370,#3371,#2218,.T.);
#6661=EDGE_CURVE('',#3371,#3421,#2222,.T.);
#6663=EDGE_CURVE('',#3413,#3421,#2291,.T.);
#6667=EDGE_CURVE('',#3366,#3367,#2231,.T.);
#6669=EDGE_CURVE('',#3367,#3456,#2235,.T.);
#6673=ADVANCED_FACE('',(#6672),#6654,.F.);
#6681=EDGE_CURVE('',#2869,#2864,#2287,.T.);
#6683=EDGE_CURVE('',#2869,#3009,#2247,.T.);
#6685=EDGE_CURVE('',#3013,#3009,#2603,.T.);
#6687=EDGE_CURVE('',#2827,#3013,#2595,.T.);
#6690=EDGE_CURVE('',#3401,#3000,#2251,.T.);
#6695=ADVANCED_FACE('',(#6694),#6678,.F.);
#6701=EDGE_CURVE('',#2856,#2857,#2259,.T.);
#6703=EDGE_CURVE('',#2857,#2859,#2263,.T.);
#6705=EDGE_CURVE('',#2859,#2861,#2267,.T.);
#6710=ADVANCED_FACE('',(#6709),#6700,.F.);
#6717=EDGE_CURVE('',#2865,#2867,#2279,.T.);
#6719=EDGE_CURVE('',#2867,#2869,#2283,.T.);
#6724=ADVANCED_FACE('',(#6723),#6715,.F.);
#6731=EDGE_CURVE('',#3423,#3421,#2295,.T.);
#6733=EDGE_CURVE('',#3423,#3005,#2299,.T.);
#6736=EDGE_CURVE('',#2835,#3018,#2303,.T.);
#6738=EDGE_CURVE('',#3022,#3018,#2567,.T.);
#6740=EDGE_CURVE('',#2857,#3022,#2559,.T.);
#6746=ADVANCED_FACE('',(#6745),#6729,.F.);
#6753=EDGE_CURVE('',#3649,#3425,#2323,.T.);
#6755=EDGE_CURVE('',#3425,#3417,#2415,.T.);
#6757=EDGE_CURVE('',#3416,#3417,#2391,.T.);
#6759=EDGE_CURVE('',#3416,#3423,#2427,.T.);
#6763=EDGE_CURVE('',#3355,#3371,#2311,.T.);
#6769=ADVANCED_FACE('',(#6768),#6751,.T.);
#6776=EDGE_CURVE('',#3037,#3648,#2351,.T.);
#6778=EDGE_CURVE('',#3425,#3037,#2319,.T.);
#6783=ADVANCED_FACE('',(#6782),#6774,.F.);
#6789=EDGE_CURVE('',#3660,#3661,#2327,.T.);
#6793=EDGE_CURVE('',#3328,#3329,#2335,.T.);
#6795=EDGE_CURVE('',#3328,#3660,#2339,.T.);
#6799=ADVANCED_FACE('',(#6798),#6788,.F.);
#6806=EDGE_CURVE('',#3036,#3657,#2363,.T.);
#6808=EDGE_CURVE('',#3036,#3037,#2347,.T.);
#6813=ADVANCED_FACE('',(#6812),#6804,.F.);
#6820=EDGE_CURVE('',#3039,#3645,#2379,.T.);
#6822=EDGE_CURVE('',#3039,#3036,#2359,.T.);
#6827=ADVANCED_FACE('',(#6826),#6818,.F.);
#6835=EDGE_CURVE('',#3045,#3039,#2375,.T.);
#6840=ADVANCED_FACE('',(#6839),#6832,.F.);
#6846=EDGE_CURVE('',#3043,#3041,#2407,.T.);
#6848=EDGE_CURVE('',#3039,#3041,#2383,.T.);
#6854=ADVANCED_FACE('',(#6853),#6845,.T.);
#6861=EDGE_CURVE('',#3417,#3033,#2395,.T.);
#6863=EDGE_CURVE('',#3032,#3033,#2399,.T.);
#6865=EDGE_CURVE('',#3041,#3032,#2403,.T.);
#6870=EDGE_CURVE('',#3416,#3004,#2411,.T.);
#6874=ADVANCED_FACE('',(#6873),#6859,.F.);
#6882=EDGE_CURVE('',#3037,#3033,#2419,.T.);
#6887=ADVANCED_FACE('',(#6886),#6879,.T.);
#6896=EDGE_CURVE('',#3036,#3032,#2423,.T.);
#6900=ADVANCED_FACE('',(#6899),#6892,.T.);
#6912=ADVANCED_FACE('',(#6911),#6905,.T.);
#6924=ADVANCED_FACE('',(#6923),#6917,.T.);
#6931=EDGE_CURVE('',#3673,#3660,#2431,.T.);
#6933=EDGE_CURVE('',#3672,#3673,#2439,.T.);
#6938=ADVANCED_FACE('',(#6937),#6929,.T.);
#6946=EDGE_CURVE('',#3667,#3669,#2455,.T.);
#6948=EDGE_CURVE('',#3664,#3667,#2471,.T.);
#6952=ADVANCED_FACE('',(#6951),#6943,.T.);
#6961=EDGE_CURVE('',#3335,#3673,#2435,.T.);
#6965=ADVANCED_FACE('',(#6964),#6957,.F.);
#6973=EDGE_CURVE('',#3332,#3335,#2443,.T.);
#6979=ADVANCED_FACE('',(#6978),#6970,.F.);
#6991=ADVANCED_FACE('',(#6990),#6984,.T.);
#7000=EDGE_CURVE('',#3341,#3345,#2463,.T.);
#7002=EDGE_CURVE('',#3345,#3667,#2467,.T.);
#7006=ADVANCED_FACE('',(#7005),#6996,.F.);
#7018=ADVANCED_FACE('',(#7017),#7011,.T.);
#7030=ADVANCED_FACE('',(#7029),#7023,.F.);
#7042=ADVANCED_FACE('',(#7041),#7035,.T.);
#7051=EDGE_CURVE('',#3354,#3370,#2483,.T.);
#7055=ADVANCED_FACE('',(#7054),#7047,.F.);
#7061=EDGE_CURVE('',#3448,#3449,#2488,.T.);
#7066=EDGE_CURVE('',#3459,#3461,#2493,.T.);
#7068=EDGE_CURVE('',#3449,#3459,#2497,.T.);
#7072=ADVANCED_FACE('',(#7071),#7060,.T.);
#7079=EDGE_CURVE('',#3451,#3449,#2501,.T.);
#7081=EDGE_CURVE('',#3451,#3453,#2514,.T.);
#7086=ADVANCED_FACE('',(#7085),#7077,.T.);
#7094=EDGE_CURVE('',#3459,#3457,#2505,.T.);
#7096=EDGE_CURVE('',#3451,#3457,#2509,.T.);
#7100=ADVANCED_FACE('',(#7099),#7091,.T.);
#7106=EDGE_CURVE('',#3456,#3457,#2519,.T.);
#7113=ADVANCED_FACE('',(#7112),#7105,.T.);
#7123=EDGE_CURVE('',#3351,#3367,#2523,.T.);
#7128=ADVANCED_FACE('',(#7127),#7118,.T.);
#7140=ADVANCED_FACE('',(#7139),#7133,.T.);
#7148=EDGE_CURVE('',#3019,#3489,#2535,.T.);
#7150=EDGE_CURVE('',#3018,#3019,#2539,.T.);
#7156=ADVANCED_FACE('',(#7155),#7145,.F.);
#7164=EDGE_CURVE('',#3023,#3025,#2547,.T.);
#7166=EDGE_CURVE('',#3023,#3019,#2563,.T.);
#7170=ADVANCED_FACE('',(#7169),#7161,.T.);
#7179=EDGE_CURVE('',#2859,#3023,#2551,.T.);
#7183=ADVANCED_FACE('',(#7182),#7175,.F.);
#7189=EDGE_CURVE('',#3022,#3023,#2555,.T.);
#7196=ADVANCED_FACE('',(#7195),#7188,.F.);
#7208=ADVANCED_FACE('',(#7207),#7201,.T.);
#7214=EDGE_CURVE('',#3015,#3008,#2571,.T.);
#7216=EDGE_CURVE('',#2867,#3008,#2611,.T.);
#7222=ADVANCED_FACE('',(#7221),#7213,.F.);
#7228=EDGE_CURVE('',#3487,#3012,#2587,.T.);
#7230=EDGE_CURVE('',#3008,#3012,#2579,.T.);
#7236=ADVANCED_FACE('',(#7235),#7227,.T.);
#7247=EDGE_CURVE('',#3012,#3013,#2599,.T.);
#7251=ADVANCED_FACE('',(#7250),#7241,.F.);
#7257=EDGE_CURVE('',#3008,#3009,#2607,.T.);
#7264=ADVANCED_FACE('',(#7263),#7256,.T.);
#7276=ADVANCED_FACE('',(#7275),#7269,.F.);
#7285=EDGE_CURVE('',#3397,#3001,#2623,.T.);
#7289=ADVANCED_FACE('',(#7288),#7281,.T.);
#7299=EDGE_CURVE('',#3052,#3053,#2631,.T.);
#7301=EDGE_CURVE('',#3055,#3052,#2635,.T.);
#7303=EDGE_CURVE('',#3061,#3055,#2639,.T.);
#7305=EDGE_CURVE('',#3061,#3396,#2643,.T.);
#7309=ADVANCED_FACE('',(#7308),#7294,.F.);
#7316=EDGE_CURVE('',#3048,#3052,#2651,.T.);
#7322=ADVANCED_FACE('',(#7321),#7314,.T.);
#7331=EDGE_CURVE('',#3057,#3055,#2655,.T.);
#7335=ADVANCED_FACE('',(#7334),#7327,.T.);
#7342=EDGE_CURVE('',#3059,#3061,#2663,.T.);
#7348=ADVANCED_FACE('',(#7347),#7340,.T.);
#7360=ADVANCED_FACE('',(#7359),#7353,.T.);
#7372=ADVANCED_FACE('',(#7371),#7365,.T.);
#7384=ADVANCED_FACE('',(#7383),#7377,.T.);
#7391=EDGE_CURVE('',#3135,#3123,#2675,.T.);
#7393=EDGE_CURVE('',#3123,#3125,#2727,.T.);
#7398=ADVANCED_FACE('',(#7397),#7389,.T.);
#7404=EDGE_CURVE('',#3101,#3121,#2679,.T.);
#7406=EDGE_CURVE('',#3121,#3123,#2731,.T.);
#7411=EDGE_CURVE('',#3109,#3101,#2683,.T.);
#7415=ADVANCED_FACE('',(#7414),#7403,.T.);
#7422=EDGE_CURVE('',#3117,#3112,#2707,.T.);
#7425=EDGE_CURVE('',#3096,#3097,#2695,.T.);
#7429=ADVANCED_FACE('',(#7428),#7420,.T.);
#7436=EDGE_CURVE('',#3120,#3121,#2719,.T.);
#7439=EDGE_CURVE('',#3100,#3101,#2699,.T.);
#7443=ADVANCED_FACE('',(#7442),#7434,.T.);
#7455=ADVANCED_FACE('',(#7454),#7448,.T.);
#7467=ADVANCED_FACE('',(#7466),#7460,.T.);
#7479=ADVANCED_FACE('',(#7478),#7472,.T.);
#7491=ADVANCED_FACE('',(#7490),#7484,.T.);
#7500=EDGE_CURVE('',#2997,#2995,#2743,.T.);
#7504=ADVANCED_FACE('',(#7503),#7496,.T.);
#7511=EDGE_CURVE('',#2997,#3501,#2747,.T.);
#7517=ADVANCED_FACE('',(#7516),#7509,.F.);
#7529=ADVANCED_FACE('',(#7528),#7522,.F.);
#7541=ADVANCED_FACE('',(#7540),#7534,.F.);
#7549=EDGE_CURVE('',#3064,#3065,#2767,.T.);
#7551=EDGE_CURVE('',#3081,#3065,#2803,.T.);
#7555=ADVANCED_FACE('',(#7554),#7546,.T.);
#7563=EDGE_CURVE('',#3067,#3069,#2775,.T.);
#7565=EDGE_CURVE('',#3065,#3067,#2779,.T.);
#7569=ADVANCED_FACE('',(#7568),#7560,.T.);
#7576=EDGE_CURVE('',#3077,#3072,#2787,.T.);
#7578=EDGE_CURVE('',#3075,#3077,#2791,.T.);
#7580=EDGE_CURVE('',#3073,#3075,#2795,.T.);
#7584=ADVANCED_FACE('',(#7583),#7574,.T.);
#7591=EDGE_CURVE('',#3083,#3067,#2799,.T.);
#7597=ADVANCED_FACE('',(#7596),#7589,.T.);
#7609=ADVANCED_FACE('',(#7608),#7602,.T.);
#7616=EDGE_CURVE('',#3091,#3077,#2807,.T.);
#7622=ADVANCED_FACE('',(#7621),#7614,.T.);
#7629=EDGE_CURVE('',#3089,#3075,#2811,.T.);
#7635=ADVANCED_FACE('',(#7634),#7627,.T.);
#7647=ADVANCED_FACE('',(#7646),#7640,.T.);
#7648=CLOSED_SHELL('',(#3761,#3846,#3863,#3879,#3944,#3958,#3972,#3985,#3998,
#4014,#4110,#4126,#4142,#4155,#4175,#4190,#4205,#4219,#4232,#4245,#4257,#4271,
#4287,#4301,#4315,#4329,#4345,#4360,#4373,#4386,#4398,#4411,#4425,#4438,#4450,
#4466,#4481,#4495,#4510,#4525,#4538,#4550,#4563,#4576,#4588,#4604,#4619,#4633,
#4648,#4663,#4676,#4688,#4701,#4714,#4726,#4742,#4757,#4771,#4786,#4801,#4814,
#4826,#4839,#4852,#4864,#4880,#4895,#4909,#4924,#4939,#4952,#4964,#4977,#4990,
#5002,#5015,#5028,#5040,#5055,#5069,#5083,#5097,#5111,#5125,#5138,#5153,#5171,
#5185,#5229,#5244,#5276,#5296,#5311,#5327,#5357,#5385,#5400,#5418,#5432,#5446,
#5461,#5480,#5496,#5526,#5540,#5555,#5574,#5588,#5602,#5617,#5633,#5657,#5679,
#5698,#5716,#5730,#5743,#5760,#5772,#5786,#5800,#5814,#5829,#5850,#5866,#5878,
#5890,#5903,#5916,#5928,#5942,#5955,#5968,#5980,#6001,#6015,#6029,#6044,#6062,
#6088,#6103,#6117,#6132,#6151,#6165,#6178,#6195,#6209,#6231,#6245,#6258,#6272,
#6285,#6299,#6312,#6329,#6343,#6382,#6396,#6418,#6438,#6457,#6478,#6492,#6506,
#6520,#6534,#6550,#6574,#6588,#6605,#6618,#6631,#6649,#6673,#6695,#6710,#6724,
#6746,#6769,#6783,#6799,#6813,#6827,#6840,#6854,#6874,#6887,#6900,#6912,#6924,
#6938,#6952,#6965,#6979,#6991,#7006,#7018,#7030,#7042,#7055,#7072,#7086,#7100,
#7113,#7128,#7140,#7156,#7170,#7183,#7196,#7208,#7222,#7236,#7251,#7264,#7276,
#7289,#7309,#7322,#7335,#7348,#7360,#7372,#7384,#7398,#7415,#7429,#7443,#7455,
#7467,#7479,#7491,#7504,#7517,#7529,#7541,#7555,#7569,#7584,#7597,#7609,#7622,
#7635,#7647));
#7649=MANIFOLD_SOLID_BREP('',#7648);
#7650=(LENGTH_UNIT()NAMED_UNIT(*)SI_UNIT(.MILLI.,.METRE.));
#7651=(NAMED_UNIT(*)PLANE_ANGLE_UNIT()SI_UNIT($,.RADIAN.));
#7654=(NAMED_UNIT(*)SI_UNIT($,.STERADIAN.)SOLID_ANGLE_UNIT());
#7656=(GEOMETRIC_REPRESENTATION_CONTEXT(3)GLOBAL_UNCERTAINTY_ASSIGNED_CONTEXT((
#7655))GLOBAL_UNIT_ASSIGNED_CONTEXT((#7650,#7653,#7654))REPRESENTATION_CONTEXT(
'ID1','3'));
#7657=ADVANCED_BREP_SHAPE_REPRESENTATION('',(#7649),#7656);
#7664=PRODUCT_DEFINITION('part definition','',#7663,#7660);
#7665=PRODUCT_DEFINITION_SHAPE('','SHAPE FOR C-2360547-5.',#7664);
#7666=SHAPE_ASPECT('','solid data associated with C-2360547-5',#7665,.F.);
#7667=PROPERTY_DEFINITION('',
'shape for solid data with which properties are associated',#7666);
#7668=SHAPE_REPRESENTATION('',(#7649),#7656);
#7669=SHAPE_DEFINITION_REPRESENTATION(#7667,#7668);
#7670=(LENGTH_UNIT()NAMED_UNIT(*)SI_UNIT(.MILLI.,.METRE.));
#7674=PROPERTY_DEFINITION('geometric validation property','area of C-2360547-5',
#7666);
#7675=REPRESENTATION('surface area',(#7673),#7656);
#7676=PROPERTY_DEFINITION_REPRESENTATION(#7674,#7675);
#7677=(LENGTH_UNIT()NAMED_UNIT(*)SI_UNIT(.MILLI.,.METRE.));
#7681=PROPERTY_DEFINITION('geometric validation property',
'volume of C-2360547-5',#7666);
#7682=REPRESENTATION('volume',(#7680),#7656);
#7683=PROPERTY_DEFINITION_REPRESENTATION(#7681,#7682);
#7685=PROPERTY_DEFINITION('geometric validation property',
'centroid of C-2360547-5',#7666);
#7686=REPRESENTATION('centroid',(#7684),#7656);
#7687=PROPERTY_DEFINITION_REPRESENTATION(#7685,#7686);
#7688=(LENGTH_UNIT()NAMED_UNIT(*)SI_UNIT(.MILLI.,.METRE.));
#7692=PROPERTY_DEFINITION('geometric validation property','area of C-2360547-5',
#7665);
#7693=REPRESENTATION('surface area',(#7691),#7656);
#7694=PROPERTY_DEFINITION_REPRESENTATION(#7692,#7693);
#7695=(LENGTH_UNIT()NAMED_UNIT(*)SI_UNIT(.MILLI.,.METRE.));
#7699=PROPERTY_DEFINITION('geometric validation property',
'volume of C-2360547-5',#7665);
#7700=REPRESENTATION('volume',(#7698),#7656);
#7701=PROPERTY_DEFINITION_REPRESENTATION(#7699,#7700);
#7703=PROPERTY_DEFINITION('geometric validation property',
'centroid of C-2360547-5',#7665);
#7704=REPRESENTATION('centroid',(#7702),#7656);
#7705=PROPERTY_DEFINITION_REPRESENTATION(#7703,#7704);
#7706=SHAPE_DEFINITION_REPRESENTATION(#7665,#7657);
ENDSEC;
END-ISO-10303-21;
