ISO-10303-21;
HEADER;
FILE_DESCRIPTION((''),'2;1');
FILE_NAME('C-2360547-8','2022-11-18T03:06:10',('workeradm'),(
'TE Connectivity Ltd.'),'CREO PARAMETRIC BY PTC INC, 2021072',
'CREO PARAMETRIC BY PTC INC, 2021072','');
FILE_SCHEMA(('AUTOMOTIVE_DESIGN { 1 0 10303 214 1 1 1 1 }'));
ENDSEC;
DATA;
#134=DIRECTION('',(1.E0,0.E0,0.E0));
#135=VECTOR('',#134,3.15E-1);
#136=CARTESIAN_POINT('',(6.46E0,-2.4E0,0.E0));
#137=LINE('',#136,#135);
#138=DIRECTION('',(0.E0,-1.E0,0.E0));
#139=VECTOR('',#138,1.E-1);
#140=CARTESIAN_POINT('',(6.46E0,-2.4E0,0.E0));
#141=LINE('',#140,#139);
#142=DIRECTION('',(1.E0,0.E0,0.E0));
#143=VECTOR('',#142,1.132E1);
#144=CARTESIAN_POINT('',(-5.66E0,-2.4E0,0.E0));
#145=LINE('',#144,#143);
#146=DIRECTION('',(0.E0,-1.E0,0.E0));
#147=VECTOR('',#146,1.E-1);
#148=CARTESIAN_POINT('',(-5.66E0,-2.4E0,0.E0));
#149=LINE('',#148,#147);
#150=DIRECTION('',(1.E0,0.E0,0.E0));
#151=VECTOR('',#150,3.15E-1);
#152=CARTESIAN_POINT('',(-6.775E0,-2.4E0,0.E0));
#153=LINE('',#152,#151);
#154=DIRECTION('',(7.071067811865E-1,-7.071067811865E-1,0.E0));
#155=VECTOR('',#154,2.121320343560E-1);
#156=CARTESIAN_POINT('',(-6.925E0,-2.25E0,0.E0));
#157=LINE('',#156,#155);
#158=DIRECTION('',(0.E0,-1.E0,0.E0));
#159=VECTOR('',#158,1.25E0);
#160=CARTESIAN_POINT('',(-6.925E0,-1.E0,0.E0));
#161=LINE('',#160,#159);
#162=DIRECTION('',(0.E0,1.E0,0.E0));
#163=VECTOR('',#162,2.E-1);
#164=CARTESIAN_POINT('',(-6.925E0,-1.E0,0.E0));
#165=LINE('',#164,#163);
#166=DIRECTION('',(0.E0,-1.E0,0.E0));
#167=VECTOR('',#166,4.5E-1);
#168=CARTESIAN_POINT('',(-6.925E0,-3.5E-1,0.E0));
#169=LINE('',#168,#167);
#170=DIRECTION('',(1.E0,0.E0,0.E0));
#171=VECTOR('',#170,7.75E-1);
#172=CARTESIAN_POINT('',(-7.7E0,-3.5E-1,0.E0));
#173=LINE('',#172,#171);
#174=DIRECTION('',(0.E0,-1.E0,0.E0));
#175=VECTOR('',#174,2.75E0);
#176=CARTESIAN_POINT('',(-7.7E0,2.4E0,0.E0));
#177=LINE('',#176,#175);
#178=DIRECTION('',(-1.E0,0.E0,0.E0));
#179=VECTOR('',#178,1.54E1);
#180=CARTESIAN_POINT('',(7.7E0,2.4E0,0.E0));
#181=LINE('',#180,#179);
#182=DIRECTION('',(0.E0,1.E0,0.E0));
#183=VECTOR('',#182,2.75E0);
#184=CARTESIAN_POINT('',(7.7E0,-3.5E-1,0.E0));
#185=LINE('',#184,#183);
#186=DIRECTION('',(1.E0,0.E0,0.E0));
#187=VECTOR('',#186,7.75E-1);
#188=CARTESIAN_POINT('',(6.925E0,-3.5E-1,0.E0));
#189=LINE('',#188,#187);
#190=DIRECTION('',(0.E0,1.E0,0.E0));
#191=VECTOR('',#190,4.5E-1);
#192=CARTESIAN_POINT('',(6.925E0,-8.E-1,0.E0));
#193=LINE('',#192,#191);
#194=DIRECTION('',(0.E0,-1.E0,0.E0));
#195=VECTOR('',#194,2.E-1);
#196=CARTESIAN_POINT('',(6.925E0,-8.E-1,0.E0));
#197=LINE('',#196,#195);
#198=DIRECTION('',(0.E0,1.E0,0.E0));
#199=VECTOR('',#198,1.25E0);
#200=CARTESIAN_POINT('',(6.925E0,-2.25E0,0.E0));
#201=LINE('',#200,#199);
#202=DIRECTION('',(7.071067811865E-1,7.071067811865E-1,0.E0));
#203=VECTOR('',#202,2.121320343560E-1);
#204=CARTESIAN_POINT('',(6.775E0,-2.4E0,0.E0));
#205=LINE('',#204,#203);
#206=DIRECTION('',(0.E0,1.E0,0.E0));
#207=VECTOR('',#206,1.325E0);
#208=CARTESIAN_POINT('',(4.925E0,5.E-1,0.E0));
#209=LINE('',#208,#207);
#210=DIRECTION('',(1.E0,0.E0,0.E0));
#211=VECTOR('',#210,5.E-1);
#212=CARTESIAN_POINT('',(4.425E0,5.E-1,0.E0));
#213=LINE('',#212,#211);
#214=DIRECTION('',(0.E0,-1.E0,0.E0));
#215=VECTOR('',#214,1.325E0);
#216=CARTESIAN_POINT('',(4.425E0,1.825E0,0.E0));
#217=LINE('',#216,#215);
#218=DIRECTION('',(0.E0,1.E0,0.E0));
#219=VECTOR('',#218,1.325E0);
#220=CARTESIAN_POINT('',(-4.425E0,5.E-1,0.E0));
#221=LINE('',#220,#219);
#222=DIRECTION('',(1.E0,0.E0,0.E0));
#223=VECTOR('',#222,5.E-1);
#224=CARTESIAN_POINT('',(-4.925E0,5.E-1,0.E0));
#225=LINE('',#224,#223);
#226=DIRECTION('',(0.E0,-1.E0,0.E0));
#227=VECTOR('',#226,1.325E0);
#228=CARTESIAN_POINT('',(-4.925E0,1.825E0,0.E0));
#229=LINE('',#228,#227);
#230=DIRECTION('',(0.E0,-1.E0,0.E0));
#231=VECTOR('',#230,1.325E0);
#232=CARTESIAN_POINT('',(-5.485E0,1.825E0,0.E0));
#233=LINE('',#232,#231);
#234=DIRECTION('',(-1.E0,0.E0,0.E0));
#235=VECTOR('',#234,3.E-1);
#236=CARTESIAN_POINT('',(-5.485E0,5.E-1,0.E0));
#237=LINE('',#236,#235);
#238=DIRECTION('',(0.E0,-1.E0,0.E0));
#239=VECTOR('',#238,1.E0);
#240=CARTESIAN_POINT('',(-5.785E0,1.5E0,0.E0));
#241=LINE('',#240,#239);
#242=DIRECTION('',(0.E0,-1.E0,0.E0));
#243=VECTOR('',#242,3.486602540378E0);
#244=CARTESIAN_POINT('',(-6.701602540378E0,1.5E0,0.E0));
#245=LINE('',#244,#243);
#246=DIRECTION('',(-1.E0,0.E0,0.E0));
#247=VECTOR('',#246,1.340320508076E1);
#248=CARTESIAN_POINT('',(6.701602540378E0,-1.986602540378E0,0.E0));
#249=LINE('',#248,#247);
#250=DIRECTION('',(0.E0,1.E0,0.E0));
#251=VECTOR('',#250,3.986602540378E0);
#252=CARTESIAN_POINT('',(6.701602540378E0,-1.986602540378E0,0.E0));
#253=LINE('',#252,#251);
#254=DIRECTION('',(0.E0,1.E0,0.E0));
#255=VECTOR('',#254,1.5E0);
#256=CARTESIAN_POINT('',(5.785E0,5.E-1,0.E0));
#257=LINE('',#256,#255);
#258=DIRECTION('',(-1.E0,0.E0,0.E0));
#259=VECTOR('',#258,3.E-1);
#260=CARTESIAN_POINT('',(5.785E0,5.E-1,0.E0));
#261=LINE('',#260,#259);
#262=DIRECTION('',(0.E0,1.E0,0.E0));
#263=VECTOR('',#262,1.325E0);
#264=CARTESIAN_POINT('',(5.485E0,5.E-1,0.E0));
#265=LINE('',#264,#263);
#266=DIRECTION('',(0.E0,0.E0,1.E0));
#267=VECTOR('',#266,2.380697205048E-1);
#268=CARTESIAN_POINT('',(3.6E0,-2.4E0,-5.8E0));
#269=LINE('',#268,#267);
#270=DIRECTION('',(0.E0,0.E0,1.E0));
#271=VECTOR('',#270,2.380697205048E-1);
#272=CARTESIAN_POINT('',(2.4E0,-2.4E0,-5.8E0));
#273=LINE('',#272,#271);
#274=DIRECTION('',(1.E0,0.E0,0.E0));
#275=VECTOR('',#274,3.E-1);
#276=CARTESIAN_POINT('',(2.1E0,-2.4E0,-5.561930279495E0));
#277=LINE('',#276,#275);
#278=DIRECTION('',(0.E0,0.E0,1.E0));
#279=VECTOR('',#278,2.380697205048E-1);
#280=CARTESIAN_POINT('',(2.1E0,-2.4E0,-5.8E0));
#281=LINE('',#280,#279);
#282=DIRECTION('',(0.E0,0.E0,1.E0));
#283=VECTOR('',#282,2.380697205048E-1);
#284=CARTESIAN_POINT('',(9.E-1,-2.4E0,-5.8E0));
#285=LINE('',#284,#283);
#286=DIRECTION('',(1.E0,0.E0,0.E0));
#287=VECTOR('',#286,3.E-1);
#288=CARTESIAN_POINT('',(6.E-1,-2.4E0,-5.561930279495E0));
#289=LINE('',#288,#287);
#290=DIRECTION('',(0.E0,0.E0,1.E0));
#291=VECTOR('',#290,2.380697205048E-1);
#292=CARTESIAN_POINT('',(6.E-1,-2.4E0,-5.8E0));
#293=LINE('',#292,#291);
#294=DIRECTION('',(0.E0,0.E0,1.E0));
#295=VECTOR('',#294,2.380697205048E-1);
#296=CARTESIAN_POINT('',(-6.E-1,-2.4E0,-5.8E0));
#297=LINE('',#296,#295);
#298=DIRECTION('',(1.E0,0.E0,0.E0));
#299=VECTOR('',#298,3.E-1);
#300=CARTESIAN_POINT('',(-9.E-1,-2.4E0,-5.561930279495E0));
#301=LINE('',#300,#299);
#302=DIRECTION('',(0.E0,0.E0,1.E0));
#303=VECTOR('',#302,2.380697205048E-1);
#304=CARTESIAN_POINT('',(-9.E-1,-2.4E0,-5.8E0));
#305=LINE('',#304,#303);
#306=DIRECTION('',(0.E0,0.E0,1.E0));
#307=VECTOR('',#306,2.380697205048E-1);
#308=CARTESIAN_POINT('',(-2.1E0,-2.4E0,-5.8E0));
#309=LINE('',#308,#307);
#310=DIRECTION('',(1.E0,0.E0,0.E0));
#311=VECTOR('',#310,3.E-1);
#312=CARTESIAN_POINT('',(-2.4E0,-2.4E0,-5.561930279495E0));
#313=LINE('',#312,#311);
#314=DIRECTION('',(0.E0,0.E0,1.E0));
#315=VECTOR('',#314,2.380697205048E-1);
#316=CARTESIAN_POINT('',(-2.4E0,-2.4E0,-5.8E0));
#317=LINE('',#316,#315);
#318=DIRECTION('',(0.E0,0.E0,1.E0));
#319=VECTOR('',#318,2.380697205048E-1);
#320=CARTESIAN_POINT('',(-3.6E0,-2.4E0,-5.8E0));
#321=LINE('',#320,#319);
#322=DIRECTION('',(1.E0,0.E0,0.E0));
#323=VECTOR('',#322,3.E-1);
#324=CARTESIAN_POINT('',(-3.9E0,-2.4E0,-5.561930279495E0));
#325=LINE('',#324,#323);
#326=DIRECTION('',(0.E0,0.E0,1.E0));
#327=VECTOR('',#326,2.380697205048E-1);
#328=CARTESIAN_POINT('',(-3.9E0,-2.4E0,-5.8E0));
#329=LINE('',#328,#327);
#330=DIRECTION('',(0.E0,0.E0,1.E0));
#331=VECTOR('',#330,9.E-1);
#332=CARTESIAN_POINT('',(-4.95E0,-2.4E0,-5.8E0));
#333=LINE('',#332,#331);
#334=DIRECTION('',(1.E0,0.E0,0.E0));
#335=VECTOR('',#334,5.E-1);
#336=CARTESIAN_POINT('',(-5.45E0,-2.4E0,-4.9E0));
#337=LINE('',#336,#335);
#338=DIRECTION('',(0.E0,0.E0,1.E0));
#339=VECTOR('',#338,9.E-1);
#340=CARTESIAN_POINT('',(-5.45E0,-2.4E0,-5.8E0));
#341=LINE('',#340,#339);
#342=DIRECTION('',(0.E0,0.E0,-1.E0));
#343=VECTOR('',#342,3.65E0);
#344=CARTESIAN_POINT('',(-7.7E0,-2.4E0,-2.15E0));
#345=LINE('',#344,#343);
#346=DIRECTION('',(0.E0,0.E0,-1.E0));
#347=VECTOR('',#346,2.15E0);
#348=CARTESIAN_POINT('',(-6.775E0,-2.4E0,0.E0));
#349=LINE('',#348,#347);
#350=DIRECTION('',(0.E0,0.E0,-1.E0));
#351=VECTOR('',#350,1.5E0);
#352=CARTESIAN_POINT('',(-6.46E0,-2.4E0,0.E0));
#353=LINE('',#352,#351);
#354=DIRECTION('',(1.E0,0.E0,0.E0));
#355=VECTOR('',#354,8.E-1);
#356=CARTESIAN_POINT('',(-6.46E0,-2.4E0,-1.5E0));
#357=LINE('',#356,#355);
#358=DIRECTION('',(0.E0,0.E0,-1.E0));
#359=VECTOR('',#358,1.5E0);
#360=CARTESIAN_POINT('',(-5.66E0,-2.4E0,0.E0));
#361=LINE('',#360,#359);
#362=DIRECTION('',(0.E0,0.E0,-1.E0));
#363=VECTOR('',#362,1.5E0);
#364=CARTESIAN_POINT('',(5.66E0,-2.4E0,0.E0));
#365=LINE('',#364,#363);
#366=DIRECTION('',(1.E0,0.E0,0.E0));
#367=VECTOR('',#366,8.E-1);
#368=CARTESIAN_POINT('',(5.66E0,-2.4E0,-1.5E0));
#369=LINE('',#368,#367);
#370=DIRECTION('',(0.E0,0.E0,-1.E0));
#371=VECTOR('',#370,1.5E0);
#372=CARTESIAN_POINT('',(6.46E0,-2.4E0,0.E0));
#373=LINE('',#372,#371);
#374=DIRECTION('',(0.E0,0.E0,1.E0));
#375=VECTOR('',#374,2.15E0);
#376=CARTESIAN_POINT('',(6.775E0,-2.4E0,-2.15E0));
#377=LINE('',#376,#375);
#378=DIRECTION('',(0.E0,0.E0,1.E0));
#379=VECTOR('',#378,9.E-1);
#380=CARTESIAN_POINT('',(5.45E0,-2.4E0,-5.8E0));
#381=LINE('',#380,#379);
#382=DIRECTION('',(-1.E0,0.E0,0.E0));
#383=VECTOR('',#382,5.E-1);
#384=CARTESIAN_POINT('',(5.45E0,-2.4E0,-4.9E0));
#385=LINE('',#384,#383);
#386=DIRECTION('',(0.E0,0.E0,1.E0));
#387=VECTOR('',#386,9.E-1);
#388=CARTESIAN_POINT('',(4.95E0,-2.4E0,-5.8E0));
#389=LINE('',#388,#387);
#390=DIRECTION('',(0.E0,0.E0,1.E0));
#391=VECTOR('',#390,2.380697205048E-1);
#392=CARTESIAN_POINT('',(3.9E0,-2.4E0,-5.8E0));
#393=LINE('',#392,#391);
#394=DIRECTION('',(1.E0,0.E0,0.E0));
#395=VECTOR('',#394,3.E-1);
#396=CARTESIAN_POINT('',(3.6E0,-2.4E0,-5.561930279495E0));
#397=LINE('',#396,#395);
#398=DIRECTION('',(0.E0,-9.993392221981E-1,-3.634720039470E-2));
#399=VECTOR('',#398,8.660243297136E-1);
#400=CARTESIAN_POINT('',(3.6E0,-2.4E0,-5.561930279495E0));
#401=LINE('',#400,#399);
#402=DIRECTION('',(0.E0,3.634720039469E-2,-9.993392221981E-1));
#403=VECTOR('',#402,3.E-1);
#404=CARTESIAN_POINT('',(3.6E0,-3.265452080061E0,-5.593407839354E0));
#405=LINE('',#404,#403);
#406=DIRECTION('',(0.E0,9.993392221981E-1,3.634720039469E-2));
#407=VECTOR('',#406,2.564423256846E0);
#408=CARTESIAN_POINT('',(3.6E0,-3.254547919942E0,-5.893209606013E0));
#409=LINE('',#408,#407);
#410=DIRECTION('',(0.E0,0.E0,1.E0));
#411=VECTOR('',#410,2.3E0);
#412=CARTESIAN_POINT('',(3.6E0,-2.5E-1,-4.4E0));
#413=LINE('',#412,#411);
#414=DIRECTION('',(0.E0,-1.E0,0.E0));
#415=VECTOR('',#414,3.E-1);
#416=CARTESIAN_POINT('',(3.6E0,-2.5E-1,-2.1E0));
#417=LINE('',#416,#415);
#418=DIRECTION('',(0.E0,0.E0,-1.E0));
#419=VECTOR('',#418,2.3E0);
#420=CARTESIAN_POINT('',(3.6E0,-5.5E-1,-2.1E0));
#421=LINE('',#420,#419);
#422=DIRECTION('',(0.E0,1.E0,0.E0));
#423=VECTOR('',#422,8.081808229414E-1);
#424=CARTESIAN_POINT('',(5.1E0,-1.5E0,-5.8E0));
#425=LINE('',#424,#423);
#426=DIRECTION('',(1.E0,0.E0,0.E0));
#427=VECTOR('',#426,3.E-1);
#428=CARTESIAN_POINT('',(5.1E0,-6.918191770586E-1,-5.8E0));
#429=LINE('',#428,#427);
#430=DIRECTION('',(0.E0,1.E0,0.E0));
#431=VECTOR('',#430,8.081808229414E-1);
#432=CARTESIAN_POINT('',(5.4E0,-1.5E0,-5.8E0));
#433=LINE('',#432,#431);
#434=DIRECTION('',(-1.E0,0.E0,0.E0));
#435=VECTOR('',#434,5.E-2);
#436=CARTESIAN_POINT('',(5.45E0,-1.5E0,-5.8E0));
#437=LINE('',#436,#435);
#438=DIRECTION('',(0.E0,1.E0,0.E0));
#439=VECTOR('',#438,9.E-1);
#440=CARTESIAN_POINT('',(5.45E0,-2.4E0,-5.8E0));
#441=LINE('',#440,#439);
#442=DIRECTION('',(1.E0,0.E0,0.E0));
#443=VECTOR('',#442,2.25E0);
#444=CARTESIAN_POINT('',(5.45E0,-2.4E0,-5.8E0));
#445=LINE('',#444,#443);
#446=DIRECTION('',(0.E0,1.E0,0.E0));
#447=VECTOR('',#446,1.8E0);
#448=CARTESIAN_POINT('',(7.7E0,-2.4E0,-5.8E0));
#449=LINE('',#448,#447);
#450=DIRECTION('',(0.E0,-1.E0,0.E0));
#451=VECTOR('',#450,3.E0);
#452=CARTESIAN_POINT('',(6.645E0,2.4E0,-5.8E0));
#453=LINE('',#452,#451);
#454=DIRECTION('',(-1.E0,0.E0,0.E0));
#455=VECTOR('',#454,1.329E1);
#456=CARTESIAN_POINT('',(6.645E0,2.4E0,-5.8E0));
#457=LINE('',#456,#455);
#458=DIRECTION('',(0.E0,1.E0,0.E0));
#459=VECTOR('',#458,3.E0);
#460=CARTESIAN_POINT('',(-6.645E0,-6.E-1,-5.8E0));
#461=LINE('',#460,#459);
#462=DIRECTION('',(0.E0,-1.E0,0.E0));
#463=VECTOR('',#462,1.8E0);
#464=CARTESIAN_POINT('',(-7.7E0,-6.E-1,-5.8E0));
#465=LINE('',#464,#463);
#466=DIRECTION('',(1.E0,0.E0,0.E0));
#467=VECTOR('',#466,2.25E0);
#468=CARTESIAN_POINT('',(-7.7E0,-2.4E0,-5.8E0));
#469=LINE('',#468,#467);
#470=DIRECTION('',(0.E0,1.E0,0.E0));
#471=VECTOR('',#470,9.E-1);
#472=CARTESIAN_POINT('',(-5.45E0,-2.4E0,-5.8E0));
#473=LINE('',#472,#471);
#474=DIRECTION('',(1.E0,0.E0,0.E0));
#475=VECTOR('',#474,5.E-2);
#476=CARTESIAN_POINT('',(-5.45E0,-1.5E0,-5.8E0));
#477=LINE('',#476,#475);
#478=DIRECTION('',(0.E0,1.E0,0.E0));
#479=VECTOR('',#478,8.081808229414E-1);
#480=CARTESIAN_POINT('',(-5.4E0,-1.5E0,-5.8E0));
#481=LINE('',#480,#479);
#482=DIRECTION('',(1.E0,0.E0,0.E0));
#483=VECTOR('',#482,3.E-1);
#484=CARTESIAN_POINT('',(-5.4E0,-6.918191770586E-1,-5.8E0));
#485=LINE('',#484,#483);
#486=DIRECTION('',(0.E0,1.E0,0.E0));
#487=VECTOR('',#486,8.081808229414E-1);
#488=CARTESIAN_POINT('',(-5.1E0,-1.5E0,-5.8E0));
#489=LINE('',#488,#487);
#490=DIRECTION('',(1.E0,0.E0,0.E0));
#491=VECTOR('',#490,1.5E-1);
#492=CARTESIAN_POINT('',(-5.1E0,-1.5E0,-5.8E0));
#493=LINE('',#492,#491);
#494=DIRECTION('',(0.E0,1.E0,0.E0));
#495=VECTOR('',#494,9.E-1);
#496=CARTESIAN_POINT('',(-4.95E0,-2.4E0,-5.8E0));
#497=LINE('',#496,#495);
#498=DIRECTION('',(1.E0,0.E0,0.E0));
#499=VECTOR('',#498,1.05E0);
#500=CARTESIAN_POINT('',(-4.95E0,-2.4E0,-5.8E0));
#501=LINE('',#500,#499);
#502=DIRECTION('',(0.E0,1.E0,0.E0));
#503=VECTOR('',#502,1.708180822941E0);
#504=CARTESIAN_POINT('',(-3.9E0,-2.4E0,-5.8E0));
#505=LINE('',#504,#503);
#506=DIRECTION('',(1.E0,0.E0,0.E0));
#507=VECTOR('',#506,3.E-1);
#508=CARTESIAN_POINT('',(-3.9E0,-6.918191770586E-1,-5.8E0));
#509=LINE('',#508,#507);
#510=DIRECTION('',(0.E0,1.E0,0.E0));
#511=VECTOR('',#510,1.708180822941E0);
#512=CARTESIAN_POINT('',(-3.6E0,-2.4E0,-5.8E0));
#513=LINE('',#512,#511);
#514=DIRECTION('',(1.E0,0.E0,0.E0));
#515=VECTOR('',#514,1.2E0);
#516=CARTESIAN_POINT('',(-3.6E0,-2.4E0,-5.8E0));
#517=LINE('',#516,#515);
#518=DIRECTION('',(0.E0,1.E0,0.E0));
#519=VECTOR('',#518,1.708180822941E0);
#520=CARTESIAN_POINT('',(-2.4E0,-2.4E0,-5.8E0));
#521=LINE('',#520,#519);
#522=DIRECTION('',(1.E0,0.E0,0.E0));
#523=VECTOR('',#522,3.E-1);
#524=CARTESIAN_POINT('',(-2.4E0,-6.918191770586E-1,-5.8E0));
#525=LINE('',#524,#523);
#526=DIRECTION('',(0.E0,1.E0,0.E0));
#527=VECTOR('',#526,1.708180822941E0);
#528=CARTESIAN_POINT('',(-2.1E0,-2.4E0,-5.8E0));
#529=LINE('',#528,#527);
#530=DIRECTION('',(1.E0,0.E0,0.E0));
#531=VECTOR('',#530,1.2E0);
#532=CARTESIAN_POINT('',(-2.1E0,-2.4E0,-5.8E0));
#533=LINE('',#532,#531);
#534=DIRECTION('',(0.E0,1.E0,0.E0));
#535=VECTOR('',#534,1.708180822941E0);
#536=CARTESIAN_POINT('',(-9.E-1,-2.4E0,-5.8E0));
#537=LINE('',#536,#535);
#538=DIRECTION('',(1.E0,0.E0,0.E0));
#539=VECTOR('',#538,3.E-1);
#540=CARTESIAN_POINT('',(-9.E-1,-6.918191770586E-1,-5.8E0));
#541=LINE('',#540,#539);
#542=DIRECTION('',(0.E0,1.E0,0.E0));
#543=VECTOR('',#542,1.708180822941E0);
#544=CARTESIAN_POINT('',(-6.E-1,-2.4E0,-5.8E0));
#545=LINE('',#544,#543);
#546=DIRECTION('',(1.E0,0.E0,0.E0));
#547=VECTOR('',#546,1.2E0);
#548=CARTESIAN_POINT('',(-6.E-1,-2.4E0,-5.8E0));
#549=LINE('',#548,#547);
#550=DIRECTION('',(0.E0,1.E0,0.E0));
#551=VECTOR('',#550,1.708180822941E0);
#552=CARTESIAN_POINT('',(6.E-1,-2.4E0,-5.8E0));
#553=LINE('',#552,#551);
#554=DIRECTION('',(1.E0,0.E0,0.E0));
#555=VECTOR('',#554,3.E-1);
#556=CARTESIAN_POINT('',(6.E-1,-6.918191770586E-1,-5.8E0));
#557=LINE('',#556,#555);
#558=DIRECTION('',(0.E0,1.E0,0.E0));
#559=VECTOR('',#558,1.708180822941E0);
#560=CARTESIAN_POINT('',(9.E-1,-2.4E0,-5.8E0));
#561=LINE('',#560,#559);
#562=DIRECTION('',(1.E0,0.E0,0.E0));
#563=VECTOR('',#562,1.2E0);
#564=CARTESIAN_POINT('',(9.E-1,-2.4E0,-5.8E0));
#565=LINE('',#564,#563);
#566=DIRECTION('',(0.E0,1.E0,0.E0));
#567=VECTOR('',#566,1.708180822941E0);
#568=CARTESIAN_POINT('',(2.1E0,-2.4E0,-5.8E0));
#569=LINE('',#568,#567);
#570=DIRECTION('',(1.E0,0.E0,0.E0));
#571=VECTOR('',#570,3.E-1);
#572=CARTESIAN_POINT('',(2.1E0,-6.918191770586E-1,-5.8E0));
#573=LINE('',#572,#571);
#574=DIRECTION('',(0.E0,1.E0,0.E0));
#575=VECTOR('',#574,1.708180822941E0);
#576=CARTESIAN_POINT('',(2.4E0,-2.4E0,-5.8E0));
#577=LINE('',#576,#575);
#578=DIRECTION('',(1.E0,0.E0,0.E0));
#579=VECTOR('',#578,1.2E0);
#580=CARTESIAN_POINT('',(2.4E0,-2.4E0,-5.8E0));
#581=LINE('',#580,#579);
#582=DIRECTION('',(0.E0,1.E0,0.E0));
#583=VECTOR('',#582,1.708180822941E0);
#584=CARTESIAN_POINT('',(3.6E0,-2.4E0,-5.8E0));
#585=LINE('',#584,#583);
#586=DIRECTION('',(1.E0,0.E0,0.E0));
#587=VECTOR('',#586,3.E-1);
#588=CARTESIAN_POINT('',(3.6E0,-6.918191770586E-1,-5.8E0));
#589=LINE('',#588,#587);
#590=DIRECTION('',(0.E0,1.E0,0.E0));
#591=VECTOR('',#590,1.708180822941E0);
#592=CARTESIAN_POINT('',(3.9E0,-2.4E0,-5.8E0));
#593=LINE('',#592,#591);
#594=DIRECTION('',(1.E0,0.E0,0.E0));
#595=VECTOR('',#594,1.05E0);
#596=CARTESIAN_POINT('',(3.9E0,-2.4E0,-5.8E0));
#597=LINE('',#596,#595);
#598=DIRECTION('',(0.E0,1.E0,0.E0));
#599=VECTOR('',#598,9.E-1);
#600=CARTESIAN_POINT('',(4.95E0,-2.4E0,-5.8E0));
#601=LINE('',#600,#599);
#602=DIRECTION('',(-1.E0,0.E0,0.E0));
#603=VECTOR('',#602,1.5E-1);
#604=CARTESIAN_POINT('',(5.1E0,-1.5E0,-5.8E0));
#605=LINE('',#604,#603);
#606=DIRECTION('',(0.E0,9.993392221981E-1,3.634720039469E-2));
#607=VECTOR('',#606,8.087152039963E-1);
#608=CARTESIAN_POINT('',(5.1E0,-1.5E0,-5.829394533582E0));
#609=LINE('',#608,#607);
#610=DIRECTION('',(0.E0,0.E0,1.E0));
#611=VECTOR('',#610,2.3E0);
#612=CARTESIAN_POINT('',(5.1E0,-2.5E-1,-4.4E0));
#613=LINE('',#612,#611);
#614=DIRECTION('',(0.E0,-1.E0,0.E0));
#615=VECTOR('',#614,3.E-1);
#616=CARTESIAN_POINT('',(5.1E0,-2.5E-1,-2.1E0));
#617=LINE('',#616,#615);
#618=DIRECTION('',(0.E0,0.E0,-1.E0));
#619=VECTOR('',#618,2.3E0);
#620=CARTESIAN_POINT('',(5.1E0,-5.5E-1,-2.1E0));
#621=LINE('',#620,#619);
#622=DIRECTION('',(0.E0,9.993392221981E-1,3.634720039470E-2));
#623=VECTOR('',#622,7.550468381322E-1);
#624=CARTESIAN_POINT('',(5.1E0,-3.254547919942E0,-5.893209606013E0));
#625=LINE('',#624,#623);
#626=DIRECTION('',(0.E0,-9.993392221981E-1,-3.634720039470E-2));
#627=VECTOR('',#626,7.659582082418E-1);
#628=CARTESIAN_POINT('',(5.1E0,-2.5E0,-5.565567402865E0));
#629=LINE('',#628,#627);
#630=DIRECTION('',(0.E0,3.634720039469E-2,-9.993392221981E-1));
#631=VECTOR('',#630,3.E-1);
#632=CARTESIAN_POINT('',(5.1E0,-3.265452080061E0,-5.593407839354E0));
#633=LINE('',#632,#631);
#634=DIRECTION('',(0.E0,0.E0,-1.E0));
#635=VECTOR('',#634,2.939453358189E-2);
#636=CARTESIAN_POINT('',(5.1E0,-1.5E0,-5.8E0));
#637=LINE('',#636,#635);
#638=DIRECTION('',(0.E0,0.E0,-1.E0));
#639=VECTOR('',#638,1.E-1);
#640=CARTESIAN_POINT('',(4.95E0,-1.5E0,-5.8E0));
#641=LINE('',#640,#639);
#642=DIRECTION('',(0.E0,0.E0,-1.E0));
#643=VECTOR('',#642,2.939453358189E-2);
#644=CARTESIAN_POINT('',(5.4E0,-1.5E0,-5.8E0));
#645=LINE('',#644,#643);
#646=DIRECTION('',(1.E0,0.E0,0.E0));
#647=VECTOR('',#646,3.E-1);
#648=CARTESIAN_POINT('',(5.1E0,-1.5E0,-5.829394533582E0));
#649=LINE('',#648,#647);
#650=DIRECTION('',(0.E0,-1.E0,0.E0));
#651=VECTOR('',#650,1.E-1);
#652=CARTESIAN_POINT('',(4.95E0,-2.4E0,-4.9E0));
#653=LINE('',#652,#651);
#654=DIRECTION('',(0.E0,-1.E0,0.E0));
#655=VECTOR('',#654,1.E-1);
#656=CARTESIAN_POINT('',(5.45E0,-2.4E0,-4.9E0));
#657=LINE('',#656,#655);
#658=DIRECTION('',(0.E0,0.E0,-1.E0));
#659=VECTOR('',#658,1.E-1);
#660=CARTESIAN_POINT('',(5.45E0,-1.5E0,-5.8E0));
#661=LINE('',#660,#659);
#662=DIRECTION('',(0.E0,-1.E0,0.E0));
#663=VECTOR('',#662,1.E0);
#664=CARTESIAN_POINT('',(4.95E0,-1.5E0,-5.9E0));
#665=LINE('',#664,#663);
#666=DIRECTION('',(0.E0,1.E0,0.E0));
#667=VECTOR('',#666,1.E0);
#668=CARTESIAN_POINT('',(5.45E0,-2.5E0,-5.9E0));
#669=LINE('',#668,#667);
#670=DIRECTION('',(1.E0,0.E0,0.E0));
#671=VECTOR('',#670,5.E-1);
#672=CARTESIAN_POINT('',(4.95E0,-1.5E0,-5.9E0));
#673=LINE('',#672,#671);
#674=DIRECTION('',(1.E0,0.E0,0.E0));
#675=VECTOR('',#674,5.E-1);
#676=CARTESIAN_POINT('',(-5.45E0,-1.5E0,-5.9E0));
#677=LINE('',#676,#675);
#678=DIRECTION('',(0.E0,0.E0,1.E0));
#679=VECTOR('',#678,1.E0);
#680=CARTESIAN_POINT('',(5.45E0,-2.5E0,-5.9E0));
#681=LINE('',#680,#679);
#682=DIRECTION('',(1.E0,0.E0,0.E0));
#683=VECTOR('',#682,5.E-1);
#684=CARTESIAN_POINT('',(4.95E0,-2.5E0,-5.9E0));
#685=LINE('',#684,#683);
#686=DIRECTION('',(0.E0,0.E0,-1.E0));
#687=VECTOR('',#686,1.E0);
#688=CARTESIAN_POINT('',(4.95E0,-2.5E0,-4.9E0));
#689=LINE('',#688,#687);
#690=DIRECTION('',(-1.E0,0.E0,0.E0));
#691=VECTOR('',#690,5.E-1);
#692=CARTESIAN_POINT('',(5.45E0,-2.5E0,-4.9E0));
#693=LINE('',#692,#691);
#694=DIRECTION('',(1.E0,0.E0,0.E0));
#695=VECTOR('',#694,5.E-1);
#696=CARTESIAN_POINT('',(-5.45E0,-2.5E0,-5.9E0));
#697=LINE('',#696,#695);
#698=DIRECTION('',(0.E0,0.E0,-1.E0));
#699=VECTOR('',#698,1.E0);
#700=CARTESIAN_POINT('',(-5.45E0,-2.5E0,-4.9E0));
#701=LINE('',#700,#699);
#702=DIRECTION('',(-1.E0,0.E0,0.E0));
#703=VECTOR('',#702,5.E-1);
#704=CARTESIAN_POINT('',(-4.95E0,-2.5E0,-4.9E0));
#705=LINE('',#704,#703);
#706=DIRECTION('',(0.E0,0.E0,1.E0));
#707=VECTOR('',#706,1.E0);
#708=CARTESIAN_POINT('',(-4.95E0,-2.5E0,-5.9E0));
#709=LINE('',#708,#707);
#710=DIRECTION('',(0.E0,0.E0,-1.E0));
#711=VECTOR('',#710,3.001983644154E-1);
#712=CARTESIAN_POINT('',(-5.4E0,-2.5E0,-5.565567402865E0));
#713=LINE('',#712,#711);
#714=DIRECTION('',(1.E0,0.E0,0.E0));
#715=VECTOR('',#714,3.E-1);
#716=CARTESIAN_POINT('',(-5.4E0,-2.5E0,-5.865765767280E0));
#717=LINE('',#716,#715);
#718=DIRECTION('',(0.E0,0.E0,-1.E0));
#719=VECTOR('',#718,3.001983644154E-1);
#720=CARTESIAN_POINT('',(-5.1E0,-2.5E0,-5.565567402865E0));
#721=LINE('',#720,#719);
#722=DIRECTION('',(1.E0,0.E0,0.E0));
#723=VECTOR('',#722,3.E-1);
#724=CARTESIAN_POINT('',(-5.4E0,-2.5E0,-5.565567402865E0));
#725=LINE('',#724,#723);
#726=DIRECTION('',(0.E0,0.E0,-1.E0));
#727=VECTOR('',#726,3.001983644154E-1);
#728=CARTESIAN_POINT('',(5.1E0,-2.5E0,-5.565567402865E0));
#729=LINE('',#728,#727);
#730=DIRECTION('',(1.E0,0.E0,0.E0));
#731=VECTOR('',#730,3.E-1);
#732=CARTESIAN_POINT('',(5.1E0,-2.5E0,-5.865765767280E0));
#733=LINE('',#732,#731);
#734=DIRECTION('',(0.E0,0.E0,-1.E0));
#735=VECTOR('',#734,3.001983644154E-1);
#736=CARTESIAN_POINT('',(5.4E0,-2.5E0,-5.565567402865E0));
#737=LINE('',#736,#735);
#738=DIRECTION('',(1.E0,0.E0,0.E0));
#739=VECTOR('',#738,3.E-1);
#740=CARTESIAN_POINT('',(5.1E0,-2.5E0,-5.565567402865E0));
#741=LINE('',#740,#739);
#742=DIRECTION('',(0.E0,-1.E0,0.E0));
#743=VECTOR('',#742,1.E-1);
#744=CARTESIAN_POINT('',(-5.45E0,-2.4E0,-4.9E0));
#745=LINE('',#744,#743);
#746=DIRECTION('',(0.E0,1.E0,0.E0));
#747=VECTOR('',#746,1.E0);
#748=CARTESIAN_POINT('',(-5.45E0,-2.5E0,-5.9E0));
#749=LINE('',#748,#747);
#750=DIRECTION('',(0.E0,-1.E0,0.E0));
#751=VECTOR('',#750,1.E-1);
#752=CARTESIAN_POINT('',(-4.95E0,-2.4E0,-4.9E0));
#753=LINE('',#752,#751);
#754=DIRECTION('',(0.E0,-1.E0,0.E0));
#755=VECTOR('',#754,1.E0);
#756=CARTESIAN_POINT('',(-4.95E0,-1.5E0,-5.9E0));
#757=LINE('',#756,#755);
#758=DIRECTION('',(0.E0,0.E0,-1.E0));
#759=VECTOR('',#758,1.E-1);
#760=CARTESIAN_POINT('',(-4.95E0,-1.5E0,-5.8E0));
#761=LINE('',#760,#759);
#762=DIRECTION('',(0.E0,0.E0,-1.E0));
#763=VECTOR('',#762,2.939453358189E-2);
#764=CARTESIAN_POINT('',(-5.4E0,-1.5E0,-5.8E0));
#765=LINE('',#764,#763);
#766=DIRECTION('',(0.E0,0.E0,-1.E0));
#767=VECTOR('',#766,1.E-1);
#768=CARTESIAN_POINT('',(-5.45E0,-1.5E0,-5.8E0));
#769=LINE('',#768,#767);
#770=DIRECTION('',(0.E0,0.E0,-1.E0));
#771=VECTOR('',#770,2.939453358189E-2);
#772=CARTESIAN_POINT('',(-5.1E0,-1.5E0,-5.8E0));
#773=LINE('',#772,#771);
#774=DIRECTION('',(1.E0,0.E0,0.E0));
#775=VECTOR('',#774,3.E-1);
#776=CARTESIAN_POINT('',(-5.4E0,-1.5E0,-5.829394533582E0));
#777=LINE('',#776,#775);
#778=DIRECTION('',(0.E0,0.E0,1.E0));
#779=VECTOR('',#778,2.3E0);
#780=CARTESIAN_POINT('',(-5.4E0,-2.5E-1,-4.4E0));
#781=LINE('',#780,#779);
#782=DIRECTION('',(0.E0,-1.E0,0.E0));
#783=VECTOR('',#782,3.E-1);
#784=CARTESIAN_POINT('',(-5.4E0,-2.5E-1,-2.1E0));
#785=LINE('',#784,#783);
#786=DIRECTION('',(0.E0,0.E0,-1.E0));
#787=VECTOR('',#786,2.3E0);
#788=CARTESIAN_POINT('',(-5.4E0,-5.5E-1,-2.1E0));
#789=LINE('',#788,#787);
#790=DIRECTION('',(0.E0,9.993392221981E-1,3.634720039469E-2));
#791=VECTOR('',#790,8.087152039963E-1);
#792=CARTESIAN_POINT('',(-5.4E0,-1.5E0,-5.829394533582E0));
#793=LINE('',#792,#791);
#794=DIRECTION('',(0.E0,9.993392221981E-1,3.634720039470E-2));
#795=VECTOR('',#794,7.550468381322E-1);
#796=CARTESIAN_POINT('',(-5.4E0,-3.254547919942E0,-5.893209606013E0));
#797=LINE('',#796,#795);
#798=DIRECTION('',(0.E0,-9.993392221981E-1,-3.634720039470E-2));
#799=VECTOR('',#798,7.659582082418E-1);
#800=CARTESIAN_POINT('',(-5.4E0,-2.5E0,-5.565567402865E0));
#801=LINE('',#800,#799);
#802=DIRECTION('',(0.E0,3.634720039469E-2,-9.993392221981E-1));
#803=VECTOR('',#802,3.E-1);
#804=CARTESIAN_POINT('',(-5.4E0,-3.265452080061E0,-5.593407839354E0));
#805=LINE('',#804,#803);
#806=DIRECTION('',(0.E0,-1.E0,0.E0));
#807=VECTOR('',#806,1.325E0);
#808=CARTESIAN_POINT('',(-4.925E0,1.825E0,-4.4E0));
#809=LINE('',#808,#807);
#810=DIRECTION('',(1.E0,0.E0,0.E0));
#811=VECTOR('',#810,5.E-1);
#812=CARTESIAN_POINT('',(-4.925E0,5.E-1,-4.4E0));
#813=LINE('',#812,#811);
#814=DIRECTION('',(0.E0,-1.E0,0.E0));
#815=VECTOR('',#814,1.325E0);
#816=CARTESIAN_POINT('',(-4.425E0,1.825E0,-4.4E0));
#817=LINE('',#816,#815);
#818=DIRECTION('',(1.E0,0.E0,0.E0));
#819=VECTOR('',#818,8.85E0);
#820=CARTESIAN_POINT('',(-4.425E0,1.825E0,-4.4E0));
#821=LINE('',#820,#819);
#822=DIRECTION('',(0.E0,-1.E0,0.E0));
#823=VECTOR('',#822,1.325E0);
#824=CARTESIAN_POINT('',(4.425E0,1.825E0,-4.4E0));
#825=LINE('',#824,#823);
#826=DIRECTION('',(1.E0,0.E0,0.E0));
#827=VECTOR('',#826,5.E-1);
#828=CARTESIAN_POINT('',(4.425E0,5.E-1,-4.4E0));
#829=LINE('',#828,#827);
#830=DIRECTION('',(0.E0,-1.E0,0.E0));
#831=VECTOR('',#830,1.325E0);
#832=CARTESIAN_POINT('',(4.925E0,1.825E0,-4.4E0));
#833=LINE('',#832,#831);
#834=DIRECTION('',(1.E0,0.E0,0.E0));
#835=VECTOR('',#834,5.6E-1);
#836=CARTESIAN_POINT('',(4.925E0,1.825E0,-4.4E0));
#837=LINE('',#836,#835);
#838=DIRECTION('',(0.E0,1.E0,0.E0));
#839=VECTOR('',#838,1.325E0);
#840=CARTESIAN_POINT('',(5.485E0,5.E-1,-4.4E0));
#841=LINE('',#840,#839);
#842=DIRECTION('',(-1.E0,0.E0,0.E0));
#843=VECTOR('',#842,5.E-1);
#844=CARTESIAN_POINT('',(5.985E0,5.E-1,-4.4E0));
#845=LINE('',#844,#843);
#846=DIRECTION('',(0.E0,-1.E0,0.E0));
#847=VECTOR('',#846,1.3E0);
#848=CARTESIAN_POINT('',(5.985E0,1.8E0,-4.4E0));
#849=LINE('',#848,#847);
#850=DIRECTION('',(-1.E0,0.E0,0.E0));
#851=VECTOR('',#850,6.3E-1);
#852=CARTESIAN_POINT('',(6.615E0,1.8E0,-4.4E0));
#853=LINE('',#852,#851);
#854=DIRECTION('',(0.E0,1.E0,0.E0));
#855=VECTOR('',#854,3.7E0);
#856=CARTESIAN_POINT('',(6.615E0,-1.9E0,-4.4E0));
#857=LINE('',#856,#855);
#858=DIRECTION('',(1.E0,0.E0,0.E0));
#859=VECTOR('',#858,1.323E1);
#860=CARTESIAN_POINT('',(-6.615E0,-1.9E0,-4.4E0));
#861=LINE('',#860,#859);
#862=DIRECTION('',(0.E0,-1.E0,0.E0));
#863=VECTOR('',#862,3.2E0);
#864=CARTESIAN_POINT('',(-6.615E0,1.3E0,-4.4E0));
#865=LINE('',#864,#863);
#866=DIRECTION('',(-1.E0,0.E0,0.E0));
#867=VECTOR('',#866,6.3E-1);
#868=CARTESIAN_POINT('',(-5.985E0,1.3E0,-4.4E0));
#869=LINE('',#868,#867);
#870=DIRECTION('',(0.E0,1.E0,0.E0));
#871=VECTOR('',#870,8.E-1);
#872=CARTESIAN_POINT('',(-5.985E0,5.E-1,-4.4E0));
#873=LINE('',#872,#871);
#874=DIRECTION('',(-1.E0,0.E0,0.E0));
#875=VECTOR('',#874,5.E-1);
#876=CARTESIAN_POINT('',(-5.485E0,5.E-1,-4.4E0));
#877=LINE('',#876,#875);
#878=DIRECTION('',(0.E0,-1.E0,0.E0));
#879=VECTOR('',#878,1.325E0);
#880=CARTESIAN_POINT('',(-5.485E0,1.825E0,-4.4E0));
#881=LINE('',#880,#879);
#882=DIRECTION('',(1.E0,0.E0,0.E0));
#883=VECTOR('',#882,5.6E-1);
#884=CARTESIAN_POINT('',(-5.485E0,1.825E0,-4.4E0));
#885=LINE('',#884,#883);
#886=DIRECTION('',(0.E0,1.E0,0.E0));
#887=VECTOR('',#886,3.E-1);
#888=CARTESIAN_POINT('',(-5.4E0,-5.5E-1,-4.4E0));
#889=LINE('',#888,#887);
#890=DIRECTION('',(1.E0,0.E0,0.E0));
#891=VECTOR('',#890,3.E-1);
#892=CARTESIAN_POINT('',(-5.4E0,-5.5E-1,-4.4E0));
#893=LINE('',#892,#891);
#894=DIRECTION('',(0.E0,1.E0,0.E0));
#895=VECTOR('',#894,3.E-1);
#896=CARTESIAN_POINT('',(-5.1E0,-5.5E-1,-4.4E0));
#897=LINE('',#896,#895);
#898=DIRECTION('',(1.E0,0.E0,0.E0));
#899=VECTOR('',#898,3.E-1);
#900=CARTESIAN_POINT('',(-5.4E0,-2.5E-1,-4.4E0));
#901=LINE('',#900,#899);
#902=DIRECTION('',(0.E0,1.E0,0.E0));
#903=VECTOR('',#902,3.E-1);
#904=CARTESIAN_POINT('',(-3.9E0,-5.5E-1,-4.4E0));
#905=LINE('',#904,#903);
#906=DIRECTION('',(1.E0,0.E0,0.E0));
#907=VECTOR('',#906,3.E-1);
#908=CARTESIAN_POINT('',(-3.9E0,-5.5E-1,-4.4E0));
#909=LINE('',#908,#907);
#910=DIRECTION('',(0.E0,1.E0,0.E0));
#911=VECTOR('',#910,3.E-1);
#912=CARTESIAN_POINT('',(-3.6E0,-5.5E-1,-4.4E0));
#913=LINE('',#912,#911);
#914=DIRECTION('',(1.E0,0.E0,0.E0));
#915=VECTOR('',#914,3.E-1);
#916=CARTESIAN_POINT('',(-3.9E0,-2.5E-1,-4.4E0));
#917=LINE('',#916,#915);
#918=DIRECTION('',(0.E0,1.E0,0.E0));
#919=VECTOR('',#918,3.E-1);
#920=CARTESIAN_POINT('',(-2.4E0,-5.5E-1,-4.4E0));
#921=LINE('',#920,#919);
#922=DIRECTION('',(1.E0,0.E0,0.E0));
#923=VECTOR('',#922,3.E-1);
#924=CARTESIAN_POINT('',(-2.4E0,-5.5E-1,-4.4E0));
#925=LINE('',#924,#923);
#926=DIRECTION('',(0.E0,1.E0,0.E0));
#927=VECTOR('',#926,3.E-1);
#928=CARTESIAN_POINT('',(-2.1E0,-5.5E-1,-4.4E0));
#929=LINE('',#928,#927);
#930=DIRECTION('',(1.E0,0.E0,0.E0));
#931=VECTOR('',#930,3.E-1);
#932=CARTESIAN_POINT('',(-2.4E0,-2.5E-1,-4.4E0));
#933=LINE('',#932,#931);
#934=DIRECTION('',(0.E0,1.E0,0.E0));
#935=VECTOR('',#934,3.E-1);
#936=CARTESIAN_POINT('',(-9.E-1,-5.5E-1,-4.4E0));
#937=LINE('',#936,#935);
#938=DIRECTION('',(1.E0,0.E0,0.E0));
#939=VECTOR('',#938,3.E-1);
#940=CARTESIAN_POINT('',(-9.E-1,-5.5E-1,-4.4E0));
#941=LINE('',#940,#939);
#942=DIRECTION('',(0.E0,1.E0,0.E0));
#943=VECTOR('',#942,3.E-1);
#944=CARTESIAN_POINT('',(-6.E-1,-5.5E-1,-4.4E0));
#945=LINE('',#944,#943);
#946=DIRECTION('',(1.E0,0.E0,0.E0));
#947=VECTOR('',#946,3.E-1);
#948=CARTESIAN_POINT('',(-9.E-1,-2.5E-1,-4.4E0));
#949=LINE('',#948,#947);
#950=DIRECTION('',(0.E0,1.E0,0.E0));
#951=VECTOR('',#950,3.E-1);
#952=CARTESIAN_POINT('',(6.E-1,-5.5E-1,-4.4E0));
#953=LINE('',#952,#951);
#954=DIRECTION('',(1.E0,0.E0,0.E0));
#955=VECTOR('',#954,3.E-1);
#956=CARTESIAN_POINT('',(6.E-1,-5.5E-1,-4.4E0));
#957=LINE('',#956,#955);
#958=DIRECTION('',(0.E0,1.E0,0.E0));
#959=VECTOR('',#958,3.E-1);
#960=CARTESIAN_POINT('',(9.E-1,-5.5E-1,-4.4E0));
#961=LINE('',#960,#959);
#962=DIRECTION('',(1.E0,0.E0,0.E0));
#963=VECTOR('',#962,3.E-1);
#964=CARTESIAN_POINT('',(6.E-1,-2.5E-1,-4.4E0));
#965=LINE('',#964,#963);
#966=DIRECTION('',(0.E0,1.E0,0.E0));
#967=VECTOR('',#966,3.E-1);
#968=CARTESIAN_POINT('',(2.1E0,-5.5E-1,-4.4E0));
#969=LINE('',#968,#967);
#970=DIRECTION('',(1.E0,0.E0,0.E0));
#971=VECTOR('',#970,3.E-1);
#972=CARTESIAN_POINT('',(2.1E0,-5.5E-1,-4.4E0));
#973=LINE('',#972,#971);
#974=DIRECTION('',(0.E0,1.E0,0.E0));
#975=VECTOR('',#974,3.E-1);
#976=CARTESIAN_POINT('',(2.4E0,-5.5E-1,-4.4E0));
#977=LINE('',#976,#975);
#978=DIRECTION('',(1.E0,0.E0,0.E0));
#979=VECTOR('',#978,3.E-1);
#980=CARTESIAN_POINT('',(2.1E0,-2.5E-1,-4.4E0));
#981=LINE('',#980,#979);
#982=DIRECTION('',(0.E0,1.E0,0.E0));
#983=VECTOR('',#982,3.E-1);
#984=CARTESIAN_POINT('',(3.6E0,-5.5E-1,-4.4E0));
#985=LINE('',#984,#983);
#986=DIRECTION('',(1.E0,0.E0,0.E0));
#987=VECTOR('',#986,3.E-1);
#988=CARTESIAN_POINT('',(3.6E0,-5.5E-1,-4.4E0));
#989=LINE('',#988,#987);
#990=DIRECTION('',(0.E0,1.E0,0.E0));
#991=VECTOR('',#990,3.E-1);
#992=CARTESIAN_POINT('',(3.9E0,-5.5E-1,-4.4E0));
#993=LINE('',#992,#991);
#994=DIRECTION('',(1.E0,0.E0,0.E0));
#995=VECTOR('',#994,3.E-1);
#996=CARTESIAN_POINT('',(3.6E0,-2.5E-1,-4.4E0));
#997=LINE('',#996,#995);
#998=DIRECTION('',(0.E0,1.E0,0.E0));
#999=VECTOR('',#998,3.E-1);
#1000=CARTESIAN_POINT('',(5.1E0,-5.5E-1,-4.4E0));
#1001=LINE('',#1000,#999);
#1002=DIRECTION('',(1.E0,0.E0,0.E0));
#1003=VECTOR('',#1002,3.E-1);
#1004=CARTESIAN_POINT('',(5.1E0,-5.5E-1,-4.4E0));
#1005=LINE('',#1004,#1003);
#1006=DIRECTION('',(0.E0,1.E0,0.E0));
#1007=VECTOR('',#1006,3.E-1);
#1008=CARTESIAN_POINT('',(5.4E0,-5.5E-1,-4.4E0));
#1009=LINE('',#1008,#1007);
#1010=DIRECTION('',(1.E0,0.E0,0.E0));
#1011=VECTOR('',#1010,3.E-1);
#1012=CARTESIAN_POINT('',(5.1E0,-2.5E-1,-4.4E0));
#1013=LINE('',#1012,#1011);
#1014=DIRECTION('',(0.E0,1.E0,0.E0));
#1015=VECTOR('',#1014,7.5E-1);
#1016=CARTESIAN_POINT('',(-5.15625E0,-1.8E0,-4.4E0));
#1017=LINE('',#1016,#1015);
#1018=DIRECTION('',(-1.E0,0.E0,0.E0));
#1019=VECTOR('',#1018,9.375E-2);
#1020=CARTESIAN_POINT('',(-5.15625E0,-1.05E0,-4.4E0));
#1021=LINE('',#1020,#1019);
#1022=DIRECTION('',(-6.428712937139E-1,-7.659742160926E-1,0.E0));
#1023=VECTOR('',#1022,1.458301232559E-1);
#1024=CARTESIAN_POINT('',(-5.25E0,-1.05E0,-4.4E0));
#1025=LINE('',#1024,#1023);
#1026=DIRECTION('',(0.E0,-1.E0,0.E0));
#1027=VECTOR('',#1026,1.276596039534E-1);
#1028=CARTESIAN_POINT('',(-5.34375E0,-1.161702114344E0,-4.4E0));
#1029=LINE('',#1028,#1027);
#1030=DIRECTION('',(6.428711427642E-1,7.659743427825E-1,0.E0));
#1031=VECTOR('',#1030,1.458301574977E-1);
#1032=CARTESIAN_POINT('',(-5.34375E0,-1.289361718297E0,-4.4E0));
#1033=LINE('',#1032,#1031);
#1034=DIRECTION('',(0.E0,-1.E0,0.E0));
#1035=VECTOR('',#1034,6.223404407501E-1);
#1036=CARTESIAN_POINT('',(-5.25E0,-1.177659559250E0,-4.4E0));
#1037=LINE('',#1036,#1035);
#1038=DIRECTION('',(1.E0,0.E0,0.E0));
#1039=VECTOR('',#1038,9.375E-2);
#1040=CARTESIAN_POINT('',(-5.25E0,-1.8E0,-4.4E0));
#1041=LINE('',#1040,#1039);
#1042=DIRECTION('',(0.E0,0.E0,1.E0));
#1043=VECTOR('',#1042,4.4E0);
#1044=CARTESIAN_POINT('',(-4.925E0,1.825E0,-4.4E0));
#1045=LINE('',#1044,#1043);
#1046=DIRECTION('',(1.E0,0.E0,0.E0));
#1047=VECTOR('',#1046,5.6E-1);
#1048=CARTESIAN_POINT('',(-5.485E0,1.825E0,0.E0));
#1049=LINE('',#1048,#1047);
#1050=DIRECTION('',(0.E0,0.E0,1.E0));
#1051=VECTOR('',#1050,4.4E0);
#1052=CARTESIAN_POINT('',(-4.425E0,1.825E0,-4.4E0));
#1053=LINE('',#1052,#1051);
#1054=DIRECTION('',(1.E0,0.E0,0.E0));
#1055=VECTOR('',#1054,2.54E0);
#1056=CARTESIAN_POINT('',(-4.425E0,1.825E0,0.E0));
#1057=LINE('',#1056,#1055);
#1058=DIRECTION('',(1.E0,0.E0,0.E0));
#1059=VECTOR('',#1058,3.77E0);
#1060=CARTESIAN_POINT('',(-1.885E0,1.825E0,-8.330415196484E-1));
#1061=LINE('',#1060,#1059);
#1062=DIRECTION('',(1.E0,0.E0,0.E0));
#1063=VECTOR('',#1062,2.54E0);
#1064=CARTESIAN_POINT('',(1.885E0,1.825E0,0.E0));
#1065=LINE('',#1064,#1063);
#1066=DIRECTION('',(0.E0,0.E0,1.E0));
#1067=VECTOR('',#1066,4.4E0);
#1068=CARTESIAN_POINT('',(4.425E0,1.825E0,-4.4E0));
#1069=LINE('',#1068,#1067);
#1070=DIRECTION('',(0.E0,0.E0,1.E0));
#1071=VECTOR('',#1070,4.4E0);
#1072=CARTESIAN_POINT('',(4.925E0,1.825E0,-4.4E0));
#1073=LINE('',#1072,#1071);
#1074=DIRECTION('',(1.E0,0.E0,0.E0));
#1075=VECTOR('',#1074,5.6E-1);
#1076=CARTESIAN_POINT('',(4.925E0,1.825E0,0.E0));
#1077=LINE('',#1076,#1075);
#1078=DIRECTION('',(0.E0,0.E0,-1.E0));
#1079=VECTOR('',#1078,4.4E0);
#1080=CARTESIAN_POINT('',(5.485E0,1.825E0,0.E0));
#1081=LINE('',#1080,#1079);
#1082=DIRECTION('',(0.E0,0.E0,-1.E0));
#1083=VECTOR('',#1082,4.4E0);
#1084=CARTESIAN_POINT('',(-5.485E0,1.825E0,0.E0));
#1085=LINE('',#1084,#1083);
#1086=DIRECTION('',(0.E0,0.E0,1.E0));
#1087=VECTOR('',#1086,4.4E0);
#1088=CARTESIAN_POINT('',(-5.485E0,5.E-1,-4.4E0));
#1089=LINE('',#1088,#1087);
#1090=DIRECTION('',(-7.071067811865E-1,0.E0,-7.071067811865E-1));
#1091=VECTOR('',#1090,2.828427124746E-1);
#1092=CARTESIAN_POINT('',(-5.785E0,5.E-1,0.E0));
#1093=LINE('',#1092,#1091);
#1094=DIRECTION('',(0.E0,0.E0,1.E0));
#1095=VECTOR('',#1094,4.4E0);
#1096=CARTESIAN_POINT('',(5.485E0,5.E-1,-4.4E0));
#1097=LINE('',#1096,#1095);
#1098=DIRECTION('',(-7.071067811865E-1,0.E0,7.071067811865E-1));
#1099=VECTOR('',#1098,2.828427124746E-1);
#1100=CARTESIAN_POINT('',(5.985E0,5.E-1,-2.E-1));
#1101=LINE('',#1100,#1099);
#1102=DIRECTION('',(0.E0,0.E0,-1.E0));
#1103=VECTOR('',#1102,4.2E0);
#1104=CARTESIAN_POINT('',(5.985E0,5.E-1,-2.E-1));
#1105=LINE('',#1104,#1103);
#1106=DIRECTION('',(0.E0,-1.E0,0.E0));
#1107=VECTOR('',#1106,8.E-1);
#1108=CARTESIAN_POINT('',(-5.985E0,1.3E0,-2.E-1));
#1109=LINE('',#1108,#1107);
#1110=DIRECTION('',(0.E0,0.E0,-1.E0));
#1111=VECTOR('',#1110,4.2E0);
#1112=CARTESIAN_POINT('',(-5.985E0,5.E-1,-2.E-1));
#1113=LINE('',#1112,#1111);
#1114=DIRECTION('',(0.E0,7.071067811865E-1,7.071067811865E-1));
#1115=VECTOR('',#1114,7.071067811865E-2);
#1116=CARTESIAN_POINT('',(-6.615E0,1.3E0,-2.E-1));
#1117=LINE('',#1116,#1115);
#1118=DIRECTION('',(1.E0,0.E0,0.E0));
#1119=VECTOR('',#1118,9.166025403784E-1);
#1120=CARTESIAN_POINT('',(-6.701602540378E0,1.5E0,0.E0));
#1121=LINE('',#1120,#1119);
#1122=DIRECTION('',(5.773502691896E-1,5.773502691896E-1,5.773502691896E-1));
#1123=VECTOR('',#1122,3.464101615138E-1);
#1124=CARTESIAN_POINT('',(-5.985E0,1.3E0,-2.E-1));
#1125=LINE('',#1124,#1123);
#1126=DIRECTION('',(0.E0,-1.E0,0.E0));
#1127=VECTOR('',#1126,3.25E0);
#1128=CARTESIAN_POINT('',(-6.615E0,1.35E0,-1.5E-1));
#1129=LINE('',#1128,#1127);
#1130=DIRECTION('',(0.E0,0.E0,-1.E0));
#1131=VECTOR('',#1130,4.2E0);
#1132=CARTESIAN_POINT('',(-6.615E0,1.3E0,-2.E-1));
#1133=LINE('',#1132,#1131);
#1134=DIRECTION('',(3.779644730092E-1,-6.546536707080E-1,-6.546536707080E-1));
#1135=VECTOR('',#1134,2.291287847478E-1);
#1136=CARTESIAN_POINT('',(-6.701602540378E0,1.5E0,0.E0));
#1137=LINE('',#1136,#1135);
#1138=DIRECTION('',(-4.472135955E-1,-4.472135955E-1,7.745966692415E-1));
#1139=VECTOR('',#1138,1.936491673104E-1);
#1140=CARTESIAN_POINT('',(-6.615E0,-1.9E0,-1.5E-1));
#1141=LINE('',#1140,#1139);
#1142=DIRECTION('',(-1.E0,0.E0,0.E0));
#1143=VECTOR('',#1142,1.323E1);
#1144=CARTESIAN_POINT('',(6.615E0,-1.9E0,-1.5E-1));
#1145=LINE('',#1144,#1143);
#1146=DIRECTION('',(0.E0,0.E0,-1.E0));
#1147=VECTOR('',#1146,4.25E0);
#1148=CARTESIAN_POINT('',(-6.615E0,-1.9E0,-1.5E-1));
#1149=LINE('',#1148,#1147);
#1150=DIRECTION('',(0.E0,1.E0,0.E0));
#1151=VECTOR('',#1150,3.75E0);
#1152=CARTESIAN_POINT('',(6.615E0,-1.9E0,-1.5E-1));
#1153=LINE('',#1152,#1151);
#1154=DIRECTION('',(0.E0,0.E0,-1.E0));
#1155=VECTOR('',#1154,4.25E0);
#1156=CARTESIAN_POINT('',(6.615E0,-1.9E0,-1.5E-1));
#1157=LINE('',#1156,#1155);
#1158=DIRECTION('',(4.472135955E-1,-4.472135955E-1,7.745966692415E-1));
#1159=VECTOR('',#1158,1.936491673104E-1);
#1160=CARTESIAN_POINT('',(6.615E0,-1.9E0,-1.5E-1));
#1161=LINE('',#1160,#1159);
#1162=DIRECTION('',(3.779644730092E-1,6.546536707080E-1,6.546536707080E-1));
#1163=VECTOR('',#1162,2.291287847478E-1);
#1164=CARTESIAN_POINT('',(6.615E0,1.85E0,-1.5E-1));
#1165=LINE('',#1164,#1163);
#1166=DIRECTION('',(1.E0,0.E0,0.E0));
#1167=VECTOR('',#1166,9.166025403784E-1);
#1168=CARTESIAN_POINT('',(5.785E0,2.E0,0.E0));
#1169=LINE('',#1168,#1167);
#1170=DIRECTION('',(0.E0,-7.071067811865E-1,-7.071067811865E-1));
#1171=VECTOR('',#1170,7.071067811865E-2);
#1172=CARTESIAN_POINT('',(6.615E0,1.85E0,-1.5E-1));
#1173=LINE('',#1172,#1171);
#1174=DIRECTION('',(1.E0,0.E0,0.E0));
#1175=VECTOR('',#1174,6.3E-1);
#1176=CARTESIAN_POINT('',(5.985E0,1.8E0,-2.E-1));
#1177=LINE('',#1176,#1175);
#1178=DIRECTION('',(0.E0,0.E0,-1.E0));
#1179=VECTOR('',#1178,4.2E0);
#1180=CARTESIAN_POINT('',(6.615E0,1.8E0,-2.E-1));
#1181=LINE('',#1180,#1179);
#1182=DIRECTION('',(0.E0,1.E0,0.E0));
#1183=VECTOR('',#1182,1.3E0);
#1184=CARTESIAN_POINT('',(5.985E0,5.E-1,-2.E-1));
#1185=LINE('',#1184,#1183);
#1186=DIRECTION('',(0.E0,0.E0,-1.E0));
#1187=VECTOR('',#1186,4.2E0);
#1188=CARTESIAN_POINT('',(5.985E0,1.8E0,-2.E-1));
#1189=LINE('',#1188,#1187);
#1190=DIRECTION('',(-5.773502691896E-1,5.773502691896E-1,5.773502691896E-1));
#1191=VECTOR('',#1190,3.464101615138E-1);
#1192=CARTESIAN_POINT('',(5.985E0,1.8E0,-2.E-1));
#1193=LINE('',#1192,#1191);
#1194=DIRECTION('',(1.E0,0.E0,0.E0));
#1195=VECTOR('',#1194,6.3E-1);
#1196=CARTESIAN_POINT('',(-6.615E0,1.3E0,-2.E-1));
#1197=LINE('',#1196,#1195);
#1198=DIRECTION('',(0.E0,0.E0,-1.E0));
#1199=VECTOR('',#1198,4.2E0);
#1200=CARTESIAN_POINT('',(-5.985E0,1.3E0,-2.E-1));
#1201=LINE('',#1200,#1199);
#1202=DIRECTION('',(0.E0,0.E0,-1.E0));
#1203=VECTOR('',#1202,4.4E0);
#1204=CARTESIAN_POINT('',(-4.425E0,5.E-1,0.E0));
#1205=LINE('',#1204,#1203);
#1206=DIRECTION('',(0.E0,0.E0,-1.E0));
#1207=VECTOR('',#1206,4.4E0);
#1208=CARTESIAN_POINT('',(-4.925E0,5.E-1,0.E0));
#1209=LINE('',#1208,#1207);
#1210=DIRECTION('',(0.E0,9.962654691825E-1,8.634300732915E-2));
#1211=VECTOR('',#1210,1.920830392969E-1);
#1212=CARTESIAN_POINT('',(-1.885E0,1.525E0,-7.5E-1));
#1213=LINE('',#1212,#1211);
#1214=DIRECTION('',(0.E0,0.E0,1.E0));
#1215=VECTOR('',#1214,8.330415196484E-1);
#1216=CARTESIAN_POINT('',(-1.885E0,1.825E0,-8.330415196484E-1));
#1217=LINE('',#1216,#1215);
#1218=DIRECTION('',(0.E0,-1.E0,0.E0));
#1219=VECTOR('',#1218,3.E-1);
#1220=CARTESIAN_POINT('',(-1.885E0,1.825E0,0.E0));
#1221=LINE('',#1220,#1219);
#1222=DIRECTION('',(0.E0,0.E0,-1.E0));
#1223=VECTOR('',#1222,7.5E-1);
#1224=CARTESIAN_POINT('',(-1.885E0,1.525E0,0.E0));
#1225=LINE('',#1224,#1223);
#1226=DIRECTION('',(1.E0,0.E0,0.E0));
#1227=VECTOR('',#1226,3.77E0);
#1228=CARTESIAN_POINT('',(-1.885E0,1.716365699267E0,-7.334149727302E-1));
#1229=LINE('',#1228,#1227);
#1230=DIRECTION('',(1.E0,0.E0,0.E0));
#1231=VECTOR('',#1230,3.77E0);
#1232=CARTESIAN_POINT('',(-1.885E0,1.525E0,-7.5E-1));
#1233=LINE('',#1232,#1231);
#1234=CARTESIAN_POINT('',(-1.885E0,1.725E0,-8.330415196484E-1));
#1235=DIRECTION('',(1.E0,0.E0,0.E0));
#1236=DIRECTION('',(0.E0,1.E0,0.E0));
#1237=AXIS2_PLACEMENT_3D('',#1234,#1235,#1236);
#1239=CARTESIAN_POINT('',(1.885E0,1.725E0,-8.330415196484E-1));
#1240=DIRECTION('',(-1.E0,0.E0,0.E0));
#1241=DIRECTION('',(0.E0,-8.634300732915E-2,9.962654691825E-1));
#1242=AXIS2_PLACEMENT_3D('',#1239,#1240,#1241);
#1244=DIRECTION('',(0.E0,0.E0,-1.E0));
#1245=VECTOR('',#1244,8.330415196484E-1);
#1246=CARTESIAN_POINT('',(1.885E0,1.825E0,0.E0));
#1247=LINE('',#1246,#1245);
#1248=DIRECTION('',(0.E0,9.962654691825E-1,8.634300732915E-2));
#1249=VECTOR('',#1248,1.920830392969E-1);
#1250=CARTESIAN_POINT('',(1.885E0,1.525E0,-7.5E-1));
#1251=LINE('',#1250,#1249);
#1252=DIRECTION('',(0.E0,0.E0,-1.E0));
#1253=VECTOR('',#1252,7.5E-1);
#1254=CARTESIAN_POINT('',(1.885E0,1.525E0,0.E0));
#1255=LINE('',#1254,#1253);
#1256=DIRECTION('',(0.E0,-1.E0,0.E0));
#1257=VECTOR('',#1256,3.E-1);
#1258=CARTESIAN_POINT('',(1.885E0,1.825E0,0.E0));
#1259=LINE('',#1258,#1257);
#1260=DIRECTION('',(1.E0,0.E0,0.E0));
#1261=VECTOR('',#1260,3.77E0);
#1262=CARTESIAN_POINT('',(-1.885E0,1.525E0,0.E0));
#1263=LINE('',#1262,#1261);
#1264=DIRECTION('',(0.E0,0.E0,-1.E0));
#1265=VECTOR('',#1264,4.4E0);
#1266=CARTESIAN_POINT('',(4.425E0,5.E-1,0.E0));
#1267=LINE('',#1266,#1265);
#1268=DIRECTION('',(0.E0,0.E0,-1.E0));
#1269=VECTOR('',#1268,4.4E0);
#1270=CARTESIAN_POINT('',(4.925E0,5.E-1,0.E0));
#1271=LINE('',#1270,#1269);
#1272=DIRECTION('',(1.E0,0.E0,0.E0));
#1273=VECTOR('',#1272,3.E-1);
#1274=CARTESIAN_POINT('',(-5.4E0,-5.5E-1,-2.1E0));
#1275=LINE('',#1274,#1273);
#1276=DIRECTION('',(1.E0,0.E0,0.E0));
#1277=VECTOR('',#1276,3.E-1);
#1278=CARTESIAN_POINT('',(-5.4E0,-2.5E-1,-2.1E0));
#1279=LINE('',#1278,#1277);
#1280=DIRECTION('',(0.E0,0.E0,-1.E0));
#1281=VECTOR('',#1280,2.3E0);
#1282=CARTESIAN_POINT('',(-5.1E0,-5.5E-1,-2.1E0));
#1283=LINE('',#1282,#1281);
#1284=DIRECTION('',(0.E0,-1.E0,0.E0));
#1285=VECTOR('',#1284,3.E-1);
#1286=CARTESIAN_POINT('',(-5.1E0,-2.5E-1,-2.1E0));
#1287=LINE('',#1286,#1285);
#1288=DIRECTION('',(0.E0,0.E0,1.E0));
#1289=VECTOR('',#1288,2.3E0);
#1290=CARTESIAN_POINT('',(-5.1E0,-2.5E-1,-4.4E0));
#1291=LINE('',#1290,#1289);
#1292=DIRECTION('',(0.E0,9.993392221981E-1,3.634720039469E-2));
#1293=VECTOR('',#1292,8.087152039963E-1);
#1294=CARTESIAN_POINT('',(-5.1E0,-1.5E0,-5.829394533582E0));
#1295=LINE('',#1294,#1293);
#1296=DIRECTION('',(0.E0,9.993392221981E-1,3.634720039470E-2));
#1297=VECTOR('',#1296,7.550468381322E-1);
#1298=CARTESIAN_POINT('',(-5.1E0,-3.254547919942E0,-5.893209606013E0));
#1299=LINE('',#1298,#1297);
#1300=DIRECTION('',(0.E0,3.634720039469E-2,-9.993392221981E-1));
#1301=VECTOR('',#1300,3.E-1);
#1302=CARTESIAN_POINT('',(-5.1E0,-3.265452080061E0,-5.593407839354E0));
#1303=LINE('',#1302,#1301);
#1304=DIRECTION('',(0.E0,-9.993392221981E-1,-3.634720039470E-2));
#1305=VECTOR('',#1304,7.659582082418E-1);
#1306=CARTESIAN_POINT('',(-5.1E0,-2.5E0,-5.565567402865E0));
#1307=LINE('',#1306,#1305);
#1308=DIRECTION('',(1.E0,0.E0,0.E0));
#1309=VECTOR('',#1308,3.E-1);
#1310=CARTESIAN_POINT('',(-5.4E0,-3.254547919942E0,-5.893209606013E0));
#1311=LINE('',#1310,#1309);
#1312=DIRECTION('',(1.E0,0.E0,0.E0));
#1313=VECTOR('',#1312,3.E-1);
#1314=CARTESIAN_POINT('',(-5.4E0,-3.265452080061E0,-5.593407839354E0));
#1315=LINE('',#1314,#1313);
#1316=DIRECTION('',(0.E0,-9.993392221981E-1,-3.634720039470E-2));
#1317=VECTOR('',#1316,8.660243297136E-1);
#1318=CARTESIAN_POINT('',(-3.9E0,-2.4E0,-5.561930279495E0));
#1319=LINE('',#1318,#1317);
#1320=DIRECTION('',(0.E0,3.634720039469E-2,-9.993392221981E-1));
#1321=VECTOR('',#1320,3.E-1);
#1322=CARTESIAN_POINT('',(-3.9E0,-3.265452080061E0,-5.593407839354E0));
#1323=LINE('',#1322,#1321);
#1324=DIRECTION('',(0.E0,9.993392221981E-1,3.634720039469E-2));
#1325=VECTOR('',#1324,2.564423256846E0);
#1326=CARTESIAN_POINT('',(-3.9E0,-3.254547919942E0,-5.893209606013E0));
#1327=LINE('',#1326,#1325);
#1328=DIRECTION('',(0.E0,0.E0,1.E0));
#1329=VECTOR('',#1328,2.3E0);
#1330=CARTESIAN_POINT('',(-3.9E0,-2.5E-1,-4.4E0));
#1331=LINE('',#1330,#1329);
#1332=DIRECTION('',(0.E0,-1.E0,0.E0));
#1333=VECTOR('',#1332,3.E-1);
#1334=CARTESIAN_POINT('',(-3.9E0,-2.5E-1,-2.1E0));
#1335=LINE('',#1334,#1333);
#1336=DIRECTION('',(0.E0,0.E0,-1.E0));
#1337=VECTOR('',#1336,2.3E0);
#1338=CARTESIAN_POINT('',(-3.9E0,-5.5E-1,-2.1E0));
#1339=LINE('',#1338,#1337);
#1340=DIRECTION('',(0.E0,9.993392221981E-1,3.634720039469E-2));
#1341=VECTOR('',#1340,2.564423256846E0);
#1342=CARTESIAN_POINT('',(-3.6E0,-3.254547919942E0,-5.893209606013E0));
#1343=LINE('',#1342,#1341);
#1344=DIRECTION('',(0.E0,3.634720039469E-2,-9.993392221981E-1));
#1345=VECTOR('',#1344,3.E-1);
#1346=CARTESIAN_POINT('',(-3.6E0,-3.265452080061E0,-5.593407839354E0));
#1347=LINE('',#1346,#1345);
#1348=DIRECTION('',(0.E0,-9.993392221981E-1,-3.634720039470E-2));
#1349=VECTOR('',#1348,8.660243297136E-1);
#1350=CARTESIAN_POINT('',(-3.6E0,-2.4E0,-5.561930279495E0));
#1351=LINE('',#1350,#1349);
#1352=DIRECTION('',(0.E0,0.E0,-1.E0));
#1353=VECTOR('',#1352,2.3E0);
#1354=CARTESIAN_POINT('',(-3.6E0,-5.5E-1,-2.1E0));
#1355=LINE('',#1354,#1353);
#1356=DIRECTION('',(0.E0,-1.E0,0.E0));
#1357=VECTOR('',#1356,3.E-1);
#1358=CARTESIAN_POINT('',(-3.6E0,-2.5E-1,-2.1E0));
#1359=LINE('',#1358,#1357);
#1360=DIRECTION('',(0.E0,0.E0,1.E0));
#1361=VECTOR('',#1360,2.3E0);
#1362=CARTESIAN_POINT('',(-3.6E0,-2.5E-1,-4.4E0));
#1363=LINE('',#1362,#1361);
#1364=DIRECTION('',(1.E0,0.E0,0.E0));
#1365=VECTOR('',#1364,3.E-1);
#1366=CARTESIAN_POINT('',(-3.9E0,-3.254547919942E0,-5.893209606013E0));
#1367=LINE('',#1366,#1365);
#1368=DIRECTION('',(1.E0,0.E0,0.E0));
#1369=VECTOR('',#1368,3.E-1);
#1370=CARTESIAN_POINT('',(-3.9E0,-3.265452080061E0,-5.593407839354E0));
#1371=LINE('',#1370,#1369);
#1372=DIRECTION('',(1.E0,0.E0,0.E0));
#1373=VECTOR('',#1372,3.E-1);
#1374=CARTESIAN_POINT('',(-3.9E0,-5.5E-1,-2.1E0));
#1375=LINE('',#1374,#1373);
#1376=DIRECTION('',(1.E0,0.E0,0.E0));
#1377=VECTOR('',#1376,3.E-1);
#1378=CARTESIAN_POINT('',(-3.9E0,-2.5E-1,-2.1E0));
#1379=LINE('',#1378,#1377);
#1380=DIRECTION('',(0.E0,-9.993392221981E-1,-3.634720039470E-2));
#1381=VECTOR('',#1380,8.660243297136E-1);
#1382=CARTESIAN_POINT('',(-2.4E0,-2.4E0,-5.561930279495E0));
#1383=LINE('',#1382,#1381);
#1384=DIRECTION('',(0.E0,3.634720039469E-2,-9.993392221981E-1));
#1385=VECTOR('',#1384,3.E-1);
#1386=CARTESIAN_POINT('',(-2.4E0,-3.265452080061E0,-5.593407839354E0));
#1387=LINE('',#1386,#1385);
#1388=DIRECTION('',(0.E0,9.993392221981E-1,3.634720039469E-2));
#1389=VECTOR('',#1388,2.564423256846E0);
#1390=CARTESIAN_POINT('',(-2.4E0,-3.254547919942E0,-5.893209606013E0));
#1391=LINE('',#1390,#1389);
#1392=DIRECTION('',(0.E0,0.E0,1.E0));
#1393=VECTOR('',#1392,2.3E0);
#1394=CARTESIAN_POINT('',(-2.4E0,-2.5E-1,-4.4E0));
#1395=LINE('',#1394,#1393);
#1396=DIRECTION('',(0.E0,-1.E0,0.E0));
#1397=VECTOR('',#1396,3.E-1);
#1398=CARTESIAN_POINT('',(-2.4E0,-2.5E-1,-2.1E0));
#1399=LINE('',#1398,#1397);
#1400=DIRECTION('',(0.E0,0.E0,-1.E0));
#1401=VECTOR('',#1400,2.3E0);
#1402=CARTESIAN_POINT('',(-2.4E0,-5.5E-1,-2.1E0));
#1403=LINE('',#1402,#1401);
#1404=DIRECTION('',(0.E0,9.993392221981E-1,3.634720039469E-2));
#1405=VECTOR('',#1404,2.564423256846E0);
#1406=CARTESIAN_POINT('',(-2.1E0,-3.254547919942E0,-5.893209606013E0));
#1407=LINE('',#1406,#1405);
#1408=DIRECTION('',(0.E0,3.634720039469E-2,-9.993392221981E-1));
#1409=VECTOR('',#1408,3.E-1);
#1410=CARTESIAN_POINT('',(-2.1E0,-3.265452080061E0,-5.593407839354E0));
#1411=LINE('',#1410,#1409);
#1412=DIRECTION('',(0.E0,-9.993392221981E-1,-3.634720039470E-2));
#1413=VECTOR('',#1412,8.660243297136E-1);
#1414=CARTESIAN_POINT('',(-2.1E0,-2.4E0,-5.561930279495E0));
#1415=LINE('',#1414,#1413);
#1416=DIRECTION('',(0.E0,0.E0,-1.E0));
#1417=VECTOR('',#1416,2.3E0);
#1418=CARTESIAN_POINT('',(-2.1E0,-5.5E-1,-2.1E0));
#1419=LINE('',#1418,#1417);
#1420=DIRECTION('',(0.E0,-1.E0,0.E0));
#1421=VECTOR('',#1420,3.E-1);
#1422=CARTESIAN_POINT('',(-2.1E0,-2.5E-1,-2.1E0));
#1423=LINE('',#1422,#1421);
#1424=DIRECTION('',(0.E0,0.E0,1.E0));
#1425=VECTOR('',#1424,2.3E0);
#1426=CARTESIAN_POINT('',(-2.1E0,-2.5E-1,-4.4E0));
#1427=LINE('',#1426,#1425);
#1428=DIRECTION('',(1.E0,0.E0,0.E0));
#1429=VECTOR('',#1428,3.E-1);
#1430=CARTESIAN_POINT('',(-2.4E0,-3.254547919942E0,-5.893209606013E0));
#1431=LINE('',#1430,#1429);
#1432=DIRECTION('',(1.E0,0.E0,0.E0));
#1433=VECTOR('',#1432,3.E-1);
#1434=CARTESIAN_POINT('',(-2.4E0,-3.265452080061E0,-5.593407839354E0));
#1435=LINE('',#1434,#1433);
#1436=DIRECTION('',(1.E0,0.E0,0.E0));
#1437=VECTOR('',#1436,3.E-1);
#1438=CARTESIAN_POINT('',(-2.4E0,-5.5E-1,-2.1E0));
#1439=LINE('',#1438,#1437);
#1440=DIRECTION('',(1.E0,0.E0,0.E0));
#1441=VECTOR('',#1440,3.E-1);
#1442=CARTESIAN_POINT('',(-2.4E0,-2.5E-1,-2.1E0));
#1443=LINE('',#1442,#1441);
#1444=DIRECTION('',(0.E0,-9.993392221981E-1,-3.634720039470E-2));
#1445=VECTOR('',#1444,8.660243297136E-1);
#1446=CARTESIAN_POINT('',(-9.E-1,-2.4E0,-5.561930279495E0));
#1447=LINE('',#1446,#1445);
#1448=DIRECTION('',(0.E0,3.634720039469E-2,-9.993392221981E-1));
#1449=VECTOR('',#1448,3.E-1);
#1450=CARTESIAN_POINT('',(-9.E-1,-3.265452080061E0,-5.593407839354E0));
#1451=LINE('',#1450,#1449);
#1452=DIRECTION('',(0.E0,9.993392221981E-1,3.634720039469E-2));
#1453=VECTOR('',#1452,2.564423256846E0);
#1454=CARTESIAN_POINT('',(-9.E-1,-3.254547919942E0,-5.893209606013E0));
#1455=LINE('',#1454,#1453);
#1456=DIRECTION('',(0.E0,0.E0,1.E0));
#1457=VECTOR('',#1456,2.3E0);
#1458=CARTESIAN_POINT('',(-9.E-1,-2.5E-1,-4.4E0));
#1459=LINE('',#1458,#1457);
#1460=DIRECTION('',(0.E0,-1.E0,0.E0));
#1461=VECTOR('',#1460,3.E-1);
#1462=CARTESIAN_POINT('',(-9.E-1,-2.5E-1,-2.1E0));
#1463=LINE('',#1462,#1461);
#1464=DIRECTION('',(0.E0,0.E0,-1.E0));
#1465=VECTOR('',#1464,2.3E0);
#1466=CARTESIAN_POINT('',(-9.E-1,-5.5E-1,-2.1E0));
#1467=LINE('',#1466,#1465);
#1468=DIRECTION('',(0.E0,9.993392221981E-1,3.634720039469E-2));
#1469=VECTOR('',#1468,2.564423256846E0);
#1470=CARTESIAN_POINT('',(-6.E-1,-3.254547919942E0,-5.893209606013E0));
#1471=LINE('',#1470,#1469);
#1472=DIRECTION('',(0.E0,3.634720039469E-2,-9.993392221981E-1));
#1473=VECTOR('',#1472,3.E-1);
#1474=CARTESIAN_POINT('',(-6.E-1,-3.265452080061E0,-5.593407839354E0));
#1475=LINE('',#1474,#1473);
#1476=DIRECTION('',(0.E0,-9.993392221981E-1,-3.634720039470E-2));
#1477=VECTOR('',#1476,8.660243297136E-1);
#1478=CARTESIAN_POINT('',(-6.E-1,-2.4E0,-5.561930279495E0));
#1479=LINE('',#1478,#1477);
#1480=DIRECTION('',(0.E0,0.E0,-1.E0));
#1481=VECTOR('',#1480,2.3E0);
#1482=CARTESIAN_POINT('',(-6.E-1,-5.5E-1,-2.1E0));
#1483=LINE('',#1482,#1481);
#1484=DIRECTION('',(0.E0,-1.E0,0.E0));
#1485=VECTOR('',#1484,3.E-1);
#1486=CARTESIAN_POINT('',(-6.E-1,-2.5E-1,-2.1E0));
#1487=LINE('',#1486,#1485);
#1488=DIRECTION('',(0.E0,0.E0,1.E0));
#1489=VECTOR('',#1488,2.3E0);
#1490=CARTESIAN_POINT('',(-6.E-1,-2.5E-1,-4.4E0));
#1491=LINE('',#1490,#1489);
#1492=DIRECTION('',(1.E0,0.E0,0.E0));
#1493=VECTOR('',#1492,3.E-1);
#1494=CARTESIAN_POINT('',(-9.E-1,-3.254547919942E0,-5.893209606013E0));
#1495=LINE('',#1494,#1493);
#1496=DIRECTION('',(1.E0,0.E0,0.E0));
#1497=VECTOR('',#1496,3.E-1);
#1498=CARTESIAN_POINT('',(-9.E-1,-3.265452080061E0,-5.593407839354E0));
#1499=LINE('',#1498,#1497);
#1500=DIRECTION('',(1.E0,0.E0,0.E0));
#1501=VECTOR('',#1500,3.E-1);
#1502=CARTESIAN_POINT('',(-9.E-1,-5.5E-1,-2.1E0));
#1503=LINE('',#1502,#1501);
#1504=DIRECTION('',(1.E0,0.E0,0.E0));
#1505=VECTOR('',#1504,3.E-1);
#1506=CARTESIAN_POINT('',(-9.E-1,-2.5E-1,-2.1E0));
#1507=LINE('',#1506,#1505);
#1508=DIRECTION('',(0.E0,-9.993392221981E-1,-3.634720039470E-2));
#1509=VECTOR('',#1508,8.660243297136E-1);
#1510=CARTESIAN_POINT('',(6.E-1,-2.4E0,-5.561930279495E0));
#1511=LINE('',#1510,#1509);
#1512=DIRECTION('',(0.E0,3.634720039469E-2,-9.993392221981E-1));
#1513=VECTOR('',#1512,3.E-1);
#1514=CARTESIAN_POINT('',(6.E-1,-3.265452080061E0,-5.593407839354E0));
#1515=LINE('',#1514,#1513);
#1516=DIRECTION('',(0.E0,9.993392221981E-1,3.634720039469E-2));
#1517=VECTOR('',#1516,2.564423256846E0);
#1518=CARTESIAN_POINT('',(6.E-1,-3.254547919942E0,-5.893209606013E0));
#1519=LINE('',#1518,#1517);
#1520=DIRECTION('',(0.E0,0.E0,1.E0));
#1521=VECTOR('',#1520,2.3E0);
#1522=CARTESIAN_POINT('',(6.E-1,-2.5E-1,-4.4E0));
#1523=LINE('',#1522,#1521);
#1524=DIRECTION('',(0.E0,-1.E0,0.E0));
#1525=VECTOR('',#1524,3.E-1);
#1526=CARTESIAN_POINT('',(6.E-1,-2.5E-1,-2.1E0));
#1527=LINE('',#1526,#1525);
#1528=DIRECTION('',(0.E0,0.E0,-1.E0));
#1529=VECTOR('',#1528,2.3E0);
#1530=CARTESIAN_POINT('',(6.E-1,-5.5E-1,-2.1E0));
#1531=LINE('',#1530,#1529);
#1532=DIRECTION('',(0.E0,9.993392221981E-1,3.634720039469E-2));
#1533=VECTOR('',#1532,2.564423256846E0);
#1534=CARTESIAN_POINT('',(9.E-1,-3.254547919942E0,-5.893209606013E0));
#1535=LINE('',#1534,#1533);
#1536=DIRECTION('',(0.E0,3.634720039469E-2,-9.993392221981E-1));
#1537=VECTOR('',#1536,3.E-1);
#1538=CARTESIAN_POINT('',(9.E-1,-3.265452080061E0,-5.593407839354E0));
#1539=LINE('',#1538,#1537);
#1540=DIRECTION('',(0.E0,-9.993392221981E-1,-3.634720039470E-2));
#1541=VECTOR('',#1540,8.660243297136E-1);
#1542=CARTESIAN_POINT('',(9.E-1,-2.4E0,-5.561930279495E0));
#1543=LINE('',#1542,#1541);
#1544=DIRECTION('',(0.E0,0.E0,-1.E0));
#1545=VECTOR('',#1544,2.3E0);
#1546=CARTESIAN_POINT('',(9.E-1,-5.5E-1,-2.1E0));
#1547=LINE('',#1546,#1545);
#1548=DIRECTION('',(0.E0,-1.E0,0.E0));
#1549=VECTOR('',#1548,3.E-1);
#1550=CARTESIAN_POINT('',(9.E-1,-2.5E-1,-2.1E0));
#1551=LINE('',#1550,#1549);
#1552=DIRECTION('',(0.E0,0.E0,1.E0));
#1553=VECTOR('',#1552,2.3E0);
#1554=CARTESIAN_POINT('',(9.E-1,-2.5E-1,-4.4E0));
#1555=LINE('',#1554,#1553);
#1556=DIRECTION('',(1.E0,0.E0,0.E0));
#1557=VECTOR('',#1556,3.E-1);
#1558=CARTESIAN_POINT('',(6.E-1,-3.254547919942E0,-5.893209606013E0));
#1559=LINE('',#1558,#1557);
#1560=DIRECTION('',(1.E0,0.E0,0.E0));
#1561=VECTOR('',#1560,3.E-1);
#1562=CARTESIAN_POINT('',(6.E-1,-3.265452080061E0,-5.593407839354E0));
#1563=LINE('',#1562,#1561);
#1564=DIRECTION('',(1.E0,0.E0,0.E0));
#1565=VECTOR('',#1564,3.E-1);
#1566=CARTESIAN_POINT('',(6.E-1,-5.5E-1,-2.1E0));
#1567=LINE('',#1566,#1565);
#1568=DIRECTION('',(1.E0,0.E0,0.E0));
#1569=VECTOR('',#1568,3.E-1);
#1570=CARTESIAN_POINT('',(6.E-1,-2.5E-1,-2.1E0));
#1571=LINE('',#1570,#1569);
#1572=DIRECTION('',(0.E0,-9.993392221981E-1,-3.634720039470E-2));
#1573=VECTOR('',#1572,8.660243297136E-1);
#1574=CARTESIAN_POINT('',(2.1E0,-2.4E0,-5.561930279495E0));
#1575=LINE('',#1574,#1573);
#1576=DIRECTION('',(0.E0,3.634720039469E-2,-9.993392221981E-1));
#1577=VECTOR('',#1576,3.E-1);
#1578=CARTESIAN_POINT('',(2.1E0,-3.265452080061E0,-5.593407839354E0));
#1579=LINE('',#1578,#1577);
#1580=DIRECTION('',(0.E0,9.993392221981E-1,3.634720039469E-2));
#1581=VECTOR('',#1580,2.564423256846E0);
#1582=CARTESIAN_POINT('',(2.1E0,-3.254547919942E0,-5.893209606013E0));
#1583=LINE('',#1582,#1581);
#1584=DIRECTION('',(0.E0,0.E0,1.E0));
#1585=VECTOR('',#1584,2.3E0);
#1586=CARTESIAN_POINT('',(2.1E0,-2.5E-1,-4.4E0));
#1587=LINE('',#1586,#1585);
#1588=DIRECTION('',(0.E0,-1.E0,0.E0));
#1589=VECTOR('',#1588,3.E-1);
#1590=CARTESIAN_POINT('',(2.1E0,-2.5E-1,-2.1E0));
#1591=LINE('',#1590,#1589);
#1592=DIRECTION('',(0.E0,0.E0,-1.E0));
#1593=VECTOR('',#1592,2.3E0);
#1594=CARTESIAN_POINT('',(2.1E0,-5.5E-1,-2.1E0));
#1595=LINE('',#1594,#1593);
#1596=DIRECTION('',(0.E0,9.993392221981E-1,3.634720039469E-2));
#1597=VECTOR('',#1596,2.564423256846E0);
#1598=CARTESIAN_POINT('',(2.4E0,-3.254547919942E0,-5.893209606013E0));
#1599=LINE('',#1598,#1597);
#1600=DIRECTION('',(0.E0,3.634720039469E-2,-9.993392221981E-1));
#1601=VECTOR('',#1600,3.E-1);
#1602=CARTESIAN_POINT('',(2.4E0,-3.265452080061E0,-5.593407839354E0));
#1603=LINE('',#1602,#1601);
#1604=DIRECTION('',(0.E0,-9.993392221981E-1,-3.634720039470E-2));
#1605=VECTOR('',#1604,8.660243297136E-1);
#1606=CARTESIAN_POINT('',(2.4E0,-2.4E0,-5.561930279495E0));
#1607=LINE('',#1606,#1605);
#1608=DIRECTION('',(0.E0,0.E0,-1.E0));
#1609=VECTOR('',#1608,2.3E0);
#1610=CARTESIAN_POINT('',(2.4E0,-5.5E-1,-2.1E0));
#1611=LINE('',#1610,#1609);
#1612=DIRECTION('',(0.E0,-1.E0,0.E0));
#1613=VECTOR('',#1612,3.E-1);
#1614=CARTESIAN_POINT('',(2.4E0,-2.5E-1,-2.1E0));
#1615=LINE('',#1614,#1613);
#1616=DIRECTION('',(0.E0,0.E0,1.E0));
#1617=VECTOR('',#1616,2.3E0);
#1618=CARTESIAN_POINT('',(2.4E0,-2.5E-1,-4.4E0));
#1619=LINE('',#1618,#1617);
#1620=DIRECTION('',(1.E0,0.E0,0.E0));
#1621=VECTOR('',#1620,3.E-1);
#1622=CARTESIAN_POINT('',(2.1E0,-3.254547919942E0,-5.893209606013E0));
#1623=LINE('',#1622,#1621);
#1624=DIRECTION('',(1.E0,0.E0,0.E0));
#1625=VECTOR('',#1624,3.E-1);
#1626=CARTESIAN_POINT('',(2.1E0,-3.265452080061E0,-5.593407839354E0));
#1627=LINE('',#1626,#1625);
#1628=DIRECTION('',(1.E0,0.E0,0.E0));
#1629=VECTOR('',#1628,3.E-1);
#1630=CARTESIAN_POINT('',(2.1E0,-5.5E-1,-2.1E0));
#1631=LINE('',#1630,#1629);
#1632=DIRECTION('',(1.E0,0.E0,0.E0));
#1633=VECTOR('',#1632,3.E-1);
#1634=CARTESIAN_POINT('',(2.1E0,-2.5E-1,-2.1E0));
#1635=LINE('',#1634,#1633);
#1636=DIRECTION('',(1.E0,0.E0,0.E0));
#1637=VECTOR('',#1636,3.E-1);
#1638=CARTESIAN_POINT('',(3.6E0,-5.5E-1,-2.1E0));
#1639=LINE('',#1638,#1637);
#1640=DIRECTION('',(1.E0,0.E0,0.E0));
#1641=VECTOR('',#1640,3.E-1);
#1642=CARTESIAN_POINT('',(3.6E0,-2.5E-1,-2.1E0));
#1643=LINE('',#1642,#1641);
#1644=DIRECTION('',(0.E0,9.993392221981E-1,3.634720039469E-2));
#1645=VECTOR('',#1644,2.564423256846E0);
#1646=CARTESIAN_POINT('',(3.9E0,-3.254547919942E0,-5.893209606013E0));
#1647=LINE('',#1646,#1645);
#1648=DIRECTION('',(0.E0,3.634720039469E-2,-9.993392221981E-1));
#1649=VECTOR('',#1648,3.E-1);
#1650=CARTESIAN_POINT('',(3.9E0,-3.265452080061E0,-5.593407839354E0));
#1651=LINE('',#1650,#1649);
#1652=DIRECTION('',(0.E0,-9.993392221981E-1,-3.634720039470E-2));
#1653=VECTOR('',#1652,8.660243297136E-1);
#1654=CARTESIAN_POINT('',(3.9E0,-2.4E0,-5.561930279495E0));
#1655=LINE('',#1654,#1653);
#1656=DIRECTION('',(0.E0,0.E0,-1.E0));
#1657=VECTOR('',#1656,2.3E0);
#1658=CARTESIAN_POINT('',(3.9E0,-5.5E-1,-2.1E0));
#1659=LINE('',#1658,#1657);
#1660=DIRECTION('',(0.E0,-1.E0,0.E0));
#1661=VECTOR('',#1660,3.E-1);
#1662=CARTESIAN_POINT('',(3.9E0,-2.5E-1,-2.1E0));
#1663=LINE('',#1662,#1661);
#1664=DIRECTION('',(0.E0,0.E0,1.E0));
#1665=VECTOR('',#1664,2.3E0);
#1666=CARTESIAN_POINT('',(3.9E0,-2.5E-1,-4.4E0));
#1667=LINE('',#1666,#1665);
#1668=DIRECTION('',(1.E0,0.E0,0.E0));
#1669=VECTOR('',#1668,3.E-1);
#1670=CARTESIAN_POINT('',(3.6E0,-3.254547919942E0,-5.893209606013E0));
#1671=LINE('',#1670,#1669);
#1672=DIRECTION('',(1.E0,0.E0,0.E0));
#1673=VECTOR('',#1672,3.E-1);
#1674=CARTESIAN_POINT('',(3.6E0,-3.265452080061E0,-5.593407839354E0));
#1675=LINE('',#1674,#1673);
#1676=DIRECTION('',(1.E0,0.E0,0.E0));
#1677=VECTOR('',#1676,3.E-1);
#1678=CARTESIAN_POINT('',(5.1E0,-5.5E-1,-2.1E0));
#1679=LINE('',#1678,#1677);
#1680=DIRECTION('',(1.E0,0.E0,0.E0));
#1681=VECTOR('',#1680,3.E-1);
#1682=CARTESIAN_POINT('',(5.1E0,-2.5E-1,-2.1E0));
#1683=LINE('',#1682,#1681);
#1684=DIRECTION('',(0.E0,9.993392221981E-1,3.634720039469E-2));
#1685=VECTOR('',#1684,8.087152039963E-1);
#1686=CARTESIAN_POINT('',(5.4E0,-1.5E0,-5.829394533582E0));
#1687=LINE('',#1686,#1685);
#1688=DIRECTION('',(0.E0,0.E0,-1.E0));
#1689=VECTOR('',#1688,2.3E0);
#1690=CARTESIAN_POINT('',(5.4E0,-5.5E-1,-2.1E0));
#1691=LINE('',#1690,#1689);
#1692=DIRECTION('',(0.E0,-1.E0,0.E0));
#1693=VECTOR('',#1692,3.E-1);
#1694=CARTESIAN_POINT('',(5.4E0,-2.5E-1,-2.1E0));
#1695=LINE('',#1694,#1693);
#1696=DIRECTION('',(0.E0,0.E0,1.E0));
#1697=VECTOR('',#1696,2.3E0);
#1698=CARTESIAN_POINT('',(5.4E0,-2.5E-1,-4.4E0));
#1699=LINE('',#1698,#1697);
#1700=DIRECTION('',(0.E0,9.993392221981E-1,3.634720039470E-2));
#1701=VECTOR('',#1700,7.550468381322E-1);
#1702=CARTESIAN_POINT('',(5.4E0,-3.254547919942E0,-5.893209606013E0));
#1703=LINE('',#1702,#1701);
#1704=DIRECTION('',(0.E0,3.634720039469E-2,-9.993392221981E-1));
#1705=VECTOR('',#1704,3.E-1);
#1706=CARTESIAN_POINT('',(5.4E0,-3.265452080061E0,-5.593407839354E0));
#1707=LINE('',#1706,#1705);
#1708=DIRECTION('',(0.E0,-9.993392221981E-1,-3.634720039470E-2));
#1709=VECTOR('',#1708,7.659582082418E-1);
#1710=CARTESIAN_POINT('',(5.4E0,-2.5E0,-5.565567402865E0));
#1711=LINE('',#1710,#1709);
#1712=DIRECTION('',(1.E0,0.E0,0.E0));
#1713=VECTOR('',#1712,3.E-1);
#1714=CARTESIAN_POINT('',(5.1E0,-3.254547919942E0,-5.893209606013E0));
#1715=LINE('',#1714,#1713);
#1716=DIRECTION('',(1.E0,0.E0,0.E0));
#1717=VECTOR('',#1716,3.E-1);
#1718=CARTESIAN_POINT('',(5.1E0,-3.265452080061E0,-5.593407839354E0));
#1719=LINE('',#1718,#1717);
#1720=DIRECTION('',(0.E0,0.E0,1.E0));
#1721=VECTOR('',#1720,9.999999999999E-3);
#1722=CARTESIAN_POINT('',(-5.15625E0,-1.8E0,-4.4E0));
#1723=LINE('',#1722,#1721);
#1724=DIRECTION('',(0.E0,0.E0,1.E0));
#1725=VECTOR('',#1724,9.999999999999E-3);
#1726=CARTESIAN_POINT('',(-5.25E0,-1.8E0,-4.4E0));
#1727=LINE('',#1726,#1725);
#1728=DIRECTION('',(0.E0,-4.440892098501E-14,1.E0));
#1729=VECTOR('',#1728,9.999999999999E-3);
#1730=CARTESIAN_POINT('',(-5.25E0,-1.177659559250E0,-4.4E0));
#1731=LINE('',#1730,#1729);
#1732=DIRECTION('',(0.E0,0.E0,1.E0));
#1733=VECTOR('',#1732,9.999999999999E-3);
#1734=CARTESIAN_POINT('',(-5.34375E0,-1.289361718297E0,-4.4E0));
#1735=LINE('',#1734,#1733);
#1736=DIRECTION('',(0.E0,4.440892098501E-14,1.E0));
#1737=VECTOR('',#1736,9.999999999999E-3);
#1738=CARTESIAN_POINT('',(-5.34375E0,-1.161702114344E0,-4.4E0));
#1739=LINE('',#1738,#1737);
#1740=DIRECTION('',(0.E0,0.E0,1.E0));
#1741=VECTOR('',#1740,9.999999999999E-3);
#1742=CARTESIAN_POINT('',(-5.25E0,-1.05E0,-4.4E0));
#1743=LINE('',#1742,#1741);
#1744=DIRECTION('',(0.E0,0.E0,1.E0));
#1745=VECTOR('',#1744,9.999999999999E-3);
#1746=CARTESIAN_POINT('',(-5.15625E0,-1.05E0,-4.4E0));
#1747=LINE('',#1746,#1745);
#1748=DIRECTION('',(0.E0,1.E0,0.E0));
#1749=VECTOR('',#1748,7.5E-1);
#1750=CARTESIAN_POINT('',(-5.15625E0,-1.8E0,-4.39E0));
#1751=LINE('',#1750,#1749);
#1752=DIRECTION('',(1.E0,0.E0,0.E0));
#1753=VECTOR('',#1752,9.375E-2);
#1754=CARTESIAN_POINT('',(-5.25E0,-1.8E0,-4.39E0));
#1755=LINE('',#1754,#1753);
#1756=DIRECTION('',(0.E0,-1.E0,0.E0));
#1757=VECTOR('',#1756,6.223404407501E-1);
#1758=CARTESIAN_POINT('',(-5.25E0,-1.177659559250E0,-4.39E0));
#1759=LINE('',#1758,#1757);
#1760=DIRECTION('',(6.428711427642E-1,7.659743427825E-1,0.E0));
#1761=VECTOR('',#1760,1.458301574977E-1);
#1762=CARTESIAN_POINT('',(-5.34375E0,-1.289361718297E0,-4.39E0));
#1763=LINE('',#1762,#1761);
#1764=DIRECTION('',(0.E0,-1.E0,0.E0));
#1765=VECTOR('',#1764,1.276596039534E-1);
#1766=CARTESIAN_POINT('',(-5.34375E0,-1.161702114344E0,-4.39E0));
#1767=LINE('',#1766,#1765);
#1768=DIRECTION('',(-6.428712937139E-1,-7.659742160926E-1,0.E0));
#1769=VECTOR('',#1768,1.458301232559E-1);
#1770=CARTESIAN_POINT('',(-5.25E0,-1.05E0,-4.39E0));
#1771=LINE('',#1770,#1769);
#1772=DIRECTION('',(-1.E0,0.E0,0.E0));
#1773=VECTOR('',#1772,9.375E-2);
#1774=CARTESIAN_POINT('',(-5.15625E0,-1.05E0,-4.39E0));
#1775=LINE('',#1774,#1773);
#1776=DIRECTION('',(0.E0,9.486832980505E-1,3.162277660168E-1));
#1777=VECTOR('',#1776,3.162277660168E-1);
#1778=CARTESIAN_POINT('',(7.7E0,2.1E0,-3.85E0));
#1779=LINE('',#1778,#1777);
#1780=DIRECTION('',(0.E0,-1.E0,0.E0));
#1781=VECTOR('',#1780,1.35E0);
#1782=CARTESIAN_POINT('',(7.7E0,2.1E0,-3.85E0));
#1783=LINE('',#1782,#1781);
#1784=DIRECTION('',(0.E0,0.E0,-1.E0));
#1785=VECTOR('',#1784,9.5E-1);
#1786=CARTESIAN_POINT('',(7.7E0,7.5E-1,-3.85E0));
#1787=LINE('',#1786,#1785);
#1788=DIRECTION('',(0.E0,7.071067811866E-1,7.071067811865E-1));
#1789=VECTOR('',#1788,1.414213562373E-1);
#1790=CARTESIAN_POINT('',(7.7E0,6.5E-1,-4.9E0));
#1791=LINE('',#1790,#1789);
#1792=DIRECTION('',(0.E0,-1.E0,0.E0));
#1793=VECTOR('',#1792,1.25E0);
#1794=CARTESIAN_POINT('',(7.7E0,6.5E-1,-4.9E0));
#1795=LINE('',#1794,#1793);
#1796=DIRECTION('',(0.E0,0.E0,1.E0));
#1797=VECTOR('',#1796,9.E-1);
#1798=CARTESIAN_POINT('',(7.7E0,-6.E-1,-5.8E0));
#1799=LINE('',#1798,#1797);
#1800=DIRECTION('',(0.E0,0.E0,-1.E0));
#1801=VECTOR('',#1800,3.65E0);
#1802=CARTESIAN_POINT('',(7.7E0,-2.4E0,-2.15E0));
#1803=LINE('',#1802,#1801);
#1804=DIRECTION('',(0.E0,1.E0,0.E0));
#1805=VECTOR('',#1804,9.E-1);
#1806=CARTESIAN_POINT('',(7.7E0,-2.4E0,-2.15E0));
#1807=LINE('',#1806,#1805);
#1808=DIRECTION('',(0.E0,0.E0,1.E0));
#1809=VECTOR('',#1808,1.25E0);
#1810=CARTESIAN_POINT('',(7.7E0,-1.5E0,-2.15E0));
#1811=LINE('',#1810,#1809);
#1812=DIRECTION('',(0.E0,-7.071067811865E-1,-7.071067811865E-1));
#1813=VECTOR('',#1812,1.414213562373E-1);
#1814=CARTESIAN_POINT('',(7.7E0,-1.4E0,-8.E-1));
#1815=LINE('',#1814,#1813);
#1816=DIRECTION('',(0.E0,1.E0,0.E0));
#1817=VECTOR('',#1816,9.5E-1);
#1818=CARTESIAN_POINT('',(7.7E0,-1.4E0,-8.E-1));
#1819=LINE('',#1818,#1817);
#1820=DIRECTION('',(0.E0,0.E0,-1.E0));
#1821=VECTOR('',#1820,5.E-1);
#1822=CARTESIAN_POINT('',(7.7E0,-4.5E-1,-3.E-1));
#1823=LINE('',#1822,#1821);
#1824=DIRECTION('',(0.E0,-3.162277660168E-1,-9.486832980505E-1));
#1825=VECTOR('',#1824,3.162277660168E-1);
#1826=CARTESIAN_POINT('',(7.7E0,-3.5E-1,0.E0));
#1827=LINE('',#1826,#1825);
#1828=DIRECTION('',(-3.015113445778E-1,9.045340337333E-1,3.015113445778E-1));
#1829=VECTOR('',#1828,3.316624790355E-1);
#1830=CARTESIAN_POINT('',(7.025E0,2.1E0,-3.85E0));
#1831=LINE('',#1830,#1829);
#1832=DIRECTION('',(-7.071067811865E-1,0.E0,7.071067811865E-1));
#1833=VECTOR('',#1832,3.959797974645E-1);
#1834=CARTESIAN_POINT('',(-6.645E0,2.4E0,-5.8E0));
#1835=LINE('',#1834,#1833);
#1836=DIRECTION('',(-7.071067811866E-1,0.E0,-7.071067811865E-1));
#1837=VECTOR('',#1836,3.959797974645E-1);
#1838=CARTESIAN_POINT('',(6.925E0,2.4E0,-5.52E0));
#1839=LINE('',#1838,#1837);
#1840=DIRECTION('',(0.E0,0.E0,-1.E0));
#1841=VECTOR('',#1840,1.12E0);
#1842=CARTESIAN_POINT('',(6.925E0,2.4E0,-4.4E0));
#1843=LINE('',#1842,#1841);
#1844=DIRECTION('',(0.E0,0.E0,1.E0));
#1845=VECTOR('',#1844,2.E-1);
#1846=CARTESIAN_POINT('',(6.925E0,2.4E0,-4.4E0));
#1847=LINE('',#1846,#1845);
#1848=DIRECTION('',(0.E0,0.E0,-1.E0));
#1849=VECTOR('',#1848,4.5E-1);
#1850=CARTESIAN_POINT('',(6.925E0,2.4E0,-3.75E0));
#1851=LINE('',#1850,#1849);
#1852=DIRECTION('',(-1.E0,0.E0,0.E0));
#1853=VECTOR('',#1852,7.75E-1);
#1854=CARTESIAN_POINT('',(7.7E0,2.4E0,-3.75E0));
#1855=LINE('',#1854,#1853);
#1856=DIRECTION('',(0.E0,0.E0,-1.E0));
#1857=VECTOR('',#1856,3.75E0);
#1858=CARTESIAN_POINT('',(7.7E0,2.4E0,0.E0));
#1859=LINE('',#1858,#1857);
#1860=DIRECTION('',(-1.E0,0.E0,0.E0));
#1861=VECTOR('',#1860,7.75E-1);
#1862=CARTESIAN_POINT('',(-6.925E0,2.4E0,-3.75E0));
#1863=LINE('',#1862,#1861);
#1864=DIRECTION('',(0.E0,0.E0,1.E0));
#1865=VECTOR('',#1864,4.5E-1);
#1866=CARTESIAN_POINT('',(-6.925E0,2.4E0,-4.2E0));
#1867=LINE('',#1866,#1865);
#1868=DIRECTION('',(0.E0,0.E0,-1.E0));
#1869=VECTOR('',#1868,2.E-1);
#1870=CARTESIAN_POINT('',(-6.925E0,2.4E0,-4.2E0));
#1871=LINE('',#1870,#1869);
#1872=DIRECTION('',(0.E0,0.E0,1.E0));
#1873=VECTOR('',#1872,1.12E0);
#1874=CARTESIAN_POINT('',(-6.925E0,2.4E0,-5.52E0));
#1875=LINE('',#1874,#1873);
#1876=DIRECTION('',(0.E0,1.E0,0.E0));
#1877=VECTOR('',#1876,2.E0);
#1878=CARTESIAN_POINT('',(-7.025E0,-4.5E-1,-5.42E0));
#1879=LINE('',#1878,#1877);
#1880=DIRECTION('',(7.071067811865E-1,0.E0,-7.071067811865E-1));
#1881=VECTOR('',#1880,5.374011537018E-1);
#1882=CARTESIAN_POINT('',(-7.025E0,-6.E-1,-5.42E0));
#1883=LINE('',#1882,#1881);
#1884=DIRECTION('',(0.E0,0.E0,-1.E0));
#1885=VECTOR('',#1884,2.E-1);
#1886=CARTESIAN_POINT('',(-7.025E0,1.4E0,-4.2E0));
#1887=LINE('',#1886,#1885);
#1888=DIRECTION('',(0.E0,0.E0,-1.E0));
#1889=VECTOR('',#1888,2.5E-1);
#1890=CARTESIAN_POINT('',(7.575E0,1.55E0,-5.65E0));
#1891=LINE('',#1890,#1889);
#1892=DIRECTION('',(1.E0,0.E0,0.E0));
#1893=VECTOR('',#1892,2.E-1);
#1894=CARTESIAN_POINT('',(7.375E0,1.55E0,-5.65E0));
#1895=LINE('',#1894,#1893);
#1896=CARTESIAN_POINT('',(7.375E0,1.55E0,-5.55E0));
#1897=DIRECTION('',(0.E0,-1.E0,0.E0));
#1898=DIRECTION('',(-1.E0,0.E0,5.329070518201E-14));
#1899=AXIS2_PLACEMENT_3D('',#1896,#1897,#1898);
#1901=DIRECTION('',(0.E0,0.E0,-1.E0));
#1902=VECTOR('',#1901,1.7E0);
#1903=CARTESIAN_POINT('',(7.275E0,1.55E0,-3.85E0));
#1904=LINE('',#1903,#1902);
#1905=DIRECTION('',(0.E0,0.E0,1.E0));
#1906=VECTOR('',#1905,2.E-1);
#1907=CARTESIAN_POINT('',(7.025E0,1.55E0,-4.4E0));
#1908=LINE('',#1907,#1906);
#1909=DIRECTION('',(0.E0,0.E0,1.E0));
#1910=VECTOR('',#1909,1.3E-1);
#1911=CARTESIAN_POINT('',(7.025E0,1.55E0,-5.55E0));
#1912=LINE('',#1911,#1910);
#1913=CARTESIAN_POINT('',(7.375E0,1.55E0,-5.55E0));
#1914=DIRECTION('',(0.E0,1.E0,0.E0));
#1915=DIRECTION('',(0.E0,0.E0,-1.E0));
#1916=AXIS2_PLACEMENT_3D('',#1913,#1914,#1915);
#1918=DIRECTION('',(-1.E0,0.E0,0.E0));
#1919=VECTOR('',#1918,2.E-1);
#1920=CARTESIAN_POINT('',(7.575E0,1.55E0,-5.9E0));
#1921=LINE('',#1920,#1919);
#1922=DIRECTION('',(0.E0,0.E0,1.E0));
#1923=VECTOR('',#1922,2.5E-1);
#1924=CARTESIAN_POINT('',(-7.575E0,1.55E0,-5.9E0));
#1925=LINE('',#1924,#1923);
#1926=DIRECTION('',(-1.E0,0.E0,0.E0));
#1927=VECTOR('',#1926,2.E-1);
#1928=CARTESIAN_POINT('',(-7.375E0,1.55E0,-5.9E0));
#1929=LINE('',#1928,#1927);
#1930=CARTESIAN_POINT('',(-7.375E0,1.55E0,-5.55E0));
#1931=DIRECTION('',(0.E0,1.E0,0.E0));
#1932=DIRECTION('',(1.E0,0.E0,0.E0));
#1933=AXIS2_PLACEMENT_3D('',#1930,#1931,#1932);
#1935=DIRECTION('',(0.E0,0.E0,-1.E0));
#1936=VECTOR('',#1935,1.3E-1);
#1937=CARTESIAN_POINT('',(-7.025E0,1.55E0,-5.42E0));
#1938=LINE('',#1937,#1936);
#1939=DIRECTION('',(0.E0,0.E0,-1.E0));
#1940=VECTOR('',#1939,2.E-1);
#1941=CARTESIAN_POINT('',(-7.025E0,1.55E0,-4.2E0));
#1942=LINE('',#1941,#1940);
#1943=DIRECTION('',(0.E0,0.E0,1.E0));
#1944=VECTOR('',#1943,1.7E0);
#1945=CARTESIAN_POINT('',(-7.275E0,1.55E0,-5.55E0));
#1946=LINE('',#1945,#1944);
#1947=CARTESIAN_POINT('',(-7.375E0,1.55E0,-5.55E0));
#1948=DIRECTION('',(0.E0,-1.E0,0.E0));
#1949=DIRECTION('',(0.E0,0.E0,-1.E0));
#1950=AXIS2_PLACEMENT_3D('',#1947,#1948,#1949);
#1952=DIRECTION('',(1.E0,0.E0,0.E0));
#1953=VECTOR('',#1952,2.E-1);
#1954=CARTESIAN_POINT('',(-7.575E0,1.55E0,-5.65E0));
#1955=LINE('',#1954,#1953);
#1956=CARTESIAN_POINT('',(7.575E0,1.25E0,-5.9E0));
#1957=DIRECTION('',(0.E0,0.E0,-1.E0));
#1958=DIRECTION('',(0.E0,1.E0,0.E0));
#1959=AXIS2_PLACEMENT_3D('',#1956,#1957,#1958);
#1961=CARTESIAN_POINT('',(7.575E0,-1.5E-1,-5.9E0));
#1962=DIRECTION('',(0.E0,0.E0,-1.E0));
#1963=DIRECTION('',(1.E0,0.E0,0.E0));
#1964=AXIS2_PLACEMENT_3D('',#1961,#1962,#1963);
#1966=DIRECTION('',(0.E0,-1.E0,0.E0));
#1967=VECTOR('',#1966,1.4E0);
#1968=CARTESIAN_POINT('',(7.875E0,1.25E0,-5.9E0));
#1969=LINE('',#1968,#1967);
#1970=DIRECTION('',(0.E0,-1.E0,0.E0));
#1971=VECTOR('',#1970,2.E0);
#1972=CARTESIAN_POINT('',(7.375E0,1.55E0,-5.9E0));
#1973=LINE('',#1972,#1971);
#1974=DIRECTION('',(0.E0,-1.E0,0.E0));
#1975=VECTOR('',#1974,2.E0);
#1976=CARTESIAN_POINT('',(7.025E0,1.55E0,-5.55E0));
#1977=LINE('',#1976,#1975);
#1978=DIRECTION('',(0.E0,0.E0,-1.E0));
#1979=VECTOR('',#1978,2.E-1);
#1980=CARTESIAN_POINT('',(7.025E0,1.4E0,-4.2E0));
#1981=LINE('',#1980,#1979);
#1982=DIRECTION('',(0.E0,1.E0,0.E0));
#1983=VECTOR('',#1982,2.E0);
#1984=CARTESIAN_POINT('',(7.025E0,-4.5E-1,-5.42E0));
#1985=LINE('',#1984,#1983);
#1986=DIRECTION('',(7.071067811865E-1,0.E0,7.071067811865E-1));
#1987=VECTOR('',#1986,5.374011537018E-1);
#1988=CARTESIAN_POINT('',(6.645E0,-6.E-1,-5.8E0));
#1989=LINE('',#1988,#1987);
#1990=DIRECTION('',(0.E0,1.E0,0.E0));
#1991=VECTOR('',#1990,3.5E-1);
#1992=CARTESIAN_POINT('',(7.025E0,-8.E-1,-3.E-1));
#1993=LINE('',#1992,#1991);
#1994=DIRECTION('',(0.E0,0.E0,1.E0));
#1995=VECTOR('',#1994,2.35E0);
#1996=CARTESIAN_POINT('',(7.025E0,-8.E-1,-2.65E0));
#1997=LINE('',#1996,#1995);
#1998=DIRECTION('',(0.E0,1.E0,0.E0));
#1999=VECTOR('',#1998,1.15E0);
#2000=CARTESIAN_POINT('',(7.025E0,-2.15E0,-3.E-1));
#2001=LINE('',#2000,#1999);
#2002=DIRECTION('',(0.E0,0.E0,-1.E0));
#2003=VECTOR('',#2002,6.E-1);
#2004=CARTESIAN_POINT('',(7.025E0,-1.E0,-3.E-1));
#2005=LINE('',#2004,#2003);
#2006=DIRECTION('',(0.E0,1.E0,0.E0));
#2007=VECTOR('',#2006,3.E-1);
#2008=CARTESIAN_POINT('',(7.025E0,-1.4E0,-8.E-1));
#2009=LINE('',#2008,#2007);
#2010=DIRECTION('',(0.E0,1.E0,0.E0));
#2011=VECTOR('',#2010,1.3E-1);
#2012=CARTESIAN_POINT('',(7.025E0,-2.15E0,-2.15E0));
#2013=LINE('',#2012,#2011);
#2014=DIRECTION('',(0.E0,0.E0,1.E0));
#2015=VECTOR('',#2014,1.85E0);
#2016=CARTESIAN_POINT('',(7.025E0,-2.15E0,-2.15E0));
#2017=LINE('',#2016,#2015);
#2018=DIRECTION('',(0.E0,0.E0,1.E0));
#2019=VECTOR('',#2018,1.02E0);
#2020=CARTESIAN_POINT('',(7.025E0,1.55E0,-5.42E0));
#2021=LINE('',#2020,#2019);
#2022=DIRECTION('',(0.E0,1.E0,0.E0));
#2023=VECTOR('',#2022,5.5E-1);
#2024=CARTESIAN_POINT('',(7.025E0,1.55E0,-4.4E0));
#2025=LINE('',#2024,#2023);
#2026=DIRECTION('',(0.E0,0.E0,-1.E0));
#2027=VECTOR('',#2026,1.02E0);
#2028=CARTESIAN_POINT('',(7.025E0,2.1E0,-4.4E0));
#2029=LINE('',#2028,#2027);
#2030=DIRECTION('',(0.E0,-1.E0,0.E0));
#2031=VECTOR('',#2030,5.5E-1);
#2032=CARTESIAN_POINT('',(7.025E0,2.1E0,-5.42E0));
#2033=LINE('',#2032,#2031);
#2034=DIRECTION('',(0.E0,0.E0,1.E0));
#2035=VECTOR('',#2034,3.5E-1);
#2036=CARTESIAN_POINT('',(7.025E0,1.55E0,-4.2E0));
#2037=LINE('',#2036,#2035);
#2038=DIRECTION('',(0.E0,0.E0,-1.E0));
#2039=VECTOR('',#2038,3.5E-1);
#2040=CARTESIAN_POINT('',(7.025E0,2.1E0,-3.85E0));
#2041=LINE('',#2040,#2039);
#2042=DIRECTION('',(0.E0,-1.E0,0.E0));
#2043=VECTOR('',#2042,5.5E-1);
#2044=CARTESIAN_POINT('',(7.025E0,2.1E0,-4.2E0));
#2045=LINE('',#2044,#2043);
#2046=DIRECTION('',(0.E0,0.E0,1.E0));
#2047=VECTOR('',#2046,5.2E-1);
#2048=CARTESIAN_POINT('',(7.025E0,-4.5E-1,-5.42E0));
#2049=LINE('',#2048,#2047);
#2050=DIRECTION('',(0.E0,-1.E0,0.E0));
#2051=VECTOR('',#2050,1.5E-1);
#2052=CARTESIAN_POINT('',(7.025E0,-4.5E-1,-5.42E0));
#2053=LINE('',#2052,#2051);
#2054=DIRECTION('',(-3.015113445778E-1,3.015113445778E-1,9.045340337333E-1));
#2055=VECTOR('',#2054,3.316624790355E-1);
#2056=CARTESIAN_POINT('',(7.025E0,-4.5E-1,-3.E-1));
#2057=LINE('',#2056,#2055);
#2058=DIRECTION('',(-3.162277660168E-1,0.E0,9.486832980505E-1));
#2059=VECTOR('',#2058,3.162277660168E-1);
#2060=CARTESIAN_POINT('',(7.025E0,-8.E-1,-3.E-1));
#2061=LINE('',#2060,#2059);
#2062=DIRECTION('',(0.E0,-1.E0,0.E0));
#2063=VECTOR('',#2062,4.2E-1);
#2064=CARTESIAN_POINT('',(7.025E0,-1.5E0,-2.65E0));
#2065=LINE('',#2064,#2063);
#2066=DIRECTION('',(-1.E0,0.E0,0.E0));
#2067=VECTOR('',#2066,2.75E-1);
#2068=CARTESIAN_POINT('',(7.3E0,-1.5E0,-2.65E0));
#2069=LINE('',#2068,#2067);
#2070=DIRECTION('',(0.E0,1.E0,0.E0));
#2071=VECTOR('',#2070,4.2E-1);
#2072=CARTESIAN_POINT('',(7.3E0,-1.92E0,-2.65E0));
#2073=LINE('',#2072,#2071);
#2074=DIRECTION('',(1.E0,0.E0,0.E0));
#2075=VECTOR('',#2074,2.75E-1);
#2076=CARTESIAN_POINT('',(7.025E0,-1.92E0,-2.65E0));
#2077=LINE('',#2076,#2075);
#2078=DIRECTION('',(-1.E0,0.E0,0.E0));
#2079=VECTOR('',#2078,2.75E-1);
#2080=CARTESIAN_POINT('',(-7.025E0,-1.5E0,-2.65E0));
#2081=LINE('',#2080,#2079);
#2082=DIRECTION('',(0.E0,1.E0,0.E0));
#2083=VECTOR('',#2082,4.2E-1);
#2084=CARTESIAN_POINT('',(-7.025E0,-1.92E0,-2.65E0));
#2085=LINE('',#2084,#2083);
#2086=DIRECTION('',(1.E0,0.E0,0.E0));
#2087=VECTOR('',#2086,2.75E-1);
#2088=CARTESIAN_POINT('',(-7.3E0,-1.92E0,-2.65E0));
#2089=LINE('',#2088,#2087);
#2090=DIRECTION('',(0.E0,-1.E0,0.E0));
#2091=VECTOR('',#2090,4.2E-1);
#2092=CARTESIAN_POINT('',(-7.3E0,-1.5E0,-2.65E0));
#2093=LINE('',#2092,#2091);
#2094=DIRECTION('',(-1.E0,0.E0,0.E0));
#2095=VECTOR('',#2094,4.75E-1);
#2096=CARTESIAN_POINT('',(-6.925E0,-1.E0,-2.65E0));
#2097=LINE('',#2096,#2095);
#2098=DIRECTION('',(0.E0,-1.E0,0.E0));
#2099=VECTOR('',#2098,2.E-1);
#2100=CARTESIAN_POINT('',(-7.4E0,-8.E-1,-2.65E0));
#2101=LINE('',#2100,#2099);
#2102=DIRECTION('',(-1.E0,0.E0,0.E0));
#2103=VECTOR('',#2102,1.E-1);
#2104=CARTESIAN_POINT('',(-7.3E0,-8.E-1,-2.65E0));
#2105=LINE('',#2104,#2103);
#2106=DIRECTION('',(0.E0,-1.E0,0.E0));
#2107=VECTOR('',#2106,3.5E-1);
#2108=CARTESIAN_POINT('',(-7.3E0,-4.5E-1,-2.65E0));
#2109=LINE('',#2108,#2107);
#2110=DIRECTION('',(-1.E0,0.E0,0.E0));
#2111=VECTOR('',#2110,2.75E-1);
#2112=CARTESIAN_POINT('',(-7.025E0,-4.5E-1,-2.65E0));
#2113=LINE('',#2112,#2111);
#2114=DIRECTION('',(0.E0,1.E0,0.E0));
#2115=VECTOR('',#2114,3.5E-1);
#2116=CARTESIAN_POINT('',(-7.025E0,-8.E-1,-2.65E0));
#2117=LINE('',#2116,#2115);
#2118=DIRECTION('',(-1.E0,0.E0,0.E0));
#2119=VECTOR('',#2118,1.E-1);
#2120=CARTESIAN_POINT('',(-6.925E0,-8.E-1,-2.65E0));
#2121=LINE('',#2120,#2119);
#2122=DIRECTION('',(0.E0,1.E0,0.E0));
#2123=VECTOR('',#2122,2.E-1);
#2124=CARTESIAN_POINT('',(-6.925E0,-1.E0,-2.65E0));
#2125=LINE('',#2124,#2123);
#2126=DIRECTION('',(0.E0,1.E0,0.E0));
#2127=VECTOR('',#2126,3.5E-1);
#2128=CARTESIAN_POINT('',(7.3E0,-8.E-1,-2.65E0));
#2129=LINE('',#2128,#2127);
#2130=DIRECTION('',(-1.E0,0.E0,0.E0));
#2131=VECTOR('',#2130,1.E-1);
#2132=CARTESIAN_POINT('',(7.4E0,-8.E-1,-2.65E0));
#2133=LINE('',#2132,#2131);
#2134=DIRECTION('',(0.E0,1.E0,0.E0));
#2135=VECTOR('',#2134,2.E-1);
#2136=CARTESIAN_POINT('',(7.4E0,-1.E0,-2.65E0));
#2137=LINE('',#2136,#2135);
#2138=DIRECTION('',(0.E0,-1.E0,0.E0));
#2139=VECTOR('',#2138,2.E-1);
#2140=CARTESIAN_POINT('',(6.925E0,-8.E-1,-2.65E0));
#2141=LINE('',#2140,#2139);
#2142=DIRECTION('',(-1.E0,0.E0,0.E0));
#2143=VECTOR('',#2142,1.E-1);
#2144=CARTESIAN_POINT('',(7.025E0,-8.E-1,-2.65E0));
#2145=LINE('',#2144,#2143);
#2146=DIRECTION('',(0.E0,-1.E0,0.E0));
#2147=VECTOR('',#2146,3.5E-1);
#2148=CARTESIAN_POINT('',(7.025E0,-4.5E-1,-2.65E0));
#2149=LINE('',#2148,#2147);
#2150=DIRECTION('',(-1.E0,0.E0,0.E0));
#2151=VECTOR('',#2150,2.75E-1);
#2152=CARTESIAN_POINT('',(7.3E0,-4.5E-1,-2.65E0));
#2153=LINE('',#2152,#2151);
#2154=DIRECTION('',(-1.E0,0.E0,0.E0));
#2155=VECTOR('',#2154,3.E-1);
#2156=CARTESIAN_POINT('',(7.7E0,-1.5E0,-2.15E0));
#2157=LINE('',#2156,#2155);
#2158=DIRECTION('',(0.E0,0.E0,-1.E0));
#2159=VECTOR('',#2158,4.E-1);
#2160=CARTESIAN_POINT('',(7.3E0,-1.5E0,-2.25E0));
#2161=LINE('',#2160,#2159);
#2162=DIRECTION('',(0.E0,0.E0,1.E0));
#2163=VECTOR('',#2162,1.75E0);
#2164=CARTESIAN_POINT('',(7.025E0,-1.5E0,-2.65E0));
#2165=LINE('',#2164,#2163);
#2166=DIRECTION('',(1.E0,0.E0,0.E0));
#2167=VECTOR('',#2166,6.75E-1);
#2168=CARTESIAN_POINT('',(7.025E0,-1.5E0,-9.E-1));
#2169=LINE('',#2168,#2167);
#2170=DIRECTION('',(-1.E0,0.E0,0.E0));
#2171=VECTOR('',#2170,9.25E-1);
#2172=CARTESIAN_POINT('',(7.7E0,-2.4E0,-2.15E0));
#2173=LINE('',#2172,#2171);
#2174=DIRECTION('',(-1.E0,0.E0,0.E0));
#2175=VECTOR('',#2174,3.75E-1);
#2176=CARTESIAN_POINT('',(7.4E0,-2.02E0,-2.15E0));
#2177=LINE('',#2176,#2175);
#2178=DIRECTION('',(0.E0,-1.E0,0.E0));
#2179=VECTOR('',#2178,5.2E-1);
#2180=CARTESIAN_POINT('',(7.4E0,-1.5E0,-2.15E0));
#2181=LINE('',#2180,#2179);
#2182=DIRECTION('',(-3.015113445778E-1,-3.015113445778E-1,9.045340337333E-1));
#2183=VECTOR('',#2182,3.316624790355E-1);
#2184=CARTESIAN_POINT('',(7.025E0,-2.15E0,-3.E-1));
#2185=LINE('',#2184,#2183);
#2186=DIRECTION('',(-7.071067811865E-1,-7.071067811865E-1,0.E0));
#2187=VECTOR('',#2186,3.535533905933E-1);
#2188=CARTESIAN_POINT('',(7.025E0,-2.15E0,-2.15E0));
#2189=LINE('',#2188,#2187);
#2190=DIRECTION('',(3.162277660168E-1,0.E0,-9.486832980505E-1));
#2191=VECTOR('',#2190,3.162277660168E-1);
#2192=CARTESIAN_POINT('',(6.925E0,-1.E0,0.E0));
#2193=LINE('',#2192,#2191);
#2194=DIRECTION('',(0.E0,0.E0,-1.E0));
#2195=VECTOR('',#2194,2.65E0);
#2196=CARTESIAN_POINT('',(6.925E0,-1.E0,0.E0));
#2197=LINE('',#2196,#2195);
#2198=DIRECTION('',(1.E0,0.E0,0.E0));
#2199=VECTOR('',#2198,4.75E-1);
#2200=CARTESIAN_POINT('',(6.925E0,-1.E0,-2.65E0));
#2201=LINE('',#2200,#2199);
#2202=DIRECTION('',(1.E0,0.E0,0.E0));
#2203=VECTOR('',#2202,3.75E-1);
#2204=CARTESIAN_POINT('',(7.025E0,-1.E0,-9.E-1));
#2205=LINE('',#2204,#2203);
#2206=DIRECTION('',(0.E0,0.E0,-1.E0));
#2207=VECTOR('',#2206,2.65E0);
#2208=CARTESIAN_POINT('',(6.925E0,-8.E-1,0.E0));
#2209=LINE('',#2208,#2207);
#2210=DIRECTION('',(0.E0,-1.E0,0.E0));
#2211=VECTOR('',#2210,2.E-1);
#2212=CARTESIAN_POINT('',(7.4E0,-8.E-1,-9.E-1));
#2213=LINE('',#2212,#2211);
#2214=DIRECTION('',(0.E0,0.E0,-1.E0));
#2215=VECTOR('',#2214,1.75E0);
#2216=CARTESIAN_POINT('',(7.4E0,-1.E0,-9.E-1));
#2217=LINE('',#2216,#2215);
#2218=DIRECTION('',(1.E0,0.E0,0.E0));
#2219=VECTOR('',#2218,1.E-1);
#2220=CARTESIAN_POINT('',(7.3E0,-8.E-1,-9.E-1));
#2221=LINE('',#2220,#2219);
#2222=DIRECTION('',(0.E0,0.E0,-1.E0));
#2223=VECTOR('',#2222,1.75E0);
#2224=CARTESIAN_POINT('',(7.4E0,-8.E-1,-9.E-1));
#2225=LINE('',#2224,#2223);
#2226=DIRECTION('',(0.E0,-1.E0,0.E0));
#2227=VECTOR('',#2226,3.5E-1);
#2228=CARTESIAN_POINT('',(7.3E0,-4.5E-1,-9.E-1));
#2229=LINE('',#2228,#2227);
#2230=DIRECTION('',(0.E0,0.E0,1.E0));
#2231=VECTOR('',#2230,1.75E0);
#2232=CARTESIAN_POINT('',(7.3E0,-8.E-1,-2.65E0));
#2233=LINE('',#2232,#2231);
#2234=DIRECTION('',(5.773502691896E-1,5.773502691896E-1,5.773502691896E-1));
#2235=VECTOR('',#2234,1.732050807569E-1);
#2236=CARTESIAN_POINT('',(7.3E0,-8.E-1,-9.E-1));
#2237=LINE('',#2236,#2235);
#2238=DIRECTION('',(7.071067811865E-1,0.E0,7.071067811865E-1));
#2239=VECTOR('',#2238,1.414213562373E-1);
#2240=CARTESIAN_POINT('',(7.3E0,-4.5E-1,-9.E-1));
#2241=LINE('',#2240,#2239);
#2242=DIRECTION('',(0.E0,-1.E0,0.E0));
#2243=VECTOR('',#2242,2.5E-1);
#2244=CARTESIAN_POINT('',(7.4E0,-4.5E-1,-8.E-1));
#2245=LINE('',#2244,#2243);
#2246=DIRECTION('',(1.E0,0.E0,0.E0));
#2247=VECTOR('',#2246,6.75E-1);
#2248=CARTESIAN_POINT('',(7.025E0,-1.4E0,-8.E-1));
#2249=LINE('',#2248,#2247);
#2250=DIRECTION('',(1.E0,0.E0,0.E0));
#2251=VECTOR('',#2250,4.75E-1);
#2252=CARTESIAN_POINT('',(7.025E0,-1.1E0,-8.E-1));
#2253=LINE('',#2252,#2251);
#2254=DIRECTION('',(0.E0,-1.E0,0.E0));
#2255=VECTOR('',#2254,4.E-1);
#2256=CARTESIAN_POINT('',(7.5E0,-7.E-1,-8.E-1));
#2257=LINE('',#2256,#2255);
#2258=DIRECTION('',(1.E0,0.E0,0.E0));
#2259=VECTOR('',#2258,1.E-1);
#2260=CARTESIAN_POINT('',(7.4E0,-7.E-1,-8.E-1));
#2261=LINE('',#2260,#2259);
#2262=DIRECTION('',(1.E0,0.E0,0.E0));
#2263=VECTOR('',#2262,6.75E-1);
#2264=CARTESIAN_POINT('',(7.025E0,-4.5E-1,-3.E-1));
#2265=LINE('',#2264,#2263);
#2266=DIRECTION('',(-1.E0,0.E0,0.E0));
#2267=VECTOR('',#2266,3.E-1);
#2268=CARTESIAN_POINT('',(7.7E0,-4.5E-1,-8.E-1));
#2269=LINE('',#2268,#2267);
#2270=DIRECTION('',(0.E0,0.E0,-1.E0));
#2271=VECTOR('',#2270,1.75E0);
#2272=CARTESIAN_POINT('',(7.3E0,-4.5E-1,-9.E-1));
#2273=LINE('',#2272,#2271);
#2274=DIRECTION('',(0.E0,0.E0,-1.E0));
#2275=VECTOR('',#2274,2.35E0);
#2276=CARTESIAN_POINT('',(7.025E0,-4.5E-1,-3.E-1));
#2277=LINE('',#2276,#2275);
#2278=DIRECTION('',(0.E0,7.071067811865E-1,7.071067811865E-1));
#2279=VECTOR('',#2278,1.414213562373E-1);
#2280=CARTESIAN_POINT('',(7.025E0,-1.5E0,-9.E-1));
#2281=LINE('',#2280,#2279);
#2282=DIRECTION('',(0.E0,7.071067811865E-1,-7.071067811865E-1));
#2283=VECTOR('',#2282,1.414213562373E-1);
#2284=CARTESIAN_POINT('',(7.025E0,-1.1E0,-8.E-1));
#2285=LINE('',#2284,#2283);
#2286=DIRECTION('',(5.773502691896E-1,-5.773502691896E-1,5.773502691896E-1));
#2287=VECTOR('',#2286,1.732050807569E-1);
#2288=CARTESIAN_POINT('',(7.4E0,-1.E0,-9.E-1));
#2289=LINE('',#2288,#2287);
#2290=DIRECTION('',(5.773502691896E-1,5.773502691896E-1,5.773502691896E-1));
#2291=VECTOR('',#2290,1.732050807569E-1);
#2292=CARTESIAN_POINT('',(7.4E0,-8.E-1,-9.E-1));
#2293=LINE('',#2292,#2291);
#2294=DIRECTION('',(0.E0,7.071067811865E-1,-7.071067811865E-1));
#2295=VECTOR('',#2294,1.414213562373E-1);
#2296=CARTESIAN_POINT('',(7.025E0,-2.02E0,-2.15E0));
#2297=LINE('',#2296,#2295);
#2298=DIRECTION('',(-1.E0,0.E0,0.E0));
#2299=VECTOR('',#2298,2.75E-1);
#2300=CARTESIAN_POINT('',(7.3E0,-1.92E0,-2.25E0));
#2301=LINE('',#2300,#2299);
#2302=DIRECTION('',(0.E0,0.E0,-1.E0));
#2303=VECTOR('',#2302,4.E-1);
#2304=CARTESIAN_POINT('',(7.025E0,-1.92E0,-2.25E0));
#2305=LINE('',#2304,#2303);
#2306=DIRECTION('',(0.E0,-1.E0,0.E0));
#2307=VECTOR('',#2306,4.2E-1);
#2308=CARTESIAN_POINT('',(7.3E0,-1.5E0,-2.25E0));
#2309=LINE('',#2308,#2307);
#2310=DIRECTION('',(0.E0,0.E0,-1.E0));
#2311=VECTOR('',#2310,4.E-1);
#2312=CARTESIAN_POINT('',(7.3E0,-1.92E0,-2.25E0));
#2313=LINE('',#2312,#2311);
#2314=DIRECTION('',(5.773502691896E-1,-5.773502691896E-1,5.773502691896E-1));
#2315=VECTOR('',#2314,1.732050807569E-1);
#2316=CARTESIAN_POINT('',(7.3E0,-1.92E0,-2.25E0));
#2317=LINE('',#2316,#2315);
#2318=DIRECTION('',(7.071067811866E-1,0.E0,7.071067811865E-1));
#2319=VECTOR('',#2318,1.414213562373E-1);
#2320=CARTESIAN_POINT('',(7.3E0,-1.5E0,-2.25E0));
#2321=LINE('',#2320,#2319);
#2322=DIRECTION('',(-1.E0,0.E0,0.E0));
#2323=VECTOR('',#2322,6.75E-1);
#2324=CARTESIAN_POINT('',(-7.025E0,-1.5E0,-9.E-1));
#2325=LINE('',#2324,#2323);
#2326=DIRECTION('',(0.E0,1.E0,0.E0));
#2327=VECTOR('',#2326,4.2E-1);
#2328=CARTESIAN_POINT('',(-7.3E0,-1.92E0,-2.25E0));
#2329=LINE('',#2328,#2327);
#2330=DIRECTION('',(0.E0,0.E0,-1.E0));
#2331=VECTOR('',#2330,4.E-1);
#2332=CARTESIAN_POINT('',(-7.3E0,-1.5E0,-2.25E0));
#2333=LINE('',#2332,#2331);
#2334=DIRECTION('',(7.071067811866E-1,0.E0,-7.071067811865E-1));
#2335=VECTOR('',#2334,1.414213562373E-1);
#2336=CARTESIAN_POINT('',(-7.4E0,-1.5E0,-2.15E0));
#2337=LINE('',#2336,#2335);
#2338=DIRECTION('',(-5.773502691896E-1,-5.773502691896E-1,5.773502691896E-1));
#2339=VECTOR('',#2338,1.732050807569E-1);
#2340=CARTESIAN_POINT('',(-7.3E0,-1.92E0,-2.25E0));
#2341=LINE('',#2340,#2339);
#2342=DIRECTION('',(0.E0,-7.071067811865E-1,7.071067811865E-1));
#2343=VECTOR('',#2342,1.414213562373E-1);
#2344=CARTESIAN_POINT('',(-7.025E0,-1.92E0,-2.25E0));
#2345=LINE('',#2344,#2343);
#2346=DIRECTION('',(-1.E0,0.E0,0.E0));
#2347=VECTOR('',#2346,9.25E-1);
#2348=CARTESIAN_POINT('',(-6.775E0,-2.4E0,-2.15E0));
#2349=LINE('',#2348,#2347);
#2350=DIRECTION('',(1.E0,0.E0,0.E0));
#2351=VECTOR('',#2350,3.E-1);
#2352=CARTESIAN_POINT('',(-7.7E0,-1.5E0,-2.15E0));
#2353=LINE('',#2352,#2351);
#2354=DIRECTION('',(0.E0,1.E0,0.E0));
#2355=VECTOR('',#2354,5.2E-1);
#2356=CARTESIAN_POINT('',(-7.4E0,-2.02E0,-2.15E0));
#2357=LINE('',#2356,#2355);
#2358=DIRECTION('',(-1.E0,0.E0,0.E0));
#2359=VECTOR('',#2358,3.75E-1);
#2360=CARTESIAN_POINT('',(-7.025E0,-2.02E0,-2.15E0));
#2361=LINE('',#2360,#2359);
#2362=DIRECTION('',(0.E0,-1.E0,0.E0));
#2363=VECTOR('',#2362,1.15E0);
#2364=CARTESIAN_POINT('',(-7.025E0,-1.E0,-3.E-1));
#2365=LINE('',#2364,#2363);
#2366=DIRECTION('',(0.E0,0.E0,-1.E0));
#2367=VECTOR('',#2366,1.85E0);
#2368=CARTESIAN_POINT('',(-7.025E0,-2.15E0,-3.E-1));
#2369=LINE('',#2368,#2367);
#2370=DIRECTION('',(0.E0,-1.E0,0.E0));
#2371=VECTOR('',#2370,1.3E-1);
#2372=CARTESIAN_POINT('',(-7.025E0,-2.02E0,-2.15E0));
#2373=LINE('',#2372,#2371);
#2374=DIRECTION('',(0.E0,0.E0,-1.E0));
#2375=VECTOR('',#2374,4.E-1);
#2376=CARTESIAN_POINT('',(-7.025E0,-1.92E0,-2.25E0));
#2377=LINE('',#2376,#2375);
#2378=DIRECTION('',(0.E0,0.E0,1.E0));
#2379=VECTOR('',#2378,1.75E0);
#2380=CARTESIAN_POINT('',(-7.025E0,-1.5E0,-2.65E0));
#2381=LINE('',#2380,#2379);
#2382=DIRECTION('',(0.E0,-1.E0,0.E0));
#2383=VECTOR('',#2382,3.E-1);
#2384=CARTESIAN_POINT('',(-7.025E0,-1.1E0,-8.E-1));
#2385=LINE('',#2384,#2383);
#2386=DIRECTION('',(0.E0,0.E0,1.E0));
#2387=VECTOR('',#2386,6.E-1);
#2388=CARTESIAN_POINT('',(-7.025E0,-1.E0,-9.E-1));
#2389=LINE('',#2388,#2387);
#2390=DIRECTION('',(0.E0,-1.E0,0.E0));
#2391=VECTOR('',#2390,3.5E-1);
#2392=CARTESIAN_POINT('',(-7.025E0,-4.5E-1,-3.E-1));
#2393=LINE('',#2392,#2391);
#2394=DIRECTION('',(0.E0,0.E0,-1.E0));
#2395=VECTOR('',#2394,2.35E0);
#2396=CARTESIAN_POINT('',(-7.025E0,-8.E-1,-3.E-1));
#2397=LINE('',#2396,#2395);
#2398=DIRECTION('',(0.E0,0.E0,1.E0));
#2399=VECTOR('',#2398,1.02E0);
#2400=CARTESIAN_POINT('',(-7.025E0,1.55E0,-5.42E0));
#2401=LINE('',#2400,#2399);
#2402=DIRECTION('',(0.E0,1.E0,0.E0));
#2403=VECTOR('',#2402,5.5E-1);
#2404=CARTESIAN_POINT('',(-7.025E0,1.55E0,-5.42E0));
#2405=LINE('',#2404,#2403);
#2406=DIRECTION('',(0.E0,0.E0,1.E0));
#2407=VECTOR('',#2406,1.02E0);
#2408=CARTESIAN_POINT('',(-7.025E0,2.1E0,-5.42E0));
#2409=LINE('',#2408,#2407);
#2410=DIRECTION('',(0.E0,-1.E0,0.E0));
#2411=VECTOR('',#2410,5.5E-1);
#2412=CARTESIAN_POINT('',(-7.025E0,2.1E0,-4.4E0));
#2413=LINE('',#2412,#2411);
#2414=DIRECTION('',(0.E0,0.E0,1.E0));
#2415=VECTOR('',#2414,3.5E-1);
#2416=CARTESIAN_POINT('',(-7.025E0,1.55E0,-4.2E0));
#2417=LINE('',#2416,#2415);
#2418=DIRECTION('',(0.E0,-1.E0,0.E0));
#2419=VECTOR('',#2418,5.5E-1);
#2420=CARTESIAN_POINT('',(-7.025E0,2.1E0,-4.2E0));
#2421=LINE('',#2420,#2419);
#2422=DIRECTION('',(0.E0,0.E0,1.E0));
#2423=VECTOR('',#2422,3.5E-1);
#2424=CARTESIAN_POINT('',(-7.025E0,2.1E0,-4.2E0));
#2425=LINE('',#2424,#2423);
#2426=DIRECTION('',(0.E0,0.E0,1.E0));
#2427=VECTOR('',#2426,5.2E-1);
#2428=CARTESIAN_POINT('',(-7.025E0,-4.5E-1,-5.42E0));
#2429=LINE('',#2428,#2427);
#2430=DIRECTION('',(0.E0,-1.E0,0.E0));
#2431=VECTOR('',#2430,6.5E-1);
#2432=CARTESIAN_POINT('',(-7.025E0,-4.5E-1,-4.9E0));
#2433=LINE('',#2432,#2431);
#2434=DIRECTION('',(0.E0,1.E0,0.E0));
#2435=VECTOR('',#2434,4.E-1);
#2436=CARTESIAN_POINT('',(-7.025E0,-1.1E0,-5.32E0));
#2437=LINE('',#2436,#2435);
#2438=DIRECTION('',(0.E0,1.E0,0.E0));
#2439=VECTOR('',#2438,1.5E-1);
#2440=CARTESIAN_POINT('',(-7.025E0,-6.E-1,-5.42E0));
#2441=LINE('',#2440,#2439);
#2442=DIRECTION('',(-3.015113445778E-1,3.015113445778E-1,-9.045340337333E-1));
#2443=VECTOR('',#2442,3.316624790355E-1);
#2444=CARTESIAN_POINT('',(-6.925E0,-2.25E0,0.E0));
#2445=LINE('',#2444,#2443);
#2446=DIRECTION('',(-7.071067811865E-1,7.071067811865E-1,0.E0));
#2447=VECTOR('',#2446,3.535533905933E-1);
#2448=CARTESIAN_POINT('',(-6.775E0,-2.4E0,-2.15E0));
#2449=LINE('',#2448,#2447);
#2450=DIRECTION('',(3.162277660168E-1,0.E0,9.486832980505E-1));
#2451=VECTOR('',#2450,3.162277660168E-1);
#2452=CARTESIAN_POINT('',(-7.025E0,-1.E0,-3.E-1));
#2453=LINE('',#2452,#2451);
#2454=DIRECTION('',(1.E0,0.E0,0.E0));
#2455=VECTOR('',#2454,3.75E-1);
#2456=CARTESIAN_POINT('',(-7.4E0,-1.E0,-9.E-1));
#2457=LINE('',#2456,#2455);
#2458=DIRECTION('',(0.E0,0.E0,-1.E0));
#2459=VECTOR('',#2458,1.75E0);
#2460=CARTESIAN_POINT('',(-7.4E0,-1.E0,-9.E-1));
#2461=LINE('',#2460,#2459);
#2462=DIRECTION('',(-5.773502691896E-1,-5.773502691896E-1,5.773502691896E-1));
#2463=VECTOR('',#2462,1.732050807569E-1);
#2464=CARTESIAN_POINT('',(-7.4E0,-1.E0,-9.E-1));
#2465=LINE('',#2464,#2463);
#2466=DIRECTION('',(0.E0,-7.071067811865E-1,7.071067811865E-1));
#2467=VECTOR('',#2466,1.414213562373E-1);
#2468=CARTESIAN_POINT('',(-7.025E0,-1.E0,-9.E-1));
#2469=LINE('',#2468,#2467);
#2470=DIRECTION('',(0.E0,1.E0,0.E0));
#2471=VECTOR('',#2470,4.E-1);
#2472=CARTESIAN_POINT('',(-7.5E0,-1.1E0,-8.E-1));
#2473=LINE('',#2472,#2471);
#2474=DIRECTION('',(1.E0,0.E0,0.E0));
#2475=VECTOR('',#2474,4.75E-1);
#2476=CARTESIAN_POINT('',(-7.5E0,-1.1E0,-8.E-1));
#2477=LINE('',#2476,#2475);
#2478=DIRECTION('',(-1.E0,0.E0,0.E0));
#2479=VECTOR('',#2478,6.75E-1);
#2480=CARTESIAN_POINT('',(-7.025E0,-1.4E0,-8.E-1));
#2481=LINE('',#2480,#2479);
#2482=DIRECTION('',(1.E0,0.E0,0.E0));
#2483=VECTOR('',#2482,3.E-1);
#2484=CARTESIAN_POINT('',(-7.7E0,-4.5E-1,-8.E-1));
#2485=LINE('',#2484,#2483);
#2486=DIRECTION('',(0.E0,1.E0,0.E0));
#2487=VECTOR('',#2486,2.5E-1);
#2488=CARTESIAN_POINT('',(-7.4E0,-7.E-1,-8.E-1));
#2489=LINE('',#2488,#2487);
#2490=DIRECTION('',(1.E0,0.E0,0.E0));
#2491=VECTOR('',#2490,1.E-1);
#2492=CARTESIAN_POINT('',(-7.5E0,-7.E-1,-8.E-1));
#2493=LINE('',#2492,#2491);
#2494=DIRECTION('',(-5.773502691896E-1,5.773502691896E-1,5.773502691896E-1));
#2495=VECTOR('',#2494,1.732050807569E-1);
#2496=CARTESIAN_POINT('',(-7.4E0,-8.E-1,-9.E-1));
#2497=LINE('',#2496,#2495);
#2498=DIRECTION('',(0.E0,1.E0,0.E0));
#2499=VECTOR('',#2498,2.E-1);
#2500=CARTESIAN_POINT('',(-7.4E0,-1.E0,-9.E-1));
#2501=LINE('',#2500,#2499);
#2502=DIRECTION('',(0.E0,0.E0,-1.E0));
#2503=VECTOR('',#2502,1.75E0);
#2504=CARTESIAN_POINT('',(-7.4E0,-8.E-1,-9.E-1));
#2505=LINE('',#2504,#2503);
#2506=DIRECTION('',(1.E0,0.E0,0.E0));
#2507=VECTOR('',#2506,1.E-1);
#2508=CARTESIAN_POINT('',(-7.4E0,-8.E-1,-9.E-1));
#2509=LINE('',#2508,#2507);
#2510=DIRECTION('',(-5.773502691896E-1,5.773502691896E-1,5.773502691896E-1));
#2511=VECTOR('',#2510,1.732050807569E-1);
#2512=CARTESIAN_POINT('',(-7.3E0,-8.E-1,-9.E-1));
#2513=LINE('',#2512,#2511);
#2514=DIRECTION('',(7.071067811865E-1,0.E0,-7.071067811865E-1));
#2515=VECTOR('',#2514,1.414213562373E-1);
#2516=CARTESIAN_POINT('',(-7.4E0,-4.5E-1,-8.E-1));
#2517=LINE('',#2516,#2515);
#2518=DIRECTION('',(0.E0,0.E0,1.E0));
#2519=VECTOR('',#2518,1.75E0);
#2520=CARTESIAN_POINT('',(-7.3E0,-8.E-1,-2.65E0));
#2521=LINE('',#2520,#2519);
#2522=DIRECTION('',(0.E0,1.E0,0.E0));
#2523=VECTOR('',#2522,3.5E-1);
#2524=CARTESIAN_POINT('',(-7.3E0,-8.E-1,-9.E-1));
#2525=LINE('',#2524,#2523);
#2526=DIRECTION('',(0.E0,0.E0,-1.E0));
#2527=VECTOR('',#2526,1.75E0);
#2528=CARTESIAN_POINT('',(-7.3E0,-4.5E-1,-9.E-1));
#2529=LINE('',#2528,#2527);
#2530=DIRECTION('',(1.E0,0.E0,0.E0));
#2531=VECTOR('',#2530,6.75E-1);
#2532=CARTESIAN_POINT('',(-7.7E0,-4.5E-1,-3.E-1));
#2533=LINE('',#2532,#2531);
#2534=DIRECTION('',(0.E0,0.E0,-1.E0));
#2535=VECTOR('',#2534,2.35E0);
#2536=CARTESIAN_POINT('',(-7.025E0,-4.5E-1,-3.E-1));
#2537=LINE('',#2536,#2535);
#2538=DIRECTION('',(3.015113445778E-1,3.015113445778E-1,9.045340337333E-1));
#2539=VECTOR('',#2538,3.316624790355E-1);
#2540=CARTESIAN_POINT('',(-7.025E0,-4.5E-1,-3.E-1));
#2541=LINE('',#2540,#2539);
#2542=DIRECTION('',(0.E0,-9.486832980505E-1,-3.162277660168E-1));
#2543=VECTOR('',#2542,3.162277660168E-1);
#2544=CARTESIAN_POINT('',(-7.7E0,2.4E0,-3.75E0));
#2545=LINE('',#2544,#2543);
#2546=DIRECTION('',(0.E0,0.E0,-1.E0));
#2547=VECTOR('',#2546,3.75E0);
#2548=CARTESIAN_POINT('',(-7.7E0,2.4E0,0.E0));
#2549=LINE('',#2548,#2547);
#2550=DIRECTION('',(0.E0,3.162277660168E-1,9.486832980505E-1));
#2551=VECTOR('',#2550,3.162277660168E-1);
#2552=CARTESIAN_POINT('',(-7.7E0,-4.5E-1,-3.E-1));
#2553=LINE('',#2552,#2551);
#2554=DIRECTION('',(0.E0,0.E0,-1.E0));
#2555=VECTOR('',#2554,5.E-1);
#2556=CARTESIAN_POINT('',(-7.7E0,-4.5E-1,-3.E-1));
#2557=LINE('',#2556,#2555);
#2558=DIRECTION('',(0.E0,-1.E0,0.E0));
#2559=VECTOR('',#2558,9.5E-1);
#2560=CARTESIAN_POINT('',(-7.7E0,-4.5E-1,-8.E-1));
#2561=LINE('',#2560,#2559);
#2562=DIRECTION('',(0.E0,7.071067811865E-1,7.071067811865E-1));
#2563=VECTOR('',#2562,1.414213562373E-1);
#2564=CARTESIAN_POINT('',(-7.7E0,-1.5E0,-9.E-1));
#2565=LINE('',#2564,#2563);
#2566=DIRECTION('',(0.E0,0.E0,-1.E0));
#2567=VECTOR('',#2566,1.25E0);
#2568=CARTESIAN_POINT('',(-7.7E0,-1.5E0,-9.E-1));
#2569=LINE('',#2568,#2567);
#2570=DIRECTION('',(0.E0,1.E0,0.E0));
#2571=VECTOR('',#2570,9.E-1);
#2572=CARTESIAN_POINT('',(-7.7E0,-2.4E0,-2.15E0));
#2573=LINE('',#2572,#2571);
#2574=DIRECTION('',(0.E0,0.E0,1.E0));
#2575=VECTOR('',#2574,9.E-1);
#2576=CARTESIAN_POINT('',(-7.7E0,-6.E-1,-5.8E0));
#2577=LINE('',#2576,#2575);
#2578=DIRECTION('',(0.E0,1.E0,0.E0));
#2579=VECTOR('',#2578,1.25E0);
#2580=CARTESIAN_POINT('',(-7.7E0,-6.E-1,-4.9E0));
#2581=LINE('',#2580,#2579);
#2582=DIRECTION('',(0.E0,-7.071067811865E-1,-7.071067811865E-1));
#2583=VECTOR('',#2582,1.414213562373E-1);
#2584=CARTESIAN_POINT('',(-7.7E0,7.5E-1,-4.8E0));
#2585=LINE('',#2584,#2583);
#2586=DIRECTION('',(0.E0,0.E0,1.E0));
#2587=VECTOR('',#2586,9.5E-1);
#2588=CARTESIAN_POINT('',(-7.7E0,7.5E-1,-4.8E0));
#2589=LINE('',#2588,#2587);
#2590=DIRECTION('',(0.E0,-1.E0,0.E0));
#2591=VECTOR('',#2590,1.35E0);
#2592=CARTESIAN_POINT('',(-7.7E0,2.1E0,-3.85E0));
#2593=LINE('',#2592,#2591);
#2594=DIRECTION('',(-1.E0,0.E0,0.E0));
#2595=VECTOR('',#2594,2.5E-2);
#2596=CARTESIAN_POINT('',(-7.275E0,-2.5E-1,-3.85E0));
#2597=LINE('',#2596,#2595);
#2598=DIRECTION('',(0.E0,1.E0,0.E0));
#2599=VECTOR('',#2598,1.8E0);
#2600=CARTESIAN_POINT('',(-7.275E0,-2.5E-1,-3.85E0));
#2601=LINE('',#2600,#2599);
#2602=DIRECTION('',(-1.E0,0.E0,0.E0));
#2603=VECTOR('',#2602,2.5E-1);
#2604=CARTESIAN_POINT('',(-7.025E0,1.55E0,-3.85E0));
#2605=LINE('',#2604,#2603);
#2606=DIRECTION('',(0.E0,1.E0,0.E0));
#2607=VECTOR('',#2606,5.5E-1);
#2608=CARTESIAN_POINT('',(-7.025E0,1.55E0,-3.85E0));
#2609=LINE('',#2608,#2607);
#2610=DIRECTION('',(-1.E0,0.E0,0.E0));
#2611=VECTOR('',#2610,6.75E-1);
#2612=CARTESIAN_POINT('',(-7.025E0,2.1E0,-3.85E0));
#2613=LINE('',#2612,#2611);
#2614=DIRECTION('',(1.E0,0.E0,0.E0));
#2615=VECTOR('',#2614,3.E-1);
#2616=CARTESIAN_POINT('',(-7.7E0,7.5E-1,-3.85E0));
#2617=LINE('',#2616,#2615);
#2618=DIRECTION('',(1.E0,0.E0,0.E0));
#2619=VECTOR('',#2618,2.5E-2);
#2620=CARTESIAN_POINT('',(7.275E0,-2.5E-1,-3.85E0));
#2621=LINE('',#2620,#2619);
#2622=DIRECTION('',(0.E0,1.E0,0.E0));
#2623=VECTOR('',#2622,9.E-1);
#2624=CARTESIAN_POINT('',(7.3E0,-2.5E-1,-3.85E0));
#2625=LINE('',#2624,#2623);
#2626=DIRECTION('',(-1.E0,0.E0,0.E0));
#2627=VECTOR('',#2626,6.75E-1);
#2628=CARTESIAN_POINT('',(7.7E0,2.1E0,-3.85E0));
#2629=LINE('',#2628,#2627);
#2630=DIRECTION('',(0.E0,-1.E0,0.E0));
#2631=VECTOR('',#2630,5.5E-1);
#2632=CARTESIAN_POINT('',(7.025E0,2.1E0,-3.85E0));
#2633=LINE('',#2632,#2631);
#2634=DIRECTION('',(1.E0,0.E0,0.E0));
#2635=VECTOR('',#2634,2.5E-1);
#2636=CARTESIAN_POINT('',(7.025E0,1.55E0,-3.85E0));
#2637=LINE('',#2636,#2635);
#2638=DIRECTION('',(0.E0,1.E0,0.E0));
#2639=VECTOR('',#2638,1.8E0);
#2640=CARTESIAN_POINT('',(7.275E0,-2.5E-1,-3.85E0));
#2641=LINE('',#2640,#2639);
#2642=DIRECTION('',(0.E0,0.E0,1.E0));
#2643=VECTOR('',#2642,3.5E-1);
#2644=CARTESIAN_POINT('',(7.3E0,-2.5E-1,-4.2E0));
#2645=LINE('',#2644,#2643);
#2646=DIRECTION('',(0.E0,-1.E0,0.E0));
#2647=VECTOR('',#2646,9.E-1);
#2648=CARTESIAN_POINT('',(7.3E0,6.5E-1,-4.2E0));
#2649=LINE('',#2648,#2647);
#2650=DIRECTION('',(0.E0,0.E0,1.E0));
#2651=VECTOR('',#2650,3.5E-1);
#2652=CARTESIAN_POINT('',(7.3E0,6.5E-1,-4.2E0));
#2653=LINE('',#2652,#2651);
#2654=DIRECTION('',(1.E0,0.E0,0.E0));
#2655=VECTOR('',#2654,1.E-1);
#2656=CARTESIAN_POINT('',(7.3E0,-2.5E-1,-4.2E0));
#2657=LINE('',#2656,#2655);
#2658=DIRECTION('',(-1.E0,0.E0,0.E0));
#2659=VECTOR('',#2658,1.E-1);
#2660=CARTESIAN_POINT('',(7.4E0,6.5E-1,-4.2E0));
#2661=LINE('',#2660,#2659);
#2662=DIRECTION('',(0.E0,0.E0,-1.E0));
#2663=VECTOR('',#2662,2.E-1);
#2664=CARTESIAN_POINT('',(7.4E0,-2.5E-1,-4.2E0));
#2665=LINE('',#2664,#2663);
#2666=DIRECTION('',(0.E0,0.E0,1.E0));
#2667=VECTOR('',#2666,2.E-1);
#2668=CARTESIAN_POINT('',(7.4E0,6.5E-1,-4.4E0));
#2669=LINE('',#2668,#2667);
#2670=DIRECTION('',(0.E0,-1.E0,0.E0));
#2671=VECTOR('',#2670,9.E-1);
#2672=CARTESIAN_POINT('',(7.4E0,6.5E-1,-4.2E0));
#2673=LINE('',#2672,#2671);
#2674=DIRECTION('',(0.E0,-1.E0,0.E0));
#2675=VECTOR('',#2674,9.E-1);
#2676=CARTESIAN_POINT('',(7.4E0,6.5E-1,-4.4E0));
#2677=LINE('',#2676,#2675);
#2678=DIRECTION('',(1.E0,0.E0,0.E0));
#2679=VECTOR('',#2678,1.25E-1);
#2680=CARTESIAN_POINT('',(7.275E0,-2.5E-1,-4.4E0));
#2681=LINE('',#2680,#2679);
#2682=DIRECTION('',(0.E0,1.E0,0.E0));
#2683=VECTOR('',#2682,9.E-1);
#2684=CARTESIAN_POINT('',(7.275E0,-2.5E-1,-4.4E0));
#2685=LINE('',#2684,#2683);
#2686=DIRECTION('',(-1.E0,0.E0,0.E0));
#2687=VECTOR('',#2686,1.25E-1);
#2688=CARTESIAN_POINT('',(7.4E0,6.5E-1,-4.4E0));
#2689=LINE('',#2688,#2687);
#2690=DIRECTION('',(1.E0,0.E0,0.E0));
#2691=VECTOR('',#2690,1.E-1);
#2692=CARTESIAN_POINT('',(6.925E0,1.4E0,-4.4E0));
#2693=LINE('',#2692,#2691);
#2694=DIRECTION('',(3.162277660168E-1,-9.486832980505E-1,0.E0));
#2695=VECTOR('',#2694,3.162277660168E-1);
#2696=CARTESIAN_POINT('',(6.925E0,2.4E0,-4.4E0));
#2697=LINE('',#2696,#2695);
#2698=DIRECTION('',(0.E0,-1.E0,0.E0));
#2699=VECTOR('',#2698,1.5E-1);
#2700=CARTESIAN_POINT('',(7.025E0,1.55E0,-4.4E0));
#2701=LINE('',#2700,#2699);
#2702=DIRECTION('',(0.E0,0.E0,-1.E0));
#2703=VECTOR('',#2702,5.5E-1);
#2704=CARTESIAN_POINT('',(7.275E0,-2.5E-1,-3.85E0));
#2705=LINE('',#2704,#2703);
#2706=DIRECTION('',(0.E0,-1.E0,0.E0));
#2707=VECTOR('',#2706,2.E0);
#2708=CARTESIAN_POINT('',(7.275E0,1.55E0,-5.55E0));
#2709=LINE('',#2708,#2707);
#2710=CARTESIAN_POINT('',(7.575E0,1.25E0,-5.65E0));
#2711=DIRECTION('',(0.E0,0.E0,1.E0));
#2712=DIRECTION('',(1.E0,0.E0,0.E0));
#2713=AXIS2_PLACEMENT_3D('',#2710,#2711,#2712);
#2715=CARTESIAN_POINT('',(7.575E0,-1.5E-1,-5.65E0));
#2716=DIRECTION('',(0.E0,0.E0,1.E0));
#2717=DIRECTION('',(0.E0,-1.E0,0.E0));
#2718=AXIS2_PLACEMENT_3D('',#2715,#2716,#2717);
#2720=DIRECTION('',(0.E0,-1.E0,0.E0));
#2721=VECTOR('',#2720,2.E0);
#2722=CARTESIAN_POINT('',(7.375E0,1.55E0,-5.65E0));
#2723=LINE('',#2722,#2721);
#2724=DIRECTION('',(0.E0,0.E0,-1.E0));
#2725=VECTOR('',#2724,2.5E-1);
#2726=CARTESIAN_POINT('',(7.875E0,1.25E0,-5.65E0));
#2727=LINE('',#2726,#2725);
#2728=DIRECTION('',(0.E0,0.E0,1.E0));
#2729=VECTOR('',#2728,2.5E-1);
#2730=CARTESIAN_POINT('',(7.875E0,-1.5E-1,-5.9E0));
#2731=LINE('',#2730,#2729);
#2732=DIRECTION('',(0.E0,-1.E0,0.E0));
#2733=VECTOR('',#2732,1.4E0);
#2734=CARTESIAN_POINT('',(7.875E0,1.25E0,-5.65E0));
#2735=LINE('',#2734,#2733);
#2736=DIRECTION('',(0.E0,0.E0,1.E0));
#2737=VECTOR('',#2736,2.5E-1);
#2738=CARTESIAN_POINT('',(7.575E0,-4.5E-1,-5.9E0));
#2739=LINE('',#2738,#2737);
#2740=DIRECTION('',(-1.E0,0.E0,0.E0));
#2741=VECTOR('',#2740,2.E-1);
#2742=CARTESIAN_POINT('',(7.575E0,-4.5E-1,-5.9E0));
#2743=LINE('',#2742,#2741);
#2744=CARTESIAN_POINT('',(7.375E0,-4.5E-1,-5.55E0));
#2745=DIRECTION('',(0.E0,1.E0,0.E0));
#2746=DIRECTION('',(0.E0,0.E0,-1.E0));
#2747=AXIS2_PLACEMENT_3D('',#2744,#2745,#2746);
#2749=DIRECTION('',(0.E0,0.E0,1.E0));
#2750=VECTOR('',#2749,1.3E-1);
#2751=CARTESIAN_POINT('',(7.025E0,-4.5E-1,-5.55E0));
#2752=LINE('',#2751,#2750);
#2753=DIRECTION('',(0.E0,0.E0,-1.E0));
#2754=VECTOR('',#2753,6.5E-1);
#2755=CARTESIAN_POINT('',(7.275E0,-4.5E-1,-4.9E0));
#2756=LINE('',#2755,#2754);
#2757=CARTESIAN_POINT('',(7.375E0,-4.5E-1,-5.55E0));
#2758=DIRECTION('',(0.E0,-1.E0,0.E0));
#2759=DIRECTION('',(-1.E0,0.E0,5.329070518201E-14));
#2760=AXIS2_PLACEMENT_3D('',#2757,#2758,#2759);
#2762=DIRECTION('',(1.E0,0.E0,0.E0));
#2763=VECTOR('',#2762,2.E-1);
#2764=CARTESIAN_POINT('',(7.375E0,-4.5E-1,-5.65E0));
#2765=LINE('',#2764,#2763);
#2766=DIRECTION('',(0.E0,0.E0,-1.E0));
#2767=VECTOR('',#2766,2.5E-1);
#2768=CARTESIAN_POINT('',(-7.575E0,-4.5E-1,-5.65E0));
#2769=LINE('',#2768,#2767);
#2770=DIRECTION('',(1.E0,0.E0,0.E0));
#2771=VECTOR('',#2770,2.E-1);
#2772=CARTESIAN_POINT('',(-7.575E0,-4.5E-1,-5.65E0));
#2773=LINE('',#2772,#2771);
#2774=CARTESIAN_POINT('',(-7.375E0,-4.5E-1,-5.55E0));
#2775=DIRECTION('',(0.E0,-1.E0,0.E0));
#2776=DIRECTION('',(0.E0,0.E0,-1.E0));
#2777=AXIS2_PLACEMENT_3D('',#2774,#2775,#2776);
#2779=DIRECTION('',(0.E0,0.E0,1.E0));
#2780=VECTOR('',#2779,6.5E-1);
#2781=CARTESIAN_POINT('',(-7.275E0,-4.5E-1,-5.55E0));
#2782=LINE('',#2781,#2780);
#2783=DIRECTION('',(0.E0,0.E0,-1.E0));
#2784=VECTOR('',#2783,1.3E-1);
#2785=CARTESIAN_POINT('',(-7.025E0,-4.5E-1,-5.42E0));
#2786=LINE('',#2785,#2784);
#2787=CARTESIAN_POINT('',(-7.375E0,-4.5E-1,-5.55E0));
#2788=DIRECTION('',(0.E0,1.E0,0.E0));
#2789=DIRECTION('',(1.E0,0.E0,0.E0));
#2790=AXIS2_PLACEMENT_3D('',#2787,#2788,#2789);
#2792=DIRECTION('',(-1.E0,0.E0,0.E0));
#2793=VECTOR('',#2792,2.E-1);
#2794=CARTESIAN_POINT('',(-7.375E0,-4.5E-1,-5.9E0));
#2795=LINE('',#2794,#2793);
#2796=DIRECTION('',(1.E0,0.E0,0.E0));
#2797=VECTOR('',#2796,2.5E-1);
#2798=CARTESIAN_POINT('',(7.025E0,-4.5E-1,-4.9E0));
#2799=LINE('',#2798,#2797);
#2800=DIRECTION('',(0.E0,-1.E0,0.E0));
#2801=VECTOR('',#2800,6.5E-1);
#2802=CARTESIAN_POINT('',(7.025E0,-4.5E-1,-4.9E0));
#2803=LINE('',#2802,#2801);
#2804=DIRECTION('',(0.E0,1.E0,0.E0));
#2805=VECTOR('',#2804,4.E-1);
#2806=CARTESIAN_POINT('',(7.3E0,-1.1E0,-4.9E0));
#2807=LINE('',#2806,#2805);
#2808=DIRECTION('',(1.E0,0.E0,0.E0));
#2809=VECTOR('',#2808,4.25E-1);
#2810=CARTESIAN_POINT('',(7.275E0,6.5E-1,-4.9E0));
#2811=LINE('',#2810,#2809);
#2812=DIRECTION('',(0.E0,-1.E0,0.E0));
#2813=VECTOR('',#2812,1.1E0);
#2814=CARTESIAN_POINT('',(7.275E0,6.5E-1,-4.9E0));
#2815=LINE('',#2814,#2813);
#2816=DIRECTION('',(-1.E0,0.E0,0.E0));
#2817=VECTOR('',#2816,2.75E-1);
#2818=CARTESIAN_POINT('',(-7.025E0,-1.1E0,-4.9E0));
#2819=LINE('',#2818,#2817);
#2820=DIRECTION('',(0.E0,0.E0,-1.E0));
#2821=VECTOR('',#2820,4.2E-1);
#2822=CARTESIAN_POINT('',(-7.3E0,-1.1E0,-4.9E0));
#2823=LINE('',#2822,#2821);
#2824=DIRECTION('',(1.E0,0.E0,0.E0));
#2825=VECTOR('',#2824,2.75E-1);
#2826=CARTESIAN_POINT('',(-7.3E0,-1.1E0,-5.32E0));
#2827=LINE('',#2826,#2825);
#2828=DIRECTION('',(0.E0,0.E0,1.E0));
#2829=VECTOR('',#2828,4.2E-1);
#2830=CARTESIAN_POINT('',(-7.025E0,-1.1E0,-5.32E0));
#2831=LINE('',#2830,#2829);
#2832=DIRECTION('',(0.E0,0.E0,-1.E0));
#2833=VECTOR('',#2832,4.2E-1);
#2834=CARTESIAN_POINT('',(7.025E0,-1.1E0,-4.9E0));
#2835=LINE('',#2834,#2833);
#2836=DIRECTION('',(1.E0,0.E0,0.E0));
#2837=VECTOR('',#2836,2.75E-1);
#2838=CARTESIAN_POINT('',(7.025E0,-1.1E0,-5.32E0));
#2839=LINE('',#2838,#2837);
#2840=DIRECTION('',(0.E0,0.E0,1.E0));
#2841=VECTOR('',#2840,4.2E-1);
#2842=CARTESIAN_POINT('',(7.3E0,-1.1E0,-5.32E0));
#2843=LINE('',#2842,#2841);
#2844=DIRECTION('',(-1.E0,0.E0,0.E0));
#2845=VECTOR('',#2844,2.75E-1);
#2846=CARTESIAN_POINT('',(7.3E0,-1.1E0,-4.9E0));
#2847=LINE('',#2846,#2845);
#2848=DIRECTION('',(-1.E0,0.E0,0.E0));
#2849=VECTOR('',#2848,2.5E-1);
#2850=CARTESIAN_POINT('',(-7.025E0,-4.5E-1,-4.9E0));
#2851=LINE('',#2850,#2849);
#2852=DIRECTION('',(0.E0,-1.E0,0.E0));
#2853=VECTOR('',#2852,1.1E0);
#2854=CARTESIAN_POINT('',(-7.275E0,6.5E-1,-4.9E0));
#2855=LINE('',#2854,#2853);
#2856=DIRECTION('',(-1.E0,0.E0,0.E0));
#2857=VECTOR('',#2856,4.25E-1);
#2858=CARTESIAN_POINT('',(-7.275E0,6.5E-1,-4.9E0));
#2859=LINE('',#2858,#2857);
#2860=DIRECTION('',(1.E0,0.E0,0.E0));
#2861=VECTOR('',#2860,3.E-1);
#2862=CARTESIAN_POINT('',(-7.7E0,-6.E-1,-4.9E0));
#2863=LINE('',#2862,#2861);
#2864=DIRECTION('',(0.E0,0.E0,-1.E0));
#2865=VECTOR('',#2864,5.5E-1);
#2866=CARTESIAN_POINT('',(-7.275E0,-2.5E-1,-3.85E0));
#2867=LINE('',#2866,#2865);
#2868=DIRECTION('',(0.E0,-1.E0,0.E0));
#2869=VECTOR('',#2868,2.E0);
#2870=CARTESIAN_POINT('',(-7.275E0,1.55E0,-5.55E0));
#2871=LINE('',#2870,#2869);
#2872=DIRECTION('',(1.E0,0.E0,0.E0));
#2873=VECTOR('',#2872,1.25E-1);
#2874=CARTESIAN_POINT('',(-7.4E0,-2.5E-1,-4.4E0));
#2875=LINE('',#2874,#2873);
#2876=DIRECTION('',(-1.E0,0.E0,0.E0));
#2877=VECTOR('',#2876,1.25E-1);
#2878=CARTESIAN_POINT('',(-7.275E0,6.5E-1,-4.4E0));
#2879=LINE('',#2878,#2877);
#2880=DIRECTION('',(0.E0,1.E0,0.E0));
#2881=VECTOR('',#2880,9.E-1);
#2882=CARTESIAN_POINT('',(-7.275E0,-2.5E-1,-4.4E0));
#2883=LINE('',#2882,#2881);
#2884=DIRECTION('',(-1.E0,0.E0,0.E0));
#2885=VECTOR('',#2884,1.E-1);
#2886=CARTESIAN_POINT('',(-6.925E0,1.4E0,-4.4E0));
#2887=LINE('',#2886,#2885);
#2888=DIRECTION('',(0.E0,1.E0,0.E0));
#2889=VECTOR('',#2888,1.5E-1);
#2890=CARTESIAN_POINT('',(-7.025E0,1.4E0,-4.4E0));
#2891=LINE('',#2890,#2889);
#2892=DIRECTION('',(-3.162277660168E-1,-9.486832980505E-1,0.E0));
#2893=VECTOR('',#2892,3.162277660168E-1);
#2894=CARTESIAN_POINT('',(-6.925E0,2.4E0,-4.4E0));
#2895=LINE('',#2894,#2893);
#2896=DIRECTION('',(0.E0,-1.E0,0.E0));
#2897=VECTOR('',#2896,1.E0);
#2898=CARTESIAN_POINT('',(-6.925E0,2.4E0,-4.4E0));
#2899=LINE('',#2898,#2897);
#2900=DIRECTION('',(0.E0,0.E0,1.E0));
#2901=VECTOR('',#2900,2.E-1);
#2902=CARTESIAN_POINT('',(-7.4E0,-2.5E-1,-4.4E0));
#2903=LINE('',#2902,#2901);
#2904=DIRECTION('',(0.E0,0.E0,-1.E0));
#2905=VECTOR('',#2904,2.E-1);
#2906=CARTESIAN_POINT('',(-7.4E0,6.5E-1,-4.2E0));
#2907=LINE('',#2906,#2905);
#2908=DIRECTION('',(0.E0,-1.E0,0.E0));
#2909=VECTOR('',#2908,9.E-1);
#2910=CARTESIAN_POINT('',(-7.4E0,6.5E-1,-4.4E0));
#2911=LINE('',#2910,#2909);
#2912=DIRECTION('',(1.E0,0.E0,0.E0));
#2913=VECTOR('',#2912,1.E-1);
#2914=CARTESIAN_POINT('',(-7.4E0,-2.5E-1,-4.2E0));
#2915=LINE('',#2914,#2913);
#2916=DIRECTION('',(-1.E0,0.E0,0.E0));
#2917=VECTOR('',#2916,1.E-1);
#2918=CARTESIAN_POINT('',(-7.3E0,6.5E-1,-4.2E0));
#2919=LINE('',#2918,#2917);
#2920=DIRECTION('',(0.E0,-1.E0,0.E0));
#2921=VECTOR('',#2920,9.E-1);
#2922=CARTESIAN_POINT('',(-7.4E0,6.5E-1,-4.2E0));
#2923=LINE('',#2922,#2921);
#2924=DIRECTION('',(0.E0,0.E0,-1.E0));
#2925=VECTOR('',#2924,3.5E-1);
#2926=CARTESIAN_POINT('',(-7.3E0,-2.5E-1,-3.85E0));
#2927=LINE('',#2926,#2925);
#2928=DIRECTION('',(0.E0,1.E0,0.E0));
#2929=VECTOR('',#2928,9.E-1);
#2930=CARTESIAN_POINT('',(-7.3E0,-2.5E-1,-3.85E0));
#2931=LINE('',#2930,#2929);
#2932=DIRECTION('',(0.E0,0.E0,-1.E0));
#2933=VECTOR('',#2932,3.5E-1);
#2934=CARTESIAN_POINT('',(-7.3E0,6.5E-1,-3.85E0));
#2935=LINE('',#2934,#2933);
#2936=DIRECTION('',(0.E0,-1.E0,0.E0));
#2937=VECTOR('',#2936,9.E-1);
#2938=CARTESIAN_POINT('',(-7.3E0,6.5E-1,-4.2E0));
#2939=LINE('',#2938,#2937);
#2940=DIRECTION('',(-5.773502691896E-1,5.773502691896E-1,5.773502691896E-1));
#2941=VECTOR('',#2940,1.732050807569E-1);
#2942=CARTESIAN_POINT('',(-7.3E0,6.5E-1,-4.2E0));
#2943=LINE('',#2942,#2941);
#2944=DIRECTION('',(-7.071067811866E-1,7.071067811865E-1,0.E0));
#2945=VECTOR('',#2944,1.414213562373E-1);
#2946=CARTESIAN_POINT('',(-7.3E0,6.5E-1,-3.85E0));
#2947=LINE('',#2946,#2945);
#2948=DIRECTION('',(0.E0,0.E0,1.E0));
#2949=VECTOR('',#2948,3.E-1);
#2950=CARTESIAN_POINT('',(-7.275E0,7.5E-1,-4.8E0));
#2951=LINE('',#2950,#2949);
#2952=DIRECTION('',(-1.E0,0.E0,0.E0));
#2953=VECTOR('',#2952,2.25E-1);
#2954=CARTESIAN_POINT('',(-7.275E0,7.5E-1,-4.5E0));
#2955=LINE('',#2954,#2953);
#2956=DIRECTION('',(0.E0,0.E0,-1.E0));
#2957=VECTOR('',#2956,4.E-1);
#2958=CARTESIAN_POINT('',(-7.5E0,7.5E-1,-4.1E0));
#2959=LINE('',#2958,#2957);
#2960=DIRECTION('',(-1.E0,0.E0,0.E0));
#2961=VECTOR('',#2960,1.E-1);
#2962=CARTESIAN_POINT('',(-7.4E0,7.5E-1,-4.1E0));
#2963=LINE('',#2962,#2961);
#2964=DIRECTION('',(0.E0,0.E0,-1.E0));
#2965=VECTOR('',#2964,2.5E-1);
#2966=CARTESIAN_POINT('',(-7.4E0,7.5E-1,-3.85E0));
#2967=LINE('',#2966,#2965);
#2968=DIRECTION('',(-1.E0,0.E0,0.E0));
#2969=VECTOR('',#2968,4.25E-1);
#2970=CARTESIAN_POINT('',(-7.275E0,7.5E-1,-4.8E0));
#2971=LINE('',#2970,#2969);
#2972=DIRECTION('',(0.E0,7.071067811865E-1,-7.071067811866E-1));
#2973=VECTOR('',#2972,1.414213562373E-1);
#2974=CARTESIAN_POINT('',(-7.275E0,6.5E-1,-4.4E0));
#2975=LINE('',#2974,#2973);
#2976=DIRECTION('',(-5.773502691896E-1,5.773502691896E-1,-5.773502691896E-1));
#2977=VECTOR('',#2976,1.732050807569E-1);
#2978=CARTESIAN_POINT('',(-7.4E0,6.5E-1,-4.4E0));
#2979=LINE('',#2978,#2977);
#2980=DIRECTION('',(-5.773502691896E-1,5.773502691896E-1,5.773502691896E-1));
#2981=VECTOR('',#2980,1.732050807569E-1);
#2982=CARTESIAN_POINT('',(-7.4E0,6.5E-1,-4.2E0));
#2983=LINE('',#2982,#2981);
#2984=DIRECTION('',(0.E0,-7.071067811866E-1,-7.071067811865E-1));
#2985=VECTOR('',#2984,1.414213562373E-1);
#2986=CARTESIAN_POINT('',(-7.275E0,7.5E-1,-4.8E0));
#2987=LINE('',#2986,#2985);
#2988=DIRECTION('',(0.E0,0.E0,-1.E0));
#2989=VECTOR('',#2988,2.E-1);
#2990=CARTESIAN_POINT('',(-6.925E0,1.4E0,-4.2E0));
#2991=LINE('',#2990,#2989);
#2992=DIRECTION('',(0.E0,-1.E0,0.E0));
#2993=VECTOR('',#2992,1.E0);
#2994=CARTESIAN_POINT('',(-6.925E0,2.4E0,-4.2E0));
#2995=LINE('',#2994,#2993);
#2996=DIRECTION('',(1.E0,0.E0,0.E0));
#2997=VECTOR('',#2996,1.E-1);
#2998=CARTESIAN_POINT('',(-7.025E0,1.4E0,-4.2E0));
#2999=LINE('',#2998,#2997);
#3000=DIRECTION('',(3.162277660168E-1,9.486832980505E-1,0.E0));
#3001=VECTOR('',#3000,3.162277660168E-1);
#3002=CARTESIAN_POINT('',(-7.025E0,2.1E0,-4.2E0));
#3003=LINE('',#3002,#3001);
#3004=DIRECTION('',(0.E0,1.E0,0.E0));
#3005=VECTOR('',#3004,1.5E-1);
#3006=CARTESIAN_POINT('',(-7.025E0,1.4E0,-4.2E0));
#3007=LINE('',#3006,#3005);
#3008=DIRECTION('',(3.015113445778E-1,9.045340337333E-1,3.015113445778E-1));
#3009=VECTOR('',#3008,3.316624790355E-1);
#3010=CARTESIAN_POINT('',(-7.025E0,2.1E0,-3.85E0));
#3011=LINE('',#3010,#3009);
#3012=DIRECTION('',(1.E0,0.E0,0.E0));
#3013=VECTOR('',#3012,1.E-1);
#3014=CARTESIAN_POINT('',(6.925E0,1.4E0,-4.2E0));
#3015=LINE('',#3014,#3013);
#3016=DIRECTION('',(0.E0,1.E0,0.E0));
#3017=VECTOR('',#3016,1.5E-1);
#3018=CARTESIAN_POINT('',(7.025E0,1.4E0,-4.2E0));
#3019=LINE('',#3018,#3017);
#3020=DIRECTION('',(-3.162277660168E-1,9.486832980505E-1,0.E0));
#3021=VECTOR('',#3020,3.162277660168E-1);
#3022=CARTESIAN_POINT('',(7.025E0,2.1E0,-4.2E0));
#3023=LINE('',#3022,#3021);
#3024=DIRECTION('',(0.E0,-1.E0,0.E0));
#3025=VECTOR('',#3024,1.E0);
#3026=CARTESIAN_POINT('',(6.925E0,2.4E0,-4.2E0));
#3027=LINE('',#3026,#3025);
#3028=DIRECTION('',(0.E0,0.E0,1.E0));
#3029=VECTOR('',#3028,2.E-1);
#3030=CARTESIAN_POINT('',(6.925E0,1.4E0,-4.4E0));
#3031=LINE('',#3030,#3029);
#3032=DIRECTION('',(0.E0,-1.E0,0.E0));
#3033=VECTOR('',#3032,1.E0);
#3034=CARTESIAN_POINT('',(6.925E0,2.4E0,-4.4E0));
#3035=LINE('',#3034,#3033);
#3036=DIRECTION('',(-3.015113445778E-1,-9.045340337333E-1,3.015113445778E-1));
#3037=VECTOR('',#3036,3.316624790355E-1);
#3038=CARTESIAN_POINT('',(-6.925E0,2.4E0,-5.52E0));
#3039=LINE('',#3038,#3037);
#3040=DIRECTION('',(0.E0,-1.E0,0.E0));
#3041=VECTOR('',#3040,2.E0);
#3042=CARTESIAN_POINT('',(-7.375E0,1.55E0,-5.65E0));
#3043=LINE('',#3042,#3041);
#3044=CARTESIAN_POINT('',(-7.575E0,1.25E0,-5.65E0));
#3045=DIRECTION('',(0.E0,0.E0,1.E0));
#3046=DIRECTION('',(0.E0,1.E0,0.E0));
#3047=AXIS2_PLACEMENT_3D('',#3044,#3045,#3046);
#3049=CARTESIAN_POINT('',(-7.575E0,-1.5E-1,-5.65E0));
#3050=DIRECTION('',(0.E0,0.E0,1.E0));
#3051=DIRECTION('',(-1.E0,0.E0,0.E0));
#3052=AXIS2_PLACEMENT_3D('',#3049,#3050,#3051);
#3054=DIRECTION('',(0.E0,-1.E0,0.E0));
#3055=VECTOR('',#3054,1.4E0);
#3056=CARTESIAN_POINT('',(-7.875E0,1.25E0,-5.65E0));
#3057=LINE('',#3056,#3055);
#3058=DIRECTION('',(0.E0,0.E0,1.E0));
#3059=VECTOR('',#3058,2.5E-1);
#3060=CARTESIAN_POINT('',(-7.875E0,1.25E0,-5.9E0));
#3061=LINE('',#3060,#3059);
#3062=DIRECTION('',(0.E0,0.E0,-1.E0));
#3063=VECTOR('',#3062,2.5E-1);
#3064=CARTESIAN_POINT('',(-7.875E0,-1.5E-1,-5.65E0));
#3065=LINE('',#3064,#3063);
#3066=DIRECTION('',(0.E0,-1.E0,0.E0));
#3067=VECTOR('',#3066,1.4E0);
#3068=CARTESIAN_POINT('',(-7.875E0,1.25E0,-5.9E0));
#3069=LINE('',#3068,#3067);
#3070=CARTESIAN_POINT('',(-7.575E0,1.25E0,-5.9E0));
#3071=DIRECTION('',(0.E0,0.E0,-1.E0));
#3072=DIRECTION('',(-1.E0,0.E0,0.E0));
#3073=AXIS2_PLACEMENT_3D('',#3070,#3071,#3072);
#3075=CARTESIAN_POINT('',(-7.575E0,-1.5E-1,-5.9E0));
#3076=DIRECTION('',(0.E0,0.E0,-1.E0));
#3077=DIRECTION('',(0.E0,-1.E0,0.E0));
#3078=AXIS2_PLACEMENT_3D('',#3075,#3076,#3077);
#3080=DIRECTION('',(0.E0,-1.E0,0.E0));
#3081=VECTOR('',#3080,2.E0);
#3082=CARTESIAN_POINT('',(-7.375E0,1.55E0,-5.9E0));
#3083=LINE('',#3082,#3081);
#3084=DIRECTION('',(0.E0,-1.E0,0.E0));
#3085=VECTOR('',#3084,2.E0);
#3086=CARTESIAN_POINT('',(-7.025E0,1.55E0,-5.55E0));
#3087=LINE('',#3086,#3085);
#3088=DIRECTION('',(1.E0,0.E0,0.E0));
#3089=VECTOR('',#3088,1.055E0);
#3090=CARTESIAN_POINT('',(-7.7E0,-6.E-1,-5.8E0));
#3091=LINE('',#3090,#3089);
#3092=DIRECTION('',(1.E0,0.E0,0.E0));
#3093=VECTOR('',#3092,3.75E-1);
#3094=CARTESIAN_POINT('',(-7.4E0,-6.E-1,-5.42E0));
#3095=LINE('',#3094,#3093);
#3096=DIRECTION('',(0.E0,0.E0,-1.E0));
#3097=VECTOR('',#3096,5.2E-1);
#3098=CARTESIAN_POINT('',(-7.4E0,-6.E-1,-4.9E0));
#3099=LINE('',#3098,#3097);
#3100=DIRECTION('',(0.E0,-7.071067811865E-1,7.071067811865E-1));
#3101=VECTOR('',#3100,1.414213562373E-1);
#3102=CARTESIAN_POINT('',(-7.025E0,-6.E-1,-5.42E0));
#3103=LINE('',#3102,#3101);
#3104=DIRECTION('',(1.E0,0.E0,0.E0));
#3105=VECTOR('',#3104,2.75E-1);
#3106=CARTESIAN_POINT('',(-7.3E0,-7.E-1,-5.32E0));
#3107=LINE('',#3106,#3105);
#3108=DIRECTION('',(0.E0,1.E0,0.E0));
#3109=VECTOR('',#3108,4.E-1);
#3110=CARTESIAN_POINT('',(-7.3E0,-1.1E0,-5.32E0));
#3111=LINE('',#3110,#3109);
#3112=DIRECTION('',(0.E0,0.E0,-1.E0));
#3113=VECTOR('',#3112,4.2E-1);
#3114=CARTESIAN_POINT('',(-7.3E0,-7.E-1,-4.9E0));
#3115=LINE('',#3114,#3113);
#3116=DIRECTION('',(0.E0,1.E0,0.E0));
#3117=VECTOR('',#3116,4.E-1);
#3118=CARTESIAN_POINT('',(-7.3E0,-1.1E0,-4.9E0));
#3119=LINE('',#3118,#3117);
#3120=DIRECTION('',(-5.773502691896E-1,5.773502691896E-1,-5.773502691896E-1));
#3121=VECTOR('',#3120,1.732050807569E-1);
#3122=CARTESIAN_POINT('',(-7.3E0,-7.E-1,-5.32E0));
#3123=LINE('',#3122,#3121);
#3124=DIRECTION('',(-7.071067811866E-1,7.071067811865E-1,0.E0));
#3125=VECTOR('',#3124,1.414213562373E-1);
#3126=CARTESIAN_POINT('',(-7.3E0,-7.E-1,-4.9E0));
#3127=LINE('',#3126,#3125);
#3128=DIRECTION('',(1.E0,0.E0,0.E0));
#3129=VECTOR('',#3128,2.75E-1);
#3130=CARTESIAN_POINT('',(7.025E0,-7.E-1,-5.32E0));
#3131=LINE('',#3130,#3129);
#3132=DIRECTION('',(0.E0,1.E0,0.E0));
#3133=VECTOR('',#3132,4.E-1);
#3134=CARTESIAN_POINT('',(7.025E0,-1.1E0,-5.32E0));
#3135=LINE('',#3134,#3133);
#3136=DIRECTION('',(5.773502691896E-1,5.773502691896E-1,-5.773502691896E-1));
#3137=VECTOR('',#3136,1.732050807569E-1);
#3138=CARTESIAN_POINT('',(7.3E0,-7.E-1,-5.32E0));
#3139=LINE('',#3138,#3137);
#3140=DIRECTION('',(0.E0,7.071067811865E-1,-7.071067811865E-1));
#3141=VECTOR('',#3140,1.414213562373E-1);
#3142=CARTESIAN_POINT('',(7.025E0,-7.E-1,-5.32E0));
#3143=LINE('',#3142,#3141);
#3144=DIRECTION('',(1.E0,0.E0,0.E0));
#3145=VECTOR('',#3144,3.75E-1);
#3146=CARTESIAN_POINT('',(7.025E0,-6.E-1,-5.42E0));
#3147=LINE('',#3146,#3145);
#3148=DIRECTION('',(1.E0,0.E0,0.E0));
#3149=VECTOR('',#3148,1.055E0);
#3150=CARTESIAN_POINT('',(6.645E0,-6.E-1,-5.8E0));
#3151=LINE('',#3150,#3149);
#3152=DIRECTION('',(-1.E0,0.E0,0.E0));
#3153=VECTOR('',#3152,3.E-1);
#3154=CARTESIAN_POINT('',(7.7E0,-6.E-1,-4.9E0));
#3155=LINE('',#3154,#3153);
#3156=DIRECTION('',(0.E0,0.E0,1.E0));
#3157=VECTOR('',#3156,5.2E-1);
#3158=CARTESIAN_POINT('',(7.4E0,-6.E-1,-5.42E0));
#3159=LINE('',#3158,#3157);
#3160=DIRECTION('',(-7.071067811866E-1,-7.071067811865E-1,0.E0));
#3161=VECTOR('',#3160,1.414213562373E-1);
#3162=CARTESIAN_POINT('',(7.4E0,-6.E-1,-4.9E0));
#3163=LINE('',#3162,#3161);
#3164=DIRECTION('',(0.E0,0.E0,1.E0));
#3165=VECTOR('',#3164,4.2E-1);
#3166=CARTESIAN_POINT('',(7.3E0,-7.E-1,-5.32E0));
#3167=LINE('',#3166,#3165);
#3168=DIRECTION('',(0.E0,1.E0,0.E0));
#3169=VECTOR('',#3168,4.E-1);
#3170=CARTESIAN_POINT('',(7.3E0,-1.1E0,-5.32E0));
#3171=LINE('',#3170,#3169);
#3172=DIRECTION('',(0.E0,7.071067811866E-1,7.071067811865E-1));
#3173=VECTOR('',#3172,1.414213562373E-1);
#3174=CARTESIAN_POINT('',(7.275E0,6.5E-1,-4.9E0));
#3175=LINE('',#3174,#3173);
#3176=DIRECTION('',(0.E0,0.E0,-1.E0));
#3177=VECTOR('',#3176,3.E-1);
#3178=CARTESIAN_POINT('',(7.275E0,7.5E-1,-4.5E0));
#3179=LINE('',#3178,#3177);
#3180=DIRECTION('',(1.E0,0.E0,0.E0));
#3181=VECTOR('',#3180,4.25E-1);
#3182=CARTESIAN_POINT('',(7.275E0,7.5E-1,-4.8E0));
#3183=LINE('',#3182,#3181);
#3184=DIRECTION('',(-1.E0,0.E0,0.E0));
#3185=VECTOR('',#3184,3.E-1);
#3186=CARTESIAN_POINT('',(7.7E0,7.5E-1,-3.85E0));
#3187=LINE('',#3186,#3185);
#3188=DIRECTION('',(0.E0,0.E0,1.E0));
#3189=VECTOR('',#3188,2.5E-1);
#3190=CARTESIAN_POINT('',(7.4E0,7.5E-1,-4.1E0));
#3191=LINE('',#3190,#3189);
#3192=DIRECTION('',(-1.E0,0.E0,0.E0));
#3193=VECTOR('',#3192,1.E-1);
#3194=CARTESIAN_POINT('',(7.5E0,7.5E-1,-4.1E0));
#3195=LINE('',#3194,#3193);
#3196=DIRECTION('',(0.E0,0.E0,1.E0));
#3197=VECTOR('',#3196,4.E-1);
#3198=CARTESIAN_POINT('',(7.5E0,7.5E-1,-4.5E0));
#3199=LINE('',#3198,#3197);
#3200=DIRECTION('',(-1.E0,0.E0,0.E0));
#3201=VECTOR('',#3200,2.25E-1);
#3202=CARTESIAN_POINT('',(7.5E0,7.5E-1,-4.5E0));
#3203=LINE('',#3202,#3201);
#3204=DIRECTION('',(-7.071067811866E-1,-7.071067811865E-1,0.E0));
#3205=VECTOR('',#3204,1.414213562373E-1);
#3206=CARTESIAN_POINT('',(7.4E0,7.5E-1,-3.85E0));
#3207=LINE('',#3206,#3205);
#3208=DIRECTION('',(5.773502691896E-1,5.773502691896E-1,5.773502691896E-1));
#3209=VECTOR('',#3208,1.732050807569E-1);
#3210=CARTESIAN_POINT('',(7.3E0,6.5E-1,-4.2E0));
#3211=LINE('',#3210,#3209);
#3212=DIRECTION('',(5.773502691896E-1,5.773502691896E-1,5.773502691896E-1));
#3213=VECTOR('',#3212,1.732050807569E-1);
#3214=CARTESIAN_POINT('',(7.4E0,6.5E-1,-4.2E0));
#3215=LINE('',#3214,#3213);
#3216=DIRECTION('',(0.E0,7.071067811865E-1,-7.071067811865E-1));
#3217=VECTOR('',#3216,1.414213562373E-1);
#3218=CARTESIAN_POINT('',(7.275E0,6.5E-1,-4.4E0));
#3219=LINE('',#3218,#3217);
#3220=DIRECTION('',(5.773502691896E-1,5.773502691896E-1,-5.773502691896E-1));
#3221=VECTOR('',#3220,1.732050807569E-1);
#3222=CARTESIAN_POINT('',(7.4E0,6.5E-1,-4.4E0));
#3223=LINE('',#3222,#3221);
#3224=DIRECTION('',(-3.015113445778E-1,9.045340337333E-1,-3.015113445778E-1));
#3225=VECTOR('',#3224,3.316624790355E-1);
#3226=CARTESIAN_POINT('',(7.025E0,2.1E0,-5.42E0));
#3227=LINE('',#3226,#3225);
#3228=DIRECTION('',(0.E0,-7.071067811865E-1,-7.071067811865E-1));
#3229=VECTOR('',#3228,1.414213562373E-1);
#3230=CARTESIAN_POINT('',(-7.025E0,-1.4E0,-8.E-1));
#3231=LINE('',#3230,#3229);
#3232=DIRECTION('',(-3.162277660168E-1,0.E0,-9.486832980505E-1));
#3233=VECTOR('',#3232,3.162277660168E-1);
#3234=CARTESIAN_POINT('',(-6.925E0,-8.E-1,0.E0));
#3235=LINE('',#3234,#3233);
#3236=DIRECTION('',(0.E0,0.E0,-1.E0));
#3237=VECTOR('',#3236,2.65E0);
#3238=CARTESIAN_POINT('',(-6.925E0,-8.E-1,0.E0));
#3239=LINE('',#3238,#3237);
#3240=DIRECTION('',(0.E0,0.E0,-1.E0));
#3241=VECTOR('',#3240,2.65E0);
#3242=CARTESIAN_POINT('',(-6.925E0,-1.E0,0.E0));
#3243=LINE('',#3242,#3241);
#3244=DIRECTION('',(-1.E0,0.E0,0.E0));
#3245=VECTOR('',#3244,2.75E-1);
#3246=CARTESIAN_POINT('',(-7.025E0,-1.92E0,-2.25E0));
#3247=LINE('',#3246,#3245);
#3248=DIRECTION('',(0.E0,0.E0,-1.E0));
#3249=VECTOR('',#3248,4.E-1);
#3250=CARTESIAN_POINT('',(-7.3E0,-1.92E0,-2.25E0));
#3251=LINE('',#3250,#3249);
#3252=DIRECTION('',(0.E0,-1.E0,0.E0));
#3253=VECTOR('',#3252,1.E-1);
#3254=CARTESIAN_POINT('',(-6.46E0,-2.4E0,0.E0));
#3255=LINE('',#3254,#3253);
#3256=DIRECTION('',(0.E0,0.E0,-1.E0));
#3257=VECTOR('',#3256,1.5E0);
#3258=CARTESIAN_POINT('',(-6.46E0,-2.5E0,0.E0));
#3259=LINE('',#3258,#3257);
#3260=DIRECTION('',(-1.E0,0.E0,0.E0));
#3261=VECTOR('',#3260,8.E-1);
#3262=CARTESIAN_POINT('',(-5.66E0,-2.5E0,0.E0));
#3263=LINE('',#3262,#3261);
#3264=DIRECTION('',(0.E0,0.E0,1.E0));
#3265=VECTOR('',#3264,1.5E0);
#3266=CARTESIAN_POINT('',(-5.66E0,-2.5E0,-1.5E0));
#3267=LINE('',#3266,#3265);
#3268=DIRECTION('',(1.E0,0.E0,0.E0));
#3269=VECTOR('',#3268,8.E-1);
#3270=CARTESIAN_POINT('',(-6.46E0,-2.5E0,-1.5E0));
#3271=LINE('',#3270,#3269);
#3272=DIRECTION('',(-1.E0,0.E0,0.E0));
#3273=VECTOR('',#3272,8.E-1);
#3274=CARTESIAN_POINT('',(6.46E0,-2.5E0,0.E0));
#3275=LINE('',#3274,#3273);
#3276=DIRECTION('',(0.E0,0.E0,1.E0));
#3277=VECTOR('',#3276,1.5E0);
#3278=CARTESIAN_POINT('',(6.46E0,-2.5E0,-1.5E0));
#3279=LINE('',#3278,#3277);
#3280=DIRECTION('',(1.E0,0.E0,0.E0));
#3281=VECTOR('',#3280,8.E-1);
#3282=CARTESIAN_POINT('',(5.66E0,-2.5E0,-1.5E0));
#3283=LINE('',#3282,#3281);
#3284=DIRECTION('',(0.E0,0.E0,-1.E0));
#3285=VECTOR('',#3284,1.5E0);
#3286=CARTESIAN_POINT('',(5.66E0,-2.5E0,0.E0));
#3287=LINE('',#3286,#3285);
#3288=DIRECTION('',(0.E0,-1.E0,0.E0));
#3289=VECTOR('',#3288,1.E-1);
#3290=CARTESIAN_POINT('',(-5.66E0,-2.4E0,-1.5E0));
#3291=LINE('',#3290,#3289);
#3292=DIRECTION('',(0.E0,-1.E0,0.E0));
#3293=VECTOR('',#3292,1.E-1);
#3294=CARTESIAN_POINT('',(-6.46E0,-2.4E0,-1.5E0));
#3295=LINE('',#3294,#3293);
#3296=DIRECTION('',(0.E0,-1.E0,0.E0));
#3297=VECTOR('',#3296,1.E-1);
#3298=CARTESIAN_POINT('',(6.46E0,-2.4E0,-1.5E0));
#3299=LINE('',#3298,#3297);
#3300=DIRECTION('',(0.E0,-1.E0,0.E0));
#3301=VECTOR('',#3300,1.E-1);
#3302=CARTESIAN_POINT('',(5.66E0,-2.4E0,-1.5E0));
#3303=LINE('',#3302,#3301);
#3304=DIRECTION('',(0.E0,-1.E0,0.E0));
#3305=VECTOR('',#3304,1.E-1);
#3306=CARTESIAN_POINT('',(5.66E0,-2.4E0,0.E0));
#3307=LINE('',#3306,#3305);
#3308=CARTESIAN_POINT('',(7.7E0,2.4E0,0.E0));
#3309=CARTESIAN_POINT('',(-7.7E0,2.4E0,0.E0));
#3310=VERTEX_POINT('',#3308);
#3311=VERTEX_POINT('',#3309);
#3312=CARTESIAN_POINT('',(7.7E0,-2.4E0,-2.15E0));
#3313=CARTESIAN_POINT('',(7.7E0,-1.5E0,-2.15E0));
#3314=VERTEX_POINT('',#3312);
#3315=VERTEX_POINT('',#3313);
#3316=CARTESIAN_POINT('',(7.7E0,-6.E-1,-5.8E0));
#3317=CARTESIAN_POINT('',(7.7E0,-6.E-1,-4.9E0));
#3318=VERTEX_POINT('',#3316);
#3319=VERTEX_POINT('',#3317);
#3320=CARTESIAN_POINT('',(7.7E0,-2.4E0,-5.8E0));
#3321=VERTEX_POINT('',#3320);
#3322=CARTESIAN_POINT('',(-7.7E0,-2.4E0,-2.15E0));
#3323=CARTESIAN_POINT('',(-7.7E0,-1.5E0,-2.15E0));
#3324=VERTEX_POINT('',#3322);
#3325=VERTEX_POINT('',#3323);
#3326=CARTESIAN_POINT('',(-7.7E0,-6.E-1,-5.8E0));
#3327=CARTESIAN_POINT('',(-7.7E0,-6.E-1,-4.9E0));
#3328=VERTEX_POINT('',#3326);
#3329=VERTEX_POINT('',#3327);
#3330=CARTESIAN_POINT('',(-7.7E0,-2.4E0,-5.8E0));
#3331=VERTEX_POINT('',#3330);
#3332=CARTESIAN_POINT('',(7.025E0,-1.5E0,-2.65E0));
#3333=CARTESIAN_POINT('',(7.025E0,-1.92E0,-2.65E0));
#3334=VERTEX_POINT('',#3332);
#3335=VERTEX_POINT('',#3333);
#3336=CARTESIAN_POINT('',(7.3E0,-1.92E0,-2.65E0));
#3337=VERTEX_POINT('',#3336);
#3338=CARTESIAN_POINT('',(7.3E0,-1.5E0,-2.65E0));
#3339=VERTEX_POINT('',#3338);
#3340=CARTESIAN_POINT('',(7.3E0,-4.5E-1,-2.65E0));
#3341=CARTESIAN_POINT('',(7.025E0,-4.5E-1,-2.65E0));
#3342=VERTEX_POINT('',#3340);
#3343=VERTEX_POINT('',#3341);
#3344=CARTESIAN_POINT('',(7.025E0,-8.E-1,-2.65E0));
#3345=VERTEX_POINT('',#3344);
#3346=CARTESIAN_POINT('',(6.925E0,-8.E-1,-2.65E0));
#3347=VERTEX_POINT('',#3346);
#3348=CARTESIAN_POINT('',(6.925E0,-1.E0,-2.65E0));
#3349=VERTEX_POINT('',#3348);
#3350=CARTESIAN_POINT('',(-7.025E0,-1.1E0,-4.9E0));
#3351=CARTESIAN_POINT('',(-7.3E0,-1.1E0,-4.9E0));
#3352=VERTEX_POINT('',#3350);
#3353=VERTEX_POINT('',#3351);
#3354=CARTESIAN_POINT('',(-7.3E0,-1.1E0,-5.32E0));
#3355=VERTEX_POINT('',#3354);
#3356=CARTESIAN_POINT('',(-7.025E0,-1.1E0,-5.32E0));
#3357=VERTEX_POINT('',#3356);
#3358=CARTESIAN_POINT('',(7.025E0,-1.1E0,-4.9E0));
#3359=CARTESIAN_POINT('',(7.025E0,-1.1E0,-5.32E0));
#3360=VERTEX_POINT('',#3358);
#3361=VERTEX_POINT('',#3359);
#3362=CARTESIAN_POINT('',(7.3E0,-1.1E0,-5.32E0));
#3363=VERTEX_POINT('',#3362);
#3364=CARTESIAN_POINT('',(7.3E0,-1.1E0,-4.9E0));
#3365=VERTEX_POINT('',#3364);
#3366=CARTESIAN_POINT('',(-7.4E0,-8.E-1,-2.65E0));
#3367=CARTESIAN_POINT('',(-7.4E0,-1.E0,-2.65E0));
#3368=VERTEX_POINT('',#3366);
#3369=VERTEX_POINT('',#3367);
#3370=CARTESIAN_POINT('',(7.3E0,-8.E-1,-2.65E0));
#3371=VERTEX_POINT('',#3370);
#3372=CARTESIAN_POINT('',(-7.3E0,-8.E-1,-2.65E0));
#3373=VERTEX_POINT('',#3372);
#3374=CARTESIAN_POINT('',(-7.4E0,-1.E0,-9.E-1));
#3375=CARTESIAN_POINT('',(-7.4E0,-8.E-1,-9.E-1));
#3376=VERTEX_POINT('',#3374);
#3377=VERTEX_POINT('',#3375);
#3378=CARTESIAN_POINT('',(-7.5E0,-1.1E0,-8.E-1));
#3379=CARTESIAN_POINT('',(-7.5E0,-7.E-1,-8.E-1));
#3380=VERTEX_POINT('',#3378);
#3381=VERTEX_POINT('',#3379);
#3382=CARTESIAN_POINT('',(-7.4E0,-7.E-1,-8.E-1));
#3383=VERTEX_POINT('',#3382);
#3384=CARTESIAN_POINT('',(-7.3E0,-8.E-1,-9.E-1));
#3385=VERTEX_POINT('',#3384);
#3386=CARTESIAN_POINT('',(7.4E0,-4.5E-1,-8.E-1));
#3387=CARTESIAN_POINT('',(7.4E0,-7.E-1,-8.E-1));
#3388=VERTEX_POINT('',#3386);
#3389=VERTEX_POINT('',#3387);
#3390=CARTESIAN_POINT('',(7.3E0,-4.5E-1,-9.E-1));
#3391=CARTESIAN_POINT('',(7.3E0,-8.E-1,-9.E-1));
#3392=VERTEX_POINT('',#3390);
#3393=VERTEX_POINT('',#3391);
#3394=CARTESIAN_POINT('',(7.025E0,-1.E0,-9.E-1));
#3395=CARTESIAN_POINT('',(7.4E0,-1.E0,-9.E-1));
#3396=VERTEX_POINT('',#3394);
#3397=VERTEX_POINT('',#3395);
#3398=CARTESIAN_POINT('',(7.025E0,-1.1E0,-8.E-1));
#3399=CARTESIAN_POINT('',(7.5E0,-1.1E0,-8.E-1));
#3400=VERTEX_POINT('',#3398);
#3401=VERTEX_POINT('',#3399);
#3402=CARTESIAN_POINT('',(7.025E0,-1.4E0,-8.E-1));
#3403=VERTEX_POINT('',#3402);
#3404=CARTESIAN_POINT('',(7.7E0,-4.5E-1,-8.E-1));
#3405=VERTEX_POINT('',#3404);
#3406=CARTESIAN_POINT('',(-7.025E0,-1.1E0,-8.E-1));
#3407=CARTESIAN_POINT('',(-7.025E0,-1.4E0,-8.E-1));
#3408=VERTEX_POINT('',#3406);
#3409=VERTEX_POINT('',#3407);
#3410=CARTESIAN_POINT('',(-7.025E0,-2.02E0,-2.15E0));
#3411=CARTESIAN_POINT('',(-7.025E0,-2.15E0,-2.15E0));
#3412=VERTEX_POINT('',#3410);
#3413=VERTEX_POINT('',#3411);
#3414=CARTESIAN_POINT('',(-7.7E0,-4.5E-1,-8.E-1));
#3415=CARTESIAN_POINT('',(-7.4E0,-4.5E-1,-8.E-1));
#3416=VERTEX_POINT('',#3414);
#3417=VERTEX_POINT('',#3415);
#3418=CARTESIAN_POINT('',(-7.7E0,-1.5E0,-9.E-1));
#3419=CARTESIAN_POINT('',(-7.7E0,-1.4E0,-8.E-1));
#3420=VERTEX_POINT('',#3418);
#3421=VERTEX_POINT('',#3419);
#3422=CARTESIAN_POINT('',(-7.025E0,-1.5E0,-9.E-1));
#3423=VERTEX_POINT('',#3422);
#3424=CARTESIAN_POINT('',(7.7E0,-1.4E0,-8.E-1));
#3425=CARTESIAN_POINT('',(7.7E0,-1.5E0,-9.E-1));
#3426=VERTEX_POINT('',#3424);
#3427=VERTEX_POINT('',#3425);
#3428=CARTESIAN_POINT('',(7.025E0,-1.5E0,-9.E-1));
#3429=VERTEX_POINT('',#3428);
#3430=CARTESIAN_POINT('',(7.3E0,-1.92E0,-2.25E0));
#3431=CARTESIAN_POINT('',(7.025E0,-1.92E0,-2.25E0));
#3432=VERTEX_POINT('',#3430);
#3433=VERTEX_POINT('',#3431);
#3434=CARTESIAN_POINT('',(7.4E0,-2.02E0,-2.15E0));
#3435=CARTESIAN_POINT('',(7.025E0,-2.02E0,-2.15E0));
#3436=VERTEX_POINT('',#3434);
#3437=VERTEX_POINT('',#3435);
#3438=CARTESIAN_POINT('',(7.4E0,-1.5E0,-2.15E0));
#3439=VERTEX_POINT('',#3438);
#3440=CARTESIAN_POINT('',(7.3E0,-1.5E0,-2.25E0));
#3441=VERTEX_POINT('',#3440);
#3442=CARTESIAN_POINT('',(7.025E0,-2.15E0,-2.15E0));
#3443=VERTEX_POINT('',#3442);
#3444=CARTESIAN_POINT('',(-7.4E0,-1.5E0,-2.15E0));
#3445=VERTEX_POINT('',#3444);
#3446=CARTESIAN_POINT('',(-6.775E0,-2.4E0,0.E0));
#3447=CARTESIAN_POINT('',(-6.775E0,-2.4E0,-2.15E0));
#3448=VERTEX_POINT('',#3446);
#3449=VERTEX_POINT('',#3447);
#3450=CARTESIAN_POINT('',(6.775E0,-2.4E0,-2.15E0));
#3451=CARTESIAN_POINT('',(6.775E0,-2.4E0,0.E0));
#3452=VERTEX_POINT('',#3450);
#3453=VERTEX_POINT('',#3451);
#3454=CARTESIAN_POINT('',(7.025E0,-8.E-1,-3.E-1));
#3455=CARTESIAN_POINT('',(6.925E0,-8.E-1,0.E0));
#3456=VERTEX_POINT('',#3454);
#3457=VERTEX_POINT('',#3455);
#3458=CARTESIAN_POINT('',(6.925E0,-3.5E-1,0.E0));
#3459=VERTEX_POINT('',#3458);
#3460=CARTESIAN_POINT('',(7.025E0,-4.5E-1,-3.E-1));
#3461=VERTEX_POINT('',#3460);
#3462=CARTESIAN_POINT('',(7.7E0,-3.5E-1,0.E0));
#3463=CARTESIAN_POINT('',(7.7E0,-4.5E-1,-3.E-1));
#3464=VERTEX_POINT('',#3462);
#3465=VERTEX_POINT('',#3463);
#3466=CARTESIAN_POINT('',(6.925E0,-1.E0,0.E0));
#3467=CARTESIAN_POINT('',(7.025E0,-1.E0,-3.E-1));
#3468=VERTEX_POINT('',#3466);
#3469=VERTEX_POINT('',#3467);
#3470=CARTESIAN_POINT('',(7.025E0,-2.15E0,-3.E-1));
#3471=VERTEX_POINT('',#3470);
#3472=CARTESIAN_POINT('',(6.925E0,-2.25E0,0.E0));
#3473=VERTEX_POINT('',#3472);
#3474=CARTESIAN_POINT('',(-6.925E0,-2.25E0,0.E0));
#3475=CARTESIAN_POINT('',(-7.025E0,-2.15E0,-3.E-1));
#3476=VERTEX_POINT('',#3474);
#3477=VERTEX_POINT('',#3475);
#3478=CARTESIAN_POINT('',(-7.025E0,-1.E0,-3.E-1));
#3479=VERTEX_POINT('',#3478);
#3480=CARTESIAN_POINT('',(-6.925E0,-1.E0,0.E0));
#3481=VERTEX_POINT('',#3480);
#3482=CARTESIAN_POINT('',(-7.7E0,-4.5E-1,-3.E-1));
#3483=CARTESIAN_POINT('',(-7.7E0,-3.5E-1,0.E0));
#3484=VERTEX_POINT('',#3482);
#3485=VERTEX_POINT('',#3483);
#3486=CARTESIAN_POINT('',(-6.925E0,-3.5E-1,0.E0));
#3487=VERTEX_POINT('',#3486);
#3488=CARTESIAN_POINT('',(-7.025E0,-4.5E-1,-3.E-1));
#3489=VERTEX_POINT('',#3488);
#3490=CARTESIAN_POINT('',(-7.025E0,-8.E-1,-3.E-1));
#3491=VERTEX_POINT('',#3490);
#3492=CARTESIAN_POINT('',(-6.925E0,-8.E-1,0.E0));
#3493=VERTEX_POINT('',#3492);
#3494=CARTESIAN_POINT('',(7.7E0,6.5E-1,-4.9E0));
#3495=CARTESIAN_POINT('',(7.7E0,7.5E-1,-4.8E0));
#3496=VERTEX_POINT('',#3494);
#3497=VERTEX_POINT('',#3495);
#3498=CARTESIAN_POINT('',(-7.7E0,7.5E-1,-4.8E0));
#3499=CARTESIAN_POINT('',(-7.7E0,6.5E-1,-4.9E0));
#3500=VERTEX_POINT('',#3498);
#3501=VERTEX_POINT('',#3499);
#3502=CARTESIAN_POINT('',(7.3E0,-7.E-1,-5.32E0));
#3503=CARTESIAN_POINT('',(7.3E0,-7.E-1,-4.9E0));
#3504=VERTEX_POINT('',#3502);
#3505=VERTEX_POINT('',#3503);
#3506=CARTESIAN_POINT('',(7.4E0,-6.E-1,-5.42E0));
#3507=CARTESIAN_POINT('',(7.4E0,-6.E-1,-4.9E0));
#3508=VERTEX_POINT('',#3506);
#3509=VERTEX_POINT('',#3507);
#3510=CARTESIAN_POINT('',(7.025E0,-7.E-1,-5.32E0));
#3511=VERTEX_POINT('',#3510);
#3512=CARTESIAN_POINT('',(-7.4E0,-6.E-1,-4.9E0));
#3513=CARTESIAN_POINT('',(-7.4E0,-6.E-1,-5.42E0));
#3514=VERTEX_POINT('',#3512);
#3515=VERTEX_POINT('',#3513);
#3516=CARTESIAN_POINT('',(-7.3E0,-7.E-1,-4.9E0));
#3517=CARTESIAN_POINT('',(-7.3E0,-7.E-1,-5.32E0));
#3518=VERTEX_POINT('',#3516);
#3519=VERTEX_POINT('',#3517);
#3520=CARTESIAN_POINT('',(-7.025E0,-7.E-1,-5.32E0));
#3521=VERTEX_POINT('',#3520);
#3522=CARTESIAN_POINT('',(7.7E0,7.5E-1,-3.85E0));
#3523=VERTEX_POINT('',#3522);
#3524=CARTESIAN_POINT('',(-7.7E0,7.5E-1,-3.85E0));
#3525=VERTEX_POINT('',#3524);
#3526=CARTESIAN_POINT('',(-7.5E0,7.5E-1,-4.1E0));
#3527=CARTESIAN_POINT('',(-7.5E0,7.5E-1,-4.5E0));
#3528=VERTEX_POINT('',#3526);
#3529=VERTEX_POINT('',#3527);
#3530=CARTESIAN_POINT('',(-7.4E0,6.5E-1,-4.2E0));
#3531=CARTESIAN_POINT('',(-7.4E0,6.5E-1,-4.4E0));
#3532=VERTEX_POINT('',#3530);
#3533=VERTEX_POINT('',#3531);
#3534=CARTESIAN_POINT('',(-7.3E0,6.5E-1,-4.2E0));
#3535=VERTEX_POINT('',#3534);
#3536=CARTESIAN_POINT('',(-7.4E0,7.5E-1,-4.1E0));
#3537=VERTEX_POINT('',#3536);
#3538=CARTESIAN_POINT('',(-7.4E0,7.5E-1,-3.85E0));
#3539=VERTEX_POINT('',#3538);
#3540=CARTESIAN_POINT('',(-7.3E0,6.5E-1,-3.85E0));
#3541=VERTEX_POINT('',#3540);
#3542=CARTESIAN_POINT('',(7.3E0,6.5E-1,-4.2E0));
#3543=CARTESIAN_POINT('',(7.3E0,6.5E-1,-3.85E0));
#3544=VERTEX_POINT('',#3542);
#3545=VERTEX_POINT('',#3543);
#3546=CARTESIAN_POINT('',(7.4E0,7.5E-1,-4.1E0));
#3547=CARTESIAN_POINT('',(7.4E0,7.5E-1,-3.85E0));
#3548=VERTEX_POINT('',#3546);
#3549=VERTEX_POINT('',#3547);
#3550=CARTESIAN_POINT('',(7.5E0,7.5E-1,-4.1E0));
#3551=VERTEX_POINT('',#3550);
#3552=CARTESIAN_POINT('',(7.4E0,6.5E-1,-4.2E0));
#3553=VERTEX_POINT('',#3552);
#3554=CARTESIAN_POINT('',(7.4E0,6.5E-1,-4.4E0));
#3555=VERTEX_POINT('',#3554);
#3556=CARTESIAN_POINT('',(7.5E0,7.5E-1,-4.5E0));
#3557=VERTEX_POINT('',#3556);
#3558=CARTESIAN_POINT('',(-6.46E0,-2.5E0,0.E0));
#3559=CARTESIAN_POINT('',(-6.46E0,-2.5E0,-1.5E0));
#3560=VERTEX_POINT('',#3558);
#3561=VERTEX_POINT('',#3559);
#3562=CARTESIAN_POINT('',(-5.66E0,-2.5E0,-1.5E0));
#3563=VERTEX_POINT('',#3562);
#3564=CARTESIAN_POINT('',(-5.66E0,-2.5E0,0.E0));
#3565=VERTEX_POINT('',#3564);
#3566=CARTESIAN_POINT('',(6.46E0,-2.5E0,0.E0));
#3567=CARTESIAN_POINT('',(5.66E0,-2.5E0,0.E0));
#3568=VERTEX_POINT('',#3566);
#3569=VERTEX_POINT('',#3567);
#3570=CARTESIAN_POINT('',(5.66E0,-2.5E0,-1.5E0));
#3571=VERTEX_POINT('',#3570);
#3572=CARTESIAN_POINT('',(6.46E0,-2.5E0,-1.5E0));
#3573=VERTEX_POINT('',#3572);
#3574=CARTESIAN_POINT('',(-6.46E0,-2.4E0,0.E0));
#3575=CARTESIAN_POINT('',(-6.46E0,-2.4E0,-1.5E0));
#3576=VERTEX_POINT('',#3574);
#3577=VERTEX_POINT('',#3575);
#3578=CARTESIAN_POINT('',(-5.66E0,-2.4E0,-1.5E0));
#3579=VERTEX_POINT('',#3578);
#3580=CARTESIAN_POINT('',(-5.66E0,-2.4E0,0.E0));
#3581=VERTEX_POINT('',#3580);
#3582=CARTESIAN_POINT('',(5.66E0,-2.4E0,0.E0));
#3583=CARTESIAN_POINT('',(5.66E0,-2.4E0,-1.5E0));
#3584=VERTEX_POINT('',#3582);
#3585=VERTEX_POINT('',#3583);
#3586=CARTESIAN_POINT('',(6.46E0,-2.4E0,-1.5E0));
#3587=VERTEX_POINT('',#3586);
#3588=CARTESIAN_POINT('',(6.46E0,-2.4E0,0.E0));
#3589=VERTEX_POINT('',#3588);
#3590=CARTESIAN_POINT('',(4.95E0,-1.5E0,-5.9E0));
#3591=CARTESIAN_POINT('',(5.45E0,-1.5E0,-5.9E0));
#3592=VERTEX_POINT('',#3590);
#3593=VERTEX_POINT('',#3591);
#3594=CARTESIAN_POINT('',(-5.45E0,-1.5E0,-5.9E0));
#3595=CARTESIAN_POINT('',(-4.95E0,-1.5E0,-5.9E0));
#3596=VERTEX_POINT('',#3594);
#3597=VERTEX_POINT('',#3595);
#3598=CARTESIAN_POINT('',(4.95E0,-1.5E0,-5.8E0));
#3599=VERTEX_POINT('',#3598);
#3600=CARTESIAN_POINT('',(5.45E0,-1.5E0,-5.8E0));
#3601=VERTEX_POINT('',#3600);
#3602=CARTESIAN_POINT('',(-5.45E0,-1.5E0,-5.8E0));
#3603=VERTEX_POINT('',#3602);
#3604=CARTESIAN_POINT('',(-4.95E0,-1.5E0,-5.8E0));
#3605=VERTEX_POINT('',#3604);
#3606=CARTESIAN_POINT('',(5.45E0,-2.5E0,-5.9E0));
#3607=CARTESIAN_POINT('',(5.45E0,-2.5E0,-4.9E0));
#3608=VERTEX_POINT('',#3606);
#3609=VERTEX_POINT('',#3607);
#3610=CARTESIAN_POINT('',(4.95E0,-2.5E0,-4.9E0));
#3611=VERTEX_POINT('',#3610);
#3612=CARTESIAN_POINT('',(4.95E0,-2.5E0,-5.9E0));
#3613=VERTEX_POINT('',#3612);
#3614=CARTESIAN_POINT('',(-5.45E0,-2.5E0,-5.9E0));
#3615=CARTESIAN_POINT('',(-4.95E0,-2.5E0,-5.9E0));
#3616=VERTEX_POINT('',#3614);
#3617=VERTEX_POINT('',#3615);
#3618=CARTESIAN_POINT('',(-4.95E0,-2.5E0,-4.9E0));
#3619=VERTEX_POINT('',#3618);
#3620=CARTESIAN_POINT('',(-5.45E0,-2.5E0,-4.9E0));
#3621=VERTEX_POINT('',#3620);
#3622=CARTESIAN_POINT('',(5.45E0,-2.4E0,-4.9E0));
#3623=CARTESIAN_POINT('',(4.95E0,-2.4E0,-4.9E0));
#3624=VERTEX_POINT('',#3622);
#3625=VERTEX_POINT('',#3623);
#3626=CARTESIAN_POINT('',(4.95E0,-2.4E0,-5.8E0));
#3627=VERTEX_POINT('',#3626);
#3628=CARTESIAN_POINT('',(-4.95E0,-2.4E0,-5.8E0));
#3629=CARTESIAN_POINT('',(-4.95E0,-2.4E0,-4.9E0));
#3630=VERTEX_POINT('',#3628);
#3631=VERTEX_POINT('',#3629);
#3632=CARTESIAN_POINT('',(-5.45E0,-2.4E0,-4.9E0));
#3633=VERTEX_POINT('',#3632);
#3634=CARTESIAN_POINT('',(-5.45E0,-2.4E0,-5.8E0));
#3635=VERTEX_POINT('',#3634);
#3636=CARTESIAN_POINT('',(-6.615E0,1.3E0,-4.4E0));
#3637=CARTESIAN_POINT('',(-6.615E0,-1.9E0,-4.4E0));
#3638=VERTEX_POINT('',#3636);
#3639=VERTEX_POINT('',#3637);
#3640=CARTESIAN_POINT('',(6.615E0,-1.9E0,-4.4E0));
#3641=VERTEX_POINT('',#3640);
#3642=CARTESIAN_POINT('',(6.615E0,1.8E0,-4.4E0));
#3643=VERTEX_POINT('',#3642);
#3644=CARTESIAN_POINT('',(5.985E0,1.8E0,-4.4E0));
#3645=VERTEX_POINT('',#3644);
#3646=CARTESIAN_POINT('',(5.985E0,5.E-1,-4.4E0));
#3647=VERTEX_POINT('',#3646);
#3648=CARTESIAN_POINT('',(-5.985E0,5.E-1,-4.4E0));
#3649=CARTESIAN_POINT('',(-5.985E0,1.3E0,-4.4E0));
#3650=VERTEX_POINT('',#3648);
#3651=VERTEX_POINT('',#3649);
#3652=CARTESIAN_POINT('',(5.985E0,5.E-1,-2.E-1));
#3653=CARTESIAN_POINT('',(5.785E0,5.E-1,0.E0));
#3654=VERTEX_POINT('',#3652);
#3655=VERTEX_POINT('',#3653);
#3656=CARTESIAN_POINT('',(5.785E0,2.E0,0.E0));
#3657=VERTEX_POINT('',#3656);
#3658=CARTESIAN_POINT('',(5.985E0,1.8E0,-2.E-1));
#3659=VERTEX_POINT('',#3658);
#3660=CARTESIAN_POINT('',(6.615E0,1.8E0,-2.E-1));
#3661=VERTEX_POINT('',#3660);
#3662=CARTESIAN_POINT('',(-6.615E0,1.3E0,-2.E-1));
#3663=CARTESIAN_POINT('',(-5.985E0,1.3E0,-2.E-1));
#3664=VERTEX_POINT('',#3662);
#3665=VERTEX_POINT('',#3663);
#3666=CARTESIAN_POINT('',(-5.785E0,5.E-1,0.E0));
#3667=CARTESIAN_POINT('',(-5.985E0,5.E-1,-2.E-1));
#3668=VERTEX_POINT('',#3666);
#3669=VERTEX_POINT('',#3667);
#3670=CARTESIAN_POINT('',(-5.785E0,1.5E0,0.E0));
#3671=VERTEX_POINT('',#3670);
#3672=CARTESIAN_POINT('',(-6.615E0,1.35E0,-1.5E-1));
#3673=CARTESIAN_POINT('',(-6.615E0,-1.9E0,-1.5E-1));
#3674=VERTEX_POINT('',#3672);
#3675=VERTEX_POINT('',#3673);
#3676=CARTESIAN_POINT('',(-6.701602540378E0,1.5E0,0.E0));
#3677=CARTESIAN_POINT('',(-6.701602540378E0,-1.986602540378E0,0.E0));
#3678=VERTEX_POINT('',#3676);
#3679=VERTEX_POINT('',#3677);
#3680=CARTESIAN_POINT('',(6.701602540378E0,-1.986602540378E0,0.E0));
#3681=VERTEX_POINT('',#3680);
#3682=CARTESIAN_POINT('',(6.615E0,-1.9E0,-1.5E-1));
#3683=VERTEX_POINT('',#3682);
#3684=CARTESIAN_POINT('',(6.701602540378E0,2.E0,0.E0));
#3685=VERTEX_POINT('',#3684);
#3686=CARTESIAN_POINT('',(6.615E0,1.85E0,-1.5E-1));
#3687=VERTEX_POINT('',#3686);
#3688=CARTESIAN_POINT('',(-1.885E0,1.525E0,0.E0));
#3689=CARTESIAN_POINT('',(-1.885E0,1.525E0,-7.5E-1));
#3690=VERTEX_POINT('',#3688);
#3691=VERTEX_POINT('',#3689);
#3692=CARTESIAN_POINT('',(1.885E0,1.525E0,0.E0));
#3693=CARTESIAN_POINT('',(1.885E0,1.525E0,-7.5E-1));
#3694=VERTEX_POINT('',#3692);
#3695=VERTEX_POINT('',#3693);
#3696=CARTESIAN_POINT('',(-1.885E0,1.825E0,0.E0));
#3697=VERTEX_POINT('',#3696);
#3698=CARTESIAN_POINT('',(1.885E0,1.825E0,0.E0));
#3699=VERTEX_POINT('',#3698);
#3700=CARTESIAN_POINT('',(-1.885E0,1.825E0,-8.330415196484E-1));
#3701=CARTESIAN_POINT('',(1.885E0,1.825E0,-8.330415196484E-1));
#3702=VERTEX_POINT('',#3700);
#3703=VERTEX_POINT('',#3701);
#3704=CARTESIAN_POINT('',(-1.885E0,1.716365699267E0,-7.334149727302E-1));
#3705=CARTESIAN_POINT('',(1.885E0,1.716365699267E0,-7.334149727302E-1));
#3706=VERTEX_POINT('',#3704);
#3707=VERTEX_POINT('',#3705);
#3708=CARTESIAN_POINT('',(-5.4E0,-5.5E-1,-4.4E0));
#3709=CARTESIAN_POINT('',(-5.4E0,-2.5E-1,-4.4E0));
#3710=VERTEX_POINT('',#3708);
#3711=VERTEX_POINT('',#3709);
#3712=CARTESIAN_POINT('',(-5.1E0,-5.5E-1,-4.4E0));
#3713=CARTESIAN_POINT('',(-5.1E0,-2.5E-1,-4.4E0));
#3714=VERTEX_POINT('',#3712);
#3715=VERTEX_POINT('',#3713);
#3716=CARTESIAN_POINT('',(-5.4E0,-1.5E0,-5.8E0));
#3717=CARTESIAN_POINT('',(-5.4E0,-6.918191770586E-1,-5.8E0));
#3718=VERTEX_POINT('',#3716);
#3719=VERTEX_POINT('',#3717);
#3720=CARTESIAN_POINT('',(-5.1E0,-1.5E0,-5.8E0));
#3721=CARTESIAN_POINT('',(-5.1E0,-6.918191770586E-1,-5.8E0));
#3722=VERTEX_POINT('',#3720);
#3723=VERTEX_POINT('',#3721);
#3724=CARTESIAN_POINT('',(-3.9E0,-2.4E0,-5.8E0));
#3725=CARTESIAN_POINT('',(-3.9E0,-6.918191770586E-1,-5.8E0));
#3726=VERTEX_POINT('',#3724);
#3727=VERTEX_POINT('',#3725);
#3728=CARTESIAN_POINT('',(-3.6E0,-2.4E0,-5.8E0));
#3729=CARTESIAN_POINT('',(-3.6E0,-6.918191770586E-1,-5.8E0));
#3730=VERTEX_POINT('',#3728);
#3731=VERTEX_POINT('',#3729);
#3732=CARTESIAN_POINT('',(-3.9E0,-2.4E0,-5.561930279495E0));
#3733=VERTEX_POINT('',#3732);
#3734=CARTESIAN_POINT('',(-3.6E0,-2.4E0,-5.561930279495E0));
#3735=VERTEX_POINT('',#3734);
#3736=CARTESIAN_POINT('',(-3.9E0,-5.5E-1,-4.4E0));
#3737=CARTESIAN_POINT('',(-3.9E0,-2.5E-1,-4.4E0));
#3738=VERTEX_POINT('',#3736);
#3739=VERTEX_POINT('',#3737);
#3740=CARTESIAN_POINT('',(-3.6E0,-5.5E-1,-4.4E0));
#3741=CARTESIAN_POINT('',(-3.6E0,-2.5E-1,-4.4E0));
#3742=VERTEX_POINT('',#3740);
#3743=VERTEX_POINT('',#3741);
#3744=CARTESIAN_POINT('',(-2.4E0,-2.4E0,-5.8E0));
#3745=CARTESIAN_POINT('',(-2.4E0,-6.918191770586E-1,-5.8E0));
#3746=VERTEX_POINT('',#3744);
#3747=VERTEX_POINT('',#3745);
#3748=CARTESIAN_POINT('',(-2.1E0,-2.4E0,-5.8E0));
#3749=CARTESIAN_POINT('',(-2.1E0,-6.918191770586E-1,-5.8E0));
#3750=VERTEX_POINT('',#3748);
#3751=VERTEX_POINT('',#3749);
#3752=CARTESIAN_POINT('',(-2.4E0,-2.4E0,-5.561930279495E0));
#3753=VERTEX_POINT('',#3752);
#3754=CARTESIAN_POINT('',(-2.1E0,-2.4E0,-5.561930279495E0));
#3755=VERTEX_POINT('',#3754);
#3756=CARTESIAN_POINT('',(-2.4E0,-5.5E-1,-4.4E0));
#3757=CARTESIAN_POINT('',(-2.4E0,-2.5E-1,-4.4E0));
#3758=VERTEX_POINT('',#3756);
#3759=VERTEX_POINT('',#3757);
#3760=CARTESIAN_POINT('',(-2.1E0,-5.5E-1,-4.4E0));
#3761=CARTESIAN_POINT('',(-2.1E0,-2.5E-1,-4.4E0));
#3762=VERTEX_POINT('',#3760);
#3763=VERTEX_POINT('',#3761);
#3764=CARTESIAN_POINT('',(-9.E-1,-2.4E0,-5.8E0));
#3765=CARTESIAN_POINT('',(-9.E-1,-6.918191770586E-1,-5.8E0));
#3766=VERTEX_POINT('',#3764);
#3767=VERTEX_POINT('',#3765);
#3768=CARTESIAN_POINT('',(-6.E-1,-2.4E0,-5.8E0));
#3769=CARTESIAN_POINT('',(-6.E-1,-6.918191770586E-1,-5.8E0));
#3770=VERTEX_POINT('',#3768);
#3771=VERTEX_POINT('',#3769);
#3772=CARTESIAN_POINT('',(-9.E-1,-2.4E0,-5.561930279495E0));
#3773=VERTEX_POINT('',#3772);
#3774=CARTESIAN_POINT('',(-6.E-1,-2.4E0,-5.561930279495E0));
#3775=VERTEX_POINT('',#3774);
#3776=CARTESIAN_POINT('',(-9.E-1,-5.5E-1,-4.4E0));
#3777=CARTESIAN_POINT('',(-9.E-1,-2.5E-1,-4.4E0));
#3778=VERTEX_POINT('',#3776);
#3779=VERTEX_POINT('',#3777);
#3780=CARTESIAN_POINT('',(-6.E-1,-5.5E-1,-4.4E0));
#3781=CARTESIAN_POINT('',(-6.E-1,-2.5E-1,-4.4E0));
#3782=VERTEX_POINT('',#3780);
#3783=VERTEX_POINT('',#3781);
#3784=CARTESIAN_POINT('',(6.E-1,-2.4E0,-5.8E0));
#3785=CARTESIAN_POINT('',(6.E-1,-6.918191770586E-1,-5.8E0));
#3786=VERTEX_POINT('',#3784);
#3787=VERTEX_POINT('',#3785);
#3788=CARTESIAN_POINT('',(9.E-1,-2.4E0,-5.8E0));
#3789=CARTESIAN_POINT('',(9.E-1,-6.918191770586E-1,-5.8E0));
#3790=VERTEX_POINT('',#3788);
#3791=VERTEX_POINT('',#3789);
#3792=CARTESIAN_POINT('',(6.E-1,-2.4E0,-5.561930279495E0));
#3793=VERTEX_POINT('',#3792);
#3794=CARTESIAN_POINT('',(9.E-1,-2.4E0,-5.561930279495E0));
#3795=VERTEX_POINT('',#3794);
#3796=CARTESIAN_POINT('',(6.E-1,-5.5E-1,-4.4E0));
#3797=CARTESIAN_POINT('',(6.E-1,-2.5E-1,-4.4E0));
#3798=VERTEX_POINT('',#3796);
#3799=VERTEX_POINT('',#3797);
#3800=CARTESIAN_POINT('',(9.E-1,-5.5E-1,-4.4E0));
#3801=CARTESIAN_POINT('',(9.E-1,-2.5E-1,-4.4E0));
#3802=VERTEX_POINT('',#3800);
#3803=VERTEX_POINT('',#3801);
#3804=CARTESIAN_POINT('',(-6.925E0,2.4E0,-4.4E0));
#3805=CARTESIAN_POINT('',(-7.025E0,2.1E0,-4.4E0));
#3806=VERTEX_POINT('',#3804);
#3807=VERTEX_POINT('',#3805);
#3808=CARTESIAN_POINT('',(-7.025E0,2.1E0,-4.2E0));
#3809=CARTESIAN_POINT('',(-7.025E0,2.1E0,-3.85E0));
#3810=VERTEX_POINT('',#3808);
#3811=VERTEX_POINT('',#3809);
#3812=CARTESIAN_POINT('',(-6.925E0,2.4E0,-4.2E0));
#3813=VERTEX_POINT('',#3812);
#3814=CARTESIAN_POINT('',(-6.925E0,2.4E0,-3.75E0));
#3815=VERTEX_POINT('',#3814);
#3816=CARTESIAN_POINT('',(7.025E0,2.1E0,-3.85E0));
#3817=CARTESIAN_POINT('',(7.025E0,2.1E0,-4.2E0));
#3818=VERTEX_POINT('',#3816);
#3819=VERTEX_POINT('',#3817);
#3820=CARTESIAN_POINT('',(6.925E0,2.4E0,-3.75E0));
#3821=CARTESIAN_POINT('',(6.925E0,2.4E0,-4.2E0));
#3822=VERTEX_POINT('',#3820);
#3823=VERTEX_POINT('',#3821);
#3824=CARTESIAN_POINT('',(6.925E0,2.4E0,-4.4E0));
#3825=VERTEX_POINT('',#3824);
#3826=CARTESIAN_POINT('',(-7.025E0,1.55E0,-5.55E0));
#3827=CARTESIAN_POINT('',(-7.375E0,1.55E0,-5.9E0));
#3828=VERTEX_POINT('',#3826);
#3829=VERTEX_POINT('',#3827);
#3830=CARTESIAN_POINT('',(-7.375E0,1.55E0,-5.65E0));
#3831=CARTESIAN_POINT('',(-7.275E0,1.55E0,-5.55E0));
#3832=VERTEX_POINT('',#3830);
#3833=VERTEX_POINT('',#3831);
#3834=CARTESIAN_POINT('',(7.275E0,1.55E0,-5.55E0));
#3835=CARTESIAN_POINT('',(7.375E0,1.55E0,-5.65E0));
#3836=VERTEX_POINT('',#3834);
#3837=VERTEX_POINT('',#3835);
#3838=CARTESIAN_POINT('',(7.375E0,1.55E0,-5.9E0));
#3839=CARTESIAN_POINT('',(7.025E0,1.55E0,-5.55E0));
#3840=VERTEX_POINT('',#3838);
#3841=VERTEX_POINT('',#3839);
#3842=CARTESIAN_POINT('',(-7.025E0,-4.5E-1,-5.55E0));
#3843=CARTESIAN_POINT('',(-7.375E0,-4.5E-1,-5.9E0));
#3844=VERTEX_POINT('',#3842);
#3845=VERTEX_POINT('',#3843);
#3846=CARTESIAN_POINT('',(-7.375E0,-4.5E-1,-5.65E0));
#3847=CARTESIAN_POINT('',(-7.275E0,-4.5E-1,-5.55E0));
#3848=VERTEX_POINT('',#3846);
#3849=VERTEX_POINT('',#3847);
#3850=CARTESIAN_POINT('',(7.275E0,-4.5E-1,-5.55E0));
#3851=CARTESIAN_POINT('',(7.375E0,-4.5E-1,-5.65E0));
#3852=VERTEX_POINT('',#3850);
#3853=VERTEX_POINT('',#3851);
#3854=CARTESIAN_POINT('',(7.375E0,-4.5E-1,-5.9E0));
#3855=CARTESIAN_POINT('',(7.025E0,-4.5E-1,-5.55E0));
#3856=VERTEX_POINT('',#3854);
#3857=VERTEX_POINT('',#3855);
#3858=CARTESIAN_POINT('',(7.025E0,1.55E0,-5.42E0));
#3859=CARTESIAN_POINT('',(7.025E0,1.55E0,-4.4E0));
#3860=VERTEX_POINT('',#3858);
#3861=VERTEX_POINT('',#3859);
#3862=CARTESIAN_POINT('',(7.025E0,1.55E0,-4.2E0));
#3863=CARTESIAN_POINT('',(7.025E0,1.55E0,-3.85E0));
#3864=VERTEX_POINT('',#3862);
#3865=VERTEX_POINT('',#3863);
#3866=CARTESIAN_POINT('',(7.025E0,-4.5E-1,-5.42E0));
#3867=CARTESIAN_POINT('',(7.025E0,-4.5E-1,-4.9E0));
#3868=VERTEX_POINT('',#3866);
#3869=VERTEX_POINT('',#3867);
#3870=CARTESIAN_POINT('',(7.275E0,1.55E0,-3.85E0));
#3871=VERTEX_POINT('',#3870);
#3872=CARTESIAN_POINT('',(7.275E0,7.5E-1,-4.5E0));
#3873=CARTESIAN_POINT('',(7.275E0,7.5E-1,-4.8E0));
#3874=VERTEX_POINT('',#3872);
#3875=VERTEX_POINT('',#3873);
#3876=CARTESIAN_POINT('',(7.275E0,-4.5E-1,-4.9E0));
#3877=VERTEX_POINT('',#3876);
#3878=CARTESIAN_POINT('',(7.275E0,6.5E-1,-4.9E0));
#3879=VERTEX_POINT('',#3878);
#3880=CARTESIAN_POINT('',(-7.025E0,1.55E0,-5.42E0));
#3881=CARTESIAN_POINT('',(-7.025E0,1.55E0,-4.4E0));
#3882=VERTEX_POINT('',#3880);
#3883=VERTEX_POINT('',#3881);
#3884=CARTESIAN_POINT('',(-7.025E0,1.55E0,-4.2E0));
#3885=CARTESIAN_POINT('',(-7.025E0,1.55E0,-3.85E0));
#3886=VERTEX_POINT('',#3884);
#3887=VERTEX_POINT('',#3885);
#3888=CARTESIAN_POINT('',(-7.025E0,-4.5E-1,-5.42E0));
#3889=CARTESIAN_POINT('',(-7.025E0,-4.5E-1,-4.9E0));
#3890=VERTEX_POINT('',#3888);
#3891=VERTEX_POINT('',#3889);
#3892=CARTESIAN_POINT('',(-7.275E0,7.5E-1,-4.8E0));
#3893=CARTESIAN_POINT('',(-7.275E0,7.5E-1,-4.5E0));
#3894=VERTEX_POINT('',#3892);
#3895=VERTEX_POINT('',#3893);
#3896=CARTESIAN_POINT('',(-7.275E0,1.55E0,-3.85E0));
#3897=VERTEX_POINT('',#3896);
#3898=CARTESIAN_POINT('',(-7.275E0,-4.5E-1,-4.9E0));
#3899=VERTEX_POINT('',#3898);
#3900=CARTESIAN_POINT('',(-7.275E0,6.5E-1,-4.9E0));
#3901=VERTEX_POINT('',#3900);
#3902=CARTESIAN_POINT('',(-7.275E0,6.5E-1,-4.4E0));
#3903=VERTEX_POINT('',#3902);
#3904=CARTESIAN_POINT('',(7.275E0,6.5E-1,-4.4E0));
#3905=VERTEX_POINT('',#3904);
#3906=CARTESIAN_POINT('',(7.025E0,2.1E0,-4.4E0));
#3907=VERTEX_POINT('',#3906);
#3908=CARTESIAN_POINT('',(7.575E0,1.55E0,-5.9E0));
#3909=CARTESIAN_POINT('',(7.875E0,1.25E0,-5.9E0));
#3910=VERTEX_POINT('',#3908);
#3911=VERTEX_POINT('',#3909);
#3912=CARTESIAN_POINT('',(7.875E0,1.25E0,-5.65E0));
#3913=VERTEX_POINT('',#3912);
#3914=CARTESIAN_POINT('',(7.575E0,1.55E0,-5.65E0));
#3915=VERTEX_POINT('',#3914);
#3916=CARTESIAN_POINT('',(7.575E0,-4.5E-1,-5.65E0));
#3917=CARTESIAN_POINT('',(7.875E0,-1.5E-1,-5.65E0));
#3918=VERTEX_POINT('',#3916);
#3919=VERTEX_POINT('',#3917);
#3920=CARTESIAN_POINT('',(7.875E0,-1.5E-1,-5.9E0));
#3921=VERTEX_POINT('',#3920);
#3922=CARTESIAN_POINT('',(7.575E0,-4.5E-1,-5.9E0));
#3923=VERTEX_POINT('',#3922);
#3924=CARTESIAN_POINT('',(-7.575E0,1.55E0,-5.65E0));
#3925=CARTESIAN_POINT('',(-7.875E0,1.25E0,-5.65E0));
#3926=VERTEX_POINT('',#3924);
#3927=VERTEX_POINT('',#3925);
#3928=CARTESIAN_POINT('',(-7.875E0,1.25E0,-5.9E0));
#3929=VERTEX_POINT('',#3928);
#3930=CARTESIAN_POINT('',(-7.575E0,1.55E0,-5.9E0));
#3931=VERTEX_POINT('',#3930);
#3932=CARTESIAN_POINT('',(-7.575E0,-4.5E-1,-5.9E0));
#3933=CARTESIAN_POINT('',(-7.875E0,-1.5E-1,-5.9E0));
#3934=VERTEX_POINT('',#3932);
#3935=VERTEX_POINT('',#3933);
#3936=CARTESIAN_POINT('',(-7.875E0,-1.5E-1,-5.65E0));
#3937=VERTEX_POINT('',#3936);
#3938=CARTESIAN_POINT('',(-7.575E0,-4.5E-1,-5.65E0));
#3939=VERTEX_POINT('',#3938);
#3940=CARTESIAN_POINT('',(7.7E0,2.1E0,-3.85E0));
#3941=CARTESIAN_POINT('',(7.7E0,2.4E0,-3.75E0));
#3942=VERTEX_POINT('',#3940);
#3943=VERTEX_POINT('',#3941);
#3944=CARTESIAN_POINT('',(-7.7E0,2.4E0,-3.75E0));
#3945=CARTESIAN_POINT('',(-7.7E0,2.1E0,-3.85E0));
#3946=VERTEX_POINT('',#3944);
#3947=VERTEX_POINT('',#3945);
#3948=CARTESIAN_POINT('',(-6.645E0,2.4E0,-5.8E0));
#3949=CARTESIAN_POINT('',(-6.925E0,2.4E0,-5.52E0));
#3950=VERTEX_POINT('',#3948);
#3951=VERTEX_POINT('',#3949);
#3952=CARTESIAN_POINT('',(-7.025E0,2.1E0,-5.42E0));
#3953=VERTEX_POINT('',#3952);
#3954=CARTESIAN_POINT('',(-6.645E0,-6.E-1,-5.8E0));
#3955=VERTEX_POINT('',#3954);
#3956=CARTESIAN_POINT('',(7.025E0,2.1E0,-5.42E0));
#3957=CARTESIAN_POINT('',(6.925E0,2.4E0,-5.52E0));
#3958=VERTEX_POINT('',#3956);
#3959=VERTEX_POINT('',#3957);
#3960=CARTESIAN_POINT('',(6.645E0,2.4E0,-5.8E0));
#3961=VERTEX_POINT('',#3960);
#3962=CARTESIAN_POINT('',(6.645E0,-6.E-1,-5.8E0));
#3963=VERTEX_POINT('',#3962);
#3964=CARTESIAN_POINT('',(7.025E0,-6.E-1,-5.42E0));
#3965=VERTEX_POINT('',#3964);
#3966=CARTESIAN_POINT('',(-7.025E0,-6.E-1,-5.42E0));
#3967=VERTEX_POINT('',#3966);
#3968=CARTESIAN_POINT('',(2.1E0,-2.4E0,-5.8E0));
#3969=CARTESIAN_POINT('',(2.1E0,-6.918191770586E-1,-5.8E0));
#3970=VERTEX_POINT('',#3968);
#3971=VERTEX_POINT('',#3969);
#3972=CARTESIAN_POINT('',(2.4E0,-2.4E0,-5.8E0));
#3973=CARTESIAN_POINT('',(2.4E0,-6.918191770586E-1,-5.8E0));
#3974=VERTEX_POINT('',#3972);
#3975=VERTEX_POINT('',#3973);
#3976=CARTESIAN_POINT('',(2.1E0,-2.4E0,-5.561930279495E0));
#3977=VERTEX_POINT('',#3976);
#3978=CARTESIAN_POINT('',(2.4E0,-2.4E0,-5.561930279495E0));
#3979=VERTEX_POINT('',#3978);
#3980=CARTESIAN_POINT('',(2.1E0,-5.5E-1,-4.4E0));
#3981=CARTESIAN_POINT('',(2.1E0,-2.5E-1,-4.4E0));
#3982=VERTEX_POINT('',#3980);
#3983=VERTEX_POINT('',#3981);
#3984=CARTESIAN_POINT('',(2.4E0,-5.5E-1,-4.4E0));
#3985=CARTESIAN_POINT('',(2.4E0,-2.5E-1,-4.4E0));
#3986=VERTEX_POINT('',#3984);
#3987=VERTEX_POINT('',#3985);
#3988=CARTESIAN_POINT('',(3.6E0,-2.4E0,-5.8E0));
#3989=CARTESIAN_POINT('',(3.6E0,-6.918191770586E-1,-5.8E0));
#3990=VERTEX_POINT('',#3988);
#3991=VERTEX_POINT('',#3989);
#3992=CARTESIAN_POINT('',(3.9E0,-2.4E0,-5.8E0));
#3993=CARTESIAN_POINT('',(3.9E0,-6.918191770586E-1,-5.8E0));
#3994=VERTEX_POINT('',#3992);
#3995=VERTEX_POINT('',#3993);
#3996=CARTESIAN_POINT('',(3.6E0,-2.4E0,-5.561930279495E0));
#3997=VERTEX_POINT('',#3996);
#3998=CARTESIAN_POINT('',(3.9E0,-2.4E0,-5.561930279495E0));
#3999=VERTEX_POINT('',#3998);
#4000=CARTESIAN_POINT('',(3.6E0,-5.5E-1,-4.4E0));
#4001=CARTESIAN_POINT('',(3.6E0,-2.5E-1,-4.4E0));
#4002=VERTEX_POINT('',#4000);
#4003=VERTEX_POINT('',#4001);
#4004=CARTESIAN_POINT('',(3.9E0,-5.5E-1,-4.4E0));
#4005=CARTESIAN_POINT('',(3.9E0,-2.5E-1,-4.4E0));
#4006=VERTEX_POINT('',#4004);
#4007=VERTEX_POINT('',#4005);
#4008=CARTESIAN_POINT('',(-7.025E0,-1.5E0,-2.65E0));
#4009=CARTESIAN_POINT('',(-7.3E0,-1.5E0,-2.65E0));
#4010=VERTEX_POINT('',#4008);
#4011=VERTEX_POINT('',#4009);
#4012=CARTESIAN_POINT('',(-7.3E0,-1.92E0,-2.65E0));
#4013=VERTEX_POINT('',#4012);
#4014=CARTESIAN_POINT('',(-7.025E0,-1.92E0,-2.65E0));
#4015=VERTEX_POINT('',#4014);
#4016=CARTESIAN_POINT('',(-6.925E0,-1.E0,-2.65E0));
#4017=CARTESIAN_POINT('',(-6.925E0,-8.E-1,-2.65E0));
#4018=VERTEX_POINT('',#4016);
#4019=VERTEX_POINT('',#4017);
#4020=CARTESIAN_POINT('',(-7.025E0,-8.E-1,-2.65E0));
#4021=VERTEX_POINT('',#4020);
#4022=CARTESIAN_POINT('',(-7.025E0,-4.5E-1,-2.65E0));
#4023=VERTEX_POINT('',#4022);
#4024=CARTESIAN_POINT('',(-7.3E0,-4.5E-1,-2.65E0));
#4025=VERTEX_POINT('',#4024);
#4026=CARTESIAN_POINT('',(7.4E0,-1.E0,-2.65E0));
#4027=CARTESIAN_POINT('',(7.4E0,-8.E-1,-2.65E0));
#4028=VERTEX_POINT('',#4026);
#4029=VERTEX_POINT('',#4027);
#4030=CARTESIAN_POINT('',(7.4E0,-8.E-1,-9.E-1));
#4031=VERTEX_POINT('',#4030);
#4032=CARTESIAN_POINT('',(7.5E0,-7.E-1,-8.E-1));
#4033=VERTEX_POINT('',#4032);
#4034=CARTESIAN_POINT('',(-7.025E0,-1.E0,-9.E-1));
#4035=VERTEX_POINT('',#4034);
#4036=CARTESIAN_POINT('',(-7.3E0,-4.5E-1,-9.E-1));
#4037=VERTEX_POINT('',#4036);
#4038=CARTESIAN_POINT('',(-7.3E0,-1.92E0,-2.25E0));
#4039=CARTESIAN_POINT('',(-7.3E0,-1.5E0,-2.25E0));
#4040=VERTEX_POINT('',#4038);
#4041=VERTEX_POINT('',#4039);
#4042=CARTESIAN_POINT('',(-7.4E0,-2.02E0,-2.15E0));
#4043=VERTEX_POINT('',#4042);
#4044=CARTESIAN_POINT('',(-7.025E0,-1.92E0,-2.25E0));
#4045=VERTEX_POINT('',#4044);
#4046=CARTESIAN_POINT('',(-5.485E0,1.825E0,0.E0));
#4047=CARTESIAN_POINT('',(-5.485E0,5.E-1,0.E0));
#4048=VERTEX_POINT('',#4046);
#4049=VERTEX_POINT('',#4047);
#4050=CARTESIAN_POINT('',(5.485E0,5.E-1,0.E0));
#4051=CARTESIAN_POINT('',(5.485E0,1.825E0,0.E0));
#4052=VERTEX_POINT('',#4050);
#4053=VERTEX_POINT('',#4051);
#4054=CARTESIAN_POINT('',(-5.485E0,5.E-1,-4.4E0));
#4055=VERTEX_POINT('',#4054);
#4056=CARTESIAN_POINT('',(5.485E0,5.E-1,-4.4E0));
#4057=VERTEX_POINT('',#4056);
#4058=CARTESIAN_POINT('',(-5.485E0,1.825E0,-4.4E0));
#4059=VERTEX_POINT('',#4058);
#4060=CARTESIAN_POINT('',(5.485E0,1.825E0,-4.4E0));
#4061=VERTEX_POINT('',#4060);
#4062=CARTESIAN_POINT('',(-4.925E0,5.E-1,0.E0));
#4063=CARTESIAN_POINT('',(-4.425E0,5.E-1,0.E0));
#4064=VERTEX_POINT('',#4062);
#4065=VERTEX_POINT('',#4063);
#4066=CARTESIAN_POINT('',(4.425E0,5.E-1,0.E0));
#4067=CARTESIAN_POINT('',(4.925E0,5.E-1,0.E0));
#4068=VERTEX_POINT('',#4066);
#4069=VERTEX_POINT('',#4067);
#4070=CARTESIAN_POINT('',(-4.925E0,1.825E0,-4.4E0));
#4071=CARTESIAN_POINT('',(-4.925E0,5.E-1,-4.4E0));
#4072=VERTEX_POINT('',#4070);
#4073=VERTEX_POINT('',#4071);
#4074=CARTESIAN_POINT('',(-4.425E0,5.E-1,-4.4E0));
#4075=VERTEX_POINT('',#4074);
#4076=CARTESIAN_POINT('',(-4.425E0,1.825E0,-4.4E0));
#4077=VERTEX_POINT('',#4076);
#4078=CARTESIAN_POINT('',(4.425E0,1.825E0,-4.4E0));
#4079=CARTESIAN_POINT('',(4.425E0,5.E-1,-4.4E0));
#4080=VERTEX_POINT('',#4078);
#4081=VERTEX_POINT('',#4079);
#4082=CARTESIAN_POINT('',(4.925E0,5.E-1,-4.4E0));
#4083=VERTEX_POINT('',#4082);
#4084=CARTESIAN_POINT('',(4.925E0,1.825E0,-4.4E0));
#4085=VERTEX_POINT('',#4084);
#4086=CARTESIAN_POINT('',(-4.925E0,1.825E0,0.E0));
#4087=VERTEX_POINT('',#4086);
#4088=CARTESIAN_POINT('',(-4.425E0,1.825E0,0.E0));
#4089=VERTEX_POINT('',#4088);
#4090=CARTESIAN_POINT('',(4.425E0,1.825E0,0.E0));
#4091=VERTEX_POINT('',#4090);
#4092=CARTESIAN_POINT('',(4.925E0,1.825E0,0.E0));
#4093=VERTEX_POINT('',#4092);
#4094=CARTESIAN_POINT('',(-5.15625E0,-1.8E0,-4.39E0));
#4095=CARTESIAN_POINT('',(-5.15625E0,-1.05E0,-4.39E0));
#4096=VERTEX_POINT('',#4094);
#4097=VERTEX_POINT('',#4095);
#4098=CARTESIAN_POINT('',(-5.25E0,-1.05E0,-4.39E0));
#4099=VERTEX_POINT('',#4098);
#4100=CARTESIAN_POINT('',(-5.34375E0,-1.161702114344E0,-4.39E0));
#4101=VERTEX_POINT('',#4100);
#4102=CARTESIAN_POINT('',(-5.34375E0,-1.289361718297E0,-4.39E0));
#4103=VERTEX_POINT('',#4102);
#4104=CARTESIAN_POINT('',(-5.25E0,-1.177659559250E0,-4.39E0));
#4105=VERTEX_POINT('',#4104);
#4106=CARTESIAN_POINT('',(-5.25E0,-1.8E0,-4.39E0));
#4107=VERTEX_POINT('',#4106);
#4108=CARTESIAN_POINT('',(-5.15625E0,-1.8E0,-4.4E0));
#4109=CARTESIAN_POINT('',(-5.15625E0,-1.05E0,-4.4E0));
#4110=VERTEX_POINT('',#4108);
#4111=VERTEX_POINT('',#4109);
#4112=CARTESIAN_POINT('',(-5.25E0,-1.05E0,-4.4E0));
#4113=VERTEX_POINT('',#4112);
#4114=CARTESIAN_POINT('',(-5.34375E0,-1.161702114344E0,-4.4E0));
#4115=VERTEX_POINT('',#4114);
#4116=CARTESIAN_POINT('',(-5.34375E0,-1.289361718297E0,-4.4E0));
#4117=VERTEX_POINT('',#4116);
#4118=CARTESIAN_POINT('',(-5.25E0,-1.177659559250E0,-4.4E0));
#4119=VERTEX_POINT('',#4118);
#4120=CARTESIAN_POINT('',(-5.25E0,-1.8E0,-4.4E0));
#4121=VERTEX_POINT('',#4120);
#4122=CARTESIAN_POINT('',(-5.4E0,-3.265452080061E0,-5.593407839354E0));
#4123=CARTESIAN_POINT('',(-5.4E0,-3.254547919942E0,-5.893209606013E0));
#4124=VERTEX_POINT('',#4122);
#4125=VERTEX_POINT('',#4123);
#4126=CARTESIAN_POINT('',(-5.4E0,-2.5E-1,-2.1E0));
#4127=CARTESIAN_POINT('',(-5.4E0,-5.5E-1,-2.1E0));
#4128=VERTEX_POINT('',#4126);
#4129=VERTEX_POINT('',#4127);
#4130=CARTESIAN_POINT('',(-5.1E0,-3.265452080061E0,-5.593407839354E0));
#4131=CARTESIAN_POINT('',(-5.1E0,-3.254547919942E0,-5.893209606013E0));
#4132=VERTEX_POINT('',#4130);
#4133=VERTEX_POINT('',#4131);
#4134=CARTESIAN_POINT('',(-5.1E0,-2.5E-1,-2.1E0));
#4135=CARTESIAN_POINT('',(-5.1E0,-5.5E-1,-2.1E0));
#4136=VERTEX_POINT('',#4134);
#4137=VERTEX_POINT('',#4135);
#4138=CARTESIAN_POINT('',(-5.4E0,-2.5E0,-5.865765767280E0));
#4139=VERTEX_POINT('',#4138);
#4140=CARTESIAN_POINT('',(-5.4E0,-2.5E0,-5.565567402865E0));
#4141=VERTEX_POINT('',#4140);
#4142=CARTESIAN_POINT('',(-5.1E0,-2.5E0,-5.865765767280E0));
#4143=VERTEX_POINT('',#4142);
#4144=CARTESIAN_POINT('',(-5.1E0,-2.5E0,-5.565567402865E0));
#4145=VERTEX_POINT('',#4144);
#4146=CARTESIAN_POINT('',(-3.9E0,-3.265452080061E0,-5.593407839354E0));
#4147=CARTESIAN_POINT('',(-3.9E0,-3.254547919942E0,-5.893209606013E0));
#4148=VERTEX_POINT('',#4146);
#4149=VERTEX_POINT('',#4147);
#4150=CARTESIAN_POINT('',(-3.9E0,-2.5E-1,-2.1E0));
#4151=CARTESIAN_POINT('',(-3.9E0,-5.5E-1,-2.1E0));
#4152=VERTEX_POINT('',#4150);
#4153=VERTEX_POINT('',#4151);
#4154=CARTESIAN_POINT('',(-3.6E0,-3.265452080061E0,-5.593407839354E0));
#4155=CARTESIAN_POINT('',(-3.6E0,-3.254547919942E0,-5.893209606013E0));
#4156=VERTEX_POINT('',#4154);
#4157=VERTEX_POINT('',#4155);
#4158=CARTESIAN_POINT('',(-3.6E0,-2.5E-1,-2.1E0));
#4159=CARTESIAN_POINT('',(-3.6E0,-5.5E-1,-2.1E0));
#4160=VERTEX_POINT('',#4158);
#4161=VERTEX_POINT('',#4159);
#4162=CARTESIAN_POINT('',(-2.4E0,-3.265452080061E0,-5.593407839354E0));
#4163=CARTESIAN_POINT('',(-2.4E0,-3.254547919942E0,-5.893209606013E0));
#4164=VERTEX_POINT('',#4162);
#4165=VERTEX_POINT('',#4163);
#4166=CARTESIAN_POINT('',(-2.4E0,-2.5E-1,-2.1E0));
#4167=CARTESIAN_POINT('',(-2.4E0,-5.5E-1,-2.1E0));
#4168=VERTEX_POINT('',#4166);
#4169=VERTEX_POINT('',#4167);
#4170=CARTESIAN_POINT('',(-2.1E0,-3.265452080061E0,-5.593407839354E0));
#4171=CARTESIAN_POINT('',(-2.1E0,-3.254547919942E0,-5.893209606013E0));
#4172=VERTEX_POINT('',#4170);
#4173=VERTEX_POINT('',#4171);
#4174=CARTESIAN_POINT('',(-2.1E0,-2.5E-1,-2.1E0));
#4175=CARTESIAN_POINT('',(-2.1E0,-5.5E-1,-2.1E0));
#4176=VERTEX_POINT('',#4174);
#4177=VERTEX_POINT('',#4175);
#4178=CARTESIAN_POINT('',(-9.E-1,-3.265452080061E0,-5.593407839354E0));
#4179=CARTESIAN_POINT('',(-9.E-1,-3.254547919942E0,-5.893209606013E0));
#4180=VERTEX_POINT('',#4178);
#4181=VERTEX_POINT('',#4179);
#4182=CARTESIAN_POINT('',(-9.E-1,-2.5E-1,-2.1E0));
#4183=CARTESIAN_POINT('',(-9.E-1,-5.5E-1,-2.1E0));
#4184=VERTEX_POINT('',#4182);
#4185=VERTEX_POINT('',#4183);
#4186=CARTESIAN_POINT('',(-6.E-1,-3.265452080061E0,-5.593407839354E0));
#4187=CARTESIAN_POINT('',(-6.E-1,-3.254547919942E0,-5.893209606013E0));
#4188=VERTEX_POINT('',#4186);
#4189=VERTEX_POINT('',#4187);
#4190=CARTESIAN_POINT('',(-6.E-1,-2.5E-1,-2.1E0));
#4191=CARTESIAN_POINT('',(-6.E-1,-5.5E-1,-2.1E0));
#4192=VERTEX_POINT('',#4190);
#4193=VERTEX_POINT('',#4191);
#4194=CARTESIAN_POINT('',(6.E-1,-3.265452080061E0,-5.593407839354E0));
#4195=CARTESIAN_POINT('',(6.E-1,-3.254547919942E0,-5.893209606013E0));
#4196=VERTEX_POINT('',#4194);
#4197=VERTEX_POINT('',#4195);
#4198=CARTESIAN_POINT('',(6.E-1,-2.5E-1,-2.1E0));
#4199=CARTESIAN_POINT('',(6.E-1,-5.5E-1,-2.1E0));
#4200=VERTEX_POINT('',#4198);
#4201=VERTEX_POINT('',#4199);
#4202=CARTESIAN_POINT('',(9.E-1,-3.265452080061E0,-5.593407839354E0));
#4203=CARTESIAN_POINT('',(9.E-1,-3.254547919942E0,-5.893209606013E0));
#4204=VERTEX_POINT('',#4202);
#4205=VERTEX_POINT('',#4203);
#4206=CARTESIAN_POINT('',(9.E-1,-2.5E-1,-2.1E0));
#4207=CARTESIAN_POINT('',(9.E-1,-5.5E-1,-2.1E0));
#4208=VERTEX_POINT('',#4206);
#4209=VERTEX_POINT('',#4207);
#4210=CARTESIAN_POINT('',(2.1E0,-3.265452080061E0,-5.593407839354E0));
#4211=CARTESIAN_POINT('',(2.1E0,-3.254547919942E0,-5.893209606013E0));
#4212=VERTEX_POINT('',#4210);
#4213=VERTEX_POINT('',#4211);
#4214=CARTESIAN_POINT('',(2.1E0,-2.5E-1,-2.1E0));
#4215=CARTESIAN_POINT('',(2.1E0,-5.5E-1,-2.1E0));
#4216=VERTEX_POINT('',#4214);
#4217=VERTEX_POINT('',#4215);
#4218=CARTESIAN_POINT('',(2.4E0,-3.265452080061E0,-5.593407839354E0));
#4219=CARTESIAN_POINT('',(2.4E0,-3.254547919942E0,-5.893209606013E0));
#4220=VERTEX_POINT('',#4218);
#4221=VERTEX_POINT('',#4219);
#4222=CARTESIAN_POINT('',(2.4E0,-2.5E-1,-2.1E0));
#4223=CARTESIAN_POINT('',(2.4E0,-5.5E-1,-2.1E0));
#4224=VERTEX_POINT('',#4222);
#4225=VERTEX_POINT('',#4223);
#4226=CARTESIAN_POINT('',(3.6E0,-3.265452080061E0,-5.593407839354E0));
#4227=CARTESIAN_POINT('',(3.6E0,-3.254547919942E0,-5.893209606013E0));
#4228=VERTEX_POINT('',#4226);
#4229=VERTEX_POINT('',#4227);
#4230=CARTESIAN_POINT('',(3.6E0,-2.5E-1,-2.1E0));
#4231=CARTESIAN_POINT('',(3.6E0,-5.5E-1,-2.1E0));
#4232=VERTEX_POINT('',#4230);
#4233=VERTEX_POINT('',#4231);
#4234=CARTESIAN_POINT('',(3.9E0,-3.265452080061E0,-5.593407839354E0));
#4235=CARTESIAN_POINT('',(3.9E0,-3.254547919942E0,-5.893209606013E0));
#4236=VERTEX_POINT('',#4234);
#4237=VERTEX_POINT('',#4235);
#4238=CARTESIAN_POINT('',(3.9E0,-2.5E-1,-2.1E0));
#4239=CARTESIAN_POINT('',(3.9E0,-5.5E-1,-2.1E0));
#4240=VERTEX_POINT('',#4238);
#4241=VERTEX_POINT('',#4239);
#4242=CARTESIAN_POINT('',(5.1E0,-3.265452080061E0,-5.593407839354E0));
#4243=CARTESIAN_POINT('',(5.1E0,-3.254547919942E0,-5.893209606013E0));
#4244=VERTEX_POINT('',#4242);
#4245=VERTEX_POINT('',#4243);
#4246=CARTESIAN_POINT('',(5.1E0,-2.5E-1,-2.1E0));
#4247=CARTESIAN_POINT('',(5.1E0,-5.5E-1,-2.1E0));
#4248=VERTEX_POINT('',#4246);
#4249=VERTEX_POINT('',#4247);
#4250=CARTESIAN_POINT('',(5.4E0,-3.265452080061E0,-5.593407839354E0));
#4251=CARTESIAN_POINT('',(5.4E0,-3.254547919942E0,-5.893209606013E0));
#4252=VERTEX_POINT('',#4250);
#4253=VERTEX_POINT('',#4251);
#4254=CARTESIAN_POINT('',(5.4E0,-2.5E-1,-2.1E0));
#4255=CARTESIAN_POINT('',(5.4E0,-5.5E-1,-2.1E0));
#4256=VERTEX_POINT('',#4254);
#4257=VERTEX_POINT('',#4255);
#4258=CARTESIAN_POINT('',(5.1E0,-1.5E0,-5.8E0));
#4259=CARTESIAN_POINT('',(5.1E0,-6.918191770586E-1,-5.8E0));
#4260=VERTEX_POINT('',#4258);
#4261=VERTEX_POINT('',#4259);
#4262=CARTESIAN_POINT('',(5.4E0,-1.5E0,-5.8E0));
#4263=CARTESIAN_POINT('',(5.4E0,-6.918191770586E-1,-5.8E0));
#4264=VERTEX_POINT('',#4262);
#4265=VERTEX_POINT('',#4263);
#4266=CARTESIAN_POINT('',(5.1E0,-5.5E-1,-4.4E0));
#4267=CARTESIAN_POINT('',(5.1E0,-2.5E-1,-4.4E0));
#4268=VERTEX_POINT('',#4266);
#4269=VERTEX_POINT('',#4267);
#4270=CARTESIAN_POINT('',(5.4E0,-5.5E-1,-4.4E0));
#4271=CARTESIAN_POINT('',(5.4E0,-2.5E-1,-4.4E0));
#4272=VERTEX_POINT('',#4270);
#4273=VERTEX_POINT('',#4271);
#4274=CARTESIAN_POINT('',(5.1E0,-2.5E0,-5.865765767280E0));
#4275=VERTEX_POINT('',#4274);
#4276=CARTESIAN_POINT('',(5.1E0,-2.5E0,-5.565567402865E0));
#4277=VERTEX_POINT('',#4276);
#4278=CARTESIAN_POINT('',(5.4E0,-2.5E0,-5.865765767280E0));
#4279=VERTEX_POINT('',#4278);
#4280=CARTESIAN_POINT('',(5.4E0,-2.5E0,-5.565567402865E0));
#4281=VERTEX_POINT('',#4280);
#4282=CARTESIAN_POINT('',(7.275E0,-2.5E-1,-3.85E0));
#4283=CARTESIAN_POINT('',(7.3E0,-2.5E-1,-3.85E0));
#4284=VERTEX_POINT('',#4282);
#4285=VERTEX_POINT('',#4283);
#4286=CARTESIAN_POINT('',(-7.275E0,-2.5E-1,-3.85E0));
#4287=CARTESIAN_POINT('',(-7.3E0,-2.5E-1,-3.85E0));
#4288=VERTEX_POINT('',#4286);
#4289=VERTEX_POINT('',#4287);
#4290=CARTESIAN_POINT('',(-7.3E0,-2.5E-1,-4.2E0));
#4291=VERTEX_POINT('',#4290);
#4292=CARTESIAN_POINT('',(-7.4E0,-2.5E-1,-4.4E0));
#4293=CARTESIAN_POINT('',(-7.275E0,-2.5E-1,-4.4E0));
#4294=VERTEX_POINT('',#4292);
#4295=VERTEX_POINT('',#4293);
#4296=CARTESIAN_POINT('',(7.3E0,-2.5E-1,-4.2E0));
#4297=VERTEX_POINT('',#4296);
#4298=CARTESIAN_POINT('',(7.4E0,-2.5E-1,-4.2E0));
#4299=VERTEX_POINT('',#4298);
#4300=CARTESIAN_POINT('',(7.4E0,-2.5E-1,-4.4E0));
#4301=VERTEX_POINT('',#4300);
#4302=CARTESIAN_POINT('',(-7.4E0,-2.5E-1,-4.2E0));
#4303=VERTEX_POINT('',#4302);
#4304=CARTESIAN_POINT('',(-6.925E0,1.4E0,-4.4E0));
#4305=CARTESIAN_POINT('',(-7.025E0,1.4E0,-4.4E0));
#4306=VERTEX_POINT('',#4304);
#4307=VERTEX_POINT('',#4305);
#4308=CARTESIAN_POINT('',(6.925E0,1.4E0,-4.4E0));
#4309=CARTESIAN_POINT('',(7.025E0,1.4E0,-4.4E0));
#4310=VERTEX_POINT('',#4308);
#4311=VERTEX_POINT('',#4309);
#4312=CARTESIAN_POINT('',(6.925E0,1.4E0,-4.2E0));
#4313=VERTEX_POINT('',#4312);
#4314=CARTESIAN_POINT('',(7.025E0,1.4E0,-4.2E0));
#4315=VERTEX_POINT('',#4314);
#4316=CARTESIAN_POINT('',(-7.025E0,1.4E0,-4.2E0));
#4317=CARTESIAN_POINT('',(-6.925E0,1.4E0,-4.2E0));
#4318=VERTEX_POINT('',#4316);
#4319=VERTEX_POINT('',#4317);
#4320=CARTESIAN_POINT('',(7.275E0,-2.5E-1,-4.4E0));
#4321=VERTEX_POINT('',#4320);
#4322=CARTESIAN_POINT('',(5.45E0,-2.4E0,-5.8E0));
#4323=VERTEX_POINT('',#4322);
#4324=CARTESIAN_POINT('',(-5.4E0,-1.5E0,-5.829394533582E0));
#4325=VERTEX_POINT('',#4324);
#4326=CARTESIAN_POINT('',(-5.1E0,-1.5E0,-5.829394533582E0));
#4327=VERTEX_POINT('',#4326);
#4328=CARTESIAN_POINT('',(5.1E0,-1.5E0,-5.829394533582E0));
#4329=VERTEX_POINT('',#4328);
#4330=CARTESIAN_POINT('',(5.4E0,-1.5E0,-5.829394533582E0));
#4331=VERTEX_POINT('',#4330);
#4332=CARTESIAN_POINT('',(0.E0,0.E0,0.E0));
#4333=DIRECTION('',(0.E0,0.E0,1.E0));
#4334=DIRECTION('',(1.E0,0.E0,0.E0));
#4335=AXIS2_PLACEMENT_3D('',#4332,#4333,#4334);
#4336=PLANE('',#4335);
#4338=ORIENTED_EDGE('',*,*,#4337,.F.);
#4340=ORIENTED_EDGE('',*,*,#4339,.T.);
#4342=ORIENTED_EDGE('',*,*,#4341,.T.);
#4344=ORIENTED_EDGE('',*,*,#4343,.F.);
#4346=ORIENTED_EDGE('',*,*,#4345,.F.);
#4348=ORIENTED_EDGE('',*,*,#4347,.T.);
#4350=ORIENTED_EDGE('',*,*,#4349,.T.);
#4352=ORIENTED_EDGE('',*,*,#4351,.F.);
#4354=ORIENTED_EDGE('',*,*,#4353,.F.);
#4356=ORIENTED_EDGE('',*,*,#4355,.F.);
#4358=ORIENTED_EDGE('',*,*,#4357,.F.);
#4360=ORIENTED_EDGE('',*,*,#4359,.T.);
#4362=ORIENTED_EDGE('',*,*,#4361,.F.);
#4364=ORIENTED_EDGE('',*,*,#4363,.F.);
#4366=ORIENTED_EDGE('',*,*,#4365,.F.);
#4368=ORIENTED_EDGE('',*,*,#4367,.F.);
#4370=ORIENTED_EDGE('',*,*,#4369,.F.);
#4372=ORIENTED_EDGE('',*,*,#4371,.F.);
#4374=ORIENTED_EDGE('',*,*,#4373,.F.);
#4376=ORIENTED_EDGE('',*,*,#4375,.T.);
#4378=ORIENTED_EDGE('',*,*,#4377,.F.);
#4380=ORIENTED_EDGE('',*,*,#4379,.F.);
#4381=EDGE_LOOP('',(#4338,#4340,#4342,#4344,#4346,#4348,#4350,#4352,#4354,#4356,
#4358,#4360,#4362,#4364,#4366,#4368,#4370,#4372,#4374,#4376,#4378,#4380));
#4382=FACE_OUTER_BOUND('',#4381,.F.);
#4384=ORIENTED_EDGE('',*,*,#4383,.F.);
#4386=ORIENTED_EDGE('',*,*,#4385,.F.);
#4388=ORIENTED_EDGE('',*,*,#4387,.F.);
#4390=ORIENTED_EDGE('',*,*,#4389,.F.);
#4392=ORIENTED_EDGE('',*,*,#4391,.F.);
#4394=ORIENTED_EDGE('',*,*,#4393,.T.);
#4396=ORIENTED_EDGE('',*,*,#4395,.F.);
#4398=ORIENTED_EDGE('',*,*,#4397,.F.);
#4400=ORIENTED_EDGE('',*,*,#4399,.F.);
#4402=ORIENTED_EDGE('',*,*,#4401,.F.);
#4404=ORIENTED_EDGE('',*,*,#4403,.F.);
#4406=ORIENTED_EDGE('',*,*,#4405,.F.);
#4408=ORIENTED_EDGE('',*,*,#4407,.F.);
#4410=ORIENTED_EDGE('',*,*,#4409,.T.);
#4412=ORIENTED_EDGE('',*,*,#4411,.T.);
#4414=ORIENTED_EDGE('',*,*,#4413,.F.);
#4416=ORIENTED_EDGE('',*,*,#4415,.F.);
#4418=ORIENTED_EDGE('',*,*,#4417,.T.);
#4420=ORIENTED_EDGE('',*,*,#4419,.F.);
#4422=ORIENTED_EDGE('',*,*,#4421,.T.);
#4424=ORIENTED_EDGE('',*,*,#4423,.F.);
#4426=ORIENTED_EDGE('',*,*,#4425,.F.);
#4428=ORIENTED_EDGE('',*,*,#4427,.T.);
#4430=ORIENTED_EDGE('',*,*,#4429,.T.);
#4431=EDGE_LOOP('',(#4384,#4386,#4388,#4390,#4392,#4394,#4396,#4398,#4400,#4402,
#4404,#4406,#4408,#4410,#4412,#4414,#4416,#4418,#4420,#4422,#4424,#4426,#4428,
#4430));
#4432=FACE_BOUND('',#4431,.F.);
#4434=CARTESIAN_POINT('',(-7.7E0,-2.4E0,0.E0));
#4435=DIRECTION('',(0.E0,-1.E0,0.E0));
#4436=DIRECTION('',(1.E0,0.E0,0.E0));
#4437=AXIS2_PLACEMENT_3D('',#4434,#4435,#4436);
#4438=PLANE('',#4437);
#4440=ORIENTED_EDGE('',*,*,#4439,.F.);
#4442=ORIENTED_EDGE('',*,*,#4441,.F.);
#4444=ORIENTED_EDGE('',*,*,#4443,.T.);
#4446=ORIENTED_EDGE('',*,*,#4445,.F.);
#4448=ORIENTED_EDGE('',*,*,#4447,.F.);
#4450=ORIENTED_EDGE('',*,*,#4449,.F.);
#4452=ORIENTED_EDGE('',*,*,#4451,.T.);
#4454=ORIENTED_EDGE('',*,*,#4453,.F.);
#4456=ORIENTED_EDGE('',*,*,#4455,.F.);
#4458=ORIENTED_EDGE('',*,*,#4457,.F.);
#4460=ORIENTED_EDGE('',*,*,#4459,.T.);
#4462=ORIENTED_EDGE('',*,*,#4461,.F.);
#4464=ORIENTED_EDGE('',*,*,#4463,.F.);
#4466=ORIENTED_EDGE('',*,*,#4465,.F.);
#4468=ORIENTED_EDGE('',*,*,#4467,.T.);
#4470=ORIENTED_EDGE('',*,*,#4469,.F.);
#4472=ORIENTED_EDGE('',*,*,#4471,.F.);
#4474=ORIENTED_EDGE('',*,*,#4473,.F.);
#4476=ORIENTED_EDGE('',*,*,#4475,.T.);
#4478=ORIENTED_EDGE('',*,*,#4477,.F.);
#4480=ORIENTED_EDGE('',*,*,#4479,.F.);
#4482=ORIENTED_EDGE('',*,*,#4481,.F.);
#4484=ORIENTED_EDGE('',*,*,#4483,.T.);
#4486=ORIENTED_EDGE('',*,*,#4485,.F.);
#4488=ORIENTED_EDGE('',*,*,#4487,.F.);
#4490=ORIENTED_EDGE('',*,*,#4489,.F.);
#4492=ORIENTED_EDGE('',*,*,#4491,.F.);
#4494=ORIENTED_EDGE('',*,*,#4493,.F.);
#4496=ORIENTED_EDGE('',*,*,#4495,.F.);
#4497=ORIENTED_EDGE('',*,*,#4353,.T.);
#4499=ORIENTED_EDGE('',*,*,#4498,.T.);
#4501=ORIENTED_EDGE('',*,*,#4500,.T.);
#4503=ORIENTED_EDGE('',*,*,#4502,.F.);
#4504=ORIENTED_EDGE('',*,*,#4345,.T.);
#4506=ORIENTED_EDGE('',*,*,#4505,.T.);
#4508=ORIENTED_EDGE('',*,*,#4507,.T.);
#4510=ORIENTED_EDGE('',*,*,#4509,.F.);
#4511=ORIENTED_EDGE('',*,*,#4337,.T.);
#4513=ORIENTED_EDGE('',*,*,#4512,.F.);
#4515=ORIENTED_EDGE('',*,*,#4514,.F.);
#4517=ORIENTED_EDGE('',*,*,#4516,.T.);
#4519=ORIENTED_EDGE('',*,*,#4518,.F.);
#4521=ORIENTED_EDGE('',*,*,#4520,.T.);
#4523=ORIENTED_EDGE('',*,*,#4522,.T.);
#4525=ORIENTED_EDGE('',*,*,#4524,.F.);
#4527=ORIENTED_EDGE('',*,*,#4526,.F.);
#4529=ORIENTED_EDGE('',*,*,#4528,.T.);
#4531=ORIENTED_EDGE('',*,*,#4530,.F.);
#4532=EDGE_LOOP('',(#4440,#4442,#4444,#4446,#4448,#4450,#4452,#4454,#4456,#4458,
#4460,#4462,#4464,#4466,#4468,#4470,#4472,#4474,#4476,#4478,#4480,#4482,#4484,
#4486,#4488,#4490,#4492,#4494,#4496,#4497,#4499,#4501,#4503,#4504,#4506,#4508,
#4510,#4511,#4513,#4515,#4517,#4519,#4521,#4523,#4525,#4527,#4529,#4531));
#4533=FACE_OUTER_BOUND('',#4532,.F.);
#4535=CARTESIAN_POINT('',(3.6E0,0.E0,-4.4E0));
#4536=DIRECTION('',(1.E0,0.E0,0.E0));
#4537=DIRECTION('',(0.E0,1.E0,0.E0));
#4538=AXIS2_PLACEMENT_3D('',#4535,#4536,#4537);
#4539=PLANE('',#4538);
#4541=ORIENTED_EDGE('',*,*,#4540,.F.);
#4542=ORIENTED_EDGE('',*,*,#4439,.T.);
#4544=ORIENTED_EDGE('',*,*,#4543,.T.);
#4546=ORIENTED_EDGE('',*,*,#4545,.T.);
#4548=ORIENTED_EDGE('',*,*,#4547,.T.);
#4549=EDGE_LOOP('',(#4541,#4542,#4544,#4546,#4548));
#4550=FACE_OUTER_BOUND('',#4549,.F.);
#4552=CARTESIAN_POINT('',(3.6E0,0.E0,-4.4E0));
#4553=DIRECTION('',(1.E0,0.E0,0.E0));
#4554=DIRECTION('',(0.E0,1.E0,0.E0));
#4555=AXIS2_PLACEMENT_3D('',#4552,#4553,#4554);
#4556=PLANE('',#4555);
#4558=ORIENTED_EDGE('',*,*,#4557,.T.);
#4560=ORIENTED_EDGE('',*,*,#4559,.T.);
#4562=ORIENTED_EDGE('',*,*,#4561,.T.);
#4564=ORIENTED_EDGE('',*,*,#4563,.T.);
#4565=EDGE_LOOP('',(#4558,#4560,#4562,#4564));
#4566=FACE_OUTER_BOUND('',#4565,.F.);
#4568=CARTESIAN_POINT('',(0.E0,0.E0,-5.8E0));
#4569=DIRECTION('',(0.E0,0.E0,1.E0));
#4570=DIRECTION('',(1.E0,0.E0,0.E0));
#4571=AXIS2_PLACEMENT_3D('',#4568,#4569,#4570);
#4572=PLANE('',#4571);
#4574=ORIENTED_EDGE('',*,*,#4573,.T.);
#4576=ORIENTED_EDGE('',*,*,#4575,.T.);
#4578=ORIENTED_EDGE('',*,*,#4577,.F.);
#4580=ORIENTED_EDGE('',*,*,#4579,.F.);
#4582=ORIENTED_EDGE('',*,*,#4581,.F.);
#4583=ORIENTED_EDGE('',*,*,#4518,.T.);
#4585=ORIENTED_EDGE('',*,*,#4584,.T.);
#4587=ORIENTED_EDGE('',*,*,#4586,.F.);
#4589=ORIENTED_EDGE('',*,*,#4588,.F.);
#4591=ORIENTED_EDGE('',*,*,#4590,.T.);
#4593=ORIENTED_EDGE('',*,*,#4592,.F.);
#4595=ORIENTED_EDGE('',*,*,#4594,.F.);
#4597=ORIENTED_EDGE('',*,*,#4596,.T.);
#4598=ORIENTED_EDGE('',*,*,#4489,.T.);
#4600=ORIENTED_EDGE('',*,*,#4599,.T.);
#4602=ORIENTED_EDGE('',*,*,#4601,.T.);
#4604=ORIENTED_EDGE('',*,*,#4603,.T.);
#4606=ORIENTED_EDGE('',*,*,#4605,.T.);
#4608=ORIENTED_EDGE('',*,*,#4607,.F.);
#4610=ORIENTED_EDGE('',*,*,#4609,.T.);
#4612=ORIENTED_EDGE('',*,*,#4611,.F.);
#4613=ORIENTED_EDGE('',*,*,#4481,.T.);
#4615=ORIENTED_EDGE('',*,*,#4614,.T.);
#4617=ORIENTED_EDGE('',*,*,#4616,.T.);
#4619=ORIENTED_EDGE('',*,*,#4618,.F.);
#4620=ORIENTED_EDGE('',*,*,#4473,.T.);
#4622=ORIENTED_EDGE('',*,*,#4621,.T.);
#4624=ORIENTED_EDGE('',*,*,#4623,.T.);
#4626=ORIENTED_EDGE('',*,*,#4625,.F.);
#4627=ORIENTED_EDGE('',*,*,#4465,.T.);
#4629=ORIENTED_EDGE('',*,*,#4628,.T.);
#4631=ORIENTED_EDGE('',*,*,#4630,.T.);
#4633=ORIENTED_EDGE('',*,*,#4632,.F.);
#4634=ORIENTED_EDGE('',*,*,#4457,.T.);
#4636=ORIENTED_EDGE('',*,*,#4635,.T.);
#4638=ORIENTED_EDGE('',*,*,#4637,.T.);
#4640=ORIENTED_EDGE('',*,*,#4639,.F.);
#4641=ORIENTED_EDGE('',*,*,#4449,.T.);
#4643=ORIENTED_EDGE('',*,*,#4642,.T.);
#4645=ORIENTED_EDGE('',*,*,#4644,.T.);
#4647=ORIENTED_EDGE('',*,*,#4646,.F.);
#4648=ORIENTED_EDGE('',*,*,#4441,.T.);
#4649=ORIENTED_EDGE('',*,*,#4540,.T.);
#4651=ORIENTED_EDGE('',*,*,#4650,.T.);
#4653=ORIENTED_EDGE('',*,*,#4652,.F.);
#4654=ORIENTED_EDGE('',*,*,#4526,.T.);
#4656=ORIENTED_EDGE('',*,*,#4655,.T.);
#4658=ORIENTED_EDGE('',*,*,#4657,.F.);
#4659=EDGE_LOOP('',(#4574,#4576,#4578,#4580,#4582,#4583,#4585,#4587,#4589,#4591,
#4593,#4595,#4597,#4598,#4600,#4602,#4604,#4606,#4608,#4610,#4612,#4613,#4615,
#4617,#4619,#4620,#4622,#4624,#4626,#4627,#4629,#4631,#4633,#4634,#4636,#4638,
#4640,#4641,#4643,#4645,#4647,#4648,#4649,#4651,#4653,#4654,#4656,#4658));
#4660=FACE_OUTER_BOUND('',#4659,.F.);
#4662=CARTESIAN_POINT('',(5.1E0,0.E0,-4.4E0));
#4663=DIRECTION('',(1.E0,0.E0,0.E0));
#4664=DIRECTION('',(0.E0,1.E0,0.E0));
#4665=AXIS2_PLACEMENT_3D('',#4662,#4663,#4664);
#4666=PLANE('',#4665);
#4667=ORIENTED_EDGE('',*,*,#4573,.F.);
#4669=ORIENTED_EDGE('',*,*,#4668,.T.);
#4671=ORIENTED_EDGE('',*,*,#4670,.T.);
#4672=EDGE_LOOP('',(#4667,#4669,#4671));
#4673=FACE_OUTER_BOUND('',#4672,.F.);
#4675=CARTESIAN_POINT('',(5.1E0,0.E0,-4.4E0));
#4676=DIRECTION('',(1.E0,0.E0,0.E0));
#4677=DIRECTION('',(0.E0,1.E0,0.E0));
#4678=AXIS2_PLACEMENT_3D('',#4675,#4676,#4677);
#4679=PLANE('',#4678);
#4681=ORIENTED_EDGE('',*,*,#4680,.T.);
#4683=ORIENTED_EDGE('',*,*,#4682,.T.);
#4685=ORIENTED_EDGE('',*,*,#4684,.T.);
#4687=ORIENTED_EDGE('',*,*,#4686,.T.);
#4688=EDGE_LOOP('',(#4681,#4683,#4685,#4687));
#4689=FACE_OUTER_BOUND('',#4688,.F.);
#4691=CARTESIAN_POINT('',(5.1E0,0.E0,-4.4E0));
#4692=DIRECTION('',(1.E0,0.E0,0.E0));
#4693=DIRECTION('',(0.E0,1.E0,0.E0));
#4694=AXIS2_PLACEMENT_3D('',#4691,#4692,#4693);
#4695=PLANE('',#4694);
#4697=ORIENTED_EDGE('',*,*,#4696,.T.);
#4699=ORIENTED_EDGE('',*,*,#4698,.F.);
#4701=ORIENTED_EDGE('',*,*,#4700,.T.);
#4703=ORIENTED_EDGE('',*,*,#4702,.T.);
#4704=EDGE_LOOP('',(#4697,#4699,#4701,#4703));
#4705=FACE_OUTER_BOUND('',#4704,.F.);
#4707=CARTESIAN_POINT('',(4.95E0,-1.5E0,-5.8E0));
#4708=DIRECTION('',(0.E0,1.E0,0.E0));
#4709=DIRECTION('',(1.E0,0.E0,0.E0));
#4710=AXIS2_PLACEMENT_3D('',#4707,#4708,#4709);
#4711=PLANE('',#4710);
#4712=ORIENTED_EDGE('',*,*,#4668,.F.);
#4713=ORIENTED_EDGE('',*,*,#4657,.T.);
#4715=ORIENTED_EDGE('',*,*,#4714,.T.);
#4717=ORIENTED_EDGE('',*,*,#4716,.T.);
#4719=ORIENTED_EDGE('',*,*,#4718,.F.);
#4720=ORIENTED_EDGE('',*,*,#4579,.T.);
#4722=ORIENTED_EDGE('',*,*,#4721,.T.);
#4724=ORIENTED_EDGE('',*,*,#4723,.F.);
#4725=EDGE_LOOP('',(#4712,#4713,#4715,#4717,#4719,#4720,#4722,#4724));
#4726=FACE_OUTER_BOUND('',#4725,.F.);
#4728=CARTESIAN_POINT('',(4.95E0,-2.4E0,-5.8E0));
#4729=DIRECTION('',(-1.E0,0.E0,0.E0));
#4730=DIRECTION('',(0.E0,1.E0,0.E0));
#4731=AXIS2_PLACEMENT_3D('',#4728,#4729,#4730);
#4732=PLANE('',#4731);
#4733=ORIENTED_EDGE('',*,*,#4655,.F.);
#4734=ORIENTED_EDGE('',*,*,#4524,.T.);
#4736=ORIENTED_EDGE('',*,*,#4735,.T.);
#4738=ORIENTED_EDGE('',*,*,#4737,.T.);
#4740=ORIENTED_EDGE('',*,*,#4739,.F.);
#4741=ORIENTED_EDGE('',*,*,#4714,.F.);
#4742=EDGE_LOOP('',(#4733,#4734,#4736,#4738,#4740,#4741));
#4743=FACE_OUTER_BOUND('',#4742,.F.);
#4745=CARTESIAN_POINT('',(5.45E0,-2.4E0,-4.9E0));
#4746=DIRECTION('',(0.E0,0.E0,1.E0));
#4747=DIRECTION('',(-1.E0,0.E0,0.E0));
#4748=AXIS2_PLACEMENT_3D('',#4745,#4746,#4747);
#4749=PLANE('',#4748);
#4750=ORIENTED_EDGE('',*,*,#4522,.F.);
#4752=ORIENTED_EDGE('',*,*,#4751,.T.);
#4754=ORIENTED_EDGE('',*,*,#4753,.T.);
#4755=ORIENTED_EDGE('',*,*,#4735,.F.);
#4756=EDGE_LOOP('',(#4750,#4752,#4754,#4755));
#4757=FACE_OUTER_BOUND('',#4756,.F.);
#4759=CARTESIAN_POINT('',(5.45E0,-1.5E0,-5.8E0));
#4760=DIRECTION('',(1.E0,0.E0,0.E0));
#4761=DIRECTION('',(0.E0,-1.E0,0.E0));
#4762=AXIS2_PLACEMENT_3D('',#4759,#4760,#4761);
#4763=PLANE('',#4762);
#4765=ORIENTED_EDGE('',*,*,#4764,.F.);
#4767=ORIENTED_EDGE('',*,*,#4766,.T.);
#4768=ORIENTED_EDGE('',*,*,#4751,.F.);
#4769=ORIENTED_EDGE('',*,*,#4520,.F.);
#4770=ORIENTED_EDGE('',*,*,#4581,.T.);
#4771=ORIENTED_EDGE('',*,*,#4718,.T.);
#4772=EDGE_LOOP('',(#4765,#4767,#4768,#4769,#4770,#4771));
#4773=FACE_OUTER_BOUND('',#4772,.F.);
#4775=CARTESIAN_POINT('',(0.E0,0.E0,-5.9E0));
#4776=DIRECTION('',(0.E0,0.E0,-1.E0));
#4777=DIRECTION('',(1.E0,0.E0,0.E0));
#4778=AXIS2_PLACEMENT_3D('',#4775,#4776,#4777);
#4779=PLANE('',#4778);
#4780=ORIENTED_EDGE('',*,*,#4739,.T.);
#4782=ORIENTED_EDGE('',*,*,#4781,.T.);
#4783=ORIENTED_EDGE('',*,*,#4764,.T.);
#4784=ORIENTED_EDGE('',*,*,#4716,.F.);
#4785=EDGE_LOOP('',(#4780,#4782,#4783,#4784));
#4786=FACE_OUTER_BOUND('',#4785,.F.);
#4788=CARTESIAN_POINT('',(0.E0,0.E0,-5.9E0));
#4789=DIRECTION('',(0.E0,0.E0,-1.E0));
#4790=DIRECTION('',(1.E0,0.E0,0.E0));
#4791=AXIS2_PLACEMENT_3D('',#4788,#4789,#4790);
#4792=PLANE('',#4791);
#4794=ORIENTED_EDGE('',*,*,#4793,.F.);
#4796=ORIENTED_EDGE('',*,*,#4795,.T.);
#4798=ORIENTED_EDGE('',*,*,#4797,.F.);
#4800=ORIENTED_EDGE('',*,*,#4799,.F.);
#4801=EDGE_LOOP('',(#4794,#4796,#4798,#4800));
#4802=FACE_OUTER_BOUND('',#4801,.F.);
#4804=CARTESIAN_POINT('',(0.E0,-2.5E0,0.E0));
#4805=DIRECTION('',(0.E0,-1.E0,0.E0));
#4806=DIRECTION('',(-1.E0,0.E0,0.E0));
#4807=AXIS2_PLACEMENT_3D('',#4804,#4805,#4806);
#4808=PLANE('',#4807);
#4809=ORIENTED_EDGE('',*,*,#4766,.F.);
#4810=ORIENTED_EDGE('',*,*,#4781,.F.);
#4811=ORIENTED_EDGE('',*,*,#4737,.F.);
#4812=ORIENTED_EDGE('',*,*,#4753,.F.);
#4813=EDGE_LOOP('',(#4809,#4810,#4811,#4812));
#4814=FACE_OUTER_BOUND('',#4813,.F.);
#4815=ORIENTED_EDGE('',*,*,#4698,.T.);
#4817=ORIENTED_EDGE('',*,*,#4816,.T.);
#4819=ORIENTED_EDGE('',*,*,#4818,.F.);
#4821=ORIENTED_EDGE('',*,*,#4820,.F.);
#4822=EDGE_LOOP('',(#4815,#4817,#4819,#4821));
#4823=FACE_BOUND('',#4822,.F.);
#4825=CARTESIAN_POINT('',(0.E0,-2.5E0,0.E0));
#4826=DIRECTION('',(0.E0,-1.E0,0.E0));
#4827=DIRECTION('',(-1.E0,0.E0,0.E0));
#4828=AXIS2_PLACEMENT_3D('',#4825,#4826,#4827);
#4829=PLANE('',#4828);
#4830=ORIENTED_EDGE('',*,*,#4795,.F.);
#4832=ORIENTED_EDGE('',*,*,#4831,.F.);
#4834=ORIENTED_EDGE('',*,*,#4833,.F.);
#4836=ORIENTED_EDGE('',*,*,#4835,.F.);
#4837=EDGE_LOOP('',(#4830,#4832,#4834,#4836));
#4838=FACE_OUTER_BOUND('',#4837,.F.);
#4840=ORIENTED_EDGE('',*,*,#4839,.T.);
#4842=ORIENTED_EDGE('',*,*,#4841,.T.);
#4844=ORIENTED_EDGE('',*,*,#4843,.F.);
#4846=ORIENTED_EDGE('',*,*,#4845,.F.);
#4847=EDGE_LOOP('',(#4840,#4842,#4844,#4846));
#4848=FACE_BOUND('',#4847,.F.);
#4850=CARTESIAN_POINT('',(-5.45E0,-2.4E0,-5.8E0));
#4851=DIRECTION('',(-1.E0,0.E0,0.E0));
#4852=DIRECTION('',(0.E0,1.E0,0.E0));
#4853=AXIS2_PLACEMENT_3D('',#4850,#4851,#4852);
#4854=PLANE('',#4853);
#4855=ORIENTED_EDGE('',*,*,#4599,.F.);
#4856=ORIENTED_EDGE('',*,*,#4487,.T.);
#4858=ORIENTED_EDGE('',*,*,#4857,.T.);
#4859=ORIENTED_EDGE('',*,*,#4831,.T.);
#4860=ORIENTED_EDGE('',*,*,#4793,.T.);
#4862=ORIENTED_EDGE('',*,*,#4861,.F.);
#4863=EDGE_LOOP('',(#4855,#4856,#4858,#4859,#4860,#4862));
#4864=FACE_OUTER_BOUND('',#4863,.F.);
#4866=CARTESIAN_POINT('',(-4.95E0,-2.4E0,-4.9E0));
#4867=DIRECTION('',(0.E0,0.E0,1.E0));
#4868=DIRECTION('',(-1.E0,0.E0,0.E0));
#4869=AXIS2_PLACEMENT_3D('',#4866,#4867,#4868);
#4870=PLANE('',#4869);
#4871=ORIENTED_EDGE('',*,*,#4485,.T.);
#4873=ORIENTED_EDGE('',*,*,#4872,.T.);
#4874=ORIENTED_EDGE('',*,*,#4833,.T.);
#4875=ORIENTED_EDGE('',*,*,#4857,.F.);
#4876=EDGE_LOOP('',(#4871,#4873,#4874,#4875));
#4877=FACE_OUTER_BOUND('',#4876,.F.);
#4879=CARTESIAN_POINT('',(-4.95E0,-1.5E0,-5.8E0));
#4880=DIRECTION('',(1.E0,0.E0,0.E0));
#4881=DIRECTION('',(0.E0,-1.E0,0.E0));
#4882=AXIS2_PLACEMENT_3D('',#4879,#4880,#4881);
#4883=PLANE('',#4882);
#4884=ORIENTED_EDGE('',*,*,#4797,.T.);
#4885=ORIENTED_EDGE('',*,*,#4835,.T.);
#4886=ORIENTED_EDGE('',*,*,#4872,.F.);
#4887=ORIENTED_EDGE('',*,*,#4483,.F.);
#4888=ORIENTED_EDGE('',*,*,#4611,.T.);
#4890=ORIENTED_EDGE('',*,*,#4889,.T.);
#4891=EDGE_LOOP('',(#4884,#4885,#4886,#4887,#4888,#4890));
#4892=FACE_OUTER_BOUND('',#4891,.F.);
#4894=CARTESIAN_POINT('',(-5.45E0,-1.5E0,-5.8E0));
#4895=DIRECTION('',(0.E0,1.E0,0.E0));
#4896=DIRECTION('',(1.E0,0.E0,0.E0));
#4897=AXIS2_PLACEMENT_3D('',#4894,#4895,#4896);
#4898=PLANE('',#4897);
#4900=ORIENTED_EDGE('',*,*,#4899,.F.);
#4901=ORIENTED_EDGE('',*,*,#4601,.F.);
#4902=ORIENTED_EDGE('',*,*,#4861,.T.);
#4903=ORIENTED_EDGE('',*,*,#4799,.T.);
#4904=ORIENTED_EDGE('',*,*,#4889,.F.);
#4905=ORIENTED_EDGE('',*,*,#4609,.F.);
#4907=ORIENTED_EDGE('',*,*,#4906,.T.);
#4909=ORIENTED_EDGE('',*,*,#4908,.F.);
#4910=EDGE_LOOP('',(#4900,#4901,#4902,#4903,#4904,#4905,#4907,#4909));
#4911=FACE_OUTER_BOUND('',#4910,.F.);
#4913=CARTESIAN_POINT('',(-5.4E0,0.E0,-4.4E0));
#4914=DIRECTION('',(1.E0,0.E0,0.E0));
#4915=DIRECTION('',(0.E0,1.E0,0.E0));
#4916=AXIS2_PLACEMENT_3D('',#4913,#4914,#4915);
#4917=PLANE('',#4916);
#4919=ORIENTED_EDGE('',*,*,#4918,.T.);
#4921=ORIENTED_EDGE('',*,*,#4920,.T.);
#4923=ORIENTED_EDGE('',*,*,#4922,.T.);
#4925=ORIENTED_EDGE('',*,*,#4924,.T.);
#4926=EDGE_LOOP('',(#4919,#4921,#4923,#4925));
#4927=FACE_OUTER_BOUND('',#4926,.F.);
#4929=CARTESIAN_POINT('',(-5.4E0,0.E0,-4.4E0));
#4930=DIRECTION('',(1.E0,0.E0,0.E0));
#4931=DIRECTION('',(0.E0,1.E0,0.E0));
#4932=AXIS2_PLACEMENT_3D('',#4929,#4930,#4931);
#4933=PLANE('',#4932);
#4934=ORIENTED_EDGE('',*,*,#4603,.F.);
#4935=ORIENTED_EDGE('',*,*,#4899,.T.);
#4937=ORIENTED_EDGE('',*,*,#4936,.T.);
#4938=EDGE_LOOP('',(#4934,#4935,#4937));
#4939=FACE_OUTER_BOUND('',#4938,.F.);
#4941=CARTESIAN_POINT('',(-5.4E0,0.E0,-4.4E0));
#4942=DIRECTION('',(1.E0,0.E0,0.E0));
#4943=DIRECTION('',(0.E0,1.E0,0.E0));
#4944=AXIS2_PLACEMENT_3D('',#4941,#4942,#4943);
#4945=PLANE('',#4944);
#4947=ORIENTED_EDGE('',*,*,#4946,.T.);
#4948=ORIENTED_EDGE('',*,*,#4839,.F.);
#4950=ORIENTED_EDGE('',*,*,#4949,.T.);
#4952=ORIENTED_EDGE('',*,*,#4951,.T.);
#4953=EDGE_LOOP('',(#4947,#4948,#4950,#4952));
#4954=FACE_OUTER_BOUND('',#4953,.F.);
#4956=CARTESIAN_POINT('',(0.E0,0.E0,-4.4E0));
#4957=DIRECTION('',(0.E0,0.E0,1.E0));
#4958=DIRECTION('',(1.E0,0.E0,0.E0));
#4959=AXIS2_PLACEMENT_3D('',#4956,#4957,#4958);
#4960=PLANE('',#4959);
#4962=ORIENTED_EDGE('',*,*,#4961,.T.);
#4964=ORIENTED_EDGE('',*,*,#4963,.T.);
#4966=ORIENTED_EDGE('',*,*,#4965,.F.);
#4968=ORIENTED_EDGE('',*,*,#4967,.T.);
#4970=ORIENTED_EDGE('',*,*,#4969,.T.);
#4972=ORIENTED_EDGE('',*,*,#4971,.T.);
#4974=ORIENTED_EDGE('',*,*,#4973,.F.);
#4976=ORIENTED_EDGE('',*,*,#4975,.T.);
#4978=ORIENTED_EDGE('',*,*,#4977,.F.);
#4980=ORIENTED_EDGE('',*,*,#4979,.F.);
#4982=ORIENTED_EDGE('',*,*,#4981,.F.);
#4984=ORIENTED_EDGE('',*,*,#4983,.F.);
#4986=ORIENTED_EDGE('',*,*,#4985,.F.);
#4988=ORIENTED_EDGE('',*,*,#4987,.F.);
#4990=ORIENTED_EDGE('',*,*,#4989,.F.);
#4992=ORIENTED_EDGE('',*,*,#4991,.F.);
#4994=ORIENTED_EDGE('',*,*,#4993,.F.);
#4996=ORIENTED_EDGE('',*,*,#4995,.F.);
#4998=ORIENTED_EDGE('',*,*,#4997,.F.);
#5000=ORIENTED_EDGE('',*,*,#4999,.T.);
#5001=EDGE_LOOP('',(#4962,#4964,#4966,#4968,#4970,#4972,#4974,#4976,#4978,#4980,
#4982,#4984,#4986,#4988,#4990,#4992,#4994,#4996,#4998,#5000));
#5002=FACE_OUTER_BOUND('',#5001,.F.);
#5003=ORIENTED_EDGE('',*,*,#4918,.F.);
#5005=ORIENTED_EDGE('',*,*,#5004,.T.);
#5007=ORIENTED_EDGE('',*,*,#5006,.T.);
#5009=ORIENTED_EDGE('',*,*,#5008,.F.);
#5010=EDGE_LOOP('',(#5003,#5005,#5007,#5009));
#5011=FACE_BOUND('',#5010,.F.);
#5013=ORIENTED_EDGE('',*,*,#5012,.F.);
#5015=ORIENTED_EDGE('',*,*,#5014,.T.);
#5017=ORIENTED_EDGE('',*,*,#5016,.T.);
#5019=ORIENTED_EDGE('',*,*,#5018,.F.);
#5020=EDGE_LOOP('',(#5013,#5015,#5017,#5019));
#5021=FACE_BOUND('',#5020,.F.);
#5023=ORIENTED_EDGE('',*,*,#5022,.F.);
#5025=ORIENTED_EDGE('',*,*,#5024,.T.);
#5027=ORIENTED_EDGE('',*,*,#5026,.T.);
#5029=ORIENTED_EDGE('',*,*,#5028,.F.);
#5030=EDGE_LOOP('',(#5023,#5025,#5027,#5029));
#5031=FACE_BOUND('',#5030,.F.);
#5033=ORIENTED_EDGE('',*,*,#5032,.F.);
#5035=ORIENTED_EDGE('',*,*,#5034,.T.);
#5037=ORIENTED_EDGE('',*,*,#5036,.T.);
#5039=ORIENTED_EDGE('',*,*,#5038,.F.);
#5040=EDGE_LOOP('',(#5033,#5035,#5037,#5039));
#5041=FACE_BOUND('',#5040,.F.);
#5043=ORIENTED_EDGE('',*,*,#5042,.F.);
#5045=ORIENTED_EDGE('',*,*,#5044,.T.);
#5047=ORIENTED_EDGE('',*,*,#5046,.T.);
#5049=ORIENTED_EDGE('',*,*,#5048,.F.);
#5050=EDGE_LOOP('',(#5043,#5045,#5047,#5049));
#5051=FACE_BOUND('',#5050,.F.);
#5053=ORIENTED_EDGE('',*,*,#5052,.F.);
#5055=ORIENTED_EDGE('',*,*,#5054,.T.);
#5057=ORIENTED_EDGE('',*,*,#5056,.T.);
#5059=ORIENTED_EDGE('',*,*,#5058,.F.);
#5060=EDGE_LOOP('',(#5053,#5055,#5057,#5059));
#5061=FACE_BOUND('',#5060,.F.);
#5062=ORIENTED_EDGE('',*,*,#4557,.F.);
#5064=ORIENTED_EDGE('',*,*,#5063,.T.);
#5066=ORIENTED_EDGE('',*,*,#5065,.T.);
#5068=ORIENTED_EDGE('',*,*,#5067,.F.);
#5069=EDGE_LOOP('',(#5062,#5064,#5066,#5068));
#5070=FACE_BOUND('',#5069,.F.);
#5071=ORIENTED_EDGE('',*,*,#4680,.F.);
#5073=ORIENTED_EDGE('',*,*,#5072,.T.);
#5075=ORIENTED_EDGE('',*,*,#5074,.T.);
#5077=ORIENTED_EDGE('',*,*,#5076,.F.);
#5078=EDGE_LOOP('',(#5071,#5073,#5075,#5077));
#5079=FACE_BOUND('',#5078,.F.);
#5081=ORIENTED_EDGE('',*,*,#5080,.T.);
#5083=ORIENTED_EDGE('',*,*,#5082,.T.);
#5085=ORIENTED_EDGE('',*,*,#5084,.T.);
#5087=ORIENTED_EDGE('',*,*,#5086,.T.);
#5089=ORIENTED_EDGE('',*,*,#5088,.T.);
#5091=ORIENTED_EDGE('',*,*,#5090,.T.);
#5093=ORIENTED_EDGE('',*,*,#5092,.T.);
#5094=EDGE_LOOP('',(#5081,#5083,#5085,#5087,#5089,#5091,#5093));
#5095=FACE_BOUND('',#5094,.F.);
#5097=CARTESIAN_POINT('',(-4.925E0,1.825E0,0.E0));
#5098=DIRECTION('',(-1.E0,0.E0,0.E0));
#5099=DIRECTION('',(0.E0,-1.E0,0.E0));
#5100=AXIS2_PLACEMENT_3D('',#5097,#5098,#5099);
#5101=PLANE('',#5100);
#5102=ORIENTED_EDGE('',*,*,#4961,.F.);
#5104=ORIENTED_EDGE('',*,*,#5103,.T.);
#5105=ORIENTED_EDGE('',*,*,#4405,.T.);
#5107=ORIENTED_EDGE('',*,*,#5106,.T.);
#5108=EDGE_LOOP('',(#5102,#5104,#5105,#5107));
#5109=FACE_OUTER_BOUND('',#5108,.F.);
#5111=CARTESIAN_POINT('',(4.425E0,1.825E0,0.E0));
#5112=DIRECTION('',(0.E0,1.E0,0.E0));
#5113=DIRECTION('',(-1.E0,0.E0,0.E0));
#5114=AXIS2_PLACEMENT_3D('',#5111,#5112,#5113);
#5115=PLANE('',#5114);
#5116=ORIENTED_EDGE('',*,*,#5103,.F.);
#5117=ORIENTED_EDGE('',*,*,#4999,.F.);
#5119=ORIENTED_EDGE('',*,*,#5118,.F.);
#5120=ORIENTED_EDGE('',*,*,#4407,.T.);
#5121=EDGE_LOOP('',(#5116,#5117,#5119,#5120));
#5122=FACE_OUTER_BOUND('',#5121,.F.);
#5124=CARTESIAN_POINT('',(4.425E0,1.825E0,0.E0));
#5125=DIRECTION('',(0.E0,1.E0,0.E0));
#5126=DIRECTION('',(-1.E0,0.E0,0.E0));
#5127=AXIS2_PLACEMENT_3D('',#5124,#5125,#5126);
#5128=PLANE('',#5127);
#5130=ORIENTED_EDGE('',*,*,#5129,.T.);
#5131=ORIENTED_EDGE('',*,*,#4399,.T.);
#5133=ORIENTED_EDGE('',*,*,#5132,.F.);
#5135=ORIENTED_EDGE('',*,*,#5134,.T.);
#5137=ORIENTED_EDGE('',*,*,#5136,.F.);
#5138=ORIENTED_EDGE('',*,*,#4391,.T.);
#5140=ORIENTED_EDGE('',*,*,#5139,.F.);
#5141=ORIENTED_EDGE('',*,*,#4967,.F.);
#5142=EDGE_LOOP('',(#5130,#5131,#5133,#5135,#5137,#5138,#5140,#5141));
#5143=FACE_OUTER_BOUND('',#5142,.F.);
#5145=CARTESIAN_POINT('',(4.425E0,1.825E0,0.E0));
#5146=DIRECTION('',(0.E0,1.E0,0.E0));
#5147=DIRECTION('',(-1.E0,0.E0,0.E0));
#5148=AXIS2_PLACEMENT_3D('',#5145,#5146,#5147);
#5149=PLANE('',#5148);
#5151=ORIENTED_EDGE('',*,*,#5150,.T.);
#5152=ORIENTED_EDGE('',*,*,#4383,.T.);
#5154=ORIENTED_EDGE('',*,*,#5153,.T.);
#5155=ORIENTED_EDGE('',*,*,#4975,.F.);
#5156=EDGE_LOOP('',(#5151,#5152,#5154,#5155));
#5157=FACE_OUTER_BOUND('',#5156,.F.);
#5159=CARTESIAN_POINT('',(-5.485E0,1.825E0,0.E0));
#5160=DIRECTION('',(-1.E0,0.E0,0.E0));
#5161=DIRECTION('',(0.E0,-1.E0,0.E0));
#5162=AXIS2_PLACEMENT_3D('',#5159,#5160,#5161);
#5163=PLANE('',#5162);
#5164=ORIENTED_EDGE('',*,*,#4409,.F.);
#5165=ORIENTED_EDGE('',*,*,#5118,.T.);
#5166=ORIENTED_EDGE('',*,*,#4997,.T.);
#5168=ORIENTED_EDGE('',*,*,#5167,.T.);
#5169=EDGE_LOOP('',(#5164,#5165,#5166,#5168));
#5170=FACE_OUTER_BOUND('',#5169,.F.);
#5172=CARTESIAN_POINT('',(5.985E0,5.E-1,0.E0));
#5173=DIRECTION('',(0.E0,1.E0,0.E0));
#5174=DIRECTION('',(-1.E0,0.E0,0.E0));
#5175=AXIS2_PLACEMENT_3D('',#5172,#5173,#5174);
#5176=PLANE('',#5175);
#5177=ORIENTED_EDGE('',*,*,#5167,.F.);
#5178=ORIENTED_EDGE('',*,*,#4995,.T.);
#5180=ORIENTED_EDGE('',*,*,#5179,.F.);
#5182=ORIENTED_EDGE('',*,*,#5181,.F.);
#5183=ORIENTED_EDGE('',*,*,#4411,.F.);
#5184=EDGE_LOOP('',(#5177,#5178,#5180,#5182,#5183));
#5185=FACE_OUTER_BOUND('',#5184,.F.);
#5187=CARTESIAN_POINT('',(5.985E0,5.E-1,0.E0));
#5188=DIRECTION('',(0.E0,1.E0,0.E0));
#5189=DIRECTION('',(-1.E0,0.E0,0.E0));
#5190=AXIS2_PLACEMENT_3D('',#5187,#5188,#5189);
#5191=PLANE('',#5190);
#5193=ORIENTED_EDGE('',*,*,#5192,.T.);
#5194=ORIENTED_EDGE('',*,*,#4427,.F.);
#5196=ORIENTED_EDGE('',*,*,#5195,.F.);
#5198=ORIENTED_EDGE('',*,*,#5197,.T.);
#5199=ORIENTED_EDGE('',*,*,#4979,.T.);
#5200=EDGE_LOOP('',(#5193,#5194,#5196,#5198,#5199));
#5201=FACE_OUTER_BOUND('',#5200,.F.);
#5203=CARTESIAN_POINT('',(-5.985E0,5.E-1,0.E0));
#5204=DIRECTION('',(1.E0,0.E0,0.E0));
#5205=DIRECTION('',(0.E0,1.E0,0.E0));
#5206=AXIS2_PLACEMENT_3D('',#5203,#5204,#5205);
#5207=PLANE('',#5206);
#5209=ORIENTED_EDGE('',*,*,#5208,.T.);
#5210=ORIENTED_EDGE('',*,*,#5179,.T.);
#5211=ORIENTED_EDGE('',*,*,#4993,.T.);
#5213=ORIENTED_EDGE('',*,*,#5212,.F.);
#5214=EDGE_LOOP('',(#5209,#5210,#5211,#5213));
#5215=FACE_OUTER_BOUND('',#5214,.F.);
#5217=CARTESIAN_POINT('',(-5.885E0,9.E-1,-1.E-1));
#5218=DIRECTION('',(-7.071067811865E-1,0.E0,7.071067811865E-1));
#5219=DIRECTION('',(-7.071067811865E-1,0.E0,-7.071067811865E-1));
#5220=AXIS2_PLACEMENT_3D('',#5217,#5218,#5219);
#5221=PLANE('',#5220);
#5222=ORIENTED_EDGE('',*,*,#5181,.T.);
#5223=ORIENTED_EDGE('',*,*,#5208,.F.);
#5225=ORIENTED_EDGE('',*,*,#5224,.T.);
#5226=ORIENTED_EDGE('',*,*,#4413,.T.);
#5227=EDGE_LOOP('',(#5222,#5223,#5225,#5226));
#5228=FACE_OUTER_BOUND('',#5227,.F.);
#5230=CARTESIAN_POINT('',(-6.3E0,1.4E0,-1.E-1));
#5231=DIRECTION('',(0.E0,-7.071067811865E-1,7.071067811865E-1));
#5232=DIRECTION('',(0.E0,-7.071067811865E-1,-7.071067811865E-1));
#5233=AXIS2_PLACEMENT_3D('',#5230,#5231,#5232);
#5234=PLANE('',#5233);
#5236=ORIENTED_EDGE('',*,*,#5235,.T.);
#5238=ORIENTED_EDGE('',*,*,#5237,.F.);
#5239=ORIENTED_EDGE('',*,*,#4415,.T.);
#5240=ORIENTED_EDGE('',*,*,#5224,.F.);
#5242=ORIENTED_EDGE('',*,*,#5241,.F.);
#5243=EDGE_LOOP('',(#5236,#5238,#5239,#5240,#5242));
#5244=FACE_OUTER_BOUND('',#5243,.F.);
#5246=CARTESIAN_POINT('',(-6.615E0,1.3E0,0.E0));
#5247=DIRECTION('',(-1.E0,0.E0,0.E0));
#5248=DIRECTION('',(0.E0,-1.E0,0.E0));
#5249=AXIS2_PLACEMENT_3D('',#5246,#5247,#5248);
#5250=PLANE('',#5249);
#5252=ORIENTED_EDGE('',*,*,#5251,.F.);
#5253=ORIENTED_EDGE('',*,*,#5235,.F.);
#5255=ORIENTED_EDGE('',*,*,#5254,.T.);
#5256=ORIENTED_EDGE('',*,*,#4989,.T.);
#5258=ORIENTED_EDGE('',*,*,#5257,.F.);
#5259=EDGE_LOOP('',(#5252,#5253,#5255,#5256,#5258));
#5260=FACE_OUTER_BOUND('',#5259,.F.);
#5262=CARTESIAN_POINT('',(-6.658301270189E0,-2.75E-1,-7.5E-2));
#5263=DIRECTION('',(8.660254037844E-1,0.E0,5.E-1));
#5264=DIRECTION('',(-5.E-1,0.E0,8.660254037844E-1));
#5265=AXIS2_PLACEMENT_3D('',#5262,#5263,#5264);
#5266=PLANE('',#5265);
#5267=ORIENTED_EDGE('',*,*,#5251,.T.);
#5269=ORIENTED_EDGE('',*,*,#5268,.T.);
#5270=ORIENTED_EDGE('',*,*,#4417,.F.);
#5271=ORIENTED_EDGE('',*,*,#5237,.T.);
#5272=EDGE_LOOP('',(#5267,#5269,#5270,#5271));
#5273=FACE_OUTER_BOUND('',#5272,.F.);
#5275=CARTESIAN_POINT('',(0.E0,-1.943301270189E0,-7.5E-2));
#5276=DIRECTION('',(0.E0,8.660254037844E-1,5.E-1));
#5277=DIRECTION('',(0.E0,5.E-1,-8.660254037844E-1));
#5278=AXIS2_PLACEMENT_3D('',#5275,#5276,#5277);
#5279=PLANE('',#5278);
#5280=ORIENTED_EDGE('',*,*,#4419,.T.);
#5281=ORIENTED_EDGE('',*,*,#5268,.F.);
#5283=ORIENTED_EDGE('',*,*,#5282,.F.);
#5285=ORIENTED_EDGE('',*,*,#5284,.T.);
#5286=EDGE_LOOP('',(#5280,#5281,#5283,#5285));
#5287=FACE_OUTER_BOUND('',#5286,.F.);
#5289=CARTESIAN_POINT('',(-6.615E0,-1.9E0,0.E0));
#5290=DIRECTION('',(0.E0,-1.E0,0.E0));
#5291=DIRECTION('',(1.E0,0.E0,0.E0));
#5292=AXIS2_PLACEMENT_3D('',#5289,#5290,#5291);
#5293=PLANE('',#5292);
#5294=ORIENTED_EDGE('',*,*,#5282,.T.);
#5295=ORIENTED_EDGE('',*,*,#5257,.T.);
#5296=ORIENTED_EDGE('',*,*,#4987,.T.);
#5298=ORIENTED_EDGE('',*,*,#5297,.F.);
#5299=EDGE_LOOP('',(#5294,#5295,#5296,#5298));
#5300=FACE_OUTER_BOUND('',#5299,.F.);
#5302=CARTESIAN_POINT('',(6.615E0,-1.9E0,0.E0));
#5303=DIRECTION('',(1.E0,0.E0,0.E0));
#5304=DIRECTION('',(0.E0,1.E0,0.E0));
#5305=AXIS2_PLACEMENT_3D('',#5302,#5303,#5304);
#5306=PLANE('',#5305);
#5308=ORIENTED_EDGE('',*,*,#5307,.F.);
#5309=ORIENTED_EDGE('',*,*,#5297,.T.);
#5310=ORIENTED_EDGE('',*,*,#4985,.T.);
#5312=ORIENTED_EDGE('',*,*,#5311,.F.);
#5314=ORIENTED_EDGE('',*,*,#5313,.F.);
#5315=EDGE_LOOP('',(#5308,#5309,#5310,#5312,#5314));
#5316=FACE_OUTER_BOUND('',#5315,.F.);
#5318=CARTESIAN_POINT('',(6.658301270189E0,-2.5E-2,-7.5E-2));
#5319=DIRECTION('',(-8.660254037844E-1,0.E0,5.E-1));
#5320=DIRECTION('',(5.E-1,0.E0,8.660254037844E-1));
#5321=AXIS2_PLACEMENT_3D('',#5318,#5319,#5320);
#5322=PLANE('',#5321);
#5323=ORIENTED_EDGE('',*,*,#4421,.F.);
#5324=ORIENTED_EDGE('',*,*,#5284,.F.);
#5325=ORIENTED_EDGE('',*,*,#5307,.T.);
#5327=ORIENTED_EDGE('',*,*,#5326,.T.);
#5328=EDGE_LOOP('',(#5323,#5324,#5325,#5327));
#5329=FACE_OUTER_BOUND('',#5328,.F.);
#5331=CARTESIAN_POINT('',(6.3E0,1.9E0,-1.E-1));
#5332=DIRECTION('',(0.E0,-7.071067811865E-1,7.071067811865E-1));
#5333=DIRECTION('',(0.E0,-7.071067811865E-1,-7.071067811865E-1));
#5334=AXIS2_PLACEMENT_3D('',#5331,#5332,#5333);
#5335=PLANE('',#5334);
#5336=ORIENTED_EDGE('',*,*,#4423,.T.);
#5337=ORIENTED_EDGE('',*,*,#5326,.F.);
#5338=ORIENTED_EDGE('',*,*,#5313,.T.);
#5340=ORIENTED_EDGE('',*,*,#5339,.F.);
#5342=ORIENTED_EDGE('',*,*,#5341,.T.);
#5343=EDGE_LOOP('',(#5336,#5337,#5338,#5340,#5342));
#5344=FACE_OUTER_BOUND('',#5343,.F.);
#5346=CARTESIAN_POINT('',(6.615E0,1.8E0,0.E0));
#5347=DIRECTION('',(0.E0,1.E0,0.E0));
#5348=DIRECTION('',(-1.E0,0.E0,0.E0));
#5349=AXIS2_PLACEMENT_3D('',#5346,#5347,#5348);
#5350=PLANE('',#5349);
#5351=ORIENTED_EDGE('',*,*,#5339,.T.);
#5352=ORIENTED_EDGE('',*,*,#5311,.T.);
#5353=ORIENTED_EDGE('',*,*,#4983,.T.);
#5355=ORIENTED_EDGE('',*,*,#5354,.F.);
#5356=EDGE_LOOP('',(#5351,#5352,#5353,#5355));
#5357=FACE_OUTER_BOUND('',#5356,.F.);
#5359=CARTESIAN_POINT('',(5.985E0,1.8E0,0.E0));
#5360=DIRECTION('',(-1.E0,0.E0,0.E0));
#5361=DIRECTION('',(0.E0,-1.E0,0.E0));
#5362=AXIS2_PLACEMENT_3D('',#5359,#5360,#5361);
#5363=PLANE('',#5362);
#5365=ORIENTED_EDGE('',*,*,#5364,.T.);
#5366=ORIENTED_EDGE('',*,*,#5354,.T.);
#5367=ORIENTED_EDGE('',*,*,#4981,.T.);
#5368=ORIENTED_EDGE('',*,*,#5197,.F.);
#5369=EDGE_LOOP('',(#5365,#5366,#5367,#5368));
#5370=FACE_OUTER_BOUND('',#5369,.F.);
#5372=CARTESIAN_POINT('',(5.885E0,1.15E0,-1.E-1));
#5373=DIRECTION('',(7.071067811865E-1,0.E0,7.071067811865E-1));
#5374=DIRECTION('',(7.071067811865E-1,0.E0,-7.071067811865E-1));
#5375=AXIS2_PLACEMENT_3D('',#5372,#5373,#5374);
#5376=PLANE('',#5375);
#5377=ORIENTED_EDGE('',*,*,#5195,.T.);
#5378=ORIENTED_EDGE('',*,*,#4425,.T.);
#5379=ORIENTED_EDGE('',*,*,#5341,.F.);
#5380=ORIENTED_EDGE('',*,*,#5364,.F.);
#5381=EDGE_LOOP('',(#5377,#5378,#5379,#5380));
#5382=FACE_OUTER_BOUND('',#5381,.F.);
#5384=CARTESIAN_POINT('',(-5.985E0,1.3E0,0.E0));
#5385=DIRECTION('',(0.E0,1.E0,0.E0));
#5386=DIRECTION('',(-1.E0,0.E0,0.E0));
#5387=AXIS2_PLACEMENT_3D('',#5384,#5385,#5386);
#5388=PLANE('',#5387);
#5389=ORIENTED_EDGE('',*,*,#5241,.T.);
#5390=ORIENTED_EDGE('',*,*,#5212,.T.);
#5391=ORIENTED_EDGE('',*,*,#4991,.T.);
#5392=ORIENTED_EDGE('',*,*,#5254,.F.);
#5393=EDGE_LOOP('',(#5389,#5390,#5391,#5392));
#5394=FACE_OUTER_BOUND('',#5393,.F.);
#5396=CARTESIAN_POINT('',(5.485E0,5.E-1,0.E0));
#5397=DIRECTION('',(1.E0,0.E0,0.E0));
#5398=DIRECTION('',(0.E0,1.E0,0.E0));
#5399=AXIS2_PLACEMENT_3D('',#5396,#5397,#5398);
#5400=PLANE('',#5399);
#5401=ORIENTED_EDGE('',*,*,#4429,.F.);
#5402=ORIENTED_EDGE('',*,*,#5192,.F.);
#5403=ORIENTED_EDGE('',*,*,#4977,.T.);
#5404=ORIENTED_EDGE('',*,*,#5153,.F.);
#5405=EDGE_LOOP('',(#5401,#5402,#5403,#5404));
#5406=FACE_OUTER_BOUND('',#5405,.F.);
#5408=CARTESIAN_POINT('',(-4.425E0,5.E-1,0.E0));
#5409=DIRECTION('',(1.E0,0.E0,0.E0));
#5410=DIRECTION('',(0.E0,1.E0,0.E0));
#5411=AXIS2_PLACEMENT_3D('',#5408,#5409,#5410);
#5412=PLANE('',#5411);
#5413=ORIENTED_EDGE('',*,*,#4965,.T.);
#5415=ORIENTED_EDGE('',*,*,#5414,.F.);
#5416=ORIENTED_EDGE('',*,*,#4401,.T.);
#5417=ORIENTED_EDGE('',*,*,#5129,.F.);
#5418=EDGE_LOOP('',(#5413,#5415,#5416,#5417));
#5419=FACE_OUTER_BOUND('',#5418,.F.);
#5421=CARTESIAN_POINT('',(-4.925E0,5.E-1,0.E0));
#5422=DIRECTION('',(0.E0,-1.E0,0.E0));
#5423=DIRECTION('',(1.E0,0.E0,0.E0));
#5424=AXIS2_PLACEMENT_3D('',#5421,#5422,#5423);
#5425=PLANE('',#5424);
#5426=ORIENTED_EDGE('',*,*,#4963,.F.);
#5427=ORIENTED_EDGE('',*,*,#5106,.F.);
#5428=ORIENTED_EDGE('',*,*,#4403,.T.);
#5429=ORIENTED_EDGE('',*,*,#5414,.T.);
#5430=EDGE_LOOP('',(#5426,#5427,#5428,#5429));
#5431=FACE_OUTER_BOUND('',#5430,.F.);
#5433=CARTESIAN_POINT('',(-1.885E0,0.E0,0.E0));
#5434=DIRECTION('',(1.E0,0.E0,0.E0));
#5435=DIRECTION('',(0.E0,0.E0,-1.E0));
#5436=AXIS2_PLACEMENT_3D('',#5433,#5434,#5435);
#5437=PLANE('',#5436);
#5439=ORIENTED_EDGE('',*,*,#5438,.T.);
#5441=ORIENTED_EDGE('',*,*,#5440,.F.);
#5442=ORIENTED_EDGE('',*,*,#5132,.T.);
#5443=ORIENTED_EDGE('',*,*,#4397,.T.);
#5445=ORIENTED_EDGE('',*,*,#5444,.T.);
#5446=EDGE_LOOP('',(#5439,#5441,#5442,#5443,#5445));
#5447=FACE_OUTER_BOUND('',#5446,.F.);
#5449=CARTESIAN_POINT('',(-1.885E0,1.525E0,-7.5E-1));
#5450=DIRECTION('',(0.E0,8.634300732915E-2,-9.962654691825E-1));
#5451=DIRECTION('',(0.E0,9.962654691825E-1,8.634300732915E-2));
#5452=AXIS2_PLACEMENT_3D('',#5449,#5450,#5451);
#5453=PLANE('',#5452);
#5455=ORIENTED_EDGE('',*,*,#5454,.F.);
#5456=ORIENTED_EDGE('',*,*,#5438,.F.);
#5458=ORIENTED_EDGE('',*,*,#5457,.T.);
#5460=ORIENTED_EDGE('',*,*,#5459,.T.);
#5461=EDGE_LOOP('',(#5455,#5456,#5458,#5460));
#5462=FACE_OUTER_BOUND('',#5461,.F.);
#5464=CARTESIAN_POINT('',(-2.540860147268E1,1.725E0,-8.330415196484E-1));
#5465=DIRECTION('',(1.E0,0.E0,0.E0));
#5466=DIRECTION('',(0.E0,1.E0,0.E0));
#5467=AXIS2_PLACEMENT_3D('',#5464,#5465,#5466);
#5468=CYLINDRICAL_SURFACE('',#5467,1.E-1);
#5469=ORIENTED_EDGE('',*,*,#5134,.F.);
#5470=ORIENTED_EDGE('',*,*,#5440,.T.);
#5471=ORIENTED_EDGE('',*,*,#5454,.T.);
#5473=ORIENTED_EDGE('',*,*,#5472,.T.);
#5474=EDGE_LOOP('',(#5469,#5470,#5471,#5473));
#5475=FACE_OUTER_BOUND('',#5474,.F.);
#5477=CARTESIAN_POINT('',(1.885E0,0.E0,0.E0));
#5478=DIRECTION('',(1.E0,0.E0,0.E0));
#5479=DIRECTION('',(0.E0,0.E0,-1.E0));
#5480=AXIS2_PLACEMENT_3D('',#5477,#5478,#5479);
#5481=PLANE('',#5480);
#5482=ORIENTED_EDGE('',*,*,#5136,.T.);
#5483=ORIENTED_EDGE('',*,*,#5472,.F.);
#5484=ORIENTED_EDGE('',*,*,#5459,.F.);
#5486=ORIENTED_EDGE('',*,*,#5485,.F.);
#5487=ORIENTED_EDGE('',*,*,#4393,.F.);
#5488=EDGE_LOOP('',(#5482,#5483,#5484,#5486,#5487));
#5489=FACE_OUTER_BOUND('',#5488,.F.);
#5491=CARTESIAN_POINT('',(-1.885E0,1.525E0,0.E0));
#5492=DIRECTION('',(0.E0,-1.E0,0.E0));
#5493=DIRECTION('',(0.E0,0.E0,-1.E0));
#5494=AXIS2_PLACEMENT_3D('',#5491,#5492,#5493);
#5495=PLANE('',#5494);
#5496=ORIENTED_EDGE('',*,*,#5444,.F.);
#5497=ORIENTED_EDGE('',*,*,#4395,.T.);
#5498=ORIENTED_EDGE('',*,*,#5485,.T.);
#5499=ORIENTED_EDGE('',*,*,#5457,.F.);
#5500=EDGE_LOOP('',(#5496,#5497,#5498,#5499));
#5501=FACE_OUTER_BOUND('',#5500,.F.);
#5503=CARTESIAN_POINT('',(4.425E0,1.825E0,0.E0));
#5504=DIRECTION('',(-1.E0,0.E0,0.E0));
#5505=DIRECTION('',(0.E0,-1.E0,0.E0));
#5506=AXIS2_PLACEMENT_3D('',#5503,#5504,#5505);
#5507=PLANE('',#5506);
#5508=ORIENTED_EDGE('',*,*,#4969,.F.);
#5509=ORIENTED_EDGE('',*,*,#5139,.T.);
#5510=ORIENTED_EDGE('',*,*,#4389,.T.);
#5512=ORIENTED_EDGE('',*,*,#5511,.T.);
#5513=EDGE_LOOP('',(#5508,#5509,#5510,#5512));
#5514=FACE_OUTER_BOUND('',#5513,.F.);
#5516=CARTESIAN_POINT('',(4.425E0,5.E-1,0.E0));
#5517=DIRECTION('',(0.E0,-1.E0,0.E0));
#5518=DIRECTION('',(1.E0,0.E0,0.E0));
#5519=AXIS2_PLACEMENT_3D('',#5516,#5517,#5518);
#5520=PLANE('',#5519);
#5521=ORIENTED_EDGE('',*,*,#4971,.F.);
#5522=ORIENTED_EDGE('',*,*,#5511,.F.);
#5523=ORIENTED_EDGE('',*,*,#4387,.T.);
#5525=ORIENTED_EDGE('',*,*,#5524,.T.);
#5526=EDGE_LOOP('',(#5521,#5522,#5523,#5525));
#5527=FACE_OUTER_BOUND('',#5526,.F.);
#5529=CARTESIAN_POINT('',(4.925E0,5.E-1,0.E0));
#5530=DIRECTION('',(1.E0,0.E0,0.E0));
#5531=DIRECTION('',(0.E0,1.E0,0.E0));
#5532=AXIS2_PLACEMENT_3D('',#5529,#5530,#5531);
#5533=PLANE('',#5532);
#5534=ORIENTED_EDGE('',*,*,#4973,.T.);
#5535=ORIENTED_EDGE('',*,*,#5524,.F.);
#5536=ORIENTED_EDGE('',*,*,#4385,.T.);
#5537=ORIENTED_EDGE('',*,*,#5150,.F.);
#5538=EDGE_LOOP('',(#5534,#5535,#5536,#5537));
#5539=FACE_OUTER_BOUND('',#5538,.F.);
#5541=CARTESIAN_POINT('',(-5.4E0,-5.5E-1,-2.1E0));
#5542=DIRECTION('',(0.E0,-1.E0,0.E0));
#5543=DIRECTION('',(0.E0,0.E0,-1.E0));
#5544=AXIS2_PLACEMENT_3D('',#5541,#5542,#5543);
#5545=PLANE('',#5544);
#5546=ORIENTED_EDGE('',*,*,#5004,.F.);
#5547=ORIENTED_EDGE('',*,*,#4924,.F.);
#5549=ORIENTED_EDGE('',*,*,#5548,.T.);
#5551=ORIENTED_EDGE('',*,*,#5550,.T.);
#5552=EDGE_LOOP('',(#5546,#5547,#5549,#5551));
#5553=FACE_OUTER_BOUND('',#5552,.F.);
#5555=CARTESIAN_POINT('',(-5.4E0,-2.5E-1,-2.1E0));
#5556=DIRECTION('',(0.E0,0.E0,1.E0));
#5557=DIRECTION('',(0.E0,-1.E0,0.E0));
#5558=AXIS2_PLACEMENT_3D('',#5555,#5556,#5557);
#5559=PLANE('',#5558);
#5560=ORIENTED_EDGE('',*,*,#4922,.F.);
#5562=ORIENTED_EDGE('',*,*,#5561,.T.);
#5564=ORIENTED_EDGE('',*,*,#5563,.T.);
#5565=ORIENTED_EDGE('',*,*,#5548,.F.);
#5566=EDGE_LOOP('',(#5560,#5562,#5564,#5565));
#5567=FACE_OUTER_BOUND('',#5566,.F.);
#5569=CARTESIAN_POINT('',(-5.4E0,-2.5E-1,-5.783930491459E0));
#5570=DIRECTION('',(0.E0,1.E0,0.E0));
#5571=DIRECTION('',(0.E0,0.E0,1.E0));
#5572=AXIS2_PLACEMENT_3D('',#5569,#5570,#5571);
#5573=PLANE('',#5572);
#5574=ORIENTED_EDGE('',*,*,#5008,.T.);
#5576=ORIENTED_EDGE('',*,*,#5575,.T.);
#5577=ORIENTED_EDGE('',*,*,#5561,.F.);
#5578=ORIENTED_EDGE('',*,*,#4920,.F.);
#5579=EDGE_LOOP('',(#5574,#5576,#5577,#5578));
#5580=FACE_OUTER_BOUND('',#5579,.F.);
#5582=CARTESIAN_POINT('',(-5.1E0,0.E0,-4.4E0));
#5583=DIRECTION('',(1.E0,0.E0,0.E0));
#5584=DIRECTION('',(0.E0,1.E0,0.E0));
#5585=AXIS2_PLACEMENT_3D('',#5582,#5583,#5584);
#5586=PLANE('',#5585);
#5587=ORIENTED_EDGE('',*,*,#5006,.F.);
#5588=ORIENTED_EDGE('',*,*,#5550,.F.);
#5589=ORIENTED_EDGE('',*,*,#5563,.F.);
#5590=ORIENTED_EDGE('',*,*,#5575,.F.);
#5591=EDGE_LOOP('',(#5587,#5588,#5589,#5590));
#5592=FACE_OUTER_BOUND('',#5591,.F.);
#5594=CARTESIAN_POINT('',(-5.1E0,0.E0,-4.4E0));
#5595=DIRECTION('',(1.E0,0.E0,0.E0));
#5596=DIRECTION('',(0.E0,1.E0,0.E0));
#5597=AXIS2_PLACEMENT_3D('',#5594,#5595,#5596);
#5598=PLANE('',#5597);
#5599=ORIENTED_EDGE('',*,*,#4607,.T.);
#5601=ORIENTED_EDGE('',*,*,#5600,.F.);
#5602=ORIENTED_EDGE('',*,*,#4906,.F.);
#5603=EDGE_LOOP('',(#5599,#5601,#5602));
#5604=FACE_OUTER_BOUND('',#5603,.F.);
#5606=CARTESIAN_POINT('',(-5.1E0,0.E0,-4.4E0));
#5607=DIRECTION('',(1.E0,0.E0,0.E0));
#5608=DIRECTION('',(0.E0,1.E0,0.E0));
#5609=AXIS2_PLACEMENT_3D('',#5606,#5607,#5608);
#5610=PLANE('',#5609);
#5612=ORIENTED_EDGE('',*,*,#5611,.F.);
#5614=ORIENTED_EDGE('',*,*,#5613,.F.);
#5616=ORIENTED_EDGE('',*,*,#5615,.F.);
#5617=ORIENTED_EDGE('',*,*,#4843,.T.);
#5618=EDGE_LOOP('',(#5612,#5614,#5616,#5617));
#5619=FACE_OUTER_BOUND('',#5618,.F.);
#5621=CARTESIAN_POINT('',(-5.4E0,-3.254547919942E0,-5.893209606013E0));
#5622=DIRECTION('',(0.E0,3.634720039469E-2,-9.993392221981E-1));
#5623=DIRECTION('',(0.E0,9.993392221981E-1,3.634720039469E-2));
#5624=AXIS2_PLACEMENT_3D('',#5621,#5622,#5623);
#5625=PLANE('',#5624);
#5626=ORIENTED_EDGE('',*,*,#4605,.F.);
#5627=ORIENTED_EDGE('',*,*,#4936,.F.);
#5628=ORIENTED_EDGE('',*,*,#4908,.T.);
#5629=ORIENTED_EDGE('',*,*,#5600,.T.);
#5630=EDGE_LOOP('',(#5626,#5627,#5628,#5629));
#5631=FACE_OUTER_BOUND('',#5630,.F.);
#5633=CARTESIAN_POINT('',(-5.4E0,-3.254547919942E0,-5.893209606013E0));
#5634=DIRECTION('',(0.E0,3.634720039469E-2,-9.993392221981E-1));
#5635=DIRECTION('',(0.E0,9.993392221981E-1,3.634720039469E-2));
#5636=AXIS2_PLACEMENT_3D('',#5633,#5634,#5635);
#5637=PLANE('',#5636);
#5638=ORIENTED_EDGE('',*,*,#4946,.F.);
#5640=ORIENTED_EDGE('',*,*,#5639,.T.);
#5641=ORIENTED_EDGE('',*,*,#5611,.T.);
#5642=ORIENTED_EDGE('',*,*,#4841,.F.);
#5643=EDGE_LOOP('',(#5638,#5640,#5641,#5642));
#5644=FACE_OUTER_BOUND('',#5643,.F.);
#5646=CARTESIAN_POINT('',(-5.4E0,-3.265452080061E0,-5.593407839354E0));
#5647=DIRECTION('',(0.E0,-9.993392221981E-1,-3.634720039469E-2));
#5648=DIRECTION('',(0.E0,3.634720039469E-2,-9.993392221981E-1));
#5649=AXIS2_PLACEMENT_3D('',#5646,#5647,#5648);
#5650=PLANE('',#5649);
#5651=ORIENTED_EDGE('',*,*,#4951,.F.);
#5653=ORIENTED_EDGE('',*,*,#5652,.T.);
#5654=ORIENTED_EDGE('',*,*,#5613,.T.);
#5655=ORIENTED_EDGE('',*,*,#5639,.F.);
#5656=EDGE_LOOP('',(#5651,#5653,#5654,#5655));
#5657=FACE_OUTER_BOUND('',#5656,.F.);
#5659=CARTESIAN_POINT('',(-5.4E0,-5.5E-1,-5.494643497153E0));
#5660=DIRECTION('',(0.E0,-3.634720039469E-2,9.993392221981E-1));
#5661=DIRECTION('',(0.E0,-9.993392221981E-1,-3.634720039469E-2));
#5662=AXIS2_PLACEMENT_3D('',#5659,#5660,#5661);
#5663=PLANE('',#5662);
#5664=ORIENTED_EDGE('',*,*,#4949,.F.);
#5665=ORIENTED_EDGE('',*,*,#4845,.T.);
#5666=ORIENTED_EDGE('',*,*,#5615,.T.);
#5667=ORIENTED_EDGE('',*,*,#5652,.F.);
#5668=EDGE_LOOP('',(#5664,#5665,#5666,#5667));
#5669=FACE_OUTER_BOUND('',#5668,.F.);
#5671=CARTESIAN_POINT('',(-3.9E0,0.E0,-4.4E0));
#5672=DIRECTION('',(1.E0,0.E0,0.E0));
#5673=DIRECTION('',(0.E0,1.E0,0.E0));
#5674=AXIS2_PLACEMENT_3D('',#5671,#5672,#5673);
#5675=PLANE('',#5674);
#5676=ORIENTED_EDGE('',*,*,#4614,.F.);
#5677=ORIENTED_EDGE('',*,*,#4479,.T.);
#5679=ORIENTED_EDGE('',*,*,#5678,.T.);
#5681=ORIENTED_EDGE('',*,*,#5680,.T.);
#5683=ORIENTED_EDGE('',*,*,#5682,.T.);
#5684=EDGE_LOOP('',(#5676,#5677,#5679,#5681,#5683));
#5685=FACE_OUTER_BOUND('',#5684,.F.);
#5687=CARTESIAN_POINT('',(-3.9E0,0.E0,-4.4E0));
#5688=DIRECTION('',(1.E0,0.E0,0.E0));
#5689=DIRECTION('',(0.E0,1.E0,0.E0));
#5690=AXIS2_PLACEMENT_3D('',#5687,#5688,#5689);
#5691=PLANE('',#5690);
#5692=ORIENTED_EDGE('',*,*,#5012,.T.);
#5694=ORIENTED_EDGE('',*,*,#5693,.T.);
#5696=ORIENTED_EDGE('',*,*,#5695,.T.);
#5698=ORIENTED_EDGE('',*,*,#5697,.T.);
#5699=EDGE_LOOP('',(#5692,#5694,#5696,#5698));
#5700=FACE_OUTER_BOUND('',#5699,.F.);
#5702=CARTESIAN_POINT('',(-3.9E0,-5.5E-1,-5.494643497153E0));
#5703=DIRECTION('',(0.E0,-3.634720039469E-2,9.993392221981E-1));
#5704=DIRECTION('',(0.E0,-9.993392221981E-1,-3.634720039469E-2));
#5705=AXIS2_PLACEMENT_3D('',#5702,#5703,#5704);
#5706=PLANE('',#5705);
#5707=ORIENTED_EDGE('',*,*,#4477,.T.);
#5709=ORIENTED_EDGE('',*,*,#5708,.T.);
#5711=ORIENTED_EDGE('',*,*,#5710,.F.);
#5712=ORIENTED_EDGE('',*,*,#5678,.F.);
#5713=EDGE_LOOP('',(#5707,#5709,#5711,#5712));
#5714=FACE_OUTER_BOUND('',#5713,.F.);
#5716=CARTESIAN_POINT('',(-3.6E0,0.E0,-4.4E0));
#5717=DIRECTION('',(1.E0,0.E0,0.E0));
#5718=DIRECTION('',(0.E0,1.E0,0.E0));
#5719=AXIS2_PLACEMENT_3D('',#5716,#5717,#5718);
#5720=PLANE('',#5719);
#5721=ORIENTED_EDGE('',*,*,#4618,.T.);
#5723=ORIENTED_EDGE('',*,*,#5722,.F.);
#5725=ORIENTED_EDGE('',*,*,#5724,.F.);
#5726=ORIENTED_EDGE('',*,*,#5708,.F.);
#5727=ORIENTED_EDGE('',*,*,#4475,.F.);
#5728=EDGE_LOOP('',(#5721,#5723,#5725,#5726,#5727));
#5729=FACE_OUTER_BOUND('',#5728,.F.);
#5731=CARTESIAN_POINT('',(-3.6E0,0.E0,-4.4E0));
#5732=DIRECTION('',(1.E0,0.E0,0.E0));
#5733=DIRECTION('',(0.E0,1.E0,0.E0));
#5734=AXIS2_PLACEMENT_3D('',#5731,#5732,#5733);
#5735=PLANE('',#5734);
#5736=ORIENTED_EDGE('',*,*,#5016,.F.);
#5738=ORIENTED_EDGE('',*,*,#5737,.F.);
#5740=ORIENTED_EDGE('',*,*,#5739,.F.);
#5742=ORIENTED_EDGE('',*,*,#5741,.F.);
#5743=EDGE_LOOP('',(#5736,#5738,#5740,#5742));
#5744=FACE_OUTER_BOUND('',#5743,.F.);
#5746=CARTESIAN_POINT('',(-3.9E0,-3.254547919942E0,-5.893209606013E0));
#5747=DIRECTION('',(0.E0,3.634720039469E-2,-9.993392221981E-1));
#5748=DIRECTION('',(0.E0,9.993392221981E-1,3.634720039469E-2));
#5749=AXIS2_PLACEMENT_3D('',#5746,#5747,#5748);
#5750=PLANE('',#5749);
#5751=ORIENTED_EDGE('',*,*,#4616,.F.);
#5752=ORIENTED_EDGE('',*,*,#5682,.F.);
#5754=ORIENTED_EDGE('',*,*,#5753,.T.);
#5755=ORIENTED_EDGE('',*,*,#5722,.T.);
#5756=EDGE_LOOP('',(#5751,#5752,#5754,#5755));
#5757=FACE_OUTER_BOUND('',#5756,.F.);
#5759=CARTESIAN_POINT('',(-3.9E0,-3.265452080061E0,-5.593407839354E0));
#5760=DIRECTION('',(0.E0,-9.993392221981E-1,-3.634720039469E-2));
#5761=DIRECTION('',(0.E0,3.634720039469E-2,-9.993392221981E-1));
#5762=AXIS2_PLACEMENT_3D('',#5759,#5760,#5761);
#5763=PLANE('',#5762);
#5764=ORIENTED_EDGE('',*,*,#5680,.F.);
#5765=ORIENTED_EDGE('',*,*,#5710,.T.);
#5766=ORIENTED_EDGE('',*,*,#5724,.T.);
#5767=ORIENTED_EDGE('',*,*,#5753,.F.);
#5768=EDGE_LOOP('',(#5764,#5765,#5766,#5767));
#5769=FACE_OUTER_BOUND('',#5768,.F.);
#5771=CARTESIAN_POINT('',(-3.9E0,-5.5E-1,-2.1E0));
#5772=DIRECTION('',(0.E0,-1.E0,0.E0));
#5773=DIRECTION('',(0.E0,0.E0,-1.E0));
#5774=AXIS2_PLACEMENT_3D('',#5771,#5772,#5773);
#5775=PLANE('',#5774);
#5776=ORIENTED_EDGE('',*,*,#5014,.F.);
#5777=ORIENTED_EDGE('',*,*,#5697,.F.);
#5779=ORIENTED_EDGE('',*,*,#5778,.T.);
#5780=ORIENTED_EDGE('',*,*,#5737,.T.);
#5781=EDGE_LOOP('',(#5776,#5777,#5779,#5780));
#5782=FACE_OUTER_BOUND('',#5781,.F.);
#5784=CARTESIAN_POINT('',(-3.9E0,-2.5E-1,-2.1E0));
#5785=DIRECTION('',(0.E0,0.E0,1.E0));
#5786=DIRECTION('',(0.E0,-1.E0,0.E0));
#5787=AXIS2_PLACEMENT_3D('',#5784,#5785,#5786);
#5788=PLANE('',#5787);
#5789=ORIENTED_EDGE('',*,*,#5695,.F.);
#5791=ORIENTED_EDGE('',*,*,#5790,.T.);
#5792=ORIENTED_EDGE('',*,*,#5739,.T.);
#5793=ORIENTED_EDGE('',*,*,#5778,.F.);
#5794=EDGE_LOOP('',(#5789,#5791,#5792,#5793));
#5795=FACE_OUTER_BOUND('',#5794,.F.);
#5797=CARTESIAN_POINT('',(-3.9E0,-2.5E-1,-5.783930491459E0));
#5798=DIRECTION('',(0.E0,1.E0,0.E0));
#5799=DIRECTION('',(0.E0,0.E0,1.E0));
#5800=AXIS2_PLACEMENT_3D('',#5797,#5798,#5799);
#5801=PLANE('',#5800);
#5802=ORIENTED_EDGE('',*,*,#5018,.T.);
#5803=ORIENTED_EDGE('',*,*,#5741,.T.);
#5804=ORIENTED_EDGE('',*,*,#5790,.F.);
#5805=ORIENTED_EDGE('',*,*,#5693,.F.);
#5806=EDGE_LOOP('',(#5802,#5803,#5804,#5805));
#5807=FACE_OUTER_BOUND('',#5806,.F.);
#5809=CARTESIAN_POINT('',(-2.4E0,0.E0,-4.4E0));
#5810=DIRECTION('',(1.E0,0.E0,0.E0));
#5811=DIRECTION('',(0.E0,1.E0,0.E0));
#5812=AXIS2_PLACEMENT_3D('',#5809,#5810,#5811);
#5813=PLANE('',#5812);
#5814=ORIENTED_EDGE('',*,*,#4621,.F.);
#5815=ORIENTED_EDGE('',*,*,#4471,.T.);
#5817=ORIENTED_EDGE('',*,*,#5816,.T.);
#5819=ORIENTED_EDGE('',*,*,#5818,.T.);
#5821=ORIENTED_EDGE('',*,*,#5820,.T.);
#5822=EDGE_LOOP('',(#5814,#5815,#5817,#5819,#5821));
#5823=FACE_OUTER_BOUND('',#5822,.F.);
#5825=CARTESIAN_POINT('',(-2.4E0,0.E0,-4.4E0));
#5826=DIRECTION('',(1.E0,0.E0,0.E0));
#5827=DIRECTION('',(0.E0,1.E0,0.E0));
#5828=AXIS2_PLACEMENT_3D('',#5825,#5826,#5827);
#5829=PLANE('',#5828);
#5830=ORIENTED_EDGE('',*,*,#5022,.T.);
#5832=ORIENTED_EDGE('',*,*,#5831,.T.);
#5834=ORIENTED_EDGE('',*,*,#5833,.T.);
#5836=ORIENTED_EDGE('',*,*,#5835,.T.);
#5837=EDGE_LOOP('',(#5830,#5832,#5834,#5836));
#5838=FACE_OUTER_BOUND('',#5837,.F.);
#5840=CARTESIAN_POINT('',(-2.4E0,-5.5E-1,-5.494643497153E0));
#5841=DIRECTION('',(0.E0,-3.634720039469E-2,9.993392221981E-1));
#5842=DIRECTION('',(0.E0,-9.993392221981E-1,-3.634720039469E-2));
#5843=AXIS2_PLACEMENT_3D('',#5840,#5841,#5842);
#5844=PLANE('',#5843);
#5845=ORIENTED_EDGE('',*,*,#4469,.T.);
#5847=ORIENTED_EDGE('',*,*,#5846,.T.);
#5849=ORIENTED_EDGE('',*,*,#5848,.F.);
#5850=ORIENTED_EDGE('',*,*,#5816,.F.);
#5851=EDGE_LOOP('',(#5845,#5847,#5849,#5850));
#5852=FACE_OUTER_BOUND('',#5851,.F.);
#5854=CARTESIAN_POINT('',(-2.1E0,0.E0,-4.4E0));
#5855=DIRECTION('',(1.E0,0.E0,0.E0));
#5856=DIRECTION('',(0.E0,1.E0,0.E0));
#5857=AXIS2_PLACEMENT_3D('',#5854,#5855,#5856);
#5858=PLANE('',#5857);
#5859=ORIENTED_EDGE('',*,*,#4625,.T.);
#5861=ORIENTED_EDGE('',*,*,#5860,.F.);
#5863=ORIENTED_EDGE('',*,*,#5862,.F.);
#5864=ORIENTED_EDGE('',*,*,#5846,.F.);
#5865=ORIENTED_EDGE('',*,*,#4467,.F.);
#5866=EDGE_LOOP('',(#5859,#5861,#5863,#5864,#5865));
#5867=FACE_OUTER_BOUND('',#5866,.F.);
#5869=CARTESIAN_POINT('',(-2.1E0,0.E0,-4.4E0));
#5870=DIRECTION('',(1.E0,0.E0,0.E0));
#5871=DIRECTION('',(0.E0,1.E0,0.E0));
#5872=AXIS2_PLACEMENT_3D('',#5869,#5870,#5871);
#5873=PLANE('',#5872);
#5874=ORIENTED_EDGE('',*,*,#5026,.F.);
#5876=ORIENTED_EDGE('',*,*,#5875,.F.);
#5878=ORIENTED_EDGE('',*,*,#5877,.F.);
#5880=ORIENTED_EDGE('',*,*,#5879,.F.);
#5881=EDGE_LOOP('',(#5874,#5876,#5878,#5880));
#5882=FACE_OUTER_BOUND('',#5881,.F.);
#5884=CARTESIAN_POINT('',(-2.4E0,-3.254547919942E0,-5.893209606013E0));
#5885=DIRECTION('',(0.E0,3.634720039469E-2,-9.993392221981E-1));
#5886=DIRECTION('',(0.E0,9.993392221981E-1,3.634720039469E-2));
#5887=AXIS2_PLACEMENT_3D('',#5884,#5885,#5886);
#5888=PLANE('',#5887);
#5889=ORIENTED_EDGE('',*,*,#4623,.F.);
#5890=ORIENTED_EDGE('',*,*,#5820,.F.);
#5892=ORIENTED_EDGE('',*,*,#5891,.T.);
#5893=ORIENTED_EDGE('',*,*,#5860,.T.);
#5894=EDGE_LOOP('',(#5889,#5890,#5892,#5893));
#5895=FACE_OUTER_BOUND('',#5894,.F.);
#5897=CARTESIAN_POINT('',(-2.4E0,-3.265452080061E0,-5.593407839354E0));
#5898=DIRECTION('',(0.E0,-9.993392221981E-1,-3.634720039469E-2));
#5899=DIRECTION('',(0.E0,3.634720039469E-2,-9.993392221981E-1));
#5900=AXIS2_PLACEMENT_3D('',#5897,#5898,#5899);
#5901=PLANE('',#5900);
#5902=ORIENTED_EDGE('',*,*,#5818,.F.);
#5903=ORIENTED_EDGE('',*,*,#5848,.T.);
#5904=ORIENTED_EDGE('',*,*,#5862,.T.);
#5905=ORIENTED_EDGE('',*,*,#5891,.F.);
#5906=EDGE_LOOP('',(#5902,#5903,#5904,#5905));
#5907=FACE_OUTER_BOUND('',#5906,.F.);
#5909=CARTESIAN_POINT('',(-2.4E0,-5.5E-1,-2.1E0));
#5910=DIRECTION('',(0.E0,-1.E0,0.E0));
#5911=DIRECTION('',(0.E0,0.E0,-1.E0));
#5912=AXIS2_PLACEMENT_3D('',#5909,#5910,#5911);
#5913=PLANE('',#5912);
#5914=ORIENTED_EDGE('',*,*,#5024,.F.);
#5915=ORIENTED_EDGE('',*,*,#5835,.F.);
#5917=ORIENTED_EDGE('',*,*,#5916,.T.);
#5918=ORIENTED_EDGE('',*,*,#5875,.T.);
#5919=EDGE_LOOP('',(#5914,#5915,#5917,#5918));
#5920=FACE_OUTER_BOUND('',#5919,.F.);
#5922=CARTESIAN_POINT('',(-2.4E0,-2.5E-1,-2.1E0));
#5923=DIRECTION('',(0.E0,0.E0,1.E0));
#5924=DIRECTION('',(0.E0,-1.E0,0.E0));
#5925=AXIS2_PLACEMENT_3D('',#5922,#5923,#5924);
#5926=PLANE('',#5925);
#5927=ORIENTED_EDGE('',*,*,#5833,.F.);
#5929=ORIENTED_EDGE('',*,*,#5928,.T.);
#5930=ORIENTED_EDGE('',*,*,#5877,.T.);
#5931=ORIENTED_EDGE('',*,*,#5916,.F.);
#5932=EDGE_LOOP('',(#5927,#5929,#5930,#5931));
#5933=FACE_OUTER_BOUND('',#5932,.F.);
#5935=CARTESIAN_POINT('',(-2.4E0,-2.5E-1,-5.783930491459E0));
#5936=DIRECTION('',(0.E0,1.E0,0.E0));
#5937=DIRECTION('',(0.E0,0.E0,1.E0));
#5938=AXIS2_PLACEMENT_3D('',#5935,#5936,#5937);
#5939=PLANE('',#5938);
#5940=ORIENTED_EDGE('',*,*,#5028,.T.);
#5941=ORIENTED_EDGE('',*,*,#5879,.T.);
#5942=ORIENTED_EDGE('',*,*,#5928,.F.);
#5943=ORIENTED_EDGE('',*,*,#5831,.F.);
#5944=EDGE_LOOP('',(#5940,#5941,#5942,#5943));
#5945=FACE_OUTER_BOUND('',#5944,.F.);
#5947=CARTESIAN_POINT('',(-9.E-1,0.E0,-4.4E0));
#5948=DIRECTION('',(1.E0,0.E0,0.E0));
#5949=DIRECTION('',(0.E0,1.E0,0.E0));
#5950=AXIS2_PLACEMENT_3D('',#5947,#5948,#5949);
#5951=PLANE('',#5950);
#5952=ORIENTED_EDGE('',*,*,#4628,.F.);
#5953=ORIENTED_EDGE('',*,*,#4463,.T.);
#5955=ORIENTED_EDGE('',*,*,#5954,.T.);
#5957=ORIENTED_EDGE('',*,*,#5956,.T.);
#5959=ORIENTED_EDGE('',*,*,#5958,.T.);
#5960=EDGE_LOOP('',(#5952,#5953,#5955,#5957,#5959));
#5961=FACE_OUTER_BOUND('',#5960,.F.);
#5963=CARTESIAN_POINT('',(-9.E-1,0.E0,-4.4E0));
#5964=DIRECTION('',(1.E0,0.E0,0.E0));
#5965=DIRECTION('',(0.E0,1.E0,0.E0));
#5966=AXIS2_PLACEMENT_3D('',#5963,#5964,#5965);
#5967=PLANE('',#5966);
#5968=ORIENTED_EDGE('',*,*,#5032,.T.);
#5970=ORIENTED_EDGE('',*,*,#5969,.T.);
#5972=ORIENTED_EDGE('',*,*,#5971,.T.);
#5974=ORIENTED_EDGE('',*,*,#5973,.T.);
#5975=EDGE_LOOP('',(#5968,#5970,#5972,#5974));
#5976=FACE_OUTER_BOUND('',#5975,.F.);
#5978=CARTESIAN_POINT('',(-9.E-1,-5.5E-1,-5.494643497153E0));
#5979=DIRECTION('',(0.E0,-3.634720039469E-2,9.993392221981E-1));
#5980=DIRECTION('',(0.E0,-9.993392221981E-1,-3.634720039469E-2));
#5981=AXIS2_PLACEMENT_3D('',#5978,#5979,#5980);
#5982=PLANE('',#5981);
#5983=ORIENTED_EDGE('',*,*,#4461,.T.);
#5985=ORIENTED_EDGE('',*,*,#5984,.T.);
#5987=ORIENTED_EDGE('',*,*,#5986,.F.);
#5988=ORIENTED_EDGE('',*,*,#5954,.F.);
#5989=EDGE_LOOP('',(#5983,#5985,#5987,#5988));
#5990=FACE_OUTER_BOUND('',#5989,.F.);
#5992=CARTESIAN_POINT('',(-6.E-1,0.E0,-4.4E0));
#5993=DIRECTION('',(1.E0,0.E0,0.E0));
#5994=DIRECTION('',(0.E0,1.E0,0.E0));
#5995=AXIS2_PLACEMENT_3D('',#5992,#5993,#5994);
#5996=PLANE('',#5995);
#5997=ORIENTED_EDGE('',*,*,#4632,.T.);
#5999=ORIENTED_EDGE('',*,*,#5998,.F.);
#6001=ORIENTED_EDGE('',*,*,#6000,.F.);
#6002=ORIENTED_EDGE('',*,*,#5984,.F.);
#6003=ORIENTED_EDGE('',*,*,#4459,.F.);
#6004=EDGE_LOOP('',(#5997,#5999,#6001,#6002,#6003));
#6005=FACE_OUTER_BOUND('',#6004,.F.);
#6007=CARTESIAN_POINT('',(-6.E-1,0.E0,-4.4E0));
#6008=DIRECTION('',(1.E0,0.E0,0.E0));
#6009=DIRECTION('',(0.E0,1.E0,0.E0));
#6010=AXIS2_PLACEMENT_3D('',#6007,#6008,#6009);
#6011=PLANE('',#6010);
#6012=ORIENTED_EDGE('',*,*,#5036,.F.);
#6014=ORIENTED_EDGE('',*,*,#6013,.F.);
#6016=ORIENTED_EDGE('',*,*,#6015,.F.);
#6018=ORIENTED_EDGE('',*,*,#6017,.F.);
#6019=EDGE_LOOP('',(#6012,#6014,#6016,#6018));
#6020=FACE_OUTER_BOUND('',#6019,.F.);
#6022=CARTESIAN_POINT('',(-9.E-1,-3.254547919942E0,-5.893209606013E0));
#6023=DIRECTION('',(0.E0,3.634720039469E-2,-9.993392221981E-1));
#6024=DIRECTION('',(0.E0,9.993392221981E-1,3.634720039469E-2));
#6025=AXIS2_PLACEMENT_3D('',#6022,#6023,#6024);
#6026=PLANE('',#6025);
#6027=ORIENTED_EDGE('',*,*,#4630,.F.);
#6028=ORIENTED_EDGE('',*,*,#5958,.F.);
#6030=ORIENTED_EDGE('',*,*,#6029,.T.);
#6031=ORIENTED_EDGE('',*,*,#5998,.T.);
#6032=EDGE_LOOP('',(#6027,#6028,#6030,#6031));
#6033=FACE_OUTER_BOUND('',#6032,.F.);
#6035=CARTESIAN_POINT('',(-9.E-1,-3.265452080061E0,-5.593407839354E0));
#6036=DIRECTION('',(0.E0,-9.993392221981E-1,-3.634720039469E-2));
#6037=DIRECTION('',(0.E0,3.634720039469E-2,-9.993392221981E-1));
#6038=AXIS2_PLACEMENT_3D('',#6035,#6036,#6037);
#6039=PLANE('',#6038);
#6040=ORIENTED_EDGE('',*,*,#5956,.F.);
#6041=ORIENTED_EDGE('',*,*,#5986,.T.);
#6042=ORIENTED_EDGE('',*,*,#6000,.T.);
#6043=ORIENTED_EDGE('',*,*,#6029,.F.);
#6044=EDGE_LOOP('',(#6040,#6041,#6042,#6043));
#6045=FACE_OUTER_BOUND('',#6044,.F.);
#6047=CARTESIAN_POINT('',(-9.E-1,-5.5E-1,-2.1E0));
#6048=DIRECTION('',(0.E0,-1.E0,0.E0));
#6049=DIRECTION('',(0.E0,0.E0,-1.E0));
#6050=AXIS2_PLACEMENT_3D('',#6047,#6048,#6049);
#6051=PLANE('',#6050);
#6052=ORIENTED_EDGE('',*,*,#5034,.F.);
#6053=ORIENTED_EDGE('',*,*,#5973,.F.);
#6055=ORIENTED_EDGE('',*,*,#6054,.T.);
#6056=ORIENTED_EDGE('',*,*,#6013,.T.);
#6057=EDGE_LOOP('',(#6052,#6053,#6055,#6056));
#6058=FACE_OUTER_BOUND('',#6057,.F.);
#6060=CARTESIAN_POINT('',(-9.E-1,-2.5E-1,-2.1E0));
#6061=DIRECTION('',(0.E0,0.E0,1.E0));
#6062=DIRECTION('',(0.E0,-1.E0,0.E0));
#6063=AXIS2_PLACEMENT_3D('',#6060,#6061,#6062);
#6064=PLANE('',#6063);
#6065=ORIENTED_EDGE('',*,*,#5971,.F.);
#6067=ORIENTED_EDGE('',*,*,#6066,.T.);
#6068=ORIENTED_EDGE('',*,*,#6015,.T.);
#6069=ORIENTED_EDGE('',*,*,#6054,.F.);
#6070=EDGE_LOOP('',(#6065,#6067,#6068,#6069));
#6071=FACE_OUTER_BOUND('',#6070,.F.);
#6073=CARTESIAN_POINT('',(-9.E-1,-2.5E-1,-5.783930491459E0));
#6074=DIRECTION('',(0.E0,1.E0,0.E0));
#6075=DIRECTION('',(0.E0,0.E0,1.E0));
#6076=AXIS2_PLACEMENT_3D('',#6073,#6074,#6075);
#6077=PLANE('',#6076);
#6078=ORIENTED_EDGE('',*,*,#5038,.T.);
#6079=ORIENTED_EDGE('',*,*,#6017,.T.);
#6080=ORIENTED_EDGE('',*,*,#6066,.F.);
#6081=ORIENTED_EDGE('',*,*,#5969,.F.);
#6082=EDGE_LOOP('',(#6078,#6079,#6080,#6081));
#6083=FACE_OUTER_BOUND('',#6082,.F.);
#6085=CARTESIAN_POINT('',(6.E-1,0.E0,-4.4E0));
#6086=DIRECTION('',(1.E0,0.E0,0.E0));
#6087=DIRECTION('',(0.E0,1.E0,0.E0));
#6088=AXIS2_PLACEMENT_3D('',#6085,#6086,#6087);
#6089=PLANE('',#6088);
#6090=ORIENTED_EDGE('',*,*,#4635,.F.);
#6091=ORIENTED_EDGE('',*,*,#4455,.T.);
#6093=ORIENTED_EDGE('',*,*,#6092,.T.);
#6095=ORIENTED_EDGE('',*,*,#6094,.T.);
#6097=ORIENTED_EDGE('',*,*,#6096,.T.);
#6098=EDGE_LOOP('',(#6090,#6091,#6093,#6095,#6097));
#6099=FACE_OUTER_BOUND('',#6098,.F.);
#6101=CARTESIAN_POINT('',(6.E-1,0.E0,-4.4E0));
#6102=DIRECTION('',(1.E0,0.E0,0.E0));
#6103=DIRECTION('',(0.E0,1.E0,0.E0));
#6104=AXIS2_PLACEMENT_3D('',#6101,#6102,#6103);
#6105=PLANE('',#6104);
#6106=ORIENTED_EDGE('',*,*,#5042,.T.);
#6108=ORIENTED_EDGE('',*,*,#6107,.T.);
#6110=ORIENTED_EDGE('',*,*,#6109,.T.);
#6112=ORIENTED_EDGE('',*,*,#6111,.T.);
#6113=EDGE_LOOP('',(#6106,#6108,#6110,#6112));
#6114=FACE_OUTER_BOUND('',#6113,.F.);
#6116=CARTESIAN_POINT('',(6.E-1,-5.5E-1,-5.494643497153E0));
#6117=DIRECTION('',(0.E0,-3.634720039469E-2,9.993392221981E-1));
#6118=DIRECTION('',(0.E0,-9.993392221981E-1,-3.634720039469E-2));
#6119=AXIS2_PLACEMENT_3D('',#6116,#6117,#6118);
#6120=PLANE('',#6119);
#6121=ORIENTED_EDGE('',*,*,#4453,.T.);
#6123=ORIENTED_EDGE('',*,*,#6122,.T.);
#6125=ORIENTED_EDGE('',*,*,#6124,.F.);
#6126=ORIENTED_EDGE('',*,*,#6092,.F.);
#6127=EDGE_LOOP('',(#6121,#6123,#6125,#6126));
#6128=FACE_OUTER_BOUND('',#6127,.F.);
#6130=CARTESIAN_POINT('',(9.E-1,0.E0,-4.4E0));
#6131=DIRECTION('',(1.E0,0.E0,0.E0));
#6132=DIRECTION('',(0.E0,1.E0,0.E0));
#6133=AXIS2_PLACEMENT_3D('',#6130,#6131,#6132);
#6134=PLANE('',#6133);
#6135=ORIENTED_EDGE('',*,*,#4639,.T.);
#6137=ORIENTED_EDGE('',*,*,#6136,.F.);
#6139=ORIENTED_EDGE('',*,*,#6138,.F.);
#6140=ORIENTED_EDGE('',*,*,#6122,.F.);
#6141=ORIENTED_EDGE('',*,*,#4451,.F.);
#6142=EDGE_LOOP('',(#6135,#6137,#6139,#6140,#6141));
#6143=FACE_OUTER_BOUND('',#6142,.F.);
#6145=CARTESIAN_POINT('',(9.E-1,0.E0,-4.4E0));
#6146=DIRECTION('',(1.E0,0.E0,0.E0));
#6147=DIRECTION('',(0.E0,1.E0,0.E0));
#6148=AXIS2_PLACEMENT_3D('',#6145,#6146,#6147);
#6149=PLANE('',#6148);
#6150=ORIENTED_EDGE('',*,*,#5046,.F.);
#6152=ORIENTED_EDGE('',*,*,#6151,.F.);
#6154=ORIENTED_EDGE('',*,*,#6153,.F.);
#6156=ORIENTED_EDGE('',*,*,#6155,.F.);
#6157=EDGE_LOOP('',(#6150,#6152,#6154,#6156));
#6158=FACE_OUTER_BOUND('',#6157,.F.);
#6160=CARTESIAN_POINT('',(6.E-1,-3.254547919942E0,-5.893209606013E0));
#6161=DIRECTION('',(0.E0,3.634720039469E-2,-9.993392221981E-1));
#6162=DIRECTION('',(0.E0,9.993392221981E-1,3.634720039469E-2));
#6163=AXIS2_PLACEMENT_3D('',#6160,#6161,#6162);
#6164=PLANE('',#6163);
#6165=ORIENTED_EDGE('',*,*,#4637,.F.);
#6166=ORIENTED_EDGE('',*,*,#6096,.F.);
#6168=ORIENTED_EDGE('',*,*,#6167,.T.);
#6169=ORIENTED_EDGE('',*,*,#6136,.T.);
#6170=EDGE_LOOP('',(#6165,#6166,#6168,#6169));
#6171=FACE_OUTER_BOUND('',#6170,.F.);
#6173=CARTESIAN_POINT('',(6.E-1,-3.265452080061E0,-5.593407839354E0));
#6174=DIRECTION('',(0.E0,-9.993392221981E-1,-3.634720039469E-2));
#6175=DIRECTION('',(0.E0,3.634720039469E-2,-9.993392221981E-1));
#6176=AXIS2_PLACEMENT_3D('',#6173,#6174,#6175);
#6177=PLANE('',#6176);
#6178=ORIENTED_EDGE('',*,*,#6094,.F.);
#6179=ORIENTED_EDGE('',*,*,#6124,.T.);
#6180=ORIENTED_EDGE('',*,*,#6138,.T.);
#6181=ORIENTED_EDGE('',*,*,#6167,.F.);
#6182=EDGE_LOOP('',(#6178,#6179,#6180,#6181));
#6183=FACE_OUTER_BOUND('',#6182,.F.);
#6185=CARTESIAN_POINT('',(6.E-1,-5.5E-1,-2.1E0));
#6186=DIRECTION('',(0.E0,-1.E0,0.E0));
#6187=DIRECTION('',(0.E0,0.E0,-1.E0));
#6188=AXIS2_PLACEMENT_3D('',#6185,#6186,#6187);
#6189=PLANE('',#6188);
#6190=ORIENTED_EDGE('',*,*,#5044,.F.);
#6191=ORIENTED_EDGE('',*,*,#6111,.F.);
#6193=ORIENTED_EDGE('',*,*,#6192,.T.);
#6194=ORIENTED_EDGE('',*,*,#6151,.T.);
#6195=EDGE_LOOP('',(#6190,#6191,#6193,#6194));
#6196=FACE_OUTER_BOUND('',#6195,.F.);
#6198=CARTESIAN_POINT('',(6.E-1,-2.5E-1,-2.1E0));
#6199=DIRECTION('',(0.E0,0.E0,1.E0));
#6200=DIRECTION('',(0.E0,-1.E0,0.E0));
#6201=AXIS2_PLACEMENT_3D('',#6198,#6199,#6200);
#6202=PLANE('',#6201);
#6203=ORIENTED_EDGE('',*,*,#6109,.F.);
#6205=ORIENTED_EDGE('',*,*,#6204,.T.);
#6206=ORIENTED_EDGE('',*,*,#6153,.T.);
#6207=ORIENTED_EDGE('',*,*,#6192,.F.);
#6208=EDGE_LOOP('',(#6203,#6205,#6206,#6207));
#6209=FACE_OUTER_BOUND('',#6208,.F.);
#6211=CARTESIAN_POINT('',(6.E-1,-2.5E-1,-5.783930491459E0));
#6212=DIRECTION('',(0.E0,1.E0,0.E0));
#6213=DIRECTION('',(0.E0,0.E0,1.E0));
#6214=AXIS2_PLACEMENT_3D('',#6211,#6212,#6213);
#6215=PLANE('',#6214);
#6216=ORIENTED_EDGE('',*,*,#5048,.T.);
#6217=ORIENTED_EDGE('',*,*,#6155,.T.);
#6218=ORIENTED_EDGE('',*,*,#6204,.F.);
#6219=ORIENTED_EDGE('',*,*,#6107,.F.);
#6220=EDGE_LOOP('',(#6216,#6217,#6218,#6219));
#6221=FACE_OUTER_BOUND('',#6220,.F.);
#6223=CARTESIAN_POINT('',(2.1E0,0.E0,-4.4E0));
#6224=DIRECTION('',(1.E0,0.E0,0.E0));
#6225=DIRECTION('',(0.E0,1.E0,0.E0));
#6226=AXIS2_PLACEMENT_3D('',#6223,#6224,#6225);
#6227=PLANE('',#6226);
#6228=ORIENTED_EDGE('',*,*,#4642,.F.);
#6229=ORIENTED_EDGE('',*,*,#4447,.T.);
#6231=ORIENTED_EDGE('',*,*,#6230,.T.);
#6233=ORIENTED_EDGE('',*,*,#6232,.T.);
#6235=ORIENTED_EDGE('',*,*,#6234,.T.);
#6236=EDGE_LOOP('',(#6228,#6229,#6231,#6233,#6235));
#6237=FACE_OUTER_BOUND('',#6236,.F.);
#6239=CARTESIAN_POINT('',(2.1E0,0.E0,-4.4E0));
#6240=DIRECTION('',(1.E0,0.E0,0.E0));
#6241=DIRECTION('',(0.E0,1.E0,0.E0));
#6242=AXIS2_PLACEMENT_3D('',#6239,#6240,#6241);
#6243=PLANE('',#6242);
#6244=ORIENTED_EDGE('',*,*,#5052,.T.);
#6246=ORIENTED_EDGE('',*,*,#6245,.T.);
#6248=ORIENTED_EDGE('',*,*,#6247,.T.);
#6250=ORIENTED_EDGE('',*,*,#6249,.T.);
#6251=EDGE_LOOP('',(#6244,#6246,#6248,#6250));
#6252=FACE_OUTER_BOUND('',#6251,.F.);
#6254=CARTESIAN_POINT('',(2.1E0,-5.5E-1,-5.494643497153E0));
#6255=DIRECTION('',(0.E0,-3.634720039469E-2,9.993392221981E-1));
#6256=DIRECTION('',(0.E0,-9.993392221981E-1,-3.634720039469E-2));
#6257=AXIS2_PLACEMENT_3D('',#6254,#6255,#6256);
#6258=PLANE('',#6257);
#6259=ORIENTED_EDGE('',*,*,#4445,.T.);
#6261=ORIENTED_EDGE('',*,*,#6260,.T.);
#6263=ORIENTED_EDGE('',*,*,#6262,.F.);
#6264=ORIENTED_EDGE('',*,*,#6230,.F.);
#6265=EDGE_LOOP('',(#6259,#6261,#6263,#6264));
#6266=FACE_OUTER_BOUND('',#6265,.F.);
#6268=CARTESIAN_POINT('',(2.4E0,0.E0,-4.4E0));
#6269=DIRECTION('',(1.E0,0.E0,0.E0));
#6270=DIRECTION('',(0.E0,1.E0,0.E0));
#6271=AXIS2_PLACEMENT_3D('',#6268,#6269,#6270);
#6272=PLANE('',#6271);
#6273=ORIENTED_EDGE('',*,*,#4646,.T.);
#6275=ORIENTED_EDGE('',*,*,#6274,.F.);
#6277=ORIENTED_EDGE('',*,*,#6276,.F.);
#6278=ORIENTED_EDGE('',*,*,#6260,.F.);
#6279=ORIENTED_EDGE('',*,*,#4443,.F.);
#6280=EDGE_LOOP('',(#6273,#6275,#6277,#6278,#6279));
#6281=FACE_OUTER_BOUND('',#6280,.F.);
#6283=CARTESIAN_POINT('',(2.4E0,0.E0,-4.4E0));
#6284=DIRECTION('',(1.E0,0.E0,0.E0));
#6285=DIRECTION('',(0.E0,1.E0,0.E0));
#6286=AXIS2_PLACEMENT_3D('',#6283,#6284,#6285);
#6287=PLANE('',#6286);
#6288=ORIENTED_EDGE('',*,*,#5056,.F.);
#6290=ORIENTED_EDGE('',*,*,#6289,.F.);
#6292=ORIENTED_EDGE('',*,*,#6291,.F.);
#6294=ORIENTED_EDGE('',*,*,#6293,.F.);
#6295=EDGE_LOOP('',(#6288,#6290,#6292,#6294));
#6296=FACE_OUTER_BOUND('',#6295,.F.);
#6298=CARTESIAN_POINT('',(2.1E0,-3.254547919942E0,-5.893209606013E0));
#6299=DIRECTION('',(0.E0,3.634720039469E-2,-9.993392221981E-1));
#6300=DIRECTION('',(0.E0,9.993392221981E-1,3.634720039469E-2));
#6301=AXIS2_PLACEMENT_3D('',#6298,#6299,#6300);
#6302=PLANE('',#6301);
#6303=ORIENTED_EDGE('',*,*,#4644,.F.);
#6304=ORIENTED_EDGE('',*,*,#6234,.F.);
#6306=ORIENTED_EDGE('',*,*,#6305,.T.);
#6307=ORIENTED_EDGE('',*,*,#6274,.T.);
#6308=EDGE_LOOP('',(#6303,#6304,#6306,#6307));
#6309=FACE_OUTER_BOUND('',#6308,.F.);
#6311=CARTESIAN_POINT('',(2.1E0,-3.265452080061E0,-5.593407839354E0));
#6312=DIRECTION('',(0.E0,-9.993392221981E-1,-3.634720039469E-2));
#6313=DIRECTION('',(0.E0,3.634720039469E-2,-9.993392221981E-1));
#6314=AXIS2_PLACEMENT_3D('',#6311,#6312,#6313);
#6315=PLANE('',#6314);
#6316=ORIENTED_EDGE('',*,*,#6232,.F.);
#6317=ORIENTED_EDGE('',*,*,#6262,.T.);
#6318=ORIENTED_EDGE('',*,*,#6276,.T.);
#6319=ORIENTED_EDGE('',*,*,#6305,.F.);
#6320=EDGE_LOOP('',(#6316,#6317,#6318,#6319));
#6321=FACE_OUTER_BOUND('',#6320,.F.);
#6323=CARTESIAN_POINT('',(2.1E0,-5.5E-1,-2.1E0));
#6324=DIRECTION('',(0.E0,-1.E0,0.E0));
#6325=DIRECTION('',(0.E0,0.E0,-1.E0));
#6326=AXIS2_PLACEMENT_3D('',#6323,#6324,#6325);
#6327=PLANE('',#6326);
#6328=ORIENTED_EDGE('',*,*,#5054,.F.);
#6329=ORIENTED_EDGE('',*,*,#6249,.F.);
#6331=ORIENTED_EDGE('',*,*,#6330,.T.);
#6332=ORIENTED_EDGE('',*,*,#6289,.T.);
#6333=EDGE_LOOP('',(#6328,#6329,#6331,#6332));
#6334=FACE_OUTER_BOUND('',#6333,.F.);
#6336=CARTESIAN_POINT('',(2.1E0,-2.5E-1,-2.1E0));
#6337=DIRECTION('',(0.E0,0.E0,1.E0));
#6338=DIRECTION('',(0.E0,-1.E0,0.E0));
#6339=AXIS2_PLACEMENT_3D('',#6336,#6337,#6338);
#6340=PLANE('',#6339);
#6341=ORIENTED_EDGE('',*,*,#6247,.F.);
#6343=ORIENTED_EDGE('',*,*,#6342,.T.);
#6344=ORIENTED_EDGE('',*,*,#6291,.T.);
#6345=ORIENTED_EDGE('',*,*,#6330,.F.);
#6346=EDGE_LOOP('',(#6341,#6343,#6344,#6345));
#6347=FACE_OUTER_BOUND('',#6346,.F.);
#6349=CARTESIAN_POINT('',(2.1E0,-2.5E-1,-5.783930491459E0));
#6350=DIRECTION('',(0.E0,1.E0,0.E0));
#6351=DIRECTION('',(0.E0,0.E0,1.E0));
#6352=AXIS2_PLACEMENT_3D('',#6349,#6350,#6351);
#6353=PLANE('',#6352);
#6354=ORIENTED_EDGE('',*,*,#5058,.T.);
#6355=ORIENTED_EDGE('',*,*,#6293,.T.);
#6356=ORIENTED_EDGE('',*,*,#6342,.F.);
#6357=ORIENTED_EDGE('',*,*,#6245,.F.);
#6358=EDGE_LOOP('',(#6354,#6355,#6356,#6357));
#6359=FACE_OUTER_BOUND('',#6358,.F.);
#6361=CARTESIAN_POINT('',(3.6E0,-5.5E-1,-2.1E0));
#6362=DIRECTION('',(0.E0,-1.E0,0.E0));
#6363=DIRECTION('',(0.E0,0.E0,-1.E0));
#6364=AXIS2_PLACEMENT_3D('',#6361,#6362,#6363);
#6365=PLANE('',#6364);
#6366=ORIENTED_EDGE('',*,*,#5063,.F.);
#6367=ORIENTED_EDGE('',*,*,#4563,.F.);
#6369=ORIENTED_EDGE('',*,*,#6368,.T.);
#6371=ORIENTED_EDGE('',*,*,#6370,.T.);
#6372=EDGE_LOOP('',(#6366,#6367,#6369,#6371));
#6373=FACE_OUTER_BOUND('',#6372,.F.);
#6375=CARTESIAN_POINT('',(3.6E0,-2.5E-1,-2.1E0));
#6376=DIRECTION('',(0.E0,0.E0,1.E0));
#6377=DIRECTION('',(0.E0,-1.E0,0.E0));
#6378=AXIS2_PLACEMENT_3D('',#6375,#6376,#6377);
#6379=PLANE('',#6378);
#6380=ORIENTED_EDGE('',*,*,#4561,.F.);
#6382=ORIENTED_EDGE('',*,*,#6381,.T.);
#6384=ORIENTED_EDGE('',*,*,#6383,.T.);
#6385=ORIENTED_EDGE('',*,*,#6368,.F.);
#6386=EDGE_LOOP('',(#6380,#6382,#6384,#6385));
#6387=FACE_OUTER_BOUND('',#6386,.F.);
#6389=CARTESIAN_POINT('',(3.6E0,-2.5E-1,-5.783930491459E0));
#6390=DIRECTION('',(0.E0,1.E0,0.E0));
#6391=DIRECTION('',(0.E0,0.E0,1.E0));
#6392=AXIS2_PLACEMENT_3D('',#6389,#6390,#6391);
#6393=PLANE('',#6392);
#6394=ORIENTED_EDGE('',*,*,#5067,.T.);
#6396=ORIENTED_EDGE('',*,*,#6395,.T.);
#6397=ORIENTED_EDGE('',*,*,#6381,.F.);
#6398=ORIENTED_EDGE('',*,*,#4559,.F.);
#6399=EDGE_LOOP('',(#6394,#6396,#6397,#6398));
#6400=FACE_OUTER_BOUND('',#6399,.F.);
#6402=CARTESIAN_POINT('',(3.9E0,0.E0,-4.4E0));
#6403=DIRECTION('',(1.E0,0.E0,0.E0));
#6404=DIRECTION('',(0.E0,1.E0,0.E0));
#6405=AXIS2_PLACEMENT_3D('',#6402,#6403,#6404);
#6406=PLANE('',#6405);
#6407=ORIENTED_EDGE('',*,*,#4652,.T.);
#6409=ORIENTED_EDGE('',*,*,#6408,.F.);
#6411=ORIENTED_EDGE('',*,*,#6410,.F.);
#6413=ORIENTED_EDGE('',*,*,#6412,.F.);
#6414=ORIENTED_EDGE('',*,*,#4528,.F.);
#6415=EDGE_LOOP('',(#6407,#6409,#6411,#6413,#6414));
#6416=FACE_OUTER_BOUND('',#6415,.F.);
#6418=CARTESIAN_POINT('',(3.9E0,0.E0,-4.4E0));
#6419=DIRECTION('',(1.E0,0.E0,0.E0));
#6420=DIRECTION('',(0.E0,1.E0,0.E0));
#6421=AXIS2_PLACEMENT_3D('',#6418,#6419,#6420);
#6422=PLANE('',#6421);
#6423=ORIENTED_EDGE('',*,*,#5065,.F.);
#6424=ORIENTED_EDGE('',*,*,#6370,.F.);
#6425=ORIENTED_EDGE('',*,*,#6383,.F.);
#6426=ORIENTED_EDGE('',*,*,#6395,.F.);
#6427=EDGE_LOOP('',(#6423,#6424,#6425,#6426));
#6428=FACE_OUTER_BOUND('',#6427,.F.);
#6430=CARTESIAN_POINT('',(3.6E0,-3.254547919942E0,-5.893209606013E0));
#6431=DIRECTION('',(0.E0,3.634720039469E-2,-9.993392221981E-1));
#6432=DIRECTION('',(0.E0,9.993392221981E-1,3.634720039469E-2));
#6433=AXIS2_PLACEMENT_3D('',#6430,#6431,#6432);
#6434=PLANE('',#6433);
#6435=ORIENTED_EDGE('',*,*,#4650,.F.);
#6436=ORIENTED_EDGE('',*,*,#4547,.F.);
#6438=ORIENTED_EDGE('',*,*,#6437,.T.);
#6439=ORIENTED_EDGE('',*,*,#6408,.T.);
#6440=EDGE_LOOP('',(#6435,#6436,#6438,#6439));
#6441=FACE_OUTER_BOUND('',#6440,.F.);
#6443=CARTESIAN_POINT('',(3.6E0,-3.265452080061E0,-5.593407839354E0));
#6444=DIRECTION('',(0.E0,-9.993392221981E-1,-3.634720039469E-2));
#6445=DIRECTION('',(0.E0,3.634720039469E-2,-9.993392221981E-1));
#6446=AXIS2_PLACEMENT_3D('',#6443,#6444,#6445);
#6447=PLANE('',#6446);
#6448=ORIENTED_EDGE('',*,*,#4545,.F.);
#6450=ORIENTED_EDGE('',*,*,#6449,.T.);
#6451=ORIENTED_EDGE('',*,*,#6410,.T.);
#6452=ORIENTED_EDGE('',*,*,#6437,.F.);
#6453=EDGE_LOOP('',(#6448,#6450,#6451,#6452));
#6454=FACE_OUTER_BOUND('',#6453,.F.);
#6456=CARTESIAN_POINT('',(3.6E0,-5.5E-1,-5.494643497153E0));
#6457=DIRECTION('',(0.E0,-3.634720039469E-2,9.993392221981E-1));
#6458=DIRECTION('',(0.E0,-9.993392221981E-1,-3.634720039469E-2));
#6459=AXIS2_PLACEMENT_3D('',#6456,#6457,#6458);
#6460=PLANE('',#6459);
#6461=ORIENTED_EDGE('',*,*,#4530,.T.);
#6462=ORIENTED_EDGE('',*,*,#6412,.T.);
#6463=ORIENTED_EDGE('',*,*,#6449,.F.);
#6464=ORIENTED_EDGE('',*,*,#4543,.F.);
#6465=EDGE_LOOP('',(#6461,#6462,#6463,#6464));
#6466=FACE_OUTER_BOUND('',#6465,.F.);
#6468=CARTESIAN_POINT('',(5.1E0,-5.5E-1,-2.1E0));
#6469=DIRECTION('',(0.E0,-1.E0,0.E0));
#6470=DIRECTION('',(0.E0,0.E0,-1.E0));
#6471=AXIS2_PLACEMENT_3D('',#6468,#6469,#6470);
#6472=PLANE('',#6471);
#6473=ORIENTED_EDGE('',*,*,#5072,.F.);
#6474=ORIENTED_EDGE('',*,*,#4686,.F.);
#6476=ORIENTED_EDGE('',*,*,#6475,.T.);
#6478=ORIENTED_EDGE('',*,*,#6477,.T.);
#6479=EDGE_LOOP('',(#6473,#6474,#6476,#6478));
#6480=FACE_OUTER_BOUND('',#6479,.F.);
#6482=CARTESIAN_POINT('',(5.1E0,-2.5E-1,-2.1E0));
#6483=DIRECTION('',(0.E0,0.E0,1.E0));
#6484=DIRECTION('',(0.E0,-1.E0,0.E0));
#6485=AXIS2_PLACEMENT_3D('',#6482,#6483,#6484);
#6486=PLANE('',#6485);
#6487=ORIENTED_EDGE('',*,*,#4684,.F.);
#6489=ORIENTED_EDGE('',*,*,#6488,.T.);
#6491=ORIENTED_EDGE('',*,*,#6490,.T.);
#6492=ORIENTED_EDGE('',*,*,#6475,.F.);
#6493=EDGE_LOOP('',(#6487,#6489,#6491,#6492));
#6494=FACE_OUTER_BOUND('',#6493,.F.);
#6496=CARTESIAN_POINT('',(5.1E0,-2.5E-1,-5.783930491459E0));
#6497=DIRECTION('',(0.E0,1.E0,0.E0));
#6498=DIRECTION('',(0.E0,0.E0,1.E0));
#6499=AXIS2_PLACEMENT_3D('',#6496,#6497,#6498);
#6500=PLANE('',#6499);
#6501=ORIENTED_EDGE('',*,*,#5076,.T.);
#6503=ORIENTED_EDGE('',*,*,#6502,.T.);
#6504=ORIENTED_EDGE('',*,*,#6488,.F.);
#6505=ORIENTED_EDGE('',*,*,#4682,.F.);
#6506=EDGE_LOOP('',(#6501,#6503,#6504,#6505));
#6507=FACE_OUTER_BOUND('',#6506,.F.);
#6509=CARTESIAN_POINT('',(5.4E0,0.E0,-4.4E0));
#6510=DIRECTION('',(1.E0,0.E0,0.E0));
#6511=DIRECTION('',(0.E0,1.E0,0.E0));
#6512=AXIS2_PLACEMENT_3D('',#6509,#6510,#6511);
#6513=PLANE('',#6512);
#6514=ORIENTED_EDGE('',*,*,#4577,.T.);
#6516=ORIENTED_EDGE('',*,*,#6515,.F.);
#6517=ORIENTED_EDGE('',*,*,#4721,.F.);
#6518=EDGE_LOOP('',(#6514,#6516,#6517));
#6519=FACE_OUTER_BOUND('',#6518,.F.);
#6521=CARTESIAN_POINT('',(5.4E0,0.E0,-4.4E0));
#6522=DIRECTION('',(1.E0,0.E0,0.E0));
#6523=DIRECTION('',(0.E0,1.E0,0.E0));
#6524=AXIS2_PLACEMENT_3D('',#6521,#6522,#6523);
#6525=PLANE('',#6524);
#6526=ORIENTED_EDGE('',*,*,#5074,.F.);
#6527=ORIENTED_EDGE('',*,*,#6477,.F.);
#6528=ORIENTED_EDGE('',*,*,#6490,.F.);
#6529=ORIENTED_EDGE('',*,*,#6502,.F.);
#6530=EDGE_LOOP('',(#6526,#6527,#6528,#6529));
#6531=FACE_OUTER_BOUND('',#6530,.F.);
#6533=CARTESIAN_POINT('',(5.4E0,0.E0,-4.4E0));
#6534=DIRECTION('',(1.E0,0.E0,0.E0));
#6535=DIRECTION('',(0.E0,1.E0,0.E0));
#6536=AXIS2_PLACEMENT_3D('',#6533,#6534,#6535);
#6537=PLANE('',#6536);
#6539=ORIENTED_EDGE('',*,*,#6538,.F.);
#6541=ORIENTED_EDGE('',*,*,#6540,.F.);
#6543=ORIENTED_EDGE('',*,*,#6542,.F.);
#6544=ORIENTED_EDGE('',*,*,#4818,.T.);
#6545=EDGE_LOOP('',(#6539,#6541,#6543,#6544));
#6546=FACE_OUTER_BOUND('',#6545,.F.);
#6548=CARTESIAN_POINT('',(5.1E0,-3.254547919942E0,-5.893209606013E0));
#6549=DIRECTION('',(0.E0,3.634720039469E-2,-9.993392221981E-1));
#6550=DIRECTION('',(0.E0,9.993392221981E-1,3.634720039469E-2));
#6551=AXIS2_PLACEMENT_3D('',#6548,#6549,#6550);
#6552=PLANE('',#6551);
#6553=ORIENTED_EDGE('',*,*,#4575,.F.);
#6554=ORIENTED_EDGE('',*,*,#4670,.F.);
#6555=ORIENTED_EDGE('',*,*,#4723,.T.);
#6556=ORIENTED_EDGE('',*,*,#6515,.T.);
#6557=EDGE_LOOP('',(#6553,#6554,#6555,#6556));
#6558=FACE_OUTER_BOUND('',#6557,.F.);
#6560=CARTESIAN_POINT('',(5.1E0,-3.254547919942E0,-5.893209606013E0));
#6561=DIRECTION('',(0.E0,3.634720039469E-2,-9.993392221981E-1));
#6562=DIRECTION('',(0.E0,9.993392221981E-1,3.634720039469E-2));
#6563=AXIS2_PLACEMENT_3D('',#6560,#6561,#6562);
#6564=PLANE('',#6563);
#6565=ORIENTED_EDGE('',*,*,#4696,.F.);
#6567=ORIENTED_EDGE('',*,*,#6566,.T.);
#6568=ORIENTED_EDGE('',*,*,#6538,.T.);
#6569=ORIENTED_EDGE('',*,*,#4816,.F.);
#6570=EDGE_LOOP('',(#6565,#6567,#6568,#6569));
#6571=FACE_OUTER_BOUND('',#6570,.F.);
#6573=CARTESIAN_POINT('',(5.1E0,-3.265452080061E0,-5.593407839354E0));
#6574=DIRECTION('',(0.E0,-9.993392221981E-1,-3.634720039469E-2));
#6575=DIRECTION('',(0.E0,3.634720039469E-2,-9.993392221981E-1));
#6576=AXIS2_PLACEMENT_3D('',#6573,#6574,#6575);
#6577=PLANE('',#6576);
#6578=ORIENTED_EDGE('',*,*,#4702,.F.);
#6580=ORIENTED_EDGE('',*,*,#6579,.T.);
#6581=ORIENTED_EDGE('',*,*,#6540,.T.);
#6582=ORIENTED_EDGE('',*,*,#6566,.F.);
#6583=EDGE_LOOP('',(#6578,#6580,#6581,#6582));
#6584=FACE_OUTER_BOUND('',#6583,.F.);
#6586=CARTESIAN_POINT('',(5.1E0,-5.5E-1,-5.494643497153E0));
#6587=DIRECTION('',(0.E0,-3.634720039469E-2,9.993392221981E-1));
#6588=DIRECTION('',(0.E0,-9.993392221981E-1,-3.634720039469E-2));
#6589=AXIS2_PLACEMENT_3D('',#6586,#6587,#6588);
#6590=PLANE('',#6589);
#6591=ORIENTED_EDGE('',*,*,#4700,.F.);
#6592=ORIENTED_EDGE('',*,*,#4820,.T.);
#6593=ORIENTED_EDGE('',*,*,#6542,.T.);
#6594=ORIENTED_EDGE('',*,*,#6579,.F.);
#6595=EDGE_LOOP('',(#6591,#6592,#6593,#6594));
#6596=FACE_OUTER_BOUND('',#6595,.F.);
#6598=CARTESIAN_POINT('',(-5.15625E0,-1.8E0,-4.4E0));
#6599=DIRECTION('',(1.E0,0.E0,0.E0));
#6600=DIRECTION('',(0.E0,1.E0,0.E0));
#6601=AXIS2_PLACEMENT_3D('',#6598,#6599,#6600);
#6602=PLANE('',#6601);
#6603=ORIENTED_EDGE('',*,*,#5080,.F.);
#6605=ORIENTED_EDGE('',*,*,#6604,.T.);
#6607=ORIENTED_EDGE('',*,*,#6606,.T.);
#6609=ORIENTED_EDGE('',*,*,#6608,.F.);
#6610=EDGE_LOOP('',(#6603,#6605,#6607,#6609));
#6611=FACE_OUTER_BOUND('',#6610,.F.);
#6613=CARTESIAN_POINT('',(-5.25E0,-1.8E0,-4.4E0));
#6614=DIRECTION('',(0.E0,-1.E0,0.E0));
#6615=DIRECTION('',(1.E0,0.E0,0.E0));
#6616=AXIS2_PLACEMENT_3D('',#6613,#6614,#6615);
#6617=PLANE('',#6616);
#6618=ORIENTED_EDGE('',*,*,#5092,.F.);
#6620=ORIENTED_EDGE('',*,*,#6619,.T.);
#6622=ORIENTED_EDGE('',*,*,#6621,.T.);
#6623=ORIENTED_EDGE('',*,*,#6604,.F.);
#6624=EDGE_LOOP('',(#6618,#6620,#6622,#6623));
#6625=FACE_OUTER_BOUND('',#6624,.F.);
#6627=CARTESIAN_POINT('',(-5.25E0,-1.177659559250E0,-4.4E0));
#6628=DIRECTION('',(-1.E0,0.E0,0.E0));
#6629=DIRECTION('',(0.E0,-1.E0,0.E0));
#6630=AXIS2_PLACEMENT_3D('',#6627,#6628,#6629);
#6631=PLANE('',#6630);
#6632=ORIENTED_EDGE('',*,*,#5090,.F.);
#6634=ORIENTED_EDGE('',*,*,#6633,.T.);
#6636=ORIENTED_EDGE('',*,*,#6635,.T.);
#6637=ORIENTED_EDGE('',*,*,#6619,.F.);
#6638=EDGE_LOOP('',(#6632,#6634,#6636,#6637));
#6639=FACE_OUTER_BOUND('',#6638,.F.);
#6641=CARTESIAN_POINT('',(-5.34375E0,-1.289361718297E0,-4.4E0));
#6642=DIRECTION('',(7.659743427825E-1,-6.428711427642E-1,0.E0));
#6643=DIRECTION('',(6.428711427642E-1,7.659743427825E-1,0.E0));
#6644=AXIS2_PLACEMENT_3D('',#6641,#6642,#6643);
#6645=PLANE('',#6644);
#6646=ORIENTED_EDGE('',*,*,#5088,.F.);
#6648=ORIENTED_EDGE('',*,*,#6647,.T.);
#6650=ORIENTED_EDGE('',*,*,#6649,.T.);
#6651=ORIENTED_EDGE('',*,*,#6633,.F.);
#6652=EDGE_LOOP('',(#6646,#6648,#6650,#6651));
#6653=FACE_OUTER_BOUND('',#6652,.F.);
#6655=CARTESIAN_POINT('',(-5.34375E0,-1.161702114344E0,-4.4E0));
#6656=DIRECTION('',(-1.E0,0.E0,0.E0));
#6657=DIRECTION('',(0.E0,-1.E0,0.E0));
#6658=AXIS2_PLACEMENT_3D('',#6655,#6656,#6657);
#6659=PLANE('',#6658);
#6660=ORIENTED_EDGE('',*,*,#5086,.F.);
#6662=ORIENTED_EDGE('',*,*,#6661,.T.);
#6664=ORIENTED_EDGE('',*,*,#6663,.T.);
#6665=ORIENTED_EDGE('',*,*,#6647,.F.);
#6666=EDGE_LOOP('',(#6660,#6662,#6664,#6665));
#6667=FACE_OUTER_BOUND('',#6666,.F.);
#6669=CARTESIAN_POINT('',(-5.25E0,-1.05E0,-4.4E0));
#6670=DIRECTION('',(-7.659742160926E-1,6.428712937139E-1,0.E0));
#6671=DIRECTION('',(-6.428712937139E-1,-7.659742160926E-1,0.E0));
#6672=AXIS2_PLACEMENT_3D('',#6669,#6670,#6671);
#6673=PLANE('',#6672);
#6674=ORIENTED_EDGE('',*,*,#5084,.F.);
#6676=ORIENTED_EDGE('',*,*,#6675,.T.);
#6678=ORIENTED_EDGE('',*,*,#6677,.T.);
#6679=ORIENTED_EDGE('',*,*,#6661,.F.);
#6680=EDGE_LOOP('',(#6674,#6676,#6678,#6679));
#6681=FACE_OUTER_BOUND('',#6680,.F.);
#6683=CARTESIAN_POINT('',(-5.15625E0,-1.05E0,-4.4E0));
#6684=DIRECTION('',(0.E0,1.E0,0.E0));
#6685=DIRECTION('',(-1.E0,0.E0,0.E0));
#6686=AXIS2_PLACEMENT_3D('',#6683,#6684,#6685);
#6687=PLANE('',#6686);
#6688=ORIENTED_EDGE('',*,*,#5082,.F.);
#6689=ORIENTED_EDGE('',*,*,#6608,.T.);
#6691=ORIENTED_EDGE('',*,*,#6690,.T.);
#6692=ORIENTED_EDGE('',*,*,#6675,.F.);
#6693=EDGE_LOOP('',(#6688,#6689,#6691,#6692));
#6694=FACE_OUTER_BOUND('',#6693,.F.);
#6696=CARTESIAN_POINT('',(0.E0,0.E0,-4.39E0));
#6697=DIRECTION('',(0.E0,0.E0,1.E0));
#6698=DIRECTION('',(1.E0,0.E0,0.E0));
#6699=AXIS2_PLACEMENT_3D('',#6696,#6697,#6698);
#6700=PLANE('',#6699);
#6701=ORIENTED_EDGE('',*,*,#6606,.F.);
#6702=ORIENTED_EDGE('',*,*,#6621,.F.);
#6703=ORIENTED_EDGE('',*,*,#6635,.F.);
#6704=ORIENTED_EDGE('',*,*,#6649,.F.);
#6705=ORIENTED_EDGE('',*,*,#6663,.F.);
#6706=ORIENTED_EDGE('',*,*,#6677,.F.);
#6707=ORIENTED_EDGE('',*,*,#6690,.F.);
#6708=EDGE_LOOP('',(#6701,#6702,#6703,#6704,#6705,#6706,#6707));
#6709=FACE_OUTER_BOUND('',#6708,.F.);
#6711=CARTESIAN_POINT('',(7.7E0,-2.4E0,0.E0));
#6712=DIRECTION('',(1.E0,0.E0,0.E0));
#6713=DIRECTION('',(0.E0,1.E0,0.E0));
#6714=AXIS2_PLACEMENT_3D('',#6711,#6712,#6713);
#6715=PLANE('',#6714);
#6717=ORIENTED_EDGE('',*,*,#6716,.F.);
#6719=ORIENTED_EDGE('',*,*,#6718,.T.);
#6721=ORIENTED_EDGE('',*,*,#6720,.T.);
#6723=ORIENTED_EDGE('',*,*,#6722,.F.);
#6725=ORIENTED_EDGE('',*,*,#6724,.T.);
#6727=ORIENTED_EDGE('',*,*,#6726,.F.);
#6728=ORIENTED_EDGE('',*,*,#4584,.F.);
#6729=ORIENTED_EDGE('',*,*,#4516,.F.);
#6731=ORIENTED_EDGE('',*,*,#6730,.T.);
#6733=ORIENTED_EDGE('',*,*,#6732,.T.);
#6735=ORIENTED_EDGE('',*,*,#6734,.F.);
#6737=ORIENTED_EDGE('',*,*,#6736,.T.);
#6739=ORIENTED_EDGE('',*,*,#6738,.F.);
#6741=ORIENTED_EDGE('',*,*,#6740,.F.);
#6742=ORIENTED_EDGE('',*,*,#4369,.T.);
#6744=ORIENTED_EDGE('',*,*,#6743,.T.);
#6745=EDGE_LOOP('',(#6717,#6719,#6721,#6723,#6725,#6727,#6728,#6729,#6731,#6733,
#6735,#6737,#6739,#6741,#6742,#6744));
#6746=FACE_OUTER_BOUND('',#6745,.F.);
#6748=CARTESIAN_POINT('',(7.3625E0,2.25E0,-3.8E0));
#6749=DIRECTION('',(0.E0,3.162277660168E-1,-9.486832980505E-1));
#6750=DIRECTION('',(0.E0,-9.486832980505E-1,-3.162277660168E-1));
#6751=AXIS2_PLACEMENT_3D('',#6748,#6749,#6750);
#6752=PLANE('',#6751);
#6753=ORIENTED_EDGE('',*,*,#6716,.T.);
#6755=ORIENTED_EDGE('',*,*,#6754,.T.);
#6757=ORIENTED_EDGE('',*,*,#6756,.F.);
#6759=ORIENTED_EDGE('',*,*,#6758,.F.);
#6760=EDGE_LOOP('',(#6753,#6755,#6757,#6759));
#6761=FACE_OUTER_BOUND('',#6760,.F.);
#6763=CARTESIAN_POINT('',(7.7E0,2.4E0,0.E0));
#6764=DIRECTION('',(0.E0,1.E0,0.E0));
#6765=DIRECTION('',(-1.E0,0.E0,0.E0));
#6766=AXIS2_PLACEMENT_3D('',#6763,#6764,#6765);
#6767=PLANE('',#6766);
#6769=ORIENTED_EDGE('',*,*,#6768,.F.);
#6770=ORIENTED_EDGE('',*,*,#4590,.F.);
#6772=ORIENTED_EDGE('',*,*,#6771,.F.);
#6774=ORIENTED_EDGE('',*,*,#6773,.F.);
#6776=ORIENTED_EDGE('',*,*,#6775,.T.);
#6778=ORIENTED_EDGE('',*,*,#6777,.F.);
#6779=ORIENTED_EDGE('',*,*,#6754,.F.);
#6780=ORIENTED_EDGE('',*,*,#6743,.F.);
#6781=ORIENTED_EDGE('',*,*,#4367,.T.);
#6783=ORIENTED_EDGE('',*,*,#6782,.T.);
#6785=ORIENTED_EDGE('',*,*,#6784,.F.);
#6787=ORIENTED_EDGE('',*,*,#6786,.F.);
#6789=ORIENTED_EDGE('',*,*,#6788,.T.);
#6791=ORIENTED_EDGE('',*,*,#6790,.F.);
#6792=EDGE_LOOP('',(#6769,#6770,#6772,#6774,#6776,#6778,#6779,#6780,#6781,#6783,
#6785,#6787,#6789,#6791));
#6793=FACE_OUTER_BOUND('',#6792,.F.);
#6795=CARTESIAN_POINT('',(-6.835E0,7.5E-1,-5.61E0));
#6796=DIRECTION('',(-7.071067811865E-1,0.E0,-7.071067811865E-1));
#6797=DIRECTION('',(-7.071067811865E-1,0.E0,7.071067811865E-1));
#6798=AXIS2_PLACEMENT_3D('',#6795,#6796,#6797);
#6799=PLANE('',#6798);
#6801=ORIENTED_EDGE('',*,*,#6800,.F.);
#6803=ORIENTED_EDGE('',*,*,#6802,.F.);
#6805=ORIENTED_EDGE('',*,*,#6804,.T.);
#6806=ORIENTED_EDGE('',*,*,#4592,.T.);
#6807=ORIENTED_EDGE('',*,*,#6768,.T.);
#6809=ORIENTED_EDGE('',*,*,#6808,.T.);
#6811=ORIENTED_EDGE('',*,*,#6810,.F.);
#6812=EDGE_LOOP('',(#6801,#6803,#6805,#6806,#6807,#6809,#6811));
#6813=FACE_OUTER_BOUND('',#6812,.F.);
#6815=CARTESIAN_POINT('',(-7.025E0,1.55E0,-3.85E0));
#6816=DIRECTION('',(1.E0,0.E0,0.E0));
#6817=DIRECTION('',(0.E0,0.E0,-1.E0));
#6818=AXIS2_PLACEMENT_3D('',#6815,#6816,#6817);
#6819=PLANE('',#6818);
#6821=ORIENTED_EDGE('',*,*,#6820,.T.);
#6823=ORIENTED_EDGE('',*,*,#6822,.T.);
#6825=ORIENTED_EDGE('',*,*,#6824,.F.);
#6826=ORIENTED_EDGE('',*,*,#6800,.T.);
#6827=EDGE_LOOP('',(#6821,#6823,#6825,#6826));
#6828=FACE_OUTER_BOUND('',#6827,.F.);
#6830=CARTESIAN_POINT('',(-7.025E0,1.55E0,-3.85E0));
#6831=DIRECTION('',(1.E0,0.E0,0.E0));
#6832=DIRECTION('',(0.E0,0.E0,-1.E0));
#6833=AXIS2_PLACEMENT_3D('',#6830,#6831,#6832);
#6834=PLANE('',#6833);
#6836=ORIENTED_EDGE('',*,*,#6835,.F.);
#6838=ORIENTED_EDGE('',*,*,#6837,.T.);
#6840=ORIENTED_EDGE('',*,*,#6839,.T.);
#6842=ORIENTED_EDGE('',*,*,#6841,.F.);
#6843=EDGE_LOOP('',(#6836,#6838,#6840,#6842));
#6844=FACE_OUTER_BOUND('',#6843,.F.);
#6846=CARTESIAN_POINT('',(0.E0,1.55E0,0.E0));
#6847=DIRECTION('',(0.E0,1.E0,0.E0));
#6848=DIRECTION('',(-1.E0,0.E0,0.E0));
#6849=AXIS2_PLACEMENT_3D('',#6846,#6847,#6848);
#6850=PLANE('',#6849);
#6852=ORIENTED_EDGE('',*,*,#6851,.F.);
#6854=ORIENTED_EDGE('',*,*,#6853,.F.);
#6856=ORIENTED_EDGE('',*,*,#6855,.F.);
#6858=ORIENTED_EDGE('',*,*,#6857,.F.);
#6860=ORIENTED_EDGE('',*,*,#6859,.F.);
#6862=ORIENTED_EDGE('',*,*,#6861,.F.);
#6864=ORIENTED_EDGE('',*,*,#6863,.F.);
#6866=ORIENTED_EDGE('',*,*,#6865,.F.);
#6868=ORIENTED_EDGE('',*,*,#6867,.F.);
#6870=ORIENTED_EDGE('',*,*,#6869,.F.);
#6872=ORIENTED_EDGE('',*,*,#6871,.F.);
#6873=EDGE_LOOP('',(#6852,#6854,#6856,#6858,#6860,#6862,#6864,#6866,#6868,#6870,
#6872));
#6874=FACE_OUTER_BOUND('',#6873,.F.);
#6876=CARTESIAN_POINT('',(0.E0,1.55E0,0.E0));
#6877=DIRECTION('',(0.E0,1.E0,0.E0));
#6878=DIRECTION('',(-1.E0,0.E0,0.E0));
#6879=AXIS2_PLACEMENT_3D('',#6876,#6877,#6878);
#6880=PLANE('',#6879);
#6882=ORIENTED_EDGE('',*,*,#6881,.F.);
#6884=ORIENTED_EDGE('',*,*,#6883,.F.);
#6886=ORIENTED_EDGE('',*,*,#6885,.F.);
#6887=ORIENTED_EDGE('',*,*,#6820,.F.);
#6889=ORIENTED_EDGE('',*,*,#6888,.T.);
#6890=ORIENTED_EDGE('',*,*,#6839,.F.);
#6892=ORIENTED_EDGE('',*,*,#6891,.T.);
#6894=ORIENTED_EDGE('',*,*,#6893,.T.);
#6896=ORIENTED_EDGE('',*,*,#6895,.F.);
#6898=ORIENTED_EDGE('',*,*,#6897,.F.);
#6900=ORIENTED_EDGE('',*,*,#6899,.F.);
#6901=EDGE_LOOP('',(#6882,#6884,#6886,#6887,#6889,#6890,#6892,#6894,#6896,#6898,
#6900));
#6902=FACE_OUTER_BOUND('',#6901,.F.);
#6904=CARTESIAN_POINT('',(7.575E0,1.25E0,7.69124E0));
#6905=DIRECTION('',(0.E0,0.E0,-1.E0));
#6906=DIRECTION('',(0.E0,1.E0,0.E0));
#6907=AXIS2_PLACEMENT_3D('',#6904,#6905,#6906);
#6908=CYLINDRICAL_SURFACE('',#6907,3.E-1);
#6910=ORIENTED_EDGE('',*,*,#6909,.T.);
#6912=ORIENTED_EDGE('',*,*,#6911,.F.);
#6914=ORIENTED_EDGE('',*,*,#6913,.T.);
#6915=ORIENTED_EDGE('',*,*,#6851,.T.);
#6916=EDGE_LOOP('',(#6910,#6912,#6914,#6915));
#6917=FACE_OUTER_BOUND('',#6916,.F.);
#6919=CARTESIAN_POINT('',(7.875E0,1.55E0,-5.9E0));
#6920=DIRECTION('',(0.E0,0.E0,-1.E0));
#6921=DIRECTION('',(-1.E0,0.E0,0.E0));
#6922=AXIS2_PLACEMENT_3D('',#6919,#6920,#6921);
#6923=PLANE('',#6922);
#6924=ORIENTED_EDGE('',*,*,#6909,.F.);
#6925=ORIENTED_EDGE('',*,*,#6871,.T.);
#6927=ORIENTED_EDGE('',*,*,#6926,.T.);
#6929=ORIENTED_EDGE('',*,*,#6928,.F.);
#6931=ORIENTED_EDGE('',*,*,#6930,.F.);
#6933=ORIENTED_EDGE('',*,*,#6932,.F.);
#6934=EDGE_LOOP('',(#6924,#6925,#6927,#6929,#6931,#6933));
#6935=FACE_OUTER_BOUND('',#6934,.F.);
#6937=CARTESIAN_POINT('',(7.375E0,1.55E0,-5.55E0));
#6938=DIRECTION('',(0.E0,1.E0,0.E0));
#6939=DIRECTION('',(-1.E0,0.E0,0.E0));
#6940=AXIS2_PLACEMENT_3D('',#6937,#6938,#6939);
#6941=CYLINDRICAL_SURFACE('',#6940,3.5E-1);
#6942=ORIENTED_EDGE('',*,*,#6869,.T.);
#6944=ORIENTED_EDGE('',*,*,#6943,.T.);
#6946=ORIENTED_EDGE('',*,*,#6945,.F.);
#6947=ORIENTED_EDGE('',*,*,#6926,.F.);
#6948=EDGE_LOOP('',(#6942,#6944,#6946,#6947));
#6949=FACE_OUTER_BOUND('',#6948,.F.);
#6951=CARTESIAN_POINT('',(7.025E0,1.55E0,-5.55E0));
#6952=DIRECTION('',(-1.E0,0.E0,0.E0));
#6953=DIRECTION('',(0.E0,0.E0,1.E0));
#6954=AXIS2_PLACEMENT_3D('',#6951,#6952,#6953);
#6955=PLANE('',#6954);
#6956=ORIENTED_EDGE('',*,*,#6867,.T.);
#6958=ORIENTED_EDGE('',*,*,#6957,.F.);
#6960=ORIENTED_EDGE('',*,*,#6959,.F.);
#6961=ORIENTED_EDGE('',*,*,#6943,.F.);
#6962=EDGE_LOOP('',(#6956,#6958,#6960,#6961));
#6963=FACE_OUTER_BOUND('',#6962,.F.);
#6965=CARTESIAN_POINT('',(7.025E0,1.55E0,-5.55E0));
#6966=DIRECTION('',(-1.E0,0.E0,0.E0));
#6967=DIRECTION('',(0.E0,0.E0,1.E0));
#6968=AXIS2_PLACEMENT_3D('',#6965,#6966,#6967);
#6969=PLANE('',#6968);
#6971=ORIENTED_EDGE('',*,*,#6970,.T.);
#6973=ORIENTED_EDGE('',*,*,#6972,.F.);
#6974=ORIENTED_EDGE('',*,*,#6863,.T.);
#6976=ORIENTED_EDGE('',*,*,#6975,.F.);
#6977=EDGE_LOOP('',(#6971,#6973,#6974,#6976));
#6978=FACE_OUTER_BOUND('',#6977,.F.);
#6980=CARTESIAN_POINT('',(6.835E0,7.5E-1,-5.61E0));
#6981=DIRECTION('',(7.071067811865E-1,0.E0,-7.071067811865E-1));
#6982=DIRECTION('',(7.071067811865E-1,0.E0,7.071067811865E-1));
#6983=AXIS2_PLACEMENT_3D('',#6980,#6981,#6982);
#6984=PLANE('',#6983);
#6985=ORIENTED_EDGE('',*,*,#6957,.T.);
#6987=ORIENTED_EDGE('',*,*,#6986,.F.);
#6989=ORIENTED_EDGE('',*,*,#6988,.T.);
#6990=ORIENTED_EDGE('',*,*,#6771,.T.);
#6991=ORIENTED_EDGE('',*,*,#4588,.T.);
#6993=ORIENTED_EDGE('',*,*,#6992,.T.);
#6995=ORIENTED_EDGE('',*,*,#6994,.F.);
#6996=EDGE_LOOP('',(#6985,#6987,#6989,#6990,#6991,#6993,#6995));
#6997=FACE_OUTER_BOUND('',#6996,.F.);
#6999=CARTESIAN_POINT('',(7.025E0,0.E0,0.E0));
#7000=DIRECTION('',(1.E0,0.E0,0.E0));
#7001=DIRECTION('',(0.E0,0.E0,-1.E0));
#7002=AXIS2_PLACEMENT_3D('',#6999,#7000,#7001);
#7003=PLANE('',#7002);
#7005=ORIENTED_EDGE('',*,*,#7004,.T.);
#7007=ORIENTED_EDGE('',*,*,#7006,.T.);
#7009=ORIENTED_EDGE('',*,*,#7008,.T.);
#7011=ORIENTED_EDGE('',*,*,#7010,.T.);
#7012=EDGE_LOOP('',(#7005,#7007,#7009,#7011));
#7013=FACE_OUTER_BOUND('',#7012,.F.);
#7015=CARTESIAN_POINT('',(7.025E0,0.E0,0.E0));
#7016=DIRECTION('',(1.E0,0.E0,0.E0));
#7017=DIRECTION('',(0.E0,0.E0,-1.E0));
#7018=AXIS2_PLACEMENT_3D('',#7015,#7016,#7017);
#7019=PLANE('',#7018);
#7021=ORIENTED_EDGE('',*,*,#7020,.T.);
#7023=ORIENTED_EDGE('',*,*,#7022,.T.);
#7025=ORIENTED_EDGE('',*,*,#7024,.F.);
#7027=ORIENTED_EDGE('',*,*,#7026,.F.);
#7029=ORIENTED_EDGE('',*,*,#7028,.F.);
#7031=ORIENTED_EDGE('',*,*,#7030,.F.);
#7033=ORIENTED_EDGE('',*,*,#7032,.T.);
#7035=ORIENTED_EDGE('',*,*,#7034,.F.);
#7037=ORIENTED_EDGE('',*,*,#7036,.F.);
#7039=ORIENTED_EDGE('',*,*,#7038,.F.);
#7041=ORIENTED_EDGE('',*,*,#7040,.T.);
#7042=EDGE_LOOP('',(#7021,#7023,#7025,#7027,#7029,#7031,#7033,#7035,#7037,#7039,
#7041));
#7043=FACE_OUTER_BOUND('',#7042,.F.);
#7045=CARTESIAN_POINT('',(7.025E0,0.E0,0.E0));
#7046=DIRECTION('',(1.E0,0.E0,0.E0));
#7047=DIRECTION('',(0.E0,0.E0,-1.E0));
#7048=AXIS2_PLACEMENT_3D('',#7045,#7046,#7047);
#7049=PLANE('',#7048);
#7050=ORIENTED_EDGE('',*,*,#6865,.T.);
#7052=ORIENTED_EDGE('',*,*,#7051,.T.);
#7054=ORIENTED_EDGE('',*,*,#7053,.T.);
#7055=ORIENTED_EDGE('',*,*,#6986,.T.);
#7056=EDGE_LOOP('',(#7050,#7052,#7054,#7055));
#7057=FACE_OUTER_BOUND('',#7056,.F.);
#7059=CARTESIAN_POINT('',(7.025E0,0.E0,0.E0));
#7060=DIRECTION('',(1.E0,0.E0,0.E0));
#7061=DIRECTION('',(0.E0,0.E0,-1.E0));
#7062=AXIS2_PLACEMENT_3D('',#7059,#7060,#7061);
#7063=PLANE('',#7062);
#7064=ORIENTED_EDGE('',*,*,#6861,.T.);
#7066=ORIENTED_EDGE('',*,*,#7065,.F.);
#7068=ORIENTED_EDGE('',*,*,#7067,.T.);
#7070=ORIENTED_EDGE('',*,*,#7069,.T.);
#7071=EDGE_LOOP('',(#7064,#7066,#7068,#7070));
#7072=FACE_OUTER_BOUND('',#7071,.F.);
#7074=CARTESIAN_POINT('',(7.025E0,0.E0,0.E0));
#7075=DIRECTION('',(1.E0,0.E0,0.E0));
#7076=DIRECTION('',(0.E0,0.E0,-1.E0));
#7077=AXIS2_PLACEMENT_3D('',#7074,#7075,#7076);
#7078=PLANE('',#7077);
#7080=ORIENTED_EDGE('',*,*,#7079,.F.);
#7081=ORIENTED_EDGE('',*,*,#6994,.T.);
#7083=ORIENTED_EDGE('',*,*,#7082,.F.);
#7085=ORIENTED_EDGE('',*,*,#7084,.F.);
#7087=ORIENTED_EDGE('',*,*,#7086,.F.);
#7089=ORIENTED_EDGE('',*,*,#7088,.F.);
#7090=EDGE_LOOP('',(#7080,#7081,#7083,#7085,#7087,#7089));
#7091=FACE_OUTER_BOUND('',#7090,.F.);
#7093=CARTESIAN_POINT('',(6.975E0,-6.25E-1,-1.5E-1));
#7094=DIRECTION('',(9.486832980505E-1,0.E0,3.162277660168E-1));
#7095=DIRECTION('',(3.162277660168E-1,0.E0,-9.486832980505E-1));
#7096=AXIS2_PLACEMENT_3D('',#7093,#7094,#7095);
#7097=PLANE('',#7096);
#7099=ORIENTED_EDGE('',*,*,#7098,.T.);
#7100=ORIENTED_EDGE('',*,*,#4373,.T.);
#7102=ORIENTED_EDGE('',*,*,#7101,.F.);
#7103=ORIENTED_EDGE('',*,*,#7004,.F.);
#7104=EDGE_LOOP('',(#7099,#7100,#7102,#7103));
#7105=FACE_OUTER_BOUND('',#7104,.F.);
#7107=CARTESIAN_POINT('',(7.025E0,-8.E-1,0.E0));
#7108=DIRECTION('',(0.E0,1.E0,0.E0));
#7109=DIRECTION('',(-1.E0,0.E0,0.E0));
#7110=AXIS2_PLACEMENT_3D('',#7107,#7108,#7109);
#7111=PLANE('',#7110);
#7112=ORIENTED_EDGE('',*,*,#7098,.F.);
#7113=ORIENTED_EDGE('',*,*,#7010,.F.);
#7115=ORIENTED_EDGE('',*,*,#7114,.T.);
#7117=ORIENTED_EDGE('',*,*,#7116,.F.);
#7118=EDGE_LOOP('',(#7112,#7113,#7115,#7117));
#7119=FACE_OUTER_BOUND('',#7118,.F.);
#7121=CARTESIAN_POINT('',(0.E0,0.E0,-2.65E0));
#7122=DIRECTION('',(0.E0,0.E0,1.E0));
#7123=DIRECTION('',(1.E0,0.E0,0.E0));
#7124=AXIS2_PLACEMENT_3D('',#7121,#7122,#7123);
#7125=PLANE('',#7124);
#7126=ORIENTED_EDGE('',*,*,#7032,.F.);
#7128=ORIENTED_EDGE('',*,*,#7127,.F.);
#7130=ORIENTED_EDGE('',*,*,#7129,.F.);
#7132=ORIENTED_EDGE('',*,*,#7131,.F.);
#7133=EDGE_LOOP('',(#7126,#7128,#7130,#7132));
#7134=FACE_OUTER_BOUND('',#7133,.F.);
#7136=CARTESIAN_POINT('',(0.E0,0.E0,-2.65E0));
#7137=DIRECTION('',(0.E0,0.E0,1.E0));
#7138=DIRECTION('',(1.E0,0.E0,0.E0));
#7139=AXIS2_PLACEMENT_3D('',#7136,#7137,#7138);
#7140=PLANE('',#7139);
#7142=ORIENTED_EDGE('',*,*,#7141,.F.);
#7144=ORIENTED_EDGE('',*,*,#7143,.F.);
#7146=ORIENTED_EDGE('',*,*,#7145,.F.);
#7148=ORIENTED_EDGE('',*,*,#7147,.F.);
#7149=EDGE_LOOP('',(#7142,#7144,#7146,#7148));
#7150=FACE_OUTER_BOUND('',#7149,.F.);
#7152=CARTESIAN_POINT('',(0.E0,0.E0,-2.65E0));
#7153=DIRECTION('',(0.E0,0.E0,1.E0));
#7154=DIRECTION('',(1.E0,0.E0,0.E0));
#7155=AXIS2_PLACEMENT_3D('',#7152,#7153,#7154);
#7156=PLANE('',#7155);
#7158=ORIENTED_EDGE('',*,*,#7157,.T.);
#7160=ORIENTED_EDGE('',*,*,#7159,.F.);
#7162=ORIENTED_EDGE('',*,*,#7161,.F.);
#7164=ORIENTED_EDGE('',*,*,#7163,.F.);
#7166=ORIENTED_EDGE('',*,*,#7165,.F.);
#7168=ORIENTED_EDGE('',*,*,#7167,.F.);
#7170=ORIENTED_EDGE('',*,*,#7169,.F.);
#7172=ORIENTED_EDGE('',*,*,#7171,.F.);
#7173=EDGE_LOOP('',(#7158,#7160,#7162,#7164,#7166,#7168,#7170,#7172));
#7174=FACE_OUTER_BOUND('',#7173,.F.);
#7176=CARTESIAN_POINT('',(0.E0,0.E0,-2.65E0));
#7177=DIRECTION('',(0.E0,0.E0,1.E0));
#7178=DIRECTION('',(1.E0,0.E0,0.E0));
#7179=AXIS2_PLACEMENT_3D('',#7176,#7177,#7178);
#7180=PLANE('',#7179);
#7182=ORIENTED_EDGE('',*,*,#7181,.F.);
#7184=ORIENTED_EDGE('',*,*,#7183,.F.);
#7186=ORIENTED_EDGE('',*,*,#7185,.F.);
#7188=ORIENTED_EDGE('',*,*,#7187,.F.);
#7190=ORIENTED_EDGE('',*,*,#7189,.F.);
#7191=ORIENTED_EDGE('',*,*,#7114,.F.);
#7192=ORIENTED_EDGE('',*,*,#7008,.F.);
#7194=ORIENTED_EDGE('',*,*,#7193,.F.);
#7195=EDGE_LOOP('',(#7182,#7184,#7186,#7188,#7190,#7191,#7192,#7194));
#7196=FACE_OUTER_BOUND('',#7195,.F.);
#7198=CARTESIAN_POINT('',(7.7E0,-1.5E0,-2.15E0));
#7199=DIRECTION('',(0.E0,1.E0,0.E0));
#7200=DIRECTION('',(0.E0,0.E0,1.E0));
#7201=AXIS2_PLACEMENT_3D('',#7198,#7199,#7200);
#7202=PLANE('',#7201);
#7204=ORIENTED_EDGE('',*,*,#7203,.T.);
#7206=ORIENTED_EDGE('',*,*,#7205,.F.);
#7208=ORIENTED_EDGE('',*,*,#7207,.T.);
#7209=ORIENTED_EDGE('',*,*,#7127,.T.);
#7210=ORIENTED_EDGE('',*,*,#7030,.T.);
#7212=ORIENTED_EDGE('',*,*,#7211,.T.);
#7213=ORIENTED_EDGE('',*,*,#6732,.F.);
#7214=EDGE_LOOP('',(#7204,#7206,#7208,#7209,#7210,#7212,#7213));
#7215=FACE_OUTER_BOUND('',#7214,.F.);
#7217=CARTESIAN_POINT('',(7.7E0,-2.4E0,-2.15E0));
#7218=DIRECTION('',(0.E0,0.E0,-1.E0));
#7219=DIRECTION('',(0.E0,1.E0,0.E0));
#7220=AXIS2_PLACEMENT_3D('',#7217,#7218,#7219);
#7221=PLANE('',#7220);
#7222=ORIENTED_EDGE('',*,*,#4514,.T.);
#7224=ORIENTED_EDGE('',*,*,#7223,.F.);
#7225=ORIENTED_EDGE('',*,*,#7038,.T.);
#7227=ORIENTED_EDGE('',*,*,#7226,.F.);
#7229=ORIENTED_EDGE('',*,*,#7228,.F.);
#7230=ORIENTED_EDGE('',*,*,#7203,.F.);
#7231=ORIENTED_EDGE('',*,*,#6730,.F.);
#7232=EDGE_LOOP('',(#7222,#7224,#7225,#7227,#7229,#7230,#7231));
#7233=FACE_OUTER_BOUND('',#7232,.F.);
#7235=CARTESIAN_POINT('',(6.9E0,-2.275E0,-1.075E0));
#7236=DIRECTION('',(7.071067811865E-1,-7.071067811865E-1,0.E0));
#7237=DIRECTION('',(7.071067811865E-1,7.071067811865E-1,0.E0));
#7238=AXIS2_PLACEMENT_3D('',#7235,#7236,#7237);
#7239=PLANE('',#7238);
#7241=ORIENTED_EDGE('',*,*,#7240,.F.);
#7242=ORIENTED_EDGE('',*,*,#7040,.F.);
#7243=ORIENTED_EDGE('',*,*,#7223,.T.);
#7244=ORIENTED_EDGE('',*,*,#4512,.T.);
#7245=ORIENTED_EDGE('',*,*,#4379,.T.);
#7246=EDGE_LOOP('',(#7241,#7242,#7243,#7244,#7245));
#7247=FACE_OUTER_BOUND('',#7246,.F.);
#7249=CARTESIAN_POINT('',(6.975E0,-1.575E0,-1.5E-1));
#7250=DIRECTION('',(9.486832980505E-1,0.E0,3.162277660168E-1));
#7251=DIRECTION('',(3.162277660168E-1,0.E0,-9.486832980505E-1));
#7252=AXIS2_PLACEMENT_3D('',#7249,#7250,#7251);
#7253=PLANE('',#7252);
#7255=ORIENTED_EDGE('',*,*,#7254,.T.);
#7256=ORIENTED_EDGE('',*,*,#7020,.F.);
#7257=ORIENTED_EDGE('',*,*,#7240,.T.);
#7258=ORIENTED_EDGE('',*,*,#4377,.T.);
#7259=EDGE_LOOP('',(#7255,#7256,#7257,#7258));
#7260=FACE_OUTER_BOUND('',#7259,.F.);
#7262=CARTESIAN_POINT('',(6.925E0,-1.E0,0.E0));
#7263=DIRECTION('',(0.E0,-1.E0,0.E0));
#7264=DIRECTION('',(1.E0,0.E0,0.E0));
#7265=AXIS2_PLACEMENT_3D('',#7262,#7263,#7264);
#7266=PLANE('',#7265);
#7267=ORIENTED_EDGE('',*,*,#7254,.F.);
#7269=ORIENTED_EDGE('',*,*,#7268,.T.);
#7270=ORIENTED_EDGE('',*,*,#7187,.T.);
#7272=ORIENTED_EDGE('',*,*,#7271,.F.);
#7274=ORIENTED_EDGE('',*,*,#7273,.F.);
#7275=ORIENTED_EDGE('',*,*,#7022,.F.);
#7276=EDGE_LOOP('',(#7267,#7269,#7270,#7272,#7274,#7275));
#7277=FACE_OUTER_BOUND('',#7276,.F.);
#7279=CARTESIAN_POINT('',(6.925E0,-8.E-1,0.E0));
#7280=DIRECTION('',(-1.E0,0.E0,0.E0));
#7281=DIRECTION('',(0.E0,-1.E0,0.E0));
#7282=AXIS2_PLACEMENT_3D('',#7279,#7280,#7281);
#7283=PLANE('',#7282);
#7284=ORIENTED_EDGE('',*,*,#4375,.F.);
#7285=ORIENTED_EDGE('',*,*,#7116,.T.);
#7286=ORIENTED_EDGE('',*,*,#7189,.T.);
#7287=ORIENTED_EDGE('',*,*,#7268,.F.);
#7288=EDGE_LOOP('',(#7284,#7285,#7286,#7287));
#7289=FACE_OUTER_BOUND('',#7288,.F.);
#7291=CARTESIAN_POINT('',(7.4E0,-1.E0,-8.E-1));
#7292=DIRECTION('',(1.E0,0.E0,0.E0));
#7293=DIRECTION('',(0.E0,1.E0,0.E0));
#7294=AXIS2_PLACEMENT_3D('',#7291,#7292,#7293);
#7295=PLANE('',#7294);
#7297=ORIENTED_EDGE('',*,*,#7296,.F.);
#7299=ORIENTED_EDGE('',*,*,#7298,.T.);
#7300=ORIENTED_EDGE('',*,*,#7271,.T.);
#7301=ORIENTED_EDGE('',*,*,#7185,.T.);
#7302=EDGE_LOOP('',(#7297,#7299,#7300,#7301));
#7303=FACE_OUTER_BOUND('',#7302,.F.);
#7305=CARTESIAN_POINT('',(7.4E0,-8.E-1,-8.E-1));
#7306=DIRECTION('',(0.E0,1.E0,0.E0));
#7307=DIRECTION('',(-1.E0,0.E0,0.E0));
#7308=AXIS2_PLACEMENT_3D('',#7305,#7306,#7307);
#7309=PLANE('',#7308);
#7311=ORIENTED_EDGE('',*,*,#7310,.T.);
#7313=ORIENTED_EDGE('',*,*,#7312,.T.);
#7314=ORIENTED_EDGE('',*,*,#7296,.T.);
#7315=ORIENTED_EDGE('',*,*,#7183,.T.);
#7316=EDGE_LOOP('',(#7311,#7313,#7314,#7315));
#7317=FACE_OUTER_BOUND('',#7316,.F.);
#7319=CARTESIAN_POINT('',(7.3E0,-1.E0,0.E0));
#7320=DIRECTION('',(1.E0,0.E0,0.E0));
#7321=DIRECTION('',(0.E0,1.E0,0.E0));
#7322=AXIS2_PLACEMENT_3D('',#7319,#7320,#7321);
#7323=PLANE('',#7322);
#7325=ORIENTED_EDGE('',*,*,#7324,.T.);
#7326=ORIENTED_EDGE('',*,*,#7310,.F.);
#7327=ORIENTED_EDGE('',*,*,#7181,.T.);
#7329=ORIENTED_EDGE('',*,*,#7328,.F.);
#7330=EDGE_LOOP('',(#7325,#7326,#7327,#7329));
#7331=FACE_OUTER_BOUND('',#7330,.F.);
#7333=CARTESIAN_POINT('',(7.35E0,-6.25E-1,-8.5E-1));
#7334=DIRECTION('',(-7.071067811865E-1,0.E0,7.071067811865E-1));
#7335=DIRECTION('',(-7.071067811865E-1,0.E0,-7.071067811865E-1));
#7336=AXIS2_PLACEMENT_3D('',#7333,#7334,#7335);
#7337=PLANE('',#7336);
#7339=ORIENTED_EDGE('',*,*,#7338,.T.);
#7341=ORIENTED_EDGE('',*,*,#7340,.F.);
#7342=ORIENTED_EDGE('',*,*,#7324,.F.);
#7344=ORIENTED_EDGE('',*,*,#7343,.T.);
#7345=EDGE_LOOP('',(#7339,#7341,#7342,#7344));
#7346=FACE_OUTER_BOUND('',#7345,.F.);
#7348=CARTESIAN_POINT('',(7.7E0,-1.5E0,-8.E-1));
#7349=DIRECTION('',(0.E0,0.E0,-1.E0));
#7350=DIRECTION('',(0.E0,1.E0,0.E0));
#7351=AXIS2_PLACEMENT_3D('',#7348,#7349,#7350);
#7352=PLANE('',#7351);
#7353=ORIENTED_EDGE('',*,*,#7338,.F.);
#7355=ORIENTED_EDGE('',*,*,#7354,.F.);
#7356=ORIENTED_EDGE('',*,*,#6736,.F.);
#7358=ORIENTED_EDGE('',*,*,#7357,.F.);
#7359=ORIENTED_EDGE('',*,*,#7026,.T.);
#7361=ORIENTED_EDGE('',*,*,#7360,.T.);
#7363=ORIENTED_EDGE('',*,*,#7362,.F.);
#7365=ORIENTED_EDGE('',*,*,#7364,.F.);
#7366=EDGE_LOOP('',(#7353,#7355,#7356,#7358,#7359,#7361,#7363,#7365));
#7367=FACE_OUTER_BOUND('',#7366,.F.);
#7369=CARTESIAN_POINT('',(7.7E0,-4.5E-1,-8.E-1));
#7370=DIRECTION('',(0.E0,1.E0,0.E0));
#7371=DIRECTION('',(0.E0,0.E0,1.E0));
#7372=AXIS2_PLACEMENT_3D('',#7369,#7370,#7371);
#7373=PLANE('',#7372);
#7375=ORIENTED_EDGE('',*,*,#7374,.T.);
#7376=ORIENTED_EDGE('',*,*,#6738,.T.);
#7377=ORIENTED_EDGE('',*,*,#7354,.T.);
#7378=ORIENTED_EDGE('',*,*,#7343,.F.);
#7379=ORIENTED_EDGE('',*,*,#7328,.T.);
#7380=ORIENTED_EDGE('',*,*,#7193,.T.);
#7381=ORIENTED_EDGE('',*,*,#7006,.F.);
#7382=EDGE_LOOP('',(#7375,#7376,#7377,#7378,#7379,#7380,#7381));
#7383=FACE_OUTER_BOUND('',#7382,.F.);
#7385=CARTESIAN_POINT('',(7.3625E0,-4.E-1,-1.5E-1));
#7386=DIRECTION('',(0.E0,-9.486832980505E-1,3.162277660168E-1));
#7387=DIRECTION('',(0.E0,-3.162277660168E-1,-9.486832980505E-1));
#7388=AXIS2_PLACEMENT_3D('',#7385,#7386,#7387);
#7389=PLANE('',#7388);
#7390=ORIENTED_EDGE('',*,*,#6740,.T.);
#7391=ORIENTED_EDGE('',*,*,#7374,.F.);
#7392=ORIENTED_EDGE('',*,*,#7101,.T.);
#7393=ORIENTED_EDGE('',*,*,#4371,.T.);
#7394=EDGE_LOOP('',(#7390,#7391,#7392,#7393));
#7395=FACE_OUTER_BOUND('',#7394,.F.);
#7397=CARTESIAN_POINT('',(7.3625E0,-1.45E0,-8.5E-1));
#7398=DIRECTION('',(0.E0,-7.071067811865E-1,7.071067811865E-1));
#7399=DIRECTION('',(0.E0,-7.071067811865E-1,-7.071067811865E-1));
#7400=AXIS2_PLACEMENT_3D('',#7397,#7398,#7399);
#7401=PLANE('',#7400);
#7402=ORIENTED_EDGE('',*,*,#6734,.T.);
#7403=ORIENTED_EDGE('',*,*,#7211,.F.);
#7404=ORIENTED_EDGE('',*,*,#7028,.T.);
#7405=ORIENTED_EDGE('',*,*,#7357,.T.);
#7406=EDGE_LOOP('',(#7402,#7403,#7404,#7405));
#7407=FACE_OUTER_BOUND('',#7406,.F.);
#7409=CARTESIAN_POINT('',(7.2125E0,-1.05E0,-8.5E-1));
#7410=DIRECTION('',(0.E0,7.071067811865E-1,7.071067811865E-1));
#7411=DIRECTION('',(0.E0,-7.071067811865E-1,7.071067811865E-1));
#7412=AXIS2_PLACEMENT_3D('',#7409,#7410,#7411);
#7413=PLANE('',#7412);
#7414=ORIENTED_EDGE('',*,*,#7273,.T.);
#7416=ORIENTED_EDGE('',*,*,#7415,.T.);
#7417=ORIENTED_EDGE('',*,*,#7360,.F.);
#7418=ORIENTED_EDGE('',*,*,#7024,.T.);
#7419=EDGE_LOOP('',(#7414,#7416,#7417,#7418));
#7420=FACE_OUTER_BOUND('',#7419,.F.);
#7422=CARTESIAN_POINT('',(7.45E0,-9.E-1,-8.5E-1));
#7423=DIRECTION('',(-7.071067811865E-1,0.E0,7.071067811865E-1));
#7424=DIRECTION('',(-7.071067811865E-1,0.E0,-7.071067811865E-1));
#7425=AXIS2_PLACEMENT_3D('',#7422,#7423,#7424);
#7426=PLANE('',#7425);
#7427=ORIENTED_EDGE('',*,*,#7362,.T.);
#7428=ORIENTED_EDGE('',*,*,#7415,.F.);
#7429=ORIENTED_EDGE('',*,*,#7298,.F.);
#7431=ORIENTED_EDGE('',*,*,#7430,.T.);
#7432=EDGE_LOOP('',(#7427,#7428,#7429,#7431));
#7433=FACE_OUTER_BOUND('',#7432,.F.);
#7435=CARTESIAN_POINT('',(7.35E0,-7.5E-1,-8.5E-1));
#7436=DIRECTION('',(0.E0,-7.071067811865E-1,7.071067811865E-1));
#7437=DIRECTION('',(0.E0,-7.071067811865E-1,-7.071067811865E-1));
#7438=AXIS2_PLACEMENT_3D('',#7435,#7436,#7437);
#7439=PLANE('',#7438);
#7440=ORIENTED_EDGE('',*,*,#7312,.F.);
#7441=ORIENTED_EDGE('',*,*,#7340,.T.);
#7442=ORIENTED_EDGE('',*,*,#7364,.T.);
#7443=ORIENTED_EDGE('',*,*,#7430,.F.);
#7444=EDGE_LOOP('',(#7440,#7441,#7442,#7443));
#7445=FACE_OUTER_BOUND('',#7444,.F.);
#7447=CARTESIAN_POINT('',(7.1625E0,-1.97E0,-2.2E0));
#7448=DIRECTION('',(0.E0,7.071067811865E-1,7.071067811865E-1));
#7449=DIRECTION('',(0.E0,7.071067811865E-1,-7.071067811865E-1));
#7450=AXIS2_PLACEMENT_3D('',#7447,#7448,#7449);
#7451=PLANE('',#7450);
#7453=ORIENTED_EDGE('',*,*,#7452,.F.);
#7455=ORIENTED_EDGE('',*,*,#7454,.T.);
#7456=ORIENTED_EDGE('',*,*,#7226,.T.);
#7457=ORIENTED_EDGE('',*,*,#7036,.T.);
#7458=EDGE_LOOP('',(#7453,#7455,#7456,#7457));
#7459=FACE_OUTER_BOUND('',#7458,.F.);
#7461=CARTESIAN_POINT('',(7.025E0,-1.92E0,0.E0));
#7462=DIRECTION('',(0.E0,-1.E0,0.E0));
#7463=DIRECTION('',(1.E0,0.E0,0.E0));
#7464=AXIS2_PLACEMENT_3D('',#7461,#7462,#7463);
#7465=PLANE('',#7464);
#7466=ORIENTED_EDGE('',*,*,#7452,.T.);
#7467=ORIENTED_EDGE('',*,*,#7034,.T.);
#7468=ORIENTED_EDGE('',*,*,#7131,.T.);
#7470=ORIENTED_EDGE('',*,*,#7469,.F.);
#7471=EDGE_LOOP('',(#7466,#7467,#7468,#7470));
#7472=FACE_OUTER_BOUND('',#7471,.F.);
#7474=CARTESIAN_POINT('',(7.3E0,-1.92E0,0.E0));
#7475=DIRECTION('',(1.E0,0.E0,0.E0));
#7476=DIRECTION('',(0.E0,1.E0,0.E0));
#7477=AXIS2_PLACEMENT_3D('',#7474,#7475,#7476);
#7478=PLANE('',#7477);
#7480=ORIENTED_EDGE('',*,*,#7479,.T.);
#7481=ORIENTED_EDGE('',*,*,#7469,.T.);
#7482=ORIENTED_EDGE('',*,*,#7129,.T.);
#7483=ORIENTED_EDGE('',*,*,#7207,.F.);
#7484=EDGE_LOOP('',(#7480,#7481,#7482,#7483));
#7485=FACE_OUTER_BOUND('',#7484,.F.);
#7487=CARTESIAN_POINT('',(7.35E0,-1.71E0,-2.2E0));
#7488=DIRECTION('',(-7.071067811865E-1,0.E0,7.071067811865E-1));
#7489=DIRECTION('',(-7.071067811865E-1,0.E0,-7.071067811865E-1));
#7490=AXIS2_PLACEMENT_3D('',#7487,#7488,#7489);
#7491=PLANE('',#7490);
#7492=ORIENTED_EDGE('',*,*,#7228,.T.);
#7493=ORIENTED_EDGE('',*,*,#7454,.F.);
#7494=ORIENTED_EDGE('',*,*,#7479,.F.);
#7495=ORIENTED_EDGE('',*,*,#7205,.T.);
#7496=EDGE_LOOP('',(#7492,#7493,#7494,#7495));
#7497=FACE_OUTER_BOUND('',#7496,.F.);
#7499=CARTESIAN_POINT('',(-7.7E0,-1.5E0,-8.E-1));
#7500=DIRECTION('',(0.E0,1.E0,0.E0));
#7501=DIRECTION('',(0.E0,0.E0,-1.E0));
#7502=AXIS2_PLACEMENT_3D('',#7499,#7500,#7501);
#7503=PLANE('',#7502);
#7505=ORIENTED_EDGE('',*,*,#7504,.F.);
#7507=ORIENTED_EDGE('',*,*,#7506,.F.);
#7509=ORIENTED_EDGE('',*,*,#7508,.F.);
#7511=ORIENTED_EDGE('',*,*,#7510,.F.);
#7513=ORIENTED_EDGE('',*,*,#7512,.F.);
#7515=ORIENTED_EDGE('',*,*,#7514,.F.);
#7516=ORIENTED_EDGE('',*,*,#7141,.T.);
#7517=EDGE_LOOP('',(#7505,#7507,#7509,#7511,#7513,#7515,#7516));
#7518=FACE_OUTER_BOUND('',#7517,.F.);
#7520=CARTESIAN_POINT('',(-7.3E0,-1.5E0,0.E0));
#7521=DIRECTION('',(-1.E0,0.E0,0.E0));
#7522=DIRECTION('',(0.E0,-1.E0,0.E0));
#7523=AXIS2_PLACEMENT_3D('',#7520,#7521,#7522);
#7524=PLANE('',#7523);
#7526=ORIENTED_EDGE('',*,*,#7525,.T.);
#7527=ORIENTED_EDGE('',*,*,#7504,.T.);
#7528=ORIENTED_EDGE('',*,*,#7147,.T.);
#7530=ORIENTED_EDGE('',*,*,#7529,.F.);
#7531=EDGE_LOOP('',(#7526,#7527,#7528,#7530));
#7532=FACE_OUTER_BOUND('',#7531,.F.);
#7534=CARTESIAN_POINT('',(-7.35E0,-1.71E0,-2.2E0));
#7535=DIRECTION('',(7.071067811865E-1,0.E0,7.071067811866E-1));
#7536=DIRECTION('',(7.071067811866E-1,0.E0,-7.071067811865E-1));
#7537=AXIS2_PLACEMENT_3D('',#7534,#7535,#7536);
#7538=PLANE('',#7537);
#7539=ORIENTED_EDGE('',*,*,#7525,.F.);
#7541=ORIENTED_EDGE('',*,*,#7540,.T.);
#7543=ORIENTED_EDGE('',*,*,#7542,.T.);
#7544=ORIENTED_EDGE('',*,*,#7506,.T.);
#7545=EDGE_LOOP('',(#7539,#7541,#7543,#7544));
#7546=FACE_OUTER_BOUND('',#7545,.F.);
#7548=CARTESIAN_POINT('',(-7.1625E0,-1.97E0,-2.2E0));
#7549=DIRECTION('',(0.E0,7.071067811865E-1,7.071067811865E-1));
#7550=DIRECTION('',(0.E0,7.071067811865E-1,-7.071067811865E-1));
#7551=AXIS2_PLACEMENT_3D('',#7548,#7549,#7550);
#7552=PLANE('',#7551);
#7554=ORIENTED_EDGE('',*,*,#7553,.T.);
#7555=ORIENTED_EDGE('',*,*,#7540,.F.);
#7557=ORIENTED_EDGE('',*,*,#7556,.F.);
#7559=ORIENTED_EDGE('',*,*,#7558,.T.);
#7560=EDGE_LOOP('',(#7554,#7555,#7557,#7559));
#7561=FACE_OUTER_BOUND('',#7560,.F.);
#7563=CARTESIAN_POINT('',(-7.7E0,-1.5E0,-2.15E0));
#7564=DIRECTION('',(0.E0,0.E0,-1.E0));
#7565=DIRECTION('',(0.E0,-1.E0,0.E0));
#7566=AXIS2_PLACEMENT_3D('',#7563,#7564,#7565);
#7567=PLANE('',#7566);
#7569=ORIENTED_EDGE('',*,*,#7568,.T.);
#7571=ORIENTED_EDGE('',*,*,#7570,.F.);
#7572=ORIENTED_EDGE('',*,*,#4493,.T.);
#7574=ORIENTED_EDGE('',*,*,#7573,.T.);
#7575=ORIENTED_EDGE('',*,*,#7508,.T.);
#7576=ORIENTED_EDGE('',*,*,#7542,.F.);
#7577=ORIENTED_EDGE('',*,*,#7553,.F.);
#7578=EDGE_LOOP('',(#7569,#7571,#7572,#7574,#7575,#7576,#7577));
#7579=FACE_OUTER_BOUND('',#7578,.F.);
#7581=CARTESIAN_POINT('',(-7.025E0,0.E0,0.E0));
#7582=DIRECTION('',(-1.E0,0.E0,0.E0));
#7583=DIRECTION('',(0.E0,-1.E0,0.E0));
#7584=AXIS2_PLACEMENT_3D('',#7581,#7582,#7583);
#7585=PLANE('',#7584);
#7587=ORIENTED_EDGE('',*,*,#7586,.T.);
#7589=ORIENTED_EDGE('',*,*,#7588,.T.);
#7590=ORIENTED_EDGE('',*,*,#7568,.F.);
#7591=ORIENTED_EDGE('',*,*,#7558,.F.);
#7593=ORIENTED_EDGE('',*,*,#7592,.T.);
#7594=ORIENTED_EDGE('',*,*,#7143,.T.);
#7595=ORIENTED_EDGE('',*,*,#7514,.T.);
#7597=ORIENTED_EDGE('',*,*,#7596,.F.);
#7599=ORIENTED_EDGE('',*,*,#7598,.F.);
#7601=ORIENTED_EDGE('',*,*,#7600,.F.);
#7603=ORIENTED_EDGE('',*,*,#7602,.T.);
#7604=EDGE_LOOP('',(#7587,#7589,#7590,#7591,#7593,#7594,#7595,#7597,#7599,#7601,
#7603));
#7605=FACE_OUTER_BOUND('',#7604,.F.);
#7607=CARTESIAN_POINT('',(-7.025E0,0.E0,0.E0));
#7608=DIRECTION('',(-1.E0,0.E0,0.E0));
#7609=DIRECTION('',(0.E0,-1.E0,0.E0));
#7610=AXIS2_PLACEMENT_3D('',#7607,#7608,#7609);
#7611=PLANE('',#7610);
#7613=ORIENTED_EDGE('',*,*,#7612,.T.);
#7615=ORIENTED_EDGE('',*,*,#7614,.T.);
#7616=ORIENTED_EDGE('',*,*,#7167,.T.);
#7618=ORIENTED_EDGE('',*,*,#7617,.F.);
#7619=EDGE_LOOP('',(#7613,#7615,#7616,#7618));
#7620=FACE_OUTER_BOUND('',#7619,.F.);
#7622=CARTESIAN_POINT('',(-7.025E0,0.E0,0.E0));
#7623=DIRECTION('',(-1.E0,0.E0,0.E0));
#7624=DIRECTION('',(0.E0,-1.E0,0.E0));
#7625=AXIS2_PLACEMENT_3D('',#7622,#7623,#7624);
#7626=PLANE('',#7625);
#7627=ORIENTED_EDGE('',*,*,#6888,.F.);
#7628=ORIENTED_EDGE('',*,*,#6810,.T.);
#7630=ORIENTED_EDGE('',*,*,#7629,.T.);
#7632=ORIENTED_EDGE('',*,*,#7631,.T.);
#7633=EDGE_LOOP('',(#7627,#7628,#7630,#7632));
#7634=FACE_OUTER_BOUND('',#7633,.F.);
#7636=CARTESIAN_POINT('',(-7.025E0,0.E0,0.E0));
#7637=DIRECTION('',(-1.E0,0.E0,0.E0));
#7638=DIRECTION('',(0.E0,-1.E0,0.E0));
#7639=AXIS2_PLACEMENT_3D('',#7636,#7637,#7638);
#7640=PLANE('',#7639);
#7641=ORIENTED_EDGE('',*,*,#6891,.F.);
#7643=ORIENTED_EDGE('',*,*,#7642,.F.);
#7645=ORIENTED_EDGE('',*,*,#7644,.T.);
#7647=ORIENTED_EDGE('',*,*,#7646,.F.);
#7648=EDGE_LOOP('',(#7641,#7643,#7645,#7647));
#7649=FACE_OUTER_BOUND('',#7648,.F.);
#7651=CARTESIAN_POINT('',(-7.025E0,0.E0,0.E0));
#7652=DIRECTION('',(-1.E0,0.E0,0.E0));
#7653=DIRECTION('',(0.E0,-1.E0,0.E0));
#7654=AXIS2_PLACEMENT_3D('',#7651,#7652,#7653);
#7655=PLANE('',#7654);
#7657=ORIENTED_EDGE('',*,*,#7656,.T.);
#7659=ORIENTED_EDGE('',*,*,#7658,.T.);
#7661=ORIENTED_EDGE('',*,*,#7660,.F.);
#7663=ORIENTED_EDGE('',*,*,#7662,.T.);
#7665=ORIENTED_EDGE('',*,*,#7664,.F.);
#7666=ORIENTED_EDGE('',*,*,#6802,.T.);
#7667=EDGE_LOOP('',(#7657,#7659,#7661,#7663,#7665,#7666));
#7668=FACE_OUTER_BOUND('',#7667,.F.);
#7670=CARTESIAN_POINT('',(-6.975E0,-1.575E0,-1.5E-1));
#7671=DIRECTION('',(-9.486832980505E-1,0.E0,3.162277660168E-1));
#7672=DIRECTION('',(-3.162277660168E-1,0.E0,-9.486832980505E-1));
#7673=AXIS2_PLACEMENT_3D('',#7670,#7671,#7672);
#7674=PLANE('',#7673);
#7676=ORIENTED_EDGE('',*,*,#7675,.T.);
#7677=ORIENTED_EDGE('',*,*,#7586,.F.);
#7679=ORIENTED_EDGE('',*,*,#7678,.T.);
#7680=ORIENTED_EDGE('',*,*,#4357,.T.);
#7681=EDGE_LOOP('',(#7676,#7677,#7679,#7680));
#7682=FACE_OUTER_BOUND('',#7681,.F.);
#7684=CARTESIAN_POINT('',(-6.9E0,-2.275E0,-1.075E0));
#7685=DIRECTION('',(-7.071067811865E-1,-7.071067811865E-1,0.E0));
#7686=DIRECTION('',(-7.071067811865E-1,7.071067811865E-1,0.E0));
#7687=AXIS2_PLACEMENT_3D('',#7684,#7685,#7686);
#7688=PLANE('',#7687);
#7689=ORIENTED_EDGE('',*,*,#7675,.F.);
#7690=ORIENTED_EDGE('',*,*,#4355,.T.);
#7691=ORIENTED_EDGE('',*,*,#4495,.T.);
#7692=ORIENTED_EDGE('',*,*,#7570,.T.);
#7693=ORIENTED_EDGE('',*,*,#7588,.F.);
#7694=EDGE_LOOP('',(#7689,#7690,#7691,#7692,#7693));
#7695=FACE_OUTER_BOUND('',#7694,.F.);
#7697=CARTESIAN_POINT('',(-7.3E0,-1.E0,0.E0));
#7698=DIRECTION('',(0.E0,-1.E0,0.E0));
#7699=DIRECTION('',(1.E0,0.E0,0.E0));
#7700=AXIS2_PLACEMENT_3D('',#7697,#7698,#7699);
#7701=PLANE('',#7700);
#7702=ORIENTED_EDGE('',*,*,#7678,.F.);
#7703=ORIENTED_EDGE('',*,*,#7602,.F.);
#7705=ORIENTED_EDGE('',*,*,#7704,.F.);
#7707=ORIENTED_EDGE('',*,*,#7706,.T.);
#7708=ORIENTED_EDGE('',*,*,#7157,.F.);
#7710=ORIENTED_EDGE('',*,*,#7709,.F.);
#7711=EDGE_LOOP('',(#7702,#7703,#7705,#7707,#7708,#7710));
#7712=FACE_OUTER_BOUND('',#7711,.F.);
#7714=CARTESIAN_POINT('',(-7.2125E0,-1.05E0,-8.5E-1));
#7715=DIRECTION('',(0.E0,7.071067811865E-1,7.071067811865E-1));
#7716=DIRECTION('',(0.E0,-7.071067811865E-1,7.071067811865E-1));
#7717=AXIS2_PLACEMENT_3D('',#7714,#7715,#7716);
#7718=PLANE('',#7717);
#7720=ORIENTED_EDGE('',*,*,#7719,.F.);
#7722=ORIENTED_EDGE('',*,*,#7721,.F.);
#7723=ORIENTED_EDGE('',*,*,#7704,.T.);
#7724=ORIENTED_EDGE('',*,*,#7600,.T.);
#7725=EDGE_LOOP('',(#7720,#7722,#7723,#7724));
#7726=FACE_OUTER_BOUND('',#7725,.F.);
#7728=CARTESIAN_POINT('',(-7.7E0,-4.5E-1,-8.E-1));
#7729=DIRECTION('',(0.E0,0.E0,-1.E0));
#7730=DIRECTION('',(0.E0,-1.E0,0.E0));
#7731=AXIS2_PLACEMENT_3D('',#7728,#7729,#7730);
#7732=PLANE('',#7731);
#7734=ORIENTED_EDGE('',*,*,#7733,.F.);
#7735=ORIENTED_EDGE('',*,*,#7719,.T.);
#7736=ORIENTED_EDGE('',*,*,#7598,.T.);
#7738=ORIENTED_EDGE('',*,*,#7737,.T.);
#7740=ORIENTED_EDGE('',*,*,#7739,.F.);
#7742=ORIENTED_EDGE('',*,*,#7741,.T.);
#7744=ORIENTED_EDGE('',*,*,#7743,.F.);
#7746=ORIENTED_EDGE('',*,*,#7745,.F.);
#7747=EDGE_LOOP('',(#7734,#7735,#7736,#7738,#7740,#7742,#7744,#7746));
#7748=FACE_OUTER_BOUND('',#7747,.F.);
#7750=CARTESIAN_POINT('',(-7.45E0,-9.E-1,-8.5E-1));
#7751=DIRECTION('',(7.071067811865E-1,0.E0,7.071067811865E-1));
#7752=DIRECTION('',(7.071067811865E-1,0.E0,-7.071067811865E-1));
#7753=AXIS2_PLACEMENT_3D('',#7750,#7751,#7752);
#7754=PLANE('',#7753);
#7756=ORIENTED_EDGE('',*,*,#7755,.F.);
#7757=ORIENTED_EDGE('',*,*,#7721,.T.);
#7758=ORIENTED_EDGE('',*,*,#7733,.T.);
#7760=ORIENTED_EDGE('',*,*,#7759,.F.);
#7761=EDGE_LOOP('',(#7756,#7757,#7758,#7760));
#7762=FACE_OUTER_BOUND('',#7761,.F.);
#7764=CARTESIAN_POINT('',(-7.4E0,-8.E-1,-8.E-1));
#7765=DIRECTION('',(-1.E0,0.E0,0.E0));
#7766=DIRECTION('',(0.E0,-1.E0,0.E0));
#7767=AXIS2_PLACEMENT_3D('',#7764,#7765,#7766);
#7768=PLANE('',#7767);
#7769=ORIENTED_EDGE('',*,*,#7755,.T.);
#7771=ORIENTED_EDGE('',*,*,#7770,.T.);
#7772=ORIENTED_EDGE('',*,*,#7159,.T.);
#7773=ORIENTED_EDGE('',*,*,#7706,.F.);
#7774=EDGE_LOOP('',(#7769,#7771,#7772,#7773));
#7775=FACE_OUTER_BOUND('',#7774,.F.);
#7777=CARTESIAN_POINT('',(-7.3E0,-8.E-1,-8.E-1));
#7778=DIRECTION('',(0.E0,1.E0,0.E0));
#7779=DIRECTION('',(-1.E0,0.E0,0.E0));
#7780=AXIS2_PLACEMENT_3D('',#7777,#7778,#7779);
#7781=PLANE('',#7780);
#7783=ORIENTED_EDGE('',*,*,#7782,.T.);
#7785=ORIENTED_EDGE('',*,*,#7784,.F.);
#7786=ORIENTED_EDGE('',*,*,#7161,.T.);
#7787=ORIENTED_EDGE('',*,*,#7770,.F.);
#7788=EDGE_LOOP('',(#7783,#7785,#7786,#7787));
#7789=FACE_OUTER_BOUND('',#7788,.F.);
#7791=CARTESIAN_POINT('',(-7.35E0,-7.5E-1,-8.5E-1));
#7792=DIRECTION('',(0.E0,-7.071067811865E-1,7.071067811865E-1));
#7793=DIRECTION('',(0.E0,-7.071067811865E-1,-7.071067811865E-1));
#7794=AXIS2_PLACEMENT_3D('',#7791,#7792,#7793);
#7795=PLANE('',#7794);
#7796=ORIENTED_EDGE('',*,*,#7745,.T.);
#7798=ORIENTED_EDGE('',*,*,#7797,.F.);
#7799=ORIENTED_EDGE('',*,*,#7782,.F.);
#7800=ORIENTED_EDGE('',*,*,#7759,.T.);
#7801=EDGE_LOOP('',(#7796,#7798,#7799,#7800));
#7802=FACE_OUTER_BOUND('',#7801,.F.);
#7804=CARTESIAN_POINT('',(-7.35E0,-6.25E-1,-8.5E-1));
#7805=DIRECTION('',(7.071067811865E-1,0.E0,7.071067811865E-1));
#7806=DIRECTION('',(7.071067811865E-1,0.E0,-7.071067811865E-1));
#7807=AXIS2_PLACEMENT_3D('',#7804,#7805,#7806);
#7808=PLANE('',#7807);
#7810=ORIENTED_EDGE('',*,*,#7809,.F.);
#7811=ORIENTED_EDGE('',*,*,#7797,.T.);
#7812=ORIENTED_EDGE('',*,*,#7743,.T.);
#7814=ORIENTED_EDGE('',*,*,#7813,.T.);
#7815=EDGE_LOOP('',(#7810,#7811,#7812,#7814));
#7816=FACE_OUTER_BOUND('',#7815,.F.);
#7818=CARTESIAN_POINT('',(-7.3E0,-4.5E-1,0.E0));
#7819=DIRECTION('',(-1.E0,0.E0,0.E0));
#7820=DIRECTION('',(0.E0,-1.E0,0.E0));
#7821=AXIS2_PLACEMENT_3D('',#7818,#7819,#7820);
#7822=PLANE('',#7821);
#7823=ORIENTED_EDGE('',*,*,#7784,.T.);
#7824=ORIENTED_EDGE('',*,*,#7809,.T.);
#7826=ORIENTED_EDGE('',*,*,#7825,.T.);
#7827=ORIENTED_EDGE('',*,*,#7163,.T.);
#7828=EDGE_LOOP('',(#7823,#7824,#7826,#7827));
#7829=FACE_OUTER_BOUND('',#7828,.F.);
#7831=CARTESIAN_POINT('',(-7.7E0,-4.5E-1,0.E0));
#7832=DIRECTION('',(0.E0,1.E0,0.E0));
#7833=DIRECTION('',(0.E0,0.E0,-1.E0));
#7834=AXIS2_PLACEMENT_3D('',#7831,#7832,#7833);
#7835=PLANE('',#7834);
#7837=ORIENTED_EDGE('',*,*,#7836,.T.);
#7838=ORIENTED_EDGE('',*,*,#7617,.T.);
#7839=ORIENTED_EDGE('',*,*,#7165,.T.);
#7840=ORIENTED_EDGE('',*,*,#7825,.F.);
#7841=ORIENTED_EDGE('',*,*,#7813,.F.);
#7842=ORIENTED_EDGE('',*,*,#7741,.F.);
#7844=ORIENTED_EDGE('',*,*,#7843,.F.);
#7845=EDGE_LOOP('',(#7837,#7838,#7839,#7840,#7841,#7842,#7844));
#7846=FACE_OUTER_BOUND('',#7845,.F.);
#7848=CARTESIAN_POINT('',(-7.3625E0,-4.E-1,-1.5E-1));
#7849=DIRECTION('',(0.E0,-9.486832980505E-1,3.162277660168E-1));
#7850=DIRECTION('',(0.E0,-3.162277660168E-1,-9.486832980505E-1));
#7851=AXIS2_PLACEMENT_3D('',#7848,#7849,#7850);
#7852=PLANE('',#7851);
#7854=ORIENTED_EDGE('',*,*,#7853,.T.);
#7855=ORIENTED_EDGE('',*,*,#4363,.T.);
#7857=ORIENTED_EDGE('',*,*,#7856,.F.);
#7858=ORIENTED_EDGE('',*,*,#7836,.F.);
#7859=EDGE_LOOP('',(#7854,#7855,#7857,#7858));
#7860=FACE_OUTER_BOUND('',#7859,.F.);
#7862=CARTESIAN_POINT('',(-7.7E0,2.4E0,0.E0));
#7863=DIRECTION('',(-1.E0,0.E0,0.E0));
#7864=DIRECTION('',(0.E0,-1.E0,0.E0));
#7865=AXIS2_PLACEMENT_3D('',#7862,#7863,#7864);
#7866=PLANE('',#7865);
#7868=ORIENTED_EDGE('',*,*,#7867,.F.);
#7869=ORIENTED_EDGE('',*,*,#6782,.F.);
#7870=ORIENTED_EDGE('',*,*,#4365,.T.);
#7871=ORIENTED_EDGE('',*,*,#7853,.F.);
#7872=ORIENTED_EDGE('',*,*,#7843,.T.);
#7873=ORIENTED_EDGE('',*,*,#7739,.T.);
#7875=ORIENTED_EDGE('',*,*,#7874,.F.);
#7876=ORIENTED_EDGE('',*,*,#7510,.T.);
#7877=ORIENTED_EDGE('',*,*,#7573,.F.);
#7878=ORIENTED_EDGE('',*,*,#4491,.T.);
#7879=ORIENTED_EDGE('',*,*,#4596,.F.);
#7881=ORIENTED_EDGE('',*,*,#7880,.T.);
#7883=ORIENTED_EDGE('',*,*,#7882,.T.);
#7885=ORIENTED_EDGE('',*,*,#7884,.F.);
#7887=ORIENTED_EDGE('',*,*,#7886,.T.);
#7889=ORIENTED_EDGE('',*,*,#7888,.F.);
#7890=EDGE_LOOP('',(#7868,#7869,#7870,#7871,#7872,#7873,#7875,#7876,#7877,#7878,
#7879,#7881,#7883,#7885,#7887,#7889));
#7891=FACE_OUTER_BOUND('',#7890,.F.);
#7893=CARTESIAN_POINT('',(-7.3625E0,2.25E0,-3.8E0));
#7894=DIRECTION('',(0.E0,3.162277660168E-1,-9.486832980505E-1));
#7895=DIRECTION('',(0.E0,-9.486832980505E-1,-3.162277660168E-1));
#7896=AXIS2_PLACEMENT_3D('',#7893,#7894,#7895);
#7897=PLANE('',#7896);
#7898=ORIENTED_EDGE('',*,*,#7867,.T.);
#7900=ORIENTED_EDGE('',*,*,#7899,.F.);
#7902=ORIENTED_EDGE('',*,*,#7901,.T.);
#7903=ORIENTED_EDGE('',*,*,#6784,.T.);
#7904=EDGE_LOOP('',(#7898,#7900,#7902,#7903));
#7905=FACE_OUTER_BOUND('',#7904,.F.);
#7907=CARTESIAN_POINT('',(-7.7E0,7.5E-1,-3.85E0));
#7908=DIRECTION('',(0.E0,0.E0,1.E0));
#7909=DIRECTION('',(0.E0,1.E0,0.E0));
#7910=AXIS2_PLACEMENT_3D('',#7907,#7908,#7909);
#7911=PLANE('',#7910);
#7913=ORIENTED_EDGE('',*,*,#7912,.F.);
#7915=ORIENTED_EDGE('',*,*,#7914,.T.);
#7916=ORIENTED_EDGE('',*,*,#6893,.F.);
#7917=ORIENTED_EDGE('',*,*,#7646,.T.);
#7918=ORIENTED_EDGE('',*,*,#7899,.T.);
#7919=ORIENTED_EDGE('',*,*,#7888,.T.);
#7921=ORIENTED_EDGE('',*,*,#7920,.T.);
#7923=ORIENTED_EDGE('',*,*,#7922,.F.);
#7925=ORIENTED_EDGE('',*,*,#7924,.F.);
#7926=EDGE_LOOP('',(#7913,#7915,#7916,#7917,#7918,#7919,#7921,#7923,#7925));
#7927=FACE_OUTER_BOUND('',#7926,.F.);
#7929=CARTESIAN_POINT('',(7.7E0,-2.5E-1,-3.85E0));
#7930=DIRECTION('',(0.E0,-1.E0,0.E0));
#7931=DIRECTION('',(0.E0,0.E0,-1.E0));
#7932=AXIS2_PLACEMENT_3D('',#7929,#7930,#7931);
#7933=PLANE('',#7932);
#7935=ORIENTED_EDGE('',*,*,#7934,.F.);
#7937=ORIENTED_EDGE('',*,*,#7936,.T.);
#7939=ORIENTED_EDGE('',*,*,#7938,.T.);
#7941=ORIENTED_EDGE('',*,*,#7940,.F.);
#7943=ORIENTED_EDGE('',*,*,#7942,.F.);
#7945=ORIENTED_EDGE('',*,*,#7944,.T.);
#7946=EDGE_LOOP('',(#7935,#7937,#7939,#7941,#7943,#7945));
#7947=FACE_OUTER_BOUND('',#7946,.F.);
#7949=CARTESIAN_POINT('',(7.7E0,-2.5E-1,-3.85E0));
#7950=DIRECTION('',(0.E0,-1.E0,0.E0));
#7951=DIRECTION('',(0.E0,0.E0,-1.E0));
#7952=AXIS2_PLACEMENT_3D('',#7949,#7950,#7951);
#7953=PLANE('',#7952);
#7954=ORIENTED_EDGE('',*,*,#7912,.T.);
#7956=ORIENTED_EDGE('',*,*,#7955,.T.);
#7958=ORIENTED_EDGE('',*,*,#7957,.F.);
#7960=ORIENTED_EDGE('',*,*,#7959,.F.);
#7962=ORIENTED_EDGE('',*,*,#7961,.T.);
#7964=ORIENTED_EDGE('',*,*,#7963,.F.);
#7965=EDGE_LOOP('',(#7954,#7956,#7958,#7960,#7962,#7964));
#7966=FACE_OUTER_BOUND('',#7965,.F.);
#7968=CARTESIAN_POINT('',(7.7E0,2.4E0,-3.85E0));
#7969=DIRECTION('',(0.E0,0.E0,1.E0));
#7970=DIRECTION('',(0.E0,-1.E0,0.E0));
#7971=AXIS2_PLACEMENT_3D('',#7968,#7969,#7970);
#7972=PLANE('',#7971);
#7973=ORIENTED_EDGE('',*,*,#7934,.T.);
#7975=ORIENTED_EDGE('',*,*,#7974,.T.);
#7977=ORIENTED_EDGE('',*,*,#7976,.F.);
#7979=ORIENTED_EDGE('',*,*,#7978,.F.);
#7980=ORIENTED_EDGE('',*,*,#6718,.F.);
#7981=ORIENTED_EDGE('',*,*,#6758,.T.);
#7982=ORIENTED_EDGE('',*,*,#7065,.T.);
#7983=ORIENTED_EDGE('',*,*,#6859,.T.);
#7985=ORIENTED_EDGE('',*,*,#7984,.F.);
#7986=EDGE_LOOP('',(#7973,#7975,#7977,#7979,#7980,#7981,#7982,#7983,#7985));
#7987=FACE_OUTER_BOUND('',#7986,.F.);
#7989=CARTESIAN_POINT('',(7.3E0,-1.1E0,-4.4E0));
#7990=DIRECTION('',(1.E0,0.E0,0.E0));
#7991=DIRECTION('',(0.E0,0.E0,1.E0));
#7992=AXIS2_PLACEMENT_3D('',#7989,#7990,#7991);
#7993=PLANE('',#7992);
#7994=ORIENTED_EDGE('',*,*,#7944,.F.);
#7996=ORIENTED_EDGE('',*,*,#7995,.F.);
#7998=ORIENTED_EDGE('',*,*,#7997,.T.);
#7999=ORIENTED_EDGE('',*,*,#7974,.F.);
#8000=EDGE_LOOP('',(#7994,#7996,#7998,#7999));
#8001=FACE_OUTER_BOUND('',#8000,.F.);
#8003=CARTESIAN_POINT('',(7.3E0,2.4E0,-4.2E0));
#8004=DIRECTION('',(0.E0,0.E0,1.E0));
#8005=DIRECTION('',(1.E0,0.E0,0.E0));
#8006=AXIS2_PLACEMENT_3D('',#8003,#8004,#8005);
#8007=PLANE('',#8006);
#8008=ORIENTED_EDGE('',*,*,#7942,.T.);
#8010=ORIENTED_EDGE('',*,*,#8009,.F.);
#8012=ORIENTED_EDGE('',*,*,#8011,.T.);
#8013=ORIENTED_EDGE('',*,*,#7995,.T.);
#8014=EDGE_LOOP('',(#8008,#8010,#8012,#8013));
#8015=FACE_OUTER_BOUND('',#8014,.F.);
#8017=CARTESIAN_POINT('',(7.4E0,2.4E0,-4.2E0));
#8018=DIRECTION('',(1.E0,0.E0,0.E0));
#8019=DIRECTION('',(0.E0,0.E0,-1.E0));
#8020=AXIS2_PLACEMENT_3D('',#8017,#8018,#8019);
#8021=PLANE('',#8020);
#8022=ORIENTED_EDGE('',*,*,#7940,.T.);
#8024=ORIENTED_EDGE('',*,*,#8023,.F.);
#8026=ORIENTED_EDGE('',*,*,#8025,.T.);
#8027=ORIENTED_EDGE('',*,*,#8009,.T.);
#8028=EDGE_LOOP('',(#8022,#8024,#8026,#8027));
#8029=FACE_OUTER_BOUND('',#8028,.F.);
#8031=CARTESIAN_POINT('',(7.025E0,-1.1E0,-4.4E0));
#8032=DIRECTION('',(0.E0,0.E0,-1.E0));
#8033=DIRECTION('',(1.E0,0.E0,0.E0));
#8034=AXIS2_PLACEMENT_3D('',#8031,#8032,#8033);
#8035=PLANE('',#8034);
#8036=ORIENTED_EDGE('',*,*,#8023,.T.);
#8037=ORIENTED_EDGE('',*,*,#7938,.F.);
#8039=ORIENTED_EDGE('',*,*,#8038,.T.);
#8041=ORIENTED_EDGE('',*,*,#8040,.F.);
#8042=EDGE_LOOP('',(#8036,#8037,#8039,#8041));
#8043=FACE_OUTER_BOUND('',#8042,.F.);
#8045=CARTESIAN_POINT('',(7.025E0,-1.1E0,-4.4E0));
#8046=DIRECTION('',(0.E0,0.E0,-1.E0));
#8047=DIRECTION('',(1.E0,0.E0,0.E0));
#8048=AXIS2_PLACEMENT_3D('',#8045,#8046,#8047);
#8049=PLANE('',#8048);
#8051=ORIENTED_EDGE('',*,*,#8050,.F.);
#8053=ORIENTED_EDGE('',*,*,#8052,.F.);
#8055=ORIENTED_EDGE('',*,*,#8054,.T.);
#8056=ORIENTED_EDGE('',*,*,#7051,.F.);
#8057=ORIENTED_EDGE('',*,*,#6972,.T.);
#8058=EDGE_LOOP('',(#8051,#8053,#8055,#8056,#8057));
#8059=FACE_OUTER_BOUND('',#8058,.F.);
#8061=CARTESIAN_POINT('',(7.275E0,1.55E0,-3.85E0));
#8062=DIRECTION('',(1.E0,0.E0,0.E0));
#8063=DIRECTION('',(0.E0,0.E0,-1.E0));
#8064=AXIS2_PLACEMENT_3D('',#8061,#8062,#8063);
#8065=PLANE('',#8064);
#8066=ORIENTED_EDGE('',*,*,#7936,.F.);
#8067=ORIENTED_EDGE('',*,*,#7984,.T.);
#8068=ORIENTED_EDGE('',*,*,#6857,.T.);
#8070=ORIENTED_EDGE('',*,*,#8069,.T.);
#8072=ORIENTED_EDGE('',*,*,#8071,.F.);
#8074=ORIENTED_EDGE('',*,*,#8073,.F.);
#8076=ORIENTED_EDGE('',*,*,#8075,.T.);
#8078=ORIENTED_EDGE('',*,*,#8077,.F.);
#8080=ORIENTED_EDGE('',*,*,#8079,.F.);
#8081=ORIENTED_EDGE('',*,*,#8038,.F.);
#8082=EDGE_LOOP('',(#8066,#8067,#8068,#8070,#8072,#8074,#8076,#8078,#8080,
#8081));
#8083=FACE_OUTER_BOUND('',#8082,.F.);
#8085=CARTESIAN_POINT('',(7.375E0,1.55E0,-5.55E0));
#8086=DIRECTION('',(0.E0,1.E0,0.E0));
#8087=DIRECTION('',(-1.E0,0.E0,0.E0));
#8088=AXIS2_PLACEMENT_3D('',#8085,#8086,#8087);
#8089=CYLINDRICAL_SURFACE('',#8088,1.E-1);
#8090=ORIENTED_EDGE('',*,*,#6855,.T.);
#8092=ORIENTED_EDGE('',*,*,#8091,.T.);
#8094=ORIENTED_EDGE('',*,*,#8093,.F.);
#8095=ORIENTED_EDGE('',*,*,#8069,.F.);
#8096=EDGE_LOOP('',(#8090,#8092,#8094,#8095));
#8097=FACE_OUTER_BOUND('',#8096,.F.);
#8099=CARTESIAN_POINT('',(7.375E0,1.55E0,-5.65E0));
#8100=DIRECTION('',(0.E0,0.E0,1.E0));
#8101=DIRECTION('',(1.E0,0.E0,0.E0));
#8102=AXIS2_PLACEMENT_3D('',#8099,#8100,#8101);
#8103=PLANE('',#8102);
#8104=ORIENTED_EDGE('',*,*,#6913,.F.);
#8106=ORIENTED_EDGE('',*,*,#8105,.T.);
#8108=ORIENTED_EDGE('',*,*,#8107,.F.);
#8110=ORIENTED_EDGE('',*,*,#8109,.F.);
#8111=ORIENTED_EDGE('',*,*,#8091,.F.);
#8112=ORIENTED_EDGE('',*,*,#6853,.T.);
#8113=EDGE_LOOP('',(#8104,#8106,#8108,#8110,#8111,#8112));
#8114=FACE_OUTER_BOUND('',#8113,.F.);
#8116=CARTESIAN_POINT('',(7.875E0,1.55E0,-5.65E0));
#8117=DIRECTION('',(1.E0,0.E0,0.E0));
#8118=DIRECTION('',(0.E0,0.E0,-1.E0));
#8119=AXIS2_PLACEMENT_3D('',#8116,#8117,#8118);
#8120=PLANE('',#8119);
#8121=ORIENTED_EDGE('',*,*,#6911,.T.);
#8122=ORIENTED_EDGE('',*,*,#6932,.T.);
#8124=ORIENTED_EDGE('',*,*,#8123,.T.);
#8125=ORIENTED_EDGE('',*,*,#8105,.F.);
#8126=EDGE_LOOP('',(#8121,#8122,#8124,#8125));
#8127=FACE_OUTER_BOUND('',#8126,.F.);
#8129=CARTESIAN_POINT('',(7.575E0,-1.5E-1,-1.359124E1));
#8130=DIRECTION('',(0.E0,0.E0,1.E0));
#8131=DIRECTION('',(0.E0,-1.E0,0.E0));
#8132=AXIS2_PLACEMENT_3D('',#8129,#8130,#8131);
#8133=CYLINDRICAL_SURFACE('',#8132,3.E-1);
#8134=ORIENTED_EDGE('',*,*,#8107,.T.);
#8135=ORIENTED_EDGE('',*,*,#8123,.F.);
#8136=ORIENTED_EDGE('',*,*,#6930,.T.);
#8138=ORIENTED_EDGE('',*,*,#8137,.T.);
#8139=EDGE_LOOP('',(#8134,#8135,#8136,#8138));
#8140=FACE_OUTER_BOUND('',#8139,.F.);
#8142=CARTESIAN_POINT('',(0.E0,-4.5E-1,0.E0));
#8143=DIRECTION('',(0.E0,1.E0,0.E0));
#8144=DIRECTION('',(-1.E0,0.E0,0.E0));
#8145=AXIS2_PLACEMENT_3D('',#8142,#8143,#8144);
#8146=PLANE('',#8145);
#8147=ORIENTED_EDGE('',*,*,#8137,.F.);
#8148=ORIENTED_EDGE('',*,*,#6928,.T.);
#8149=ORIENTED_EDGE('',*,*,#6945,.T.);
#8150=ORIENTED_EDGE('',*,*,#6959,.T.);
#8151=ORIENTED_EDGE('',*,*,#7079,.T.);
#8153=ORIENTED_EDGE('',*,*,#8152,.T.);
#8154=ORIENTED_EDGE('',*,*,#8071,.T.);
#8155=ORIENTED_EDGE('',*,*,#8093,.T.);
#8156=ORIENTED_EDGE('',*,*,#8109,.T.);
#8157=EDGE_LOOP('',(#8147,#8148,#8149,#8150,#8151,#8153,#8154,#8155,#8156));
#8158=FACE_OUTER_BOUND('',#8157,.F.);
#8160=CARTESIAN_POINT('',(0.E0,-4.5E-1,0.E0));
#8161=DIRECTION('',(0.E0,1.E0,0.E0));
#8162=DIRECTION('',(-1.E0,0.E0,0.E0));
#8163=AXIS2_PLACEMENT_3D('',#8160,#8161,#8162);
#8164=PLANE('',#8163);
#8166=ORIENTED_EDGE('',*,*,#8165,.F.);
#8168=ORIENTED_EDGE('',*,*,#8167,.T.);
#8170=ORIENTED_EDGE('',*,*,#8169,.T.);
#8172=ORIENTED_EDGE('',*,*,#8171,.T.);
#8174=ORIENTED_EDGE('',*,*,#8173,.F.);
#8175=ORIENTED_EDGE('',*,*,#7656,.F.);
#8176=ORIENTED_EDGE('',*,*,#6824,.T.);
#8178=ORIENTED_EDGE('',*,*,#8177,.T.);
#8180=ORIENTED_EDGE('',*,*,#8179,.T.);
#8181=EDGE_LOOP('',(#8166,#8168,#8170,#8172,#8174,#8175,#8176,#8178,#8180));
#8182=FACE_OUTER_BOUND('',#8181,.F.);
#8184=CARTESIAN_POINT('',(7.7E0,7.5E-1,-4.9E0));
#8185=DIRECTION('',(0.E0,0.E0,1.E0));
#8186=DIRECTION('',(0.E0,-1.E0,0.E0));
#8187=AXIS2_PLACEMENT_3D('',#8184,#8185,#8186);
#8188=PLANE('',#8187);
#8189=ORIENTED_EDGE('',*,*,#8152,.F.);
#8190=ORIENTED_EDGE('',*,*,#7088,.T.);
#8192=ORIENTED_EDGE('',*,*,#8191,.F.);
#8194=ORIENTED_EDGE('',*,*,#8193,.T.);
#8196=ORIENTED_EDGE('',*,*,#8195,.F.);
#8198=ORIENTED_EDGE('',*,*,#8197,.F.);
#8199=ORIENTED_EDGE('',*,*,#6724,.F.);
#8201=ORIENTED_EDGE('',*,*,#8200,.F.);
#8202=ORIENTED_EDGE('',*,*,#8073,.T.);
#8203=EDGE_LOOP('',(#8189,#8190,#8192,#8194,#8196,#8198,#8199,#8201,#8202));
#8204=FACE_OUTER_BOUND('',#8203,.F.);
#8206=CARTESIAN_POINT('',(0.E0,-1.1E0,0.E0));
#8207=DIRECTION('',(0.E0,-1.E0,0.E0));
#8208=DIRECTION('',(0.E0,0.E0,1.E0));
#8209=AXIS2_PLACEMENT_3D('',#8206,#8207,#8208);
#8210=PLANE('',#8209);
#8212=ORIENTED_EDGE('',*,*,#8211,.T.);
#8214=ORIENTED_EDGE('',*,*,#8213,.T.);
#8216=ORIENTED_EDGE('',*,*,#8215,.T.);
#8217=ORIENTED_EDGE('',*,*,#7660,.T.);
#8218=EDGE_LOOP('',(#8212,#8214,#8216,#8217));
#8219=FACE_OUTER_BOUND('',#8218,.F.);
#8221=CARTESIAN_POINT('',(0.E0,-1.1E0,0.E0));
#8222=DIRECTION('',(0.E0,-1.E0,0.E0));
#8223=DIRECTION('',(0.E0,0.E0,1.E0));
#8224=AXIS2_PLACEMENT_3D('',#8221,#8222,#8223);
#8225=PLANE('',#8224);
#8226=ORIENTED_EDGE('',*,*,#7086,.T.);
#8228=ORIENTED_EDGE('',*,*,#8227,.T.);
#8230=ORIENTED_EDGE('',*,*,#8229,.T.);
#8231=ORIENTED_EDGE('',*,*,#8191,.T.);
#8232=EDGE_LOOP('',(#8226,#8228,#8230,#8231));
#8233=FACE_OUTER_BOUND('',#8232,.F.);
#8235=CARTESIAN_POINT('',(-7.7E0,-6.E-1,-4.9E0));
#8236=DIRECTION('',(0.E0,0.E0,1.E0));
#8237=DIRECTION('',(0.E0,1.E0,0.E0));
#8238=AXIS2_PLACEMENT_3D('',#8235,#8236,#8237);
#8239=PLANE('',#8238);
#8240=ORIENTED_EDGE('',*,*,#8173,.T.);
#8242=ORIENTED_EDGE('',*,*,#8241,.F.);
#8244=ORIENTED_EDGE('',*,*,#8243,.T.);
#8245=ORIENTED_EDGE('',*,*,#7882,.F.);
#8247=ORIENTED_EDGE('',*,*,#8246,.T.);
#8249=ORIENTED_EDGE('',*,*,#8248,.F.);
#8251=ORIENTED_EDGE('',*,*,#8250,.F.);
#8252=ORIENTED_EDGE('',*,*,#8211,.F.);
#8253=ORIENTED_EDGE('',*,*,#7658,.F.);
#8254=EDGE_LOOP('',(#8240,#8242,#8244,#8245,#8247,#8249,#8251,#8252,#8253));
#8255=FACE_OUTER_BOUND('',#8254,.F.);
#8257=CARTESIAN_POINT('',(-7.275E0,1.55E0,-5.55E0));
#8258=DIRECTION('',(-1.E0,0.E0,0.E0));
#8259=DIRECTION('',(0.E0,0.E0,1.E0));
#8260=AXIS2_PLACEMENT_3D('',#8257,#8258,#8259);
#8261=PLANE('',#8260);
#8262=ORIENTED_EDGE('',*,*,#7963,.T.);
#8264=ORIENTED_EDGE('',*,*,#8263,.T.);
#8266=ORIENTED_EDGE('',*,*,#8265,.T.);
#8268=ORIENTED_EDGE('',*,*,#8267,.F.);
#8270=ORIENTED_EDGE('',*,*,#8269,.T.);
#8271=ORIENTED_EDGE('',*,*,#8241,.T.);
#8272=ORIENTED_EDGE('',*,*,#8171,.F.);
#8274=ORIENTED_EDGE('',*,*,#8273,.F.);
#8275=ORIENTED_EDGE('',*,*,#6895,.T.);
#8276=ORIENTED_EDGE('',*,*,#7914,.F.);
#8277=EDGE_LOOP('',(#8262,#8264,#8266,#8268,#8270,#8271,#8272,#8274,#8275,
#8276));
#8278=FACE_OUTER_BOUND('',#8277,.F.);
#8280=CARTESIAN_POINT('',(-7.3E0,-1.1E0,-4.4E0));
#8281=DIRECTION('',(0.E0,0.E0,-1.E0));
#8282=DIRECTION('',(1.E0,0.E0,0.E0));
#8283=AXIS2_PLACEMENT_3D('',#8280,#8281,#8282);
#8284=PLANE('',#8283);
#8285=ORIENTED_EDGE('',*,*,#7961,.F.);
#8287=ORIENTED_EDGE('',*,*,#8286,.F.);
#8289=ORIENTED_EDGE('',*,*,#8288,.F.);
#8290=ORIENTED_EDGE('',*,*,#8263,.F.);
#8291=EDGE_LOOP('',(#8285,#8287,#8289,#8290));
#8292=FACE_OUTER_BOUND('',#8291,.F.);
#8294=CARTESIAN_POINT('',(-7.3E0,-1.1E0,-4.4E0));
#8295=DIRECTION('',(0.E0,0.E0,-1.E0));
#8296=DIRECTION('',(1.E0,0.E0,0.E0));
#8297=AXIS2_PLACEMENT_3D('',#8294,#8295,#8296);
#8298=PLANE('',#8297);
#8300=ORIENTED_EDGE('',*,*,#8299,.T.);
#8301=ORIENTED_EDGE('',*,*,#6841,.T.);
#8302=ORIENTED_EDGE('',*,*,#7631,.F.);
#8304=ORIENTED_EDGE('',*,*,#8303,.F.);
#8306=ORIENTED_EDGE('',*,*,#8305,.T.);
#8307=EDGE_LOOP('',(#8300,#8301,#8302,#8304,#8306));
#8308=FACE_OUTER_BOUND('',#8307,.F.);
#8310=CARTESIAN_POINT('',(-7.4E0,2.4E0,-4.4E0));
#8311=DIRECTION('',(-1.E0,0.E0,0.E0));
#8312=DIRECTION('',(0.E0,0.E0,1.E0));
#8313=AXIS2_PLACEMENT_3D('',#8310,#8311,#8312);
#8314=PLANE('',#8313);
#8315=ORIENTED_EDGE('',*,*,#7959,.T.);
#8317=ORIENTED_EDGE('',*,*,#8316,.F.);
#8319=ORIENTED_EDGE('',*,*,#8318,.T.);
#8320=ORIENTED_EDGE('',*,*,#8286,.T.);
#8321=EDGE_LOOP('',(#8315,#8317,#8319,#8320));
#8322=FACE_OUTER_BOUND('',#8321,.F.);
#8324=CARTESIAN_POINT('',(-7.4E0,2.4E0,-4.2E0));
#8325=DIRECTION('',(0.E0,0.E0,1.E0));
#8326=DIRECTION('',(1.E0,0.E0,0.E0));
#8327=AXIS2_PLACEMENT_3D('',#8324,#8325,#8326);
#8328=PLANE('',#8327);
#8329=ORIENTED_EDGE('',*,*,#7957,.T.);
#8331=ORIENTED_EDGE('',*,*,#8330,.F.);
#8333=ORIENTED_EDGE('',*,*,#8332,.T.);
#8334=ORIENTED_EDGE('',*,*,#8316,.T.);
#8335=EDGE_LOOP('',(#8329,#8331,#8333,#8334));
#8336=FACE_OUTER_BOUND('',#8335,.F.);
#8338=CARTESIAN_POINT('',(-7.3E0,-1.1E0,-3.85E0));
#8339=DIRECTION('',(-1.E0,0.E0,0.E0));
#8340=DIRECTION('',(0.E0,0.E0,-1.E0));
#8341=AXIS2_PLACEMENT_3D('',#8338,#8339,#8340);
#8342=PLANE('',#8341);
#8343=ORIENTED_EDGE('',*,*,#7955,.F.);
#8344=ORIENTED_EDGE('',*,*,#7924,.T.);
#8346=ORIENTED_EDGE('',*,*,#8345,.T.);
#8347=ORIENTED_EDGE('',*,*,#8330,.T.);
#8348=EDGE_LOOP('',(#8343,#8344,#8346,#8347));
#8349=FACE_OUTER_BOUND('',#8348,.F.);
#8351=CARTESIAN_POINT('',(-7.35E0,7.E-1,-4.025E0));
#8352=DIRECTION('',(7.071067811865E-1,7.071067811865E-1,0.E0));
#8353=DIRECTION('',(7.071067811865E-1,-7.071067811865E-1,0.E0));
#8354=AXIS2_PLACEMENT_3D('',#8351,#8352,#8353);
#8355=PLANE('',#8354);
#8357=ORIENTED_EDGE('',*,*,#8356,.T.);
#8359=ORIENTED_EDGE('',*,*,#8358,.F.);
#8360=ORIENTED_EDGE('',*,*,#8345,.F.);
#8361=ORIENTED_EDGE('',*,*,#7922,.T.);
#8362=EDGE_LOOP('',(#8357,#8359,#8360,#8361));
#8363=FACE_OUTER_BOUND('',#8362,.F.);
#8365=CARTESIAN_POINT('',(-7.7E0,7.5E-1,-4.9E0));
#8366=DIRECTION('',(0.E0,-1.E0,0.E0));
#8367=DIRECTION('',(0.E0,0.E0,1.E0));
#8368=AXIS2_PLACEMENT_3D('',#8365,#8366,#8367);
#8369=PLANE('',#8368);
#8370=ORIENTED_EDGE('',*,*,#8267,.T.);
#8372=ORIENTED_EDGE('',*,*,#8371,.T.);
#8374=ORIENTED_EDGE('',*,*,#8373,.F.);
#8376=ORIENTED_EDGE('',*,*,#8375,.F.);
#8377=ORIENTED_EDGE('',*,*,#8356,.F.);
#8378=ORIENTED_EDGE('',*,*,#7920,.F.);
#8379=ORIENTED_EDGE('',*,*,#7886,.F.);
#8381=ORIENTED_EDGE('',*,*,#8380,.F.);
#8382=EDGE_LOOP('',(#8370,#8372,#8374,#8376,#8377,#8378,#8379,#8381));
#8383=FACE_OUTER_BOUND('',#8382,.F.);
#8385=CARTESIAN_POINT('',(-7.2125E0,7.E-1,-4.45E0));
#8386=DIRECTION('',(0.E0,7.071067811865E-1,7.071067811865E-1));
#8387=DIRECTION('',(0.E0,7.071067811865E-1,-7.071067811865E-1));
#8388=AXIS2_PLACEMENT_3D('',#8385,#8386,#8387);
#8389=PLANE('',#8388);
#8390=ORIENTED_EDGE('',*,*,#8265,.F.);
#8391=ORIENTED_EDGE('',*,*,#8288,.T.);
#8393=ORIENTED_EDGE('',*,*,#8392,.T.);
#8394=ORIENTED_EDGE('',*,*,#8371,.F.);
#8395=EDGE_LOOP('',(#8390,#8391,#8393,#8394));
#8396=FACE_OUTER_BOUND('',#8395,.F.);
#8398=CARTESIAN_POINT('',(-7.45E0,7.E-1,-4.3E0));
#8399=DIRECTION('',(7.071067811865E-1,7.071067811865E-1,0.E0));
#8400=DIRECTION('',(7.071067811865E-1,-7.071067811865E-1,0.E0));
#8401=AXIS2_PLACEMENT_3D('',#8398,#8399,#8400);
#8402=PLANE('',#8401);
#8403=ORIENTED_EDGE('',*,*,#8373,.T.);
#8404=ORIENTED_EDGE('',*,*,#8392,.F.);
#8405=ORIENTED_EDGE('',*,*,#8318,.F.);
#8407=ORIENTED_EDGE('',*,*,#8406,.T.);
#8408=EDGE_LOOP('',(#8403,#8404,#8405,#8407));
#8409=FACE_OUTER_BOUND('',#8408,.F.);
#8411=CARTESIAN_POINT('',(-7.35E0,7.E-1,-4.15E0));
#8412=DIRECTION('',(0.E0,7.071067811865E-1,-7.071067811865E-1));
#8413=DIRECTION('',(0.E0,-7.071067811865E-1,-7.071067811865E-1));
#8414=AXIS2_PLACEMENT_3D('',#8411,#8412,#8413);
#8415=PLANE('',#8414);
#8416=ORIENTED_EDGE('',*,*,#8332,.F.);
#8417=ORIENTED_EDGE('',*,*,#8358,.T.);
#8418=ORIENTED_EDGE('',*,*,#8375,.T.);
#8419=ORIENTED_EDGE('',*,*,#8406,.F.);
#8420=EDGE_LOOP('',(#8416,#8417,#8418,#8419));
#8421=FACE_OUTER_BOUND('',#8420,.F.);
#8423=CARTESIAN_POINT('',(-7.3625E0,7.E-1,-4.85E0));
#8424=DIRECTION('',(0.E0,7.071067811865E-1,-7.071067811865E-1));
#8425=DIRECTION('',(0.E0,-7.071067811865E-1,-7.071067811865E-1));
#8426=AXIS2_PLACEMENT_3D('',#8423,#8424,#8425);
#8427=PLANE('',#8426);
#8428=ORIENTED_EDGE('',*,*,#8269,.F.);
#8429=ORIENTED_EDGE('',*,*,#8380,.T.);
#8430=ORIENTED_EDGE('',*,*,#7884,.T.);
#8431=ORIENTED_EDGE('',*,*,#8243,.F.);
#8432=EDGE_LOOP('',(#8428,#8429,#8430,#8431));
#8433=FACE_OUTER_BOUND('',#8432,.F.);
#8435=CARTESIAN_POINT('',(7.7E0,1.4E0,0.E0));
#8436=DIRECTION('',(0.E0,1.E0,0.E0));
#8437=DIRECTION('',(-1.E0,0.E0,0.E0));
#8438=AXIS2_PLACEMENT_3D('',#8435,#8436,#8437);
#8439=PLANE('',#8438);
#8440=ORIENTED_EDGE('',*,*,#8299,.F.);
#8442=ORIENTED_EDGE('',*,*,#8441,.F.);
#8444=ORIENTED_EDGE('',*,*,#8443,.F.);
#8445=ORIENTED_EDGE('',*,*,#6835,.T.);
#8446=EDGE_LOOP('',(#8440,#8442,#8444,#8445));
#8447=FACE_OUTER_BOUND('',#8446,.F.);
#8449=CARTESIAN_POINT('',(7.7E0,1.4E0,0.E0));
#8450=DIRECTION('',(0.E0,1.E0,0.E0));
#8451=DIRECTION('',(-1.E0,0.E0,0.E0));
#8452=AXIS2_PLACEMENT_3D('',#8449,#8450,#8451);
#8453=PLANE('',#8452);
#8454=ORIENTED_EDGE('',*,*,#8050,.T.);
#8455=ORIENTED_EDGE('',*,*,#6970,.F.);
#8457=ORIENTED_EDGE('',*,*,#8456,.F.);
#8459=ORIENTED_EDGE('',*,*,#8458,.F.);
#8460=EDGE_LOOP('',(#8454,#8455,#8457,#8459));
#8461=FACE_OUTER_BOUND('',#8460,.F.);
#8463=CARTESIAN_POINT('',(-6.925E0,2.4E0,-4.2E0));
#8464=DIRECTION('',(1.E0,0.E0,0.E0));
#8465=DIRECTION('',(0.E0,0.E0,-1.E0));
#8466=AXIS2_PLACEMENT_3D('',#8463,#8464,#8465);
#8467=PLANE('',#8466);
#8468=ORIENTED_EDGE('',*,*,#8441,.T.);
#8469=ORIENTED_EDGE('',*,*,#8305,.F.);
#8470=ORIENTED_EDGE('',*,*,#6788,.F.);
#8472=ORIENTED_EDGE('',*,*,#8471,.T.);
#8473=EDGE_LOOP('',(#8468,#8469,#8470,#8472));
#8474=FACE_OUTER_BOUND('',#8473,.F.);
#8476=CARTESIAN_POINT('',(-7.025E0,2.4E0,-4.2E0));
#8477=DIRECTION('',(0.E0,0.E0,1.E0));
#8478=DIRECTION('',(1.E0,0.E0,0.E0));
#8479=AXIS2_PLACEMENT_3D('',#8476,#8477,#8478);
#8480=PLANE('',#8479);
#8481=ORIENTED_EDGE('',*,*,#8443,.T.);
#8482=ORIENTED_EDGE('',*,*,#8471,.F.);
#8484=ORIENTED_EDGE('',*,*,#8483,.F.);
#8485=ORIENTED_EDGE('',*,*,#7642,.T.);
#8486=ORIENTED_EDGE('',*,*,#6837,.F.);
#8487=EDGE_LOOP('',(#8481,#8482,#8484,#8485,#8486));
#8488=FACE_OUTER_BOUND('',#8487,.F.);
#8490=CARTESIAN_POINT('',(-6.975E0,2.25E0,-4.025E0));
#8491=DIRECTION('',(-9.486832980505E-1,3.162277660168E-1,0.E0));
#8492=DIRECTION('',(-3.162277660168E-1,-9.486832980505E-1,0.E0));
#8493=AXIS2_PLACEMENT_3D('',#8490,#8491,#8492);
#8494=PLANE('',#8493);
#8495=ORIENTED_EDGE('',*,*,#7644,.F.);
#8496=ORIENTED_EDGE('',*,*,#8483,.T.);
#8497=ORIENTED_EDGE('',*,*,#6786,.T.);
#8498=ORIENTED_EDGE('',*,*,#7901,.F.);
#8499=EDGE_LOOP('',(#8495,#8496,#8497,#8498));
#8500=FACE_OUTER_BOUND('',#8499,.F.);
#8502=CARTESIAN_POINT('',(6.925E0,2.4E0,-4.2E0));
#8503=DIRECTION('',(0.E0,0.E0,1.E0));
#8504=DIRECTION('',(1.E0,0.E0,0.E0));
#8505=AXIS2_PLACEMENT_3D('',#8502,#8503,#8504);
#8506=PLANE('',#8505);
#8507=ORIENTED_EDGE('',*,*,#8456,.T.);
#8508=ORIENTED_EDGE('',*,*,#6975,.T.);
#8509=ORIENTED_EDGE('',*,*,#7069,.F.);
#8511=ORIENTED_EDGE('',*,*,#8510,.T.);
#8513=ORIENTED_EDGE('',*,*,#8512,.T.);
#8514=EDGE_LOOP('',(#8507,#8508,#8509,#8511,#8513));
#8515=FACE_OUTER_BOUND('',#8514,.F.);
#8517=CARTESIAN_POINT('',(6.975E0,2.25E0,-4.025E0));
#8518=DIRECTION('',(9.486832980505E-1,3.162277660168E-1,0.E0));
#8519=DIRECTION('',(3.162277660168E-1,-9.486832980505E-1,0.E0));
#8520=AXIS2_PLACEMENT_3D('',#8517,#8518,#8519);
#8521=PLANE('',#8520);
#8522=ORIENTED_EDGE('',*,*,#7067,.F.);
#8523=ORIENTED_EDGE('',*,*,#6756,.T.);
#8524=ORIENTED_EDGE('',*,*,#6777,.T.);
#8525=ORIENTED_EDGE('',*,*,#8510,.F.);
#8526=EDGE_LOOP('',(#8522,#8523,#8524,#8525));
#8527=FACE_OUTER_BOUND('',#8526,.F.);
#8529=CARTESIAN_POINT('',(6.925E0,2.4E0,-4.4E0));
#8530=DIRECTION('',(-1.E0,0.E0,0.E0));
#8531=DIRECTION('',(0.E0,0.E0,1.E0));
#8532=AXIS2_PLACEMENT_3D('',#8529,#8530,#8531);
#8533=PLANE('',#8532);
#8534=ORIENTED_EDGE('',*,*,#8458,.T.);
#8535=ORIENTED_EDGE('',*,*,#8512,.F.);
#8536=ORIENTED_EDGE('',*,*,#6775,.F.);
#8537=ORIENTED_EDGE('',*,*,#8052,.T.);
#8538=EDGE_LOOP('',(#8534,#8535,#8536,#8537));
#8539=FACE_OUTER_BOUND('',#8538,.F.);
#8541=CARTESIAN_POINT('',(-6.975E0,2.25E0,-5.1E0));
#8542=DIRECTION('',(-9.486832980505E-1,3.162277660168E-1,0.E0));
#8543=DIRECTION('',(-3.162277660168E-1,-9.486832980505E-1,0.E0));
#8544=AXIS2_PLACEMENT_3D('',#8541,#8542,#8543);
#8545=PLANE('',#8544);
#8546=ORIENTED_EDGE('',*,*,#6808,.F.);
#8547=ORIENTED_EDGE('',*,*,#6790,.T.);
#8548=ORIENTED_EDGE('',*,*,#8303,.T.);
#8549=ORIENTED_EDGE('',*,*,#7629,.F.);
#8550=EDGE_LOOP('',(#8546,#8547,#8548,#8549));
#8551=FACE_OUTER_BOUND('',#8550,.F.);
#8553=CARTESIAN_POINT('',(-7.375E0,1.55E0,-5.55E0));
#8554=DIRECTION('',(0.E0,1.E0,0.E0));
#8555=DIRECTION('',(-1.E0,0.E0,0.E0));
#8556=AXIS2_PLACEMENT_3D('',#8553,#8554,#8555);
#8557=CYLINDRICAL_SURFACE('',#8556,1.E-1);
#8558=ORIENTED_EDGE('',*,*,#6897,.T.);
#8559=ORIENTED_EDGE('',*,*,#8273,.T.);
#8560=ORIENTED_EDGE('',*,*,#8169,.F.);
#8562=ORIENTED_EDGE('',*,*,#8561,.F.);
#8563=EDGE_LOOP('',(#8558,#8559,#8560,#8562));
#8564=FACE_OUTER_BOUND('',#8563,.F.);
#8566=CARTESIAN_POINT('',(-7.875E0,1.55E0,-5.65E0));
#8567=DIRECTION('',(0.E0,0.E0,1.E0));
#8568=DIRECTION('',(1.E0,0.E0,0.E0));
#8569=AXIS2_PLACEMENT_3D('',#8566,#8567,#8568);
#8570=PLANE('',#8569);
#8572=ORIENTED_EDGE('',*,*,#8571,.F.);
#8573=ORIENTED_EDGE('',*,*,#6899,.T.);
#8574=ORIENTED_EDGE('',*,*,#8561,.T.);
#8575=ORIENTED_EDGE('',*,*,#8167,.F.);
#8577=ORIENTED_EDGE('',*,*,#8576,.F.);
#8579=ORIENTED_EDGE('',*,*,#8578,.F.);
#8580=EDGE_LOOP('',(#8572,#8573,#8574,#8575,#8577,#8579));
#8581=FACE_OUTER_BOUND('',#8580,.F.);
#8583=CARTESIAN_POINT('',(-7.575E0,1.25E0,-1.359124E1));
#8584=DIRECTION('',(0.E0,0.E0,1.E0));
#8585=DIRECTION('',(0.E0,1.E0,0.E0));
#8586=AXIS2_PLACEMENT_3D('',#8583,#8584,#8585);
#8587=CYLINDRICAL_SURFACE('',#8586,3.E-1);
#8588=ORIENTED_EDGE('',*,*,#8571,.T.);
#8590=ORIENTED_EDGE('',*,*,#8589,.F.);
#8592=ORIENTED_EDGE('',*,*,#8591,.T.);
#8593=ORIENTED_EDGE('',*,*,#6881,.T.);
#8594=EDGE_LOOP('',(#8588,#8590,#8592,#8593));
#8595=FACE_OUTER_BOUND('',#8594,.F.);
#8597=CARTESIAN_POINT('',(-7.875E0,1.55E0,-5.9E0));
#8598=DIRECTION('',(-1.E0,0.E0,0.E0));
#8599=DIRECTION('',(0.E0,0.E0,1.E0));
#8600=AXIS2_PLACEMENT_3D('',#8597,#8598,#8599);
#8601=PLANE('',#8600);
#8602=ORIENTED_EDGE('',*,*,#8589,.T.);
#8603=ORIENTED_EDGE('',*,*,#8578,.T.);
#8605=ORIENTED_EDGE('',*,*,#8604,.T.);
#8607=ORIENTED_EDGE('',*,*,#8606,.F.);
#8608=EDGE_LOOP('',(#8602,#8603,#8605,#8607));
#8609=FACE_OUTER_BOUND('',#8608,.F.);
#8611=CARTESIAN_POINT('',(-7.575E0,-1.5E-1,7.69124E0));
#8612=DIRECTION('',(0.E0,0.E0,-1.E0));
#8613=DIRECTION('',(0.E0,-1.E0,0.E0));
#8614=AXIS2_PLACEMENT_3D('',#8611,#8612,#8613);
#8615=CYLINDRICAL_SURFACE('',#8614,3.E-1);
#8617=ORIENTED_EDGE('',*,*,#8616,.T.);
#8618=ORIENTED_EDGE('',*,*,#8604,.F.);
#8619=ORIENTED_EDGE('',*,*,#8576,.T.);
#8620=ORIENTED_EDGE('',*,*,#8165,.T.);
#8621=EDGE_LOOP('',(#8617,#8618,#8619,#8620));
#8622=FACE_OUTER_BOUND('',#8621,.F.);
#8624=CARTESIAN_POINT('',(-7.375E0,1.55E0,-5.9E0));
#8625=DIRECTION('',(0.E0,0.E0,-1.E0));
#8626=DIRECTION('',(-1.E0,0.E0,0.E0));
#8627=AXIS2_PLACEMENT_3D('',#8624,#8625,#8626);
#8628=PLANE('',#8627);
#8629=ORIENTED_EDGE('',*,*,#8591,.F.);
#8630=ORIENTED_EDGE('',*,*,#8606,.T.);
#8631=ORIENTED_EDGE('',*,*,#8616,.F.);
#8632=ORIENTED_EDGE('',*,*,#8179,.F.);
#8634=ORIENTED_EDGE('',*,*,#8633,.F.);
#8635=ORIENTED_EDGE('',*,*,#6883,.T.);
#8636=EDGE_LOOP('',(#8629,#8630,#8631,#8632,#8634,#8635));
#8637=FACE_OUTER_BOUND('',#8636,.F.);
#8639=CARTESIAN_POINT('',(-7.375E0,1.55E0,-5.55E0));
#8640=DIRECTION('',(0.E0,1.E0,0.E0));
#8641=DIRECTION('',(-1.E0,0.E0,0.E0));
#8642=AXIS2_PLACEMENT_3D('',#8639,#8640,#8641);
#8643=CYLINDRICAL_SURFACE('',#8642,3.5E-1);
#8644=ORIENTED_EDGE('',*,*,#6885,.T.);
#8645=ORIENTED_EDGE('',*,*,#8633,.T.);
#8646=ORIENTED_EDGE('',*,*,#8177,.F.);
#8647=ORIENTED_EDGE('',*,*,#6822,.F.);
#8648=EDGE_LOOP('',(#8644,#8645,#8646,#8647));
#8649=FACE_OUTER_BOUND('',#8648,.F.);
#8651=CARTESIAN_POINT('',(-7.7E0,-6.E-1,-5.8E0));
#8652=DIRECTION('',(0.E0,-1.E0,0.E0));
#8653=DIRECTION('',(0.E0,0.E0,1.E0));
#8654=AXIS2_PLACEMENT_3D('',#8651,#8652,#8653);
#8655=PLANE('',#8654);
#8656=ORIENTED_EDGE('',*,*,#4594,.T.);
#8657=ORIENTED_EDGE('',*,*,#6804,.F.);
#8659=ORIENTED_EDGE('',*,*,#8658,.F.);
#8661=ORIENTED_EDGE('',*,*,#8660,.F.);
#8662=ORIENTED_EDGE('',*,*,#8246,.F.);
#8663=ORIENTED_EDGE('',*,*,#7880,.F.);
#8664=EDGE_LOOP('',(#8656,#8657,#8659,#8661,#8662,#8663));
#8665=FACE_OUTER_BOUND('',#8664,.F.);
#8667=CARTESIAN_POINT('',(-7.1625E0,-6.5E-1,-5.37E0));
#8668=DIRECTION('',(0.E0,7.071067811865E-1,7.071067811865E-1));
#8669=DIRECTION('',(0.E0,-7.071067811865E-1,7.071067811865E-1));
#8670=AXIS2_PLACEMENT_3D('',#8667,#8668,#8669);
#8671=PLANE('',#8670);
#8672=ORIENTED_EDGE('',*,*,#8658,.T.);
#8673=ORIENTED_EDGE('',*,*,#7664,.T.);
#8675=ORIENTED_EDGE('',*,*,#8674,.F.);
#8677=ORIENTED_EDGE('',*,*,#8676,.T.);
#8678=EDGE_LOOP('',(#8672,#8673,#8675,#8677));
#8679=FACE_OUTER_BOUND('',#8678,.F.);
#8681=CARTESIAN_POINT('',(-7.3E0,-1.1E0,-5.32E0));
#8682=DIRECTION('',(0.E0,0.E0,-1.E0));
#8683=DIRECTION('',(1.E0,0.E0,0.E0));
#8684=AXIS2_PLACEMENT_3D('',#8681,#8682,#8683);
#8685=PLANE('',#8684);
#8686=ORIENTED_EDGE('',*,*,#8674,.T.);
#8687=ORIENTED_EDGE('',*,*,#7662,.F.);
#8688=ORIENTED_EDGE('',*,*,#8215,.F.);
#8690=ORIENTED_EDGE('',*,*,#8689,.T.);
#8691=EDGE_LOOP('',(#8686,#8687,#8688,#8690));
#8692=FACE_OUTER_BOUND('',#8691,.F.);
#8694=CARTESIAN_POINT('',(-7.3E0,-1.1E0,-4.9E0));
#8695=DIRECTION('',(-1.E0,0.E0,0.E0));
#8696=DIRECTION('',(0.E0,0.E0,-1.E0));
#8697=AXIS2_PLACEMENT_3D('',#8694,#8695,#8696);
#8698=PLANE('',#8697);
#8700=ORIENTED_EDGE('',*,*,#8699,.T.);
#8701=ORIENTED_EDGE('',*,*,#8689,.F.);
#8702=ORIENTED_EDGE('',*,*,#8213,.F.);
#8703=ORIENTED_EDGE('',*,*,#8250,.T.);
#8704=EDGE_LOOP('',(#8700,#8701,#8702,#8703));
#8705=FACE_OUTER_BOUND('',#8704,.F.);
#8707=CARTESIAN_POINT('',(-7.35E0,-6.5E-1,-5.11E0));
#8708=DIRECTION('',(7.071067811865E-1,7.071067811865E-1,0.E0));
#8709=DIRECTION('',(7.071067811865E-1,-7.071067811865E-1,0.E0));
#8710=AXIS2_PLACEMENT_3D('',#8707,#8708,#8709);
#8711=PLANE('',#8710);
#8712=ORIENTED_EDGE('',*,*,#8660,.T.);
#8713=ORIENTED_EDGE('',*,*,#8676,.F.);
#8714=ORIENTED_EDGE('',*,*,#8699,.F.);
#8715=ORIENTED_EDGE('',*,*,#8248,.T.);
#8716=EDGE_LOOP('',(#8712,#8713,#8714,#8715));
#8717=FACE_OUTER_BOUND('',#8716,.F.);
#8719=CARTESIAN_POINT('',(7.025E0,-1.1E0,-5.32E0));
#8720=DIRECTION('',(0.E0,0.E0,-1.E0));
#8721=DIRECTION('',(1.E0,0.E0,0.E0));
#8722=AXIS2_PLACEMENT_3D('',#8719,#8720,#8721);
#8723=PLANE('',#8722);
#8725=ORIENTED_EDGE('',*,*,#8724,.T.);
#8727=ORIENTED_EDGE('',*,*,#8726,.F.);
#8728=ORIENTED_EDGE('',*,*,#8227,.F.);
#8729=ORIENTED_EDGE('',*,*,#7084,.T.);
#8730=EDGE_LOOP('',(#8725,#8727,#8728,#8729));
#8731=FACE_OUTER_BOUND('',#8730,.F.);
#8733=CARTESIAN_POINT('',(7.1625E0,-6.5E-1,-5.37E0));
#8734=DIRECTION('',(0.E0,7.071067811865E-1,7.071067811865E-1));
#8735=DIRECTION('',(0.E0,-7.071067811865E-1,7.071067811865E-1));
#8736=AXIS2_PLACEMENT_3D('',#8733,#8734,#8735);
#8737=PLANE('',#8736);
#8739=ORIENTED_EDGE('',*,*,#8738,.T.);
#8741=ORIENTED_EDGE('',*,*,#8740,.F.);
#8742=ORIENTED_EDGE('',*,*,#8724,.F.);
#8743=ORIENTED_EDGE('',*,*,#7082,.T.);
#8744=EDGE_LOOP('',(#8739,#8741,#8742,#8743));
#8745=FACE_OUTER_BOUND('',#8744,.F.);
#8747=CARTESIAN_POINT('',(7.7E0,-6.E-1,-4.9E0));
#8748=DIRECTION('',(0.E0,-1.E0,0.E0));
#8749=DIRECTION('',(0.E0,0.E0,-1.E0));
#8750=AXIS2_PLACEMENT_3D('',#8747,#8748,#8749);
#8751=PLANE('',#8750);
#8752=ORIENTED_EDGE('',*,*,#8738,.F.);
#8753=ORIENTED_EDGE('',*,*,#6992,.F.);
#8754=ORIENTED_EDGE('',*,*,#4586,.T.);
#8755=ORIENTED_EDGE('',*,*,#6726,.T.);
#8756=ORIENTED_EDGE('',*,*,#8197,.T.);
#8758=ORIENTED_EDGE('',*,*,#8757,.F.);
#8759=EDGE_LOOP('',(#8752,#8753,#8754,#8755,#8756,#8758));
#8760=FACE_OUTER_BOUND('',#8759,.F.);
#8762=CARTESIAN_POINT('',(7.35E0,-6.5E-1,-5.11E0));
#8763=DIRECTION('',(-7.071067811865E-1,7.071067811865E-1,0.E0));
#8764=DIRECTION('',(-7.071067811865E-1,-7.071067811865E-1,0.E0));
#8765=AXIS2_PLACEMENT_3D('',#8762,#8763,#8764);
#8766=PLANE('',#8765);
#8768=ORIENTED_EDGE('',*,*,#8767,.F.);
#8769=ORIENTED_EDGE('',*,*,#8740,.T.);
#8770=ORIENTED_EDGE('',*,*,#8757,.T.);
#8771=ORIENTED_EDGE('',*,*,#8195,.T.);
#8772=EDGE_LOOP('',(#8768,#8769,#8770,#8771));
#8773=FACE_OUTER_BOUND('',#8772,.F.);
#8775=CARTESIAN_POINT('',(7.3E0,-1.1E0,-5.32E0));
#8776=DIRECTION('',(1.E0,0.E0,0.E0));
#8777=DIRECTION('',(0.E0,0.E0,1.E0));
#8778=AXIS2_PLACEMENT_3D('',#8775,#8776,#8777);
#8779=PLANE('',#8778);
#8780=ORIENTED_EDGE('',*,*,#8767,.T.);
#8781=ORIENTED_EDGE('',*,*,#8193,.F.);
#8782=ORIENTED_EDGE('',*,*,#8229,.F.);
#8783=ORIENTED_EDGE('',*,*,#8726,.T.);
#8784=EDGE_LOOP('',(#8780,#8781,#8782,#8783));
#8785=FACE_OUTER_BOUND('',#8784,.F.);
#8787=CARTESIAN_POINT('',(7.3625E0,7.E-1,-4.85E0));
#8788=DIRECTION('',(0.E0,7.071067811865E-1,-7.071067811865E-1));
#8789=DIRECTION('',(0.E0,7.071067811865E-1,7.071067811865E-1));
#8790=AXIS2_PLACEMENT_3D('',#8787,#8788,#8789);
#8791=PLANE('',#8790);
#8792=ORIENTED_EDGE('',*,*,#8075,.F.);
#8793=ORIENTED_EDGE('',*,*,#8200,.T.);
#8794=ORIENTED_EDGE('',*,*,#6722,.T.);
#8796=ORIENTED_EDGE('',*,*,#8795,.F.);
#8797=EDGE_LOOP('',(#8792,#8793,#8794,#8796));
#8798=FACE_OUTER_BOUND('',#8797,.F.);
#8800=CARTESIAN_POINT('',(7.7E0,7.5E-1,-3.85E0));
#8801=DIRECTION('',(0.E0,-1.E0,0.E0));
#8802=DIRECTION('',(0.E0,0.E0,-1.E0));
#8803=AXIS2_PLACEMENT_3D('',#8800,#8801,#8802);
#8804=PLANE('',#8803);
#8805=ORIENTED_EDGE('',*,*,#8077,.T.);
#8806=ORIENTED_EDGE('',*,*,#8795,.T.);
#8807=ORIENTED_EDGE('',*,*,#6720,.F.);
#8808=ORIENTED_EDGE('',*,*,#7978,.T.);
#8810=ORIENTED_EDGE('',*,*,#8809,.F.);
#8812=ORIENTED_EDGE('',*,*,#8811,.F.);
#8814=ORIENTED_EDGE('',*,*,#8813,.F.);
#8816=ORIENTED_EDGE('',*,*,#8815,.T.);
#8817=EDGE_LOOP('',(#8805,#8806,#8807,#8808,#8810,#8812,#8814,#8816));
#8818=FACE_OUTER_BOUND('',#8817,.F.);
#8820=CARTESIAN_POINT('',(7.35E0,7.E-1,-4.025E0));
#8821=DIRECTION('',(-7.071067811865E-1,7.071067811865E-1,0.E0));
#8822=DIRECTION('',(-7.071067811865E-1,-7.071067811865E-1,0.E0));
#8823=AXIS2_PLACEMENT_3D('',#8820,#8821,#8822);
#8824=PLANE('',#8823);
#8825=ORIENTED_EDGE('',*,*,#7997,.F.);
#8827=ORIENTED_EDGE('',*,*,#8826,.T.);
#8828=ORIENTED_EDGE('',*,*,#8809,.T.);
#8829=ORIENTED_EDGE('',*,*,#7976,.T.);
#8830=EDGE_LOOP('',(#8825,#8827,#8828,#8829));
#8831=FACE_OUTER_BOUND('',#8830,.F.);
#8833=CARTESIAN_POINT('',(7.35E0,7.E-1,-4.15E0));
#8834=DIRECTION('',(0.E0,7.071067811865E-1,-7.071067811865E-1));
#8835=DIRECTION('',(0.E0,-7.071067811865E-1,-7.071067811865E-1));
#8836=AXIS2_PLACEMENT_3D('',#8833,#8834,#8835);
#8837=PLANE('',#8836);
#8838=ORIENTED_EDGE('',*,*,#8811,.T.);
#8839=ORIENTED_EDGE('',*,*,#8826,.F.);
#8840=ORIENTED_EDGE('',*,*,#8011,.F.);
#8842=ORIENTED_EDGE('',*,*,#8841,.T.);
#8843=EDGE_LOOP('',(#8838,#8839,#8840,#8842));
#8844=FACE_OUTER_BOUND('',#8843,.F.);
#8846=CARTESIAN_POINT('',(7.45E0,7.E-1,-4.3E0));
#8847=DIRECTION('',(-7.071067811865E-1,7.071067811865E-1,0.E0));
#8848=DIRECTION('',(-7.071067811865E-1,-7.071067811865E-1,0.E0));
#8849=AXIS2_PLACEMENT_3D('',#8846,#8847,#8848);
#8850=PLANE('',#8849);
#8851=ORIENTED_EDGE('',*,*,#8025,.F.);
#8853=ORIENTED_EDGE('',*,*,#8852,.T.);
#8854=ORIENTED_EDGE('',*,*,#8813,.T.);
#8855=ORIENTED_EDGE('',*,*,#8841,.F.);
#8856=EDGE_LOOP('',(#8851,#8853,#8854,#8855));
#8857=FACE_OUTER_BOUND('',#8856,.F.);
#8859=CARTESIAN_POINT('',(7.2125E0,7.E-1,-4.45E0));
#8860=DIRECTION('',(0.E0,7.071067811865E-1,7.071067811865E-1));
#8861=DIRECTION('',(0.E0,7.071067811865E-1,-7.071067811865E-1));
#8862=AXIS2_PLACEMENT_3D('',#8859,#8860,#8861);
#8863=PLANE('',#8862);
#8864=ORIENTED_EDGE('',*,*,#8079,.T.);
#8865=ORIENTED_EDGE('',*,*,#8815,.F.);
#8866=ORIENTED_EDGE('',*,*,#8852,.F.);
#8867=ORIENTED_EDGE('',*,*,#8040,.T.);
#8868=EDGE_LOOP('',(#8864,#8865,#8866,#8867));
#8869=FACE_OUTER_BOUND('',#8868,.F.);
#8871=CARTESIAN_POINT('',(6.975E0,2.25E0,-5.1E0));
#8872=DIRECTION('',(9.486832980505E-1,3.162277660168E-1,0.E0));
#8873=DIRECTION('',(3.162277660168E-1,-9.486832980505E-1,0.E0));
#8874=AXIS2_PLACEMENT_3D('',#8871,#8872,#8873);
#8875=PLANE('',#8874);
#8876=ORIENTED_EDGE('',*,*,#6988,.F.);
#8877=ORIENTED_EDGE('',*,*,#7053,.F.);
#8878=ORIENTED_EDGE('',*,*,#8054,.F.);
#8879=ORIENTED_EDGE('',*,*,#6773,.T.);
#8880=EDGE_LOOP('',(#8876,#8877,#8878,#8879));
#8881=FACE_OUTER_BOUND('',#8880,.F.);
#8883=CARTESIAN_POINT('',(-7.3625E0,-1.45E0,-8.5E-1));
#8884=DIRECTION('',(0.E0,-7.071067811865E-1,7.071067811865E-1));
#8885=DIRECTION('',(0.E0,7.071067811865E-1,7.071067811865E-1));
#8886=AXIS2_PLACEMENT_3D('',#8883,#8884,#8885);
#8887=PLANE('',#8886);
#8888=ORIENTED_EDGE('',*,*,#7874,.T.);
#8889=ORIENTED_EDGE('',*,*,#7737,.F.);
#8890=ORIENTED_EDGE('',*,*,#7596,.T.);
#8891=ORIENTED_EDGE('',*,*,#7512,.T.);
#8892=EDGE_LOOP('',(#8888,#8889,#8890,#8891));
#8893=FACE_OUTER_BOUND('',#8892,.F.);
#8895=CARTESIAN_POINT('',(-6.975E0,-6.25E-1,-1.5E-1));
#8896=DIRECTION('',(-9.486832980505E-1,0.E0,3.162277660168E-1));
#8897=DIRECTION('',(-3.162277660168E-1,0.E0,-9.486832980505E-1));
#8898=AXIS2_PLACEMENT_3D('',#8895,#8896,#8897);
#8899=PLANE('',#8898);
#8900=ORIENTED_EDGE('',*,*,#7612,.F.);
#8901=ORIENTED_EDGE('',*,*,#7856,.T.);
#8902=ORIENTED_EDGE('',*,*,#4361,.T.);
#8904=ORIENTED_EDGE('',*,*,#8903,.T.);
#8905=EDGE_LOOP('',(#8900,#8901,#8902,#8904));
#8906=FACE_OUTER_BOUND('',#8905,.F.);
#8908=CARTESIAN_POINT('',(-6.925E0,-8.E-1,0.E0));
#8909=DIRECTION('',(0.E0,1.E0,0.E0));
#8910=DIRECTION('',(-1.E0,0.E0,0.E0));
#8911=AXIS2_PLACEMENT_3D('',#8908,#8909,#8910);
#8912=PLANE('',#8911);
#8913=ORIENTED_EDGE('',*,*,#8903,.F.);
#8915=ORIENTED_EDGE('',*,*,#8914,.T.);
#8916=ORIENTED_EDGE('',*,*,#7169,.T.);
#8917=ORIENTED_EDGE('',*,*,#7614,.F.);
#8918=EDGE_LOOP('',(#8913,#8915,#8916,#8917));
#8919=FACE_OUTER_BOUND('',#8918,.F.);
#8921=CARTESIAN_POINT('',(-6.925E0,-1.E0,0.E0));
#8922=DIRECTION('',(1.E0,0.E0,0.E0));
#8923=DIRECTION('',(0.E0,1.E0,0.E0));
#8924=AXIS2_PLACEMENT_3D('',#8921,#8922,#8923);
#8925=PLANE('',#8924);
#8926=ORIENTED_EDGE('',*,*,#4359,.F.);
#8927=ORIENTED_EDGE('',*,*,#7709,.T.);
#8928=ORIENTED_EDGE('',*,*,#7171,.T.);
#8929=ORIENTED_EDGE('',*,*,#8914,.F.);
#8930=EDGE_LOOP('',(#8926,#8927,#8928,#8929));
#8931=FACE_OUTER_BOUND('',#8930,.F.);
#8933=CARTESIAN_POINT('',(-7.3E0,-1.92E0,0.E0));
#8934=DIRECTION('',(0.E0,-1.E0,0.E0));
#8935=DIRECTION('',(1.E0,0.E0,0.E0));
#8936=AXIS2_PLACEMENT_3D('',#8933,#8934,#8935);
#8937=PLANE('',#8936);
#8938=ORIENTED_EDGE('',*,*,#7556,.T.);
#8939=ORIENTED_EDGE('',*,*,#7529,.T.);
#8940=ORIENTED_EDGE('',*,*,#7145,.T.);
#8941=ORIENTED_EDGE('',*,*,#7592,.F.);
#8942=EDGE_LOOP('',(#8938,#8939,#8940,#8941));
#8943=FACE_OUTER_BOUND('',#8942,.F.);
#8945=CARTESIAN_POINT('',(-6.46E0,-2.4E0,0.E0));
#8946=DIRECTION('',(-1.E0,0.E0,0.E0));
#8947=DIRECTION('',(0.E0,0.E0,-1.E0));
#8948=AXIS2_PLACEMENT_3D('',#8945,#8946,#8947);
#8949=PLANE('',#8948);
#8950=ORIENTED_EDGE('',*,*,#4498,.F.);
#8951=ORIENTED_EDGE('',*,*,#4351,.T.);
#8953=ORIENTED_EDGE('',*,*,#8952,.T.);
#8955=ORIENTED_EDGE('',*,*,#8954,.F.);
#8956=EDGE_LOOP('',(#8950,#8951,#8953,#8955));
#8957=FACE_OUTER_BOUND('',#8956,.F.);
#8959=CARTESIAN_POINT('',(0.E0,-2.5E0,0.E0));
#8960=DIRECTION('',(0.E0,-1.E0,0.E0));
#8961=DIRECTION('',(1.E0,0.E0,0.E0));
#8962=AXIS2_PLACEMENT_3D('',#8959,#8960,#8961);
#8963=PLANE('',#8962);
#8964=ORIENTED_EDGE('',*,*,#8952,.F.);
#8965=ORIENTED_EDGE('',*,*,#4349,.F.);
#8967=ORIENTED_EDGE('',*,*,#8966,.F.);
#8969=ORIENTED_EDGE('',*,*,#8968,.F.);
#8970=EDGE_LOOP('',(#8964,#8965,#8967,#8969));
#8971=FACE_OUTER_BOUND('',#8970,.F.);
#8973=CARTESIAN_POINT('',(0.E0,-2.5E0,0.E0));
#8974=DIRECTION('',(0.E0,-1.E0,0.E0));
#8975=DIRECTION('',(1.E0,0.E0,0.E0));
#8976=AXIS2_PLACEMENT_3D('',#8973,#8974,#8975);
#8977=PLANE('',#8976);
#8978=ORIENTED_EDGE('',*,*,#4341,.F.);
#8980=ORIENTED_EDGE('',*,*,#8979,.F.);
#8982=ORIENTED_EDGE('',*,*,#8981,.F.);
#8984=ORIENTED_EDGE('',*,*,#8983,.F.);
#8985=EDGE_LOOP('',(#8978,#8980,#8982,#8984));
#8986=FACE_OUTER_BOUND('',#8985,.F.);
#8988=CARTESIAN_POINT('',(-5.66E0,-2.4E0,-1.5E0));
#8989=DIRECTION('',(1.E0,0.E0,0.E0));
#8990=DIRECTION('',(0.E0,0.E0,1.E0));
#8991=AXIS2_PLACEMENT_3D('',#8988,#8989,#8990);
#8992=PLANE('',#8991);
#8993=ORIENTED_EDGE('',*,*,#4502,.T.);
#8995=ORIENTED_EDGE('',*,*,#8994,.T.);
#8996=ORIENTED_EDGE('',*,*,#8966,.T.);
#8997=ORIENTED_EDGE('',*,*,#4347,.F.);
#8998=EDGE_LOOP('',(#8993,#8995,#8996,#8997));
#8999=FACE_OUTER_BOUND('',#8998,.F.);
#9001=CARTESIAN_POINT('',(-6.46E0,-2.4E0,-1.5E0));
#9002=DIRECTION('',(0.E0,0.E0,-1.E0));
#9003=DIRECTION('',(1.E0,0.E0,0.E0));
#9004=AXIS2_PLACEMENT_3D('',#9001,#9002,#9003);
#9005=PLANE('',#9004);
#9006=ORIENTED_EDGE('',*,*,#4500,.F.);
#9007=ORIENTED_EDGE('',*,*,#8954,.T.);
#9008=ORIENTED_EDGE('',*,*,#8968,.T.);
#9009=ORIENTED_EDGE('',*,*,#8994,.F.);
#9010=EDGE_LOOP('',(#9006,#9007,#9008,#9009));
#9011=FACE_OUTER_BOUND('',#9010,.F.);
#9013=CARTESIAN_POINT('',(6.46E0,-2.4E0,-1.5E0));
#9014=DIRECTION('',(1.E0,0.E0,0.E0));
#9015=DIRECTION('',(0.E0,0.E0,1.E0));
#9016=AXIS2_PLACEMENT_3D('',#9013,#9014,#9015);
#9017=PLANE('',#9016);
#9018=ORIENTED_EDGE('',*,*,#4509,.T.);
#9020=ORIENTED_EDGE('',*,*,#9019,.T.);
#9021=ORIENTED_EDGE('',*,*,#8979,.T.);
#9022=ORIENTED_EDGE('',*,*,#4339,.F.);
#9023=EDGE_LOOP('',(#9018,#9020,#9021,#9022));
#9024=FACE_OUTER_BOUND('',#9023,.F.);
#9026=CARTESIAN_POINT('',(5.66E0,-2.4E0,-1.5E0));
#9027=DIRECTION('',(0.E0,0.E0,-1.E0));
#9028=DIRECTION('',(1.E0,0.E0,0.E0));
#9029=AXIS2_PLACEMENT_3D('',#9026,#9027,#9028);
#9030=PLANE('',#9029);
#9031=ORIENTED_EDGE('',*,*,#4507,.F.);
#9033=ORIENTED_EDGE('',*,*,#9032,.T.);
#9034=ORIENTED_EDGE('',*,*,#8981,.T.);
#9035=ORIENTED_EDGE('',*,*,#9019,.F.);
#9036=EDGE_LOOP('',(#9031,#9033,#9034,#9035));
#9037=FACE_OUTER_BOUND('',#9036,.F.);
#9039=CARTESIAN_POINT('',(5.66E0,-2.4E0,0.E0));
#9040=DIRECTION('',(-1.E0,0.E0,0.E0));
#9041=DIRECTION('',(0.E0,0.E0,-1.E0));
#9042=AXIS2_PLACEMENT_3D('',#9039,#9040,#9041);
#9043=PLANE('',#9042);
#9044=ORIENTED_EDGE('',*,*,#4505,.F.);
#9045=ORIENTED_EDGE('',*,*,#4343,.T.);
#9046=ORIENTED_EDGE('',*,*,#8983,.T.);
#9047=ORIENTED_EDGE('',*,*,#9032,.F.);
#9048=EDGE_LOOP('',(#9044,#9045,#9046,#9047));
#9049=FACE_OUTER_BOUND('',#9048,.F.);
#9055=PLANE_ANGLE_MEASURE_WITH_UNIT(PLANE_ANGLE_MEASURE(1.745329251994E-2),
#9054);
#9056=(CONVERSION_BASED_UNIT('DEGREE',#9055)NAMED_UNIT(*)PLANE_ANGLE_UNIT());
#9058=UNCERTAINTY_MEASURE_WITH_UNIT(LENGTH_MEASURE(1.E-3),#9053,
'distance_accuracy_value',
'Maximum model space distance between geometric entities at asserted connectivities');
#9061=APPLICATION_CONTEXT('automotive_design');
#9062=APPLICATION_PROTOCOL_DEFINITION('international standard',
'automotive_design',2001,#9061);
#9063=PRODUCT_DEFINITION_CONTEXT('part definition',#9061,'design');
#9064=PRODUCT_CONTEXT('',#9061,'mechanical');
#9065=PRODUCT('C-2360547-8','C-2360547-8','NOT SPECIFIED',(#9064));
#9066=PRODUCT_DEFINITION_FORMATION('1','LAST_VERSION',#9065);
#9074=DERIVED_UNIT_ELEMENT(#9073,2.E0);
#9075=DERIVED_UNIT((#9074));
#9076=MEASURE_REPRESENTATION_ITEM('surface area measure',AREA_MEASURE(
6.269232250820E2),#9075);
#9081=DERIVED_UNIT_ELEMENT(#9080,3.E0);
#9082=DERIVED_UNIT((#9081));
#9083=MEASURE_REPRESENTATION_ITEM('volume measure',VOLUME_MEASURE(
2.188595215707E2),#9082);
#9087=CARTESIAN_POINT('centre point',(-4.028544605335E-2,1.059643274349E-1,
-3.553541877637E0));
#9092=DERIVED_UNIT_ELEMENT(#9091,2.E0);
#9093=DERIVED_UNIT((#9092));
#9094=MEASURE_REPRESENTATION_ITEM('surface area measure',AREA_MEASURE(
6.269232250820E2),#9093);
#9099=DERIVED_UNIT_ELEMENT(#9098,3.E0);
#9100=DERIVED_UNIT((#9099));
#9101=MEASURE_REPRESENTATION_ITEM('volume measure',VOLUME_MEASURE(
2.188595215707E2),#9100);
#9105=CARTESIAN_POINT('centre point',(-4.028544605335E-2,1.059643274349E-1,
-3.553541877637E0));
#9110=PRODUCT_RELATED_PRODUCT_CATEGORY('part','',(#9065));
#1=DRAUGHTING_PRE_DEFINED_COLOUR('black');
#2=COLOUR_RGB('',0.E0,0.E0,3.6E-1);
#3=COLOUR_RGB('',0.E0,0.E0,4.8E-1);
#4=DRAUGHTING_PRE_DEFINED_COLOUR('blue');
#5=COLOUR_RGB('',0.E0,5.8824E-2,4.58824E-1);
#6=COLOUR_RGB('',0.E0,1.80392E-1,4.78431E-1);
#7=COLOUR_RGB('',0.E0,3.6E-1,9.E-2);
#8=COLOUR_RGB('',0.E0,3.6E-1,2.7E-1);
#9=COLOUR_RGB('',0.E0,5.6E-1,6.4E-1);
#10=COLOUR_RGB('',0.E0,5.8E-1,8.E-1);
#11=COLOUR_RGB('',0.E0,7.1E-1,6.6E-1);
#12=COLOUR_RGB('',0.E0,7.13E-1,0.E0);
#13=COLOUR_RGB('',0.E0,9.5E-1,8.4E-1);
#14=DRAUGHTING_PRE_DEFINED_COLOUR('green');
#15=DRAUGHTING_PRE_DEFINED_COLOUR('cyan');
#16=COLOUR_RGB('',1.1765E-2,1.9608E-2,3.9216E-2);
#17=COLOUR_RGB('',4.E-2,0.E0,1.6E-1);
#18=COLOUR_RGB('',3.9216E-2,2.19608E-1,1.21569E-1);
#19=COLOUR_RGB('',3.9216E-2,3.60784E-1,2.E-1);
#20=COLOUR_RGB('',5.098E-2,7.0588E-2,1.01961E-1);
#21=COLOUR_RGB('',9.E-2,0.E0,1.2E-1);
#22=COLOUR_RGB('',9.0196E-2,1.60784E-1,1.09804E-1);
#23=COLOUR_RGB('',9.0196E-2,3.80392E-1,6.70588E-1);
#24=COLOUR_RGB('',1.E-1,0.E0,2.5E-1);
#25=COLOUR_RGB('',1.01961E-1,4.78431E-1,3.88235E-1);
#26=COLOUR_RGB('',1.09804E-1,1.4902E-1,9.0196E-2);
#27=COLOUR_RGB('',1.4902E-1,3.09804E-1,5.29412E-1);
#28=COLOUR_RGB('',1.4902E-1,4.E-1,1.60784E-1);
#29=COLOUR_RGB('',1.6E-1,3.2E-2,0.E0);
#30=COLOUR_RGB('',1.60784E-1,4.5098E-1,7.21569E-1);
#31=COLOUR_RGB('',1.6E-1,4.6E-1,6.5E-1);
#32=COLOUR_RGB('',1.6E-1,1.E0,1.6E-1);
#33=COLOUR_RGB('',2.E-1,3.2E-2,0.E0);
#34=COLOUR_RGB('',2.11765E-1,4.11765E-1,1.4902E-1);
#35=COLOUR_RGB('',2.39216E-1,2.39216E-1,2.31373E-1);
#36=COLOUR_RGB('',2.39216E-1,2.70588E-1,1.80392E-1);
#37=COLOUR_RGB('',2.5098E-1,2.90196E-1,3.29412E-1);
#38=COLOUR_RGB('',2.90196E-1,4.31373E-1,2.E-1);
#39=COLOUR_RGB('',3.1E-1,3.1E-1,5.6E-1);
#40=COLOUR_RGB('',3.09804E-1,6.58824E-1,2.E-1);
#41=COLOUR_RGB('',3.2E-1,1.5E-1,0.E0);
#42=COLOUR_RGB('',3.60784E-1,3.1373E-2,1.68627E-1);
#43=COLOUR_RGB('',3.68627E-1,2.E-1,1.21569E-1);
#44=COLOUR_RGB('',3.88235E-1,2.39216E-1,6.11765E-1);
#45=COLOUR_RGB('',4.E-1,4.E-1,4.E-1);
#46=COLOUR_RGB('',4.11765E-1,5.8824E-2,7.8431E-2);
#47=COLOUR_RGB('',4.11765E-1,3.29412E-1,2.19608E-1);
#48=COLOUR_RGB('',4.2E-1,4.2E-1,1.E0);
#49=COLOUR_RGB('',4.4E-1,8.5E-1,1.E0);
#50=COLOUR_RGB('',4.58824E-1,4.5098E-1,3.09804E-1);
#51=COLOUR_RGB('',4.70588E-1,5.09804E-1,5.4902E-1);
#52=COLOUR_RGB('',4.78431E-1,4.90196E-1,4.58824E-1);
#53=COLOUR_RGB('',4.90196E-1,3.60784E-1,2.19608E-1);
#54=COLOUR_RGB('',4.9E-1,4.9E-1,0.E0);
#55=COLOUR_RGB('',4.9E-1,1.E0,0.E0);
#56=COLOUR_RGB('',5.E-1,0.E0,0.E0);
#57=COLOUR_RGB('',5.E-1,0.E0,2.3E-1);
#58=COLOUR_RGB('',5.E-1,5.E-1,5.E-1);
#59=COLOUR_RGB('',5.21569E-1,2.19608E-1,1.68627E-1);
#60=COLOUR_RGB('',5.3E-1,0.E0,0.E0);
#61=COLOUR_RGB('',5.29412E-1,5.80392E-1,6.5098E-1);
#62=COLOUR_RGB('',5.4E-1,0.E0,4.4E-1);
#63=COLOUR_RGB('',5.5E-1,3.E-1,0.E0);
#64=COLOUR_RGB('',5.6E-1,1.E-1,5.E-2);
#65=COLOUR_RGB('',5.60784E-1,5.80392E-1,6.19608E-1);
#66=COLOUR_RGB('',5.68627E-1,5.8824E-2,4.E-1);
#67=COLOUR_RGB('',5.8E-1,2.2E-1,1.E-2);
#68=COLOUR_RGB('',5.88235E-1,1.21569E-1,1.09804E-1);
#69=COLOUR_RGB('',6.E-1,6.E-1,6.E-1);
#70=COLOUR_RGB('',6.11765E-1,5.60784E-1,3.80392E-1);
#71=COLOUR_RGB('',6.11765E-1,6.11765E-1,6.5098E-1);
#72=COLOUR_RGB('',6.2E-1,0.E0,5.5E-1);
#73=COLOUR_RGB('',6.19608E-1,6.39216E-1,6.90196E-1);
#74=COLOUR_RGB('',6.35294E-1,6.86275E-1,7.4902E-1);
#75=COLOUR_RGB('',6.4E-1,0.E0,2.5E-1);
#76=COLOUR_RGB('',6.4E-1,1.E-2,0.E0);
#77=COLOUR_RGB('',6.39216E-1,5.4902E-1,4.78431E-1);
#78=COLOUR_RGB('',6.5098E-1,6.70588E-1,7.09804E-1);
#79=COLOUR_RGB('',6.70588E-1,1.21569E-1,1.09804E-1);
#80=COLOUR_RGB('',6.78431E-1,4.78431E-1,3.09804E-1);
#81=COLOUR_RGB('',6.8E-1,7.5E-1,1.E0);
#82=COLOUR_RGB('',7.09804E-1,7.0588E-2,2.E-1);
#83=COLOUR_RGB('',7.1E-1,3.1E-1,0.E0);
#84=COLOUR_RGB('',7.2E-1,7.2E-1,7.2E-1);
#85=COLOUR_RGB('',7.29412E-1,7.41176E-1,7.29412E-1);
#86=COLOUR_RGB('',7.41176E-1,7.29412E-1,6.70588E-1);
#87=COLOUR_RGB('',7.4E-1,1.E0,2.6E-1);
#88=COLOUR_RGB('',7.5E-1,3.E-2,0.E0);
#89=COLOUR_RGB('',7.4902E-1,8.90196E-1,7.29412E-1);
#90=COLOUR_RGB('',7.6E-1,0.E0,4.7E-1);
#91=COLOUR_RGB('',7.80392E-1,9.0196E-2,7.0588E-2);
#92=COLOUR_RGB('',7.88235E-1,2.19608E-1,5.4902E-1);
#93=COLOUR_RGB('',8.1E-1,4.E-2,0.E0);
#94=COLOUR_RGB('',8.1E-1,6.1E-1,0.E0);
#95=COLOUR_RGB('',8.2E-1,4.E-2,6.6E-1);
#96=COLOUR_RGB('',8.31373E-1,8.5098E-1,8.58824E-1);
#97=COLOUR_RGB('',8.5098E-1,7.29412E-1,5.4902E-1);
#98=COLOUR_RGB('',8.5E-1,8.5E-1,8.5E-1);
#99=COLOUR_RGB('',8.78431E-1,3.68627E-1,1.21569E-1);
#100=COLOUR_RGB('',8.784E-1,9.49E-1,1.E0);
#101=COLOUR_RGB('',8.90196E-1,5.88235E-1,1.41176E-1);
#102=COLOUR_RGB('',9.E-1,1.E0,0.E0);
#103=COLOUR_RGB('',9.09804E-1,6.11765E-1,7.09804E-1);
#104=COLOUR_RGB('',9.37E-1,7.85E-1,0.E0);
#105=COLOUR_RGB('',9.41176E-1,9.29412E-1,9.01961E-1);
#106=COLOUR_RGB('',9.5E-1,2.2E-1,8.1E-1);
#107=COLOUR_RGB('',9.6E-1,3.7E-1,3.E-1);
#108=COLOUR_RGB('',9.6E-1,7.1E-1,3.75E-1);
#109=COLOUR_RGB('',9.80392E-1,1.E0,1.E0);
#110=COLOUR_RGB('',9.88235E-1,1.09804E-1,7.8431E-2);
#111=COLOUR_RGB('',9.88235E-1,7.21569E-1,1.29412E-1);
#112=COLOUR_RGB('',9.88235E-1,9.21569E-1,8.E-1);
#113=DRAUGHTING_PRE_DEFINED_COLOUR('red');
#114=COLOUR_RGB('',1.E0,0.E0,6.1E-1);
#115=COLOUR_RGB('',1.E0,4.E-2,0.E0);
#116=COLOUR_RGB('',1.E0,2.3E-1,0.E0);
#117=COLOUR_RGB('',1.E0,3.5E-1,5.2E-1);
#118=COLOUR_RGB('',1.E0,3.6E-1,0.E0);
#119=COLOUR_RGB('',1.E0,3.88235E-1,2.11765E-1);
#120=COLOUR_RGB('',1.E0,4.9E-1,3.7E-1);
#121=COLOUR_RGB('',1.E0,5.E-1,0.E0);
#122=COLOUR_RGB('',1.E0,5.6E-1,7.8E-1);
#123=COLOUR_RGB('',1.E0,6.4E-1,4.9E-1);
#124=COLOUR_RGB('',1.E0,6.7E-1,0.E0);
#125=COLOUR_RGB('',1.E0,7.6E-1,6.5E-1);
#126=COLOUR_RGB('',1.E0,8.39216E-1,3.01961E-1);
#127=COLOUR_RGB('',1.E0,8.6E-1,4.E-2);
#128=COLOUR_RGB('',1.E0,9.60784E-1,2.58824E-1);
#129=COLOUR_RGB('',1.E0,9.60784E-1,8.90196E-1);
#130=COLOUR_RGB('',1.E0,9.8E-1,7.2E-1);
#131=DRAUGHTING_PRE_DEFINED_COLOUR('yellow');
#132=COLOUR_RGB('',1.E0,1.E0,3.9216E-2);
#133=DRAUGHTING_PRE_DEFINED_COLOUR('white');
#1238=CIRCLE('',#1237,1.E-1);
#1243=CIRCLE('',#1242,1.E-1);
#1900=CIRCLE('',#1899,1.E-1);
#1917=CIRCLE('',#1916,3.5E-1);
#1934=CIRCLE('',#1933,3.5E-1);
#1951=CIRCLE('',#1950,1.E-1);
#1960=CIRCLE('',#1959,3.E-1);
#1965=CIRCLE('',#1964,3.E-1);
#2714=CIRCLE('',#2713,3.E-1);
#2719=CIRCLE('',#2718,3.E-1);
#2748=CIRCLE('',#2747,3.5E-1);
#2761=CIRCLE('',#2760,1.E-1);
#2778=CIRCLE('',#2777,1.E-1);
#2791=CIRCLE('',#2790,3.5E-1);
#3048=CIRCLE('',#3047,3.E-1);
#3053=CIRCLE('',#3052,3.E-1);
#3074=CIRCLE('',#3073,3.E-1);
#3079=CIRCLE('',#3078,3.E-1);
#4337=EDGE_CURVE('',#3589,#3453,#137,.T.);
#4339=EDGE_CURVE('',#3589,#3568,#141,.T.);
#4341=EDGE_CURVE('',#3568,#3569,#3275,.T.);
#4343=EDGE_CURVE('',#3584,#3569,#3307,.T.);
#4345=EDGE_CURVE('',#3581,#3584,#145,.T.);
#4347=EDGE_CURVE('',#3581,#3565,#149,.T.);
#4349=EDGE_CURVE('',#3565,#3560,#3263,.T.);
#4351=EDGE_CURVE('',#3576,#3560,#3255,.T.);
#4353=EDGE_CURVE('',#3448,#3576,#153,.T.);
#4355=EDGE_CURVE('',#3476,#3448,#157,.T.);
#4357=EDGE_CURVE('',#3481,#3476,#161,.T.);
#4359=EDGE_CURVE('',#3481,#3493,#165,.T.);
#4361=EDGE_CURVE('',#3487,#3493,#169,.T.);
#4363=EDGE_CURVE('',#3485,#3487,#173,.T.);
#4365=EDGE_CURVE('',#3311,#3485,#177,.T.);
#4367=EDGE_CURVE('',#3310,#3311,#181,.T.);
#4369=EDGE_CURVE('',#3464,#3310,#185,.T.);
#4371=EDGE_CURVE('',#3459,#3464,#189,.T.);
#4373=EDGE_CURVE('',#3457,#3459,#193,.T.);
#4375=EDGE_CURVE('',#3457,#3468,#197,.T.);
#4377=EDGE_CURVE('',#3473,#3468,#201,.T.);
#4379=EDGE_CURVE('',#3453,#3473,#205,.T.);
#4383=EDGE_CURVE('',#4093,#4053,#1077,.T.);
#4385=EDGE_CURVE('',#4069,#4093,#209,.T.);
#4387=EDGE_CURVE('',#4068,#4069,#213,.T.);
#4389=EDGE_CURVE('',#4091,#4068,#217,.T.);
#4391=EDGE_CURVE('',#3699,#4091,#1065,.T.);
#4393=EDGE_CURVE('',#3699,#3694,#1259,.T.);
#4395=EDGE_CURVE('',#3690,#3694,#1263,.T.);
#4397=EDGE_CURVE('',#3697,#3690,#1221,.T.);
#4399=EDGE_CURVE('',#4089,#3697,#1057,.T.);
#4401=EDGE_CURVE('',#4065,#4089,#221,.T.);
#4403=EDGE_CURVE('',#4064,#4065,#225,.T.);
#4405=EDGE_CURVE('',#4087,#4064,#229,.T.);
#4407=EDGE_CURVE('',#4048,#4087,#1049,.T.);
#4409=EDGE_CURVE('',#4048,#4049,#233,.T.);
#4411=EDGE_CURVE('',#4049,#3668,#237,.T.);
#4413=EDGE_CURVE('',#3671,#3668,#241,.T.);
#4415=EDGE_CURVE('',#3678,#3671,#1121,.T.);
#4417=EDGE_CURVE('',#3678,#3679,#245,.T.);
#4419=EDGE_CURVE('',#3681,#3679,#249,.T.);
#4421=EDGE_CURVE('',#3681,#3685,#253,.T.);
#4423=EDGE_CURVE('',#3657,#3685,#1169,.T.);
#4425=EDGE_CURVE('',#3655,#3657,#257,.T.);
#4427=EDGE_CURVE('',#3655,#4052,#261,.T.);
#4429=EDGE_CURVE('',#4052,#4053,#265,.T.);
#4433=ADVANCED_FACE('',(#4382,#4432),#4336,.T.);
#4439=EDGE_CURVE('',#3990,#3997,#269,.T.);
#4441=EDGE_CURVE('',#3974,#3990,#581,.T.);
#4443=EDGE_CURVE('',#3974,#3979,#273,.T.);
#4445=EDGE_CURVE('',#3977,#3979,#277,.T.);
#4447=EDGE_CURVE('',#3970,#3977,#281,.T.);
#4449=EDGE_CURVE('',#3790,#3970,#565,.T.);
#4451=EDGE_CURVE('',#3790,#3795,#285,.T.);
#4453=EDGE_CURVE('',#3793,#3795,#289,.T.);
#4455=EDGE_CURVE('',#3786,#3793,#293,.T.);
#4457=EDGE_CURVE('',#3770,#3786,#549,.T.);
#4459=EDGE_CURVE('',#3770,#3775,#297,.T.);
#4461=EDGE_CURVE('',#3773,#3775,#301,.T.);
#4463=EDGE_CURVE('',#3766,#3773,#305,.T.);
#4465=EDGE_CURVE('',#3750,#3766,#533,.T.);
#4467=EDGE_CURVE('',#3750,#3755,#309,.T.);
#4469=EDGE_CURVE('',#3753,#3755,#313,.T.);
#4471=EDGE_CURVE('',#3746,#3753,#317,.T.);
#4473=EDGE_CURVE('',#3730,#3746,#517,.T.);
#4475=EDGE_CURVE('',#3730,#3735,#321,.T.);
#4477=EDGE_CURVE('',#3733,#3735,#325,.T.);
#4479=EDGE_CURVE('',#3726,#3733,#329,.T.);
#4481=EDGE_CURVE('',#3630,#3726,#501,.T.);
#4483=EDGE_CURVE('',#3630,#3631,#333,.T.);
#4485=EDGE_CURVE('',#3633,#3631,#337,.T.);
#4487=EDGE_CURVE('',#3635,#3633,#341,.T.);
#4489=EDGE_CURVE('',#3331,#3635,#469,.T.);
#4491=EDGE_CURVE('',#3324,#3331,#345,.T.);
#4493=EDGE_CURVE('',#3449,#3324,#2349,.T.);
#4495=EDGE_CURVE('',#3448,#3449,#349,.T.);
#4498=EDGE_CURVE('',#3576,#3577,#353,.T.);
#4500=EDGE_CURVE('',#3577,#3579,#357,.T.);
#4502=EDGE_CURVE('',#3581,#3579,#361,.T.);
#4505=EDGE_CURVE('',#3584,#3585,#365,.T.);
#4507=EDGE_CURVE('',#3585,#3587,#369,.T.);
#4509=EDGE_CURVE('',#3589,#3587,#373,.T.);
#4512=EDGE_CURVE('',#3452,#3453,#377,.T.);
#4514=EDGE_CURVE('',#3314,#3452,#2173,.T.);
#4516=EDGE_CURVE('',#3314,#3321,#1803,.T.);
#4518=EDGE_CURVE('',#4323,#3321,#445,.T.);
#4520=EDGE_CURVE('',#4323,#3624,#381,.T.);
#4522=EDGE_CURVE('',#3624,#3625,#385,.T.);
#4524=EDGE_CURVE('',#3627,#3625,#389,.T.);
#4526=EDGE_CURVE('',#3994,#3627,#597,.T.);
#4528=EDGE_CURVE('',#3994,#3999,#393,.T.);
#4530=EDGE_CURVE('',#3997,#3999,#397,.T.);
#4534=ADVANCED_FACE('',(#4533),#4438,.T.);
#4540=EDGE_CURVE('',#3990,#3991,#585,.T.);
#4543=EDGE_CURVE('',#3997,#4228,#401,.T.);
#4545=EDGE_CURVE('',#4228,#4229,#405,.T.);
#4547=EDGE_CURVE('',#4229,#3991,#409,.T.);
#4551=ADVANCED_FACE('',(#4550),#4539,.F.);
#4557=EDGE_CURVE('',#4002,#4003,#985,.T.);
#4559=EDGE_CURVE('',#4003,#4232,#413,.T.);
#4561=EDGE_CURVE('',#4232,#4233,#417,.T.);
#4563=EDGE_CURVE('',#4233,#4002,#421,.T.);
#4567=ADVANCED_FACE('',(#4566),#4556,.F.);
#4573=EDGE_CURVE('',#4260,#4261,#425,.T.);
#4575=EDGE_CURVE('',#4261,#4265,#429,.T.);
#4577=EDGE_CURVE('',#4264,#4265,#433,.T.);
#4579=EDGE_CURVE('',#3601,#4264,#437,.T.);
#4581=EDGE_CURVE('',#4323,#3601,#441,.T.);
#4584=EDGE_CURVE('',#3321,#3318,#449,.T.);
#4586=EDGE_CURVE('',#3963,#3318,#3151,.T.);
#4588=EDGE_CURVE('',#3961,#3963,#453,.T.);
#4590=EDGE_CURVE('',#3961,#3950,#457,.T.);
#4592=EDGE_CURVE('',#3955,#3950,#461,.T.);
#4594=EDGE_CURVE('',#3328,#3955,#3091,.T.);
#4596=EDGE_CURVE('',#3328,#3331,#465,.T.);
#4599=EDGE_CURVE('',#3635,#3603,#473,.T.);
#4601=EDGE_CURVE('',#3603,#3718,#477,.T.);
#4603=EDGE_CURVE('',#3718,#3719,#481,.T.);
#4605=EDGE_CURVE('',#3719,#3723,#485,.T.);
#4607=EDGE_CURVE('',#3722,#3723,#489,.T.);
#4609=EDGE_CURVE('',#3722,#3605,#493,.T.);
#4611=EDGE_CURVE('',#3630,#3605,#497,.T.);
#4614=EDGE_CURVE('',#3726,#3727,#505,.T.);
#4616=EDGE_CURVE('',#3727,#3731,#509,.T.);
#4618=EDGE_CURVE('',#3730,#3731,#513,.T.);
#4621=EDGE_CURVE('',#3746,#3747,#521,.T.);
#4623=EDGE_CURVE('',#3747,#3751,#525,.T.);
#4625=EDGE_CURVE('',#3750,#3751,#529,.T.);
#4628=EDGE_CURVE('',#3766,#3767,#537,.T.);
#4630=EDGE_CURVE('',#3767,#3771,#541,.T.);
#4632=EDGE_CURVE('',#3770,#3771,#545,.T.);
#4635=EDGE_CURVE('',#3786,#3787,#553,.T.);
#4637=EDGE_CURVE('',#3787,#3791,#557,.T.);
#4639=EDGE_CURVE('',#3790,#3791,#561,.T.);
#4642=EDGE_CURVE('',#3970,#3971,#569,.T.);
#4644=EDGE_CURVE('',#3971,#3975,#573,.T.);
#4646=EDGE_CURVE('',#3974,#3975,#577,.T.);
#4650=EDGE_CURVE('',#3991,#3995,#589,.T.);
#4652=EDGE_CURVE('',#3994,#3995,#593,.T.);
#4655=EDGE_CURVE('',#3627,#3599,#601,.T.);
#4657=EDGE_CURVE('',#4260,#3599,#605,.T.);
#4661=ADVANCED_FACE('',(#4660),#4572,.F.);
#4668=EDGE_CURVE('',#4260,#4329,#637,.T.);
#4670=EDGE_CURVE('',#4329,#4261,#609,.T.);
#4674=ADVANCED_FACE('',(#4673),#4666,.F.);
#4680=EDGE_CURVE('',#4268,#4269,#1001,.T.);
#4682=EDGE_CURVE('',#4269,#4248,#613,.T.);
#4684=EDGE_CURVE('',#4248,#4249,#617,.T.);
#4686=EDGE_CURVE('',#4249,#4268,#621,.T.);
#4690=ADVANCED_FACE('',(#4689),#4679,.F.);
#4696=EDGE_CURVE('',#4245,#4275,#625,.T.);
#4698=EDGE_CURVE('',#4277,#4275,#729,.T.);
#4700=EDGE_CURVE('',#4277,#4244,#629,.T.);
#4702=EDGE_CURVE('',#4244,#4245,#633,.T.);
#4706=ADVANCED_FACE('',(#4705),#4695,.F.);
#4714=EDGE_CURVE('',#3599,#3592,#641,.T.);
#4716=EDGE_CURVE('',#3592,#3593,#673,.T.);
#4718=EDGE_CURVE('',#3601,#3593,#661,.T.);
#4721=EDGE_CURVE('',#4264,#4331,#645,.T.);
#4723=EDGE_CURVE('',#4329,#4331,#649,.T.);
#4727=ADVANCED_FACE('',(#4726),#4711,.T.);
#4735=EDGE_CURVE('',#3625,#3611,#653,.T.);
#4737=EDGE_CURVE('',#3611,#3613,#689,.T.);
#4739=EDGE_CURVE('',#3592,#3613,#665,.T.);
#4744=ADVANCED_FACE('',(#4743),#4732,.T.);
#4751=EDGE_CURVE('',#3624,#3609,#657,.T.);
#4753=EDGE_CURVE('',#3609,#3611,#693,.T.);
#4758=ADVANCED_FACE('',(#4757),#4749,.T.);
#4764=EDGE_CURVE('',#3608,#3593,#669,.T.);
#4766=EDGE_CURVE('',#3608,#3609,#681,.T.);
#4774=ADVANCED_FACE('',(#4773),#4763,.T.);
#4781=EDGE_CURVE('',#3613,#3608,#685,.T.);
#4787=ADVANCED_FACE('',(#4786),#4779,.T.);
#4793=EDGE_CURVE('',#3616,#3596,#749,.T.);
#4795=EDGE_CURVE('',#3616,#3617,#697,.T.);
#4797=EDGE_CURVE('',#3597,#3617,#757,.T.);
#4799=EDGE_CURVE('',#3596,#3597,#677,.T.);
#4803=ADVANCED_FACE('',(#4802),#4792,.T.);
#4816=EDGE_CURVE('',#4275,#4279,#733,.T.);
#4818=EDGE_CURVE('',#4281,#4279,#737,.T.);
#4820=EDGE_CURVE('',#4277,#4281,#741,.T.);
#4824=ADVANCED_FACE('',(#4814,#4823),#4808,.T.);
#4831=EDGE_CURVE('',#3621,#3616,#701,.T.);
#4833=EDGE_CURVE('',#3619,#3621,#705,.T.);
#4835=EDGE_CURVE('',#3617,#3619,#709,.T.);
#4839=EDGE_CURVE('',#4141,#4139,#713,.T.);
#4841=EDGE_CURVE('',#4139,#4143,#717,.T.);
#4843=EDGE_CURVE('',#4145,#4143,#721,.T.);
#4845=EDGE_CURVE('',#4141,#4145,#725,.T.);
#4849=ADVANCED_FACE('',(#4838,#4848),#4829,.T.);
#4857=EDGE_CURVE('',#3633,#3621,#745,.T.);
#4861=EDGE_CURVE('',#3603,#3596,#769,.T.);
#4865=ADVANCED_FACE('',(#4864),#4854,.T.);
#4872=EDGE_CURVE('',#3631,#3619,#753,.T.);
#4878=ADVANCED_FACE('',(#4877),#4870,.T.);
#4889=EDGE_CURVE('',#3605,#3597,#761,.T.);
#4893=ADVANCED_FACE('',(#4892),#4883,.T.);
#4899=EDGE_CURVE('',#3718,#4325,#765,.T.);
#4906=EDGE_CURVE('',#3722,#4327,#773,.T.);
#4908=EDGE_CURVE('',#4325,#4327,#777,.T.);
#4912=ADVANCED_FACE('',(#4911),#4898,.T.);
#4918=EDGE_CURVE('',#3710,#3711,#889,.T.);
#4920=EDGE_CURVE('',#3711,#4128,#781,.T.);
#4922=EDGE_CURVE('',#4128,#4129,#785,.T.);
#4924=EDGE_CURVE('',#4129,#3710,#789,.T.);
#4928=ADVANCED_FACE('',(#4927),#4917,.F.);
#4936=EDGE_CURVE('',#4325,#3719,#793,.T.);
#4940=ADVANCED_FACE('',(#4939),#4933,.F.);
#4946=EDGE_CURVE('',#4125,#4139,#797,.T.);
#4949=EDGE_CURVE('',#4141,#4124,#801,.T.);
#4951=EDGE_CURVE('',#4124,#4125,#805,.T.);
#4955=ADVANCED_FACE('',(#4954),#4945,.F.);
#4961=EDGE_CURVE('',#4072,#4073,#809,.T.);
#4963=EDGE_CURVE('',#4073,#4075,#813,.T.);
#4965=EDGE_CURVE('',#4077,#4075,#817,.T.);
#4967=EDGE_CURVE('',#4077,#4080,#821,.T.);
#4969=EDGE_CURVE('',#4080,#4081,#825,.T.);
#4971=EDGE_CURVE('',#4081,#4083,#829,.T.);
#4973=EDGE_CURVE('',#4085,#4083,#833,.T.);
#4975=EDGE_CURVE('',#4085,#4061,#837,.T.);
#4977=EDGE_CURVE('',#4057,#4061,#841,.T.);
#4979=EDGE_CURVE('',#3647,#4057,#845,.T.);
#4981=EDGE_CURVE('',#3645,#3647,#849,.T.);
#4983=EDGE_CURVE('',#3643,#3645,#853,.T.);
#4985=EDGE_CURVE('',#3641,#3643,#857,.T.);
#4987=EDGE_CURVE('',#3639,#3641,#861,.T.);
#4989=EDGE_CURVE('',#3638,#3639,#865,.T.);
#4991=EDGE_CURVE('',#3651,#3638,#869,.T.);
#4993=EDGE_CURVE('',#3650,#3651,#873,.T.);
#4995=EDGE_CURVE('',#4055,#3650,#877,.T.);
#4997=EDGE_CURVE('',#4059,#4055,#881,.T.);
#4999=EDGE_CURVE('',#4059,#4072,#885,.T.);
#5004=EDGE_CURVE('',#3710,#3714,#893,.T.);
#5006=EDGE_CURVE('',#3714,#3715,#897,.T.);
#5008=EDGE_CURVE('',#3711,#3715,#901,.T.);
#5012=EDGE_CURVE('',#3738,#3739,#905,.T.);
#5014=EDGE_CURVE('',#3738,#3742,#909,.T.);
#5016=EDGE_CURVE('',#3742,#3743,#913,.T.);
#5018=EDGE_CURVE('',#3739,#3743,#917,.T.);
#5022=EDGE_CURVE('',#3758,#3759,#921,.T.);
#5024=EDGE_CURVE('',#3758,#3762,#925,.T.);
#5026=EDGE_CURVE('',#3762,#3763,#929,.T.);
#5028=EDGE_CURVE('',#3759,#3763,#933,.T.);
#5032=EDGE_CURVE('',#3778,#3779,#937,.T.);
#5034=EDGE_CURVE('',#3778,#3782,#941,.T.);
#5036=EDGE_CURVE('',#3782,#3783,#945,.T.);
#5038=EDGE_CURVE('',#3779,#3783,#949,.T.);
#5042=EDGE_CURVE('',#3798,#3799,#953,.T.);
#5044=EDGE_CURVE('',#3798,#3802,#957,.T.);
#5046=EDGE_CURVE('',#3802,#3803,#961,.T.);
#5048=EDGE_CURVE('',#3799,#3803,#965,.T.);
#5052=EDGE_CURVE('',#3982,#3983,#969,.T.);
#5054=EDGE_CURVE('',#3982,#3986,#973,.T.);
#5056=EDGE_CURVE('',#3986,#3987,#977,.T.);
#5058=EDGE_CURVE('',#3983,#3987,#981,.T.);
#5063=EDGE_CURVE('',#4002,#4006,#989,.T.);
#5065=EDGE_CURVE('',#4006,#4007,#993,.T.);
#5067=EDGE_CURVE('',#4003,#4007,#997,.T.);
#5072=EDGE_CURVE('',#4268,#4272,#1005,.T.);
#5074=EDGE_CURVE('',#4272,#4273,#1009,.T.);
#5076=EDGE_CURVE('',#4269,#4273,#1013,.T.);
#5080=EDGE_CURVE('',#4110,#4111,#1017,.T.);
#5082=EDGE_CURVE('',#4111,#4113,#1021,.T.);
#5084=EDGE_CURVE('',#4113,#4115,#1025,.T.);
#5086=EDGE_CURVE('',#4115,#4117,#1029,.T.);
#5088=EDGE_CURVE('',#4117,#4119,#1033,.T.);
#5090=EDGE_CURVE('',#4119,#4121,#1037,.T.);
#5092=EDGE_CURVE('',#4121,#4110,#1041,.T.);
#5096=ADVANCED_FACE('',(#5002,#5011,#5021,#5031,#5041,#5051,#5061,#5070,#5079,
#5095),#4960,.T.);
#5103=EDGE_CURVE('',#4072,#4087,#1045,.T.);
#5106=EDGE_CURVE('',#4064,#4073,#1209,.T.);
#5110=ADVANCED_FACE('',(#5109),#5101,.T.);
#5118=EDGE_CURVE('',#4048,#4059,#1085,.T.);
#5123=ADVANCED_FACE('',(#5122),#5115,.F.);
#5129=EDGE_CURVE('',#4077,#4089,#1053,.T.);
#5132=EDGE_CURVE('',#3702,#3697,#1217,.T.);
#5134=EDGE_CURVE('',#3702,#3703,#1061,.T.);
#5136=EDGE_CURVE('',#3699,#3703,#1247,.T.);
#5139=EDGE_CURVE('',#4080,#4091,#1069,.T.);
#5144=ADVANCED_FACE('',(#5143),#5128,.F.);
#5150=EDGE_CURVE('',#4085,#4093,#1073,.T.);
#5153=EDGE_CURVE('',#4053,#4061,#1081,.T.);
#5158=ADVANCED_FACE('',(#5157),#5149,.F.);
#5167=EDGE_CURVE('',#4055,#4049,#1089,.T.);
#5171=ADVANCED_FACE('',(#5170),#5163,.F.);
#5179=EDGE_CURVE('',#3669,#3650,#1113,.T.);
#5181=EDGE_CURVE('',#3668,#3669,#1093,.T.);
#5186=ADVANCED_FACE('',(#5185),#5176,.F.);
#5192=EDGE_CURVE('',#4057,#4052,#1097,.T.);
#5195=EDGE_CURVE('',#3654,#3655,#1101,.T.);
#5197=EDGE_CURVE('',#3654,#3647,#1105,.T.);
#5202=ADVANCED_FACE('',(#5201),#5191,.F.);
#5208=EDGE_CURVE('',#3665,#3669,#1109,.T.);
#5212=EDGE_CURVE('',#3665,#3651,#1201,.T.);
#5216=ADVANCED_FACE('',(#5215),#5207,.F.);
#5224=EDGE_CURVE('',#3665,#3671,#1125,.T.);
#5229=ADVANCED_FACE('',(#5228),#5221,.T.);
#5235=EDGE_CURVE('',#3664,#3674,#1117,.T.);
#5237=EDGE_CURVE('',#3678,#3674,#1137,.T.);
#5241=EDGE_CURVE('',#3664,#3665,#1197,.T.);
#5245=ADVANCED_FACE('',(#5244),#5234,.T.);
#5251=EDGE_CURVE('',#3674,#3675,#1129,.T.);
#5254=EDGE_CURVE('',#3664,#3638,#1133,.T.);
#5257=EDGE_CURVE('',#3675,#3639,#1149,.T.);
#5261=ADVANCED_FACE('',(#5260),#5250,.F.);
#5268=EDGE_CURVE('',#3675,#3679,#1141,.T.);
#5274=ADVANCED_FACE('',(#5273),#5266,.T.);
#5282=EDGE_CURVE('',#3683,#3675,#1145,.T.);
#5284=EDGE_CURVE('',#3683,#3681,#1161,.T.);
#5288=ADVANCED_FACE('',(#5287),#5279,.T.);
#5297=EDGE_CURVE('',#3683,#3641,#1157,.T.);
#5301=ADVANCED_FACE('',(#5300),#5293,.F.);
#5307=EDGE_CURVE('',#3683,#3687,#1153,.T.);
#5311=EDGE_CURVE('',#3661,#3643,#1181,.T.);
#5313=EDGE_CURVE('',#3687,#3661,#1173,.T.);
#5317=ADVANCED_FACE('',(#5316),#5306,.F.);
#5326=EDGE_CURVE('',#3687,#3685,#1165,.T.);
#5330=ADVANCED_FACE('',(#5329),#5322,.T.);
#5339=EDGE_CURVE('',#3659,#3661,#1177,.T.);
#5341=EDGE_CURVE('',#3659,#3657,#1193,.T.);
#5345=ADVANCED_FACE('',(#5344),#5335,.T.);
#5354=EDGE_CURVE('',#3659,#3645,#1189,.T.);
#5358=ADVANCED_FACE('',(#5357),#5350,.F.);
#5364=EDGE_CURVE('',#3654,#3659,#1185,.T.);
#5371=ADVANCED_FACE('',(#5370),#5363,.F.);
#5383=ADVANCED_FACE('',(#5382),#5376,.T.);
#5395=ADVANCED_FACE('',(#5394),#5388,.F.);
#5407=ADVANCED_FACE('',(#5406),#5400,.F.);
#5414=EDGE_CURVE('',#4065,#4075,#1205,.T.);
#5420=ADVANCED_FACE('',(#5419),#5412,.T.);
#5432=ADVANCED_FACE('',(#5431),#5425,.T.);
#5438=EDGE_CURVE('',#3691,#3706,#1213,.T.);
#5440=EDGE_CURVE('',#3702,#3706,#1238,.T.);
#5444=EDGE_CURVE('',#3690,#3691,#1225,.T.);
#5448=ADVANCED_FACE('',(#5447),#5437,.F.);
#5454=EDGE_CURVE('',#3706,#3707,#1229,.T.);
#5457=EDGE_CURVE('',#3691,#3695,#1233,.T.);
#5459=EDGE_CURVE('',#3695,#3707,#1251,.T.);
#5463=ADVANCED_FACE('',(#5462),#5453,.T.);
#5472=EDGE_CURVE('',#3707,#3703,#1243,.T.);
#5476=ADVANCED_FACE('',(#5475),#5468,.F.);
#5485=EDGE_CURVE('',#3694,#3695,#1255,.T.);
#5490=ADVANCED_FACE('',(#5489),#5481,.T.);
#5502=ADVANCED_FACE('',(#5501),#5495,.T.);
#5511=EDGE_CURVE('',#4068,#4081,#1267,.T.);
#5515=ADVANCED_FACE('',(#5514),#5507,.T.);
#5524=EDGE_CURVE('',#4069,#4083,#1271,.T.);
#5528=ADVANCED_FACE('',(#5527),#5520,.T.);
#5540=ADVANCED_FACE('',(#5539),#5533,.T.);
#5548=EDGE_CURVE('',#4129,#4137,#1275,.T.);
#5550=EDGE_CURVE('',#4137,#3714,#1283,.T.);
#5554=ADVANCED_FACE('',(#5553),#5545,.T.);
#5561=EDGE_CURVE('',#4128,#4136,#1279,.T.);
#5563=EDGE_CURVE('',#4136,#4137,#1287,.T.);
#5568=ADVANCED_FACE('',(#5567),#5559,.T.);
#5575=EDGE_CURVE('',#3715,#4136,#1291,.T.);
#5581=ADVANCED_FACE('',(#5580),#5573,.T.);
#5593=ADVANCED_FACE('',(#5592),#5586,.T.);
#5600=EDGE_CURVE('',#4327,#3723,#1295,.T.);
#5605=ADVANCED_FACE('',(#5604),#5598,.T.);
#5611=EDGE_CURVE('',#4133,#4143,#1299,.T.);
#5613=EDGE_CURVE('',#4132,#4133,#1303,.T.);
#5615=EDGE_CURVE('',#4145,#4132,#1307,.T.);
#5620=ADVANCED_FACE('',(#5619),#5610,.T.);
#5632=ADVANCED_FACE('',(#5631),#5625,.T.);
#5639=EDGE_CURVE('',#4125,#4133,#1311,.T.);
#5645=ADVANCED_FACE('',(#5644),#5637,.T.);
#5652=EDGE_CURVE('',#4124,#4132,#1315,.T.);
#5658=ADVANCED_FACE('',(#5657),#5650,.T.);
#5670=ADVANCED_FACE('',(#5669),#5663,.T.);
#5678=EDGE_CURVE('',#3733,#4148,#1319,.T.);
#5680=EDGE_CURVE('',#4148,#4149,#1323,.T.);
#5682=EDGE_CURVE('',#4149,#3727,#1327,.T.);
#5686=ADVANCED_FACE('',(#5685),#5675,.F.);
#5693=EDGE_CURVE('',#3739,#4152,#1331,.T.);
#5695=EDGE_CURVE('',#4152,#4153,#1335,.T.);
#5697=EDGE_CURVE('',#4153,#3738,#1339,.T.);
#5701=ADVANCED_FACE('',(#5700),#5691,.F.);
#5708=EDGE_CURVE('',#3735,#4156,#1351,.T.);
#5710=EDGE_CURVE('',#4148,#4156,#1371,.T.);
#5715=ADVANCED_FACE('',(#5714),#5706,.T.);
#5722=EDGE_CURVE('',#4157,#3731,#1343,.T.);
#5724=EDGE_CURVE('',#4156,#4157,#1347,.T.);
#5730=ADVANCED_FACE('',(#5729),#5720,.T.);
#5737=EDGE_CURVE('',#4161,#3742,#1355,.T.);
#5739=EDGE_CURVE('',#4160,#4161,#1359,.T.);
#5741=EDGE_CURVE('',#3743,#4160,#1363,.T.);
#5745=ADVANCED_FACE('',(#5744),#5735,.T.);
#5753=EDGE_CURVE('',#4149,#4157,#1367,.T.);
#5758=ADVANCED_FACE('',(#5757),#5750,.T.);
#5770=ADVANCED_FACE('',(#5769),#5763,.T.);
#5778=EDGE_CURVE('',#4153,#4161,#1375,.T.);
#5783=ADVANCED_FACE('',(#5782),#5775,.T.);
#5790=EDGE_CURVE('',#4152,#4160,#1379,.T.);
#5796=ADVANCED_FACE('',(#5795),#5788,.T.);
#5808=ADVANCED_FACE('',(#5807),#5801,.T.);
#5816=EDGE_CURVE('',#3753,#4164,#1383,.T.);
#5818=EDGE_CURVE('',#4164,#4165,#1387,.T.);
#5820=EDGE_CURVE('',#4165,#3747,#1391,.T.);
#5824=ADVANCED_FACE('',(#5823),#5813,.F.);
#5831=EDGE_CURVE('',#3759,#4168,#1395,.T.);
#5833=EDGE_CURVE('',#4168,#4169,#1399,.T.);
#5835=EDGE_CURVE('',#4169,#3758,#1403,.T.);
#5839=ADVANCED_FACE('',(#5838),#5829,.F.);
#5846=EDGE_CURVE('',#3755,#4172,#1415,.T.);
#5848=EDGE_CURVE('',#4164,#4172,#1435,.T.);
#5853=ADVANCED_FACE('',(#5852),#5844,.T.);
#5860=EDGE_CURVE('',#4173,#3751,#1407,.T.);
#5862=EDGE_CURVE('',#4172,#4173,#1411,.T.);
#5868=ADVANCED_FACE('',(#5867),#5858,.T.);
#5875=EDGE_CURVE('',#4177,#3762,#1419,.T.);
#5877=EDGE_CURVE('',#4176,#4177,#1423,.T.);
#5879=EDGE_CURVE('',#3763,#4176,#1427,.T.);
#5883=ADVANCED_FACE('',(#5882),#5873,.T.);
#5891=EDGE_CURVE('',#4165,#4173,#1431,.T.);
#5896=ADVANCED_FACE('',(#5895),#5888,.T.);
#5908=ADVANCED_FACE('',(#5907),#5901,.T.);
#5916=EDGE_CURVE('',#4169,#4177,#1439,.T.);
#5921=ADVANCED_FACE('',(#5920),#5913,.T.);
#5928=EDGE_CURVE('',#4168,#4176,#1443,.T.);
#5934=ADVANCED_FACE('',(#5933),#5926,.T.);
#5946=ADVANCED_FACE('',(#5945),#5939,.T.);
#5954=EDGE_CURVE('',#3773,#4180,#1447,.T.);
#5956=EDGE_CURVE('',#4180,#4181,#1451,.T.);
#5958=EDGE_CURVE('',#4181,#3767,#1455,.T.);
#5962=ADVANCED_FACE('',(#5961),#5951,.F.);
#5969=EDGE_CURVE('',#3779,#4184,#1459,.T.);
#5971=EDGE_CURVE('',#4184,#4185,#1463,.T.);
#5973=EDGE_CURVE('',#4185,#3778,#1467,.T.);
#5977=ADVANCED_FACE('',(#5976),#5967,.F.);
#5984=EDGE_CURVE('',#3775,#4188,#1479,.T.);
#5986=EDGE_CURVE('',#4180,#4188,#1499,.T.);
#5991=ADVANCED_FACE('',(#5990),#5982,.T.);
#5998=EDGE_CURVE('',#4189,#3771,#1471,.T.);
#6000=EDGE_CURVE('',#4188,#4189,#1475,.T.);
#6006=ADVANCED_FACE('',(#6005),#5996,.T.);
#6013=EDGE_CURVE('',#4193,#3782,#1483,.T.);
#6015=EDGE_CURVE('',#4192,#4193,#1487,.T.);
#6017=EDGE_CURVE('',#3783,#4192,#1491,.T.);
#6021=ADVANCED_FACE('',(#6020),#6011,.T.);
#6029=EDGE_CURVE('',#4181,#4189,#1495,.T.);
#6034=ADVANCED_FACE('',(#6033),#6026,.T.);
#6046=ADVANCED_FACE('',(#6045),#6039,.T.);
#6054=EDGE_CURVE('',#4185,#4193,#1503,.T.);
#6059=ADVANCED_FACE('',(#6058),#6051,.T.);
#6066=EDGE_CURVE('',#4184,#4192,#1507,.T.);
#6072=ADVANCED_FACE('',(#6071),#6064,.T.);
#6084=ADVANCED_FACE('',(#6083),#6077,.T.);
#6092=EDGE_CURVE('',#3793,#4196,#1511,.T.);
#6094=EDGE_CURVE('',#4196,#4197,#1515,.T.);
#6096=EDGE_CURVE('',#4197,#3787,#1519,.T.);
#6100=ADVANCED_FACE('',(#6099),#6089,.F.);
#6107=EDGE_CURVE('',#3799,#4200,#1523,.T.);
#6109=EDGE_CURVE('',#4200,#4201,#1527,.T.);
#6111=EDGE_CURVE('',#4201,#3798,#1531,.T.);
#6115=ADVANCED_FACE('',(#6114),#6105,.F.);
#6122=EDGE_CURVE('',#3795,#4204,#1543,.T.);
#6124=EDGE_CURVE('',#4196,#4204,#1563,.T.);
#6129=ADVANCED_FACE('',(#6128),#6120,.T.);
#6136=EDGE_CURVE('',#4205,#3791,#1535,.T.);
#6138=EDGE_CURVE('',#4204,#4205,#1539,.T.);
#6144=ADVANCED_FACE('',(#6143),#6134,.T.);
#6151=EDGE_CURVE('',#4209,#3802,#1547,.T.);
#6153=EDGE_CURVE('',#4208,#4209,#1551,.T.);
#6155=EDGE_CURVE('',#3803,#4208,#1555,.T.);
#6159=ADVANCED_FACE('',(#6158),#6149,.T.);
#6167=EDGE_CURVE('',#4197,#4205,#1559,.T.);
#6172=ADVANCED_FACE('',(#6171),#6164,.T.);
#6184=ADVANCED_FACE('',(#6183),#6177,.T.);
#6192=EDGE_CURVE('',#4201,#4209,#1567,.T.);
#6197=ADVANCED_FACE('',(#6196),#6189,.T.);
#6204=EDGE_CURVE('',#4200,#4208,#1571,.T.);
#6210=ADVANCED_FACE('',(#6209),#6202,.T.);
#6222=ADVANCED_FACE('',(#6221),#6215,.T.);
#6230=EDGE_CURVE('',#3977,#4212,#1575,.T.);
#6232=EDGE_CURVE('',#4212,#4213,#1579,.T.);
#6234=EDGE_CURVE('',#4213,#3971,#1583,.T.);
#6238=ADVANCED_FACE('',(#6237),#6227,.F.);
#6245=EDGE_CURVE('',#3983,#4216,#1587,.T.);
#6247=EDGE_CURVE('',#4216,#4217,#1591,.T.);
#6249=EDGE_CURVE('',#4217,#3982,#1595,.T.);
#6253=ADVANCED_FACE('',(#6252),#6243,.F.);
#6260=EDGE_CURVE('',#3979,#4220,#1607,.T.);
#6262=EDGE_CURVE('',#4212,#4220,#1627,.T.);
#6267=ADVANCED_FACE('',(#6266),#6258,.T.);
#6274=EDGE_CURVE('',#4221,#3975,#1599,.T.);
#6276=EDGE_CURVE('',#4220,#4221,#1603,.T.);
#6282=ADVANCED_FACE('',(#6281),#6272,.T.);
#6289=EDGE_CURVE('',#4225,#3986,#1611,.T.);
#6291=EDGE_CURVE('',#4224,#4225,#1615,.T.);
#6293=EDGE_CURVE('',#3987,#4224,#1619,.T.);
#6297=ADVANCED_FACE('',(#6296),#6287,.T.);
#6305=EDGE_CURVE('',#4213,#4221,#1623,.T.);
#6310=ADVANCED_FACE('',(#6309),#6302,.T.);
#6322=ADVANCED_FACE('',(#6321),#6315,.T.);
#6330=EDGE_CURVE('',#4217,#4225,#1631,.T.);
#6335=ADVANCED_FACE('',(#6334),#6327,.T.);
#6342=EDGE_CURVE('',#4216,#4224,#1635,.T.);
#6348=ADVANCED_FACE('',(#6347),#6340,.T.);
#6360=ADVANCED_FACE('',(#6359),#6353,.T.);
#6368=EDGE_CURVE('',#4233,#4241,#1639,.T.);
#6370=EDGE_CURVE('',#4241,#4006,#1659,.T.);
#6374=ADVANCED_FACE('',(#6373),#6365,.T.);
#6381=EDGE_CURVE('',#4232,#4240,#1643,.T.);
#6383=EDGE_CURVE('',#4240,#4241,#1663,.T.);
#6388=ADVANCED_FACE('',(#6387),#6379,.T.);
#6395=EDGE_CURVE('',#4007,#4240,#1667,.T.);
#6401=ADVANCED_FACE('',(#6400),#6393,.T.);
#6408=EDGE_CURVE('',#4237,#3995,#1647,.T.);
#6410=EDGE_CURVE('',#4236,#4237,#1651,.T.);
#6412=EDGE_CURVE('',#3999,#4236,#1655,.T.);
#6417=ADVANCED_FACE('',(#6416),#6406,.T.);
#6429=ADVANCED_FACE('',(#6428),#6422,.T.);
#6437=EDGE_CURVE('',#4229,#4237,#1671,.T.);
#6442=ADVANCED_FACE('',(#6441),#6434,.T.);
#6449=EDGE_CURVE('',#4228,#4236,#1675,.T.);
#6455=ADVANCED_FACE('',(#6454),#6447,.T.);
#6467=ADVANCED_FACE('',(#6466),#6460,.T.);
#6475=EDGE_CURVE('',#4249,#4257,#1679,.T.);
#6477=EDGE_CURVE('',#4257,#4272,#1691,.T.);
#6481=ADVANCED_FACE('',(#6480),#6472,.T.);
#6488=EDGE_CURVE('',#4248,#4256,#1683,.T.);
#6490=EDGE_CURVE('',#4256,#4257,#1695,.T.);
#6495=ADVANCED_FACE('',(#6494),#6486,.T.);
#6502=EDGE_CURVE('',#4273,#4256,#1699,.T.);
#6508=ADVANCED_FACE('',(#6507),#6500,.T.);
#6515=EDGE_CURVE('',#4331,#4265,#1687,.T.);
#6520=ADVANCED_FACE('',(#6519),#6513,.T.);
#6532=ADVANCED_FACE('',(#6531),#6525,.T.);
#6538=EDGE_CURVE('',#4253,#4279,#1703,.T.);
#6540=EDGE_CURVE('',#4252,#4253,#1707,.T.);
#6542=EDGE_CURVE('',#4281,#4252,#1711,.T.);
#6547=ADVANCED_FACE('',(#6546),#6537,.T.);
#6559=ADVANCED_FACE('',(#6558),#6552,.T.);
#6566=EDGE_CURVE('',#4245,#4253,#1715,.T.);
#6572=ADVANCED_FACE('',(#6571),#6564,.T.);
#6579=EDGE_CURVE('',#4244,#4252,#1719,.T.);
#6585=ADVANCED_FACE('',(#6584),#6577,.T.);
#6597=ADVANCED_FACE('',(#6596),#6590,.T.);
#6604=EDGE_CURVE('',#4110,#4096,#1723,.T.);
#6606=EDGE_CURVE('',#4096,#4097,#1751,.T.);
#6608=EDGE_CURVE('',#4111,#4097,#1747,.T.);
#6612=ADVANCED_FACE('',(#6611),#6602,.T.);
#6619=EDGE_CURVE('',#4121,#4107,#1727,.T.);
#6621=EDGE_CURVE('',#4107,#4096,#1755,.T.);
#6626=ADVANCED_FACE('',(#6625),#6617,.T.);
#6633=EDGE_CURVE('',#4119,#4105,#1731,.T.);
#6635=EDGE_CURVE('',#4105,#4107,#1759,.T.);
#6640=ADVANCED_FACE('',(#6639),#6631,.T.);
#6647=EDGE_CURVE('',#4117,#4103,#1735,.T.);
#6649=EDGE_CURVE('',#4103,#4105,#1763,.T.);
#6654=ADVANCED_FACE('',(#6653),#6645,.T.);
#6661=EDGE_CURVE('',#4115,#4101,#1739,.T.);
#6663=EDGE_CURVE('',#4101,#4103,#1767,.T.);
#6668=ADVANCED_FACE('',(#6667),#6659,.T.);
#6675=EDGE_CURVE('',#4113,#4099,#1743,.T.);
#6677=EDGE_CURVE('',#4099,#4101,#1771,.T.);
#6682=ADVANCED_FACE('',(#6681),#6673,.T.);
#6690=EDGE_CURVE('',#4097,#4099,#1775,.T.);
#6695=ADVANCED_FACE('',(#6694),#6687,.T.);
#6710=ADVANCED_FACE('',(#6709),#6700,.T.);
#6716=EDGE_CURVE('',#3942,#3943,#1779,.T.);
#6718=EDGE_CURVE('',#3942,#3523,#1783,.T.);
#6720=EDGE_CURVE('',#3523,#3497,#1787,.T.);
#6722=EDGE_CURVE('',#3496,#3497,#1791,.T.);
#6724=EDGE_CURVE('',#3496,#3319,#1795,.T.);
#6726=EDGE_CURVE('',#3318,#3319,#1799,.T.);
#6730=EDGE_CURVE('',#3314,#3315,#1807,.T.);
#6732=EDGE_CURVE('',#3315,#3427,#1811,.T.);
#6734=EDGE_CURVE('',#3426,#3427,#1815,.T.);
#6736=EDGE_CURVE('',#3426,#3405,#1819,.T.);
#6738=EDGE_CURVE('',#3465,#3405,#1823,.T.);
#6740=EDGE_CURVE('',#3464,#3465,#1827,.T.);
#6743=EDGE_CURVE('',#3310,#3943,#1859,.T.);
#6747=ADVANCED_FACE('',(#6746),#6715,.T.);
#6754=EDGE_CURVE('',#3943,#3822,#1855,.T.);
#6756=EDGE_CURVE('',#3818,#3822,#1831,.T.);
#6758=EDGE_CURVE('',#3942,#3818,#2629,.T.);
#6762=ADVANCED_FACE('',(#6761),#6752,.T.);
#6768=EDGE_CURVE('',#3950,#3951,#1835,.T.);
#6771=EDGE_CURVE('',#3959,#3961,#1839,.T.);
#6773=EDGE_CURVE('',#3825,#3959,#1843,.T.);
#6775=EDGE_CURVE('',#3825,#3823,#1847,.T.);
#6777=EDGE_CURVE('',#3822,#3823,#1851,.T.);
#6782=EDGE_CURVE('',#3311,#3946,#2549,.T.);
#6784=EDGE_CURVE('',#3815,#3946,#1863,.T.);
#6786=EDGE_CURVE('',#3813,#3815,#1867,.T.);
#6788=EDGE_CURVE('',#3813,#3806,#1871,.T.);
#6790=EDGE_CURVE('',#3951,#3806,#1875,.T.);
#6794=ADVANCED_FACE('',(#6793),#6767,.T.);
#6800=EDGE_CURVE('',#3890,#3882,#1879,.T.);
#6802=EDGE_CURVE('',#3967,#3890,#2441,.T.);
#6804=EDGE_CURVE('',#3967,#3955,#1883,.T.);
#6808=EDGE_CURVE('',#3951,#3953,#3039,.T.);
#6810=EDGE_CURVE('',#3882,#3953,#2405,.T.);
#6814=ADVANCED_FACE('',(#6813),#6799,.T.);
#6820=EDGE_CURVE('',#3882,#3828,#1938,.T.);
#6822=EDGE_CURVE('',#3828,#3844,#3087,.T.);
#6824=EDGE_CURVE('',#3890,#3844,#2786,.T.);
#6829=ADVANCED_FACE('',(#6828),#6819,.T.);
#6835=EDGE_CURVE('',#4318,#4307,#1887,.T.);
#6837=EDGE_CURVE('',#4318,#3886,#3007,.T.);
#6839=EDGE_CURVE('',#3886,#3883,#1942,.T.);
#6841=EDGE_CURVE('',#4307,#3883,#2891,.T.);
#6845=ADVANCED_FACE('',(#6844),#6834,.T.);
#6851=EDGE_CURVE('',#3915,#3910,#1891,.T.);
#6853=EDGE_CURVE('',#3837,#3915,#1895,.T.);
#6855=EDGE_CURVE('',#3836,#3837,#1900,.T.);
#6857=EDGE_CURVE('',#3871,#3836,#1904,.T.);
#6859=EDGE_CURVE('',#3865,#3871,#2637,.T.);
#6861=EDGE_CURVE('',#3864,#3865,#2037,.T.);
#6863=EDGE_CURVE('',#3861,#3864,#1908,.T.);
#6865=EDGE_CURVE('',#3860,#3861,#2021,.T.);
#6867=EDGE_CURVE('',#3841,#3860,#1912,.T.);
#6869=EDGE_CURVE('',#3840,#3841,#1917,.T.);
#6871=EDGE_CURVE('',#3910,#3840,#1921,.T.);
#6875=ADVANCED_FACE('',(#6874),#6850,.T.);
#6881=EDGE_CURVE('',#3931,#3926,#1925,.T.);
#6883=EDGE_CURVE('',#3829,#3931,#1929,.T.);
#6885=EDGE_CURVE('',#3828,#3829,#1934,.T.);
#6888=EDGE_CURVE('',#3882,#3883,#2401,.T.);
#6891=EDGE_CURVE('',#3886,#3887,#2417,.T.);
#6893=EDGE_CURVE('',#3887,#3897,#2605,.T.);
#6895=EDGE_CURVE('',#3833,#3897,#1946,.T.);
#6897=EDGE_CURVE('',#3832,#3833,#1951,.T.);
#6899=EDGE_CURVE('',#3926,#3832,#1955,.T.);
#6903=ADVANCED_FACE('',(#6902),#6880,.T.);
#6909=EDGE_CURVE('',#3910,#3911,#1960,.T.);
#6911=EDGE_CURVE('',#3913,#3911,#2727,.T.);
#6913=EDGE_CURVE('',#3913,#3915,#2714,.T.);
#6918=ADVANCED_FACE('',(#6917),#6908,.T.);
#6926=EDGE_CURVE('',#3840,#3856,#1973,.T.);
#6928=EDGE_CURVE('',#3923,#3856,#2743,.T.);
#6930=EDGE_CURVE('',#3921,#3923,#1965,.T.);
#6932=EDGE_CURVE('',#3911,#3921,#1969,.T.);
#6936=ADVANCED_FACE('',(#6935),#6923,.T.);
#6943=EDGE_CURVE('',#3841,#3857,#1977,.T.);
#6945=EDGE_CURVE('',#3856,#3857,#2748,.T.);
#6950=ADVANCED_FACE('',(#6949),#6941,.T.);
#6957=EDGE_CURVE('',#3868,#3860,#1985,.T.);
#6959=EDGE_CURVE('',#3857,#3868,#2752,.T.);
#6964=ADVANCED_FACE('',(#6963),#6955,.T.);
#6970=EDGE_CURVE('',#4315,#4311,#1981,.T.);
#6972=EDGE_CURVE('',#3861,#4311,#2701,.T.);
#6975=EDGE_CURVE('',#4315,#3864,#3019,.T.);
#6979=ADVANCED_FACE('',(#6978),#6969,.T.);
#6986=EDGE_CURVE('',#3958,#3860,#2033,.T.);
#6988=EDGE_CURVE('',#3958,#3959,#3227,.T.);
#6992=EDGE_CURVE('',#3963,#3965,#1989,.T.);
#6994=EDGE_CURVE('',#3868,#3965,#2053,.T.);
#6998=ADVANCED_FACE('',(#6997),#6984,.T.);
#7004=EDGE_CURVE('',#3456,#3461,#1993,.T.);
#7006=EDGE_CURVE('',#3461,#3343,#2277,.T.);
#7008=EDGE_CURVE('',#3343,#3345,#2149,.T.);
#7010=EDGE_CURVE('',#3345,#3456,#1997,.T.);
#7014=ADVANCED_FACE('',(#7013),#7003,.T.);
#7020=EDGE_CURVE('',#3471,#3469,#2001,.T.);
#7022=EDGE_CURVE('',#3469,#3396,#2005,.T.);
#7024=EDGE_CURVE('',#3400,#3396,#2285,.T.);
#7026=EDGE_CURVE('',#3403,#3400,#2009,.T.);
#7028=EDGE_CURVE('',#3429,#3403,#2281,.T.);
#7030=EDGE_CURVE('',#3334,#3429,#2165,.T.);
#7032=EDGE_CURVE('',#3334,#3335,#2065,.T.);
#7034=EDGE_CURVE('',#3433,#3335,#2305,.T.);
#7036=EDGE_CURVE('',#3437,#3433,#2297,.T.);
#7038=EDGE_CURVE('',#3443,#3437,#2013,.T.);
#7040=EDGE_CURVE('',#3443,#3471,#2017,.T.);
#7044=ADVANCED_FACE('',(#7043),#7019,.T.);
#7051=EDGE_CURVE('',#3861,#3907,#2025,.T.);
#7053=EDGE_CURVE('',#3907,#3958,#2029,.T.);
#7058=ADVANCED_FACE('',(#7057),#7049,.T.);
#7065=EDGE_CURVE('',#3818,#3865,#2633,.T.);
#7067=EDGE_CURVE('',#3818,#3819,#2041,.T.);
#7069=EDGE_CURVE('',#3819,#3864,#2045,.T.);
#7073=ADVANCED_FACE('',(#7072),#7063,.T.);
#7079=EDGE_CURVE('',#3868,#3869,#2049,.T.);
#7082=EDGE_CURVE('',#3511,#3965,#3143,.T.);
#7084=EDGE_CURVE('',#3361,#3511,#3135,.T.);
#7086=EDGE_CURVE('',#3360,#3361,#2835,.T.);
#7088=EDGE_CURVE('',#3869,#3360,#2803,.T.);
#7092=ADVANCED_FACE('',(#7091),#7078,.T.);
#7098=EDGE_CURVE('',#3456,#3457,#2061,.T.);
#7101=EDGE_CURVE('',#3461,#3459,#2057,.T.);
#7106=ADVANCED_FACE('',(#7105),#7097,.T.);
#7114=EDGE_CURVE('',#3345,#3347,#2145,.T.);
#7116=EDGE_CURVE('',#3457,#3347,#2209,.T.);
#7120=ADVANCED_FACE('',(#7119),#7111,.F.);
#7127=EDGE_CURVE('',#3339,#3334,#2069,.T.);
#7129=EDGE_CURVE('',#3337,#3339,#2073,.T.);
#7131=EDGE_CURVE('',#3335,#3337,#2077,.T.);
#7135=ADVANCED_FACE('',(#7134),#7125,.T.);
#7141=EDGE_CURVE('',#4010,#4011,#2081,.T.);
#7143=EDGE_CURVE('',#4015,#4010,#2085,.T.);
#7145=EDGE_CURVE('',#4013,#4015,#2089,.T.);
#7147=EDGE_CURVE('',#4011,#4013,#2093,.T.);
#7151=ADVANCED_FACE('',(#7150),#7140,.T.);
#7157=EDGE_CURVE('',#4018,#3369,#2097,.T.);
#7159=EDGE_CURVE('',#3368,#3369,#2101,.T.);
#7161=EDGE_CURVE('',#3373,#3368,#2105,.T.);
#7163=EDGE_CURVE('',#4025,#3373,#2109,.T.);
#7165=EDGE_CURVE('',#4023,#4025,#2113,.T.);
#7167=EDGE_CURVE('',#4021,#4023,#2117,.T.);
#7169=EDGE_CURVE('',#4019,#4021,#2121,.T.);
#7171=EDGE_CURVE('',#4018,#4019,#2125,.T.);
#7175=ADVANCED_FACE('',(#7174),#7156,.T.);
#7181=EDGE_CURVE('',#3371,#3342,#2129,.T.);
#7183=EDGE_CURVE('',#4029,#3371,#2133,.T.);
#7185=EDGE_CURVE('',#4028,#4029,#2137,.T.);
#7187=EDGE_CURVE('',#3349,#4028,#2201,.T.);
#7189=EDGE_CURVE('',#3347,#3349,#2141,.T.);
#7193=EDGE_CURVE('',#3342,#3343,#2153,.T.);
#7197=ADVANCED_FACE('',(#7196),#7180,.T.);
#7203=EDGE_CURVE('',#3315,#3439,#2157,.T.);
#7205=EDGE_CURVE('',#3441,#3439,#2321,.T.);
#7207=EDGE_CURVE('',#3441,#3339,#2161,.T.);
#7211=EDGE_CURVE('',#3429,#3427,#2169,.T.);
#7216=ADVANCED_FACE('',(#7215),#7202,.F.);
#7223=EDGE_CURVE('',#3443,#3452,#2189,.T.);
#7226=EDGE_CURVE('',#3436,#3437,#2177,.T.);
#7228=EDGE_CURVE('',#3439,#3436,#2181,.T.);
#7234=ADVANCED_FACE('',(#7233),#7221,.F.);
#7240=EDGE_CURVE('',#3471,#3473,#2185,.T.);
#7248=ADVANCED_FACE('',(#7247),#7239,.T.);
#7254=EDGE_CURVE('',#3468,#3469,#2193,.T.);
#7261=ADVANCED_FACE('',(#7260),#7253,.T.);
#7268=EDGE_CURVE('',#3468,#3349,#2197,.T.);
#7271=EDGE_CURVE('',#3397,#4028,#2217,.T.);
#7273=EDGE_CURVE('',#3396,#3397,#2205,.T.);
#7278=ADVANCED_FACE('',(#7277),#7266,.F.);
#7290=ADVANCED_FACE('',(#7289),#7283,.F.);
#7296=EDGE_CURVE('',#4031,#4029,#2225,.T.);
#7298=EDGE_CURVE('',#4031,#3397,#2213,.T.);
#7304=ADVANCED_FACE('',(#7303),#7295,.F.);
#7310=EDGE_CURVE('',#3371,#3393,#2233,.T.);
#7312=EDGE_CURVE('',#3393,#4031,#2221,.T.);
#7318=ADVANCED_FACE('',(#7317),#7309,.F.);
#7324=EDGE_CURVE('',#3392,#3393,#2229,.T.);
#7328=EDGE_CURVE('',#3392,#3342,#2273,.T.);
#7332=ADVANCED_FACE('',(#7331),#7323,.F.);
#7338=EDGE_CURVE('',#3388,#3389,#2245,.T.);
#7340=EDGE_CURVE('',#3393,#3389,#2237,.T.);
#7343=EDGE_CURVE('',#3392,#3388,#2241,.T.);
#7347=ADVANCED_FACE('',(#7346),#7337,.T.);
#7354=EDGE_CURVE('',#3405,#3388,#2269,.T.);
#7357=EDGE_CURVE('',#3403,#3426,#2249,.T.);
#7360=EDGE_CURVE('',#3400,#3401,#2253,.T.);
#7362=EDGE_CURVE('',#4033,#3401,#2257,.T.);
#7364=EDGE_CURVE('',#3389,#4033,#2261,.T.);
#7368=ADVANCED_FACE('',(#7367),#7352,.F.);
#7374=EDGE_CURVE('',#3461,#3465,#2265,.T.);
#7384=ADVANCED_FACE('',(#7383),#7373,.F.);
#7396=ADVANCED_FACE('',(#7395),#7389,.T.);
#7408=ADVANCED_FACE('',(#7407),#7401,.T.);
#7415=EDGE_CURVE('',#3397,#3401,#2289,.T.);
#7421=ADVANCED_FACE('',(#7420),#7413,.T.);
#7430=EDGE_CURVE('',#4031,#4033,#2293,.T.);
#7434=ADVANCED_FACE('',(#7433),#7426,.T.);
#7446=ADVANCED_FACE('',(#7445),#7439,.T.);
#7452=EDGE_CURVE('',#3432,#3433,#2301,.T.);
#7454=EDGE_CURVE('',#3432,#3436,#2317,.T.);
#7460=ADVANCED_FACE('',(#7459),#7451,.T.);
#7469=EDGE_CURVE('',#3432,#3337,#2313,.T.);
#7473=ADVANCED_FACE('',(#7472),#7465,.F.);
#7479=EDGE_CURVE('',#3441,#3432,#2309,.T.);
#7486=ADVANCED_FACE('',(#7485),#7478,.F.);
#7498=ADVANCED_FACE('',(#7497),#7491,.T.);
#7504=EDGE_CURVE('',#4041,#4011,#2333,.T.);
#7506=EDGE_CURVE('',#3445,#4041,#2337,.T.);
#7508=EDGE_CURVE('',#3325,#3445,#2353,.T.);
#7510=EDGE_CURVE('',#3420,#3325,#2569,.T.);
#7512=EDGE_CURVE('',#3423,#3420,#2325,.T.);
#7514=EDGE_CURVE('',#4010,#3423,#2381,.T.);
#7519=ADVANCED_FACE('',(#7518),#7503,.F.);
#7525=EDGE_CURVE('',#4040,#4041,#2329,.T.);
#7529=EDGE_CURVE('',#4040,#4013,#3251,.T.);
#7533=ADVANCED_FACE('',(#7532),#7524,.F.);
#7540=EDGE_CURVE('',#4040,#4043,#2341,.T.);
#7542=EDGE_CURVE('',#4043,#3445,#2357,.T.);
#7547=ADVANCED_FACE('',(#7546),#7538,.T.);
#7553=EDGE_CURVE('',#3412,#4043,#2361,.T.);
#7556=EDGE_CURVE('',#4045,#4040,#3247,.T.);
#7558=EDGE_CURVE('',#4045,#3412,#2345,.T.);
#7562=ADVANCED_FACE('',(#7561),#7552,.T.);
#7568=EDGE_CURVE('',#3412,#3413,#2373,.T.);
#7570=EDGE_CURVE('',#3449,#3413,#2449,.T.);
#7573=EDGE_CURVE('',#3324,#3325,#2573,.T.);
#7580=ADVANCED_FACE('',(#7579),#7567,.F.);
#7586=EDGE_CURVE('',#3479,#3477,#2365,.T.);
#7588=EDGE_CURVE('',#3477,#3413,#2369,.T.);
#7592=EDGE_CURVE('',#4045,#4015,#2377,.T.);
#7596=EDGE_CURVE('',#3409,#3423,#3231,.T.);
#7598=EDGE_CURVE('',#3408,#3409,#2385,.T.);
#7600=EDGE_CURVE('',#4035,#3408,#2469,.T.);
#7602=EDGE_CURVE('',#4035,#3479,#2389,.T.);
#7606=ADVANCED_FACE('',(#7605),#7585,.T.);
#7612=EDGE_CURVE('',#3489,#3491,#2393,.T.);
#7614=EDGE_CURVE('',#3491,#4021,#2397,.T.);
#7617=EDGE_CURVE('',#3489,#4023,#2537,.T.);
#7621=ADVANCED_FACE('',(#7620),#7611,.T.);
#7629=EDGE_CURVE('',#3953,#3807,#2409,.T.);
#7631=EDGE_CURVE('',#3807,#3883,#2413,.T.);
#7635=ADVANCED_FACE('',(#7634),#7626,.T.);
#7642=EDGE_CURVE('',#3810,#3886,#2421,.T.);
#7644=EDGE_CURVE('',#3810,#3811,#2425,.T.);
#7646=EDGE_CURVE('',#3887,#3811,#2609,.T.);
#7650=ADVANCED_FACE('',(#7649),#7640,.T.);
#7656=EDGE_CURVE('',#3890,#3891,#2429,.T.);
#7658=EDGE_CURVE('',#3891,#3352,#2433,.T.);
#7660=EDGE_CURVE('',#3357,#3352,#2831,.T.);
#7662=EDGE_CURVE('',#3357,#3521,#2437,.T.);
#7664=EDGE_CURVE('',#3967,#3521,#3103,.T.);
#7669=ADVANCED_FACE('',(#7668),#7655,.T.);
#7675=EDGE_CURVE('',#3476,#3477,#2445,.T.);
#7678=EDGE_CURVE('',#3479,#3481,#2453,.T.);
#7683=ADVANCED_FACE('',(#7682),#7674,.T.);
#7696=ADVANCED_FACE('',(#7695),#7688,.T.);
#7704=EDGE_CURVE('',#3376,#4035,#2457,.T.);
#7706=EDGE_CURVE('',#3376,#3369,#2461,.T.);
#7709=EDGE_CURVE('',#3481,#4018,#3243,.T.);
#7713=ADVANCED_FACE('',(#7712),#7701,.F.);
#7719=EDGE_CURVE('',#3380,#3408,#2477,.T.);
#7721=EDGE_CURVE('',#3376,#3380,#2465,.T.);
#7727=ADVANCED_FACE('',(#7726),#7718,.T.);
#7733=EDGE_CURVE('',#3380,#3381,#2473,.T.);
#7737=EDGE_CURVE('',#3409,#3421,#2481,.T.);
#7739=EDGE_CURVE('',#3416,#3421,#2561,.T.);
#7741=EDGE_CURVE('',#3416,#3417,#2485,.T.);
#7743=EDGE_CURVE('',#3383,#3417,#2489,.T.);
#7745=EDGE_CURVE('',#3381,#3383,#2493,.T.);
#7749=ADVANCED_FACE('',(#7748),#7732,.F.);
#7755=EDGE_CURVE('',#3376,#3377,#2501,.T.);
#7759=EDGE_CURVE('',#3377,#3381,#2497,.T.);
#7763=ADVANCED_FACE('',(#7762),#7754,.T.);
#7770=EDGE_CURVE('',#3377,#3368,#2505,.T.);
#7776=ADVANCED_FACE('',(#7775),#7768,.F.);
#7782=EDGE_CURVE('',#3377,#3385,#2509,.T.);
#7784=EDGE_CURVE('',#3373,#3385,#2521,.T.);
#7790=ADVANCED_FACE('',(#7789),#7781,.F.);
#7797=EDGE_CURVE('',#3385,#3383,#2513,.T.);
#7803=ADVANCED_FACE('',(#7802),#7795,.T.);
#7809=EDGE_CURVE('',#3385,#4037,#2525,.T.);
#7813=EDGE_CURVE('',#3417,#4037,#2517,.T.);
#7817=ADVANCED_FACE('',(#7816),#7808,.T.);
#7825=EDGE_CURVE('',#4037,#4025,#2529,.T.);
#7830=ADVANCED_FACE('',(#7829),#7822,.F.);
#7836=EDGE_CURVE('',#3484,#3489,#2533,.T.);
#7843=EDGE_CURVE('',#3484,#3416,#2557,.T.);
#7847=ADVANCED_FACE('',(#7846),#7835,.F.);
#7853=EDGE_CURVE('',#3484,#3485,#2553,.T.);
#7856=EDGE_CURVE('',#3489,#3487,#2541,.T.);
#7861=ADVANCED_FACE('',(#7860),#7852,.T.);
#7867=EDGE_CURVE('',#3946,#3947,#2545,.T.);
#7874=EDGE_CURVE('',#3420,#3421,#2565,.T.);
#7880=EDGE_CURVE('',#3328,#3329,#2577,.T.);
#7882=EDGE_CURVE('',#3329,#3501,#2581,.T.);
#7884=EDGE_CURVE('',#3500,#3501,#2585,.T.);
#7886=EDGE_CURVE('',#3500,#3525,#2589,.T.);
#7888=EDGE_CURVE('',#3947,#3525,#2593,.T.);
#7892=ADVANCED_FACE('',(#7891),#7866,.T.);
#7899=EDGE_CURVE('',#3811,#3947,#2613,.T.);
#7901=EDGE_CURVE('',#3811,#3815,#3011,.T.);
#7906=ADVANCED_FACE('',(#7905),#7897,.T.);
#7912=EDGE_CURVE('',#4288,#4289,#2597,.T.);
#7914=EDGE_CURVE('',#4288,#3897,#2601,.T.);
#7920=EDGE_CURVE('',#3525,#3539,#2617,.T.);
#7922=EDGE_CURVE('',#3541,#3539,#2947,.T.);
#7924=EDGE_CURVE('',#4289,#3541,#2931,.T.);
#7928=ADVANCED_FACE('',(#7927),#7911,.F.);
#7934=EDGE_CURVE('',#4284,#4285,#2621,.T.);
#7936=EDGE_CURVE('',#4284,#4321,#2705,.T.);
#7938=EDGE_CURVE('',#4321,#4301,#2681,.T.);
#7940=EDGE_CURVE('',#4299,#4301,#2665,.T.);
#7942=EDGE_CURVE('',#4297,#4299,#2657,.T.);
#7944=EDGE_CURVE('',#4297,#4285,#2645,.T.);
#7948=ADVANCED_FACE('',(#7947),#7933,.F.);
#7955=EDGE_CURVE('',#4289,#4291,#2927,.T.);
#7957=EDGE_CURVE('',#4303,#4291,#2915,.T.);
#7959=EDGE_CURVE('',#4294,#4303,#2903,.T.);
#7961=EDGE_CURVE('',#4294,#4295,#2875,.T.);
#7963=EDGE_CURVE('',#4288,#4295,#2867,.T.);
#7967=ADVANCED_FACE('',(#7966),#7953,.F.);
#7974=EDGE_CURVE('',#4285,#3545,#2625,.T.);
#7976=EDGE_CURVE('',#3549,#3545,#3207,.T.);
#7978=EDGE_CURVE('',#3523,#3549,#3187,.T.);
#7984=EDGE_CURVE('',#4284,#3871,#2641,.T.);
#7988=ADVANCED_FACE('',(#7987),#7972,.F.);
#7995=EDGE_CURVE('',#3544,#4297,#2649,.T.);
#7997=EDGE_CURVE('',#3544,#3545,#2653,.T.);
#8002=ADVANCED_FACE('',(#8001),#7993,.F.);
#8009=EDGE_CURVE('',#3553,#4299,#2673,.T.);
#8011=EDGE_CURVE('',#3553,#3544,#2661,.T.);
#8016=ADVANCED_FACE('',(#8015),#8007,.F.);
#8023=EDGE_CURVE('',#3555,#4301,#2677,.T.);
#8025=EDGE_CURVE('',#3555,#3553,#2669,.T.);
#8030=ADVANCED_FACE('',(#8029),#8021,.F.);
#8038=EDGE_CURVE('',#4321,#3905,#2685,.T.);
#8040=EDGE_CURVE('',#3555,#3905,#2689,.T.);
#8044=ADVANCED_FACE('',(#8043),#8035,.F.);
#8050=EDGE_CURVE('',#4310,#4311,#2693,.T.);
#8052=EDGE_CURVE('',#3825,#4310,#3035,.T.);
#8054=EDGE_CURVE('',#3825,#3907,#2697,.T.);
#8060=ADVANCED_FACE('',(#8059),#8049,.F.);
#8069=EDGE_CURVE('',#3836,#3852,#2709,.T.);
#8071=EDGE_CURVE('',#3877,#3852,#2756,.T.);
#8073=EDGE_CURVE('',#3879,#3877,#2815,.T.);
#8075=EDGE_CURVE('',#3879,#3875,#3175,.T.);
#8077=EDGE_CURVE('',#3874,#3875,#3179,.T.);
#8079=EDGE_CURVE('',#3905,#3874,#3219,.T.);
#8084=ADVANCED_FACE('',(#8083),#8065,.T.);
#8091=EDGE_CURVE('',#3837,#3853,#2723,.T.);
#8093=EDGE_CURVE('',#3852,#3853,#2761,.T.);
#8098=ADVANCED_FACE('',(#8097),#8089,.F.);
#8105=EDGE_CURVE('',#3913,#3919,#2735,.T.);
#8107=EDGE_CURVE('',#3918,#3919,#2719,.T.);
#8109=EDGE_CURVE('',#3853,#3918,#2765,.T.);
#8115=ADVANCED_FACE('',(#8114),#8103,.T.);
#8123=EDGE_CURVE('',#3921,#3919,#2731,.T.);
#8128=ADVANCED_FACE('',(#8127),#8120,.T.);
#8137=EDGE_CURVE('',#3923,#3918,#2739,.T.);
#8141=ADVANCED_FACE('',(#8140),#8133,.T.);
#8152=EDGE_CURVE('',#3869,#3877,#2799,.T.);
#8159=ADVANCED_FACE('',(#8158),#8146,.F.);
#8165=EDGE_CURVE('',#3939,#3934,#2769,.T.);
#8167=EDGE_CURVE('',#3939,#3848,#2773,.T.);
#8169=EDGE_CURVE('',#3848,#3849,#2778,.T.);
#8171=EDGE_CURVE('',#3849,#3899,#2782,.T.);
#8173=EDGE_CURVE('',#3891,#3899,#2851,.T.);
#8177=EDGE_CURVE('',#3844,#3845,#2791,.T.);
#8179=EDGE_CURVE('',#3845,#3934,#2795,.T.);
#8183=ADVANCED_FACE('',(#8182),#8164,.F.);
#8191=EDGE_CURVE('',#3365,#3360,#2847,.T.);
#8193=EDGE_CURVE('',#3365,#3505,#2807,.T.);
#8195=EDGE_CURVE('',#3509,#3505,#3163,.T.);
#8197=EDGE_CURVE('',#3319,#3509,#3155,.T.);
#8200=EDGE_CURVE('',#3879,#3496,#2811,.T.);
#8205=ADVANCED_FACE('',(#8204),#8188,.F.);
#8211=EDGE_CURVE('',#3352,#3353,#2819,.T.);
#8213=EDGE_CURVE('',#3353,#3355,#2823,.T.);
#8215=EDGE_CURVE('',#3355,#3357,#2827,.T.);
#8220=ADVANCED_FACE('',(#8219),#8210,.F.);
#8227=EDGE_CURVE('',#3361,#3363,#2839,.T.);
#8229=EDGE_CURVE('',#3363,#3365,#2843,.T.);
#8234=ADVANCED_FACE('',(#8233),#8225,.F.);
#8241=EDGE_CURVE('',#3901,#3899,#2855,.T.);
#8243=EDGE_CURVE('',#3901,#3501,#2859,.T.);
#8246=EDGE_CURVE('',#3329,#3514,#2863,.T.);
#8248=EDGE_CURVE('',#3518,#3514,#3127,.T.);
#8250=EDGE_CURVE('',#3353,#3518,#3119,.T.);
#8256=ADVANCED_FACE('',(#8255),#8239,.F.);
#8263=EDGE_CURVE('',#4295,#3903,#2883,.T.);
#8265=EDGE_CURVE('',#3903,#3895,#2975,.T.);
#8267=EDGE_CURVE('',#3894,#3895,#2951,.T.);
#8269=EDGE_CURVE('',#3894,#3901,#2987,.T.);
#8273=EDGE_CURVE('',#3833,#3849,#2871,.T.);
#8279=ADVANCED_FACE('',(#8278),#8261,.T.);
#8286=EDGE_CURVE('',#3533,#4294,#2911,.T.);
#8288=EDGE_CURVE('',#3903,#3533,#2879,.T.);
#8293=ADVANCED_FACE('',(#8292),#8284,.F.);
#8299=EDGE_CURVE('',#4306,#4307,#2887,.T.);
#8303=EDGE_CURVE('',#3806,#3807,#2895,.T.);
#8305=EDGE_CURVE('',#3806,#4306,#2899,.T.);
#8309=ADVANCED_FACE('',(#8308),#8298,.F.);
#8316=EDGE_CURVE('',#3532,#4303,#2923,.T.);
#8318=EDGE_CURVE('',#3532,#3533,#2907,.T.);
#8323=ADVANCED_FACE('',(#8322),#8314,.F.);
#8330=EDGE_CURVE('',#3535,#4291,#2939,.T.);
#8332=EDGE_CURVE('',#3535,#3532,#2919,.T.);
#8337=ADVANCED_FACE('',(#8336),#8328,.F.);
#8345=EDGE_CURVE('',#3541,#3535,#2935,.T.);
#8350=ADVANCED_FACE('',(#8349),#8342,.F.);
#8356=EDGE_CURVE('',#3539,#3537,#2967,.T.);
#8358=EDGE_CURVE('',#3535,#3537,#2943,.T.);
#8364=ADVANCED_FACE('',(#8363),#8355,.T.);
#8371=EDGE_CURVE('',#3895,#3529,#2955,.T.);
#8373=EDGE_CURVE('',#3528,#3529,#2959,.T.);
#8375=EDGE_CURVE('',#3537,#3528,#2963,.T.);
#8380=EDGE_CURVE('',#3894,#3500,#2971,.T.);
#8384=ADVANCED_FACE('',(#8383),#8369,.F.);
#8392=EDGE_CURVE('',#3533,#3529,#2979,.T.);
#8397=ADVANCED_FACE('',(#8396),#8389,.T.);
#8406=EDGE_CURVE('',#3532,#3528,#2983,.T.);
#8410=ADVANCED_FACE('',(#8409),#8402,.T.);
#8422=ADVANCED_FACE('',(#8421),#8415,.T.);
#8434=ADVANCED_FACE('',(#8433),#8427,.T.);
#8441=EDGE_CURVE('',#4319,#4306,#2991,.T.);
#8443=EDGE_CURVE('',#4318,#4319,#2999,.T.);
#8448=ADVANCED_FACE('',(#8447),#8439,.T.);
#8456=EDGE_CURVE('',#4313,#4315,#3015,.T.);
#8458=EDGE_CURVE('',#4310,#4313,#3031,.T.);
#8462=ADVANCED_FACE('',(#8461),#8453,.T.);
#8471=EDGE_CURVE('',#3813,#4319,#2995,.T.);
#8475=ADVANCED_FACE('',(#8474),#8467,.F.);
#8483=EDGE_CURVE('',#3810,#3813,#3003,.T.);
#8489=ADVANCED_FACE('',(#8488),#8480,.F.);
#8501=ADVANCED_FACE('',(#8500),#8494,.T.);
#8510=EDGE_CURVE('',#3819,#3823,#3023,.T.);
#8512=EDGE_CURVE('',#3823,#4313,#3027,.T.);
#8516=ADVANCED_FACE('',(#8515),#8506,.F.);
#8528=ADVANCED_FACE('',(#8527),#8521,.T.);
#8540=ADVANCED_FACE('',(#8539),#8533,.F.);
#8552=ADVANCED_FACE('',(#8551),#8545,.T.);
#8561=EDGE_CURVE('',#3832,#3848,#3043,.T.);
#8565=ADVANCED_FACE('',(#8564),#8557,.F.);
#8571=EDGE_CURVE('',#3926,#3927,#3048,.T.);
#8576=EDGE_CURVE('',#3937,#3939,#3053,.T.);
#8578=EDGE_CURVE('',#3927,#3937,#3057,.T.);
#8582=ADVANCED_FACE('',(#8581),#8570,.T.);
#8589=EDGE_CURVE('',#3929,#3927,#3061,.T.);
#8591=EDGE_CURVE('',#3929,#3931,#3074,.T.);
#8596=ADVANCED_FACE('',(#8595),#8587,.T.);
#8604=EDGE_CURVE('',#3937,#3935,#3065,.T.);
#8606=EDGE_CURVE('',#3929,#3935,#3069,.T.);
#8610=ADVANCED_FACE('',(#8609),#8601,.T.);
#8616=EDGE_CURVE('',#3934,#3935,#3079,.T.);
#8623=ADVANCED_FACE('',(#8622),#8615,.T.);
#8633=EDGE_CURVE('',#3829,#3845,#3083,.T.);
#8638=ADVANCED_FACE('',(#8637),#8628,.T.);
#8650=ADVANCED_FACE('',(#8649),#8643,.T.);
#8658=EDGE_CURVE('',#3515,#3967,#3095,.T.);
#8660=EDGE_CURVE('',#3514,#3515,#3099,.T.);
#8666=ADVANCED_FACE('',(#8665),#8655,.F.);
#8674=EDGE_CURVE('',#3519,#3521,#3107,.T.);
#8676=EDGE_CURVE('',#3519,#3515,#3123,.T.);
#8680=ADVANCED_FACE('',(#8679),#8671,.T.);
#8689=EDGE_CURVE('',#3355,#3519,#3111,.T.);
#8693=ADVANCED_FACE('',(#8692),#8685,.F.);
#8699=EDGE_CURVE('',#3518,#3519,#3115,.T.);
#8706=ADVANCED_FACE('',(#8705),#8698,.F.);
#8718=ADVANCED_FACE('',(#8717),#8711,.T.);
#8724=EDGE_CURVE('',#3511,#3504,#3131,.T.);
#8726=EDGE_CURVE('',#3363,#3504,#3171,.T.);
#8732=ADVANCED_FACE('',(#8731),#8723,.F.);
#8738=EDGE_CURVE('',#3965,#3508,#3147,.T.);
#8740=EDGE_CURVE('',#3504,#3508,#3139,.T.);
#8746=ADVANCED_FACE('',(#8745),#8737,.T.);
#8757=EDGE_CURVE('',#3508,#3509,#3159,.T.);
#8761=ADVANCED_FACE('',(#8760),#8751,.F.);
#8767=EDGE_CURVE('',#3504,#3505,#3167,.T.);
#8774=ADVANCED_FACE('',(#8773),#8766,.T.);
#8786=ADVANCED_FACE('',(#8785),#8779,.F.);
#8795=EDGE_CURVE('',#3875,#3497,#3183,.T.);
#8799=ADVANCED_FACE('',(#8798),#8791,.T.);
#8809=EDGE_CURVE('',#3548,#3549,#3191,.T.);
#8811=EDGE_CURVE('',#3551,#3548,#3195,.T.);
#8813=EDGE_CURVE('',#3557,#3551,#3199,.T.);
#8815=EDGE_CURVE('',#3557,#3874,#3203,.T.);
#8819=ADVANCED_FACE('',(#8818),#8804,.F.);
#8826=EDGE_CURVE('',#3544,#3548,#3211,.T.);
#8832=ADVANCED_FACE('',(#8831),#8824,.T.);
#8841=EDGE_CURVE('',#3553,#3551,#3215,.T.);
#8845=ADVANCED_FACE('',(#8844),#8837,.T.);
#8852=EDGE_CURVE('',#3555,#3557,#3223,.T.);
#8858=ADVANCED_FACE('',(#8857),#8850,.T.);
#8870=ADVANCED_FACE('',(#8869),#8863,.T.);
#8882=ADVANCED_FACE('',(#8881),#8875,.T.);
#8894=ADVANCED_FACE('',(#8893),#8887,.T.);
#8903=EDGE_CURVE('',#3493,#3491,#3235,.T.);
#8907=ADVANCED_FACE('',(#8906),#8899,.T.);
#8914=EDGE_CURVE('',#3493,#4019,#3239,.T.);
#8920=ADVANCED_FACE('',(#8919),#8912,.F.);
#8932=ADVANCED_FACE('',(#8931),#8925,.F.);
#8944=ADVANCED_FACE('',(#8943),#8937,.F.);
#8952=EDGE_CURVE('',#3560,#3561,#3259,.T.);
#8954=EDGE_CURVE('',#3577,#3561,#3295,.T.);
#8958=ADVANCED_FACE('',(#8957),#8949,.T.);
#8966=EDGE_CURVE('',#3563,#3565,#3267,.T.);
#8968=EDGE_CURVE('',#3561,#3563,#3271,.T.);
#8972=ADVANCED_FACE('',(#8971),#8963,.T.);
#8979=EDGE_CURVE('',#3573,#3568,#3279,.T.);
#8981=EDGE_CURVE('',#3571,#3573,#3283,.T.);
#8983=EDGE_CURVE('',#3569,#3571,#3287,.T.);
#8987=ADVANCED_FACE('',(#8986),#8977,.T.);
#8994=EDGE_CURVE('',#3579,#3563,#3291,.T.);
#9000=ADVANCED_FACE('',(#8999),#8992,.T.);
#9012=ADVANCED_FACE('',(#9011),#9005,.T.);
#9019=EDGE_CURVE('',#3587,#3573,#3299,.T.);
#9025=ADVANCED_FACE('',(#9024),#9017,.T.);
#9032=EDGE_CURVE('',#3585,#3571,#3303,.T.);
#9038=ADVANCED_FACE('',(#9037),#9030,.T.);
#9050=ADVANCED_FACE('',(#9049),#9043,.T.);
#9051=CLOSED_SHELL('',(#4433,#4534,#4551,#4567,#4661,#4674,#4690,#4706,#4727,
#4744,#4758,#4774,#4787,#4803,#4824,#4849,#4865,#4878,#4893,#4912,#4928,#4940,
#4955,#5096,#5110,#5123,#5144,#5158,#5171,#5186,#5202,#5216,#5229,#5245,#5261,
#5274,#5288,#5301,#5317,#5330,#5345,#5358,#5371,#5383,#5395,#5407,#5420,#5432,
#5448,#5463,#5476,#5490,#5502,#5515,#5528,#5540,#5554,#5568,#5581,#5593,#5605,
#5620,#5632,#5645,#5658,#5670,#5686,#5701,#5715,#5730,#5745,#5758,#5770,#5783,
#5796,#5808,#5824,#5839,#5853,#5868,#5883,#5896,#5908,#5921,#5934,#5946,#5962,
#5977,#5991,#6006,#6021,#6034,#6046,#6059,#6072,#6084,#6100,#6115,#6129,#6144,
#6159,#6172,#6184,#6197,#6210,#6222,#6238,#6253,#6267,#6282,#6297,#6310,#6322,
#6335,#6348,#6360,#6374,#6388,#6401,#6417,#6429,#6442,#6455,#6467,#6481,#6495,
#6508,#6520,#6532,#6547,#6559,#6572,#6585,#6597,#6612,#6626,#6640,#6654,#6668,
#6682,#6695,#6710,#6747,#6762,#6794,#6814,#6829,#6845,#6875,#6903,#6918,#6936,
#6950,#6964,#6979,#6998,#7014,#7044,#7058,#7073,#7092,#7106,#7120,#7135,#7151,
#7175,#7197,#7216,#7234,#7248,#7261,#7278,#7290,#7304,#7318,#7332,#7347,#7368,
#7384,#7396,#7408,#7421,#7434,#7446,#7460,#7473,#7486,#7498,#7519,#7533,#7547,
#7562,#7580,#7606,#7621,#7635,#7650,#7669,#7683,#7696,#7713,#7727,#7749,#7763,
#7776,#7790,#7803,#7817,#7830,#7847,#7861,#7892,#7906,#7928,#7948,#7967,#7988,
#8002,#8016,#8030,#8044,#8060,#8084,#8098,#8115,#8128,#8141,#8159,#8183,#8205,
#8220,#8234,#8256,#8279,#8293,#8309,#8323,#8337,#8350,#8364,#8384,#8397,#8410,
#8422,#8434,#8448,#8462,#8475,#8489,#8501,#8516,#8528,#8540,#8552,#8565,#8582,
#8596,#8610,#8623,#8638,#8650,#8666,#8680,#8693,#8706,#8718,#8732,#8746,#8761,
#8774,#8786,#8799,#8819,#8832,#8845,#8858,#8870,#8882,#8894,#8907,#8920,#8932,
#8944,#8958,#8972,#8987,#9000,#9012,#9025,#9038,#9050));
#9052=MANIFOLD_SOLID_BREP('',#9051);
#9053=(LENGTH_UNIT()NAMED_UNIT(*)SI_UNIT(.MILLI.,.METRE.));
#9054=(NAMED_UNIT(*)PLANE_ANGLE_UNIT()SI_UNIT($,.RADIAN.));
#9057=(NAMED_UNIT(*)SI_UNIT($,.STERADIAN.)SOLID_ANGLE_UNIT());
#9059=(GEOMETRIC_REPRESENTATION_CONTEXT(3)GLOBAL_UNCERTAINTY_ASSIGNED_CONTEXT((
#9058))GLOBAL_UNIT_ASSIGNED_CONTEXT((#9053,#9056,#9057))REPRESENTATION_CONTEXT(
'ID1','3'));
#9060=ADVANCED_BREP_SHAPE_REPRESENTATION('',(#9052),#9059);
#9067=PRODUCT_DEFINITION('part definition','',#9066,#9063);
#9068=PRODUCT_DEFINITION_SHAPE('','SHAPE FOR C-2360547-8.',#9067);
#9069=SHAPE_ASPECT('','solid data associated with C-2360547-8',#9068,.F.);
#9070=PROPERTY_DEFINITION('',
'shape for solid data with which properties are associated',#9069);
#9071=SHAPE_REPRESENTATION('',(#9052),#9059);
#9072=SHAPE_DEFINITION_REPRESENTATION(#9070,#9071);
#9073=(LENGTH_UNIT()NAMED_UNIT(*)SI_UNIT(.MILLI.,.METRE.));
#9077=PROPERTY_DEFINITION('geometric validation property','area of C-2360547-8',
#9069);
#9078=REPRESENTATION('surface area',(#9076),#9059);
#9079=PROPERTY_DEFINITION_REPRESENTATION(#9077,#9078);
#9080=(LENGTH_UNIT()NAMED_UNIT(*)SI_UNIT(.MILLI.,.METRE.));
#9084=PROPERTY_DEFINITION('geometric validation property',
'volume of C-2360547-8',#9069);
#9085=REPRESENTATION('volume',(#9083),#9059);
#9086=PROPERTY_DEFINITION_REPRESENTATION(#9084,#9085);
#9088=PROPERTY_DEFINITION('geometric validation property',
'centroid of C-2360547-8',#9069);
#9089=REPRESENTATION('centroid',(#9087),#9059);
#9090=PROPERTY_DEFINITION_REPRESENTATION(#9088,#9089);
#9091=(LENGTH_UNIT()NAMED_UNIT(*)SI_UNIT(.MILLI.,.METRE.));
#9095=PROPERTY_DEFINITION('geometric validation property','area of C-2360547-8',
#9068);
#9096=REPRESENTATION('surface area',(#9094),#9059);
#9097=PROPERTY_DEFINITION_REPRESENTATION(#9095,#9096);
#9098=(LENGTH_UNIT()NAMED_UNIT(*)SI_UNIT(.MILLI.,.METRE.));
#9102=PROPERTY_DEFINITION('geometric validation property',
'volume of C-2360547-8',#9068);
#9103=REPRESENTATION('volume',(#9101),#9059);
#9104=PROPERTY_DEFINITION_REPRESENTATION(#9102,#9103);
#9106=PROPERTY_DEFINITION('geometric validation property',
'centroid of C-2360547-8',#9068);
#9107=REPRESENTATION('centroid',(#9105),#9059);
#9108=PROPERTY_DEFINITION_REPRESENTATION(#9106,#9107);
#9109=SHAPE_DEFINITION_REPRESENTATION(#9068,#9060);
ENDSEC;
END-ISO-10303-21;
