ISO-10303-21;
HEADER;
FILE_DESCRIPTION((''),'2;1');
FILE_NAME('C-2360547-3','2022-11-18T03:05:56',('workeradm'),(
'TE Connectivity Ltd.'),'CREO PARAMETRIC BY PTC INC, 2021072',
'CREO PARAMETRIC BY PTC INC, 2021072','');
FILE_SCHEMA(('AUTOMOTIVE_DESIGN { 1 0 10303 214 1 1 1 1 }'));
ENDSEC;
DATA;
#134=DIRECTION('',(-3.015113445778E-1,9.045340337333E-1,3.015113445778E-1));
#135=VECTOR('',#134,3.316624790355E-1);
#136=CARTESIAN_POINT('',(3.275E0,2.1E0,-3.85E0));
#137=LINE('',#136,#135);
#138=DIRECTION('',(0.E0,9.486832980505E-1,3.162277660168E-1));
#139=VECTOR('',#138,3.162277660168E-1);
#140=CARTESIAN_POINT('',(3.95E0,2.1E0,-3.85E0));
#141=LINE('',#140,#139);
#142=DIRECTION('',(0.E0,-1.E0,0.E0));
#143=VECTOR('',#142,1.35E0);
#144=CARTESIAN_POINT('',(3.95E0,2.1E0,-3.85E0));
#145=LINE('',#144,#143);
#146=DIRECTION('',(0.E0,0.E0,-1.E0));
#147=VECTOR('',#146,9.5E-1);
#148=CARTESIAN_POINT('',(3.95E0,7.5E-1,-3.85E0));
#149=LINE('',#148,#147);
#150=DIRECTION('',(0.E0,7.071067811866E-1,7.071067811865E-1));
#151=VECTOR('',#150,1.414213562373E-1);
#152=CARTESIAN_POINT('',(3.95E0,6.5E-1,-4.9E0));
#153=LINE('',#152,#151);
#154=DIRECTION('',(0.E0,-1.E0,0.E0));
#155=VECTOR('',#154,1.25E0);
#156=CARTESIAN_POINT('',(3.95E0,6.5E-1,-4.9E0));
#157=LINE('',#156,#155);
#158=DIRECTION('',(0.E0,0.E0,1.E0));
#159=VECTOR('',#158,9.E-1);
#160=CARTESIAN_POINT('',(3.95E0,-6.E-1,-5.8E0));
#161=LINE('',#160,#159);
#162=DIRECTION('',(0.E0,0.E0,-1.E0));
#163=VECTOR('',#162,3.65E0);
#164=CARTESIAN_POINT('',(3.95E0,-2.4E0,-2.15E0));
#165=LINE('',#164,#163);
#166=DIRECTION('',(0.E0,1.E0,0.E0));
#167=VECTOR('',#166,9.E-1);
#168=CARTESIAN_POINT('',(3.95E0,-2.4E0,-2.15E0));
#169=LINE('',#168,#167);
#170=DIRECTION('',(0.E0,0.E0,1.E0));
#171=VECTOR('',#170,1.25E0);
#172=CARTESIAN_POINT('',(3.95E0,-1.5E0,-2.15E0));
#173=LINE('',#172,#171);
#174=DIRECTION('',(0.E0,-7.071067811865E-1,-7.071067811865E-1));
#175=VECTOR('',#174,1.414213562373E-1);
#176=CARTESIAN_POINT('',(3.95E0,-1.4E0,-8.E-1));
#177=LINE('',#176,#175);
#178=DIRECTION('',(0.E0,1.E0,0.E0));
#179=VECTOR('',#178,9.5E-1);
#180=CARTESIAN_POINT('',(3.95E0,-1.4E0,-8.E-1));
#181=LINE('',#180,#179);
#182=DIRECTION('',(0.E0,0.E0,-1.E0));
#183=VECTOR('',#182,5.E-1);
#184=CARTESIAN_POINT('',(3.95E0,-4.5E-1,-3.E-1));
#185=LINE('',#184,#183);
#186=DIRECTION('',(0.E0,-3.162277660168E-1,-9.486832980505E-1));
#187=VECTOR('',#186,3.162277660168E-1);
#188=CARTESIAN_POINT('',(3.95E0,-3.5E-1,0.E0));
#189=LINE('',#188,#187);
#190=DIRECTION('',(1.E0,0.E0,0.E0));
#191=VECTOR('',#190,2.5E-2);
#192=CARTESIAN_POINT('',(3.525E0,-2.5E-1,-3.85E0));
#193=LINE('',#192,#191);
#194=DIRECTION('',(0.E0,1.E0,0.E0));
#195=VECTOR('',#194,9.E-1);
#196=CARTESIAN_POINT('',(3.55E0,-2.5E-1,-3.85E0));
#197=LINE('',#196,#195);
#198=DIRECTION('',(-1.E0,0.E0,0.E0));
#199=VECTOR('',#198,6.75E-1);
#200=CARTESIAN_POINT('',(3.95E0,2.1E0,-3.85E0));
#201=LINE('',#200,#199);
#202=DIRECTION('',(0.E0,-1.E0,0.E0));
#203=VECTOR('',#202,5.5E-1);
#204=CARTESIAN_POINT('',(3.275E0,2.1E0,-3.85E0));
#205=LINE('',#204,#203);
#206=DIRECTION('',(1.E0,0.E0,0.E0));
#207=VECTOR('',#206,2.5E-1);
#208=CARTESIAN_POINT('',(3.275E0,1.55E0,-3.85E0));
#209=LINE('',#208,#207);
#210=DIRECTION('',(0.E0,1.E0,0.E0));
#211=VECTOR('',#210,1.8E0);
#212=CARTESIAN_POINT('',(3.525E0,-2.5E-1,-3.85E0));
#213=LINE('',#212,#211);
#214=DIRECTION('',(0.E0,0.E0,-1.E0));
#215=VECTOR('',#214,5.5E-1);
#216=CARTESIAN_POINT('',(3.525E0,-2.5E-1,-3.85E0));
#217=LINE('',#216,#215);
#218=DIRECTION('',(0.E0,0.E0,-1.E0));
#219=VECTOR('',#218,2.5E-1);
#220=CARTESIAN_POINT('',(3.825E0,1.55E0,-5.65E0));
#221=LINE('',#220,#219);
#222=DIRECTION('',(1.E0,0.E0,0.E0));
#223=VECTOR('',#222,2.E-1);
#224=CARTESIAN_POINT('',(3.625E0,1.55E0,-5.65E0));
#225=LINE('',#224,#223);
#226=CARTESIAN_POINT('',(3.625E0,1.55E0,-5.55E0));
#227=DIRECTION('',(0.E0,-1.E0,0.E0));
#228=DIRECTION('',(-1.E0,0.E0,0.E0));
#229=AXIS2_PLACEMENT_3D('',#226,#227,#228);
#231=DIRECTION('',(0.E0,0.E0,-1.E0));
#232=VECTOR('',#231,1.7E0);
#233=CARTESIAN_POINT('',(3.525E0,1.55E0,-3.85E0));
#234=LINE('',#233,#232);
#235=DIRECTION('',(0.E0,0.E0,1.E0));
#236=VECTOR('',#235,2.E-1);
#237=CARTESIAN_POINT('',(3.275E0,1.55E0,-4.4E0));
#238=LINE('',#237,#236);
#239=DIRECTION('',(0.E0,0.E0,1.E0));
#240=VECTOR('',#239,1.3E-1);
#241=CARTESIAN_POINT('',(3.275E0,1.55E0,-5.55E0));
#242=LINE('',#241,#240);
#243=CARTESIAN_POINT('',(3.625E0,1.55E0,-5.55E0));
#244=DIRECTION('',(0.E0,1.E0,0.E0));
#245=DIRECTION('',(-1.903239470786E-14,0.E0,-1.E0));
#246=AXIS2_PLACEMENT_3D('',#243,#244,#245);
#248=DIRECTION('',(-1.E0,0.E0,0.E0));
#249=VECTOR('',#248,2.E-1);
#250=CARTESIAN_POINT('',(3.825E0,1.55E0,-5.9E0));
#251=LINE('',#250,#249);
#252=DIRECTION('',(0.E0,0.E0,1.E0));
#253=VECTOR('',#252,2.5E-1);
#254=CARTESIAN_POINT('',(-3.825E0,1.55E0,-5.9E0));
#255=LINE('',#254,#253);
#256=DIRECTION('',(-1.E0,0.E0,0.E0));
#257=VECTOR('',#256,2.E-1);
#258=CARTESIAN_POINT('',(-3.625E0,1.55E0,-5.9E0));
#259=LINE('',#258,#257);
#260=CARTESIAN_POINT('',(-3.625E0,1.55E0,-5.55E0));
#261=DIRECTION('',(0.E0,1.E0,0.E0));
#262=DIRECTION('',(1.E0,0.E0,0.E0));
#263=AXIS2_PLACEMENT_3D('',#260,#261,#262);
#265=DIRECTION('',(0.E0,0.E0,-1.E0));
#266=VECTOR('',#265,1.3E-1);
#267=CARTESIAN_POINT('',(-3.275E0,1.55E0,-5.42E0));
#268=LINE('',#267,#266);
#269=DIRECTION('',(0.E0,0.E0,-1.E0));
#270=VECTOR('',#269,2.E-1);
#271=CARTESIAN_POINT('',(-3.275E0,1.55E0,-4.2E0));
#272=LINE('',#271,#270);
#273=DIRECTION('',(0.E0,0.E0,1.E0));
#274=VECTOR('',#273,1.7E0);
#275=CARTESIAN_POINT('',(-3.525E0,1.55E0,-5.55E0));
#276=LINE('',#275,#274);
#277=CARTESIAN_POINT('',(-3.625E0,1.55E0,-5.55E0));
#278=DIRECTION('',(0.E0,-1.E0,0.E0));
#279=DIRECTION('',(0.E0,0.E0,-1.E0));
#280=AXIS2_PLACEMENT_3D('',#277,#278,#279);
#282=DIRECTION('',(1.E0,0.E0,0.E0));
#283=VECTOR('',#282,2.E-1);
#284=CARTESIAN_POINT('',(-3.825E0,1.55E0,-5.65E0));
#285=LINE('',#284,#283);
#286=CARTESIAN_POINT('',(3.825E0,1.25E0,-5.9E0));
#287=DIRECTION('',(0.E0,0.E0,-1.E0));
#288=DIRECTION('',(0.E0,1.E0,0.E0));
#289=AXIS2_PLACEMENT_3D('',#286,#287,#288);
#291=CARTESIAN_POINT('',(3.825E0,-1.5E-1,-5.9E0));
#292=DIRECTION('',(0.E0,0.E0,-1.E0));
#293=DIRECTION('',(1.E0,0.E0,0.E0));
#294=AXIS2_PLACEMENT_3D('',#291,#292,#293);
#296=DIRECTION('',(0.E0,-1.E0,0.E0));
#297=VECTOR('',#296,1.4E0);
#298=CARTESIAN_POINT('',(4.125E0,1.25E0,-5.9E0));
#299=LINE('',#298,#297);
#300=DIRECTION('',(0.E0,-1.E0,0.E0));
#301=VECTOR('',#300,2.E0);
#302=CARTESIAN_POINT('',(3.625E0,1.55E0,-5.9E0));
#303=LINE('',#302,#301);
#304=DIRECTION('',(0.E0,-1.E0,0.E0));
#305=VECTOR('',#304,2.E0);
#306=CARTESIAN_POINT('',(3.275E0,1.55E0,-5.55E0));
#307=LINE('',#306,#305);
#308=DIRECTION('',(0.E0,0.E0,-1.E0));
#309=VECTOR('',#308,2.E-1);
#310=CARTESIAN_POINT('',(3.275E0,1.4E0,-4.2E0));
#311=LINE('',#310,#309);
#312=DIRECTION('',(0.E0,1.E0,0.E0));
#313=VECTOR('',#312,2.E0);
#314=CARTESIAN_POINT('',(3.275E0,-4.5E-1,-5.42E0));
#315=LINE('',#314,#313);
#316=DIRECTION('',(7.071067811865E-1,0.E0,7.071067811865E-1));
#317=VECTOR('',#316,5.374011537018E-1);
#318=CARTESIAN_POINT('',(2.895E0,-6.E-1,-5.8E0));
#319=LINE('',#318,#317);
#320=DIRECTION('',(0.E0,1.E0,0.E0));
#321=VECTOR('',#320,3.5E-1);
#322=CARTESIAN_POINT('',(3.275E0,-8.E-1,-3.E-1));
#323=LINE('',#322,#321);
#324=DIRECTION('',(0.E0,0.E0,1.E0));
#325=VECTOR('',#324,2.35E0);
#326=CARTESIAN_POINT('',(3.275E0,-8.E-1,-2.65E0));
#327=LINE('',#326,#325);
#328=DIRECTION('',(0.E0,1.E0,0.E0));
#329=VECTOR('',#328,1.15E0);
#330=CARTESIAN_POINT('',(3.275E0,-2.15E0,-3.E-1));
#331=LINE('',#330,#329);
#332=DIRECTION('',(0.E0,0.E0,-1.E0));
#333=VECTOR('',#332,6.E-1);
#334=CARTESIAN_POINT('',(3.275E0,-1.E0,-3.E-1));
#335=LINE('',#334,#333);
#336=DIRECTION('',(0.E0,1.E0,0.E0));
#337=VECTOR('',#336,3.E-1);
#338=CARTESIAN_POINT('',(3.275E0,-1.4E0,-8.E-1));
#339=LINE('',#338,#337);
#340=DIRECTION('',(0.E0,1.E0,0.E0));
#341=VECTOR('',#340,1.3E-1);
#342=CARTESIAN_POINT('',(3.275E0,-2.15E0,-2.15E0));
#343=LINE('',#342,#341);
#344=DIRECTION('',(0.E0,0.E0,1.E0));
#345=VECTOR('',#344,1.85E0);
#346=CARTESIAN_POINT('',(3.275E0,-2.15E0,-2.15E0));
#347=LINE('',#346,#345);
#348=DIRECTION('',(0.E0,0.E0,1.E0));
#349=VECTOR('',#348,1.02E0);
#350=CARTESIAN_POINT('',(3.275E0,1.55E0,-5.42E0));
#351=LINE('',#350,#349);
#352=DIRECTION('',(0.E0,1.E0,0.E0));
#353=VECTOR('',#352,5.5E-1);
#354=CARTESIAN_POINT('',(3.275E0,1.55E0,-4.4E0));
#355=LINE('',#354,#353);
#356=DIRECTION('',(0.E0,0.E0,-1.E0));
#357=VECTOR('',#356,1.02E0);
#358=CARTESIAN_POINT('',(3.275E0,2.1E0,-4.4E0));
#359=LINE('',#358,#357);
#360=DIRECTION('',(0.E0,-1.E0,0.E0));
#361=VECTOR('',#360,5.5E-1);
#362=CARTESIAN_POINT('',(3.275E0,2.1E0,-5.42E0));
#363=LINE('',#362,#361);
#364=DIRECTION('',(0.E0,0.E0,1.E0));
#365=VECTOR('',#364,3.5E-1);
#366=CARTESIAN_POINT('',(3.275E0,1.55E0,-4.2E0));
#367=LINE('',#366,#365);
#368=DIRECTION('',(0.E0,0.E0,-1.E0));
#369=VECTOR('',#368,3.5E-1);
#370=CARTESIAN_POINT('',(3.275E0,2.1E0,-3.85E0));
#371=LINE('',#370,#369);
#372=DIRECTION('',(0.E0,-1.E0,0.E0));
#373=VECTOR('',#372,5.5E-1);
#374=CARTESIAN_POINT('',(3.275E0,2.1E0,-4.2E0));
#375=LINE('',#374,#373);
#376=DIRECTION('',(0.E0,0.E0,1.E0));
#377=VECTOR('',#376,5.2E-1);
#378=CARTESIAN_POINT('',(3.275E0,-4.5E-1,-5.42E0));
#379=LINE('',#378,#377);
#380=DIRECTION('',(0.E0,-1.E0,0.E0));
#381=VECTOR('',#380,1.5E-1);
#382=CARTESIAN_POINT('',(3.275E0,-4.5E-1,-5.42E0));
#383=LINE('',#382,#381);
#384=DIRECTION('',(-3.015113445778E-1,3.015113445778E-1,9.045340337333E-1));
#385=VECTOR('',#384,3.316624790355E-1);
#386=CARTESIAN_POINT('',(3.275E0,-4.5E-1,-3.E-1));
#387=LINE('',#386,#385);
#388=DIRECTION('',(-3.162277660168E-1,0.E0,9.486832980505E-1));
#389=VECTOR('',#388,3.162277660168E-1);
#390=CARTESIAN_POINT('',(3.275E0,-8.E-1,-3.E-1));
#391=LINE('',#390,#389);
#392=DIRECTION('',(0.E0,-1.E0,0.E0));
#393=VECTOR('',#392,4.2E-1);
#394=CARTESIAN_POINT('',(3.275E0,-1.5E0,-2.65E0));
#395=LINE('',#394,#393);
#396=DIRECTION('',(-1.E0,0.E0,0.E0));
#397=VECTOR('',#396,2.75E-1);
#398=CARTESIAN_POINT('',(3.55E0,-1.5E0,-2.65E0));
#399=LINE('',#398,#397);
#400=DIRECTION('',(0.E0,1.E0,0.E0));
#401=VECTOR('',#400,4.2E-1);
#402=CARTESIAN_POINT('',(3.55E0,-1.92E0,-2.65E0));
#403=LINE('',#402,#401);
#404=DIRECTION('',(1.E0,0.E0,0.E0));
#405=VECTOR('',#404,2.75E-1);
#406=CARTESIAN_POINT('',(3.275E0,-1.92E0,-2.65E0));
#407=LINE('',#406,#405);
#408=DIRECTION('',(-1.E0,0.E0,0.E0));
#409=VECTOR('',#408,2.75E-1);
#410=CARTESIAN_POINT('',(-3.275E0,-1.5E0,-2.65E0));
#411=LINE('',#410,#409);
#412=DIRECTION('',(0.E0,1.E0,0.E0));
#413=VECTOR('',#412,4.2E-1);
#414=CARTESIAN_POINT('',(-3.275E0,-1.92E0,-2.65E0));
#415=LINE('',#414,#413);
#416=DIRECTION('',(1.E0,0.E0,0.E0));
#417=VECTOR('',#416,2.75E-1);
#418=CARTESIAN_POINT('',(-3.55E0,-1.92E0,-2.65E0));
#419=LINE('',#418,#417);
#420=DIRECTION('',(0.E0,-1.E0,0.E0));
#421=VECTOR('',#420,4.2E-1);
#422=CARTESIAN_POINT('',(-3.55E0,-1.5E0,-2.65E0));
#423=LINE('',#422,#421);
#424=DIRECTION('',(-1.E0,0.E0,0.E0));
#425=VECTOR('',#424,4.75E-1);
#426=CARTESIAN_POINT('',(-3.175E0,-1.E0,-2.65E0));
#427=LINE('',#426,#425);
#428=DIRECTION('',(0.E0,-1.E0,0.E0));
#429=VECTOR('',#428,2.E-1);
#430=CARTESIAN_POINT('',(-3.65E0,-8.E-1,-2.65E0));
#431=LINE('',#430,#429);
#432=DIRECTION('',(-1.E0,0.E0,0.E0));
#433=VECTOR('',#432,1.E-1);
#434=CARTESIAN_POINT('',(-3.55E0,-8.E-1,-2.65E0));
#435=LINE('',#434,#433);
#436=DIRECTION('',(0.E0,-1.E0,0.E0));
#437=VECTOR('',#436,3.5E-1);
#438=CARTESIAN_POINT('',(-3.55E0,-4.5E-1,-2.65E0));
#439=LINE('',#438,#437);
#440=DIRECTION('',(-1.E0,0.E0,0.E0));
#441=VECTOR('',#440,2.75E-1);
#442=CARTESIAN_POINT('',(-3.275E0,-4.5E-1,-2.65E0));
#443=LINE('',#442,#441);
#444=DIRECTION('',(0.E0,1.E0,0.E0));
#445=VECTOR('',#444,3.5E-1);
#446=CARTESIAN_POINT('',(-3.275E0,-8.E-1,-2.65E0));
#447=LINE('',#446,#445);
#448=DIRECTION('',(-1.E0,0.E0,0.E0));
#449=VECTOR('',#448,1.E-1);
#450=CARTESIAN_POINT('',(-3.175E0,-8.E-1,-2.65E0));
#451=LINE('',#450,#449);
#452=DIRECTION('',(0.E0,1.E0,0.E0));
#453=VECTOR('',#452,2.E-1);
#454=CARTESIAN_POINT('',(-3.175E0,-1.E0,-2.65E0));
#455=LINE('',#454,#453);
#456=DIRECTION('',(0.E0,1.E0,0.E0));
#457=VECTOR('',#456,3.5E-1);
#458=CARTESIAN_POINT('',(3.55E0,-8.E-1,-2.65E0));
#459=LINE('',#458,#457);
#460=DIRECTION('',(-1.E0,0.E0,0.E0));
#461=VECTOR('',#460,1.E-1);
#462=CARTESIAN_POINT('',(3.65E0,-8.E-1,-2.65E0));
#463=LINE('',#462,#461);
#464=DIRECTION('',(0.E0,1.E0,0.E0));
#465=VECTOR('',#464,2.E-1);
#466=CARTESIAN_POINT('',(3.65E0,-1.E0,-2.65E0));
#467=LINE('',#466,#465);
#468=DIRECTION('',(0.E0,-1.E0,0.E0));
#469=VECTOR('',#468,2.E-1);
#470=CARTESIAN_POINT('',(3.175E0,-8.E-1,-2.65E0));
#471=LINE('',#470,#469);
#472=DIRECTION('',(-1.E0,0.E0,0.E0));
#473=VECTOR('',#472,1.E-1);
#474=CARTESIAN_POINT('',(3.275E0,-8.E-1,-2.65E0));
#475=LINE('',#474,#473);
#476=DIRECTION('',(0.E0,-1.E0,0.E0));
#477=VECTOR('',#476,3.5E-1);
#478=CARTESIAN_POINT('',(3.275E0,-4.5E-1,-2.65E0));
#479=LINE('',#478,#477);
#480=DIRECTION('',(-1.E0,0.E0,0.E0));
#481=VECTOR('',#480,2.75E-1);
#482=CARTESIAN_POINT('',(3.55E0,-4.5E-1,-2.65E0));
#483=LINE('',#482,#481);
#484=DIRECTION('',(-1.E0,0.E0,0.E0));
#485=VECTOR('',#484,3.E-1);
#486=CARTESIAN_POINT('',(3.95E0,-1.5E0,-2.15E0));
#487=LINE('',#486,#485);
#488=DIRECTION('',(0.E0,0.E0,-1.E0));
#489=VECTOR('',#488,4.E-1);
#490=CARTESIAN_POINT('',(3.55E0,-1.5E0,-2.25E0));
#491=LINE('',#490,#489);
#492=DIRECTION('',(0.E0,0.E0,1.E0));
#493=VECTOR('',#492,1.75E0);
#494=CARTESIAN_POINT('',(3.275E0,-1.5E0,-2.65E0));
#495=LINE('',#494,#493);
#496=DIRECTION('',(1.E0,0.E0,0.E0));
#497=VECTOR('',#496,6.75E-1);
#498=CARTESIAN_POINT('',(3.275E0,-1.5E0,-9.E-1));
#499=LINE('',#498,#497);
#500=DIRECTION('',(-1.E0,0.E0,0.E0));
#501=VECTOR('',#500,9.25E-1);
#502=CARTESIAN_POINT('',(3.95E0,-2.4E0,-2.15E0));
#503=LINE('',#502,#501);
#504=DIRECTION('',(-1.E0,0.E0,0.E0));
#505=VECTOR('',#504,3.75E-1);
#506=CARTESIAN_POINT('',(3.65E0,-2.02E0,-2.15E0));
#507=LINE('',#506,#505);
#508=DIRECTION('',(0.E0,-1.E0,0.E0));
#509=VECTOR('',#508,5.2E-1);
#510=CARTESIAN_POINT('',(3.65E0,-1.5E0,-2.15E0));
#511=LINE('',#510,#509);
#512=DIRECTION('',(0.E0,0.E0,1.E0));
#513=VECTOR('',#512,2.380697205048E-1);
#514=CARTESIAN_POINT('',(1.35E0,-2.4E0,-5.8E0));
#515=LINE('',#514,#513);
#516=DIRECTION('',(0.E0,0.E0,1.E0));
#517=VECTOR('',#516,2.380697205048E-1);
#518=CARTESIAN_POINT('',(1.5E-1,-2.4E0,-5.8E0));
#519=LINE('',#518,#517);
#520=DIRECTION('',(1.E0,0.E0,0.E0));
#521=VECTOR('',#520,3.E-1);
#522=CARTESIAN_POINT('',(-1.5E-1,-2.4E0,-5.561930279495E0));
#523=LINE('',#522,#521);
#524=DIRECTION('',(0.E0,0.E0,1.E0));
#525=VECTOR('',#524,2.380697205048E-1);
#526=CARTESIAN_POINT('',(-1.5E-1,-2.4E0,-5.8E0));
#527=LINE('',#526,#525);
#528=DIRECTION('',(0.E0,0.E0,1.E0));
#529=VECTOR('',#528,2.380697205048E-1);
#530=CARTESIAN_POINT('',(-1.35E0,-2.4E0,-5.8E0));
#531=LINE('',#530,#529);
#532=DIRECTION('',(1.E0,0.E0,0.E0));
#533=VECTOR('',#532,3.E-1);
#534=CARTESIAN_POINT('',(-1.65E0,-2.4E0,-5.561930279495E0));
#535=LINE('',#534,#533);
#536=DIRECTION('',(0.E0,0.E0,1.E0));
#537=VECTOR('',#536,2.380697205048E-1);
#538=CARTESIAN_POINT('',(-1.65E0,-2.4E0,-5.8E0));
#539=LINE('',#538,#537);
#540=DIRECTION('',(0.E0,0.E0,-1.E0));
#541=VECTOR('',#540,3.65E0);
#542=CARTESIAN_POINT('',(-3.95E0,-2.4E0,-2.15E0));
#543=LINE('',#542,#541);
#544=DIRECTION('',(0.E0,0.E0,-1.E0));
#545=VECTOR('',#544,2.15E0);
#546=CARTESIAN_POINT('',(-3.025E0,-2.4E0,0.E0));
#547=LINE('',#546,#545);
#548=DIRECTION('',(0.E0,0.E0,-1.E0));
#549=VECTOR('',#548,1.5E0);
#550=CARTESIAN_POINT('',(-2.71E0,-2.4E0,0.E0));
#551=LINE('',#550,#549);
#552=DIRECTION('',(1.E0,0.E0,0.E0));
#553=VECTOR('',#552,8.E-1);
#554=CARTESIAN_POINT('',(-2.71E0,-2.4E0,-1.5E0));
#555=LINE('',#554,#553);
#556=DIRECTION('',(0.E0,0.E0,-1.E0));
#557=VECTOR('',#556,1.5E0);
#558=CARTESIAN_POINT('',(-1.91E0,-2.4E0,0.E0));
#559=LINE('',#558,#557);
#560=DIRECTION('',(0.E0,0.E0,-1.E0));
#561=VECTOR('',#560,1.5E0);
#562=CARTESIAN_POINT('',(1.91E0,-2.4E0,0.E0));
#563=LINE('',#562,#561);
#564=DIRECTION('',(1.E0,0.E0,0.E0));
#565=VECTOR('',#564,8.E-1);
#566=CARTESIAN_POINT('',(1.91E0,-2.4E0,-1.5E0));
#567=LINE('',#566,#565);
#568=DIRECTION('',(0.E0,0.E0,-1.E0));
#569=VECTOR('',#568,1.5E0);
#570=CARTESIAN_POINT('',(2.71E0,-2.4E0,0.E0));
#571=LINE('',#570,#569);
#572=DIRECTION('',(0.E0,0.E0,1.E0));
#573=VECTOR('',#572,2.15E0);
#574=CARTESIAN_POINT('',(3.025E0,-2.4E0,-2.15E0));
#575=LINE('',#574,#573);
#576=DIRECTION('',(0.E0,0.E0,1.E0));
#577=VECTOR('',#576,2.380697205048E-1);
#578=CARTESIAN_POINT('',(1.65E0,-2.4E0,-5.8E0));
#579=LINE('',#578,#577);
#580=DIRECTION('',(1.E0,0.E0,0.E0));
#581=VECTOR('',#580,3.E-1);
#582=CARTESIAN_POINT('',(1.35E0,-2.4E0,-5.561930279495E0));
#583=LINE('',#582,#581);
#584=DIRECTION('',(0.E0,-9.993392221981E-1,-3.634720039470E-2));
#585=VECTOR('',#584,8.660243297136E-1);
#586=CARTESIAN_POINT('',(1.35E0,-2.4E0,-5.561930279495E0));
#587=LINE('',#586,#585);
#588=DIRECTION('',(0.E0,3.634720039469E-2,-9.993392221981E-1));
#589=VECTOR('',#588,3.E-1);
#590=CARTESIAN_POINT('',(1.35E0,-3.265452080061E0,-5.593407839354E0));
#591=LINE('',#590,#589);
#592=DIRECTION('',(0.E0,9.993392221981E-1,3.634720039469E-2));
#593=VECTOR('',#592,2.564423256846E0);
#594=CARTESIAN_POINT('',(1.35E0,-3.254547919942E0,-5.893209606013E0));
#595=LINE('',#594,#593);
#596=DIRECTION('',(0.E0,0.E0,1.E0));
#597=VECTOR('',#596,2.3E0);
#598=CARTESIAN_POINT('',(1.35E0,-2.5E-1,-4.4E0));
#599=LINE('',#598,#597);
#600=DIRECTION('',(0.E0,-1.E0,0.E0));
#601=VECTOR('',#600,3.E-1);
#602=CARTESIAN_POINT('',(1.35E0,-2.5E-1,-2.1E0));
#603=LINE('',#602,#601);
#604=DIRECTION('',(0.E0,0.E0,-1.E0));
#605=VECTOR('',#604,2.3E0);
#606=CARTESIAN_POINT('',(1.35E0,-5.5E-1,-2.1E0));
#607=LINE('',#606,#605);
#608=DIRECTION('',(0.E0,1.E0,0.E0));
#609=VECTOR('',#608,1.708180822941E0);
#610=CARTESIAN_POINT('',(1.35E0,-2.4E0,-5.8E0));
#611=LINE('',#610,#609);
#612=DIRECTION('',(1.E0,0.E0,0.E0));
#613=VECTOR('',#612,3.E-1);
#614=CARTESIAN_POINT('',(1.35E0,-6.918191770586E-1,-5.8E0));
#615=LINE('',#614,#613);
#616=DIRECTION('',(0.E0,1.E0,0.E0));
#617=VECTOR('',#616,1.708180822941E0);
#618=CARTESIAN_POINT('',(1.65E0,-2.4E0,-5.8E0));
#619=LINE('',#618,#617);
#620=DIRECTION('',(1.E0,0.E0,0.E0));
#621=VECTOR('',#620,2.3E0);
#622=CARTESIAN_POINT('',(1.65E0,-2.4E0,-5.8E0));
#623=LINE('',#622,#621);
#624=DIRECTION('',(0.E0,1.E0,0.E0));
#625=VECTOR('',#624,1.8E0);
#626=CARTESIAN_POINT('',(3.95E0,-2.4E0,-5.8E0));
#627=LINE('',#626,#625);
#628=DIRECTION('',(0.E0,-1.E0,0.E0));
#629=VECTOR('',#628,3.E0);
#630=CARTESIAN_POINT('',(2.895E0,2.4E0,-5.8E0));
#631=LINE('',#630,#629);
#632=DIRECTION('',(-1.E0,0.E0,0.E0));
#633=VECTOR('',#632,5.79E0);
#634=CARTESIAN_POINT('',(2.895E0,2.4E0,-5.8E0));
#635=LINE('',#634,#633);
#636=DIRECTION('',(0.E0,1.E0,0.E0));
#637=VECTOR('',#636,3.E0);
#638=CARTESIAN_POINT('',(-2.895E0,-6.E-1,-5.8E0));
#639=LINE('',#638,#637);
#640=DIRECTION('',(0.E0,-1.E0,0.E0));
#641=VECTOR('',#640,1.8E0);
#642=CARTESIAN_POINT('',(-3.95E0,-6.E-1,-5.8E0));
#643=LINE('',#642,#641);
#644=DIRECTION('',(1.E0,0.E0,0.E0));
#645=VECTOR('',#644,2.3E0);
#646=CARTESIAN_POINT('',(-3.95E0,-2.4E0,-5.8E0));
#647=LINE('',#646,#645);
#648=DIRECTION('',(0.E0,1.E0,0.E0));
#649=VECTOR('',#648,1.708180822941E0);
#650=CARTESIAN_POINT('',(-1.65E0,-2.4E0,-5.8E0));
#651=LINE('',#650,#649);
#652=DIRECTION('',(1.E0,0.E0,0.E0));
#653=VECTOR('',#652,3.E-1);
#654=CARTESIAN_POINT('',(-1.65E0,-6.918191770586E-1,-5.8E0));
#655=LINE('',#654,#653);
#656=DIRECTION('',(0.E0,1.E0,0.E0));
#657=VECTOR('',#656,1.708180822941E0);
#658=CARTESIAN_POINT('',(-1.35E0,-2.4E0,-5.8E0));
#659=LINE('',#658,#657);
#660=DIRECTION('',(1.E0,0.E0,0.E0));
#661=VECTOR('',#660,1.2E0);
#662=CARTESIAN_POINT('',(-1.35E0,-2.4E0,-5.8E0));
#663=LINE('',#662,#661);
#664=DIRECTION('',(0.E0,1.E0,0.E0));
#665=VECTOR('',#664,1.708180822941E0);
#666=CARTESIAN_POINT('',(-1.5E-1,-2.4E0,-5.8E0));
#667=LINE('',#666,#665);
#668=DIRECTION('',(1.E0,0.E0,0.E0));
#669=VECTOR('',#668,3.E-1);
#670=CARTESIAN_POINT('',(-1.5E-1,-6.918191770586E-1,-5.8E0));
#671=LINE('',#670,#669);
#672=DIRECTION('',(0.E0,1.E0,0.E0));
#673=VECTOR('',#672,1.708180822941E0);
#674=CARTESIAN_POINT('',(1.5E-1,-2.4E0,-5.8E0));
#675=LINE('',#674,#673);
#676=DIRECTION('',(1.E0,0.E0,0.E0));
#677=VECTOR('',#676,1.2E0);
#678=CARTESIAN_POINT('',(1.5E-1,-2.4E0,-5.8E0));
#679=LINE('',#678,#677);
#680=DIRECTION('',(1.E0,0.E0,0.E0));
#681=VECTOR('',#680,3.E-1);
#682=CARTESIAN_POINT('',(1.35E0,-3.254547919942E0,-5.893209606013E0));
#683=LINE('',#682,#681);
#684=DIRECTION('',(1.E0,0.E0,0.E0));
#685=VECTOR('',#684,3.E-1);
#686=CARTESIAN_POINT('',(1.35E0,-3.265452080061E0,-5.593407839354E0));
#687=LINE('',#686,#685);
#688=DIRECTION('',(0.E0,9.993392221981E-1,3.634720039469E-2));
#689=VECTOR('',#688,2.564423256846E0);
#690=CARTESIAN_POINT('',(1.65E0,-3.254547919942E0,-5.893209606013E0));
#691=LINE('',#690,#689);
#692=DIRECTION('',(0.E0,3.634720039469E-2,-9.993392221981E-1));
#693=VECTOR('',#692,3.E-1);
#694=CARTESIAN_POINT('',(1.65E0,-3.265452080061E0,-5.593407839354E0));
#695=LINE('',#694,#693);
#696=DIRECTION('',(0.E0,-9.993392221981E-1,-3.634720039470E-2));
#697=VECTOR('',#696,8.660243297136E-1);
#698=CARTESIAN_POINT('',(1.65E0,-2.4E0,-5.561930279495E0));
#699=LINE('',#698,#697);
#700=DIRECTION('',(0.E0,0.E0,-1.E0));
#701=VECTOR('',#700,2.3E0);
#702=CARTESIAN_POINT('',(1.65E0,-5.5E-1,-2.1E0));
#703=LINE('',#702,#701);
#704=DIRECTION('',(0.E0,-1.E0,0.E0));
#705=VECTOR('',#704,3.E-1);
#706=CARTESIAN_POINT('',(1.65E0,-2.5E-1,-2.1E0));
#707=LINE('',#706,#705);
#708=DIRECTION('',(0.E0,0.E0,1.E0));
#709=VECTOR('',#708,2.3E0);
#710=CARTESIAN_POINT('',(1.65E0,-2.5E-1,-4.4E0));
#711=LINE('',#710,#709);
#712=DIRECTION('',(-1.E0,0.E0,0.E0));
#713=VECTOR('',#712,3.75E-1);
#714=CARTESIAN_POINT('',(-1.76E0,5.E-1,-4.4E0));
#715=LINE('',#714,#713);
#716=DIRECTION('',(0.E0,-1.E0,0.E0));
#717=VECTOR('',#716,1.325E0);
#718=CARTESIAN_POINT('',(-1.76E0,1.825E0,-4.4E0));
#719=LINE('',#718,#717);
#720=DIRECTION('',(-1.E0,0.E0,0.E0));
#721=VECTOR('',#720,3.52E0);
#722=CARTESIAN_POINT('',(1.76E0,1.825E0,-4.4E0));
#723=LINE('',#722,#721);
#724=DIRECTION('',(0.E0,1.E0,0.E0));
#725=VECTOR('',#724,1.325E0);
#726=CARTESIAN_POINT('',(1.76E0,5.E-1,-4.4E0));
#727=LINE('',#726,#725);
#728=DIRECTION('',(-1.E0,0.E0,0.E0));
#729=VECTOR('',#728,3.75E-1);
#730=CARTESIAN_POINT('',(2.135E0,5.E-1,-4.4E0));
#731=LINE('',#730,#729);
#732=DIRECTION('',(0.E0,-1.E0,0.E0));
#733=VECTOR('',#732,1.3E0);
#734=CARTESIAN_POINT('',(2.135E0,1.8E0,-4.4E0));
#735=LINE('',#734,#733);
#736=DIRECTION('',(-1.E0,0.E0,0.E0));
#737=VECTOR('',#736,7.3E-1);
#738=CARTESIAN_POINT('',(2.865E0,1.8E0,-4.4E0));
#739=LINE('',#738,#737);
#740=DIRECTION('',(0.E0,1.E0,0.E0));
#741=VECTOR('',#740,3.7E0);
#742=CARTESIAN_POINT('',(2.865E0,-1.9E0,-4.4E0));
#743=LINE('',#742,#741);
#744=DIRECTION('',(1.E0,0.E0,0.E0));
#745=VECTOR('',#744,5.73E0);
#746=CARTESIAN_POINT('',(-2.865E0,-1.9E0,-4.4E0));
#747=LINE('',#746,#745);
#748=DIRECTION('',(0.E0,-1.E0,0.E0));
#749=VECTOR('',#748,3.2E0);
#750=CARTESIAN_POINT('',(-2.865E0,1.3E0,-4.4E0));
#751=LINE('',#750,#749);
#752=DIRECTION('',(-1.E0,0.E0,0.E0));
#753=VECTOR('',#752,7.3E-1);
#754=CARTESIAN_POINT('',(-2.135E0,1.3E0,-4.4E0));
#755=LINE('',#754,#753);
#756=DIRECTION('',(0.E0,1.E0,0.E0));
#757=VECTOR('',#756,8.E-1);
#758=CARTESIAN_POINT('',(-2.135E0,5.E-1,-4.4E0));
#759=LINE('',#758,#757);
#760=DIRECTION('',(0.E0,1.E0,0.E0));
#761=VECTOR('',#760,3.E-1);
#762=CARTESIAN_POINT('',(-1.65E0,-5.5E-1,-4.4E0));
#763=LINE('',#762,#761);
#764=DIRECTION('',(1.E0,0.E0,0.E0));
#765=VECTOR('',#764,3.E-1);
#766=CARTESIAN_POINT('',(-1.65E0,-5.5E-1,-4.4E0));
#767=LINE('',#766,#765);
#768=DIRECTION('',(0.E0,1.E0,0.E0));
#769=VECTOR('',#768,3.E-1);
#770=CARTESIAN_POINT('',(-1.35E0,-5.5E-1,-4.4E0));
#771=LINE('',#770,#769);
#772=DIRECTION('',(1.E0,0.E0,0.E0));
#773=VECTOR('',#772,3.E-1);
#774=CARTESIAN_POINT('',(-1.65E0,-2.5E-1,-4.4E0));
#775=LINE('',#774,#773);
#776=DIRECTION('',(0.E0,1.E0,0.E0));
#777=VECTOR('',#776,3.E-1);
#778=CARTESIAN_POINT('',(-1.5E-1,-5.5E-1,-4.4E0));
#779=LINE('',#778,#777);
#780=DIRECTION('',(1.E0,0.E0,0.E0));
#781=VECTOR('',#780,3.E-1);
#782=CARTESIAN_POINT('',(-1.5E-1,-5.5E-1,-4.4E0));
#783=LINE('',#782,#781);
#784=DIRECTION('',(0.E0,1.E0,0.E0));
#785=VECTOR('',#784,3.E-1);
#786=CARTESIAN_POINT('',(1.5E-1,-5.5E-1,-4.4E0));
#787=LINE('',#786,#785);
#788=DIRECTION('',(1.E0,0.E0,0.E0));
#789=VECTOR('',#788,3.E-1);
#790=CARTESIAN_POINT('',(-1.5E-1,-2.5E-1,-4.4E0));
#791=LINE('',#790,#789);
#792=DIRECTION('',(0.E0,1.E0,0.E0));
#793=VECTOR('',#792,3.E-1);
#794=CARTESIAN_POINT('',(1.35E0,-5.5E-1,-4.4E0));
#795=LINE('',#794,#793);
#796=DIRECTION('',(1.E0,0.E0,0.E0));
#797=VECTOR('',#796,3.E-1);
#798=CARTESIAN_POINT('',(1.35E0,-5.5E-1,-4.4E0));
#799=LINE('',#798,#797);
#800=DIRECTION('',(0.E0,1.E0,0.E0));
#801=VECTOR('',#800,3.E-1);
#802=CARTESIAN_POINT('',(1.65E0,-5.5E-1,-4.4E0));
#803=LINE('',#802,#801);
#804=DIRECTION('',(1.E0,0.E0,0.E0));
#805=VECTOR('',#804,3.E-1);
#806=CARTESIAN_POINT('',(1.35E0,-2.5E-1,-4.4E0));
#807=LINE('',#806,#805);
#808=DIRECTION('',(0.E0,1.E0,0.E0));
#809=VECTOR('',#808,7.5E-1);
#810=CARTESIAN_POINT('',(-1.40625E0,-1.8E0,-4.4E0));
#811=LINE('',#810,#809);
#812=DIRECTION('',(-1.E0,0.E0,0.E0));
#813=VECTOR('',#812,9.375E-2);
#814=CARTESIAN_POINT('',(-1.40625E0,-1.05E0,-4.4E0));
#815=LINE('',#814,#813);
#816=DIRECTION('',(-6.428712937139E-1,-7.659742160926E-1,0.E0));
#817=VECTOR('',#816,1.458301232559E-1);
#818=CARTESIAN_POINT('',(-1.5E0,-1.05E0,-4.4E0));
#819=LINE('',#818,#817);
#820=DIRECTION('',(0.E0,-1.E0,0.E0));
#821=VECTOR('',#820,1.276596039534E-1);
#822=CARTESIAN_POINT('',(-1.59375E0,-1.161702114344E0,-4.4E0));
#823=LINE('',#822,#821);
#824=DIRECTION('',(6.428711427642E-1,7.659743427825E-1,0.E0));
#825=VECTOR('',#824,1.458301574977E-1);
#826=CARTESIAN_POINT('',(-1.59375E0,-1.289361718297E0,-4.4E0));
#827=LINE('',#826,#825);
#828=DIRECTION('',(0.E0,-1.E0,0.E0));
#829=VECTOR('',#828,6.223404407501E-1);
#830=CARTESIAN_POINT('',(-1.5E0,-1.177659559250E0,-4.4E0));
#831=LINE('',#830,#829);
#832=DIRECTION('',(1.E0,0.E0,0.E0));
#833=VECTOR('',#832,9.375E-2);
#834=CARTESIAN_POINT('',(-1.5E0,-1.8E0,-4.4E0));
#835=LINE('',#834,#833);
#836=DIRECTION('',(0.E0,0.E0,1.E0));
#837=VECTOR('',#836,4.4E0);
#838=CARTESIAN_POINT('',(1.76E0,5.E-1,-4.4E0));
#839=LINE('',#838,#837);
#840=DIRECTION('',(-7.071067811865E-1,0.E0,7.071067811865E-1));
#841=VECTOR('',#840,2.828427124746E-1);
#842=CARTESIAN_POINT('',(2.135E0,5.E-1,-2.E-1));
#843=LINE('',#842,#841);
#844=DIRECTION('',(0.E0,0.E0,-1.E0));
#845=VECTOR('',#844,4.2E0);
#846=CARTESIAN_POINT('',(2.135E0,5.E-1,-2.E-1));
#847=LINE('',#846,#845);
#848=DIRECTION('',(0.E0,0.E0,1.E0));
#849=VECTOR('',#848,4.4E0);
#850=CARTESIAN_POINT('',(-1.76E0,5.E-1,-4.4E0));
#851=LINE('',#850,#849);
#852=DIRECTION('',(-7.071067811865E-1,0.E0,-7.071067811865E-1));
#853=VECTOR('',#852,2.828427124746E-1);
#854=CARTESIAN_POINT('',(-1.935E0,5.E-1,0.E0));
#855=LINE('',#854,#853);
#856=DIRECTION('',(1.E0,0.E0,0.E0));
#857=VECTOR('',#856,3.15E-1);
#858=CARTESIAN_POINT('',(2.71E0,-2.4E0,0.E0));
#859=LINE('',#858,#857);
#860=DIRECTION('',(0.E0,-1.E0,0.E0));
#861=VECTOR('',#860,1.E-1);
#862=CARTESIAN_POINT('',(2.71E0,-2.4E0,0.E0));
#863=LINE('',#862,#861);
#864=DIRECTION('',(1.E0,0.E0,0.E0));
#865=VECTOR('',#864,3.82E0);
#866=CARTESIAN_POINT('',(-1.91E0,-2.4E0,0.E0));
#867=LINE('',#866,#865);
#868=DIRECTION('',(0.E0,-1.E0,0.E0));
#869=VECTOR('',#868,1.E-1);
#870=CARTESIAN_POINT('',(-1.91E0,-2.4E0,0.E0));
#871=LINE('',#870,#869);
#872=DIRECTION('',(1.E0,0.E0,0.E0));
#873=VECTOR('',#872,3.15E-1);
#874=CARTESIAN_POINT('',(-3.025E0,-2.4E0,0.E0));
#875=LINE('',#874,#873);
#876=DIRECTION('',(7.071067811865E-1,-7.071067811865E-1,0.E0));
#877=VECTOR('',#876,2.121320343560E-1);
#878=CARTESIAN_POINT('',(-3.175E0,-2.25E0,0.E0));
#879=LINE('',#878,#877);
#880=DIRECTION('',(0.E0,-1.E0,0.E0));
#881=VECTOR('',#880,1.25E0);
#882=CARTESIAN_POINT('',(-3.175E0,-1.E0,0.E0));
#883=LINE('',#882,#881);
#884=DIRECTION('',(0.E0,1.E0,0.E0));
#885=VECTOR('',#884,2.E-1);
#886=CARTESIAN_POINT('',(-3.175E0,-1.E0,0.E0));
#887=LINE('',#886,#885);
#888=DIRECTION('',(0.E0,-1.E0,0.E0));
#889=VECTOR('',#888,4.5E-1);
#890=CARTESIAN_POINT('',(-3.175E0,-3.5E-1,0.E0));
#891=LINE('',#890,#889);
#892=DIRECTION('',(1.E0,0.E0,0.E0));
#893=VECTOR('',#892,7.75E-1);
#894=CARTESIAN_POINT('',(-3.95E0,-3.5E-1,0.E0));
#895=LINE('',#894,#893);
#896=DIRECTION('',(0.E0,-1.E0,0.E0));
#897=VECTOR('',#896,2.75E0);
#898=CARTESIAN_POINT('',(-3.95E0,2.4E0,0.E0));
#899=LINE('',#898,#897);
#900=DIRECTION('',(-1.E0,0.E0,0.E0));
#901=VECTOR('',#900,7.9E0);
#902=CARTESIAN_POINT('',(3.95E0,2.4E0,0.E0));
#903=LINE('',#902,#901);
#904=DIRECTION('',(0.E0,1.E0,0.E0));
#905=VECTOR('',#904,2.75E0);
#906=CARTESIAN_POINT('',(3.95E0,-3.5E-1,0.E0));
#907=LINE('',#906,#905);
#908=DIRECTION('',(1.E0,0.E0,0.E0));
#909=VECTOR('',#908,7.75E-1);
#910=CARTESIAN_POINT('',(3.175E0,-3.5E-1,0.E0));
#911=LINE('',#910,#909);
#912=DIRECTION('',(0.E0,1.E0,0.E0));
#913=VECTOR('',#912,4.5E-1);
#914=CARTESIAN_POINT('',(3.175E0,-8.E-1,0.E0));
#915=LINE('',#914,#913);
#916=DIRECTION('',(0.E0,-1.E0,0.E0));
#917=VECTOR('',#916,2.E-1);
#918=CARTESIAN_POINT('',(3.175E0,-8.E-1,0.E0));
#919=LINE('',#918,#917);
#920=DIRECTION('',(0.E0,1.E0,0.E0));
#921=VECTOR('',#920,1.25E0);
#922=CARTESIAN_POINT('',(3.175E0,-2.25E0,0.E0));
#923=LINE('',#922,#921);
#924=DIRECTION('',(7.071067811865E-1,7.071067811865E-1,0.E0));
#925=VECTOR('',#924,2.121320343560E-1);
#926=CARTESIAN_POINT('',(3.025E0,-2.4E0,0.E0));
#927=LINE('',#926,#925);
#928=DIRECTION('',(-1.E0,0.E0,0.E0));
#929=VECTOR('',#928,1.075E0);
#930=CARTESIAN_POINT('',(1.76E0,1.825E0,0.E0));
#931=LINE('',#930,#929);
#932=DIRECTION('',(-1.E0,0.E0,0.E0));
#933=VECTOR('',#932,1.075E0);
#934=CARTESIAN_POINT('',(-6.85E-1,1.825E0,0.E0));
#935=LINE('',#934,#933);
#936=DIRECTION('',(0.E0,-1.E0,0.E0));
#937=VECTOR('',#936,1.325E0);
#938=CARTESIAN_POINT('',(-1.76E0,1.825E0,0.E0));
#939=LINE('',#938,#937);
#940=DIRECTION('',(-1.E0,0.E0,0.E0));
#941=VECTOR('',#940,1.75E-1);
#942=CARTESIAN_POINT('',(-1.76E0,5.E-1,0.E0));
#943=LINE('',#942,#941);
#944=DIRECTION('',(0.E0,-1.E0,0.E0));
#945=VECTOR('',#944,1.E0);
#946=CARTESIAN_POINT('',(-1.935E0,1.5E0,0.E0));
#947=LINE('',#946,#945);
#948=DIRECTION('',(0.E0,-1.E0,0.E0));
#949=VECTOR('',#948,3.486602540378E0);
#950=CARTESIAN_POINT('',(-2.951602540378E0,1.5E0,0.E0));
#951=LINE('',#950,#949);
#952=DIRECTION('',(-1.E0,0.E0,0.E0));
#953=VECTOR('',#952,5.903205080757E0);
#954=CARTESIAN_POINT('',(2.951602540378E0,-1.986602540378E0,0.E0));
#955=LINE('',#954,#953);
#956=DIRECTION('',(0.E0,1.E0,0.E0));
#957=VECTOR('',#956,3.986602540378E0);
#958=CARTESIAN_POINT('',(2.951602540378E0,-1.986602540378E0,0.E0));
#959=LINE('',#958,#957);
#960=DIRECTION('',(0.E0,1.E0,0.E0));
#961=VECTOR('',#960,1.5E0);
#962=CARTESIAN_POINT('',(1.935E0,5.E-1,0.E0));
#963=LINE('',#962,#961);
#964=DIRECTION('',(-1.E0,0.E0,0.E0));
#965=VECTOR('',#964,1.75E-1);
#966=CARTESIAN_POINT('',(1.935E0,5.E-1,0.E0));
#967=LINE('',#966,#965);
#968=DIRECTION('',(0.E0,1.E0,0.E0));
#969=VECTOR('',#968,1.325E0);
#970=CARTESIAN_POINT('',(1.76E0,5.E-1,0.E0));
#971=LINE('',#970,#969);
#972=DIRECTION('',(0.E0,-1.E0,0.E0));
#973=VECTOR('',#972,1.E-1);
#974=CARTESIAN_POINT('',(2.71E0,-2.4E0,-1.5E0));
#975=LINE('',#974,#973);
#976=DIRECTION('',(0.E0,-1.E0,0.E0));
#977=VECTOR('',#976,1.E-1);
#978=CARTESIAN_POINT('',(1.91E0,-2.4E0,-1.5E0));
#979=LINE('',#978,#977);
#980=DIRECTION('',(0.E0,-1.E0,0.E0));
#981=VECTOR('',#980,1.E-1);
#982=CARTESIAN_POINT('',(1.91E0,-2.4E0,0.E0));
#983=LINE('',#982,#981);
#984=DIRECTION('',(0.E0,0.E0,-1.E0));
#985=VECTOR('',#984,1.5E0);
#986=CARTESIAN_POINT('',(-2.71E0,-2.5E0,0.E0));
#987=LINE('',#986,#985);
#988=DIRECTION('',(-1.E0,0.E0,0.E0));
#989=VECTOR('',#988,8.E-1);
#990=CARTESIAN_POINT('',(-1.91E0,-2.5E0,0.E0));
#991=LINE('',#990,#989);
#992=DIRECTION('',(0.E0,0.E0,1.E0));
#993=VECTOR('',#992,1.5E0);
#994=CARTESIAN_POINT('',(-1.91E0,-2.5E0,-1.5E0));
#995=LINE('',#994,#993);
#996=DIRECTION('',(1.E0,0.E0,0.E0));
#997=VECTOR('',#996,8.E-1);
#998=CARTESIAN_POINT('',(-2.71E0,-2.5E0,-1.5E0));
#999=LINE('',#998,#997);
#1000=DIRECTION('',(-1.E0,0.E0,0.E0));
#1001=VECTOR('',#1000,8.E-1);
#1002=CARTESIAN_POINT('',(2.71E0,-2.5E0,0.E0));
#1003=LINE('',#1002,#1001);
#1004=DIRECTION('',(0.E0,0.E0,1.E0));
#1005=VECTOR('',#1004,1.5E0);
#1006=CARTESIAN_POINT('',(2.71E0,-2.5E0,-1.5E0));
#1007=LINE('',#1006,#1005);
#1008=DIRECTION('',(1.E0,0.E0,0.E0));
#1009=VECTOR('',#1008,8.E-1);
#1010=CARTESIAN_POINT('',(1.91E0,-2.5E0,-1.5E0));
#1011=LINE('',#1010,#1009);
#1012=DIRECTION('',(0.E0,0.E0,-1.E0));
#1013=VECTOR('',#1012,1.5E0);
#1014=CARTESIAN_POINT('',(1.91E0,-2.5E0,0.E0));
#1015=LINE('',#1014,#1013);
#1016=DIRECTION('',(0.E0,-1.E0,0.E0));
#1017=VECTOR('',#1016,1.E-1);
#1018=CARTESIAN_POINT('',(-2.71E0,-2.4E0,0.E0));
#1019=LINE('',#1018,#1017);
#1020=DIRECTION('',(0.E0,-1.E0,0.E0));
#1021=VECTOR('',#1020,1.E-1);
#1022=CARTESIAN_POINT('',(-2.71E0,-2.4E0,-1.5E0));
#1023=LINE('',#1022,#1021);
#1024=DIRECTION('',(0.E0,-1.E0,0.E0));
#1025=VECTOR('',#1024,1.E-1);
#1026=CARTESIAN_POINT('',(-1.91E0,-2.4E0,-1.5E0));
#1027=LINE('',#1026,#1025);
#1028=DIRECTION('',(-3.015113445778E-1,3.015113445778E-1,-9.045340337333E-1));
#1029=VECTOR('',#1028,3.316624790355E-1);
#1030=CARTESIAN_POINT('',(-3.175E0,-2.25E0,0.E0));
#1031=LINE('',#1030,#1029);
#1032=DIRECTION('',(-7.071067811865E-1,7.071067811865E-1,0.E0));
#1033=VECTOR('',#1032,3.535533905933E-1);
#1034=CARTESIAN_POINT('',(-3.025E0,-2.4E0,-2.15E0));
#1035=LINE('',#1034,#1033);
#1036=DIRECTION('',(0.E0,-1.E0,0.E0));
#1037=VECTOR('',#1036,1.15E0);
#1038=CARTESIAN_POINT('',(-3.275E0,-1.E0,-3.E-1));
#1039=LINE('',#1038,#1037);
#1040=DIRECTION('',(0.E0,0.E0,-1.E0));
#1041=VECTOR('',#1040,1.85E0);
#1042=CARTESIAN_POINT('',(-3.275E0,-2.15E0,-3.E-1));
#1043=LINE('',#1042,#1041);
#1044=DIRECTION('',(0.E0,-1.E0,0.E0));
#1045=VECTOR('',#1044,1.3E-1);
#1046=CARTESIAN_POINT('',(-3.275E0,-2.02E0,-2.15E0));
#1047=LINE('',#1046,#1045);
#1048=DIRECTION('',(0.E0,0.E0,-1.E0));
#1049=VECTOR('',#1048,4.E-1);
#1050=CARTESIAN_POINT('',(-3.275E0,-1.92E0,-2.25E0));
#1051=LINE('',#1050,#1049);
#1052=DIRECTION('',(0.E0,0.E0,1.E0));
#1053=VECTOR('',#1052,1.75E0);
#1054=CARTESIAN_POINT('',(-3.275E0,-1.5E0,-2.65E0));
#1055=LINE('',#1054,#1053);
#1056=DIRECTION('',(0.E0,-1.E0,0.E0));
#1057=VECTOR('',#1056,3.E-1);
#1058=CARTESIAN_POINT('',(-3.275E0,-1.1E0,-8.E-1));
#1059=LINE('',#1058,#1057);
#1060=DIRECTION('',(0.E0,0.E0,1.E0));
#1061=VECTOR('',#1060,6.E-1);
#1062=CARTESIAN_POINT('',(-3.275E0,-1.E0,-9.E-1));
#1063=LINE('',#1062,#1061);
#1064=DIRECTION('',(0.E0,-1.E0,0.E0));
#1065=VECTOR('',#1064,3.5E-1);
#1066=CARTESIAN_POINT('',(-3.275E0,-4.5E-1,-3.E-1));
#1067=LINE('',#1066,#1065);
#1068=DIRECTION('',(0.E0,0.E0,-1.E0));
#1069=VECTOR('',#1068,2.35E0);
#1070=CARTESIAN_POINT('',(-3.275E0,-8.E-1,-3.E-1));
#1071=LINE('',#1070,#1069);
#1072=DIRECTION('',(0.E0,0.E0,1.E0));
#1073=VECTOR('',#1072,1.02E0);
#1074=CARTESIAN_POINT('',(-3.275E0,1.55E0,-5.42E0));
#1075=LINE('',#1074,#1073);
#1076=DIRECTION('',(0.E0,1.E0,0.E0));
#1077=VECTOR('',#1076,5.5E-1);
#1078=CARTESIAN_POINT('',(-3.275E0,1.55E0,-5.42E0));
#1079=LINE('',#1078,#1077);
#1080=DIRECTION('',(0.E0,0.E0,1.E0));
#1081=VECTOR('',#1080,1.02E0);
#1082=CARTESIAN_POINT('',(-3.275E0,2.1E0,-5.42E0));
#1083=LINE('',#1082,#1081);
#1084=DIRECTION('',(0.E0,-1.E0,0.E0));
#1085=VECTOR('',#1084,5.5E-1);
#1086=CARTESIAN_POINT('',(-3.275E0,2.1E0,-4.4E0));
#1087=LINE('',#1086,#1085);
#1088=DIRECTION('',(0.E0,0.E0,1.E0));
#1089=VECTOR('',#1088,3.5E-1);
#1090=CARTESIAN_POINT('',(-3.275E0,1.55E0,-4.2E0));
#1091=LINE('',#1090,#1089);
#1092=DIRECTION('',(0.E0,-1.E0,0.E0));
#1093=VECTOR('',#1092,5.5E-1);
#1094=CARTESIAN_POINT('',(-3.275E0,2.1E0,-4.2E0));
#1095=LINE('',#1094,#1093);
#1096=DIRECTION('',(0.E0,0.E0,1.E0));
#1097=VECTOR('',#1096,3.5E-1);
#1098=CARTESIAN_POINT('',(-3.275E0,2.1E0,-4.2E0));
#1099=LINE('',#1098,#1097);
#1100=DIRECTION('',(0.E0,0.E0,1.E0));
#1101=VECTOR('',#1100,5.2E-1);
#1102=CARTESIAN_POINT('',(-3.275E0,-4.5E-1,-5.42E0));
#1103=LINE('',#1102,#1101);
#1104=DIRECTION('',(0.E0,-1.E0,0.E0));
#1105=VECTOR('',#1104,6.5E-1);
#1106=CARTESIAN_POINT('',(-3.275E0,-4.5E-1,-4.9E0));
#1107=LINE('',#1106,#1105);
#1108=DIRECTION('',(0.E0,1.E0,0.E0));
#1109=VECTOR('',#1108,4.E-1);
#1110=CARTESIAN_POINT('',(-3.275E0,-1.1E0,-5.32E0));
#1111=LINE('',#1110,#1109);
#1112=DIRECTION('',(0.E0,1.E0,0.E0));
#1113=VECTOR('',#1112,1.5E-1);
#1114=CARTESIAN_POINT('',(-3.275E0,-6.E-1,-5.42E0));
#1115=LINE('',#1114,#1113);
#1116=DIRECTION('',(-1.E0,0.E0,0.E0));
#1117=VECTOR('',#1116,9.25E-1);
#1118=CARTESIAN_POINT('',(-3.025E0,-2.4E0,-2.15E0));
#1119=LINE('',#1118,#1117);
#1120=DIRECTION('',(1.E0,0.E0,0.E0));
#1121=VECTOR('',#1120,3.E-1);
#1122=CARTESIAN_POINT('',(-3.95E0,-1.5E0,-2.15E0));
#1123=LINE('',#1122,#1121);
#1124=DIRECTION('',(0.E0,1.E0,0.E0));
#1125=VECTOR('',#1124,5.2E-1);
#1126=CARTESIAN_POINT('',(-3.65E0,-2.02E0,-2.15E0));
#1127=LINE('',#1126,#1125);
#1128=DIRECTION('',(-1.E0,0.E0,0.E0));
#1129=VECTOR('',#1128,3.75E-1);
#1130=CARTESIAN_POINT('',(-3.275E0,-2.02E0,-2.15E0));
#1131=LINE('',#1130,#1129);
#1132=DIRECTION('',(0.E0,-9.486832980505E-1,-3.162277660168E-1));
#1133=VECTOR('',#1132,3.162277660168E-1);
#1134=CARTESIAN_POINT('',(-3.95E0,2.4E0,-3.75E0));
#1135=LINE('',#1134,#1133);
#1136=DIRECTION('',(0.E0,0.E0,-1.E0));
#1137=VECTOR('',#1136,3.75E0);
#1138=CARTESIAN_POINT('',(-3.95E0,2.4E0,0.E0));
#1139=LINE('',#1138,#1137);
#1140=DIRECTION('',(0.E0,3.162277660168E-1,9.486832980505E-1));
#1141=VECTOR('',#1140,3.162277660168E-1);
#1142=CARTESIAN_POINT('',(-3.95E0,-4.5E-1,-3.E-1));
#1143=LINE('',#1142,#1141);
#1144=DIRECTION('',(0.E0,0.E0,-1.E0));
#1145=VECTOR('',#1144,5.E-1);
#1146=CARTESIAN_POINT('',(-3.95E0,-4.5E-1,-3.E-1));
#1147=LINE('',#1146,#1145);
#1148=DIRECTION('',(0.E0,-1.E0,0.E0));
#1149=VECTOR('',#1148,9.5E-1);
#1150=CARTESIAN_POINT('',(-3.95E0,-4.5E-1,-8.E-1));
#1151=LINE('',#1150,#1149);
#1152=DIRECTION('',(0.E0,7.071067811865E-1,7.071067811865E-1));
#1153=VECTOR('',#1152,1.414213562373E-1);
#1154=CARTESIAN_POINT('',(-3.95E0,-1.5E0,-9.E-1));
#1155=LINE('',#1154,#1153);
#1156=DIRECTION('',(0.E0,0.E0,-1.E0));
#1157=VECTOR('',#1156,1.25E0);
#1158=CARTESIAN_POINT('',(-3.95E0,-1.5E0,-9.E-1));
#1159=LINE('',#1158,#1157);
#1160=DIRECTION('',(0.E0,1.E0,0.E0));
#1161=VECTOR('',#1160,9.E-1);
#1162=CARTESIAN_POINT('',(-3.95E0,-2.4E0,-2.15E0));
#1163=LINE('',#1162,#1161);
#1164=DIRECTION('',(0.E0,0.E0,1.E0));
#1165=VECTOR('',#1164,9.E-1);
#1166=CARTESIAN_POINT('',(-3.95E0,-6.E-1,-5.8E0));
#1167=LINE('',#1166,#1165);
#1168=DIRECTION('',(0.E0,1.E0,0.E0));
#1169=VECTOR('',#1168,1.25E0);
#1170=CARTESIAN_POINT('',(-3.95E0,-6.E-1,-4.9E0));
#1171=LINE('',#1170,#1169);
#1172=DIRECTION('',(0.E0,-7.071067811865E-1,-7.071067811865E-1));
#1173=VECTOR('',#1172,1.414213562373E-1);
#1174=CARTESIAN_POINT('',(-3.95E0,7.5E-1,-4.8E0));
#1175=LINE('',#1174,#1173);
#1176=DIRECTION('',(0.E0,0.E0,1.E0));
#1177=VECTOR('',#1176,9.5E-1);
#1178=CARTESIAN_POINT('',(-3.95E0,7.5E-1,-4.8E0));
#1179=LINE('',#1178,#1177);
#1180=DIRECTION('',(0.E0,-1.E0,0.E0));
#1181=VECTOR('',#1180,1.35E0);
#1182=CARTESIAN_POINT('',(-3.95E0,2.1E0,-3.85E0));
#1183=LINE('',#1182,#1181);
#1184=DIRECTION('',(-1.E0,0.E0,0.E0));
#1185=VECTOR('',#1184,2.5E-2);
#1186=CARTESIAN_POINT('',(-3.525E0,-2.5E-1,-3.85E0));
#1187=LINE('',#1186,#1185);
#1188=DIRECTION('',(0.E0,1.E0,0.E0));
#1189=VECTOR('',#1188,1.8E0);
#1190=CARTESIAN_POINT('',(-3.525E0,-2.5E-1,-3.85E0));
#1191=LINE('',#1190,#1189);
#1192=DIRECTION('',(-1.E0,0.E0,0.E0));
#1193=VECTOR('',#1192,2.5E-1);
#1194=CARTESIAN_POINT('',(-3.275E0,1.55E0,-3.85E0));
#1195=LINE('',#1194,#1193);
#1196=DIRECTION('',(0.E0,1.E0,0.E0));
#1197=VECTOR('',#1196,5.5E-1);
#1198=CARTESIAN_POINT('',(-3.275E0,1.55E0,-3.85E0));
#1199=LINE('',#1198,#1197);
#1200=DIRECTION('',(-1.E0,0.E0,0.E0));
#1201=VECTOR('',#1200,6.75E-1);
#1202=CARTESIAN_POINT('',(-3.275E0,2.1E0,-3.85E0));
#1203=LINE('',#1202,#1201);
#1204=DIRECTION('',(1.E0,0.E0,0.E0));
#1205=VECTOR('',#1204,3.E-1);
#1206=CARTESIAN_POINT('',(-3.95E0,7.5E-1,-3.85E0));
#1207=LINE('',#1206,#1205);
#1208=DIRECTION('',(0.E0,0.E0,-1.E0));
#1209=VECTOR('',#1208,5.5E-1);
#1210=CARTESIAN_POINT('',(-3.525E0,-2.5E-1,-3.85E0));
#1211=LINE('',#1210,#1209);
#1212=DIRECTION('',(0.E0,-1.E0,0.E0));
#1213=VECTOR('',#1212,2.E0);
#1214=CARTESIAN_POINT('',(-3.525E0,1.55E0,-5.55E0));
#1215=LINE('',#1214,#1213);
#1216=DIRECTION('',(1.E0,0.E0,0.E0));
#1217=VECTOR('',#1216,1.25E-1);
#1218=CARTESIAN_POINT('',(-3.65E0,-2.5E-1,-4.4E0));
#1219=LINE('',#1218,#1217);
#1220=DIRECTION('',(-1.E0,0.E0,0.E0));
#1221=VECTOR('',#1220,1.25E-1);
#1222=CARTESIAN_POINT('',(-3.525E0,6.5E-1,-4.4E0));
#1223=LINE('',#1222,#1221);
#1224=DIRECTION('',(0.E0,1.E0,0.E0));
#1225=VECTOR('',#1224,9.E-1);
#1226=CARTESIAN_POINT('',(-3.525E0,-2.5E-1,-4.4E0));
#1227=LINE('',#1226,#1225);
#1228=DIRECTION('',(-1.E0,0.E0,0.E0));
#1229=VECTOR('',#1228,1.E-1);
#1230=CARTESIAN_POINT('',(-3.175E0,1.4E0,-4.4E0));
#1231=LINE('',#1230,#1229);
#1232=DIRECTION('',(0.E0,1.E0,0.E0));
#1233=VECTOR('',#1232,1.5E-1);
#1234=CARTESIAN_POINT('',(-3.275E0,1.4E0,-4.4E0));
#1235=LINE('',#1234,#1233);
#1236=DIRECTION('',(-3.162277660168E-1,-9.486832980505E-1,0.E0));
#1237=VECTOR('',#1236,3.162277660168E-1);
#1238=CARTESIAN_POINT('',(-3.175E0,2.4E0,-4.4E0));
#1239=LINE('',#1238,#1237);
#1240=DIRECTION('',(0.E0,-1.E0,0.E0));
#1241=VECTOR('',#1240,1.E0);
#1242=CARTESIAN_POINT('',(-3.175E0,2.4E0,-4.4E0));
#1243=LINE('',#1242,#1241);
#1244=DIRECTION('',(0.E0,0.E0,1.E0));
#1245=VECTOR('',#1244,2.E-1);
#1246=CARTESIAN_POINT('',(-3.65E0,-2.5E-1,-4.4E0));
#1247=LINE('',#1246,#1245);
#1248=DIRECTION('',(0.E0,0.E0,-1.E0));
#1249=VECTOR('',#1248,2.E-1);
#1250=CARTESIAN_POINT('',(-3.65E0,6.5E-1,-4.2E0));
#1251=LINE('',#1250,#1249);
#1252=DIRECTION('',(0.E0,-1.E0,0.E0));
#1253=VECTOR('',#1252,9.E-1);
#1254=CARTESIAN_POINT('',(-3.65E0,6.5E-1,-4.4E0));
#1255=LINE('',#1254,#1253);
#1256=DIRECTION('',(1.E0,0.E0,0.E0));
#1257=VECTOR('',#1256,1.E-1);
#1258=CARTESIAN_POINT('',(-3.65E0,-2.5E-1,-4.2E0));
#1259=LINE('',#1258,#1257);
#1260=DIRECTION('',(-1.E0,0.E0,0.E0));
#1261=VECTOR('',#1260,1.E-1);
#1262=CARTESIAN_POINT('',(-3.55E0,6.5E-1,-4.2E0));
#1263=LINE('',#1262,#1261);
#1264=DIRECTION('',(0.E0,-1.E0,0.E0));
#1265=VECTOR('',#1264,9.E-1);
#1266=CARTESIAN_POINT('',(-3.65E0,6.5E-1,-4.2E0));
#1267=LINE('',#1266,#1265);
#1268=DIRECTION('',(0.E0,0.E0,-1.E0));
#1269=VECTOR('',#1268,3.5E-1);
#1270=CARTESIAN_POINT('',(-3.55E0,-2.5E-1,-3.85E0));
#1271=LINE('',#1270,#1269);
#1272=DIRECTION('',(0.E0,1.E0,0.E0));
#1273=VECTOR('',#1272,9.E-1);
#1274=CARTESIAN_POINT('',(-3.55E0,-2.5E-1,-3.85E0));
#1275=LINE('',#1274,#1273);
#1276=DIRECTION('',(0.E0,0.E0,-1.E0));
#1277=VECTOR('',#1276,3.5E-1);
#1278=CARTESIAN_POINT('',(-3.55E0,6.5E-1,-3.85E0));
#1279=LINE('',#1278,#1277);
#1280=DIRECTION('',(0.E0,-1.E0,0.E0));
#1281=VECTOR('',#1280,9.E-1);
#1282=CARTESIAN_POINT('',(-3.55E0,6.5E-1,-4.2E0));
#1283=LINE('',#1282,#1281);
#1284=DIRECTION('',(-5.773502691896E-1,5.773502691896E-1,5.773502691896E-1));
#1285=VECTOR('',#1284,1.732050807569E-1);
#1286=CARTESIAN_POINT('',(-3.55E0,6.5E-1,-4.2E0));
#1287=LINE('',#1286,#1285);
#1288=DIRECTION('',(-7.071067811865E-1,7.071067811866E-1,0.E0));
#1289=VECTOR('',#1288,1.414213562373E-1);
#1290=CARTESIAN_POINT('',(-3.55E0,6.5E-1,-3.85E0));
#1291=LINE('',#1290,#1289);
#1292=DIRECTION('',(0.E0,0.E0,1.E0));
#1293=VECTOR('',#1292,3.E-1);
#1294=CARTESIAN_POINT('',(-3.525E0,7.5E-1,-4.8E0));
#1295=LINE('',#1294,#1293);
#1296=DIRECTION('',(-1.E0,0.E0,0.E0));
#1297=VECTOR('',#1296,2.25E-1);
#1298=CARTESIAN_POINT('',(-3.525E0,7.5E-1,-4.5E0));
#1299=LINE('',#1298,#1297);
#1300=DIRECTION('',(0.E0,0.E0,-1.E0));
#1301=VECTOR('',#1300,4.E-1);
#1302=CARTESIAN_POINT('',(-3.75E0,7.5E-1,-4.1E0));
#1303=LINE('',#1302,#1301);
#1304=DIRECTION('',(-1.E0,0.E0,0.E0));
#1305=VECTOR('',#1304,1.E-1);
#1306=CARTESIAN_POINT('',(-3.65E0,7.5E-1,-4.1E0));
#1307=LINE('',#1306,#1305);
#1308=DIRECTION('',(0.E0,0.E0,-1.E0));
#1309=VECTOR('',#1308,2.5E-1);
#1310=CARTESIAN_POINT('',(-3.65E0,7.5E-1,-3.85E0));
#1311=LINE('',#1310,#1309);
#1312=DIRECTION('',(-1.E0,0.E0,0.E0));
#1313=VECTOR('',#1312,4.25E-1);
#1314=CARTESIAN_POINT('',(-3.525E0,7.5E-1,-4.8E0));
#1315=LINE('',#1314,#1313);
#1316=DIRECTION('',(0.E0,7.071067811865E-1,-7.071067811865E-1));
#1317=VECTOR('',#1316,1.414213562373E-1);
#1318=CARTESIAN_POINT('',(-3.525E0,6.5E-1,-4.4E0));
#1319=LINE('',#1318,#1317);
#1320=DIRECTION('',(-5.773502691896E-1,5.773502691896E-1,-5.773502691896E-1));
#1321=VECTOR('',#1320,1.732050807569E-1);
#1322=CARTESIAN_POINT('',(-3.65E0,6.5E-1,-4.4E0));
#1323=LINE('',#1322,#1321);
#1324=DIRECTION('',(-5.773502691896E-1,5.773502691896E-1,5.773502691896E-1));
#1325=VECTOR('',#1324,1.732050807569E-1);
#1326=CARTESIAN_POINT('',(-3.65E0,6.5E-1,-4.2E0));
#1327=LINE('',#1326,#1325);
#1328=DIRECTION('',(0.E0,-7.071067811865E-1,-7.071067811865E-1));
#1329=VECTOR('',#1328,1.414213562373E-1);
#1330=CARTESIAN_POINT('',(-3.525E0,7.5E-1,-4.8E0));
#1331=LINE('',#1330,#1329);
#1332=DIRECTION('',(-1.E0,0.E0,0.E0));
#1333=VECTOR('',#1332,2.5E-1);
#1334=CARTESIAN_POINT('',(-3.275E0,-4.5E-1,-4.9E0));
#1335=LINE('',#1334,#1333);
#1336=DIRECTION('',(0.E0,-1.E0,0.E0));
#1337=VECTOR('',#1336,1.1E0);
#1338=CARTESIAN_POINT('',(-3.525E0,6.5E-1,-4.9E0));
#1339=LINE('',#1338,#1337);
#1340=DIRECTION('',(-1.E0,0.E0,0.E0));
#1341=VECTOR('',#1340,4.25E-1);
#1342=CARTESIAN_POINT('',(-3.525E0,6.5E-1,-4.9E0));
#1343=LINE('',#1342,#1341);
#1344=DIRECTION('',(1.E0,0.E0,0.E0));
#1345=VECTOR('',#1344,3.E-1);
#1346=CARTESIAN_POINT('',(-3.95E0,-6.E-1,-4.9E0));
#1347=LINE('',#1346,#1345);
#1348=DIRECTION('',(0.E0,0.E0,1.E0));
#1349=VECTOR('',#1348,2.5E-1);
#1350=CARTESIAN_POINT('',(3.825E0,-4.5E-1,-5.9E0));
#1351=LINE('',#1350,#1349);
#1352=DIRECTION('',(-1.E0,0.E0,0.E0));
#1353=VECTOR('',#1352,2.E-1);
#1354=CARTESIAN_POINT('',(3.825E0,-4.5E-1,-5.9E0));
#1355=LINE('',#1354,#1353);
#1356=CARTESIAN_POINT('',(3.625E0,-4.5E-1,-5.55E0));
#1357=DIRECTION('',(0.E0,1.E0,0.E0));
#1358=DIRECTION('',(-1.903239470786E-14,0.E0,-1.E0));
#1359=AXIS2_PLACEMENT_3D('',#1356,#1357,#1358);
#1361=DIRECTION('',(0.E0,0.E0,1.E0));
#1362=VECTOR('',#1361,1.3E-1);
#1363=CARTESIAN_POINT('',(3.275E0,-4.5E-1,-5.55E0));
#1364=LINE('',#1363,#1362);
#1365=DIRECTION('',(0.E0,0.E0,-1.E0));
#1366=VECTOR('',#1365,6.5E-1);
#1367=CARTESIAN_POINT('',(3.525E0,-4.5E-1,-4.9E0));
#1368=LINE('',#1367,#1366);
#1369=CARTESIAN_POINT('',(3.625E0,-4.5E-1,-5.55E0));
#1370=DIRECTION('',(0.E0,-1.E0,0.E0));
#1371=DIRECTION('',(-1.E0,0.E0,0.E0));
#1372=AXIS2_PLACEMENT_3D('',#1369,#1370,#1371);
#1374=DIRECTION('',(1.E0,0.E0,0.E0));
#1375=VECTOR('',#1374,2.E-1);
#1376=CARTESIAN_POINT('',(3.625E0,-4.5E-1,-5.65E0));
#1377=LINE('',#1376,#1375);
#1378=DIRECTION('',(0.E0,0.E0,-1.E0));
#1379=VECTOR('',#1378,2.5E-1);
#1380=CARTESIAN_POINT('',(-3.825E0,-4.5E-1,-5.65E0));
#1381=LINE('',#1380,#1379);
#1382=DIRECTION('',(1.E0,0.E0,0.E0));
#1383=VECTOR('',#1382,2.E-1);
#1384=CARTESIAN_POINT('',(-3.825E0,-4.5E-1,-5.65E0));
#1385=LINE('',#1384,#1383);
#1386=CARTESIAN_POINT('',(-3.625E0,-4.5E-1,-5.55E0));
#1387=DIRECTION('',(0.E0,-1.E0,0.E0));
#1388=DIRECTION('',(0.E0,0.E0,-1.E0));
#1389=AXIS2_PLACEMENT_3D('',#1386,#1387,#1388);
#1391=DIRECTION('',(0.E0,0.E0,1.E0));
#1392=VECTOR('',#1391,6.5E-1);
#1393=CARTESIAN_POINT('',(-3.525E0,-4.5E-1,-5.55E0));
#1394=LINE('',#1393,#1392);
#1395=DIRECTION('',(0.E0,0.E0,-1.E0));
#1396=VECTOR('',#1395,1.3E-1);
#1397=CARTESIAN_POINT('',(-3.275E0,-4.5E-1,-5.42E0));
#1398=LINE('',#1397,#1396);
#1399=CARTESIAN_POINT('',(-3.625E0,-4.5E-1,-5.55E0));
#1400=DIRECTION('',(0.E0,1.E0,0.E0));
#1401=DIRECTION('',(1.E0,0.E0,0.E0));
#1402=AXIS2_PLACEMENT_3D('',#1399,#1400,#1401);
#1404=DIRECTION('',(-1.E0,0.E0,0.E0));
#1405=VECTOR('',#1404,2.E-1);
#1406=CARTESIAN_POINT('',(-3.625E0,-4.5E-1,-5.9E0));
#1407=LINE('',#1406,#1405);
#1408=CARTESIAN_POINT('',(3.825E0,1.25E0,-5.65E0));
#1409=DIRECTION('',(0.E0,0.E0,1.E0));
#1410=DIRECTION('',(1.E0,0.E0,0.E0));
#1411=AXIS2_PLACEMENT_3D('',#1408,#1409,#1410);
#1413=CARTESIAN_POINT('',(3.825E0,-1.5E-1,-5.65E0));
#1414=DIRECTION('',(0.E0,0.E0,1.E0));
#1415=DIRECTION('',(0.E0,-1.E0,0.E0));
#1416=AXIS2_PLACEMENT_3D('',#1413,#1414,#1415);
#1418=DIRECTION('',(0.E0,-1.E0,0.E0));
#1419=VECTOR('',#1418,2.E0);
#1420=CARTESIAN_POINT('',(3.625E0,1.55E0,-5.65E0));
#1421=LINE('',#1420,#1419);
#1422=DIRECTION('',(0.E0,0.E0,-1.E0));
#1423=VECTOR('',#1422,2.5E-1);
#1424=CARTESIAN_POINT('',(4.125E0,1.25E0,-5.65E0));
#1425=LINE('',#1424,#1423);
#1426=DIRECTION('',(0.E0,0.E0,1.E0));
#1427=VECTOR('',#1426,2.5E-1);
#1428=CARTESIAN_POINT('',(4.125E0,-1.5E-1,-5.9E0));
#1429=LINE('',#1428,#1427);
#1430=DIRECTION('',(0.E0,-1.E0,0.E0));
#1431=VECTOR('',#1430,1.4E0);
#1432=CARTESIAN_POINT('',(4.125E0,1.25E0,-5.65E0));
#1433=LINE('',#1432,#1431);
#1434=DIRECTION('',(0.E0,-1.E0,0.E0));
#1435=VECTOR('',#1434,2.E0);
#1436=CARTESIAN_POINT('',(3.525E0,1.55E0,-5.55E0));
#1437=LINE('',#1436,#1435);
#1438=DIRECTION('',(1.E0,0.E0,0.E0));
#1439=VECTOR('',#1438,2.5E-1);
#1440=CARTESIAN_POINT('',(3.275E0,-4.5E-1,-4.9E0));
#1441=LINE('',#1440,#1439);
#1442=DIRECTION('',(0.E0,-1.E0,0.E0));
#1443=VECTOR('',#1442,6.5E-1);
#1444=CARTESIAN_POINT('',(3.275E0,-4.5E-1,-4.9E0));
#1445=LINE('',#1444,#1443);
#1446=DIRECTION('',(0.E0,1.E0,0.E0));
#1447=VECTOR('',#1446,4.E-1);
#1448=CARTESIAN_POINT('',(3.55E0,-1.1E0,-4.9E0));
#1449=LINE('',#1448,#1447);
#1450=DIRECTION('',(1.E0,0.E0,0.E0));
#1451=VECTOR('',#1450,4.25E-1);
#1452=CARTESIAN_POINT('',(3.525E0,6.5E-1,-4.9E0));
#1453=LINE('',#1452,#1451);
#1454=DIRECTION('',(0.E0,-1.E0,0.E0));
#1455=VECTOR('',#1454,1.1E0);
#1456=CARTESIAN_POINT('',(3.525E0,6.5E-1,-4.9E0));
#1457=LINE('',#1456,#1455);
#1458=DIRECTION('',(-1.E0,0.E0,0.E0));
#1459=VECTOR('',#1458,2.75E-1);
#1460=CARTESIAN_POINT('',(-3.275E0,-1.1E0,-4.9E0));
#1461=LINE('',#1460,#1459);
#1462=DIRECTION('',(0.E0,0.E0,-1.E0));
#1463=VECTOR('',#1462,4.2E-1);
#1464=CARTESIAN_POINT('',(-3.55E0,-1.1E0,-4.9E0));
#1465=LINE('',#1464,#1463);
#1466=DIRECTION('',(1.E0,0.E0,0.E0));
#1467=VECTOR('',#1466,2.75E-1);
#1468=CARTESIAN_POINT('',(-3.55E0,-1.1E0,-5.32E0));
#1469=LINE('',#1468,#1467);
#1470=DIRECTION('',(0.E0,0.E0,1.E0));
#1471=VECTOR('',#1470,4.2E-1);
#1472=CARTESIAN_POINT('',(-3.275E0,-1.1E0,-5.32E0));
#1473=LINE('',#1472,#1471);
#1474=DIRECTION('',(0.E0,0.E0,-1.E0));
#1475=VECTOR('',#1474,4.2E-1);
#1476=CARTESIAN_POINT('',(3.275E0,-1.1E0,-4.9E0));
#1477=LINE('',#1476,#1475);
#1478=DIRECTION('',(1.E0,0.E0,0.E0));
#1479=VECTOR('',#1478,2.75E-1);
#1480=CARTESIAN_POINT('',(3.275E0,-1.1E0,-5.32E0));
#1481=LINE('',#1480,#1479);
#1482=DIRECTION('',(0.E0,0.E0,1.E0));
#1483=VECTOR('',#1482,4.2E-1);
#1484=CARTESIAN_POINT('',(3.55E0,-1.1E0,-5.32E0));
#1485=LINE('',#1484,#1483);
#1486=DIRECTION('',(-1.E0,0.E0,0.E0));
#1487=VECTOR('',#1486,2.75E-1);
#1488=CARTESIAN_POINT('',(3.55E0,-1.1E0,-4.9E0));
#1489=LINE('',#1488,#1487);
#1490=DIRECTION('',(0.E0,0.E0,-1.E0));
#1491=VECTOR('',#1490,4.2E-1);
#1492=CARTESIAN_POINT('',(-3.55E0,-7.E-1,-4.9E0));
#1493=LINE('',#1492,#1491);
#1494=DIRECTION('',(0.E0,1.E0,0.E0));
#1495=VECTOR('',#1494,4.E-1);
#1496=CARTESIAN_POINT('',(-3.55E0,-1.1E0,-4.9E0));
#1497=LINE('',#1496,#1495);
#1498=DIRECTION('',(-5.773502691896E-1,5.773502691896E-1,-5.773502691896E-1));
#1499=VECTOR('',#1498,1.732050807569E-1);
#1500=CARTESIAN_POINT('',(-3.55E0,-7.E-1,-5.32E0));
#1501=LINE('',#1500,#1499);
#1502=DIRECTION('',(-7.071067811865E-1,7.071067811865E-1,0.E0));
#1503=VECTOR('',#1502,1.414213562373E-1);
#1504=CARTESIAN_POINT('',(-3.55E0,-7.E-1,-4.9E0));
#1505=LINE('',#1504,#1503);
#1506=DIRECTION('',(1.E0,0.E0,0.E0));
#1507=VECTOR('',#1506,1.055E0);
#1508=CARTESIAN_POINT('',(-3.95E0,-6.E-1,-5.8E0));
#1509=LINE('',#1508,#1507);
#1510=DIRECTION('',(1.E0,0.E0,0.E0));
#1511=VECTOR('',#1510,3.75E-1);
#1512=CARTESIAN_POINT('',(-3.65E0,-6.E-1,-5.42E0));
#1513=LINE('',#1512,#1511);
#1514=DIRECTION('',(0.E0,0.E0,-1.E0));
#1515=VECTOR('',#1514,5.2E-1);
#1516=CARTESIAN_POINT('',(-3.65E0,-6.E-1,-4.9E0));
#1517=LINE('',#1516,#1515);
#1518=DIRECTION('',(0.E0,1.E0,0.E0));
#1519=VECTOR('',#1518,2.E0);
#1520=CARTESIAN_POINT('',(-3.275E0,-4.5E-1,-5.42E0));
#1521=LINE('',#1520,#1519);
#1522=DIRECTION('',(7.071067811865E-1,0.E0,-7.071067811865E-1));
#1523=VECTOR('',#1522,5.374011537018E-1);
#1524=CARTESIAN_POINT('',(-3.275E0,-6.E-1,-5.42E0));
#1525=LINE('',#1524,#1523);
#1526=DIRECTION('',(0.E0,0.E0,-1.E0));
#1527=VECTOR('',#1526,2.E-1);
#1528=CARTESIAN_POINT('',(-3.275E0,1.4E0,-4.2E0));
#1529=LINE('',#1528,#1527);
#1530=DIRECTION('',(0.E0,-1.E0,0.E0));
#1531=VECTOR('',#1530,2.E0);
#1532=CARTESIAN_POINT('',(-3.275E0,1.55E0,-5.55E0));
#1533=LINE('',#1532,#1531);
#1534=CARTESIAN_POINT('',(-3.825E0,1.25E0,-5.9E0));
#1535=DIRECTION('',(0.E0,0.E0,-1.E0));
#1536=DIRECTION('',(-1.E0,0.E0,0.E0));
#1537=AXIS2_PLACEMENT_3D('',#1534,#1535,#1536);
#1539=CARTESIAN_POINT('',(-3.825E0,-1.5E-1,-5.9E0));
#1540=DIRECTION('',(0.E0,0.E0,-1.E0));
#1541=DIRECTION('',(0.E0,-1.E0,0.E0));
#1542=AXIS2_PLACEMENT_3D('',#1539,#1540,#1541);
#1544=DIRECTION('',(0.E0,-1.E0,0.E0));
#1545=VECTOR('',#1544,2.E0);
#1546=CARTESIAN_POINT('',(-3.625E0,1.55E0,-5.9E0));
#1547=LINE('',#1546,#1545);
#1548=CARTESIAN_POINT('',(-3.825E0,1.25E0,-5.65E0));
#1549=DIRECTION('',(0.E0,0.E0,1.E0));
#1550=DIRECTION('',(0.E0,1.E0,0.E0));
#1551=AXIS2_PLACEMENT_3D('',#1548,#1549,#1550);
#1553=CARTESIAN_POINT('',(-3.825E0,-1.5E-1,-5.65E0));
#1554=DIRECTION('',(0.E0,0.E0,1.E0));
#1555=DIRECTION('',(-1.E0,0.E0,0.E0));
#1556=AXIS2_PLACEMENT_3D('',#1553,#1554,#1555);
#1558=DIRECTION('',(0.E0,-1.E0,0.E0));
#1559=VECTOR('',#1558,1.4E0);
#1560=CARTESIAN_POINT('',(-4.125E0,1.25E0,-5.65E0));
#1561=LINE('',#1560,#1559);
#1562=DIRECTION('',(0.E0,-1.E0,0.E0));
#1563=VECTOR('',#1562,2.E0);
#1564=CARTESIAN_POINT('',(-3.625E0,1.55E0,-5.65E0));
#1565=LINE('',#1564,#1563);
#1566=DIRECTION('',(0.E0,0.E0,1.E0));
#1567=VECTOR('',#1566,2.5E-1);
#1568=CARTESIAN_POINT('',(-4.125E0,1.25E0,-5.9E0));
#1569=LINE('',#1568,#1567);
#1570=DIRECTION('',(0.E0,0.E0,-1.E0));
#1571=VECTOR('',#1570,2.5E-1);
#1572=CARTESIAN_POINT('',(-4.125E0,-1.5E-1,-5.65E0));
#1573=LINE('',#1572,#1571);
#1574=DIRECTION('',(0.E0,-1.E0,0.E0));
#1575=VECTOR('',#1574,1.4E0);
#1576=CARTESIAN_POINT('',(-4.125E0,1.25E0,-5.9E0));
#1577=LINE('',#1576,#1575);
#1578=DIRECTION('',(0.E0,0.E0,-1.E0));
#1579=VECTOR('',#1578,2.E-1);
#1580=CARTESIAN_POINT('',(-3.175E0,1.4E0,-4.2E0));
#1581=LINE('',#1580,#1579);
#1582=DIRECTION('',(0.E0,-1.E0,0.E0));
#1583=VECTOR('',#1582,1.E0);
#1584=CARTESIAN_POINT('',(-3.175E0,2.4E0,-4.2E0));
#1585=LINE('',#1584,#1583);
#1586=DIRECTION('',(-7.071067811865E-1,0.E0,7.071067811865E-1));
#1587=VECTOR('',#1586,3.959797974645E-1);
#1588=CARTESIAN_POINT('',(-2.895E0,2.4E0,-5.8E0));
#1589=LINE('',#1588,#1587);
#1590=DIRECTION('',(-7.071067811865E-1,0.E0,-7.071067811865E-1));
#1591=VECTOR('',#1590,3.959797974645E-1);
#1592=CARTESIAN_POINT('',(3.175E0,2.4E0,-5.52E0));
#1593=LINE('',#1592,#1591);
#1594=DIRECTION('',(0.E0,0.E0,-1.E0));
#1595=VECTOR('',#1594,1.12E0);
#1596=CARTESIAN_POINT('',(3.175E0,2.4E0,-4.4E0));
#1597=LINE('',#1596,#1595);
#1598=DIRECTION('',(0.E0,0.E0,1.E0));
#1599=VECTOR('',#1598,2.E-1);
#1600=CARTESIAN_POINT('',(3.175E0,2.4E0,-4.4E0));
#1601=LINE('',#1600,#1599);
#1602=DIRECTION('',(0.E0,0.E0,-1.E0));
#1603=VECTOR('',#1602,4.5E-1);
#1604=CARTESIAN_POINT('',(3.175E0,2.4E0,-3.75E0));
#1605=LINE('',#1604,#1603);
#1606=DIRECTION('',(-1.E0,0.E0,0.E0));
#1607=VECTOR('',#1606,7.75E-1);
#1608=CARTESIAN_POINT('',(3.95E0,2.4E0,-3.75E0));
#1609=LINE('',#1608,#1607);
#1610=DIRECTION('',(0.E0,0.E0,-1.E0));
#1611=VECTOR('',#1610,3.75E0);
#1612=CARTESIAN_POINT('',(3.95E0,2.4E0,0.E0));
#1613=LINE('',#1612,#1611);
#1614=DIRECTION('',(-1.E0,0.E0,0.E0));
#1615=VECTOR('',#1614,7.75E-1);
#1616=CARTESIAN_POINT('',(-3.175E0,2.4E0,-3.75E0));
#1617=LINE('',#1616,#1615);
#1618=DIRECTION('',(0.E0,0.E0,1.E0));
#1619=VECTOR('',#1618,4.5E-1);
#1620=CARTESIAN_POINT('',(-3.175E0,2.4E0,-4.2E0));
#1621=LINE('',#1620,#1619);
#1622=DIRECTION('',(0.E0,0.E0,-1.E0));
#1623=VECTOR('',#1622,2.E-1);
#1624=CARTESIAN_POINT('',(-3.175E0,2.4E0,-4.2E0));
#1625=LINE('',#1624,#1623);
#1626=DIRECTION('',(0.E0,0.E0,1.E0));
#1627=VECTOR('',#1626,1.12E0);
#1628=CARTESIAN_POINT('',(-3.175E0,2.4E0,-5.52E0));
#1629=LINE('',#1628,#1627);
#1630=DIRECTION('',(-3.015113445778E-1,9.045340337333E-1,-3.015113445778E-1));
#1631=VECTOR('',#1630,3.316624790355E-1);
#1632=CARTESIAN_POINT('',(3.275E0,2.1E0,-5.42E0));
#1633=LINE('',#1632,#1631);
#1634=DIRECTION('',(0.E0,-1.E0,0.E0));
#1635=VECTOR('',#1634,9.E-1);
#1636=CARTESIAN_POINT('',(3.65E0,6.5E-1,-4.4E0));
#1637=LINE('',#1636,#1635);
#1638=DIRECTION('',(1.E0,0.E0,0.E0));
#1639=VECTOR('',#1638,1.25E-1);
#1640=CARTESIAN_POINT('',(3.525E0,-2.5E-1,-4.4E0));
#1641=LINE('',#1640,#1639);
#1642=DIRECTION('',(0.E0,1.E0,0.E0));
#1643=VECTOR('',#1642,9.E-1);
#1644=CARTESIAN_POINT('',(3.525E0,-2.5E-1,-4.4E0));
#1645=LINE('',#1644,#1643);
#1646=DIRECTION('',(-1.E0,0.E0,0.E0));
#1647=VECTOR('',#1646,1.25E-1);
#1648=CARTESIAN_POINT('',(3.65E0,6.5E-1,-4.4E0));
#1649=LINE('',#1648,#1647);
#1650=DIRECTION('',(1.E0,0.E0,0.E0));
#1651=VECTOR('',#1650,1.E-1);
#1652=CARTESIAN_POINT('',(3.175E0,1.4E0,-4.4E0));
#1653=LINE('',#1652,#1651);
#1654=DIRECTION('',(3.162277660168E-1,-9.486832980505E-1,0.E0));
#1655=VECTOR('',#1654,3.162277660168E-1);
#1656=CARTESIAN_POINT('',(3.175E0,2.4E0,-4.4E0));
#1657=LINE('',#1656,#1655);
#1658=DIRECTION('',(0.E0,-1.E0,0.E0));
#1659=VECTOR('',#1658,1.5E-1);
#1660=CARTESIAN_POINT('',(3.275E0,1.55E0,-4.4E0));
#1661=LINE('',#1660,#1659);
#1662=DIRECTION('',(0.E0,0.E0,-1.E0));
#1663=VECTOR('',#1662,2.E-1);
#1664=CARTESIAN_POINT('',(3.65E0,-2.5E-1,-4.2E0));
#1665=LINE('',#1664,#1663);
#1666=DIRECTION('',(0.E0,0.E0,1.E0));
#1667=VECTOR('',#1666,2.E-1);
#1668=CARTESIAN_POINT('',(3.65E0,6.5E-1,-4.4E0));
#1669=LINE('',#1668,#1667);
#1670=DIRECTION('',(0.E0,-1.E0,0.E0));
#1671=VECTOR('',#1670,9.E-1);
#1672=CARTESIAN_POINT('',(3.65E0,6.5E-1,-4.2E0));
#1673=LINE('',#1672,#1671);
#1674=DIRECTION('',(5.773502691896E-1,5.773502691896E-1,5.773502691896E-1));
#1675=VECTOR('',#1674,1.732050807569E-1);
#1676=CARTESIAN_POINT('',(3.65E0,6.5E-1,-4.2E0));
#1677=LINE('',#1676,#1675);
#1678=DIRECTION('',(0.E0,7.071067811865E-1,-7.071067811865E-1));
#1679=VECTOR('',#1678,1.414213562373E-1);
#1680=CARTESIAN_POINT('',(3.525E0,6.5E-1,-4.4E0));
#1681=LINE('',#1680,#1679);
#1682=DIRECTION('',(5.773502691896E-1,5.773502691896E-1,-5.773502691896E-1));
#1683=VECTOR('',#1682,1.732050807569E-1);
#1684=CARTESIAN_POINT('',(3.65E0,6.5E-1,-4.4E0));
#1685=LINE('',#1684,#1683);
#1686=DIRECTION('',(0.E0,0.E0,-1.E0));
#1687=VECTOR('',#1686,3.E-1);
#1688=CARTESIAN_POINT('',(3.525E0,7.5E-1,-4.5E0));
#1689=LINE('',#1688,#1687);
#1690=DIRECTION('',(1.E0,0.E0,0.E0));
#1691=VECTOR('',#1690,4.25E-1);
#1692=CARTESIAN_POINT('',(3.525E0,7.5E-1,-4.8E0));
#1693=LINE('',#1692,#1691);
#1694=DIRECTION('',(-1.E0,0.E0,0.E0));
#1695=VECTOR('',#1694,3.E-1);
#1696=CARTESIAN_POINT('',(3.95E0,7.5E-1,-3.85E0));
#1697=LINE('',#1696,#1695);
#1698=DIRECTION('',(0.E0,0.E0,1.E0));
#1699=VECTOR('',#1698,2.5E-1);
#1700=CARTESIAN_POINT('',(3.65E0,7.5E-1,-4.1E0));
#1701=LINE('',#1700,#1699);
#1702=DIRECTION('',(-1.E0,0.E0,0.E0));
#1703=VECTOR('',#1702,1.E-1);
#1704=CARTESIAN_POINT('',(3.75E0,7.5E-1,-4.1E0));
#1705=LINE('',#1704,#1703);
#1706=DIRECTION('',(0.E0,0.E0,1.E0));
#1707=VECTOR('',#1706,4.E-1);
#1708=CARTESIAN_POINT('',(3.75E0,7.5E-1,-4.5E0));
#1709=LINE('',#1708,#1707);
#1710=DIRECTION('',(-1.E0,0.E0,0.E0));
#1711=VECTOR('',#1710,2.25E-1);
#1712=CARTESIAN_POINT('',(3.75E0,7.5E-1,-4.5E0));
#1713=LINE('',#1712,#1711);
#1714=DIRECTION('',(0.E0,7.071067811866E-1,7.071067811865E-1));
#1715=VECTOR('',#1714,1.414213562373E-1);
#1716=CARTESIAN_POINT('',(3.525E0,6.5E-1,-4.9E0));
#1717=LINE('',#1716,#1715);
#1718=DIRECTION('',(-7.071067811865E-1,-7.071067811866E-1,0.E0));
#1719=VECTOR('',#1718,1.414213562373E-1);
#1720=CARTESIAN_POINT('',(3.65E0,7.5E-1,-3.85E0));
#1721=LINE('',#1720,#1719);
#1722=DIRECTION('',(0.E0,0.E0,1.E0));
#1723=VECTOR('',#1722,3.5E-1);
#1724=CARTESIAN_POINT('',(3.55E0,-2.5E-1,-4.2E0));
#1725=LINE('',#1724,#1723);
#1726=DIRECTION('',(0.E0,-1.E0,0.E0));
#1727=VECTOR('',#1726,9.E-1);
#1728=CARTESIAN_POINT('',(3.55E0,6.5E-1,-4.2E0));
#1729=LINE('',#1728,#1727);
#1730=DIRECTION('',(0.E0,0.E0,1.E0));
#1731=VECTOR('',#1730,3.5E-1);
#1732=CARTESIAN_POINT('',(3.55E0,6.5E-1,-4.2E0));
#1733=LINE('',#1732,#1731);
#1734=DIRECTION('',(1.E0,0.E0,0.E0));
#1735=VECTOR('',#1734,1.E-1);
#1736=CARTESIAN_POINT('',(3.55E0,-2.5E-1,-4.2E0));
#1737=LINE('',#1736,#1735);
#1738=DIRECTION('',(-1.E0,0.E0,0.E0));
#1739=VECTOR('',#1738,1.E-1);
#1740=CARTESIAN_POINT('',(3.65E0,6.5E-1,-4.2E0));
#1741=LINE('',#1740,#1739);
#1742=DIRECTION('',(5.773502691896E-1,5.773502691896E-1,5.773502691896E-1));
#1743=VECTOR('',#1742,1.732050807569E-1);
#1744=CARTESIAN_POINT('',(3.55E0,6.5E-1,-4.2E0));
#1745=LINE('',#1744,#1743);
#1746=DIRECTION('',(0.E0,0.E0,1.E0));
#1747=VECTOR('',#1746,2.E-1);
#1748=CARTESIAN_POINT('',(3.175E0,1.4E0,-4.4E0));
#1749=LINE('',#1748,#1747);
#1750=DIRECTION('',(0.E0,-1.E0,0.E0));
#1751=VECTOR('',#1750,1.E0);
#1752=CARTESIAN_POINT('',(3.175E0,2.4E0,-4.4E0));
#1753=LINE('',#1752,#1751);
#1754=DIRECTION('',(1.E0,0.E0,0.E0));
#1755=VECTOR('',#1754,1.E-1);
#1756=CARTESIAN_POINT('',(3.175E0,1.4E0,-4.2E0));
#1757=LINE('',#1756,#1755);
#1758=DIRECTION('',(0.E0,1.E0,0.E0));
#1759=VECTOR('',#1758,1.5E-1);
#1760=CARTESIAN_POINT('',(3.275E0,1.4E0,-4.2E0));
#1761=LINE('',#1760,#1759);
#1762=DIRECTION('',(-3.162277660168E-1,9.486832980505E-1,0.E0));
#1763=VECTOR('',#1762,3.162277660168E-1);
#1764=CARTESIAN_POINT('',(3.275E0,2.1E0,-4.2E0));
#1765=LINE('',#1764,#1763);
#1766=DIRECTION('',(0.E0,-1.E0,0.E0));
#1767=VECTOR('',#1766,1.E0);
#1768=CARTESIAN_POINT('',(3.175E0,2.4E0,-4.2E0));
#1769=LINE('',#1768,#1767);
#1770=DIRECTION('',(3.015113445778E-1,9.045340337333E-1,3.015113445778E-1));
#1771=VECTOR('',#1770,3.316624790355E-1);
#1772=CARTESIAN_POINT('',(-3.275E0,2.1E0,-3.85E0));
#1773=LINE('',#1772,#1771);
#1774=DIRECTION('',(1.E0,0.E0,0.E0));
#1775=VECTOR('',#1774,1.E-1);
#1776=CARTESIAN_POINT('',(-3.275E0,1.4E0,-4.2E0));
#1777=LINE('',#1776,#1775);
#1778=DIRECTION('',(3.162277660168E-1,9.486832980505E-1,0.E0));
#1779=VECTOR('',#1778,3.162277660168E-1);
#1780=CARTESIAN_POINT('',(-3.275E0,2.1E0,-4.2E0));
#1781=LINE('',#1780,#1779);
#1782=DIRECTION('',(0.E0,1.E0,0.E0));
#1783=VECTOR('',#1782,1.5E-1);
#1784=CARTESIAN_POINT('',(-3.275E0,1.4E0,-4.2E0));
#1785=LINE('',#1784,#1783);
#1786=DIRECTION('',(-3.015113445778E-1,-9.045340337333E-1,3.015113445778E-1));
#1787=VECTOR('',#1786,3.316624790355E-1);
#1788=CARTESIAN_POINT('',(-3.175E0,2.4E0,-5.52E0));
#1789=LINE('',#1788,#1787);
#1790=DIRECTION('',(0.E0,-7.071067811865E-1,7.071067811865E-1));
#1791=VECTOR('',#1790,1.414213562373E-1);
#1792=CARTESIAN_POINT('',(-3.275E0,-6.E-1,-5.42E0));
#1793=LINE('',#1792,#1791);
#1794=DIRECTION('',(1.E0,0.E0,0.E0));
#1795=VECTOR('',#1794,2.75E-1);
#1796=CARTESIAN_POINT('',(-3.55E0,-7.E-1,-5.32E0));
#1797=LINE('',#1796,#1795);
#1798=DIRECTION('',(0.E0,1.E0,0.E0));
#1799=VECTOR('',#1798,4.E-1);
#1800=CARTESIAN_POINT('',(-3.55E0,-1.1E0,-5.32E0));
#1801=LINE('',#1800,#1799);
#1802=DIRECTION('',(1.E0,0.E0,0.E0));
#1803=VECTOR('',#1802,2.75E-1);
#1804=CARTESIAN_POINT('',(3.275E0,-7.E-1,-5.32E0));
#1805=LINE('',#1804,#1803);
#1806=DIRECTION('',(0.E0,1.E0,0.E0));
#1807=VECTOR('',#1806,4.E-1);
#1808=CARTESIAN_POINT('',(3.275E0,-1.1E0,-5.32E0));
#1809=LINE('',#1808,#1807);
#1810=DIRECTION('',(5.773502691896E-1,5.773502691896E-1,-5.773502691896E-1));
#1811=VECTOR('',#1810,1.732050807569E-1);
#1812=CARTESIAN_POINT('',(3.55E0,-7.E-1,-5.32E0));
#1813=LINE('',#1812,#1811);
#1814=DIRECTION('',(0.E0,7.071067811865E-1,-7.071067811865E-1));
#1815=VECTOR('',#1814,1.414213562373E-1);
#1816=CARTESIAN_POINT('',(3.275E0,-7.E-1,-5.32E0));
#1817=LINE('',#1816,#1815);
#1818=DIRECTION('',(1.E0,0.E0,0.E0));
#1819=VECTOR('',#1818,3.75E-1);
#1820=CARTESIAN_POINT('',(3.275E0,-6.E-1,-5.42E0));
#1821=LINE('',#1820,#1819);
#1822=DIRECTION('',(1.E0,0.E0,0.E0));
#1823=VECTOR('',#1822,1.055E0);
#1824=CARTESIAN_POINT('',(2.895E0,-6.E-1,-5.8E0));
#1825=LINE('',#1824,#1823);
#1826=DIRECTION('',(-1.E0,0.E0,0.E0));
#1827=VECTOR('',#1826,3.E-1);
#1828=CARTESIAN_POINT('',(3.95E0,-6.E-1,-4.9E0));
#1829=LINE('',#1828,#1827);
#1830=DIRECTION('',(0.E0,0.E0,1.E0));
#1831=VECTOR('',#1830,5.2E-1);
#1832=CARTESIAN_POINT('',(3.65E0,-6.E-1,-5.42E0));
#1833=LINE('',#1832,#1831);
#1834=DIRECTION('',(-7.071067811865E-1,-7.071067811866E-1,0.E0));
#1835=VECTOR('',#1834,1.414213562373E-1);
#1836=CARTESIAN_POINT('',(3.65E0,-6.E-1,-4.9E0));
#1837=LINE('',#1836,#1835);
#1838=DIRECTION('',(0.E0,0.E0,1.E0));
#1839=VECTOR('',#1838,4.2E-1);
#1840=CARTESIAN_POINT('',(3.55E0,-7.E-1,-5.32E0));
#1841=LINE('',#1840,#1839);
#1842=DIRECTION('',(0.E0,1.E0,0.E0));
#1843=VECTOR('',#1842,4.E-1);
#1844=CARTESIAN_POINT('',(3.55E0,-1.1E0,-5.32E0));
#1845=LINE('',#1844,#1843);
#1846=DIRECTION('',(3.015113445778E-1,3.015113445778E-1,9.045340337333E-1));
#1847=VECTOR('',#1846,3.316624790355E-1);
#1848=CARTESIAN_POINT('',(-3.275E0,-4.5E-1,-3.E-1));
#1849=LINE('',#1848,#1847);
#1850=DIRECTION('',(-3.162277660168E-1,0.E0,-9.486832980505E-1));
#1851=VECTOR('',#1850,3.162277660168E-1);
#1852=CARTESIAN_POINT('',(-3.175E0,-8.E-1,0.E0));
#1853=LINE('',#1852,#1851);
#1854=DIRECTION('',(0.E0,0.E0,-1.E0));
#1855=VECTOR('',#1854,2.65E0);
#1856=CARTESIAN_POINT('',(-3.175E0,-8.E-1,0.E0));
#1857=LINE('',#1856,#1855);
#1858=DIRECTION('',(0.E0,0.E0,-1.E0));
#1859=VECTOR('',#1858,2.65E0);
#1860=CARTESIAN_POINT('',(-3.175E0,-1.E0,0.E0));
#1861=LINE('',#1860,#1859);
#1862=DIRECTION('',(3.162277660168E-1,0.E0,9.486832980505E-1));
#1863=VECTOR('',#1862,3.162277660168E-1);
#1864=CARTESIAN_POINT('',(-3.275E0,-1.E0,-3.E-1));
#1865=LINE('',#1864,#1863);
#1866=DIRECTION('',(1.E0,0.E0,0.E0));
#1867=VECTOR('',#1866,3.75E-1);
#1868=CARTESIAN_POINT('',(-3.65E0,-1.E0,-9.E-1));
#1869=LINE('',#1868,#1867);
#1870=DIRECTION('',(0.E0,0.E0,-1.E0));
#1871=VECTOR('',#1870,1.75E0);
#1872=CARTESIAN_POINT('',(-3.65E0,-1.E0,-9.E-1));
#1873=LINE('',#1872,#1871);
#1874=DIRECTION('',(-5.773502691896E-1,-5.773502691896E-1,5.773502691896E-1));
#1875=VECTOR('',#1874,1.732050807569E-1);
#1876=CARTESIAN_POINT('',(-3.65E0,-1.E0,-9.E-1));
#1877=LINE('',#1876,#1875);
#1878=DIRECTION('',(0.E0,-7.071067811865E-1,7.071067811865E-1));
#1879=VECTOR('',#1878,1.414213562373E-1);
#1880=CARTESIAN_POINT('',(-3.275E0,-1.E0,-9.E-1));
#1881=LINE('',#1880,#1879);
#1882=DIRECTION('',(0.E0,1.E0,0.E0));
#1883=VECTOR('',#1882,4.E-1);
#1884=CARTESIAN_POINT('',(-3.75E0,-1.1E0,-8.E-1));
#1885=LINE('',#1884,#1883);
#1886=DIRECTION('',(1.E0,0.E0,0.E0));
#1887=VECTOR('',#1886,4.75E-1);
#1888=CARTESIAN_POINT('',(-3.75E0,-1.1E0,-8.E-1));
#1889=LINE('',#1888,#1887);
#1890=DIRECTION('',(-1.E0,0.E0,0.E0));
#1891=VECTOR('',#1890,6.75E-1);
#1892=CARTESIAN_POINT('',(-3.275E0,-1.4E0,-8.E-1));
#1893=LINE('',#1892,#1891);
#1894=DIRECTION('',(1.E0,0.E0,0.E0));
#1895=VECTOR('',#1894,3.E-1);
#1896=CARTESIAN_POINT('',(-3.95E0,-4.5E-1,-8.E-1));
#1897=LINE('',#1896,#1895);
#1898=DIRECTION('',(0.E0,1.E0,0.E0));
#1899=VECTOR('',#1898,2.5E-1);
#1900=CARTESIAN_POINT('',(-3.65E0,-7.E-1,-8.E-1));
#1901=LINE('',#1900,#1899);
#1902=DIRECTION('',(1.E0,0.E0,0.E0));
#1903=VECTOR('',#1902,1.E-1);
#1904=CARTESIAN_POINT('',(-3.75E0,-7.E-1,-8.E-1));
#1905=LINE('',#1904,#1903);
#1906=DIRECTION('',(-5.773502691896E-1,5.773502691896E-1,5.773502691896E-1));
#1907=VECTOR('',#1906,1.732050807569E-1);
#1908=CARTESIAN_POINT('',(-3.65E0,-8.E-1,-9.E-1));
#1909=LINE('',#1908,#1907);
#1910=DIRECTION('',(0.E0,1.E0,0.E0));
#1911=VECTOR('',#1910,2.E-1);
#1912=CARTESIAN_POINT('',(-3.65E0,-1.E0,-9.E-1));
#1913=LINE('',#1912,#1911);
#1914=DIRECTION('',(0.E0,0.E0,-1.E0));
#1915=VECTOR('',#1914,1.75E0);
#1916=CARTESIAN_POINT('',(-3.65E0,-8.E-1,-9.E-1));
#1917=LINE('',#1916,#1915);
#1918=DIRECTION('',(1.E0,0.E0,0.E0));
#1919=VECTOR('',#1918,1.E-1);
#1920=CARTESIAN_POINT('',(-3.65E0,-8.E-1,-9.E-1));
#1921=LINE('',#1920,#1919);
#1922=DIRECTION('',(-5.773502691896E-1,5.773502691896E-1,5.773502691896E-1));
#1923=VECTOR('',#1922,1.732050807569E-1);
#1924=CARTESIAN_POINT('',(-3.55E0,-8.E-1,-9.E-1));
#1925=LINE('',#1924,#1923);
#1926=DIRECTION('',(7.071067811865E-1,0.E0,-7.071067811866E-1));
#1927=VECTOR('',#1926,1.414213562373E-1);
#1928=CARTESIAN_POINT('',(-3.65E0,-4.5E-1,-8.E-1));
#1929=LINE('',#1928,#1927);
#1930=DIRECTION('',(0.E0,0.E0,1.E0));
#1931=VECTOR('',#1930,1.75E0);
#1932=CARTESIAN_POINT('',(-3.55E0,-8.E-1,-2.65E0));
#1933=LINE('',#1932,#1931);
#1934=DIRECTION('',(0.E0,1.E0,0.E0));
#1935=VECTOR('',#1934,3.5E-1);
#1936=CARTESIAN_POINT('',(-3.55E0,-8.E-1,-9.E-1));
#1937=LINE('',#1936,#1935);
#1938=DIRECTION('',(0.E0,0.E0,-1.E0));
#1939=VECTOR('',#1938,1.75E0);
#1940=CARTESIAN_POINT('',(-3.55E0,-4.5E-1,-9.E-1));
#1941=LINE('',#1940,#1939);
#1942=DIRECTION('',(1.E0,0.E0,0.E0));
#1943=VECTOR('',#1942,6.75E-1);
#1944=CARTESIAN_POINT('',(-3.95E0,-4.5E-1,-3.E-1));
#1945=LINE('',#1944,#1943);
#1946=DIRECTION('',(0.E0,0.E0,-1.E0));
#1947=VECTOR('',#1946,2.35E0);
#1948=CARTESIAN_POINT('',(-3.275E0,-4.5E-1,-3.E-1));
#1949=LINE('',#1948,#1947);
#1950=DIRECTION('',(0.E0,-7.071067811865E-1,-7.071067811865E-1));
#1951=VECTOR('',#1950,1.414213562373E-1);
#1952=CARTESIAN_POINT('',(-3.275E0,-1.4E0,-8.E-1));
#1953=LINE('',#1952,#1951);
#1954=DIRECTION('',(-1.E0,0.E0,0.E0));
#1955=VECTOR('',#1954,6.75E-1);
#1956=CARTESIAN_POINT('',(-3.275E0,-1.5E0,-9.E-1));
#1957=LINE('',#1956,#1955);
#1958=DIRECTION('',(0.E0,1.E0,0.E0));
#1959=VECTOR('',#1958,4.2E-1);
#1960=CARTESIAN_POINT('',(-3.55E0,-1.92E0,-2.25E0));
#1961=LINE('',#1960,#1959);
#1962=DIRECTION('',(0.E0,0.E0,-1.E0));
#1963=VECTOR('',#1962,4.E-1);
#1964=CARTESIAN_POINT('',(-3.55E0,-1.5E0,-2.25E0));
#1965=LINE('',#1964,#1963);
#1966=DIRECTION('',(7.071067811865E-1,0.E0,-7.071067811866E-1));
#1967=VECTOR('',#1966,1.414213562373E-1);
#1968=CARTESIAN_POINT('',(-3.65E0,-1.5E0,-2.15E0));
#1969=LINE('',#1968,#1967);
#1970=DIRECTION('',(-5.773502691896E-1,-5.773502691896E-1,5.773502691896E-1));
#1971=VECTOR('',#1970,1.732050807569E-1);
#1972=CARTESIAN_POINT('',(-3.55E0,-1.92E0,-2.25E0));
#1973=LINE('',#1972,#1971);
#1974=DIRECTION('',(0.E0,-7.071067811865E-1,7.071067811865E-1));
#1975=VECTOR('',#1974,1.414213562373E-1);
#1976=CARTESIAN_POINT('',(-3.275E0,-1.92E0,-2.25E0));
#1977=LINE('',#1976,#1975);
#1978=DIRECTION('',(-1.E0,0.E0,0.E0));
#1979=VECTOR('',#1978,2.75E-1);
#1980=CARTESIAN_POINT('',(-3.275E0,-1.92E0,-2.25E0));
#1981=LINE('',#1980,#1979);
#1982=DIRECTION('',(0.E0,0.E0,-1.E0));
#1983=VECTOR('',#1982,4.E-1);
#1984=CARTESIAN_POINT('',(-3.55E0,-1.92E0,-2.25E0));
#1985=LINE('',#1984,#1983);
#1986=DIRECTION('',(1.E0,0.E0,0.E0));
#1987=VECTOR('',#1986,6.75E-1);
#1988=CARTESIAN_POINT('',(3.275E0,-4.5E-1,-3.E-1));
#1989=LINE('',#1988,#1987);
#1990=DIRECTION('',(-1.E0,0.E0,0.E0));
#1991=VECTOR('',#1990,3.E-1);
#1992=CARTESIAN_POINT('',(3.95E0,-4.5E-1,-8.E-1));
#1993=LINE('',#1992,#1991);
#1994=DIRECTION('',(0.E0,0.E0,-1.E0));
#1995=VECTOR('',#1994,1.75E0);
#1996=CARTESIAN_POINT('',(3.55E0,-4.5E-1,-9.E-1));
#1997=LINE('',#1996,#1995);
#1998=DIRECTION('',(0.E0,0.E0,-1.E0));
#1999=VECTOR('',#1998,2.35E0);
#2000=CARTESIAN_POINT('',(3.275E0,-4.5E-1,-3.E-1));
#2001=LINE('',#2000,#1999);
#2002=DIRECTION('',(0.E0,-1.E0,0.E0));
#2003=VECTOR('',#2002,2.5E-1);
#2004=CARTESIAN_POINT('',(3.65E0,-4.5E-1,-8.E-1));
#2005=LINE('',#2004,#2003);
#2006=DIRECTION('',(1.E0,0.E0,0.E0));
#2007=VECTOR('',#2006,6.75E-1);
#2008=CARTESIAN_POINT('',(3.275E0,-1.4E0,-8.E-1));
#2009=LINE('',#2008,#2007);
#2010=DIRECTION('',(1.E0,0.E0,0.E0));
#2011=VECTOR('',#2010,4.75E-1);
#2012=CARTESIAN_POINT('',(3.275E0,-1.1E0,-8.E-1));
#2013=LINE('',#2012,#2011);
#2014=DIRECTION('',(0.E0,-1.E0,0.E0));
#2015=VECTOR('',#2014,4.E-1);
#2016=CARTESIAN_POINT('',(3.75E0,-7.E-1,-8.E-1));
#2017=LINE('',#2016,#2015);
#2018=DIRECTION('',(1.E0,0.E0,0.E0));
#2019=VECTOR('',#2018,1.E-1);
#2020=CARTESIAN_POINT('',(3.65E0,-7.E-1,-8.E-1));
#2021=LINE('',#2020,#2019);
#2022=DIRECTION('',(5.773502691896E-1,5.773502691896E-1,5.773502691896E-1));
#2023=VECTOR('',#2022,1.732050807569E-1);
#2024=CARTESIAN_POINT('',(3.55E0,-8.E-1,-9.E-1));
#2025=LINE('',#2024,#2023);
#2026=DIRECTION('',(7.071067811865E-1,0.E0,7.071067811866E-1));
#2027=VECTOR('',#2026,1.414213562373E-1);
#2028=CARTESIAN_POINT('',(3.55E0,-4.5E-1,-9.E-1));
#2029=LINE('',#2028,#2027);
#2030=DIRECTION('',(5.773502691896E-1,5.773502691896E-1,5.773502691896E-1));
#2031=VECTOR('',#2030,1.732050807569E-1);
#2032=CARTESIAN_POINT('',(3.65E0,-8.E-1,-9.E-1));
#2033=LINE('',#2032,#2031);
#2034=DIRECTION('',(1.E0,0.E0,0.E0));
#2035=VECTOR('',#2034,1.E-1);
#2036=CARTESIAN_POINT('',(3.55E0,-8.E-1,-9.E-1));
#2037=LINE('',#2036,#2035);
#2038=DIRECTION('',(0.E0,0.E0,-1.E0));
#2039=VECTOR('',#2038,1.75E0);
#2040=CARTESIAN_POINT('',(3.65E0,-8.E-1,-9.E-1));
#2041=LINE('',#2040,#2039);
#2042=DIRECTION('',(0.E0,-1.E0,0.E0));
#2043=VECTOR('',#2042,3.5E-1);
#2044=CARTESIAN_POINT('',(3.55E0,-4.5E-1,-9.E-1));
#2045=LINE('',#2044,#2043);
#2046=DIRECTION('',(0.E0,0.E0,1.E0));
#2047=VECTOR('',#2046,1.75E0);
#2048=CARTESIAN_POINT('',(3.55E0,-8.E-1,-2.65E0));
#2049=LINE('',#2048,#2047);
#2050=DIRECTION('',(0.E0,-1.E0,0.E0));
#2051=VECTOR('',#2050,2.E-1);
#2052=CARTESIAN_POINT('',(3.65E0,-8.E-1,-9.E-1));
#2053=LINE('',#2052,#2051);
#2054=DIRECTION('',(0.E0,0.E0,-1.E0));
#2055=VECTOR('',#2054,1.75E0);
#2056=CARTESIAN_POINT('',(3.65E0,-1.E0,-9.E-1));
#2057=LINE('',#2056,#2055);
#2058=DIRECTION('',(5.773502691896E-1,-5.773502691896E-1,5.773502691896E-1));
#2059=VECTOR('',#2058,1.732050807569E-1);
#2060=CARTESIAN_POINT('',(3.65E0,-1.E0,-9.E-1));
#2061=LINE('',#2060,#2059);
#2062=DIRECTION('',(0.E0,7.071067811865E-1,-7.071067811865E-1));
#2063=VECTOR('',#2062,1.414213562373E-1);
#2064=CARTESIAN_POINT('',(3.275E0,-1.1E0,-8.E-1));
#2065=LINE('',#2064,#2063);
#2066=DIRECTION('',(3.162277660168E-1,0.E0,-9.486832980505E-1));
#2067=VECTOR('',#2066,3.162277660168E-1);
#2068=CARTESIAN_POINT('',(3.175E0,-1.E0,0.E0));
#2069=LINE('',#2068,#2067);
#2070=DIRECTION('',(0.E0,0.E0,-1.E0));
#2071=VECTOR('',#2070,2.65E0);
#2072=CARTESIAN_POINT('',(3.175E0,-1.E0,0.E0));
#2073=LINE('',#2072,#2071);
#2074=DIRECTION('',(1.E0,0.E0,0.E0));
#2075=VECTOR('',#2074,4.75E-1);
#2076=CARTESIAN_POINT('',(3.175E0,-1.E0,-2.65E0));
#2077=LINE('',#2076,#2075);
#2078=DIRECTION('',(1.E0,0.E0,0.E0));
#2079=VECTOR('',#2078,3.75E-1);
#2080=CARTESIAN_POINT('',(3.275E0,-1.E0,-9.E-1));
#2081=LINE('',#2080,#2079);
#2082=DIRECTION('',(-3.015113445778E-1,-3.015113445778E-1,9.045340337333E-1));
#2083=VECTOR('',#2082,3.316624790355E-1);
#2084=CARTESIAN_POINT('',(3.275E0,-2.15E0,-3.E-1));
#2085=LINE('',#2084,#2083);
#2086=DIRECTION('',(-7.071067811865E-1,-7.071067811865E-1,0.E0));
#2087=VECTOR('',#2086,3.535533905933E-1);
#2088=CARTESIAN_POINT('',(3.275E0,-2.15E0,-2.15E0));
#2089=LINE('',#2088,#2087);
#2090=DIRECTION('',(0.E0,0.E0,-1.E0));
#2091=VECTOR('',#2090,2.65E0);
#2092=CARTESIAN_POINT('',(3.175E0,-8.E-1,0.E0));
#2093=LINE('',#2092,#2091);
#2094=DIRECTION('',(0.E0,7.071067811865E-1,7.071067811865E-1));
#2095=VECTOR('',#2094,1.414213562373E-1);
#2096=CARTESIAN_POINT('',(3.275E0,-1.5E0,-9.E-1));
#2097=LINE('',#2096,#2095);
#2098=DIRECTION('',(1.E0,0.E0,0.E0));
#2099=VECTOR('',#2098,1.37E0);
#2100=CARTESIAN_POINT('',(-6.85E-1,1.825E0,-8.330415196484E-1));
#2101=LINE('',#2100,#2099);
#2102=DIRECTION('',(0.E0,0.E0,-1.E0));
#2103=VECTOR('',#2102,4.4E0);
#2104=CARTESIAN_POINT('',(1.76E0,1.825E0,0.E0));
#2105=LINE('',#2104,#2103);
#2106=CARTESIAN_POINT('',(-6.85E-1,1.725E0,-8.330415196484E-1));
#2107=DIRECTION('',(1.E0,0.E0,0.E0));
#2108=DIRECTION('',(0.E0,1.E0,0.E0));
#2109=AXIS2_PLACEMENT_3D('',#2106,#2107,#2108);
#2111=CARTESIAN_POINT('',(6.85E-1,1.725E0,-8.330415196484E-1));
#2112=DIRECTION('',(-1.E0,0.E0,0.E0));
#2113=DIRECTION('',(0.E0,-8.634300732915E-2,9.962654691825E-1));
#2114=AXIS2_PLACEMENT_3D('',#2111,#2112,#2113);
#2116=DIRECTION('',(0.E0,9.962654691825E-1,8.634300732915E-2));
#2117=VECTOR('',#2116,1.920830392969E-1);
#2118=CARTESIAN_POINT('',(-6.85E-1,1.525E0,-7.5E-1));
#2119=LINE('',#2118,#2117);
#2120=DIRECTION('',(0.E0,0.E0,1.E0));
#2121=VECTOR('',#2120,8.330415196484E-1);
#2122=CARTESIAN_POINT('',(-6.85E-1,1.825E0,-8.330415196484E-1));
#2123=LINE('',#2122,#2121);
#2124=DIRECTION('',(0.E0,-1.E0,0.E0));
#2125=VECTOR('',#2124,3.E-1);
#2126=CARTESIAN_POINT('',(-6.85E-1,1.825E0,0.E0));
#2127=LINE('',#2126,#2125);
#2128=DIRECTION('',(0.E0,0.E0,-1.E0));
#2129=VECTOR('',#2128,7.5E-1);
#2130=CARTESIAN_POINT('',(-6.85E-1,1.525E0,0.E0));
#2131=LINE('',#2130,#2129);
#2132=DIRECTION('',(1.E0,0.E0,0.E0));
#2133=VECTOR('',#2132,1.37E0);
#2134=CARTESIAN_POINT('',(-6.85E-1,1.716365699267E0,-7.334149727302E-1));
#2135=LINE('',#2134,#2133);
#2136=DIRECTION('',(1.E0,0.E0,0.E0));
#2137=VECTOR('',#2136,1.37E0);
#2138=CARTESIAN_POINT('',(-6.85E-1,1.525E0,-7.5E-1));
#2139=LINE('',#2138,#2137);
#2140=DIRECTION('',(1.E0,0.E0,0.E0));
#2141=VECTOR('',#2140,1.37E0);
#2142=CARTESIAN_POINT('',(-6.85E-1,1.525E0,0.E0));
#2143=LINE('',#2142,#2141);
#2144=DIRECTION('',(0.E0,0.E0,-1.E0));
#2145=VECTOR('',#2144,8.330415196484E-1);
#2146=CARTESIAN_POINT('',(6.85E-1,1.825E0,0.E0));
#2147=LINE('',#2146,#2145);
#2148=DIRECTION('',(0.E0,9.962654691825E-1,8.634300732915E-2));
#2149=VECTOR('',#2148,1.920830392969E-1);
#2150=CARTESIAN_POINT('',(6.85E-1,1.525E0,-7.5E-1));
#2151=LINE('',#2150,#2149);
#2152=DIRECTION('',(0.E0,0.E0,-1.E0));
#2153=VECTOR('',#2152,7.5E-1);
#2154=CARTESIAN_POINT('',(6.85E-1,1.525E0,0.E0));
#2155=LINE('',#2154,#2153);
#2156=DIRECTION('',(0.E0,-1.E0,0.E0));
#2157=VECTOR('',#2156,3.E-1);
#2158=CARTESIAN_POINT('',(6.85E-1,1.825E0,0.E0));
#2159=LINE('',#2158,#2157);
#2160=DIRECTION('',(0.E0,0.E0,-1.E0));
#2161=VECTOR('',#2160,4.4E0);
#2162=CARTESIAN_POINT('',(-1.76E0,1.825E0,0.E0));
#2163=LINE('',#2162,#2161);
#2164=DIRECTION('',(0.E0,-1.E0,0.E0));
#2165=VECTOR('',#2164,8.E-1);
#2166=CARTESIAN_POINT('',(-2.135E0,1.3E0,-2.E-1));
#2167=LINE('',#2166,#2165);
#2168=DIRECTION('',(0.E0,0.E0,-1.E0));
#2169=VECTOR('',#2168,4.2E0);
#2170=CARTESIAN_POINT('',(-2.135E0,5.E-1,-2.E-1));
#2171=LINE('',#2170,#2169);
#2172=DIRECTION('',(1.E0,0.E0,0.E0));
#2173=VECTOR('',#2172,7.3E-1);
#2174=CARTESIAN_POINT('',(-2.865E0,1.3E0,-2.E-1));
#2175=LINE('',#2174,#2173);
#2176=DIRECTION('',(0.E0,0.E0,-1.E0));
#2177=VECTOR('',#2176,4.2E0);
#2178=CARTESIAN_POINT('',(-2.135E0,1.3E0,-2.E-1));
#2179=LINE('',#2178,#2177);
#2180=DIRECTION('',(0.E0,7.071067811865E-1,7.071067811865E-1));
#2181=VECTOR('',#2180,7.071067811865E-2);
#2182=CARTESIAN_POINT('',(-2.865E0,1.3E0,-2.E-1));
#2183=LINE('',#2182,#2181);
#2184=DIRECTION('',(1.E0,0.E0,0.E0));
#2185=VECTOR('',#2184,1.016602540378E0);
#2186=CARTESIAN_POINT('',(-2.951602540378E0,1.5E0,0.E0));
#2187=LINE('',#2186,#2185);
#2188=DIRECTION('',(5.773502691896E-1,5.773502691896E-1,5.773502691896E-1));
#2189=VECTOR('',#2188,3.464101615138E-1);
#2190=CARTESIAN_POINT('',(-2.135E0,1.3E0,-2.E-1));
#2191=LINE('',#2190,#2189);
#2192=DIRECTION('',(0.E0,-1.E0,0.E0));
#2193=VECTOR('',#2192,3.25E0);
#2194=CARTESIAN_POINT('',(-2.865E0,1.35E0,-1.5E-1));
#2195=LINE('',#2194,#2193);
#2196=DIRECTION('',(0.E0,0.E0,-1.E0));
#2197=VECTOR('',#2196,4.2E0);
#2198=CARTESIAN_POINT('',(-2.865E0,1.3E0,-2.E-1));
#2199=LINE('',#2198,#2197);
#2200=DIRECTION('',(3.779644730092E-1,-6.546536707080E-1,-6.546536707080E-1));
#2201=VECTOR('',#2200,2.291287847478E-1);
#2202=CARTESIAN_POINT('',(-2.951602540378E0,1.5E0,0.E0));
#2203=LINE('',#2202,#2201);
#2204=DIRECTION('',(-4.472135955E-1,-4.472135955E-1,7.745966692415E-1));
#2205=VECTOR('',#2204,1.936491673104E-1);
#2206=CARTESIAN_POINT('',(-2.865E0,-1.9E0,-1.5E-1));
#2207=LINE('',#2206,#2205);
#2208=DIRECTION('',(-1.E0,0.E0,0.E0));
#2209=VECTOR('',#2208,5.73E0);
#2210=CARTESIAN_POINT('',(2.865E0,-1.9E0,-1.5E-1));
#2211=LINE('',#2210,#2209);
#2212=DIRECTION('',(0.E0,0.E0,-1.E0));
#2213=VECTOR('',#2212,4.25E0);
#2214=CARTESIAN_POINT('',(-2.865E0,-1.9E0,-1.5E-1));
#2215=LINE('',#2214,#2213);
#2216=DIRECTION('',(0.E0,1.E0,0.E0));
#2217=VECTOR('',#2216,3.75E0);
#2218=CARTESIAN_POINT('',(2.865E0,-1.9E0,-1.5E-1));
#2219=LINE('',#2218,#2217);
#2220=DIRECTION('',(0.E0,0.E0,-1.E0));
#2221=VECTOR('',#2220,4.25E0);
#2222=CARTESIAN_POINT('',(2.865E0,-1.9E0,-1.5E-1));
#2223=LINE('',#2222,#2221);
#2224=DIRECTION('',(4.472135955E-1,-4.472135955E-1,7.745966692415E-1));
#2225=VECTOR('',#2224,1.936491673104E-1);
#2226=CARTESIAN_POINT('',(2.865E0,-1.9E0,-1.5E-1));
#2227=LINE('',#2226,#2225);
#2228=DIRECTION('',(3.779644730092E-1,6.546536707080E-1,6.546536707080E-1));
#2229=VECTOR('',#2228,2.291287847478E-1);
#2230=CARTESIAN_POINT('',(2.865E0,1.85E0,-1.5E-1));
#2231=LINE('',#2230,#2229);
#2232=DIRECTION('',(1.E0,0.E0,0.E0));
#2233=VECTOR('',#2232,1.016602540378E0);
#2234=CARTESIAN_POINT('',(1.935E0,2.E0,0.E0));
#2235=LINE('',#2234,#2233);
#2236=DIRECTION('',(0.E0,-7.071067811866E-1,-7.071067811865E-1));
#2237=VECTOR('',#2236,7.071067811866E-2);
#2238=CARTESIAN_POINT('',(2.865E0,1.85E0,-1.5E-1));
#2239=LINE('',#2238,#2237);
#2240=DIRECTION('',(1.E0,0.E0,0.E0));
#2241=VECTOR('',#2240,7.3E-1);
#2242=CARTESIAN_POINT('',(2.135E0,1.8E0,-2.E-1));
#2243=LINE('',#2242,#2241);
#2244=DIRECTION('',(0.E0,0.E0,-1.E0));
#2245=VECTOR('',#2244,4.2E0);
#2246=CARTESIAN_POINT('',(2.865E0,1.8E0,-2.E-1));
#2247=LINE('',#2246,#2245);
#2248=DIRECTION('',(0.E0,1.E0,0.E0));
#2249=VECTOR('',#2248,1.3E0);
#2250=CARTESIAN_POINT('',(2.135E0,5.E-1,-2.E-1));
#2251=LINE('',#2250,#2249);
#2252=DIRECTION('',(0.E0,0.E0,-1.E0));
#2253=VECTOR('',#2252,4.2E0);
#2254=CARTESIAN_POINT('',(2.135E0,1.8E0,-2.E-1));
#2255=LINE('',#2254,#2253);
#2256=DIRECTION('',(-5.773502691896E-1,5.773502691896E-1,5.773502691896E-1));
#2257=VECTOR('',#2256,3.464101615138E-1);
#2258=CARTESIAN_POINT('',(2.135E0,1.8E0,-2.E-1));
#2259=LINE('',#2258,#2257);
#2260=DIRECTION('',(0.E0,-9.993392221981E-1,-3.634720039470E-2));
#2261=VECTOR('',#2260,8.660243297136E-1);
#2262=CARTESIAN_POINT('',(-1.65E0,-2.4E0,-5.561930279495E0));
#2263=LINE('',#2262,#2261);
#2264=DIRECTION('',(0.E0,3.634720039469E-2,-9.993392221981E-1));
#2265=VECTOR('',#2264,3.E-1);
#2266=CARTESIAN_POINT('',(-1.65E0,-3.265452080061E0,-5.593407839354E0));
#2267=LINE('',#2266,#2265);
#2268=DIRECTION('',(0.E0,9.993392221981E-1,3.634720039469E-2));
#2269=VECTOR('',#2268,2.564423256846E0);
#2270=CARTESIAN_POINT('',(-1.65E0,-3.254547919942E0,-5.893209606013E0));
#2271=LINE('',#2270,#2269);
#2272=DIRECTION('',(0.E0,0.E0,1.E0));
#2273=VECTOR('',#2272,2.3E0);
#2274=CARTESIAN_POINT('',(-1.65E0,-2.5E-1,-4.4E0));
#2275=LINE('',#2274,#2273);
#2276=DIRECTION('',(0.E0,-1.E0,0.E0));
#2277=VECTOR('',#2276,3.E-1);
#2278=CARTESIAN_POINT('',(-1.65E0,-2.5E-1,-2.1E0));
#2279=LINE('',#2278,#2277);
#2280=DIRECTION('',(0.E0,0.E0,-1.E0));
#2281=VECTOR('',#2280,2.3E0);
#2282=CARTESIAN_POINT('',(-1.65E0,-5.5E-1,-2.1E0));
#2283=LINE('',#2282,#2281);
#2284=DIRECTION('',(0.E0,9.993392221981E-1,3.634720039469E-2));
#2285=VECTOR('',#2284,2.564423256846E0);
#2286=CARTESIAN_POINT('',(-1.35E0,-3.254547919942E0,-5.893209606013E0));
#2287=LINE('',#2286,#2285);
#2288=DIRECTION('',(0.E0,3.634720039469E-2,-9.993392221981E-1));
#2289=VECTOR('',#2288,3.E-1);
#2290=CARTESIAN_POINT('',(-1.35E0,-3.265452080061E0,-5.593407839354E0));
#2291=LINE('',#2290,#2289);
#2292=DIRECTION('',(0.E0,-9.993392221981E-1,-3.634720039470E-2));
#2293=VECTOR('',#2292,8.660243297136E-1);
#2294=CARTESIAN_POINT('',(-1.35E0,-2.4E0,-5.561930279495E0));
#2295=LINE('',#2294,#2293);
#2296=DIRECTION('',(0.E0,0.E0,-1.E0));
#2297=VECTOR('',#2296,2.3E0);
#2298=CARTESIAN_POINT('',(-1.35E0,-5.5E-1,-2.1E0));
#2299=LINE('',#2298,#2297);
#2300=DIRECTION('',(0.E0,-1.E0,0.E0));
#2301=VECTOR('',#2300,3.E-1);
#2302=CARTESIAN_POINT('',(-1.35E0,-2.5E-1,-2.1E0));
#2303=LINE('',#2302,#2301);
#2304=DIRECTION('',(0.E0,0.E0,1.E0));
#2305=VECTOR('',#2304,2.3E0);
#2306=CARTESIAN_POINT('',(-1.35E0,-2.5E-1,-4.4E0));
#2307=LINE('',#2306,#2305);
#2308=DIRECTION('',(1.E0,0.E0,0.E0));
#2309=VECTOR('',#2308,3.E-1);
#2310=CARTESIAN_POINT('',(-1.65E0,-3.254547919942E0,-5.893209606013E0));
#2311=LINE('',#2310,#2309);
#2312=DIRECTION('',(1.E0,0.E0,0.E0));
#2313=VECTOR('',#2312,3.E-1);
#2314=CARTESIAN_POINT('',(-1.65E0,-3.265452080061E0,-5.593407839354E0));
#2315=LINE('',#2314,#2313);
#2316=DIRECTION('',(1.E0,0.E0,0.E0));
#2317=VECTOR('',#2316,3.E-1);
#2318=CARTESIAN_POINT('',(-1.65E0,-5.5E-1,-2.1E0));
#2319=LINE('',#2318,#2317);
#2320=DIRECTION('',(1.E0,0.E0,0.E0));
#2321=VECTOR('',#2320,3.E-1);
#2322=CARTESIAN_POINT('',(-1.65E0,-2.5E-1,-2.1E0));
#2323=LINE('',#2322,#2321);
#2324=DIRECTION('',(0.E0,-9.993392221981E-1,-3.634720039470E-2));
#2325=VECTOR('',#2324,8.660243297136E-1);
#2326=CARTESIAN_POINT('',(-1.5E-1,-2.4E0,-5.561930279495E0));
#2327=LINE('',#2326,#2325);
#2328=DIRECTION('',(0.E0,3.634720039469E-2,-9.993392221981E-1));
#2329=VECTOR('',#2328,3.E-1);
#2330=CARTESIAN_POINT('',(-1.5E-1,-3.265452080061E0,-5.593407839354E0));
#2331=LINE('',#2330,#2329);
#2332=DIRECTION('',(0.E0,9.993392221981E-1,3.634720039469E-2));
#2333=VECTOR('',#2332,2.564423256846E0);
#2334=CARTESIAN_POINT('',(-1.5E-1,-3.254547919942E0,-5.893209606013E0));
#2335=LINE('',#2334,#2333);
#2336=DIRECTION('',(0.E0,0.E0,1.E0));
#2337=VECTOR('',#2336,2.3E0);
#2338=CARTESIAN_POINT('',(-1.5E-1,-2.5E-1,-4.4E0));
#2339=LINE('',#2338,#2337);
#2340=DIRECTION('',(0.E0,-1.E0,0.E0));
#2341=VECTOR('',#2340,3.E-1);
#2342=CARTESIAN_POINT('',(-1.5E-1,-2.5E-1,-2.1E0));
#2343=LINE('',#2342,#2341);
#2344=DIRECTION('',(0.E0,0.E0,-1.E0));
#2345=VECTOR('',#2344,2.3E0);
#2346=CARTESIAN_POINT('',(-1.5E-1,-5.5E-1,-2.1E0));
#2347=LINE('',#2346,#2345);
#2348=DIRECTION('',(0.E0,9.993392221981E-1,3.634720039469E-2));
#2349=VECTOR('',#2348,2.564423256846E0);
#2350=CARTESIAN_POINT('',(1.5E-1,-3.254547919942E0,-5.893209606013E0));
#2351=LINE('',#2350,#2349);
#2352=DIRECTION('',(0.E0,3.634720039469E-2,-9.993392221981E-1));
#2353=VECTOR('',#2352,3.E-1);
#2354=CARTESIAN_POINT('',(1.5E-1,-3.265452080061E0,-5.593407839354E0));
#2355=LINE('',#2354,#2353);
#2356=DIRECTION('',(0.E0,-9.993392221981E-1,-3.634720039470E-2));
#2357=VECTOR('',#2356,8.660243297136E-1);
#2358=CARTESIAN_POINT('',(1.5E-1,-2.4E0,-5.561930279495E0));
#2359=LINE('',#2358,#2357);
#2360=DIRECTION('',(0.E0,0.E0,-1.E0));
#2361=VECTOR('',#2360,2.3E0);
#2362=CARTESIAN_POINT('',(1.5E-1,-5.5E-1,-2.1E0));
#2363=LINE('',#2362,#2361);
#2364=DIRECTION('',(0.E0,-1.E0,0.E0));
#2365=VECTOR('',#2364,3.E-1);
#2366=CARTESIAN_POINT('',(1.5E-1,-2.5E-1,-2.1E0));
#2367=LINE('',#2366,#2365);
#2368=DIRECTION('',(0.E0,0.E0,1.E0));
#2369=VECTOR('',#2368,2.3E0);
#2370=CARTESIAN_POINT('',(1.5E-1,-2.5E-1,-4.4E0));
#2371=LINE('',#2370,#2369);
#2372=DIRECTION('',(1.E0,0.E0,0.E0));
#2373=VECTOR('',#2372,3.E-1);
#2374=CARTESIAN_POINT('',(-1.5E-1,-3.254547919942E0,-5.893209606013E0));
#2375=LINE('',#2374,#2373);
#2376=DIRECTION('',(1.E0,0.E0,0.E0));
#2377=VECTOR('',#2376,3.E-1);
#2378=CARTESIAN_POINT('',(-1.5E-1,-3.265452080061E0,-5.593407839354E0));
#2379=LINE('',#2378,#2377);
#2380=DIRECTION('',(1.E0,0.E0,0.E0));
#2381=VECTOR('',#2380,3.E-1);
#2382=CARTESIAN_POINT('',(-1.5E-1,-5.5E-1,-2.1E0));
#2383=LINE('',#2382,#2381);
#2384=DIRECTION('',(1.E0,0.E0,0.E0));
#2385=VECTOR('',#2384,3.E-1);
#2386=CARTESIAN_POINT('',(-1.5E-1,-2.5E-1,-2.1E0));
#2387=LINE('',#2386,#2385);
#2388=DIRECTION('',(1.E0,0.E0,0.E0));
#2389=VECTOR('',#2388,3.E-1);
#2390=CARTESIAN_POINT('',(1.35E0,-5.5E-1,-2.1E0));
#2391=LINE('',#2390,#2389);
#2392=DIRECTION('',(1.E0,0.E0,0.E0));
#2393=VECTOR('',#2392,3.E-1);
#2394=CARTESIAN_POINT('',(1.35E0,-2.5E-1,-2.1E0));
#2395=LINE('',#2394,#2393);
#2396=DIRECTION('',(0.E0,0.E0,1.E0));
#2397=VECTOR('',#2396,9.999999999999E-3);
#2398=CARTESIAN_POINT('',(-1.40625E0,-1.8E0,-4.4E0));
#2399=LINE('',#2398,#2397);
#2400=DIRECTION('',(0.E0,0.E0,1.E0));
#2401=VECTOR('',#2400,9.999999999999E-3);
#2402=CARTESIAN_POINT('',(-1.5E0,-1.8E0,-4.4E0));
#2403=LINE('',#2402,#2401);
#2404=DIRECTION('',(0.E0,0.E0,1.E0));
#2405=VECTOR('',#2404,9.999999999999E-3);
#2406=CARTESIAN_POINT('',(-1.5E0,-1.177659559250E0,-4.4E0));
#2407=LINE('',#2406,#2405);
#2408=DIRECTION('',(0.E0,0.E0,1.E0));
#2409=VECTOR('',#2408,9.999999999999E-3);
#2410=CARTESIAN_POINT('',(-1.59375E0,-1.289361718297E0,-4.4E0));
#2411=LINE('',#2410,#2409);
#2412=DIRECTION('',(-2.220446049251E-14,-2.220446049251E-14,1.E0));
#2413=VECTOR('',#2412,9.999999999999E-3);
#2414=CARTESIAN_POINT('',(-1.59375E0,-1.161702114344E0,-4.4E0));
#2415=LINE('',#2414,#2413);
#2416=DIRECTION('',(0.E0,0.E0,1.E0));
#2417=VECTOR('',#2416,9.999999999999E-3);
#2418=CARTESIAN_POINT('',(-1.5E0,-1.05E0,-4.4E0));
#2419=LINE('',#2418,#2417);
#2420=DIRECTION('',(0.E0,0.E0,1.E0));
#2421=VECTOR('',#2420,9.999999999999E-3);
#2422=CARTESIAN_POINT('',(-1.40625E0,-1.05E0,-4.4E0));
#2423=LINE('',#2422,#2421);
#2424=DIRECTION('',(0.E0,1.E0,0.E0));
#2425=VECTOR('',#2424,7.5E-1);
#2426=CARTESIAN_POINT('',(-1.40625E0,-1.8E0,-4.39E0));
#2427=LINE('',#2426,#2425);
#2428=DIRECTION('',(1.E0,0.E0,0.E0));
#2429=VECTOR('',#2428,9.375E-2);
#2430=CARTESIAN_POINT('',(-1.5E0,-1.8E0,-4.39E0));
#2431=LINE('',#2430,#2429);
#2432=DIRECTION('',(0.E0,-1.E0,0.E0));
#2433=VECTOR('',#2432,6.223404407501E-1);
#2434=CARTESIAN_POINT('',(-1.5E0,-1.177659559250E0,-4.39E0));
#2435=LINE('',#2434,#2433);
#2436=DIRECTION('',(6.428711427642E-1,7.659743427825E-1,0.E0));
#2437=VECTOR('',#2436,1.458301574977E-1);
#2438=CARTESIAN_POINT('',(-1.59375E0,-1.289361718297E0,-4.39E0));
#2439=LINE('',#2438,#2437);
#2440=DIRECTION('',(0.E0,-1.E0,0.E0));
#2441=VECTOR('',#2440,1.276596039534E-1);
#2442=CARTESIAN_POINT('',(-1.59375E0,-1.161702114344E0,-4.39E0));
#2443=LINE('',#2442,#2441);
#2444=DIRECTION('',(-6.428712937139E-1,-7.659742160926E-1,0.E0));
#2445=VECTOR('',#2444,1.458301232559E-1);
#2446=CARTESIAN_POINT('',(-1.5E0,-1.05E0,-4.39E0));
#2447=LINE('',#2446,#2445);
#2448=DIRECTION('',(-1.E0,0.E0,0.E0));
#2449=VECTOR('',#2448,9.375E-2);
#2450=CARTESIAN_POINT('',(-1.40625E0,-1.05E0,-4.39E0));
#2451=LINE('',#2450,#2449);
#2452=DIRECTION('',(0.E0,7.071067811865E-1,-7.071067811865E-1));
#2453=VECTOR('',#2452,1.414213562373E-1);
#2454=CARTESIAN_POINT('',(3.275E0,-2.02E0,-2.15E0));
#2455=LINE('',#2454,#2453);
#2456=DIRECTION('',(-1.E0,0.E0,0.E0));
#2457=VECTOR('',#2456,2.75E-1);
#2458=CARTESIAN_POINT('',(3.55E0,-1.92E0,-2.25E0));
#2459=LINE('',#2458,#2457);
#2460=DIRECTION('',(0.E0,0.E0,-1.E0));
#2461=VECTOR('',#2460,4.E-1);
#2462=CARTESIAN_POINT('',(3.275E0,-1.92E0,-2.25E0));
#2463=LINE('',#2462,#2461);
#2464=DIRECTION('',(0.E0,-1.E0,0.E0));
#2465=VECTOR('',#2464,4.2E-1);
#2466=CARTESIAN_POINT('',(3.55E0,-1.5E0,-2.25E0));
#2467=LINE('',#2466,#2465);
#2468=DIRECTION('',(0.E0,0.E0,-1.E0));
#2469=VECTOR('',#2468,4.E-1);
#2470=CARTESIAN_POINT('',(3.55E0,-1.92E0,-2.25E0));
#2471=LINE('',#2470,#2469);
#2472=DIRECTION('',(5.773502691896E-1,-5.773502691896E-1,5.773502691896E-1));
#2473=VECTOR('',#2472,1.732050807569E-1);
#2474=CARTESIAN_POINT('',(3.55E0,-1.92E0,-2.25E0));
#2475=LINE('',#2474,#2473);
#2476=DIRECTION('',(7.071067811865E-1,0.E0,7.071067811866E-1));
#2477=VECTOR('',#2476,1.414213562373E-1);
#2478=CARTESIAN_POINT('',(3.55E0,-1.5E0,-2.25E0));
#2479=LINE('',#2478,#2477);
#2480=CARTESIAN_POINT('',(3.95E0,2.4E0,0.E0));
#2481=CARTESIAN_POINT('',(-3.95E0,2.4E0,0.E0));
#2482=VERTEX_POINT('',#2480);
#2483=VERTEX_POINT('',#2481);
#2484=CARTESIAN_POINT('',(3.95E0,-2.4E0,-2.15E0));
#2485=CARTESIAN_POINT('',(3.95E0,-1.5E0,-2.15E0));
#2486=VERTEX_POINT('',#2484);
#2487=VERTEX_POINT('',#2485);
#2488=CARTESIAN_POINT('',(3.95E0,-6.E-1,-5.8E0));
#2489=CARTESIAN_POINT('',(3.95E0,-6.E-1,-4.9E0));
#2490=VERTEX_POINT('',#2488);
#2491=VERTEX_POINT('',#2489);
#2492=CARTESIAN_POINT('',(3.95E0,-2.4E0,-5.8E0));
#2493=VERTEX_POINT('',#2492);
#2494=CARTESIAN_POINT('',(-3.95E0,-2.4E0,-2.15E0));
#2495=CARTESIAN_POINT('',(-3.95E0,-1.5E0,-2.15E0));
#2496=VERTEX_POINT('',#2494);
#2497=VERTEX_POINT('',#2495);
#2498=CARTESIAN_POINT('',(-3.95E0,-6.E-1,-5.8E0));
#2499=CARTESIAN_POINT('',(-3.95E0,-6.E-1,-4.9E0));
#2500=VERTEX_POINT('',#2498);
#2501=VERTEX_POINT('',#2499);
#2502=CARTESIAN_POINT('',(-3.95E0,-2.4E0,-5.8E0));
#2503=VERTEX_POINT('',#2502);
#2504=CARTESIAN_POINT('',(3.275E0,-1.5E0,-2.65E0));
#2505=CARTESIAN_POINT('',(3.275E0,-1.92E0,-2.65E0));
#2506=VERTEX_POINT('',#2504);
#2507=VERTEX_POINT('',#2505);
#2508=CARTESIAN_POINT('',(3.55E0,-1.92E0,-2.65E0));
#2509=VERTEX_POINT('',#2508);
#2510=CARTESIAN_POINT('',(3.55E0,-1.5E0,-2.65E0));
#2511=VERTEX_POINT('',#2510);
#2512=CARTESIAN_POINT('',(3.55E0,-4.5E-1,-2.65E0));
#2513=CARTESIAN_POINT('',(3.275E0,-4.5E-1,-2.65E0));
#2514=VERTEX_POINT('',#2512);
#2515=VERTEX_POINT('',#2513);
#2516=CARTESIAN_POINT('',(3.275E0,-8.E-1,-2.65E0));
#2517=VERTEX_POINT('',#2516);
#2518=CARTESIAN_POINT('',(3.175E0,-8.E-1,-2.65E0));
#2519=VERTEX_POINT('',#2518);
#2520=CARTESIAN_POINT('',(3.175E0,-1.E0,-2.65E0));
#2521=VERTEX_POINT('',#2520);
#2522=CARTESIAN_POINT('',(-3.275E0,-1.1E0,-4.9E0));
#2523=CARTESIAN_POINT('',(-3.55E0,-1.1E0,-4.9E0));
#2524=VERTEX_POINT('',#2522);
#2525=VERTEX_POINT('',#2523);
#2526=CARTESIAN_POINT('',(-3.55E0,-1.1E0,-5.32E0));
#2527=VERTEX_POINT('',#2526);
#2528=CARTESIAN_POINT('',(-3.275E0,-1.1E0,-5.32E0));
#2529=VERTEX_POINT('',#2528);
#2530=CARTESIAN_POINT('',(3.275E0,-1.1E0,-4.9E0));
#2531=CARTESIAN_POINT('',(3.275E0,-1.1E0,-5.32E0));
#2532=VERTEX_POINT('',#2530);
#2533=VERTEX_POINT('',#2531);
#2534=CARTESIAN_POINT('',(3.55E0,-1.1E0,-5.32E0));
#2535=VERTEX_POINT('',#2534);
#2536=CARTESIAN_POINT('',(3.55E0,-1.1E0,-4.9E0));
#2537=VERTEX_POINT('',#2536);
#2538=CARTESIAN_POINT('',(-3.65E0,-8.E-1,-2.65E0));
#2539=CARTESIAN_POINT('',(-3.65E0,-1.E0,-2.65E0));
#2540=VERTEX_POINT('',#2538);
#2541=VERTEX_POINT('',#2539);
#2542=CARTESIAN_POINT('',(3.55E0,-8.E-1,-2.65E0));
#2543=VERTEX_POINT('',#2542);
#2544=CARTESIAN_POINT('',(-3.55E0,-8.E-1,-2.65E0));
#2545=VERTEX_POINT('',#2544);
#2546=CARTESIAN_POINT('',(-3.65E0,-1.E0,-9.E-1));
#2547=CARTESIAN_POINT('',(-3.65E0,-8.E-1,-9.E-1));
#2548=VERTEX_POINT('',#2546);
#2549=VERTEX_POINT('',#2547);
#2550=CARTESIAN_POINT('',(-3.75E0,-1.1E0,-8.E-1));
#2551=CARTESIAN_POINT('',(-3.75E0,-7.E-1,-8.E-1));
#2552=VERTEX_POINT('',#2550);
#2553=VERTEX_POINT('',#2551);
#2554=CARTESIAN_POINT('',(-3.65E0,-7.E-1,-8.E-1));
#2555=VERTEX_POINT('',#2554);
#2556=CARTESIAN_POINT('',(-3.55E0,-8.E-1,-9.E-1));
#2557=VERTEX_POINT('',#2556);
#2558=CARTESIAN_POINT('',(3.65E0,-4.5E-1,-8.E-1));
#2559=CARTESIAN_POINT('',(3.65E0,-7.E-1,-8.E-1));
#2560=VERTEX_POINT('',#2558);
#2561=VERTEX_POINT('',#2559);
#2562=CARTESIAN_POINT('',(3.55E0,-4.5E-1,-9.E-1));
#2563=CARTESIAN_POINT('',(3.55E0,-8.E-1,-9.E-1));
#2564=VERTEX_POINT('',#2562);
#2565=VERTEX_POINT('',#2563);
#2566=CARTESIAN_POINT('',(3.275E0,-1.E0,-9.E-1));
#2567=CARTESIAN_POINT('',(3.65E0,-1.E0,-9.E-1));
#2568=VERTEX_POINT('',#2566);
#2569=VERTEX_POINT('',#2567);
#2570=CARTESIAN_POINT('',(3.275E0,-1.1E0,-8.E-1));
#2571=CARTESIAN_POINT('',(3.75E0,-1.1E0,-8.E-1));
#2572=VERTEX_POINT('',#2570);
#2573=VERTEX_POINT('',#2571);
#2574=CARTESIAN_POINT('',(3.275E0,-1.4E0,-8.E-1));
#2575=VERTEX_POINT('',#2574);
#2576=CARTESIAN_POINT('',(3.95E0,-4.5E-1,-8.E-1));
#2577=VERTEX_POINT('',#2576);
#2578=CARTESIAN_POINT('',(-3.275E0,-1.1E0,-8.E-1));
#2579=CARTESIAN_POINT('',(-3.275E0,-1.4E0,-8.E-1));
#2580=VERTEX_POINT('',#2578);
#2581=VERTEX_POINT('',#2579);
#2582=CARTESIAN_POINT('',(-3.275E0,-2.02E0,-2.15E0));
#2583=CARTESIAN_POINT('',(-3.275E0,-2.15E0,-2.15E0));
#2584=VERTEX_POINT('',#2582);
#2585=VERTEX_POINT('',#2583);
#2586=CARTESIAN_POINT('',(-3.95E0,-4.5E-1,-8.E-1));
#2587=CARTESIAN_POINT('',(-3.65E0,-4.5E-1,-8.E-1));
#2588=VERTEX_POINT('',#2586);
#2589=VERTEX_POINT('',#2587);
#2590=CARTESIAN_POINT('',(-3.95E0,-1.5E0,-9.E-1));
#2591=CARTESIAN_POINT('',(-3.95E0,-1.4E0,-8.E-1));
#2592=VERTEX_POINT('',#2590);
#2593=VERTEX_POINT('',#2591);
#2594=CARTESIAN_POINT('',(-3.275E0,-1.5E0,-9.E-1));
#2595=VERTEX_POINT('',#2594);
#2596=CARTESIAN_POINT('',(3.95E0,-1.4E0,-8.E-1));
#2597=CARTESIAN_POINT('',(3.95E0,-1.5E0,-9.E-1));
#2598=VERTEX_POINT('',#2596);
#2599=VERTEX_POINT('',#2597);
#2600=CARTESIAN_POINT('',(3.275E0,-1.5E0,-9.E-1));
#2601=VERTEX_POINT('',#2600);
#2602=CARTESIAN_POINT('',(3.55E0,-1.92E0,-2.25E0));
#2603=CARTESIAN_POINT('',(3.275E0,-1.92E0,-2.25E0));
#2604=VERTEX_POINT('',#2602);
#2605=VERTEX_POINT('',#2603);
#2606=CARTESIAN_POINT('',(3.65E0,-2.02E0,-2.15E0));
#2607=CARTESIAN_POINT('',(3.275E0,-2.02E0,-2.15E0));
#2608=VERTEX_POINT('',#2606);
#2609=VERTEX_POINT('',#2607);
#2610=CARTESIAN_POINT('',(3.65E0,-1.5E0,-2.15E0));
#2611=VERTEX_POINT('',#2610);
#2612=CARTESIAN_POINT('',(3.55E0,-1.5E0,-2.25E0));
#2613=VERTEX_POINT('',#2612);
#2614=CARTESIAN_POINT('',(3.275E0,-2.15E0,-2.15E0));
#2615=VERTEX_POINT('',#2614);
#2616=CARTESIAN_POINT('',(-3.65E0,-1.5E0,-2.15E0));
#2617=VERTEX_POINT('',#2616);
#2618=CARTESIAN_POINT('',(-3.025E0,-2.4E0,0.E0));
#2619=CARTESIAN_POINT('',(-3.025E0,-2.4E0,-2.15E0));
#2620=VERTEX_POINT('',#2618);
#2621=VERTEX_POINT('',#2619);
#2622=CARTESIAN_POINT('',(3.025E0,-2.4E0,-2.15E0));
#2623=CARTESIAN_POINT('',(3.025E0,-2.4E0,0.E0));
#2624=VERTEX_POINT('',#2622);
#2625=VERTEX_POINT('',#2623);
#2626=CARTESIAN_POINT('',(3.275E0,-8.E-1,-3.E-1));
#2627=CARTESIAN_POINT('',(3.175E0,-8.E-1,0.E0));
#2628=VERTEX_POINT('',#2626);
#2629=VERTEX_POINT('',#2627);
#2630=CARTESIAN_POINT('',(3.175E0,-3.5E-1,0.E0));
#2631=VERTEX_POINT('',#2630);
#2632=CARTESIAN_POINT('',(3.275E0,-4.5E-1,-3.E-1));
#2633=VERTEX_POINT('',#2632);
#2634=CARTESIAN_POINT('',(3.95E0,-3.5E-1,0.E0));
#2635=CARTESIAN_POINT('',(3.95E0,-4.5E-1,-3.E-1));
#2636=VERTEX_POINT('',#2634);
#2637=VERTEX_POINT('',#2635);
#2638=CARTESIAN_POINT('',(3.175E0,-1.E0,0.E0));
#2639=CARTESIAN_POINT('',(3.275E0,-1.E0,-3.E-1));
#2640=VERTEX_POINT('',#2638);
#2641=VERTEX_POINT('',#2639);
#2642=CARTESIAN_POINT('',(3.275E0,-2.15E0,-3.E-1));
#2643=VERTEX_POINT('',#2642);
#2644=CARTESIAN_POINT('',(3.175E0,-2.25E0,0.E0));
#2645=VERTEX_POINT('',#2644);
#2646=CARTESIAN_POINT('',(-3.175E0,-2.25E0,0.E0));
#2647=CARTESIAN_POINT('',(-3.275E0,-2.15E0,-3.E-1));
#2648=VERTEX_POINT('',#2646);
#2649=VERTEX_POINT('',#2647);
#2650=CARTESIAN_POINT('',(-3.275E0,-1.E0,-3.E-1));
#2651=VERTEX_POINT('',#2650);
#2652=CARTESIAN_POINT('',(-3.175E0,-1.E0,0.E0));
#2653=VERTEX_POINT('',#2652);
#2654=CARTESIAN_POINT('',(-3.95E0,-4.5E-1,-3.E-1));
#2655=CARTESIAN_POINT('',(-3.95E0,-3.5E-1,0.E0));
#2656=VERTEX_POINT('',#2654);
#2657=VERTEX_POINT('',#2655);
#2658=CARTESIAN_POINT('',(-3.175E0,-3.5E-1,0.E0));
#2659=VERTEX_POINT('',#2658);
#2660=CARTESIAN_POINT('',(-3.275E0,-4.5E-1,-3.E-1));
#2661=VERTEX_POINT('',#2660);
#2662=CARTESIAN_POINT('',(-3.275E0,-8.E-1,-3.E-1));
#2663=VERTEX_POINT('',#2662);
#2664=CARTESIAN_POINT('',(-3.175E0,-8.E-1,0.E0));
#2665=VERTEX_POINT('',#2664);
#2666=CARTESIAN_POINT('',(3.95E0,6.5E-1,-4.9E0));
#2667=CARTESIAN_POINT('',(3.95E0,7.5E-1,-4.8E0));
#2668=VERTEX_POINT('',#2666);
#2669=VERTEX_POINT('',#2667);
#2670=CARTESIAN_POINT('',(-3.95E0,7.5E-1,-4.8E0));
#2671=CARTESIAN_POINT('',(-3.95E0,6.5E-1,-4.9E0));
#2672=VERTEX_POINT('',#2670);
#2673=VERTEX_POINT('',#2671);
#2674=CARTESIAN_POINT('',(3.55E0,-7.E-1,-5.32E0));
#2675=CARTESIAN_POINT('',(3.55E0,-7.E-1,-4.9E0));
#2676=VERTEX_POINT('',#2674);
#2677=VERTEX_POINT('',#2675);
#2678=CARTESIAN_POINT('',(3.65E0,-6.E-1,-5.42E0));
#2679=CARTESIAN_POINT('',(3.65E0,-6.E-1,-4.9E0));
#2680=VERTEX_POINT('',#2678);
#2681=VERTEX_POINT('',#2679);
#2682=CARTESIAN_POINT('',(3.275E0,-7.E-1,-5.32E0));
#2683=VERTEX_POINT('',#2682);
#2684=CARTESIAN_POINT('',(-3.65E0,-6.E-1,-4.9E0));
#2685=CARTESIAN_POINT('',(-3.65E0,-6.E-1,-5.42E0));
#2686=VERTEX_POINT('',#2684);
#2687=VERTEX_POINT('',#2685);
#2688=CARTESIAN_POINT('',(-3.55E0,-7.E-1,-4.9E0));
#2689=CARTESIAN_POINT('',(-3.55E0,-7.E-1,-5.32E0));
#2690=VERTEX_POINT('',#2688);
#2691=VERTEX_POINT('',#2689);
#2692=CARTESIAN_POINT('',(-3.275E0,-7.E-1,-5.32E0));
#2693=VERTEX_POINT('',#2692);
#2694=CARTESIAN_POINT('',(3.95E0,7.5E-1,-3.85E0));
#2695=VERTEX_POINT('',#2694);
#2696=CARTESIAN_POINT('',(-3.95E0,7.5E-1,-3.85E0));
#2697=VERTEX_POINT('',#2696);
#2698=CARTESIAN_POINT('',(-3.75E0,7.5E-1,-4.1E0));
#2699=CARTESIAN_POINT('',(-3.75E0,7.5E-1,-4.5E0));
#2700=VERTEX_POINT('',#2698);
#2701=VERTEX_POINT('',#2699);
#2702=CARTESIAN_POINT('',(-3.65E0,6.5E-1,-4.2E0));
#2703=CARTESIAN_POINT('',(-3.65E0,6.5E-1,-4.4E0));
#2704=VERTEX_POINT('',#2702);
#2705=VERTEX_POINT('',#2703);
#2706=CARTESIAN_POINT('',(-3.55E0,6.5E-1,-4.2E0));
#2707=VERTEX_POINT('',#2706);
#2708=CARTESIAN_POINT('',(-3.65E0,7.5E-1,-4.1E0));
#2709=VERTEX_POINT('',#2708);
#2710=CARTESIAN_POINT('',(-3.65E0,7.5E-1,-3.85E0));
#2711=VERTEX_POINT('',#2710);
#2712=CARTESIAN_POINT('',(-3.55E0,6.5E-1,-3.85E0));
#2713=VERTEX_POINT('',#2712);
#2714=CARTESIAN_POINT('',(3.55E0,6.5E-1,-4.2E0));
#2715=CARTESIAN_POINT('',(3.55E0,6.5E-1,-3.85E0));
#2716=VERTEX_POINT('',#2714);
#2717=VERTEX_POINT('',#2715);
#2718=CARTESIAN_POINT('',(3.65E0,7.5E-1,-4.1E0));
#2719=CARTESIAN_POINT('',(3.65E0,7.5E-1,-3.85E0));
#2720=VERTEX_POINT('',#2718);
#2721=VERTEX_POINT('',#2719);
#2722=CARTESIAN_POINT('',(3.75E0,7.5E-1,-4.1E0));
#2723=VERTEX_POINT('',#2722);
#2724=CARTESIAN_POINT('',(3.65E0,6.5E-1,-4.2E0));
#2725=VERTEX_POINT('',#2724);
#2726=CARTESIAN_POINT('',(3.65E0,6.5E-1,-4.4E0));
#2727=VERTEX_POINT('',#2726);
#2728=CARTESIAN_POINT('',(3.75E0,7.5E-1,-4.5E0));
#2729=VERTEX_POINT('',#2728);
#2730=CARTESIAN_POINT('',(-2.71E0,-2.5E0,0.E0));
#2731=CARTESIAN_POINT('',(-2.71E0,-2.5E0,-1.5E0));
#2732=VERTEX_POINT('',#2730);
#2733=VERTEX_POINT('',#2731);
#2734=CARTESIAN_POINT('',(-1.91E0,-2.5E0,-1.5E0));
#2735=VERTEX_POINT('',#2734);
#2736=CARTESIAN_POINT('',(-1.91E0,-2.5E0,0.E0));
#2737=VERTEX_POINT('',#2736);
#2738=CARTESIAN_POINT('',(2.71E0,-2.5E0,0.E0));
#2739=CARTESIAN_POINT('',(1.91E0,-2.5E0,0.E0));
#2740=VERTEX_POINT('',#2738);
#2741=VERTEX_POINT('',#2739);
#2742=CARTESIAN_POINT('',(1.91E0,-2.5E0,-1.5E0));
#2743=VERTEX_POINT('',#2742);
#2744=CARTESIAN_POINT('',(2.71E0,-2.5E0,-1.5E0));
#2745=VERTEX_POINT('',#2744);
#2746=CARTESIAN_POINT('',(-2.71E0,-2.4E0,0.E0));
#2747=CARTESIAN_POINT('',(-2.71E0,-2.4E0,-1.5E0));
#2748=VERTEX_POINT('',#2746);
#2749=VERTEX_POINT('',#2747);
#2750=CARTESIAN_POINT('',(-1.91E0,-2.4E0,-1.5E0));
#2751=VERTEX_POINT('',#2750);
#2752=CARTESIAN_POINT('',(-1.91E0,-2.4E0,0.E0));
#2753=VERTEX_POINT('',#2752);
#2754=CARTESIAN_POINT('',(1.91E0,-2.4E0,0.E0));
#2755=CARTESIAN_POINT('',(1.91E0,-2.4E0,-1.5E0));
#2756=VERTEX_POINT('',#2754);
#2757=VERTEX_POINT('',#2755);
#2758=CARTESIAN_POINT('',(2.71E0,-2.4E0,-1.5E0));
#2759=VERTEX_POINT('',#2758);
#2760=CARTESIAN_POINT('',(2.71E0,-2.4E0,0.E0));
#2761=VERTEX_POINT('',#2760);
#2762=CARTESIAN_POINT('',(-2.865E0,1.3E0,-4.4E0));
#2763=CARTESIAN_POINT('',(-2.865E0,-1.9E0,-4.4E0));
#2764=VERTEX_POINT('',#2762);
#2765=VERTEX_POINT('',#2763);
#2766=CARTESIAN_POINT('',(2.865E0,-1.9E0,-4.4E0));
#2767=VERTEX_POINT('',#2766);
#2768=CARTESIAN_POINT('',(2.865E0,1.8E0,-4.4E0));
#2769=VERTEX_POINT('',#2768);
#2770=CARTESIAN_POINT('',(2.135E0,1.8E0,-4.4E0));
#2771=VERTEX_POINT('',#2770);
#2772=CARTESIAN_POINT('',(2.135E0,5.E-1,-4.4E0));
#2773=VERTEX_POINT('',#2772);
#2774=CARTESIAN_POINT('',(-2.135E0,5.E-1,-4.4E0));
#2775=CARTESIAN_POINT('',(-2.135E0,1.3E0,-4.4E0));
#2776=VERTEX_POINT('',#2774);
#2777=VERTEX_POINT('',#2775);
#2778=CARTESIAN_POINT('',(2.135E0,5.E-1,-2.E-1));
#2779=CARTESIAN_POINT('',(1.935E0,5.E-1,0.E0));
#2780=VERTEX_POINT('',#2778);
#2781=VERTEX_POINT('',#2779);
#2782=CARTESIAN_POINT('',(1.935E0,2.E0,0.E0));
#2783=VERTEX_POINT('',#2782);
#2784=CARTESIAN_POINT('',(2.135E0,1.8E0,-2.E-1));
#2785=VERTEX_POINT('',#2784);
#2786=CARTESIAN_POINT('',(2.865E0,1.8E0,-2.E-1));
#2787=VERTEX_POINT('',#2786);
#2788=CARTESIAN_POINT('',(-2.865E0,1.3E0,-2.E-1));
#2789=CARTESIAN_POINT('',(-2.135E0,1.3E0,-2.E-1));
#2790=VERTEX_POINT('',#2788);
#2791=VERTEX_POINT('',#2789);
#2792=CARTESIAN_POINT('',(-1.935E0,5.E-1,0.E0));
#2793=CARTESIAN_POINT('',(-2.135E0,5.E-1,-2.E-1));
#2794=VERTEX_POINT('',#2792);
#2795=VERTEX_POINT('',#2793);
#2796=CARTESIAN_POINT('',(-1.935E0,1.5E0,0.E0));
#2797=VERTEX_POINT('',#2796);
#2798=CARTESIAN_POINT('',(-2.865E0,1.35E0,-1.5E-1));
#2799=CARTESIAN_POINT('',(-2.865E0,-1.9E0,-1.5E-1));
#2800=VERTEX_POINT('',#2798);
#2801=VERTEX_POINT('',#2799);
#2802=CARTESIAN_POINT('',(-2.951602540378E0,1.5E0,0.E0));
#2803=CARTESIAN_POINT('',(-2.951602540378E0,-1.986602540378E0,0.E0));
#2804=VERTEX_POINT('',#2802);
#2805=VERTEX_POINT('',#2803);
#2806=CARTESIAN_POINT('',(2.951602540378E0,-1.986602540378E0,0.E0));
#2807=VERTEX_POINT('',#2806);
#2808=CARTESIAN_POINT('',(2.865E0,-1.9E0,-1.5E-1));
#2809=VERTEX_POINT('',#2808);
#2810=CARTESIAN_POINT('',(2.951602540378E0,2.E0,0.E0));
#2811=VERTEX_POINT('',#2810);
#2812=CARTESIAN_POINT('',(2.865E0,1.85E0,-1.5E-1));
#2813=VERTEX_POINT('',#2812);
#2814=CARTESIAN_POINT('',(1.76E0,1.825E0,-4.4E0));
#2815=CARTESIAN_POINT('',(-1.76E0,1.825E0,-4.4E0));
#2816=VERTEX_POINT('',#2814);
#2817=VERTEX_POINT('',#2815);
#2818=CARTESIAN_POINT('',(1.76E0,5.E-1,0.E0));
#2819=CARTESIAN_POINT('',(1.76E0,1.825E0,0.E0));
#2820=VERTEX_POINT('',#2818);
#2821=VERTEX_POINT('',#2819);
#2822=CARTESIAN_POINT('',(-1.76E0,1.825E0,0.E0));
#2823=CARTESIAN_POINT('',(-1.76E0,5.E-1,0.E0));
#2824=VERTEX_POINT('',#2822);
#2825=VERTEX_POINT('',#2823);
#2826=CARTESIAN_POINT('',(1.76E0,5.E-1,-4.4E0));
#2827=VERTEX_POINT('',#2826);
#2828=CARTESIAN_POINT('',(-1.76E0,5.E-1,-4.4E0));
#2829=VERTEX_POINT('',#2828);
#2830=CARTESIAN_POINT('',(-6.85E-1,1.525E0,0.E0));
#2831=CARTESIAN_POINT('',(-6.85E-1,1.525E0,-7.5E-1));
#2832=VERTEX_POINT('',#2830);
#2833=VERTEX_POINT('',#2831);
#2834=CARTESIAN_POINT('',(6.85E-1,1.525E0,0.E0));
#2835=CARTESIAN_POINT('',(6.85E-1,1.525E0,-7.5E-1));
#2836=VERTEX_POINT('',#2834);
#2837=VERTEX_POINT('',#2835);
#2838=CARTESIAN_POINT('',(6.85E-1,1.825E0,0.E0));
#2839=VERTEX_POINT('',#2838);
#2840=CARTESIAN_POINT('',(-6.85E-1,1.825E0,0.E0));
#2841=VERTEX_POINT('',#2840);
#2842=CARTESIAN_POINT('',(-6.85E-1,1.825E0,-8.330415196484E-1));
#2843=CARTESIAN_POINT('',(6.85E-1,1.825E0,-8.330415196484E-1));
#2844=VERTEX_POINT('',#2842);
#2845=VERTEX_POINT('',#2843);
#2846=CARTESIAN_POINT('',(-6.85E-1,1.716365699267E0,-7.334149727302E-1));
#2847=CARTESIAN_POINT('',(6.85E-1,1.716365699267E0,-7.334149727302E-1));
#2848=VERTEX_POINT('',#2846);
#2849=VERTEX_POINT('',#2847);
#2850=CARTESIAN_POINT('',(-1.65E0,-2.4E0,-5.8E0));
#2851=CARTESIAN_POINT('',(-1.65E0,-2.4E0,-5.561930279495E0));
#2852=VERTEX_POINT('',#2850);
#2853=VERTEX_POINT('',#2851);
#2854=CARTESIAN_POINT('',(-1.35E0,-2.4E0,-5.8E0));
#2855=CARTESIAN_POINT('',(-1.35E0,-2.4E0,-5.561930279495E0));
#2856=VERTEX_POINT('',#2854);
#2857=VERTEX_POINT('',#2855);
#2858=CARTESIAN_POINT('',(-1.65E0,-5.5E-1,-4.4E0));
#2859=CARTESIAN_POINT('',(-1.65E0,-2.5E-1,-4.4E0));
#2860=VERTEX_POINT('',#2858);
#2861=VERTEX_POINT('',#2859);
#2862=CARTESIAN_POINT('',(-1.35E0,-5.5E-1,-4.4E0));
#2863=CARTESIAN_POINT('',(-1.35E0,-2.5E-1,-4.4E0));
#2864=VERTEX_POINT('',#2862);
#2865=VERTEX_POINT('',#2863);
#2866=CARTESIAN_POINT('',(-1.65E0,-6.918191770586E-1,-5.8E0));
#2867=VERTEX_POINT('',#2866);
#2868=CARTESIAN_POINT('',(-1.35E0,-6.918191770586E-1,-5.8E0));
#2869=VERTEX_POINT('',#2868);
#2870=CARTESIAN_POINT('',(-1.5E-1,-2.4E0,-5.8E0));
#2871=CARTESIAN_POINT('',(-1.5E-1,-6.918191770586E-1,-5.8E0));
#2872=VERTEX_POINT('',#2870);
#2873=VERTEX_POINT('',#2871);
#2874=CARTESIAN_POINT('',(1.5E-1,-2.4E0,-5.8E0));
#2875=CARTESIAN_POINT('',(1.5E-1,-6.918191770586E-1,-5.8E0));
#2876=VERTEX_POINT('',#2874);
#2877=VERTEX_POINT('',#2875);
#2878=CARTESIAN_POINT('',(-1.5E-1,-2.4E0,-5.561930279495E0));
#2879=VERTEX_POINT('',#2878);
#2880=CARTESIAN_POINT('',(1.5E-1,-2.4E0,-5.561930279495E0));
#2881=VERTEX_POINT('',#2880);
#2882=CARTESIAN_POINT('',(-1.5E-1,-5.5E-1,-4.4E0));
#2883=CARTESIAN_POINT('',(-1.5E-1,-2.5E-1,-4.4E0));
#2884=VERTEX_POINT('',#2882);
#2885=VERTEX_POINT('',#2883);
#2886=CARTESIAN_POINT('',(1.5E-1,-5.5E-1,-4.4E0));
#2887=CARTESIAN_POINT('',(1.5E-1,-2.5E-1,-4.4E0));
#2888=VERTEX_POINT('',#2886);
#2889=VERTEX_POINT('',#2887);
#2890=CARTESIAN_POINT('',(1.35E0,-2.4E0,-5.8E0));
#2891=CARTESIAN_POINT('',(1.35E0,-6.918191770586E-1,-5.8E0));
#2892=VERTEX_POINT('',#2890);
#2893=VERTEX_POINT('',#2891);
#2894=CARTESIAN_POINT('',(1.65E0,-2.4E0,-5.8E0));
#2895=CARTESIAN_POINT('',(1.65E0,-6.918191770586E-1,-5.8E0));
#2896=VERTEX_POINT('',#2894);
#2897=VERTEX_POINT('',#2895);
#2898=CARTESIAN_POINT('',(1.35E0,-2.4E0,-5.561930279495E0));
#2899=VERTEX_POINT('',#2898);
#2900=CARTESIAN_POINT('',(1.65E0,-2.4E0,-5.561930279495E0));
#2901=VERTEX_POINT('',#2900);
#2902=CARTESIAN_POINT('',(1.35E0,-5.5E-1,-4.4E0));
#2903=CARTESIAN_POINT('',(1.35E0,-2.5E-1,-4.4E0));
#2904=VERTEX_POINT('',#2902);
#2905=VERTEX_POINT('',#2903);
#2906=CARTESIAN_POINT('',(1.65E0,-5.5E-1,-4.4E0));
#2907=CARTESIAN_POINT('',(1.65E0,-2.5E-1,-4.4E0));
#2908=VERTEX_POINT('',#2906);
#2909=VERTEX_POINT('',#2907);
#2910=CARTESIAN_POINT('',(-3.175E0,2.4E0,-4.4E0));
#2911=CARTESIAN_POINT('',(-3.275E0,2.1E0,-4.4E0));
#2912=VERTEX_POINT('',#2910);
#2913=VERTEX_POINT('',#2911);
#2914=CARTESIAN_POINT('',(-3.275E0,2.1E0,-4.2E0));
#2915=CARTESIAN_POINT('',(-3.275E0,2.1E0,-3.85E0));
#2916=VERTEX_POINT('',#2914);
#2917=VERTEX_POINT('',#2915);
#2918=CARTESIAN_POINT('',(-3.175E0,2.4E0,-4.2E0));
#2919=VERTEX_POINT('',#2918);
#2920=CARTESIAN_POINT('',(-3.175E0,2.4E0,-3.75E0));
#2921=VERTEX_POINT('',#2920);
#2922=CARTESIAN_POINT('',(3.275E0,2.1E0,-3.85E0));
#2923=CARTESIAN_POINT('',(3.275E0,2.1E0,-4.2E0));
#2924=VERTEX_POINT('',#2922);
#2925=VERTEX_POINT('',#2923);
#2926=CARTESIAN_POINT('',(3.175E0,2.4E0,-3.75E0));
#2927=CARTESIAN_POINT('',(3.175E0,2.4E0,-4.2E0));
#2928=VERTEX_POINT('',#2926);
#2929=VERTEX_POINT('',#2927);
#2930=CARTESIAN_POINT('',(3.175E0,2.4E0,-4.4E0));
#2931=VERTEX_POINT('',#2930);
#2932=CARTESIAN_POINT('',(-3.275E0,1.55E0,-5.55E0));
#2933=CARTESIAN_POINT('',(-3.625E0,1.55E0,-5.9E0));
#2934=VERTEX_POINT('',#2932);
#2935=VERTEX_POINT('',#2933);
#2936=CARTESIAN_POINT('',(-3.625E0,1.55E0,-5.65E0));
#2937=CARTESIAN_POINT('',(-3.525E0,1.55E0,-5.55E0));
#2938=VERTEX_POINT('',#2936);
#2939=VERTEX_POINT('',#2937);
#2940=CARTESIAN_POINT('',(3.525E0,1.55E0,-5.55E0));
#2941=CARTESIAN_POINT('',(3.625E0,1.55E0,-5.65E0));
#2942=VERTEX_POINT('',#2940);
#2943=VERTEX_POINT('',#2941);
#2944=CARTESIAN_POINT('',(3.625E0,1.55E0,-5.9E0));
#2945=CARTESIAN_POINT('',(3.275E0,1.55E0,-5.55E0));
#2946=VERTEX_POINT('',#2944);
#2947=VERTEX_POINT('',#2945);
#2948=CARTESIAN_POINT('',(-3.275E0,-4.5E-1,-5.55E0));
#2949=CARTESIAN_POINT('',(-3.625E0,-4.5E-1,-5.9E0));
#2950=VERTEX_POINT('',#2948);
#2951=VERTEX_POINT('',#2949);
#2952=CARTESIAN_POINT('',(-3.625E0,-4.5E-1,-5.65E0));
#2953=CARTESIAN_POINT('',(-3.525E0,-4.5E-1,-5.55E0));
#2954=VERTEX_POINT('',#2952);
#2955=VERTEX_POINT('',#2953);
#2956=CARTESIAN_POINT('',(3.525E0,-4.5E-1,-5.55E0));
#2957=CARTESIAN_POINT('',(3.625E0,-4.5E-1,-5.65E0));
#2958=VERTEX_POINT('',#2956);
#2959=VERTEX_POINT('',#2957);
#2960=CARTESIAN_POINT('',(3.625E0,-4.5E-1,-5.9E0));
#2961=CARTESIAN_POINT('',(3.275E0,-4.5E-1,-5.55E0));
#2962=VERTEX_POINT('',#2960);
#2963=VERTEX_POINT('',#2961);
#2964=CARTESIAN_POINT('',(3.275E0,1.55E0,-5.42E0));
#2965=CARTESIAN_POINT('',(3.275E0,1.55E0,-4.4E0));
#2966=VERTEX_POINT('',#2964);
#2967=VERTEX_POINT('',#2965);
#2968=CARTESIAN_POINT('',(3.275E0,1.55E0,-4.2E0));
#2969=CARTESIAN_POINT('',(3.275E0,1.55E0,-3.85E0));
#2970=VERTEX_POINT('',#2968);
#2971=VERTEX_POINT('',#2969);
#2972=CARTESIAN_POINT('',(3.275E0,-4.5E-1,-5.42E0));
#2973=CARTESIAN_POINT('',(3.275E0,-4.5E-1,-4.9E0));
#2974=VERTEX_POINT('',#2972);
#2975=VERTEX_POINT('',#2973);
#2976=CARTESIAN_POINT('',(3.525E0,1.55E0,-3.85E0));
#2977=VERTEX_POINT('',#2976);
#2978=CARTESIAN_POINT('',(3.525E0,7.5E-1,-4.5E0));
#2979=CARTESIAN_POINT('',(3.525E0,7.5E-1,-4.8E0));
#2980=VERTEX_POINT('',#2978);
#2981=VERTEX_POINT('',#2979);
#2982=CARTESIAN_POINT('',(3.525E0,-4.5E-1,-4.9E0));
#2983=VERTEX_POINT('',#2982);
#2984=CARTESIAN_POINT('',(3.525E0,6.5E-1,-4.9E0));
#2985=VERTEX_POINT('',#2984);
#2986=CARTESIAN_POINT('',(-3.275E0,1.55E0,-5.42E0));
#2987=CARTESIAN_POINT('',(-3.275E0,1.55E0,-4.4E0));
#2988=VERTEX_POINT('',#2986);
#2989=VERTEX_POINT('',#2987);
#2990=CARTESIAN_POINT('',(-3.275E0,1.55E0,-4.2E0));
#2991=CARTESIAN_POINT('',(-3.275E0,1.55E0,-3.85E0));
#2992=VERTEX_POINT('',#2990);
#2993=VERTEX_POINT('',#2991);
#2994=CARTESIAN_POINT('',(-3.275E0,-4.5E-1,-5.42E0));
#2995=CARTESIAN_POINT('',(-3.275E0,-4.5E-1,-4.9E0));
#2996=VERTEX_POINT('',#2994);
#2997=VERTEX_POINT('',#2995);
#2998=CARTESIAN_POINT('',(-3.525E0,7.5E-1,-4.8E0));
#2999=CARTESIAN_POINT('',(-3.525E0,7.5E-1,-4.5E0));
#3000=VERTEX_POINT('',#2998);
#3001=VERTEX_POINT('',#2999);
#3002=CARTESIAN_POINT('',(-3.525E0,1.55E0,-3.85E0));
#3003=VERTEX_POINT('',#3002);
#3004=CARTESIAN_POINT('',(-3.525E0,-4.5E-1,-4.9E0));
#3005=VERTEX_POINT('',#3004);
#3006=CARTESIAN_POINT('',(-3.525E0,6.5E-1,-4.9E0));
#3007=VERTEX_POINT('',#3006);
#3008=CARTESIAN_POINT('',(-3.525E0,6.5E-1,-4.4E0));
#3009=VERTEX_POINT('',#3008);
#3010=CARTESIAN_POINT('',(3.525E0,6.5E-1,-4.4E0));
#3011=VERTEX_POINT('',#3010);
#3012=CARTESIAN_POINT('',(3.275E0,2.1E0,-4.4E0));
#3013=VERTEX_POINT('',#3012);
#3014=CARTESIAN_POINT('',(3.825E0,1.55E0,-5.9E0));
#3015=CARTESIAN_POINT('',(4.125E0,1.25E0,-5.9E0));
#3016=VERTEX_POINT('',#3014);
#3017=VERTEX_POINT('',#3015);
#3018=CARTESIAN_POINT('',(4.125E0,1.25E0,-5.65E0));
#3019=VERTEX_POINT('',#3018);
#3020=CARTESIAN_POINT('',(3.825E0,1.55E0,-5.65E0));
#3021=VERTEX_POINT('',#3020);
#3022=CARTESIAN_POINT('',(3.825E0,-4.5E-1,-5.65E0));
#3023=CARTESIAN_POINT('',(4.125E0,-1.5E-1,-5.65E0));
#3024=VERTEX_POINT('',#3022);
#3025=VERTEX_POINT('',#3023);
#3026=CARTESIAN_POINT('',(4.125E0,-1.5E-1,-5.9E0));
#3027=VERTEX_POINT('',#3026);
#3028=CARTESIAN_POINT('',(3.825E0,-4.5E-1,-5.9E0));
#3029=VERTEX_POINT('',#3028);
#3030=CARTESIAN_POINT('',(-3.825E0,1.55E0,-5.65E0));
#3031=CARTESIAN_POINT('',(-4.125E0,1.25E0,-5.65E0));
#3032=VERTEX_POINT('',#3030);
#3033=VERTEX_POINT('',#3031);
#3034=CARTESIAN_POINT('',(-4.125E0,1.25E0,-5.9E0));
#3035=VERTEX_POINT('',#3034);
#3036=CARTESIAN_POINT('',(-3.825E0,1.55E0,-5.9E0));
#3037=VERTEX_POINT('',#3036);
#3038=CARTESIAN_POINT('',(-3.825E0,-4.5E-1,-5.9E0));
#3039=CARTESIAN_POINT('',(-4.125E0,-1.5E-1,-5.9E0));
#3040=VERTEX_POINT('',#3038);
#3041=VERTEX_POINT('',#3039);
#3042=CARTESIAN_POINT('',(-4.125E0,-1.5E-1,-5.65E0));
#3043=VERTEX_POINT('',#3042);
#3044=CARTESIAN_POINT('',(-3.825E0,-4.5E-1,-5.65E0));
#3045=VERTEX_POINT('',#3044);
#3046=CARTESIAN_POINT('',(3.95E0,2.1E0,-3.85E0));
#3047=CARTESIAN_POINT('',(3.95E0,2.4E0,-3.75E0));
#3048=VERTEX_POINT('',#3046);
#3049=VERTEX_POINT('',#3047);
#3050=CARTESIAN_POINT('',(-3.95E0,2.4E0,-3.75E0));
#3051=CARTESIAN_POINT('',(-3.95E0,2.1E0,-3.85E0));
#3052=VERTEX_POINT('',#3050);
#3053=VERTEX_POINT('',#3051);
#3054=CARTESIAN_POINT('',(-2.895E0,2.4E0,-5.8E0));
#3055=CARTESIAN_POINT('',(-3.175E0,2.4E0,-5.52E0));
#3056=VERTEX_POINT('',#3054);
#3057=VERTEX_POINT('',#3055);
#3058=CARTESIAN_POINT('',(-3.275E0,2.1E0,-5.42E0));
#3059=VERTEX_POINT('',#3058);
#3060=CARTESIAN_POINT('',(-2.895E0,-6.E-1,-5.8E0));
#3061=VERTEX_POINT('',#3060);
#3062=CARTESIAN_POINT('',(3.275E0,2.1E0,-5.42E0));
#3063=CARTESIAN_POINT('',(3.175E0,2.4E0,-5.52E0));
#3064=VERTEX_POINT('',#3062);
#3065=VERTEX_POINT('',#3063);
#3066=CARTESIAN_POINT('',(2.895E0,2.4E0,-5.8E0));
#3067=VERTEX_POINT('',#3066);
#3068=CARTESIAN_POINT('',(2.895E0,-6.E-1,-5.8E0));
#3069=VERTEX_POINT('',#3068);
#3070=CARTESIAN_POINT('',(3.275E0,-6.E-1,-5.42E0));
#3071=VERTEX_POINT('',#3070);
#3072=CARTESIAN_POINT('',(-3.275E0,-6.E-1,-5.42E0));
#3073=VERTEX_POINT('',#3072);
#3074=CARTESIAN_POINT('',(-3.275E0,-1.5E0,-2.65E0));
#3075=CARTESIAN_POINT('',(-3.55E0,-1.5E0,-2.65E0));
#3076=VERTEX_POINT('',#3074);
#3077=VERTEX_POINT('',#3075);
#3078=CARTESIAN_POINT('',(-3.55E0,-1.92E0,-2.65E0));
#3079=VERTEX_POINT('',#3078);
#3080=CARTESIAN_POINT('',(-3.275E0,-1.92E0,-2.65E0));
#3081=VERTEX_POINT('',#3080);
#3082=CARTESIAN_POINT('',(-3.175E0,-1.E0,-2.65E0));
#3083=CARTESIAN_POINT('',(-3.175E0,-8.E-1,-2.65E0));
#3084=VERTEX_POINT('',#3082);
#3085=VERTEX_POINT('',#3083);
#3086=CARTESIAN_POINT('',(-3.275E0,-8.E-1,-2.65E0));
#3087=VERTEX_POINT('',#3086);
#3088=CARTESIAN_POINT('',(-3.275E0,-4.5E-1,-2.65E0));
#3089=VERTEX_POINT('',#3088);
#3090=CARTESIAN_POINT('',(-3.55E0,-4.5E-1,-2.65E0));
#3091=VERTEX_POINT('',#3090);
#3092=CARTESIAN_POINT('',(3.65E0,-1.E0,-2.65E0));
#3093=CARTESIAN_POINT('',(3.65E0,-8.E-1,-2.65E0));
#3094=VERTEX_POINT('',#3092);
#3095=VERTEX_POINT('',#3093);
#3096=CARTESIAN_POINT('',(3.65E0,-8.E-1,-9.E-1));
#3097=VERTEX_POINT('',#3096);
#3098=CARTESIAN_POINT('',(3.75E0,-7.E-1,-8.E-1));
#3099=VERTEX_POINT('',#3098);
#3100=CARTESIAN_POINT('',(-3.275E0,-1.E0,-9.E-1));
#3101=VERTEX_POINT('',#3100);
#3102=CARTESIAN_POINT('',(-3.55E0,-4.5E-1,-9.E-1));
#3103=VERTEX_POINT('',#3102);
#3104=CARTESIAN_POINT('',(-3.55E0,-1.92E0,-2.25E0));
#3105=CARTESIAN_POINT('',(-3.55E0,-1.5E0,-2.25E0));
#3106=VERTEX_POINT('',#3104);
#3107=VERTEX_POINT('',#3105);
#3108=CARTESIAN_POINT('',(-3.65E0,-2.02E0,-2.15E0));
#3109=VERTEX_POINT('',#3108);
#3110=CARTESIAN_POINT('',(-3.275E0,-1.92E0,-2.25E0));
#3111=VERTEX_POINT('',#3110);
#3112=CARTESIAN_POINT('',(-1.40625E0,-1.8E0,-4.39E0));
#3113=CARTESIAN_POINT('',(-1.40625E0,-1.05E0,-4.39E0));
#3114=VERTEX_POINT('',#3112);
#3115=VERTEX_POINT('',#3113);
#3116=CARTESIAN_POINT('',(-1.5E0,-1.05E0,-4.39E0));
#3117=VERTEX_POINT('',#3116);
#3118=CARTESIAN_POINT('',(-1.59375E0,-1.161702114344E0,-4.39E0));
#3119=VERTEX_POINT('',#3118);
#3120=CARTESIAN_POINT('',(-1.59375E0,-1.289361718297E0,-4.39E0));
#3121=VERTEX_POINT('',#3120);
#3122=CARTESIAN_POINT('',(-1.5E0,-1.177659559250E0,-4.39E0));
#3123=VERTEX_POINT('',#3122);
#3124=CARTESIAN_POINT('',(-1.5E0,-1.8E0,-4.39E0));
#3125=VERTEX_POINT('',#3124);
#3126=CARTESIAN_POINT('',(-1.40625E0,-1.8E0,-4.4E0));
#3127=CARTESIAN_POINT('',(-1.40625E0,-1.05E0,-4.4E0));
#3128=VERTEX_POINT('',#3126);
#3129=VERTEX_POINT('',#3127);
#3130=CARTESIAN_POINT('',(-1.5E0,-1.05E0,-4.4E0));
#3131=VERTEX_POINT('',#3130);
#3132=CARTESIAN_POINT('',(-1.59375E0,-1.161702114344E0,-4.4E0));
#3133=VERTEX_POINT('',#3132);
#3134=CARTESIAN_POINT('',(-1.59375E0,-1.289361718297E0,-4.4E0));
#3135=VERTEX_POINT('',#3134);
#3136=CARTESIAN_POINT('',(-1.5E0,-1.177659559250E0,-4.4E0));
#3137=VERTEX_POINT('',#3136);
#3138=CARTESIAN_POINT('',(-1.5E0,-1.8E0,-4.4E0));
#3139=VERTEX_POINT('',#3138);
#3140=CARTESIAN_POINT('',(-1.65E0,-3.265452080061E0,-5.593407839354E0));
#3141=CARTESIAN_POINT('',(-1.65E0,-3.254547919942E0,-5.893209606013E0));
#3142=VERTEX_POINT('',#3140);
#3143=VERTEX_POINT('',#3141);
#3144=CARTESIAN_POINT('',(-1.65E0,-2.5E-1,-2.1E0));
#3145=CARTESIAN_POINT('',(-1.65E0,-5.5E-1,-2.1E0));
#3146=VERTEX_POINT('',#3144);
#3147=VERTEX_POINT('',#3145);
#3148=CARTESIAN_POINT('',(-1.35E0,-3.265452080061E0,-5.593407839354E0));
#3149=CARTESIAN_POINT('',(-1.35E0,-3.254547919942E0,-5.893209606013E0));
#3150=VERTEX_POINT('',#3148);
#3151=VERTEX_POINT('',#3149);
#3152=CARTESIAN_POINT('',(-1.35E0,-2.5E-1,-2.1E0));
#3153=CARTESIAN_POINT('',(-1.35E0,-5.5E-1,-2.1E0));
#3154=VERTEX_POINT('',#3152);
#3155=VERTEX_POINT('',#3153);
#3156=CARTESIAN_POINT('',(-1.5E-1,-3.265452080061E0,-5.593407839354E0));
#3157=CARTESIAN_POINT('',(-1.5E-1,-3.254547919942E0,-5.893209606013E0));
#3158=VERTEX_POINT('',#3156);
#3159=VERTEX_POINT('',#3157);
#3160=CARTESIAN_POINT('',(-1.5E-1,-2.5E-1,-2.1E0));
#3161=CARTESIAN_POINT('',(-1.5E-1,-5.5E-1,-2.1E0));
#3162=VERTEX_POINT('',#3160);
#3163=VERTEX_POINT('',#3161);
#3164=CARTESIAN_POINT('',(1.5E-1,-3.265452080061E0,-5.593407839354E0));
#3165=CARTESIAN_POINT('',(1.5E-1,-3.254547919942E0,-5.893209606013E0));
#3166=VERTEX_POINT('',#3164);
#3167=VERTEX_POINT('',#3165);
#3168=CARTESIAN_POINT('',(1.5E-1,-2.5E-1,-2.1E0));
#3169=CARTESIAN_POINT('',(1.5E-1,-5.5E-1,-2.1E0));
#3170=VERTEX_POINT('',#3168);
#3171=VERTEX_POINT('',#3169);
#3172=CARTESIAN_POINT('',(1.35E0,-3.265452080061E0,-5.593407839354E0));
#3173=CARTESIAN_POINT('',(1.35E0,-3.254547919942E0,-5.893209606013E0));
#3174=VERTEX_POINT('',#3172);
#3175=VERTEX_POINT('',#3173);
#3176=CARTESIAN_POINT('',(1.35E0,-2.5E-1,-2.1E0));
#3177=CARTESIAN_POINT('',(1.35E0,-5.5E-1,-2.1E0));
#3178=VERTEX_POINT('',#3176);
#3179=VERTEX_POINT('',#3177);
#3180=CARTESIAN_POINT('',(1.65E0,-3.265452080061E0,-5.593407839354E0));
#3181=CARTESIAN_POINT('',(1.65E0,-3.254547919942E0,-5.893209606013E0));
#3182=VERTEX_POINT('',#3180);
#3183=VERTEX_POINT('',#3181);
#3184=CARTESIAN_POINT('',(1.65E0,-2.5E-1,-2.1E0));
#3185=CARTESIAN_POINT('',(1.65E0,-5.5E-1,-2.1E0));
#3186=VERTEX_POINT('',#3184);
#3187=VERTEX_POINT('',#3185);
#3188=CARTESIAN_POINT('',(3.525E0,-2.5E-1,-3.85E0));
#3189=CARTESIAN_POINT('',(3.55E0,-2.5E-1,-3.85E0));
#3190=VERTEX_POINT('',#3188);
#3191=VERTEX_POINT('',#3189);
#3192=CARTESIAN_POINT('',(-3.525E0,-2.5E-1,-3.85E0));
#3193=CARTESIAN_POINT('',(-3.55E0,-2.5E-1,-3.85E0));
#3194=VERTEX_POINT('',#3192);
#3195=VERTEX_POINT('',#3193);
#3196=CARTESIAN_POINT('',(-3.55E0,-2.5E-1,-4.2E0));
#3197=VERTEX_POINT('',#3196);
#3198=CARTESIAN_POINT('',(-3.65E0,-2.5E-1,-4.4E0));
#3199=CARTESIAN_POINT('',(-3.525E0,-2.5E-1,-4.4E0));
#3200=VERTEX_POINT('',#3198);
#3201=VERTEX_POINT('',#3199);
#3202=CARTESIAN_POINT('',(3.55E0,-2.5E-1,-4.2E0));
#3203=VERTEX_POINT('',#3202);
#3204=CARTESIAN_POINT('',(3.65E0,-2.5E-1,-4.2E0));
#3205=VERTEX_POINT('',#3204);
#3206=CARTESIAN_POINT('',(3.65E0,-2.5E-1,-4.4E0));
#3207=VERTEX_POINT('',#3206);
#3208=CARTESIAN_POINT('',(-3.65E0,-2.5E-1,-4.2E0));
#3209=VERTEX_POINT('',#3208);
#3210=CARTESIAN_POINT('',(-3.175E0,1.4E0,-4.4E0));
#3211=CARTESIAN_POINT('',(-3.275E0,1.4E0,-4.4E0));
#3212=VERTEX_POINT('',#3210);
#3213=VERTEX_POINT('',#3211);
#3214=CARTESIAN_POINT('',(3.175E0,1.4E0,-4.4E0));
#3215=CARTESIAN_POINT('',(3.275E0,1.4E0,-4.4E0));
#3216=VERTEX_POINT('',#3214);
#3217=VERTEX_POINT('',#3215);
#3218=CARTESIAN_POINT('',(3.175E0,1.4E0,-4.2E0));
#3219=VERTEX_POINT('',#3218);
#3220=CARTESIAN_POINT('',(3.275E0,1.4E0,-4.2E0));
#3221=VERTEX_POINT('',#3220);
#3222=CARTESIAN_POINT('',(-3.275E0,1.4E0,-4.2E0));
#3223=CARTESIAN_POINT('',(-3.175E0,1.4E0,-4.2E0));
#3224=VERTEX_POINT('',#3222);
#3225=VERTEX_POINT('',#3223);
#3226=CARTESIAN_POINT('',(3.525E0,-2.5E-1,-4.4E0));
#3227=VERTEX_POINT('',#3226);
#3228=CARTESIAN_POINT('',(3.6125E0,2.25E0,-3.8E0));
#3229=DIRECTION('',(0.E0,3.162277660168E-1,-9.486832980505E-1));
#3230=DIRECTION('',(0.E0,-9.486832980505E-1,-3.162277660168E-1));
#3231=AXIS2_PLACEMENT_3D('',#3228,#3229,#3230);
#3232=PLANE('',#3231);
#3234=ORIENTED_EDGE('',*,*,#3233,.T.);
#3236=ORIENTED_EDGE('',*,*,#3235,.T.);
#3238=ORIENTED_EDGE('',*,*,#3237,.F.);
#3240=ORIENTED_EDGE('',*,*,#3239,.F.);
#3241=EDGE_LOOP('',(#3234,#3236,#3238,#3240));
#3242=FACE_OUTER_BOUND('',#3241,.F.);
#3244=CARTESIAN_POINT('',(3.95E0,-2.4E0,0.E0));
#3245=DIRECTION('',(1.E0,0.E0,0.E0));
#3246=DIRECTION('',(0.E0,1.E0,0.E0));
#3247=AXIS2_PLACEMENT_3D('',#3244,#3245,#3246);
#3248=PLANE('',#3247);
#3249=ORIENTED_EDGE('',*,*,#3233,.F.);
#3251=ORIENTED_EDGE('',*,*,#3250,.T.);
#3253=ORIENTED_EDGE('',*,*,#3252,.T.);
#3255=ORIENTED_EDGE('',*,*,#3254,.F.);
#3257=ORIENTED_EDGE('',*,*,#3256,.T.);
#3259=ORIENTED_EDGE('',*,*,#3258,.F.);
#3261=ORIENTED_EDGE('',*,*,#3260,.F.);
#3263=ORIENTED_EDGE('',*,*,#3262,.F.);
#3265=ORIENTED_EDGE('',*,*,#3264,.T.);
#3267=ORIENTED_EDGE('',*,*,#3266,.T.);
#3269=ORIENTED_EDGE('',*,*,#3268,.F.);
#3271=ORIENTED_EDGE('',*,*,#3270,.T.);
#3273=ORIENTED_EDGE('',*,*,#3272,.F.);
#3275=ORIENTED_EDGE('',*,*,#3274,.F.);
#3277=ORIENTED_EDGE('',*,*,#3276,.T.);
#3279=ORIENTED_EDGE('',*,*,#3278,.T.);
#3280=EDGE_LOOP('',(#3249,#3251,#3253,#3255,#3257,#3259,#3261,#3263,#3265,#3267,
#3269,#3271,#3273,#3275,#3277,#3279));
#3281=FACE_OUTER_BOUND('',#3280,.F.);
#3283=CARTESIAN_POINT('',(3.95E0,2.4E0,-3.85E0));
#3284=DIRECTION('',(0.E0,0.E0,1.E0));
#3285=DIRECTION('',(0.E0,-1.E0,0.E0));
#3286=AXIS2_PLACEMENT_3D('',#3283,#3284,#3285);
#3287=PLANE('',#3286);
#3289=ORIENTED_EDGE('',*,*,#3288,.T.);
#3291=ORIENTED_EDGE('',*,*,#3290,.T.);
#3293=ORIENTED_EDGE('',*,*,#3292,.F.);
#3295=ORIENTED_EDGE('',*,*,#3294,.F.);
#3296=ORIENTED_EDGE('',*,*,#3250,.F.);
#3297=ORIENTED_EDGE('',*,*,#3239,.T.);
#3299=ORIENTED_EDGE('',*,*,#3298,.T.);
#3301=ORIENTED_EDGE('',*,*,#3300,.T.);
#3303=ORIENTED_EDGE('',*,*,#3302,.F.);
#3304=EDGE_LOOP('',(#3289,#3291,#3293,#3295,#3296,#3297,#3299,#3301,#3303));
#3305=FACE_OUTER_BOUND('',#3304,.F.);
#3307=CARTESIAN_POINT('',(3.95E0,-2.5E-1,-3.85E0));
#3308=DIRECTION('',(0.E0,-1.E0,0.E0));
#3309=DIRECTION('',(0.E0,0.E0,-1.E0));
#3310=AXIS2_PLACEMENT_3D('',#3307,#3308,#3309);
#3311=PLANE('',#3310);
#3312=ORIENTED_EDGE('',*,*,#3288,.F.);
#3314=ORIENTED_EDGE('',*,*,#3313,.T.);
#3316=ORIENTED_EDGE('',*,*,#3315,.T.);
#3318=ORIENTED_EDGE('',*,*,#3317,.F.);
#3320=ORIENTED_EDGE('',*,*,#3319,.F.);
#3322=ORIENTED_EDGE('',*,*,#3321,.T.);
#3323=EDGE_LOOP('',(#3312,#3314,#3316,#3318,#3320,#3322));
#3324=FACE_OUTER_BOUND('',#3323,.F.);
#3326=CARTESIAN_POINT('',(3.95E0,-2.5E-1,-3.85E0));
#3327=DIRECTION('',(0.E0,-1.E0,0.E0));
#3328=DIRECTION('',(0.E0,0.E0,-1.E0));
#3329=AXIS2_PLACEMENT_3D('',#3326,#3327,#3328);
#3330=PLANE('',#3329);
#3332=ORIENTED_EDGE('',*,*,#3331,.T.);
#3334=ORIENTED_EDGE('',*,*,#3333,.T.);
#3336=ORIENTED_EDGE('',*,*,#3335,.F.);
#3338=ORIENTED_EDGE('',*,*,#3337,.F.);
#3340=ORIENTED_EDGE('',*,*,#3339,.T.);
#3342=ORIENTED_EDGE('',*,*,#3341,.F.);
#3343=EDGE_LOOP('',(#3332,#3334,#3336,#3338,#3340,#3342));
#3344=FACE_OUTER_BOUND('',#3343,.F.);
#3346=CARTESIAN_POINT('',(3.525E0,1.55E0,-3.85E0));
#3347=DIRECTION('',(1.E0,0.E0,0.E0));
#3348=DIRECTION('',(0.E0,0.E0,-1.E0));
#3349=AXIS2_PLACEMENT_3D('',#3346,#3347,#3348);
#3350=PLANE('',#3349);
#3351=ORIENTED_EDGE('',*,*,#3313,.F.);
#3352=ORIENTED_EDGE('',*,*,#3302,.T.);
#3354=ORIENTED_EDGE('',*,*,#3353,.T.);
#3356=ORIENTED_EDGE('',*,*,#3355,.T.);
#3358=ORIENTED_EDGE('',*,*,#3357,.F.);
#3360=ORIENTED_EDGE('',*,*,#3359,.F.);
#3362=ORIENTED_EDGE('',*,*,#3361,.T.);
#3364=ORIENTED_EDGE('',*,*,#3363,.F.);
#3366=ORIENTED_EDGE('',*,*,#3365,.F.);
#3368=ORIENTED_EDGE('',*,*,#3367,.F.);
#3369=EDGE_LOOP('',(#3351,#3352,#3354,#3356,#3358,#3360,#3362,#3364,#3366,
#3368));
#3370=FACE_OUTER_BOUND('',#3369,.F.);
#3372=CARTESIAN_POINT('',(0.E0,1.55E0,0.E0));
#3373=DIRECTION('',(0.E0,1.E0,0.E0));
#3374=DIRECTION('',(-1.E0,0.E0,0.E0));
#3375=AXIS2_PLACEMENT_3D('',#3372,#3373,#3374);
#3376=PLANE('',#3375);
#3378=ORIENTED_EDGE('',*,*,#3377,.F.);
#3380=ORIENTED_EDGE('',*,*,#3379,.F.);
#3382=ORIENTED_EDGE('',*,*,#3381,.F.);
#3383=ORIENTED_EDGE('',*,*,#3353,.F.);
#3384=ORIENTED_EDGE('',*,*,#3300,.F.);
#3386=ORIENTED_EDGE('',*,*,#3385,.F.);
#3388=ORIENTED_EDGE('',*,*,#3387,.F.);
#3390=ORIENTED_EDGE('',*,*,#3389,.F.);
#3392=ORIENTED_EDGE('',*,*,#3391,.F.);
#3394=ORIENTED_EDGE('',*,*,#3393,.F.);
#3396=ORIENTED_EDGE('',*,*,#3395,.F.);
#3397=EDGE_LOOP('',(#3378,#3380,#3382,#3383,#3384,#3386,#3388,#3390,#3392,#3394,
#3396));
#3398=FACE_OUTER_BOUND('',#3397,.F.);
#3400=CARTESIAN_POINT('',(0.E0,1.55E0,0.E0));
#3401=DIRECTION('',(0.E0,1.E0,0.E0));
#3402=DIRECTION('',(-1.E0,0.E0,0.E0));
#3403=AXIS2_PLACEMENT_3D('',#3400,#3401,#3402);
#3404=PLANE('',#3403);
#3406=ORIENTED_EDGE('',*,*,#3405,.F.);
#3408=ORIENTED_EDGE('',*,*,#3407,.F.);
#3410=ORIENTED_EDGE('',*,*,#3409,.F.);
#3412=ORIENTED_EDGE('',*,*,#3411,.F.);
#3414=ORIENTED_EDGE('',*,*,#3413,.T.);
#3416=ORIENTED_EDGE('',*,*,#3415,.F.);
#3418=ORIENTED_EDGE('',*,*,#3417,.T.);
#3420=ORIENTED_EDGE('',*,*,#3419,.T.);
#3422=ORIENTED_EDGE('',*,*,#3421,.F.);
#3424=ORIENTED_EDGE('',*,*,#3423,.F.);
#3426=ORIENTED_EDGE('',*,*,#3425,.F.);
#3427=EDGE_LOOP('',(#3406,#3408,#3410,#3412,#3414,#3416,#3418,#3420,#3422,#3424,
#3426));
#3428=FACE_OUTER_BOUND('',#3427,.F.);
#3430=CARTESIAN_POINT('',(3.825E0,1.25E0,7.69124E0));
#3431=DIRECTION('',(0.E0,0.E0,-1.E0));
#3432=DIRECTION('',(0.E0,1.E0,0.E0));
#3433=AXIS2_PLACEMENT_3D('',#3430,#3431,#3432);
#3434=CYLINDRICAL_SURFACE('',#3433,3.E-1);
#3436=ORIENTED_EDGE('',*,*,#3435,.T.);
#3438=ORIENTED_EDGE('',*,*,#3437,.F.);
#3440=ORIENTED_EDGE('',*,*,#3439,.T.);
#3441=ORIENTED_EDGE('',*,*,#3377,.T.);
#3442=EDGE_LOOP('',(#3436,#3438,#3440,#3441));
#3443=FACE_OUTER_BOUND('',#3442,.F.);
#3445=CARTESIAN_POINT('',(4.125E0,1.55E0,-5.9E0));
#3446=DIRECTION('',(0.E0,0.E0,-1.E0));
#3447=DIRECTION('',(-1.E0,0.E0,0.E0));
#3448=AXIS2_PLACEMENT_3D('',#3445,#3446,#3447);
#3449=PLANE('',#3448);
#3450=ORIENTED_EDGE('',*,*,#3435,.F.);
#3451=ORIENTED_EDGE('',*,*,#3395,.T.);
#3453=ORIENTED_EDGE('',*,*,#3452,.T.);
#3455=ORIENTED_EDGE('',*,*,#3454,.F.);
#3457=ORIENTED_EDGE('',*,*,#3456,.F.);
#3459=ORIENTED_EDGE('',*,*,#3458,.F.);
#3460=EDGE_LOOP('',(#3450,#3451,#3453,#3455,#3457,#3459));
#3461=FACE_OUTER_BOUND('',#3460,.F.);
#3463=CARTESIAN_POINT('',(3.625E0,1.55E0,-5.55E0));
#3464=DIRECTION('',(0.E0,1.E0,0.E0));
#3465=DIRECTION('',(-1.E0,0.E0,0.E0));
#3466=AXIS2_PLACEMENT_3D('',#3463,#3464,#3465);
#3467=CYLINDRICAL_SURFACE('',#3466,3.5E-1);
#3468=ORIENTED_EDGE('',*,*,#3393,.T.);
#3470=ORIENTED_EDGE('',*,*,#3469,.T.);
#3472=ORIENTED_EDGE('',*,*,#3471,.F.);
#3473=ORIENTED_EDGE('',*,*,#3452,.F.);
#3474=EDGE_LOOP('',(#3468,#3470,#3472,#3473));
#3475=FACE_OUTER_BOUND('',#3474,.F.);
#3477=CARTESIAN_POINT('',(3.275E0,1.55E0,-5.55E0));
#3478=DIRECTION('',(-1.E0,0.E0,0.E0));
#3479=DIRECTION('',(0.E0,0.E0,1.E0));
#3480=AXIS2_PLACEMENT_3D('',#3477,#3478,#3479);
#3481=PLANE('',#3480);
#3482=ORIENTED_EDGE('',*,*,#3391,.T.);
#3484=ORIENTED_EDGE('',*,*,#3483,.F.);
#3486=ORIENTED_EDGE('',*,*,#3485,.F.);
#3487=ORIENTED_EDGE('',*,*,#3469,.F.);
#3488=EDGE_LOOP('',(#3482,#3484,#3486,#3487));
#3489=FACE_OUTER_BOUND('',#3488,.F.);
#3491=CARTESIAN_POINT('',(3.275E0,1.55E0,-5.55E0));
#3492=DIRECTION('',(-1.E0,0.E0,0.E0));
#3493=DIRECTION('',(0.E0,0.E0,1.E0));
#3494=AXIS2_PLACEMENT_3D('',#3491,#3492,#3493);
#3495=PLANE('',#3494);
#3497=ORIENTED_EDGE('',*,*,#3496,.T.);
#3499=ORIENTED_EDGE('',*,*,#3498,.F.);
#3500=ORIENTED_EDGE('',*,*,#3387,.T.);
#3502=ORIENTED_EDGE('',*,*,#3501,.F.);
#3503=EDGE_LOOP('',(#3497,#3499,#3500,#3502));
#3504=FACE_OUTER_BOUND('',#3503,.F.);
#3506=CARTESIAN_POINT('',(3.085E0,7.5E-1,-5.61E0));
#3507=DIRECTION('',(7.071067811865E-1,0.E0,-7.071067811865E-1));
#3508=DIRECTION('',(7.071067811865E-1,0.E0,7.071067811865E-1));
#3509=AXIS2_PLACEMENT_3D('',#3506,#3507,#3508);
#3510=PLANE('',#3509);
#3511=ORIENTED_EDGE('',*,*,#3483,.T.);
#3513=ORIENTED_EDGE('',*,*,#3512,.F.);
#3515=ORIENTED_EDGE('',*,*,#3514,.T.);
#3517=ORIENTED_EDGE('',*,*,#3516,.T.);
#3519=ORIENTED_EDGE('',*,*,#3518,.T.);
#3521=ORIENTED_EDGE('',*,*,#3520,.T.);
#3523=ORIENTED_EDGE('',*,*,#3522,.F.);
#3524=EDGE_LOOP('',(#3511,#3513,#3515,#3517,#3519,#3521,#3523));
#3525=FACE_OUTER_BOUND('',#3524,.F.);
#3527=CARTESIAN_POINT('',(3.275E0,0.E0,0.E0));
#3528=DIRECTION('',(1.E0,0.E0,0.E0));
#3529=DIRECTION('',(0.E0,0.E0,-1.E0));
#3530=AXIS2_PLACEMENT_3D('',#3527,#3528,#3529);
#3531=PLANE('',#3530);
#3533=ORIENTED_EDGE('',*,*,#3532,.T.);
#3535=ORIENTED_EDGE('',*,*,#3534,.T.);
#3537=ORIENTED_EDGE('',*,*,#3536,.T.);
#3539=ORIENTED_EDGE('',*,*,#3538,.T.);
#3540=EDGE_LOOP('',(#3533,#3535,#3537,#3539));
#3541=FACE_OUTER_BOUND('',#3540,.F.);
#3543=CARTESIAN_POINT('',(3.275E0,0.E0,0.E0));
#3544=DIRECTION('',(1.E0,0.E0,0.E0));
#3545=DIRECTION('',(0.E0,0.E0,-1.E0));
#3546=AXIS2_PLACEMENT_3D('',#3543,#3544,#3545);
#3547=PLANE('',#3546);
#3549=ORIENTED_EDGE('',*,*,#3548,.T.);
#3551=ORIENTED_EDGE('',*,*,#3550,.T.);
#3553=ORIENTED_EDGE('',*,*,#3552,.F.);
#3555=ORIENTED_EDGE('',*,*,#3554,.F.);
#3557=ORIENTED_EDGE('',*,*,#3556,.F.);
#3559=ORIENTED_EDGE('',*,*,#3558,.F.);
#3561=ORIENTED_EDGE('',*,*,#3560,.T.);
#3563=ORIENTED_EDGE('',*,*,#3562,.F.);
#3565=ORIENTED_EDGE('',*,*,#3564,.F.);
#3567=ORIENTED_EDGE('',*,*,#3566,.F.);
#3569=ORIENTED_EDGE('',*,*,#3568,.T.);
#3570=EDGE_LOOP('',(#3549,#3551,#3553,#3555,#3557,#3559,#3561,#3563,#3565,#3567,
#3569));
#3571=FACE_OUTER_BOUND('',#3570,.F.);
#3573=CARTESIAN_POINT('',(3.275E0,0.E0,0.E0));
#3574=DIRECTION('',(1.E0,0.E0,0.E0));
#3575=DIRECTION('',(0.E0,0.E0,-1.E0));
#3576=AXIS2_PLACEMENT_3D('',#3573,#3574,#3575);
#3577=PLANE('',#3576);
#3578=ORIENTED_EDGE('',*,*,#3389,.T.);
#3580=ORIENTED_EDGE('',*,*,#3579,.T.);
#3582=ORIENTED_EDGE('',*,*,#3581,.T.);
#3583=ORIENTED_EDGE('',*,*,#3512,.T.);
#3584=EDGE_LOOP('',(#3578,#3580,#3582,#3583));
#3585=FACE_OUTER_BOUND('',#3584,.F.);
#3587=CARTESIAN_POINT('',(3.275E0,0.E0,0.E0));
#3588=DIRECTION('',(1.E0,0.E0,0.E0));
#3589=DIRECTION('',(0.E0,0.E0,-1.E0));
#3590=AXIS2_PLACEMENT_3D('',#3587,#3588,#3589);
#3591=PLANE('',#3590);
#3592=ORIENTED_EDGE('',*,*,#3385,.T.);
#3593=ORIENTED_EDGE('',*,*,#3298,.F.);
#3595=ORIENTED_EDGE('',*,*,#3594,.T.);
#3597=ORIENTED_EDGE('',*,*,#3596,.T.);
#3598=EDGE_LOOP('',(#3592,#3593,#3595,#3597));
#3599=FACE_OUTER_BOUND('',#3598,.F.);
#3601=CARTESIAN_POINT('',(3.275E0,0.E0,0.E0));
#3602=DIRECTION('',(1.E0,0.E0,0.E0));
#3603=DIRECTION('',(0.E0,0.E0,-1.E0));
#3604=AXIS2_PLACEMENT_3D('',#3601,#3602,#3603);
#3605=PLANE('',#3604);
#3607=ORIENTED_EDGE('',*,*,#3606,.F.);
#3608=ORIENTED_EDGE('',*,*,#3522,.T.);
#3610=ORIENTED_EDGE('',*,*,#3609,.F.);
#3612=ORIENTED_EDGE('',*,*,#3611,.F.);
#3614=ORIENTED_EDGE('',*,*,#3613,.F.);
#3616=ORIENTED_EDGE('',*,*,#3615,.F.);
#3617=EDGE_LOOP('',(#3607,#3608,#3610,#3612,#3614,#3616));
#3618=FACE_OUTER_BOUND('',#3617,.F.);
#3620=CARTESIAN_POINT('',(3.225E0,-6.25E-1,-1.5E-1));
#3621=DIRECTION('',(9.486832980505E-1,0.E0,3.162277660168E-1));
#3622=DIRECTION('',(3.162277660168E-1,0.E0,-9.486832980505E-1));
#3623=AXIS2_PLACEMENT_3D('',#3620,#3621,#3622);
#3624=PLANE('',#3623);
#3626=ORIENTED_EDGE('',*,*,#3625,.T.);
#3628=ORIENTED_EDGE('',*,*,#3627,.T.);
#3630=ORIENTED_EDGE('',*,*,#3629,.F.);
#3631=ORIENTED_EDGE('',*,*,#3532,.F.);
#3632=EDGE_LOOP('',(#3626,#3628,#3630,#3631));
#3633=FACE_OUTER_BOUND('',#3632,.F.);
#3635=CARTESIAN_POINT('',(3.275E0,-8.E-1,0.E0));
#3636=DIRECTION('',(0.E0,1.E0,0.E0));
#3637=DIRECTION('',(-1.E0,0.E0,0.E0));
#3638=AXIS2_PLACEMENT_3D('',#3635,#3636,#3637);
#3639=PLANE('',#3638);
#3640=ORIENTED_EDGE('',*,*,#3625,.F.);
#3641=ORIENTED_EDGE('',*,*,#3538,.F.);
#3643=ORIENTED_EDGE('',*,*,#3642,.T.);
#3645=ORIENTED_EDGE('',*,*,#3644,.F.);
#3646=EDGE_LOOP('',(#3640,#3641,#3643,#3645));
#3647=FACE_OUTER_BOUND('',#3646,.F.);
#3649=CARTESIAN_POINT('',(0.E0,0.E0,-2.65E0));
#3650=DIRECTION('',(0.E0,0.E0,1.E0));
#3651=DIRECTION('',(1.E0,0.E0,0.E0));
#3652=AXIS2_PLACEMENT_3D('',#3649,#3650,#3651);
#3653=PLANE('',#3652);
#3654=ORIENTED_EDGE('',*,*,#3560,.F.);
#3656=ORIENTED_EDGE('',*,*,#3655,.F.);
#3658=ORIENTED_EDGE('',*,*,#3657,.F.);
#3660=ORIENTED_EDGE('',*,*,#3659,.F.);
#3661=EDGE_LOOP('',(#3654,#3656,#3658,#3660));
#3662=FACE_OUTER_BOUND('',#3661,.F.);
#3664=CARTESIAN_POINT('',(0.E0,0.E0,-2.65E0));
#3665=DIRECTION('',(0.E0,0.E0,1.E0));
#3666=DIRECTION('',(1.E0,0.E0,0.E0));
#3667=AXIS2_PLACEMENT_3D('',#3664,#3665,#3666);
#3668=PLANE('',#3667);
#3670=ORIENTED_EDGE('',*,*,#3669,.F.);
#3672=ORIENTED_EDGE('',*,*,#3671,.F.);
#3674=ORIENTED_EDGE('',*,*,#3673,.F.);
#3676=ORIENTED_EDGE('',*,*,#3675,.F.);
#3677=EDGE_LOOP('',(#3670,#3672,#3674,#3676));
#3678=FACE_OUTER_BOUND('',#3677,.F.);
#3680=CARTESIAN_POINT('',(0.E0,0.E0,-2.65E0));
#3681=DIRECTION('',(0.E0,0.E0,1.E0));
#3682=DIRECTION('',(1.E0,0.E0,0.E0));
#3683=AXIS2_PLACEMENT_3D('',#3680,#3681,#3682);
#3684=PLANE('',#3683);
#3686=ORIENTED_EDGE('',*,*,#3685,.T.);
#3688=ORIENTED_EDGE('',*,*,#3687,.F.);
#3690=ORIENTED_EDGE('',*,*,#3689,.F.);
#3692=ORIENTED_EDGE('',*,*,#3691,.F.);
#3694=ORIENTED_EDGE('',*,*,#3693,.F.);
#3696=ORIENTED_EDGE('',*,*,#3695,.F.);
#3698=ORIENTED_EDGE('',*,*,#3697,.F.);
#3700=ORIENTED_EDGE('',*,*,#3699,.F.);
#3701=EDGE_LOOP('',(#3686,#3688,#3690,#3692,#3694,#3696,#3698,#3700));
#3702=FACE_OUTER_BOUND('',#3701,.F.);
#3704=CARTESIAN_POINT('',(0.E0,0.E0,-2.65E0));
#3705=DIRECTION('',(0.E0,0.E0,1.E0));
#3706=DIRECTION('',(1.E0,0.E0,0.E0));
#3707=AXIS2_PLACEMENT_3D('',#3704,#3705,#3706);
#3708=PLANE('',#3707);
#3710=ORIENTED_EDGE('',*,*,#3709,.F.);
#3712=ORIENTED_EDGE('',*,*,#3711,.F.);
#3714=ORIENTED_EDGE('',*,*,#3713,.F.);
#3716=ORIENTED_EDGE('',*,*,#3715,.F.);
#3718=ORIENTED_EDGE('',*,*,#3717,.F.);
#3719=ORIENTED_EDGE('',*,*,#3642,.F.);
#3720=ORIENTED_EDGE('',*,*,#3536,.F.);
#3722=ORIENTED_EDGE('',*,*,#3721,.F.);
#3723=EDGE_LOOP('',(#3710,#3712,#3714,#3716,#3718,#3719,#3720,#3722));
#3724=FACE_OUTER_BOUND('',#3723,.F.);
#3726=CARTESIAN_POINT('',(3.95E0,-1.5E0,-2.15E0));
#3727=DIRECTION('',(0.E0,1.E0,0.E0));
#3728=DIRECTION('',(0.E0,0.E0,1.E0));
#3729=AXIS2_PLACEMENT_3D('',#3726,#3727,#3728);
#3730=PLANE('',#3729);
#3732=ORIENTED_EDGE('',*,*,#3731,.T.);
#3734=ORIENTED_EDGE('',*,*,#3733,.F.);
#3736=ORIENTED_EDGE('',*,*,#3735,.T.);
#3737=ORIENTED_EDGE('',*,*,#3655,.T.);
#3738=ORIENTED_EDGE('',*,*,#3558,.T.);
#3740=ORIENTED_EDGE('',*,*,#3739,.T.);
#3741=ORIENTED_EDGE('',*,*,#3266,.F.);
#3742=EDGE_LOOP('',(#3732,#3734,#3736,#3737,#3738,#3740,#3741));
#3743=FACE_OUTER_BOUND('',#3742,.F.);
#3745=CARTESIAN_POINT('',(3.95E0,-2.4E0,-2.15E0));
#3746=DIRECTION('',(0.E0,0.E0,-1.E0));
#3747=DIRECTION('',(0.E0,1.E0,0.E0));
#3748=AXIS2_PLACEMENT_3D('',#3745,#3746,#3747);
#3749=PLANE('',#3748);
#3751=ORIENTED_EDGE('',*,*,#3750,.T.);
#3753=ORIENTED_EDGE('',*,*,#3752,.F.);
#3754=ORIENTED_EDGE('',*,*,#3566,.T.);
#3756=ORIENTED_EDGE('',*,*,#3755,.F.);
#3758=ORIENTED_EDGE('',*,*,#3757,.F.);
#3759=ORIENTED_EDGE('',*,*,#3731,.F.);
#3760=ORIENTED_EDGE('',*,*,#3264,.F.);
#3761=EDGE_LOOP('',(#3751,#3753,#3754,#3756,#3758,#3759,#3760));
#3762=FACE_OUTER_BOUND('',#3761,.F.);
#3764=CARTESIAN_POINT('',(-3.95E0,-2.4E0,0.E0));
#3765=DIRECTION('',(0.E0,-1.E0,0.E0));
#3766=DIRECTION('',(1.E0,0.E0,0.E0));
#3767=AXIS2_PLACEMENT_3D('',#3764,#3765,#3766);
#3768=PLANE('',#3767);
#3770=ORIENTED_EDGE('',*,*,#3769,.F.);
#3772=ORIENTED_EDGE('',*,*,#3771,.F.);
#3774=ORIENTED_EDGE('',*,*,#3773,.T.);
#3776=ORIENTED_EDGE('',*,*,#3775,.F.);
#3778=ORIENTED_EDGE('',*,*,#3777,.F.);
#3780=ORIENTED_EDGE('',*,*,#3779,.F.);
#3782=ORIENTED_EDGE('',*,*,#3781,.T.);
#3784=ORIENTED_EDGE('',*,*,#3783,.F.);
#3786=ORIENTED_EDGE('',*,*,#3785,.F.);
#3788=ORIENTED_EDGE('',*,*,#3787,.F.);
#3790=ORIENTED_EDGE('',*,*,#3789,.F.);
#3792=ORIENTED_EDGE('',*,*,#3791,.F.);
#3794=ORIENTED_EDGE('',*,*,#3793,.F.);
#3796=ORIENTED_EDGE('',*,*,#3795,.T.);
#3798=ORIENTED_EDGE('',*,*,#3797,.T.);
#3800=ORIENTED_EDGE('',*,*,#3799,.T.);
#3802=ORIENTED_EDGE('',*,*,#3801,.F.);
#3804=ORIENTED_EDGE('',*,*,#3803,.T.);
#3806=ORIENTED_EDGE('',*,*,#3805,.T.);
#3808=ORIENTED_EDGE('',*,*,#3807,.T.);
#3810=ORIENTED_EDGE('',*,*,#3809,.F.);
#3812=ORIENTED_EDGE('',*,*,#3811,.T.);
#3814=ORIENTED_EDGE('',*,*,#3813,.F.);
#3815=ORIENTED_EDGE('',*,*,#3750,.F.);
#3816=ORIENTED_EDGE('',*,*,#3262,.T.);
#3818=ORIENTED_EDGE('',*,*,#3817,.F.);
#3820=ORIENTED_EDGE('',*,*,#3819,.T.);
#3822=ORIENTED_EDGE('',*,*,#3821,.F.);
#3823=EDGE_LOOP('',(#3770,#3772,#3774,#3776,#3778,#3780,#3782,#3784,#3786,#3788,
#3790,#3792,#3794,#3796,#3798,#3800,#3802,#3804,#3806,#3808,#3810,#3812,#3814,
#3815,#3816,#3818,#3820,#3822));
#3824=FACE_OUTER_BOUND('',#3823,.F.);
#3826=CARTESIAN_POINT('',(1.35E0,0.E0,-4.4E0));
#3827=DIRECTION('',(1.E0,0.E0,0.E0));
#3828=DIRECTION('',(0.E0,1.E0,0.E0));
#3829=AXIS2_PLACEMENT_3D('',#3826,#3827,#3828);
#3830=PLANE('',#3829);
#3832=ORIENTED_EDGE('',*,*,#3831,.F.);
#3833=ORIENTED_EDGE('',*,*,#3769,.T.);
#3835=ORIENTED_EDGE('',*,*,#3834,.T.);
#3837=ORIENTED_EDGE('',*,*,#3836,.T.);
#3839=ORIENTED_EDGE('',*,*,#3838,.T.);
#3840=EDGE_LOOP('',(#3832,#3833,#3835,#3837,#3839));
#3841=FACE_OUTER_BOUND('',#3840,.F.);
#3843=CARTESIAN_POINT('',(1.35E0,0.E0,-4.4E0));
#3844=DIRECTION('',(1.E0,0.E0,0.E0));
#3845=DIRECTION('',(0.E0,1.E0,0.E0));
#3846=AXIS2_PLACEMENT_3D('',#3843,#3844,#3845);
#3847=PLANE('',#3846);
#3849=ORIENTED_EDGE('',*,*,#3848,.T.);
#3851=ORIENTED_EDGE('',*,*,#3850,.T.);
#3853=ORIENTED_EDGE('',*,*,#3852,.T.);
#3855=ORIENTED_EDGE('',*,*,#3854,.T.);
#3856=EDGE_LOOP('',(#3849,#3851,#3853,#3855));
#3857=FACE_OUTER_BOUND('',#3856,.F.);
#3859=CARTESIAN_POINT('',(0.E0,0.E0,-5.8E0));
#3860=DIRECTION('',(0.E0,0.E0,1.E0));
#3861=DIRECTION('',(1.E0,0.E0,0.E0));
#3862=AXIS2_PLACEMENT_3D('',#3859,#3860,#3861);
#3863=PLANE('',#3862);
#3864=ORIENTED_EDGE('',*,*,#3831,.T.);
#3866=ORIENTED_EDGE('',*,*,#3865,.T.);
#3868=ORIENTED_EDGE('',*,*,#3867,.F.);
#3869=ORIENTED_EDGE('',*,*,#3817,.T.);
#3870=ORIENTED_EDGE('',*,*,#3260,.T.);
#3872=ORIENTED_EDGE('',*,*,#3871,.F.);
#3873=ORIENTED_EDGE('',*,*,#3518,.F.);
#3875=ORIENTED_EDGE('',*,*,#3874,.T.);
#3877=ORIENTED_EDGE('',*,*,#3876,.F.);
#3879=ORIENTED_EDGE('',*,*,#3878,.F.);
#3881=ORIENTED_EDGE('',*,*,#3880,.T.);
#3882=ORIENTED_EDGE('',*,*,#3787,.T.);
#3884=ORIENTED_EDGE('',*,*,#3883,.T.);
#3886=ORIENTED_EDGE('',*,*,#3885,.T.);
#3888=ORIENTED_EDGE('',*,*,#3887,.F.);
#3889=ORIENTED_EDGE('',*,*,#3779,.T.);
#3891=ORIENTED_EDGE('',*,*,#3890,.T.);
#3893=ORIENTED_EDGE('',*,*,#3892,.T.);
#3895=ORIENTED_EDGE('',*,*,#3894,.F.);
#3896=ORIENTED_EDGE('',*,*,#3771,.T.);
#3897=EDGE_LOOP('',(#3864,#3866,#3868,#3869,#3870,#3872,#3873,#3875,#3877,#3879,
#3881,#3882,#3884,#3886,#3888,#3889,#3891,#3893,#3895,#3896));
#3898=FACE_OUTER_BOUND('',#3897,.F.);
#3900=CARTESIAN_POINT('',(1.35E0,-3.254547919942E0,-5.893209606013E0));
#3901=DIRECTION('',(0.E0,3.634720039469E-2,-9.993392221981E-1));
#3902=DIRECTION('',(0.E0,9.993392221981E-1,3.634720039469E-2));
#3903=AXIS2_PLACEMENT_3D('',#3900,#3901,#3902);
#3904=PLANE('',#3903);
#3905=ORIENTED_EDGE('',*,*,#3865,.F.);
#3906=ORIENTED_EDGE('',*,*,#3838,.F.);
#3908=ORIENTED_EDGE('',*,*,#3907,.T.);
#3910=ORIENTED_EDGE('',*,*,#3909,.T.);
#3911=EDGE_LOOP('',(#3905,#3906,#3908,#3910));
#3912=FACE_OUTER_BOUND('',#3911,.F.);
#3914=CARTESIAN_POINT('',(1.35E0,-3.265452080061E0,-5.593407839354E0));
#3915=DIRECTION('',(0.E0,-9.993392221981E-1,-3.634720039469E-2));
#3916=DIRECTION('',(0.E0,3.634720039469E-2,-9.993392221981E-1));
#3917=AXIS2_PLACEMENT_3D('',#3914,#3915,#3916);
#3918=PLANE('',#3917);
#3919=ORIENTED_EDGE('',*,*,#3836,.F.);
#3921=ORIENTED_EDGE('',*,*,#3920,.T.);
#3923=ORIENTED_EDGE('',*,*,#3922,.T.);
#3924=ORIENTED_EDGE('',*,*,#3907,.F.);
#3925=EDGE_LOOP('',(#3919,#3921,#3923,#3924));
#3926=FACE_OUTER_BOUND('',#3925,.F.);
#3928=CARTESIAN_POINT('',(1.35E0,-5.5E-1,-5.494643497153E0));
#3929=DIRECTION('',(0.E0,-3.634720039469E-2,9.993392221981E-1));
#3930=DIRECTION('',(0.E0,-9.993392221981E-1,-3.634720039469E-2));
#3931=AXIS2_PLACEMENT_3D('',#3928,#3929,#3930);
#3932=PLANE('',#3931);
#3933=ORIENTED_EDGE('',*,*,#3821,.T.);
#3935=ORIENTED_EDGE('',*,*,#3934,.T.);
#3936=ORIENTED_EDGE('',*,*,#3920,.F.);
#3937=ORIENTED_EDGE('',*,*,#3834,.F.);
#3938=EDGE_LOOP('',(#3933,#3935,#3936,#3937));
#3939=FACE_OUTER_BOUND('',#3938,.F.);
#3941=CARTESIAN_POINT('',(1.65E0,0.E0,-4.4E0));
#3942=DIRECTION('',(1.E0,0.E0,0.E0));
#3943=DIRECTION('',(0.E0,1.E0,0.E0));
#3944=AXIS2_PLACEMENT_3D('',#3941,#3942,#3943);
#3945=PLANE('',#3944);
#3946=ORIENTED_EDGE('',*,*,#3867,.T.);
#3947=ORIENTED_EDGE('',*,*,#3909,.F.);
#3948=ORIENTED_EDGE('',*,*,#3922,.F.);
#3949=ORIENTED_EDGE('',*,*,#3934,.F.);
#3950=ORIENTED_EDGE('',*,*,#3819,.F.);
#3951=EDGE_LOOP('',(#3946,#3947,#3948,#3949,#3950));
#3952=FACE_OUTER_BOUND('',#3951,.F.);
#3954=CARTESIAN_POINT('',(1.65E0,0.E0,-4.4E0));
#3955=DIRECTION('',(1.E0,0.E0,0.E0));
#3956=DIRECTION('',(0.E0,1.E0,0.E0));
#3957=AXIS2_PLACEMENT_3D('',#3954,#3955,#3956);
#3958=PLANE('',#3957);
#3960=ORIENTED_EDGE('',*,*,#3959,.F.);
#3962=ORIENTED_EDGE('',*,*,#3961,.F.);
#3964=ORIENTED_EDGE('',*,*,#3963,.F.);
#3966=ORIENTED_EDGE('',*,*,#3965,.F.);
#3967=EDGE_LOOP('',(#3960,#3962,#3964,#3966));
#3968=FACE_OUTER_BOUND('',#3967,.F.);
#3970=CARTESIAN_POINT('',(0.E0,0.E0,-4.4E0));
#3971=DIRECTION('',(0.E0,0.E0,1.E0));
#3972=DIRECTION('',(1.E0,0.E0,0.E0));
#3973=AXIS2_PLACEMENT_3D('',#3970,#3971,#3972);
#3974=PLANE('',#3973);
#3976=ORIENTED_EDGE('',*,*,#3975,.F.);
#3978=ORIENTED_EDGE('',*,*,#3977,.F.);
#3980=ORIENTED_EDGE('',*,*,#3979,.F.);
#3982=ORIENTED_EDGE('',*,*,#3981,.F.);
#3984=ORIENTED_EDGE('',*,*,#3983,.F.);
#3986=ORIENTED_EDGE('',*,*,#3985,.F.);
#3988=ORIENTED_EDGE('',*,*,#3987,.F.);
#3990=ORIENTED_EDGE('',*,*,#3989,.F.);
#3992=ORIENTED_EDGE('',*,*,#3991,.F.);
#3994=ORIENTED_EDGE('',*,*,#3993,.F.);
#3996=ORIENTED_EDGE('',*,*,#3995,.F.);
#3998=ORIENTED_EDGE('',*,*,#3997,.F.);
#3999=EDGE_LOOP('',(#3976,#3978,#3980,#3982,#3984,#3986,#3988,#3990,#3992,#3994,
#3996,#3998));
#4000=FACE_OUTER_BOUND('',#3999,.F.);
#4002=ORIENTED_EDGE('',*,*,#4001,.F.);
#4004=ORIENTED_EDGE('',*,*,#4003,.T.);
#4006=ORIENTED_EDGE('',*,*,#4005,.T.);
#4008=ORIENTED_EDGE('',*,*,#4007,.F.);
#4009=EDGE_LOOP('',(#4002,#4004,#4006,#4008));
#4010=FACE_BOUND('',#4009,.F.);
#4012=ORIENTED_EDGE('',*,*,#4011,.F.);
#4014=ORIENTED_EDGE('',*,*,#4013,.T.);
#4016=ORIENTED_EDGE('',*,*,#4015,.T.);
#4018=ORIENTED_EDGE('',*,*,#4017,.F.);
#4019=EDGE_LOOP('',(#4012,#4014,#4016,#4018));
#4020=FACE_BOUND('',#4019,.F.);
#4021=ORIENTED_EDGE('',*,*,#3848,.F.);
#4023=ORIENTED_EDGE('',*,*,#4022,.T.);
#4024=ORIENTED_EDGE('',*,*,#3959,.T.);
#4026=ORIENTED_EDGE('',*,*,#4025,.F.);
#4027=EDGE_LOOP('',(#4021,#4023,#4024,#4026));
#4028=FACE_BOUND('',#4027,.F.);
#4030=ORIENTED_EDGE('',*,*,#4029,.T.);
#4032=ORIENTED_EDGE('',*,*,#4031,.T.);
#4034=ORIENTED_EDGE('',*,*,#4033,.T.);
#4036=ORIENTED_EDGE('',*,*,#4035,.T.);
#4038=ORIENTED_EDGE('',*,*,#4037,.T.);
#4040=ORIENTED_EDGE('',*,*,#4039,.T.);
#4042=ORIENTED_EDGE('',*,*,#4041,.T.);
#4043=EDGE_LOOP('',(#4030,#4032,#4034,#4036,#4038,#4040,#4042));
#4044=FACE_BOUND('',#4043,.F.);
#4046=CARTESIAN_POINT('',(2.135E0,5.E-1,0.E0));
#4047=DIRECTION('',(0.E0,1.E0,0.E0));
#4048=DIRECTION('',(-1.E0,0.E0,0.E0));
#4049=AXIS2_PLACEMENT_3D('',#4046,#4047,#4048);
#4050=PLANE('',#4049);
#4052=ORIENTED_EDGE('',*,*,#4051,.T.);
#4054=ORIENTED_EDGE('',*,*,#4053,.F.);
#4056=ORIENTED_EDGE('',*,*,#4055,.F.);
#4058=ORIENTED_EDGE('',*,*,#4057,.T.);
#4059=ORIENTED_EDGE('',*,*,#3983,.T.);
#4060=EDGE_LOOP('',(#4052,#4054,#4056,#4058,#4059));
#4061=FACE_OUTER_BOUND('',#4060,.F.);
#4063=CARTESIAN_POINT('',(2.135E0,5.E-1,0.E0));
#4064=DIRECTION('',(0.E0,1.E0,0.E0));
#4065=DIRECTION('',(-1.E0,0.E0,0.E0));
#4066=AXIS2_PLACEMENT_3D('',#4063,#4064,#4065);
#4067=PLANE('',#4066);
#4069=ORIENTED_EDGE('',*,*,#4068,.F.);
#4070=ORIENTED_EDGE('',*,*,#3975,.T.);
#4072=ORIENTED_EDGE('',*,*,#4071,.F.);
#4074=ORIENTED_EDGE('',*,*,#4073,.F.);
#4076=ORIENTED_EDGE('',*,*,#4075,.F.);
#4077=EDGE_LOOP('',(#4069,#4070,#4072,#4074,#4076));
#4078=FACE_OUTER_BOUND('',#4077,.F.);
#4080=CARTESIAN_POINT('',(1.76E0,5.E-1,0.E0));
#4081=DIRECTION('',(1.E0,0.E0,0.E0));
#4082=DIRECTION('',(0.E0,1.E0,0.E0));
#4083=AXIS2_PLACEMENT_3D('',#4080,#4081,#4082);
#4084=PLANE('',#4083);
#4086=ORIENTED_EDGE('',*,*,#4085,.F.);
#4087=ORIENTED_EDGE('',*,*,#4051,.F.);
#4088=ORIENTED_EDGE('',*,*,#3981,.T.);
#4090=ORIENTED_EDGE('',*,*,#4089,.F.);
#4091=EDGE_LOOP('',(#4086,#4087,#4088,#4090));
#4092=FACE_OUTER_BOUND('',#4091,.F.);
#4094=CARTESIAN_POINT('',(0.E0,0.E0,0.E0));
#4095=DIRECTION('',(0.E0,0.E0,1.E0));
#4096=DIRECTION('',(1.E0,0.E0,0.E0));
#4097=AXIS2_PLACEMENT_3D('',#4094,#4095,#4096);
#4098=PLANE('',#4097);
#4099=ORIENTED_EDGE('',*,*,#3811,.F.);
#4101=ORIENTED_EDGE('',*,*,#4100,.T.);
#4103=ORIENTED_EDGE('',*,*,#4102,.T.);
#4105=ORIENTED_EDGE('',*,*,#4104,.F.);
#4106=ORIENTED_EDGE('',*,*,#3803,.F.);
#4108=ORIENTED_EDGE('',*,*,#4107,.T.);
#4110=ORIENTED_EDGE('',*,*,#4109,.T.);
#4112=ORIENTED_EDGE('',*,*,#4111,.F.);
#4113=ORIENTED_EDGE('',*,*,#3795,.F.);
#4115=ORIENTED_EDGE('',*,*,#4114,.F.);
#4117=ORIENTED_EDGE('',*,*,#4116,.F.);
#4119=ORIENTED_EDGE('',*,*,#4118,.T.);
#4121=ORIENTED_EDGE('',*,*,#4120,.F.);
#4123=ORIENTED_EDGE('',*,*,#4122,.F.);
#4125=ORIENTED_EDGE('',*,*,#4124,.F.);
#4127=ORIENTED_EDGE('',*,*,#4126,.F.);
#4128=ORIENTED_EDGE('',*,*,#3276,.F.);
#4130=ORIENTED_EDGE('',*,*,#4129,.F.);
#4131=ORIENTED_EDGE('',*,*,#3627,.F.);
#4133=ORIENTED_EDGE('',*,*,#4132,.T.);
#4135=ORIENTED_EDGE('',*,*,#4134,.F.);
#4137=ORIENTED_EDGE('',*,*,#4136,.F.);
#4138=EDGE_LOOP('',(#4099,#4101,#4103,#4105,#4106,#4108,#4110,#4112,#4113,#4115,
#4117,#4119,#4121,#4123,#4125,#4127,#4128,#4130,#4131,#4133,#4135,#4137));
#4139=FACE_OUTER_BOUND('',#4138,.F.);
#4141=ORIENTED_EDGE('',*,*,#4140,.T.);
#4143=ORIENTED_EDGE('',*,*,#4142,.T.);
#4145=ORIENTED_EDGE('',*,*,#4144,.F.);
#4147=ORIENTED_EDGE('',*,*,#4146,.F.);
#4149=ORIENTED_EDGE('',*,*,#4148,.T.);
#4151=ORIENTED_EDGE('',*,*,#4150,.T.);
#4152=ORIENTED_EDGE('',*,*,#4075,.T.);
#4154=ORIENTED_EDGE('',*,*,#4153,.F.);
#4156=ORIENTED_EDGE('',*,*,#4155,.F.);
#4158=ORIENTED_EDGE('',*,*,#4157,.T.);
#4160=ORIENTED_EDGE('',*,*,#4159,.F.);
#4162=ORIENTED_EDGE('',*,*,#4161,.T.);
#4164=ORIENTED_EDGE('',*,*,#4163,.F.);
#4166=ORIENTED_EDGE('',*,*,#4165,.F.);
#4167=ORIENTED_EDGE('',*,*,#4053,.T.);
#4168=ORIENTED_EDGE('',*,*,#4085,.T.);
#4169=EDGE_LOOP('',(#4141,#4143,#4145,#4147,#4149,#4151,#4152,#4154,#4156,#4158,
#4160,#4162,#4164,#4166,#4167,#4168));
#4170=FACE_BOUND('',#4169,.F.);
#4172=CARTESIAN_POINT('',(2.71E0,-2.4E0,-1.5E0));
#4173=DIRECTION('',(1.E0,0.E0,0.E0));
#4174=DIRECTION('',(0.E0,0.E0,1.E0));
#4175=AXIS2_PLACEMENT_3D('',#4172,#4173,#4174);
#4176=PLANE('',#4175);
#4177=ORIENTED_EDGE('',*,*,#3809,.T.);
#4179=ORIENTED_EDGE('',*,*,#4178,.T.);
#4181=ORIENTED_EDGE('',*,*,#4180,.T.);
#4182=ORIENTED_EDGE('',*,*,#4100,.F.);
#4183=EDGE_LOOP('',(#4177,#4179,#4181,#4182));
#4184=FACE_OUTER_BOUND('',#4183,.F.);
#4186=CARTESIAN_POINT('',(1.91E0,-2.4E0,-1.5E0));
#4187=DIRECTION('',(0.E0,0.E0,-1.E0));
#4188=DIRECTION('',(1.E0,0.E0,0.E0));
#4189=AXIS2_PLACEMENT_3D('',#4186,#4187,#4188);
#4190=PLANE('',#4189);
#4191=ORIENTED_EDGE('',*,*,#3807,.F.);
#4193=ORIENTED_EDGE('',*,*,#4192,.T.);
#4195=ORIENTED_EDGE('',*,*,#4194,.T.);
#4196=ORIENTED_EDGE('',*,*,#4178,.F.);
#4197=EDGE_LOOP('',(#4191,#4193,#4195,#4196));
#4198=FACE_OUTER_BOUND('',#4197,.F.);
#4200=CARTESIAN_POINT('',(1.91E0,-2.4E0,0.E0));
#4201=DIRECTION('',(-1.E0,0.E0,0.E0));
#4202=DIRECTION('',(0.E0,0.E0,-1.E0));
#4203=AXIS2_PLACEMENT_3D('',#4200,#4201,#4202);
#4204=PLANE('',#4203);
#4205=ORIENTED_EDGE('',*,*,#3805,.F.);
#4206=ORIENTED_EDGE('',*,*,#4104,.T.);
#4208=ORIENTED_EDGE('',*,*,#4207,.T.);
#4209=ORIENTED_EDGE('',*,*,#4192,.F.);
#4210=EDGE_LOOP('',(#4205,#4206,#4208,#4209));
#4211=FACE_OUTER_BOUND('',#4210,.F.);
#4213=CARTESIAN_POINT('',(0.E0,-2.5E0,0.E0));
#4214=DIRECTION('',(0.E0,-1.E0,0.E0));
#4215=DIRECTION('',(1.E0,0.E0,0.E0));
#4216=AXIS2_PLACEMENT_3D('',#4213,#4214,#4215);
#4217=PLANE('',#4216);
#4219=ORIENTED_EDGE('',*,*,#4218,.F.);
#4220=ORIENTED_EDGE('',*,*,#4109,.F.);
#4222=ORIENTED_EDGE('',*,*,#4221,.F.);
#4224=ORIENTED_EDGE('',*,*,#4223,.F.);
#4225=EDGE_LOOP('',(#4219,#4220,#4222,#4224));
#4226=FACE_OUTER_BOUND('',#4225,.F.);
#4228=CARTESIAN_POINT('',(0.E0,-2.5E0,0.E0));
#4229=DIRECTION('',(0.E0,-1.E0,0.E0));
#4230=DIRECTION('',(1.E0,0.E0,0.E0));
#4231=AXIS2_PLACEMENT_3D('',#4228,#4229,#4230);
#4232=PLANE('',#4231);
#4233=ORIENTED_EDGE('',*,*,#4102,.F.);
#4234=ORIENTED_EDGE('',*,*,#4180,.F.);
#4235=ORIENTED_EDGE('',*,*,#4194,.F.);
#4236=ORIENTED_EDGE('',*,*,#4207,.F.);
#4237=EDGE_LOOP('',(#4233,#4234,#4235,#4236));
#4238=FACE_OUTER_BOUND('',#4237,.F.);
#4240=CARTESIAN_POINT('',(-2.71E0,-2.4E0,0.E0));
#4241=DIRECTION('',(-1.E0,0.E0,0.E0));
#4242=DIRECTION('',(0.E0,0.E0,-1.E0));
#4243=AXIS2_PLACEMENT_3D('',#4240,#4241,#4242);
#4244=PLANE('',#4243);
#4245=ORIENTED_EDGE('',*,*,#3797,.F.);
#4246=ORIENTED_EDGE('',*,*,#4111,.T.);
#4247=ORIENTED_EDGE('',*,*,#4218,.T.);
#4249=ORIENTED_EDGE('',*,*,#4248,.F.);
#4250=EDGE_LOOP('',(#4245,#4246,#4247,#4249));
#4251=FACE_OUTER_BOUND('',#4250,.F.);
#4253=CARTESIAN_POINT('',(-2.71E0,-2.4E0,-1.5E0));
#4254=DIRECTION('',(0.E0,0.E0,-1.E0));
#4255=DIRECTION('',(1.E0,0.E0,0.E0));
#4256=AXIS2_PLACEMENT_3D('',#4253,#4254,#4255);
#4257=PLANE('',#4256);
#4258=ORIENTED_EDGE('',*,*,#3799,.F.);
#4259=ORIENTED_EDGE('',*,*,#4248,.T.);
#4260=ORIENTED_EDGE('',*,*,#4223,.T.);
#4262=ORIENTED_EDGE('',*,*,#4261,.F.);
#4263=EDGE_LOOP('',(#4258,#4259,#4260,#4262));
#4264=FACE_OUTER_BOUND('',#4263,.F.);
#4266=CARTESIAN_POINT('',(-1.91E0,-2.4E0,-1.5E0));
#4267=DIRECTION('',(1.E0,0.E0,0.E0));
#4268=DIRECTION('',(0.E0,0.E0,1.E0));
#4269=AXIS2_PLACEMENT_3D('',#4266,#4267,#4268);
#4270=PLANE('',#4269);
#4271=ORIENTED_EDGE('',*,*,#3801,.T.);
#4272=ORIENTED_EDGE('',*,*,#4261,.T.);
#4273=ORIENTED_EDGE('',*,*,#4221,.T.);
#4274=ORIENTED_EDGE('',*,*,#4107,.F.);
#4275=EDGE_LOOP('',(#4271,#4272,#4273,#4274));
#4276=FACE_OUTER_BOUND('',#4275,.F.);
#4278=CARTESIAN_POINT('',(-3.15E0,-2.275E0,-1.075E0));
#4279=DIRECTION('',(-7.071067811865E-1,-7.071067811865E-1,0.E0));
#4280=DIRECTION('',(-7.071067811865E-1,7.071067811865E-1,0.E0));
#4281=AXIS2_PLACEMENT_3D('',#4278,#4279,#4280);
#4282=PLANE('',#4281);
#4284=ORIENTED_EDGE('',*,*,#4283,.F.);
#4285=ORIENTED_EDGE('',*,*,#4114,.T.);
#4286=ORIENTED_EDGE('',*,*,#3793,.T.);
#4288=ORIENTED_EDGE('',*,*,#4287,.T.);
#4290=ORIENTED_EDGE('',*,*,#4289,.F.);
#4291=EDGE_LOOP('',(#4284,#4285,#4286,#4288,#4290));
#4292=FACE_OUTER_BOUND('',#4291,.F.);
#4294=CARTESIAN_POINT('',(-3.225E0,-1.575E0,-1.5E-1));
#4295=DIRECTION('',(-9.486832980505E-1,0.E0,3.162277660168E-1));
#4296=DIRECTION('',(-3.162277660168E-1,0.E0,-9.486832980505E-1));
#4297=AXIS2_PLACEMENT_3D('',#4294,#4295,#4296);
#4298=PLANE('',#4297);
#4299=ORIENTED_EDGE('',*,*,#4283,.T.);
#4301=ORIENTED_EDGE('',*,*,#4300,.F.);
#4303=ORIENTED_EDGE('',*,*,#4302,.T.);
#4304=ORIENTED_EDGE('',*,*,#4116,.T.);
#4305=EDGE_LOOP('',(#4299,#4301,#4303,#4304));
#4306=FACE_OUTER_BOUND('',#4305,.F.);
#4308=CARTESIAN_POINT('',(-3.275E0,0.E0,0.E0));
#4309=DIRECTION('',(-1.E0,0.E0,0.E0));
#4310=DIRECTION('',(0.E0,-1.E0,0.E0));
#4311=AXIS2_PLACEMENT_3D('',#4308,#4309,#4310);
#4312=PLANE('',#4311);
#4313=ORIENTED_EDGE('',*,*,#4300,.T.);
#4314=ORIENTED_EDGE('',*,*,#4289,.T.);
#4316=ORIENTED_EDGE('',*,*,#4315,.F.);
#4318=ORIENTED_EDGE('',*,*,#4317,.F.);
#4320=ORIENTED_EDGE('',*,*,#4319,.T.);
#4321=ORIENTED_EDGE('',*,*,#3671,.T.);
#4323=ORIENTED_EDGE('',*,*,#4322,.T.);
#4325=ORIENTED_EDGE('',*,*,#4324,.F.);
#4327=ORIENTED_EDGE('',*,*,#4326,.F.);
#4329=ORIENTED_EDGE('',*,*,#4328,.F.);
#4331=ORIENTED_EDGE('',*,*,#4330,.T.);
#4332=EDGE_LOOP('',(#4313,#4314,#4316,#4318,#4320,#4321,#4323,#4325,#4327,#4329,
#4331));
#4333=FACE_OUTER_BOUND('',#4332,.F.);
#4335=CARTESIAN_POINT('',(-3.275E0,0.E0,0.E0));
#4336=DIRECTION('',(-1.E0,0.E0,0.E0));
#4337=DIRECTION('',(0.E0,-1.E0,0.E0));
#4338=AXIS2_PLACEMENT_3D('',#4335,#4336,#4337);
#4339=PLANE('',#4338);
#4341=ORIENTED_EDGE('',*,*,#4340,.T.);
#4343=ORIENTED_EDGE('',*,*,#4342,.T.);
#4344=ORIENTED_EDGE('',*,*,#3695,.T.);
#4346=ORIENTED_EDGE('',*,*,#4345,.F.);
#4347=EDGE_LOOP('',(#4341,#4343,#4344,#4346));
#4348=FACE_OUTER_BOUND('',#4347,.F.);
#4350=CARTESIAN_POINT('',(-3.275E0,0.E0,0.E0));
#4351=DIRECTION('',(-1.E0,0.E0,0.E0));
#4352=DIRECTION('',(0.E0,-1.E0,0.E0));
#4353=AXIS2_PLACEMENT_3D('',#4350,#4351,#4352);
#4354=PLANE('',#4353);
#4355=ORIENTED_EDGE('',*,*,#3413,.F.);
#4357=ORIENTED_EDGE('',*,*,#4356,.T.);
#4359=ORIENTED_EDGE('',*,*,#4358,.T.);
#4361=ORIENTED_EDGE('',*,*,#4360,.T.);
#4362=EDGE_LOOP('',(#4355,#4357,#4359,#4361));
#4363=FACE_OUTER_BOUND('',#4362,.F.);
#4365=CARTESIAN_POINT('',(-3.275E0,0.E0,0.E0));
#4366=DIRECTION('',(-1.E0,0.E0,0.E0));
#4367=DIRECTION('',(0.E0,-1.E0,0.E0));
#4368=AXIS2_PLACEMENT_3D('',#4365,#4366,#4367);
#4369=PLANE('',#4368);
#4370=ORIENTED_EDGE('',*,*,#3417,.F.);
#4372=ORIENTED_EDGE('',*,*,#4371,.F.);
#4374=ORIENTED_EDGE('',*,*,#4373,.T.);
#4376=ORIENTED_EDGE('',*,*,#4375,.F.);
#4377=EDGE_LOOP('',(#4370,#4372,#4374,#4376));
#4378=FACE_OUTER_BOUND('',#4377,.F.);
#4380=CARTESIAN_POINT('',(-3.275E0,0.E0,0.E0));
#4381=DIRECTION('',(-1.E0,0.E0,0.E0));
#4382=DIRECTION('',(0.E0,-1.E0,0.E0));
#4383=AXIS2_PLACEMENT_3D('',#4380,#4381,#4382);
#4384=PLANE('',#4383);
#4386=ORIENTED_EDGE('',*,*,#4385,.T.);
#4388=ORIENTED_EDGE('',*,*,#4387,.T.);
#4390=ORIENTED_EDGE('',*,*,#4389,.F.);
#4392=ORIENTED_EDGE('',*,*,#4391,.T.);
#4394=ORIENTED_EDGE('',*,*,#4393,.F.);
#4396=ORIENTED_EDGE('',*,*,#4395,.T.);
#4397=EDGE_LOOP('',(#4386,#4388,#4390,#4392,#4394,#4396));
#4398=FACE_OUTER_BOUND('',#4397,.F.);
#4400=CARTESIAN_POINT('',(-3.95E0,-1.5E0,-2.15E0));
#4401=DIRECTION('',(0.E0,0.E0,-1.E0));
#4402=DIRECTION('',(0.E0,-1.E0,0.E0));
#4403=AXIS2_PLACEMENT_3D('',#4400,#4401,#4402);
#4404=PLANE('',#4403);
#4405=ORIENTED_EDGE('',*,*,#4315,.T.);
#4406=ORIENTED_EDGE('',*,*,#4287,.F.);
#4407=ORIENTED_EDGE('',*,*,#3791,.T.);
#4409=ORIENTED_EDGE('',*,*,#4408,.T.);
#4411=ORIENTED_EDGE('',*,*,#4410,.T.);
#4413=ORIENTED_EDGE('',*,*,#4412,.F.);
#4415=ORIENTED_EDGE('',*,*,#4414,.F.);
#4416=EDGE_LOOP('',(#4405,#4406,#4407,#4409,#4411,#4413,#4415));
#4417=FACE_OUTER_BOUND('',#4416,.F.);
#4419=CARTESIAN_POINT('',(-3.95E0,2.4E0,0.E0));
#4420=DIRECTION('',(-1.E0,0.E0,0.E0));
#4421=DIRECTION('',(0.E0,-1.E0,0.E0));
#4422=AXIS2_PLACEMENT_3D('',#4419,#4420,#4421);
#4423=PLANE('',#4422);
#4425=ORIENTED_EDGE('',*,*,#4424,.F.);
#4427=ORIENTED_EDGE('',*,*,#4426,.F.);
#4428=ORIENTED_EDGE('',*,*,#4124,.T.);
#4430=ORIENTED_EDGE('',*,*,#4429,.F.);
#4432=ORIENTED_EDGE('',*,*,#4431,.T.);
#4434=ORIENTED_EDGE('',*,*,#4433,.T.);
#4436=ORIENTED_EDGE('',*,*,#4435,.F.);
#4438=ORIENTED_EDGE('',*,*,#4437,.T.);
#4439=ORIENTED_EDGE('',*,*,#4408,.F.);
#4440=ORIENTED_EDGE('',*,*,#3789,.T.);
#4441=ORIENTED_EDGE('',*,*,#3880,.F.);
#4443=ORIENTED_EDGE('',*,*,#4442,.T.);
#4445=ORIENTED_EDGE('',*,*,#4444,.T.);
#4447=ORIENTED_EDGE('',*,*,#4446,.F.);
#4449=ORIENTED_EDGE('',*,*,#4448,.T.);
#4451=ORIENTED_EDGE('',*,*,#4450,.F.);
#4452=EDGE_LOOP('',(#4425,#4427,#4428,#4430,#4432,#4434,#4436,#4438,#4439,#4440,
#4441,#4443,#4445,#4447,#4449,#4451));
#4453=FACE_OUTER_BOUND('',#4452,.F.);
#4455=CARTESIAN_POINT('',(-3.6125E0,2.25E0,-3.8E0));
#4456=DIRECTION('',(0.E0,3.162277660168E-1,-9.486832980505E-1));
#4457=DIRECTION('',(0.E0,-9.486832980505E-1,-3.162277660168E-1));
#4458=AXIS2_PLACEMENT_3D('',#4455,#4456,#4457);
#4459=PLANE('',#4458);
#4460=ORIENTED_EDGE('',*,*,#4424,.T.);
#4462=ORIENTED_EDGE('',*,*,#4461,.F.);
#4464=ORIENTED_EDGE('',*,*,#4463,.T.);
#4466=ORIENTED_EDGE('',*,*,#4465,.T.);
#4467=EDGE_LOOP('',(#4460,#4462,#4464,#4466));
#4468=FACE_OUTER_BOUND('',#4467,.F.);
#4470=CARTESIAN_POINT('',(-3.95E0,7.5E-1,-3.85E0));
#4471=DIRECTION('',(0.E0,0.E0,1.E0));
#4472=DIRECTION('',(0.E0,1.E0,0.E0));
#4473=AXIS2_PLACEMENT_3D('',#4470,#4471,#4472);
#4474=PLANE('',#4473);
#4475=ORIENTED_EDGE('',*,*,#3331,.F.);
#4477=ORIENTED_EDGE('',*,*,#4476,.T.);
#4478=ORIENTED_EDGE('',*,*,#3419,.F.);
#4479=ORIENTED_EDGE('',*,*,#4375,.T.);
#4480=ORIENTED_EDGE('',*,*,#4461,.T.);
#4481=ORIENTED_EDGE('',*,*,#4450,.T.);
#4483=ORIENTED_EDGE('',*,*,#4482,.T.);
#4485=ORIENTED_EDGE('',*,*,#4484,.F.);
#4487=ORIENTED_EDGE('',*,*,#4486,.F.);
#4488=EDGE_LOOP('',(#4475,#4477,#4478,#4479,#4480,#4481,#4483,#4485,#4487));
#4489=FACE_OUTER_BOUND('',#4488,.F.);
#4491=CARTESIAN_POINT('',(-3.525E0,1.55E0,-5.55E0));
#4492=DIRECTION('',(-1.E0,0.E0,0.E0));
#4493=DIRECTION('',(0.E0,0.E0,1.E0));
#4494=AXIS2_PLACEMENT_3D('',#4491,#4492,#4493);
#4495=PLANE('',#4494);
#4496=ORIENTED_EDGE('',*,*,#3341,.T.);
#4498=ORIENTED_EDGE('',*,*,#4497,.T.);
#4500=ORIENTED_EDGE('',*,*,#4499,.T.);
#4502=ORIENTED_EDGE('',*,*,#4501,.F.);
#4504=ORIENTED_EDGE('',*,*,#4503,.T.);
#4506=ORIENTED_EDGE('',*,*,#4505,.T.);
#4508=ORIENTED_EDGE('',*,*,#4507,.F.);
#4510=ORIENTED_EDGE('',*,*,#4509,.F.);
#4511=ORIENTED_EDGE('',*,*,#3421,.T.);
#4512=ORIENTED_EDGE('',*,*,#4476,.F.);
#4513=EDGE_LOOP('',(#4496,#4498,#4500,#4502,#4504,#4506,#4508,#4510,#4511,
#4512));
#4514=FACE_OUTER_BOUND('',#4513,.F.);
#4516=CARTESIAN_POINT('',(-3.55E0,-1.1E0,-4.4E0));
#4517=DIRECTION('',(0.E0,0.E0,-1.E0));
#4518=DIRECTION('',(1.E0,0.E0,0.E0));
#4519=AXIS2_PLACEMENT_3D('',#4516,#4517,#4518);
#4520=PLANE('',#4519);
#4521=ORIENTED_EDGE('',*,*,#3339,.F.);
#4523=ORIENTED_EDGE('',*,*,#4522,.F.);
#4525=ORIENTED_EDGE('',*,*,#4524,.F.);
#4526=ORIENTED_EDGE('',*,*,#4497,.F.);
#4527=EDGE_LOOP('',(#4521,#4523,#4525,#4526));
#4528=FACE_OUTER_BOUND('',#4527,.F.);
#4530=CARTESIAN_POINT('',(-3.55E0,-1.1E0,-4.4E0));
#4531=DIRECTION('',(0.E0,0.E0,-1.E0));
#4532=DIRECTION('',(1.E0,0.E0,0.E0));
#4533=AXIS2_PLACEMENT_3D('',#4530,#4531,#4532);
#4534=PLANE('',#4533);
#4536=ORIENTED_EDGE('',*,*,#4535,.T.);
#4538=ORIENTED_EDGE('',*,*,#4537,.T.);
#4539=ORIENTED_EDGE('',*,*,#4360,.F.);
#4541=ORIENTED_EDGE('',*,*,#4540,.F.);
#4543=ORIENTED_EDGE('',*,*,#4542,.T.);
#4544=EDGE_LOOP('',(#4536,#4538,#4539,#4541,#4543));
#4545=FACE_OUTER_BOUND('',#4544,.F.);
#4547=CARTESIAN_POINT('',(-3.65E0,2.4E0,-4.4E0));
#4548=DIRECTION('',(-1.E0,0.E0,0.E0));
#4549=DIRECTION('',(0.E0,0.E0,1.E0));
#4550=AXIS2_PLACEMENT_3D('',#4547,#4548,#4549);
#4551=PLANE('',#4550);
#4552=ORIENTED_EDGE('',*,*,#3337,.T.);
#4554=ORIENTED_EDGE('',*,*,#4553,.F.);
#4556=ORIENTED_EDGE('',*,*,#4555,.T.);
#4557=ORIENTED_EDGE('',*,*,#4522,.T.);
#4558=EDGE_LOOP('',(#4552,#4554,#4556,#4557));
#4559=FACE_OUTER_BOUND('',#4558,.F.);
#4561=CARTESIAN_POINT('',(-3.65E0,2.4E0,-4.2E0));
#4562=DIRECTION('',(0.E0,0.E0,1.E0));
#4563=DIRECTION('',(1.E0,0.E0,0.E0));
#4564=AXIS2_PLACEMENT_3D('',#4561,#4562,#4563);
#4565=PLANE('',#4564);
#4566=ORIENTED_EDGE('',*,*,#3335,.T.);
#4568=ORIENTED_EDGE('',*,*,#4567,.F.);
#4570=ORIENTED_EDGE('',*,*,#4569,.T.);
#4571=ORIENTED_EDGE('',*,*,#4553,.T.);
#4572=EDGE_LOOP('',(#4566,#4568,#4570,#4571));
#4573=FACE_OUTER_BOUND('',#4572,.F.);
#4575=CARTESIAN_POINT('',(-3.55E0,-1.1E0,-3.85E0));
#4576=DIRECTION('',(-1.E0,0.E0,0.E0));
#4577=DIRECTION('',(0.E0,0.E0,-1.E0));
#4578=AXIS2_PLACEMENT_3D('',#4575,#4576,#4577);
#4579=PLANE('',#4578);
#4580=ORIENTED_EDGE('',*,*,#3333,.F.);
#4581=ORIENTED_EDGE('',*,*,#4486,.T.);
#4583=ORIENTED_EDGE('',*,*,#4582,.T.);
#4584=ORIENTED_EDGE('',*,*,#4567,.T.);
#4585=EDGE_LOOP('',(#4580,#4581,#4583,#4584));
#4586=FACE_OUTER_BOUND('',#4585,.F.);
#4588=CARTESIAN_POINT('',(-3.6E0,7.E-1,-4.025E0));
#4589=DIRECTION('',(7.071067811865E-1,7.071067811865E-1,0.E0));
#4590=DIRECTION('',(7.071067811865E-1,-7.071067811865E-1,0.E0));
#4591=AXIS2_PLACEMENT_3D('',#4588,#4589,#4590);
#4592=PLANE('',#4591);
#4594=ORIENTED_EDGE('',*,*,#4593,.T.);
#4596=ORIENTED_EDGE('',*,*,#4595,.F.);
#4597=ORIENTED_EDGE('',*,*,#4582,.F.);
#4598=ORIENTED_EDGE('',*,*,#4484,.T.);
#4599=EDGE_LOOP('',(#4594,#4596,#4597,#4598));
#4600=FACE_OUTER_BOUND('',#4599,.F.);
#4602=CARTESIAN_POINT('',(-3.95E0,7.5E-1,-4.9E0));
#4603=DIRECTION('',(0.E0,-1.E0,0.E0));
#4604=DIRECTION('',(0.E0,0.E0,1.E0));
#4605=AXIS2_PLACEMENT_3D('',#4602,#4603,#4604);
#4606=PLANE('',#4605);
#4607=ORIENTED_EDGE('',*,*,#4501,.T.);
#4609=ORIENTED_EDGE('',*,*,#4608,.T.);
#4611=ORIENTED_EDGE('',*,*,#4610,.F.);
#4613=ORIENTED_EDGE('',*,*,#4612,.F.);
#4614=ORIENTED_EDGE('',*,*,#4593,.F.);
#4615=ORIENTED_EDGE('',*,*,#4482,.F.);
#4616=ORIENTED_EDGE('',*,*,#4448,.F.);
#4618=ORIENTED_EDGE('',*,*,#4617,.F.);
#4619=EDGE_LOOP('',(#4607,#4609,#4611,#4613,#4614,#4615,#4616,#4618));
#4620=FACE_OUTER_BOUND('',#4619,.F.);
#4622=CARTESIAN_POINT('',(-3.4625E0,7.E-1,-4.45E0));
#4623=DIRECTION('',(0.E0,7.071067811865E-1,7.071067811865E-1));
#4624=DIRECTION('',(0.E0,7.071067811865E-1,-7.071067811865E-1));
#4625=AXIS2_PLACEMENT_3D('',#4622,#4623,#4624);
#4626=PLANE('',#4625);
#4627=ORIENTED_EDGE('',*,*,#4499,.F.);
#4628=ORIENTED_EDGE('',*,*,#4524,.T.);
#4630=ORIENTED_EDGE('',*,*,#4629,.T.);
#4631=ORIENTED_EDGE('',*,*,#4608,.F.);
#4632=EDGE_LOOP('',(#4627,#4628,#4630,#4631));
#4633=FACE_OUTER_BOUND('',#4632,.F.);
#4635=CARTESIAN_POINT('',(-3.7E0,7.E-1,-4.3E0));
#4636=DIRECTION('',(7.071067811865E-1,7.071067811865E-1,0.E0));
#4637=DIRECTION('',(7.071067811865E-1,-7.071067811865E-1,0.E0));
#4638=AXIS2_PLACEMENT_3D('',#4635,#4636,#4637);
#4639=PLANE('',#4638);
#4640=ORIENTED_EDGE('',*,*,#4610,.T.);
#4641=ORIENTED_EDGE('',*,*,#4629,.F.);
#4642=ORIENTED_EDGE('',*,*,#4555,.F.);
#4644=ORIENTED_EDGE('',*,*,#4643,.T.);
#4645=EDGE_LOOP('',(#4640,#4641,#4642,#4644));
#4646=FACE_OUTER_BOUND('',#4645,.F.);
#4648=CARTESIAN_POINT('',(-3.6E0,7.E-1,-4.15E0));
#4649=DIRECTION('',(0.E0,7.071067811865E-1,-7.071067811865E-1));
#4650=DIRECTION('',(0.E0,-7.071067811865E-1,-7.071067811865E-1));
#4651=AXIS2_PLACEMENT_3D('',#4648,#4649,#4650);
#4652=PLANE('',#4651);
#4653=ORIENTED_EDGE('',*,*,#4569,.F.);
#4654=ORIENTED_EDGE('',*,*,#4595,.T.);
#4655=ORIENTED_EDGE('',*,*,#4612,.T.);
#4656=ORIENTED_EDGE('',*,*,#4643,.F.);
#4657=EDGE_LOOP('',(#4653,#4654,#4655,#4656));
#4658=FACE_OUTER_BOUND('',#4657,.F.);
#4660=CARTESIAN_POINT('',(-3.6125E0,7.E-1,-4.85E0));
#4661=DIRECTION('',(0.E0,7.071067811865E-1,-7.071067811865E-1));
#4662=DIRECTION('',(0.E0,-7.071067811865E-1,-7.071067811865E-1));
#4663=AXIS2_PLACEMENT_3D('',#4660,#4661,#4662);
#4664=PLANE('',#4663);
#4665=ORIENTED_EDGE('',*,*,#4503,.F.);
#4666=ORIENTED_EDGE('',*,*,#4617,.T.);
#4667=ORIENTED_EDGE('',*,*,#4446,.T.);
#4669=ORIENTED_EDGE('',*,*,#4668,.F.);
#4670=EDGE_LOOP('',(#4665,#4666,#4667,#4669));
#4671=FACE_OUTER_BOUND('',#4670,.F.);
#4673=CARTESIAN_POINT('',(-3.95E0,-6.E-1,-4.9E0));
#4674=DIRECTION('',(0.E0,0.E0,1.E0));
#4675=DIRECTION('',(0.E0,1.E0,0.E0));
#4676=AXIS2_PLACEMENT_3D('',#4673,#4674,#4675);
#4677=PLANE('',#4676);
#4679=ORIENTED_EDGE('',*,*,#4678,.T.);
#4680=ORIENTED_EDGE('',*,*,#4505,.F.);
#4681=ORIENTED_EDGE('',*,*,#4668,.T.);
#4682=ORIENTED_EDGE('',*,*,#4444,.F.);
#4684=ORIENTED_EDGE('',*,*,#4683,.T.);
#4686=ORIENTED_EDGE('',*,*,#4685,.F.);
#4688=ORIENTED_EDGE('',*,*,#4687,.F.);
#4690=ORIENTED_EDGE('',*,*,#4689,.F.);
#4691=ORIENTED_EDGE('',*,*,#4387,.F.);
#4692=EDGE_LOOP('',(#4679,#4680,#4681,#4682,#4684,#4686,#4688,#4690,#4691));
#4693=FACE_OUTER_BOUND('',#4692,.F.);
#4695=CARTESIAN_POINT('',(0.E0,-4.5E-1,0.E0));
#4696=DIRECTION('',(0.E0,1.E0,0.E0));
#4697=DIRECTION('',(-1.E0,0.E0,0.E0));
#4698=AXIS2_PLACEMENT_3D('',#4695,#4696,#4697);
#4699=PLANE('',#4698);
#4701=ORIENTED_EDGE('',*,*,#4700,.F.);
#4702=ORIENTED_EDGE('',*,*,#3454,.T.);
#4703=ORIENTED_EDGE('',*,*,#3471,.T.);
#4704=ORIENTED_EDGE('',*,*,#3485,.T.);
#4705=ORIENTED_EDGE('',*,*,#3606,.T.);
#4707=ORIENTED_EDGE('',*,*,#4706,.T.);
#4708=ORIENTED_EDGE('',*,*,#3357,.T.);
#4710=ORIENTED_EDGE('',*,*,#4709,.T.);
#4712=ORIENTED_EDGE('',*,*,#4711,.T.);
#4713=EDGE_LOOP('',(#4701,#4702,#4703,#4704,#4705,#4707,#4708,#4710,#4712));
#4714=FACE_OUTER_BOUND('',#4713,.F.);
#4716=CARTESIAN_POINT('',(0.E0,-4.5E-1,0.E0));
#4717=DIRECTION('',(0.E0,1.E0,0.E0));
#4718=DIRECTION('',(-1.E0,0.E0,0.E0));
#4719=AXIS2_PLACEMENT_3D('',#4716,#4717,#4718);
#4720=PLANE('',#4719);
#4722=ORIENTED_EDGE('',*,*,#4721,.F.);
#4724=ORIENTED_EDGE('',*,*,#4723,.T.);
#4726=ORIENTED_EDGE('',*,*,#4725,.T.);
#4727=ORIENTED_EDGE('',*,*,#4507,.T.);
#4728=ORIENTED_EDGE('',*,*,#4678,.F.);
#4729=ORIENTED_EDGE('',*,*,#4385,.F.);
#4731=ORIENTED_EDGE('',*,*,#4730,.T.);
#4733=ORIENTED_EDGE('',*,*,#4732,.T.);
#4735=ORIENTED_EDGE('',*,*,#4734,.T.);
#4736=EDGE_LOOP('',(#4722,#4724,#4726,#4727,#4728,#4729,#4731,#4733,#4735));
#4737=FACE_OUTER_BOUND('',#4736,.F.);
#4739=CARTESIAN_POINT('',(3.825E0,-1.5E-1,-1.359124E1));
#4740=DIRECTION('',(0.E0,0.E0,1.E0));
#4741=DIRECTION('',(0.E0,-1.E0,0.E0));
#4742=AXIS2_PLACEMENT_3D('',#4739,#4740,#4741);
#4743=CYLINDRICAL_SURFACE('',#4742,3.E-1);
#4745=ORIENTED_EDGE('',*,*,#4744,.T.);
#4747=ORIENTED_EDGE('',*,*,#4746,.F.);
#4748=ORIENTED_EDGE('',*,*,#3456,.T.);
#4749=ORIENTED_EDGE('',*,*,#4700,.T.);
#4750=EDGE_LOOP('',(#4745,#4747,#4748,#4749));
#4751=FACE_OUTER_BOUND('',#4750,.F.);
#4753=CARTESIAN_POINT('',(3.625E0,1.55E0,-5.65E0));
#4754=DIRECTION('',(0.E0,0.E0,1.E0));
#4755=DIRECTION('',(1.E0,0.E0,0.E0));
#4756=AXIS2_PLACEMENT_3D('',#4753,#4754,#4755);
#4757=PLANE('',#4756);
#4758=ORIENTED_EDGE('',*,*,#3439,.F.);
#4760=ORIENTED_EDGE('',*,*,#4759,.T.);
#4761=ORIENTED_EDGE('',*,*,#4744,.F.);
#4762=ORIENTED_EDGE('',*,*,#4711,.F.);
#4764=ORIENTED_EDGE('',*,*,#4763,.F.);
#4765=ORIENTED_EDGE('',*,*,#3379,.T.);
#4766=EDGE_LOOP('',(#4758,#4760,#4761,#4762,#4764,#4765));
#4767=FACE_OUTER_BOUND('',#4766,.F.);
#4769=CARTESIAN_POINT('',(4.125E0,1.55E0,-5.65E0));
#4770=DIRECTION('',(1.E0,0.E0,0.E0));
#4771=DIRECTION('',(0.E0,0.E0,-1.E0));
#4772=AXIS2_PLACEMENT_3D('',#4769,#4770,#4771);
#4773=PLANE('',#4772);
#4774=ORIENTED_EDGE('',*,*,#3437,.T.);
#4775=ORIENTED_EDGE('',*,*,#3458,.T.);
#4776=ORIENTED_EDGE('',*,*,#4746,.T.);
#4777=ORIENTED_EDGE('',*,*,#4759,.F.);
#4778=EDGE_LOOP('',(#4774,#4775,#4776,#4777));
#4779=FACE_OUTER_BOUND('',#4778,.F.);
#4781=CARTESIAN_POINT('',(3.625E0,1.55E0,-5.55E0));
#4782=DIRECTION('',(0.E0,1.E0,0.E0));
#4783=DIRECTION('',(-1.E0,0.E0,0.E0));
#4784=AXIS2_PLACEMENT_3D('',#4781,#4782,#4783);
#4785=CYLINDRICAL_SURFACE('',#4784,1.E-1);
#4786=ORIENTED_EDGE('',*,*,#3381,.T.);
#4787=ORIENTED_EDGE('',*,*,#4763,.T.);
#4788=ORIENTED_EDGE('',*,*,#4709,.F.);
#4789=ORIENTED_EDGE('',*,*,#3355,.F.);
#4790=EDGE_LOOP('',(#4786,#4787,#4788,#4789));
#4791=FACE_OUTER_BOUND('',#4790,.F.);
#4793=CARTESIAN_POINT('',(3.95E0,7.5E-1,-4.9E0));
#4794=DIRECTION('',(0.E0,0.E0,1.E0));
#4795=DIRECTION('',(0.E0,-1.E0,0.E0));
#4796=AXIS2_PLACEMENT_3D('',#4793,#4794,#4795);
#4797=PLANE('',#4796);
#4798=ORIENTED_EDGE('',*,*,#4706,.F.);
#4799=ORIENTED_EDGE('',*,*,#3615,.T.);
#4801=ORIENTED_EDGE('',*,*,#4800,.F.);
#4803=ORIENTED_EDGE('',*,*,#4802,.T.);
#4805=ORIENTED_EDGE('',*,*,#4804,.F.);
#4807=ORIENTED_EDGE('',*,*,#4806,.F.);
#4808=ORIENTED_EDGE('',*,*,#3256,.F.);
#4810=ORIENTED_EDGE('',*,*,#4809,.F.);
#4811=ORIENTED_EDGE('',*,*,#3359,.T.);
#4812=EDGE_LOOP('',(#4798,#4799,#4801,#4803,#4805,#4807,#4808,#4810,#4811));
#4813=FACE_OUTER_BOUND('',#4812,.F.);
#4815=CARTESIAN_POINT('',(0.E0,-1.1E0,0.E0));
#4816=DIRECTION('',(0.E0,-1.E0,0.E0));
#4817=DIRECTION('',(0.E0,0.E0,1.E0));
#4818=AXIS2_PLACEMENT_3D('',#4815,#4816,#4817);
#4819=PLANE('',#4818);
#4820=ORIENTED_EDGE('',*,*,#4689,.T.);
#4822=ORIENTED_EDGE('',*,*,#4821,.T.);
#4824=ORIENTED_EDGE('',*,*,#4823,.T.);
#4825=ORIENTED_EDGE('',*,*,#4389,.T.);
#4826=EDGE_LOOP('',(#4820,#4822,#4824,#4825));
#4827=FACE_OUTER_BOUND('',#4826,.F.);
#4829=CARTESIAN_POINT('',(0.E0,-1.1E0,0.E0));
#4830=DIRECTION('',(0.E0,-1.E0,0.E0));
#4831=DIRECTION('',(0.E0,0.E0,1.E0));
#4832=AXIS2_PLACEMENT_3D('',#4829,#4830,#4831);
#4833=PLANE('',#4832);
#4834=ORIENTED_EDGE('',*,*,#3613,.T.);
#4836=ORIENTED_EDGE('',*,*,#4835,.T.);
#4838=ORIENTED_EDGE('',*,*,#4837,.T.);
#4839=ORIENTED_EDGE('',*,*,#4800,.T.);
#4840=EDGE_LOOP('',(#4834,#4836,#4838,#4839));
#4841=FACE_OUTER_BOUND('',#4840,.F.);
#4843=CARTESIAN_POINT('',(-3.55E0,-1.1E0,-4.9E0));
#4844=DIRECTION('',(-1.E0,0.E0,0.E0));
#4845=DIRECTION('',(0.E0,0.E0,-1.E0));
#4846=AXIS2_PLACEMENT_3D('',#4843,#4844,#4845);
#4847=PLANE('',#4846);
#4849=ORIENTED_EDGE('',*,*,#4848,.T.);
#4851=ORIENTED_EDGE('',*,*,#4850,.F.);
#4852=ORIENTED_EDGE('',*,*,#4821,.F.);
#4853=ORIENTED_EDGE('',*,*,#4687,.T.);
#4854=EDGE_LOOP('',(#4849,#4851,#4852,#4853));
#4855=FACE_OUTER_BOUND('',#4854,.F.);
#4857=CARTESIAN_POINT('',(-3.6E0,-6.5E-1,-5.11E0));
#4858=DIRECTION('',(7.071067811865E-1,7.071067811865E-1,0.E0));
#4859=DIRECTION('',(7.071067811865E-1,-7.071067811865E-1,0.E0));
#4860=AXIS2_PLACEMENT_3D('',#4857,#4858,#4859);
#4861=PLANE('',#4860);
#4863=ORIENTED_EDGE('',*,*,#4862,.T.);
#4865=ORIENTED_EDGE('',*,*,#4864,.F.);
#4866=ORIENTED_EDGE('',*,*,#4848,.F.);
#4867=ORIENTED_EDGE('',*,*,#4685,.T.);
#4868=EDGE_LOOP('',(#4863,#4865,#4866,#4867));
#4869=FACE_OUTER_BOUND('',#4868,.F.);
#4871=CARTESIAN_POINT('',(-3.95E0,-6.E-1,-5.8E0));
#4872=DIRECTION('',(0.E0,-1.E0,0.E0));
#4873=DIRECTION('',(0.E0,0.E0,1.E0));
#4874=AXIS2_PLACEMENT_3D('',#4871,#4872,#4873);
#4875=PLANE('',#4874);
#4876=ORIENTED_EDGE('',*,*,#3878,.T.);
#4878=ORIENTED_EDGE('',*,*,#4877,.F.);
#4880=ORIENTED_EDGE('',*,*,#4879,.F.);
#4881=ORIENTED_EDGE('',*,*,#4862,.F.);
#4882=ORIENTED_EDGE('',*,*,#4683,.F.);
#4883=ORIENTED_EDGE('',*,*,#4442,.F.);
#4884=EDGE_LOOP('',(#4876,#4878,#4880,#4881,#4882,#4883));
#4885=FACE_OUTER_BOUND('',#4884,.F.);
#4887=CARTESIAN_POINT('',(-3.085E0,7.5E-1,-5.61E0));
#4888=DIRECTION('',(-7.071067811865E-1,0.E0,-7.071067811865E-1));
#4889=DIRECTION('',(-7.071067811865E-1,0.E0,7.071067811865E-1));
#4890=AXIS2_PLACEMENT_3D('',#4887,#4888,#4889);
#4891=PLANE('',#4890);
#4893=ORIENTED_EDGE('',*,*,#4892,.F.);
#4894=ORIENTED_EDGE('',*,*,#4395,.F.);
#4895=ORIENTED_EDGE('',*,*,#4877,.T.);
#4896=ORIENTED_EDGE('',*,*,#3876,.T.);
#4898=ORIENTED_EDGE('',*,*,#4897,.T.);
#4900=ORIENTED_EDGE('',*,*,#4899,.T.);
#4901=ORIENTED_EDGE('',*,*,#4356,.F.);
#4902=EDGE_LOOP('',(#4893,#4894,#4895,#4896,#4898,#4900,#4901));
#4903=FACE_OUTER_BOUND('',#4902,.F.);
#4905=CARTESIAN_POINT('',(-3.275E0,1.55E0,-3.85E0));
#4906=DIRECTION('',(1.E0,0.E0,0.E0));
#4907=DIRECTION('',(0.E0,0.E0,-1.E0));
#4908=AXIS2_PLACEMENT_3D('',#4905,#4906,#4907);
#4909=PLANE('',#4908);
#4910=ORIENTED_EDGE('',*,*,#3411,.T.);
#4912=ORIENTED_EDGE('',*,*,#4911,.T.);
#4913=ORIENTED_EDGE('',*,*,#4730,.F.);
#4914=ORIENTED_EDGE('',*,*,#4892,.T.);
#4915=EDGE_LOOP('',(#4910,#4912,#4913,#4914));
#4916=FACE_OUTER_BOUND('',#4915,.F.);
#4918=CARTESIAN_POINT('',(-3.275E0,1.55E0,-3.85E0));
#4919=DIRECTION('',(1.E0,0.E0,0.E0));
#4920=DIRECTION('',(0.E0,0.E0,-1.E0));
#4921=AXIS2_PLACEMENT_3D('',#4918,#4919,#4920);
#4922=PLANE('',#4921);
#4924=ORIENTED_EDGE('',*,*,#4923,.F.);
#4926=ORIENTED_EDGE('',*,*,#4925,.T.);
#4927=ORIENTED_EDGE('',*,*,#3415,.T.);
#4928=ORIENTED_EDGE('',*,*,#4537,.F.);
#4929=EDGE_LOOP('',(#4924,#4926,#4927,#4928));
#4930=FACE_OUTER_BOUND('',#4929,.F.);
#4932=CARTESIAN_POINT('',(-3.625E0,1.55E0,-5.55E0));
#4933=DIRECTION('',(0.E0,1.E0,0.E0));
#4934=DIRECTION('',(-1.E0,0.E0,0.E0));
#4935=AXIS2_PLACEMENT_3D('',#4932,#4933,#4934);
#4936=CYLINDRICAL_SURFACE('',#4935,3.5E-1);
#4937=ORIENTED_EDGE('',*,*,#3409,.T.);
#4939=ORIENTED_EDGE('',*,*,#4938,.T.);
#4940=ORIENTED_EDGE('',*,*,#4732,.F.);
#4941=ORIENTED_EDGE('',*,*,#4911,.F.);
#4942=EDGE_LOOP('',(#4937,#4939,#4940,#4941));
#4943=FACE_OUTER_BOUND('',#4942,.F.);
#4945=CARTESIAN_POINT('',(-3.625E0,1.55E0,-5.9E0));
#4946=DIRECTION('',(0.E0,0.E0,-1.E0));
#4947=DIRECTION('',(-1.E0,0.E0,0.E0));
#4948=AXIS2_PLACEMENT_3D('',#4945,#4946,#4947);
#4949=PLANE('',#4948);
#4951=ORIENTED_EDGE('',*,*,#4950,.F.);
#4953=ORIENTED_EDGE('',*,*,#4952,.T.);
#4955=ORIENTED_EDGE('',*,*,#4954,.F.);
#4956=ORIENTED_EDGE('',*,*,#4734,.F.);
#4957=ORIENTED_EDGE('',*,*,#4938,.F.);
#4958=ORIENTED_EDGE('',*,*,#3407,.T.);
#4959=EDGE_LOOP('',(#4951,#4953,#4955,#4956,#4957,#4958));
#4960=FACE_OUTER_BOUND('',#4959,.F.);
#4962=CARTESIAN_POINT('',(-3.825E0,1.25E0,-1.359124E1));
#4963=DIRECTION('',(0.E0,0.E0,1.E0));
#4964=DIRECTION('',(0.E0,1.E0,0.E0));
#4965=AXIS2_PLACEMENT_3D('',#4962,#4963,#4964);
#4966=CYLINDRICAL_SURFACE('',#4965,3.E-1);
#4968=ORIENTED_EDGE('',*,*,#4967,.T.);
#4970=ORIENTED_EDGE('',*,*,#4969,.F.);
#4971=ORIENTED_EDGE('',*,*,#4950,.T.);
#4972=ORIENTED_EDGE('',*,*,#3405,.T.);
#4973=EDGE_LOOP('',(#4968,#4970,#4971,#4972));
#4974=FACE_OUTER_BOUND('',#4973,.F.);
#4976=CARTESIAN_POINT('',(-4.125E0,1.55E0,-5.65E0));
#4977=DIRECTION('',(0.E0,0.E0,1.E0));
#4978=DIRECTION('',(1.E0,0.E0,0.E0));
#4979=AXIS2_PLACEMENT_3D('',#4976,#4977,#4978);
#4980=PLANE('',#4979);
#4981=ORIENTED_EDGE('',*,*,#4967,.F.);
#4982=ORIENTED_EDGE('',*,*,#3425,.T.);
#4984=ORIENTED_EDGE('',*,*,#4983,.T.);
#4985=ORIENTED_EDGE('',*,*,#4723,.F.);
#4987=ORIENTED_EDGE('',*,*,#4986,.F.);
#4989=ORIENTED_EDGE('',*,*,#4988,.F.);
#4990=EDGE_LOOP('',(#4981,#4982,#4984,#4985,#4987,#4989));
#4991=FACE_OUTER_BOUND('',#4990,.F.);
#4993=CARTESIAN_POINT('',(-3.625E0,1.55E0,-5.55E0));
#4994=DIRECTION('',(0.E0,1.E0,0.E0));
#4995=DIRECTION('',(-1.E0,0.E0,0.E0));
#4996=AXIS2_PLACEMENT_3D('',#4993,#4994,#4995);
#4997=CYLINDRICAL_SURFACE('',#4996,1.E-1);
#4998=ORIENTED_EDGE('',*,*,#3423,.T.);
#4999=ORIENTED_EDGE('',*,*,#4509,.T.);
#5000=ORIENTED_EDGE('',*,*,#4725,.F.);
#5001=ORIENTED_EDGE('',*,*,#4983,.F.);
#5002=EDGE_LOOP('',(#4998,#4999,#5000,#5001));
#5003=FACE_OUTER_BOUND('',#5002,.F.);
#5005=CARTESIAN_POINT('',(-3.825E0,-1.5E-1,7.69124E0));
#5006=DIRECTION('',(0.E0,0.E0,-1.E0));
#5007=DIRECTION('',(0.E0,-1.E0,0.E0));
#5008=AXIS2_PLACEMENT_3D('',#5005,#5006,#5007);
#5009=CYLINDRICAL_SURFACE('',#5008,3.E-1);
#5010=ORIENTED_EDGE('',*,*,#4954,.T.);
#5012=ORIENTED_EDGE('',*,*,#5011,.F.);
#5013=ORIENTED_EDGE('',*,*,#4986,.T.);
#5014=ORIENTED_EDGE('',*,*,#4721,.T.);
#5015=EDGE_LOOP('',(#5010,#5012,#5013,#5014));
#5016=FACE_OUTER_BOUND('',#5015,.F.);
#5018=CARTESIAN_POINT('',(-4.125E0,1.55E0,-5.9E0));
#5019=DIRECTION('',(-1.E0,0.E0,0.E0));
#5020=DIRECTION('',(0.E0,0.E0,1.E0));
#5021=AXIS2_PLACEMENT_3D('',#5018,#5019,#5020);
#5022=PLANE('',#5021);
#5023=ORIENTED_EDGE('',*,*,#4969,.T.);
#5024=ORIENTED_EDGE('',*,*,#4988,.T.);
#5025=ORIENTED_EDGE('',*,*,#5011,.T.);
#5026=ORIENTED_EDGE('',*,*,#4952,.F.);
#5027=EDGE_LOOP('',(#5023,#5024,#5025,#5026));
#5028=FACE_OUTER_BOUND('',#5027,.F.);
#5030=CARTESIAN_POINT('',(3.95E0,1.4E0,0.E0));
#5031=DIRECTION('',(0.E0,1.E0,0.E0));
#5032=DIRECTION('',(-1.E0,0.E0,0.E0));
#5033=AXIS2_PLACEMENT_3D('',#5030,#5031,#5032);
#5034=PLANE('',#5033);
#5035=ORIENTED_EDGE('',*,*,#4535,.F.);
#5037=ORIENTED_EDGE('',*,*,#5036,.F.);
#5039=ORIENTED_EDGE('',*,*,#5038,.F.);
#5040=ORIENTED_EDGE('',*,*,#4923,.T.);
#5041=EDGE_LOOP('',(#5035,#5037,#5039,#5040));
#5042=FACE_OUTER_BOUND('',#5041,.F.);
#5044=CARTESIAN_POINT('',(3.95E0,1.4E0,0.E0));
#5045=DIRECTION('',(0.E0,1.E0,0.E0));
#5046=DIRECTION('',(-1.E0,0.E0,0.E0));
#5047=AXIS2_PLACEMENT_3D('',#5044,#5045,#5046);
#5048=PLANE('',#5047);
#5050=ORIENTED_EDGE('',*,*,#5049,.T.);
#5051=ORIENTED_EDGE('',*,*,#3496,.F.);
#5053=ORIENTED_EDGE('',*,*,#5052,.F.);
#5055=ORIENTED_EDGE('',*,*,#5054,.F.);
#5056=EDGE_LOOP('',(#5050,#5051,#5053,#5055));
#5057=FACE_OUTER_BOUND('',#5056,.F.);
#5059=CARTESIAN_POINT('',(-3.175E0,2.4E0,-4.2E0));
#5060=DIRECTION('',(1.E0,0.E0,0.E0));
#5061=DIRECTION('',(0.E0,0.E0,-1.E0));
#5062=AXIS2_PLACEMENT_3D('',#5059,#5060,#5061);
#5063=PLANE('',#5062);
#5064=ORIENTED_EDGE('',*,*,#5036,.T.);
#5065=ORIENTED_EDGE('',*,*,#4542,.F.);
#5067=ORIENTED_EDGE('',*,*,#5066,.F.);
#5069=ORIENTED_EDGE('',*,*,#5068,.T.);
#5070=EDGE_LOOP('',(#5064,#5065,#5067,#5069));
#5071=FACE_OUTER_BOUND('',#5070,.F.);
#5073=CARTESIAN_POINT('',(3.95E0,2.4E0,0.E0));
#5074=DIRECTION('',(0.E0,1.E0,0.E0));
#5075=DIRECTION('',(-1.E0,0.E0,0.E0));
#5076=AXIS2_PLACEMENT_3D('',#5073,#5074,#5075);
#5077=PLANE('',#5076);
#5078=ORIENTED_EDGE('',*,*,#4897,.F.);
#5079=ORIENTED_EDGE('',*,*,#3874,.F.);
#5080=ORIENTED_EDGE('',*,*,#3516,.F.);
#5082=ORIENTED_EDGE('',*,*,#5081,.F.);
#5084=ORIENTED_EDGE('',*,*,#5083,.T.);
#5086=ORIENTED_EDGE('',*,*,#5085,.F.);
#5087=ORIENTED_EDGE('',*,*,#3235,.F.);
#5088=ORIENTED_EDGE('',*,*,#3278,.F.);
#5089=ORIENTED_EDGE('',*,*,#4126,.T.);
#5090=ORIENTED_EDGE('',*,*,#4426,.T.);
#5091=ORIENTED_EDGE('',*,*,#4465,.F.);
#5093=ORIENTED_EDGE('',*,*,#5092,.F.);
#5094=ORIENTED_EDGE('',*,*,#5066,.T.);
#5096=ORIENTED_EDGE('',*,*,#5095,.F.);
#5097=EDGE_LOOP('',(#5078,#5079,#5080,#5082,#5084,#5086,#5087,#5088,#5089,#5090,
#5091,#5093,#5094,#5096));
#5098=FACE_OUTER_BOUND('',#5097,.F.);
#5100=CARTESIAN_POINT('',(3.225E0,2.25E0,-5.1E0));
#5101=DIRECTION('',(9.486832980505E-1,3.162277660168E-1,0.E0));
#5102=DIRECTION('',(3.162277660168E-1,-9.486832980505E-1,0.E0));
#5103=AXIS2_PLACEMENT_3D('',#5100,#5101,#5102);
#5104=PLANE('',#5103);
#5105=ORIENTED_EDGE('',*,*,#3514,.F.);
#5106=ORIENTED_EDGE('',*,*,#3581,.F.);
#5108=ORIENTED_EDGE('',*,*,#5107,.F.);
#5109=ORIENTED_EDGE('',*,*,#5081,.T.);
#5110=EDGE_LOOP('',(#5105,#5106,#5108,#5109));
#5111=FACE_OUTER_BOUND('',#5110,.F.);
#5113=CARTESIAN_POINT('',(3.275E0,-1.1E0,-4.4E0));
#5114=DIRECTION('',(0.E0,0.E0,-1.E0));
#5115=DIRECTION('',(1.E0,0.E0,0.E0));
#5116=AXIS2_PLACEMENT_3D('',#5113,#5114,#5115);
#5117=PLANE('',#5116);
#5119=ORIENTED_EDGE('',*,*,#5118,.T.);
#5120=ORIENTED_EDGE('',*,*,#3315,.F.);
#5121=ORIENTED_EDGE('',*,*,#3367,.T.);
#5123=ORIENTED_EDGE('',*,*,#5122,.F.);
#5124=EDGE_LOOP('',(#5119,#5120,#5121,#5123));
#5125=FACE_OUTER_BOUND('',#5124,.F.);
#5127=CARTESIAN_POINT('',(3.275E0,-1.1E0,-4.4E0));
#5128=DIRECTION('',(0.E0,0.E0,-1.E0));
#5129=DIRECTION('',(1.E0,0.E0,0.E0));
#5130=AXIS2_PLACEMENT_3D('',#5127,#5128,#5129);
#5131=PLANE('',#5130);
#5132=ORIENTED_EDGE('',*,*,#5049,.F.);
#5134=ORIENTED_EDGE('',*,*,#5133,.F.);
#5135=ORIENTED_EDGE('',*,*,#5107,.T.);
#5136=ORIENTED_EDGE('',*,*,#3579,.F.);
#5137=ORIENTED_EDGE('',*,*,#3498,.T.);
#5138=EDGE_LOOP('',(#5132,#5134,#5135,#5136,#5137));
#5139=FACE_OUTER_BOUND('',#5138,.F.);
#5141=CARTESIAN_POINT('',(3.65E0,2.4E0,-4.2E0));
#5142=DIRECTION('',(1.E0,0.E0,0.E0));
#5143=DIRECTION('',(0.E0,0.E0,-1.E0));
#5144=AXIS2_PLACEMENT_3D('',#5141,#5142,#5143);
#5145=PLANE('',#5144);
#5146=ORIENTED_EDGE('',*,*,#3317,.T.);
#5147=ORIENTED_EDGE('',*,*,#5118,.F.);
#5149=ORIENTED_EDGE('',*,*,#5148,.T.);
#5151=ORIENTED_EDGE('',*,*,#5150,.T.);
#5152=EDGE_LOOP('',(#5146,#5147,#5149,#5151));
#5153=FACE_OUTER_BOUND('',#5152,.F.);
#5155=CARTESIAN_POINT('',(3.7E0,7.E-1,-4.3E0));
#5156=DIRECTION('',(-7.071067811865E-1,7.071067811865E-1,0.E0));
#5157=DIRECTION('',(-7.071067811865E-1,-7.071067811865E-1,0.E0));
#5158=AXIS2_PLACEMENT_3D('',#5155,#5156,#5157);
#5159=PLANE('',#5158);
#5160=ORIENTED_EDGE('',*,*,#5148,.F.);
#5162=ORIENTED_EDGE('',*,*,#5161,.T.);
#5164=ORIENTED_EDGE('',*,*,#5163,.T.);
#5166=ORIENTED_EDGE('',*,*,#5165,.F.);
#5167=EDGE_LOOP('',(#5160,#5162,#5164,#5166));
#5168=FACE_OUTER_BOUND('',#5167,.F.);
#5170=CARTESIAN_POINT('',(3.4625E0,7.E-1,-4.45E0));
#5171=DIRECTION('',(0.E0,7.071067811865E-1,7.071067811865E-1));
#5172=DIRECTION('',(0.E0,7.071067811865E-1,-7.071067811865E-1));
#5173=AXIS2_PLACEMENT_3D('',#5170,#5171,#5172);
#5174=PLANE('',#5173);
#5175=ORIENTED_EDGE('',*,*,#3365,.T.);
#5177=ORIENTED_EDGE('',*,*,#5176,.F.);
#5178=ORIENTED_EDGE('',*,*,#5161,.F.);
#5179=ORIENTED_EDGE('',*,*,#5122,.T.);
#5180=EDGE_LOOP('',(#5175,#5177,#5178,#5179));
#5181=FACE_OUTER_BOUND('',#5180,.F.);
#5183=CARTESIAN_POINT('',(3.95E0,7.5E-1,-3.85E0));
#5184=DIRECTION('',(0.E0,-1.E0,0.E0));
#5185=DIRECTION('',(0.E0,0.E0,-1.E0));
#5186=AXIS2_PLACEMENT_3D('',#5183,#5184,#5185);
#5187=PLANE('',#5186);
#5188=ORIENTED_EDGE('',*,*,#3363,.T.);
#5190=ORIENTED_EDGE('',*,*,#5189,.T.);
#5191=ORIENTED_EDGE('',*,*,#3252,.F.);
#5192=ORIENTED_EDGE('',*,*,#3294,.T.);
#5194=ORIENTED_EDGE('',*,*,#5193,.F.);
#5196=ORIENTED_EDGE('',*,*,#5195,.F.);
#5197=ORIENTED_EDGE('',*,*,#5163,.F.);
#5198=ORIENTED_EDGE('',*,*,#5176,.T.);
#5199=EDGE_LOOP('',(#5188,#5190,#5191,#5192,#5194,#5196,#5197,#5198));
#5200=FACE_OUTER_BOUND('',#5199,.F.);
#5202=CARTESIAN_POINT('',(3.6125E0,7.E-1,-4.85E0));
#5203=DIRECTION('',(0.E0,7.071067811865E-1,-7.071067811865E-1));
#5204=DIRECTION('',(0.E0,7.071067811865E-1,7.071067811865E-1));
#5205=AXIS2_PLACEMENT_3D('',#5202,#5203,#5204);
#5206=PLANE('',#5205);
#5207=ORIENTED_EDGE('',*,*,#3361,.F.);
#5208=ORIENTED_EDGE('',*,*,#4809,.T.);
#5209=ORIENTED_EDGE('',*,*,#3254,.T.);
#5210=ORIENTED_EDGE('',*,*,#5189,.F.);
#5211=EDGE_LOOP('',(#5207,#5208,#5209,#5210));
#5212=FACE_OUTER_BOUND('',#5211,.F.);
#5214=CARTESIAN_POINT('',(3.6E0,7.E-1,-4.025E0));
#5215=DIRECTION('',(-7.071067811865E-1,7.071067811865E-1,0.E0));
#5216=DIRECTION('',(-7.071067811865E-1,-7.071067811865E-1,0.E0));
#5217=AXIS2_PLACEMENT_3D('',#5214,#5215,#5216);
#5218=PLANE('',#5217);
#5220=ORIENTED_EDGE('',*,*,#5219,.F.);
#5222=ORIENTED_EDGE('',*,*,#5221,.T.);
#5223=ORIENTED_EDGE('',*,*,#5193,.T.);
#5224=ORIENTED_EDGE('',*,*,#3292,.T.);
#5225=EDGE_LOOP('',(#5220,#5222,#5223,#5224));
#5226=FACE_OUTER_BOUND('',#5225,.F.);
#5228=CARTESIAN_POINT('',(3.55E0,-1.1E0,-4.4E0));
#5229=DIRECTION('',(1.E0,0.E0,0.E0));
#5230=DIRECTION('',(0.E0,0.E0,1.E0));
#5231=AXIS2_PLACEMENT_3D('',#5228,#5229,#5230);
#5232=PLANE('',#5231);
#5233=ORIENTED_EDGE('',*,*,#3321,.F.);
#5235=ORIENTED_EDGE('',*,*,#5234,.F.);
#5236=ORIENTED_EDGE('',*,*,#5219,.T.);
#5237=ORIENTED_EDGE('',*,*,#3290,.F.);
#5238=EDGE_LOOP('',(#5233,#5235,#5236,#5237));
#5239=FACE_OUTER_BOUND('',#5238,.F.);
#5241=CARTESIAN_POINT('',(3.55E0,2.4E0,-4.2E0));
#5242=DIRECTION('',(0.E0,0.E0,1.E0));
#5243=DIRECTION('',(1.E0,0.E0,0.E0));
#5244=AXIS2_PLACEMENT_3D('',#5241,#5242,#5243);
#5245=PLANE('',#5244);
#5246=ORIENTED_EDGE('',*,*,#3319,.T.);
#5247=ORIENTED_EDGE('',*,*,#5150,.F.);
#5249=ORIENTED_EDGE('',*,*,#5248,.T.);
#5250=ORIENTED_EDGE('',*,*,#5234,.T.);
#5251=EDGE_LOOP('',(#5246,#5247,#5249,#5250));
#5252=FACE_OUTER_BOUND('',#5251,.F.);
#5254=CARTESIAN_POINT('',(3.6E0,7.E-1,-4.15E0));
#5255=DIRECTION('',(0.E0,7.071067811865E-1,-7.071067811865E-1));
#5256=DIRECTION('',(0.E0,-7.071067811865E-1,-7.071067811865E-1));
#5257=AXIS2_PLACEMENT_3D('',#5254,#5255,#5256);
#5258=PLANE('',#5257);
#5259=ORIENTED_EDGE('',*,*,#5195,.T.);
#5260=ORIENTED_EDGE('',*,*,#5221,.F.);
#5261=ORIENTED_EDGE('',*,*,#5248,.F.);
#5262=ORIENTED_EDGE('',*,*,#5165,.T.);
#5263=EDGE_LOOP('',(#5259,#5260,#5261,#5262));
#5264=FACE_OUTER_BOUND('',#5263,.F.);
#5266=CARTESIAN_POINT('',(3.175E0,2.4E0,-4.4E0));
#5267=DIRECTION('',(-1.E0,0.E0,0.E0));
#5268=DIRECTION('',(0.E0,0.E0,1.E0));
#5269=AXIS2_PLACEMENT_3D('',#5266,#5267,#5268);
#5270=PLANE('',#5269);
#5271=ORIENTED_EDGE('',*,*,#5054,.T.);
#5273=ORIENTED_EDGE('',*,*,#5272,.F.);
#5274=ORIENTED_EDGE('',*,*,#5083,.F.);
#5275=ORIENTED_EDGE('',*,*,#5133,.T.);
#5276=EDGE_LOOP('',(#5271,#5273,#5274,#5275));
#5277=FACE_OUTER_BOUND('',#5276,.F.);
#5279=CARTESIAN_POINT('',(3.175E0,2.4E0,-4.2E0));
#5280=DIRECTION('',(0.E0,0.E0,1.E0));
#5281=DIRECTION('',(1.E0,0.E0,0.E0));
#5282=AXIS2_PLACEMENT_3D('',#5279,#5280,#5281);
#5283=PLANE('',#5282);
#5284=ORIENTED_EDGE('',*,*,#5052,.T.);
#5285=ORIENTED_EDGE('',*,*,#3501,.T.);
#5286=ORIENTED_EDGE('',*,*,#3596,.F.);
#5288=ORIENTED_EDGE('',*,*,#5287,.T.);
#5289=ORIENTED_EDGE('',*,*,#5272,.T.);
#5290=EDGE_LOOP('',(#5284,#5285,#5286,#5288,#5289));
#5291=FACE_OUTER_BOUND('',#5290,.F.);
#5293=CARTESIAN_POINT('',(3.225E0,2.25E0,-4.025E0));
#5294=DIRECTION('',(9.486832980505E-1,3.162277660168E-1,0.E0));
#5295=DIRECTION('',(3.162277660168E-1,-9.486832980505E-1,0.E0));
#5296=AXIS2_PLACEMENT_3D('',#5293,#5294,#5295);
#5297=PLANE('',#5296);
#5298=ORIENTED_EDGE('',*,*,#3594,.F.);
#5299=ORIENTED_EDGE('',*,*,#3237,.T.);
#5300=ORIENTED_EDGE('',*,*,#5085,.T.);
#5301=ORIENTED_EDGE('',*,*,#5287,.F.);
#5302=EDGE_LOOP('',(#5298,#5299,#5300,#5301));
#5303=FACE_OUTER_BOUND('',#5302,.F.);
#5305=CARTESIAN_POINT('',(-3.225E0,2.25E0,-4.025E0));
#5306=DIRECTION('',(-9.486832980505E-1,3.162277660168E-1,0.E0));
#5307=DIRECTION('',(-3.162277660168E-1,-9.486832980505E-1,0.E0));
#5308=AXIS2_PLACEMENT_3D('',#5305,#5306,#5307);
#5309=PLANE('',#5308);
#5310=ORIENTED_EDGE('',*,*,#4373,.F.);
#5312=ORIENTED_EDGE('',*,*,#5311,.T.);
#5313=ORIENTED_EDGE('',*,*,#5092,.T.);
#5314=ORIENTED_EDGE('',*,*,#4463,.F.);
#5315=EDGE_LOOP('',(#5310,#5312,#5313,#5314));
#5316=FACE_OUTER_BOUND('',#5315,.F.);
#5318=CARTESIAN_POINT('',(-3.275E0,2.4E0,-4.2E0));
#5319=DIRECTION('',(0.E0,0.E0,1.E0));
#5320=DIRECTION('',(1.E0,0.E0,0.E0));
#5321=AXIS2_PLACEMENT_3D('',#5318,#5319,#5320);
#5322=PLANE('',#5321);
#5323=ORIENTED_EDGE('',*,*,#5038,.T.);
#5324=ORIENTED_EDGE('',*,*,#5068,.F.);
#5325=ORIENTED_EDGE('',*,*,#5311,.F.);
#5326=ORIENTED_EDGE('',*,*,#4371,.T.);
#5327=ORIENTED_EDGE('',*,*,#4925,.F.);
#5328=EDGE_LOOP('',(#5323,#5324,#5325,#5326,#5327));
#5329=FACE_OUTER_BOUND('',#5328,.F.);
#5331=CARTESIAN_POINT('',(-3.225E0,2.25E0,-5.1E0));
#5332=DIRECTION('',(-9.486832980505E-1,3.162277660168E-1,0.E0));
#5333=DIRECTION('',(-3.162277660168E-1,-9.486832980505E-1,0.E0));
#5334=AXIS2_PLACEMENT_3D('',#5331,#5332,#5333);
#5335=PLANE('',#5334);
#5336=ORIENTED_EDGE('',*,*,#4899,.F.);
#5337=ORIENTED_EDGE('',*,*,#5095,.T.);
#5338=ORIENTED_EDGE('',*,*,#4540,.T.);
#5339=ORIENTED_EDGE('',*,*,#4358,.F.);
#5340=EDGE_LOOP('',(#5336,#5337,#5338,#5339));
#5341=FACE_OUTER_BOUND('',#5340,.F.);
#5343=CARTESIAN_POINT('',(-3.4125E0,-6.5E-1,-5.37E0));
#5344=DIRECTION('',(0.E0,7.071067811865E-1,7.071067811865E-1));
#5345=DIRECTION('',(0.E0,-7.071067811865E-1,7.071067811865E-1));
#5346=AXIS2_PLACEMENT_3D('',#5343,#5344,#5345);
#5347=PLANE('',#5346);
#5348=ORIENTED_EDGE('',*,*,#4879,.T.);
#5349=ORIENTED_EDGE('',*,*,#4393,.T.);
#5351=ORIENTED_EDGE('',*,*,#5350,.F.);
#5352=ORIENTED_EDGE('',*,*,#4864,.T.);
#5353=EDGE_LOOP('',(#5348,#5349,#5351,#5352));
#5354=FACE_OUTER_BOUND('',#5353,.F.);
#5356=CARTESIAN_POINT('',(-3.55E0,-1.1E0,-5.32E0));
#5357=DIRECTION('',(0.E0,0.E0,-1.E0));
#5358=DIRECTION('',(1.E0,0.E0,0.E0));
#5359=AXIS2_PLACEMENT_3D('',#5356,#5357,#5358);
#5360=PLANE('',#5359);
#5361=ORIENTED_EDGE('',*,*,#5350,.T.);
#5362=ORIENTED_EDGE('',*,*,#4391,.F.);
#5363=ORIENTED_EDGE('',*,*,#4823,.F.);
#5364=ORIENTED_EDGE('',*,*,#4850,.T.);
#5365=EDGE_LOOP('',(#5361,#5362,#5363,#5364));
#5366=FACE_OUTER_BOUND('',#5365,.F.);
#5368=CARTESIAN_POINT('',(3.275E0,-1.1E0,-5.32E0));
#5369=DIRECTION('',(0.E0,0.E0,-1.E0));
#5370=DIRECTION('',(1.E0,0.E0,0.E0));
#5371=AXIS2_PLACEMENT_3D('',#5368,#5369,#5370);
#5372=PLANE('',#5371);
#5374=ORIENTED_EDGE('',*,*,#5373,.T.);
#5376=ORIENTED_EDGE('',*,*,#5375,.F.);
#5377=ORIENTED_EDGE('',*,*,#4835,.F.);
#5378=ORIENTED_EDGE('',*,*,#3611,.T.);
#5379=EDGE_LOOP('',(#5374,#5376,#5377,#5378));
#5380=FACE_OUTER_BOUND('',#5379,.F.);
#5382=CARTESIAN_POINT('',(3.4125E0,-6.5E-1,-5.37E0));
#5383=DIRECTION('',(0.E0,7.071067811865E-1,7.071067811865E-1));
#5384=DIRECTION('',(0.E0,-7.071067811865E-1,7.071067811865E-1));
#5385=AXIS2_PLACEMENT_3D('',#5382,#5383,#5384);
#5386=PLANE('',#5385);
#5388=ORIENTED_EDGE('',*,*,#5387,.T.);
#5390=ORIENTED_EDGE('',*,*,#5389,.F.);
#5391=ORIENTED_EDGE('',*,*,#5373,.F.);
#5392=ORIENTED_EDGE('',*,*,#3609,.T.);
#5393=EDGE_LOOP('',(#5388,#5390,#5391,#5392));
#5394=FACE_OUTER_BOUND('',#5393,.F.);
#5396=CARTESIAN_POINT('',(3.95E0,-6.E-1,-4.9E0));
#5397=DIRECTION('',(0.E0,-1.E0,0.E0));
#5398=DIRECTION('',(0.E0,0.E0,-1.E0));
#5399=AXIS2_PLACEMENT_3D('',#5396,#5397,#5398);
#5400=PLANE('',#5399);
#5401=ORIENTED_EDGE('',*,*,#5387,.F.);
#5402=ORIENTED_EDGE('',*,*,#3520,.F.);
#5403=ORIENTED_EDGE('',*,*,#3871,.T.);
#5404=ORIENTED_EDGE('',*,*,#3258,.T.);
#5405=ORIENTED_EDGE('',*,*,#4806,.T.);
#5407=ORIENTED_EDGE('',*,*,#5406,.F.);
#5408=EDGE_LOOP('',(#5401,#5402,#5403,#5404,#5405,#5407));
#5409=FACE_OUTER_BOUND('',#5408,.F.);
#5411=CARTESIAN_POINT('',(3.6E0,-6.5E-1,-5.11E0));
#5412=DIRECTION('',(-7.071067811865E-1,7.071067811865E-1,0.E0));
#5413=DIRECTION('',(-7.071067811865E-1,-7.071067811865E-1,0.E0));
#5414=AXIS2_PLACEMENT_3D('',#5411,#5412,#5413);
#5415=PLANE('',#5414);
#5417=ORIENTED_EDGE('',*,*,#5416,.F.);
#5418=ORIENTED_EDGE('',*,*,#5389,.T.);
#5419=ORIENTED_EDGE('',*,*,#5406,.T.);
#5420=ORIENTED_EDGE('',*,*,#4804,.T.);
#5421=EDGE_LOOP('',(#5417,#5418,#5419,#5420));
#5422=FACE_OUTER_BOUND('',#5421,.F.);
#5424=CARTESIAN_POINT('',(3.55E0,-1.1E0,-5.32E0));
#5425=DIRECTION('',(1.E0,0.E0,0.E0));
#5426=DIRECTION('',(0.E0,0.E0,1.E0));
#5427=AXIS2_PLACEMENT_3D('',#5424,#5425,#5426);
#5428=PLANE('',#5427);
#5429=ORIENTED_EDGE('',*,*,#5416,.T.);
#5430=ORIENTED_EDGE('',*,*,#4802,.F.);
#5431=ORIENTED_EDGE('',*,*,#4837,.F.);
#5432=ORIENTED_EDGE('',*,*,#5375,.T.);
#5433=EDGE_LOOP('',(#5429,#5430,#5431,#5432));
#5434=FACE_OUTER_BOUND('',#5433,.F.);
#5436=CARTESIAN_POINT('',(-3.6125E0,-4.E-1,-1.5E-1));
#5437=DIRECTION('',(0.E0,-9.486832980505E-1,3.162277660168E-1));
#5438=DIRECTION('',(0.E0,-3.162277660168E-1,-9.486832980505E-1));
#5439=AXIS2_PLACEMENT_3D('',#5436,#5437,#5438);
#5440=PLANE('',#5439);
#5441=ORIENTED_EDGE('',*,*,#4429,.T.);
#5442=ORIENTED_EDGE('',*,*,#4122,.T.);
#5444=ORIENTED_EDGE('',*,*,#5443,.F.);
#5446=ORIENTED_EDGE('',*,*,#5445,.F.);
#5447=EDGE_LOOP('',(#5441,#5442,#5444,#5446));
#5448=FACE_OUTER_BOUND('',#5447,.F.);
#5450=CARTESIAN_POINT('',(-3.225E0,-6.25E-1,-1.5E-1));
#5451=DIRECTION('',(-9.486832980505E-1,0.E0,3.162277660168E-1));
#5452=DIRECTION('',(-3.162277660168E-1,0.E0,-9.486832980505E-1));
#5453=AXIS2_PLACEMENT_3D('',#5450,#5451,#5452);
#5454=PLANE('',#5453);
#5455=ORIENTED_EDGE('',*,*,#4340,.F.);
#5456=ORIENTED_EDGE('',*,*,#5443,.T.);
#5457=ORIENTED_EDGE('',*,*,#4120,.T.);
#5459=ORIENTED_EDGE('',*,*,#5458,.T.);
#5460=EDGE_LOOP('',(#5455,#5456,#5457,#5459));
#5461=FACE_OUTER_BOUND('',#5460,.F.);
#5463=CARTESIAN_POINT('',(-3.175E0,-8.E-1,0.E0));
#5464=DIRECTION('',(0.E0,1.E0,0.E0));
#5465=DIRECTION('',(-1.E0,0.E0,0.E0));
#5466=AXIS2_PLACEMENT_3D('',#5463,#5464,#5465);
#5467=PLANE('',#5466);
#5468=ORIENTED_EDGE('',*,*,#5458,.F.);
#5470=ORIENTED_EDGE('',*,*,#5469,.T.);
#5471=ORIENTED_EDGE('',*,*,#3697,.T.);
#5472=ORIENTED_EDGE('',*,*,#4342,.F.);
#5473=EDGE_LOOP('',(#5468,#5470,#5471,#5472));
#5474=FACE_OUTER_BOUND('',#5473,.F.);
#5476=CARTESIAN_POINT('',(-3.175E0,-1.E0,0.E0));
#5477=DIRECTION('',(1.E0,0.E0,0.E0));
#5478=DIRECTION('',(0.E0,1.E0,0.E0));
#5479=AXIS2_PLACEMENT_3D('',#5476,#5477,#5478);
#5480=PLANE('',#5479);
#5481=ORIENTED_EDGE('',*,*,#4118,.F.);
#5483=ORIENTED_EDGE('',*,*,#5482,.T.);
#5484=ORIENTED_EDGE('',*,*,#3699,.T.);
#5485=ORIENTED_EDGE('',*,*,#5469,.F.);
#5486=EDGE_LOOP('',(#5481,#5483,#5484,#5485));
#5487=FACE_OUTER_BOUND('',#5486,.F.);
#5489=CARTESIAN_POINT('',(-3.55E0,-1.E0,0.E0));
#5490=DIRECTION('',(0.E0,-1.E0,0.E0));
#5491=DIRECTION('',(1.E0,0.E0,0.E0));
#5492=AXIS2_PLACEMENT_3D('',#5489,#5490,#5491);
#5493=PLANE('',#5492);
#5494=ORIENTED_EDGE('',*,*,#4302,.F.);
#5495=ORIENTED_EDGE('',*,*,#4330,.F.);
#5497=ORIENTED_EDGE('',*,*,#5496,.F.);
#5499=ORIENTED_EDGE('',*,*,#5498,.T.);
#5500=ORIENTED_EDGE('',*,*,#3685,.F.);
#5501=ORIENTED_EDGE('',*,*,#5482,.F.);
#5502=EDGE_LOOP('',(#5494,#5495,#5497,#5499,#5500,#5501));
#5503=FACE_OUTER_BOUND('',#5502,.F.);
#5505=CARTESIAN_POINT('',(-3.4625E0,-1.05E0,-8.5E-1));
#5506=DIRECTION('',(0.E0,7.071067811865E-1,7.071067811865E-1));
#5507=DIRECTION('',(0.E0,-7.071067811865E-1,7.071067811865E-1));
#5508=AXIS2_PLACEMENT_3D('',#5505,#5506,#5507);
#5509=PLANE('',#5508);
#5511=ORIENTED_EDGE('',*,*,#5510,.F.);
#5513=ORIENTED_EDGE('',*,*,#5512,.F.);
#5514=ORIENTED_EDGE('',*,*,#5496,.T.);
#5515=ORIENTED_EDGE('',*,*,#4328,.T.);
#5516=EDGE_LOOP('',(#5511,#5513,#5514,#5515));
#5517=FACE_OUTER_BOUND('',#5516,.F.);
#5519=CARTESIAN_POINT('',(-3.95E0,-4.5E-1,-8.E-1));
#5520=DIRECTION('',(0.E0,0.E0,-1.E0));
#5521=DIRECTION('',(0.E0,-1.E0,0.E0));
#5522=AXIS2_PLACEMENT_3D('',#5519,#5520,#5521);
#5523=PLANE('',#5522);
#5525=ORIENTED_EDGE('',*,*,#5524,.F.);
#5526=ORIENTED_EDGE('',*,*,#5510,.T.);
#5527=ORIENTED_EDGE('',*,*,#4326,.T.);
#5529=ORIENTED_EDGE('',*,*,#5528,.T.);
#5530=ORIENTED_EDGE('',*,*,#4433,.F.);
#5532=ORIENTED_EDGE('',*,*,#5531,.T.);
#5534=ORIENTED_EDGE('',*,*,#5533,.F.);
#5536=ORIENTED_EDGE('',*,*,#5535,.F.);
#5537=EDGE_LOOP('',(#5525,#5526,#5527,#5529,#5530,#5532,#5534,#5536));
#5538=FACE_OUTER_BOUND('',#5537,.F.);
#5540=CARTESIAN_POINT('',(-3.7E0,-9.E-1,-8.5E-1));
#5541=DIRECTION('',(7.071067811865E-1,0.E0,7.071067811865E-1));
#5542=DIRECTION('',(7.071067811865E-1,0.E0,-7.071067811865E-1));
#5543=AXIS2_PLACEMENT_3D('',#5540,#5541,#5542);
#5544=PLANE('',#5543);
#5546=ORIENTED_EDGE('',*,*,#5545,.F.);
#5547=ORIENTED_EDGE('',*,*,#5512,.T.);
#5548=ORIENTED_EDGE('',*,*,#5524,.T.);
#5550=ORIENTED_EDGE('',*,*,#5549,.F.);
#5551=EDGE_LOOP('',(#5546,#5547,#5548,#5550));
#5552=FACE_OUTER_BOUND('',#5551,.F.);
#5554=CARTESIAN_POINT('',(-3.65E0,-8.E-1,-8.E-1));
#5555=DIRECTION('',(-1.E0,0.E0,0.E0));
#5556=DIRECTION('',(0.E0,-1.E0,0.E0));
#5557=AXIS2_PLACEMENT_3D('',#5554,#5555,#5556);
#5558=PLANE('',#5557);
#5559=ORIENTED_EDGE('',*,*,#5545,.T.);
#5561=ORIENTED_EDGE('',*,*,#5560,.T.);
#5562=ORIENTED_EDGE('',*,*,#3687,.T.);
#5563=ORIENTED_EDGE('',*,*,#5498,.F.);
#5564=EDGE_LOOP('',(#5559,#5561,#5562,#5563));
#5565=FACE_OUTER_BOUND('',#5564,.F.);
#5567=CARTESIAN_POINT('',(-3.55E0,-8.E-1,-8.E-1));
#5568=DIRECTION('',(0.E0,1.E0,0.E0));
#5569=DIRECTION('',(-1.E0,0.E0,0.E0));
#5570=AXIS2_PLACEMENT_3D('',#5567,#5568,#5569);
#5571=PLANE('',#5570);
#5573=ORIENTED_EDGE('',*,*,#5572,.T.);
#5575=ORIENTED_EDGE('',*,*,#5574,.F.);
#5576=ORIENTED_EDGE('',*,*,#3689,.T.);
#5577=ORIENTED_EDGE('',*,*,#5560,.F.);
#5578=EDGE_LOOP('',(#5573,#5575,#5576,#5577));
#5579=FACE_OUTER_BOUND('',#5578,.F.);
#5581=CARTESIAN_POINT('',(-3.6E0,-7.5E-1,-8.5E-1));
#5582=DIRECTION('',(0.E0,-7.071067811865E-1,7.071067811865E-1));
#5583=DIRECTION('',(0.E0,-7.071067811865E-1,-7.071067811865E-1));
#5584=AXIS2_PLACEMENT_3D('',#5581,#5582,#5583);
#5585=PLANE('',#5584);
#5586=ORIENTED_EDGE('',*,*,#5535,.T.);
#5588=ORIENTED_EDGE('',*,*,#5587,.F.);
#5589=ORIENTED_EDGE('',*,*,#5572,.F.);
#5590=ORIENTED_EDGE('',*,*,#5549,.T.);
#5591=EDGE_LOOP('',(#5586,#5588,#5589,#5590));
#5592=FACE_OUTER_BOUND('',#5591,.F.);
#5594=CARTESIAN_POINT('',(-3.6E0,-6.25E-1,-8.5E-1));
#5595=DIRECTION('',(7.071067811865E-1,0.E0,7.071067811865E-1));
#5596=DIRECTION('',(7.071067811865E-1,0.E0,-7.071067811865E-1));
#5597=AXIS2_PLACEMENT_3D('',#5594,#5595,#5596);
#5598=PLANE('',#5597);
#5600=ORIENTED_EDGE('',*,*,#5599,.F.);
#5601=ORIENTED_EDGE('',*,*,#5587,.T.);
#5602=ORIENTED_EDGE('',*,*,#5533,.T.);
#5604=ORIENTED_EDGE('',*,*,#5603,.T.);
#5605=EDGE_LOOP('',(#5600,#5601,#5602,#5604));
#5606=FACE_OUTER_BOUND('',#5605,.F.);
#5608=CARTESIAN_POINT('',(-3.55E0,-4.5E-1,0.E0));
#5609=DIRECTION('',(-1.E0,0.E0,0.E0));
#5610=DIRECTION('',(0.E0,-1.E0,0.E0));
#5611=AXIS2_PLACEMENT_3D('',#5608,#5609,#5610);
#5612=PLANE('',#5611);
#5613=ORIENTED_EDGE('',*,*,#5574,.T.);
#5614=ORIENTED_EDGE('',*,*,#5599,.T.);
#5616=ORIENTED_EDGE('',*,*,#5615,.T.);
#5617=ORIENTED_EDGE('',*,*,#3691,.T.);
#5618=EDGE_LOOP('',(#5613,#5614,#5616,#5617));
#5619=FACE_OUTER_BOUND('',#5618,.F.);
#5621=CARTESIAN_POINT('',(-3.95E0,-4.5E-1,0.E0));
#5622=DIRECTION('',(0.E0,1.E0,0.E0));
#5623=DIRECTION('',(0.E0,0.E0,-1.E0));
#5624=AXIS2_PLACEMENT_3D('',#5621,#5622,#5623);
#5625=PLANE('',#5624);
#5626=ORIENTED_EDGE('',*,*,#5445,.T.);
#5627=ORIENTED_EDGE('',*,*,#4345,.T.);
#5628=ORIENTED_EDGE('',*,*,#3693,.T.);
#5629=ORIENTED_EDGE('',*,*,#5615,.F.);
#5630=ORIENTED_EDGE('',*,*,#5603,.F.);
#5631=ORIENTED_EDGE('',*,*,#5531,.F.);
#5632=ORIENTED_EDGE('',*,*,#4431,.F.);
#5633=EDGE_LOOP('',(#5626,#5627,#5628,#5629,#5630,#5631,#5632));
#5634=FACE_OUTER_BOUND('',#5633,.F.);
#5636=CARTESIAN_POINT('',(-3.6125E0,-1.45E0,-8.5E-1));
#5637=DIRECTION('',(0.E0,-7.071067811865E-1,7.071067811865E-1));
#5638=DIRECTION('',(0.E0,7.071067811865E-1,7.071067811865E-1));
#5639=AXIS2_PLACEMENT_3D('',#5636,#5637,#5638);
#5640=PLANE('',#5639);
#5641=ORIENTED_EDGE('',*,*,#4435,.T.);
#5642=ORIENTED_EDGE('',*,*,#5528,.F.);
#5643=ORIENTED_EDGE('',*,*,#4324,.T.);
#5645=ORIENTED_EDGE('',*,*,#5644,.T.);
#5646=EDGE_LOOP('',(#5641,#5642,#5643,#5645));
#5647=FACE_OUTER_BOUND('',#5646,.F.);
#5649=CARTESIAN_POINT('',(-3.95E0,-1.5E0,-8.E-1));
#5650=DIRECTION('',(0.E0,1.E0,0.E0));
#5651=DIRECTION('',(0.E0,0.E0,-1.E0));
#5652=AXIS2_PLACEMENT_3D('',#5649,#5650,#5651);
#5653=PLANE('',#5652);
#5655=ORIENTED_EDGE('',*,*,#5654,.F.);
#5657=ORIENTED_EDGE('',*,*,#5656,.F.);
#5658=ORIENTED_EDGE('',*,*,#4410,.F.);
#5659=ORIENTED_EDGE('',*,*,#4437,.F.);
#5660=ORIENTED_EDGE('',*,*,#5644,.F.);
#5661=ORIENTED_EDGE('',*,*,#4322,.F.);
#5662=ORIENTED_EDGE('',*,*,#3669,.T.);
#5663=EDGE_LOOP('',(#5655,#5657,#5658,#5659,#5660,#5661,#5662));
#5664=FACE_OUTER_BOUND('',#5663,.F.);
#5666=CARTESIAN_POINT('',(-3.55E0,-1.5E0,0.E0));
#5667=DIRECTION('',(-1.E0,0.E0,0.E0));
#5668=DIRECTION('',(0.E0,-1.E0,0.E0));
#5669=AXIS2_PLACEMENT_3D('',#5666,#5667,#5668);
#5670=PLANE('',#5669);
#5672=ORIENTED_EDGE('',*,*,#5671,.T.);
#5673=ORIENTED_EDGE('',*,*,#5654,.T.);
#5674=ORIENTED_EDGE('',*,*,#3675,.T.);
#5676=ORIENTED_EDGE('',*,*,#5675,.F.);
#5677=EDGE_LOOP('',(#5672,#5673,#5674,#5676));
#5678=FACE_OUTER_BOUND('',#5677,.F.);
#5680=CARTESIAN_POINT('',(-3.6E0,-1.71E0,-2.2E0));
#5681=DIRECTION('',(7.071067811865E-1,0.E0,7.071067811865E-1));
#5682=DIRECTION('',(7.071067811865E-1,0.E0,-7.071067811865E-1));
#5683=AXIS2_PLACEMENT_3D('',#5680,#5681,#5682);
#5684=PLANE('',#5683);
#5685=ORIENTED_EDGE('',*,*,#5671,.F.);
#5687=ORIENTED_EDGE('',*,*,#5686,.T.);
#5688=ORIENTED_EDGE('',*,*,#4412,.T.);
#5689=ORIENTED_EDGE('',*,*,#5656,.T.);
#5690=EDGE_LOOP('',(#5685,#5687,#5688,#5689));
#5691=FACE_OUTER_BOUND('',#5690,.F.);
#5693=CARTESIAN_POINT('',(-3.4125E0,-1.97E0,-2.2E0));
#5694=DIRECTION('',(0.E0,7.071067811865E-1,7.071067811865E-1));
#5695=DIRECTION('',(0.E0,7.071067811865E-1,-7.071067811865E-1));
#5696=AXIS2_PLACEMENT_3D('',#5693,#5694,#5695);
#5697=PLANE('',#5696);
#5698=ORIENTED_EDGE('',*,*,#4414,.T.);
#5699=ORIENTED_EDGE('',*,*,#5686,.F.);
#5701=ORIENTED_EDGE('',*,*,#5700,.F.);
#5702=ORIENTED_EDGE('',*,*,#4317,.T.);
#5703=EDGE_LOOP('',(#5698,#5699,#5701,#5702));
#5704=FACE_OUTER_BOUND('',#5703,.F.);
#5706=CARTESIAN_POINT('',(-3.55E0,-1.92E0,0.E0));
#5707=DIRECTION('',(0.E0,-1.E0,0.E0));
#5708=DIRECTION('',(1.E0,0.E0,0.E0));
#5709=AXIS2_PLACEMENT_3D('',#5706,#5707,#5708);
#5710=PLANE('',#5709);
#5711=ORIENTED_EDGE('',*,*,#5700,.T.);
#5712=ORIENTED_EDGE('',*,*,#5675,.T.);
#5713=ORIENTED_EDGE('',*,*,#3673,.T.);
#5714=ORIENTED_EDGE('',*,*,#4319,.F.);
#5715=EDGE_LOOP('',(#5711,#5712,#5713,#5714));
#5716=FACE_OUTER_BOUND('',#5715,.F.);
#5718=CARTESIAN_POINT('',(3.6125E0,-4.E-1,-1.5E-1));
#5719=DIRECTION('',(0.E0,-9.486832980505E-1,3.162277660168E-1));
#5720=DIRECTION('',(0.E0,-3.162277660168E-1,-9.486832980505E-1));
#5721=AXIS2_PLACEMENT_3D('',#5718,#5719,#5720);
#5722=PLANE('',#5721);
#5723=ORIENTED_EDGE('',*,*,#3274,.T.);
#5725=ORIENTED_EDGE('',*,*,#5724,.F.);
#5726=ORIENTED_EDGE('',*,*,#3629,.T.);
#5727=ORIENTED_EDGE('',*,*,#4129,.T.);
#5728=EDGE_LOOP('',(#5723,#5725,#5726,#5727));
#5729=FACE_OUTER_BOUND('',#5728,.F.);
#5731=CARTESIAN_POINT('',(3.95E0,-4.5E-1,-8.E-1));
#5732=DIRECTION('',(0.E0,1.E0,0.E0));
#5733=DIRECTION('',(0.E0,0.E0,1.E0));
#5734=AXIS2_PLACEMENT_3D('',#5731,#5732,#5733);
#5735=PLANE('',#5734);
#5736=ORIENTED_EDGE('',*,*,#5724,.T.);
#5737=ORIENTED_EDGE('',*,*,#3272,.T.);
#5739=ORIENTED_EDGE('',*,*,#5738,.T.);
#5741=ORIENTED_EDGE('',*,*,#5740,.F.);
#5743=ORIENTED_EDGE('',*,*,#5742,.T.);
#5744=ORIENTED_EDGE('',*,*,#3721,.T.);
#5745=ORIENTED_EDGE('',*,*,#3534,.F.);
#5746=EDGE_LOOP('',(#5736,#5737,#5739,#5741,#5743,#5744,#5745));
#5747=FACE_OUTER_BOUND('',#5746,.F.);
#5749=CARTESIAN_POINT('',(3.95E0,-1.5E0,-8.E-1));
#5750=DIRECTION('',(0.E0,0.E0,-1.E0));
#5751=DIRECTION('',(0.E0,1.E0,0.E0));
#5752=AXIS2_PLACEMENT_3D('',#5749,#5750,#5751);
#5753=PLANE('',#5752);
#5755=ORIENTED_EDGE('',*,*,#5754,.F.);
#5756=ORIENTED_EDGE('',*,*,#5738,.F.);
#5757=ORIENTED_EDGE('',*,*,#3270,.F.);
#5759=ORIENTED_EDGE('',*,*,#5758,.F.);
#5760=ORIENTED_EDGE('',*,*,#3554,.T.);
#5762=ORIENTED_EDGE('',*,*,#5761,.T.);
#5764=ORIENTED_EDGE('',*,*,#5763,.F.);
#5766=ORIENTED_EDGE('',*,*,#5765,.F.);
#5767=EDGE_LOOP('',(#5755,#5756,#5757,#5759,#5760,#5762,#5764,#5766));
#5768=FACE_OUTER_BOUND('',#5767,.F.);
#5770=CARTESIAN_POINT('',(3.6E0,-6.25E-1,-8.5E-1));
#5771=DIRECTION('',(-7.071067811865E-1,0.E0,7.071067811865E-1));
#5772=DIRECTION('',(-7.071067811865E-1,0.E0,-7.071067811865E-1));
#5773=AXIS2_PLACEMENT_3D('',#5770,#5771,#5772);
#5774=PLANE('',#5773);
#5775=ORIENTED_EDGE('',*,*,#5754,.T.);
#5777=ORIENTED_EDGE('',*,*,#5776,.F.);
#5779=ORIENTED_EDGE('',*,*,#5778,.F.);
#5780=ORIENTED_EDGE('',*,*,#5740,.T.);
#5781=EDGE_LOOP('',(#5775,#5777,#5779,#5780));
#5782=FACE_OUTER_BOUND('',#5781,.F.);
#5784=CARTESIAN_POINT('',(3.6E0,-7.5E-1,-8.5E-1));
#5785=DIRECTION('',(0.E0,-7.071067811865E-1,7.071067811865E-1));
#5786=DIRECTION('',(0.E0,-7.071067811865E-1,-7.071067811865E-1));
#5787=AXIS2_PLACEMENT_3D('',#5784,#5785,#5786);
#5788=PLANE('',#5787);
#5790=ORIENTED_EDGE('',*,*,#5789,.F.);
#5791=ORIENTED_EDGE('',*,*,#5776,.T.);
#5792=ORIENTED_EDGE('',*,*,#5765,.T.);
#5794=ORIENTED_EDGE('',*,*,#5793,.F.);
#5795=EDGE_LOOP('',(#5790,#5791,#5792,#5794));
#5796=FACE_OUTER_BOUND('',#5795,.F.);
#5798=CARTESIAN_POINT('',(3.65E0,-8.E-1,-8.E-1));
#5799=DIRECTION('',(0.E0,1.E0,0.E0));
#5800=DIRECTION('',(-1.E0,0.E0,0.E0));
#5801=AXIS2_PLACEMENT_3D('',#5798,#5799,#5800);
#5802=PLANE('',#5801);
#5804=ORIENTED_EDGE('',*,*,#5803,.T.);
#5805=ORIENTED_EDGE('',*,*,#5789,.T.);
#5807=ORIENTED_EDGE('',*,*,#5806,.T.);
#5808=ORIENTED_EDGE('',*,*,#3711,.T.);
#5809=EDGE_LOOP('',(#5804,#5805,#5807,#5808));
#5810=FACE_OUTER_BOUND('',#5809,.F.);
#5812=CARTESIAN_POINT('',(3.55E0,-1.E0,0.E0));
#5813=DIRECTION('',(1.E0,0.E0,0.E0));
#5814=DIRECTION('',(0.E0,1.E0,0.E0));
#5815=AXIS2_PLACEMENT_3D('',#5812,#5813,#5814);
#5816=PLANE('',#5815);
#5817=ORIENTED_EDGE('',*,*,#5778,.T.);
#5818=ORIENTED_EDGE('',*,*,#5803,.F.);
#5819=ORIENTED_EDGE('',*,*,#3709,.T.);
#5820=ORIENTED_EDGE('',*,*,#5742,.F.);
#5821=EDGE_LOOP('',(#5817,#5818,#5819,#5820));
#5822=FACE_OUTER_BOUND('',#5821,.F.);
#5824=CARTESIAN_POINT('',(3.65E0,-1.E0,-8.E-1));
#5825=DIRECTION('',(1.E0,0.E0,0.E0));
#5826=DIRECTION('',(0.E0,1.E0,0.E0));
#5827=AXIS2_PLACEMENT_3D('',#5824,#5825,#5826);
#5828=PLANE('',#5827);
#5829=ORIENTED_EDGE('',*,*,#5806,.F.);
#5831=ORIENTED_EDGE('',*,*,#5830,.T.);
#5833=ORIENTED_EDGE('',*,*,#5832,.T.);
#5834=ORIENTED_EDGE('',*,*,#3713,.T.);
#5835=EDGE_LOOP('',(#5829,#5831,#5833,#5834));
#5836=FACE_OUTER_BOUND('',#5835,.F.);
#5838=CARTESIAN_POINT('',(3.7E0,-9.E-1,-8.5E-1));
#5839=DIRECTION('',(-7.071067811865E-1,0.E0,7.071067811865E-1));
#5840=DIRECTION('',(-7.071067811865E-1,0.E0,-7.071067811865E-1));
#5841=AXIS2_PLACEMENT_3D('',#5838,#5839,#5840);
#5842=PLANE('',#5841);
#5843=ORIENTED_EDGE('',*,*,#5763,.T.);
#5845=ORIENTED_EDGE('',*,*,#5844,.F.);
#5846=ORIENTED_EDGE('',*,*,#5830,.F.);
#5847=ORIENTED_EDGE('',*,*,#5793,.T.);
#5848=EDGE_LOOP('',(#5843,#5845,#5846,#5847));
#5849=FACE_OUTER_BOUND('',#5848,.F.);
#5851=CARTESIAN_POINT('',(3.4625E0,-1.05E0,-8.5E-1));
#5852=DIRECTION('',(0.E0,7.071067811865E-1,7.071067811865E-1));
#5853=DIRECTION('',(0.E0,-7.071067811865E-1,7.071067811865E-1));
#5854=AXIS2_PLACEMENT_3D('',#5851,#5852,#5853);
#5855=PLANE('',#5854);
#5857=ORIENTED_EDGE('',*,*,#5856,.T.);
#5858=ORIENTED_EDGE('',*,*,#5844,.T.);
#5859=ORIENTED_EDGE('',*,*,#5761,.F.);
#5860=ORIENTED_EDGE('',*,*,#3552,.T.);
#5861=EDGE_LOOP('',(#5857,#5858,#5859,#5860));
#5862=FACE_OUTER_BOUND('',#5861,.F.);
#5864=CARTESIAN_POINT('',(3.175E0,-1.E0,0.E0));
#5865=DIRECTION('',(0.E0,-1.E0,0.E0));
#5866=DIRECTION('',(1.E0,0.E0,0.E0));
#5867=AXIS2_PLACEMENT_3D('',#5864,#5865,#5866);
#5868=PLANE('',#5867);
#5870=ORIENTED_EDGE('',*,*,#5869,.F.);
#5872=ORIENTED_EDGE('',*,*,#5871,.T.);
#5873=ORIENTED_EDGE('',*,*,#3715,.T.);
#5874=ORIENTED_EDGE('',*,*,#5832,.F.);
#5875=ORIENTED_EDGE('',*,*,#5856,.F.);
#5876=ORIENTED_EDGE('',*,*,#3550,.F.);
#5877=EDGE_LOOP('',(#5870,#5872,#5873,#5874,#5875,#5876));
#5878=FACE_OUTER_BOUND('',#5877,.F.);
#5880=CARTESIAN_POINT('',(3.225E0,-1.575E0,-1.5E-1));
#5881=DIRECTION('',(9.486832980505E-1,0.E0,3.162277660168E-1));
#5882=DIRECTION('',(3.162277660168E-1,0.E0,-9.486832980505E-1));
#5883=AXIS2_PLACEMENT_3D('',#5880,#5881,#5882);
#5884=PLANE('',#5883);
#5885=ORIENTED_EDGE('',*,*,#5869,.T.);
#5886=ORIENTED_EDGE('',*,*,#3548,.F.);
#5888=ORIENTED_EDGE('',*,*,#5887,.T.);
#5889=ORIENTED_EDGE('',*,*,#4134,.T.);
#5890=EDGE_LOOP('',(#5885,#5886,#5888,#5889));
#5891=FACE_OUTER_BOUND('',#5890,.F.);
#5893=CARTESIAN_POINT('',(3.15E0,-2.275E0,-1.075E0));
#5894=DIRECTION('',(7.071067811865E-1,-7.071067811865E-1,0.E0));
#5895=DIRECTION('',(7.071067811865E-1,7.071067811865E-1,0.E0));
#5896=AXIS2_PLACEMENT_3D('',#5893,#5894,#5895);
#5897=PLANE('',#5896);
#5898=ORIENTED_EDGE('',*,*,#5887,.F.);
#5899=ORIENTED_EDGE('',*,*,#3568,.F.);
#5900=ORIENTED_EDGE('',*,*,#3752,.T.);
#5901=ORIENTED_EDGE('',*,*,#3813,.T.);
#5902=ORIENTED_EDGE('',*,*,#4136,.T.);
#5903=EDGE_LOOP('',(#5898,#5899,#5900,#5901,#5902));
#5904=FACE_OUTER_BOUND('',#5903,.F.);
#5906=CARTESIAN_POINT('',(3.175E0,-8.E-1,0.E0));
#5907=DIRECTION('',(-1.E0,0.E0,0.E0));
#5908=DIRECTION('',(0.E0,-1.E0,0.E0));
#5909=AXIS2_PLACEMENT_3D('',#5906,#5907,#5908);
#5910=PLANE('',#5909);
#5911=ORIENTED_EDGE('',*,*,#4132,.F.);
#5912=ORIENTED_EDGE('',*,*,#3644,.T.);
#5913=ORIENTED_EDGE('',*,*,#3717,.T.);
#5914=ORIENTED_EDGE('',*,*,#5871,.F.);
#5915=EDGE_LOOP('',(#5911,#5912,#5913,#5914));
#5916=FACE_OUTER_BOUND('',#5915,.F.);
#5918=CARTESIAN_POINT('',(3.6125E0,-1.45E0,-8.5E-1));
#5919=DIRECTION('',(0.E0,-7.071067811865E-1,7.071067811865E-1));
#5920=DIRECTION('',(0.E0,-7.071067811865E-1,-7.071067811865E-1));
#5921=AXIS2_PLACEMENT_3D('',#5918,#5919,#5920);
#5922=PLANE('',#5921);
#5923=ORIENTED_EDGE('',*,*,#3268,.T.);
#5924=ORIENTED_EDGE('',*,*,#3739,.F.);
#5925=ORIENTED_EDGE('',*,*,#3556,.T.);
#5926=ORIENTED_EDGE('',*,*,#5758,.T.);
#5927=EDGE_LOOP('',(#5923,#5924,#5925,#5926));
#5928=FACE_OUTER_BOUND('',#5927,.F.);
#5930=CARTESIAN_POINT('',(1.76E0,1.825E0,0.E0));
#5931=DIRECTION('',(0.E0,1.E0,0.E0));
#5932=DIRECTION('',(-1.E0,0.E0,0.E0));
#5933=AXIS2_PLACEMENT_3D('',#5930,#5931,#5932);
#5934=PLANE('',#5933);
#5936=ORIENTED_EDGE('',*,*,#5935,.T.);
#5938=ORIENTED_EDGE('',*,*,#5937,.F.);
#5939=ORIENTED_EDGE('',*,*,#4140,.F.);
#5940=ORIENTED_EDGE('',*,*,#4089,.T.);
#5941=ORIENTED_EDGE('',*,*,#3979,.T.);
#5943=ORIENTED_EDGE('',*,*,#5942,.F.);
#5944=ORIENTED_EDGE('',*,*,#4148,.F.);
#5946=ORIENTED_EDGE('',*,*,#5945,.F.);
#5947=EDGE_LOOP('',(#5936,#5938,#5939,#5940,#5941,#5943,#5944,#5946));
#5948=FACE_OUTER_BOUND('',#5947,.F.);
#5950=CARTESIAN_POINT('',(-1.898584742097E1,1.725E0,-8.330415196484E-1));
#5951=DIRECTION('',(1.E0,0.E0,0.E0));
#5952=DIRECTION('',(0.E0,1.E0,0.E0));
#5953=AXIS2_PLACEMENT_3D('',#5950,#5951,#5952);
#5954=CYLINDRICAL_SURFACE('',#5953,1.E-1);
#5955=ORIENTED_EDGE('',*,*,#5935,.F.);
#5957=ORIENTED_EDGE('',*,*,#5956,.T.);
#5959=ORIENTED_EDGE('',*,*,#5958,.T.);
#5961=ORIENTED_EDGE('',*,*,#5960,.T.);
#5962=EDGE_LOOP('',(#5955,#5957,#5959,#5961));
#5963=FACE_OUTER_BOUND('',#5962,.F.);
#5965=CARTESIAN_POINT('',(-6.85E-1,0.E0,0.E0));
#5966=DIRECTION('',(1.E0,0.E0,0.E0));
#5967=DIRECTION('',(0.E0,0.E0,-1.E0));
#5968=AXIS2_PLACEMENT_3D('',#5965,#5966,#5967);
#5969=PLANE('',#5968);
#5971=ORIENTED_EDGE('',*,*,#5970,.T.);
#5972=ORIENTED_EDGE('',*,*,#5956,.F.);
#5973=ORIENTED_EDGE('',*,*,#5945,.T.);
#5974=ORIENTED_EDGE('',*,*,#4146,.T.);
#5976=ORIENTED_EDGE('',*,*,#5975,.T.);
#5977=EDGE_LOOP('',(#5971,#5972,#5973,#5974,#5976));
#5978=FACE_OUTER_BOUND('',#5977,.F.);
#5980=CARTESIAN_POINT('',(-6.85E-1,1.525E0,-7.5E-1));
#5981=DIRECTION('',(0.E0,8.634300732915E-2,-9.962654691825E-1));
#5982=DIRECTION('',(0.E0,9.962654691825E-1,8.634300732915E-2));
#5983=AXIS2_PLACEMENT_3D('',#5980,#5981,#5982);
#5984=PLANE('',#5983);
#5985=ORIENTED_EDGE('',*,*,#5958,.F.);
#5986=ORIENTED_EDGE('',*,*,#5970,.F.);
#5988=ORIENTED_EDGE('',*,*,#5987,.T.);
#5990=ORIENTED_EDGE('',*,*,#5989,.T.);
#5991=EDGE_LOOP('',(#5985,#5986,#5988,#5990));
#5992=FACE_OUTER_BOUND('',#5991,.F.);
#5994=CARTESIAN_POINT('',(-6.85E-1,1.525E0,0.E0));
#5995=DIRECTION('',(0.E0,-1.E0,0.E0));
#5996=DIRECTION('',(0.E0,0.E0,-1.E0));
#5997=AXIS2_PLACEMENT_3D('',#5994,#5995,#5996);
#5998=PLANE('',#5997);
#5999=ORIENTED_EDGE('',*,*,#5975,.F.);
#6000=ORIENTED_EDGE('',*,*,#4144,.T.);
#6002=ORIENTED_EDGE('',*,*,#6001,.T.);
#6003=ORIENTED_EDGE('',*,*,#5987,.F.);
#6004=EDGE_LOOP('',(#5999,#6000,#6002,#6003));
#6005=FACE_OUTER_BOUND('',#6004,.F.);
#6007=CARTESIAN_POINT('',(6.85E-1,0.E0,0.E0));
#6008=DIRECTION('',(1.E0,0.E0,0.E0));
#6009=DIRECTION('',(0.E0,0.E0,-1.E0));
#6010=AXIS2_PLACEMENT_3D('',#6007,#6008,#6009);
#6011=PLANE('',#6010);
#6012=ORIENTED_EDGE('',*,*,#5937,.T.);
#6013=ORIENTED_EDGE('',*,*,#5960,.F.);
#6014=ORIENTED_EDGE('',*,*,#5989,.F.);
#6015=ORIENTED_EDGE('',*,*,#6001,.F.);
#6016=ORIENTED_EDGE('',*,*,#4142,.F.);
#6017=EDGE_LOOP('',(#6012,#6013,#6014,#6015,#6016));
#6018=FACE_OUTER_BOUND('',#6017,.F.);
#6020=CARTESIAN_POINT('',(-1.76E0,1.825E0,0.E0));
#6021=DIRECTION('',(-1.E0,0.E0,0.E0));
#6022=DIRECTION('',(0.E0,-1.E0,0.E0));
#6023=AXIS2_PLACEMENT_3D('',#6020,#6021,#6022);
#6024=PLANE('',#6023);
#6025=ORIENTED_EDGE('',*,*,#4150,.F.);
#6026=ORIENTED_EDGE('',*,*,#5942,.T.);
#6027=ORIENTED_EDGE('',*,*,#3977,.T.);
#6028=ORIENTED_EDGE('',*,*,#4068,.T.);
#6029=EDGE_LOOP('',(#6025,#6026,#6027,#6028));
#6030=FACE_OUTER_BOUND('',#6029,.F.);
#6032=CARTESIAN_POINT('',(-2.035E0,9.E-1,-1.E-1));
#6033=DIRECTION('',(-7.071067811865E-1,0.E0,7.071067811865E-1));
#6034=DIRECTION('',(-7.071067811865E-1,0.E0,-7.071067811865E-1));
#6035=AXIS2_PLACEMENT_3D('',#6032,#6033,#6034);
#6036=PLANE('',#6035);
#6037=ORIENTED_EDGE('',*,*,#4073,.T.);
#6039=ORIENTED_EDGE('',*,*,#6038,.F.);
#6041=ORIENTED_EDGE('',*,*,#6040,.T.);
#6042=ORIENTED_EDGE('',*,*,#4153,.T.);
#6043=EDGE_LOOP('',(#6037,#6039,#6041,#6042));
#6044=FACE_OUTER_BOUND('',#6043,.F.);
#6046=CARTESIAN_POINT('',(-2.135E0,5.E-1,0.E0));
#6047=DIRECTION('',(1.E0,0.E0,0.E0));
#6048=DIRECTION('',(0.E0,1.E0,0.E0));
#6049=AXIS2_PLACEMENT_3D('',#6046,#6047,#6048);
#6050=PLANE('',#6049);
#6051=ORIENTED_EDGE('',*,*,#6038,.T.);
#6052=ORIENTED_EDGE('',*,*,#4071,.T.);
#6053=ORIENTED_EDGE('',*,*,#3997,.T.);
#6055=ORIENTED_EDGE('',*,*,#6054,.F.);
#6056=EDGE_LOOP('',(#6051,#6052,#6053,#6055));
#6057=FACE_OUTER_BOUND('',#6056,.F.);
#6059=CARTESIAN_POINT('',(-2.135E0,1.3E0,0.E0));
#6060=DIRECTION('',(0.E0,1.E0,0.E0));
#6061=DIRECTION('',(-1.E0,0.E0,0.E0));
#6062=AXIS2_PLACEMENT_3D('',#6059,#6060,#6061);
#6063=PLANE('',#6062);
#6065=ORIENTED_EDGE('',*,*,#6064,.T.);
#6066=ORIENTED_EDGE('',*,*,#6054,.T.);
#6067=ORIENTED_EDGE('',*,*,#3995,.T.);
#6069=ORIENTED_EDGE('',*,*,#6068,.F.);
#6070=EDGE_LOOP('',(#6065,#6066,#6067,#6069));
#6071=FACE_OUTER_BOUND('',#6070,.F.);
#6073=CARTESIAN_POINT('',(-2.5E0,1.4E0,-1.E-1));
#6074=DIRECTION('',(0.E0,-7.071067811865E-1,7.071067811865E-1));
#6075=DIRECTION('',(0.E0,-7.071067811865E-1,-7.071067811865E-1));
#6076=AXIS2_PLACEMENT_3D('',#6073,#6074,#6075);
#6077=PLANE('',#6076);
#6079=ORIENTED_EDGE('',*,*,#6078,.T.);
#6081=ORIENTED_EDGE('',*,*,#6080,.F.);
#6082=ORIENTED_EDGE('',*,*,#4155,.T.);
#6083=ORIENTED_EDGE('',*,*,#6040,.F.);
#6084=ORIENTED_EDGE('',*,*,#6064,.F.);
#6085=EDGE_LOOP('',(#6079,#6081,#6082,#6083,#6084));
#6086=FACE_OUTER_BOUND('',#6085,.F.);
#6088=CARTESIAN_POINT('',(-2.865E0,1.3E0,0.E0));
#6089=DIRECTION('',(-1.E0,0.E0,0.E0));
#6090=DIRECTION('',(0.E0,-1.E0,0.E0));
#6091=AXIS2_PLACEMENT_3D('',#6088,#6089,#6090);
#6092=PLANE('',#6091);
#6094=ORIENTED_EDGE('',*,*,#6093,.F.);
#6095=ORIENTED_EDGE('',*,*,#6078,.F.);
#6096=ORIENTED_EDGE('',*,*,#6068,.T.);
#6097=ORIENTED_EDGE('',*,*,#3993,.T.);
#6099=ORIENTED_EDGE('',*,*,#6098,.F.);
#6100=EDGE_LOOP('',(#6094,#6095,#6096,#6097,#6099));
#6101=FACE_OUTER_BOUND('',#6100,.F.);
#6103=CARTESIAN_POINT('',(-2.908301270189E0,-2.75E-1,-7.5E-2));
#6104=DIRECTION('',(8.660254037844E-1,0.E0,5.E-1));
#6105=DIRECTION('',(-5.E-1,0.E0,8.660254037844E-1));
#6106=AXIS2_PLACEMENT_3D('',#6103,#6104,#6105);
#6107=PLANE('',#6106);
#6108=ORIENTED_EDGE('',*,*,#6093,.T.);
#6110=ORIENTED_EDGE('',*,*,#6109,.T.);
#6111=ORIENTED_EDGE('',*,*,#4157,.F.);
#6112=ORIENTED_EDGE('',*,*,#6080,.T.);
#6113=EDGE_LOOP('',(#6108,#6110,#6111,#6112));
#6114=FACE_OUTER_BOUND('',#6113,.F.);
#6116=CARTESIAN_POINT('',(0.E0,-1.943301270189E0,-7.5E-2));
#6117=DIRECTION('',(0.E0,8.660254037844E-1,5.E-1));
#6118=DIRECTION('',(0.E0,5.E-1,-8.660254037844E-1));
#6119=AXIS2_PLACEMENT_3D('',#6116,#6117,#6118);
#6120=PLANE('',#6119);
#6121=ORIENTED_EDGE('',*,*,#4159,.T.);
#6122=ORIENTED_EDGE('',*,*,#6109,.F.);
#6124=ORIENTED_EDGE('',*,*,#6123,.F.);
#6126=ORIENTED_EDGE('',*,*,#6125,.T.);
#6127=EDGE_LOOP('',(#6121,#6122,#6124,#6126));
#6128=FACE_OUTER_BOUND('',#6127,.F.);
#6130=CARTESIAN_POINT('',(-2.865E0,-1.9E0,0.E0));
#6131=DIRECTION('',(0.E0,-1.E0,0.E0));
#6132=DIRECTION('',(1.E0,0.E0,0.E0));
#6133=AXIS2_PLACEMENT_3D('',#6130,#6131,#6132);
#6134=PLANE('',#6133);
#6135=ORIENTED_EDGE('',*,*,#6123,.T.);
#6136=ORIENTED_EDGE('',*,*,#6098,.T.);
#6137=ORIENTED_EDGE('',*,*,#3991,.T.);
#6139=ORIENTED_EDGE('',*,*,#6138,.F.);
#6140=EDGE_LOOP('',(#6135,#6136,#6137,#6139));
#6141=FACE_OUTER_BOUND('',#6140,.F.);
#6143=CARTESIAN_POINT('',(2.865E0,-1.9E0,0.E0));
#6144=DIRECTION('',(1.E0,0.E0,0.E0));
#6145=DIRECTION('',(0.E0,1.E0,0.E0));
#6146=AXIS2_PLACEMENT_3D('',#6143,#6144,#6145);
#6147=PLANE('',#6146);
#6149=ORIENTED_EDGE('',*,*,#6148,.F.);
#6150=ORIENTED_EDGE('',*,*,#6138,.T.);
#6151=ORIENTED_EDGE('',*,*,#3989,.T.);
#6153=ORIENTED_EDGE('',*,*,#6152,.F.);
#6155=ORIENTED_EDGE('',*,*,#6154,.F.);
#6156=EDGE_LOOP('',(#6149,#6150,#6151,#6153,#6155));
#6157=FACE_OUTER_BOUND('',#6156,.F.);
#6159=CARTESIAN_POINT('',(2.908301270189E0,-2.500000000001E-2,-7.5E-2));
#6160=DIRECTION('',(-8.660254037844E-1,0.E0,5.E-1));
#6161=DIRECTION('',(5.E-1,0.E0,8.660254037844E-1));
#6162=AXIS2_PLACEMENT_3D('',#6159,#6160,#6161);
#6163=PLANE('',#6162);
#6164=ORIENTED_EDGE('',*,*,#4161,.F.);
#6165=ORIENTED_EDGE('',*,*,#6125,.F.);
#6166=ORIENTED_EDGE('',*,*,#6148,.T.);
#6168=ORIENTED_EDGE('',*,*,#6167,.T.);
#6169=EDGE_LOOP('',(#6164,#6165,#6166,#6168));
#6170=FACE_OUTER_BOUND('',#6169,.F.);
#6172=CARTESIAN_POINT('',(2.5E0,1.9E0,-1.E-1));
#6173=DIRECTION('',(0.E0,-7.071067811865E-1,7.071067811865E-1));
#6174=DIRECTION('',(0.E0,-7.071067811865E-1,-7.071067811865E-1));
#6175=AXIS2_PLACEMENT_3D('',#6172,#6173,#6174);
#6176=PLANE('',#6175);
#6177=ORIENTED_EDGE('',*,*,#4163,.T.);
#6178=ORIENTED_EDGE('',*,*,#6167,.F.);
#6179=ORIENTED_EDGE('',*,*,#6154,.T.);
#6181=ORIENTED_EDGE('',*,*,#6180,.F.);
#6183=ORIENTED_EDGE('',*,*,#6182,.T.);
#6184=EDGE_LOOP('',(#6177,#6178,#6179,#6181,#6183));
#6185=FACE_OUTER_BOUND('',#6184,.F.);
#6187=CARTESIAN_POINT('',(2.865E0,1.8E0,0.E0));
#6188=DIRECTION('',(0.E0,1.E0,0.E0));
#6189=DIRECTION('',(-1.E0,0.E0,0.E0));
#6190=AXIS2_PLACEMENT_3D('',#6187,#6188,#6189);
#6191=PLANE('',#6190);
#6192=ORIENTED_EDGE('',*,*,#6180,.T.);
#6193=ORIENTED_EDGE('',*,*,#6152,.T.);
#6194=ORIENTED_EDGE('',*,*,#3987,.T.);
#6196=ORIENTED_EDGE('',*,*,#6195,.F.);
#6197=EDGE_LOOP('',(#6192,#6193,#6194,#6196));
#6198=FACE_OUTER_BOUND('',#6197,.F.);
#6200=CARTESIAN_POINT('',(2.135E0,1.8E0,0.E0));
#6201=DIRECTION('',(-1.E0,0.E0,0.E0));
#6202=DIRECTION('',(0.E0,-1.E0,0.E0));
#6203=AXIS2_PLACEMENT_3D('',#6200,#6201,#6202);
#6204=PLANE('',#6203);
#6206=ORIENTED_EDGE('',*,*,#6205,.T.);
#6207=ORIENTED_EDGE('',*,*,#6195,.T.);
#6208=ORIENTED_EDGE('',*,*,#3985,.T.);
#6209=ORIENTED_EDGE('',*,*,#4057,.F.);
#6210=EDGE_LOOP('',(#6206,#6207,#6208,#6209));
#6211=FACE_OUTER_BOUND('',#6210,.F.);
#6213=CARTESIAN_POINT('',(2.035E0,1.15E0,-1.E-1));
#6214=DIRECTION('',(7.071067811865E-1,0.E0,7.071067811865E-1));
#6215=DIRECTION('',(7.071067811865E-1,0.E0,-7.071067811865E-1));
#6216=AXIS2_PLACEMENT_3D('',#6213,#6214,#6215);
#6217=PLANE('',#6216);
#6218=ORIENTED_EDGE('',*,*,#4055,.T.);
#6219=ORIENTED_EDGE('',*,*,#4165,.T.);
#6220=ORIENTED_EDGE('',*,*,#6182,.F.);
#6221=ORIENTED_EDGE('',*,*,#6205,.F.);
#6222=EDGE_LOOP('',(#6218,#6219,#6220,#6221));
#6223=FACE_OUTER_BOUND('',#6222,.F.);
#6225=CARTESIAN_POINT('',(-1.65E0,0.E0,-4.4E0));
#6226=DIRECTION('',(1.E0,0.E0,0.E0));
#6227=DIRECTION('',(0.E0,1.E0,0.E0));
#6228=AXIS2_PLACEMENT_3D('',#6225,#6226,#6227);
#6229=PLANE('',#6228);
#6230=ORIENTED_EDGE('',*,*,#3785,.T.);
#6232=ORIENTED_EDGE('',*,*,#6231,.T.);
#6234=ORIENTED_EDGE('',*,*,#6233,.T.);
#6236=ORIENTED_EDGE('',*,*,#6235,.T.);
#6237=ORIENTED_EDGE('',*,*,#3883,.F.);
#6238=EDGE_LOOP('',(#6230,#6232,#6234,#6236,#6237));
#6239=FACE_OUTER_BOUND('',#6238,.F.);
#6241=CARTESIAN_POINT('',(-1.65E0,0.E0,-4.4E0));
#6242=DIRECTION('',(1.E0,0.E0,0.E0));
#6243=DIRECTION('',(0.E0,1.E0,0.E0));
#6244=AXIS2_PLACEMENT_3D('',#6241,#6242,#6243);
#6245=PLANE('',#6244);
#6246=ORIENTED_EDGE('',*,*,#4001,.T.);
#6248=ORIENTED_EDGE('',*,*,#6247,.T.);
#6250=ORIENTED_EDGE('',*,*,#6249,.T.);
#6252=ORIENTED_EDGE('',*,*,#6251,.T.);
#6253=EDGE_LOOP('',(#6246,#6248,#6250,#6252));
#6254=FACE_OUTER_BOUND('',#6253,.F.);
#6256=CARTESIAN_POINT('',(-1.65E0,-5.5E-1,-5.494643497153E0));
#6257=DIRECTION('',(0.E0,-3.634720039469E-2,9.993392221981E-1));
#6258=DIRECTION('',(0.E0,-9.993392221981E-1,-3.634720039469E-2));
#6259=AXIS2_PLACEMENT_3D('',#6256,#6257,#6258);
#6260=PLANE('',#6259);
#6261=ORIENTED_EDGE('',*,*,#3783,.T.);
#6263=ORIENTED_EDGE('',*,*,#6262,.T.);
#6265=ORIENTED_EDGE('',*,*,#6264,.F.);
#6266=ORIENTED_EDGE('',*,*,#6231,.F.);
#6267=EDGE_LOOP('',(#6261,#6263,#6265,#6266));
#6268=FACE_OUTER_BOUND('',#6267,.F.);
#6270=CARTESIAN_POINT('',(-1.35E0,0.E0,-4.4E0));
#6271=DIRECTION('',(1.E0,0.E0,0.E0));
#6272=DIRECTION('',(0.E0,1.E0,0.E0));
#6273=AXIS2_PLACEMENT_3D('',#6270,#6271,#6272);
#6274=PLANE('',#6273);
#6275=ORIENTED_EDGE('',*,*,#3781,.F.);
#6276=ORIENTED_EDGE('',*,*,#3887,.T.);
#6278=ORIENTED_EDGE('',*,*,#6277,.F.);
#6280=ORIENTED_EDGE('',*,*,#6279,.F.);
#6281=ORIENTED_EDGE('',*,*,#6262,.F.);
#6282=EDGE_LOOP('',(#6275,#6276,#6278,#6280,#6281));
#6283=FACE_OUTER_BOUND('',#6282,.F.);
#6285=CARTESIAN_POINT('',(-1.35E0,0.E0,-4.4E0));
#6286=DIRECTION('',(1.E0,0.E0,0.E0));
#6287=DIRECTION('',(0.E0,1.E0,0.E0));
#6288=AXIS2_PLACEMENT_3D('',#6285,#6286,#6287);
#6289=PLANE('',#6288);
#6290=ORIENTED_EDGE('',*,*,#4005,.F.);
#6292=ORIENTED_EDGE('',*,*,#6291,.F.);
#6294=ORIENTED_EDGE('',*,*,#6293,.F.);
#6296=ORIENTED_EDGE('',*,*,#6295,.F.);
#6297=EDGE_LOOP('',(#6290,#6292,#6294,#6296));
#6298=FACE_OUTER_BOUND('',#6297,.F.);
#6300=CARTESIAN_POINT('',(-1.65E0,-3.254547919942E0,-5.893209606013E0));
#6301=DIRECTION('',(0.E0,3.634720039469E-2,-9.993392221981E-1));
#6302=DIRECTION('',(0.E0,9.993392221981E-1,3.634720039469E-2));
#6303=AXIS2_PLACEMENT_3D('',#6300,#6301,#6302);
#6304=PLANE('',#6303);
#6305=ORIENTED_EDGE('',*,*,#3885,.F.);
#6306=ORIENTED_EDGE('',*,*,#6235,.F.);
#6308=ORIENTED_EDGE('',*,*,#6307,.T.);
#6309=ORIENTED_EDGE('',*,*,#6277,.T.);
#6310=EDGE_LOOP('',(#6305,#6306,#6308,#6309));
#6311=FACE_OUTER_BOUND('',#6310,.F.);
#6313=CARTESIAN_POINT('',(-1.65E0,-3.265452080061E0,-5.593407839354E0));
#6314=DIRECTION('',(0.E0,-9.993392221981E-1,-3.634720039469E-2));
#6315=DIRECTION('',(0.E0,3.634720039469E-2,-9.993392221981E-1));
#6316=AXIS2_PLACEMENT_3D('',#6313,#6314,#6315);
#6317=PLANE('',#6316);
#6318=ORIENTED_EDGE('',*,*,#6233,.F.);
#6319=ORIENTED_EDGE('',*,*,#6264,.T.);
#6320=ORIENTED_EDGE('',*,*,#6279,.T.);
#6321=ORIENTED_EDGE('',*,*,#6307,.F.);
#6322=EDGE_LOOP('',(#6318,#6319,#6320,#6321));
#6323=FACE_OUTER_BOUND('',#6322,.F.);
#6325=CARTESIAN_POINT('',(-1.65E0,-5.5E-1,-2.1E0));
#6326=DIRECTION('',(0.E0,-1.E0,0.E0));
#6327=DIRECTION('',(0.E0,0.E0,-1.E0));
#6328=AXIS2_PLACEMENT_3D('',#6325,#6326,#6327);
#6329=PLANE('',#6328);
#6330=ORIENTED_EDGE('',*,*,#4003,.F.);
#6331=ORIENTED_EDGE('',*,*,#6251,.F.);
#6333=ORIENTED_EDGE('',*,*,#6332,.T.);
#6334=ORIENTED_EDGE('',*,*,#6291,.T.);
#6335=EDGE_LOOP('',(#6330,#6331,#6333,#6334));
#6336=FACE_OUTER_BOUND('',#6335,.F.);
#6338=CARTESIAN_POINT('',(-1.65E0,-2.5E-1,-2.1E0));
#6339=DIRECTION('',(0.E0,0.E0,1.E0));
#6340=DIRECTION('',(0.E0,-1.E0,0.E0));
#6341=AXIS2_PLACEMENT_3D('',#6338,#6339,#6340);
#6342=PLANE('',#6341);
#6343=ORIENTED_EDGE('',*,*,#6249,.F.);
#6345=ORIENTED_EDGE('',*,*,#6344,.T.);
#6346=ORIENTED_EDGE('',*,*,#6293,.T.);
#6347=ORIENTED_EDGE('',*,*,#6332,.F.);
#6348=EDGE_LOOP('',(#6343,#6345,#6346,#6347));
#6349=FACE_OUTER_BOUND('',#6348,.F.);
#6351=CARTESIAN_POINT('',(-1.65E0,-2.5E-1,-5.783930491459E0));
#6352=DIRECTION('',(0.E0,1.E0,0.E0));
#6353=DIRECTION('',(0.E0,0.E0,1.E0));
#6354=AXIS2_PLACEMENT_3D('',#6351,#6352,#6353);
#6355=PLANE('',#6354);
#6356=ORIENTED_EDGE('',*,*,#4007,.T.);
#6357=ORIENTED_EDGE('',*,*,#6295,.T.);
#6358=ORIENTED_EDGE('',*,*,#6344,.F.);
#6359=ORIENTED_EDGE('',*,*,#6247,.F.);
#6360=EDGE_LOOP('',(#6356,#6357,#6358,#6359));
#6361=FACE_OUTER_BOUND('',#6360,.F.);
#6363=CARTESIAN_POINT('',(-1.5E-1,0.E0,-4.4E0));
#6364=DIRECTION('',(1.E0,0.E0,0.E0));
#6365=DIRECTION('',(0.E0,1.E0,0.E0));
#6366=AXIS2_PLACEMENT_3D('',#6363,#6364,#6365);
#6367=PLANE('',#6366);
#6368=ORIENTED_EDGE('',*,*,#3890,.F.);
#6369=ORIENTED_EDGE('',*,*,#3777,.T.);
#6371=ORIENTED_EDGE('',*,*,#6370,.T.);
#6373=ORIENTED_EDGE('',*,*,#6372,.T.);
#6375=ORIENTED_EDGE('',*,*,#6374,.T.);
#6376=EDGE_LOOP('',(#6368,#6369,#6371,#6373,#6375));
#6377=FACE_OUTER_BOUND('',#6376,.F.);
#6379=CARTESIAN_POINT('',(-1.5E-1,0.E0,-4.4E0));
#6380=DIRECTION('',(1.E0,0.E0,0.E0));
#6381=DIRECTION('',(0.E0,1.E0,0.E0));
#6382=AXIS2_PLACEMENT_3D('',#6379,#6380,#6381);
#6383=PLANE('',#6382);
#6384=ORIENTED_EDGE('',*,*,#4011,.T.);
#6386=ORIENTED_EDGE('',*,*,#6385,.T.);
#6388=ORIENTED_EDGE('',*,*,#6387,.T.);
#6390=ORIENTED_EDGE('',*,*,#6389,.T.);
#6391=EDGE_LOOP('',(#6384,#6386,#6388,#6390));
#6392=FACE_OUTER_BOUND('',#6391,.F.);
#6394=CARTESIAN_POINT('',(-1.5E-1,-5.5E-1,-5.494643497153E0));
#6395=DIRECTION('',(0.E0,-3.634720039469E-2,9.993392221981E-1));
#6396=DIRECTION('',(0.E0,-9.993392221981E-1,-3.634720039469E-2));
#6397=AXIS2_PLACEMENT_3D('',#6394,#6395,#6396);
#6398=PLANE('',#6397);
#6399=ORIENTED_EDGE('',*,*,#3775,.T.);
#6401=ORIENTED_EDGE('',*,*,#6400,.T.);
#6403=ORIENTED_EDGE('',*,*,#6402,.F.);
#6404=ORIENTED_EDGE('',*,*,#6370,.F.);
#6405=EDGE_LOOP('',(#6399,#6401,#6403,#6404));
#6406=FACE_OUTER_BOUND('',#6405,.F.);
#6408=CARTESIAN_POINT('',(1.5E-1,0.E0,-4.4E0));
#6409=DIRECTION('',(1.E0,0.E0,0.E0));
#6410=DIRECTION('',(0.E0,1.E0,0.E0));
#6411=AXIS2_PLACEMENT_3D('',#6408,#6409,#6410);
#6412=PLANE('',#6411);
#6413=ORIENTED_EDGE('',*,*,#3894,.T.);
#6415=ORIENTED_EDGE('',*,*,#6414,.F.);
#6417=ORIENTED_EDGE('',*,*,#6416,.F.);
#6418=ORIENTED_EDGE('',*,*,#6400,.F.);
#6419=ORIENTED_EDGE('',*,*,#3773,.F.);
#6420=EDGE_LOOP('',(#6413,#6415,#6417,#6418,#6419));
#6421=FACE_OUTER_BOUND('',#6420,.F.);
#6423=CARTESIAN_POINT('',(1.5E-1,0.E0,-4.4E0));
#6424=DIRECTION('',(1.E0,0.E0,0.E0));
#6425=DIRECTION('',(0.E0,1.E0,0.E0));
#6426=AXIS2_PLACEMENT_3D('',#6423,#6424,#6425);
#6427=PLANE('',#6426);
#6428=ORIENTED_EDGE('',*,*,#4015,.F.);
#6430=ORIENTED_EDGE('',*,*,#6429,.F.);
#6432=ORIENTED_EDGE('',*,*,#6431,.F.);
#6434=ORIENTED_EDGE('',*,*,#6433,.F.);
#6435=EDGE_LOOP('',(#6428,#6430,#6432,#6434));
#6436=FACE_OUTER_BOUND('',#6435,.F.);
#6438=CARTESIAN_POINT('',(-1.5E-1,-3.254547919942E0,-5.893209606013E0));
#6439=DIRECTION('',(0.E0,3.634720039469E-2,-9.993392221981E-1));
#6440=DIRECTION('',(0.E0,9.993392221981E-1,3.634720039469E-2));
#6441=AXIS2_PLACEMENT_3D('',#6438,#6439,#6440);
#6442=PLANE('',#6441);
#6443=ORIENTED_EDGE('',*,*,#3892,.F.);
#6444=ORIENTED_EDGE('',*,*,#6374,.F.);
#6446=ORIENTED_EDGE('',*,*,#6445,.T.);
#6447=ORIENTED_EDGE('',*,*,#6414,.T.);
#6448=EDGE_LOOP('',(#6443,#6444,#6446,#6447));
#6449=FACE_OUTER_BOUND('',#6448,.F.);
#6451=CARTESIAN_POINT('',(-1.5E-1,-3.265452080061E0,-5.593407839354E0));
#6452=DIRECTION('',(0.E0,-9.993392221981E-1,-3.634720039469E-2));
#6453=DIRECTION('',(0.E0,3.634720039469E-2,-9.993392221981E-1));
#6454=AXIS2_PLACEMENT_3D('',#6451,#6452,#6453);
#6455=PLANE('',#6454);
#6456=ORIENTED_EDGE('',*,*,#6372,.F.);
#6457=ORIENTED_EDGE('',*,*,#6402,.T.);
#6458=ORIENTED_EDGE('',*,*,#6416,.T.);
#6459=ORIENTED_EDGE('',*,*,#6445,.F.);
#6460=EDGE_LOOP('',(#6456,#6457,#6458,#6459));
#6461=FACE_OUTER_BOUND('',#6460,.F.);
#6463=CARTESIAN_POINT('',(-1.5E-1,-5.5E-1,-2.1E0));
#6464=DIRECTION('',(0.E0,-1.E0,0.E0));
#6465=DIRECTION('',(0.E0,0.E0,-1.E0));
#6466=AXIS2_PLACEMENT_3D('',#6463,#6464,#6465);
#6467=PLANE('',#6466);
#6468=ORIENTED_EDGE('',*,*,#4013,.F.);
#6469=ORIENTED_EDGE('',*,*,#6389,.F.);
#6471=ORIENTED_EDGE('',*,*,#6470,.T.);
#6472=ORIENTED_EDGE('',*,*,#6429,.T.);
#6473=EDGE_LOOP('',(#6468,#6469,#6471,#6472));
#6474=FACE_OUTER_BOUND('',#6473,.F.);
#6476=CARTESIAN_POINT('',(-1.5E-1,-2.5E-1,-2.1E0));
#6477=DIRECTION('',(0.E0,0.E0,1.E0));
#6478=DIRECTION('',(0.E0,-1.E0,0.E0));
#6479=AXIS2_PLACEMENT_3D('',#6476,#6477,#6478);
#6480=PLANE('',#6479);
#6481=ORIENTED_EDGE('',*,*,#6387,.F.);
#6483=ORIENTED_EDGE('',*,*,#6482,.T.);
#6484=ORIENTED_EDGE('',*,*,#6431,.T.);
#6485=ORIENTED_EDGE('',*,*,#6470,.F.);
#6486=EDGE_LOOP('',(#6481,#6483,#6484,#6485));
#6487=FACE_OUTER_BOUND('',#6486,.F.);
#6489=CARTESIAN_POINT('',(-1.5E-1,-2.5E-1,-5.783930491459E0));
#6490=DIRECTION('',(0.E0,1.E0,0.E0));
#6491=DIRECTION('',(0.E0,0.E0,1.E0));
#6492=AXIS2_PLACEMENT_3D('',#6489,#6490,#6491);
#6493=PLANE('',#6492);
#6494=ORIENTED_EDGE('',*,*,#4017,.T.);
#6495=ORIENTED_EDGE('',*,*,#6433,.T.);
#6496=ORIENTED_EDGE('',*,*,#6482,.F.);
#6497=ORIENTED_EDGE('',*,*,#6385,.F.);
#6498=EDGE_LOOP('',(#6494,#6495,#6496,#6497));
#6499=FACE_OUTER_BOUND('',#6498,.F.);
#6501=CARTESIAN_POINT('',(1.35E0,-5.5E-1,-2.1E0));
#6502=DIRECTION('',(0.E0,-1.E0,0.E0));
#6503=DIRECTION('',(0.E0,0.E0,-1.E0));
#6504=AXIS2_PLACEMENT_3D('',#6501,#6502,#6503);
#6505=PLANE('',#6504);
#6506=ORIENTED_EDGE('',*,*,#4022,.F.);
#6507=ORIENTED_EDGE('',*,*,#3854,.F.);
#6509=ORIENTED_EDGE('',*,*,#6508,.T.);
#6510=ORIENTED_EDGE('',*,*,#3961,.T.);
#6511=EDGE_LOOP('',(#6506,#6507,#6509,#6510));
#6512=FACE_OUTER_BOUND('',#6511,.F.);
#6514=CARTESIAN_POINT('',(1.35E0,-2.5E-1,-2.1E0));
#6515=DIRECTION('',(0.E0,0.E0,1.E0));
#6516=DIRECTION('',(0.E0,-1.E0,0.E0));
#6517=AXIS2_PLACEMENT_3D('',#6514,#6515,#6516);
#6518=PLANE('',#6517);
#6519=ORIENTED_EDGE('',*,*,#3852,.F.);
#6521=ORIENTED_EDGE('',*,*,#6520,.T.);
#6522=ORIENTED_EDGE('',*,*,#3963,.T.);
#6523=ORIENTED_EDGE('',*,*,#6508,.F.);
#6524=EDGE_LOOP('',(#6519,#6521,#6522,#6523));
#6525=FACE_OUTER_BOUND('',#6524,.F.);
#6527=CARTESIAN_POINT('',(1.35E0,-2.5E-1,-5.783930491459E0));
#6528=DIRECTION('',(0.E0,1.E0,0.E0));
#6529=DIRECTION('',(0.E0,0.E0,1.E0));
#6530=AXIS2_PLACEMENT_3D('',#6527,#6528,#6529);
#6531=PLANE('',#6530);
#6532=ORIENTED_EDGE('',*,*,#4025,.T.);
#6533=ORIENTED_EDGE('',*,*,#3965,.T.);
#6534=ORIENTED_EDGE('',*,*,#6520,.F.);
#6535=ORIENTED_EDGE('',*,*,#3850,.F.);
#6536=EDGE_LOOP('',(#6532,#6533,#6534,#6535));
#6537=FACE_OUTER_BOUND('',#6536,.F.);
#6539=CARTESIAN_POINT('',(-1.40625E0,-1.8E0,-4.4E0));
#6540=DIRECTION('',(1.E0,0.E0,0.E0));
#6541=DIRECTION('',(0.E0,1.E0,0.E0));
#6542=AXIS2_PLACEMENT_3D('',#6539,#6540,#6541);
#6543=PLANE('',#6542);
#6544=ORIENTED_EDGE('',*,*,#4029,.F.);
#6546=ORIENTED_EDGE('',*,*,#6545,.T.);
#6548=ORIENTED_EDGE('',*,*,#6547,.T.);
#6550=ORIENTED_EDGE('',*,*,#6549,.F.);
#6551=EDGE_LOOP('',(#6544,#6546,#6548,#6550));
#6552=FACE_OUTER_BOUND('',#6551,.F.);
#6554=CARTESIAN_POINT('',(-1.5E0,-1.8E0,-4.4E0));
#6555=DIRECTION('',(0.E0,-1.E0,0.E0));
#6556=DIRECTION('',(1.E0,0.E0,0.E0));
#6557=AXIS2_PLACEMENT_3D('',#6554,#6555,#6556);
#6558=PLANE('',#6557);
#6559=ORIENTED_EDGE('',*,*,#4041,.F.);
#6561=ORIENTED_EDGE('',*,*,#6560,.T.);
#6563=ORIENTED_EDGE('',*,*,#6562,.T.);
#6564=ORIENTED_EDGE('',*,*,#6545,.F.);
#6565=EDGE_LOOP('',(#6559,#6561,#6563,#6564));
#6566=FACE_OUTER_BOUND('',#6565,.F.);
#6568=CARTESIAN_POINT('',(-1.5E0,-1.177659559250E0,-4.4E0));
#6569=DIRECTION('',(-1.E0,0.E0,0.E0));
#6570=DIRECTION('',(0.E0,-1.E0,0.E0));
#6571=AXIS2_PLACEMENT_3D('',#6568,#6569,#6570);
#6572=PLANE('',#6571);
#6573=ORIENTED_EDGE('',*,*,#4039,.F.);
#6575=ORIENTED_EDGE('',*,*,#6574,.T.);
#6577=ORIENTED_EDGE('',*,*,#6576,.T.);
#6578=ORIENTED_EDGE('',*,*,#6560,.F.);
#6579=EDGE_LOOP('',(#6573,#6575,#6577,#6578));
#6580=FACE_OUTER_BOUND('',#6579,.F.);
#6582=CARTESIAN_POINT('',(-1.59375E0,-1.289361718297E0,-4.4E0));
#6583=DIRECTION('',(7.659743427825E-1,-6.428711427642E-1,0.E0));
#6584=DIRECTION('',(6.428711427642E-1,7.659743427825E-1,0.E0));
#6585=AXIS2_PLACEMENT_3D('',#6582,#6583,#6584);
#6586=PLANE('',#6585);
#6587=ORIENTED_EDGE('',*,*,#4037,.F.);
#6589=ORIENTED_EDGE('',*,*,#6588,.T.);
#6591=ORIENTED_EDGE('',*,*,#6590,.T.);
#6592=ORIENTED_EDGE('',*,*,#6574,.F.);
#6593=EDGE_LOOP('',(#6587,#6589,#6591,#6592));
#6594=FACE_OUTER_BOUND('',#6593,.F.);
#6596=CARTESIAN_POINT('',(-1.59375E0,-1.161702114344E0,-4.4E0));
#6597=DIRECTION('',(-1.E0,0.E0,0.E0));
#6598=DIRECTION('',(0.E0,-1.E0,0.E0));
#6599=AXIS2_PLACEMENT_3D('',#6596,#6597,#6598);
#6600=PLANE('',#6599);
#6601=ORIENTED_EDGE('',*,*,#4035,.F.);
#6603=ORIENTED_EDGE('',*,*,#6602,.T.);
#6605=ORIENTED_EDGE('',*,*,#6604,.T.);
#6606=ORIENTED_EDGE('',*,*,#6588,.F.);
#6607=EDGE_LOOP('',(#6601,#6603,#6605,#6606));
#6608=FACE_OUTER_BOUND('',#6607,.F.);
#6610=CARTESIAN_POINT('',(-1.5E0,-1.05E0,-4.4E0));
#6611=DIRECTION('',(-7.659742160926E-1,6.428712937139E-1,0.E0));
#6612=DIRECTION('',(-6.428712937139E-1,-7.659742160926E-1,0.E0));
#6613=AXIS2_PLACEMENT_3D('',#6610,#6611,#6612);
#6614=PLANE('',#6613);
#6615=ORIENTED_EDGE('',*,*,#4033,.F.);
#6617=ORIENTED_EDGE('',*,*,#6616,.T.);
#6619=ORIENTED_EDGE('',*,*,#6618,.T.);
#6620=ORIENTED_EDGE('',*,*,#6602,.F.);
#6621=EDGE_LOOP('',(#6615,#6617,#6619,#6620));
#6622=FACE_OUTER_BOUND('',#6621,.F.);
#6624=CARTESIAN_POINT('',(-1.40625E0,-1.05E0,-4.4E0));
#6625=DIRECTION('',(0.E0,1.E0,0.E0));
#6626=DIRECTION('',(-1.E0,0.E0,0.E0));
#6627=AXIS2_PLACEMENT_3D('',#6624,#6625,#6626);
#6628=PLANE('',#6627);
#6629=ORIENTED_EDGE('',*,*,#4031,.F.);
#6630=ORIENTED_EDGE('',*,*,#6549,.T.);
#6632=ORIENTED_EDGE('',*,*,#6631,.T.);
#6633=ORIENTED_EDGE('',*,*,#6616,.F.);
#6634=EDGE_LOOP('',(#6629,#6630,#6632,#6633));
#6635=FACE_OUTER_BOUND('',#6634,.F.);
#6637=CARTESIAN_POINT('',(0.E0,0.E0,-4.39E0));
#6638=DIRECTION('',(0.E0,0.E0,1.E0));
#6639=DIRECTION('',(1.E0,0.E0,0.E0));
#6640=AXIS2_PLACEMENT_3D('',#6637,#6638,#6639);
#6641=PLANE('',#6640);
#6642=ORIENTED_EDGE('',*,*,#6547,.F.);
#6643=ORIENTED_EDGE('',*,*,#6562,.F.);
#6644=ORIENTED_EDGE('',*,*,#6576,.F.);
#6645=ORIENTED_EDGE('',*,*,#6590,.F.);
#6646=ORIENTED_EDGE('',*,*,#6604,.F.);
#6647=ORIENTED_EDGE('',*,*,#6618,.F.);
#6648=ORIENTED_EDGE('',*,*,#6631,.F.);
#6649=EDGE_LOOP('',(#6642,#6643,#6644,#6645,#6646,#6647,#6648));
#6650=FACE_OUTER_BOUND('',#6649,.F.);
#6652=CARTESIAN_POINT('',(3.4125E0,-1.97E0,-2.2E0));
#6653=DIRECTION('',(0.E0,7.071067811865E-1,7.071067811865E-1));
#6654=DIRECTION('',(0.E0,7.071067811865E-1,-7.071067811865E-1));
#6655=AXIS2_PLACEMENT_3D('',#6652,#6653,#6654);
#6656=PLANE('',#6655);
#6658=ORIENTED_EDGE('',*,*,#6657,.F.);
#6660=ORIENTED_EDGE('',*,*,#6659,.T.);
#6661=ORIENTED_EDGE('',*,*,#3755,.T.);
#6662=ORIENTED_EDGE('',*,*,#3564,.T.);
#6663=EDGE_LOOP('',(#6658,#6660,#6661,#6662));
#6664=FACE_OUTER_BOUND('',#6663,.F.);
#6666=CARTESIAN_POINT('',(3.275E0,-1.92E0,0.E0));
#6667=DIRECTION('',(0.E0,-1.E0,0.E0));
#6668=DIRECTION('',(1.E0,0.E0,0.E0));
#6669=AXIS2_PLACEMENT_3D('',#6666,#6667,#6668);
#6670=PLANE('',#6669);
#6671=ORIENTED_EDGE('',*,*,#6657,.T.);
#6672=ORIENTED_EDGE('',*,*,#3562,.T.);
#6673=ORIENTED_EDGE('',*,*,#3659,.T.);
#6675=ORIENTED_EDGE('',*,*,#6674,.F.);
#6676=EDGE_LOOP('',(#6671,#6672,#6673,#6675));
#6677=FACE_OUTER_BOUND('',#6676,.F.);
#6679=CARTESIAN_POINT('',(3.55E0,-1.92E0,0.E0));
#6680=DIRECTION('',(1.E0,0.E0,0.E0));
#6681=DIRECTION('',(0.E0,1.E0,0.E0));
#6682=AXIS2_PLACEMENT_3D('',#6679,#6680,#6681);
#6683=PLANE('',#6682);
#6685=ORIENTED_EDGE('',*,*,#6684,.T.);
#6686=ORIENTED_EDGE('',*,*,#6674,.T.);
#6687=ORIENTED_EDGE('',*,*,#3657,.T.);
#6688=ORIENTED_EDGE('',*,*,#3735,.F.);
#6689=EDGE_LOOP('',(#6685,#6686,#6687,#6688));
#6690=FACE_OUTER_BOUND('',#6689,.F.);
#6692=CARTESIAN_POINT('',(3.6E0,-1.71E0,-2.2E0));
#6693=DIRECTION('',(-7.071067811865E-1,0.E0,7.071067811865E-1));
#6694=DIRECTION('',(-7.071067811865E-1,0.E0,-7.071067811865E-1));
#6695=AXIS2_PLACEMENT_3D('',#6692,#6693,#6694);
#6696=PLANE('',#6695);
#6697=ORIENTED_EDGE('',*,*,#3757,.T.);
#6698=ORIENTED_EDGE('',*,*,#6659,.F.);
#6699=ORIENTED_EDGE('',*,*,#6684,.F.);
#6700=ORIENTED_EDGE('',*,*,#3733,.T.);
#6701=EDGE_LOOP('',(#6697,#6698,#6699,#6700));
#6702=FACE_OUTER_BOUND('',#6701,.F.);
#6706=DIRECTION('',(1.E0,0.E0,0.E0));
#6707=VECTOR('',#6706,5.E-1);
#6708=CARTESIAN_POINT('',(4.95E0,-2.4E0,-5.8E0));
#6709=LINE('',#6708,#6707);
#6710=DIRECTION('',(0.E0,1.E0,0.E0));
#6711=VECTOR('',#6710,9.E-1);
#6712=CARTESIAN_POINT('',(4.95E0,-2.4E0,-5.8E0));
#6713=LINE('',#6712,#6711);
#6714=DIRECTION('',(1.E0,0.E0,0.E0));
#6715=VECTOR('',#6714,5.E-1);
#6716=CARTESIAN_POINT('',(4.95E0,-1.5E0,-5.8E0));
#6717=LINE('',#6716,#6715);
#6718=DIRECTION('',(0.E0,-1.E0,0.E0));
#6719=VECTOR('',#6718,9.E-1);
#6720=CARTESIAN_POINT('',(5.45E0,-1.5E0,-5.8E0));
#6721=LINE('',#6720,#6719);
#6722=DIRECTION('',(0.E0,0.E0,1.E0));
#6723=VECTOR('',#6722,9.E-1);
#6724=CARTESIAN_POINT('',(5.45E0,-2.4E0,-5.8E0));
#6725=LINE('',#6724,#6723);
#6726=DIRECTION('',(-1.E0,0.E0,0.E0));
#6727=VECTOR('',#6726,5.E-1);
#6728=CARTESIAN_POINT('',(5.45E0,-2.4E0,-4.9E0));
#6729=LINE('',#6728,#6727);
#6730=DIRECTION('',(0.E0,0.E0,-1.E0));
#6731=VECTOR('',#6730,9.E-1);
#6732=CARTESIAN_POINT('',(4.95E0,-2.4E0,-4.9E0));
#6733=LINE('',#6732,#6731);
#6734=DIRECTION('',(0.E0,0.E0,-1.E0));
#6735=VECTOR('',#6734,1.E-1);
#6736=CARTESIAN_POINT('',(5.45E0,-1.5E0,-5.8E0));
#6737=LINE('',#6736,#6735);
#6738=DIRECTION('',(0.E0,-1.E0,0.E0));
#6739=VECTOR('',#6738,1.E0);
#6740=CARTESIAN_POINT('',(4.95E0,-1.5E0,-5.9E0));
#6741=LINE('',#6740,#6739);
#6742=DIRECTION('',(0.E0,1.E0,0.E0));
#6743=VECTOR('',#6742,1.E0);
#6744=CARTESIAN_POINT('',(5.45E0,-2.5E0,-5.9E0));
#6745=LINE('',#6744,#6743);
#6746=DIRECTION('',(1.E0,0.E0,0.E0));
#6747=VECTOR('',#6746,5.E-1);
#6748=CARTESIAN_POINT('',(4.95E0,-1.5E0,-5.9E0));
#6749=LINE('',#6748,#6747);
#6750=DIRECTION('',(0.E0,-1.E0,0.E0));
#6751=VECTOR('',#6750,1.E-1);
#6752=CARTESIAN_POINT('',(4.95E0,-2.4E0,-4.9E0));
#6753=LINE('',#6752,#6751);
#6754=DIRECTION('',(0.E0,-1.E0,0.E0));
#6755=VECTOR('',#6754,1.E-1);
#6756=CARTESIAN_POINT('',(5.45E0,-2.4E0,-4.9E0));
#6757=LINE('',#6756,#6755);
#6758=DIRECTION('',(0.E0,0.E0,1.E0));
#6759=VECTOR('',#6758,1.E0);
#6760=CARTESIAN_POINT('',(5.45E0,-2.5E0,-5.9E0));
#6761=LINE('',#6760,#6759);
#6762=DIRECTION('',(1.E0,0.E0,0.E0));
#6763=VECTOR('',#6762,5.E-1);
#6764=CARTESIAN_POINT('',(4.95E0,-2.5E0,-5.9E0));
#6765=LINE('',#6764,#6763);
#6766=DIRECTION('',(0.E0,0.E0,-1.E0));
#6767=VECTOR('',#6766,1.E0);
#6768=CARTESIAN_POINT('',(4.95E0,-2.5E0,-4.9E0));
#6769=LINE('',#6768,#6767);
#6770=DIRECTION('',(-1.E0,0.E0,0.E0));
#6771=VECTOR('',#6770,5.E-1);
#6772=CARTESIAN_POINT('',(5.45E0,-2.5E0,-4.9E0));
#6773=LINE('',#6772,#6771);
#6774=DIRECTION('',(0.E0,0.E0,-1.E0));
#6775=VECTOR('',#6774,1.E-1);
#6776=CARTESIAN_POINT('',(4.95E0,-1.5E0,-5.8E0));
#6777=LINE('',#6776,#6775);
#6778=CARTESIAN_POINT('',(4.95E0,-1.5E0,-5.8E0));
#6779=CARTESIAN_POINT('',(5.45E0,-1.5E0,-5.8E0));
#6780=VERTEX_POINT('',#6778);
#6781=VERTEX_POINT('',#6779);
#6782=CARTESIAN_POINT('',(4.95E0,-1.5E0,-5.9E0));
#6783=CARTESIAN_POINT('',(5.45E0,-1.5E0,-5.9E0));
#6784=VERTEX_POINT('',#6782);
#6785=VERTEX_POINT('',#6783);
#6786=CARTESIAN_POINT('',(5.45E0,-2.4E0,-4.9E0));
#6787=CARTESIAN_POINT('',(4.95E0,-2.4E0,-4.9E0));
#6788=VERTEX_POINT('',#6786);
#6789=VERTEX_POINT('',#6787);
#6790=CARTESIAN_POINT('',(5.45E0,-2.5E0,-5.9E0));
#6791=CARTESIAN_POINT('',(5.45E0,-2.5E0,-4.9E0));
#6792=VERTEX_POINT('',#6790);
#6793=VERTEX_POINT('',#6791);
#6794=CARTESIAN_POINT('',(4.95E0,-2.5E0,-4.9E0));
#6795=VERTEX_POINT('',#6794);
#6796=CARTESIAN_POINT('',(4.95E0,-2.5E0,-5.9E0));
#6797=VERTEX_POINT('',#6796);
#6798=CARTESIAN_POINT('',(4.95E0,-2.4E0,-5.8E0));
#6799=CARTESIAN_POINT('',(5.45E0,-2.4E0,-5.8E0));
#6800=VERTEX_POINT('',#6798);
#6801=VERTEX_POINT('',#6799);
#6802=CARTESIAN_POINT('',(0.E0,0.E0,-5.8E0));
#6803=DIRECTION('',(0.E0,0.E0,-1.E0));
#6804=DIRECTION('',(1.E0,0.E0,0.E0));
#6805=AXIS2_PLACEMENT_3D('',#6802,#6803,#6804);
#6806=PLANE('',#6805);
#6808=ORIENTED_EDGE('',*,*,#6807,.F.);
#6810=ORIENTED_EDGE('',*,*,#6809,.T.);
#6812=ORIENTED_EDGE('',*,*,#6811,.T.);
#6814=ORIENTED_EDGE('',*,*,#6813,.T.);
#6815=EDGE_LOOP('',(#6808,#6810,#6812,#6814));
#6816=FACE_OUTER_BOUND('',#6815,.F.);
#6818=CARTESIAN_POINT('',(0.E0,-2.4E0,0.E0));
#6819=DIRECTION('',(0.E0,-1.E0,0.E0));
#6820=DIRECTION('',(-1.E0,0.E0,0.E0));
#6821=AXIS2_PLACEMENT_3D('',#6818,#6819,#6820);
#6822=PLANE('',#6821);
#6823=ORIENTED_EDGE('',*,*,#6807,.T.);
#6825=ORIENTED_EDGE('',*,*,#6824,.T.);
#6827=ORIENTED_EDGE('',*,*,#6826,.T.);
#6829=ORIENTED_EDGE('',*,*,#6828,.T.);
#6830=EDGE_LOOP('',(#6823,#6825,#6827,#6829));
#6831=FACE_OUTER_BOUND('',#6830,.F.);
#6833=CARTESIAN_POINT('',(5.45E0,-1.5E0,-5.8E0));
#6834=DIRECTION('',(1.E0,0.E0,0.E0));
#6835=DIRECTION('',(0.E0,-1.E0,0.E0));
#6836=AXIS2_PLACEMENT_3D('',#6833,#6834,#6835);
#6837=PLANE('',#6836);
#6839=ORIENTED_EDGE('',*,*,#6838,.F.);
#6841=ORIENTED_EDGE('',*,*,#6840,.T.);
#6843=ORIENTED_EDGE('',*,*,#6842,.F.);
#6844=ORIENTED_EDGE('',*,*,#6824,.F.);
#6845=ORIENTED_EDGE('',*,*,#6813,.F.);
#6847=ORIENTED_EDGE('',*,*,#6846,.T.);
#6848=EDGE_LOOP('',(#6839,#6841,#6843,#6844,#6845,#6847));
#6849=FACE_OUTER_BOUND('',#6848,.F.);
#6851=CARTESIAN_POINT('',(0.E0,0.E0,-5.9E0));
#6852=DIRECTION('',(0.E0,0.E0,-1.E0));
#6853=DIRECTION('',(1.E0,0.E0,0.E0));
#6854=AXIS2_PLACEMENT_3D('',#6851,#6852,#6853);
#6855=PLANE('',#6854);
#6857=ORIENTED_EDGE('',*,*,#6856,.T.);
#6859=ORIENTED_EDGE('',*,*,#6858,.T.);
#6860=ORIENTED_EDGE('',*,*,#6838,.T.);
#6862=ORIENTED_EDGE('',*,*,#6861,.F.);
#6863=EDGE_LOOP('',(#6857,#6859,#6860,#6862));
#6864=FACE_OUTER_BOUND('',#6863,.F.);
#6866=CARTESIAN_POINT('',(4.95E0,-2.4E0,-5.8E0));
#6867=DIRECTION('',(-1.E0,0.E0,0.E0));
#6868=DIRECTION('',(0.E0,1.E0,0.E0));
#6869=AXIS2_PLACEMENT_3D('',#6866,#6867,#6868);
#6870=PLANE('',#6869);
#6871=ORIENTED_EDGE('',*,*,#6809,.F.);
#6872=ORIENTED_EDGE('',*,*,#6828,.F.);
#6874=ORIENTED_EDGE('',*,*,#6873,.T.);
#6876=ORIENTED_EDGE('',*,*,#6875,.T.);
#6877=ORIENTED_EDGE('',*,*,#6856,.F.);
#6879=ORIENTED_EDGE('',*,*,#6878,.F.);
#6880=EDGE_LOOP('',(#6871,#6872,#6874,#6876,#6877,#6879));
#6881=FACE_OUTER_BOUND('',#6880,.F.);
#6883=CARTESIAN_POINT('',(5.45E0,-2.4E0,-4.9E0));
#6884=DIRECTION('',(0.E0,0.E0,1.E0));
#6885=DIRECTION('',(-1.E0,0.E0,0.E0));
#6886=AXIS2_PLACEMENT_3D('',#6883,#6884,#6885);
#6887=PLANE('',#6886);
#6888=ORIENTED_EDGE('',*,*,#6826,.F.);
#6889=ORIENTED_EDGE('',*,*,#6842,.T.);
#6891=ORIENTED_EDGE('',*,*,#6890,.T.);
#6892=ORIENTED_EDGE('',*,*,#6873,.F.);
#6893=EDGE_LOOP('',(#6888,#6889,#6891,#6892));
#6894=FACE_OUTER_BOUND('',#6893,.F.);
#6896=CARTESIAN_POINT('',(0.E0,-2.5E0,0.E0));
#6897=DIRECTION('',(0.E0,-1.E0,0.E0));
#6898=DIRECTION('',(-1.E0,0.E0,0.E0));
#6899=AXIS2_PLACEMENT_3D('',#6896,#6897,#6898);
#6900=PLANE('',#6899);
#6901=ORIENTED_EDGE('',*,*,#6840,.F.);
#6902=ORIENTED_EDGE('',*,*,#6858,.F.);
#6903=ORIENTED_EDGE('',*,*,#6875,.F.);
#6904=ORIENTED_EDGE('',*,*,#6890,.F.);
#6905=EDGE_LOOP('',(#6901,#6902,#6903,#6904));
#6906=FACE_OUTER_BOUND('',#6905,.F.);
#6908=CARTESIAN_POINT('',(4.95E0,-1.5E0,-5.8E0));
#6909=DIRECTION('',(0.E0,1.E0,0.E0));
#6910=DIRECTION('',(1.E0,0.E0,0.E0));
#6911=AXIS2_PLACEMENT_3D('',#6908,#6909,#6910);
#6912=PLANE('',#6911);
#6913=ORIENTED_EDGE('',*,*,#6811,.F.);
#6914=ORIENTED_EDGE('',*,*,#6878,.T.);
#6915=ORIENTED_EDGE('',*,*,#6861,.T.);
#6916=ORIENTED_EDGE('',*,*,#6846,.F.);
#6917=EDGE_LOOP('',(#6913,#6914,#6915,#6916));
#6918=FACE_OUTER_BOUND('',#6917,.F.);
#6922=DIRECTION('',(1.E0,0.E0,0.E0));
#6923=VECTOR('',#6922,5.E-1);
#6924=CARTESIAN_POINT('',(-5.45E0,-2.4E0,-5.8E0));
#6925=LINE('',#6924,#6923);
#6926=DIRECTION('',(0.E0,1.E0,0.E0));
#6927=VECTOR('',#6926,9.E-1);
#6928=CARTESIAN_POINT('',(-5.45E0,-2.4E0,-5.8E0));
#6929=LINE('',#6928,#6927);
#6930=DIRECTION('',(1.E0,0.E0,0.E0));
#6931=VECTOR('',#6930,5.E-1);
#6932=CARTESIAN_POINT('',(-5.45E0,-1.5E0,-5.8E0));
#6933=LINE('',#6932,#6931);
#6934=DIRECTION('',(0.E0,-1.E0,0.E0));
#6935=VECTOR('',#6934,9.E-1);
#6936=CARTESIAN_POINT('',(-4.95E0,-1.5E0,-5.8E0));
#6937=LINE('',#6936,#6935);
#6938=DIRECTION('',(0.E0,0.E0,1.E0));
#6939=VECTOR('',#6938,9.E-1);
#6940=CARTESIAN_POINT('',(-4.95E0,-2.4E0,-5.8E0));
#6941=LINE('',#6940,#6939);
#6942=DIRECTION('',(-1.E0,0.E0,0.E0));
#6943=VECTOR('',#6942,5.E-1);
#6944=CARTESIAN_POINT('',(-4.95E0,-2.4E0,-4.9E0));
#6945=LINE('',#6944,#6943);
#6946=DIRECTION('',(0.E0,0.E0,-1.E0));
#6947=VECTOR('',#6946,9.E-1);
#6948=CARTESIAN_POINT('',(-5.45E0,-2.4E0,-4.9E0));
#6949=LINE('',#6948,#6947);
#6950=DIRECTION('',(0.E0,-1.E0,0.E0));
#6951=VECTOR('',#6950,1.E0);
#6952=CARTESIAN_POINT('',(-4.95E0,-1.5E0,-5.9E0));
#6953=LINE('',#6952,#6951);
#6954=DIRECTION('',(0.E0,0.E0,-1.E0));
#6955=VECTOR('',#6954,1.E-1);
#6956=CARTESIAN_POINT('',(-4.95E0,-1.5E0,-5.8E0));
#6957=LINE('',#6956,#6955);
#6958=DIRECTION('',(1.E0,0.E0,0.E0));
#6959=VECTOR('',#6958,5.E-1);
#6960=CARTESIAN_POINT('',(-5.45E0,-1.5E0,-5.9E0));
#6961=LINE('',#6960,#6959);
#6962=DIRECTION('',(0.E0,-1.E0,0.E0));
#6963=VECTOR('',#6962,1.E-1);
#6964=CARTESIAN_POINT('',(-5.45E0,-2.4E0,-4.9E0));
#6965=LINE('',#6964,#6963);
#6966=DIRECTION('',(0.E0,1.E0,0.E0));
#6967=VECTOR('',#6966,1.E0);
#6968=CARTESIAN_POINT('',(-5.45E0,-2.5E0,-5.9E0));
#6969=LINE('',#6968,#6967);
#6970=DIRECTION('',(0.E0,-1.E0,0.E0));
#6971=VECTOR('',#6970,1.E-1);
#6972=CARTESIAN_POINT('',(-4.95E0,-2.4E0,-4.9E0));
#6973=LINE('',#6972,#6971);
#6974=DIRECTION('',(1.E0,0.E0,0.E0));
#6975=VECTOR('',#6974,5.E-1);
#6976=CARTESIAN_POINT('',(-5.45E0,-2.5E0,-5.9E0));
#6977=LINE('',#6976,#6975);
#6978=DIRECTION('',(0.E0,0.E0,-1.E0));
#6979=VECTOR('',#6978,1.E0);
#6980=CARTESIAN_POINT('',(-5.45E0,-2.5E0,-4.9E0));
#6981=LINE('',#6980,#6979);
#6982=DIRECTION('',(-1.E0,0.E0,0.E0));
#6983=VECTOR('',#6982,5.E-1);
#6984=CARTESIAN_POINT('',(-4.95E0,-2.5E0,-4.9E0));
#6985=LINE('',#6984,#6983);
#6986=DIRECTION('',(0.E0,0.E0,1.E0));
#6987=VECTOR('',#6986,1.E0);
#6988=CARTESIAN_POINT('',(-4.95E0,-2.5E0,-5.9E0));
#6989=LINE('',#6988,#6987);
#6990=DIRECTION('',(0.E0,0.E0,-1.E0));
#6991=VECTOR('',#6990,1.E-1);
#6992=CARTESIAN_POINT('',(-5.45E0,-1.5E0,-5.8E0));
#6993=LINE('',#6992,#6991);
#6994=CARTESIAN_POINT('',(-5.45E0,-1.5E0,-5.8E0));
#6995=CARTESIAN_POINT('',(-4.95E0,-1.5E0,-5.8E0));
#6996=VERTEX_POINT('',#6994);
#6997=VERTEX_POINT('',#6995);
#6998=CARTESIAN_POINT('',(-5.45E0,-1.5E0,-5.9E0));
#6999=CARTESIAN_POINT('',(-4.95E0,-1.5E0,-5.9E0));
#7000=VERTEX_POINT('',#6998);
#7001=VERTEX_POINT('',#6999);
#7002=CARTESIAN_POINT('',(-4.95E0,-2.4E0,-4.9E0));
#7003=CARTESIAN_POINT('',(-5.45E0,-2.4E0,-4.9E0));
#7004=VERTEX_POINT('',#7002);
#7005=VERTEX_POINT('',#7003);
#7006=CARTESIAN_POINT('',(-5.45E0,-2.5E0,-5.9E0));
#7007=CARTESIAN_POINT('',(-4.95E0,-2.5E0,-5.9E0));
#7008=VERTEX_POINT('',#7006);
#7009=VERTEX_POINT('',#7007);
#7010=CARTESIAN_POINT('',(-4.95E0,-2.5E0,-4.9E0));
#7011=VERTEX_POINT('',#7010);
#7012=CARTESIAN_POINT('',(-5.45E0,-2.5E0,-4.9E0));
#7013=VERTEX_POINT('',#7012);
#7014=CARTESIAN_POINT('',(-5.45E0,-2.4E0,-5.8E0));
#7015=CARTESIAN_POINT('',(-4.95E0,-2.4E0,-5.8E0));
#7016=VERTEX_POINT('',#7014);
#7017=VERTEX_POINT('',#7015);
#7018=CARTESIAN_POINT('',(0.E0,0.E0,-5.8E0));
#7019=DIRECTION('',(0.E0,0.E0,-1.E0));
#7020=DIRECTION('',(1.E0,0.E0,0.E0));
#7021=AXIS2_PLACEMENT_3D('',#7018,#7019,#7020);
#7022=PLANE('',#7021);
#7024=ORIENTED_EDGE('',*,*,#7023,.F.);
#7026=ORIENTED_EDGE('',*,*,#7025,.T.);
#7028=ORIENTED_EDGE('',*,*,#7027,.T.);
#7030=ORIENTED_EDGE('',*,*,#7029,.T.);
#7031=EDGE_LOOP('',(#7024,#7026,#7028,#7030));
#7032=FACE_OUTER_BOUND('',#7031,.F.);
#7034=CARTESIAN_POINT('',(0.E0,-2.4E0,0.E0));
#7035=DIRECTION('',(0.E0,-1.E0,0.E0));
#7036=DIRECTION('',(-1.E0,0.E0,0.E0));
#7037=AXIS2_PLACEMENT_3D('',#7034,#7035,#7036);
#7038=PLANE('',#7037);
#7039=ORIENTED_EDGE('',*,*,#7023,.T.);
#7041=ORIENTED_EDGE('',*,*,#7040,.T.);
#7043=ORIENTED_EDGE('',*,*,#7042,.T.);
#7045=ORIENTED_EDGE('',*,*,#7044,.T.);
#7046=EDGE_LOOP('',(#7039,#7041,#7043,#7045));
#7047=FACE_OUTER_BOUND('',#7046,.F.);
#7049=CARTESIAN_POINT('',(-4.95E0,-1.5E0,-5.8E0));
#7050=DIRECTION('',(1.E0,0.E0,0.E0));
#7051=DIRECTION('',(0.E0,-1.E0,0.E0));
#7052=AXIS2_PLACEMENT_3D('',#7049,#7050,#7051);
#7053=PLANE('',#7052);
#7055=ORIENTED_EDGE('',*,*,#7054,.T.);
#7057=ORIENTED_EDGE('',*,*,#7056,.T.);
#7059=ORIENTED_EDGE('',*,*,#7058,.F.);
#7060=ORIENTED_EDGE('',*,*,#7040,.F.);
#7061=ORIENTED_EDGE('',*,*,#7029,.F.);
#7063=ORIENTED_EDGE('',*,*,#7062,.T.);
#7064=EDGE_LOOP('',(#7055,#7057,#7059,#7060,#7061,#7063));
#7065=FACE_OUTER_BOUND('',#7064,.F.);
#7067=CARTESIAN_POINT('',(0.E0,0.E0,-5.9E0));
#7068=DIRECTION('',(0.E0,0.E0,-1.E0));
#7069=DIRECTION('',(1.E0,0.E0,0.E0));
#7070=AXIS2_PLACEMENT_3D('',#7067,#7068,#7069);
#7071=PLANE('',#7070);
#7073=ORIENTED_EDGE('',*,*,#7072,.F.);
#7075=ORIENTED_EDGE('',*,*,#7074,.T.);
#7076=ORIENTED_EDGE('',*,*,#7054,.F.);
#7078=ORIENTED_EDGE('',*,*,#7077,.F.);
#7079=EDGE_LOOP('',(#7073,#7075,#7076,#7078));
#7080=FACE_OUTER_BOUND('',#7079,.F.);
#7082=CARTESIAN_POINT('',(-5.45E0,-2.4E0,-5.8E0));
#7083=DIRECTION('',(-1.E0,0.E0,0.E0));
#7084=DIRECTION('',(0.E0,1.E0,0.E0));
#7085=AXIS2_PLACEMENT_3D('',#7082,#7083,#7084);
#7086=PLANE('',#7085);
#7087=ORIENTED_EDGE('',*,*,#7025,.F.);
#7088=ORIENTED_EDGE('',*,*,#7044,.F.);
#7090=ORIENTED_EDGE('',*,*,#7089,.T.);
#7092=ORIENTED_EDGE('',*,*,#7091,.T.);
#7093=ORIENTED_EDGE('',*,*,#7072,.T.);
#7095=ORIENTED_EDGE('',*,*,#7094,.F.);
#7096=EDGE_LOOP('',(#7087,#7088,#7090,#7092,#7093,#7095));
#7097=FACE_OUTER_BOUND('',#7096,.F.);
#7099=CARTESIAN_POINT('',(-4.95E0,-2.4E0,-4.9E0));
#7100=DIRECTION('',(0.E0,0.E0,1.E0));
#7101=DIRECTION('',(-1.E0,0.E0,0.E0));
#7102=AXIS2_PLACEMENT_3D('',#7099,#7100,#7101);
#7103=PLANE('',#7102);
#7104=ORIENTED_EDGE('',*,*,#7042,.F.);
#7105=ORIENTED_EDGE('',*,*,#7058,.T.);
#7107=ORIENTED_EDGE('',*,*,#7106,.T.);
#7108=ORIENTED_EDGE('',*,*,#7089,.F.);
#7109=EDGE_LOOP('',(#7104,#7105,#7107,#7108));
#7110=FACE_OUTER_BOUND('',#7109,.F.);
#7112=CARTESIAN_POINT('',(0.E0,-2.5E0,0.E0));
#7113=DIRECTION('',(0.E0,-1.E0,0.E0));
#7114=DIRECTION('',(-1.E0,0.E0,0.E0));
#7115=AXIS2_PLACEMENT_3D('',#7112,#7113,#7114);
#7116=PLANE('',#7115);
#7117=ORIENTED_EDGE('',*,*,#7074,.F.);
#7118=ORIENTED_EDGE('',*,*,#7091,.F.);
#7119=ORIENTED_EDGE('',*,*,#7106,.F.);
#7120=ORIENTED_EDGE('',*,*,#7056,.F.);
#7121=EDGE_LOOP('',(#7117,#7118,#7119,#7120));
#7122=FACE_OUTER_BOUND('',#7121,.F.);
#7124=CARTESIAN_POINT('',(-5.45E0,-1.5E0,-5.8E0));
#7125=DIRECTION('',(0.E0,1.E0,0.E0));
#7126=DIRECTION('',(1.E0,0.E0,0.E0));
#7127=AXIS2_PLACEMENT_3D('',#7124,#7125,#7126);
#7128=PLANE('',#7127);
#7129=ORIENTED_EDGE('',*,*,#7027,.F.);
#7130=ORIENTED_EDGE('',*,*,#7094,.T.);
#7131=ORIENTED_EDGE('',*,*,#7077,.T.);
#7132=ORIENTED_EDGE('',*,*,#7062,.F.);
#7133=EDGE_LOOP('',(#7129,#7130,#7131,#7132));
#7134=FACE_OUTER_BOUND('',#7133,.F.);
#7140=PLANE_ANGLE_MEASURE_WITH_UNIT(PLANE_ANGLE_MEASURE(1.745329251994E-2),
#7139);
#7141=(CONVERSION_BASED_UNIT('DEGREE',#7140)NAMED_UNIT(*)PLANE_ANGLE_UNIT());
#7143=UNCERTAINTY_MEASURE_WITH_UNIT(LENGTH_MEASURE(1.E-3),#7138,
'distance_accuracy_value',
'Maximum model space distance between geometric entities at asserted connectivities');
#7146=APPLICATION_CONTEXT('automotive_design');
#7147=APPLICATION_PROTOCOL_DEFINITION('international standard',
'automotive_design',2001,#7146);
#7148=PRODUCT_DEFINITION_CONTEXT('part definition',#7146,'design');
#7149=PRODUCT_CONTEXT('',#7146,'mechanical');
#7150=PRODUCT('C-2360547-3','C-2360547-3','NOT SPECIFIED',(#7149));
#7151=PRODUCT_DEFINITION_FORMATION('1','LAST_VERSION',#7150);
#7159=DERIVED_UNIT_ELEMENT(#7158,2.E0);
#7160=DERIVED_UNIT((#7159));
#7161=MEASURE_REPRESENTATION_ITEM('surface area measure',AREA_MEASURE(
3.621473707341E2),#7160);
#7166=DERIVED_UNIT_ELEMENT(#7165,3.E0);
#7167=DERIVED_UNIT((#7166));
#7168=MEASURE_REPRESENTATION_ITEM('volume measure',VOLUME_MEASURE(
1.239876841664E2),#7167);
#7172=CARTESIAN_POINT('centre point',(-3.263460048119E-2,8.914334538916E-2,
-3.396668735058E0));
#7177=DERIVED_UNIT_ELEMENT(#7176,2.E0);
#7178=DERIVED_UNIT((#7177));
#7179=MEASURE_REPRESENTATION_ITEM('surface area measure',AREA_MEASURE(
3.621473707341E2),#7178);
#7184=DERIVED_UNIT_ELEMENT(#7183,3.E0);
#7185=DERIVED_UNIT((#7184));
#7186=MEASURE_REPRESENTATION_ITEM('volume measure',VOLUME_MEASURE(
1.239876841664E2),#7185);
#7190=CARTESIAN_POINT('centre point',(-3.263460048119E-2,8.914334538916E-2,
-3.396668735058E0));
#7195=PRODUCT_RELATED_PRODUCT_CATEGORY('part','',(#7150));
#1=DRAUGHTING_PRE_DEFINED_COLOUR('black');
#2=COLOUR_RGB('',0.E0,0.E0,3.6E-1);
#3=COLOUR_RGB('',0.E0,0.E0,4.8E-1);
#4=DRAUGHTING_PRE_DEFINED_COLOUR('blue');
#5=COLOUR_RGB('',0.E0,5.8824E-2,4.58824E-1);
#6=COLOUR_RGB('',0.E0,1.80392E-1,4.78431E-1);
#7=COLOUR_RGB('',0.E0,3.6E-1,9.E-2);
#8=COLOUR_RGB('',0.E0,3.6E-1,2.7E-1);
#9=COLOUR_RGB('',0.E0,5.6E-1,6.4E-1);
#10=COLOUR_RGB('',0.E0,5.8E-1,8.E-1);
#11=COLOUR_RGB('',0.E0,7.1E-1,6.6E-1);
#12=COLOUR_RGB('',0.E0,7.13E-1,0.E0);
#13=COLOUR_RGB('',0.E0,9.5E-1,8.4E-1);
#14=DRAUGHTING_PRE_DEFINED_COLOUR('green');
#15=DRAUGHTING_PRE_DEFINED_COLOUR('cyan');
#16=COLOUR_RGB('',1.1765E-2,1.9608E-2,3.9216E-2);
#17=COLOUR_RGB('',4.E-2,0.E0,1.6E-1);
#18=COLOUR_RGB('',3.9216E-2,2.19608E-1,1.21569E-1);
#19=COLOUR_RGB('',3.9216E-2,3.60784E-1,2.E-1);
#20=COLOUR_RGB('',5.098E-2,7.0588E-2,1.01961E-1);
#21=COLOUR_RGB('',9.E-2,0.E0,1.2E-1);
#22=COLOUR_RGB('',9.0196E-2,1.60784E-1,1.09804E-1);
#23=COLOUR_RGB('',9.0196E-2,3.80392E-1,6.70588E-1);
#24=COLOUR_RGB('',1.E-1,0.E0,2.5E-1);
#25=COLOUR_RGB('',1.01961E-1,4.78431E-1,3.88235E-1);
#26=COLOUR_RGB('',1.09804E-1,1.4902E-1,9.0196E-2);
#27=COLOUR_RGB('',1.4902E-1,3.09804E-1,5.29412E-1);
#28=COLOUR_RGB('',1.4902E-1,4.E-1,1.60784E-1);
#29=COLOUR_RGB('',1.6E-1,3.2E-2,0.E0);
#30=COLOUR_RGB('',1.60784E-1,4.5098E-1,7.21569E-1);
#31=COLOUR_RGB('',1.6E-1,4.6E-1,6.5E-1);
#32=COLOUR_RGB('',1.6E-1,1.E0,1.6E-1);
#33=COLOUR_RGB('',2.E-1,3.2E-2,0.E0);
#34=COLOUR_RGB('',2.11765E-1,4.11765E-1,1.4902E-1);
#35=COLOUR_RGB('',2.39216E-1,2.39216E-1,2.31373E-1);
#36=COLOUR_RGB('',2.39216E-1,2.70588E-1,1.80392E-1);
#37=COLOUR_RGB('',2.5098E-1,2.90196E-1,3.29412E-1);
#38=COLOUR_RGB('',2.90196E-1,4.31373E-1,2.E-1);
#39=COLOUR_RGB('',3.1E-1,3.1E-1,5.6E-1);
#40=COLOUR_RGB('',3.09804E-1,6.58824E-1,2.E-1);
#41=COLOUR_RGB('',3.2E-1,1.5E-1,0.E0);
#42=COLOUR_RGB('',3.60784E-1,3.1373E-2,1.68627E-1);
#43=COLOUR_RGB('',3.68627E-1,2.E-1,1.21569E-1);
#44=COLOUR_RGB('',3.88235E-1,2.39216E-1,6.11765E-1);
#45=COLOUR_RGB('',4.E-1,4.E-1,4.E-1);
#46=COLOUR_RGB('',4.11765E-1,5.8824E-2,7.8431E-2);
#47=COLOUR_RGB('',4.11765E-1,3.29412E-1,2.19608E-1);
#48=COLOUR_RGB('',4.2E-1,4.2E-1,1.E0);
#49=COLOUR_RGB('',4.4E-1,8.5E-1,1.E0);
#50=COLOUR_RGB('',4.58824E-1,4.5098E-1,3.09804E-1);
#51=COLOUR_RGB('',4.70588E-1,5.09804E-1,5.4902E-1);
#52=COLOUR_RGB('',4.78431E-1,4.90196E-1,4.58824E-1);
#53=COLOUR_RGB('',4.90196E-1,3.60784E-1,2.19608E-1);
#54=COLOUR_RGB('',4.9E-1,4.9E-1,0.E0);
#55=COLOUR_RGB('',4.9E-1,1.E0,0.E0);
#56=COLOUR_RGB('',5.E-1,0.E0,0.E0);
#57=COLOUR_RGB('',5.E-1,0.E0,2.3E-1);
#58=COLOUR_RGB('',5.E-1,5.E-1,5.E-1);
#59=COLOUR_RGB('',5.21569E-1,2.19608E-1,1.68627E-1);
#60=COLOUR_RGB('',5.3E-1,0.E0,0.E0);
#61=COLOUR_RGB('',5.29412E-1,5.80392E-1,6.5098E-1);
#62=COLOUR_RGB('',5.4E-1,0.E0,4.4E-1);
#63=COLOUR_RGB('',5.5E-1,3.E-1,0.E0);
#64=COLOUR_RGB('',5.6E-1,1.E-1,5.E-2);
#65=COLOUR_RGB('',5.60784E-1,5.80392E-1,6.19608E-1);
#66=COLOUR_RGB('',5.68627E-1,5.8824E-2,4.E-1);
#67=COLOUR_RGB('',5.8E-1,2.2E-1,1.E-2);
#68=COLOUR_RGB('',5.88235E-1,1.21569E-1,1.09804E-1);
#69=COLOUR_RGB('',6.E-1,6.E-1,6.E-1);
#70=COLOUR_RGB('',6.11765E-1,5.60784E-1,3.80392E-1);
#71=COLOUR_RGB('',6.11765E-1,6.11765E-1,6.5098E-1);
#72=COLOUR_RGB('',6.2E-1,0.E0,5.5E-1);
#73=COLOUR_RGB('',6.19608E-1,6.39216E-1,6.90196E-1);
#74=COLOUR_RGB('',6.35294E-1,6.86275E-1,7.4902E-1);
#75=COLOUR_RGB('',6.4E-1,0.E0,2.5E-1);
#76=COLOUR_RGB('',6.4E-1,1.E-2,0.E0);
#77=COLOUR_RGB('',6.39216E-1,5.4902E-1,4.78431E-1);
#78=COLOUR_RGB('',6.5098E-1,6.70588E-1,7.09804E-1);
#79=COLOUR_RGB('',6.70588E-1,1.21569E-1,1.09804E-1);
#80=COLOUR_RGB('',6.78431E-1,4.78431E-1,3.09804E-1);
#81=COLOUR_RGB('',6.8E-1,7.5E-1,1.E0);
#82=COLOUR_RGB('',7.09804E-1,7.0588E-2,2.E-1);
#83=COLOUR_RGB('',7.1E-1,3.1E-1,0.E0);
#84=COLOUR_RGB('',7.2E-1,7.2E-1,7.2E-1);
#85=COLOUR_RGB('',7.29412E-1,7.41176E-1,7.29412E-1);
#86=COLOUR_RGB('',7.41176E-1,7.29412E-1,6.70588E-1);
#87=COLOUR_RGB('',7.4E-1,1.E0,2.6E-1);
#88=COLOUR_RGB('',7.5E-1,3.E-2,0.E0);
#89=COLOUR_RGB('',7.4902E-1,8.90196E-1,7.29412E-1);
#90=COLOUR_RGB('',7.6E-1,0.E0,4.7E-1);
#91=COLOUR_RGB('',7.80392E-1,9.0196E-2,7.0588E-2);
#92=COLOUR_RGB('',7.88235E-1,2.19608E-1,5.4902E-1);
#93=COLOUR_RGB('',8.1E-1,4.E-2,0.E0);
#94=COLOUR_RGB('',8.1E-1,6.1E-1,0.E0);
#95=COLOUR_RGB('',8.2E-1,4.E-2,6.6E-1);
#96=COLOUR_RGB('',8.31373E-1,8.5098E-1,8.58824E-1);
#97=COLOUR_RGB('',8.5098E-1,7.29412E-1,5.4902E-1);
#98=COLOUR_RGB('',8.5E-1,8.5E-1,8.5E-1);
#99=COLOUR_RGB('',8.78431E-1,3.68627E-1,1.21569E-1);
#100=COLOUR_RGB('',8.784E-1,9.49E-1,1.E0);
#101=COLOUR_RGB('',8.90196E-1,5.88235E-1,1.41176E-1);
#102=COLOUR_RGB('',9.E-1,1.E0,0.E0);
#103=COLOUR_RGB('',9.09804E-1,6.11765E-1,7.09804E-1);
#104=COLOUR_RGB('',9.37E-1,7.85E-1,0.E0);
#105=COLOUR_RGB('',9.41176E-1,9.29412E-1,9.01961E-1);
#106=COLOUR_RGB('',9.5E-1,2.2E-1,8.1E-1);
#107=COLOUR_RGB('',9.6E-1,3.7E-1,3.E-1);
#108=COLOUR_RGB('',9.6E-1,7.1E-1,3.75E-1);
#109=COLOUR_RGB('',9.80392E-1,1.E0,1.E0);
#110=COLOUR_RGB('',9.88235E-1,1.09804E-1,7.8431E-2);
#111=COLOUR_RGB('',9.88235E-1,7.21569E-1,1.29412E-1);
#112=COLOUR_RGB('',9.88235E-1,9.21569E-1,8.E-1);
#113=DRAUGHTING_PRE_DEFINED_COLOUR('red');
#114=COLOUR_RGB('',1.E0,0.E0,6.1E-1);
#115=COLOUR_RGB('',1.E0,4.E-2,0.E0);
#116=COLOUR_RGB('',1.E0,2.3E-1,0.E0);
#117=COLOUR_RGB('',1.E0,3.5E-1,5.2E-1);
#118=COLOUR_RGB('',1.E0,3.6E-1,0.E0);
#119=COLOUR_RGB('',1.E0,3.88235E-1,2.11765E-1);
#120=COLOUR_RGB('',1.E0,4.9E-1,3.7E-1);
#121=COLOUR_RGB('',1.E0,5.E-1,0.E0);
#122=COLOUR_RGB('',1.E0,5.6E-1,7.8E-1);
#123=COLOUR_RGB('',1.E0,6.4E-1,4.9E-1);
#124=COLOUR_RGB('',1.E0,6.7E-1,0.E0);
#125=COLOUR_RGB('',1.E0,7.6E-1,6.5E-1);
#126=COLOUR_RGB('',1.E0,8.39216E-1,3.01961E-1);
#127=COLOUR_RGB('',1.E0,8.6E-1,4.E-2);
#128=COLOUR_RGB('',1.E0,9.60784E-1,2.58824E-1);
#129=COLOUR_RGB('',1.E0,9.60784E-1,8.90196E-1);
#130=COLOUR_RGB('',1.E0,9.8E-1,7.2E-1);
#131=DRAUGHTING_PRE_DEFINED_COLOUR('yellow');
#132=COLOUR_RGB('',1.E0,1.E0,3.9216E-2);
#133=DRAUGHTING_PRE_DEFINED_COLOUR('white');
#230=CIRCLE('',#229,1.E-1);
#247=CIRCLE('',#246,3.5E-1);
#264=CIRCLE('',#263,3.5E-1);
#281=CIRCLE('',#280,1.E-1);
#290=CIRCLE('',#289,3.E-1);
#295=CIRCLE('',#294,3.E-1);
#1360=CIRCLE('',#1359,3.5E-1);
#1373=CIRCLE('',#1372,1.E-1);
#1390=CIRCLE('',#1389,1.E-1);
#1403=CIRCLE('',#1402,3.5E-1);
#1412=CIRCLE('',#1411,3.E-1);
#1417=CIRCLE('',#1416,3.E-1);
#1538=CIRCLE('',#1537,3.E-1);
#1543=CIRCLE('',#1542,3.E-1);
#1552=CIRCLE('',#1551,3.E-1);
#1557=CIRCLE('',#1556,3.E-1);
#2110=CIRCLE('',#2109,1.E-1);
#2115=CIRCLE('',#2114,1.E-1);
#3233=EDGE_CURVE('',#3048,#3049,#141,.T.);
#3235=EDGE_CURVE('',#3049,#2928,#1609,.T.);
#3237=EDGE_CURVE('',#2924,#2928,#137,.T.);
#3239=EDGE_CURVE('',#3048,#2924,#201,.T.);
#3243=ADVANCED_FACE('',(#3242),#3232,.T.);
#3250=EDGE_CURVE('',#3048,#2695,#145,.T.);
#3252=EDGE_CURVE('',#2695,#2669,#149,.T.);
#3254=EDGE_CURVE('',#2668,#2669,#153,.T.);
#3256=EDGE_CURVE('',#2668,#2491,#157,.T.);
#3258=EDGE_CURVE('',#2490,#2491,#161,.T.);
#3260=EDGE_CURVE('',#2493,#2490,#627,.T.);
#3262=EDGE_CURVE('',#2486,#2493,#165,.T.);
#3264=EDGE_CURVE('',#2486,#2487,#169,.T.);
#3266=EDGE_CURVE('',#2487,#2599,#173,.T.);
#3268=EDGE_CURVE('',#2598,#2599,#177,.T.);
#3270=EDGE_CURVE('',#2598,#2577,#181,.T.);
#3272=EDGE_CURVE('',#2637,#2577,#185,.T.);
#3274=EDGE_CURVE('',#2636,#2637,#189,.T.);
#3276=EDGE_CURVE('',#2636,#2482,#907,.T.);
#3278=EDGE_CURVE('',#2482,#3049,#1613,.T.);
#3282=ADVANCED_FACE('',(#3281),#3248,.T.);
#3288=EDGE_CURVE('',#3190,#3191,#193,.T.);
#3290=EDGE_CURVE('',#3191,#2717,#197,.T.);
#3292=EDGE_CURVE('',#2721,#2717,#1721,.T.);
#3294=EDGE_CURVE('',#2695,#2721,#1697,.T.);
#3298=EDGE_CURVE('',#2924,#2971,#205,.T.);
#3300=EDGE_CURVE('',#2971,#2977,#209,.T.);
#3302=EDGE_CURVE('',#3190,#2977,#213,.T.);
#3306=ADVANCED_FACE('',(#3305),#3287,.F.);
#3313=EDGE_CURVE('',#3190,#3227,#217,.T.);
#3315=EDGE_CURVE('',#3227,#3207,#1641,.T.);
#3317=EDGE_CURVE('',#3205,#3207,#1665,.T.);
#3319=EDGE_CURVE('',#3203,#3205,#1737,.T.);
#3321=EDGE_CURVE('',#3203,#3191,#1725,.T.);
#3325=ADVANCED_FACE('',(#3324),#3311,.F.);
#3331=EDGE_CURVE('',#3194,#3195,#1187,.T.);
#3333=EDGE_CURVE('',#3195,#3197,#1271,.T.);
#3335=EDGE_CURVE('',#3209,#3197,#1259,.T.);
#3337=EDGE_CURVE('',#3200,#3209,#1247,.T.);
#3339=EDGE_CURVE('',#3200,#3201,#1219,.T.);
#3341=EDGE_CURVE('',#3194,#3201,#1211,.T.);
#3345=ADVANCED_FACE('',(#3344),#3330,.F.);
#3353=EDGE_CURVE('',#2977,#2942,#234,.T.);
#3355=EDGE_CURVE('',#2942,#2958,#1437,.T.);
#3357=EDGE_CURVE('',#2983,#2958,#1368,.T.);
#3359=EDGE_CURVE('',#2985,#2983,#1457,.T.);
#3361=EDGE_CURVE('',#2985,#2981,#1717,.T.);
#3363=EDGE_CURVE('',#2980,#2981,#1689,.T.);
#3365=EDGE_CURVE('',#3011,#2980,#1681,.T.);
#3367=EDGE_CURVE('',#3227,#3011,#1645,.T.);
#3371=ADVANCED_FACE('',(#3370),#3350,.T.);
#3377=EDGE_CURVE('',#3021,#3016,#221,.T.);
#3379=EDGE_CURVE('',#2943,#3021,#225,.T.);
#3381=EDGE_CURVE('',#2942,#2943,#230,.T.);
#3385=EDGE_CURVE('',#2970,#2971,#367,.T.);
#3387=EDGE_CURVE('',#2967,#2970,#238,.T.);
#3389=EDGE_CURVE('',#2966,#2967,#351,.T.);
#3391=EDGE_CURVE('',#2947,#2966,#242,.T.);
#3393=EDGE_CURVE('',#2946,#2947,#247,.T.);
#3395=EDGE_CURVE('',#3016,#2946,#251,.T.);
#3399=ADVANCED_FACE('',(#3398),#3376,.T.);
#3405=EDGE_CURVE('',#3037,#3032,#255,.T.);
#3407=EDGE_CURVE('',#2935,#3037,#259,.T.);
#3409=EDGE_CURVE('',#2934,#2935,#264,.T.);
#3411=EDGE_CURVE('',#2988,#2934,#268,.T.);
#3413=EDGE_CURVE('',#2988,#2989,#1075,.T.);
#3415=EDGE_CURVE('',#2992,#2989,#272,.T.);
#3417=EDGE_CURVE('',#2992,#2993,#1091,.T.);
#3419=EDGE_CURVE('',#2993,#3003,#1195,.T.);
#3421=EDGE_CURVE('',#2939,#3003,#276,.T.);
#3423=EDGE_CURVE('',#2938,#2939,#281,.T.);
#3425=EDGE_CURVE('',#3032,#2938,#285,.T.);
#3429=ADVANCED_FACE('',(#3428),#3404,.T.);
#3435=EDGE_CURVE('',#3016,#3017,#290,.T.);
#3437=EDGE_CURVE('',#3019,#3017,#1425,.T.);
#3439=EDGE_CURVE('',#3019,#3021,#1412,.T.);
#3444=ADVANCED_FACE('',(#3443),#3434,.T.);
#3452=EDGE_CURVE('',#2946,#2962,#303,.T.);
#3454=EDGE_CURVE('',#3029,#2962,#1355,.T.);
#3456=EDGE_CURVE('',#3027,#3029,#295,.T.);
#3458=EDGE_CURVE('',#3017,#3027,#299,.T.);
#3462=ADVANCED_FACE('',(#3461),#3449,.T.);
#3469=EDGE_CURVE('',#2947,#2963,#307,.T.);
#3471=EDGE_CURVE('',#2962,#2963,#1360,.T.);
#3476=ADVANCED_FACE('',(#3475),#3467,.T.);
#3483=EDGE_CURVE('',#2974,#2966,#315,.T.);
#3485=EDGE_CURVE('',#2963,#2974,#1364,.T.);
#3490=ADVANCED_FACE('',(#3489),#3481,.T.);
#3496=EDGE_CURVE('',#3221,#3217,#311,.T.);
#3498=EDGE_CURVE('',#2967,#3217,#1661,.T.);
#3501=EDGE_CURVE('',#3221,#2970,#1761,.T.);
#3505=ADVANCED_FACE('',(#3504),#3495,.T.);
#3512=EDGE_CURVE('',#3064,#2966,#363,.T.);
#3514=EDGE_CURVE('',#3064,#3065,#1633,.T.);
#3516=EDGE_CURVE('',#3065,#3067,#1593,.T.);
#3518=EDGE_CURVE('',#3067,#3069,#631,.T.);
#3520=EDGE_CURVE('',#3069,#3071,#319,.T.);
#3522=EDGE_CURVE('',#2974,#3071,#383,.T.);
#3526=ADVANCED_FACE('',(#3525),#3510,.T.);
#3532=EDGE_CURVE('',#2628,#2633,#323,.T.);
#3534=EDGE_CURVE('',#2633,#2515,#2001,.T.);
#3536=EDGE_CURVE('',#2515,#2517,#479,.T.);
#3538=EDGE_CURVE('',#2517,#2628,#327,.T.);
#3542=ADVANCED_FACE('',(#3541),#3531,.T.);
#3548=EDGE_CURVE('',#2643,#2641,#331,.T.);
#3550=EDGE_CURVE('',#2641,#2568,#335,.T.);
#3552=EDGE_CURVE('',#2572,#2568,#2065,.T.);
#3554=EDGE_CURVE('',#2575,#2572,#339,.T.);
#3556=EDGE_CURVE('',#2601,#2575,#2097,.T.);
#3558=EDGE_CURVE('',#2506,#2601,#495,.T.);
#3560=EDGE_CURVE('',#2506,#2507,#395,.T.);
#3562=EDGE_CURVE('',#2605,#2507,#2463,.T.);
#3564=EDGE_CURVE('',#2609,#2605,#2455,.T.);
#3566=EDGE_CURVE('',#2615,#2609,#343,.T.);
#3568=EDGE_CURVE('',#2615,#2643,#347,.T.);
#3572=ADVANCED_FACE('',(#3571),#3547,.T.);
#3579=EDGE_CURVE('',#2967,#3013,#355,.T.);
#3581=EDGE_CURVE('',#3013,#3064,#359,.T.);
#3586=ADVANCED_FACE('',(#3585),#3577,.T.);
#3594=EDGE_CURVE('',#2924,#2925,#371,.T.);
#3596=EDGE_CURVE('',#2925,#2970,#375,.T.);
#3600=ADVANCED_FACE('',(#3599),#3591,.T.);
#3606=EDGE_CURVE('',#2974,#2975,#379,.T.);
#3609=EDGE_CURVE('',#2683,#3071,#1817,.T.);
#3611=EDGE_CURVE('',#2533,#2683,#1809,.T.);
#3613=EDGE_CURVE('',#2532,#2533,#1477,.T.);
#3615=EDGE_CURVE('',#2975,#2532,#1445,.T.);
#3619=ADVANCED_FACE('',(#3618),#3605,.T.);
#3625=EDGE_CURVE('',#2628,#2629,#391,.T.);
#3627=EDGE_CURVE('',#2629,#2631,#915,.T.);
#3629=EDGE_CURVE('',#2633,#2631,#387,.T.);
#3634=ADVANCED_FACE('',(#3633),#3624,.T.);
#3642=EDGE_CURVE('',#2517,#2519,#475,.T.);
#3644=EDGE_CURVE('',#2629,#2519,#2093,.T.);
#3648=ADVANCED_FACE('',(#3647),#3639,.F.);
#3655=EDGE_CURVE('',#2511,#2506,#399,.T.);
#3657=EDGE_CURVE('',#2509,#2511,#403,.T.);
#3659=EDGE_CURVE('',#2507,#2509,#407,.T.);
#3663=ADVANCED_FACE('',(#3662),#3653,.T.);
#3669=EDGE_CURVE('',#3076,#3077,#411,.T.);
#3671=EDGE_CURVE('',#3081,#3076,#415,.T.);
#3673=EDGE_CURVE('',#3079,#3081,#419,.T.);
#3675=EDGE_CURVE('',#3077,#3079,#423,.T.);
#3679=ADVANCED_FACE('',(#3678),#3668,.T.);
#3685=EDGE_CURVE('',#3084,#2541,#427,.T.);
#3687=EDGE_CURVE('',#2540,#2541,#431,.T.);
#3689=EDGE_CURVE('',#2545,#2540,#435,.T.);
#3691=EDGE_CURVE('',#3091,#2545,#439,.T.);
#3693=EDGE_CURVE('',#3089,#3091,#443,.T.);
#3695=EDGE_CURVE('',#3087,#3089,#447,.T.);
#3697=EDGE_CURVE('',#3085,#3087,#451,.T.);
#3699=EDGE_CURVE('',#3084,#3085,#455,.T.);
#3703=ADVANCED_FACE('',(#3702),#3684,.T.);
#3709=EDGE_CURVE('',#2543,#2514,#459,.T.);
#3711=EDGE_CURVE('',#3095,#2543,#463,.T.);
#3713=EDGE_CURVE('',#3094,#3095,#467,.T.);
#3715=EDGE_CURVE('',#2521,#3094,#2077,.T.);
#3717=EDGE_CURVE('',#2519,#2521,#471,.T.);
#3721=EDGE_CURVE('',#2514,#2515,#483,.T.);
#3725=ADVANCED_FACE('',(#3724),#3708,.T.);
#3731=EDGE_CURVE('',#2487,#2611,#487,.T.);
#3733=EDGE_CURVE('',#2613,#2611,#2479,.T.);
#3735=EDGE_CURVE('',#2613,#2511,#491,.T.);
#3739=EDGE_CURVE('',#2601,#2599,#499,.T.);
#3744=ADVANCED_FACE('',(#3743),#3730,.F.);
#3750=EDGE_CURVE('',#2486,#2624,#503,.T.);
#3752=EDGE_CURVE('',#2615,#2624,#2089,.T.);
#3755=EDGE_CURVE('',#2608,#2609,#507,.T.);
#3757=EDGE_CURVE('',#2611,#2608,#511,.T.);
#3763=ADVANCED_FACE('',(#3762),#3749,.F.);
#3769=EDGE_CURVE('',#2892,#2899,#515,.T.);
#3771=EDGE_CURVE('',#2876,#2892,#679,.T.);
#3773=EDGE_CURVE('',#2876,#2881,#519,.T.);
#3775=EDGE_CURVE('',#2879,#2881,#523,.T.);
#3777=EDGE_CURVE('',#2872,#2879,#527,.T.);
#3779=EDGE_CURVE('',#2856,#2872,#663,.T.);
#3781=EDGE_CURVE('',#2856,#2857,#531,.T.);
#3783=EDGE_CURVE('',#2853,#2857,#535,.T.);
#3785=EDGE_CURVE('',#2852,#2853,#539,.T.);
#3787=EDGE_CURVE('',#2503,#2852,#647,.T.);
#3789=EDGE_CURVE('',#2496,#2503,#543,.T.);
#3791=EDGE_CURVE('',#2621,#2496,#1119,.T.);
#3793=EDGE_CURVE('',#2620,#2621,#547,.T.);
#3795=EDGE_CURVE('',#2620,#2748,#875,.T.);
#3797=EDGE_CURVE('',#2748,#2749,#551,.T.);
#3799=EDGE_CURVE('',#2749,#2751,#555,.T.);
#3801=EDGE_CURVE('',#2753,#2751,#559,.T.);
#3803=EDGE_CURVE('',#2753,#2756,#867,.T.);
#3805=EDGE_CURVE('',#2756,#2757,#563,.T.);
#3807=EDGE_CURVE('',#2757,#2759,#567,.T.);
#3809=EDGE_CURVE('',#2761,#2759,#571,.T.);
#3811=EDGE_CURVE('',#2761,#2625,#859,.T.);
#3813=EDGE_CURVE('',#2624,#2625,#575,.T.);
#3817=EDGE_CURVE('',#2896,#2493,#623,.T.);
#3819=EDGE_CURVE('',#2896,#2901,#579,.T.);
#3821=EDGE_CURVE('',#2899,#2901,#583,.T.);
#3825=ADVANCED_FACE('',(#3824),#3768,.T.);
#3831=EDGE_CURVE('',#2892,#2893,#611,.T.);
#3834=EDGE_CURVE('',#2899,#3174,#587,.T.);
#3836=EDGE_CURVE('',#3174,#3175,#591,.T.);
#3838=EDGE_CURVE('',#3175,#2893,#595,.T.);
#3842=ADVANCED_FACE('',(#3841),#3830,.F.);
#3848=EDGE_CURVE('',#2904,#2905,#795,.T.);
#3850=EDGE_CURVE('',#2905,#3178,#599,.T.);
#3852=EDGE_CURVE('',#3178,#3179,#603,.T.);
#3854=EDGE_CURVE('',#3179,#2904,#607,.T.);
#3858=ADVANCED_FACE('',(#3857),#3847,.F.);
#3865=EDGE_CURVE('',#2893,#2897,#615,.T.);
#3867=EDGE_CURVE('',#2896,#2897,#619,.T.);
#3871=EDGE_CURVE('',#3069,#2490,#1825,.T.);
#3874=EDGE_CURVE('',#3067,#3056,#635,.T.);
#3876=EDGE_CURVE('',#3061,#3056,#639,.T.);
#3878=EDGE_CURVE('',#2500,#3061,#1509,.T.);
#3880=EDGE_CURVE('',#2500,#2503,#643,.T.);
#3883=EDGE_CURVE('',#2852,#2867,#651,.T.);
#3885=EDGE_CURVE('',#2867,#2869,#655,.T.);
#3887=EDGE_CURVE('',#2856,#2869,#659,.T.);
#3890=EDGE_CURVE('',#2872,#2873,#667,.T.);
#3892=EDGE_CURVE('',#2873,#2877,#671,.T.);
#3894=EDGE_CURVE('',#2876,#2877,#675,.T.);
#3899=ADVANCED_FACE('',(#3898),#3863,.F.);
#3907=EDGE_CURVE('',#3175,#3183,#683,.T.);
#3909=EDGE_CURVE('',#3183,#2897,#691,.T.);
#3913=ADVANCED_FACE('',(#3912),#3904,.T.);
#3920=EDGE_CURVE('',#3174,#3182,#687,.T.);
#3922=EDGE_CURVE('',#3182,#3183,#695,.T.);
#3927=ADVANCED_FACE('',(#3926),#3918,.T.);
#3934=EDGE_CURVE('',#2901,#3182,#699,.T.);
#3940=ADVANCED_FACE('',(#3939),#3932,.T.);
#3953=ADVANCED_FACE('',(#3952),#3945,.T.);
#3959=EDGE_CURVE('',#2908,#2909,#803,.T.);
#3961=EDGE_CURVE('',#3187,#2908,#703,.T.);
#3963=EDGE_CURVE('',#3186,#3187,#707,.T.);
#3965=EDGE_CURVE('',#2909,#3186,#711,.T.);
#3969=ADVANCED_FACE('',(#3968),#3958,.T.);
#3975=EDGE_CURVE('',#2829,#2776,#715,.T.);
#3977=EDGE_CURVE('',#2817,#2829,#719,.T.);
#3979=EDGE_CURVE('',#2816,#2817,#723,.T.);
#3981=EDGE_CURVE('',#2827,#2816,#727,.T.);
#3983=EDGE_CURVE('',#2773,#2827,#731,.T.);
#3985=EDGE_CURVE('',#2771,#2773,#735,.T.);
#3987=EDGE_CURVE('',#2769,#2771,#739,.T.);
#3989=EDGE_CURVE('',#2767,#2769,#743,.T.);
#3991=EDGE_CURVE('',#2765,#2767,#747,.T.);
#3993=EDGE_CURVE('',#2764,#2765,#751,.T.);
#3995=EDGE_CURVE('',#2777,#2764,#755,.T.);
#3997=EDGE_CURVE('',#2776,#2777,#759,.T.);
#4001=EDGE_CURVE('',#2860,#2861,#763,.T.);
#4003=EDGE_CURVE('',#2860,#2864,#767,.T.);
#4005=EDGE_CURVE('',#2864,#2865,#771,.T.);
#4007=EDGE_CURVE('',#2861,#2865,#775,.T.);
#4011=EDGE_CURVE('',#2884,#2885,#779,.T.);
#4013=EDGE_CURVE('',#2884,#2888,#783,.T.);
#4015=EDGE_CURVE('',#2888,#2889,#787,.T.);
#4017=EDGE_CURVE('',#2885,#2889,#791,.T.);
#4022=EDGE_CURVE('',#2904,#2908,#799,.T.);
#4025=EDGE_CURVE('',#2905,#2909,#807,.T.);
#4029=EDGE_CURVE('',#3128,#3129,#811,.T.);
#4031=EDGE_CURVE('',#3129,#3131,#815,.T.);
#4033=EDGE_CURVE('',#3131,#3133,#819,.T.);
#4035=EDGE_CURVE('',#3133,#3135,#823,.T.);
#4037=EDGE_CURVE('',#3135,#3137,#827,.T.);
#4039=EDGE_CURVE('',#3137,#3139,#831,.T.);
#4041=EDGE_CURVE('',#3139,#3128,#835,.T.);
#4045=ADVANCED_FACE('',(#4000,#4010,#4020,#4028,#4044),#3974,.T.);
#4051=EDGE_CURVE('',#2827,#2820,#839,.T.);
#4053=EDGE_CURVE('',#2781,#2820,#967,.T.);
#4055=EDGE_CURVE('',#2780,#2781,#843,.T.);
#4057=EDGE_CURVE('',#2780,#2773,#847,.T.);
#4062=ADVANCED_FACE('',(#4061),#4050,.F.);
#4068=EDGE_CURVE('',#2829,#2825,#851,.T.);
#4071=EDGE_CURVE('',#2795,#2776,#2171,.T.);
#4073=EDGE_CURVE('',#2794,#2795,#855,.T.);
#4075=EDGE_CURVE('',#2825,#2794,#943,.T.);
#4079=ADVANCED_FACE('',(#4078),#4067,.F.);
#4085=EDGE_CURVE('',#2820,#2821,#971,.T.);
#4089=EDGE_CURVE('',#2821,#2816,#2105,.T.);
#4093=ADVANCED_FACE('',(#4092),#4084,.F.);
#4100=EDGE_CURVE('',#2761,#2740,#863,.T.);
#4102=EDGE_CURVE('',#2740,#2741,#1003,.T.);
#4104=EDGE_CURVE('',#2756,#2741,#983,.T.);
#4107=EDGE_CURVE('',#2753,#2737,#871,.T.);
#4109=EDGE_CURVE('',#2737,#2732,#991,.T.);
#4111=EDGE_CURVE('',#2748,#2732,#1019,.T.);
#4114=EDGE_CURVE('',#2648,#2620,#879,.T.);
#4116=EDGE_CURVE('',#2653,#2648,#883,.T.);
#4118=EDGE_CURVE('',#2653,#2665,#887,.T.);
#4120=EDGE_CURVE('',#2659,#2665,#891,.T.);
#4122=EDGE_CURVE('',#2657,#2659,#895,.T.);
#4124=EDGE_CURVE('',#2483,#2657,#899,.T.);
#4126=EDGE_CURVE('',#2482,#2483,#903,.T.);
#4129=EDGE_CURVE('',#2631,#2636,#911,.T.);
#4132=EDGE_CURVE('',#2629,#2640,#919,.T.);
#4134=EDGE_CURVE('',#2645,#2640,#923,.T.);
#4136=EDGE_CURVE('',#2625,#2645,#927,.T.);
#4140=EDGE_CURVE('',#2821,#2839,#931,.T.);
#4142=EDGE_CURVE('',#2839,#2836,#2159,.T.);
#4144=EDGE_CURVE('',#2832,#2836,#2143,.T.);
#4146=EDGE_CURVE('',#2841,#2832,#2127,.T.);
#4148=EDGE_CURVE('',#2841,#2824,#935,.T.);
#4150=EDGE_CURVE('',#2824,#2825,#939,.T.);
#4153=EDGE_CURVE('',#2797,#2794,#947,.T.);
#4155=EDGE_CURVE('',#2804,#2797,#2187,.T.);
#4157=EDGE_CURVE('',#2804,#2805,#951,.T.);
#4159=EDGE_CURVE('',#2807,#2805,#955,.T.);
#4161=EDGE_CURVE('',#2807,#2811,#959,.T.);
#4163=EDGE_CURVE('',#2783,#2811,#2235,.T.);
#4165=EDGE_CURVE('',#2781,#2783,#963,.T.);
#4171=ADVANCED_FACE('',(#4139,#4170),#4098,.T.);
#4178=EDGE_CURVE('',#2759,#2745,#975,.T.);
#4180=EDGE_CURVE('',#2745,#2740,#1007,.T.);
#4185=ADVANCED_FACE('',(#4184),#4176,.T.);
#4192=EDGE_CURVE('',#2757,#2743,#979,.T.);
#4194=EDGE_CURVE('',#2743,#2745,#1011,.T.);
#4199=ADVANCED_FACE('',(#4198),#4190,.T.);
#4207=EDGE_CURVE('',#2741,#2743,#1015,.T.);
#4212=ADVANCED_FACE('',(#4211),#4204,.T.);
#4218=EDGE_CURVE('',#2732,#2733,#987,.T.);
#4221=EDGE_CURVE('',#2735,#2737,#995,.T.);
#4223=EDGE_CURVE('',#2733,#2735,#999,.T.);
#4227=ADVANCED_FACE('',(#4226),#4217,.T.);
#4239=ADVANCED_FACE('',(#4238),#4232,.T.);
#4248=EDGE_CURVE('',#2749,#2733,#1023,.T.);
#4252=ADVANCED_FACE('',(#4251),#4244,.T.);
#4261=EDGE_CURVE('',#2751,#2735,#1027,.T.);
#4265=ADVANCED_FACE('',(#4264),#4257,.T.);
#4277=ADVANCED_FACE('',(#4276),#4270,.T.);
#4283=EDGE_CURVE('',#2648,#2649,#1031,.T.);
#4287=EDGE_CURVE('',#2621,#2585,#1035,.T.);
#4289=EDGE_CURVE('',#2649,#2585,#1043,.T.);
#4293=ADVANCED_FACE('',(#4292),#4282,.T.);
#4300=EDGE_CURVE('',#2651,#2649,#1039,.T.);
#4302=EDGE_CURVE('',#2651,#2653,#1865,.T.);
#4307=ADVANCED_FACE('',(#4306),#4298,.T.);
#4315=EDGE_CURVE('',#2584,#2585,#1047,.T.);
#4317=EDGE_CURVE('',#3111,#2584,#1977,.T.);
#4319=EDGE_CURVE('',#3111,#3081,#1051,.T.);
#4322=EDGE_CURVE('',#3076,#2595,#1055,.T.);
#4324=EDGE_CURVE('',#2581,#2595,#1953,.T.);
#4326=EDGE_CURVE('',#2580,#2581,#1059,.T.);
#4328=EDGE_CURVE('',#3101,#2580,#1881,.T.);
#4330=EDGE_CURVE('',#3101,#2651,#1063,.T.);
#4334=ADVANCED_FACE('',(#4333),#4312,.T.);
#4340=EDGE_CURVE('',#2661,#2663,#1067,.T.);
#4342=EDGE_CURVE('',#2663,#3087,#1071,.T.);
#4345=EDGE_CURVE('',#2661,#3089,#1949,.T.);
#4349=ADVANCED_FACE('',(#4348),#4339,.T.);
#4356=EDGE_CURVE('',#2988,#3059,#1079,.T.);
#4358=EDGE_CURVE('',#3059,#2913,#1083,.T.);
#4360=EDGE_CURVE('',#2913,#2989,#1087,.T.);
#4364=ADVANCED_FACE('',(#4363),#4354,.T.);
#4371=EDGE_CURVE('',#2916,#2992,#1095,.T.);
#4373=EDGE_CURVE('',#2916,#2917,#1099,.T.);
#4375=EDGE_CURVE('',#2993,#2917,#1199,.T.);
#4379=ADVANCED_FACE('',(#4378),#4369,.T.);
#4385=EDGE_CURVE('',#2996,#2997,#1103,.T.);
#4387=EDGE_CURVE('',#2997,#2524,#1107,.T.);
#4389=EDGE_CURVE('',#2529,#2524,#1473,.T.);
#4391=EDGE_CURVE('',#2529,#2693,#1111,.T.);
#4393=EDGE_CURVE('',#3073,#2693,#1793,.T.);
#4395=EDGE_CURVE('',#3073,#2996,#1115,.T.);
#4399=ADVANCED_FACE('',(#4398),#4384,.T.);
#4408=EDGE_CURVE('',#2496,#2497,#1163,.T.);
#4410=EDGE_CURVE('',#2497,#2617,#1123,.T.);
#4412=EDGE_CURVE('',#3109,#2617,#1127,.T.);
#4414=EDGE_CURVE('',#2584,#3109,#1131,.T.);
#4418=ADVANCED_FACE('',(#4417),#4404,.F.);
#4424=EDGE_CURVE('',#3052,#3053,#1135,.T.);
#4426=EDGE_CURVE('',#2483,#3052,#1139,.T.);
#4429=EDGE_CURVE('',#2656,#2657,#1143,.T.);
#4431=EDGE_CURVE('',#2656,#2588,#1147,.T.);
#4433=EDGE_CURVE('',#2588,#2593,#1151,.T.);
#4435=EDGE_CURVE('',#2592,#2593,#1155,.T.);
#4437=EDGE_CURVE('',#2592,#2497,#1159,.T.);
#4442=EDGE_CURVE('',#2500,#2501,#1167,.T.);
#4444=EDGE_CURVE('',#2501,#2673,#1171,.T.);
#4446=EDGE_CURVE('',#2672,#2673,#1175,.T.);
#4448=EDGE_CURVE('',#2672,#2697,#1179,.T.);
#4450=EDGE_CURVE('',#3053,#2697,#1183,.T.);
#4454=ADVANCED_FACE('',(#4453),#4423,.T.);
#4461=EDGE_CURVE('',#2917,#3053,#1203,.T.);
#4463=EDGE_CURVE('',#2917,#2921,#1773,.T.);
#4465=EDGE_CURVE('',#2921,#3052,#1617,.T.);
#4469=ADVANCED_FACE('',(#4468),#4459,.T.);
#4476=EDGE_CURVE('',#3194,#3003,#1191,.T.);
#4482=EDGE_CURVE('',#2697,#2711,#1207,.T.);
#4484=EDGE_CURVE('',#2713,#2711,#1291,.T.);
#4486=EDGE_CURVE('',#3195,#2713,#1275,.T.);
#4490=ADVANCED_FACE('',(#4489),#4474,.F.);
#4497=EDGE_CURVE('',#3201,#3009,#1227,.T.);
#4499=EDGE_CURVE('',#3009,#3001,#1319,.T.);
#4501=EDGE_CURVE('',#3000,#3001,#1295,.T.);
#4503=EDGE_CURVE('',#3000,#3007,#1331,.T.);
#4505=EDGE_CURVE('',#3007,#3005,#1339,.T.);
#4507=EDGE_CURVE('',#2955,#3005,#1394,.T.);
#4509=EDGE_CURVE('',#2939,#2955,#1215,.T.);
#4515=ADVANCED_FACE('',(#4514),#4495,.T.);
#4522=EDGE_CURVE('',#2705,#3200,#1255,.T.);
#4524=EDGE_CURVE('',#3009,#2705,#1223,.T.);
#4529=ADVANCED_FACE('',(#4528),#4520,.F.);
#4535=EDGE_CURVE('',#3212,#3213,#1231,.T.);
#4537=EDGE_CURVE('',#3213,#2989,#1235,.T.);
#4540=EDGE_CURVE('',#2912,#2913,#1239,.T.);
#4542=EDGE_CURVE('',#2912,#3212,#1243,.T.);
#4546=ADVANCED_FACE('',(#4545),#4534,.F.);
#4553=EDGE_CURVE('',#2704,#3209,#1267,.T.);
#4555=EDGE_CURVE('',#2704,#2705,#1251,.T.);
#4560=ADVANCED_FACE('',(#4559),#4551,.F.);
#4567=EDGE_CURVE('',#2707,#3197,#1283,.T.);
#4569=EDGE_CURVE('',#2707,#2704,#1263,.T.);
#4574=ADVANCED_FACE('',(#4573),#4565,.F.);
#4582=EDGE_CURVE('',#2713,#2707,#1279,.T.);
#4587=ADVANCED_FACE('',(#4586),#4579,.F.);
#4593=EDGE_CURVE('',#2711,#2709,#1311,.T.);
#4595=EDGE_CURVE('',#2707,#2709,#1287,.T.);
#4601=ADVANCED_FACE('',(#4600),#4592,.T.);
#4608=EDGE_CURVE('',#3001,#2701,#1299,.T.);
#4610=EDGE_CURVE('',#2700,#2701,#1303,.T.);
#4612=EDGE_CURVE('',#2709,#2700,#1307,.T.);
#4617=EDGE_CURVE('',#3000,#2672,#1315,.T.);
#4621=ADVANCED_FACE('',(#4620),#4606,.F.);
#4629=EDGE_CURVE('',#2705,#2701,#1323,.T.);
#4634=ADVANCED_FACE('',(#4633),#4626,.T.);
#4643=EDGE_CURVE('',#2704,#2700,#1327,.T.);
#4647=ADVANCED_FACE('',(#4646),#4639,.T.);
#4659=ADVANCED_FACE('',(#4658),#4652,.T.);
#4668=EDGE_CURVE('',#3007,#2673,#1343,.T.);
#4672=ADVANCED_FACE('',(#4671),#4664,.T.);
#4678=EDGE_CURVE('',#2997,#3005,#1335,.T.);
#4683=EDGE_CURVE('',#2501,#2686,#1347,.T.);
#4685=EDGE_CURVE('',#2690,#2686,#1505,.T.);
#4687=EDGE_CURVE('',#2525,#2690,#1497,.T.);
#4689=EDGE_CURVE('',#2524,#2525,#1461,.T.);
#4694=ADVANCED_FACE('',(#4693),#4677,.F.);
#4700=EDGE_CURVE('',#3029,#3024,#1351,.T.);
#4706=EDGE_CURVE('',#2975,#2983,#1441,.T.);
#4709=EDGE_CURVE('',#2958,#2959,#1373,.T.);
#4711=EDGE_CURVE('',#2959,#3024,#1377,.T.);
#4715=ADVANCED_FACE('',(#4714),#4699,.F.);
#4721=EDGE_CURVE('',#3045,#3040,#1381,.T.);
#4723=EDGE_CURVE('',#3045,#2954,#1385,.T.);
#4725=EDGE_CURVE('',#2954,#2955,#1390,.T.);
#4730=EDGE_CURVE('',#2996,#2950,#1398,.T.);
#4732=EDGE_CURVE('',#2950,#2951,#1403,.T.);
#4734=EDGE_CURVE('',#2951,#3040,#1407,.T.);
#4738=ADVANCED_FACE('',(#4737),#4720,.F.);
#4744=EDGE_CURVE('',#3024,#3025,#1417,.T.);
#4746=EDGE_CURVE('',#3027,#3025,#1429,.T.);
#4752=ADVANCED_FACE('',(#4751),#4743,.T.);
#4759=EDGE_CURVE('',#3019,#3025,#1433,.T.);
#4763=EDGE_CURVE('',#2943,#2959,#1421,.T.);
#4768=ADVANCED_FACE('',(#4767),#4757,.T.);
#4780=ADVANCED_FACE('',(#4779),#4773,.T.);
#4792=ADVANCED_FACE('',(#4791),#4785,.F.);
#4800=EDGE_CURVE('',#2537,#2532,#1489,.T.);
#4802=EDGE_CURVE('',#2537,#2677,#1449,.T.);
#4804=EDGE_CURVE('',#2681,#2677,#1837,.T.);
#4806=EDGE_CURVE('',#2491,#2681,#1829,.T.);
#4809=EDGE_CURVE('',#2985,#2668,#1453,.T.);
#4814=ADVANCED_FACE('',(#4813),#4797,.F.);
#4821=EDGE_CURVE('',#2525,#2527,#1465,.T.);
#4823=EDGE_CURVE('',#2527,#2529,#1469,.T.);
#4828=ADVANCED_FACE('',(#4827),#4819,.F.);
#4835=EDGE_CURVE('',#2533,#2535,#1481,.T.);
#4837=EDGE_CURVE('',#2535,#2537,#1485,.T.);
#4842=ADVANCED_FACE('',(#4841),#4833,.F.);
#4848=EDGE_CURVE('',#2690,#2691,#1493,.T.);
#4850=EDGE_CURVE('',#2527,#2691,#1801,.T.);
#4856=ADVANCED_FACE('',(#4855),#4847,.F.);
#4862=EDGE_CURVE('',#2686,#2687,#1517,.T.);
#4864=EDGE_CURVE('',#2691,#2687,#1501,.T.);
#4870=ADVANCED_FACE('',(#4869),#4861,.T.);
#4877=EDGE_CURVE('',#3073,#3061,#1525,.T.);
#4879=EDGE_CURVE('',#2687,#3073,#1513,.T.);
#4886=ADVANCED_FACE('',(#4885),#4875,.F.);
#4892=EDGE_CURVE('',#2996,#2988,#1521,.T.);
#4897=EDGE_CURVE('',#3056,#3057,#1589,.T.);
#4899=EDGE_CURVE('',#3057,#3059,#1789,.T.);
#4904=ADVANCED_FACE('',(#4903),#4891,.T.);
#4911=EDGE_CURVE('',#2934,#2950,#1533,.T.);
#4917=ADVANCED_FACE('',(#4916),#4909,.T.);
#4923=EDGE_CURVE('',#3224,#3213,#1529,.T.);
#4925=EDGE_CURVE('',#3224,#2992,#1785,.T.);
#4931=ADVANCED_FACE('',(#4930),#4922,.T.);
#4938=EDGE_CURVE('',#2935,#2951,#1547,.T.);
#4944=ADVANCED_FACE('',(#4943),#4936,.T.);
#4950=EDGE_CURVE('',#3035,#3037,#1538,.T.);
#4952=EDGE_CURVE('',#3035,#3041,#1577,.T.);
#4954=EDGE_CURVE('',#3040,#3041,#1543,.T.);
#4961=ADVANCED_FACE('',(#4960),#4949,.T.);
#4967=EDGE_CURVE('',#3032,#3033,#1552,.T.);
#4969=EDGE_CURVE('',#3035,#3033,#1569,.T.);
#4975=ADVANCED_FACE('',(#4974),#4966,.T.);
#4983=EDGE_CURVE('',#2938,#2954,#1565,.T.);
#4986=EDGE_CURVE('',#3043,#3045,#1557,.T.);
#4988=EDGE_CURVE('',#3033,#3043,#1561,.T.);
#4992=ADVANCED_FACE('',(#4991),#4980,.T.);
#5004=ADVANCED_FACE('',(#5003),#4997,.F.);
#5011=EDGE_CURVE('',#3043,#3041,#1573,.T.);
#5017=ADVANCED_FACE('',(#5016),#5009,.T.);
#5029=ADVANCED_FACE('',(#5028),#5022,.T.);
#5036=EDGE_CURVE('',#3225,#3212,#1581,.T.);
#5038=EDGE_CURVE('',#3224,#3225,#1777,.T.);
#5043=ADVANCED_FACE('',(#5042),#5034,.T.);
#5049=EDGE_CURVE('',#3216,#3217,#1653,.T.);
#5052=EDGE_CURVE('',#3219,#3221,#1757,.T.);
#5054=EDGE_CURVE('',#3216,#3219,#1749,.T.);
#5058=ADVANCED_FACE('',(#5057),#5048,.T.);
#5066=EDGE_CURVE('',#2919,#2912,#1625,.T.);
#5068=EDGE_CURVE('',#2919,#3225,#1585,.T.);
#5072=ADVANCED_FACE('',(#5071),#5063,.F.);
#5081=EDGE_CURVE('',#2931,#3065,#1597,.T.);
#5083=EDGE_CURVE('',#2931,#2929,#1601,.T.);
#5085=EDGE_CURVE('',#2928,#2929,#1605,.T.);
#5092=EDGE_CURVE('',#2919,#2921,#1621,.T.);
#5095=EDGE_CURVE('',#3057,#2912,#1629,.T.);
#5099=ADVANCED_FACE('',(#5098),#5077,.T.);
#5107=EDGE_CURVE('',#2931,#3013,#1657,.T.);
#5112=ADVANCED_FACE('',(#5111),#5104,.T.);
#5118=EDGE_CURVE('',#2727,#3207,#1637,.T.);
#5122=EDGE_CURVE('',#2727,#3011,#1649,.T.);
#5126=ADVANCED_FACE('',(#5125),#5117,.F.);
#5133=EDGE_CURVE('',#2931,#3216,#1753,.T.);
#5140=ADVANCED_FACE('',(#5139),#5131,.F.);
#5148=EDGE_CURVE('',#2727,#2725,#1669,.T.);
#5150=EDGE_CURVE('',#2725,#3205,#1673,.T.);
#5154=ADVANCED_FACE('',(#5153),#5145,.F.);
#5161=EDGE_CURVE('',#2727,#2729,#1685,.T.);
#5163=EDGE_CURVE('',#2729,#2723,#1709,.T.);
#5165=EDGE_CURVE('',#2725,#2723,#1677,.T.);
#5169=ADVANCED_FACE('',(#5168),#5159,.T.);
#5176=EDGE_CURVE('',#2729,#2980,#1713,.T.);
#5182=ADVANCED_FACE('',(#5181),#5174,.T.);
#5189=EDGE_CURVE('',#2981,#2669,#1693,.T.);
#5193=EDGE_CURVE('',#2720,#2721,#1701,.T.);
#5195=EDGE_CURVE('',#2723,#2720,#1705,.T.);
#5201=ADVANCED_FACE('',(#5200),#5187,.F.);
#5213=ADVANCED_FACE('',(#5212),#5206,.T.);
#5219=EDGE_CURVE('',#2716,#2717,#1733,.T.);
#5221=EDGE_CURVE('',#2716,#2720,#1745,.T.);
#5227=ADVANCED_FACE('',(#5226),#5218,.T.);
#5234=EDGE_CURVE('',#2716,#3203,#1729,.T.);
#5240=ADVANCED_FACE('',(#5239),#5232,.F.);
#5248=EDGE_CURVE('',#2725,#2716,#1741,.T.);
#5253=ADVANCED_FACE('',(#5252),#5245,.F.);
#5265=ADVANCED_FACE('',(#5264),#5258,.T.);
#5272=EDGE_CURVE('',#2929,#3219,#1769,.T.);
#5278=ADVANCED_FACE('',(#5277),#5270,.F.);
#5287=EDGE_CURVE('',#2925,#2929,#1765,.T.);
#5292=ADVANCED_FACE('',(#5291),#5283,.F.);
#5304=ADVANCED_FACE('',(#5303),#5297,.T.);
#5311=EDGE_CURVE('',#2916,#2919,#1781,.T.);
#5317=ADVANCED_FACE('',(#5316),#5309,.T.);
#5330=ADVANCED_FACE('',(#5329),#5322,.F.);
#5342=ADVANCED_FACE('',(#5341),#5335,.T.);
#5350=EDGE_CURVE('',#2691,#2693,#1797,.T.);
#5355=ADVANCED_FACE('',(#5354),#5347,.T.);
#5367=ADVANCED_FACE('',(#5366),#5360,.F.);
#5373=EDGE_CURVE('',#2683,#2676,#1805,.T.);
#5375=EDGE_CURVE('',#2535,#2676,#1845,.T.);
#5381=ADVANCED_FACE('',(#5380),#5372,.F.);
#5387=EDGE_CURVE('',#3071,#2680,#1821,.T.);
#5389=EDGE_CURVE('',#2676,#2680,#1813,.T.);
#5395=ADVANCED_FACE('',(#5394),#5386,.T.);
#5406=EDGE_CURVE('',#2680,#2681,#1833,.T.);
#5410=ADVANCED_FACE('',(#5409),#5400,.F.);
#5416=EDGE_CURVE('',#2676,#2677,#1841,.T.);
#5423=ADVANCED_FACE('',(#5422),#5415,.T.);
#5435=ADVANCED_FACE('',(#5434),#5428,.F.);
#5443=EDGE_CURVE('',#2661,#2659,#1849,.T.);
#5445=EDGE_CURVE('',#2656,#2661,#1945,.T.);
#5449=ADVANCED_FACE('',(#5448),#5440,.T.);
#5458=EDGE_CURVE('',#2665,#2663,#1853,.T.);
#5462=ADVANCED_FACE('',(#5461),#5454,.T.);
#5469=EDGE_CURVE('',#2665,#3085,#1857,.T.);
#5475=ADVANCED_FACE('',(#5474),#5467,.F.);
#5482=EDGE_CURVE('',#2653,#3084,#1861,.T.);
#5488=ADVANCED_FACE('',(#5487),#5480,.F.);
#5496=EDGE_CURVE('',#2548,#3101,#1869,.T.);
#5498=EDGE_CURVE('',#2548,#2541,#1873,.T.);
#5504=ADVANCED_FACE('',(#5503),#5493,.F.);
#5510=EDGE_CURVE('',#2552,#2580,#1889,.T.);
#5512=EDGE_CURVE('',#2548,#2552,#1877,.T.);
#5518=ADVANCED_FACE('',(#5517),#5509,.T.);
#5524=EDGE_CURVE('',#2552,#2553,#1885,.T.);
#5528=EDGE_CURVE('',#2581,#2593,#1893,.T.);
#5531=EDGE_CURVE('',#2588,#2589,#1897,.T.);
#5533=EDGE_CURVE('',#2555,#2589,#1901,.T.);
#5535=EDGE_CURVE('',#2553,#2555,#1905,.T.);
#5539=ADVANCED_FACE('',(#5538),#5523,.F.);
#5545=EDGE_CURVE('',#2548,#2549,#1913,.T.);
#5549=EDGE_CURVE('',#2549,#2553,#1909,.T.);
#5553=ADVANCED_FACE('',(#5552),#5544,.T.);
#5560=EDGE_CURVE('',#2549,#2540,#1917,.T.);
#5566=ADVANCED_FACE('',(#5565),#5558,.F.);
#5572=EDGE_CURVE('',#2549,#2557,#1921,.T.);
#5574=EDGE_CURVE('',#2545,#2557,#1933,.T.);
#5580=ADVANCED_FACE('',(#5579),#5571,.F.);
#5587=EDGE_CURVE('',#2557,#2555,#1925,.T.);
#5593=ADVANCED_FACE('',(#5592),#5585,.T.);
#5599=EDGE_CURVE('',#2557,#3103,#1937,.T.);
#5603=EDGE_CURVE('',#2589,#3103,#1929,.T.);
#5607=ADVANCED_FACE('',(#5606),#5598,.T.);
#5615=EDGE_CURVE('',#3103,#3091,#1941,.T.);
#5620=ADVANCED_FACE('',(#5619),#5612,.F.);
#5635=ADVANCED_FACE('',(#5634),#5625,.F.);
#5644=EDGE_CURVE('',#2595,#2592,#1957,.T.);
#5648=ADVANCED_FACE('',(#5647),#5640,.T.);
#5654=EDGE_CURVE('',#3107,#3077,#1965,.T.);
#5656=EDGE_CURVE('',#2617,#3107,#1969,.T.);
#5665=ADVANCED_FACE('',(#5664),#5653,.F.);
#5671=EDGE_CURVE('',#3106,#3107,#1961,.T.);
#5675=EDGE_CURVE('',#3106,#3079,#1985,.T.);
#5679=ADVANCED_FACE('',(#5678),#5670,.F.);
#5686=EDGE_CURVE('',#3106,#3109,#1973,.T.);
#5692=ADVANCED_FACE('',(#5691),#5684,.T.);
#5700=EDGE_CURVE('',#3111,#3106,#1981,.T.);
#5705=ADVANCED_FACE('',(#5704),#5697,.T.);
#5717=ADVANCED_FACE('',(#5716),#5710,.F.);
#5724=EDGE_CURVE('',#2633,#2637,#1989,.T.);
#5730=ADVANCED_FACE('',(#5729),#5722,.T.);
#5738=EDGE_CURVE('',#2577,#2560,#1993,.T.);
#5740=EDGE_CURVE('',#2564,#2560,#2029,.T.);
#5742=EDGE_CURVE('',#2564,#2514,#1997,.T.);
#5748=ADVANCED_FACE('',(#5747),#5735,.F.);
#5754=EDGE_CURVE('',#2560,#2561,#2005,.T.);
#5758=EDGE_CURVE('',#2575,#2598,#2009,.T.);
#5761=EDGE_CURVE('',#2572,#2573,#2013,.T.);
#5763=EDGE_CURVE('',#3099,#2573,#2017,.T.);
#5765=EDGE_CURVE('',#2561,#3099,#2021,.T.);
#5769=ADVANCED_FACE('',(#5768),#5753,.F.);
#5776=EDGE_CURVE('',#2565,#2561,#2025,.T.);
#5778=EDGE_CURVE('',#2564,#2565,#2045,.T.);
#5783=ADVANCED_FACE('',(#5782),#5774,.T.);
#5789=EDGE_CURVE('',#2565,#3097,#2037,.T.);
#5793=EDGE_CURVE('',#3097,#3099,#2033,.T.);
#5797=ADVANCED_FACE('',(#5796),#5788,.T.);
#5803=EDGE_CURVE('',#2543,#2565,#2049,.T.);
#5806=EDGE_CURVE('',#3097,#3095,#2041,.T.);
#5811=ADVANCED_FACE('',(#5810),#5802,.F.);
#5823=ADVANCED_FACE('',(#5822),#5816,.F.);
#5830=EDGE_CURVE('',#3097,#2569,#2053,.T.);
#5832=EDGE_CURVE('',#2569,#3094,#2057,.T.);
#5837=ADVANCED_FACE('',(#5836),#5828,.F.);
#5844=EDGE_CURVE('',#2569,#2573,#2061,.T.);
#5850=ADVANCED_FACE('',(#5849),#5842,.T.);
#5856=EDGE_CURVE('',#2568,#2569,#2081,.T.);
#5863=ADVANCED_FACE('',(#5862),#5855,.T.);
#5869=EDGE_CURVE('',#2640,#2641,#2069,.T.);
#5871=EDGE_CURVE('',#2640,#2521,#2073,.T.);
#5879=ADVANCED_FACE('',(#5878),#5868,.F.);
#5887=EDGE_CURVE('',#2643,#2645,#2085,.T.);
#5892=ADVANCED_FACE('',(#5891),#5884,.T.);
#5905=ADVANCED_FACE('',(#5904),#5897,.T.);
#5917=ADVANCED_FACE('',(#5916),#5910,.F.);
#5929=ADVANCED_FACE('',(#5928),#5922,.T.);
#5935=EDGE_CURVE('',#2844,#2845,#2101,.T.);
#5937=EDGE_CURVE('',#2839,#2845,#2147,.T.);
#5942=EDGE_CURVE('',#2824,#2817,#2163,.T.);
#5945=EDGE_CURVE('',#2844,#2841,#2123,.T.);
#5949=ADVANCED_FACE('',(#5948),#5934,.F.);
#5956=EDGE_CURVE('',#2844,#2848,#2110,.T.);
#5958=EDGE_CURVE('',#2848,#2849,#2135,.T.);
#5960=EDGE_CURVE('',#2849,#2845,#2115,.T.);
#5964=ADVANCED_FACE('',(#5963),#5954,.F.);
#5970=EDGE_CURVE('',#2833,#2848,#2119,.T.);
#5975=EDGE_CURVE('',#2832,#2833,#2131,.T.);
#5979=ADVANCED_FACE('',(#5978),#5969,.F.);
#5987=EDGE_CURVE('',#2833,#2837,#2139,.T.);
#5989=EDGE_CURVE('',#2837,#2849,#2151,.T.);
#5993=ADVANCED_FACE('',(#5992),#5984,.T.);
#6001=EDGE_CURVE('',#2836,#2837,#2155,.T.);
#6006=ADVANCED_FACE('',(#6005),#5998,.T.);
#6019=ADVANCED_FACE('',(#6018),#6011,.T.);
#6031=ADVANCED_FACE('',(#6030),#6024,.F.);
#6038=EDGE_CURVE('',#2791,#2795,#2167,.T.);
#6040=EDGE_CURVE('',#2791,#2797,#2191,.T.);
#6045=ADVANCED_FACE('',(#6044),#6036,.T.);
#6054=EDGE_CURVE('',#2791,#2777,#2179,.T.);
#6058=ADVANCED_FACE('',(#6057),#6050,.F.);
#6064=EDGE_CURVE('',#2790,#2791,#2175,.T.);
#6068=EDGE_CURVE('',#2790,#2764,#2199,.T.);
#6072=ADVANCED_FACE('',(#6071),#6063,.F.);
#6078=EDGE_CURVE('',#2790,#2800,#2183,.T.);
#6080=EDGE_CURVE('',#2804,#2800,#2203,.T.);
#6087=ADVANCED_FACE('',(#6086),#6077,.T.);
#6093=EDGE_CURVE('',#2800,#2801,#2195,.T.);
#6098=EDGE_CURVE('',#2801,#2765,#2215,.T.);
#6102=ADVANCED_FACE('',(#6101),#6092,.F.);
#6109=EDGE_CURVE('',#2801,#2805,#2207,.T.);
#6115=ADVANCED_FACE('',(#6114),#6107,.T.);
#6123=EDGE_CURVE('',#2809,#2801,#2211,.T.);
#6125=EDGE_CURVE('',#2809,#2807,#2227,.T.);
#6129=ADVANCED_FACE('',(#6128),#6120,.T.);
#6138=EDGE_CURVE('',#2809,#2767,#2223,.T.);
#6142=ADVANCED_FACE('',(#6141),#6134,.F.);
#6148=EDGE_CURVE('',#2809,#2813,#2219,.T.);
#6152=EDGE_CURVE('',#2787,#2769,#2247,.T.);
#6154=EDGE_CURVE('',#2813,#2787,#2239,.T.);
#6158=ADVANCED_FACE('',(#6157),#6147,.F.);
#6167=EDGE_CURVE('',#2813,#2811,#2231,.T.);
#6171=ADVANCED_FACE('',(#6170),#6163,.T.);
#6180=EDGE_CURVE('',#2785,#2787,#2243,.T.);
#6182=EDGE_CURVE('',#2785,#2783,#2259,.T.);
#6186=ADVANCED_FACE('',(#6185),#6176,.T.);
#6195=EDGE_CURVE('',#2785,#2771,#2255,.T.);
#6199=ADVANCED_FACE('',(#6198),#6191,.F.);
#6205=EDGE_CURVE('',#2780,#2785,#2251,.T.);
#6212=ADVANCED_FACE('',(#6211),#6204,.F.);
#6224=ADVANCED_FACE('',(#6223),#6217,.T.);
#6231=EDGE_CURVE('',#2853,#3142,#2263,.T.);
#6233=EDGE_CURVE('',#3142,#3143,#2267,.T.);
#6235=EDGE_CURVE('',#3143,#2867,#2271,.T.);
#6240=ADVANCED_FACE('',(#6239),#6229,.F.);
#6247=EDGE_CURVE('',#2861,#3146,#2275,.T.);
#6249=EDGE_CURVE('',#3146,#3147,#2279,.T.);
#6251=EDGE_CURVE('',#3147,#2860,#2283,.T.);
#6255=ADVANCED_FACE('',(#6254),#6245,.F.);
#6262=EDGE_CURVE('',#2857,#3150,#2295,.T.);
#6264=EDGE_CURVE('',#3142,#3150,#2315,.T.);
#6269=ADVANCED_FACE('',(#6268),#6260,.T.);
#6277=EDGE_CURVE('',#3151,#2869,#2287,.T.);
#6279=EDGE_CURVE('',#3150,#3151,#2291,.T.);
#6284=ADVANCED_FACE('',(#6283),#6274,.T.);
#6291=EDGE_CURVE('',#3155,#2864,#2299,.T.);
#6293=EDGE_CURVE('',#3154,#3155,#2303,.T.);
#6295=EDGE_CURVE('',#2865,#3154,#2307,.T.);
#6299=ADVANCED_FACE('',(#6298),#6289,.T.);
#6307=EDGE_CURVE('',#3143,#3151,#2311,.T.);
#6312=ADVANCED_FACE('',(#6311),#6304,.T.);
#6324=ADVANCED_FACE('',(#6323),#6317,.T.);
#6332=EDGE_CURVE('',#3147,#3155,#2319,.T.);
#6337=ADVANCED_FACE('',(#6336),#6329,.T.);
#6344=EDGE_CURVE('',#3146,#3154,#2323,.T.);
#6350=ADVANCED_FACE('',(#6349),#6342,.T.);
#6362=ADVANCED_FACE('',(#6361),#6355,.T.);
#6370=EDGE_CURVE('',#2879,#3158,#2327,.T.);
#6372=EDGE_CURVE('',#3158,#3159,#2331,.T.);
#6374=EDGE_CURVE('',#3159,#2873,#2335,.T.);
#6378=ADVANCED_FACE('',(#6377),#6367,.F.);
#6385=EDGE_CURVE('',#2885,#3162,#2339,.T.);
#6387=EDGE_CURVE('',#3162,#3163,#2343,.T.);
#6389=EDGE_CURVE('',#3163,#2884,#2347,.T.);
#6393=ADVANCED_FACE('',(#6392),#6383,.F.);
#6400=EDGE_CURVE('',#2881,#3166,#2359,.T.);
#6402=EDGE_CURVE('',#3158,#3166,#2379,.T.);
#6407=ADVANCED_FACE('',(#6406),#6398,.T.);
#6414=EDGE_CURVE('',#3167,#2877,#2351,.T.);
#6416=EDGE_CURVE('',#3166,#3167,#2355,.T.);
#6422=ADVANCED_FACE('',(#6421),#6412,.T.);
#6429=EDGE_CURVE('',#3171,#2888,#2363,.T.);
#6431=EDGE_CURVE('',#3170,#3171,#2367,.T.);
#6433=EDGE_CURVE('',#2889,#3170,#2371,.T.);
#6437=ADVANCED_FACE('',(#6436),#6427,.T.);
#6445=EDGE_CURVE('',#3159,#3167,#2375,.T.);
#6450=ADVANCED_FACE('',(#6449),#6442,.T.);
#6462=ADVANCED_FACE('',(#6461),#6455,.T.);
#6470=EDGE_CURVE('',#3163,#3171,#2383,.T.);
#6475=ADVANCED_FACE('',(#6474),#6467,.T.);
#6482=EDGE_CURVE('',#3162,#3170,#2387,.T.);
#6488=ADVANCED_FACE('',(#6487),#6480,.T.);
#6500=ADVANCED_FACE('',(#6499),#6493,.T.);
#6508=EDGE_CURVE('',#3179,#3187,#2391,.T.);
#6513=ADVANCED_FACE('',(#6512),#6505,.T.);
#6520=EDGE_CURVE('',#3178,#3186,#2395,.T.);
#6526=ADVANCED_FACE('',(#6525),#6518,.T.);
#6538=ADVANCED_FACE('',(#6537),#6531,.T.);
#6545=EDGE_CURVE('',#3128,#3114,#2399,.T.);
#6547=EDGE_CURVE('',#3114,#3115,#2427,.T.);
#6549=EDGE_CURVE('',#3129,#3115,#2423,.T.);
#6553=ADVANCED_FACE('',(#6552),#6543,.T.);
#6560=EDGE_CURVE('',#3139,#3125,#2403,.T.);
#6562=EDGE_CURVE('',#3125,#3114,#2431,.T.);
#6567=ADVANCED_FACE('',(#6566),#6558,.T.);
#6574=EDGE_CURVE('',#3137,#3123,#2407,.T.);
#6576=EDGE_CURVE('',#3123,#3125,#2435,.T.);
#6581=ADVANCED_FACE('',(#6580),#6572,.T.);
#6588=EDGE_CURVE('',#3135,#3121,#2411,.T.);
#6590=EDGE_CURVE('',#3121,#3123,#2439,.T.);
#6595=ADVANCED_FACE('',(#6594),#6586,.T.);
#6602=EDGE_CURVE('',#3133,#3119,#2415,.T.);
#6604=EDGE_CURVE('',#3119,#3121,#2443,.T.);
#6609=ADVANCED_FACE('',(#6608),#6600,.T.);
#6616=EDGE_CURVE('',#3131,#3117,#2419,.T.);
#6618=EDGE_CURVE('',#3117,#3119,#2447,.T.);
#6623=ADVANCED_FACE('',(#6622),#6614,.T.);
#6631=EDGE_CURVE('',#3115,#3117,#2451,.T.);
#6636=ADVANCED_FACE('',(#6635),#6628,.T.);
#6651=ADVANCED_FACE('',(#6650),#6641,.T.);
#6657=EDGE_CURVE('',#2604,#2605,#2459,.T.);
#6659=EDGE_CURVE('',#2604,#2608,#2475,.T.);
#6665=ADVANCED_FACE('',(#6664),#6656,.T.);
#6674=EDGE_CURVE('',#2604,#2509,#2471,.T.);
#6678=ADVANCED_FACE('',(#6677),#6670,.F.);
#6684=EDGE_CURVE('',#2613,#2604,#2467,.T.);
#6691=ADVANCED_FACE('',(#6690),#6683,.F.);
#6703=ADVANCED_FACE('',(#6702),#6696,.T.);
#6704=CLOSED_SHELL('',(#3243,#3282,#3306,#3325,#3345,#3371,#3399,#3429,#3444,
#3462,#3476,#3490,#3505,#3526,#3542,#3572,#3586,#3600,#3619,#3634,#3648,#3663,
#3679,#3703,#3725,#3744,#3763,#3825,#3842,#3858,#3899,#3913,#3927,#3940,#3953,
#3969,#4045,#4062,#4079,#4093,#4171,#4185,#4199,#4212,#4227,#4239,#4252,#4265,
#4277,#4293,#4307,#4334,#4349,#4364,#4379,#4399,#4418,#4454,#4469,#4490,#4515,
#4529,#4546,#4560,#4574,#4587,#4601,#4621,#4634,#4647,#4659,#4672,#4694,#4715,
#4738,#4752,#4768,#4780,#4792,#4814,#4828,#4842,#4856,#4870,#4886,#4904,#4917,
#4931,#4944,#4961,#4975,#4992,#5004,#5017,#5029,#5043,#5058,#5072,#5099,#5112,
#5126,#5140,#5154,#5169,#5182,#5201,#5213,#5227,#5240,#5253,#5265,#5278,#5292,
#5304,#5317,#5330,#5342,#5355,#5367,#5381,#5395,#5410,#5423,#5435,#5449,#5462,
#5475,#5488,#5504,#5518,#5539,#5553,#5566,#5580,#5593,#5607,#5620,#5635,#5648,
#5665,#5679,#5692,#5705,#5717,#5730,#5748,#5769,#5783,#5797,#5811,#5823,#5837,
#5850,#5863,#5879,#5892,#5905,#5917,#5929,#5949,#5964,#5979,#5993,#6006,#6019,
#6031,#6045,#6058,#6072,#6087,#6102,#6115,#6129,#6142,#6158,#6171,#6186,#6199,
#6212,#6224,#6240,#6255,#6269,#6284,#6299,#6312,#6324,#6337,#6350,#6362,#6378,
#6393,#6407,#6422,#6437,#6450,#6462,#6475,#6488,#6500,#6513,#6526,#6538,#6553,
#6567,#6581,#6595,#6609,#6623,#6636,#6651,#6665,#6678,#6691,#6703));
#6705=MANIFOLD_SOLID_BREP('',#6704);
#6807=EDGE_CURVE('',#6800,#6801,#6709,.T.);
#6809=EDGE_CURVE('',#6800,#6780,#6713,.T.);
#6811=EDGE_CURVE('',#6780,#6781,#6717,.T.);
#6813=EDGE_CURVE('',#6781,#6801,#6721,.T.);
#6817=ADVANCED_FACE('',(#6816),#6806,.F.);
#6824=EDGE_CURVE('',#6801,#6788,#6725,.T.);
#6826=EDGE_CURVE('',#6788,#6789,#6729,.T.);
#6828=EDGE_CURVE('',#6789,#6800,#6733,.T.);
#6832=ADVANCED_FACE('',(#6831),#6822,.F.);
#6838=EDGE_CURVE('',#6792,#6785,#6745,.T.);
#6840=EDGE_CURVE('',#6792,#6793,#6761,.T.);
#6842=EDGE_CURVE('',#6788,#6793,#6757,.T.);
#6846=EDGE_CURVE('',#6781,#6785,#6737,.T.);
#6850=ADVANCED_FACE('',(#6849),#6837,.T.);
#6856=EDGE_CURVE('',#6784,#6797,#6741,.T.);
#6858=EDGE_CURVE('',#6797,#6792,#6765,.T.);
#6861=EDGE_CURVE('',#6784,#6785,#6749,.T.);
#6865=ADVANCED_FACE('',(#6864),#6855,.T.);
#6873=EDGE_CURVE('',#6789,#6795,#6753,.T.);
#6875=EDGE_CURVE('',#6795,#6797,#6769,.T.);
#6878=EDGE_CURVE('',#6780,#6784,#6777,.T.);
#6882=ADVANCED_FACE('',(#6881),#6870,.T.);
#6890=EDGE_CURVE('',#6793,#6795,#6773,.T.);
#6895=ADVANCED_FACE('',(#6894),#6887,.T.);
#6907=ADVANCED_FACE('',(#6906),#6900,.T.);
#6919=ADVANCED_FACE('',(#6918),#6912,.T.);
#6920=CLOSED_SHELL('',(#6817,#6832,#6850,#6865,#6882,#6895,#6907,#6919));
#6921=MANIFOLD_SOLID_BREP('',#6920);
#7023=EDGE_CURVE('',#7016,#7017,#6925,.T.);
#7025=EDGE_CURVE('',#7016,#6996,#6929,.T.);
#7027=EDGE_CURVE('',#6996,#6997,#6933,.T.);
#7029=EDGE_CURVE('',#6997,#7017,#6937,.T.);
#7033=ADVANCED_FACE('',(#7032),#7022,.F.);
#7040=EDGE_CURVE('',#7017,#7004,#6941,.T.);
#7042=EDGE_CURVE('',#7004,#7005,#6945,.T.);
#7044=EDGE_CURVE('',#7005,#7016,#6949,.T.);
#7048=ADVANCED_FACE('',(#7047),#7038,.F.);
#7054=EDGE_CURVE('',#7001,#7009,#6953,.T.);
#7056=EDGE_CURVE('',#7009,#7011,#6989,.T.);
#7058=EDGE_CURVE('',#7004,#7011,#6973,.T.);
#7062=EDGE_CURVE('',#6997,#7001,#6957,.T.);
#7066=ADVANCED_FACE('',(#7065),#7053,.T.);
#7072=EDGE_CURVE('',#7008,#7000,#6969,.T.);
#7074=EDGE_CURVE('',#7008,#7009,#6977,.T.);
#7077=EDGE_CURVE('',#7000,#7001,#6961,.T.);
#7081=ADVANCED_FACE('',(#7080),#7071,.T.);
#7089=EDGE_CURVE('',#7005,#7013,#6965,.T.);
#7091=EDGE_CURVE('',#7013,#7008,#6981,.T.);
#7094=EDGE_CURVE('',#6996,#7000,#6993,.T.);
#7098=ADVANCED_FACE('',(#7097),#7086,.T.);
#7106=EDGE_CURVE('',#7011,#7013,#6985,.T.);
#7111=ADVANCED_FACE('',(#7110),#7103,.T.);
#7123=ADVANCED_FACE('',(#7122),#7116,.T.);
#7135=ADVANCED_FACE('',(#7134),#7128,.T.);
#7136=CLOSED_SHELL('',(#7033,#7048,#7066,#7081,#7098,#7111,#7123,#7135));
#7137=MANIFOLD_SOLID_BREP('',#7136);
#7138=(LENGTH_UNIT()NAMED_UNIT(*)SI_UNIT(.MILLI.,.METRE.));
#7139=(NAMED_UNIT(*)PLANE_ANGLE_UNIT()SI_UNIT($,.RADIAN.));
#7142=(NAMED_UNIT(*)SI_UNIT($,.STERADIAN.)SOLID_ANGLE_UNIT());
#7144=(GEOMETRIC_REPRESENTATION_CONTEXT(3)GLOBAL_UNCERTAINTY_ASSIGNED_CONTEXT((
#7143))GLOBAL_UNIT_ASSIGNED_CONTEXT((#7138,#7141,#7142))REPRESENTATION_CONTEXT(
'ID1','3'));
#7145=ADVANCED_BREP_SHAPE_REPRESENTATION('',(#6705,#6921,#7137),#7144);
#7152=PRODUCT_DEFINITION('part definition','',#7151,#7148);
#7153=PRODUCT_DEFINITION_SHAPE('','SHAPE FOR C-2360547-3.',#7152);
#7154=SHAPE_ASPECT('','solid data associated with C-2360547-3',#7153,.F.);
#7155=PROPERTY_DEFINITION('',
'shape for solid data with which properties are associated',#7154);
#7156=SHAPE_REPRESENTATION('',(#6705,#6921,#7137),#7144);
#7157=SHAPE_DEFINITION_REPRESENTATION(#7155,#7156);
#7158=(LENGTH_UNIT()NAMED_UNIT(*)SI_UNIT(.MILLI.,.METRE.));
#7162=PROPERTY_DEFINITION('geometric validation property','area of C-2360547-3',
#7154);
#7163=REPRESENTATION('surface area',(#7161),#7144);
#7164=PROPERTY_DEFINITION_REPRESENTATION(#7162,#7163);
#7165=(LENGTH_UNIT()NAMED_UNIT(*)SI_UNIT(.MILLI.,.METRE.));
#7169=PROPERTY_DEFINITION('geometric validation property',
'volume of C-2360547-3',#7154);
#7170=REPRESENTATION('volume',(#7168),#7144);
#7171=PROPERTY_DEFINITION_REPRESENTATION(#7169,#7170);
#7173=PROPERTY_DEFINITION('geometric validation property',
'centroid of C-2360547-3',#7154);
#7174=REPRESENTATION('centroid',(#7172),#7144);
#7175=PROPERTY_DEFINITION_REPRESENTATION(#7173,#7174);
#7176=(LENGTH_UNIT()NAMED_UNIT(*)SI_UNIT(.MILLI.,.METRE.));
#7180=PROPERTY_DEFINITION('geometric validation property','area of C-2360547-3',
#7153);
#7181=REPRESENTATION('surface area',(#7179),#7144);
#7182=PROPERTY_DEFINITION_REPRESENTATION(#7180,#7181);
#7183=(LENGTH_UNIT()NAMED_UNIT(*)SI_UNIT(.MILLI.,.METRE.));
#7187=PROPERTY_DEFINITION('geometric validation property',
'volume of C-2360547-3',#7153);
#7188=REPRESENTATION('volume',(#7186),#7144);
#7189=PROPERTY_DEFINITION_REPRESENTATION(#7187,#7188);
#7191=PROPERTY_DEFINITION('geometric validation property',
'centroid of C-2360547-3',#7153);
#7192=REPRESENTATION('centroid',(#7190),#7144);
#7193=PROPERTY_DEFINITION_REPRESENTATION(#7191,#7192);
#7194=SHAPE_DEFINITION_REPRESENTATION(#7153,#7145);
ENDSEC;
END-ISO-10303-21;
