ISO-10303-21;
HEADER;
FILE_DESCRIPTION((''),'2;1');
FILE_NAME('C-2427710-2','2024-08-21T23:29:57',('workeradm'),(
'TE Connectivity Ltd.'),'CREO PARAMETRIC BY PTC INC, 2021072',
'CREO PARAMETRIC BY PTC INC, 2021072','');
FILE_SCHEMA(('AUTOMOTIVE_DESIGN { 1 0 10303 214 1 1 1 1 }'));
ENDSEC;
DATA;
#134=DIRECTION('',(6.298665292891E-12,-6.872924232537E-6,-9.999999999764E-1));
#135=VECTOR('',#134,3.000000000071E-1);
#136=CARTESIAN_POINT('',(-3.E0,-4.35E0,-2.E-1));
#137=LINE('',#136,#135);
#138=DIRECTION('',(0.E0,1.745240643728E-2,-9.998476951564E-1));
#139=VECTOR('',#138,3.000456984132E-1);
#140=CARTESIAN_POINT('',(-3.E0,-1.571166784282E0,-2.E-1));
#141=LINE('',#140,#139);
#142=DIRECTION('',(0.E0,1.E0,0.E0));
#143=VECTOR('',#142,2.778833215718E0);
#144=CARTESIAN_POINT('',(-3.E0,-4.35E0,-2.E-1));
#145=LINE('',#144,#143);
#146=DIRECTION('',(-6.297184995658E-12,-2.290974743241E-6,9.999999999974E-1));
#147=VECTOR('',#146,3.000000000008E-1);
#148=CARTESIAN_POINT('',(-2.999999999998E0,4.350000687292E0,-5.E-1));
#149=LINE('',#148,#147);
#150=DIRECTION('',(0.E0,1.E0,0.E0));
#151=VECTOR('',#150,5.480898701436E-1);
#152=CARTESIAN_POINT('',(-3.E0,3.801910129856E0,-2.E-1));
#153=LINE('',#152,#151);
#154=DIRECTION('',(0.E0,-1.745240643728E-2,-9.998476951564E-1));
#155=VECTOR('',#154,3.000456984131E-1);
#156=CARTESIAN_POINT('',(-3.E0,3.801910129856E0,-2.E-1));
#157=LINE('',#156,#155);
#158=DIRECTION('',(-3.414175046768E-12,-1.E0,0.E0));
#159=VECTOR('',#158,5.533270769145E-1);
#160=CARTESIAN_POINT('',(-2.999999999998E0,4.350000687292E0,-5.E-1));
#161=LINE('',#160,#159);
#162=DIRECTION('',(-4.581949489405E-6,0.E0,-9.999999999895E-1));
#163=VECTOR('',#162,3.000000000031E-1);
#164=CARTESIAN_POINT('',(-2.5E0,-4.85E0,-2.E-1));
#165=LINE('',#164,#163);
#166=DIRECTION('',(-1.E0,0.E0,0.E0));
#167=VECTOR('',#166,5.E0);
#168=CARTESIAN_POINT('',(2.5E0,-4.85E0,-2.E-1));
#169=LINE('',#168,#167);
#170=DIRECTION('',(-4.581949492366E-6,0.E0,9.999999999895E-1));
#171=VECTOR('',#170,3.000000000032E-1);
#172=CARTESIAN_POINT('',(2.500001374585E0,-4.85E0,-5.E-1));
#173=LINE('',#172,#171);
#174=CARTESIAN_POINT('',(-2.5E0,-4.65E0,-2.E-1));
#175=DIRECTION('',(-1.E0,0.E0,0.E0));
#176=DIRECTION('',(0.E0,-1.E0,0.E0));
#177=AXIS2_PLACEMENT_3D('',#174,#175,#176);
#179=CARTESIAN_POINT('',(2.5E0,-4.65E0,-2.E-1));
#180=DIRECTION('',(-1.E0,0.E0,0.E0));
#181=DIRECTION('',(0.E0,-1.E0,0.E0));
#182=AXIS2_PLACEMENT_3D('',#179,#180,#181);
#184=CARTESIAN_POINT('',(-2.5E0,-4.35E0,-2.E-1));
#185=DIRECTION('',(0.E0,0.E0,1.E0));
#186=DIRECTION('',(-1.E0,0.E0,0.E0));
#187=AXIS2_PLACEMENT_3D('',#184,#185,#186);
#189=CARTESIAN_POINT('',(-2.8E0,-4.35E0,-2.E-1));
#190=DIRECTION('',(0.E0,1.E0,0.E0));
#191=DIRECTION('',(-1.E0,0.E0,0.E0));
#192=AXIS2_PLACEMENT_3D('',#189,#190,#191);
#194=DIRECTION('',(7.085940289197E-1,1.231470417973E-2,-7.055089299508E-1));
#195=VECTOR('',#194,2.126104514631E-1);
#196=CARTESIAN_POINT('',(-2.557401843154E0,-1.574657797267E0,0.E0));
#197=LINE('',#196,#195);
#198=CARTESIAN_POINT('',(-3.E0,-1.571166784282E0,-2.E-1));
#199=CARTESIAN_POINT('',(-3.E0,-1.571748575471E0,-1.666692050807E-1));
#200=CARTESIAN_POINT('',(-2.985532776261E0,-1.572659669981E0,
-1.144726355533E-1));
#201=CARTESIAN_POINT('',(-2.944369853362E0,-1.573686651489E0,
-5.563690438110E-2));
#202=CARTESIAN_POINT('',(-2.885534874963E0,-1.574405213101E0,
-1.447053717046E-2));
#203=CARTESIAN_POINT('',(-2.833335872134E0,-1.574657797267E0,0.E0));
#204=CARTESIAN_POINT('',(-2.8E0,-1.574657797267E0,0.E0));
#206=DIRECTION('',(3.315614445550E-3,1.745231050726E-2,-9.998421993289E-1));
#207=VECTOR('',#206,1.900963197169E0);
#208=CARTESIAN_POINT('',(-3.E0,-1.565930264803E0,-5.E-1));
#209=LINE('',#208,#207);
#210=DIRECTION('',(-4.362644744257E-3,-1.745224035355E-2,9.998381802259E-1));
#211=VECTOR('',#210,2.050333212349E0);
#212=CARTESIAN_POINT('',(-2.397802471348E0,-1.536256654425E0,-2.2E0));
#213=LINE('',#212,#211);
#214=DIRECTION('',(4.363300093541E-3,4.363655950138E-3,-9.999809598783E-1));
#215=VECTOR('',#214,6.130118146520E0);
#216=CARTESIAN_POINT('',(-2.406747346761E0,-3.631113077272E0,
-1.499985721085E-1));
#217=LINE('',#216,#215);
#218=DIRECTION('',(0.E0,-1.E0,-1.658400461865E-13));
#219=VECTOR('',#218,2.059073514820E0);
#220=CARTESIAN_POINT('',(-2.406747346761E0,-1.572039562452E0,
-1.499985721081E-1));
#221=LINE('',#220,#219);
#222=DIRECTION('',(0.E0,-1.E0,0.E0));
#223=VECTOR('',#222,5.303256654425E0);
#224=CARTESIAN_POINT('',(-2.397802471348E0,3.767E0,-2.2E0));
#225=LINE('',#224,#223);
#226=DIRECTION('',(4.362644744257E-3,-1.745224035355E-2,-9.998381802259E-1));
#227=VECTOR('',#226,2.200356061121E0);
#228=CARTESIAN_POINT('',(-2.407401843154E0,3.805401142842E0,0.E0));
#229=LINE('',#228,#227);
#230=DIRECTION('',(-4.363299321611E-3,4.363646698602E-3,9.999809599220E-1));
#231=VECTOR('',#230,6.280119572669E0);
#232=CARTESIAN_POINT('',(-2.379999801683E0,4.118363350754E0,-6.279999998702E0));
#233=LINE('',#232,#231);
#234=CARTESIAN_POINT('',(-2.406747346761E0,-3.631113077272E0,
-1.499985721085E-1));
#235=CARTESIAN_POINT('',(-2.406747534115E0,-3.647440550564E0,
-1.499556418187E-1));
#236=CARTESIAN_POINT('',(-2.403546950664E0,-3.680133188772E0,
-1.498780984104E-1));
#237=CARTESIAN_POINT('',(-2.389160808855E0,-3.727532885812E0,
-1.497912959270E-1));
#238=CARTESIAN_POINT('',(-2.365877180452E0,-3.771027010899E0,
-1.497381565032E-1));
#239=CARTESIAN_POINT('',(-2.334460869444E0,-3.809243669267E0,
-1.497202763617E-1));
#240=CARTESIAN_POINT('',(-2.296280900820E0,-3.840490190079E0,
-1.497385064640E-1));
#241=CARTESIAN_POINT('',(-2.252633800896E0,-3.863766162051E0,
-1.497920682353E-1));
#242=CARTESIAN_POINT('',(-2.205072866175E0,-3.878024676946E0,
-1.498796302299E-1));
#243=CARTESIAN_POINT('',(-2.172894033494E0,-3.881110882804E0,
-1.499561234230E-1));
#244=CARTESIAN_POINT('',(-2.156749726566E0,-3.881110697582E0,
-1.499985721082E-1));
#246=CARTESIAN_POINT('',(-2.130000793273E0,-3.854360970992E0,
-6.280545412795E0));
#247=CARTESIAN_POINT('',(-2.151817280228E0,-3.854360830691E0,
-6.280561701798E0));
#248=CARTESIAN_POINT('',(-2.195448245453E0,-3.848616386863E0,
-6.280571457608E0));
#249=CARTESIAN_POINT('',(-2.256436125931E0,-3.823354431442E0,
-6.280526296939E0));
#250=CARTESIAN_POINT('',(-2.308807280956E0,-3.783168697142E0,
-6.280410523319E0));
#251=CARTESIAN_POINT('',(-2.348993239223E0,-3.730797883062E0,
-6.280277942364E0));
#252=CARTESIAN_POINT('',(-2.374255470595E0,-3.669810386287E0,
-6.279967817897E0));
#253=CARTESIAN_POINT('',(-2.379999663228E0,-3.626179701096E0,
-6.280078904448E0));
#254=CARTESIAN_POINT('',(-2.379999801679E0,-3.604363350747E0,
-6.280000000433E0));
#256=DIRECTION('',(0.E0,1.E0,0.E0));
#257=VECTOR('',#256,1.750029852136E0);
#258=CARTESIAN_POINT('',(1.17E0,-8.601492606791E-2,-7.28E0));
#259=LINE('',#258,#257);
#260=DIRECTION('',(-1.E0,0.E0,0.E0));
#261=VECTOR('',#260,1.940029852136E0);
#262=CARTESIAN_POINT('',(9.700149260679E-1,1.864E0,-7.28E0));
#263=LINE('',#262,#261);
#264=DIRECTION('',(0.E0,-1.E0,0.E0));
#265=VECTOR('',#264,1.750029852136E0);
#266=CARTESIAN_POINT('',(-1.17E0,1.664014926068E0,-7.28E0));
#267=LINE('',#266,#265);
#268=DIRECTION('',(1.E0,0.E0,0.E0));
#269=VECTOR('',#268,1.940029852136E0);
#270=CARTESIAN_POINT('',(-9.700149260679E-1,-2.86E-1,-7.28E0));
#271=LINE('',#270,#269);
#272=DIRECTION('',(0.E0,-1.E0,0.E0));
#273=VECTOR('',#272,3.E-1);
#274=CARTESIAN_POINT('',(-9.5E-1,2.934E0,-7.28E0));
#275=LINE('',#274,#273);
#276=DIRECTION('',(-1.E0,0.E0,0.E0));
#277=VECTOR('',#276,4.E-1);
#278=CARTESIAN_POINT('',(-5.5E-1,2.634E0,-7.28E0));
#279=LINE('',#278,#277);
#280=DIRECTION('',(0.E0,-1.E0,0.E0));
#281=VECTOR('',#280,3.E-1);
#282=CARTESIAN_POINT('',(-5.5E-1,2.934E0,-7.28E0));
#283=LINE('',#282,#281);
#284=DIRECTION('',(-1.E0,0.E0,0.E0));
#285=VECTOR('',#284,4.E-1);
#286=CARTESIAN_POINT('',(-5.5E-1,2.934E0,-7.28E0));
#287=LINE('',#286,#285);
#288=DIRECTION('',(0.E0,-1.E0,0.E0));
#289=VECTOR('',#288,3.E-1);
#290=CARTESIAN_POINT('',(-9.5E-1,-1.056E0,-7.28E0));
#291=LINE('',#290,#289);
#292=DIRECTION('',(-1.E0,0.E0,0.E0));
#293=VECTOR('',#292,4.E-1);
#294=CARTESIAN_POINT('',(-5.5E-1,-1.356E0,-7.28E0));
#295=LINE('',#294,#293);
#296=DIRECTION('',(0.E0,-1.E0,0.E0));
#297=VECTOR('',#296,3.E-1);
#298=CARTESIAN_POINT('',(-5.5E-1,-1.056E0,-7.28E0));
#299=LINE('',#298,#297);
#300=DIRECTION('',(-1.E0,0.E0,0.E0));
#301=VECTOR('',#300,4.E-1);
#302=CARTESIAN_POINT('',(-5.5E-1,-1.056E0,-7.28E0));
#303=LINE('',#302,#301);
#304=DIRECTION('',(0.E0,-1.E0,0.E0));
#305=VECTOR('',#304,3.E-1);
#306=CARTESIAN_POINT('',(5.5E-1,2.934E0,-7.28E0));
#307=LINE('',#306,#305);
#308=DIRECTION('',(-1.E0,0.E0,0.E0));
#309=VECTOR('',#308,4.E-1);
#310=CARTESIAN_POINT('',(9.5E-1,2.634E0,-7.28E0));
#311=LINE('',#310,#309);
#312=DIRECTION('',(0.E0,-1.E0,0.E0));
#313=VECTOR('',#312,3.E-1);
#314=CARTESIAN_POINT('',(9.5E-1,2.934E0,-7.28E0));
#315=LINE('',#314,#313);
#316=DIRECTION('',(-1.E0,0.E0,0.E0));
#317=VECTOR('',#316,4.E-1);
#318=CARTESIAN_POINT('',(9.5E-1,2.934E0,-7.28E0));
#319=LINE('',#318,#317);
#320=DIRECTION('',(0.E0,-1.E0,0.E0));
#321=VECTOR('',#320,3.E-1);
#322=CARTESIAN_POINT('',(5.5E-1,-1.056E0,-7.28E0));
#323=LINE('',#322,#321);
#324=DIRECTION('',(-1.E0,0.E0,0.E0));
#325=VECTOR('',#324,4.E-1);
#326=CARTESIAN_POINT('',(9.5E-1,-1.356E0,-7.28E0));
#327=LINE('',#326,#325);
#328=DIRECTION('',(0.E0,-1.E0,0.E0));
#329=VECTOR('',#328,3.E-1);
#330=CARTESIAN_POINT('',(9.5E-1,-1.056E0,-7.28E0));
#331=LINE('',#330,#329);
#332=DIRECTION('',(-1.E0,0.E0,0.E0));
#333=VECTOR('',#332,4.E-1);
#334=CARTESIAN_POINT('',(9.5E-1,-1.056E0,-7.28E0));
#335=LINE('',#334,#333);
#336=DIRECTION('',(0.E0,-1.E0,0.E0));
#337=VECTOR('',#336,8.E-1);
#338=CARTESIAN_POINT('',(1.87E0,4.19E-1,-7.28E0));
#339=LINE('',#338,#337);
#340=DIRECTION('',(-1.E0,0.E0,0.E0));
#341=VECTOR('',#340,5.1E-1);
#342=CARTESIAN_POINT('',(2.38E0,-3.81E-1,-7.28E0));
#343=LINE('',#342,#341);
#344=DIRECTION('',(0.E0,-1.E0,0.E0));
#345=VECTOR('',#344,3.218997620158E0);
#346=CARTESIAN_POINT('',(2.38E0,-3.81E-1,-7.28E0));
#347=LINE('',#346,#345);
#348=CARTESIAN_POINT('',(2.13E0,-3.85E0,-7.28E0));
#349=CARTESIAN_POINT('',(2.171666864987E0,-3.85E0,-7.28E0));
#350=CARTESIAN_POINT('',(2.236914192934E0,-3.831913597973E0,-7.28E0));
#351=CARTESIAN_POINT('',(2.310458357123E0,-3.780457167201E0,-7.28E0));
#352=CARTESIAN_POINT('',(2.361914028992E0,-3.706912244110E0,-7.28E0));
#353=CARTESIAN_POINT('',(2.38E0,-3.641664485144E0,-7.28E0));
#354=CARTESIAN_POINT('',(2.38E0,-3.599997620158E0,-7.28E0));
#356=DIRECTION('',(1.E0,0.E0,0.E0));
#357=VECTOR('',#356,3.150023798198E-1);
#358=CARTESIAN_POINT('',(1.814997620180E0,-3.85E0,-7.28E0));
#359=LINE('',#358,#357);
#360=CARTESIAN_POINT('',(1.565E0,-3.600002379820E0,-7.28E0));
#361=CARTESIAN_POINT('',(1.565E0,-3.641668649850E0,-7.28E0));
#362=CARTESIAN_POINT('',(1.583085697550E0,-3.706915492360E0,-7.28E0));
#363=CARTESIAN_POINT('',(1.634540927137E0,-3.780459072863E0,-7.28E0));
#364=CARTESIAN_POINT('',(1.708084507640E0,-3.831914302450E0,-7.28E0));
#365=CARTESIAN_POINT('',(1.773331350150E0,-3.85E0,-7.28E0));
#366=CARTESIAN_POINT('',(1.814997620180E0,-3.85E0,-7.28E0));
#368=DIRECTION('',(0.E0,-1.E0,0.E0));
#369=VECTOR('',#368,1.344002379820E0);
#370=CARTESIAN_POINT('',(1.565E0,-2.256E0,-7.28E0));
#371=LINE('',#370,#369);
#372=DIRECTION('',(1.E0,0.E0,0.E0));
#373=VECTOR('',#372,5.E-1);
#374=CARTESIAN_POINT('',(1.065E0,-2.256E0,-7.28E0));
#375=LINE('',#374,#373);
#376=DIRECTION('',(0.E0,1.E0,0.E0));
#377=VECTOR('',#376,9.300303038033E-1);
#378=CARTESIAN_POINT('',(1.065E0,-3.186030303803E0,-7.28E0));
#379=LINE('',#378,#377);
#380=DIRECTION('',(-1.E0,0.E0,0.E0));
#381=VECTOR('',#380,2.13E0);
#382=CARTESIAN_POINT('',(1.065E0,-3.186030303803E0,-7.28E0));
#383=LINE('',#382,#381);
#384=DIRECTION('',(0.E0,-1.E0,0.E0));
#385=VECTOR('',#384,9.300303038033E-1);
#386=CARTESIAN_POINT('',(-1.065E0,-2.256E0,-7.28E0));
#387=LINE('',#386,#385);
#388=DIRECTION('',(-1.E0,0.E0,0.E0));
#389=VECTOR('',#388,5.E-1);
#390=CARTESIAN_POINT('',(-1.065E0,-2.256E0,-7.28E0));
#391=LINE('',#390,#389);
#392=DIRECTION('',(0.E0,1.E0,0.E0));
#393=VECTOR('',#392,1.344002379820E0);
#394=CARTESIAN_POINT('',(-1.565E0,-3.600002379820E0,-7.28E0));
#395=LINE('',#394,#393);
#396=CARTESIAN_POINT('',(-1.814997620180E0,-3.85E0,-7.28E0));
#397=CARTESIAN_POINT('',(-1.773331350150E0,-3.85E0,-7.28E0));
#398=CARTESIAN_POINT('',(-1.708084507640E0,-3.831914302450E0,-7.28E0));
#399=CARTESIAN_POINT('',(-1.634540927137E0,-3.780459072863E0,-7.28E0));
#400=CARTESIAN_POINT('',(-1.583085697550E0,-3.706915492360E0,-7.28E0));
#401=CARTESIAN_POINT('',(-1.565E0,-3.641668649850E0,-7.28E0));
#402=CARTESIAN_POINT('',(-1.565E0,-3.600002379820E0,-7.28E0));
#404=DIRECTION('',(1.E0,0.E0,0.E0));
#405=VECTOR('',#404,3.150023798198E-1);
#406=CARTESIAN_POINT('',(-2.13E0,-3.85E0,-7.28E0));
#407=LINE('',#406,#405);
#408=CARTESIAN_POINT('',(-2.38E0,-3.599997620158E0,-7.28E0));
#409=CARTESIAN_POINT('',(-2.38E0,-3.641664485144E0,-7.28E0));
#410=CARTESIAN_POINT('',(-2.361914028992E0,-3.706912244110E0,-7.28E0));
#411=CARTESIAN_POINT('',(-2.310458357123E0,-3.780457167201E0,-7.28E0));
#412=CARTESIAN_POINT('',(-2.236914192934E0,-3.831913597973E0,-7.28E0));
#413=CARTESIAN_POINT('',(-2.171666864987E0,-3.85E0,-7.28E0));
#414=CARTESIAN_POINT('',(-2.13E0,-3.85E0,-7.28E0));
#416=DIRECTION('',(0.E0,-1.E0,0.E0));
#417=VECTOR('',#416,7.713995240315E0);
#418=CARTESIAN_POINT('',(-2.38E0,4.113997620158E0,-7.28E0));
#419=LINE('',#418,#417);
#420=CARTESIAN_POINT('',(-2.13E0,4.364E0,-7.28E0));
#421=CARTESIAN_POINT('',(-2.171666864987E0,4.364E0,-7.28E0));
#422=CARTESIAN_POINT('',(-2.236914192934E0,4.345913597973E0,-7.28E0));
#423=CARTESIAN_POINT('',(-2.310458357123E0,4.294457167201E0,-7.28E0));
#424=CARTESIAN_POINT('',(-2.361914028992E0,4.220912244110E0,-7.28E0));
#425=CARTESIAN_POINT('',(-2.38E0,4.155664485144E0,-7.28E0));
#426=CARTESIAN_POINT('',(-2.38E0,4.113997620158E0,-7.28E0));
#428=DIRECTION('',(-1.E0,0.E0,0.E0));
#429=VECTOR('',#428,1.63E0);
#430=CARTESIAN_POINT('',(-5.E-1,4.364E0,-7.28E0));
#431=LINE('',#430,#429);
#432=DIRECTION('',(0.E0,1.E0,0.E0));
#433=VECTOR('',#432,5.3E-1);
#434=CARTESIAN_POINT('',(-5.E-1,3.834E0,-7.28E0));
#435=LINE('',#434,#433);
#436=DIRECTION('',(-1.E0,0.E0,0.E0));
#437=VECTOR('',#436,1.E0);
#438=CARTESIAN_POINT('',(5.E-1,3.834E0,-7.28E0));
#439=LINE('',#438,#437);
#440=DIRECTION('',(0.E0,-1.E0,0.E0));
#441=VECTOR('',#440,5.3E-1);
#442=CARTESIAN_POINT('',(5.E-1,4.364E0,-7.28E0));
#443=LINE('',#442,#441);
#444=DIRECTION('',(-1.E0,0.E0,0.E0));
#445=VECTOR('',#444,1.63E0);
#446=CARTESIAN_POINT('',(2.13E0,4.364E0,-7.28E0));
#447=LINE('',#446,#445);
#448=CARTESIAN_POINT('',(2.38E0,4.113997620158E0,-7.28E0));
#449=CARTESIAN_POINT('',(2.38E0,4.155664485144E0,-7.28E0));
#450=CARTESIAN_POINT('',(2.361914028992E0,4.220912244110E0,-7.28E0));
#451=CARTESIAN_POINT('',(2.310458357123E0,4.294457167201E0,-7.28E0));
#452=CARTESIAN_POINT('',(2.236914192934E0,4.345913597973E0,-7.28E0));
#453=CARTESIAN_POINT('',(2.171666864987E0,4.364E0,-7.28E0));
#454=CARTESIAN_POINT('',(2.13E0,4.364E0,-7.28E0));
#456=DIRECTION('',(0.E0,-1.E0,0.E0));
#457=VECTOR('',#456,3.694997620158E0);
#458=CARTESIAN_POINT('',(2.38E0,4.113997620158E0,-7.28E0));
#459=LINE('',#458,#457);
#460=DIRECTION('',(-1.E0,0.E0,0.E0));
#461=VECTOR('',#460,5.1E-1);
#462=CARTESIAN_POINT('',(2.38E0,4.19E-1,-7.28E0));
#463=LINE('',#462,#461);
#464=DIRECTION('',(-1.221608921240E-2,-1.221608921240E-2,9.998507560275E-1));
#465=VECTOR('',#464,2.700403018874E0);
#466=CARTESIAN_POINT('',(1.17E0,1.664014926068E0,-7.28E0));
#467=LINE('',#466,#465);
#468=DIRECTION('',(-1.221608921240E-2,1.221608921240E-2,9.998507560275E-1));
#469=VECTOR('',#468,2.700403018874E0);
#470=CARTESIAN_POINT('',(1.17E0,-8.601492606791E-2,-7.28E0));
#471=LINE('',#470,#469);
#472=CARTESIAN_POINT('',(9.700149260679E-1,1.864E0,-7.28E0));
#473=CARTESIAN_POINT('',(1.003345771723E0,1.864E0,-7.28E0));
#474=CARTESIAN_POINT('',(1.055541109283E0,1.849533646249E0,-7.28E0));
#475=CARTESIAN_POINT('',(1.114372618853E0,1.808372618853E0,-7.28E0));
#476=CARTESIAN_POINT('',(1.155533646249E0,1.749541109283E0,-7.28E0));
#477=CARTESIAN_POINT('',(1.17E0,1.697345771723E0,-7.28E0));
#478=CARTESIAN_POINT('',(1.17E0,1.664014926068E0,-7.28E0));
#480=CARTESIAN_POINT('',(-9.370265618799E-1,1.831011635812E0,-4.58E0));
#481=CARTESIAN_POINT('',(-9.703574075353E-1,1.831011635812E0,-4.58E0));
#482=CARTESIAN_POINT('',(-1.022552745095E0,1.816545282061E0,-4.58E0));
#483=CARTESIAN_POINT('',(-1.081384254665E0,1.775384254665E0,-4.58E0));
#484=CARTESIAN_POINT('',(-1.122545282061E0,1.716552745095E0,-4.58E0));
#485=CARTESIAN_POINT('',(-1.137011635812E0,1.664357407535E0,-4.58E0));
#486=CARTESIAN_POINT('',(-1.137011635812E0,1.631026561880E0,-4.58E0));
#488=DIRECTION('',(-1.E0,0.E0,0.E0));
#489=VECTOR('',#488,1.874053123760E0);
#490=CARTESIAN_POINT('',(9.370265618799E-1,1.831011635812E0,-4.58E0));
#491=LINE('',#490,#489);
#492=CARTESIAN_POINT('',(1.137011635812E0,1.631026561880E0,-4.58E0));
#493=CARTESIAN_POINT('',(1.137011635812E0,1.664357407535E0,-4.58E0));
#494=CARTESIAN_POINT('',(1.122545282061E0,1.716552745095E0,-4.58E0));
#495=CARTESIAN_POINT('',(1.081384254665E0,1.775384254665E0,-4.58E0));
#496=CARTESIAN_POINT('',(1.022552745095E0,1.816545282061E0,-4.58E0));
#497=CARTESIAN_POINT('',(9.703574075353E-1,1.831011635812E0,-4.58E0));
#498=CARTESIAN_POINT('',(9.370265618799E-1,1.831011635812E0,-4.58E0));
#500=DIRECTION('',(0.E0,1.E0,0.E0));
#501=VECTOR('',#500,1.684053123760E0);
#502=CARTESIAN_POINT('',(1.137011635812E0,-5.302656187992E-2,-4.58E0));
#503=LINE('',#502,#501);
#504=CARTESIAN_POINT('',(9.370265618799E-1,-2.530116358120E-1,-4.58E0));
#505=CARTESIAN_POINT('',(9.703574075353E-1,-2.530116358120E-1,-4.58E0));
#506=CARTESIAN_POINT('',(1.022552745095E0,-2.385452820614E-1,-4.58E0));
#507=CARTESIAN_POINT('',(1.081384254665E0,-1.973842546651E-1,-4.58E0));
#508=CARTESIAN_POINT('',(1.122545282061E0,-1.385527450953E-1,-4.58E0));
#509=CARTESIAN_POINT('',(1.137011635812E0,-8.635740753527E-2,-4.58E0));
#510=CARTESIAN_POINT('',(1.137011635812E0,-5.302656187992E-2,-4.58E0));
#512=CARTESIAN_POINT('',(-1.137011635812E0,-5.302656187992E-2,-4.58E0));
#513=CARTESIAN_POINT('',(-1.137011635812E0,-8.635740753527E-2,-4.58E0));
#514=CARTESIAN_POINT('',(-1.122545282061E0,-1.385527450953E-1,-4.58E0));
#515=CARTESIAN_POINT('',(-1.081384254665E0,-1.973842546651E-1,-4.58E0));
#516=CARTESIAN_POINT('',(-1.022552745095E0,-2.385452820614E-1,-4.58E0));
#517=CARTESIAN_POINT('',(-9.703574075353E-1,-2.530116358120E-1,-4.58E0));
#518=CARTESIAN_POINT('',(-9.370265618799E-1,-2.530116358120E-1,-4.58E0));
#520=CARTESIAN_POINT('',(-1.17E0,1.664014926068E0,-7.28E0));
#521=CARTESIAN_POINT('',(-1.17E0,1.697345771723E0,-7.28E0));
#522=CARTESIAN_POINT('',(-1.155533646249E0,1.749541109283E0,-7.28E0));
#523=CARTESIAN_POINT('',(-1.114372618853E0,1.808372618853E0,-7.28E0));
#524=CARTESIAN_POINT('',(-1.055541109283E0,1.849533646249E0,-7.28E0));
#525=CARTESIAN_POINT('',(-1.003345771723E0,1.864E0,-7.28E0));
#526=CARTESIAN_POINT('',(-9.700149260679E-1,1.864E0,-7.28E0));
#528=DIRECTION('',(1.221608921240E-2,-1.221608921240E-2,9.998507560275E-1));
#529=VECTOR('',#528,2.700403018874E0);
#530=CARTESIAN_POINT('',(-1.17E0,1.664014926068E0,-7.28E0));
#531=LINE('',#530,#529);
#532=DIRECTION('',(0.E0,-1.E0,0.E0));
#533=VECTOR('',#532,1.684053123760E0);
#534=CARTESIAN_POINT('',(-1.137011635812E0,1.631026561880E0,-4.58E0));
#535=LINE('',#534,#533);
#536=DIRECTION('',(1.221608921240E-2,1.221608921240E-2,9.998507560275E-1));
#537=VECTOR('',#536,2.700403018874E0);
#538=CARTESIAN_POINT('',(-1.17E0,-8.601492606791E-2,-7.28E0));
#539=LINE('',#538,#537);
#540=CARTESIAN_POINT('',(-9.700149260679E-1,-2.86E-1,-7.28E0));
#541=CARTESIAN_POINT('',(-1.003345771723E0,-2.86E-1,-7.28E0));
#542=CARTESIAN_POINT('',(-1.055541109283E0,-2.715336462494E-1,-7.28E0));
#543=CARTESIAN_POINT('',(-1.114372618853E0,-2.303726188531E-1,-7.28E0));
#544=CARTESIAN_POINT('',(-1.155533646249E0,-1.715411092833E-1,-7.28E0));
#545=CARTESIAN_POINT('',(-1.17E0,-1.193457717233E-1,-7.28E0));
#546=CARTESIAN_POINT('',(-1.17E0,-8.601492606791E-2,-7.28E0));
#548=DIRECTION('',(-1.221608921240E-2,1.221608921240E-2,9.998507560275E-1));
#549=VECTOR('',#548,2.700403018874E0);
#550=CARTESIAN_POINT('',(9.700149260679E-1,-2.86E-1,-7.28E0));
#551=LINE('',#550,#549);
#552=DIRECTION('',(1.221608921240E-2,1.221608921240E-2,9.998507560275E-1));
#553=VECTOR('',#552,2.700403018874E0);
#554=CARTESIAN_POINT('',(-9.700149260679E-1,-2.86E-1,-7.28E0));
#555=LINE('',#554,#553);
#556=DIRECTION('',(1.E0,0.E0,0.E0));
#557=VECTOR('',#556,1.874053123760E0);
#558=CARTESIAN_POINT('',(-9.370265618799E-1,-2.530116358120E-1,-4.58E0));
#559=LINE('',#558,#557);
#560=CARTESIAN_POINT('',(1.17E0,-8.601492606791E-2,-7.28E0));
#561=CARTESIAN_POINT('',(1.17E0,-1.193457717233E-1,-7.28E0));
#562=CARTESIAN_POINT('',(1.155533646249E0,-1.715411092833E-1,-7.28E0));
#563=CARTESIAN_POINT('',(1.114372618853E0,-2.303726188531E-1,-7.28E0));
#564=CARTESIAN_POINT('',(1.055541109283E0,-2.715336462494E-1,-7.28E0));
#565=CARTESIAN_POINT('',(1.003345771723E0,-2.86E-1,-7.28E0));
#566=CARTESIAN_POINT('',(9.700149260679E-1,-2.86E-1,-7.28E0));
#568=DIRECTION('',(1.221608921240E-2,-1.221608921240E-2,9.998507560275E-1));
#569=VECTOR('',#568,2.700403018874E0);
#570=CARTESIAN_POINT('',(-9.700149260679E-1,1.864E0,-7.28E0));
#571=LINE('',#570,#569);
#572=DIRECTION('',(-1.221608921240E-2,-1.221608921240E-2,9.998507560275E-1));
#573=VECTOR('',#572,2.700403018874E0);
#574=CARTESIAN_POINT('',(9.700149260679E-1,1.864E0,-7.28E0));
#575=LINE('',#574,#573);
#576=DIRECTION('',(0.E0,0.E0,-1.E0));
#577=VECTOR('',#576,2.5E0);
#578=CARTESIAN_POINT('',(-9.5E-1,2.934E0,-4.78E0));
#579=LINE('',#578,#577);
#580=DIRECTION('',(0.E0,1.E0,0.E0));
#581=VECTOR('',#580,3.E-1);
#582=CARTESIAN_POINT('',(-9.5E-1,2.634E0,-4.78E0));
#583=LINE('',#582,#581);
#584=DIRECTION('',(0.E0,0.E0,1.E0));
#585=VECTOR('',#584,2.5E0);
#586=CARTESIAN_POINT('',(-9.5E-1,2.634E0,-7.28E0));
#587=LINE('',#586,#585);
#588=DIRECTION('',(0.E0,0.E0,-1.E0));
#589=VECTOR('',#588,2.5E0);
#590=CARTESIAN_POINT('',(-9.5E-1,-1.056E0,-4.78E0));
#591=LINE('',#590,#589);
#592=DIRECTION('',(0.E0,1.E0,0.E0));
#593=VECTOR('',#592,3.E-1);
#594=CARTESIAN_POINT('',(-9.5E-1,-1.356E0,-4.78E0));
#595=LINE('',#594,#593);
#596=DIRECTION('',(0.E0,0.E0,1.E0));
#597=VECTOR('',#596,2.5E0);
#598=CARTESIAN_POINT('',(-9.5E-1,-1.356E0,-7.28E0));
#599=LINE('',#598,#597);
#600=DIRECTION('',(-3.895689351390E-14,1.E0,0.E0));
#601=VECTOR('',#600,5.699751312199E-3);
#602=CARTESIAN_POINT('',(-9.5E-1,-4.82E0,-9.4E0));
#603=LINE('',#602,#601);
#604=DIRECTION('',(0.E0,0.E0,1.E0));
#605=VECTOR('',#604,2.8E-2);
#606=CARTESIAN_POINT('',(-9.5E-1,-4.82E0,-9.428E0));
#607=LINE('',#606,#605);
#608=DIRECTION('',(0.E0,9.998476951564E-1,1.745240643728E-2));
#609=VECTOR('',#608,9.881505001074E-1);
#610=CARTESIAN_POINT('',(-9.5E-1,-5.808E0,-9.445245604149E0));
#611=LINE('',#610,#609);
#612=DIRECTION('',(0.E0,-1.745240643728E-2,9.998476951564E-1));
#613=VECTOR('',#612,2.6E-1);
#614=CARTESIAN_POINT('',(-9.5E-1,-5.803462374326E0,-9.705206004890E0));
#615=LINE('',#614,#613);
#616=DIRECTION('',(0.E0,-9.998476951564E-1,-1.745240643728E-2));
#617=VECTOR('',#616,4.305900705152E0);
#618=CARTESIAN_POINT('',(-9.5E-1,-1.498217478708E0,-9.630057675705E0));
#619=LINE('',#618,#617);
#620=CARTESIAN_POINT('',(-9.5E-1,-1.505722013476E0,-9.200123166788E0));
#621=DIRECTION('',(-1.E0,0.E0,0.E0));
#622=DIRECTION('',(0.E0,8.854000313388E-1,-4.648298446800E-1));
#623=AXIS2_PLACEMENT_3D('',#620,#621,#622);
#625=CARTESIAN_POINT('',(-9.5E-1,3.083795931092E0,-9.229599962461E0));
#626=DIRECTION('',(-1.E0,0.E0,0.E0));
#627=DIRECTION('',(0.E0,-1.745240643732E-2,-9.998476951564E-1));
#628=AXIS2_PLACEMENT_3D('',#625,#626,#627);
#630=DIRECTION('',(0.E0,-9.998476951564E-1,1.745240643728E-2));
#631=VECTOR('',#630,2.525555632358E0);
#632=CARTESIAN_POINT('',(-9.5E-1,5.601462374326E0,-9.703611494755E0));
#633=LINE('',#632,#631);
#634=DIRECTION('',(0.E0,-1.745240643728E-2,-9.998476951564E-1));
#635=VECTOR('',#634,2.6E-1);
#636=CARTESIAN_POINT('',(-9.5E-1,5.606E0,-9.443651094014E0));
#637=LINE('',#636,#635);
#638=DIRECTION('',(0.E0,9.998476951564E-1,-1.745240643728E-2));
#639=VECTOR('',#638,8.020174063618E-1);
#640=CARTESIAN_POINT('',(-9.5E-1,4.804104744774E0,-9.429653960268E0));
#641=LINE('',#640,#639);
#642=DIRECTION('',(1.E0,0.E0,0.E0));
#643=VECTOR('',#642,4.E-1);
#644=CARTESIAN_POINT('',(-9.5E-1,2.934E0,-4.78E0));
#645=LINE('',#644,#643);
#646=DIRECTION('',(0.E0,0.E0,1.E0));
#647=VECTOR('',#646,2.5E0);
#648=CARTESIAN_POINT('',(-5.5E-1,2.634E0,-7.28E0));
#649=LINE('',#648,#647);
#650=DIRECTION('',(0.E0,1.E0,0.E0));
#651=VECTOR('',#650,3.E-1);
#652=CARTESIAN_POINT('',(-5.5E-1,2.634E0,-4.78E0));
#653=LINE('',#652,#651);
#654=DIRECTION('',(0.E0,0.E0,-1.E0));
#655=VECTOR('',#654,2.5E0);
#656=CARTESIAN_POINT('',(-5.5E-1,2.934E0,-4.78E0));
#657=LINE('',#656,#655);
#658=DIRECTION('',(0.E0,0.E0,1.E0));
#659=VECTOR('',#658,2.5E0);
#660=CARTESIAN_POINT('',(-5.5E-1,-1.356E0,-7.28E0));
#661=LINE('',#660,#659);
#662=DIRECTION('',(0.E0,1.E0,0.E0));
#663=VECTOR('',#662,3.E-1);
#664=CARTESIAN_POINT('',(-5.5E-1,-1.356E0,-4.78E0));
#665=LINE('',#664,#663);
#666=DIRECTION('',(0.E0,0.E0,-1.E0));
#667=VECTOR('',#666,2.5E0);
#668=CARTESIAN_POINT('',(-5.5E-1,-1.056E0,-4.78E0));
#669=LINE('',#668,#667);
#670=CARTESIAN_POINT('',(-5.5E-1,-1.505722013476E0,-9.200123166788E0));
#671=DIRECTION('',(-1.E0,0.E0,0.E0));
#672=DIRECTION('',(0.E0,8.854000313388E-1,-4.648298446800E-1));
#673=AXIS2_PLACEMENT_3D('',#670,#671,#672);
#675=DIRECTION('',(0.E0,-9.998476951564E-1,-1.745240643728E-2));
#676=VECTOR('',#675,4.305900705152E0);
#677=CARTESIAN_POINT('',(-5.5E-1,-1.498217478708E0,-9.630057675705E0));
#678=LINE('',#677,#676);
#679=DIRECTION('',(0.E0,-1.745240643728E-2,9.998476951564E-1));
#680=VECTOR('',#679,2.6E-1);
#681=CARTESIAN_POINT('',(-5.5E-1,-5.803462374326E0,-9.705206004890E0));
#682=LINE('',#681,#680);
#683=DIRECTION('',(0.E0,9.998476951564E-1,1.745240643728E-2));
#684=VECTOR('',#683,9.881505001074E-1);
#685=CARTESIAN_POINT('',(-5.5E-1,-5.808E0,-9.445245604149E0));
#686=LINE('',#685,#684);
#687=DIRECTION('',(0.E0,0.E0,1.E0));
#688=VECTOR('',#687,2.8E-2);
#689=CARTESIAN_POINT('',(-5.5E-1,-4.82E0,-9.428E0));
#690=LINE('',#689,#688);
#691=DIRECTION('',(-1.947844675695E-14,1.E0,0.E0));
#692=VECTOR('',#691,5.699751312199E-3);
#693=CARTESIAN_POINT('',(-5.5E-1,-4.82E0,-9.4E0));
#694=LINE('',#693,#692);
#695=DIRECTION('',(0.E0,9.998476951564E-1,-1.745240643728E-2));
#696=VECTOR('',#695,8.020174063618E-1);
#697=CARTESIAN_POINT('',(-5.5E-1,4.804104744774E0,-9.429653960268E0));
#698=LINE('',#697,#696);
#699=DIRECTION('',(0.E0,-1.745240643728E-2,-9.998476951564E-1));
#700=VECTOR('',#699,2.6E-1);
#701=CARTESIAN_POINT('',(-5.5E-1,5.606E0,-9.443651094014E0));
#702=LINE('',#701,#700);
#703=DIRECTION('',(0.E0,-9.998476951564E-1,1.745240643728E-2));
#704=VECTOR('',#703,2.525555632358E0);
#705=CARTESIAN_POINT('',(-5.5E-1,5.601462374326E0,-9.703611494755E0));
#706=LINE('',#705,#704);
#707=CARTESIAN_POINT('',(-5.5E-1,3.083795931092E0,-9.229599962461E0));
#708=DIRECTION('',(-1.E0,0.E0,0.E0));
#709=DIRECTION('',(0.E0,-1.745240643732E-2,-9.998476951564E-1));
#710=AXIS2_PLACEMENT_3D('',#707,#708,#709);
#712=DIRECTION('',(1.E0,0.E0,0.E0));
#713=VECTOR('',#712,4.E-1);
#714=CARTESIAN_POINT('',(-9.5E-1,2.634E0,-4.78E0));
#715=LINE('',#714,#713);
#716=DIRECTION('',(1.E0,0.E0,0.E0));
#717=VECTOR('',#716,4.E-1);
#718=CARTESIAN_POINT('',(-9.5E-1,-1.356E0,-4.78E0));
#719=LINE('',#718,#717);
#720=DIRECTION('',(1.E0,0.E0,0.E0));
#721=VECTOR('',#720,4.E-1);
#722=CARTESIAN_POINT('',(-9.5E-1,-1.056E0,-4.78E0));
#723=LINE('',#722,#721);
#724=DIRECTION('',(0.E0,0.E0,1.E0));
#725=VECTOR('',#724,1.5E-1);
#726=CARTESIAN_POINT('',(-9.5E-1,-3.85E0,-9.55E0));
#727=LINE('',#726,#725);
#728=CARTESIAN_POINT('',(-2.770485274491E0,-3.85E0,-9.4E0));
#729=DIRECTION('',(0.E0,1.E0,0.E0));
#730=DIRECTION('',(0.E0,0.E0,-1.E0));
#731=AXIS2_PLACEMENT_3D('',#728,#729,#730);
#733=DIRECTION('',(0.E0,0.E0,1.E0));
#734=VECTOR('',#733,5.E-2);
#735=CARTESIAN_POINT('',(-1.E0,-3.85E0,-9.6E0));
#736=LINE('',#735,#734);
#737=DIRECTION('',(1.E0,0.E0,0.E0));
#738=VECTOR('',#737,5.E-2);
#739=CARTESIAN_POINT('',(-1.E0,-3.85E0,-9.55E0));
#740=LINE('',#739,#738);
#741=DIRECTION('',(0.E0,0.E0,1.E0));
#742=VECTOR('',#741,1.5E-1);
#743=CARTESIAN_POINT('',(5.5E-1,-3.85E0,-9.55E0));
#744=LINE('',#743,#742);
#745=DIRECTION('',(0.E0,0.E0,1.E0));
#746=VECTOR('',#745,1.5E-1);
#747=CARTESIAN_POINT('',(-5.5E-1,-3.85E0,-9.55E0));
#748=LINE('',#747,#746);
#749=DIRECTION('',(1.E0,0.E0,0.E0));
#750=VECTOR('',#749,1.1E0);
#751=CARTESIAN_POINT('',(-5.5E-1,-3.85E0,-9.55E0));
#752=LINE('',#751,#750);
#753=DIRECTION('',(0.E0,0.E0,1.E0));
#754=VECTOR('',#753,1.5E-1);
#755=CARTESIAN_POINT('',(9.5E-1,-3.85E0,-9.55E0));
#756=LINE('',#755,#754);
#757=DIRECTION('',(1.E0,0.E0,0.E0));
#758=VECTOR('',#757,5.E-2);
#759=CARTESIAN_POINT('',(9.5E-1,-3.85E0,-9.55E0));
#760=LINE('',#759,#758);
#761=DIRECTION('',(0.E0,0.E0,1.E0));
#762=VECTOR('',#761,5.E-2);
#763=CARTESIAN_POINT('',(1.E0,-3.85E0,-9.6E0));
#764=LINE('',#763,#762);
#765=CARTESIAN_POINT('',(2.970510140138E0,-3.85E0,-9.400331611950E0));
#766=CARTESIAN_POINT('',(2.970458722109E0,-3.85E0,-9.415837008280E0));
#767=CARTESIAN_POINT('',(2.966967848269E0,-3.85E0,-9.445322338559E0));
#768=CARTESIAN_POINT('',(2.951985874073E0,-3.85E0,-9.487965694559E0));
#769=CARTESIAN_POINT('',(2.927926643804E0,-3.85E0,-9.526034815077E0));
#770=CARTESIAN_POINT('',(2.895997530433E0,-3.85E0,-9.557859281108E0));
#771=CARTESIAN_POINT('',(2.857848524930E0,-3.85E0,-9.581788213570E0));
#772=CARTESIAN_POINT('',(2.815155907023E0,-3.85E0,-9.596643328049E0));
#773=CARTESIAN_POINT('',(2.785658875009E0,-3.85E0,-9.6E0));
#774=CARTESIAN_POINT('',(2.770485274491E0,-3.85E0,-9.6E0));
#776=DIRECTION('',(0.E0,1.E0,0.E0));
#777=VECTOR('',#776,2.725E0);
#778=CARTESIAN_POINT('',(5.5E-1,-3.85E0,-9.4E0));
#779=LINE('',#778,#777);
#780=DIRECTION('',(-1.E0,0.E0,0.E0));
#781=VECTOR('',#780,4.E-1);
#782=CARTESIAN_POINT('',(9.5E-1,-1.125E0,-9.4E0));
#783=LINE('',#782,#781);
#784=DIRECTION('',(0.E0,1.E0,0.E0));
#785=VECTOR('',#784,2.725E0);
#786=CARTESIAN_POINT('',(9.5E-1,-3.85E0,-9.4E0));
#787=LINE('',#786,#785);
#788=DIRECTION('',(1.E0,0.E0,0.E0));
#789=VECTOR('',#788,1.821148502038E0);
#790=CARTESIAN_POINT('',(9.5E-1,-3.85E0,-9.4E0));
#791=LINE('',#790,#789);
#792=DIRECTION('',(0.E0,1.E0,0.E0));
#793=VECTOR('',#792,7.7E0);
#794=CARTESIAN_POINT('',(2.771148502038E0,-3.85E0,-9.4E0));
#795=LINE('',#794,#793);
#796=DIRECTION('',(0.E0,1.E0,0.E0));
#797=VECTOR('',#796,1.161E0);
#798=CARTESIAN_POINT('',(9.5E-1,2.689E0,-9.4E0));
#799=LINE('',#798,#797);
#800=DIRECTION('',(-1.E0,0.E0,0.E0));
#801=VECTOR('',#800,4.E-1);
#802=CARTESIAN_POINT('',(9.5E-1,2.689E0,-9.4E0));
#803=LINE('',#802,#801);
#804=DIRECTION('',(0.E0,1.E0,0.E0));
#805=VECTOR('',#804,1.161E0);
#806=CARTESIAN_POINT('',(5.5E-1,2.689E0,-9.4E0));
#807=LINE('',#806,#805);
#808=DIRECTION('',(0.E0,1.E0,0.E0));
#809=VECTOR('',#808,1.161E0);
#810=CARTESIAN_POINT('',(-5.5E-1,2.689E0,-9.4E0));
#811=LINE('',#810,#809);
#812=DIRECTION('',(-1.E0,0.E0,0.E0));
#813=VECTOR('',#812,4.E-1);
#814=CARTESIAN_POINT('',(-5.5E-1,2.689E0,-9.4E0));
#815=LINE('',#814,#813);
#816=DIRECTION('',(0.E0,1.E0,0.E0));
#817=VECTOR('',#816,1.161E0);
#818=CARTESIAN_POINT('',(-9.5E-1,2.689E0,-9.4E0));
#819=LINE('',#818,#817);
#820=DIRECTION('',(0.E0,-1.E0,0.E0));
#821=VECTOR('',#820,7.7E0);
#822=CARTESIAN_POINT('',(-2.771148502038E0,3.85E0,-9.4E0));
#823=LINE('',#822,#821);
#824=DIRECTION('',(1.E0,0.E0,0.E0));
#825=VECTOR('',#824,1.821148502038E0);
#826=CARTESIAN_POINT('',(-2.771148502038E0,-3.85E0,-9.4E0));
#827=LINE('',#826,#825);
#828=DIRECTION('',(0.E0,1.E0,0.E0));
#829=VECTOR('',#828,2.725E0);
#830=CARTESIAN_POINT('',(-9.5E-1,-3.85E0,-9.4E0));
#831=LINE('',#830,#829);
#832=DIRECTION('',(-1.E0,0.E0,0.E0));
#833=VECTOR('',#832,4.E-1);
#834=CARTESIAN_POINT('',(-5.5E-1,-1.125E0,-9.4E0));
#835=LINE('',#834,#833);
#836=DIRECTION('',(0.E0,1.E0,0.E0));
#837=VECTOR('',#836,2.725E0);
#838=CARTESIAN_POINT('',(-5.5E-1,-3.85E0,-9.4E0));
#839=LINE('',#838,#837);
#840=DIRECTION('',(1.E0,0.E0,0.E0));
#841=VECTOR('',#840,1.1E0);
#842=CARTESIAN_POINT('',(-5.5E-1,-3.85E0,-9.4E0));
#843=LINE('',#842,#841);
#844=DIRECTION('',(0.E0,0.E0,-1.E0));
#845=VECTOR('',#844,2.5E0);
#846=CARTESIAN_POINT('',(5.5E-1,2.934E0,-4.78E0));
#847=LINE('',#846,#845);
#848=DIRECTION('',(0.E0,1.E0,0.E0));
#849=VECTOR('',#848,3.E-1);
#850=CARTESIAN_POINT('',(5.5E-1,2.634E0,-4.78E0));
#851=LINE('',#850,#849);
#852=DIRECTION('',(0.E0,0.E0,1.E0));
#853=VECTOR('',#852,2.5E0);
#854=CARTESIAN_POINT('',(5.5E-1,2.634E0,-7.28E0));
#855=LINE('',#854,#853);
#856=DIRECTION('',(0.E0,0.E0,-1.E0));
#857=VECTOR('',#856,2.5E0);
#858=CARTESIAN_POINT('',(5.5E-1,-1.056E0,-4.78E0));
#859=LINE('',#858,#857);
#860=DIRECTION('',(0.E0,1.E0,0.E0));
#861=VECTOR('',#860,3.E-1);
#862=CARTESIAN_POINT('',(5.5E-1,-1.356E0,-4.78E0));
#863=LINE('',#862,#861);
#864=DIRECTION('',(0.E0,0.E0,1.E0));
#865=VECTOR('',#864,2.5E0);
#866=CARTESIAN_POINT('',(5.5E-1,-1.356E0,-7.28E0));
#867=LINE('',#866,#865);
#868=DIRECTION('',(-5.843534027085E-14,1.E0,0.E0));
#869=VECTOR('',#868,5.699751312199E-3);
#870=CARTESIAN_POINT('',(5.5E-1,-4.82E0,-9.4E0));
#871=LINE('',#870,#869);
#872=DIRECTION('',(0.E0,0.E0,1.E0));
#873=VECTOR('',#872,2.8E-2);
#874=CARTESIAN_POINT('',(5.5E-1,-4.82E0,-9.428E0));
#875=LINE('',#874,#873);
#876=DIRECTION('',(0.E0,9.998476951564E-1,1.745240643728E-2));
#877=VECTOR('',#876,9.881505001074E-1);
#878=CARTESIAN_POINT('',(5.5E-1,-5.808E0,-9.445245604149E0));
#879=LINE('',#878,#877);
#880=DIRECTION('',(0.E0,-1.745240643728E-2,9.998476951564E-1));
#881=VECTOR('',#880,2.6E-1);
#882=CARTESIAN_POINT('',(5.5E-1,-5.803462374326E0,-9.705206004890E0));
#883=LINE('',#882,#881);
#884=DIRECTION('',(0.E0,-9.998476951564E-1,-1.745240643728E-2));
#885=VECTOR('',#884,4.305900705152E0);
#886=CARTESIAN_POINT('',(5.5E-1,-1.498217478708E0,-9.630057675705E0));
#887=LINE('',#886,#885);
#888=CARTESIAN_POINT('',(5.5E-1,-1.505722013476E0,-9.200123166788E0));
#889=DIRECTION('',(-1.E0,0.E0,0.E0));
#890=DIRECTION('',(0.E0,8.854000313388E-1,-4.648298446800E-1));
#891=AXIS2_PLACEMENT_3D('',#888,#889,#890);
#893=CARTESIAN_POINT('',(5.5E-1,3.083795931092E0,-9.229599962461E0));
#894=DIRECTION('',(-1.E0,0.E0,0.E0));
#895=DIRECTION('',(0.E0,-1.745240643732E-2,-9.998476951564E-1));
#896=AXIS2_PLACEMENT_3D('',#893,#894,#895);
#898=DIRECTION('',(0.E0,-9.998476951564E-1,1.745240643728E-2));
#899=VECTOR('',#898,2.525555632358E0);
#900=CARTESIAN_POINT('',(5.5E-1,5.601462374326E0,-9.703611494755E0));
#901=LINE('',#900,#899);
#902=DIRECTION('',(0.E0,-1.745240643728E-2,-9.998476951564E-1));
#903=VECTOR('',#902,2.6E-1);
#904=CARTESIAN_POINT('',(5.5E-1,5.606E0,-9.443651094014E0));
#905=LINE('',#904,#903);
#906=DIRECTION('',(0.E0,9.998476951564E-1,-1.745240643728E-2));
#907=VECTOR('',#906,8.020174063618E-1);
#908=CARTESIAN_POINT('',(5.5E-1,4.804104744774E0,-9.429653960268E0));
#909=LINE('',#908,#907);
#910=DIRECTION('',(1.E0,0.E0,0.E0));
#911=VECTOR('',#910,4.E-1);
#912=CARTESIAN_POINT('',(5.5E-1,2.934E0,-4.78E0));
#913=LINE('',#912,#911);
#914=DIRECTION('',(0.E0,0.E0,1.E0));
#915=VECTOR('',#914,2.5E0);
#916=CARTESIAN_POINT('',(9.5E-1,2.634E0,-7.28E0));
#917=LINE('',#916,#915);
#918=DIRECTION('',(0.E0,1.E0,0.E0));
#919=VECTOR('',#918,3.E-1);
#920=CARTESIAN_POINT('',(9.5E-1,2.634E0,-4.78E0));
#921=LINE('',#920,#919);
#922=DIRECTION('',(0.E0,0.E0,-1.E0));
#923=VECTOR('',#922,2.5E0);
#924=CARTESIAN_POINT('',(9.5E-1,2.934E0,-4.78E0));
#925=LINE('',#924,#923);
#926=DIRECTION('',(0.E0,0.E0,1.E0));
#927=VECTOR('',#926,2.5E0);
#928=CARTESIAN_POINT('',(9.5E-1,-1.356E0,-7.28E0));
#929=LINE('',#928,#927);
#930=DIRECTION('',(0.E0,1.E0,0.E0));
#931=VECTOR('',#930,3.E-1);
#932=CARTESIAN_POINT('',(9.5E-1,-1.356E0,-4.78E0));
#933=LINE('',#932,#931);
#934=DIRECTION('',(0.E0,0.E0,-1.E0));
#935=VECTOR('',#934,2.5E0);
#936=CARTESIAN_POINT('',(9.5E-1,-1.056E0,-4.78E0));
#937=LINE('',#936,#935);
#938=CARTESIAN_POINT('',(9.5E-1,-1.505722013476E0,-9.200123166788E0));
#939=DIRECTION('',(-1.E0,0.E0,0.E0));
#940=DIRECTION('',(0.E0,8.854000313388E-1,-4.648298446800E-1));
#941=AXIS2_PLACEMENT_3D('',#938,#939,#940);
#943=DIRECTION('',(0.E0,-9.998476951564E-1,-1.745240643728E-2));
#944=VECTOR('',#943,4.305900705152E0);
#945=CARTESIAN_POINT('',(9.5E-1,-1.498217478708E0,-9.630057675705E0));
#946=LINE('',#945,#944);
#947=DIRECTION('',(0.E0,-1.745240643728E-2,9.998476951564E-1));
#948=VECTOR('',#947,2.6E-1);
#949=CARTESIAN_POINT('',(9.5E-1,-5.803462374326E0,-9.705206004890E0));
#950=LINE('',#949,#948);
#951=DIRECTION('',(0.E0,9.998476951564E-1,1.745240643728E-2));
#952=VECTOR('',#951,9.881505001074E-1);
#953=CARTESIAN_POINT('',(9.5E-1,-5.808E0,-9.445245604149E0));
#954=LINE('',#953,#952);
#955=DIRECTION('',(0.E0,0.E0,1.E0));
#956=VECTOR('',#955,2.8E-2);
#957=CARTESIAN_POINT('',(9.5E-1,-4.82E0,-9.428E0));
#958=LINE('',#957,#956);
#959=DIRECTION('',(0.E0,1.E0,0.E0));
#960=VECTOR('',#959,5.699751312199E-3);
#961=CARTESIAN_POINT('',(9.5E-1,-4.82E0,-9.4E0));
#962=LINE('',#961,#960);
#963=DIRECTION('',(0.E0,9.998476951564E-1,-1.745240643728E-2));
#964=VECTOR('',#963,8.020174063618E-1);
#965=CARTESIAN_POINT('',(9.5E-1,4.804104744774E0,-9.429653960268E0));
#966=LINE('',#965,#964);
#967=DIRECTION('',(0.E0,-1.745240643728E-2,-9.998476951564E-1));
#968=VECTOR('',#967,2.6E-1);
#969=CARTESIAN_POINT('',(9.5E-1,5.606E0,-9.443651094014E0));
#970=LINE('',#969,#968);
#971=DIRECTION('',(0.E0,-9.998476951564E-1,1.745240643728E-2));
#972=VECTOR('',#971,2.525555632358E0);
#973=CARTESIAN_POINT('',(9.5E-1,5.601462374326E0,-9.703611494755E0));
#974=LINE('',#973,#972);
#975=CARTESIAN_POINT('',(9.5E-1,3.083795931092E0,-9.229599962461E0));
#976=DIRECTION('',(-1.E0,0.E0,0.E0));
#977=DIRECTION('',(0.E0,-1.745240643732E-2,-9.998476951564E-1));
#978=AXIS2_PLACEMENT_3D('',#975,#976,#977);
#980=DIRECTION('',(1.E0,0.E0,0.E0));
#981=VECTOR('',#980,4.E-1);
#982=CARTESIAN_POINT('',(5.5E-1,2.634E0,-4.78E0));
#983=LINE('',#982,#981);
#984=DIRECTION('',(1.E0,0.E0,0.E0));
#985=VECTOR('',#984,4.E-1);
#986=CARTESIAN_POINT('',(5.5E-1,-1.356E0,-4.78E0));
#987=LINE('',#986,#985);
#988=DIRECTION('',(1.E0,0.E0,0.E0));
#989=VECTOR('',#988,4.E-1);
#990=CARTESIAN_POINT('',(5.5E-1,-1.056E0,-4.78E0));
#991=LINE('',#990,#989);
#992=DIRECTION('',(1.E0,0.E0,0.E0));
#993=VECTOR('',#992,4.E-1);
#994=CARTESIAN_POINT('',(5.5E-1,-1.498217478708E0,-9.630057675705E0));
#995=LINE('',#994,#993);
#996=DIRECTION('',(1.E0,0.E0,0.E0));
#997=VECTOR('',#996,4.E-1);
#998=CARTESIAN_POINT('',(5.5E-1,-5.803462374326E0,-9.705206004890E0));
#999=LINE('',#998,#997);
#1000=DIRECTION('',(1.E0,0.E0,0.E0));
#1001=VECTOR('',#1000,4.E-1);
#1002=CARTESIAN_POINT('',(5.5E-1,-5.808E0,-9.445245604149E0));
#1003=LINE('',#1002,#1001);
#1004=DIRECTION('',(1.E0,0.E0,0.E0));
#1005=VECTOR('',#1004,4.E-1);
#1006=CARTESIAN_POINT('',(5.5E-1,-4.82E0,-9.428E0));
#1007=LINE('',#1006,#1005);
#1008=DIRECTION('',(1.E0,0.E0,0.E0));
#1009=VECTOR('',#1008,4.E-1);
#1010=CARTESIAN_POINT('',(5.5E-1,-4.82E0,-9.4E0));
#1011=LINE('',#1010,#1009);
#1012=CARTESIAN_POINT('',(5.5E-1,-4.620651081377E0,-9.35E0));
#1013=DIRECTION('',(1.E0,0.E0,0.E0));
#1014=DIRECTION('',(0.E0,-9.682458365519E-1,-2.5E-1));
#1015=AXIS2_PLACEMENT_3D('',#1012,#1013,#1014);
#1017=CARTESIAN_POINT('',(-5.5E-1,-4.620651081377E0,-9.35E0));
#1018=DIRECTION('',(1.E0,0.E0,0.E0));
#1019=DIRECTION('',(0.E0,-9.682458365519E-1,-2.5E-1));
#1020=AXIS2_PLACEMENT_3D('',#1017,#1018,#1019);
#1022=DIRECTION('',(1.E0,0.E0,0.E0));
#1023=VECTOR('',#1022,4.E-1);
#1024=CARTESIAN_POINT('',(-9.5E-1,-4.814300248688E0,-9.4E0));
#1025=LINE('',#1024,#1023);
#1026=CARTESIAN_POINT('',(-9.5E-1,-4.620651081377E0,-9.35E0));
#1027=DIRECTION('',(1.E0,0.E0,0.E0));
#1028=DIRECTION('',(0.E0,-9.682458365519E-1,-2.5E-1));
#1029=AXIS2_PLACEMENT_3D('',#1026,#1027,#1028);
#1031=CARTESIAN_POINT('',(-1.1E0,-4.620651081377E0,-9.35E0));
#1032=DIRECTION('',(-1.E0,0.E0,0.E0));
#1033=DIRECTION('',(0.E0,0.E0,-1.E0));
#1034=AXIS2_PLACEMENT_3D('',#1031,#1032,#1033);
#1036=CARTESIAN_POINT('',(1.1E0,-4.620651081377E0,-9.35E0));
#1037=DIRECTION('',(1.E0,0.E0,0.E0));
#1038=DIRECTION('',(0.E0,-9.999945016606E-1,-3.316119501049E-3));
#1039=AXIS2_PLACEMENT_3D('',#1036,#1037,#1038);
#1041=CARTESIAN_POINT('',(9.5E-1,-4.620651081377E0,-9.35E0));
#1042=DIRECTION('',(1.E0,0.E0,0.E0));
#1043=DIRECTION('',(0.E0,-9.682458365519E-1,-2.5E-1));
#1044=AXIS2_PLACEMENT_3D('',#1041,#1042,#1043);
#1046=DIRECTION('',(1.E0,0.E0,0.E0));
#1047=VECTOR('',#1046,4.E-1);
#1048=CARTESIAN_POINT('',(5.5E-1,-4.814300248688E0,-9.4E0));
#1049=LINE('',#1048,#1047);
#1050=DIRECTION('',(0.E0,-1.E0,0.E0));
#1051=VECTOR('',#1050,7.706510813774E-1);
#1052=CARTESIAN_POINT('',(-9.5E-1,4.620651081377E0,-9.55E0));
#1053=LINE('',#1052,#1051);
#1054=DIRECTION('',(-1.E0,0.E0,0.E0));
#1055=VECTOR('',#1054,1.5E-1);
#1056=CARTESIAN_POINT('',(-9.5E-1,4.620651081377E0,-9.55E0));
#1057=LINE('',#1056,#1055);
#1058=DIRECTION('',(0.E0,1.E0,0.E0));
#1059=VECTOR('',#1058,4.706510813774E-1);
#1060=CARTESIAN_POINT('',(-1.1E0,4.15E0,-9.55E0));
#1061=LINE('',#1060,#1059);
#1062=DIRECTION('',(-1.E0,0.E0,0.E0));
#1063=VECTOR('',#1062,1.E-1);
#1064=CARTESIAN_POINT('',(-1.E0,4.15E0,-9.55E0));
#1065=LINE('',#1064,#1063);
#1066=DIRECTION('',(0.E0,1.E0,0.E0));
#1067=VECTOR('',#1066,3.E-1);
#1068=CARTESIAN_POINT('',(-1.E0,3.85E0,-9.55E0));
#1069=LINE('',#1068,#1067);
#1070=DIRECTION('',(0.E0,-1.E0,0.E0));
#1071=VECTOR('',#1070,7.706510813774E-1);
#1072=CARTESIAN_POINT('',(-9.5E-1,-3.85E0,-9.55E0));
#1073=LINE('',#1072,#1071);
#1074=DIRECTION('',(0.E0,1.E0,0.E0));
#1075=VECTOR('',#1074,3.E-1);
#1076=CARTESIAN_POINT('',(-1.E0,-4.15E0,-9.55E0));
#1077=LINE('',#1076,#1075);
#1078=DIRECTION('',(1.E0,0.E0,0.E0));
#1079=VECTOR('',#1078,1.E-1);
#1080=CARTESIAN_POINT('',(-1.1E0,-4.15E0,-9.55E0));
#1081=LINE('',#1080,#1079);
#1082=DIRECTION('',(0.E0,1.E0,0.E0));
#1083=VECTOR('',#1082,4.706510813774E-1);
#1084=CARTESIAN_POINT('',(-1.1E0,-4.620651081377E0,-9.55E0));
#1085=LINE('',#1084,#1083);
#1086=DIRECTION('',(1.E0,0.E0,0.E0));
#1087=VECTOR('',#1086,1.5E-1);
#1088=CARTESIAN_POINT('',(-1.1E0,-4.620651081377E0,-9.55E0));
#1089=LINE('',#1088,#1087);
#1090=DIRECTION('',(0.E0,-1.E0,0.E0));
#1091=VECTOR('',#1090,7.706510813774E-1);
#1092=CARTESIAN_POINT('',(5.5E-1,4.620651081377E0,-9.55E0));
#1093=LINE('',#1092,#1091);
#1094=DIRECTION('',(-1.E0,0.E0,0.E0));
#1095=VECTOR('',#1094,1.1E0);
#1096=CARTESIAN_POINT('',(5.5E-1,4.620651081377E0,-9.55E0));
#1097=LINE('',#1096,#1095);
#1098=DIRECTION('',(0.E0,-1.E0,0.E0));
#1099=VECTOR('',#1098,7.706510813774E-1);
#1100=CARTESIAN_POINT('',(-5.5E-1,4.620651081377E0,-9.55E0));
#1101=LINE('',#1100,#1099);
#1102=DIRECTION('',(0.E0,-1.E0,0.E0));
#1103=VECTOR('',#1102,7.706510813774E-1);
#1104=CARTESIAN_POINT('',(5.5E-1,-3.85E0,-9.55E0));
#1105=LINE('',#1104,#1103);
#1106=DIRECTION('',(0.E0,-1.E0,0.E0));
#1107=VECTOR('',#1106,7.706510813774E-1);
#1108=CARTESIAN_POINT('',(-5.5E-1,-3.85E0,-9.55E0));
#1109=LINE('',#1108,#1107);
#1110=DIRECTION('',(1.E0,0.E0,0.E0));
#1111=VECTOR('',#1110,1.1E0);
#1112=CARTESIAN_POINT('',(-5.5E-1,-4.620651081377E0,-9.55E0));
#1113=LINE('',#1112,#1111);
#1114=DIRECTION('',(0.E0,-1.E0,0.E0));
#1115=VECTOR('',#1114,7.706510813774E-1);
#1116=CARTESIAN_POINT('',(9.5E-1,4.620651081377E0,-9.55E0));
#1117=LINE('',#1116,#1115);
#1118=DIRECTION('',(0.E0,-1.E0,0.E0));
#1119=VECTOR('',#1118,3.E-1);
#1120=CARTESIAN_POINT('',(1.E0,4.15E0,-9.55E0));
#1121=LINE('',#1120,#1119);
#1122=DIRECTION('',(-1.E0,0.E0,0.E0));
#1123=VECTOR('',#1122,1.E-1);
#1124=CARTESIAN_POINT('',(1.1E0,4.15E0,-9.55E0));
#1125=LINE('',#1124,#1123);
#1126=DIRECTION('',(0.E0,-1.E0,0.E0));
#1127=VECTOR('',#1126,4.706510813774E-1);
#1128=CARTESIAN_POINT('',(1.1E0,4.620651081377E0,-9.55E0));
#1129=LINE('',#1128,#1127);
#1130=DIRECTION('',(-1.E0,0.E0,0.E0));
#1131=VECTOR('',#1130,1.5E-1);
#1132=CARTESIAN_POINT('',(1.1E0,4.620651081377E0,-9.55E0));
#1133=LINE('',#1132,#1131);
#1134=DIRECTION('',(0.E0,-1.E0,0.E0));
#1135=VECTOR('',#1134,7.706510813774E-1);
#1136=CARTESIAN_POINT('',(9.5E-1,-3.85E0,-9.55E0));
#1137=LINE('',#1136,#1135);
#1138=DIRECTION('',(1.E0,-1.184237892933E-14,0.E0));
#1139=VECTOR('',#1138,1.5E-1);
#1140=CARTESIAN_POINT('',(9.5E-1,-4.620651081377E0,-9.55E0));
#1141=LINE('',#1140,#1139);
#1142=DIRECTION('',(0.E0,-1.E0,0.E0));
#1143=VECTOR('',#1142,4.706510813774E-1);
#1144=CARTESIAN_POINT('',(1.1E0,-4.15E0,-9.55E0));
#1145=LINE('',#1144,#1143);
#1146=DIRECTION('',(1.E0,0.E0,0.E0));
#1147=VECTOR('',#1146,1.E-1);
#1148=CARTESIAN_POINT('',(1.E0,-4.15E0,-9.55E0));
#1149=LINE('',#1148,#1147);
#1150=DIRECTION('',(0.E0,-1.E0,0.E0));
#1151=VECTOR('',#1150,3.E-1);
#1152=CARTESIAN_POINT('',(1.E0,-3.85E0,-9.55E0));
#1153=LINE('',#1152,#1151);
#1154=CARTESIAN_POINT('',(5.5E-1,4.620651081377E0,-9.35E0));
#1155=DIRECTION('',(-1.E0,0.E0,0.E0));
#1156=DIRECTION('',(0.E0,9.172683169821E-1,-3.982698013417E-1));
#1157=AXIS2_PLACEMENT_3D('',#1154,#1155,#1156);
#1159=DIRECTION('',(-1.E0,0.E0,0.E0));
#1160=VECTOR('',#1159,4.E-1);
#1161=CARTESIAN_POINT('',(9.5E-1,4.804104744774E0,-9.429653960268E0));
#1162=LINE('',#1161,#1160);
#1163=CARTESIAN_POINT('',(9.5E-1,4.620651081377E0,-9.35E0));
#1164=DIRECTION('',(-1.E0,0.E0,0.E0));
#1165=DIRECTION('',(0.E0,9.172683169821E-1,-3.982698013417E-1));
#1166=AXIS2_PLACEMENT_3D('',#1163,#1164,#1165);
#1168=CARTESIAN_POINT('',(1.1E0,4.620651081377E0,-9.35E0));
#1169=DIRECTION('',(1.E0,0.E0,0.E0));
#1170=DIRECTION('',(0.E0,0.E0,-1.E0));
#1171=AXIS2_PLACEMENT_3D('',#1168,#1169,#1170);
#1173=CARTESIAN_POINT('',(-1.1E0,4.620651081377E0,-9.35E0));
#1174=DIRECTION('',(-1.E0,0.E0,0.E0));
#1175=DIRECTION('',(0.E0,9.999945016606E-1,-3.316119501049E-3));
#1176=AXIS2_PLACEMENT_3D('',#1173,#1174,#1175);
#1178=CARTESIAN_POINT('',(-9.5E-1,4.620651081377E0,-9.35E0));
#1179=DIRECTION('',(-1.E0,0.E0,0.E0));
#1180=DIRECTION('',(0.E0,9.172683169821E-1,-3.982698013417E-1));
#1181=AXIS2_PLACEMENT_3D('',#1178,#1179,#1180);
#1183=DIRECTION('',(-1.E0,0.E0,0.E0));
#1184=VECTOR('',#1183,4.E-1);
#1185=CARTESIAN_POINT('',(-5.5E-1,4.804104744774E0,-9.429653960268E0));
#1186=LINE('',#1185,#1184);
#1187=CARTESIAN_POINT('',(-5.5E-1,4.620651081377E0,-9.35E0));
#1188=DIRECTION('',(-1.E0,0.E0,0.E0));
#1189=DIRECTION('',(0.E0,9.172683169821E-1,-3.982698013417E-1));
#1190=AXIS2_PLACEMENT_3D('',#1187,#1188,#1189);
#1192=DIRECTION('',(1.E0,0.E0,0.E0));
#1193=VECTOR('',#1192,4.E-1);
#1194=CARTESIAN_POINT('',(5.5E-1,5.606E0,-9.443651094014E0));
#1195=LINE('',#1194,#1193);
#1196=DIRECTION('',(1.E0,0.E0,0.E0));
#1197=VECTOR('',#1196,4.E-1);
#1198=CARTESIAN_POINT('',(5.5E-1,5.601462374326E0,-9.703611494755E0));
#1199=LINE('',#1198,#1197);
#1200=DIRECTION('',(1.E0,0.E0,0.E0));
#1201=VECTOR('',#1200,4.E-1);
#1202=CARTESIAN_POINT('',(5.5E-1,3.076291396324E0,-9.659534471379E0));
#1203=LINE('',#1202,#1201);
#1204=CARTESIAN_POINT('',(1.1E0,4.620485274491E0,-9.4E0));
#1205=DIRECTION('',(1.E0,0.E0,0.E0));
#1206=DIRECTION('',(0.E0,0.E0,-1.E0));
#1207=AXIS2_PLACEMENT_3D('',#1204,#1205,#1206);
#1209=CARTESIAN_POINT('',(2.470486923993E0,4.620485274491E0,-9.4E0));
#1210=DIRECTION('',(-1.E0,0.E0,0.E0));
#1211=DIRECTION('',(0.E0,9.999945016606E-1,-3.316119501067E-3));
#1212=AXIS2_PLACEMENT_3D('',#1209,#1210,#1211);
#1214=CARTESIAN_POINT('',(2.470486923993E0,4.820484174823E0,-9.400663223900E0));
#1215=CARTESIAN_POINT('',(2.503213669675E0,4.820483662104E0,-9.400706723961E0));
#1216=CARTESIAN_POINT('',(2.568665874309E0,4.814036716487E0,-9.400784829386E0));
#1217=CARTESIAN_POINT('',(2.663066826321E0,4.785399255397E0,-9.400872158301E0));
#1218=CARTESIAN_POINT('',(2.750073691501E0,4.738889995730E0,-9.400925839508E0));
#1219=CARTESIAN_POINT('',(2.826316633086E0,4.676315030536E0,-9.400943983032E0));
#1220=CARTESIAN_POINT('',(2.888890957865E0,4.600072218504E0,-9.400925838830E0));
#1221=CARTESIAN_POINT('',(2.935399781408E0,4.513065375928E0,-9.400872157076E0));
#1222=CARTESIAN_POINT('',(2.964036615599E0,4.418665990363E0,-9.400784829405E0));
#1223=CARTESIAN_POINT('',(2.970483662085E0,4.353213786456E0,-9.400706724116E0));
#1224=CARTESIAN_POINT('',(2.970484174823E0,4.320486923993E0,-9.400663223900E0));
#1226=CARTESIAN_POINT('',(-2.470486923692E0,-4.620485274550E0,-9.6E0));
#1227=CARTESIAN_POINT('',(-2.490372046866E0,-4.620484304341E0,-9.6E0));
#1228=CARTESIAN_POINT('',(-2.529278980145E0,-4.616617343249E0,-9.6E0));
#1229=CARTESIAN_POINT('',(-2.586066243792E0,-4.599434805826E0,-9.6E0));
#1230=CARTESIAN_POINT('',(-2.638231212241E0,-4.571528718650E0,-9.6E0));
#1231=CARTESIAN_POINT('',(-2.683987524496E0,-4.533986562890E0,-9.6E0));
#1232=CARTESIAN_POINT('',(-2.721529295910E0,-4.488230328729E0,-9.6E0));
#1233=CARTESIAN_POINT('',(-2.749435121430E0,-4.436065372481E0,-9.6E0));
#1234=CARTESIAN_POINT('',(-2.766617282734E0,-4.379279053780E0,-9.6E0));
#1235=CARTESIAN_POINT('',(-2.770484304287E0,-4.340372108309E0,-9.6E0));
#1236=CARTESIAN_POINT('',(-2.770485274550E0,-4.320486923692E0,-9.6E0));
#1238=DIRECTION('',(-1.E0,-4.322012693871E-11,0.E0));
#1239=VECTOR('',#1238,1.370486923692E0);
#1240=CARTESIAN_POINT('',(-1.1E0,-4.620485274491E0,-9.6E0));
#1241=LINE('',#1240,#1239);
#1242=DIRECTION('',(0.E0,1.E0,0.E0));
#1243=VECTOR('',#1242,4.704852744907E-1);
#1244=CARTESIAN_POINT('',(-1.1E0,-4.620485274491E0,-9.6E0));
#1245=LINE('',#1244,#1243);
#1246=DIRECTION('',(1.E0,0.E0,0.E0));
#1247=VECTOR('',#1246,1.E-1);
#1248=CARTESIAN_POINT('',(-1.1E0,-4.15E0,-9.6E0));
#1249=LINE('',#1248,#1247);
#1250=DIRECTION('',(0.E0,1.E0,0.E0));
#1251=VECTOR('',#1250,3.E-1);
#1252=CARTESIAN_POINT('',(-1.E0,-4.15E0,-9.6E0));
#1253=LINE('',#1252,#1251);
#1254=DIRECTION('',(1.E0,0.E0,0.E0));
#1255=VECTOR('',#1254,1.770485274491E0);
#1256=CARTESIAN_POINT('',(-2.770485274491E0,-3.85E0,-9.6E0));
#1257=LINE('',#1256,#1255);
#1258=DIRECTION('',(1.259124650299E-10,1.E0,0.E0));
#1259=VECTOR('',#1258,4.704869236918E-1);
#1260=CARTESIAN_POINT('',(-2.770485274550E0,-4.320486923692E0,-9.6E0));
#1261=LINE('',#1260,#1259);
#1262=CARTESIAN_POINT('',(-2.770485274550E0,4.320486923692E0,-9.6E0));
#1263=CARTESIAN_POINT('',(-2.770484304390E0,4.340372108093E0,-9.6E0));
#1264=CARTESIAN_POINT('',(-2.766617282836E0,4.379279053394E0,-9.6E0));
#1265=CARTESIAN_POINT('',(-2.749435120985E0,4.436065373826E0,-9.6E0));
#1266=CARTESIAN_POINT('',(-2.721529294911E0,4.488230330203E0,-9.6E0));
#1267=CARTESIAN_POINT('',(-2.683987523460E0,4.533986563846E0,-9.6E0));
#1268=CARTESIAN_POINT('',(-2.638231211884E0,4.571528718853E0,-9.6E0));
#1269=CARTESIAN_POINT('',(-2.586066243334E0,4.599434806010E0,-9.6E0));
#1270=CARTESIAN_POINT('',(-2.529278979903E0,4.616617343314E0,-9.6E0));
#1271=CARTESIAN_POINT('',(-2.490372046773E0,4.620484304258E0,-9.6E0));
#1272=CARTESIAN_POINT('',(-2.470486923692E0,4.620485274550E0,-9.6E0));
#1274=DIRECTION('',(-1.258860360321E-10,1.E0,0.E0));
#1275=VECTOR('',#1274,4.704869236919E-1);
#1276=CARTESIAN_POINT('',(-2.770485274491E0,3.85E0,-9.6E0));
#1277=LINE('',#1276,#1275);
#1278=DIRECTION('',(1.E0,0.E0,0.E0));
#1279=VECTOR('',#1278,1.770485274491E0);
#1280=CARTESIAN_POINT('',(-2.770485274491E0,3.85E0,-9.6E0));
#1281=LINE('',#1280,#1279);
#1282=DIRECTION('',(0.E0,1.E0,0.E0));
#1283=VECTOR('',#1282,3.E-1);
#1284=CARTESIAN_POINT('',(-1.E0,3.85E0,-9.6E0));
#1285=LINE('',#1284,#1283);
#1286=DIRECTION('',(-1.E0,0.E0,0.E0));
#1287=VECTOR('',#1286,1.E-1);
#1288=CARTESIAN_POINT('',(-1.E0,4.15E0,-9.6E0));
#1289=LINE('',#1288,#1287);
#1290=DIRECTION('',(0.E0,-1.E0,0.E0));
#1291=VECTOR('',#1290,4.704852744907E-1);
#1292=CARTESIAN_POINT('',(-1.1E0,4.620485274491E0,-9.6E0));
#1293=LINE('',#1292,#1291);
#1294=DIRECTION('',(-1.E0,4.322725576457E-11,0.E0));
#1295=VECTOR('',#1294,1.370486923692E0);
#1296=CARTESIAN_POINT('',(-1.1E0,4.620485274491E0,-9.6E0));
#1297=LINE('',#1296,#1295);
#1298=CARTESIAN_POINT('',(2.470486923692E0,4.620485274550E0,-9.6E0));
#1299=CARTESIAN_POINT('',(2.490372046866E0,4.620484304341E0,-9.6E0));
#1300=CARTESIAN_POINT('',(2.529278980145E0,4.616617343249E0,-9.6E0));
#1301=CARTESIAN_POINT('',(2.586066243792E0,4.599434805826E0,-9.6E0));
#1302=CARTESIAN_POINT('',(2.638231212241E0,4.571528718650E0,-9.6E0));
#1303=CARTESIAN_POINT('',(2.683987524496E0,4.533986562890E0,-9.6E0));
#1304=CARTESIAN_POINT('',(2.721529295910E0,4.488230328729E0,-9.6E0));
#1305=CARTESIAN_POINT('',(2.749435121430E0,4.436065372481E0,-9.6E0));
#1306=CARTESIAN_POINT('',(2.766617282734E0,4.379279053780E0,-9.6E0));
#1307=CARTESIAN_POINT('',(2.770484304287E0,4.340372108309E0,-9.6E0));
#1308=CARTESIAN_POINT('',(2.770485274550E0,4.320486923692E0,-9.6E0));
#1310=DIRECTION('',(-1.E0,-4.322142308886E-11,0.E0));
#1311=VECTOR('',#1310,1.370486923692E0);
#1312=CARTESIAN_POINT('',(2.470486923692E0,4.620485274550E0,-9.6E0));
#1313=LINE('',#1312,#1311);
#1314=DIRECTION('',(0.E0,-1.E0,0.E0));
#1315=VECTOR('',#1314,4.704852744907E-1);
#1316=CARTESIAN_POINT('',(1.1E0,4.620485274491E0,-9.6E0));
#1317=LINE('',#1316,#1315);
#1318=DIRECTION('',(-1.E0,0.E0,0.E0));
#1319=VECTOR('',#1318,1.E-1);
#1320=CARTESIAN_POINT('',(1.1E0,4.15E0,-9.6E0));
#1321=LINE('',#1320,#1319);
#1322=DIRECTION('',(0.E0,-1.E0,0.E0));
#1323=VECTOR('',#1322,3.E-1);
#1324=CARTESIAN_POINT('',(1.E0,4.15E0,-9.6E0));
#1325=LINE('',#1324,#1323);
#1326=DIRECTION('',(1.E0,0.E0,0.E0));
#1327=VECTOR('',#1326,1.770485274491E0);
#1328=CARTESIAN_POINT('',(1.E0,3.85E0,-9.6E0));
#1329=LINE('',#1328,#1327);
#1330=DIRECTION('',(-1.259134089227E-10,-1.E0,0.E0));
#1331=VECTOR('',#1330,4.704869236918E-1);
#1332=CARTESIAN_POINT('',(2.770485274550E0,4.320486923692E0,-9.6E0));
#1333=LINE('',#1332,#1331);
#1334=CARTESIAN_POINT('',(2.770485274550E0,-4.320486923692E0,-9.6E0));
#1335=CARTESIAN_POINT('',(2.770484304390E0,-4.340372108093E0,-9.6E0));
#1336=CARTESIAN_POINT('',(2.766617282836E0,-4.379279053394E0,-9.6E0));
#1337=CARTESIAN_POINT('',(2.749435120985E0,-4.436065373826E0,-9.6E0));
#1338=CARTESIAN_POINT('',(2.721529294911E0,-4.488230330203E0,-9.6E0));
#1339=CARTESIAN_POINT('',(2.683987523460E0,-4.533986563846E0,-9.6E0));
#1340=CARTESIAN_POINT('',(2.638231211884E0,-4.571528718853E0,-9.6E0));
#1341=CARTESIAN_POINT('',(2.586066243334E0,-4.599434806010E0,-9.6E0));
#1342=CARTESIAN_POINT('',(2.529278979903E0,-4.616617343314E0,-9.6E0));
#1343=CARTESIAN_POINT('',(2.490372046773E0,-4.620484304258E0,-9.6E0));
#1344=CARTESIAN_POINT('',(2.470486923692E0,-4.620485274550E0,-9.6E0));
#1346=DIRECTION('',(1.258869799249E-10,-1.E0,0.E0));
#1347=VECTOR('',#1346,4.704869236919E-1);
#1348=CARTESIAN_POINT('',(2.770485274491E0,-3.85E0,-9.6E0));
#1349=LINE('',#1348,#1347);
#1350=DIRECTION('',(1.E0,0.E0,0.E0));
#1351=VECTOR('',#1350,1.770485274491E0);
#1352=CARTESIAN_POINT('',(1.E0,-3.85E0,-9.6E0));
#1353=LINE('',#1352,#1351);
#1354=DIRECTION('',(0.E0,-1.E0,0.E0));
#1355=VECTOR('',#1354,3.E-1);
#1356=CARTESIAN_POINT('',(1.E0,-3.85E0,-9.6E0));
#1357=LINE('',#1356,#1355);
#1358=DIRECTION('',(1.E0,0.E0,0.E0));
#1359=VECTOR('',#1358,1.E-1);
#1360=CARTESIAN_POINT('',(1.E0,-4.15E0,-9.6E0));
#1361=LINE('',#1360,#1359);
#1362=DIRECTION('',(0.E0,1.E0,0.E0));
#1363=VECTOR('',#1362,4.704852744907E-1);
#1364=CARTESIAN_POINT('',(1.1E0,-4.620485274491E0,-9.6E0));
#1365=LINE('',#1364,#1363);
#1366=DIRECTION('',(-1.E0,4.322855191472E-11,0.E0));
#1367=VECTOR('',#1366,1.370486923692E0);
#1368=CARTESIAN_POINT('',(2.470486923692E0,-4.620485274550E0,-9.6E0));
#1369=LINE('',#1368,#1367);
#1370=CARTESIAN_POINT('',(-2.470486923993E0,-4.820484174823E0,
-9.400663223900E0));
#1371=CARTESIAN_POINT('',(-2.503213669675E0,-4.820483662104E0,
-9.400706723961E0));
#1372=CARTESIAN_POINT('',(-2.568665874309E0,-4.814036716487E0,
-9.400784829386E0));
#1373=CARTESIAN_POINT('',(-2.663066826321E0,-4.785399255397E0,
-9.400872158301E0));
#1374=CARTESIAN_POINT('',(-2.750073691501E0,-4.738889995730E0,
-9.400925839508E0));
#1375=CARTESIAN_POINT('',(-2.826316633086E0,-4.676315030536E0,
-9.400943983032E0));
#1376=CARTESIAN_POINT('',(-2.888890957865E0,-4.600072218504E0,
-9.400925838830E0));
#1377=CARTESIAN_POINT('',(-2.935399781408E0,-4.513065375928E0,
-9.400872157076E0));
#1378=CARTESIAN_POINT('',(-2.964036615599E0,-4.418665990363E0,
-9.400784829405E0));
#1379=CARTESIAN_POINT('',(-2.970483662085E0,-4.353213786456E0,
-9.400706724116E0));
#1380=CARTESIAN_POINT('',(-2.970484174823E0,-4.320486923993E0,
-9.400663223900E0));
#1382=CARTESIAN_POINT('',(-2.470486923993E0,-4.620485274491E0,-9.4E0));
#1383=DIRECTION('',(1.E0,0.E0,0.E0));
#1384=DIRECTION('',(0.E0,-9.999945016606E-1,-3.316119501058E-3));
#1385=AXIS2_PLACEMENT_3D('',#1382,#1383,#1384);
#1387=DIRECTION('',(3.315946835278E-3,3.316101269808E-3,-9.999890039240E-1));
#1388=VECTOR('',#1387,8.900761097346E0);
#1389=CARTESIAN_POINT('',(-2.500001374585E0,-4.85E0,-5.E-1));
#1390=LINE('',#1389,#1388);
#1391=DIRECTION('',(1.E0,0.E0,0.E0));
#1392=VECTOR('',#1391,5.000002749170E0);
#1393=CARTESIAN_POINT('',(-2.500001374585E0,-4.85E0,-5.E-1));
#1394=LINE('',#1393,#1392);
#1395=DIRECTION('',(3.315946835278E-3,-3.316101269808E-3,9.999890039240E-1));
#1396=VECTOR('',#1395,8.900761097345E0);
#1397=CARTESIAN_POINT('',(2.470486923993E0,-4.820484174823E0,
-9.400663223900E0));
#1398=LINE('',#1397,#1396);
#1399=DIRECTION('',(-1.E0,0.E0,0.E0));
#1400=VECTOR('',#1399,1.370486923993E0);
#1401=CARTESIAN_POINT('',(2.470486923993E0,-4.820484174823E0,
-9.400663223900E0));
#1402=LINE('',#1401,#1400);
#1403=DIRECTION('',(0.E0,-3.316119501062E-3,9.999945016606E-1));
#1404=VECTOR('',#1403,5.000027491848E-2);
#1405=CARTESIAN_POINT('',(1.1E0,-4.820484174823E0,-9.400663223900E0));
#1406=LINE('',#1405,#1404);
#1407=DIRECTION('',(1.E0,0.E0,0.E0));
#1408=VECTOR('',#1407,2.2E0);
#1409=CARTESIAN_POINT('',(-1.1E0,-4.820649981710E0,-9.350663223900E0));
#1410=LINE('',#1409,#1408);
#1411=DIRECTION('',(-1.776347072387E-14,-3.316119501062E-3,9.999945016606E-1));
#1412=VECTOR('',#1411,5.000027491848E-2);
#1413=CARTESIAN_POINT('',(-1.1E0,-4.820484174823E0,-9.400663223900E0));
#1414=LINE('',#1413,#1412);
#1415=DIRECTION('',(-1.E0,0.E0,0.E0));
#1416=VECTOR('',#1415,1.370486923993E0);
#1417=CARTESIAN_POINT('',(-1.1E0,-4.820484174823E0,-9.400663223900E0));
#1418=LINE('',#1417,#1416);
#1419=CARTESIAN_POINT('',(-2.500001374585E0,-4.85E0,-5.E-1));
#1420=CARTESIAN_POINT('',(-2.532725889035E0,-4.849999640143E0,
-5.001085167797E-1));
#1421=CARTESIAN_POINT('',(-2.598175990113E0,-4.843552852705E0,
-5.003041710725E-1));
#1422=CARTESIAN_POINT('',(-2.692575399689E0,-4.814916082102E0,
-5.005222475835E-1));
#1423=CARTESIAN_POINT('',(-2.779575271397E0,-4.768413203785E0,
-5.006565372689E-1));
#1424=CARTESIAN_POINT('',(-2.855831258672E0,-4.705831264809E0,
-5.007018812884E-1));
#1425=CARTESIAN_POINT('',(-2.918413205430E0,-4.629575248496E0,
-5.006565372689E-1));
#1426=CARTESIAN_POINT('',(-2.964916081659E0,-4.542575485157E0,
-5.005222475835E-1));
#1427=CARTESIAN_POINT('',(-2.993552852832E0,-4.448175671139E0,
-5.003041710725E-1));
#1428=CARTESIAN_POINT('',(-2.999999640142E0,-4.382726576327E0,
-5.001085167797E-1));
#1429=CARTESIAN_POINT('',(-2.999999999998E0,-4.350002061877E0,-5.E-1));
#1431=DIRECTION('',(3.316119501059E-3,-7.002941161927E-8,-9.999945016606E-1));
#1432=VECTOR('',#1431,6.000696219158E0);
#1433=CARTESIAN_POINT('',(-2.991046848345E0,1.890004202252E-1,-3.2E0));
#1434=LINE('',#1433,#1432);
#1435=DIRECTION('',(0.E0,1.E0,0.E0));
#1436=VECTOR('',#1435,1.199999159550E0);
#1437=CARTESIAN_POINT('',(-2.991046848345E0,1.890004202252E-1,-3.2E0));
#1438=LINE('',#1437,#1436);
#1439=DIRECTION('',(3.316119501059E-3,7.002941157765E-8,-9.999945016606E-1));
#1440=VECTOR('',#1439,6.000696219158E0);
#1441=CARTESIAN_POINT('',(-2.991046848345E0,1.388999579775E0,-3.2E0));
#1442=LINE('',#1441,#1440);
#1443=DIRECTION('',(-1.707529109303E-7,-1.E0,-5.662406297154E-10));
#1444=VECTOR('',#1443,2.461E0);
#1445=CARTESIAN_POINT('',(-2.971147402370E0,3.85E0,-9.200663223900E0));
#1446=LINE('',#1445,#1444);
#1447=DIRECTION('',(3.191586769303E-3,0.E0,-9.999949068740E-1));
#1448=VECTOR('',#1447,1.996694049913E-1);
#1449=CARTESIAN_POINT('',(-2.971147402370E0,3.85E0,-9.200663223900E0));
#1450=LINE('',#1449,#1448);
#1451=DIRECTION('',(5.518816324854E-5,9.999997500866E-1,-7.048269576107E-4));
#1452=VECTOR('',#1451,4.704870415736E-1);
#1453=CARTESIAN_POINT('',(-2.970510140138E0,3.85E0,-9.400331611950E0));
#1454=LINE('',#1453,#1452);
#1455=DIRECTION('',(-3.316101270444E-3,3.315869618863E-3,9.999890041801E-1));
#1456=VECTOR('',#1455,8.900761095067E0);
#1457=CARTESIAN_POINT('',(-2.970484174823E0,4.320486923993E0,
-9.400663223900E0));
#1458=LINE('',#1457,#1456);
#1459=DIRECTION('',(0.E0,1.E0,0.E0));
#1460=VECTOR('',#1459,5.296251475221E0);
#1461=CARTESIAN_POINT('',(-2.993697138963E0,-1.532754064823E0,
-2.400663223900E0));
#1462=LINE('',#1461,#1460);
#1463=DIRECTION('',(6.785584698956E-13,-1.E0,-1.627009025138E-14));
#1464=VECTOR('',#1463,2.784071797074E0);
#1465=CARTESIAN_POINT('',(-3.E0,-1.565930264803E0,-5.E-1));
#1466=LINE('',#1465,#1464);
#1467=DIRECTION('',(3.316101268746E-3,3.316024051694E-3,-9.999890036680E-1));
#1468=VECTOR('',#1467,8.900761099625E0);
#1469=CARTESIAN_POINT('',(-2.999999999998E0,-4.350002061877E0,-5.E-1));
#1470=LINE('',#1469,#1468);
#1471=DIRECTION('',(-5.577247762077E-5,9.999995568613E-1,9.397694181780E-4));
#1472=VECTOR('',#1471,4.704871324836E-1);
#1473=CARTESIAN_POINT('',(-2.970484174823E0,-4.320486923993E0,
-9.400663223900E0));
#1474=LINE('',#1473,#1472);
#1475=DIRECTION('',(3.191976997595E-3,0.E0,-9.999949056284E-1));
#1476=VECTOR('',#1475,1.995588672083E-1);
#1477=CARTESIAN_POINT('',(-2.971147402370E0,-3.85E0,-9.200663223900E0));
#1478=LINE('',#1477,#1476);
#1479=DIRECTION('',(1.040413258558E-7,-1.E0,3.450152050935E-10));
#1480=VECTOR('',#1479,4.039E0);
#1481=CARTESIAN_POINT('',(-2.971147822593E0,1.89E-1,-9.200663225294E0));
#1482=LINE('',#1481,#1480);
#1483=CARTESIAN_POINT('',(-2.971147822593E0,1.89E-1,-9.200663225294E0));
#1484=CARTESIAN_POINT('',(-2.971106315086E0,1.89E-1,-9.213180047491E0));
#1485=CARTESIAN_POINT('',(-2.968703439184E0,1.913211620583E-1,
-9.238188539411E0));
#1486=CARTESIAN_POINT('',(-2.957648415273E0,2.022505095251E-1,
-9.275919701235E0));
#1487=CARTESIAN_POINT('',(-2.938044949889E0,2.217310582963E-1,
-9.312993615002E0));
#1488=CARTESIAN_POINT('',(-2.909361714511E0,2.503016727159E-1,
-9.346896813130E0));
#1489=CARTESIAN_POINT('',(-2.884560202028E0,2.750412930287E-1,
-9.365522151053E0));
#1490=CARTESIAN_POINT('',(-2.870574846540E0,2.89E-1,-9.373535016694E0));
#1492=DIRECTION('',(3.316119501059E-3,0.E0,-9.999945016606E-1));
#1493=VECTOR('',#1492,6.173568961071E0);
#1494=CARTESIAN_POINT('',(-2.891047138963E0,2.89E-1,-3.2E0));
#1495=LINE('',#1494,#1493);
#1496=DIRECTION('',(3.316119501059E-3,0.E0,-9.999945016606E-1));
#1497=VECTOR('',#1496,6.173568961071E0);
#1498=CARTESIAN_POINT('',(-2.891047138963E0,1.289E0,-3.2E0));
#1499=LINE('',#1498,#1497);
#1500=DIRECTION('',(0.E0,-1.E0,0.E0));
#1501=VECTOR('',#1500,1.E0);
#1502=CARTESIAN_POINT('',(-2.870574846540E0,1.289E0,-9.373535016694E0));
#1503=LINE('',#1502,#1501);
#1504=CARTESIAN_POINT('',(-2.771148502038E0,-3.85E0,-9.2E0));
#1505=DIRECTION('',(0.E0,-1.E0,0.E0));
#1506=DIRECTION('',(-9.999945016606E-1,0.E0,-3.316119501084E-3));
#1507=AXIS2_PLACEMENT_3D('',#1504,#1505,#1506);
#1509=CARTESIAN_POINT('',(-2.771148502038E0,3.85E0,-9.2E0));
#1510=DIRECTION('',(0.E0,1.E0,0.E0));
#1511=DIRECTION('',(0.E0,0.E0,-1.E0));
#1512=AXIS2_PLACEMENT_3D('',#1509,#1510,#1511);
#1514=CARTESIAN_POINT('',(-2.870574846540E0,1.289E0,-9.373535016694E0));
#1515=CARTESIAN_POINT('',(-2.884560202028E0,1.302958706971E0,
-9.365522151053E0));
#1516=CARTESIAN_POINT('',(-2.909361714511E0,1.327698327284E0,
-9.346896813130E0));
#1517=CARTESIAN_POINT('',(-2.938044949889E0,1.356268941704E0,
-9.312993615002E0));
#1518=CARTESIAN_POINT('',(-2.957648415273E0,1.375749490475E0,
-9.275919701235E0));
#1519=CARTESIAN_POINT('',(-2.968703439184E0,1.386678837942E0,
-9.238188539411E0));
#1520=CARTESIAN_POINT('',(-2.971106315086E0,1.389E0,-9.213180047491E0));
#1521=CARTESIAN_POINT('',(-2.971147822593E0,1.389E0,-9.200663225294E0));
#1523=DIRECTION('',(-7.071072394184E-1,-7.071063229544E-1,0.E0));
#1524=VECTOR('',#1523,1.414208535952E-1);
#1525=CARTESIAN_POINT('',(-2.891047138963E0,2.89E-1,-3.2E0));
#1526=LINE('',#1525,#1524);
#1527=DIRECTION('',(0.E0,1.E0,0.E0));
#1528=VECTOR('',#1527,1.E0);
#1529=CARTESIAN_POINT('',(-2.891047138963E0,2.89E-1,-3.2E0));
#1530=LINE('',#1529,#1528);
#1531=DIRECTION('',(7.071072394184E-1,-7.071063229544E-1,0.E0));
#1532=VECTOR('',#1531,1.414208535952E-1);
#1533=CARTESIAN_POINT('',(-2.991046848345E0,1.388999579775E0,-3.2E0));
#1534=LINE('',#1533,#1532);
#1535=DIRECTION('',(-7.071101856727E-1,7.071033766840E-1,0.E0));
#1536=VECTOR('',#1535,1.414226213605E-1);
#1537=CARTESIAN_POINT('',(2.991046015012E0,1.889995868965E-1,-3.2E0));
#1538=LINE('',#1537,#1536);
#1539=DIRECTION('',(7.071101856727E-1,7.071033766840E-1,0.E0));
#1540=VECTOR('',#1539,1.414226213605E-1);
#1541=CARTESIAN_POINT('',(2.891044638963E0,1.289E0,-3.2E0));
#1542=LINE('',#1541,#1540);
#1543=DIRECTION('',(0.E0,-1.E0,0.E0));
#1544=VECTOR('',#1543,1.E0);
#1545=CARTESIAN_POINT('',(2.891044638963E0,1.289E0,-3.2E0));
#1546=LINE('',#1545,#1544);
#1547=CARTESIAN_POINT('',(2.870572341781E0,2.89E-1,-9.373536451763E0));
#1548=CARTESIAN_POINT('',(2.884558036567E0,2.750409534874E-1,
-9.365523659851E0));
#1549=CARTESIAN_POINT('',(2.909360148829E0,2.503007492695E-1,
-9.346898345732E0));
#1550=CARTESIAN_POINT('',(2.938044140273E0,2.217293077407E-1,
-9.312994929817E0));
#1551=CARTESIAN_POINT('',(2.957647981956E0,2.022486471709E-1,
-9.275920611144E0));
#1552=CARTESIAN_POINT('',(2.968703768429E0,1.913175578173E-1,
-9.238188989070E0));
#1553=CARTESIAN_POINT('',(2.971105481206E0,1.89E-1,-9.213180212388E0));
#1554=CARTESIAN_POINT('',(2.971146989268E0,1.89E-1,-9.200663222530E0));
#1556=DIRECTION('',(-3.316119501059E-3,6.884259942343E-8,-9.999945016606E-1));
#1557=VECTOR('',#1556,6.000696216395E0);
#1558=CARTESIAN_POINT('',(2.991046015012E0,1.889995868965E-1,-3.2E0));
#1559=LINE('',#1558,#1557);
#1560=DIRECTION('',(-1.022781021384E-7,1.E0,3.391684886234E-10));
#1561=VECTOR('',#1560,4.039E0);
#1562=CARTESIAN_POINT('',(2.971147402370E0,-3.85E0,-9.200663223900E0));
#1563=LINE('',#1562,#1561);
#1564=DIRECTION('',(-3.191586769305E-3,0.E0,-9.999949068740E-1));
#1565=VECTOR('',#1564,1.996694049913E-1);
#1566=CARTESIAN_POINT('',(2.971147402370E0,-3.85E0,-9.200663223900E0));
#1567=LINE('',#1566,#1565);
#1568=DIRECTION('',(-5.518816324854E-5,-9.999997500866E-1,-7.048269576107E-4));
#1569=VECTOR('',#1568,4.704870415736E-1);
#1570=CARTESIAN_POINT('',(2.970510140138E0,-3.85E0,-9.400331611950E0));
#1571=LINE('',#1570,#1569);
#1572=DIRECTION('',(3.316101270444E-3,-3.315869618863E-3,9.999890041801E-1));
#1573=VECTOR('',#1572,8.900761095067E0);
#1574=CARTESIAN_POINT('',(2.970484174823E0,-4.320486923993E0,
-9.400663223900E0));
#1575=LINE('',#1574,#1573);
#1576=DIRECTION('',(6.785588049217E-13,1.E0,-1.122557026243E-14));
#1577=VECTOR('',#1576,2.784070422489E0);
#1578=CARTESIAN_POINT('',(2.999999999998E0,-4.350000687292E0,-5.E-1));
#1579=LINE('',#1578,#1577);
#1580=DIRECTION('',(0.E0,-1.E0,0.E0));
#1581=VECTOR('',#1580,5.296251475221E0);
#1582=CARTESIAN_POINT('',(2.993697138963E0,3.763497410398E0,-2.400663223900E0));
#1583=LINE('',#1582,#1581);
#1584=DIRECTION('',(-3.316101268746E-3,-3.316024051693E-3,-9.999890036680E-1));
#1585=VECTOR('',#1584,8.900761099625E0);
#1586=CARTESIAN_POINT('',(2.999999999998E0,4.350002061877E0,-5.E-1));
#1587=LINE('',#1586,#1585);
#1588=DIRECTION('',(5.577247761982E-5,-9.999995568613E-1,9.397694181742E-4));
#1589=VECTOR('',#1588,4.704871324836E-1);
#1590=CARTESIAN_POINT('',(2.970484174823E0,4.320486923993E0,-9.400663223900E0));
#1591=LINE('',#1590,#1589);
#1592=DIRECTION('',(-3.191976997597E-3,0.E0,-9.999949056284E-1));
#1593=VECTOR('',#1592,1.995588672083E-1);
#1594=CARTESIAN_POINT('',(2.971147402370E0,3.85E0,-9.200663223900E0));
#1595=LINE('',#1594,#1593);
#1596=DIRECTION('',(1.678591040151E-7,1.E0,-5.566435388837E-10));
#1597=VECTOR('',#1596,2.461E0);
#1598=CARTESIAN_POINT('',(2.971146989268E0,1.389E0,-9.200663222530E0));
#1599=LINE('',#1598,#1597);
#1600=DIRECTION('',(-3.316119501059E-3,-6.884259948819E-8,-9.999945016606E-1));
#1601=VECTOR('',#1600,6.000696216395E0);
#1602=CARTESIAN_POINT('',(2.991046015012E0,1.389000413104E0,-3.2E0));
#1603=LINE('',#1602,#1601);
#1604=DIRECTION('',(0.E0,1.E0,0.E0));
#1605=VECTOR('',#1604,1.200000826207E0);
#1606=CARTESIAN_POINT('',(2.991046015012E0,1.889995868965E-1,-3.2E0));
#1607=LINE('',#1606,#1605);
#1608=DIRECTION('',(0.E0,1.E0,0.E0));
#1609=VECTOR('',#1608,1.E0);
#1610=CARTESIAN_POINT('',(2.870572341781E0,2.89E-1,-9.373536451763E0));
#1611=LINE('',#1610,#1609);
#1612=CARTESIAN_POINT('',(2.771148502038E0,3.85E0,-9.2E0));
#1613=DIRECTION('',(0.E0,1.E0,0.E0));
#1614=DIRECTION('',(9.999945016606E-1,0.E0,-3.316119501058E-3));
#1615=AXIS2_PLACEMENT_3D('',#1612,#1613,#1614);
#1617=CARTESIAN_POINT('',(2.771148502038E0,-3.85E0,-9.2E0));
#1618=DIRECTION('',(0.E0,-1.E0,0.E0));
#1619=DIRECTION('',(0.E0,0.E0,-1.E0));
#1620=AXIS2_PLACEMENT_3D('',#1617,#1618,#1619);
#1622=DIRECTION('',(-3.316119501059E-3,0.E0,-9.999945016606E-1));
#1623=VECTOR('',#1622,6.173570396149E0);
#1624=CARTESIAN_POINT('',(2.891044638963E0,2.89E-1,-3.2E0));
#1625=LINE('',#1624,#1623);
#1626=DIRECTION('',(-3.316119501059E-3,0.E0,-9.999945016606E-1));
#1627=VECTOR('',#1626,6.173570396149E0);
#1628=CARTESIAN_POINT('',(2.891044638963E0,1.289E0,-3.2E0));
#1629=LINE('',#1628,#1627);
#1630=CARTESIAN_POINT('',(2.971146989268E0,1.389E0,-9.200663222530E0));
#1631=CARTESIAN_POINT('',(2.971105481206E0,1.389E0,-9.213180212388E0));
#1632=CARTESIAN_POINT('',(2.968703768429E0,1.386682442183E0,-9.238188989070E0));
#1633=CARTESIAN_POINT('',(2.957647981956E0,1.375751352829E0,-9.275920611144E0));
#1634=CARTESIAN_POINT('',(2.938044140273E0,1.356270692259E0,-9.312994929817E0));
#1635=CARTESIAN_POINT('',(2.909360148829E0,1.327699250731E0,-9.346898345732E0));
#1636=CARTESIAN_POINT('',(2.884558036567E0,1.302959046513E0,-9.365523659851E0));
#1637=CARTESIAN_POINT('',(2.870572341781E0,1.289E0,-9.373536451763E0));
#1639=DIRECTION('',(0.E0,0.E0,-1.E0));
#1640=VECTOR('',#1639,1.5E-1);
#1641=CARTESIAN_POINT('',(-9.5E-1,3.85E0,-9.4E0));
#1642=LINE('',#1641,#1640);
#1643=DIRECTION('',(1.E0,0.E0,0.E0));
#1644=VECTOR('',#1643,5.E-2);
#1645=CARTESIAN_POINT('',(-1.E0,3.85E0,-9.55E0));
#1646=LINE('',#1645,#1644);
#1647=DIRECTION('',(0.E0,0.E0,1.E0));
#1648=VECTOR('',#1647,5.E-2);
#1649=CARTESIAN_POINT('',(-1.E0,3.85E0,-9.6E0));
#1650=LINE('',#1649,#1648);
#1651=CARTESIAN_POINT('',(-2.970510140138E0,3.85E0,-9.400331611950E0));
#1652=CARTESIAN_POINT('',(-2.970458722109E0,3.85E0,-9.415837008280E0));
#1653=CARTESIAN_POINT('',(-2.966967848269E0,3.85E0,-9.445322338559E0));
#1654=CARTESIAN_POINT('',(-2.951985874073E0,3.85E0,-9.487965694559E0));
#1655=CARTESIAN_POINT('',(-2.927926643804E0,3.85E0,-9.526034815077E0));
#1656=CARTESIAN_POINT('',(-2.895997530433E0,3.85E0,-9.557859281108E0));
#1657=CARTESIAN_POINT('',(-2.857848524930E0,3.85E0,-9.581788213570E0));
#1658=CARTESIAN_POINT('',(-2.815155907023E0,3.85E0,-9.596643328049E0));
#1659=CARTESIAN_POINT('',(-2.785658875009E0,3.85E0,-9.6E0));
#1660=CARTESIAN_POINT('',(-2.770485274491E0,3.85E0,-9.6E0));
#1662=DIRECTION('',(1.E0,0.E0,0.E0));
#1663=VECTOR('',#1662,1.821148502038E0);
#1664=CARTESIAN_POINT('',(-2.771148502038E0,3.85E0,-9.4E0));
#1665=LINE('',#1664,#1663);
#1666=DIRECTION('',(0.E0,0.E0,-1.E0));
#1667=VECTOR('',#1666,1.5E-1);
#1668=CARTESIAN_POINT('',(5.5E-1,3.85E0,-9.4E0));
#1669=LINE('',#1668,#1667);
#1670=DIRECTION('',(1.E0,0.E0,0.E0));
#1671=VECTOR('',#1670,1.1E0);
#1672=CARTESIAN_POINT('',(-5.5E-1,3.85E0,-9.55E0));
#1673=LINE('',#1672,#1671);
#1674=DIRECTION('',(0.E0,0.E0,1.E0));
#1675=VECTOR('',#1674,1.5E-1);
#1676=CARTESIAN_POINT('',(-5.5E-1,3.85E0,-9.55E0));
#1677=LINE('',#1676,#1675);
#1678=DIRECTION('',(1.E0,0.E0,0.E0));
#1679=VECTOR('',#1678,1.1E0);
#1680=CARTESIAN_POINT('',(-5.5E-1,3.85E0,-9.4E0));
#1681=LINE('',#1680,#1679);
#1682=DIRECTION('',(0.E0,0.E0,1.E0));
#1683=VECTOR('',#1682,1.5E-1);
#1684=CARTESIAN_POINT('',(9.5E-1,3.85E0,-9.55E0));
#1685=LINE('',#1684,#1683);
#1686=DIRECTION('',(1.E0,0.E0,0.E0));
#1687=VECTOR('',#1686,1.821148502038E0);
#1688=CARTESIAN_POINT('',(9.5E-1,3.85E0,-9.4E0));
#1689=LINE('',#1688,#1687);
#1690=CARTESIAN_POINT('',(2.770485274491E0,3.85E0,-9.4E0));
#1691=DIRECTION('',(0.E0,-1.E0,0.E0));
#1692=DIRECTION('',(0.E0,0.E0,-1.E0));
#1693=AXIS2_PLACEMENT_3D('',#1690,#1691,#1692);
#1695=DIRECTION('',(0.E0,2.664535259100E-14,1.E0));
#1696=VECTOR('',#1695,5.E-2);
#1697=CARTESIAN_POINT('',(1.E0,3.85E0,-9.6E0));
#1698=LINE('',#1697,#1696);
#1699=DIRECTION('',(1.E0,0.E0,0.E0));
#1700=VECTOR('',#1699,5.E-2);
#1701=CARTESIAN_POINT('',(9.5E-1,3.85E0,-9.55E0));
#1702=LINE('',#1701,#1700);
#1703=DIRECTION('',(0.E0,0.E0,1.E0));
#1704=VECTOR('',#1703,5.E-2);
#1705=CARTESIAN_POINT('',(-1.E0,-4.15E0,-9.6E0));
#1706=LINE('',#1705,#1704);
#1707=DIRECTION('',(0.E0,0.E0,1.E0));
#1708=VECTOR('',#1707,5.E-2);
#1709=CARTESIAN_POINT('',(-1.1E0,-4.15E0,-9.6E0));
#1710=LINE('',#1709,#1708);
#1711=CARTESIAN_POINT('',(-1.1E0,-4.620485274491E0,-9.4E0));
#1712=DIRECTION('',(-1.E0,0.E0,0.E0));
#1713=DIRECTION('',(0.E0,0.E0,-1.E0));
#1714=AXIS2_PLACEMENT_3D('',#1711,#1712,#1713);
#1716=DIRECTION('',(0.E0,0.E0,1.E0));
#1717=VECTOR('',#1716,5.E-2);
#1718=CARTESIAN_POINT('',(-1.E0,4.15E0,-9.6E0));
#1719=LINE('',#1718,#1717);
#1720=CARTESIAN_POINT('',(-1.1E0,4.620485274491E0,-9.4E0));
#1721=DIRECTION('',(-1.E0,0.E0,0.E0));
#1722=DIRECTION('',(0.E0,9.999945016606E-1,-3.316119501058E-3));
#1723=AXIS2_PLACEMENT_3D('',#1720,#1721,#1722);
#1725=DIRECTION('',(0.E0,0.E0,1.E0));
#1726=VECTOR('',#1725,5.E-2);
#1727=CARTESIAN_POINT('',(-1.1E0,4.15E0,-9.6E0));
#1728=LINE('',#1727,#1726);
#1729=DIRECTION('',(-3.315946835278E-3,3.316101269807E-3,9.999890039240E-1));
#1730=VECTOR('',#1729,8.900761097345E0);
#1731=CARTESIAN_POINT('',(-2.470486923993E0,4.820484174823E0,
-9.400663223900E0));
#1732=LINE('',#1731,#1730);
#1733=DIRECTION('',(-1.E0,0.E0,0.E0));
#1734=VECTOR('',#1733,1.370486923993E0);
#1735=CARTESIAN_POINT('',(-1.1E0,4.820484174823E0,-9.400663223900E0));
#1736=LINE('',#1735,#1734);
#1737=DIRECTION('',(-1.776347072387E-14,3.316119501062E-3,9.999945016606E-1));
#1738=VECTOR('',#1737,5.000027491848E-2);
#1739=CARTESIAN_POINT('',(-1.1E0,4.820484174823E0,-9.400663223900E0));
#1740=LINE('',#1739,#1738);
#1741=DIRECTION('',(-1.E0,0.E0,0.E0));
#1742=VECTOR('',#1741,2.2E0);
#1743=CARTESIAN_POINT('',(1.1E0,4.820649981710E0,-9.350663223900E0));
#1744=LINE('',#1743,#1742);
#1745=DIRECTION('',(0.E0,3.316119501062E-3,9.999945016606E-1));
#1746=VECTOR('',#1745,5.000027491848E-2);
#1747=CARTESIAN_POINT('',(1.1E0,4.820484174823E0,-9.400663223900E0));
#1748=LINE('',#1747,#1746);
#1749=DIRECTION('',(-1.E0,0.E0,0.E0));
#1750=VECTOR('',#1749,1.370486923993E0);
#1751=CARTESIAN_POINT('',(2.470486923993E0,4.820484174823E0,-9.400663223900E0));
#1752=LINE('',#1751,#1750);
#1753=DIRECTION('',(-3.315946835278E-3,-3.316101269807E-3,-9.999890039240E-1));
#1754=VECTOR('',#1753,8.900761097346E0);
#1755=CARTESIAN_POINT('',(2.500001374585E0,4.85E0,-5.E-1));
#1756=LINE('',#1755,#1754);
#1757=CARTESIAN_POINT('',(-2.500001374585E0,4.85E0,-5.E-1));
#1758=CARTESIAN_POINT('',(-2.532726298058E0,4.85E0,-5.000000010242E-1));
#1759=CARTESIAN_POINT('',(-2.598173192079E0,4.843553806023E0,
-5.000000031719E-1));
#1760=CARTESIAN_POINT('',(-2.692575346655E0,4.814917520134E0,
-5.000000073138E-1));
#1761=CARTESIAN_POINT('',(-2.779575718352E0,4.768414710991E0,
-5.000000105106E-1));
#1762=CARTESIAN_POINT('',(-2.855832478965E0,4.705832472829E0,
-5.000000117371E-1));
#1763=CARTESIAN_POINT('',(-2.918414709346E0,4.629575741254E0,
-5.000000105106E-1));
#1764=CARTESIAN_POINT('',(-2.964917520577E0,4.542575261186E0,
-5.000000073138E-1));
#1765=CARTESIAN_POINT('',(-2.993553805898E0,4.448173511053E0,
-5.000000031720E-1));
#1766=CARTESIAN_POINT('',(-2.999999999998E0,4.382725610765E0,
-5.000000010241E-1));
#1767=CARTESIAN_POINT('',(-2.999999999998E0,4.350000687292E0,-5.E-1));
#1769=DIRECTION('',(4.581949489405E-6,0.E0,9.999999999895E-1));
#1770=VECTOR('',#1769,3.000000000032E-1);
#1771=CARTESIAN_POINT('',(-2.500001374585E0,4.85E0,-5.E-1));
#1772=LINE('',#1771,#1770);
#1773=DIRECTION('',(1.E0,0.E0,0.E0));
#1774=VECTOR('',#1773,5.000002749170E0);
#1775=CARTESIAN_POINT('',(-2.500001374585E0,4.85E0,-5.E-1));
#1776=LINE('',#1775,#1774);
#1777=DIRECTION('',(4.581949489406E-6,0.E0,-9.999999999895E-1));
#1778=VECTOR('',#1777,3.000000000031E-1);
#1779=CARTESIAN_POINT('',(2.5E0,4.85E0,-2.E-1));
#1780=LINE('',#1779,#1778);
#1781=DIRECTION('',(-1.E0,0.E0,0.E0));
#1782=VECTOR('',#1781,5.E0);
#1783=CARTESIAN_POINT('',(2.5E0,4.85E0,-2.E-1));
#1784=LINE('',#1783,#1782);
#1785=CARTESIAN_POINT('',(2.500001374585E0,4.85E0,-5.E-1));
#1786=CARTESIAN_POINT('',(2.532725889035E0,4.849999640143E0,
-5.001085167797E-1));
#1787=CARTESIAN_POINT('',(2.598175990113E0,4.843552852705E0,
-5.003041710726E-1));
#1788=CARTESIAN_POINT('',(2.692575399689E0,4.814916082102E0,
-5.005222475835E-1));
#1789=CARTESIAN_POINT('',(2.779575271397E0,4.768413203785E0,
-5.006565372690E-1));
#1790=CARTESIAN_POINT('',(2.855831258672E0,4.705831264809E0,
-5.007018812884E-1));
#1791=CARTESIAN_POINT('',(2.918413205430E0,4.629575248496E0,
-5.006565372690E-1));
#1792=CARTESIAN_POINT('',(2.964916081659E0,4.542575485157E0,
-5.005222475835E-1));
#1793=CARTESIAN_POINT('',(2.993552852832E0,4.448175671139E0,
-5.003041710724E-1));
#1794=CARTESIAN_POINT('',(2.999999640142E0,4.382726576327E0,
-5.001085167797E-1));
#1795=CARTESIAN_POINT('',(2.999999999998E0,4.350002061877E0,-5.E-1));
#1797=DIRECTION('',(-6.298665292891E-12,6.872924232538E-6,-9.999999999764E-1));
#1798=VECTOR('',#1797,3.000000000071E-1);
#1799=CARTESIAN_POINT('',(3.E0,4.35E0,-2.E-1));
#1800=LINE('',#1799,#1798);
#1801=DIRECTION('',(3.414166565235E-12,-1.E0,-1.841916376872E-13));
#1802=VECTOR('',#1801,5.533284514993E-1);
#1803=CARTESIAN_POINT('',(2.999999999998E0,4.350002061877E0,-5.E-1));
#1804=LINE('',#1803,#1802);
#1805=DIRECTION('',(0.E0,1.745240643728E-2,9.998476951564E-1));
#1806=VECTOR('',#1805,3.000456984133E-1);
#1807=CARTESIAN_POINT('',(3.E0,3.796673610378E0,-5.000000000001E-1));
#1808=LINE('',#1807,#1806);
#1809=DIRECTION('',(0.E0,-1.E0,0.E0));
#1810=VECTOR('',#1809,5.480898701436E-1);
#1811=CARTESIAN_POINT('',(3.E0,4.35E0,-2.E-1));
#1812=LINE('',#1811,#1810);
#1813=DIRECTION('',(6.297184995658E-12,2.290974743241E-6,9.999999999974E-1));
#1814=VECTOR('',#1813,3.000000000007E-1);
#1815=CARTESIAN_POINT('',(2.999999999998E0,-4.350000687292E0,-5.E-1));
#1816=LINE('',#1815,#1814);
#1817=DIRECTION('',(0.E0,-1.E0,0.E0));
#1818=VECTOR('',#1817,2.778833215718E0);
#1819=CARTESIAN_POINT('',(3.E0,-1.571166784282E0,-2.E-1));
#1820=LINE('',#1819,#1818);
#1821=DIRECTION('',(-3.315614445550E-3,1.745231050726E-2,9.998421993289E-1));
#1822=VECTOR('',#1821,1.900963197169E0);
#1823=CARTESIAN_POINT('',(-2.993697138963E0,3.763497410398E0,
-2.400663223900E0));
#1824=LINE('',#1823,#1822);
#1825=CARTESIAN_POINT('',(-2.8E0,3.805401142842E0,0.E0));
#1826=CARTESIAN_POINT('',(-2.833335872134E0,3.805401142842E0,0.E0));
#1827=CARTESIAN_POINT('',(-2.885534874963E0,3.805148558676E0,
-1.447053717046E-2));
#1828=CARTESIAN_POINT('',(-2.944369853362E0,3.804429997064E0,
-5.563690438110E-2));
#1829=CARTESIAN_POINT('',(-2.985532776261E0,3.803403015556E0,
-1.144726355533E-1));
#1830=CARTESIAN_POINT('',(-3.E0,3.802491921046E0,-1.666692050807E-1));
#1831=CARTESIAN_POINT('',(-3.E0,3.801910129856E0,-2.E-1));
#1833=DIRECTION('',(-3.315614445550E-3,-1.745231050726E-2,-9.998421993289E-1));
#1834=VECTOR('',#1833,1.900963197168E0);
#1835=CARTESIAN_POINT('',(3.E0,3.796673610378E0,-5.000000000001E-1));
#1836=LINE('',#1835,#1834);
#1837=CARTESIAN_POINT('',(3.E0,3.801910129856E0,-2.E-1));
#1838=CARTESIAN_POINT('',(3.E0,3.802491921046E0,-1.666692050807E-1));
#1839=CARTESIAN_POINT('',(2.985532776261E0,3.803403015556E0,
-1.144726355533E-1));
#1840=CARTESIAN_POINT('',(2.944369853362E0,3.804429997064E0,
-5.563690438110E-2));
#1841=CARTESIAN_POINT('',(2.885534874963E0,3.805148558676E0,
-1.447053717046E-2));
#1842=CARTESIAN_POINT('',(2.833335872134E0,3.805401142842E0,0.E0));
#1843=CARTESIAN_POINT('',(2.8E0,3.805401142842E0,0.E0));
#1845=DIRECTION('',(0.E0,1.E0,0.E0));
#1846=VECTOR('',#1845,5.303256654425E0);
#1847=CARTESIAN_POINT('',(-2.793698238631E0,-1.536256654425E0,-2.2E0));
#1848=LINE('',#1847,#1846);
#1849=DIRECTION('',(1.E0,0.E0,0.E0));
#1850=VECTOR('',#1849,3.958957672824E-1);
#1851=CARTESIAN_POINT('',(-2.793698238631E0,3.767E0,-2.2E0));
#1852=LINE('',#1851,#1850);
#1853=DIRECTION('',(1.E0,0.E0,0.E0));
#1854=VECTOR('',#1853,3.958957672824E-1);
#1855=CARTESIAN_POINT('',(-2.793698238631E0,-1.536256654425E0,-2.2E0));
#1856=LINE('',#1855,#1854);
#1857=DIRECTION('',(0.E0,-1.E0,0.E0));
#1858=VECTOR('',#1857,7.556683556617E-1);
#1859=CARTESIAN_POINT('',(1.892165822169E0,3.968341778308E-1,-2.2E0));
#1860=LINE('',#1859,#1858);
#1861=DIRECTION('',(1.E0,0.E0,0.E0));
#1862=VECTOR('',#1861,3.958957672824E-1);
#1863=CARTESIAN_POINT('',(2.397802471348E0,3.767E0,-2.2E0));
#1864=LINE('',#1863,#1862);
#1865=DIRECTION('',(0.E0,-1.E0,0.E0));
#1866=VECTOR('',#1865,5.303256654425E0);
#1867=CARTESIAN_POINT('',(2.793698238631E0,3.767E0,-2.2E0));
#1868=LINE('',#1867,#1866);
#1869=DIRECTION('',(-1.E0,0.E0,0.E0));
#1870=VECTOR('',#1869,3.958957672824E-1);
#1871=CARTESIAN_POINT('',(2.793698238631E0,-1.536256654425E0,-2.2E0));
#1872=LINE('',#1871,#1870);
#1873=CARTESIAN_POINT('',(-2.793698238631E0,-1.536256654425E0,-2.2E0));
#1874=CARTESIAN_POINT('',(-2.827144840373E0,-1.536256654425E0,-2.2E0));
#1875=CARTESIAN_POINT('',(-2.879436650671E0,-1.536002668497E0,
-2.214550844089E0));
#1876=CARTESIAN_POINT('',(-2.938317894402E0,-1.535281511886E0,
-2.255865878671E0));
#1877=CARTESIAN_POINT('',(-2.979433995367E0,-1.534251337072E0,
-2.314884554220E0));
#1878=CARTESIAN_POINT('',(-2.993808034999E0,-1.533337785302E0,
-2.367221900054E0));
#1879=CARTESIAN_POINT('',(-2.993697138963E0,-1.532754064823E0,
-2.400663223900E0));
#1881=CARTESIAN_POINT('',(-2.993697138963E0,3.763497410398E0,
-2.400663223900E0));
#1882=CARTESIAN_POINT('',(-2.993808034999E0,3.764081130877E0,
-2.367221900054E0));
#1883=CARTESIAN_POINT('',(-2.979433995367E0,3.764994682647E0,
-2.314884554220E0));
#1884=CARTESIAN_POINT('',(-2.938317894402E0,3.766024857461E0,
-2.255865878671E0));
#1885=CARTESIAN_POINT('',(-2.879436650671E0,3.766746014072E0,
-2.214550844089E0));
#1886=CARTESIAN_POINT('',(-2.827144840373E0,3.767E0,-2.2E0));
#1887=CARTESIAN_POINT('',(-2.793698238631E0,3.767E0,-2.2E0));
#1889=DIRECTION('',(4.363267749977E-3,4.363267749978E-3,9.999809617133E-1));
#1890=VECTOR('',#1889,4.080077677689E0);
#1891=CARTESIAN_POINT('',(2.38E0,-3.766366491793E-1,-6.28E0));
#1892=LINE('',#1891,#1890);
#1893=DIRECTION('',(0.E0,-1.E0,0.E0));
#1894=VECTOR('',#1893,1.177422476594E0);
#1895=CARTESIAN_POINT('',(2.397802471348E0,-3.588341778308E-1,-2.2E0));
#1896=LINE('',#1895,#1894);
#1897=DIRECTION('',(0.E0,1.E0,1.657996072579E-13));
#1898=VECTOR('',#1897,2.059073514820E0);
#1899=CARTESIAN_POINT('',(2.406747346761E0,-3.631113077272E0,
-1.499985721085E-1));
#1900=LINE('',#1899,#1898);
#1901=DIRECTION('',(4.363300094156E-3,-4.363655950138E-3,9.999809598783E-1));
#1902=VECTOR('',#1901,6.130118144789E0);
#1903=CARTESIAN_POINT('',(2.379999801683E0,-3.604363350754E0,
-6.279999998702E0));
#1904=LINE('',#1903,#1902);
#1905=DIRECTION('',(4.363267749977E-3,-4.363267749978E-3,9.999809617133E-1));
#1906=VECTOR('',#1905,4.080077677689E0);
#1907=CARTESIAN_POINT('',(2.38E0,4.146366491793E-1,-6.28E0));
#1908=LINE('',#1907,#1906);
#1909=DIRECTION('',(-4.363299321010E-3,-4.363646698602E-3,-9.999809599220E-1));
#1910=VECTOR('',#1909,6.280119574399E0);
#1911=CARTESIAN_POINT('',(2.407401843154E0,4.145767573795E0,0.E0));
#1912=LINE('',#1911,#1910);
#1913=DIRECTION('',(-4.362644744257E-3,-1.745224035355E-2,-9.998381802259E-1));
#1914=VECTOR('',#1913,2.200356061121E0);
#1915=CARTESIAN_POINT('',(2.407401843154E0,3.805401142842E0,0.E0));
#1916=LINE('',#1915,#1914);
#1917=DIRECTION('',(0.E0,-1.E0,0.E0));
#1918=VECTOR('',#1917,3.370165822169E0);
#1919=CARTESIAN_POINT('',(2.397802471348E0,3.767E0,-2.2E0));
#1920=LINE('',#1919,#1918);
#1921=DIRECTION('',(1.E0,0.E0,0.E0));
#1922=VECTOR('',#1921,5.056366491793E-1);
#1923=CARTESIAN_POINT('',(1.892165822169E0,-3.588341778308E-1,-2.2E0));
#1924=LINE('',#1923,#1922);
#1925=DIRECTION('',(0.E0,-4.363309284747E-3,-9.999904807207E-1));
#1926=VECTOR('',#1925,1.000009519370E0);
#1927=CARTESIAN_POINT('',(2.38E0,-3.766366491793E-1,-6.28E0));
#1928=LINE('',#1927,#1926);
#1929=DIRECTION('',(-6.144171362660E-8,-1.E0,4.021284854376E-10));
#1930=VECTOR('',#1929,3.227726701575E0);
#1931=CARTESIAN_POINT('',(2.38E0,-3.766366491793E-1,-6.28E0));
#1932=LINE('',#1931,#1930);
#1933=DIRECTION('',(-1.983151695104E-7,-4.365688987274E-3,9.999904703344E-1));
#1934=VECTOR('',#1933,1.000009531054E0);
#1935=CARTESIAN_POINT('',(2.38E0,-3.599997620158E0,-7.28E0));
#1936=LINE('',#1935,#1934);
#1937=DIRECTION('',(0.E0,4.363309284747E-3,-9.999904807207E-1));
#1938=VECTOR('',#1937,1.000009519370E0);
#1939=CARTESIAN_POINT('',(2.38E0,4.146366491793E-1,-6.28E0));
#1940=LINE('',#1939,#1938);
#1941=DIRECTION('',(1.983189450200E-7,-4.365688987276E-3,-9.999904703344E-1));
#1942=VECTOR('',#1941,1.000009529324E0);
#1943=CARTESIAN_POINT('',(2.379999801679E0,4.118363350747E0,-6.280000000433E0));
#1944=LINE('',#1943,#1942);
#1945=DIRECTION('',(5.354629304199E-8,-1.E0,1.168009630547E-10));
#1946=VECTOR('',#1945,3.703726701568E0);
#1947=CARTESIAN_POINT('',(2.379999801679E0,4.118363350747E0,-6.280000000433E0));
#1948=LINE('',#1947,#1946);
#1949=CARTESIAN_POINT('',(2.130000793273E0,-3.854360970992E0,
-6.280545412795E0));
#1950=CARTESIAN_POINT('',(2.151817055490E0,-3.854360557496E0,
-6.280624313193E0));
#1951=CARTESIAN_POINT('',(2.195447581079E0,-3.848615637624E0,
-6.280754800173E0));
#1952=CARTESIAN_POINT('',(2.256434954363E0,-3.823353271160E0,
-6.280845614206E0));
#1953=CARTESIAN_POINT('',(2.308805761835E0,-3.783167430387E0,
-6.280839210144E0));
#1954=CARTESIAN_POINT('',(2.348991784874E0,-3.730796802164E0,
-6.280690112303E0));
#1955=CARTESIAN_POINT('',(2.374253770185E0,-3.669809744809E0,
-6.280578246341E0));
#1956=CARTESIAN_POINT('',(2.379999453715E0,-3.626179470827E0,
-6.280111477133E0));
#1957=CARTESIAN_POINT('',(2.379999801683E0,-3.604363350754E0,
-6.279999998702E0));
#1959=CARTESIAN_POINT('',(2.156749726566E0,-3.881110697582E0,
-1.499985721082E-1));
#1960=CARTESIAN_POINT('',(2.173081055657E0,-3.881110884950E0,
-1.499556316803E-1));
#1961=CARTESIAN_POINT('',(2.205785863095E0,-3.877907281636E0,
-1.498780642156E-1));
#1962=CARTESIAN_POINT('',(2.253176068070E0,-3.863521129274E0,
-1.497912867174E-1));
#1963=CARTESIAN_POINT('',(2.296675577402E0,-3.840233246833E0,
-1.497381443220E-1));
#1964=CARTESIAN_POINT('',(2.334891399832E0,-3.808812700876E0,
-1.497202775134E-1));
#1965=CARTESIAN_POINT('',(2.366134467868E0,-3.770633599025E0,
-1.497385144150E-1));
#1966=CARTESIAN_POINT('',(2.389413319166E0,-3.726973074695E0,
-1.497921039125E-1));
#1967=CARTESIAN_POINT('',(2.403664231724E0,-3.679415566117E0,
-1.498796768875E-1));
#1968=CARTESIAN_POINT('',(2.406747531945E0,-3.647251453349E0,
-1.499561390174E-1));
#1969=CARTESIAN_POINT('',(2.406747346761E0,-3.631113077272E0,
-1.499985721085E-1));
#1971=DIRECTION('',(4.363138354336E-3,-4.363267752578E-3,9.999809622779E-1));
#1972=VECTOR('',#1971,6.130663554556E0);
#1973=CARTESIAN_POINT('',(2.130000793273E0,-3.854360970992E0,
-6.280545412795E0));
#1974=LINE('',#1973,#1972);
#1975=DIRECTION('',(1.E0,0.E0,0.E0));
#1976=VECTOR('',#1975,3.728628039521E-1);
#1977=CARTESIAN_POINT('',(1.783886922614E0,-3.881110697582E0,
-1.499985721082E-1));
#1978=LINE('',#1977,#1976);
#1979=DIRECTION('',(4.363267747816E-3,4.363267749978E-3,-9.999809617133E-1));
#1980=VECTOR('',#1979,7.130137173487E0);
#1981=CARTESIAN_POINT('',(1.783886922614E0,-3.881110697582E0,
-1.499985721082E-1));
#1982=LINE('',#1981,#1980);
#1983=DIRECTION('',(7.936986143935E-7,-4.363309283906E-3,9.999904807204E-1));
#1984=VECTOR('',#1983,9.994641013829E-1);
#1985=CARTESIAN_POINT('',(2.13E0,-3.85E0,-7.28E0));
#1986=LINE('',#1985,#1984);
#1987=DIRECTION('',(4.363138354336E-3,4.363267752578E-3,-9.999809622779E-1));
#1988=VECTOR('',#1987,6.130663554556E0);
#1989=CARTESIAN_POINT('',(-2.156749726566E0,-3.881110697582E0,
-1.499985721082E-1));
#1990=LINE('',#1989,#1988);
#1991=DIRECTION('',(7.936986135048E-7,4.363309283906E-3,-9.999904807204E-1));
#1992=VECTOR('',#1991,9.994641013830E-1);
#1993=CARTESIAN_POINT('',(-2.130000793273E0,-3.854360970992E0,
-6.280545412795E0));
#1994=LINE('',#1993,#1992);
#1995=DIRECTION('',(-4.363267731751E-3,4.363267749978E-3,-9.999809617134E-1));
#1996=VECTOR('',#1995,7.130137173487E0);
#1997=CARTESIAN_POINT('',(-1.783886922728E0,-3.881110697582E0,
-1.499985721085E-1));
#1998=LINE('',#1997,#1996);
#1999=DIRECTION('',(1.E0,0.E0,-8.077387926751E-13));
#2000=VECTOR('',#1999,3.728628038375E-1);
#2001=CARTESIAN_POINT('',(-2.156749726566E0,-3.881110697582E0,
-1.499985721082E-1));
#2002=LINE('',#2001,#2000);
#2003=DIRECTION('',(8.576414401679E-11,-7.086477648608E-1,7.055624319348E-1));
#2004=VECTOR('',#2003,2.125943294583E-1);
#2005=CARTESIAN_POINT('',(1.783886922614E0,-3.881110697582E0,
-1.499985721082E-1));
#2006=LINE('',#2005,#2004);
#2007=DIRECTION('',(-8.578921086844E-11,-7.086477648608E-1,7.055624319348E-1));
#2008=VECTOR('',#2007,2.125943294583E-1);
#2009=CARTESIAN_POINT('',(2.156749726566E0,-3.881110697582E0,
-1.499985721082E-1));
#2010=LINE('',#2009,#2008);
#2011=DIRECTION('',(7.086477648601E-1,7.036432370543E-10,7.055624319355E-1));
#2012=VECTOR('',#2011,2.125943294585E-1);
#2013=CARTESIAN_POINT('',(2.406747346761E0,-3.631113077272E0,
-1.499985721085E-1));
#2014=LINE('',#2013,#2012);
#2015=DIRECTION('',(0.E0,-1.E0,0.E0));
#2016=VECTOR('',#2015,5.343633508207E-1);
#2017=CARTESIAN_POINT('',(-3.182348060253E-1,4.395765193975E0,0.E0));
#2018=LINE('',#2017,#2016);
#2019=DIRECTION('',(0.E0,-1.E0,0.E0));
#2020=VECTOR('',#2019,3.403664309524E-1);
#2021=CARTESIAN_POINT('',(-2.407401843154E0,4.145767573795E0,0.E0));
#2022=LINE('',#2021,#2020);
#2023=DIRECTION('',(1.E0,0.E0,0.E0));
#2024=VECTOR('',#2023,3.925981568460E-1);
#2025=CARTESIAN_POINT('',(-2.8E0,3.805401142842E0,0.E0));
#2026=LINE('',#2025,#2024);
#2027=DIRECTION('',(0.E0,1.E0,0.E0));
#2028=VECTOR('',#2027,5.445988571579E-1);
#2029=CARTESIAN_POINT('',(-2.8E0,3.805401142842E0,0.E0));
#2030=LINE('',#2029,#2028);
#2031=CARTESIAN_POINT('',(-2.5E0,4.35E0,0.E0));
#2032=DIRECTION('',(0.E0,0.E0,1.E0));
#2033=DIRECTION('',(0.E0,1.E0,0.E0));
#2034=AXIS2_PLACEMENT_3D('',#2031,#2032,#2033);
#2036=DIRECTION('',(-1.E0,0.E0,0.E0));
#2037=VECTOR('',#2036,5.E0);
#2038=CARTESIAN_POINT('',(2.5E0,4.65E0,0.E0));
#2039=LINE('',#2038,#2037);
#2040=CARTESIAN_POINT('',(2.5E0,4.35E0,0.E0));
#2041=DIRECTION('',(0.E0,0.E0,1.E0));
#2042=DIRECTION('',(1.E0,0.E0,0.E0));
#2043=AXIS2_PLACEMENT_3D('',#2040,#2041,#2042);
#2045=DIRECTION('',(0.E0,-1.E0,0.E0));
#2046=VECTOR('',#2045,5.445988571579E-1);
#2047=CARTESIAN_POINT('',(2.8E0,4.35E0,0.E0));
#2048=LINE('',#2047,#2046);
#2049=DIRECTION('',(1.E0,0.E0,0.E0));
#2050=VECTOR('',#2049,3.925981568460E-1);
#2051=CARTESIAN_POINT('',(2.407401843154E0,3.805401142842E0,0.E0));
#2052=LINE('',#2051,#2050);
#2053=DIRECTION('',(0.E0,-1.E0,0.E0));
#2054=VECTOR('',#2053,3.403664309524E-1);
#2055=CARTESIAN_POINT('',(2.407401843154E0,4.145767573795E0,0.E0));
#2056=LINE('',#2055,#2054);
#2057=DIRECTION('',(0.E0,1.E0,0.E0));
#2058=VECTOR('',#2057,5.343633508207E-1);
#2059=CARTESIAN_POINT('',(3.182348060253E-1,3.861401843154E0,0.E0));
#2060=LINE('',#2059,#2058);
#2061=DIRECTION('',(-1.E0,0.E0,0.E0));
#2062=VECTOR('',#2061,6.364696120506E-1);
#2063=CARTESIAN_POINT('',(3.182348060253E-1,3.861401843154E0,0.E0));
#2064=LINE('',#2063,#2062);
#2065=DIRECTION('',(1.E0,0.E0,0.E0));
#2066=VECTOR('',#2065,2.493530387949E0);
#2067=CARTESIAN_POINT('',(-1.246765193975E0,-4.281765193975E0,0.E0));
#2068=LINE('',#2067,#2066);
#2069=DIRECTION('',(-1.E0,0.E0,0.E0));
#2070=VECTOR('',#2069,1.364696120506E-1);
#2071=CARTESIAN_POINT('',(1.383234806025E0,-2.433401843154E0,0.E0));
#2072=LINE('',#2071,#2070);
#2073=DIRECTION('',(0.E0,-1.E0,0.E0));
#2074=VECTOR('',#2073,1.197711233968E0);
#2075=CARTESIAN_POINT('',(1.383234806025E0,-2.433401843154E0,0.E0));
#2076=LINE('',#2075,#2074);
#2077=CARTESIAN_POINT('',(1.383234806025E0,-3.631113077122E0,0.E0));
#2078=CARTESIAN_POINT('',(1.383234805970E0,-3.657279643852E0,0.E0));
#2079=CARTESIAN_POINT('',(1.388364674773E0,-3.709672970189E0,0.E0));
#2080=CARTESIAN_POINT('',(1.411420855187E0,-3.785636303997E0,0.E0));
#2081=CARTESIAN_POINT('',(1.448736118566E0,-3.855340631638E0,0.E0));
#2082=CARTESIAN_POINT('',(1.499084765613E0,-3.916587435619E0,0.E0));
#2083=CARTESIAN_POINT('',(1.560272767086E0,-3.966663981540E0,0.E0));
#2084=CARTESIAN_POINT('',(1.630222250721E0,-4.003966979504E0,0.E0));
#2085=CARTESIAN_POINT('',(1.706443966306E0,-4.026818630537E0,0.E0));
#2086=CARTESIAN_POINT('',(1.758013892083E0,-4.031765193981E0,0.E0));
#2087=CARTESIAN_POINT('',(1.783886922632E0,-4.031765193975E0,0.E0));
#2089=DIRECTION('',(1.E0,0.E0,0.E0));
#2090=VECTOR('',#2089,3.728628039156E-1);
#2091=CARTESIAN_POINT('',(1.783886922632E0,-4.031765193975E0,0.E0));
#2092=LINE('',#2091,#2090);
#2093=CARTESIAN_POINT('',(2.156749726547E0,-4.031765193975E0,0.E0));
#2094=CARTESIAN_POINT('',(2.182922477896E0,-4.031765193981E0,0.E0));
#2095=CARTESIAN_POINT('',(2.235335324146E0,-4.026630480886E0,0.E0));
#2096=CARTESIAN_POINT('',(2.311283428857E0,-4.003574285083E0,0.E0));
#2097=CARTESIAN_POINT('',(2.380996390782E0,-3.966252200405E0,0.E0));
#2098=CARTESIAN_POINT('',(2.442241852649E0,-3.915896763996E0,0.E0));
#2099=CARTESIAN_POINT('',(2.492312861300E0,-3.854710154065E0,0.E0));
#2100=CARTESIAN_POINT('',(2.529620475587E0,-3.784739148520E0,0.E0));
#2101=CARTESIAN_POINT('',(2.552459938432E0,-3.708522925731E0,0.E0));
#2102=CARTESIAN_POINT('',(2.557401843207E0,-3.656976599160E0,0.E0));
#2103=CARTESIAN_POINT('',(2.557401843154E0,-3.631113077122E0,0.E0));
#2105=DIRECTION('',(0.E0,1.E0,0.E0));
#2106=VECTOR('',#2105,2.056455279855E0);
#2107=CARTESIAN_POINT('',(2.557401843154E0,-3.631113077122E0,0.E0));
#2108=LINE('',#2107,#2106);
#2109=DIRECTION('',(-1.E0,0.E0,0.E0));
#2110=VECTOR('',#2109,2.425981568460E-1);
#2111=CARTESIAN_POINT('',(2.8E0,-1.574657797267E0,0.E0));
#2112=LINE('',#2111,#2110);
#2113=DIRECTION('',(0.E0,-1.E0,0.E0));
#2114=VECTOR('',#2113,2.775342202733E0);
#2115=CARTESIAN_POINT('',(2.8E0,-1.574657797267E0,0.E0));
#2116=LINE('',#2115,#2114);
#2117=CARTESIAN_POINT('',(2.5E0,-4.35E0,0.E0));
#2118=DIRECTION('',(0.E0,0.E0,1.E0));
#2119=DIRECTION('',(0.E0,-1.E0,0.E0));
#2120=AXIS2_PLACEMENT_3D('',#2117,#2118,#2119);
#2122=DIRECTION('',(-1.E0,0.E0,0.E0));
#2123=VECTOR('',#2122,5.E0);
#2124=CARTESIAN_POINT('',(2.5E0,-4.65E0,0.E0));
#2125=LINE('',#2124,#2123);
#2126=CARTESIAN_POINT('',(-2.5E0,-4.35E0,0.E0));
#2127=DIRECTION('',(0.E0,0.E0,1.E0));
#2128=DIRECTION('',(-1.E0,0.E0,0.E0));
#2129=AXIS2_PLACEMENT_3D('',#2126,#2127,#2128);
#2131=DIRECTION('',(0.E0,1.E0,0.E0));
#2132=VECTOR('',#2131,2.775342202733E0);
#2133=CARTESIAN_POINT('',(-2.8E0,-4.35E0,0.E0));
#2134=LINE('',#2133,#2132);
#2135=DIRECTION('',(-1.E0,0.E0,0.E0));
#2136=VECTOR('',#2135,2.425981568460E-1);
#2137=CARTESIAN_POINT('',(-2.557401843154E0,-1.574657797267E0,0.E0));
#2138=LINE('',#2137,#2136);
#2139=DIRECTION('',(0.E0,-1.E0,0.E0));
#2140=VECTOR('',#2139,2.056455279855E0);
#2141=CARTESIAN_POINT('',(-2.557401843154E0,-1.574657797267E0,0.E0));
#2142=LINE('',#2141,#2140);
#2143=CARTESIAN_POINT('',(-2.557401843154E0,-3.631113077122E0,0.E0));
#2144=CARTESIAN_POINT('',(-2.557401843209E0,-3.657279649111E0,0.E0));
#2145=CARTESIAN_POINT('',(-2.552271969985E0,-3.709672992972E0,0.E0));
#2146=CARTESIAN_POINT('',(-2.529215790920E0,-3.785636309662E0,0.E0));
#2147=CARTESIAN_POINT('',(-2.491900523886E0,-3.855340642706E0,0.E0));
#2148=CARTESIAN_POINT('',(-2.441551874413E0,-3.916587444170E0,0.E0));
#2149=CARTESIAN_POINT('',(-2.380363875320E0,-3.966663986274E0,0.E0));
#2150=CARTESIAN_POINT('',(-2.310414383870E0,-4.003966985890E0,0.E0));
#2151=CARTESIAN_POINT('',(-2.234192670121E0,-4.026818632344E0,0.E0));
#2152=CARTESIAN_POINT('',(-2.182622753451E0,-4.031765193981E0,0.E0));
#2153=CARTESIAN_POINT('',(-2.156749726547E0,-4.031765193975E0,0.E0));
#2155=DIRECTION('',(1.E0,0.E0,0.E0));
#2156=VECTOR('',#2155,3.728628036696E-1);
#2157=CARTESIAN_POINT('',(-2.156749726547E0,-4.031765193975E0,0.E0));
#2158=LINE('',#2157,#2156);
#2159=CARTESIAN_POINT('',(-1.783886922878E0,-4.031765193975E0,0.E0));
#2160=CARTESIAN_POINT('',(-1.757720356148E0,-4.031765194030E0,0.E0));
#2161=CARTESIAN_POINT('',(-1.705327029811E0,-4.026635325227E0,0.E0));
#2162=CARTESIAN_POINT('',(-1.629363696003E0,-4.003579144813E0,0.E0));
#2163=CARTESIAN_POINT('',(-1.559659368362E0,-3.966263881434E0,0.E0));
#2164=CARTESIAN_POINT('',(-1.498412564381E0,-3.915915234387E0,0.E0));
#2165=CARTESIAN_POINT('',(-1.448336018460E0,-3.854727232914E0,0.E0));
#2166=CARTESIAN_POINT('',(-1.411033020496E0,-3.784777749279E0,0.E0));
#2167=CARTESIAN_POINT('',(-1.388181369463E0,-3.708556033694E0,0.E0));
#2168=CARTESIAN_POINT('',(-1.383234806019E0,-3.656986107917E0,0.E0));
#2169=CARTESIAN_POINT('',(-1.383234806025E0,-3.631113077368E0,0.E0));
#2171=DIRECTION('',(0.E0,1.E0,0.E0));
#2172=VECTOR('',#2171,1.197711234214E0);
#2173=CARTESIAN_POINT('',(-1.383234806025E0,-3.631113077368E0,0.E0));
#2174=LINE('',#2173,#2172);
#2175=DIRECTION('',(-1.E0,0.E0,0.E0));
#2176=VECTOR('',#2175,1.364696120506E-1);
#2177=CARTESIAN_POINT('',(-1.246765193975E0,-2.433401843154E0,0.E0));
#2178=LINE('',#2177,#2176);
#2179=DIRECTION('',(7.086444066459E-1,3.078601827168E-3,7.055590883408E-1));
#2180=VECTOR('',#2179,2.125953369276E-1);
#2181=CARTESIAN_POINT('',(-4.688893024180E-1,4.395110697582E0,
-1.499985721081E-1));
#2182=LINE('',#2181,#2180);
#2183=DIRECTION('',(-7.086444066459E-1,-3.078601827160E-3,-7.055590883408E-1));
#2184=VECTOR('',#2183,2.125953369276E-1);
#2185=CARTESIAN_POINT('',(-3.182348060253E-1,3.861401843154E0,0.E0));
#2186=LINE('',#2185,#2184);
#2187=DIRECTION('',(-7.086444066459E-1,3.078601827160E-3,7.055590883408E-1));
#2188=VECTOR('',#2187,2.125953369276E-1);
#2189=CARTESIAN_POINT('',(4.688893024180E-1,3.860747346761E0,
-1.499985721081E-1));
#2190=LINE('',#2189,#2188);
#2191=DIRECTION('',(7.086444066459E-1,-3.078601827168E-3,-7.055590883408E-1));
#2192=VECTOR('',#2191,2.125953369276E-1);
#2193=CARTESIAN_POINT('',(3.182348060253E-1,4.395765193975E0,0.E0));
#2194=LINE('',#2193,#2192);
#2195=DIRECTION('',(0.E0,1.E0,0.E0));
#2196=VECTOR('',#2195,5.343633508207E-1);
#2197=CARTESIAN_POINT('',(4.688893024180E-1,3.860747346761E0,
-1.499985721081E-1));
#2198=LINE('',#2197,#2196);
#2199=DIRECTION('',(-4.363267749978E-3,4.363267749978E-3,9.999809617133E-1));
#2200=VECTOR('',#2199,7.130137173488E0);
#2201=CARTESIAN_POINT('',(5.E-1,4.364E0,-7.28E0));
#2202=LINE('',#2201,#2200);
#2203=DIRECTION('',(-4.363309284747E-3,0.E0,9.999904807207E-1));
#2204=VECTOR('',#2203,1.000009519370E0);
#2205=CARTESIAN_POINT('',(5.E-1,3.834E0,-7.28E0));
#2206=LINE('',#2205,#2204);
#2207=DIRECTION('',(4.363267749978E-3,-4.363267749978E-3,-9.999809617133E-1));
#2208=VECTOR('',#2207,6.130118134838E0);
#2209=CARTESIAN_POINT('',(4.688893024180E-1,3.860747346761E0,
-1.499985721081E-1));
#2210=LINE('',#2209,#2208);
#2211=DIRECTION('',(1.E0,0.E0,0.E0));
#2212=VECTOR('',#2211,1.839169416949E0);
#2213=CARTESIAN_POINT('',(-2.157404222974E0,4.395765193975E0,0.E0));
#2214=LINE('',#2213,#2212);
#2215=DIRECTION('',(4.363267749978E-3,4.363267749978E-3,9.999809617133E-1));
#2216=VECTOR('',#2215,7.130137173488E0);
#2217=CARTESIAN_POINT('',(-5.E-1,4.364E0,-7.28E0));
#2218=LINE('',#2217,#2216);
#2219=DIRECTION('',(-7.936986161708E-7,4.363309283905E-3,9.999904807204E-1));
#2220=VECTOR('',#2219,9.994641013830E-1);
#2221=CARTESIAN_POINT('',(-2.13E0,4.364E0,-7.28E0));
#2222=LINE('',#2221,#2220);
#2223=DIRECTION('',(-4.363141447154E-3,4.363267752516E-3,9.999809622644E-1));
#2224=VECTOR('',#2223,6.280664982435E0);
#2225=CARTESIAN_POINT('',(-2.130000793273E0,4.368360970992E0,
-6.280545412795E0));
#2226=LINE('',#2225,#2224);
#2227=DIRECTION('',(1.E0,0.E0,0.E0));
#2228=VECTOR('',#2227,1.839169416949E0);
#2229=CARTESIAN_POINT('',(3.182348060253E-1,4.395765193975E0,0.E0));
#2230=LINE('',#2229,#2228);
#2231=DIRECTION('',(-4.363141447154E-3,-4.363267752516E-3,-9.999809622644E-1));
#2232=VECTOR('',#2231,6.280664982435E0);
#2233=CARTESIAN_POINT('',(2.157404222974E0,4.395765193975E0,0.E0));
#2234=LINE('',#2233,#2232);
#2235=DIRECTION('',(-7.936986135048E-7,-4.363309283905E-3,-9.999904807204E-1));
#2236=VECTOR('',#2235,9.994641013830E-1);
#2237=CARTESIAN_POINT('',(2.130000793273E0,4.368360970992E0,-6.280545412795E0));
#2238=LINE('',#2237,#2236);
#2239=DIRECTION('',(0.E0,-1.E0,0.E0));
#2240=VECTOR('',#2239,5.343633508207E-1);
#2241=CARTESIAN_POINT('',(-4.688893024180E-1,4.395110697582E0,
-1.499985721081E-1));
#2242=LINE('',#2241,#2240);
#2243=DIRECTION('',(-4.363267749978E-3,-4.363267749978E-3,-9.999809617133E-1));
#2244=VECTOR('',#2243,6.130118134838E0);
#2245=CARTESIAN_POINT('',(-4.688893024180E-1,3.860747346761E0,
-1.499985721081E-1));
#2246=LINE('',#2245,#2244);
#2247=DIRECTION('',(4.363309284747E-3,0.E0,9.999904807207E-1));
#2248=VECTOR('',#2247,1.000009519370E0);
#2249=CARTESIAN_POINT('',(-5.E-1,3.834E0,-7.28E0));
#2250=LINE('',#2249,#2248);
#2251=DIRECTION('',(-1.E0,0.E0,0.E0));
#2252=VECTOR('',#2251,9.912732983586E-1);
#2253=CARTESIAN_POINT('',(4.956366491793E-1,3.834E0,-6.28E0));
#2254=LINE('',#2253,#2252);
#2255=DIRECTION('',(-1.983189450200E-7,4.365688987278E-3,-9.999904703344E-1));
#2256=VECTOR('',#2255,1.000009529324E0);
#2257=CARTESIAN_POINT('',(-2.379999801679E0,-3.604363350747E0,
-6.280000000433E0));
#2258=LINE('',#2257,#2256);
#2259=DIRECTION('',(4.889006963578E-13,-1.E0,-2.240879964521E-10));
#2260=VECTOR('',#2259,7.722726701501E0);
#2261=CARTESIAN_POINT('',(-2.379999801683E0,4.118363350754E0,
-6.279999998702E0));
#2262=LINE('',#2261,#2260);
#2263=DIRECTION('',(1.983151695104E-7,4.365688987273E-3,9.999904703344E-1));
#2264=VECTOR('',#2263,1.000009531054E0);
#2265=CARTESIAN_POINT('',(-2.38E0,4.113997620158E0,-7.28E0));
#2266=LINE('',#2265,#2264);
#2267=CARTESIAN_POINT('',(-2.130000793273E0,4.368360970992E0,
-6.280545412795E0));
#2268=CARTESIAN_POINT('',(-2.151817055490E0,4.368360557496E0,
-6.280624313193E0));
#2269=CARTESIAN_POINT('',(-2.195447581079E0,4.362615637624E0,
-6.280754800173E0));
#2270=CARTESIAN_POINT('',(-2.256434954363E0,4.337353271160E0,
-6.280845614206E0));
#2271=CARTESIAN_POINT('',(-2.308805761835E0,4.297167430387E0,
-6.280839210144E0));
#2272=CARTESIAN_POINT('',(-2.348991784874E0,4.244796802164E0,
-6.280690112303E0));
#2273=CARTESIAN_POINT('',(-2.374253770185E0,4.183809744809E0,
-6.280578246341E0));
#2274=CARTESIAN_POINT('',(-2.379999453715E0,4.140179470827E0,
-6.280111477133E0));
#2275=CARTESIAN_POINT('',(-2.379999801683E0,4.118363350754E0,
-6.279999998702E0));
#2277=CARTESIAN_POINT('',(-2.407401843154E0,4.145767573795E0,0.E0));
#2278=CARTESIAN_POINT('',(-2.407401843154E0,4.187433843825E0,0.E0));
#2279=CARTESIAN_POINT('',(-2.389316145604E0,4.252680686335E0,0.E0));
#2280=CARTESIAN_POINT('',(-2.337860916017E0,4.326224266838E0,0.E0));
#2281=CARTESIAN_POINT('',(-2.264317335514E0,4.377679496425E0,0.E0));
#2282=CARTESIAN_POINT('',(-2.199070493004E0,4.395765193975E0,0.E0));
#2283=CARTESIAN_POINT('',(-2.157404222974E0,4.395765193975E0,0.E0));
#2285=CARTESIAN_POINT('',(2.157404222974E0,4.395765193975E0,0.E0));
#2286=CARTESIAN_POINT('',(2.199070493004E0,4.395765193975E0,0.E0));
#2287=CARTESIAN_POINT('',(2.264317335514E0,4.377679496425E0,0.E0));
#2288=CARTESIAN_POINT('',(2.337860916017E0,4.326224266838E0,0.E0));
#2289=CARTESIAN_POINT('',(2.389316145604E0,4.252680686335E0,0.E0));
#2290=CARTESIAN_POINT('',(2.407401843154E0,4.187433843825E0,0.E0));
#2291=CARTESIAN_POINT('',(2.407401843154E0,4.145767573795E0,0.E0));
#2293=CARTESIAN_POINT('',(2.130000793273E0,4.368360970992E0,-6.280545412795E0));
#2294=CARTESIAN_POINT('',(2.151817280228E0,4.368360830691E0,-6.280561701798E0));
#2295=CARTESIAN_POINT('',(2.195448245453E0,4.362616386863E0,-6.280571457608E0));
#2296=CARTESIAN_POINT('',(2.256436125931E0,4.337354431442E0,-6.280526296939E0));
#2297=CARTESIAN_POINT('',(2.308807280956E0,4.297168697142E0,-6.280410523319E0));
#2298=CARTESIAN_POINT('',(2.348993239223E0,4.244797883062E0,-6.280277942364E0));
#2299=CARTESIAN_POINT('',(2.374255470595E0,4.183810386287E0,-6.279967817897E0));
#2300=CARTESIAN_POINT('',(2.379999663228E0,4.140179701096E0,-6.280078904448E0));
#2301=CARTESIAN_POINT('',(2.379999801679E0,4.118363350747E0,-6.280000000433E0));
#2303=CARTESIAN_POINT('',(-2.8E0,4.35E0,-2.E-1));
#2304=DIRECTION('',(0.E0,1.E0,0.E0));
#2305=DIRECTION('',(-1.E0,0.E0,0.E0));
#2306=AXIS2_PLACEMENT_3D('',#2303,#2304,#2305);
#2308=CARTESIAN_POINT('',(-2.5E0,4.35E0,-2.E-1));
#2309=DIRECTION('',(0.E0,0.E0,1.E0));
#2310=DIRECTION('',(0.E0,1.E0,0.E0));
#2311=AXIS2_PLACEMENT_3D('',#2308,#2309,#2310);
#2313=CARTESIAN_POINT('',(-2.5E0,4.65E0,-2.E-1));
#2314=DIRECTION('',(1.E0,0.E0,0.E0));
#2315=DIRECTION('',(0.E0,1.E0,0.E0));
#2316=AXIS2_PLACEMENT_3D('',#2313,#2314,#2315);
#2318=CARTESIAN_POINT('',(2.5E0,4.65E0,-2.E-1));
#2319=DIRECTION('',(1.E0,0.E0,0.E0));
#2320=DIRECTION('',(0.E0,1.E0,0.E0));
#2321=AXIS2_PLACEMENT_3D('',#2318,#2319,#2320);
#2323=CARTESIAN_POINT('',(2.5E0,4.35E0,-2.E-1));
#2324=DIRECTION('',(0.E0,0.E0,1.E0));
#2325=DIRECTION('',(1.E0,0.E0,0.E0));
#2326=AXIS2_PLACEMENT_3D('',#2323,#2324,#2325);
#2328=CARTESIAN_POINT('',(2.8E0,4.35E0,-2.E-1));
#2329=DIRECTION('',(0.E0,-1.E0,0.E0));
#2330=DIRECTION('',(1.E0,0.E0,0.E0));
#2331=AXIS2_PLACEMENT_3D('',#2328,#2329,#2330);
#2333=DIRECTION('',(6.676334786191E-1,3.352669572382E-1,-6.647267149823E-1));
#2334=VECTOR('',#2333,2.256544963927E-1);
#2335=CARTESIAN_POINT('',(-1.246765193975E0,-4.281765193975E0,0.E0));
#2336=LINE('',#2335,#2334);
#2337=DIRECTION('',(3.895839273115E-3,4.503275518651E-1,-8.928549257676E-1));
#2338=VECTOR('',#2337,5.039964537771E-1);
#2339=CARTESIAN_POINT('',(-1.096110697582E0,-4.206110697582E0,
-1.499985721081E-1));
#2340=LINE('',#2339,#2338);
#2341=DIRECTION('',(3.895839273116E-3,-4.503275518651E-1,8.928549257676E-1));
#2342=VECTOR('',#2341,5.039964537771E-1);
#2343=CARTESIAN_POINT('',(1.094147208404E0,-3.979147208404E0,
-5.999942884324E-1));
#2344=LINE('',#2343,#2342);
#2345=DIRECTION('',(6.676334786191E-1,-3.352669572382E-1,6.647267149823E-1));
#2346=VECTOR('',#2345,2.256544963927E-1);
#2347=CARTESIAN_POINT('',(1.096110697582E0,-4.206110697582E0,
-1.499985721081E-1));
#2348=LINE('',#2347,#2346);
#2349=DIRECTION('',(0.E0,1.E0,0.E0));
#2350=VECTOR('',#2349,1.848363350821E0);
#2351=CARTESIAN_POINT('',(-1.246765193975E0,-4.281765193975E0,0.E0));
#2352=LINE('',#2351,#2350);
#2353=DIRECTION('',(-5.781881609045E-1,-5.781881609045E-1,5.756708271050E-1));
#2354=VECTOR('',#2353,2.605630944726E-1);
#2355=CARTESIAN_POINT('',(-1.096110697582E0,-2.282747346761E0,
-1.499985721081E-1));
#2356=LINE('',#2355,#2354);
#2357=DIRECTION('',(0.E0,1.E0,0.E0));
#2358=VECTOR('',#2357,1.923363350821E0);
#2359=CARTESIAN_POINT('',(-1.096110697582E0,-4.206110697582E0,
-1.499985721081E-1));
#2360=LINE('',#2359,#2358);
#2361=DIRECTION('',(4.363267749978E-3,4.363267749978E-3,-9.999809617133E-1));
#2362=VECTOR('',#2361,6.130118134838E0);
#2363=CARTESIAN_POINT('',(-1.096110697582E0,-2.282747346761E0,
-1.499985721081E-1));
#2364=LINE('',#2363,#2362);
#2365=DIRECTION('',(4.363309284747E-3,0.E0,-9.999904807207E-1));
#2366=VECTOR('',#2365,1.000009519370E0);
#2367=CARTESIAN_POINT('',(-1.069363350821E0,-2.256E0,-6.28E0));
#2368=LINE('',#2367,#2366);
#2369=CARTESIAN_POINT('',(-1.065536758264E0,-3.483015151902E0,
-7.156984848098E0));
#2370=CARTESIAN_POINT('',(-1.065357839268E0,-3.442010198853E0,
-7.197989801147E0));
#2371=CARTESIAN_POINT('',(-1.065100078835E0,-3.350499760502E0,
-7.257063766149E0));
#2372=CARTESIAN_POINT('',(-1.065E0,-3.244020340543E0,-7.28E0));
#2373=CARTESIAN_POINT('',(-1.065E0,-3.186030303803E0,-7.28E0));
#2375=DIRECTION('',(3.085340268731E-3,7.071034155891E-1,-7.071034155891E-1));
#2376=VECTOR('',#2375,4.911781636412E-1);
#2377=CARTESIAN_POINT('',(-1.067052210031E0,-3.830328909075E0,
-6.809671090925E0));
#2378=LINE('',#2377,#2376);
#2379=CARTESIAN_POINT('',(-1.068340062879E0,-3.953340062879E0,
-6.514518832726E0));
#2380=CARTESIAN_POINT('',(-1.068088595559E0,-3.953088595559E0,
-6.572150531629E0));
#2381=CARTESIAN_POINT('',(-1.067626807335E0,-3.929958993745E0,
-6.677983924932E0));
#2382=CARTESIAN_POINT('',(-1.067230026818E0,-3.871081256070E0,
-6.768918743930E0));
#2383=CARTESIAN_POINT('',(-1.067052210031E0,-3.830328909075E0,
-6.809671090925E0));
#2385=DIRECTION('',(1.E0,0.E0,0.E0));
#2386=VECTOR('',#2385,2.188294416808E0);
#2387=CARTESIAN_POINT('',(-1.094147208404E0,-3.979147208404E0,
-5.999942884324E-1));
#2388=LINE('',#2387,#2386);
#2389=DIRECTION('',(-4.363267749978E-3,-4.363267749978E-3,9.999809617133E-1));
#2390=VECTOR('',#2389,5.914637148851E0);
#2391=CARTESIAN_POINT('',(-1.068340062879E0,-3.953340062879E0,
-6.514518832726E0));
#2392=LINE('',#2391,#2390);
#2393=DIRECTION('',(1.E0,0.E0,0.E0));
#2394=VECTOR('',#2393,2.136680125759E0);
#2395=CARTESIAN_POINT('',(-1.068340062879E0,-3.953340062879E0,
-6.514518832726E0));
#2396=LINE('',#2395,#2394);
#2397=DIRECTION('',(4.363267749978E-3,-4.363267749978E-3,9.999809617133E-1));
#2398=VECTOR('',#2397,5.914637148851E0);
#2399=CARTESIAN_POINT('',(1.068340062879E0,-3.953340062879E0,
-6.514518832726E0));
#2400=LINE('',#2399,#2398);
#2401=CARTESIAN_POINT('',(1.067052210031E0,-3.830328909075E0,
-6.809671090925E0));
#2402=CARTESIAN_POINT('',(1.067230026818E0,-3.871081256070E0,
-6.768918743930E0));
#2403=CARTESIAN_POINT('',(1.067626807335E0,-3.929958993745E0,
-6.677983924932E0));
#2404=CARTESIAN_POINT('',(1.068088595559E0,-3.953088595559E0,
-6.572150531629E0));
#2405=CARTESIAN_POINT('',(1.068340062879E0,-3.953340062879E0,
-6.514518832726E0));
#2407=DIRECTION('',(3.085340268731E-3,-7.071034155891E-1,7.071034155891E-1));
#2408=VECTOR('',#2407,4.911781636412E-1);
#2409=CARTESIAN_POINT('',(1.065536758264E0,-3.483015151902E0,
-7.156984848098E0));
#2410=LINE('',#2409,#2408);
#2411=CARTESIAN_POINT('',(1.065E0,-3.186030303803E0,-7.28E0));
#2412=CARTESIAN_POINT('',(1.065E0,-3.244020340543E0,-7.28E0));
#2413=CARTESIAN_POINT('',(1.065100078835E0,-3.350499760502E0,
-7.257063766149E0));
#2414=CARTESIAN_POINT('',(1.065357839268E0,-3.442010198853E0,
-7.197989801147E0));
#2415=CARTESIAN_POINT('',(1.065536758264E0,-3.483015151902E0,
-7.156984848098E0));
#2417=DIRECTION('',(4.363309284747E-3,0.E0,9.999904807207E-1));
#2418=VECTOR('',#2417,1.000009519370E0);
#2419=CARTESIAN_POINT('',(1.065E0,-2.256E0,-7.28E0));
#2420=LINE('',#2419,#2418);
#2421=DIRECTION('',(-4.363267749978E-3,4.363267749978E-3,-9.999809617133E-1));
#2422=VECTOR('',#2421,6.130118134838E0);
#2423=CARTESIAN_POINT('',(1.096110697582E0,-2.282747346761E0,
-1.499985721081E-1));
#2424=LINE('',#2423,#2422);
#2425=DIRECTION('',(0.E0,-1.E0,0.E0));
#2426=VECTOR('',#2425,1.848363350821E0);
#2427=CARTESIAN_POINT('',(1.246765193975E0,-2.433401843154E0,0.E0));
#2428=LINE('',#2427,#2426);
#2429=DIRECTION('',(0.E0,1.E0,0.E0));
#2430=VECTOR('',#2429,1.923363350821E0);
#2431=CARTESIAN_POINT('',(1.096110697582E0,-4.206110697582E0,
-1.499985721081E-1));
#2432=LINE('',#2431,#2430);
#2433=DIRECTION('',(5.781881609045E-1,-5.781881609045E-1,5.756708271050E-1));
#2434=VECTOR('',#2433,2.605630944726E-1);
#2435=CARTESIAN_POINT('',(1.096110697582E0,-2.282747346761E0,
-1.499985721081E-1));
#2436=LINE('',#2435,#2434);
#2437=DIRECTION('',(-1.E0,0.E0,0.E0));
#2438=VECTOR('',#2437,4.377786048360E-1);
#2439=CARTESIAN_POINT('',(1.533889302418E0,-2.282747346761E0,
-1.499985721081E-1));
#2440=LINE('',#2439,#2438);
#2441=DIRECTION('',(-1.E0,0.E0,0.E0));
#2442=VECTOR('',#2441,4.377786048360E-1);
#2443=CARTESIAN_POINT('',(-1.096110697582E0,-2.282747346761E0,
-1.499985721081E-1));
#2444=LINE('',#2443,#2442);
#2445=DIRECTION('',(1.E0,0.E0,0.E0));
#2446=VECTOR('',#2445,4.912732983586E-1);
#2447=CARTESIAN_POINT('',(1.069363350821E0,-2.256E0,-6.28E0));
#2448=LINE('',#2447,#2446);
#2449=DIRECTION('',(4.363267749978E-3,4.363267749978E-3,-9.999809617133E-1));
#2450=VECTOR('',#2449,6.130118134838E0);
#2451=CARTESIAN_POINT('',(1.533889302418E0,-2.282747346761E0,
-1.499985721081E-1));
#2452=LINE('',#2451,#2450);
#2453=DIRECTION('',(-4.363309284747E-3,0.E0,9.999904807207E-1));
#2454=VECTOR('',#2453,1.000009519370E0);
#2455=CARTESIAN_POINT('',(1.565E0,-2.256E0,-7.28E0));
#2456=LINE('',#2455,#2454);
#2457=DIRECTION('',(4.363267749978E-3,4.363267731751E-3,-9.999809617134E-1));
#2458=VECTOR('',#2457,7.130137173487E0);
#2459=CARTESIAN_POINT('',(1.533889302418E0,-3.631113077272E0,
-1.499985721085E-1));
#2460=LINE('',#2459,#2458);
#2461=DIRECTION('',(0.E0,-1.E0,-2.534170690282E-13));
#2462=VECTOR('',#2461,1.348365730511E0);
#2463=CARTESIAN_POINT('',(1.533889302418E0,-2.282747346761E0,
-1.499985721081E-1));
#2464=LINE('',#2463,#2462);
#2465=CARTESIAN_POINT('',(1.533889302418E0,-3.631113077272E0,
-1.499985721085E-1));
#2466=CARTESIAN_POINT('',(1.533889115064E0,-3.647440547282E0,
-1.499556418273E-1));
#2467=CARTESIAN_POINT('',(1.537089695757E0,-3.680133174556E0,
-1.498780984405E-1));
#2468=CARTESIAN_POINT('',(1.551475838408E0,-3.727532882277E0,
-1.497912959313E-1));
#2469=CARTESIAN_POINT('',(1.574759464529E0,-3.771027003993E0,
-1.497381565103E-1));
#2470=CARTESIAN_POINT('',(1.606175774024E0,-3.809243663932E0,
-1.497202763607E-1));
#2471=CARTESIAN_POINT('',(1.644355744133E0,-3.840490187125E0,
-1.497385064606E-1));
#2472=CARTESIAN_POINT('',(1.688002839181E0,-3.863766158066E0,
-1.497920682219E-1));
#2473=CARTESIAN_POINT('',(1.735563775046E0,-3.878024675818E0,
-1.498796302119E-1));
#2474=CARTESIAN_POINT('',(1.767742613411E0,-3.881110882804E0,
-1.499561234170E-1));
#2475=CARTESIAN_POINT('',(1.783886922614E0,-3.881110697582E0,
-1.499985721082E-1));
#2477=DIRECTION('',(-7.086477648601E-1,7.043555534220E-10,7.055624319355E-1));
#2478=VECTOR('',#2477,2.125943294585E-1);
#2479=CARTESIAN_POINT('',(1.533889302418E0,-3.631113077272E0,
-1.499985721085E-1));
#2480=LINE('',#2479,#2478);
#2481=DIRECTION('',(-5.781881609045E-1,-5.781881609045E-1,5.756708271050E-1));
#2482=VECTOR('',#2481,2.605630944726E-1);
#2483=CARTESIAN_POINT('',(1.533889302418E0,-2.282747346761E0,
-1.499985721081E-1));
#2484=LINE('',#2483,#2482);
#2485=DIRECTION('',(5.781881609045E-1,-5.781881609045E-1,5.756708271050E-1));
#2486=VECTOR('',#2485,2.605630944726E-1);
#2487=CARTESIAN_POINT('',(-1.533889302418E0,-2.282747346761E0,
-1.499985721081E-1));
#2488=LINE('',#2487,#2486);
#2489=DIRECTION('',(7.086477648608E-1,8.576414401679E-11,7.055624319348E-1));
#2490=VECTOR('',#2489,2.125943294583E-1);
#2491=CARTESIAN_POINT('',(-1.533889302418E0,-3.631113077386E0,
-1.499985721082E-1));
#2492=LINE('',#2491,#2490);
#2493=DIRECTION('',(-7.043618201349E-10,-7.086477648601E-1,7.055624319355E-1));
#2494=VECTOR('',#2493,2.125943294585E-1);
#2495=CARTESIAN_POINT('',(-1.783886922728E0,-3.881110697582E0,
-1.499985721085E-1));
#2496=LINE('',#2495,#2494);
#2497=CARTESIAN_POINT('',(-1.783886922728E0,-3.881110697582E0,
-1.499985721085E-1));
#2498=CARTESIAN_POINT('',(-1.767559452718E0,-3.881110884936E0,
-1.499556418273E-1));
#2499=CARTESIAN_POINT('',(-1.734866825444E0,-3.877910304243E0,
-1.498780984405E-1));
#2500=CARTESIAN_POINT('',(-1.687467117723E0,-3.863524161592E0,
-1.497912959313E-1));
#2501=CARTESIAN_POINT('',(-1.643972996007E0,-3.840240535471E0,
-1.497381565103E-1));
#2502=CARTESIAN_POINT('',(-1.605756336068E0,-3.808824225976E0,
-1.497202763607E-1));
#2503=CARTESIAN_POINT('',(-1.574509812875E0,-3.770644255867E0,
-1.497385064606E-1));
#2504=CARTESIAN_POINT('',(-1.551233841934E0,-3.726997160819E0,
-1.497920682219E-1));
#2505=CARTESIAN_POINT('',(-1.536975324182E0,-3.679436224954E0,
-1.498796302119E-1));
#2506=CARTESIAN_POINT('',(-1.533889117196E0,-3.647257386589E0,
-1.499561234170E-1));
#2507=CARTESIAN_POINT('',(-1.533889302418E0,-3.631113077386E0,
-1.499985721082E-1));
#2509=DIRECTION('',(-4.363267749978E-3,4.363267749978E-3,-9.999809617133E-1));
#2510=VECTOR('',#2509,6.130118134838E0);
#2511=CARTESIAN_POINT('',(-1.533889302418E0,-2.282747346761E0,
-1.499985721081E-1));
#2512=LINE('',#2511,#2510);
#2513=DIRECTION('',(0.E0,1.E0,3.003293832188E-14));
#2514=VECTOR('',#2513,1.348365730625E0);
#2515=CARTESIAN_POINT('',(-1.533889302418E0,-3.631113077386E0,
-1.499985721082E-1));
#2516=LINE('',#2515,#2514);
#2517=DIRECTION('',(-4.363267749978E-3,4.363267747816E-3,-9.999809617133E-1));
#2518=VECTOR('',#2517,7.130137173487E0);
#2519=CARTESIAN_POINT('',(-1.533889302418E0,-3.631113077386E0,
-1.499985721082E-1));
#2520=LINE('',#2519,#2518);
#2521=DIRECTION('',(-4.363309284747E-3,0.E0,-9.999904807207E-1));
#2522=VECTOR('',#2521,1.000009519370E0);
#2523=CARTESIAN_POINT('',(-1.560636649179E0,-2.256E0,-6.28E0));
#2524=LINE('',#2523,#2522);
#2525=DIRECTION('',(-1.E0,0.E0,0.E0));
#2526=VECTOR('',#2525,4.912732983586E-1);
#2527=CARTESIAN_POINT('',(-1.069363350821E0,-2.256E0,-6.28E0));
#2528=LINE('',#2527,#2526);
#2529=DIRECTION('',(8.578921086844E-11,-7.086477648608E-1,7.055624319348E-1));
#2530=VECTOR('',#2529,2.125943294583E-1);
#2531=CARTESIAN_POINT('',(-2.156749726566E0,-3.881110697582E0,
-1.499985721082E-1));
#2532=LINE('',#2531,#2530);
#2533=DIRECTION('',(-7.086477648601E-1,7.036390592457E-10,7.055624319355E-1));
#2534=VECTOR('',#2533,2.125943294585E-1);
#2535=CARTESIAN_POINT('',(-2.406747346761E0,-3.631113077272E0,
-1.499985721085E-1));
#2536=LINE('',#2535,#2534);
#2537=DIRECTION('',(-1.E0,0.E0,0.E0));
#2538=VECTOR('',#2537,2.131073516528E0);
#2539=CARTESIAN_POINT('',(1.065536758264E0,-3.483015151902E0,
-7.156984848098E0));
#2540=LINE('',#2539,#2538);
#2541=DIRECTION('',(1.E0,0.E0,0.E0));
#2542=VECTOR('',#2541,2.134104420063E0);
#2543=CARTESIAN_POINT('',(-1.067052210031E0,-3.830328909075E0,
-6.809671090925E0));
#2544=LINE('',#2543,#2542);
#2545=DIRECTION('',(7.085940289197E-1,-1.231470417973E-2,7.055089299508E-1));
#2546=VECTOR('',#2545,2.126104514631E-1);
#2547=CARTESIAN_POINT('',(2.406747346761E0,-1.572039562452E0,
-1.499985721081E-1));
#2548=LINE('',#2547,#2546);
#2549=DIRECTION('',(4.362644744257E-3,-1.745224035355E-2,9.998381802259E-1));
#2550=VECTOR('',#2549,2.050333212349E0);
#2551=CARTESIAN_POINT('',(2.397802471348E0,-1.536256654425E0,-2.2E0));
#2552=LINE('',#2551,#2550);
#2553=DIRECTION('',(3.315614445550E-3,-1.745231050726E-2,9.998421993289E-1));
#2554=VECTOR('',#2553,1.900963197169E0);
#2555=CARTESIAN_POINT('',(2.993697138963E0,-1.532754064823E0,
-2.400663223900E0));
#2556=LINE('',#2555,#2554);
#2557=DIRECTION('',(0.E0,1.745240643728E-2,-9.998476951564E-1));
#2558=VECTOR('',#2557,3.000456984132E-1);
#2559=CARTESIAN_POINT('',(3.E0,-1.571166784282E0,-2.E-1));
#2560=LINE('',#2559,#2558);
#2561=CARTESIAN_POINT('',(2.8E0,-1.574657797267E0,0.E0));
#2562=CARTESIAN_POINT('',(2.833335872134E0,-1.574657797267E0,0.E0));
#2563=CARTESIAN_POINT('',(2.885534874963E0,-1.574405213101E0,
-1.447053717046E-2));
#2564=CARTESIAN_POINT('',(2.944369853362E0,-1.573686651489E0,
-5.563690438110E-2));
#2565=CARTESIAN_POINT('',(2.985532776261E0,-1.572659669981E0,
-1.144726355533E-1));
#2566=CARTESIAN_POINT('',(3.E0,-1.571748575471E0,-1.666692050807E-1));
#2567=CARTESIAN_POINT('',(3.E0,-1.571166784282E0,-2.E-1));
#2569=CARTESIAN_POINT('',(2.793698238631E0,3.767E0,-2.2E0));
#2570=CARTESIAN_POINT('',(2.827144840373E0,3.767E0,-2.2E0));
#2571=CARTESIAN_POINT('',(2.879436650671E0,3.766746014072E0,-2.214550844089E0));
#2572=CARTESIAN_POINT('',(2.938317894402E0,3.766024857461E0,-2.255865878671E0));
#2573=CARTESIAN_POINT('',(2.979433995367E0,3.764994682647E0,-2.314884554220E0));
#2574=CARTESIAN_POINT('',(2.993808034999E0,3.764081130877E0,-2.367221900054E0));
#2575=CARTESIAN_POINT('',(2.993697138963E0,3.763497410398E0,-2.400663223900E0));
#2577=CARTESIAN_POINT('',(2.993697138963E0,-1.532754064823E0,
-2.400663223900E0));
#2578=CARTESIAN_POINT('',(2.993808034999E0,-1.533337785302E0,
-2.367221900054E0));
#2579=CARTESIAN_POINT('',(2.979433995367E0,-1.534251337072E0,
-2.314884554220E0));
#2580=CARTESIAN_POINT('',(2.938317894402E0,-1.535281511886E0,
-2.255865878671E0));
#2581=CARTESIAN_POINT('',(2.879436650671E0,-1.536002668497E0,
-2.214550844089E0));
#2582=CARTESIAN_POINT('',(2.827144840373E0,-1.536256654425E0,-2.2E0));
#2583=CARTESIAN_POINT('',(2.793698238631E0,-1.536256654425E0,-2.2E0));
#2585=CARTESIAN_POINT('',(2.8E0,-4.35E0,-2.E-1));
#2586=DIRECTION('',(0.E0,-1.E0,0.E0));
#2587=DIRECTION('',(1.E0,0.E0,0.E0));
#2588=AXIS2_PLACEMENT_3D('',#2585,#2586,#2587);
#2590=CARTESIAN_POINT('',(2.5E0,-4.35E0,-2.E-1));
#2591=DIRECTION('',(0.E0,0.E0,1.E0));
#2592=DIRECTION('',(0.E0,-1.E0,0.E0));
#2593=AXIS2_PLACEMENT_3D('',#2590,#2591,#2592);
#2595=CARTESIAN_POINT('',(2.500001374585E0,-4.85E0,-5.E-1));
#2596=CARTESIAN_POINT('',(2.532726298058E0,-4.85E0,-5.000000010242E-1));
#2597=CARTESIAN_POINT('',(2.598173192079E0,-4.843553806023E0,
-5.000000031720E-1));
#2598=CARTESIAN_POINT('',(2.692575346655E0,-4.814917520134E0,
-5.000000073138E-1));
#2599=CARTESIAN_POINT('',(2.779575718352E0,-4.768414710991E0,
-5.000000105106E-1));
#2600=CARTESIAN_POINT('',(2.855832478965E0,-4.705832472829E0,
-5.000000117371E-1));
#2601=CARTESIAN_POINT('',(2.918414709346E0,-4.629575741254E0,
-5.000000105106E-1));
#2602=CARTESIAN_POINT('',(2.964917520577E0,-4.542575261186E0,
-5.000000073138E-1));
#2603=CARTESIAN_POINT('',(2.993553805898E0,-4.448173511053E0,
-5.000000031719E-1));
#2604=CARTESIAN_POINT('',(2.999999999998E0,-4.382725610765E0,
-5.000000010241E-1));
#2605=CARTESIAN_POINT('',(2.999999999998E0,-4.350000687292E0,-5.E-1));
#2607=CARTESIAN_POINT('',(2.970484174823E0,-4.320486923993E0,
-9.400663223900E0));
#2608=CARTESIAN_POINT('',(2.970483662136E0,-4.353213786070E0,
-9.400706724117E0));
#2609=CARTESIAN_POINT('',(2.964036615825E0,-4.418665989731E0,
-9.400784829403E0));
#2610=CARTESIAN_POINT('',(2.935399780650E0,-4.513065378166E0,
-9.400872157078E0));
#2611=CARTESIAN_POINT('',(2.888890956204E0,-4.600072220962E0,
-9.400925838830E0));
#2612=CARTESIAN_POINT('',(2.826316631357E0,-4.676315032131E0,
-9.400943983032E0));
#2613=CARTESIAN_POINT('',(2.750073690906E0,-4.738889996065E0,
-9.400925839507E0));
#2614=CARTESIAN_POINT('',(2.663066825559E0,-4.785399255717E0,
-9.400872158300E0));
#2615=CARTESIAN_POINT('',(2.568665873906E0,-4.814036716550E0,
-9.400784829387E0));
#2616=CARTESIAN_POINT('',(2.503213669525E0,-4.820483662063E0,
-9.400706723959E0));
#2617=CARTESIAN_POINT('',(2.470486923993E0,-4.820484174823E0,
-9.400663223900E0));
#2619=CARTESIAN_POINT('',(2.770485274491E0,-4.320486923993E0,-9.4E0));
#2620=DIRECTION('',(0.E0,1.E0,0.E0));
#2621=DIRECTION('',(9.999945016606E-1,0.E0,-3.316119501058E-3));
#2622=AXIS2_PLACEMENT_3D('',#2619,#2620,#2621);
#2624=CARTESIAN_POINT('',(2.470486923993E0,-4.620485274491E0,-9.4E0));
#2625=DIRECTION('',(1.E0,0.E0,0.E0));
#2626=DIRECTION('',(0.E0,-9.999945016606E-1,-3.316119501058E-3));
#2627=AXIS2_PLACEMENT_3D('',#2624,#2625,#2626);
#2629=CARTESIAN_POINT('',(1.1E0,-4.620485274491E0,-9.4E0));
#2630=DIRECTION('',(1.E0,0.E0,0.E0));
#2631=DIRECTION('',(0.E0,-9.999945016606E-1,-3.316119501058E-3));
#2632=AXIS2_PLACEMENT_3D('',#2629,#2630,#2631);
#2634=DIRECTION('',(0.E0,0.E0,1.E0));
#2635=VECTOR('',#2634,5.E-2);
#2636=CARTESIAN_POINT('',(1.1E0,-4.15E0,-9.6E0));
#2637=LINE('',#2636,#2635);
#2638=DIRECTION('',(0.E0,0.E0,1.E0));
#2639=VECTOR('',#2638,5.E-2);
#2640=CARTESIAN_POINT('',(1.E0,-4.15E0,-9.6E0));
#2641=LINE('',#2640,#2639);
#2642=DIRECTION('',(0.E0,0.E0,1.E0));
#2643=VECTOR('',#2642,5.E-2);
#2644=CARTESIAN_POINT('',(1.E0,4.15E0,-9.6E0));
#2645=LINE('',#2644,#2643);
#2646=DIRECTION('',(0.E0,0.E0,1.E0));
#2647=VECTOR('',#2646,5.E-2);
#2648=CARTESIAN_POINT('',(1.1E0,4.15E0,-9.6E0));
#2649=LINE('',#2648,#2647);
#2650=DIRECTION('',(-1.E0,0.E0,0.E0));
#2651=VECTOR('',#2650,5.056366491793E-1);
#2652=CARTESIAN_POINT('',(2.397802471348E0,3.968341778308E-1,-2.2E0));
#2653=LINE('',#2652,#2651);
#2654=DIRECTION('',(4.363267749978E-3,-4.363267749978E-3,9.999809617133E-1));
#2655=VECTOR('',#2654,5.080096716338E0);
#2656=CARTESIAN_POINT('',(1.87E0,4.19E-1,-7.28E0));
#2657=LINE('',#2656,#2655);
#2658=DIRECTION('',(4.363267749978E-3,4.363267749978E-3,9.999809617133E-1));
#2659=VECTOR('',#2658,5.080096716338E0);
#2660=CARTESIAN_POINT('',(1.87E0,-3.81E-1,-7.28E0));
#2661=LINE('',#2660,#2659);
#2662=CARTESIAN_POINT('',(-2.970484174823E0,4.320486923993E0,
-9.400663223900E0));
#2663=CARTESIAN_POINT('',(-2.970483662136E0,4.353213786070E0,
-9.400706724117E0));
#2664=CARTESIAN_POINT('',(-2.964036615825E0,4.418665989731E0,
-9.400784829403E0));
#2665=CARTESIAN_POINT('',(-2.935399780650E0,4.513065378166E0,
-9.400872157078E0));
#2666=CARTESIAN_POINT('',(-2.888890956204E0,4.600072220962E0,
-9.400925838830E0));
#2667=CARTESIAN_POINT('',(-2.826316631357E0,4.676315032131E0,
-9.400943983032E0));
#2668=CARTESIAN_POINT('',(-2.750073690906E0,4.738889996065E0,
-9.400925839507E0));
#2669=CARTESIAN_POINT('',(-2.663066825559E0,4.785399255717E0,
-9.400872158300E0));
#2670=CARTESIAN_POINT('',(-2.568665873906E0,4.814036716550E0,
-9.400784829387E0));
#2671=CARTESIAN_POINT('',(-2.503213669525E0,4.820483662063E0,
-9.400706723959E0));
#2672=CARTESIAN_POINT('',(-2.470486923993E0,4.820484174823E0,
-9.400663223900E0));
#2674=CARTESIAN_POINT('',(-2.770485274491E0,4.320486923993E0,-9.4E0));
#2675=DIRECTION('',(0.E0,-1.E0,0.E0));
#2676=DIRECTION('',(-9.999945016606E-1,0.E0,-3.316119501067E-3));
#2677=AXIS2_PLACEMENT_3D('',#2674,#2675,#2676);
#2679=CARTESIAN_POINT('',(-2.470486923993E0,4.620485274491E0,-9.4E0));
#2680=DIRECTION('',(-1.E0,0.E0,0.E0));
#2681=DIRECTION('',(0.E0,9.999945016606E-1,-3.316119501067E-3));
#2682=AXIS2_PLACEMENT_3D('',#2679,#2680,#2681);
#2684=CARTESIAN_POINT('',(2.770485274491E0,4.320486923993E0,-9.4E0));
#2685=DIRECTION('',(0.E0,1.E0,0.E0));
#2686=DIRECTION('',(9.999945016606E-1,0.E0,-3.316119501067E-3));
#2687=AXIS2_PLACEMENT_3D('',#2684,#2685,#2686);
#2689=CARTESIAN_POINT('',(-2.770485274491E0,-4.320486923993E0,-9.4E0));
#2690=DIRECTION('',(0.E0,-1.E0,0.E0));
#2691=DIRECTION('',(-9.999945016606E-1,0.E0,-3.316119501067E-3));
#2692=AXIS2_PLACEMENT_3D('',#2689,#2690,#2691);
#2694=DIRECTION('',(1.E0,0.E0,0.E0));
#2695=VECTOR('',#2694,4.E-1);
#2696=CARTESIAN_POINT('',(-9.5E-1,5.606E0,-9.443651094014E0));
#2697=LINE('',#2696,#2695);
#2698=DIRECTION('',(1.E0,0.E0,0.E0));
#2699=VECTOR('',#2698,4.E-1);
#2700=CARTESIAN_POINT('',(-9.5E-1,5.601462374326E0,-9.703611494755E0));
#2701=LINE('',#2700,#2699);
#2702=DIRECTION('',(1.E0,0.E0,0.E0));
#2703=VECTOR('',#2702,4.E-1);
#2704=CARTESIAN_POINT('',(-9.5E-1,3.076291396324E0,-9.659534471379E0));
#2705=LINE('',#2704,#2703);
#2706=DIRECTION('',(1.E0,0.E0,0.E0));
#2707=VECTOR('',#2706,4.E-1);
#2708=CARTESIAN_POINT('',(-9.5E-1,-4.82E0,-9.4E0));
#2709=LINE('',#2708,#2707);
#2710=DIRECTION('',(1.E0,0.E0,0.E0));
#2711=VECTOR('',#2710,4.E-1);
#2712=CARTESIAN_POINT('',(-9.5E-1,-4.82E0,-9.428E0));
#2713=LINE('',#2712,#2711);
#2714=DIRECTION('',(1.E0,0.E0,0.E0));
#2715=VECTOR('',#2714,4.E-1);
#2716=CARTESIAN_POINT('',(-9.5E-1,-5.808E0,-9.445245604149E0));
#2717=LINE('',#2716,#2715);
#2718=DIRECTION('',(1.E0,0.E0,0.E0));
#2719=VECTOR('',#2718,4.E-1);
#2720=CARTESIAN_POINT('',(-9.5E-1,-5.803462374326E0,-9.705206004890E0));
#2721=LINE('',#2720,#2719);
#2722=DIRECTION('',(1.E0,0.E0,0.E0));
#2723=VECTOR('',#2722,4.E-1);
#2724=CARTESIAN_POINT('',(-9.5E-1,-1.498217478708E0,-9.630057675705E0));
#2725=LINE('',#2724,#2723);
#2726=CARTESIAN_POINT('',(5.E-1,4.364E0,-7.28E0));
#2727=CARTESIAN_POINT('',(5.E-1,3.834E0,-7.28E0));
#2728=VERTEX_POINT('',#2726);
#2729=VERTEX_POINT('',#2727);
#2730=CARTESIAN_POINT('',(-5.E-1,3.834E0,-7.28E0));
#2731=CARTESIAN_POINT('',(-5.E-1,4.364E0,-7.28E0));
#2732=VERTEX_POINT('',#2730);
#2733=VERTEX_POINT('',#2731);
#2734=CARTESIAN_POINT('',(4.956366491793E-1,3.834E0,-6.28E0));
#2735=CARTESIAN_POINT('',(-4.956366491793E-1,3.834E0,-6.28E0));
#2736=VERTEX_POINT('',#2734);
#2737=VERTEX_POINT('',#2735);
#2738=CARTESIAN_POINT('',(-1.065E0,-2.256E0,-7.28E0));
#2739=CARTESIAN_POINT('',(-1.565E0,-2.256E0,-7.28E0));
#2740=VERTEX_POINT('',#2738);
#2741=VERTEX_POINT('',#2739);
#2742=CARTESIAN_POINT('',(1.065E0,-2.256E0,-7.28E0));
#2743=CARTESIAN_POINT('',(1.565E0,-2.256E0,-7.28E0));
#2744=VERTEX_POINT('',#2742);
#2745=VERTEX_POINT('',#2743);
#2746=CARTESIAN_POINT('',(-1.069363350821E0,-2.256E0,-6.28E0));
#2747=CARTESIAN_POINT('',(-1.560636649179E0,-2.256E0,-6.28E0));
#2748=VERTEX_POINT('',#2746);
#2749=VERTEX_POINT('',#2747);
#2750=CARTESIAN_POINT('',(1.069363350821E0,-2.256E0,-6.28E0));
#2751=CARTESIAN_POINT('',(1.560636649179E0,-2.256E0,-6.28E0));
#2752=VERTEX_POINT('',#2750);
#2753=VERTEX_POINT('',#2751);
#2754=CARTESIAN_POINT('',(-2.407401843154E0,3.805401142842E0,0.E0));
#2755=CARTESIAN_POINT('',(-2.397802471348E0,3.767E0,-2.2E0));
#2756=VERTEX_POINT('',#2754);
#2757=VERTEX_POINT('',#2755);
#2758=CARTESIAN_POINT('',(2.407401843154E0,3.805401142842E0,0.E0));
#2759=CARTESIAN_POINT('',(2.397802471348E0,3.767E0,-2.2E0));
#2760=VERTEX_POINT('',#2758);
#2761=VERTEX_POINT('',#2759);
#2762=CARTESIAN_POINT('',(1.E0,-4.15E0,-9.55E0));
#2763=CARTESIAN_POINT('',(1.1E0,-4.15E0,-9.55E0));
#2764=VERTEX_POINT('',#2762);
#2765=VERTEX_POINT('',#2763);
#2766=CARTESIAN_POINT('',(-1.1E0,-4.15E0,-9.55E0));
#2767=CARTESIAN_POINT('',(-1.E0,-4.15E0,-9.55E0));
#2768=VERTEX_POINT('',#2766);
#2769=VERTEX_POINT('',#2767);
#2770=CARTESIAN_POINT('',(-1.E0,4.15E0,-9.55E0));
#2771=CARTESIAN_POINT('',(-1.1E0,4.15E0,-9.55E0));
#2772=VERTEX_POINT('',#2770);
#2773=VERTEX_POINT('',#2771);
#2774=CARTESIAN_POINT('',(1.1E0,4.15E0,-9.55E0));
#2775=CARTESIAN_POINT('',(1.E0,4.15E0,-9.55E0));
#2776=VERTEX_POINT('',#2774);
#2777=VERTEX_POINT('',#2775);
#2778=CARTESIAN_POINT('',(1.E0,-4.15E0,-9.6E0));
#2779=CARTESIAN_POINT('',(1.1E0,-4.15E0,-9.6E0));
#2780=VERTEX_POINT('',#2778);
#2781=VERTEX_POINT('',#2779);
#2782=CARTESIAN_POINT('',(-1.1E0,-4.15E0,-9.6E0));
#2783=CARTESIAN_POINT('',(-1.E0,-4.15E0,-9.6E0));
#2784=VERTEX_POINT('',#2782);
#2785=VERTEX_POINT('',#2783);
#2786=CARTESIAN_POINT('',(-1.E0,-3.85E0,-9.6E0));
#2787=VERTEX_POINT('',#2786);
#2788=CARTESIAN_POINT('',(-1.E0,3.85E0,-9.6E0));
#2789=CARTESIAN_POINT('',(-1.E0,4.15E0,-9.6E0));
#2790=VERTEX_POINT('',#2788);
#2791=VERTEX_POINT('',#2789);
#2792=CARTESIAN_POINT('',(-1.1E0,4.15E0,-9.6E0));
#2793=VERTEX_POINT('',#2792);
#2794=CARTESIAN_POINT('',(1.1E0,4.15E0,-9.6E0));
#2795=CARTESIAN_POINT('',(1.E0,4.15E0,-9.6E0));
#2796=VERTEX_POINT('',#2794);
#2797=VERTEX_POINT('',#2795);
#2798=CARTESIAN_POINT('',(1.E0,3.85E0,-9.6E0));
#2799=VERTEX_POINT('',#2798);
#2800=CARTESIAN_POINT('',(1.E0,-3.85E0,-9.6E0));
#2801=VERTEX_POINT('',#2800);
#2802=CARTESIAN_POINT('',(-1.E0,-3.85E0,-9.55E0));
#2803=VERTEX_POINT('',#2802);
#2804=CARTESIAN_POINT('',(1.E0,-3.85E0,-9.55E0));
#2805=VERTEX_POINT('',#2804);
#2806=CARTESIAN_POINT('',(-1.E0,3.85E0,-9.55E0));
#2807=VERTEX_POINT('',#2806);
#2808=CARTESIAN_POINT('',(1.E0,3.85E0,-9.55E0));
#2809=VERTEX_POINT('',#2808);
#2810=CARTESIAN_POINT('',(-9.5E-1,5.601462374326E0,-9.703611494755E0));
#2811=CARTESIAN_POINT('',(-9.5E-1,3.076291396324E0,-9.659534471379E0));
#2812=VERTEX_POINT('',#2810);
#2813=VERTEX_POINT('',#2811);
#2814=CARTESIAN_POINT('',(-9.5E-1,5.606E0,-9.443651094014E0));
#2815=VERTEX_POINT('',#2814);
#2816=CARTESIAN_POINT('',(-9.5E-1,2.634E0,-4.78E0));
#2817=CARTESIAN_POINT('',(-9.5E-1,2.934E0,-4.78E0));
#2818=VERTEX_POINT('',#2816);
#2819=VERTEX_POINT('',#2817);
#2820=CARTESIAN_POINT('',(-9.5E-1,-1.356E0,-4.78E0));
#2821=CARTESIAN_POINT('',(-9.5E-1,-1.056E0,-4.78E0));
#2822=VERTEX_POINT('',#2820);
#2823=VERTEX_POINT('',#2821);
#2824=CARTESIAN_POINT('',(-9.5E-1,-1.498217478708E0,-9.630057675705E0));
#2825=CARTESIAN_POINT('',(-9.5E-1,-5.803462374326E0,-9.705206004890E0));
#2826=VERTEX_POINT('',#2824);
#2827=VERTEX_POINT('',#2825);
#2828=CARTESIAN_POINT('',(-9.5E-1,-5.808E0,-9.445245604149E0));
#2829=VERTEX_POINT('',#2828);
#2830=CARTESIAN_POINT('',(-9.5E-1,-4.82E0,-9.428E0));
#2831=VERTEX_POINT('',#2830);
#2832=CARTESIAN_POINT('',(-9.5E-1,-4.82E0,-9.4E0));
#2833=VERTEX_POINT('',#2832);
#2834=CARTESIAN_POINT('',(-5.5E-1,5.601462374326E0,-9.703611494755E0));
#2835=CARTESIAN_POINT('',(-5.5E-1,3.076291396324E0,-9.659534471379E0));
#2836=VERTEX_POINT('',#2834);
#2837=VERTEX_POINT('',#2835);
#2838=CARTESIAN_POINT('',(-5.5E-1,5.606E0,-9.443651094014E0));
#2839=VERTEX_POINT('',#2838);
#2840=CARTESIAN_POINT('',(-5.5E-1,2.634E0,-4.78E0));
#2841=CARTESIAN_POINT('',(-5.5E-1,2.934E0,-4.78E0));
#2842=VERTEX_POINT('',#2840);
#2843=VERTEX_POINT('',#2841);
#2844=CARTESIAN_POINT('',(-5.5E-1,-1.356E0,-4.78E0));
#2845=CARTESIAN_POINT('',(-5.5E-1,-1.056E0,-4.78E0));
#2846=VERTEX_POINT('',#2844);
#2847=VERTEX_POINT('',#2845);
#2848=CARTESIAN_POINT('',(-5.5E-1,-1.498217478708E0,-9.630057675705E0));
#2849=CARTESIAN_POINT('',(-5.5E-1,-5.803462374326E0,-9.705206004890E0));
#2850=VERTEX_POINT('',#2848);
#2851=VERTEX_POINT('',#2849);
#2852=CARTESIAN_POINT('',(-5.5E-1,-5.808E0,-9.445245604149E0));
#2853=VERTEX_POINT('',#2852);
#2854=CARTESIAN_POINT('',(-5.5E-1,-4.82E0,-9.428E0));
#2855=VERTEX_POINT('',#2854);
#2856=CARTESIAN_POINT('',(-5.5E-1,-4.82E0,-9.4E0));
#2857=VERTEX_POINT('',#2856);
#2858=CARTESIAN_POINT('',(-9.5E-1,2.934E0,-7.28E0));
#2859=CARTESIAN_POINT('',(-9.5E-1,2.634E0,-7.28E0));
#2860=VERTEX_POINT('',#2858);
#2861=VERTEX_POINT('',#2859);
#2862=CARTESIAN_POINT('',(-9.5E-1,-1.056E0,-7.28E0));
#2863=CARTESIAN_POINT('',(-9.5E-1,-1.356E0,-7.28E0));
#2864=VERTEX_POINT('',#2862);
#2865=VERTEX_POINT('',#2863);
#2866=CARTESIAN_POINT('',(-5.5E-1,2.934E0,-7.28E0));
#2867=CARTESIAN_POINT('',(-5.5E-1,2.634E0,-7.28E0));
#2868=VERTEX_POINT('',#2866);
#2869=VERTEX_POINT('',#2867);
#2870=CARTESIAN_POINT('',(-5.5E-1,-1.056E0,-7.28E0));
#2871=CARTESIAN_POINT('',(-5.5E-1,-1.356E0,-7.28E0));
#2872=VERTEX_POINT('',#2870);
#2873=VERTEX_POINT('',#2871);
#2874=CARTESIAN_POINT('',(-9.5E-1,-3.85E0,-9.55E0));
#2875=CARTESIAN_POINT('',(-9.5E-1,-3.85E0,-9.4E0));
#2876=VERTEX_POINT('',#2874);
#2877=VERTEX_POINT('',#2875);
#2878=CARTESIAN_POINT('',(-5.5E-1,-3.85E0,-9.55E0));
#2879=CARTESIAN_POINT('',(-5.5E-1,-3.85E0,-9.4E0));
#2880=VERTEX_POINT('',#2878);
#2881=VERTEX_POINT('',#2879);
#2882=CARTESIAN_POINT('',(-9.5E-1,-1.125E0,-9.4E0));
#2883=VERTEX_POINT('',#2882);
#2884=CARTESIAN_POINT('',(-9.5E-1,2.689E0,-9.4E0));
#2885=CARTESIAN_POINT('',(-9.5E-1,3.85E0,-9.4E0));
#2886=VERTEX_POINT('',#2884);
#2887=VERTEX_POINT('',#2885);
#2888=CARTESIAN_POINT('',(-5.5E-1,-1.125E0,-9.4E0));
#2889=VERTEX_POINT('',#2888);
#2890=CARTESIAN_POINT('',(-5.5E-1,2.689E0,-9.4E0));
#2891=CARTESIAN_POINT('',(-5.5E-1,3.85E0,-9.4E0));
#2892=VERTEX_POINT('',#2890);
#2893=VERTEX_POINT('',#2891);
#2894=CARTESIAN_POINT('',(-9.5E-1,3.85E0,-9.55E0));
#2895=VERTEX_POINT('',#2894);
#2896=CARTESIAN_POINT('',(-5.5E-1,3.85E0,-9.55E0));
#2897=VERTEX_POINT('',#2896);
#2898=CARTESIAN_POINT('',(-9.5E-1,4.620651081377E0,-9.55E0));
#2899=VERTEX_POINT('',#2898);
#2900=CARTESIAN_POINT('',(-9.5E-1,-4.620651081377E0,-9.55E0));
#2901=VERTEX_POINT('',#2900);
#2902=CARTESIAN_POINT('',(-5.5E-1,4.620651081377E0,-9.55E0));
#2903=VERTEX_POINT('',#2902);
#2904=CARTESIAN_POINT('',(-5.5E-1,-4.620651081377E0,-9.55E0));
#2905=VERTEX_POINT('',#2904);
#2906=CARTESIAN_POINT('',(-9.5E-1,4.804104744774E0,-9.429653960268E0));
#2907=VERTEX_POINT('',#2906);
#2908=CARTESIAN_POINT('',(-5.5E-1,4.804104744774E0,-9.429653960268E0));
#2909=VERTEX_POINT('',#2908);
#2910=VERTEX_POINT('',#1825);
#2911=VERTEX_POINT('',#1831);
#2912=VERTEX_POINT('',#1837);
#2913=VERTEX_POINT('',#1843);
#2914=CARTESIAN_POINT('',(-1.1E0,-4.820649981710E0,-9.350663223900E0));
#2915=CARTESIAN_POINT('',(1.1E0,-4.820649981710E0,-9.350663223900E0));
#2916=VERTEX_POINT('',#2914);
#2917=VERTEX_POINT('',#2915);
#2918=CARTESIAN_POINT('',(-1.1E0,-4.820484174823E0,-9.400663223900E0));
#2919=VERTEX_POINT('',#2918);
#2920=CARTESIAN_POINT('',(1.1E0,-4.820484174823E0,-9.400663223900E0));
#2921=VERTEX_POINT('',#2920);
#2922=CARTESIAN_POINT('',(1.1E0,4.820649981710E0,-9.350663223900E0));
#2923=CARTESIAN_POINT('',(-1.1E0,4.820649981710E0,-9.350663223900E0));
#2924=VERTEX_POINT('',#2922);
#2925=VERTEX_POINT('',#2923);
#2926=CARTESIAN_POINT('',(1.1E0,4.820484174823E0,-9.400663223900E0));
#2927=VERTEX_POINT('',#2926);
#2928=CARTESIAN_POINT('',(-1.1E0,4.820484174823E0,-9.400663223900E0));
#2929=VERTEX_POINT('',#2928);
#2930=CARTESIAN_POINT('',(-3.E0,3.796673610378E0,-5.E-1));
#2931=VERTEX_POINT('',#2930);
#2932=CARTESIAN_POINT('',(3.E0,3.796673610378E0,-5.000000000001E-1));
#2933=VERTEX_POINT('',#2932);
#2934=CARTESIAN_POINT('',(1.1E0,-4.620485274491E0,-9.6E0));
#2935=VERTEX_POINT('',#2934);
#2936=CARTESIAN_POINT('',(-1.1E0,-4.620485274491E0,-9.6E0));
#2937=VERTEX_POINT('',#2936);
#2938=CARTESIAN_POINT('',(-1.1E0,4.620485274491E0,-9.6E0));
#2939=VERTEX_POINT('',#2938);
#2940=CARTESIAN_POINT('',(1.1E0,4.620485274491E0,-9.6E0));
#2941=VERTEX_POINT('',#2940);
#2942=CARTESIAN_POINT('',(-2.770485274491E0,-3.85E0,-9.6E0));
#2943=VERTEX_POINT('',#2942);
#2944=CARTESIAN_POINT('',(2.770485274491E0,-3.85E0,-9.6E0));
#2945=VERTEX_POINT('',#2944);
#2946=CARTESIAN_POINT('',(-2.770485274491E0,3.85E0,-9.6E0));
#2947=VERTEX_POINT('',#2946);
#2948=CARTESIAN_POINT('',(2.770485274491E0,3.85E0,-9.6E0));
#2949=VERTEX_POINT('',#2948);
#2950=CARTESIAN_POINT('',(1.1E0,-4.620651081377E0,-9.55E0));
#2951=VERTEX_POINT('',#2950);
#2952=CARTESIAN_POINT('',(-1.1E0,-4.620651081377E0,-9.55E0));
#2953=VERTEX_POINT('',#2952);
#2954=CARTESIAN_POINT('',(-1.1E0,4.620651081377E0,-9.55E0));
#2955=VERTEX_POINT('',#2954);
#2956=CARTESIAN_POINT('',(1.1E0,4.620651081377E0,-9.55E0));
#2957=VERTEX_POINT('',#2956);
#2958=CARTESIAN_POINT('',(-2.999999999998E0,-4.350002061877E0,-5.E-1));
#2959=CARTESIAN_POINT('',(-2.970484174823E0,-4.320486923993E0,
-9.400663223900E0));
#2960=VERTEX_POINT('',#2958);
#2961=VERTEX_POINT('',#2959);
#2962=CARTESIAN_POINT('',(-2.500001374585E0,-4.85E0,-5.E-1));
#2963=CARTESIAN_POINT('',(-2.470486923993E0,-4.820484174823E0,
-9.400663223900E0));
#2964=VERTEX_POINT('',#2962);
#2965=VERTEX_POINT('',#2963);
#2966=CARTESIAN_POINT('',(-2.5E0,-4.85E0,-2.E-1));
#2967=VERTEX_POINT('',#2966);
#2968=CARTESIAN_POINT('',(-3.E0,-4.35E0,-2.E-1));
#2969=VERTEX_POINT('',#2968);
#2970=CARTESIAN_POINT('',(-2.8E0,-4.35E0,0.E0));
#2971=VERTEX_POINT('',#2970);
#2972=CARTESIAN_POINT('',(-2.5E0,-4.65E0,0.E0));
#2973=VERTEX_POINT('',#2972);
#2974=CARTESIAN_POINT('',(-2.470486923993E0,-4.620485274580E0,-9.6E0));
#2975=VERTEX_POINT('',#2974);
#2976=VERTEX_POINT('',#1236);
#2977=CARTESIAN_POINT('',(-2.999999999998E0,4.350000687292E0,-5.E-1));
#2978=CARTESIAN_POINT('',(-3.E0,4.35E0,-2.E-1));
#2979=VERTEX_POINT('',#2977);
#2980=VERTEX_POINT('',#2978);
#2981=CARTESIAN_POINT('',(-2.500001374585E0,4.85E0,-5.E-1));
#2982=CARTESIAN_POINT('',(-2.5E0,4.85E0,-2.E-1));
#2983=VERTEX_POINT('',#2981);
#2984=VERTEX_POINT('',#2982);
#2985=CARTESIAN_POINT('',(-2.470486923993E0,4.820484174823E0,
-9.400663223900E0));
#2986=VERTEX_POINT('',#2985);
#2987=CARTESIAN_POINT('',(-2.970484174823E0,4.320486923993E0,
-9.400663223900E0));
#2988=VERTEX_POINT('',#2987);
#2989=CARTESIAN_POINT('',(-2.770485274580E0,4.320486923993E0,-9.6E0));
#2990=VERTEX_POINT('',#2989);
#2991=VERTEX_POINT('',#1272);
#2992=CARTESIAN_POINT('',(-2.5E0,4.65E0,0.E0));
#2993=VERTEX_POINT('',#2992);
#2994=CARTESIAN_POINT('',(-2.8E0,4.35E0,0.E0));
#2995=VERTEX_POINT('',#2994);
#2996=CARTESIAN_POINT('',(2.999999999998E0,4.350002061877E0,-5.E-1));
#2997=CARTESIAN_POINT('',(2.970484174823E0,4.320486923993E0,-9.400663223900E0));
#2998=VERTEX_POINT('',#2996);
#2999=VERTEX_POINT('',#2997);
#3000=CARTESIAN_POINT('',(2.500001374585E0,4.85E0,-5.E-1));
#3001=CARTESIAN_POINT('',(2.470486923993E0,4.820484174823E0,-9.400663223900E0));
#3002=VERTEX_POINT('',#3000);
#3003=VERTEX_POINT('',#3001);
#3004=CARTESIAN_POINT('',(2.5E0,4.85E0,-2.E-1));
#3005=VERTEX_POINT('',#3004);
#3006=CARTESIAN_POINT('',(3.E0,4.35E0,-2.E-1));
#3007=VERTEX_POINT('',#3006);
#3008=CARTESIAN_POINT('',(2.8E0,4.35E0,0.E0));
#3009=VERTEX_POINT('',#3008);
#3010=CARTESIAN_POINT('',(2.5E0,4.65E0,0.E0));
#3011=VERTEX_POINT('',#3010);
#3012=CARTESIAN_POINT('',(2.470486923993E0,4.620485274580E0,-9.6E0));
#3013=VERTEX_POINT('',#3012);
#3014=VERTEX_POINT('',#1308);
#3015=CARTESIAN_POINT('',(2.999999999998E0,-4.350000687292E0,-5.E-1));
#3016=CARTESIAN_POINT('',(3.E0,-4.35E0,-2.E-1));
#3017=VERTEX_POINT('',#3015);
#3018=VERTEX_POINT('',#3016);
#3019=CARTESIAN_POINT('',(2.500001374585E0,-4.85E0,-5.E-1));
#3020=CARTESIAN_POINT('',(2.5E0,-4.85E0,-2.E-1));
#3021=VERTEX_POINT('',#3019);
#3022=VERTEX_POINT('',#3020);
#3023=CARTESIAN_POINT('',(2.470486923993E0,-4.820484174823E0,
-9.400663223900E0));
#3024=VERTEX_POINT('',#3023);
#3025=CARTESIAN_POINT('',(2.970484174823E0,-4.320486923993E0,
-9.400663223900E0));
#3026=VERTEX_POINT('',#3025);
#3027=CARTESIAN_POINT('',(2.770485274580E0,-4.320486923993E0,-9.6E0));
#3028=VERTEX_POINT('',#3027);
#3029=VERTEX_POINT('',#1344);
#3030=CARTESIAN_POINT('',(2.5E0,-4.65E0,0.E0));
#3031=VERTEX_POINT('',#3030);
#3032=CARTESIAN_POINT('',(2.8E0,-4.35E0,0.E0));
#3033=VERTEX_POINT('',#3032);
#3034=CARTESIAN_POINT('',(3.E0,-1.571166784282E0,-2.E-1));
#3035=VERTEX_POINT('',#3034);
#3036=CARTESIAN_POINT('',(2.8E0,-1.574657797267E0,0.E0));
#3037=VERTEX_POINT('',#3036);
#3038=CARTESIAN_POINT('',(-2.8E0,-1.574657797267E0,0.E0));
#3039=VERTEX_POINT('',#3038);
#3040=CARTESIAN_POINT('',(-3.E0,-1.571166784282E0,-2.E-1));
#3041=VERTEX_POINT('',#3040);
#3042=VERTEX_POINT('',#348);
#3043=VERTEX_POINT('',#354);
#3044=CARTESIAN_POINT('',(2.379999801683E0,-3.604363350754E0,
-6.279999998702E0));
#3045=VERTEX_POINT('',#3044);
#3046=CARTESIAN_POINT('',(2.130000793273E0,-3.854360970992E0,
-6.280545412795E0));
#3047=VERTEX_POINT('',#3046);
#3048=VERTEX_POINT('',#360);
#3049=VERTEX_POINT('',#366);
#3050=VERTEX_POINT('',#408);
#3051=VERTEX_POINT('',#414);
#3052=CARTESIAN_POINT('',(-2.130000793273E0,-3.854360970992E0,
-6.280545412795E0));
#3053=VERTEX_POINT('',#3052);
#3054=CARTESIAN_POINT('',(-2.379999801679E0,-3.604363350747E0,
-6.280000000433E0));
#3055=VERTEX_POINT('',#3054);
#3056=VERTEX_POINT('',#396);
#3057=VERTEX_POINT('',#402);
#3058=CARTESIAN_POINT('',(-2.130000793273E0,4.368360970992E0,
-6.280545412795E0));
#3059=CARTESIAN_POINT('',(-2.157404222974E0,4.395765193975E0,0.E0));
#3060=VERTEX_POINT('',#3058);
#3061=VERTEX_POINT('',#3059);
#3062=CARTESIAN_POINT('',(-2.379999801683E0,4.118363350754E0,
-6.279999998702E0));
#3063=CARTESIAN_POINT('',(-2.407401843154E0,4.145767573795E0,0.E0));
#3064=VERTEX_POINT('',#3062);
#3065=VERTEX_POINT('',#3063);
#3066=VERTEX_POINT('',#420);
#3067=VERTEX_POINT('',#426);
#3068=VERTEX_POINT('',#448);
#3069=VERTEX_POINT('',#454);
#3070=CARTESIAN_POINT('',(2.130000793273E0,4.368360970992E0,-6.280545412795E0));
#3071=VERTEX_POINT('',#3070);
#3072=CARTESIAN_POINT('',(2.379999801679E0,4.118363350747E0,-6.280000000433E0));
#3073=VERTEX_POINT('',#3072);
#3074=CARTESIAN_POINT('',(2.407401843154E0,4.145767573795E0,0.E0));
#3075=VERTEX_POINT('',#3074);
#3076=CARTESIAN_POINT('',(2.157404222974E0,4.395765193975E0,0.E0));
#3077=VERTEX_POINT('',#3076);
#3078=CARTESIAN_POINT('',(-2.793698238631E0,-1.536256654425E0,-2.2E0));
#3079=CARTESIAN_POINT('',(-2.793698238631E0,3.767E0,-2.2E0));
#3080=VERTEX_POINT('',#3078);
#3081=VERTEX_POINT('',#3079);
#3082=CARTESIAN_POINT('',(-2.993697138963E0,-1.532754064823E0,
-2.400663223900E0));
#3083=CARTESIAN_POINT('',(-2.993697138963E0,3.763497410398E0,
-2.400663223900E0));
#3084=VERTEX_POINT('',#3082);
#3085=VERTEX_POINT('',#3083);
#3086=CARTESIAN_POINT('',(2.793698238631E0,3.767E0,-2.2E0));
#3087=CARTESIAN_POINT('',(2.793698238631E0,-1.536256654425E0,-2.2E0));
#3088=VERTEX_POINT('',#3086);
#3089=VERTEX_POINT('',#3087);
#3090=CARTESIAN_POINT('',(2.993697138963E0,3.763497410398E0,-2.400663223900E0));
#3091=CARTESIAN_POINT('',(2.993697138963E0,-1.532754064823E0,
-2.400663223900E0));
#3092=VERTEX_POINT('',#3090);
#3093=VERTEX_POINT('',#3091);
#3094=VERTEX_POINT('',#480);
#3095=VERTEX_POINT('',#486);
#3096=CARTESIAN_POINT('',(-1.17E0,1.664014926068E0,-7.28E0));
#3097=VERTEX_POINT('',#3096);
#3098=CARTESIAN_POINT('',(-9.700149260679E-1,1.864E0,-7.28E0));
#3099=VERTEX_POINT('',#3098);
#3100=VERTEX_POINT('',#492);
#3101=VERTEX_POINT('',#498);
#3102=CARTESIAN_POINT('',(9.700149260679E-1,1.864E0,-7.28E0));
#3103=VERTEX_POINT('',#3102);
#3104=CARTESIAN_POINT('',(1.17E0,1.664014926068E0,-7.28E0));
#3105=VERTEX_POINT('',#3104);
#3106=VERTEX_POINT('',#504);
#3107=VERTEX_POINT('',#510);
#3108=CARTESIAN_POINT('',(1.17E0,-8.601492606791E-2,-7.28E0));
#3109=VERTEX_POINT('',#3108);
#3110=CARTESIAN_POINT('',(9.700149260679E-1,-2.86E-1,-7.28E0));
#3111=VERTEX_POINT('',#3110);
#3112=VERTEX_POINT('',#512);
#3113=VERTEX_POINT('',#518);
#3114=CARTESIAN_POINT('',(-9.700149260679E-1,-2.86E-1,-7.28E0));
#3115=VERTEX_POINT('',#3114);
#3116=CARTESIAN_POINT('',(-1.17E0,-8.601492606791E-2,-7.28E0));
#3117=VERTEX_POINT('',#3116);
#3118=CARTESIAN_POINT('',(1.383234806025E0,-2.433401843154E0,0.E0));
#3119=CARTESIAN_POINT('',(1.246765193975E0,-2.433401843154E0,0.E0));
#3120=VERTEX_POINT('',#3118);
#3121=VERTEX_POINT('',#3119);
#3122=CARTESIAN_POINT('',(1.533889302418E0,-2.282747346761E0,
-1.499985721081E-1));
#3123=CARTESIAN_POINT('',(1.096110697582E0,-2.282747346761E0,
-1.499985721081E-1));
#3124=VERTEX_POINT('',#3122);
#3125=VERTEX_POINT('',#3123);
#3126=CARTESIAN_POINT('',(-1.096110697582E0,-2.282747346761E0,
-1.499985721081E-1));
#3127=CARTESIAN_POINT('',(-1.533889302418E0,-2.282747346761E0,
-1.499985721081E-1));
#3128=VERTEX_POINT('',#3126);
#3129=VERTEX_POINT('',#3127);
#3130=CARTESIAN_POINT('',(-1.246765193975E0,-2.433401843154E0,0.E0));
#3131=CARTESIAN_POINT('',(-1.383234806025E0,-2.433401843154E0,0.E0));
#3132=VERTEX_POINT('',#3130);
#3133=VERTEX_POINT('',#3131);
#3134=CARTESIAN_POINT('',(-3.182348060253E-1,3.861401843154E0,0.E0));
#3135=CARTESIAN_POINT('',(-4.688893024180E-1,3.860747346761E0,
-1.499985721081E-1));
#3136=VERTEX_POINT('',#3134);
#3137=VERTEX_POINT('',#3135);
#3138=CARTESIAN_POINT('',(-4.688893024180E-1,4.395110697582E0,
-1.499985721081E-1));
#3139=VERTEX_POINT('',#3138);
#3140=CARTESIAN_POINT('',(-3.182348060253E-1,4.395765193975E0,0.E0));
#3141=VERTEX_POINT('',#3140);
#3142=CARTESIAN_POINT('',(4.688893024180E-1,3.860747346761E0,
-1.499985721081E-1));
#3143=CARTESIAN_POINT('',(4.688893024180E-1,4.395110697582E0,
-1.499985721081E-1));
#3144=VERTEX_POINT('',#3142);
#3145=VERTEX_POINT('',#3143);
#3146=CARTESIAN_POINT('',(3.182348060253E-1,3.861401843154E0,0.E0));
#3147=VERTEX_POINT('',#3146);
#3148=CARTESIAN_POINT('',(3.182348060253E-1,4.395765193975E0,0.E0));
#3149=VERTEX_POINT('',#3148);
#3150=CARTESIAN_POINT('',(2.156749726566E0,-3.881110697582E0,
-1.499985721082E-1));
#3151=VERTEX_POINT('',#3150);
#3152=CARTESIAN_POINT('',(2.406747346761E0,-3.631113077272E0,
-1.499985721085E-1));
#3153=VERTEX_POINT('',#3152);
#3154=CARTESIAN_POINT('',(1.783886922614E0,-3.881110697582E0,
-1.499985721082E-1));
#3155=VERTEX_POINT('',#3154);
#3156=CARTESIAN_POINT('',(1.533889302418E0,-3.631113077272E0,
-1.499985721085E-1));
#3157=VERTEX_POINT('',#3156);
#3158=CARTESIAN_POINT('',(-2.406747346761E0,-3.631113077272E0,
-1.499985721085E-1));
#3159=VERTEX_POINT('',#3158);
#3160=CARTESIAN_POINT('',(-2.156749726566E0,-3.881110697582E0,
-1.499985721082E-1));
#3161=VERTEX_POINT('',#3160);
#3162=CARTESIAN_POINT('',(-1.533889302418E0,-3.631113077386E0,
-1.499985721082E-1));
#3163=VERTEX_POINT('',#3162);
#3164=CARTESIAN_POINT('',(-1.783886922728E0,-3.881110697582E0,
-1.499985721085E-1));
#3165=VERTEX_POINT('',#3164);
#3166=VERTEX_POINT('',#2369);
#3167=VERTEX_POINT('',#2373);
#3168=CARTESIAN_POINT('',(1.065E0,-3.186030303803E0,-7.28E0));
#3169=VERTEX_POINT('',#3168);
#3170=VERTEX_POINT('',#2415);
#3171=VERTEX_POINT('',#2401);
#3172=VERTEX_POINT('',#2405);
#3173=CARTESIAN_POINT('',(-1.068340062879E0,-3.953340062879E0,
-6.514518832726E0));
#3174=VERTEX_POINT('',#3173);
#3175=VERTEX_POINT('',#2383);
#3176=CARTESIAN_POINT('',(-1.246765193975E0,-4.281765193975E0,0.E0));
#3177=CARTESIAN_POINT('',(1.246765193975E0,-4.281765193975E0,0.E0));
#3178=VERTEX_POINT('',#3176);
#3179=VERTEX_POINT('',#3177);
#3180=CARTESIAN_POINT('',(-1.094147208404E0,-3.979147208404E0,
-5.999942884324E-1));
#3181=CARTESIAN_POINT('',(1.094147208404E0,-3.979147208404E0,
-5.999942884324E-1));
#3182=VERTEX_POINT('',#3180);
#3183=VERTEX_POINT('',#3181);
#3184=CARTESIAN_POINT('',(-1.096110697582E0,-4.206110697582E0,
-1.499985721081E-1));
#3185=VERTEX_POINT('',#3184);
#3186=CARTESIAN_POINT('',(1.096110697582E0,-4.206110697582E0,
-1.499985721081E-1));
#3187=VERTEX_POINT('',#3186);
#3188=CARTESIAN_POINT('',(-9.5E-1,-4.814300248688E0,-9.4E0));
#3189=VERTEX_POINT('',#3188);
#3190=CARTESIAN_POINT('',(-5.5E-1,-4.814300248688E0,-9.4E0));
#3191=VERTEX_POINT('',#3190);
#3192=CARTESIAN_POINT('',(-2.891047138963E0,2.89E-1,-3.2E0));
#3193=CARTESIAN_POINT('',(-2.870574846540E0,2.89E-1,-9.373535016694E0));
#3194=VERTEX_POINT('',#3192);
#3195=VERTEX_POINT('',#3193);
#3196=CARTESIAN_POINT('',(-2.991046848345E0,1.890004202252E-1,-3.2E0));
#3197=VERTEX_POINT('',#3196);
#3198=CARTESIAN_POINT('',(-2.971147822593E0,1.89E-1,-9.200663225294E0));
#3199=VERTEX_POINT('',#3198);
#3200=CARTESIAN_POINT('',(-2.991046848345E0,1.388999579775E0,-3.2E0));
#3201=CARTESIAN_POINT('',(-2.971147822593E0,1.389E0,-9.200663225294E0));
#3202=VERTEX_POINT('',#3200);
#3203=VERTEX_POINT('',#3201);
#3204=CARTESIAN_POINT('',(-2.891047138963E0,1.289E0,-3.2E0));
#3205=VERTEX_POINT('',#3204);
#3206=CARTESIAN_POINT('',(-2.870574846540E0,1.289E0,-9.373535016694E0));
#3207=VERTEX_POINT('',#3206);
#3208=CARTESIAN_POINT('',(2.991046015012E0,1.889995868965E-1,-3.2E0));
#3209=CARTESIAN_POINT('',(2.971146989268E0,1.89E-1,-9.200663222530E0));
#3210=VERTEX_POINT('',#3208);
#3211=VERTEX_POINT('',#3209);
#3212=CARTESIAN_POINT('',(2.891044638963E0,2.89E-1,-3.2E0));
#3213=VERTEX_POINT('',#3212);
#3214=CARTESIAN_POINT('',(2.870572341781E0,2.89E-1,-9.373536451763E0));
#3215=VERTEX_POINT('',#3214);
#3216=CARTESIAN_POINT('',(2.891044638963E0,1.289E0,-3.2E0));
#3217=CARTESIAN_POINT('',(2.870572341781E0,1.289E0,-9.373536451763E0));
#3218=VERTEX_POINT('',#3216);
#3219=VERTEX_POINT('',#3217);
#3220=CARTESIAN_POINT('',(2.991046015012E0,1.389000413104E0,-3.2E0));
#3221=VERTEX_POINT('',#3220);
#3222=CARTESIAN_POINT('',(2.971146989268E0,1.389E0,-9.200663222530E0));
#3223=VERTEX_POINT('',#3222);
#3224=CARTESIAN_POINT('',(2.771148502038E0,-3.85E0,-9.4E0));
#3225=CARTESIAN_POINT('',(2.771148502038E0,3.85E0,-9.4E0));
#3226=VERTEX_POINT('',#3224);
#3227=VERTEX_POINT('',#3225);
#3228=CARTESIAN_POINT('',(2.971147402370E0,-3.85E0,-9.200663223900E0));
#3229=CARTESIAN_POINT('',(2.970510140138E0,-3.85E0,-9.400331611950E0));
#3230=VERTEX_POINT('',#3228);
#3231=VERTEX_POINT('',#3229);
#3232=CARTESIAN_POINT('',(2.971147402370E0,3.85E0,-9.200663223900E0));
#3233=CARTESIAN_POINT('',(2.970510415056E0,3.85E0,-9.400221074481E0));
#3234=VERTEX_POINT('',#3232);
#3235=VERTEX_POINT('',#3233);
#3236=CARTESIAN_POINT('',(-2.771148502038E0,3.85E0,-9.4E0));
#3237=CARTESIAN_POINT('',(-2.771148502038E0,-3.85E0,-9.4E0));
#3238=VERTEX_POINT('',#3236);
#3239=VERTEX_POINT('',#3237);
#3240=CARTESIAN_POINT('',(-2.971147402370E0,3.85E0,-9.200663223900E0));
#3241=CARTESIAN_POINT('',(-2.970510140138E0,3.85E0,-9.400331611950E0));
#3242=VERTEX_POINT('',#3240);
#3243=VERTEX_POINT('',#3241);
#3244=CARTESIAN_POINT('',(-2.971147402370E0,-3.85E0,-9.200663223900E0));
#3245=CARTESIAN_POINT('',(-2.970510415056E0,-3.85E0,-9.400221074481E0));
#3246=VERTEX_POINT('',#3244);
#3247=VERTEX_POINT('',#3245);
#3248=CARTESIAN_POINT('',(5.5E-1,5.601462374326E0,-9.703611494755E0));
#3249=CARTESIAN_POINT('',(5.5E-1,3.076291396324E0,-9.659534471379E0));
#3250=VERTEX_POINT('',#3248);
#3251=VERTEX_POINT('',#3249);
#3252=CARTESIAN_POINT('',(5.5E-1,5.606E0,-9.443651094014E0));
#3253=VERTEX_POINT('',#3252);
#3254=CARTESIAN_POINT('',(5.5E-1,2.634E0,-4.78E0));
#3255=CARTESIAN_POINT('',(5.5E-1,2.934E0,-4.78E0));
#3256=VERTEX_POINT('',#3254);
#3257=VERTEX_POINT('',#3255);
#3258=CARTESIAN_POINT('',(5.5E-1,-1.356E0,-4.78E0));
#3259=CARTESIAN_POINT('',(5.5E-1,-1.056E0,-4.78E0));
#3260=VERTEX_POINT('',#3258);
#3261=VERTEX_POINT('',#3259);
#3262=CARTESIAN_POINT('',(5.5E-1,-1.498217478708E0,-9.630057675705E0));
#3263=CARTESIAN_POINT('',(5.5E-1,-5.803462374326E0,-9.705206004890E0));
#3264=VERTEX_POINT('',#3262);
#3265=VERTEX_POINT('',#3263);
#3266=CARTESIAN_POINT('',(5.5E-1,-5.808E0,-9.445245604149E0));
#3267=VERTEX_POINT('',#3266);
#3268=CARTESIAN_POINT('',(5.5E-1,-4.82E0,-9.428E0));
#3269=VERTEX_POINT('',#3268);
#3270=CARTESIAN_POINT('',(5.5E-1,-4.82E0,-9.4E0));
#3271=VERTEX_POINT('',#3270);
#3272=CARTESIAN_POINT('',(9.5E-1,5.601462374326E0,-9.703611494755E0));
#3273=CARTESIAN_POINT('',(9.5E-1,3.076291396324E0,-9.659534471379E0));
#3274=VERTEX_POINT('',#3272);
#3275=VERTEX_POINT('',#3273);
#3276=CARTESIAN_POINT('',(9.5E-1,5.606E0,-9.443651094014E0));
#3277=VERTEX_POINT('',#3276);
#3278=CARTESIAN_POINT('',(9.5E-1,2.634E0,-4.78E0));
#3279=CARTESIAN_POINT('',(9.5E-1,2.934E0,-4.78E0));
#3280=VERTEX_POINT('',#3278);
#3281=VERTEX_POINT('',#3279);
#3282=CARTESIAN_POINT('',(9.5E-1,-1.356E0,-4.78E0));
#3283=CARTESIAN_POINT('',(9.5E-1,-1.056E0,-4.78E0));
#3284=VERTEX_POINT('',#3282);
#3285=VERTEX_POINT('',#3283);
#3286=CARTESIAN_POINT('',(9.5E-1,-1.498217478708E0,-9.630057675705E0));
#3287=CARTESIAN_POINT('',(9.5E-1,-5.803462374326E0,-9.705206004890E0));
#3288=VERTEX_POINT('',#3286);
#3289=VERTEX_POINT('',#3287);
#3290=CARTESIAN_POINT('',(9.5E-1,-5.808E0,-9.445245604149E0));
#3291=VERTEX_POINT('',#3290);
#3292=CARTESIAN_POINT('',(9.5E-1,-4.82E0,-9.428E0));
#3293=VERTEX_POINT('',#3292);
#3294=CARTESIAN_POINT('',(9.5E-1,-4.82E0,-9.4E0));
#3295=VERTEX_POINT('',#3294);
#3296=CARTESIAN_POINT('',(5.5E-1,2.934E0,-7.28E0));
#3297=CARTESIAN_POINT('',(5.5E-1,2.634E0,-7.28E0));
#3298=VERTEX_POINT('',#3296);
#3299=VERTEX_POINT('',#3297);
#3300=CARTESIAN_POINT('',(5.5E-1,-1.056E0,-7.28E0));
#3301=CARTESIAN_POINT('',(5.5E-1,-1.356E0,-7.28E0));
#3302=VERTEX_POINT('',#3300);
#3303=VERTEX_POINT('',#3301);
#3304=CARTESIAN_POINT('',(9.5E-1,2.934E0,-7.28E0));
#3305=CARTESIAN_POINT('',(9.5E-1,2.634E0,-7.28E0));
#3306=VERTEX_POINT('',#3304);
#3307=VERTEX_POINT('',#3305);
#3308=CARTESIAN_POINT('',(9.5E-1,-1.056E0,-7.28E0));
#3309=CARTESIAN_POINT('',(9.5E-1,-1.356E0,-7.28E0));
#3310=VERTEX_POINT('',#3308);
#3311=VERTEX_POINT('',#3309);
#3312=CARTESIAN_POINT('',(5.5E-1,-3.85E0,-9.55E0));
#3313=CARTESIAN_POINT('',(5.5E-1,-3.85E0,-9.4E0));
#3314=VERTEX_POINT('',#3312);
#3315=VERTEX_POINT('',#3313);
#3316=CARTESIAN_POINT('',(9.5E-1,-3.85E0,-9.55E0));
#3317=CARTESIAN_POINT('',(9.5E-1,-3.85E0,-9.4E0));
#3318=VERTEX_POINT('',#3316);
#3319=VERTEX_POINT('',#3317);
#3320=CARTESIAN_POINT('',(5.5E-1,-1.125E0,-9.4E0));
#3321=VERTEX_POINT('',#3320);
#3322=CARTESIAN_POINT('',(5.5E-1,2.689E0,-9.4E0));
#3323=CARTESIAN_POINT('',(5.5E-1,3.85E0,-9.4E0));
#3324=VERTEX_POINT('',#3322);
#3325=VERTEX_POINT('',#3323);
#3326=CARTESIAN_POINT('',(9.5E-1,-1.125E0,-9.4E0));
#3327=VERTEX_POINT('',#3326);
#3328=CARTESIAN_POINT('',(9.5E-1,2.689E0,-9.4E0));
#3329=CARTESIAN_POINT('',(9.5E-1,3.85E0,-9.4E0));
#3330=VERTEX_POINT('',#3328);
#3331=VERTEX_POINT('',#3329);
#3332=CARTESIAN_POINT('',(5.5E-1,3.85E0,-9.55E0));
#3333=VERTEX_POINT('',#3332);
#3334=CARTESIAN_POINT('',(9.5E-1,3.85E0,-9.55E0));
#3335=VERTEX_POINT('',#3334);
#3336=CARTESIAN_POINT('',(5.5E-1,4.620651081377E0,-9.55E0));
#3337=VERTEX_POINT('',#3336);
#3338=CARTESIAN_POINT('',(5.5E-1,-4.620651081377E0,-9.55E0));
#3339=VERTEX_POINT('',#3338);
#3340=CARTESIAN_POINT('',(9.5E-1,4.620651081377E0,-9.55E0));
#3341=VERTEX_POINT('',#3340);
#3342=CARTESIAN_POINT('',(9.5E-1,-4.620651081377E0,-9.55E0));
#3343=VERTEX_POINT('',#3342);
#3344=CARTESIAN_POINT('',(5.5E-1,-4.814300248688E0,-9.4E0));
#3345=VERTEX_POINT('',#3344);
#3346=CARTESIAN_POINT('',(9.5E-1,-4.814300248688E0,-9.4E0));
#3347=VERTEX_POINT('',#3346);
#3348=CARTESIAN_POINT('',(5.5E-1,4.804104744774E0,-9.429653960268E0));
#3349=VERTEX_POINT('',#3348);
#3350=CARTESIAN_POINT('',(9.5E-1,4.804104744774E0,-9.429653960268E0));
#3351=VERTEX_POINT('',#3350);
#3352=CARTESIAN_POINT('',(1.892165822169E0,3.968341778308E-1,-2.2E0));
#3353=CARTESIAN_POINT('',(1.892165822169E0,-3.588341778308E-1,-2.2E0));
#3354=VERTEX_POINT('',#3352);
#3355=VERTEX_POINT('',#3353);
#3356=CARTESIAN_POINT('',(1.87E0,4.19E-1,-7.28E0));
#3357=CARTESIAN_POINT('',(1.87E0,-3.81E-1,-7.28E0));
#3358=VERTEX_POINT('',#3356);
#3359=VERTEX_POINT('',#3357);
#3360=CARTESIAN_POINT('',(2.38E0,-3.81E-1,-7.28E0));
#3361=VERTEX_POINT('',#3360);
#3362=CARTESIAN_POINT('',(2.38E0,4.19E-1,-7.28E0));
#3363=VERTEX_POINT('',#3362);
#3364=CARTESIAN_POINT('',(2.38E0,-3.766366491793E-1,-6.28E0));
#3365=VERTEX_POINT('',#3364);
#3366=CARTESIAN_POINT('',(2.38E0,4.146366491793E-1,-6.28E0));
#3367=VERTEX_POINT('',#3366);
#3368=CARTESIAN_POINT('',(2.397802471348E0,-3.588341778308E-1,-2.2E0));
#3369=VERTEX_POINT('',#3368);
#3370=CARTESIAN_POINT('',(2.397802471348E0,3.968341778308E-1,-2.2E0));
#3371=VERTEX_POINT('',#3370);
#3372=CARTESIAN_POINT('',(-3.E0,-1.565930264803E0,-5.E-1));
#3373=VERTEX_POINT('',#3372);
#3374=CARTESIAN_POINT('',(3.E0,-1.565930264803E0,-5.E-1));
#3375=VERTEX_POINT('',#3374);
#3376=CARTESIAN_POINT('',(2.557401843154E0,-3.631113077122E0,0.E0));
#3377=CARTESIAN_POINT('',(2.557401843154E0,-1.574657797267E0,0.E0));
#3378=VERTEX_POINT('',#3376);
#3379=VERTEX_POINT('',#3377);
#3380=CARTESIAN_POINT('',(2.406747346761E0,-1.572039562452E0,
-1.499985721081E-1));
#3381=VERTEX_POINT('',#3380);
#3382=VERTEX_POINT('',#2093);
#3383=CARTESIAN_POINT('',(1.783886922632E0,-4.031765193975E0,0.E0));
#3384=VERTEX_POINT('',#3383);
#3385=VERTEX_POINT('',#2077);
#3386=CARTESIAN_POINT('',(-2.406747346761E0,-1.572039562452E0,
-1.499985721081E-1));
#3387=VERTEX_POINT('',#3386);
#3388=CARTESIAN_POINT('',(-2.557401843154E0,-1.574657797267E0,0.E0));
#3389=CARTESIAN_POINT('',(-2.557401843154E0,-3.631113077122E0,0.E0));
#3390=VERTEX_POINT('',#3388);
#3391=VERTEX_POINT('',#3389);
#3392=VERTEX_POINT('',#2153);
#3393=CARTESIAN_POINT('',(-1.783886922878E0,-4.031765193975E0,0.E0));
#3394=VERTEX_POINT('',#3393);
#3395=VERTEX_POINT('',#2169);
#3396=CARTESIAN_POINT('',(-2.397802471348E0,-1.536256654425E0,-2.2E0));
#3397=VERTEX_POINT('',#3396);
#3398=CARTESIAN_POINT('',(2.397802471348E0,-1.536256654425E0,-2.2E0));
#3399=VERTEX_POINT('',#3398);
#3400=CARTESIAN_POINT('',(-3.E0,0.E0,0.E0));
#3401=DIRECTION('',(1.E0,0.E0,0.E0));
#3402=DIRECTION('',(0.E0,-1.E0,0.E0));
#3403=AXIS2_PLACEMENT_3D('',#3400,#3401,#3402);
#3404=PLANE('',#3403);
#3406=ORIENTED_EDGE('',*,*,#3405,.T.);
#3408=ORIENTED_EDGE('',*,*,#3407,.F.);
#3410=ORIENTED_EDGE('',*,*,#3409,.F.);
#3412=ORIENTED_EDGE('',*,*,#3411,.F.);
#3413=EDGE_LOOP('',(#3406,#3408,#3410,#3412));
#3414=FACE_OUTER_BOUND('',#3413,.F.);
#3416=CARTESIAN_POINT('',(-3.E0,0.E0,0.E0));
#3417=DIRECTION('',(1.E0,0.E0,0.E0));
#3418=DIRECTION('',(0.E0,-1.E0,0.E0));
#3419=AXIS2_PLACEMENT_3D('',#3416,#3417,#3418);
#3420=PLANE('',#3419);
#3422=ORIENTED_EDGE('',*,*,#3421,.T.);
#3424=ORIENTED_EDGE('',*,*,#3423,.F.);
#3426=ORIENTED_EDGE('',*,*,#3425,.T.);
#3428=ORIENTED_EDGE('',*,*,#3427,.F.);
#3429=EDGE_LOOP('',(#3422,#3424,#3426,#3428));
#3430=FACE_OUTER_BOUND('',#3429,.F.);
#3432=CARTESIAN_POINT('',(-2.5E0,-4.35E0,1.251456E1));
#3433=DIRECTION('',(0.E0,0.E0,-1.E0));
#3434=DIRECTION('',(0.E0,-1.E0,0.E0));
#3435=AXIS2_PLACEMENT_3D('',#3432,#3433,#3434);
#3436=CYLINDRICAL_SURFACE('',#3435,5.E-1);
#3438=ORIENTED_EDGE('',*,*,#3437,.T.);
#3440=ORIENTED_EDGE('',*,*,#3439,.T.);
#3441=ORIENTED_EDGE('',*,*,#3405,.F.);
#3443=ORIENTED_EDGE('',*,*,#3442,.T.);
#3444=EDGE_LOOP('',(#3438,#3440,#3441,#3443));
#3445=FACE_OUTER_BOUND('',#3444,.F.);
#3447=CARTESIAN_POINT('',(-3.E0,-4.85E0,0.E0));
#3448=DIRECTION('',(0.E0,-1.E0,0.E0));
#3449=DIRECTION('',(0.E0,0.E0,-1.E0));
#3450=AXIS2_PLACEMENT_3D('',#3447,#3448,#3449);
#3451=PLANE('',#3450);
#3452=ORIENTED_EDGE('',*,*,#3437,.F.);
#3454=ORIENTED_EDGE('',*,*,#3453,.F.);
#3456=ORIENTED_EDGE('',*,*,#3455,.F.);
#3458=ORIENTED_EDGE('',*,*,#3457,.F.);
#3459=EDGE_LOOP('',(#3452,#3454,#3456,#3458));
#3460=FACE_OUTER_BOUND('',#3459,.F.);
#3462=CARTESIAN_POINT('',(1.08216E1,-4.65E0,-2.E-1));
#3463=DIRECTION('',(-1.E0,0.E0,0.E0));
#3464=DIRECTION('',(0.E0,-1.E0,0.E0));
#3465=AXIS2_PLACEMENT_3D('',#3462,#3463,#3464);
#3466=CYLINDRICAL_SURFACE('',#3465,2.E-1);
#3468=ORIENTED_EDGE('',*,*,#3467,.T.);
#3470=ORIENTED_EDGE('',*,*,#3469,.F.);
#3472=ORIENTED_EDGE('',*,*,#3471,.F.);
#3473=ORIENTED_EDGE('',*,*,#3453,.T.);
#3474=EDGE_LOOP('',(#3468,#3470,#3472,#3473));
#3475=FACE_OUTER_BOUND('',#3474,.F.);
#3477=CARTESIAN_POINT('',(-2.5E0,-4.35E0,-2.E-1));
#3478=DIRECTION('',(0.E0,0.E0,-1.E0));
#3479=DIRECTION('',(0.E0,-1.E0,0.E0));
#3480=AXIS2_PLACEMENT_3D('',#3477,#3478,#3479);
#3481=TOROIDAL_SURFACE('',#3480,3.E-1,2.E-1);
#3483=ORIENTED_EDGE('',*,*,#3482,.T.);
#3485=ORIENTED_EDGE('',*,*,#3484,.T.);
#3486=ORIENTED_EDGE('',*,*,#3467,.F.);
#3487=ORIENTED_EDGE('',*,*,#3442,.F.);
#3488=EDGE_LOOP('',(#3483,#3485,#3486,#3487));
#3489=FACE_OUTER_BOUND('',#3488,.F.);
#3491=CARTESIAN_POINT('',(-2.8E0,-1.749492E1,-2.E-1));
#3492=DIRECTION('',(0.E0,1.E0,0.E0));
#3493=DIRECTION('',(-1.E0,0.E0,0.E0));
#3494=AXIS2_PLACEMENT_3D('',#3491,#3492,#3493);
#3495=CYLINDRICAL_SURFACE('',#3494,2.E-1);
#3496=ORIENTED_EDGE('',*,*,#3482,.F.);
#3497=ORIENTED_EDGE('',*,*,#3411,.T.);
#3499=ORIENTED_EDGE('',*,*,#3498,.T.);
#3501=ORIENTED_EDGE('',*,*,#3500,.F.);
#3502=EDGE_LOOP('',(#3496,#3497,#3499,#3501));
#3503=FACE_OUTER_BOUND('',#3502,.F.);
#3505=CARTESIAN_POINT('',(-2.397802471348E0,-1.574657797267E0,0.E0));
#3506=DIRECTION('',(0.E0,9.998476951564E-1,1.745240643728E-2));
#3507=DIRECTION('',(-1.E0,0.E0,0.E0));
#3508=AXIS2_PLACEMENT_3D('',#3505,#3506,#3507);
#3509=PLANE('',#3508);
#3511=ORIENTED_EDGE('',*,*,#3510,.F.);
#3513=ORIENTED_EDGE('',*,*,#3512,.T.);
#3514=ORIENTED_EDGE('',*,*,#3498,.F.);
#3515=ORIENTED_EDGE('',*,*,#3409,.T.);
#3517=ORIENTED_EDGE('',*,*,#3516,.T.);
#3519=ORIENTED_EDGE('',*,*,#3518,.F.);
#3521=ORIENTED_EDGE('',*,*,#3520,.T.);
#3523=ORIENTED_EDGE('',*,*,#3522,.T.);
#3524=EDGE_LOOP('',(#3511,#3513,#3514,#3515,#3517,#3519,#3521,#3523));
#3525=FACE_OUTER_BOUND('',#3524,.F.);
#3527=CARTESIAN_POINT('',(-2.482074594958E0,-2.602885437334E0,
-7.499928605406E-2));
#3528=DIRECTION('',(7.055624319347E-1,0.E0,7.086477648609E-1));
#3529=DIRECTION('',(-7.086477648609E-1,0.E0,7.055624319347E-1));
#3530=AXIS2_PLACEMENT_3D('',#3527,#3528,#3529);
#3531=PLANE('',#3530);
#3533=ORIENTED_EDGE('',*,*,#3532,.T.);
#3535=ORIENTED_EDGE('',*,*,#3534,.T.);
#3537=ORIENTED_EDGE('',*,*,#3536,.F.);
#3538=ORIENTED_EDGE('',*,*,#3510,.T.);
#3539=EDGE_LOOP('',(#3533,#3535,#3537,#3538));
#3540=FACE_OUTER_BOUND('',#3539,.F.);
#3542=CARTESIAN_POINT('',(-2.407401843154E0,-3.872631246257E0,0.E0));
#3543=DIRECTION('',(-9.999904807207E-1,0.E0,-4.363309284746E-3));
#3544=DIRECTION('',(4.363309284746E-3,0.E0,-9.999904807207E-1));
#3545=AXIS2_PLACEMENT_3D('',#3542,#3543,#3544);
#3546=PLANE('',#3545);
#3548=ORIENTED_EDGE('',*,*,#3547,.F.);
#3549=ORIENTED_EDGE('',*,*,#3532,.F.);
#3550=ORIENTED_EDGE('',*,*,#3522,.F.);
#3552=ORIENTED_EDGE('',*,*,#3551,.F.);
#3554=ORIENTED_EDGE('',*,*,#3553,.F.);
#3556=ORIENTED_EDGE('',*,*,#3555,.F.);
#3558=ORIENTED_EDGE('',*,*,#3557,.F.);
#3560=ORIENTED_EDGE('',*,*,#3559,.T.);
#3561=EDGE_LOOP('',(#3548,#3549,#3550,#3552,#3554,#3556,#3558,#3560));
#3562=FACE_OUTER_BOUND('',#3561,.F.);
#3564=CARTESIAN_POINT('',(-2.212004878958E0,-3.686368229779E0,1.251456E1));
#3565=DIRECTION('',(4.363267749977E-3,4.363267749978E-3,-9.999809617133E-1));
#3566=DIRECTION('',(0.E0,-9.999904807207E-1,-4.363309284747E-3));
#3567=AXIS2_PLACEMENT_3D('',#3564,#3565,#3566);
#3568=CYLINDRICAL_SURFACE('',#3567,2.5E-1);
#3569=ORIENTED_EDGE('',*,*,#3547,.T.);
#3571=ORIENTED_EDGE('',*,*,#3570,.F.);
#3573=ORIENTED_EDGE('',*,*,#3572,.F.);
#3575=ORIENTED_EDGE('',*,*,#3574,.F.);
#3576=EDGE_LOOP('',(#3569,#3571,#3573,#3575));
#3577=FACE_OUTER_BOUND('',#3576,.F.);
#3579=CARTESIAN_POINT('',(-2.13E0,-3.604456282268E0,-6.2581564E0));
#3580=DIRECTION('',(0.E0,4.363309284747E-3,-9.999904807207E-1));
#3581=DIRECTION('',(0.E0,-9.999904807207E-1,-4.363309284747E-3));
#3582=AXIS2_PLACEMENT_3D('',#3579,#3580,#3581);
#3583=CYLINDRICAL_SURFACE('',#3582,2.5E-1);
#3585=ORIENTED_EDGE('',*,*,#3584,.T.);
#3587=ORIENTED_EDGE('',*,*,#3586,.F.);
#3588=ORIENTED_EDGE('',*,*,#3570,.T.);
#3590=ORIENTED_EDGE('',*,*,#3589,.T.);
#3591=EDGE_LOOP('',(#3585,#3587,#3588,#3590));
#3592=FACE_OUTER_BOUND('',#3591,.F.);
#3594=CARTESIAN_POINT('',(-3.E0,0.E0,-7.28E0));
#3595=DIRECTION('',(0.E0,0.E0,-1.E0));
#3596=DIRECTION('',(0.E0,-1.E0,0.E0));
#3597=AXIS2_PLACEMENT_3D('',#3594,#3595,#3596);
#3598=PLANE('',#3597);
#3600=ORIENTED_EDGE('',*,*,#3599,.T.);
#3602=ORIENTED_EDGE('',*,*,#3601,.F.);
#3604=ORIENTED_EDGE('',*,*,#3603,.T.);
#3606=ORIENTED_EDGE('',*,*,#3605,.F.);
#3608=ORIENTED_EDGE('',*,*,#3607,.F.);
#3610=ORIENTED_EDGE('',*,*,#3609,.F.);
#3612=ORIENTED_EDGE('',*,*,#3611,.F.);
#3614=ORIENTED_EDGE('',*,*,#3613,.F.);
#3616=ORIENTED_EDGE('',*,*,#3615,.F.);
#3618=ORIENTED_EDGE('',*,*,#3617,.T.);
#3620=ORIENTED_EDGE('',*,*,#3619,.F.);
#3622=ORIENTED_EDGE('',*,*,#3621,.T.);
#3624=ORIENTED_EDGE('',*,*,#3623,.F.);
#3626=ORIENTED_EDGE('',*,*,#3625,.F.);
#3628=ORIENTED_EDGE('',*,*,#3627,.F.);
#3629=ORIENTED_EDGE('',*,*,#3584,.F.);
#3631=ORIENTED_EDGE('',*,*,#3630,.F.);
#3633=ORIENTED_EDGE('',*,*,#3632,.F.);
#3635=ORIENTED_EDGE('',*,*,#3634,.F.);
#3637=ORIENTED_EDGE('',*,*,#3636,.F.);
#3639=ORIENTED_EDGE('',*,*,#3638,.F.);
#3641=ORIENTED_EDGE('',*,*,#3640,.F.);
#3643=ORIENTED_EDGE('',*,*,#3642,.F.);
#3645=ORIENTED_EDGE('',*,*,#3644,.F.);
#3647=ORIENTED_EDGE('',*,*,#3646,.T.);
#3649=ORIENTED_EDGE('',*,*,#3648,.T.);
#3650=EDGE_LOOP('',(#3600,#3602,#3604,#3606,#3608,#3610,#3612,#3614,#3616,#3618,
#3620,#3622,#3624,#3626,#3628,#3629,#3631,#3633,#3635,#3637,#3639,#3641,#3643,
#3645,#3647,#3649));
#3651=FACE_OUTER_BOUND('',#3650,.F.);
#3653=ORIENTED_EDGE('',*,*,#3652,.T.);
#3655=ORIENTED_EDGE('',*,*,#3654,.F.);
#3657=ORIENTED_EDGE('',*,*,#3656,.F.);
#3659=ORIENTED_EDGE('',*,*,#3658,.T.);
#3660=EDGE_LOOP('',(#3653,#3655,#3657,#3659));
#3661=FACE_BOUND('',#3660,.F.);
#3663=ORIENTED_EDGE('',*,*,#3662,.T.);
#3665=ORIENTED_EDGE('',*,*,#3664,.F.);
#3667=ORIENTED_EDGE('',*,*,#3666,.F.);
#3669=ORIENTED_EDGE('',*,*,#3668,.T.);
#3670=EDGE_LOOP('',(#3663,#3665,#3667,#3669));
#3671=FACE_BOUND('',#3670,.F.);
#3673=ORIENTED_EDGE('',*,*,#3672,.T.);
#3675=ORIENTED_EDGE('',*,*,#3674,.F.);
#3677=ORIENTED_EDGE('',*,*,#3676,.F.);
#3679=ORIENTED_EDGE('',*,*,#3678,.T.);
#3680=EDGE_LOOP('',(#3673,#3675,#3677,#3679));
#3681=FACE_BOUND('',#3680,.F.);
#3683=ORIENTED_EDGE('',*,*,#3682,.T.);
#3685=ORIENTED_EDGE('',*,*,#3684,.F.);
#3687=ORIENTED_EDGE('',*,*,#3686,.F.);
#3689=ORIENTED_EDGE('',*,*,#3688,.T.);
#3690=EDGE_LOOP('',(#3683,#3685,#3687,#3689));
#3691=FACE_BOUND('',#3690,.F.);
#3693=ORIENTED_EDGE('',*,*,#3692,.T.);
#3695=ORIENTED_EDGE('',*,*,#3694,.F.);
#3697=ORIENTED_EDGE('',*,*,#3696,.T.);
#3699=ORIENTED_EDGE('',*,*,#3698,.F.);
#3701=ORIENTED_EDGE('',*,*,#3700,.T.);
#3703=ORIENTED_EDGE('',*,*,#3702,.F.);
#3705=ORIENTED_EDGE('',*,*,#3704,.T.);
#3707=ORIENTED_EDGE('',*,*,#3706,.F.);
#3708=EDGE_LOOP('',(#3693,#3695,#3697,#3699,#3701,#3703,#3705,#3707));
#3709=FACE_BOUND('',#3708,.F.);
#3711=CARTESIAN_POINT('',(1.17E0,-2.86E-1,-7.28E0));
#3712=DIRECTION('',(9.999253696605E-1,0.E0,1.221700083525E-2));
#3713=DIRECTION('',(0.E0,1.E0,0.E0));
#3714=AXIS2_PLACEMENT_3D('',#3711,#3712,#3713);
#3715=PLANE('',#3714);
#3717=ORIENTED_EDGE('',*,*,#3716,.F.);
#3718=ORIENTED_EDGE('',*,*,#3692,.F.);
#3720=ORIENTED_EDGE('',*,*,#3719,.T.);
#3722=ORIENTED_EDGE('',*,*,#3721,.T.);
#3723=EDGE_LOOP('',(#3717,#3718,#3720,#3722));
#3724=FACE_OUTER_BOUND('',#3723,.F.);
#3726=CARTESIAN_POINT('',(1.151239672119E0,1.845239672119E0,-2.211515264122E1));
#3727=DIRECTION('',(-1.221608921240E-2,-1.221608921240E-2,9.998507560275E-1));
#3728=DIRECTION('',(9.999253696605E-1,0.E0,1.221700083525E-2));
#3729=AXIS2_PLACEMENT_3D('',#3726,#3727,#3728);
#3730=CYLINDRICAL_SURFACE('',#3729,2.E-1);
#3732=ORIENTED_EDGE('',*,*,#3731,.T.);
#3734=ORIENTED_EDGE('',*,*,#3733,.F.);
#3735=ORIENTED_EDGE('',*,*,#3694,.T.);
#3736=ORIENTED_EDGE('',*,*,#3716,.T.);
#3737=EDGE_LOOP('',(#3732,#3734,#3735,#3736));
#3738=FACE_OUTER_BOUND('',#3737,.F.);
#3740=CARTESIAN_POINT('',(-3.E0,0.E0,-4.58E0));
#3741=DIRECTION('',(0.E0,0.E0,1.E0));
#3742=DIRECTION('',(1.E0,0.E0,0.E0));
#3743=AXIS2_PLACEMENT_3D('',#3740,#3741,#3742);
#3744=PLANE('',#3743);
#3746=ORIENTED_EDGE('',*,*,#3745,.F.);
#3748=ORIENTED_EDGE('',*,*,#3747,.F.);
#3749=ORIENTED_EDGE('',*,*,#3731,.F.);
#3750=ORIENTED_EDGE('',*,*,#3721,.F.);
#3752=ORIENTED_EDGE('',*,*,#3751,.F.);
#3754=ORIENTED_EDGE('',*,*,#3753,.F.);
#3756=ORIENTED_EDGE('',*,*,#3755,.F.);
#3758=ORIENTED_EDGE('',*,*,#3757,.F.);
#3759=EDGE_LOOP('',(#3746,#3748,#3749,#3750,#3752,#3754,#3756,#3758));
#3760=FACE_OUTER_BOUND('',#3759,.F.);
#3762=CARTESIAN_POINT('',(-1.151239672119E0,1.845239672119E0,
-2.211515264122E1));
#3763=DIRECTION('',(1.221608921240E-2,-1.221608921240E-2,9.998507560275E-1));
#3764=DIRECTION('',(0.E0,9.999253696605E-1,1.221700083525E-2));
#3765=AXIS2_PLACEMENT_3D('',#3762,#3763,#3764);
#3766=CYLINDRICAL_SURFACE('',#3765,2.E-1);
#3767=ORIENTED_EDGE('',*,*,#3745,.T.);
#3769=ORIENTED_EDGE('',*,*,#3768,.F.);
#3770=ORIENTED_EDGE('',*,*,#3698,.T.);
#3772=ORIENTED_EDGE('',*,*,#3771,.T.);
#3773=EDGE_LOOP('',(#3767,#3769,#3770,#3772));
#3774=FACE_OUTER_BOUND('',#3773,.F.);
#3776=CARTESIAN_POINT('',(-1.17E0,1.864E0,-7.28E0));
#3777=DIRECTION('',(-9.999253696605E-1,0.E0,1.221700083525E-2));
#3778=DIRECTION('',(0.E0,-1.E0,0.E0));
#3779=AXIS2_PLACEMENT_3D('',#3776,#3777,#3778);
#3780=PLANE('',#3779);
#3781=ORIENTED_EDGE('',*,*,#3768,.T.);
#3782=ORIENTED_EDGE('',*,*,#3757,.T.);
#3784=ORIENTED_EDGE('',*,*,#3783,.F.);
#3785=ORIENTED_EDGE('',*,*,#3700,.F.);
#3786=EDGE_LOOP('',(#3781,#3782,#3784,#3785));
#3787=FACE_OUTER_BOUND('',#3786,.F.);
#3789=CARTESIAN_POINT('',(-1.151239672119E0,-2.672396721192E-1,
-2.211515264122E1));
#3790=DIRECTION('',(1.221608921240E-2,1.221608921240E-2,9.998507560275E-1));
#3791=DIRECTION('',(-9.999253696605E-1,0.E0,1.221700083525E-2));
#3792=AXIS2_PLACEMENT_3D('',#3789,#3790,#3791);
#3793=CYLINDRICAL_SURFACE('',#3792,2.E-1);
#3794=ORIENTED_EDGE('',*,*,#3755,.T.);
#3796=ORIENTED_EDGE('',*,*,#3795,.F.);
#3797=ORIENTED_EDGE('',*,*,#3702,.T.);
#3798=ORIENTED_EDGE('',*,*,#3783,.T.);
#3799=EDGE_LOOP('',(#3794,#3796,#3797,#3798));
#3800=FACE_OUTER_BOUND('',#3799,.F.);
#3802=CARTESIAN_POINT('',(-1.17E0,-2.86E-1,-7.28E0));
#3803=DIRECTION('',(0.E0,-9.999253696605E-1,1.221700083525E-2));
#3804=DIRECTION('',(1.E0,0.E0,0.E0));
#3805=AXIS2_PLACEMENT_3D('',#3802,#3803,#3804);
#3806=PLANE('',#3805);
#3808=ORIENTED_EDGE('',*,*,#3807,.F.);
#3809=ORIENTED_EDGE('',*,*,#3704,.F.);
#3810=ORIENTED_EDGE('',*,*,#3795,.T.);
#3811=ORIENTED_EDGE('',*,*,#3753,.T.);
#3812=EDGE_LOOP('',(#3808,#3809,#3810,#3811));
#3813=FACE_OUTER_BOUND('',#3812,.F.);
#3815=CARTESIAN_POINT('',(1.151239672119E0,-2.672396721192E-1,
-2.211515264122E1));
#3816=DIRECTION('',(-1.221608921240E-2,1.221608921240E-2,9.998507560275E-1));
#3817=DIRECTION('',(0.E0,-9.999253696605E-1,1.221700083525E-2));
#3818=AXIS2_PLACEMENT_3D('',#3815,#3816,#3817);
#3819=CYLINDRICAL_SURFACE('',#3818,2.E-1);
#3820=ORIENTED_EDGE('',*,*,#3751,.T.);
#3821=ORIENTED_EDGE('',*,*,#3719,.F.);
#3822=ORIENTED_EDGE('',*,*,#3706,.T.);
#3823=ORIENTED_EDGE('',*,*,#3807,.T.);
#3824=EDGE_LOOP('',(#3820,#3821,#3822,#3823));
#3825=FACE_OUTER_BOUND('',#3824,.F.);
#3827=CARTESIAN_POINT('',(1.17E0,1.864E0,-7.28E0));
#3828=DIRECTION('',(0.E0,9.999253696605E-1,1.221700083525E-2));
#3829=DIRECTION('',(-1.E0,0.E0,0.E0));
#3830=AXIS2_PLACEMENT_3D('',#3827,#3828,#3829);
#3831=PLANE('',#3830);
#3832=ORIENTED_EDGE('',*,*,#3771,.F.);
#3833=ORIENTED_EDGE('',*,*,#3696,.F.);
#3834=ORIENTED_EDGE('',*,*,#3733,.T.);
#3835=ORIENTED_EDGE('',*,*,#3747,.T.);
#3836=EDGE_LOOP('',(#3832,#3833,#3834,#3835));
#3837=FACE_OUTER_BOUND('',#3836,.F.);
#3839=CARTESIAN_POINT('',(-9.5E-1,0.E0,0.E0));
#3840=DIRECTION('',(-1.E0,0.E0,0.E0));
#3841=DIRECTION('',(0.E0,-1.E0,0.E0));
#3842=AXIS2_PLACEMENT_3D('',#3839,#3840,#3841);
#3843=PLANE('',#3842);
#3844=ORIENTED_EDGE('',*,*,#3652,.F.);
#3846=ORIENTED_EDGE('',*,*,#3845,.F.);
#3848=ORIENTED_EDGE('',*,*,#3847,.F.);
#3850=ORIENTED_EDGE('',*,*,#3849,.F.);
#3851=EDGE_LOOP('',(#3844,#3846,#3848,#3850));
#3852=FACE_OUTER_BOUND('',#3851,.F.);
#3854=CARTESIAN_POINT('',(-9.5E-1,0.E0,0.E0));
#3855=DIRECTION('',(-1.E0,0.E0,0.E0));
#3856=DIRECTION('',(0.E0,-1.E0,0.E0));
#3857=AXIS2_PLACEMENT_3D('',#3854,#3855,#3856);
#3858=PLANE('',#3857);
#3859=ORIENTED_EDGE('',*,*,#3662,.F.);
#3861=ORIENTED_EDGE('',*,*,#3860,.F.);
#3863=ORIENTED_EDGE('',*,*,#3862,.F.);
#3865=ORIENTED_EDGE('',*,*,#3864,.F.);
#3866=EDGE_LOOP('',(#3859,#3861,#3863,#3865));
#3867=FACE_OUTER_BOUND('',#3866,.F.);
#3869=CARTESIAN_POINT('',(-9.5E-1,0.E0,0.E0));
#3870=DIRECTION('',(-1.E0,0.E0,0.E0));
#3871=DIRECTION('',(0.E0,-1.E0,0.E0));
#3872=AXIS2_PLACEMENT_3D('',#3869,#3870,#3871);
#3873=PLANE('',#3872);
#3875=ORIENTED_EDGE('',*,*,#3874,.F.);
#3877=ORIENTED_EDGE('',*,*,#3876,.T.);
#3879=ORIENTED_EDGE('',*,*,#3878,.F.);
#3881=ORIENTED_EDGE('',*,*,#3880,.F.);
#3883=ORIENTED_EDGE('',*,*,#3882,.F.);
#3885=ORIENTED_EDGE('',*,*,#3884,.F.);
#3887=ORIENTED_EDGE('',*,*,#3886,.F.);
#3889=ORIENTED_EDGE('',*,*,#3888,.F.);
#3891=ORIENTED_EDGE('',*,*,#3890,.F.);
#3893=ORIENTED_EDGE('',*,*,#3892,.F.);
#3894=EDGE_LOOP('',(#3875,#3877,#3879,#3881,#3883,#3885,#3887,#3889,#3891,
#3893));
#3895=FACE_OUTER_BOUND('',#3894,.F.);
#3897=CARTESIAN_POINT('',(-9.5E-1,0.E0,0.E0));
#3898=DIRECTION('',(-1.E0,0.E0,0.E0));
#3899=DIRECTION('',(0.E0,-1.E0,0.E0));
#3900=AXIS2_PLACEMENT_3D('',#3897,#3898,#3899);
#3901=PLANE('',#3900);
#3903=ORIENTED_EDGE('',*,*,#3902,.F.);
#3905=ORIENTED_EDGE('',*,*,#3904,.F.);
#3907=ORIENTED_EDGE('',*,*,#3906,.F.);
#3909=ORIENTED_EDGE('',*,*,#3908,.F.);
#3911=ORIENTED_EDGE('',*,*,#3910,.F.);
#3913=ORIENTED_EDGE('',*,*,#3912,.T.);
#3915=ORIENTED_EDGE('',*,*,#3914,.T.);
#3917=ORIENTED_EDGE('',*,*,#3916,.F.);
#3918=EDGE_LOOP('',(#3903,#3905,#3907,#3909,#3911,#3913,#3915,#3917));
#3919=FACE_OUTER_BOUND('',#3918,.F.);
#3921=CARTESIAN_POINT('',(-9.5E-1,2.934E0,-4.78E0));
#3922=DIRECTION('',(0.E0,1.E0,0.E0));
#3923=DIRECTION('',(0.E0,0.E0,-1.E0));
#3924=AXIS2_PLACEMENT_3D('',#3921,#3922,#3923);
#3925=PLANE('',#3924);
#3926=ORIENTED_EDGE('',*,*,#3658,.F.);
#3928=ORIENTED_EDGE('',*,*,#3927,.F.);
#3930=ORIENTED_EDGE('',*,*,#3929,.F.);
#3931=ORIENTED_EDGE('',*,*,#3845,.T.);
#3932=EDGE_LOOP('',(#3926,#3928,#3930,#3931));
#3933=FACE_OUTER_BOUND('',#3932,.F.);
#3935=CARTESIAN_POINT('',(-5.5E-1,0.E0,0.E0));
#3936=DIRECTION('',(-1.E0,0.E0,0.E0));
#3937=DIRECTION('',(0.E0,-1.E0,0.E0));
#3938=AXIS2_PLACEMENT_3D('',#3935,#3936,#3937);
#3939=PLANE('',#3938);
#3940=ORIENTED_EDGE('',*,*,#3656,.T.);
#3942=ORIENTED_EDGE('',*,*,#3941,.T.);
#3944=ORIENTED_EDGE('',*,*,#3943,.T.);
#3945=ORIENTED_EDGE('',*,*,#3927,.T.);
#3946=EDGE_LOOP('',(#3940,#3942,#3944,#3945));
#3947=FACE_OUTER_BOUND('',#3946,.F.);
#3949=CARTESIAN_POINT('',(-5.5E-1,0.E0,0.E0));
#3950=DIRECTION('',(-1.E0,0.E0,0.E0));
#3951=DIRECTION('',(0.E0,-1.E0,0.E0));
#3952=AXIS2_PLACEMENT_3D('',#3949,#3950,#3951);
#3953=PLANE('',#3952);
#3954=ORIENTED_EDGE('',*,*,#3666,.T.);
#3956=ORIENTED_EDGE('',*,*,#3955,.T.);
#3958=ORIENTED_EDGE('',*,*,#3957,.T.);
#3960=ORIENTED_EDGE('',*,*,#3959,.T.);
#3961=EDGE_LOOP('',(#3954,#3956,#3958,#3960));
#3962=FACE_OUTER_BOUND('',#3961,.F.);
#3964=CARTESIAN_POINT('',(-5.5E-1,0.E0,0.E0));
#3965=DIRECTION('',(-1.E0,0.E0,0.E0));
#3966=DIRECTION('',(0.E0,-1.E0,0.E0));
#3967=AXIS2_PLACEMENT_3D('',#3964,#3965,#3966);
#3968=PLANE('',#3967);
#3970=ORIENTED_EDGE('',*,*,#3969,.T.);
#3972=ORIENTED_EDGE('',*,*,#3971,.T.);
#3974=ORIENTED_EDGE('',*,*,#3973,.T.);
#3976=ORIENTED_EDGE('',*,*,#3975,.T.);
#3978=ORIENTED_EDGE('',*,*,#3977,.T.);
#3980=ORIENTED_EDGE('',*,*,#3979,.T.);
#3982=ORIENTED_EDGE('',*,*,#3981,.T.);
#3984=ORIENTED_EDGE('',*,*,#3983,.T.);
#3986=ORIENTED_EDGE('',*,*,#3985,.T.);
#3988=ORIENTED_EDGE('',*,*,#3987,.F.);
#3989=EDGE_LOOP('',(#3970,#3972,#3974,#3976,#3978,#3980,#3982,#3984,#3986,
#3988));
#3990=FACE_OUTER_BOUND('',#3989,.F.);
#3992=CARTESIAN_POINT('',(-5.5E-1,0.E0,0.E0));
#3993=DIRECTION('',(-1.E0,0.E0,0.E0));
#3994=DIRECTION('',(0.E0,-1.E0,0.E0));
#3995=AXIS2_PLACEMENT_3D('',#3992,#3993,#3994);
#3996=PLANE('',#3995);
#3998=ORIENTED_EDGE('',*,*,#3997,.T.);
#4000=ORIENTED_EDGE('',*,*,#3999,.F.);
#4002=ORIENTED_EDGE('',*,*,#4001,.F.);
#4004=ORIENTED_EDGE('',*,*,#4003,.F.);
#4006=ORIENTED_EDGE('',*,*,#4005,.T.);
#4008=ORIENTED_EDGE('',*,*,#4007,.T.);
#4010=ORIENTED_EDGE('',*,*,#4009,.T.);
#4012=ORIENTED_EDGE('',*,*,#4011,.T.);
#4013=EDGE_LOOP('',(#3998,#4000,#4002,#4004,#4006,#4008,#4010,#4012));
#4014=FACE_OUTER_BOUND('',#4013,.F.);
#4016=CARTESIAN_POINT('',(-9.5E-1,2.634E0,-7.28E0));
#4017=DIRECTION('',(0.E0,-1.E0,0.E0));
#4018=DIRECTION('',(0.E0,0.E0,1.E0));
#4019=AXIS2_PLACEMENT_3D('',#4016,#4017,#4018);
#4020=PLANE('',#4019);
#4021=ORIENTED_EDGE('',*,*,#3654,.T.);
#4022=ORIENTED_EDGE('',*,*,#3849,.T.);
#4024=ORIENTED_EDGE('',*,*,#4023,.T.);
#4025=ORIENTED_EDGE('',*,*,#3941,.F.);
#4026=EDGE_LOOP('',(#4021,#4022,#4024,#4025));
#4027=FACE_OUTER_BOUND('',#4026,.F.);
#4029=CARTESIAN_POINT('',(-9.5E-1,2.634E0,-4.78E0));
#4030=DIRECTION('',(0.E0,0.E0,1.E0));
#4031=DIRECTION('',(0.E0,1.E0,0.E0));
#4032=AXIS2_PLACEMENT_3D('',#4029,#4030,#4031);
#4033=PLANE('',#4032);
#4034=ORIENTED_EDGE('',*,*,#3847,.T.);
#4035=ORIENTED_EDGE('',*,*,#3929,.T.);
#4036=ORIENTED_EDGE('',*,*,#3943,.F.);
#4037=ORIENTED_EDGE('',*,*,#4023,.F.);
#4038=EDGE_LOOP('',(#4034,#4035,#4036,#4037));
#4039=FACE_OUTER_BOUND('',#4038,.F.);
#4041=CARTESIAN_POINT('',(-9.5E-1,-1.356E0,-7.28E0));
#4042=DIRECTION('',(0.E0,-1.E0,0.E0));
#4043=DIRECTION('',(0.E0,0.E0,1.E0));
#4044=AXIS2_PLACEMENT_3D('',#4041,#4042,#4043);
#4045=PLANE('',#4044);
#4046=ORIENTED_EDGE('',*,*,#3664,.T.);
#4047=ORIENTED_EDGE('',*,*,#3864,.T.);
#4049=ORIENTED_EDGE('',*,*,#4048,.T.);
#4050=ORIENTED_EDGE('',*,*,#3955,.F.);
#4051=EDGE_LOOP('',(#4046,#4047,#4049,#4050));
#4052=FACE_OUTER_BOUND('',#4051,.F.);
#4054=CARTESIAN_POINT('',(-9.5E-1,-1.356E0,-4.78E0));
#4055=DIRECTION('',(0.E0,0.E0,1.E0));
#4056=DIRECTION('',(0.E0,1.E0,0.E0));
#4057=AXIS2_PLACEMENT_3D('',#4054,#4055,#4056);
#4058=PLANE('',#4057);
#4059=ORIENTED_EDGE('',*,*,#3862,.T.);
#4061=ORIENTED_EDGE('',*,*,#4060,.T.);
#4062=ORIENTED_EDGE('',*,*,#3957,.F.);
#4063=ORIENTED_EDGE('',*,*,#4048,.F.);
#4064=EDGE_LOOP('',(#4059,#4061,#4062,#4063));
#4065=FACE_OUTER_BOUND('',#4064,.F.);
#4067=CARTESIAN_POINT('',(-9.5E-1,-1.056E0,-4.78E0));
#4068=DIRECTION('',(0.E0,1.E0,0.E0));
#4069=DIRECTION('',(0.E0,0.E0,-1.E0));
#4070=AXIS2_PLACEMENT_3D('',#4067,#4068,#4069);
#4071=PLANE('',#4070);
#4072=ORIENTED_EDGE('',*,*,#3668,.F.);
#4073=ORIENTED_EDGE('',*,*,#3959,.F.);
#4074=ORIENTED_EDGE('',*,*,#4060,.F.);
#4075=ORIENTED_EDGE('',*,*,#3860,.T.);
#4076=EDGE_LOOP('',(#4072,#4073,#4074,#4075));
#4077=FACE_OUTER_BOUND('',#4076,.F.);
#4079=CARTESIAN_POINT('',(-3.E0,-3.85E0,-9.6E0));
#4080=DIRECTION('',(0.E0,-1.E0,0.E0));
#4081=DIRECTION('',(0.E0,0.E0,1.E0));
#4082=AXIS2_PLACEMENT_3D('',#4079,#4080,#4081);
#4083=PLANE('',#4082);
#4084=ORIENTED_EDGE('',*,*,#3874,.T.);
#4086=ORIENTED_EDGE('',*,*,#4085,.F.);
#4088=ORIENTED_EDGE('',*,*,#4087,.F.);
#4090=ORIENTED_EDGE('',*,*,#4089,.T.);
#4092=ORIENTED_EDGE('',*,*,#4091,.F.);
#4094=ORIENTED_EDGE('',*,*,#4093,.T.);
#4096=ORIENTED_EDGE('',*,*,#4095,.T.);
#4098=ORIENTED_EDGE('',*,*,#4097,.T.);
#4099=EDGE_LOOP('',(#4084,#4086,#4088,#4090,#4092,#4094,#4096,#4098));
#4100=FACE_OUTER_BOUND('',#4099,.F.);
#4102=CARTESIAN_POINT('',(-3.E0,-3.85E0,-9.6E0));
#4103=DIRECTION('',(0.E0,-1.E0,0.E0));
#4104=DIRECTION('',(0.E0,0.E0,1.E0));
#4105=AXIS2_PLACEMENT_3D('',#4102,#4103,#4104);
#4106=PLANE('',#4105);
#4108=ORIENTED_EDGE('',*,*,#4107,.T.);
#4110=ORIENTED_EDGE('',*,*,#4109,.F.);
#4111=ORIENTED_EDGE('',*,*,#3969,.F.);
#4113=ORIENTED_EDGE('',*,*,#4112,.T.);
#4114=EDGE_LOOP('',(#4108,#4110,#4111,#4113));
#4115=FACE_OUTER_BOUND('',#4114,.F.);
#4117=CARTESIAN_POINT('',(-3.E0,-3.85E0,-9.6E0));
#4118=DIRECTION('',(0.E0,-1.E0,0.E0));
#4119=DIRECTION('',(0.E0,0.E0,1.E0));
#4120=AXIS2_PLACEMENT_3D('',#4117,#4118,#4119);
#4121=PLANE('',#4120);
#4123=ORIENTED_EDGE('',*,*,#4122,.F.);
#4125=ORIENTED_EDGE('',*,*,#4124,.T.);
#4127=ORIENTED_EDGE('',*,*,#4126,.F.);
#4129=ORIENTED_EDGE('',*,*,#4128,.T.);
#4131=ORIENTED_EDGE('',*,*,#4130,.F.);
#4133=ORIENTED_EDGE('',*,*,#4132,.F.);
#4135=ORIENTED_EDGE('',*,*,#4134,.F.);
#4137=ORIENTED_EDGE('',*,*,#4136,.F.);
#4138=EDGE_LOOP('',(#4123,#4125,#4127,#4129,#4131,#4133,#4135,#4137));
#4139=FACE_OUTER_BOUND('',#4138,.F.);
#4141=CARTESIAN_POINT('',(-3.E0,-3.85E0,-9.4E0));
#4142=DIRECTION('',(0.E0,0.E0,1.E0));
#4143=DIRECTION('',(0.E0,1.E0,0.E0));
#4144=AXIS2_PLACEMENT_3D('',#4141,#4142,#4143);
#4145=PLANE('',#4144);
#4147=ORIENTED_EDGE('',*,*,#4146,.T.);
#4149=ORIENTED_EDGE('',*,*,#4148,.F.);
#4151=ORIENTED_EDGE('',*,*,#4150,.F.);
#4152=ORIENTED_EDGE('',*,*,#4136,.T.);
#4154=ORIENTED_EDGE('',*,*,#4153,.T.);
#4156=ORIENTED_EDGE('',*,*,#4155,.F.);
#4158=ORIENTED_EDGE('',*,*,#4157,.F.);
#4160=ORIENTED_EDGE('',*,*,#4159,.T.);
#4162=ORIENTED_EDGE('',*,*,#4161,.T.);
#4164=ORIENTED_EDGE('',*,*,#4163,.F.);
#4165=ORIENTED_EDGE('',*,*,#3997,.F.);
#4167=ORIENTED_EDGE('',*,*,#4166,.T.);
#4168=ORIENTED_EDGE('',*,*,#3902,.T.);
#4170=ORIENTED_EDGE('',*,*,#4169,.F.);
#4172=ORIENTED_EDGE('',*,*,#4171,.T.);
#4173=ORIENTED_EDGE('',*,*,#4085,.T.);
#4174=ORIENTED_EDGE('',*,*,#3892,.T.);
#4176=ORIENTED_EDGE('',*,*,#4175,.F.);
#4177=ORIENTED_EDGE('',*,*,#3971,.F.);
#4178=ORIENTED_EDGE('',*,*,#4109,.T.);
#4179=EDGE_LOOP('',(#4147,#4149,#4151,#4152,#4154,#4156,#4158,#4160,#4162,#4164,
#4165,#4167,#4168,#4170,#4172,#4173,#4174,#4176,#4177,#4178));
#4180=FACE_OUTER_BOUND('',#4179,.F.);
#4182=CARTESIAN_POINT('',(5.5E-1,0.E0,0.E0));
#4183=DIRECTION('',(-1.E0,0.E0,0.E0));
#4184=DIRECTION('',(0.E0,-1.E0,0.E0));
#4185=AXIS2_PLACEMENT_3D('',#4182,#4183,#4184);
#4186=PLANE('',#4185);
#4187=ORIENTED_EDGE('',*,*,#3672,.F.);
#4189=ORIENTED_EDGE('',*,*,#4188,.F.);
#4191=ORIENTED_EDGE('',*,*,#4190,.F.);
#4193=ORIENTED_EDGE('',*,*,#4192,.F.);
#4194=EDGE_LOOP('',(#4187,#4189,#4191,#4193));
#4195=FACE_OUTER_BOUND('',#4194,.F.);
#4197=CARTESIAN_POINT('',(5.5E-1,0.E0,0.E0));
#4198=DIRECTION('',(-1.E0,0.E0,0.E0));
#4199=DIRECTION('',(0.E0,-1.E0,0.E0));
#4200=AXIS2_PLACEMENT_3D('',#4197,#4198,#4199);
#4201=PLANE('',#4200);
#4202=ORIENTED_EDGE('',*,*,#3682,.F.);
#4204=ORIENTED_EDGE('',*,*,#4203,.F.);
#4206=ORIENTED_EDGE('',*,*,#4205,.F.);
#4208=ORIENTED_EDGE('',*,*,#4207,.F.);
#4209=EDGE_LOOP('',(#4202,#4204,#4206,#4208));
#4210=FACE_OUTER_BOUND('',#4209,.F.);
#4212=CARTESIAN_POINT('',(5.5E-1,0.E0,0.E0));
#4213=DIRECTION('',(-1.E0,0.E0,0.E0));
#4214=DIRECTION('',(0.E0,-1.E0,0.E0));
#4215=AXIS2_PLACEMENT_3D('',#4212,#4213,#4214);
#4216=PLANE('',#4215);
#4217=ORIENTED_EDGE('',*,*,#4107,.F.);
#4219=ORIENTED_EDGE('',*,*,#4218,.T.);
#4221=ORIENTED_EDGE('',*,*,#4220,.F.);
#4223=ORIENTED_EDGE('',*,*,#4222,.F.);
#4225=ORIENTED_EDGE('',*,*,#4224,.F.);
#4227=ORIENTED_EDGE('',*,*,#4226,.F.);
#4229=ORIENTED_EDGE('',*,*,#4228,.F.);
#4231=ORIENTED_EDGE('',*,*,#4230,.F.);
#4233=ORIENTED_EDGE('',*,*,#4232,.F.);
#4234=ORIENTED_EDGE('',*,*,#4146,.F.);
#4235=EDGE_LOOP('',(#4217,#4219,#4221,#4223,#4225,#4227,#4229,#4231,#4233,
#4234));
#4236=FACE_OUTER_BOUND('',#4235,.F.);
#4238=CARTESIAN_POINT('',(5.5E-1,0.E0,0.E0));
#4239=DIRECTION('',(-1.E0,0.E0,0.E0));
#4240=DIRECTION('',(0.E0,-1.E0,0.E0));
#4241=AXIS2_PLACEMENT_3D('',#4238,#4239,#4240);
#4242=PLANE('',#4241);
#4243=ORIENTED_EDGE('',*,*,#4161,.F.);
#4245=ORIENTED_EDGE('',*,*,#4244,.F.);
#4247=ORIENTED_EDGE('',*,*,#4246,.F.);
#4249=ORIENTED_EDGE('',*,*,#4248,.F.);
#4251=ORIENTED_EDGE('',*,*,#4250,.F.);
#4253=ORIENTED_EDGE('',*,*,#4252,.T.);
#4255=ORIENTED_EDGE('',*,*,#4254,.T.);
#4257=ORIENTED_EDGE('',*,*,#4256,.F.);
#4258=EDGE_LOOP('',(#4243,#4245,#4247,#4249,#4251,#4253,#4255,#4257));
#4259=FACE_OUTER_BOUND('',#4258,.F.);
#4261=CARTESIAN_POINT('',(5.5E-1,2.934E0,-4.78E0));
#4262=DIRECTION('',(0.E0,1.E0,0.E0));
#4263=DIRECTION('',(0.E0,0.E0,-1.E0));
#4264=AXIS2_PLACEMENT_3D('',#4261,#4262,#4263);
#4265=PLANE('',#4264);
#4266=ORIENTED_EDGE('',*,*,#3678,.F.);
#4268=ORIENTED_EDGE('',*,*,#4267,.F.);
#4270=ORIENTED_EDGE('',*,*,#4269,.F.);
#4271=ORIENTED_EDGE('',*,*,#4188,.T.);
#4272=EDGE_LOOP('',(#4266,#4268,#4270,#4271));
#4273=FACE_OUTER_BOUND('',#4272,.F.);
#4275=CARTESIAN_POINT('',(9.5E-1,0.E0,0.E0));
#4276=DIRECTION('',(-1.E0,0.E0,0.E0));
#4277=DIRECTION('',(0.E0,-1.E0,0.E0));
#4278=AXIS2_PLACEMENT_3D('',#4275,#4276,#4277);
#4279=PLANE('',#4278);
#4280=ORIENTED_EDGE('',*,*,#3676,.T.);
#4282=ORIENTED_EDGE('',*,*,#4281,.T.);
#4284=ORIENTED_EDGE('',*,*,#4283,.T.);
#4285=ORIENTED_EDGE('',*,*,#4267,.T.);
#4286=EDGE_LOOP('',(#4280,#4282,#4284,#4285));
#4287=FACE_OUTER_BOUND('',#4286,.F.);
#4289=CARTESIAN_POINT('',(9.5E-1,0.E0,0.E0));
#4290=DIRECTION('',(-1.E0,0.E0,0.E0));
#4291=DIRECTION('',(0.E0,-1.E0,0.E0));
#4292=AXIS2_PLACEMENT_3D('',#4289,#4290,#4291);
#4293=PLANE('',#4292);
#4294=ORIENTED_EDGE('',*,*,#3686,.T.);
#4296=ORIENTED_EDGE('',*,*,#4295,.T.);
#4298=ORIENTED_EDGE('',*,*,#4297,.T.);
#4300=ORIENTED_EDGE('',*,*,#4299,.T.);
#4301=EDGE_LOOP('',(#4294,#4296,#4298,#4300));
#4302=FACE_OUTER_BOUND('',#4301,.F.);
#4304=CARTESIAN_POINT('',(9.5E-1,0.E0,0.E0));
#4305=DIRECTION('',(-1.E0,0.E0,0.E0));
#4306=DIRECTION('',(0.E0,-1.E0,0.E0));
#4307=AXIS2_PLACEMENT_3D('',#4304,#4305,#4306);
#4308=PLANE('',#4307);
#4309=ORIENTED_EDGE('',*,*,#4122,.T.);
#4310=ORIENTED_EDGE('',*,*,#4150,.T.);
#4312=ORIENTED_EDGE('',*,*,#4311,.T.);
#4314=ORIENTED_EDGE('',*,*,#4313,.T.);
#4316=ORIENTED_EDGE('',*,*,#4315,.T.);
#4318=ORIENTED_EDGE('',*,*,#4317,.T.);
#4320=ORIENTED_EDGE('',*,*,#4319,.T.);
#4322=ORIENTED_EDGE('',*,*,#4321,.T.);
#4324=ORIENTED_EDGE('',*,*,#4323,.T.);
#4326=ORIENTED_EDGE('',*,*,#4325,.F.);
#4327=EDGE_LOOP('',(#4309,#4310,#4312,#4314,#4316,#4318,#4320,#4322,#4324,
#4326));
#4328=FACE_OUTER_BOUND('',#4327,.F.);
#4330=CARTESIAN_POINT('',(9.5E-1,0.E0,0.E0));
#4331=DIRECTION('',(-1.E0,0.E0,0.E0));
#4332=DIRECTION('',(0.E0,-1.E0,0.E0));
#4333=AXIS2_PLACEMENT_3D('',#4330,#4331,#4332);
#4334=PLANE('',#4333);
#4335=ORIENTED_EDGE('',*,*,#4157,.T.);
#4337=ORIENTED_EDGE('',*,*,#4336,.F.);
#4339=ORIENTED_EDGE('',*,*,#4338,.F.);
#4341=ORIENTED_EDGE('',*,*,#4340,.F.);
#4343=ORIENTED_EDGE('',*,*,#4342,.T.);
#4345=ORIENTED_EDGE('',*,*,#4344,.T.);
#4347=ORIENTED_EDGE('',*,*,#4346,.T.);
#4349=ORIENTED_EDGE('',*,*,#4348,.T.);
#4350=EDGE_LOOP('',(#4335,#4337,#4339,#4341,#4343,#4345,#4347,#4349));
#4351=FACE_OUTER_BOUND('',#4350,.F.);
#4353=CARTESIAN_POINT('',(5.5E-1,2.634E0,-7.28E0));
#4354=DIRECTION('',(0.E0,-1.E0,0.E0));
#4355=DIRECTION('',(0.E0,0.E0,1.E0));
#4356=AXIS2_PLACEMENT_3D('',#4353,#4354,#4355);
#4357=PLANE('',#4356);
#4358=ORIENTED_EDGE('',*,*,#3674,.T.);
#4359=ORIENTED_EDGE('',*,*,#4192,.T.);
#4361=ORIENTED_EDGE('',*,*,#4360,.T.);
#4362=ORIENTED_EDGE('',*,*,#4281,.F.);
#4363=EDGE_LOOP('',(#4358,#4359,#4361,#4362));
#4364=FACE_OUTER_BOUND('',#4363,.F.);
#4366=CARTESIAN_POINT('',(5.5E-1,2.634E0,-4.78E0));
#4367=DIRECTION('',(0.E0,0.E0,1.E0));
#4368=DIRECTION('',(0.E0,1.E0,0.E0));
#4369=AXIS2_PLACEMENT_3D('',#4366,#4367,#4368);
#4370=PLANE('',#4369);
#4371=ORIENTED_EDGE('',*,*,#4190,.T.);
#4372=ORIENTED_EDGE('',*,*,#4269,.T.);
#4373=ORIENTED_EDGE('',*,*,#4283,.F.);
#4374=ORIENTED_EDGE('',*,*,#4360,.F.);
#4375=EDGE_LOOP('',(#4371,#4372,#4373,#4374));
#4376=FACE_OUTER_BOUND('',#4375,.F.);
#4378=CARTESIAN_POINT('',(5.5E-1,-1.356E0,-7.28E0));
#4379=DIRECTION('',(0.E0,-1.E0,0.E0));
#4380=DIRECTION('',(0.E0,0.E0,1.E0));
#4381=AXIS2_PLACEMENT_3D('',#4378,#4379,#4380);
#4382=PLANE('',#4381);
#4383=ORIENTED_EDGE('',*,*,#3684,.T.);
#4384=ORIENTED_EDGE('',*,*,#4207,.T.);
#4386=ORIENTED_EDGE('',*,*,#4385,.T.);
#4387=ORIENTED_EDGE('',*,*,#4295,.F.);
#4388=EDGE_LOOP('',(#4383,#4384,#4386,#4387));
#4389=FACE_OUTER_BOUND('',#4388,.F.);
#4391=CARTESIAN_POINT('',(5.5E-1,-1.356E0,-4.78E0));
#4392=DIRECTION('',(0.E0,0.E0,1.E0));
#4393=DIRECTION('',(0.E0,1.E0,0.E0));
#4394=AXIS2_PLACEMENT_3D('',#4391,#4392,#4393);
#4395=PLANE('',#4394);
#4396=ORIENTED_EDGE('',*,*,#4205,.T.);
#4398=ORIENTED_EDGE('',*,*,#4397,.T.);
#4399=ORIENTED_EDGE('',*,*,#4297,.F.);
#4400=ORIENTED_EDGE('',*,*,#4385,.F.);
#4401=EDGE_LOOP('',(#4396,#4398,#4399,#4400));
#4402=FACE_OUTER_BOUND('',#4401,.F.);
#4404=CARTESIAN_POINT('',(5.5E-1,-1.056E0,-4.78E0));
#4405=DIRECTION('',(0.E0,1.E0,0.E0));
#4406=DIRECTION('',(0.E0,0.E0,-1.E0));
#4407=AXIS2_PLACEMENT_3D('',#4404,#4405,#4406);
#4408=PLANE('',#4407);
#4409=ORIENTED_EDGE('',*,*,#3688,.F.);
#4410=ORIENTED_EDGE('',*,*,#4299,.F.);
#4411=ORIENTED_EDGE('',*,*,#4397,.F.);
#4412=ORIENTED_EDGE('',*,*,#4203,.T.);
#4413=EDGE_LOOP('',(#4409,#4410,#4411,#4412));
#4414=FACE_OUTER_BOUND('',#4413,.F.);
#4416=CARTESIAN_POINT('',(5.5E-1,-1.505722013476E0,-9.200123166788E0));
#4417=DIRECTION('',(-1.E0,0.E0,0.E0));
#4418=DIRECTION('',(0.E0,-1.E0,0.E0));
#4419=AXIS2_PLACEMENT_3D('',#4416,#4417,#4418);
#4420=CYLINDRICAL_SURFACE('',#4419,4.3E-1);
#4421=ORIENTED_EDGE('',*,*,#4148,.T.);
#4422=ORIENTED_EDGE('',*,*,#4232,.T.);
#4424=ORIENTED_EDGE('',*,*,#4423,.T.);
#4425=ORIENTED_EDGE('',*,*,#4311,.F.);
#4426=EDGE_LOOP('',(#4421,#4422,#4424,#4425));
#4427=FACE_OUTER_BOUND('',#4426,.F.);
#4429=CARTESIAN_POINT('',(5.5E-1,-1.498217478708E0,-9.630057675705E0));
#4430=DIRECTION('',(0.E0,1.745240643728E-2,-9.998476951564E-1));
#4431=DIRECTION('',(0.E0,-9.998476951564E-1,-1.745240643728E-2));
#4432=AXIS2_PLACEMENT_3D('',#4429,#4430,#4431);
#4433=PLANE('',#4432);
#4434=ORIENTED_EDGE('',*,*,#4230,.T.);
#4436=ORIENTED_EDGE('',*,*,#4435,.T.);
#4437=ORIENTED_EDGE('',*,*,#4313,.F.);
#4438=ORIENTED_EDGE('',*,*,#4423,.F.);
#4439=EDGE_LOOP('',(#4434,#4436,#4437,#4438));
#4440=FACE_OUTER_BOUND('',#4439,.F.);
#4442=CARTESIAN_POINT('',(5.5E-1,-5.803462374326E0,-9.705206004890E0));
#4443=DIRECTION('',(0.E0,-9.998476951564E-1,-1.745240643728E-2));
#4444=DIRECTION('',(0.E0,-1.745240643728E-2,9.998476951564E-1));
#4445=AXIS2_PLACEMENT_3D('',#4442,#4443,#4444);
#4446=PLANE('',#4445);
#4447=ORIENTED_EDGE('',*,*,#4228,.T.);
#4449=ORIENTED_EDGE('',*,*,#4448,.T.);
#4450=ORIENTED_EDGE('',*,*,#4315,.F.);
#4451=ORIENTED_EDGE('',*,*,#4435,.F.);
#4452=EDGE_LOOP('',(#4447,#4449,#4450,#4451));
#4453=FACE_OUTER_BOUND('',#4452,.F.);
#4455=CARTESIAN_POINT('',(5.5E-1,-5.808E0,-9.445245604149E0));
#4456=DIRECTION('',(0.E0,-1.745240643728E-2,9.998476951564E-1));
#4457=DIRECTION('',(0.E0,9.998476951564E-1,1.745240643728E-2));
#4458=AXIS2_PLACEMENT_3D('',#4455,#4456,#4457);
#4459=PLANE('',#4458);
#4460=ORIENTED_EDGE('',*,*,#4226,.T.);
#4462=ORIENTED_EDGE('',*,*,#4461,.T.);
#4463=ORIENTED_EDGE('',*,*,#4317,.F.);
#4464=ORIENTED_EDGE('',*,*,#4448,.F.);
#4465=EDGE_LOOP('',(#4460,#4462,#4463,#4464));
#4466=FACE_OUTER_BOUND('',#4465,.F.);
#4468=CARTESIAN_POINT('',(5.5E-1,-4.82E0,-9.428E0));
#4469=DIRECTION('',(0.E0,-1.E0,0.E0));
#4470=DIRECTION('',(0.E0,0.E0,1.E0));
#4471=AXIS2_PLACEMENT_3D('',#4468,#4469,#4470);
#4472=PLANE('',#4471);
#4473=ORIENTED_EDGE('',*,*,#4224,.T.);
#4475=ORIENTED_EDGE('',*,*,#4474,.T.);
#4476=ORIENTED_EDGE('',*,*,#4319,.F.);
#4477=ORIENTED_EDGE('',*,*,#4461,.F.);
#4478=EDGE_LOOP('',(#4473,#4475,#4476,#4477));
#4479=FACE_OUTER_BOUND('',#4478,.F.);
#4481=CARTESIAN_POINT('',(5.5E-1,-4.82E0,-9.4E0));
#4482=DIRECTION('',(0.E0,0.E0,1.E0));
#4483=DIRECTION('',(0.E0,1.E0,0.E0));
#4484=AXIS2_PLACEMENT_3D('',#4481,#4482,#4483);
#4485=PLANE('',#4484);
#4487=ORIENTED_EDGE('',*,*,#4486,.T.);
#4488=ORIENTED_EDGE('',*,*,#4321,.F.);
#4489=ORIENTED_EDGE('',*,*,#4474,.F.);
#4490=ORIENTED_EDGE('',*,*,#4222,.T.);
#4491=EDGE_LOOP('',(#4487,#4488,#4489,#4490));
#4492=FACE_OUTER_BOUND('',#4491,.F.);
#4494=CARTESIAN_POINT('',(-1.08216E1,-4.620651081377E0,-9.35E0));
#4495=DIRECTION('',(1.E0,0.E0,0.E0));
#4496=DIRECTION('',(0.E0,-9.999945016606E-1,-3.316119501058E-3));
#4497=AXIS2_PLACEMENT_3D('',#4494,#4495,#4496);
#4498=CYLINDRICAL_SURFACE('',#4497,2.E-1);
#4499=ORIENTED_EDGE('',*,*,#4220,.T.);
#4501=ORIENTED_EDGE('',*,*,#4500,.F.);
#4502=ORIENTED_EDGE('',*,*,#3985,.F.);
#4504=ORIENTED_EDGE('',*,*,#4503,.F.);
#4505=ORIENTED_EDGE('',*,*,#3878,.T.);
#4507=ORIENTED_EDGE('',*,*,#4506,.F.);
#4509=ORIENTED_EDGE('',*,*,#4508,.T.);
#4511=ORIENTED_EDGE('',*,*,#4510,.T.);
#4513=ORIENTED_EDGE('',*,*,#4512,.T.);
#4515=ORIENTED_EDGE('',*,*,#4514,.F.);
#4516=ORIENTED_EDGE('',*,*,#4323,.F.);
#4517=ORIENTED_EDGE('',*,*,#4486,.F.);
#4518=EDGE_LOOP('',(#4499,#4501,#4502,#4504,#4505,#4507,#4509,#4511,#4513,#4515,
#4516,#4517));
#4519=FACE_OUTER_BOUND('',#4518,.F.);
#4521=CARTESIAN_POINT('',(-3.E0,0.E0,-9.55E0));
#4522=DIRECTION('',(0.E0,0.E0,-1.E0));
#4523=DIRECTION('',(1.E0,0.E0,0.E0));
#4524=AXIS2_PLACEMENT_3D('',#4521,#4522,#4523);
#4525=PLANE('',#4524);
#4526=ORIENTED_EDGE('',*,*,#3914,.F.);
#4528=ORIENTED_EDGE('',*,*,#4527,.T.);
#4530=ORIENTED_EDGE('',*,*,#4529,.F.);
#4532=ORIENTED_EDGE('',*,*,#4531,.F.);
#4534=ORIENTED_EDGE('',*,*,#4533,.F.);
#4536=ORIENTED_EDGE('',*,*,#4535,.T.);
#4537=EDGE_LOOP('',(#4526,#4528,#4530,#4532,#4534,#4536));
#4538=FACE_OUTER_BOUND('',#4537,.F.);
#4540=CARTESIAN_POINT('',(-3.E0,0.E0,-9.55E0));
#4541=DIRECTION('',(0.E0,0.E0,-1.E0));
#4542=DIRECTION('',(1.E0,0.E0,0.E0));
#4543=AXIS2_PLACEMENT_3D('',#4540,#4541,#4542);
#4544=PLANE('',#4543);
#4545=ORIENTED_EDGE('',*,*,#3876,.F.);
#4546=ORIENTED_EDGE('',*,*,#4097,.F.);
#4548=ORIENTED_EDGE('',*,*,#4547,.F.);
#4550=ORIENTED_EDGE('',*,*,#4549,.F.);
#4552=ORIENTED_EDGE('',*,*,#4551,.F.);
#4553=ORIENTED_EDGE('',*,*,#4506,.T.);
#4554=EDGE_LOOP('',(#4545,#4546,#4548,#4550,#4552,#4553));
#4555=FACE_OUTER_BOUND('',#4554,.F.);
#4557=CARTESIAN_POINT('',(-3.E0,0.E0,-9.55E0));
#4558=DIRECTION('',(0.E0,0.E0,-1.E0));
#4559=DIRECTION('',(1.E0,0.E0,0.E0));
#4560=AXIS2_PLACEMENT_3D('',#4557,#4558,#4559);
#4561=PLANE('',#4560);
#4562=ORIENTED_EDGE('',*,*,#4254,.F.);
#4564=ORIENTED_EDGE('',*,*,#4563,.T.);
#4565=ORIENTED_EDGE('',*,*,#4001,.T.);
#4567=ORIENTED_EDGE('',*,*,#4566,.T.);
#4568=EDGE_LOOP('',(#4562,#4564,#4565,#4567));
#4569=FACE_OUTER_BOUND('',#4568,.F.);
#4571=CARTESIAN_POINT('',(-3.E0,0.E0,-9.55E0));
#4572=DIRECTION('',(0.E0,0.E0,-1.E0));
#4573=DIRECTION('',(1.E0,0.E0,0.E0));
#4574=AXIS2_PLACEMENT_3D('',#4571,#4572,#4573);
#4575=PLANE('',#4574);
#4576=ORIENTED_EDGE('',*,*,#4218,.F.);
#4577=ORIENTED_EDGE('',*,*,#4112,.F.);
#4578=ORIENTED_EDGE('',*,*,#3987,.T.);
#4579=ORIENTED_EDGE('',*,*,#4500,.T.);
#4580=EDGE_LOOP('',(#4576,#4577,#4578,#4579));
#4581=FACE_OUTER_BOUND('',#4580,.F.);
#4583=CARTESIAN_POINT('',(-3.E0,0.E0,-9.55E0));
#4584=DIRECTION('',(0.E0,0.E0,-1.E0));
#4585=DIRECTION('',(1.E0,0.E0,0.E0));
#4586=AXIS2_PLACEMENT_3D('',#4583,#4584,#4585);
#4587=PLANE('',#4586);
#4588=ORIENTED_EDGE('',*,*,#4338,.T.);
#4590=ORIENTED_EDGE('',*,*,#4589,.T.);
#4592=ORIENTED_EDGE('',*,*,#4591,.F.);
#4594=ORIENTED_EDGE('',*,*,#4593,.F.);
#4596=ORIENTED_EDGE('',*,*,#4595,.F.);
#4598=ORIENTED_EDGE('',*,*,#4597,.T.);
#4599=EDGE_LOOP('',(#4588,#4590,#4592,#4594,#4596,#4598));
#4600=FACE_OUTER_BOUND('',#4599,.F.);
#4602=CARTESIAN_POINT('',(-3.E0,0.E0,-9.55E0));
#4603=DIRECTION('',(0.E0,0.E0,-1.E0));
#4604=DIRECTION('',(1.E0,0.E0,0.E0));
#4605=AXIS2_PLACEMENT_3D('',#4602,#4603,#4604);
#4606=PLANE('',#4605);
#4607=ORIENTED_EDGE('',*,*,#4325,.T.);
#4608=ORIENTED_EDGE('',*,*,#4514,.T.);
#4610=ORIENTED_EDGE('',*,*,#4609,.F.);
#4612=ORIENTED_EDGE('',*,*,#4611,.F.);
#4614=ORIENTED_EDGE('',*,*,#4613,.F.);
#4615=ORIENTED_EDGE('',*,*,#4124,.F.);
#4616=EDGE_LOOP('',(#4607,#4608,#4610,#4612,#4614,#4615));
#4617=FACE_OUTER_BOUND('',#4616,.F.);
#4619=CARTESIAN_POINT('',(1.08216E1,4.620651081377E0,-9.35E0));
#4620=DIRECTION('',(-1.E0,0.E0,0.E0));
#4621=DIRECTION('',(0.E0,9.999945016606E-1,-3.316119501058E-3));
#4622=AXIS2_PLACEMENT_3D('',#4619,#4620,#4621);
#4623=CYLINDRICAL_SURFACE('',#4622,2.E-1);
#4624=ORIENTED_EDGE('',*,*,#4252,.F.);
#4626=ORIENTED_EDGE('',*,*,#4625,.F.);
#4627=ORIENTED_EDGE('',*,*,#4340,.T.);
#4628=ORIENTED_EDGE('',*,*,#4597,.F.);
#4630=ORIENTED_EDGE('',*,*,#4629,.T.);
#4632=ORIENTED_EDGE('',*,*,#4631,.T.);
#4634=ORIENTED_EDGE('',*,*,#4633,.T.);
#4635=ORIENTED_EDGE('',*,*,#4527,.F.);
#4636=ORIENTED_EDGE('',*,*,#3912,.F.);
#4638=ORIENTED_EDGE('',*,*,#4637,.F.);
#4639=ORIENTED_EDGE('',*,*,#4003,.T.);
#4640=ORIENTED_EDGE('',*,*,#4563,.F.);
#4641=EDGE_LOOP('',(#4624,#4626,#4627,#4628,#4630,#4632,#4634,#4635,#4636,#4638,
#4639,#4640));
#4642=FACE_OUTER_BOUND('',#4641,.F.);
#4644=CARTESIAN_POINT('',(5.5E-1,3.85E0,-9.413E0));
#4645=DIRECTION('',(0.E0,1.745240643728E-2,9.998476951564E-1));
#4646=DIRECTION('',(0.E0,9.998476951564E-1,-1.745240643728E-2));
#4647=AXIS2_PLACEMENT_3D('',#4644,#4645,#4646);
#4648=PLANE('',#4647);
#4649=ORIENTED_EDGE('',*,*,#4625,.T.);
#4650=ORIENTED_EDGE('',*,*,#4250,.T.);
#4652=ORIENTED_EDGE('',*,*,#4651,.T.);
#4653=ORIENTED_EDGE('',*,*,#4342,.F.);
#4654=EDGE_LOOP('',(#4649,#4650,#4652,#4653));
#4655=FACE_OUTER_BOUND('',#4654,.F.);
#4657=CARTESIAN_POINT('',(5.5E-1,5.606E0,-9.443651094014E0));
#4658=DIRECTION('',(0.E0,9.998476951564E-1,-1.745240643728E-2));
#4659=DIRECTION('',(0.E0,-1.745240643728E-2,-9.998476951564E-1));
#4660=AXIS2_PLACEMENT_3D('',#4657,#4658,#4659);
#4661=PLANE('',#4660);
#4662=ORIENTED_EDGE('',*,*,#4248,.T.);
#4664=ORIENTED_EDGE('',*,*,#4663,.T.);
#4665=ORIENTED_EDGE('',*,*,#4344,.F.);
#4666=ORIENTED_EDGE('',*,*,#4651,.F.);
#4667=EDGE_LOOP('',(#4662,#4664,#4665,#4666));
#4668=FACE_OUTER_BOUND('',#4667,.F.);
#4670=CARTESIAN_POINT('',(5.5E-1,5.601462374326E0,-9.703611494755E0));
#4671=DIRECTION('',(0.E0,-1.745240643728E-2,-9.998476951564E-1));
#4672=DIRECTION('',(0.E0,-9.998476951564E-1,1.745240643728E-2));
#4673=AXIS2_PLACEMENT_3D('',#4670,#4671,#4672);
#4674=PLANE('',#4673);
#4675=ORIENTED_EDGE('',*,*,#4246,.T.);
#4677=ORIENTED_EDGE('',*,*,#4676,.T.);
#4678=ORIENTED_EDGE('',*,*,#4346,.F.);
#4679=ORIENTED_EDGE('',*,*,#4663,.F.);
#4680=EDGE_LOOP('',(#4675,#4677,#4678,#4679));
#4681=FACE_OUTER_BOUND('',#4680,.F.);
#4683=CARTESIAN_POINT('',(5.5E-1,3.083795931092E0,-9.229599962461E0));
#4684=DIRECTION('',(-1.E0,0.E0,0.E0));
#4685=DIRECTION('',(0.E0,-1.E0,0.E0));
#4686=AXIS2_PLACEMENT_3D('',#4683,#4684,#4685);
#4687=CYLINDRICAL_SURFACE('',#4686,4.3E-1);
#4688=ORIENTED_EDGE('',*,*,#4159,.F.);
#4689=ORIENTED_EDGE('',*,*,#4348,.F.);
#4690=ORIENTED_EDGE('',*,*,#4676,.F.);
#4691=ORIENTED_EDGE('',*,*,#4244,.T.);
#4692=EDGE_LOOP('',(#4688,#4689,#4690,#4691));
#4693=FACE_OUTER_BOUND('',#4692,.F.);
#4695=CARTESIAN_POINT('',(1.1E0,4.85E0,-9.6E0));
#4696=DIRECTION('',(1.E0,0.E0,0.E0));
#4697=DIRECTION('',(0.E0,-1.E0,0.E0));
#4698=AXIS2_PLACEMENT_3D('',#4695,#4696,#4697);
#4699=PLANE('',#4698);
#4701=ORIENTED_EDGE('',*,*,#4700,.T.);
#4703=ORIENTED_EDGE('',*,*,#4702,.T.);
#4704=ORIENTED_EDGE('',*,*,#4629,.F.);
#4705=ORIENTED_EDGE('',*,*,#4595,.T.);
#4707=ORIENTED_EDGE('',*,*,#4706,.F.);
#4709=ORIENTED_EDGE('',*,*,#4708,.F.);
#4710=EDGE_LOOP('',(#4701,#4703,#4704,#4705,#4707,#4709));
#4711=FACE_OUTER_BOUND('',#4710,.F.);
#4713=CARTESIAN_POINT('',(1.08216E1,4.620485274491E0,-9.4E0));
#4714=DIRECTION('',(-1.E0,0.E0,0.E0));
#4715=DIRECTION('',(0.E0,9.999945016606E-1,-3.316119501058E-3));
#4716=AXIS2_PLACEMENT_3D('',#4713,#4714,#4715);
#4717=CYLINDRICAL_SURFACE('',#4716,2.E-1);
#4719=ORIENTED_EDGE('',*,*,#4718,.F.);
#4721=ORIENTED_EDGE('',*,*,#4720,.T.);
#4722=ORIENTED_EDGE('',*,*,#4700,.F.);
#4724=ORIENTED_EDGE('',*,*,#4723,.F.);
#4725=EDGE_LOOP('',(#4719,#4721,#4722,#4724));
#4726=FACE_OUTER_BOUND('',#4725,.F.);
#4728=CARTESIAN_POINT('',(2.970063447651E0,4.310481910434E0,-9.388668815852E0));
#4729=CARTESIAN_POINT('',(2.970130597247E0,4.313815717317E0,-9.388668815852E0));
#4730=CARTESIAN_POINT('',(2.970492196422E0,4.349811008941E0,-9.388668815852E0));
#4731=CARTESIAN_POINT('',(2.963721873663E0,4.418618916166E0,-9.388668815852E0));
#4732=CARTESIAN_POINT('',(2.935101721030E0,4.512939501274E0,-9.388668815852E0));
#4733=CARTESIAN_POINT('',(2.888628718425E0,4.599887681894E0,-9.388668815852E0));
#4734=CARTESIAN_POINT('',(2.826089631300E0,4.676088285192E0,-9.388668815852E0));
#4735=CARTESIAN_POINT('',(2.749889137845E0,4.738627776939E0,-9.388668815852E0));
#4736=CARTESIAN_POINT('',(2.662940525730E0,4.785101355357E0,-9.388668815852E0));
#4737=CARTESIAN_POINT('',(2.568619393865E0,4.813721822145E0,-9.388668815852E0));
#4738=CARTESIAN_POINT('',(2.499812447822E0,4.820492060138E0,-9.388668815852E0));
#4739=CARTESIAN_POINT('',(2.463818491637E0,4.820130625106E0,-9.388668815852E0));
#4740=CARTESIAN_POINT('',(2.460486070107E0,4.820063531410E0,-9.388668815852E0));
#4741=CARTESIAN_POINT('',(2.977330924751E0,4.310336365130E0,-9.516762602096E0));
#4742=CARTESIAN_POINT('',(2.977399053820E0,4.313718669707E0,-9.516762602096E0));
#4743=CARTESIAN_POINT('',(2.977765937556E0,4.350237593364E0,-9.516762602096E0));
#4744=CARTESIAN_POINT('',(2.970897096763E0,4.420046462437E0,-9.516762602096E0));
#4745=CARTESIAN_POINT('',(2.941860610172E0,4.515739155817E0,-9.516762602096E0));
#4746=CARTESIAN_POINT('',(2.894711547349E0,4.603952198796E0,-9.516762602096E0));
#4747=CARTESIAN_POINT('',(2.831262683917E0,4.681261318227E0,-9.516762602096E0));
#4748=CARTESIAN_POINT('',(2.753953675927E0,4.744710592167E0,-9.516762602096E0));
#4749=CARTESIAN_POINT('',(2.665740195176E0,4.791860239180E0,-9.516762602096E0));
#4750=CARTESIAN_POINT('',(2.570046947086E0,4.820897044495E0,-9.516762602096E0));
#4751=CARTESIAN_POINT('',(2.500239053176E0,4.827765799288E0,-9.516762602096E0));
#4752=CARTESIAN_POINT('',(2.463721484386E0,4.827399082086E0,-9.516762602096E0));
#4753=CARTESIAN_POINT('',(2.460340585314E0,4.827331009733E0,-9.516762602096E0));
#4754=CARTESIAN_POINT('',(2.886477298260E0,4.312155884968E0,-9.607333760588E0));
#4755=CARTESIAN_POINT('',(2.886533182553E0,4.314931900538E0,-9.607333760588E0));
#4756=CARTESIAN_POINT('',(2.886834001882E0,4.344904691551E0,-9.607333760588E0));
#4757=CARTESIAN_POINT('',(2.881196774289E0,4.402200137777E0,-9.607333760588E0));
#4758=CARTESIAN_POINT('',(2.857365044353E0,4.480739559033E0,-9.607333760588E0));
#4759=CARTESIAN_POINT('',(2.818667679654E0,4.553140053761E0,-9.607333760588E0));
#4760=CARTESIAN_POINT('',(2.766592292279E0,4.616591171395E0,-9.607333760588E0));
#4761=CARTESIAN_POINT('',(2.703141266111E0,4.668666895692E0,-9.607333760588E0));
#4762=CARTESIAN_POINT('',(2.630740412083E0,4.707364739864E0,-9.607333760588E0));
#4763=CARTESIAN_POINT('',(2.552200535551E0,4.731196731386E0,-9.607333760588E0));
#4764=CARTESIAN_POINT('',(2.494905889690E0,4.736833888420E0,-9.607333760588E0));
#4765=CARTESIAN_POINT('',(2.464934210677E0,4.736533205726E0,-9.607333760588E0));
#4766=CARTESIAN_POINT('',(2.462159348670E0,4.736477367963E0,-9.607333760588E0));
#4767=CARTESIAN_POINT('',(2.758434219540E0,4.314720195616E0,-9.599640079203E0));
#4768=CARTESIAN_POINT('',(2.758472846857E0,4.316641747649E0,-9.599640079203E0));
#4769=CARTESIAN_POINT('',(2.758680559389E0,4.337388853241E0,-9.599640079203E0));
#4770=CARTESIAN_POINT('',(2.754779085802E0,4.377048710789E0,-9.599640079203E0));
#4771=CARTESIAN_POINT('',(2.738282594884E0,4.431413447359E0,-9.599640079203E0));
#4772=CARTESIAN_POINT('',(2.711496493280E0,4.481528784758E0,-9.599640079203E0));
#4773=CARTESIAN_POINT('',(2.675450129141E0,4.525449353270E0,-9.599640079203E0));
#4774=CARTESIAN_POINT('',(2.631529623941E0,4.561495950624E0,-9.599640079203E0));
#4775=CARTESIAN_POINT('',(2.581414037837E0,4.588282384120E0,-9.599640079203E0));
#4776=CARTESIAN_POINT('',(2.527048986126E0,4.604779056095E0,-9.599640079203E0));
#4777=CARTESIAN_POINT('',(2.487389682594E0,4.608680480888E0,-9.599640079203E0));
#4778=CARTESIAN_POINT('',(2.466643346722E0,4.608472862852E0,-9.599640079203E0));
#4779=CARTESIAN_POINT('',(2.464722593183E0,4.608434267710E0,-9.599640079203E0));
#4780=(BOUNDED_SURFACE()B_SPLINE_SURFACE(3,3,((#4728,#4729,#4730,#4731,#4732,
#4733,#4734,#4735,#4736,#4737,#4738,#4739,#4740),(#4741,#4742,#4743,#4744,#4745,
#4746,#4747,#4748,#4749,#4750,#4751,#4752,#4753),(#4754,#4755,#4756,#4757,#4758,
#4759,#4760,#4761,#4762,#4763,#4764,#4765,#4766),(#4767,#4768,#4769,#4770,#4771,
#4772,#4773,#4774,#4775,#4776,#4777,#4778,#4779)),.UNSPECIFIED.,.F.,.F.,.F.)B_SPLINE_SURFACE_WITH_KNOTS((4,4),(4,1,1,1,1,1,1,1,1,1,4),(0.E0,1.E0),(
-1.276569933986E-2,0.E0,1.250062942697E-1,2.500084108835E-1,3.750125683705E-1,
4.999986769935E-1,6.249851560085E-1,7.499899501363E-1,8.749935183050E-1,1.E0,
1.012760390118E0),.UNSPECIFIED.)GEOMETRIC_REPRESENTATION_ITEM()RATIONAL_B_SPLINE_SURFACE(((1.201438363976E0,1.201438363976E0,1.201438363976E0,1.201438363976E0,
1.201438363976E0,1.201438363976E0,1.201438363976E0,1.201438363976E0,
1.201438363976E0,1.201438363976E0,1.201438363976E0,1.201438363976E0,
1.201438363976E0),(9.328538786747E-1,9.328538786747E-1,9.328538786747E-1,
9.328538786747E-1,9.328538786747E-1,9.328538786747E-1,9.328538786747E-1,
9.328538786747E-1,9.328538786747E-1,9.328538786747E-1,9.328538786747E-1,
9.328538786747E-1,9.328538786747E-1),(9.328538786747E-1,9.328538786747E-1,
9.328538786747E-1,9.328538786747E-1,9.328538786747E-1,9.328538786747E-1,
9.328538786747E-1,9.328538786747E-1,9.328538786747E-1,9.328538786747E-1,
9.328538786747E-1,9.328538786747E-1,9.328538786747E-1),(1.201438363976E0,
1.201438363976E0,1.201438363976E0,1.201438363976E0,1.201438363976E0,
1.201438363976E0,1.201438363976E0,1.201438363976E0,1.201438363976E0,
1.201438363976E0,1.201438363976E0,1.201438363976E0,1.201438363976E0)))REPRESENTATION_ITEM('')SURFACE());
#4781=ORIENTED_EDGE('',*,*,#4718,.T.);
#4783=ORIENTED_EDGE('',*,*,#4782,.T.);
#4785=ORIENTED_EDGE('',*,*,#4784,.F.);
#4787=ORIENTED_EDGE('',*,*,#4786,.F.);
#4788=EDGE_LOOP('',(#4781,#4783,#4785,#4787));
#4789=FACE_OUTER_BOUND('',#4788,.F.);
#4791=CARTESIAN_POINT('',(-3.E0,-4.819823146618E0,-9.6E0));
#4792=DIRECTION('',(0.E0,0.E0,-1.E0));
#4793=DIRECTION('',(0.E0,1.E0,0.E0));
#4794=AXIS2_PLACEMENT_3D('',#4791,#4792,#4793);
#4795=PLANE('',#4794);
#4797=ORIENTED_EDGE('',*,*,#4796,.F.);
#4799=ORIENTED_EDGE('',*,*,#4798,.F.);
#4801=ORIENTED_EDGE('',*,*,#4800,.T.);
#4803=ORIENTED_EDGE('',*,*,#4802,.T.);
#4805=ORIENTED_EDGE('',*,*,#4804,.T.);
#4806=ORIENTED_EDGE('',*,*,#4093,.F.);
#4808=ORIENTED_EDGE('',*,*,#4807,.F.);
#4809=EDGE_LOOP('',(#4797,#4799,#4801,#4803,#4805,#4806,#4808));
#4810=FACE_OUTER_BOUND('',#4809,.F.);
#4812=CARTESIAN_POINT('',(-3.E0,-4.819823146618E0,-9.6E0));
#4813=DIRECTION('',(0.E0,0.E0,-1.E0));
#4814=DIRECTION('',(0.E0,1.E0,0.E0));
#4815=AXIS2_PLACEMENT_3D('',#4812,#4813,#4814);
#4816=PLANE('',#4815);
#4818=ORIENTED_EDGE('',*,*,#4817,.F.);
#4820=ORIENTED_EDGE('',*,*,#4819,.F.);
#4822=ORIENTED_EDGE('',*,*,#4821,.T.);
#4824=ORIENTED_EDGE('',*,*,#4823,.T.);
#4826=ORIENTED_EDGE('',*,*,#4825,.T.);
#4828=ORIENTED_EDGE('',*,*,#4827,.F.);
#4830=ORIENTED_EDGE('',*,*,#4829,.T.);
#4831=EDGE_LOOP('',(#4818,#4820,#4822,#4824,#4826,#4828,#4830));
#4832=FACE_OUTER_BOUND('',#4831,.F.);
#4834=CARTESIAN_POINT('',(-3.E0,-4.819823146618E0,-9.6E0));
#4835=DIRECTION('',(0.E0,0.E0,-1.E0));
#4836=DIRECTION('',(0.E0,1.E0,0.E0));
#4837=AXIS2_PLACEMENT_3D('',#4834,#4835,#4836);
#4838=PLANE('',#4837);
#4839=ORIENTED_EDGE('',*,*,#4782,.F.);
#4840=ORIENTED_EDGE('',*,*,#4723,.T.);
#4841=ORIENTED_EDGE('',*,*,#4708,.T.);
#4843=ORIENTED_EDGE('',*,*,#4842,.T.);
#4845=ORIENTED_EDGE('',*,*,#4844,.T.);
#4847=ORIENTED_EDGE('',*,*,#4846,.T.);
#4849=ORIENTED_EDGE('',*,*,#4848,.F.);
#4850=EDGE_LOOP('',(#4839,#4840,#4841,#4843,#4845,#4847,#4849));
#4851=FACE_OUTER_BOUND('',#4850,.F.);
#4853=CARTESIAN_POINT('',(-3.E0,-4.819823146618E0,-9.6E0));
#4854=DIRECTION('',(0.E0,0.E0,-1.E0));
#4855=DIRECTION('',(0.E0,1.E0,0.E0));
#4856=AXIS2_PLACEMENT_3D('',#4853,#4854,#4855);
#4857=PLANE('',#4856);
#4859=ORIENTED_EDGE('',*,*,#4858,.F.);
#4861=ORIENTED_EDGE('',*,*,#4860,.F.);
#4862=ORIENTED_EDGE('',*,*,#4128,.F.);
#4864=ORIENTED_EDGE('',*,*,#4863,.T.);
#4866=ORIENTED_EDGE('',*,*,#4865,.T.);
#4868=ORIENTED_EDGE('',*,*,#4867,.F.);
#4870=ORIENTED_EDGE('',*,*,#4869,.F.);
#4871=EDGE_LOOP('',(#4859,#4861,#4862,#4864,#4866,#4868,#4870));
#4872=FACE_OUTER_BOUND('',#4871,.F.);
#4874=CARTESIAN_POINT('',(-2.970063447651E0,-4.310481910434E0,
-9.388668815852E0));
#4875=CARTESIAN_POINT('',(-2.970130597247E0,-4.313815717317E0,
-9.388668815852E0));
#4876=CARTESIAN_POINT('',(-2.970492196422E0,-4.349811008941E0,
-9.388668815852E0));
#4877=CARTESIAN_POINT('',(-2.963721873663E0,-4.418618916166E0,
-9.388668815852E0));
#4878=CARTESIAN_POINT('',(-2.935101721030E0,-4.512939501274E0,
-9.388668815852E0));
#4879=CARTESIAN_POINT('',(-2.888628718425E0,-4.599887681894E0,
-9.388668815852E0));
#4880=CARTESIAN_POINT('',(-2.826089631300E0,-4.676088285192E0,
-9.388668815852E0));
#4881=CARTESIAN_POINT('',(-2.749889137845E0,-4.738627776939E0,
-9.388668815852E0));
#4882=CARTESIAN_POINT('',(-2.662940525730E0,-4.785101355357E0,
-9.388668815852E0));
#4883=CARTESIAN_POINT('',(-2.568619393865E0,-4.813721822145E0,
-9.388668815852E0));
#4884=CARTESIAN_POINT('',(-2.499812447822E0,-4.820492060138E0,
-9.388668815852E0));
#4885=CARTESIAN_POINT('',(-2.463818491637E0,-4.820130625106E0,
-9.388668815852E0));
#4886=CARTESIAN_POINT('',(-2.460486070107E0,-4.820063531410E0,
-9.388668815852E0));
#4887=CARTESIAN_POINT('',(-2.977330924751E0,-4.310336365130E0,
-9.516762602096E0));
#4888=CARTESIAN_POINT('',(-2.977399053820E0,-4.313718669707E0,
-9.516762602096E0));
#4889=CARTESIAN_POINT('',(-2.977765937556E0,-4.350237593364E0,
-9.516762602096E0));
#4890=CARTESIAN_POINT('',(-2.970897096763E0,-4.420046462437E0,
-9.516762602096E0));
#4891=CARTESIAN_POINT('',(-2.941860610172E0,-4.515739155817E0,
-9.516762602096E0));
#4892=CARTESIAN_POINT('',(-2.894711547349E0,-4.603952198796E0,
-9.516762602096E0));
#4893=CARTESIAN_POINT('',(-2.831262683917E0,-4.681261318227E0,
-9.516762602096E0));
#4894=CARTESIAN_POINT('',(-2.753953675927E0,-4.744710592167E0,
-9.516762602096E0));
#4895=CARTESIAN_POINT('',(-2.665740195176E0,-4.791860239180E0,
-9.516762602096E0));
#4896=CARTESIAN_POINT('',(-2.570046947086E0,-4.820897044495E0,
-9.516762602096E0));
#4897=CARTESIAN_POINT('',(-2.500239053176E0,-4.827765799288E0,
-9.516762602096E0));
#4898=CARTESIAN_POINT('',(-2.463721484386E0,-4.827399082086E0,
-9.516762602096E0));
#4899=CARTESIAN_POINT('',(-2.460340585314E0,-4.827331009733E0,
-9.516762602096E0));
#4900=CARTESIAN_POINT('',(-2.886477298260E0,-4.312155884968E0,
-9.607333760588E0));
#4901=CARTESIAN_POINT('',(-2.886533182553E0,-4.314931900538E0,
-9.607333760588E0));
#4902=CARTESIAN_POINT('',(-2.886834001882E0,-4.344904691551E0,
-9.607333760588E0));
#4903=CARTESIAN_POINT('',(-2.881196774289E0,-4.402200137777E0,
-9.607333760588E0));
#4904=CARTESIAN_POINT('',(-2.857365044353E0,-4.480739559033E0,
-9.607333760588E0));
#4905=CARTESIAN_POINT('',(-2.818667679654E0,-4.553140053761E0,
-9.607333760588E0));
#4906=CARTESIAN_POINT('',(-2.766592292279E0,-4.616591171395E0,
-9.607333760588E0));
#4907=CARTESIAN_POINT('',(-2.703141266111E0,-4.668666895692E0,
-9.607333760588E0));
#4908=CARTESIAN_POINT('',(-2.630740412083E0,-4.707364739864E0,
-9.607333760588E0));
#4909=CARTESIAN_POINT('',(-2.552200535551E0,-4.731196731386E0,
-9.607333760588E0));
#4910=CARTESIAN_POINT('',(-2.494905889690E0,-4.736833888420E0,
-9.607333760588E0));
#4911=CARTESIAN_POINT('',(-2.464934210677E0,-4.736533205726E0,
-9.607333760588E0));
#4912=CARTESIAN_POINT('',(-2.462159348670E0,-4.736477367963E0,
-9.607333760588E0));
#4913=CARTESIAN_POINT('',(-2.758434219540E0,-4.314720195616E0,
-9.599640079203E0));
#4914=CARTESIAN_POINT('',(-2.758472846857E0,-4.316641747649E0,
-9.599640079203E0));
#4915=CARTESIAN_POINT('',(-2.758680559389E0,-4.337388853241E0,
-9.599640079203E0));
#4916=CARTESIAN_POINT('',(-2.754779085802E0,-4.377048710789E0,
-9.599640079203E0));
#4917=CARTESIAN_POINT('',(-2.738282594884E0,-4.431413447359E0,
-9.599640079203E0));
#4918=CARTESIAN_POINT('',(-2.711496493280E0,-4.481528784758E0,
-9.599640079203E0));
#4919=CARTESIAN_POINT('',(-2.675450129141E0,-4.525449353270E0,
-9.599640079203E0));
#4920=CARTESIAN_POINT('',(-2.631529623941E0,-4.561495950624E0,
-9.599640079203E0));
#4921=CARTESIAN_POINT('',(-2.581414037837E0,-4.588282384120E0,
-9.599640079203E0));
#4922=CARTESIAN_POINT('',(-2.527048986126E0,-4.604779056095E0,
-9.599640079203E0));
#4923=CARTESIAN_POINT('',(-2.487389682594E0,-4.608680480888E0,
-9.599640079203E0));
#4924=CARTESIAN_POINT('',(-2.466643346722E0,-4.608472862852E0,
-9.599640079203E0));
#4925=CARTESIAN_POINT('',(-2.464722593183E0,-4.608434267710E0,
-9.599640079203E0));
#4926=(BOUNDED_SURFACE()B_SPLINE_SURFACE(3,3,((#4874,#4875,#4876,#4877,#4878,
#4879,#4880,#4881,#4882,#4883,#4884,#4885,#4886),(#4887,#4888,#4889,#4890,#4891,
#4892,#4893,#4894,#4895,#4896,#4897,#4898,#4899),(#4900,#4901,#4902,#4903,#4904,
#4905,#4906,#4907,#4908,#4909,#4910,#4911,#4912),(#4913,#4914,#4915,#4916,#4917,
#4918,#4919,#4920,#4921,#4922,#4923,#4924,#4925)),.UNSPECIFIED.,.F.,.F.,.F.)B_SPLINE_SURFACE_WITH_KNOTS((4,4),(4,1,1,1,1,1,1,1,1,1,4),(0.E0,1.E0),(
-1.276569933986E-2,0.E0,1.250062942697E-1,2.500084108835E-1,3.750125683705E-1,
4.999986769935E-1,6.249851560085E-1,7.499899501363E-1,8.749935183050E-1,1.E0,
1.012760390118E0),.UNSPECIFIED.)GEOMETRIC_REPRESENTATION_ITEM()RATIONAL_B_SPLINE_SURFACE(((1.201438363976E0,1.201438363976E0,1.201438363976E0,1.201438363976E0,
1.201438363976E0,1.201438363976E0,1.201438363976E0,1.201438363976E0,
1.201438363976E0,1.201438363976E0,1.201438363976E0,1.201438363976E0,
1.201438363976E0),(9.328538786747E-1,9.328538786747E-1,9.328538786747E-1,
9.328538786747E-1,9.328538786747E-1,9.328538786747E-1,9.328538786747E-1,
9.328538786747E-1,9.328538786747E-1,9.328538786747E-1,9.328538786747E-1,
9.328538786747E-1,9.328538786747E-1),(9.328538786747E-1,9.328538786747E-1,
9.328538786747E-1,9.328538786747E-1,9.328538786747E-1,9.328538786747E-1,
9.328538786747E-1,9.328538786747E-1,9.328538786747E-1,9.328538786747E-1,
9.328538786747E-1,9.328538786747E-1,9.328538786747E-1),(1.201438363976E0,
1.201438363976E0,1.201438363976E0,1.201438363976E0,1.201438363976E0,
1.201438363976E0,1.201438363976E0,1.201438363976E0,1.201438363976E0,
1.201438363976E0,1.201438363976E0,1.201438363976E0,1.201438363976E0)))REPRESENTATION_ITEM('')SURFACE());
#4928=ORIENTED_EDGE('',*,*,#4927,.T.);
#4929=ORIENTED_EDGE('',*,*,#4796,.T.);
#4931=ORIENTED_EDGE('',*,*,#4930,.F.);
#4933=ORIENTED_EDGE('',*,*,#4932,.F.);
#4934=EDGE_LOOP('',(#4928,#4929,#4931,#4933));
#4935=FACE_OUTER_BOUND('',#4934,.F.);
#4937=CARTESIAN_POINT('',(1.08216E1,-4.620485274491E0,-9.4E0));
#4938=DIRECTION('',(-1.E0,0.E0,0.E0));
#4939=DIRECTION('',(0.E0,0.E0,-1.E0));
#4940=AXIS2_PLACEMENT_3D('',#4937,#4938,#4939);
#4941=CYLINDRICAL_SURFACE('',#4940,2.E-1);
#4942=ORIENTED_EDGE('',*,*,#4927,.F.);
#4944=ORIENTED_EDGE('',*,*,#4943,.F.);
#4946=ORIENTED_EDGE('',*,*,#4945,.F.);
#4947=ORIENTED_EDGE('',*,*,#4798,.T.);
#4948=EDGE_LOOP('',(#4942,#4944,#4946,#4947));
#4949=FACE_OUTER_BOUND('',#4948,.F.);
#4951=CARTESIAN_POINT('',(-3.E0,-4.85E0,-5.E-1));
#4952=DIRECTION('',(0.E0,-9.999945016606E-1,-3.316119501059E-3));
#4953=DIRECTION('',(0.E0,3.316119501059E-3,-9.999945016606E-1));
#4954=AXIS2_PLACEMENT_3D('',#4951,#4952,#4953);
#4955=PLANE('',#4954);
#4957=ORIENTED_EDGE('',*,*,#4956,.F.);
#4958=ORIENTED_EDGE('',*,*,#3457,.T.);
#4960=ORIENTED_EDGE('',*,*,#4959,.F.);
#4962=ORIENTED_EDGE('',*,*,#4961,.T.);
#4964=ORIENTED_EDGE('',*,*,#4963,.T.);
#4965=ORIENTED_EDGE('',*,*,#4510,.F.);
#4967=ORIENTED_EDGE('',*,*,#4966,.F.);
#4968=ORIENTED_EDGE('',*,*,#4943,.T.);
#4969=EDGE_LOOP('',(#4957,#4958,#4960,#4962,#4964,#4965,#4967,#4968));
#4970=FACE_OUTER_BOUND('',#4969,.F.);
#4972=CARTESIAN_POINT('',(-2.500053740476E0,-4.350053740476E0,
-4.829652247963E-1));
#4973=DIRECTION('',(3.316101268109E-3,3.316101268109E-3,-9.999890034119E-1));
#4974=DIRECTION('',(0.E0,-9.999945016606E-1,-3.316119501059E-3));
#4975=AXIS2_PLACEMENT_3D('',#4972,#4973,#4974);
#4976=CYLINDRICAL_SURFACE('',#4975,5.E-1);
#4978=ORIENTED_EDGE('',*,*,#4977,.F.);
#4979=ORIENTED_EDGE('',*,*,#3439,.F.);
#4980=ORIENTED_EDGE('',*,*,#4956,.T.);
#4981=ORIENTED_EDGE('',*,*,#4932,.T.);
#4982=EDGE_LOOP('',(#4978,#4979,#4980,#4981));
#4983=FACE_OUTER_BOUND('',#4982,.F.);
#4985=CARTESIAN_POINT('',(-3.E0,5.85E0,-5.E-1));
#4986=DIRECTION('',(9.999945016606E-1,0.E0,3.316119501059E-3));
#4987=DIRECTION('',(3.316119501059E-3,0.E0,-9.999945016606E-1));
#4988=AXIS2_PLACEMENT_3D('',#4985,#4986,#4987);
#4989=PLANE('',#4988);
#4991=ORIENTED_EDGE('',*,*,#4990,.F.);
#4993=ORIENTED_EDGE('',*,*,#4992,.T.);
#4995=ORIENTED_EDGE('',*,*,#4994,.T.);
#4997=ORIENTED_EDGE('',*,*,#4996,.F.);
#4999=ORIENTED_EDGE('',*,*,#4998,.T.);
#5001=ORIENTED_EDGE('',*,*,#5000,.T.);
#5003=ORIENTED_EDGE('',*,*,#5002,.T.);
#5004=ORIENTED_EDGE('',*,*,#3427,.T.);
#5006=ORIENTED_EDGE('',*,*,#5005,.F.);
#5008=ORIENTED_EDGE('',*,*,#5007,.F.);
#5009=ORIENTED_EDGE('',*,*,#3516,.F.);
#5010=ORIENTED_EDGE('',*,*,#3407,.T.);
#5011=ORIENTED_EDGE('',*,*,#4977,.T.);
#5013=ORIENTED_EDGE('',*,*,#5012,.T.);
#5014=ORIENTED_EDGE('',*,*,#4089,.F.);
#5016=ORIENTED_EDGE('',*,*,#5015,.F.);
#5017=EDGE_LOOP('',(#4991,#4993,#4995,#4997,#4999,#5001,#5003,#5004,#5006,#5008,
#5009,#5010,#5011,#5013,#5014,#5016));
#5018=FACE_OUTER_BOUND('',#5017,.F.);
#5020=CARTESIAN_POINT('',(-2.931098450836E0,2.39E-1,-6.200165808065E0));
#5021=DIRECTION('',(-7.071028932735E-1,7.071067811865E-1,-2.344850586424E-3));
#5022=DIRECTION('',(7.071028932735E-1,7.071067811865E-1,2.344850586424E-3));
#5023=AXIS2_PLACEMENT_3D('',#5020,#5021,#5022);
#5024=PLANE('',#5023);
#5026=ORIENTED_EDGE('',*,*,#5025,.F.);
#5028=ORIENTED_EDGE('',*,*,#5027,.T.);
#5029=ORIENTED_EDGE('',*,*,#4990,.T.);
#5031=ORIENTED_EDGE('',*,*,#5030,.T.);
#5032=EDGE_LOOP('',(#5026,#5028,#5029,#5031));
#5033=FACE_OUTER_BOUND('',#5032,.F.);
#5035=CARTESIAN_POINT('',(-2.891047138963E0,1.89E-1,-3.2E0));
#5036=DIRECTION('',(9.999945016606E-1,0.E0,3.316119501059E-3));
#5037=DIRECTION('',(0.E0,-1.E0,0.E0));
#5038=AXIS2_PLACEMENT_3D('',#5035,#5036,#5037);
#5039=PLANE('',#5038);
#5040=ORIENTED_EDGE('',*,*,#5025,.T.);
#5042=ORIENTED_EDGE('',*,*,#5041,.F.);
#5044=ORIENTED_EDGE('',*,*,#5043,.F.);
#5046=ORIENTED_EDGE('',*,*,#5045,.F.);
#5047=EDGE_LOOP('',(#5040,#5042,#5044,#5046));
#5048=FACE_OUTER_BOUND('',#5047,.F.);
#5050=CARTESIAN_POINT('',(-2.771148502038E0,1.749492821504E1,-9.2E0));
#5051=DIRECTION('',(0.E0,-1.E0,0.E0));
#5052=DIRECTION('',(-9.999945016606E-1,0.E0,-3.316119501058E-3));
#5053=AXIS2_PLACEMENT_3D('',#5050,#5051,#5052);
#5054=CYLINDRICAL_SURFACE('',#5053,2.E-1);
#5055=ORIENTED_EDGE('',*,*,#4996,.T.);
#5057=ORIENTED_EDGE('',*,*,#5056,.F.);
#5058=ORIENTED_EDGE('',*,*,#5041,.T.);
#5059=ORIENTED_EDGE('',*,*,#5030,.F.);
#5060=ORIENTED_EDGE('',*,*,#5015,.T.);
#5061=ORIENTED_EDGE('',*,*,#4087,.T.);
#5062=ORIENTED_EDGE('',*,*,#4171,.F.);
#5064=ORIENTED_EDGE('',*,*,#5063,.T.);
#5065=EDGE_LOOP('',(#5055,#5057,#5058,#5059,#5060,#5061,#5062,#5064));
#5066=FACE_OUTER_BOUND('',#5065,.F.);
#5068=CARTESIAN_POINT('',(-2.931098450836E0,1.339E0,-6.200165808065E0));
#5069=DIRECTION('',(-7.071028932735E-1,-7.071067811865E-1,-2.344850586424E-3));
#5070=DIRECTION('',(-7.071028932735E-1,7.071067811865E-1,-2.344850586424E-3));
#5071=AXIS2_PLACEMENT_3D('',#5068,#5069,#5070);
#5072=PLANE('',#5071);
#5073=ORIENTED_EDGE('',*,*,#4994,.F.);
#5075=ORIENTED_EDGE('',*,*,#5074,.T.);
#5076=ORIENTED_EDGE('',*,*,#5043,.T.);
#5077=ORIENTED_EDGE('',*,*,#5056,.T.);
#5078=EDGE_LOOP('',(#5073,#5075,#5076,#5077));
#5079=FACE_OUTER_BOUND('',#5078,.F.);
#5081=CARTESIAN_POINT('',(-3.E0,0.E0,-3.2E0));
#5082=DIRECTION('',(0.E0,0.E0,1.E0));
#5083=DIRECTION('',(1.E0,0.E0,0.E0));
#5084=AXIS2_PLACEMENT_3D('',#5081,#5082,#5083);
#5085=PLANE('',#5084);
#5086=ORIENTED_EDGE('',*,*,#5027,.F.);
#5087=ORIENTED_EDGE('',*,*,#5045,.T.);
#5088=ORIENTED_EDGE('',*,*,#5074,.F.);
#5089=ORIENTED_EDGE('',*,*,#4992,.F.);
#5090=EDGE_LOOP('',(#5086,#5087,#5088,#5089));
#5091=FACE_OUTER_BOUND('',#5090,.F.);
#5093=CARTESIAN_POINT('',(-3.E0,0.E0,-3.2E0));
#5094=DIRECTION('',(0.E0,0.E0,1.E0));
#5095=DIRECTION('',(1.E0,0.E0,0.E0));
#5096=AXIS2_PLACEMENT_3D('',#5093,#5094,#5095);
#5097=PLANE('',#5096);
#5099=ORIENTED_EDGE('',*,*,#5098,.F.);
#5101=ORIENTED_EDGE('',*,*,#5100,.T.);
#5103=ORIENTED_EDGE('',*,*,#5102,.F.);
#5105=ORIENTED_EDGE('',*,*,#5104,.T.);
#5106=EDGE_LOOP('',(#5099,#5101,#5103,#5105));
#5107=FACE_OUTER_BOUND('',#5106,.F.);
#5109=CARTESIAN_POINT('',(2.931095950850E0,2.39E-1,-6.200165803920E0));
#5110=DIRECTION('',(7.071028932735E-1,7.071067811865E-1,-2.344850586424E-3));
#5111=DIRECTION('',(7.071028932735E-1,-7.071067811865E-1,-2.344850586424E-3));
#5112=AXIS2_PLACEMENT_3D('',#5109,#5110,#5111);
#5113=PLANE('',#5112);
#5115=ORIENTED_EDGE('',*,*,#5114,.F.);
#5116=ORIENTED_EDGE('',*,*,#5098,.T.);
#5118=ORIENTED_EDGE('',*,*,#5117,.T.);
#5120=ORIENTED_EDGE('',*,*,#5119,.T.);
#5121=EDGE_LOOP('',(#5115,#5116,#5118,#5120));
#5122=FACE_OUTER_BOUND('',#5121,.F.);
#5124=CARTESIAN_POINT('',(2.969823146618E0,5.85E0,-9.6E0));
#5125=DIRECTION('',(-9.999945016606E-1,0.E0,3.316119501059E-3));
#5126=DIRECTION('',(3.316119501059E-3,0.E0,9.999945016606E-1));
#5127=AXIS2_PLACEMENT_3D('',#5124,#5125,#5126);
#5128=PLANE('',#5127);
#5129=ORIENTED_EDGE('',*,*,#5114,.T.);
#5131=ORIENTED_EDGE('',*,*,#5130,.F.);
#5132=ORIENTED_EDGE('',*,*,#4132,.T.);
#5134=ORIENTED_EDGE('',*,*,#5133,.T.);
#5136=ORIENTED_EDGE('',*,*,#5135,.T.);
#5138=ORIENTED_EDGE('',*,*,#5137,.T.);
#5140=ORIENTED_EDGE('',*,*,#5139,.F.);
#5142=ORIENTED_EDGE('',*,*,#5141,.F.);
#5144=ORIENTED_EDGE('',*,*,#5143,.F.);
#5146=ORIENTED_EDGE('',*,*,#5145,.F.);
#5148=ORIENTED_EDGE('',*,*,#5147,.T.);
#5150=ORIENTED_EDGE('',*,*,#5149,.T.);
#5152=ORIENTED_EDGE('',*,*,#5151,.F.);
#5154=ORIENTED_EDGE('',*,*,#5153,.F.);
#5156=ORIENTED_EDGE('',*,*,#5155,.F.);
#5157=ORIENTED_EDGE('',*,*,#5100,.F.);
#5158=EDGE_LOOP('',(#5129,#5131,#5132,#5134,#5136,#5138,#5140,#5142,#5144,#5146,
#5148,#5150,#5152,#5154,#5156,#5157));
#5159=FACE_OUTER_BOUND('',#5158,.F.);
#5161=CARTESIAN_POINT('',(2.771148502038E0,-1.749492821504E1,-9.2E0));
#5162=DIRECTION('',(0.E0,1.E0,0.E0));
#5163=DIRECTION('',(9.999945016606E-1,0.E0,-3.316119501058E-3));
#5164=AXIS2_PLACEMENT_3D('',#5161,#5162,#5163);
#5165=CYLINDRICAL_SURFACE('',#5164,2.E-1);
#5167=ORIENTED_EDGE('',*,*,#5166,.T.);
#5169=ORIENTED_EDGE('',*,*,#5168,.F.);
#5170=ORIENTED_EDGE('',*,*,#5153,.T.);
#5172=ORIENTED_EDGE('',*,*,#5171,.T.);
#5173=ORIENTED_EDGE('',*,*,#4153,.F.);
#5174=ORIENTED_EDGE('',*,*,#4134,.T.);
#5175=ORIENTED_EDGE('',*,*,#5130,.T.);
#5176=ORIENTED_EDGE('',*,*,#5119,.F.);
#5177=EDGE_LOOP('',(#5167,#5169,#5170,#5172,#5173,#5174,#5175,#5176));
#5178=FACE_OUTER_BOUND('',#5177,.F.);
#5180=CARTESIAN_POINT('',(2.891044638963E0,1.389E0,-3.2E0));
#5181=DIRECTION('',(-9.999945016606E-1,0.E0,3.316119501059E-3));
#5182=DIRECTION('',(0.E0,1.E0,0.E0));
#5183=AXIS2_PLACEMENT_3D('',#5180,#5181,#5182);
#5184=PLANE('',#5183);
#5185=ORIENTED_EDGE('',*,*,#5117,.F.);
#5186=ORIENTED_EDGE('',*,*,#5104,.F.);
#5188=ORIENTED_EDGE('',*,*,#5187,.T.);
#5189=ORIENTED_EDGE('',*,*,#5166,.F.);
#5190=EDGE_LOOP('',(#5185,#5186,#5188,#5189));
#5191=FACE_OUTER_BOUND('',#5190,.F.);
#5193=CARTESIAN_POINT('',(2.931095950850E0,1.339E0,-6.200165803920E0));
#5194=DIRECTION('',(7.071028932735E-1,-7.071067811865E-1,-2.344850586424E-3));
#5195=DIRECTION('',(-7.071028932735E-1,-7.071067811865E-1,2.344850586424E-3));
#5196=AXIS2_PLACEMENT_3D('',#5193,#5194,#5195);
#5197=PLANE('',#5196);
#5198=ORIENTED_EDGE('',*,*,#5187,.F.);
#5199=ORIENTED_EDGE('',*,*,#5102,.T.);
#5200=ORIENTED_EDGE('',*,*,#5155,.T.);
#5201=ORIENTED_EDGE('',*,*,#5168,.T.);
#5202=EDGE_LOOP('',(#5198,#5199,#5200,#5201));
#5203=FACE_OUTER_BOUND('',#5202,.F.);
#5205=CARTESIAN_POINT('',(-3.E0,3.85E0,-9.4E0));
#5206=DIRECTION('',(0.E0,1.E0,0.E0));
#5207=DIRECTION('',(0.E0,0.E0,-1.E0));
#5208=AXIS2_PLACEMENT_3D('',#5205,#5206,#5207);
#5209=PLANE('',#5208);
#5210=ORIENTED_EDGE('',*,*,#3916,.T.);
#5211=ORIENTED_EDGE('',*,*,#4535,.F.);
#5213=ORIENTED_EDGE('',*,*,#5212,.F.);
#5214=ORIENTED_EDGE('',*,*,#4821,.F.);
#5216=ORIENTED_EDGE('',*,*,#5215,.F.);
#5217=ORIENTED_EDGE('',*,*,#4998,.F.);
#5218=ORIENTED_EDGE('',*,*,#5063,.F.);
#5219=ORIENTED_EDGE('',*,*,#4169,.T.);
#5220=EDGE_LOOP('',(#5210,#5211,#5213,#5214,#5216,#5217,#5218,#5219));
#5221=FACE_OUTER_BOUND('',#5220,.F.);
#5223=CARTESIAN_POINT('',(-3.E0,3.85E0,-9.4E0));
#5224=DIRECTION('',(0.E0,1.E0,0.E0));
#5225=DIRECTION('',(0.E0,0.E0,-1.E0));
#5226=AXIS2_PLACEMENT_3D('',#5223,#5224,#5225);
#5227=PLANE('',#5226);
#5228=ORIENTED_EDGE('',*,*,#4256,.T.);
#5229=ORIENTED_EDGE('',*,*,#4566,.F.);
#5230=ORIENTED_EDGE('',*,*,#3999,.T.);
#5231=ORIENTED_EDGE('',*,*,#4163,.T.);
#5232=EDGE_LOOP('',(#5228,#5229,#5230,#5231));
#5233=FACE_OUTER_BOUND('',#5232,.F.);
#5235=CARTESIAN_POINT('',(-3.E0,3.85E0,-9.4E0));
#5236=DIRECTION('',(0.E0,1.E0,0.E0));
#5237=DIRECTION('',(0.E0,0.E0,-1.E0));
#5238=AXIS2_PLACEMENT_3D('',#5235,#5236,#5237);
#5239=PLANE('',#5238);
#5240=ORIENTED_EDGE('',*,*,#4336,.T.);
#5241=ORIENTED_EDGE('',*,*,#4155,.T.);
#5242=ORIENTED_EDGE('',*,*,#5171,.F.);
#5243=ORIENTED_EDGE('',*,*,#5151,.T.);
#5245=ORIENTED_EDGE('',*,*,#5244,.F.);
#5246=ORIENTED_EDGE('',*,*,#4846,.F.);
#5248=ORIENTED_EDGE('',*,*,#5247,.T.);
#5249=ORIENTED_EDGE('',*,*,#4589,.F.);
#5250=EDGE_LOOP('',(#5240,#5241,#5242,#5243,#5245,#5246,#5248,#5249));
#5251=FACE_OUTER_BOUND('',#5250,.F.);
#5253=CARTESIAN_POINT('',(-1.E0,-4.15E0,-9.6E0));
#5254=DIRECTION('',(-1.E0,0.E0,0.E0));
#5255=DIRECTION('',(0.E0,1.E0,0.E0));
#5256=AXIS2_PLACEMENT_3D('',#5253,#5254,#5255);
#5257=PLANE('',#5256);
#5258=ORIENTED_EDGE('',*,*,#4804,.F.);
#5260=ORIENTED_EDGE('',*,*,#5259,.T.);
#5261=ORIENTED_EDGE('',*,*,#4547,.T.);
#5262=ORIENTED_EDGE('',*,*,#4095,.F.);
#5263=EDGE_LOOP('',(#5258,#5260,#5261,#5262));
#5264=FACE_OUTER_BOUND('',#5263,.F.);
#5266=CARTESIAN_POINT('',(-1.E0,-4.15E0,-9.6E0));
#5267=DIRECTION('',(-1.E0,0.E0,0.E0));
#5268=DIRECTION('',(0.E0,1.E0,0.E0));
#5269=AXIS2_PLACEMENT_3D('',#5266,#5267,#5268);
#5270=PLANE('',#5269);
#5271=ORIENTED_EDGE('',*,*,#4823,.F.);
#5272=ORIENTED_EDGE('',*,*,#5212,.T.);
#5273=ORIENTED_EDGE('',*,*,#4533,.T.);
#5275=ORIENTED_EDGE('',*,*,#5274,.F.);
#5276=EDGE_LOOP('',(#5271,#5272,#5273,#5275));
#5277=FACE_OUTER_BOUND('',#5276,.F.);
#5279=CARTESIAN_POINT('',(-1.1E0,-4.15E0,-9.6E0));
#5280=DIRECTION('',(0.E0,1.E0,0.E0));
#5281=DIRECTION('',(1.E0,0.E0,0.E0));
#5282=AXIS2_PLACEMENT_3D('',#5279,#5280,#5281);
#5283=PLANE('',#5282);
#5284=ORIENTED_EDGE('',*,*,#4802,.F.);
#5286=ORIENTED_EDGE('',*,*,#5285,.T.);
#5287=ORIENTED_EDGE('',*,*,#4549,.T.);
#5288=ORIENTED_EDGE('',*,*,#5259,.F.);
#5289=EDGE_LOOP('',(#5284,#5286,#5287,#5288));
#5290=FACE_OUTER_BOUND('',#5289,.F.);
#5292=CARTESIAN_POINT('',(-1.1E0,-4.85E0,-9.6E0));
#5293=DIRECTION('',(-1.E0,0.E0,0.E0));
#5294=DIRECTION('',(0.E0,1.E0,0.E0));
#5295=AXIS2_PLACEMENT_3D('',#5292,#5293,#5294);
#5296=PLANE('',#5295);
#5297=ORIENTED_EDGE('',*,*,#4945,.T.);
#5298=ORIENTED_EDGE('',*,*,#4966,.T.);
#5299=ORIENTED_EDGE('',*,*,#4508,.F.);
#5300=ORIENTED_EDGE('',*,*,#4551,.T.);
#5301=ORIENTED_EDGE('',*,*,#5285,.F.);
#5302=ORIENTED_EDGE('',*,*,#4800,.F.);
#5303=EDGE_LOOP('',(#5297,#5298,#5299,#5300,#5301,#5302));
#5304=FACE_OUTER_BOUND('',#5303,.F.);
#5306=CARTESIAN_POINT('',(-1.E0,4.15E0,-9.6E0));
#5307=DIRECTION('',(0.E0,-1.E0,0.E0));
#5308=DIRECTION('',(-1.E0,0.E0,0.E0));
#5309=AXIS2_PLACEMENT_3D('',#5306,#5307,#5308);
#5310=PLANE('',#5309);
#5311=ORIENTED_EDGE('',*,*,#4825,.F.);
#5312=ORIENTED_EDGE('',*,*,#5274,.T.);
#5313=ORIENTED_EDGE('',*,*,#4531,.T.);
#5315=ORIENTED_EDGE('',*,*,#5314,.F.);
#5316=EDGE_LOOP('',(#5311,#5312,#5313,#5315));
#5317=FACE_OUTER_BOUND('',#5316,.F.);
#5319=CARTESIAN_POINT('',(-1.1E0,4.15E0,-9.6E0));
#5320=DIRECTION('',(-1.E0,0.E0,0.E0));
#5321=DIRECTION('',(0.E0,1.E0,0.E0));
#5322=AXIS2_PLACEMENT_3D('',#5319,#5320,#5321);
#5323=PLANE('',#5322);
#5324=ORIENTED_EDGE('',*,*,#4529,.T.);
#5325=ORIENTED_EDGE('',*,*,#4633,.F.);
#5327=ORIENTED_EDGE('',*,*,#5326,.F.);
#5329=ORIENTED_EDGE('',*,*,#5328,.T.);
#5330=ORIENTED_EDGE('',*,*,#4827,.T.);
#5331=ORIENTED_EDGE('',*,*,#5314,.T.);
#5332=EDGE_LOOP('',(#5324,#5325,#5327,#5329,#5330,#5331));
#5333=FACE_OUTER_BOUND('',#5332,.F.);
#5335=CARTESIAN_POINT('',(-3.E0,4.819823146618E0,-9.6E0));
#5336=DIRECTION('',(0.E0,9.999945016606E-1,-3.316119501059E-3));
#5337=DIRECTION('',(0.E0,3.316119501059E-3,9.999945016606E-1));
#5338=AXIS2_PLACEMENT_3D('',#5335,#5336,#5337);
#5339=PLANE('',#5338);
#5341=ORIENTED_EDGE('',*,*,#5340,.F.);
#5343=ORIENTED_EDGE('',*,*,#5342,.F.);
#5344=ORIENTED_EDGE('',*,*,#5326,.T.);
#5345=ORIENTED_EDGE('',*,*,#4631,.F.);
#5346=ORIENTED_EDGE('',*,*,#4702,.F.);
#5347=ORIENTED_EDGE('',*,*,#4720,.F.);
#5349=ORIENTED_EDGE('',*,*,#5348,.F.);
#5351=ORIENTED_EDGE('',*,*,#5350,.F.);
#5352=EDGE_LOOP('',(#5341,#5343,#5344,#5345,#5346,#5347,#5349,#5351));
#5353=FACE_OUTER_BOUND('',#5352,.F.);
#5355=CARTESIAN_POINT('',(-2.428320392789E0,4.278320392789E0,-2.211456E1));
#5356=DIRECTION('',(-3.316101268109E-3,3.316101268109E-3,9.999890034119E-1));
#5357=DIRECTION('',(0.E0,9.999945016606E-1,-3.316119501059E-3));
#5358=AXIS2_PLACEMENT_3D('',#5355,#5356,#5357);
#5359=CYLINDRICAL_SURFACE('',#5358,5.E-1);
#5360=ORIENTED_EDGE('',*,*,#5340,.T.);
#5362=ORIENTED_EDGE('',*,*,#5361,.T.);
#5363=ORIENTED_EDGE('',*,*,#5002,.F.);
#5365=ORIENTED_EDGE('',*,*,#5364,.T.);
#5366=EDGE_LOOP('',(#5360,#5362,#5363,#5365));
#5367=FACE_OUTER_BOUND('',#5366,.F.);
#5369=CARTESIAN_POINT('',(-2.5E0,4.35E0,-5.161184E-1));
#5370=DIRECTION('',(0.E0,0.E0,1.E0));
#5371=DIRECTION('',(0.E0,1.E0,0.E0));
#5372=AXIS2_PLACEMENT_3D('',#5369,#5370,#5371);
#5373=CYLINDRICAL_SURFACE('',#5372,5.E-1);
#5374=ORIENTED_EDGE('',*,*,#3421,.F.);
#5375=ORIENTED_EDGE('',*,*,#5361,.F.);
#5377=ORIENTED_EDGE('',*,*,#5376,.T.);
#5379=ORIENTED_EDGE('',*,*,#5378,.T.);
#5380=EDGE_LOOP('',(#5374,#5375,#5377,#5379));
#5381=FACE_OUTER_BOUND('',#5380,.F.);
#5383=CARTESIAN_POINT('',(-3.E0,4.85E0,-5.E-1));
#5384=DIRECTION('',(0.E0,1.E0,0.E0));
#5385=DIRECTION('',(0.E0,0.E0,1.E0));
#5386=AXIS2_PLACEMENT_3D('',#5383,#5384,#5385);
#5387=PLANE('',#5386);
#5388=ORIENTED_EDGE('',*,*,#5376,.F.);
#5389=ORIENTED_EDGE('',*,*,#5350,.T.);
#5391=ORIENTED_EDGE('',*,*,#5390,.F.);
#5393=ORIENTED_EDGE('',*,*,#5392,.T.);
#5394=EDGE_LOOP('',(#5388,#5389,#5391,#5393));
#5395=FACE_OUTER_BOUND('',#5394,.F.);
#5397=CARTESIAN_POINT('',(2.5E0,4.35E0,1.251456E1));
#5398=DIRECTION('',(0.E0,0.E0,-1.E0));
#5399=DIRECTION('',(0.E0,1.E0,0.E0));
#5400=AXIS2_PLACEMENT_3D('',#5397,#5398,#5399);
#5401=CYLINDRICAL_SURFACE('',#5400,5.E-1);
#5402=ORIENTED_EDGE('',*,*,#5390,.T.);
#5404=ORIENTED_EDGE('',*,*,#5403,.T.);
#5406=ORIENTED_EDGE('',*,*,#5405,.F.);
#5408=ORIENTED_EDGE('',*,*,#5407,.T.);
#5409=EDGE_LOOP('',(#5402,#5404,#5406,#5408));
#5410=FACE_OUTER_BOUND('',#5409,.F.);
#5412=CARTESIAN_POINT('',(2.500051778660E0,4.350051778660E0,
-4.835568215434E-1));
#5413=DIRECTION('',(-3.316101268109E-3,-3.316101268109E-3,-9.999890034119E-1));
#5414=DIRECTION('',(0.E0,9.999945016606E-1,-3.316119501059E-3));
#5415=AXIS2_PLACEMENT_3D('',#5412,#5413,#5414);
#5416=CYLINDRICAL_SURFACE('',#5415,5.E-1);
#5417=ORIENTED_EDGE('',*,*,#5147,.F.);
#5418=ORIENTED_EDGE('',*,*,#5403,.F.);
#5419=ORIENTED_EDGE('',*,*,#5348,.T.);
#5420=ORIENTED_EDGE('',*,*,#4786,.T.);
#5421=EDGE_LOOP('',(#5417,#5418,#5419,#5420));
#5422=FACE_OUTER_BOUND('',#5421,.F.);
#5424=CARTESIAN_POINT('',(3.E0,0.E0,0.E0));
#5425=DIRECTION('',(1.E0,0.E0,0.E0));
#5426=DIRECTION('',(0.E0,-1.E0,0.E0));
#5427=AXIS2_PLACEMENT_3D('',#5424,#5425,#5426);
#5428=PLANE('',#5427);
#5429=ORIENTED_EDGE('',*,*,#5405,.T.);
#5430=ORIENTED_EDGE('',*,*,#5145,.T.);
#5432=ORIENTED_EDGE('',*,*,#5431,.T.);
#5434=ORIENTED_EDGE('',*,*,#5433,.F.);
#5435=EDGE_LOOP('',(#5429,#5430,#5432,#5434));
#5436=FACE_OUTER_BOUND('',#5435,.F.);
#5438=CARTESIAN_POINT('',(3.E0,0.E0,0.E0));
#5439=DIRECTION('',(1.E0,0.E0,0.E0));
#5440=DIRECTION('',(0.E0,-1.E0,0.E0));
#5441=AXIS2_PLACEMENT_3D('',#5438,#5439,#5440);
#5442=PLANE('',#5441);
#5444=ORIENTED_EDGE('',*,*,#5443,.T.);
#5446=ORIENTED_EDGE('',*,*,#5445,.F.);
#5448=ORIENTED_EDGE('',*,*,#5447,.T.);
#5449=ORIENTED_EDGE('',*,*,#5137,.F.);
#5450=EDGE_LOOP('',(#5444,#5446,#5448,#5449));
#5451=FACE_OUTER_BOUND('',#5450,.F.);
#5453=CARTESIAN_POINT('',(-3.E0,3.805401142842E0,0.E0));
#5454=DIRECTION('',(0.E0,9.998476951564E-1,-1.745240643728E-2));
#5455=DIRECTION('',(0.E0,-1.745240643728E-2,-9.998476951564E-1));
#5456=AXIS2_PLACEMENT_3D('',#5453,#5454,#5455);
#5457=PLANE('',#5456);
#5459=ORIENTED_EDGE('',*,*,#5458,.F.);
#5461=ORIENTED_EDGE('',*,*,#5460,.F.);
#5462=ORIENTED_EDGE('',*,*,#5005,.T.);
#5463=ORIENTED_EDGE('',*,*,#3425,.F.);
#5465=ORIENTED_EDGE('',*,*,#5464,.F.);
#5467=ORIENTED_EDGE('',*,*,#5466,.T.);
#5468=ORIENTED_EDGE('',*,*,#3553,.T.);
#5469=EDGE_LOOP('',(#5459,#5461,#5462,#5463,#5465,#5467,#5468));
#5470=FACE_OUTER_BOUND('',#5469,.F.);
#5472=CARTESIAN_POINT('',(-3.E0,3.805401142842E0,0.E0));
#5473=DIRECTION('',(0.E0,9.998476951564E-1,-1.745240643728E-2));
#5474=DIRECTION('',(0.E0,-1.745240643728E-2,-9.998476951564E-1));
#5475=AXIS2_PLACEMENT_3D('',#5472,#5473,#5474);
#5476=PLANE('',#5475);
#5477=ORIENTED_EDGE('',*,*,#5143,.T.);
#5479=ORIENTED_EDGE('',*,*,#5478,.F.);
#5481=ORIENTED_EDGE('',*,*,#5480,.F.);
#5483=ORIENTED_EDGE('',*,*,#5482,.F.);
#5485=ORIENTED_EDGE('',*,*,#5484,.T.);
#5487=ORIENTED_EDGE('',*,*,#5486,.F.);
#5488=ORIENTED_EDGE('',*,*,#5431,.F.);
#5489=EDGE_LOOP('',(#5477,#5479,#5481,#5483,#5485,#5487,#5488));
#5490=FACE_OUTER_BOUND('',#5489,.F.);
#5492=CARTESIAN_POINT('',(-3.E0,3.767E0,-2.2E0));
#5493=DIRECTION('',(0.E0,0.E0,-1.E0));
#5494=DIRECTION('',(0.E0,-1.E0,0.E0));
#5495=AXIS2_PLACEMENT_3D('',#5492,#5493,#5494);
#5496=PLANE('',#5495);
#5498=ORIENTED_EDGE('',*,*,#5497,.T.);
#5499=ORIENTED_EDGE('',*,*,#5458,.T.);
#5500=ORIENTED_EDGE('',*,*,#3551,.T.);
#5501=ORIENTED_EDGE('',*,*,#3520,.F.);
#5502=EDGE_LOOP('',(#5498,#5499,#5500,#5501));
#5503=FACE_OUTER_BOUND('',#5502,.F.);
#5505=CARTESIAN_POINT('',(-3.E0,3.767E0,-2.2E0));
#5506=DIRECTION('',(0.E0,0.E0,-1.E0));
#5507=DIRECTION('',(0.E0,-1.E0,0.E0));
#5508=AXIS2_PLACEMENT_3D('',#5505,#5506,#5507);
#5509=PLANE('',#5508);
#5511=ORIENTED_EDGE('',*,*,#5510,.F.);
#5513=ORIENTED_EDGE('',*,*,#5512,.F.);
#5515=ORIENTED_EDGE('',*,*,#5514,.F.);
#5517=ORIENTED_EDGE('',*,*,#5516,.F.);
#5519=ORIENTED_EDGE('',*,*,#5518,.F.);
#5520=ORIENTED_EDGE('',*,*,#5480,.T.);
#5522=ORIENTED_EDGE('',*,*,#5521,.T.);
#5524=ORIENTED_EDGE('',*,*,#5523,.T.);
#5525=EDGE_LOOP('',(#5511,#5513,#5515,#5517,#5519,#5520,#5522,#5524));
#5526=FACE_OUTER_BOUND('',#5525,.F.);
#5528=CARTESIAN_POINT('',(-2.793698238631E0,-1.749492821504E1,-2.4E0));
#5529=DIRECTION('',(0.E0,1.E0,0.E0));
#5530=DIRECTION('',(-9.999945016606E-1,0.E0,-3.316119501056E-3));
#5531=AXIS2_PLACEMENT_3D('',#5528,#5529,#5530);
#5532=CYLINDRICAL_SURFACE('',#5531,2.E-1);
#5533=ORIENTED_EDGE('',*,*,#5497,.F.);
#5534=ORIENTED_EDGE('',*,*,#3518,.T.);
#5535=ORIENTED_EDGE('',*,*,#5007,.T.);
#5536=ORIENTED_EDGE('',*,*,#5460,.T.);
#5537=EDGE_LOOP('',(#5533,#5534,#5535,#5536));
#5538=FACE_OUTER_BOUND('',#5537,.F.);
#5540=CARTESIAN_POINT('',(2.38E0,-3.872631246257E0,-6.28E0));
#5541=DIRECTION('',(9.999904807207E-1,0.E0,-4.363309284746E-3));
#5542=DIRECTION('',(4.363309284746E-3,0.E0,9.999904807207E-1));
#5543=AXIS2_PLACEMENT_3D('',#5540,#5541,#5542);
#5544=PLANE('',#5543);
#5546=ORIENTED_EDGE('',*,*,#5545,.T.);
#5547=ORIENTED_EDGE('',*,*,#5510,.T.);
#5549=ORIENTED_EDGE('',*,*,#5548,.T.);
#5551=ORIENTED_EDGE('',*,*,#5550,.F.);
#5553=ORIENTED_EDGE('',*,*,#5552,.F.);
#5555=ORIENTED_EDGE('',*,*,#5554,.F.);
#5556=EDGE_LOOP('',(#5546,#5547,#5549,#5551,#5553,#5555));
#5557=FACE_OUTER_BOUND('',#5556,.F.);
#5559=CARTESIAN_POINT('',(2.38E0,-3.872631246257E0,-6.28E0));
#5560=DIRECTION('',(9.999904807207E-1,0.E0,-4.363309284746E-3));
#5561=DIRECTION('',(4.363309284746E-3,0.E0,9.999904807207E-1));
#5562=AXIS2_PLACEMENT_3D('',#5559,#5560,#5561);
#5563=PLANE('',#5562);
#5565=ORIENTED_EDGE('',*,*,#5564,.F.);
#5567=ORIENTED_EDGE('',*,*,#5566,.F.);
#5569=ORIENTED_EDGE('',*,*,#5568,.F.);
#5571=ORIENTED_EDGE('',*,*,#5570,.T.);
#5572=ORIENTED_EDGE('',*,*,#5482,.T.);
#5573=ORIENTED_EDGE('',*,*,#5518,.T.);
#5574=EDGE_LOOP('',(#5565,#5567,#5569,#5571,#5572,#5573));
#5575=FACE_OUTER_BOUND('',#5574,.F.);
#5577=CARTESIAN_POINT('',(1.87E0,-3.81E-1,-7.28E0));
#5578=DIRECTION('',(0.E0,-9.999904807207E-1,4.363309284747E-3));
#5579=DIRECTION('',(1.E0,0.E0,0.E0));
#5580=AXIS2_PLACEMENT_3D('',#5577,#5578,#5579);
#5581=PLANE('',#5580);
#5582=ORIENTED_EDGE('',*,*,#5512,.T.);
#5583=ORIENTED_EDGE('',*,*,#5545,.F.);
#5585=ORIENTED_EDGE('',*,*,#5584,.T.);
#5586=ORIENTED_EDGE('',*,*,#3601,.T.);
#5588=ORIENTED_EDGE('',*,*,#5587,.T.);
#5589=EDGE_LOOP('',(#5582,#5583,#5585,#5586,#5588));
#5590=FACE_OUTER_BOUND('',#5589,.F.);
#5592=CARTESIAN_POINT('',(2.38E0,-3.871176795983E0,0.E0));
#5593=DIRECTION('',(-1.E0,0.E0,0.E0));
#5594=DIRECTION('',(0.E0,0.E0,-1.E0));
#5595=AXIS2_PLACEMENT_3D('',#5592,#5593,#5594);
#5596=PLANE('',#5595);
#5597=ORIENTED_EDGE('',*,*,#5584,.F.);
#5598=ORIENTED_EDGE('',*,*,#5554,.T.);
#5600=ORIENTED_EDGE('',*,*,#5599,.F.);
#5601=ORIENTED_EDGE('',*,*,#3603,.F.);
#5602=EDGE_LOOP('',(#5597,#5598,#5600,#5601));
#5603=FACE_OUTER_BOUND('',#5602,.F.);
#5605=CARTESIAN_POINT('',(2.38E0,-3.871176795983E0,0.E0));
#5606=DIRECTION('',(-1.E0,0.E0,0.E0));
#5607=DIRECTION('',(0.E0,0.E0,-1.E0));
#5608=AXIS2_PLACEMENT_3D('',#5605,#5606,#5607);
#5609=PLANE('',#5608);
#5611=ORIENTED_EDGE('',*,*,#5610,.T.);
#5612=ORIENTED_EDGE('',*,*,#3646,.F.);
#5614=ORIENTED_EDGE('',*,*,#5613,.F.);
#5615=ORIENTED_EDGE('',*,*,#5566,.T.);
#5616=EDGE_LOOP('',(#5611,#5612,#5614,#5615));
#5617=FACE_OUTER_BOUND('',#5616,.F.);
#5619=CARTESIAN_POINT('',(2.13E0,-3.535269230607E0,-2.211456E1));
#5620=DIRECTION('',(0.E0,-4.363309284747E-3,9.999904807207E-1));
#5621=DIRECTION('',(0.E0,-9.999904807207E-1,-4.363309284747E-3));
#5622=AXIS2_PLACEMENT_3D('',#5619,#5620,#5621);
#5623=CYLINDRICAL_SURFACE('',#5622,2.5E-1);
#5624=ORIENTED_EDGE('',*,*,#3605,.T.);
#5625=ORIENTED_EDGE('',*,*,#5599,.T.);
#5627=ORIENTED_EDGE('',*,*,#5626,.F.);
#5629=ORIENTED_EDGE('',*,*,#5628,.F.);
#5630=EDGE_LOOP('',(#5624,#5625,#5627,#5629));
#5631=FACE_OUTER_BOUND('',#5630,.F.);
#5633=CARTESIAN_POINT('',(2.129935286086E0,-3.604298636906E0,
-6.294285826303E0));
#5634=DIRECTION('',(4.363267749977E-3,-4.363267749978E-3,9.999809617133E-1));
#5635=DIRECTION('',(0.E0,-9.999904807207E-1,-4.363309284747E-3));
#5636=AXIS2_PLACEMENT_3D('',#5633,#5634,#5635);
#5637=CYLINDRICAL_SURFACE('',#5636,2.5E-1);
#5639=ORIENTED_EDGE('',*,*,#5638,.F.);
#5640=ORIENTED_EDGE('',*,*,#5626,.T.);
#5641=ORIENTED_EDGE('',*,*,#5552,.T.);
#5643=ORIENTED_EDGE('',*,*,#5642,.F.);
#5644=EDGE_LOOP('',(#5639,#5640,#5641,#5643));
#5645=FACE_OUTER_BOUND('',#5644,.F.);
#5647=CARTESIAN_POINT('',(2.38E0,-3.85E0,-7.28E0));
#5648=DIRECTION('',(0.E0,-9.999904807207E-1,-4.363309284747E-3));
#5649=DIRECTION('',(1.E0,0.E0,0.E0));
#5650=AXIS2_PLACEMENT_3D('',#5647,#5648,#5649);
#5651=PLANE('',#5650);
#5652=ORIENTED_EDGE('',*,*,#5638,.T.);
#5654=ORIENTED_EDGE('',*,*,#5653,.F.);
#5656=ORIENTED_EDGE('',*,*,#5655,.T.);
#5657=ORIENTED_EDGE('',*,*,#3607,.T.);
#5658=ORIENTED_EDGE('',*,*,#5628,.T.);
#5659=EDGE_LOOP('',(#5652,#5654,#5656,#5657,#5658));
#5660=FACE_OUTER_BOUND('',#5659,.F.);
#5662=CARTESIAN_POINT('',(2.38E0,-3.85E0,-7.28E0));
#5663=DIRECTION('',(0.E0,-9.999904807207E-1,-4.363309284747E-3));
#5664=DIRECTION('',(1.E0,0.E0,0.E0));
#5665=AXIS2_PLACEMENT_3D('',#5662,#5663,#5664);
#5666=PLANE('',#5665);
#5667=ORIENTED_EDGE('',*,*,#3572,.T.);
#5668=ORIENTED_EDGE('',*,*,#3586,.T.);
#5669=ORIENTED_EDGE('',*,*,#3627,.T.);
#5671=ORIENTED_EDGE('',*,*,#5670,.F.);
#5673=ORIENTED_EDGE('',*,*,#5672,.F.);
#5674=EDGE_LOOP('',(#5667,#5668,#5669,#5671,#5673));
#5675=FACE_OUTER_BOUND('',#5674,.F.);
#5677=CARTESIAN_POINT('',(1.970318324590E0,-3.956437945778E0,
-7.499928605406E-2));
#5678=DIRECTION('',(0.E0,7.055624319347E-1,7.086477648609E-1));
#5679=DIRECTION('',(0.E0,-7.086477648609E-1,7.055624319347E-1));
#5680=AXIS2_PLACEMENT_3D('',#5677,#5678,#5679);
#5681=PLANE('',#5680);
#5682=ORIENTED_EDGE('',*,*,#5653,.T.);
#5684=ORIENTED_EDGE('',*,*,#5683,.T.);
#5686=ORIENTED_EDGE('',*,*,#5685,.F.);
#5688=ORIENTED_EDGE('',*,*,#5687,.F.);
#5689=EDGE_LOOP('',(#5682,#5684,#5686,#5688));
#5690=FACE_OUTER_BOUND('',#5689,.F.);
#5692=CARTESIAN_POINT('',(2.150873712918E0,-3.872534901047E0,
-1.584827627405E-1));
#5693=CARTESIAN_POINT('',(2.152831701376E0,-3.872582668465E0,
-1.584769951340E-1));
#5694=CARTESIAN_POINT('',(2.170563830566E0,-3.872798938469E0,
-1.584253840194E-1));
#5695=CARTESIAN_POINT('',(2.204117861370E0,-3.869512185743E0,
-1.583383496780E-1));
#5696=CARTESIAN_POINT('',(2.249896035978E0,-3.855615438176E0,
-1.582466737820E-1));
#5697=CARTESIAN_POINT('',(2.291915853855E0,-3.833119755434E0,
-1.581905316158E-1));
#5698=CARTESIAN_POINT('',(2.328831704037E0,-3.802768042189E0,
-1.581716562653E-1));
#5699=CARTESIAN_POINT('',(2.359011976440E0,-3.765887663332E0,
-1.581909225997E-1));
#5700=CARTESIAN_POINT('',(2.381498935074E0,-3.723712307456E0,
-1.582475371060E-1));
#5701=CARTESIAN_POINT('',(2.395265042901E0,-3.677772520341E0,
-1.583400533810E-1));
#5702=CARTESIAN_POINT('',(2.398430632738E0,-3.644749612175E0,
-1.584259088726E-1));
#5703=CARTESIAN_POINT('',(2.398219648115E0,-3.627192784974E0,
-1.584770007032E-1));
#5704=CARTESIAN_POINT('',(2.398172671192E0,-3.625231461518E0,
-1.584827756264E-1));
#5705=CARTESIAN_POINT('',(2.149513888029E0,-3.928405929616E0,
-1.028325079282E-1));
#5706=CARTESIAN_POINT('',(2.151924994137E0,-3.928464736936E0,
-1.028287655815E-1));
#5707=CARTESIAN_POINT('',(2.173760685668E0,-3.928730925979E0,
-1.027952773948E-1));
#5708=CARTESIAN_POINT('',(2.215079682906E0,-3.924683316083E0,
-1.027388046312E-1));
#5709=CARTESIAN_POINT('',(2.271451844297E0,-3.907570284177E0,
-1.026793201665E-1));
#5710=CARTESIAN_POINT('',(2.323195940681E0,-3.879868400891E0,
-1.026428919792E-1));
#5711=CARTESIAN_POINT('',(2.368654985506E0,-3.842492502351E0,
-1.026306445929E-1));
#5712=CARTESIAN_POINT('',(2.405819768536E0,-3.797077138818E0,
-1.026431456716E-1));
#5713=CARTESIAN_POINT('',(2.433510909942E0,-3.745141510185E0,
-1.026798803395E-1));
#5714=CARTESIAN_POINT('',(2.450463070975E0,-3.688570337691E0,
-1.027399100892E-1));
#5715=CARTESIAN_POINT('',(2.454361474894E0,-3.647905373986E0,
-1.027956179490E-1));
#5716=CARTESIAN_POINT('',(2.454101793079E0,-3.626285553141E0,
-1.028287691951E-1));
#5717=CARTESIAN_POINT('',(2.454043959214E0,-3.623870340292E0,
-1.028325162893E-1));
#5718=CARTESIAN_POINT('',(2.148154063141E0,-3.984276958185E0,
-4.718225311591E-2));
#5719=CARTESIAN_POINT('',(2.151018286898E0,-3.984346805407E0,
-4.718053602906E-2));
#5720=CARTESIAN_POINT('',(2.176957540770E0,-3.984662913489E0,
-4.716517077020E-2));
#5721=CARTESIAN_POINT('',(2.226041504441E0,-3.979854446423E0,
-4.713925958432E-2));
#5722=CARTESIAN_POINT('',(2.293007652616E0,-3.959525130179E0,
-4.711196655096E-2));
#5723=CARTESIAN_POINT('',(2.354476027507E0,-3.926617046349E0,
-4.709525234272E-2));
#5724=CARTESIAN_POINT('',(2.408478266974E0,-3.882216962513E0,
-4.708963292047E-2));
#5725=CARTESIAN_POINT('',(2.452627560632E0,-3.828266614303E0,
-4.709536874341E-2));
#5726=CARTESIAN_POINT('',(2.485522884811E0,-3.766570712913E0,
-4.711222357306E-2));
#5727=CARTESIAN_POINT('',(2.505661099048E0,-3.699368155041E0,
-4.713976679748E-2));
#5728=CARTESIAN_POINT('',(2.510292317049E0,-3.651061135798E0,
-4.716532702542E-2));
#5729=CARTESIAN_POINT('',(2.509983938043E0,-3.625378321307E0,
-4.718053768706E-2));
#5730=CARTESIAN_POINT('',(2.509915247235E0,-3.622509219065E0,
-4.718225695220E-2));
#5731=CARTESIAN_POINT('',(2.146794238253E0,-4.040147986754E0,
8.468001696383E-3));
#5732=CARTESIAN_POINT('',(2.150111579658E0,-4.040228873878E0,
8.467693523428E-3));
#5733=CARTESIAN_POINT('',(2.180154395873E0,-4.040594900999E0,
8.464935854399E-3));
#5734=CARTESIAN_POINT('',(2.237003325977E0,-4.035025576764E0,
8.460285462537E-3));
#5735=CARTESIAN_POINT('',(2.314563460935E0,-4.011479976181E0,
8.455387064568E-3));
#5736=CARTESIAN_POINT('',(2.385756114333E0,-3.973365691807E0,
8.452387293800E-3));
#5737=CARTESIAN_POINT('',(2.448301548443E0,-3.921941422675E0,
8.451378751943E-3));
#5738=CARTESIAN_POINT('',(2.499435352728E0,-3.859456089788E0,
8.452408184732E-3));
#5739=CARTESIAN_POINT('',(2.537534859679E0,-3.787999915642E0,
8.455433193429E-3));
#5740=CARTESIAN_POINT('',(2.560859127122E0,-3.710165972391E0,
8.460376494262E-3));
#5741=CARTESIAN_POINT('',(2.566223159204E0,-3.654216897610E0,
8.464963898195E-3));
#5742=CARTESIAN_POINT('',(2.565866083007E0,-3.624471089473E0,
8.467693820997E-3));
#5743=CARTESIAN_POINT('',(2.565786535256E0,-3.621148097839E0,
8.468002384899E-3));
#5744=B_SPLINE_SURFACE_WITH_KNOTS('',3,3,((#5692,#5693,#5694,#5695,#5696,#5697,
#5698,#5699,#5700,#5701,#5702,#5703,#5704),(#5705,#5706,#5707,#5708,#5709,#5710,
#5711,#5712,#5713,#5714,#5715,#5716,#5717),(#5718,#5719,#5720,#5721,#5722,#5723,
#5724,#5725,#5726,#5727,#5728,#5729,#5730),(#5731,#5732,#5733,#5734,#5735,#5736,
#5737,#5738,#5739,#5740,#5741,#5742,#5743)),.UNSPECIFIED.,.F.,.F.,.F.,(4,4),(4,
1,1,1,1,1,1,1,1,1,4),(-5.644778978712E-2,1.056447789787E0),(-1.552353381809E-2,
0.E0,1.25E-1,2.5E-1,3.75E-1,5.E-1,6.25E-1,7.5E-1,8.75E-1,1.E0,1.015713519906E0),
.UNSPECIFIED.);
#5745=ORIENTED_EDGE('',*,*,#5642,.T.);
#5747=ORIENTED_EDGE('',*,*,#5746,.T.);
#5749=ORIENTED_EDGE('',*,*,#5748,.F.);
#5750=ORIENTED_EDGE('',*,*,#5683,.F.);
#5751=EDGE_LOOP('',(#5745,#5747,#5749,#5750));
#5752=FACE_OUTER_BOUND('',#5751,.F.);
#5754=CARTESIAN_POINT('',(2.482074594958E0,-2.602885437334E0,
-7.499928605406E-2));
#5755=DIRECTION('',(-7.055624319347E-1,0.E0,7.086477648609E-1));
#5756=DIRECTION('',(7.086477648609E-1,0.E0,7.055624319347E-1));
#5757=AXIS2_PLACEMENT_3D('',#5754,#5755,#5756);
#5758=PLANE('',#5757);
#5760=ORIENTED_EDGE('',*,*,#5759,.F.);
#5761=ORIENTED_EDGE('',*,*,#5746,.F.);
#5762=ORIENTED_EDGE('',*,*,#5550,.T.);
#5764=ORIENTED_EDGE('',*,*,#5763,.T.);
#5765=EDGE_LOOP('',(#5760,#5761,#5762,#5764));
#5766=FACE_OUTER_BOUND('',#5765,.F.);
#5768=CARTESIAN_POINT('',(-3.E0,4.85E0,0.E0));
#5769=DIRECTION('',(0.E0,0.E0,1.E0));
#5770=DIRECTION('',(0.E0,-1.E0,0.E0));
#5771=AXIS2_PLACEMENT_3D('',#5768,#5769,#5770);
#5772=PLANE('',#5771);
#5774=ORIENTED_EDGE('',*,*,#5773,.F.);
#5776=ORIENTED_EDGE('',*,*,#5775,.F.);
#5778=ORIENTED_EDGE('',*,*,#5777,.F.);
#5779=ORIENTED_EDGE('',*,*,#3555,.T.);
#5780=ORIENTED_EDGE('',*,*,#5466,.F.);
#5782=ORIENTED_EDGE('',*,*,#5781,.T.);
#5784=ORIENTED_EDGE('',*,*,#5783,.F.);
#5786=ORIENTED_EDGE('',*,*,#5785,.F.);
#5788=ORIENTED_EDGE('',*,*,#5787,.F.);
#5790=ORIENTED_EDGE('',*,*,#5789,.T.);
#5791=ORIENTED_EDGE('',*,*,#5484,.F.);
#5792=ORIENTED_EDGE('',*,*,#5570,.F.);
#5794=ORIENTED_EDGE('',*,*,#5793,.F.);
#5796=ORIENTED_EDGE('',*,*,#5795,.F.);
#5798=ORIENTED_EDGE('',*,*,#5797,.F.);
#5800=ORIENTED_EDGE('',*,*,#5799,.T.);
#5801=EDGE_LOOP('',(#5774,#5776,#5778,#5779,#5780,#5782,#5784,#5786,#5788,#5790,
#5791,#5792,#5794,#5796,#5798,#5800));
#5802=FACE_OUTER_BOUND('',#5801,.F.);
#5804=CARTESIAN_POINT('',(-3.E0,4.85E0,0.E0));
#5805=DIRECTION('',(0.E0,0.E0,1.E0));
#5806=DIRECTION('',(0.E0,-1.E0,0.E0));
#5807=AXIS2_PLACEMENT_3D('',#5804,#5805,#5806);
#5808=PLANE('',#5807);
#5810=ORIENTED_EDGE('',*,*,#5809,.T.);
#5812=ORIENTED_EDGE('',*,*,#5811,.F.);
#5814=ORIENTED_EDGE('',*,*,#5813,.F.);
#5816=ORIENTED_EDGE('',*,*,#5815,.T.);
#5818=ORIENTED_EDGE('',*,*,#5817,.T.);
#5819=ORIENTED_EDGE('',*,*,#5685,.T.);
#5820=ORIENTED_EDGE('',*,*,#5748,.T.);
#5821=ORIENTED_EDGE('',*,*,#5759,.T.);
#5823=ORIENTED_EDGE('',*,*,#5822,.F.);
#5825=ORIENTED_EDGE('',*,*,#5824,.T.);
#5827=ORIENTED_EDGE('',*,*,#5826,.F.);
#5828=ORIENTED_EDGE('',*,*,#3469,.T.);
#5829=ORIENTED_EDGE('',*,*,#3484,.F.);
#5830=ORIENTED_EDGE('',*,*,#3500,.T.);
#5831=ORIENTED_EDGE('',*,*,#3512,.F.);
#5832=ORIENTED_EDGE('',*,*,#3536,.T.);
#5834=ORIENTED_EDGE('',*,*,#5833,.T.);
#5836=ORIENTED_EDGE('',*,*,#5835,.T.);
#5838=ORIENTED_EDGE('',*,*,#5837,.T.);
#5840=ORIENTED_EDGE('',*,*,#5839,.T.);
#5842=ORIENTED_EDGE('',*,*,#5841,.F.);
#5844=ORIENTED_EDGE('',*,*,#5843,.F.);
#5845=EDGE_LOOP('',(#5810,#5812,#5814,#5816,#5818,#5819,#5820,#5821,#5823,#5825,
#5827,#5828,#5829,#5830,#5831,#5832,#5834,#5836,#5838,#5840,#5842,#5844));
#5846=FACE_OUTER_BOUND('',#5845,.F.);
#5848=CARTESIAN_POINT('',(-3.935620542216E-1,4.127929022172E0,
-7.499928605406E-2));
#5849=DIRECTION('',(-7.055624319347E-1,0.E0,7.086477648609E-1));
#5850=DIRECTION('',(-7.086477648609E-1,0.E0,-7.055624319347E-1));
#5851=AXIS2_PLACEMENT_3D('',#5848,#5849,#5850);
#5852=PLANE('',#5851);
#5854=ORIENTED_EDGE('',*,*,#5853,.T.);
#5856=ORIENTED_EDGE('',*,*,#5855,.F.);
#5858=ORIENTED_EDGE('',*,*,#5857,.T.);
#5859=ORIENTED_EDGE('',*,*,#5773,.T.);
#5860=EDGE_LOOP('',(#5854,#5856,#5858,#5859));
#5861=FACE_OUTER_BOUND('',#5860,.F.);
#5863=CARTESIAN_POINT('',(-1.542368753743E0,3.861401843154E0,0.E0));
#5864=DIRECTION('',(0.E0,9.999904807207E-1,-4.363309284746E-3));
#5865=DIRECTION('',(0.E0,-4.363309284746E-3,-9.999904807207E-1));
#5866=AXIS2_PLACEMENT_3D('',#5863,#5864,#5865);
#5867=PLANE('',#5866);
#5868=ORIENTED_EDGE('',*,*,#5853,.F.);
#5869=ORIENTED_EDGE('',*,*,#5799,.F.);
#5871=ORIENTED_EDGE('',*,*,#5870,.F.);
#5873=ORIENTED_EDGE('',*,*,#5872,.T.);
#5875=ORIENTED_EDGE('',*,*,#5874,.T.);
#5877=ORIENTED_EDGE('',*,*,#5876,.F.);
#5878=EDGE_LOOP('',(#5868,#5869,#5871,#5873,#5875,#5877));
#5879=FACE_OUTER_BOUND('',#5878,.F.);
#5881=CARTESIAN_POINT('',(3.935620542216E-1,4.127929022172E0,
-7.499928605406E-2));
#5882=DIRECTION('',(7.055624319347E-1,0.E0,7.086477648609E-1));
#5883=DIRECTION('',(7.086477648609E-1,0.E0,-7.055624319347E-1));
#5884=AXIS2_PLACEMENT_3D('',#5881,#5882,#5883);
#5885=PLANE('',#5884);
#5887=ORIENTED_EDGE('',*,*,#5886,.F.);
#5888=ORIENTED_EDGE('',*,*,#5870,.T.);
#5889=ORIENTED_EDGE('',*,*,#5797,.T.);
#5891=ORIENTED_EDGE('',*,*,#5890,.T.);
#5892=EDGE_LOOP('',(#5887,#5888,#5889,#5891));
#5893=FACE_OUTER_BOUND('',#5892,.F.);
#5895=CARTESIAN_POINT('',(5.E-1,3.834E0,-7.28E0));
#5896=DIRECTION('',(-9.999904807207E-1,0.E0,-4.363309284747E-3));
#5897=DIRECTION('',(0.E0,-1.E0,0.E0));
#5898=AXIS2_PLACEMENT_3D('',#5895,#5896,#5897);
#5899=PLANE('',#5898);
#5900=ORIENTED_EDGE('',*,*,#5886,.T.);
#5902=ORIENTED_EDGE('',*,*,#5901,.F.);
#5903=ORIENTED_EDGE('',*,*,#3640,.T.);
#5905=ORIENTED_EDGE('',*,*,#5904,.T.);
#5906=ORIENTED_EDGE('',*,*,#5872,.F.);
#5907=EDGE_LOOP('',(#5900,#5902,#5903,#5905,#5906));
#5908=FACE_OUTER_BOUND('',#5907,.F.);
#5910=CARTESIAN_POINT('',(5.E-1,4.364E0,-7.28E0));
#5911=DIRECTION('',(0.E0,9.999904807207E-1,-4.363309284747E-3));
#5912=DIRECTION('',(-1.E0,0.E0,0.E0));
#5913=AXIS2_PLACEMENT_3D('',#5910,#5911,#5912);
#5914=PLANE('',#5913);
#5915=ORIENTED_EDGE('',*,*,#5775,.T.);
#5916=ORIENTED_EDGE('',*,*,#5857,.F.);
#5918=ORIENTED_EDGE('',*,*,#5917,.F.);
#5919=ORIENTED_EDGE('',*,*,#3634,.T.);
#5921=ORIENTED_EDGE('',*,*,#5920,.T.);
#5923=ORIENTED_EDGE('',*,*,#5922,.T.);
#5924=EDGE_LOOP('',(#5915,#5916,#5918,#5919,#5921,#5923));
#5925=FACE_OUTER_BOUND('',#5924,.F.);
#5927=CARTESIAN_POINT('',(5.E-1,4.364E0,-7.28E0));
#5928=DIRECTION('',(0.E0,9.999904807207E-1,-4.363309284747E-3));
#5929=DIRECTION('',(-1.E0,0.E0,0.E0));
#5930=AXIS2_PLACEMENT_3D('',#5927,#5928,#5929);
#5931=PLANE('',#5930);
#5932=ORIENTED_EDGE('',*,*,#5901,.T.);
#5933=ORIENTED_EDGE('',*,*,#5890,.F.);
#5934=ORIENTED_EDGE('',*,*,#5795,.T.);
#5936=ORIENTED_EDGE('',*,*,#5935,.T.);
#5938=ORIENTED_EDGE('',*,*,#5937,.T.);
#5939=ORIENTED_EDGE('',*,*,#3642,.T.);
#5940=EDGE_LOOP('',(#5932,#5933,#5934,#5936,#5938,#5939));
#5941=FACE_OUTER_BOUND('',#5940,.F.);
#5943=CARTESIAN_POINT('',(-5.E-1,4.364E0,-7.28E0));
#5944=DIRECTION('',(9.999904807207E-1,0.E0,-4.363309284747E-3));
#5945=DIRECTION('',(0.E0,1.E0,0.E0));
#5946=AXIS2_PLACEMENT_3D('',#5943,#5944,#5945);
#5947=PLANE('',#5946);
#5948=ORIENTED_EDGE('',*,*,#5855,.T.);
#5949=ORIENTED_EDGE('',*,*,#5876,.T.);
#5951=ORIENTED_EDGE('',*,*,#5950,.F.);
#5952=ORIENTED_EDGE('',*,*,#3636,.T.);
#5953=ORIENTED_EDGE('',*,*,#5917,.T.);
#5954=EDGE_LOOP('',(#5948,#5949,#5951,#5952,#5953));
#5955=FACE_OUTER_BOUND('',#5954,.F.);
#5957=CARTESIAN_POINT('',(-4.788232040169E-1,3.834E0,-7.28E0));
#5958=DIRECTION('',(0.E0,-1.E0,0.E0));
#5959=DIRECTION('',(0.E0,0.E0,1.E0));
#5960=AXIS2_PLACEMENT_3D('',#5957,#5958,#5959);
#5961=PLANE('',#5960);
#5962=ORIENTED_EDGE('',*,*,#5874,.F.);
#5963=ORIENTED_EDGE('',*,*,#5904,.F.);
#5964=ORIENTED_EDGE('',*,*,#3638,.T.);
#5965=ORIENTED_EDGE('',*,*,#5950,.T.);
#5966=EDGE_LOOP('',(#5962,#5963,#5964,#5965));
#5967=FACE_OUTER_BOUND('',#5966,.F.);
#5969=CARTESIAN_POINT('',(-2.13E0,4.049269230607E0,-2.211456E1));
#5970=DIRECTION('',(0.E0,4.363309284747E-3,9.999904807207E-1));
#5971=DIRECTION('',(0.E0,9.999904807207E-1,-4.363309284747E-3));
#5972=AXIS2_PLACEMENT_3D('',#5969,#5970,#5971);
#5973=CYLINDRICAL_SURFACE('',#5972,2.5E-1);
#5974=ORIENTED_EDGE('',*,*,#3632,.T.);
#5976=ORIENTED_EDGE('',*,*,#5975,.T.);
#5978=ORIENTED_EDGE('',*,*,#5977,.F.);
#5979=ORIENTED_EDGE('',*,*,#5920,.F.);
#5980=EDGE_LOOP('',(#5974,#5976,#5978,#5979));
#5981=FACE_OUTER_BOUND('',#5980,.F.);
#5983=CARTESIAN_POINT('',(-2.38E0,-3.871176795983E0,-7.28E0));
#5984=DIRECTION('',(1.E0,0.E0,0.E0));
#5985=DIRECTION('',(0.E0,0.E0,1.E0));
#5986=AXIS2_PLACEMENT_3D('',#5983,#5984,#5985);
#5987=PLANE('',#5986);
#5988=ORIENTED_EDGE('',*,*,#3589,.F.);
#5989=ORIENTED_EDGE('',*,*,#3559,.F.);
#5990=ORIENTED_EDGE('',*,*,#5975,.F.);
#5991=ORIENTED_EDGE('',*,*,#3630,.T.);
#5992=EDGE_LOOP('',(#5988,#5989,#5990,#5991));
#5993=FACE_OUTER_BOUND('',#5992,.F.);
#5995=CARTESIAN_POINT('',(-2.129907069437E0,4.118270420258E0,
-6.300752564743E0));
#5996=DIRECTION('',(-4.363267749977E-3,4.363267749978E-3,9.999809617133E-1));
#5997=DIRECTION('',(0.E0,9.999904807207E-1,-4.363309284747E-3));
#5998=AXIS2_PLACEMENT_3D('',#5995,#5996,#5997);
#5999=CYLINDRICAL_SURFACE('',#5998,2.5E-1);
#6000=ORIENTED_EDGE('',*,*,#5922,.F.);
#6001=ORIENTED_EDGE('',*,*,#5977,.T.);
#6002=ORIENTED_EDGE('',*,*,#3557,.T.);
#6003=ORIENTED_EDGE('',*,*,#5777,.T.);
#6004=EDGE_LOOP('',(#6000,#6001,#6002,#6003));
#6005=FACE_OUTER_BOUND('',#6004,.F.);
#6007=CARTESIAN_POINT('',(2.212004878958E0,4.200368229779E0,1.251456E1));
#6008=DIRECTION('',(-4.363267749977E-3,-4.363267749978E-3,-9.999809617133E-1));
#6009=DIRECTION('',(0.E0,9.999904807207E-1,-4.363309284747E-3));
#6010=AXIS2_PLACEMENT_3D('',#6007,#6008,#6009);
#6011=CYLINDRICAL_SURFACE('',#6010,2.5E-1);
#6012=ORIENTED_EDGE('',*,*,#5568,.T.);
#6014=ORIENTED_EDGE('',*,*,#6013,.F.);
#6015=ORIENTED_EDGE('',*,*,#5935,.F.);
#6016=ORIENTED_EDGE('',*,*,#5793,.T.);
#6017=EDGE_LOOP('',(#6012,#6014,#6015,#6016));
#6018=FACE_OUTER_BOUND('',#6017,.F.);
#6020=CARTESIAN_POINT('',(2.13E0,4.118428065351E0,-6.2646232E0));
#6021=DIRECTION('',(0.E0,-4.363309284747E-3,-9.999904807207E-1));
#6022=DIRECTION('',(0.E0,9.999904807207E-1,-4.363309284747E-3));
#6023=AXIS2_PLACEMENT_3D('',#6020,#6021,#6022);
#6024=CYLINDRICAL_SURFACE('',#6023,2.5E-1);
#6025=ORIENTED_EDGE('',*,*,#3644,.T.);
#6026=ORIENTED_EDGE('',*,*,#5937,.F.);
#6027=ORIENTED_EDGE('',*,*,#6013,.T.);
#6028=ORIENTED_EDGE('',*,*,#5613,.T.);
#6029=EDGE_LOOP('',(#6025,#6026,#6027,#6028));
#6030=FACE_OUTER_BOUND('',#6029,.F.);
#6032=CARTESIAN_POINT('',(-2.8E0,-1.749492E1,-2.E-1));
#6033=DIRECTION('',(0.E0,1.E0,0.E0));
#6034=DIRECTION('',(-1.E0,0.E0,0.E0));
#6035=AXIS2_PLACEMENT_3D('',#6032,#6033,#6034);
#6036=CYLINDRICAL_SURFACE('',#6035,2.E-1);
#6038=ORIENTED_EDGE('',*,*,#6037,.T.);
#6039=ORIENTED_EDGE('',*,*,#5781,.F.);
#6040=ORIENTED_EDGE('',*,*,#5464,.T.);
#6041=ORIENTED_EDGE('',*,*,#3423,.T.);
#6042=EDGE_LOOP('',(#6038,#6039,#6040,#6041));
#6043=FACE_OUTER_BOUND('',#6042,.F.);
#6045=CARTESIAN_POINT('',(-2.5E0,4.35E0,-2.E-1));
#6046=DIRECTION('',(0.E0,0.E0,1.E0));
#6047=DIRECTION('',(-1.E0,0.E0,0.E0));
#6048=AXIS2_PLACEMENT_3D('',#6045,#6046,#6047);
#6049=TOROIDAL_SURFACE('',#6048,3.E-1,2.E-1);
#6051=ORIENTED_EDGE('',*,*,#6050,.T.);
#6052=ORIENTED_EDGE('',*,*,#5783,.T.);
#6053=ORIENTED_EDGE('',*,*,#6037,.F.);
#6054=ORIENTED_EDGE('',*,*,#5378,.F.);
#6055=EDGE_LOOP('',(#6051,#6052,#6053,#6054));
#6056=FACE_OUTER_BOUND('',#6055,.F.);
#6058=CARTESIAN_POINT('',(1.08216E1,4.65E0,-2.E-1));
#6059=DIRECTION('',(-1.E0,0.E0,0.E0));
#6060=DIRECTION('',(0.E0,0.E0,1.E0));
#6061=AXIS2_PLACEMENT_3D('',#6058,#6059,#6060);
#6062=CYLINDRICAL_SURFACE('',#6061,2.E-1);
#6063=ORIENTED_EDGE('',*,*,#6050,.F.);
#6064=ORIENTED_EDGE('',*,*,#5392,.F.);
#6066=ORIENTED_EDGE('',*,*,#6065,.T.);
#6067=ORIENTED_EDGE('',*,*,#5785,.T.);
#6068=EDGE_LOOP('',(#6063,#6064,#6066,#6067));
#6069=FACE_OUTER_BOUND('',#6068,.F.);
#6071=CARTESIAN_POINT('',(2.5E0,4.35E0,-2.E-1));
#6072=DIRECTION('',(0.E0,0.E0,-1.E0));
#6073=DIRECTION('',(0.E0,1.E0,0.E0));
#6074=AXIS2_PLACEMENT_3D('',#6071,#6072,#6073);
#6075=TOROIDAL_SURFACE('',#6074,3.E-1,2.E-1);
#6077=ORIENTED_EDGE('',*,*,#6076,.T.);
#6078=ORIENTED_EDGE('',*,*,#5787,.T.);
#6079=ORIENTED_EDGE('',*,*,#6065,.F.);
#6080=ORIENTED_EDGE('',*,*,#5407,.F.);
#6081=EDGE_LOOP('',(#6077,#6078,#6079,#6080));
#6082=FACE_OUTER_BOUND('',#6081,.F.);
#6084=CARTESIAN_POINT('',(2.8E0,1.749492E1,-2.E-1));
#6085=DIRECTION('',(0.E0,-1.E0,0.E0));
#6086=DIRECTION('',(1.E0,0.E0,0.E0));
#6087=AXIS2_PLACEMENT_3D('',#6084,#6085,#6086);
#6088=CYLINDRICAL_SURFACE('',#6087,2.E-1);
#6089=ORIENTED_EDGE('',*,*,#6076,.F.);
#6090=ORIENTED_EDGE('',*,*,#5433,.T.);
#6091=ORIENTED_EDGE('',*,*,#5486,.T.);
#6092=ORIENTED_EDGE('',*,*,#5789,.F.);
#6093=EDGE_LOOP('',(#6089,#6090,#6091,#6092));
#6094=FACE_OUTER_BOUND('',#6093,.F.);
#6096=CARTESIAN_POINT('',(0.E0,-4.130456201189E0,-2.999971442162E-1));
#6097=DIRECTION('',(0.E0,8.928617015260E-1,4.503309693415E-1));
#6098=DIRECTION('',(0.E0,-4.503309693415E-1,8.928617015260E-1));
#6099=AXIS2_PLACEMENT_3D('',#6096,#6097,#6098);
#6100=PLANE('',#6099);
#6101=ORIENTED_EDGE('',*,*,#5809,.F.);
#6103=ORIENTED_EDGE('',*,*,#6102,.T.);
#6105=ORIENTED_EDGE('',*,*,#6104,.T.);
#6107=ORIENTED_EDGE('',*,*,#6106,.T.);
#6109=ORIENTED_EDGE('',*,*,#6108,.T.);
#6111=ORIENTED_EDGE('',*,*,#6110,.T.);
#6112=EDGE_LOOP('',(#6101,#6103,#6105,#6107,#6109,#6111));
#6113=FACE_OUTER_BOUND('',#6112,.F.);
#6115=CARTESIAN_POINT('',(-1.171437945778E0,-3.131929022172E0,
-7.499928605406E-2));
#6116=DIRECTION('',(7.055624319347E-1,0.E0,7.086477648609E-1));
#6117=DIRECTION('',(7.086477648609E-1,0.E0,-7.055624319347E-1));
#6118=AXIS2_PLACEMENT_3D('',#6115,#6116,#6117);
#6119=PLANE('',#6118);
#6121=ORIENTED_EDGE('',*,*,#6120,.F.);
#6122=ORIENTED_EDGE('',*,*,#6102,.F.);
#6123=ORIENTED_EDGE('',*,*,#5843,.T.);
#6125=ORIENTED_EDGE('',*,*,#6124,.F.);
#6126=EDGE_LOOP('',(#6121,#6122,#6123,#6125));
#6127=FACE_OUTER_BOUND('',#6126,.F.);
#6129=CARTESIAN_POINT('',(-1.065E0,-3.95E0,-7.28E0));
#6130=DIRECTION('',(-9.999904807207E-1,0.E0,-4.363309284747E-3));
#6131=DIRECTION('',(0.E0,-1.E0,0.E0));
#6132=AXIS2_PLACEMENT_3D('',#6129,#6130,#6131);
#6133=PLANE('',#6132);
#6135=ORIENTED_EDGE('',*,*,#6134,.T.);
#6136=ORIENTED_EDGE('',*,*,#6104,.F.);
#6137=ORIENTED_EDGE('',*,*,#6120,.T.);
#6139=ORIENTED_EDGE('',*,*,#6138,.T.);
#6141=ORIENTED_EDGE('',*,*,#6140,.T.);
#6142=ORIENTED_EDGE('',*,*,#3619,.T.);
#6144=ORIENTED_EDGE('',*,*,#6143,.F.);
#6146=ORIENTED_EDGE('',*,*,#6145,.F.);
#6148=ORIENTED_EDGE('',*,*,#6147,.F.);
#6149=EDGE_LOOP('',(#6135,#6136,#6137,#6139,#6141,#6142,#6144,#6146,#6148));
#6150=FACE_OUTER_BOUND('',#6149,.F.);
#6152=CARTESIAN_POINT('',(1.065E0,-3.95E0,-7.28E0));
#6153=DIRECTION('',(0.E0,-9.999904807207E-1,-4.363309284747E-3));
#6154=DIRECTION('',(1.E0,0.E0,0.E0));
#6155=AXIS2_PLACEMENT_3D('',#6152,#6153,#6154);
#6156=PLANE('',#6155);
#6157=ORIENTED_EDGE('',*,*,#6106,.F.);
#6158=ORIENTED_EDGE('',*,*,#6134,.F.);
#6160=ORIENTED_EDGE('',*,*,#6159,.T.);
#6162=ORIENTED_EDGE('',*,*,#6161,.T.);
#6163=EDGE_LOOP('',(#6157,#6158,#6160,#6162));
#6164=FACE_OUTER_BOUND('',#6163,.F.);
#6166=CARTESIAN_POINT('',(-1.082160821512E1,-3.533344060977E0,
-6.512686242827E0));
#6167=DIRECTION('',(1.E0,0.E0,0.E0));
#6168=DIRECTION('',(0.E0,-9.999904807207E-1,-4.363309284746E-3));
#6169=AXIS2_PLACEMENT_3D('',#6166,#6167,#6168);
#6170=CYLINDRICAL_SURFACE('',#6169,4.2E-1);
#6172=ORIENTED_EDGE('',*,*,#6171,.T.);
#6173=ORIENTED_EDGE('',*,*,#6159,.F.);
#6174=ORIENTED_EDGE('',*,*,#6147,.T.);
#6176=ORIENTED_EDGE('',*,*,#6175,.T.);
#6177=EDGE_LOOP('',(#6172,#6173,#6174,#6176));
#6178=FACE_OUTER_BOUND('',#6177,.F.);
#6180=CARTESIAN_POINT('',(1.065E0,-2.256E0,-7.28E0));
#6181=DIRECTION('',(9.999904807207E-1,0.E0,-4.363309284747E-3));
#6182=DIRECTION('',(0.E0,1.E0,0.E0));
#6183=AXIS2_PLACEMENT_3D('',#6180,#6181,#6182);
#6184=PLANE('',#6183);
#6186=ORIENTED_EDGE('',*,*,#6185,.F.);
#6187=ORIENTED_EDGE('',*,*,#6108,.F.);
#6188=ORIENTED_EDGE('',*,*,#6161,.F.);
#6189=ORIENTED_EDGE('',*,*,#6171,.F.);
#6191=ORIENTED_EDGE('',*,*,#6190,.F.);
#6193=ORIENTED_EDGE('',*,*,#6192,.F.);
#6194=ORIENTED_EDGE('',*,*,#3615,.T.);
#6196=ORIENTED_EDGE('',*,*,#6195,.T.);
#6198=ORIENTED_EDGE('',*,*,#6197,.F.);
#6199=EDGE_LOOP('',(#6186,#6187,#6188,#6189,#6191,#6193,#6194,#6196,#6198));
#6200=FACE_OUTER_BOUND('',#6199,.F.);
#6202=CARTESIAN_POINT('',(1.171437945778E0,-3.131929022172E0,
-7.499928605406E-2));
#6203=DIRECTION('',(-7.055624319347E-1,0.E0,7.086477648609E-1));
#6204=DIRECTION('',(7.086477648609E-1,0.E0,7.055624319347E-1));
#6205=AXIS2_PLACEMENT_3D('',#6202,#6203,#6204);
#6206=PLANE('',#6205);
#6207=ORIENTED_EDGE('',*,*,#5811,.T.);
#6208=ORIENTED_EDGE('',*,*,#6110,.F.);
#6209=ORIENTED_EDGE('',*,*,#6185,.T.);
#6211=ORIENTED_EDGE('',*,*,#6210,.T.);
#6212=EDGE_LOOP('',(#6207,#6208,#6209,#6211));
#6213=FACE_OUTER_BOUND('',#6212,.F.);
#6215=CARTESIAN_POINT('',(1.315E0,-2.358074594958E0,-7.499928605406E-2));
#6216=DIRECTION('',(0.E0,7.055624319347E-1,7.086477648609E-1));
#6217=DIRECTION('',(0.E0,7.086477648609E-1,-7.055624319347E-1));
#6218=AXIS2_PLACEMENT_3D('',#6215,#6216,#6217);
#6219=PLANE('',#6218);
#6220=ORIENTED_EDGE('',*,*,#5813,.T.);
#6221=ORIENTED_EDGE('',*,*,#6210,.F.);
#6223=ORIENTED_EDGE('',*,*,#6222,.F.);
#6225=ORIENTED_EDGE('',*,*,#6224,.T.);
#6226=EDGE_LOOP('',(#6220,#6221,#6223,#6225));
#6227=FACE_OUTER_BOUND('',#6226,.F.);
#6229=CARTESIAN_POINT('',(-1.542368753743E0,-2.256E0,-6.28E0));
#6230=DIRECTION('',(0.E0,-9.999904807207E-1,-4.363309284746E-3));
#6231=DIRECTION('',(0.E0,-4.363309284746E-3,9.999904807207E-1));
#6232=AXIS2_PLACEMENT_3D('',#6229,#6230,#6231);
#6233=PLANE('',#6232);
#6234=ORIENTED_EDGE('',*,*,#6222,.T.);
#6235=ORIENTED_EDGE('',*,*,#6197,.T.);
#6237=ORIENTED_EDGE('',*,*,#6236,.T.);
#6239=ORIENTED_EDGE('',*,*,#6238,.F.);
#6240=EDGE_LOOP('',(#6234,#6235,#6237,#6239));
#6241=FACE_OUTER_BOUND('',#6240,.F.);
#6243=CARTESIAN_POINT('',(-1.542368753743E0,-2.256E0,-6.28E0));
#6244=DIRECTION('',(0.E0,-9.999904807207E-1,-4.363309284746E-3));
#6245=DIRECTION('',(0.E0,-4.363309284746E-3,9.999904807207E-1));
#6246=AXIS2_PLACEMENT_3D('',#6243,#6244,#6245);
#6247=PLANE('',#6246);
#6249=ORIENTED_EDGE('',*,*,#6248,.T.);
#6251=ORIENTED_EDGE('',*,*,#6250,.T.);
#6253=ORIENTED_EDGE('',*,*,#6252,.F.);
#6254=ORIENTED_EDGE('',*,*,#6138,.F.);
#6255=EDGE_LOOP('',(#6249,#6251,#6253,#6254));
#6256=FACE_OUTER_BOUND('',#6255,.F.);
#6258=CARTESIAN_POINT('',(1.543823204017E0,-2.256E0,-7.28E0));
#6259=DIRECTION('',(0.E0,1.E0,0.E0));
#6260=DIRECTION('',(0.E0,0.E0,1.E0));
#6261=AXIS2_PLACEMENT_3D('',#6258,#6259,#6260);
#6262=PLANE('',#6261);
#6263=ORIENTED_EDGE('',*,*,#6236,.F.);
#6264=ORIENTED_EDGE('',*,*,#6195,.F.);
#6265=ORIENTED_EDGE('',*,*,#3613,.T.);
#6267=ORIENTED_EDGE('',*,*,#6266,.T.);
#6268=EDGE_LOOP('',(#6263,#6264,#6265,#6267));
#6269=FACE_OUTER_BOUND('',#6268,.F.);
#6271=CARTESIAN_POINT('',(1.565E0,-3.85E0,-7.28E0));
#6272=DIRECTION('',(-9.999904807207E-1,0.E0,-4.363309284747E-3));
#6273=DIRECTION('',(0.E0,-1.E0,0.E0));
#6274=AXIS2_PLACEMENT_3D('',#6271,#6272,#6273);
#6275=PLANE('',#6274);
#6276=ORIENTED_EDGE('',*,*,#6238,.T.);
#6277=ORIENTED_EDGE('',*,*,#6266,.F.);
#6278=ORIENTED_EDGE('',*,*,#3611,.T.);
#6280=ORIENTED_EDGE('',*,*,#6279,.F.);
#6282=ORIENTED_EDGE('',*,*,#6281,.F.);
#6283=EDGE_LOOP('',(#6276,#6277,#6278,#6280,#6282));
#6284=FACE_OUTER_BOUND('',#6283,.F.);
#6286=CARTESIAN_POINT('',(1.728631770221E0,-3.686368229779E0,1.251456E1));
#6287=DIRECTION('',(4.363267749978E-3,4.363267749978E-3,-9.999809617133E-1));
#6288=DIRECTION('',(0.E0,-9.999904807207E-1,-4.363309284747E-3));
#6289=AXIS2_PLACEMENT_3D('',#6286,#6287,#6288);
#6290=CYLINDRICAL_SURFACE('',#6289,2.5E-1);
#6291=ORIENTED_EDGE('',*,*,#5655,.F.);
#6293=ORIENTED_EDGE('',*,*,#6292,.F.);
#6294=ORIENTED_EDGE('',*,*,#6279,.T.);
#6295=ORIENTED_EDGE('',*,*,#3609,.T.);
#6296=EDGE_LOOP('',(#6291,#6293,#6294,#6295));
#6297=FACE_OUTER_BOUND('',#6296,.F.);
#6299=CARTESIAN_POINT('',(1.542465005993E0,-3.625239210140E0,
-1.584827563011E-1));
#6300=CARTESIAN_POINT('',(1.542417301937E0,-3.627196525068E0,
-1.584769908136E-1));
#6301=CARTESIAN_POINT('',(1.542201271314E0,-3.644924474459E0,
-1.584253924065E-1));
#6302=CARTESIAN_POINT('',(1.545484894526E0,-3.678465718720E0,
-1.583383858342E-1));
#6303=CARTESIAN_POINT('',(1.559381632659E0,-3.724253072494E0,
-1.582466835161E-1));
#6304=CARTESIAN_POINT('',(1.581873203870E0,-3.766267686076E0,
-1.581905444921E-1));
#6305=CARTESIAN_POINT('',(1.612220824755E0,-3.803184345269E0,
-1.581716550476E-1));
#6306=CARTESIAN_POINT('',(1.649102042344E0,-3.833367955302E0,
-1.581909141964E-1));
#6307=CARTESIAN_POINT('',(1.691264425697E0,-3.855852131569E0,
-1.582474994006E-1));
#6308=CARTESIAN_POINT('',(1.737207523848E0,-3.869625585935E0,
-1.583400040714E-1));
#6309=CARTESIAN_POINT('',(1.770244091774E0,-3.872794020221E0,
-1.584258906628E-1));
#6310=CARTESIAN_POINT('',(1.787805705667E0,-3.872583011931E0,
-1.584769963256E-1));
#6311=CARTESIAN_POINT('',(1.789766231399E0,-3.872536058956E0,
-1.584827688861E-1));
#6312=CARTESIAN_POINT('',(1.486593955927E0,-3.623879881974E0,
-1.028325037500E-1));
#6313=CARTESIAN_POINT('',(1.486535226627E0,-3.626290158682E0,
-1.028287627782E-1));
#6314=CARTESIAN_POINT('',(1.486269332332E0,-3.648120703117E0,
-1.027952828368E-1));
#6315=CARTESIAN_POINT('',(1.490313088396E0,-3.689423954781E0,
-1.027388280913E-1));
#6316=CARTESIAN_POINT('',(1.507426108752E0,-3.745807419550E0,
-1.026793264825E-1));
#6317=CARTESIAN_POINT('',(1.535122928988E0,-3.797545107246E0,
-1.026429003341E-1));
#6318=CARTESIAN_POINT('',(1.572493788131E0,-3.843005148270E0,
-1.026306438028E-1));
#6319=CARTESIAN_POINT('',(1.617910184519E0,-3.880174041323E0,
-1.026431402190E-1));
#6320=CARTESIAN_POINT('',(1.669829838538E0,-3.907861756380E0,
-1.026798558742E-1));
#6321=CARTESIAN_POINT('',(1.726405088365E0,-3.924822964091E0,
-1.027398780944E-1));
#6322=CARTESIAN_POINT('',(1.767086872926E0,-3.928724870814E0,
-1.027956061334E-1));
#6323=CARTESIAN_POINT('',(1.788712588208E0,-3.928465159892E0,
-1.028287663547E-1));
#6324=CARTESIAN_POINT('',(1.791126818725E0,-3.928407355509E0,
-1.028325119158E-1));
#6325=CARTESIAN_POINT('',(1.430722905861E0,-3.622520553809E0,
-4.718225119884E-2));
#6326=CARTESIAN_POINT('',(1.430653151317E0,-3.625383792295E0,
-4.718053474283E-2));
#6327=CARTESIAN_POINT('',(1.430337393350E0,-3.651316931776E0,
-4.716517326713E-2));
#6328=CARTESIAN_POINT('',(1.435141282266E0,-3.700382190842E0,
-4.713927034844E-2));
#6329=CARTESIAN_POINT('',(1.455470584844E0,-3.767361766606E0,
-4.711196944891E-2));
#6330=CARTESIAN_POINT('',(1.488372654106E0,-3.828822528417E0,
-4.709525617616E-2));
#6331=CARTESIAN_POINT('',(1.532766751507E0,-3.882825951272E0,
-4.708963255795E-2));
#6332=CARTESIAN_POINT('',(1.586718326695E0,-3.926980127344E0,
-4.709536624164E-2));
#6333=CARTESIAN_POINT('',(1.648395251378E0,-3.959871381190E0,
-4.711221234770E-2));
#6334=CARTESIAN_POINT('',(1.715602652881E0,-3.980020342248E0,
-4.713975211742E-2));
#6335=CARTESIAN_POINT('',(1.763929654077E0,-3.984655721408E0,
-4.716532160411E-2));
#6336=CARTESIAN_POINT('',(1.789619470750E0,-3.984347307852E0,
-4.718053638381E-2));
#6337=CARTESIAN_POINT('',(1.792487406050E0,-3.984278652062E0,
-4.718225494553E-2));
#6338=CARTESIAN_POINT('',(1.374851855796E0,-3.621161225643E0,
8.468001352317E-3));
#6339=CARTESIAN_POINT('',(1.374771076008E0,-3.624477425909E0,
8.467693292582E-3));
#6340=CARTESIAN_POINT('',(1.374405454368E0,-3.654513160434E0,
8.464936302536E-3));
#6341=CARTESIAN_POINT('',(1.379969476136E0,-3.711340426904E0,
8.460287394419E-3));
#6342=CARTESIAN_POINT('',(1.403515060936E0,-3.788916113661E0,
8.455387584675E-3));
#6343=CARTESIAN_POINT('',(1.441622379224E0,-3.860099949587E0,
8.452387981804E-3));
#6344=CARTESIAN_POINT('',(1.493039714883E0,-3.922646754273E0,
8.451378686880E-3));
#6345=CARTESIAN_POINT('',(1.555526468870E0,-3.973786213366E0,
8.452407735727E-3));
#6346=CARTESIAN_POINT('',(1.626960664219E0,-4.011881006E0,8.455431178766E-3));
#6347=CARTESIAN_POINT('',(1.704800217398E0,-4.035217720404E0,
8.460373859568E-3));
#6348=CARTESIAN_POINT('',(1.760772435229E0,-4.040586572001E0,
8.464962925210E-3));
#6349=CARTESIAN_POINT('',(1.790526353291E0,-4.040229455812E0,
8.467693587096E-3));
#6350=CARTESIAN_POINT('',(1.793847993376E0,-4.040149948615E0,
8.468002024753E-3));
#6351=B_SPLINE_SURFACE_WITH_KNOTS('',3,3,((#6299,#6300,#6301,#6302,#6303,#6304,
#6305,#6306,#6307,#6308,#6309,#6310,#6311),(#6312,#6313,#6314,#6315,#6316,#6317,
#6318,#6319,#6320,#6321,#6322,#6323,#6324),(#6325,#6326,#6327,#6328,#6329,#6330,
#6331,#6332,#6333,#6334,#6335,#6336,#6337),(#6338,#6339,#6340,#6341,#6342,#6343,
#6344,#6345,#6346,#6347,#6348,#6349,#6350)),.UNSPECIFIED.,.F.,.F.,.F.,(4,4),(4,
1,1,1,1,1,1,1,1,1,4),(-5.644778978712E-2,1.056447789787E0),(-1.552123446060E-2,
0.E0,1.25E-1,2.5E-1,3.75E-1,5.E-1,6.25E-1,7.5E-1,8.75E-1,1.E0,1.015701788412E0),
.UNSPECIFIED.);
#6352=ORIENTED_EDGE('',*,*,#6292,.T.);
#6353=ORIENTED_EDGE('',*,*,#5687,.T.);
#6354=ORIENTED_EDGE('',*,*,#5817,.F.);
#6356=ORIENTED_EDGE('',*,*,#6355,.F.);
#6357=EDGE_LOOP('',(#6352,#6353,#6354,#6356));
#6358=FACE_OUTER_BOUND('',#6357,.F.);
#6360=CARTESIAN_POINT('',(1.458562054222E0,-2.956930212082E0,
-7.499928605406E-2));
#6361=DIRECTION('',(7.055624319347E-1,0.E0,7.086477648609E-1));
#6362=DIRECTION('',(-7.086477648609E-1,0.E0,7.055624319347E-1));
#6363=AXIS2_PLACEMENT_3D('',#6360,#6361,#6362);
#6364=PLANE('',#6363);
#6365=ORIENTED_EDGE('',*,*,#6281,.T.);
#6366=ORIENTED_EDGE('',*,*,#6355,.T.);
#6367=ORIENTED_EDGE('',*,*,#5815,.F.);
#6368=ORIENTED_EDGE('',*,*,#6224,.F.);
#6369=EDGE_LOOP('',(#6365,#6366,#6367,#6368));
#6370=FACE_OUTER_BOUND('',#6369,.F.);
#6372=CARTESIAN_POINT('',(-1.315E0,-2.358074594958E0,-7.499928605406E-2));
#6373=DIRECTION('',(0.E0,7.055624319347E-1,7.086477648609E-1));
#6374=DIRECTION('',(0.E0,7.086477648609E-1,-7.055624319347E-1));
#6375=AXIS2_PLACEMENT_3D('',#6372,#6373,#6374);
#6376=PLANE('',#6375);
#6377=ORIENTED_EDGE('',*,*,#6248,.F.);
#6378=ORIENTED_EDGE('',*,*,#6124,.T.);
#6379=ORIENTED_EDGE('',*,*,#5841,.T.);
#6381=ORIENTED_EDGE('',*,*,#6380,.F.);
#6382=EDGE_LOOP('',(#6377,#6378,#6379,#6381));
#6383=FACE_OUTER_BOUND('',#6382,.F.);
#6385=CARTESIAN_POINT('',(-1.458562054222E0,-2.956930212082E0,
-7.499928605406E-2));
#6386=DIRECTION('',(-7.055624319347E-1,0.E0,7.086477648609E-1));
#6387=DIRECTION('',(7.086477648609E-1,0.E0,7.055624319347E-1));
#6388=AXIS2_PLACEMENT_3D('',#6385,#6386,#6387);
#6389=PLANE('',#6388);
#6390=ORIENTED_EDGE('',*,*,#5839,.F.);
#6392=ORIENTED_EDGE('',*,*,#6391,.F.);
#6394=ORIENTED_EDGE('',*,*,#6393,.T.);
#6395=ORIENTED_EDGE('',*,*,#6380,.T.);
#6396=EDGE_LOOP('',(#6390,#6392,#6394,#6395));
#6397=FACE_OUTER_BOUND('',#6396,.F.);
#6399=CARTESIAN_POINT('',(-1.789760789860E0,-3.872534994007E0,
-1.584827563011E-1));
#6400=CARTESIAN_POINT('',(-1.787803474932E0,-3.872582698063E0,
-1.584769908136E-1));
#6401=CARTESIAN_POINT('',(-1.770075525541E0,-3.872798728686E0,
-1.584253924065E-1));
#6402=CARTESIAN_POINT('',(-1.736534281280E0,-3.869515105474E0,
-1.583383858342E-1));
#6403=CARTESIAN_POINT('',(-1.690746927506E0,-3.855618367341E0,
-1.582466835161E-1));
#6404=CARTESIAN_POINT('',(-1.648732313924E0,-3.833126796130E0,
-1.581905444921E-1));
#6405=CARTESIAN_POINT('',(-1.611815654731E0,-3.802779175245E0,
-1.581716550476E-1));
#6406=CARTESIAN_POINT('',(-1.581632044698E0,-3.765897957656E0,
-1.581909141964E-1));
#6407=CARTESIAN_POINT('',(-1.559147868431E0,-3.723735574303E0,
-1.582474994006E-1));
#6408=CARTESIAN_POINT('',(-1.545374414065E0,-3.677792476152E0,
-1.583400040714E-1));
#6409=CARTESIAN_POINT('',(-1.542205979779E0,-3.644755908226E0,
-1.584258906628E-1));
#6410=CARTESIAN_POINT('',(-1.542416988069E0,-3.627194294333E0,
-1.584769963256E-1));
#6411=CARTESIAN_POINT('',(-1.542463941044E0,-3.625233768601E0,
-1.584827688861E-1));
#6412=CARTESIAN_POINT('',(-1.791120118026E0,-3.928406044073E0,
-1.028325037500E-1));
#6413=CARTESIAN_POINT('',(-1.788709841318E0,-3.928464773373E0,
-1.028287627782E-1));
#6414=CARTESIAN_POINT('',(-1.766879296883E0,-3.928730667668E0,
-1.027952828368E-1));
#6415=CARTESIAN_POINT('',(-1.725576045219E0,-3.924686911604E0,
-1.027388280913E-1));
#6416=CARTESIAN_POINT('',(-1.669192580450E0,-3.907573891248E0,
-1.026793264825E-1));
#6417=CARTESIAN_POINT('',(-1.617454892754E0,-3.879877071012E0,
-1.026429003341E-1));
#6418=CARTESIAN_POINT('',(-1.571994851730E0,-3.842506211869E0,
-1.026306438028E-1));
#6419=CARTESIAN_POINT('',(-1.534825958677E0,-3.797089815481E0,
-1.026431402190E-1));
#6420=CARTESIAN_POINT('',(-1.507138243620E0,-3.745170161462E0,
-1.026798558742E-1));
#6421=CARTESIAN_POINT('',(-1.490177035909E0,-3.688594911635E0,
-1.027398780944E-1));
#6422=CARTESIAN_POINT('',(-1.486275129186E0,-3.647913127074E0,
-1.027956061334E-1));
#6423=CARTESIAN_POINT('',(-1.486534840108E0,-3.626287411792E0,
-1.028287663547E-1));
#6424=CARTESIAN_POINT('',(-1.486592644491E0,-3.623873181275E0,
-1.028325119158E-1));
#6425=CARTESIAN_POINT('',(-1.792479446191E0,-3.984277094139E0,
-4.718225119884E-2));
#6426=CARTESIAN_POINT('',(-1.789616207705E0,-3.984346848683E0,
-4.718053474283E-2));
#6427=CARTESIAN_POINT('',(-1.763683068224E0,-3.984662606650E0,
-4.716517326713E-2));
#6428=CARTESIAN_POINT('',(-1.714617809158E0,-3.979858717734E0,
-4.713927034844E-2));
#6429=CARTESIAN_POINT('',(-1.647638233394E0,-3.959529415156E0,
-4.711196944891E-2));
#6430=CARTESIAN_POINT('',(-1.586177471583E0,-3.926627345894E0,
-4.709525617616E-2));
#6431=CARTESIAN_POINT('',(-1.532174048728E0,-3.882233248493E0,
-4.708963255795E-2));
#6432=CARTESIAN_POINT('',(-1.488019872656E0,-3.828281673305E0,
-4.709536624164E-2));
#6433=CARTESIAN_POINT('',(-1.455128618810E0,-3.766604748622E0,
-4.711221234770E-2));
#6434=CARTESIAN_POINT('',(-1.434979657752E0,-3.699397347119E0,
-4.713975211742E-2));
#6435=CARTESIAN_POINT('',(-1.430344278592E0,-3.651070345923E0,
-4.716532160411E-2));
#6436=CARTESIAN_POINT('',(-1.430652692148E0,-3.625380529250E0,
-4.718053638381E-2));
#6437=CARTESIAN_POINT('',(-1.430721347938E0,-3.622512593950E0,
-4.718225494553E-2));
#6438=CARTESIAN_POINT('',(-1.793838774357E0,-4.040148144204E0,
8.468001352317E-3));
#6439=CARTESIAN_POINT('',(-1.790522574091E0,-4.040228923992E0,
8.467693292582E-3));
#6440=CARTESIAN_POINT('',(-1.760486839566E0,-4.040594545632E0,
8.464936302536E-3));
#6441=CARTESIAN_POINT('',(-1.703659573096E0,-4.035030523864E0,
8.460287394419E-3));
#6442=CARTESIAN_POINT('',(-1.626083886339E0,-4.011484939064E0,
8.455387584675E-3));
#6443=CARTESIAN_POINT('',(-1.554900050413E0,-3.973377620776E0,
8.452387981804E-3));
#6444=CARTESIAN_POINT('',(-1.492353245727E0,-3.921960285117E0,
8.451378686880E-3));
#6445=CARTESIAN_POINT('',(-1.441213786634E0,-3.859473531130E0,
8.452407735727E-3));
#6446=CARTESIAN_POINT('',(-1.403118994E0,-3.788039335781E0,8.455431178766E-3));
#6447=CARTESIAN_POINT('',(-1.379782279596E0,-3.710199782602E0,
8.460373859568E-3));
#6448=CARTESIAN_POINT('',(-1.374413427999E0,-3.654227564771E0,
8.464962925210E-3));
#6449=CARTESIAN_POINT('',(-1.374770544188E0,-3.624473646709E0,
8.467693587096E-3));
#6450=CARTESIAN_POINT('',(-1.374850051385E0,-3.621152006624E0,
8.468002024753E-3));
#6451=B_SPLINE_SURFACE_WITH_KNOTS('',3,3,((#6399,#6400,#6401,#6402,#6403,#6404,
#6405,#6406,#6407,#6408,#6409,#6410,#6411),(#6412,#6413,#6414,#6415,#6416,#6417,
#6418,#6419,#6420,#6421,#6422,#6423,#6424),(#6425,#6426,#6427,#6428,#6429,#6430,
#6431,#6432,#6433,#6434,#6435,#6436,#6437),(#6438,#6439,#6440,#6441,#6442,#6443,
#6444,#6445,#6446,#6447,#6448,#6449,#6450)),.UNSPECIFIED.,.F.,.F.,.F.,(4,4),(4,
1,1,1,1,1,1,1,1,1,4),(-5.644778978712E-2,1.056447789787E0),(-1.552123446061E-2,
0.E0,1.25E-1,2.5E-1,3.75E-1,5.E-1,6.25E-1,7.5E-1,8.75E-1,1.E0,1.015701788412E0),
.UNSPECIFIED.);
#6453=ORIENTED_EDGE('',*,*,#6452,.T.);
#6454=ORIENTED_EDGE('',*,*,#6391,.T.);
#6455=ORIENTED_EDGE('',*,*,#5837,.F.);
#6457=ORIENTED_EDGE('',*,*,#6456,.F.);
#6458=EDGE_LOOP('',(#6453,#6454,#6455,#6457));
#6459=FACE_OUTER_BOUND('',#6458,.F.);
#6461=CARTESIAN_POINT('',(-1.728631770221E0,-3.686368229779E0,1.251456E1));
#6462=DIRECTION('',(-4.363267749978E-3,4.363267749978E-3,-9.999809617133E-1));
#6463=DIRECTION('',(9.999904807207E-1,0.E0,-4.363309284747E-3));
#6464=AXIS2_PLACEMENT_3D('',#6461,#6462,#6463);
#6465=CYLINDRICAL_SURFACE('',#6464,2.5E-1);
#6467=ORIENTED_EDGE('',*,*,#6466,.F.);
#6468=ORIENTED_EDGE('',*,*,#6452,.F.);
#6469=ORIENTED_EDGE('',*,*,#5670,.T.);
#6470=ORIENTED_EDGE('',*,*,#3625,.T.);
#6471=EDGE_LOOP('',(#6467,#6468,#6469,#6470));
#6472=FACE_OUTER_BOUND('',#6471,.F.);
#6474=CARTESIAN_POINT('',(-1.565E0,-2.256E0,-7.28E0));
#6475=DIRECTION('',(9.999904807207E-1,0.E0,-4.363309284747E-3));
#6476=DIRECTION('',(0.E0,1.E0,0.E0));
#6477=AXIS2_PLACEMENT_3D('',#6474,#6475,#6476);
#6478=PLANE('',#6477);
#6479=ORIENTED_EDGE('',*,*,#6250,.F.);
#6480=ORIENTED_EDGE('',*,*,#6393,.F.);
#6481=ORIENTED_EDGE('',*,*,#6466,.T.);
#6482=ORIENTED_EDGE('',*,*,#3623,.T.);
#6484=ORIENTED_EDGE('',*,*,#6483,.F.);
#6485=EDGE_LOOP('',(#6479,#6480,#6481,#6482,#6484));
#6486=FACE_OUTER_BOUND('',#6485,.F.);
#6488=CARTESIAN_POINT('',(-1.543823204017E0,-2.256E0,0.E0));
#6489=DIRECTION('',(0.E0,1.E0,0.E0));
#6490=DIRECTION('',(0.E0,0.E0,-1.E0));
#6491=AXIS2_PLACEMENT_3D('',#6488,#6489,#6490);
#6492=PLANE('',#6491);
#6493=ORIENTED_EDGE('',*,*,#6252,.T.);
#6494=ORIENTED_EDGE('',*,*,#6483,.T.);
#6495=ORIENTED_EDGE('',*,*,#3621,.F.);
#6496=ORIENTED_EDGE('',*,*,#6140,.F.);
#6497=EDGE_LOOP('',(#6493,#6494,#6495,#6496));
#6498=FACE_OUTER_BOUND('',#6497,.F.);
#6500=CARTESIAN_POINT('',(-1.970318324590E0,-3.956437945778E0,
-7.499928605406E-2));
#6501=DIRECTION('',(0.E0,7.055624319347E-1,7.086477648609E-1));
#6502=DIRECTION('',(0.E0,-7.086477648609E-1,7.055624319347E-1));
#6503=AXIS2_PLACEMENT_3D('',#6500,#6501,#6502);
#6504=PLANE('',#6503);
#6505=ORIENTED_EDGE('',*,*,#5672,.T.);
#6506=ORIENTED_EDGE('',*,*,#6456,.T.);
#6507=ORIENTED_EDGE('',*,*,#5835,.F.);
#6509=ORIENTED_EDGE('',*,*,#6508,.F.);
#6510=EDGE_LOOP('',(#6505,#6506,#6507,#6509));
#6511=FACE_OUTER_BOUND('',#6510,.F.);
#6513=CARTESIAN_POINT('',(-2.398171643127E0,-3.625239209325E0,
-1.584827563037E-1));
#6514=CARTESIAN_POINT('',(-2.398219347224E0,-3.627196524484E0,
-1.584769908154E-1));
#6515=CARTESIAN_POINT('',(-2.398435378022E0,-3.644924477058E0,
-1.584253923985E-1));
#6516=CARTESIAN_POINT('',(-2.395151751988E0,-3.678465732452E0,
-1.583383858023E-1));
#6517=CARTESIAN_POINT('',(-2.381255014669E0,-3.724253075909E0,
-1.582466835116E-1));
#6518=CARTESIAN_POINT('',(-2.358763441254E0,-3.766267692747E0,
-1.581905444846E-1));
#6519=CARTESIAN_POINT('',(-2.328415818907E0,-3.803184350423E0,
-1.581716550487E-1));
#6520=CARTESIAN_POINT('',(-2.291534602753E0,-3.833367958155E0,
-1.581909141999E-1));
#6521=CARTESIAN_POINT('',(-2.249372214689E0,-3.855852135418E0,
-1.582474994148E-1));
#6522=CARTESIAN_POINT('',(-2.203429117644E0,-3.869625587024E0,
-1.583400040904E-1));
#6523=CARTESIAN_POINT('',(-2.170392554994E0,-3.872794020206E0,
-1.584258906697E-1));
#6524=CARTESIAN_POINT('',(-2.152830942933E0,-3.872583011926E0,
-1.584769963273E-1));
#6525=CARTESIAN_POINT('',(-2.150870416894E0,-3.872536058942E0,
-1.584827688887E-1));
#6526=CARTESIAN_POINT('',(-2.454042693179E0,-3.623879880971E0,
-1.028325037516E-1));
#6527=CARTESIAN_POINT('',(-2.454101422530E0,-3.626290157963E0,
-1.028287627794E-1));
#6528=CARTESIAN_POINT('',(-2.454367317041E0,-3.648120706318E0,
-1.027952828317E-1));
#6529=CARTESIAN_POINT('',(-2.450323557501E0,-3.689423971691E0,
-1.027388280706E-1));
#6530=CARTESIAN_POINT('',(-2.433210538148E0,-3.745807423755E0,
-1.026793264796E-1));
#6531=CARTESIAN_POINT('',(-2.405513715197E0,-3.797545115461E0,
-1.026429003292E-1));
#6532=CARTESIAN_POINT('',(-2.368142854255E0,-3.843005154617E0,
-1.026306438035E-1));
#6533=CARTESIAN_POINT('',(-2.322726459632E0,-3.880174044837E0,
-1.026431402213E-1));
#6534=CARTESIAN_POINT('',(-2.270806799814E0,-3.907861761119E0,
-1.026798558834E-1));
#6535=CARTESIAN_POINT('',(-2.214231551349E0,-3.924822965433E0,
-1.027398781067E-1));
#6536=CARTESIAN_POINT('',(-2.173549773284E0,-3.928724870796E0,
-1.027956061380E-1));
#6537=CARTESIAN_POINT('',(-2.151924060258E0,-3.928465159886E0,
-1.028287663558E-1));
#6538=CARTESIAN_POINT('',(-2.149509829364E0,-3.928407355492E0,
-1.028325119175E-1));
#6539=CARTESIAN_POINT('',(-2.509913743231E0,-3.622520552617E0,
-4.718225119958E-2));
#6540=CARTESIAN_POINT('',(-2.509983497835E0,-3.625383791441E0,
-4.718053474334E-2));
#6541=CARTESIAN_POINT('',(-2.510299256059E0,-3.651316935578E0,
-4.716517326477E-2));
#6542=CARTESIAN_POINT('',(-2.505495363015E0,-3.700382210931E0,
-4.713927033896E-2));
#6543=CARTESIAN_POINT('',(-2.485166061627E0,-3.767361771601E0,
-4.711196944757E-2));
#6544=CARTESIAN_POINT('',(-2.452263989141E0,-3.828822538175E0,
-4.709525617392E-2));
#6545=CARTESIAN_POINT('',(-2.407869889602E0,-3.882825958811E0,
-4.708963255826E-2));
#6546=CARTESIAN_POINT('',(-2.353918316512E0,-3.926980131518E0,
-4.709536624269E-2));
#6547=CARTESIAN_POINT('',(-2.292241384939E0,-3.959871386821E0,
-4.711221235193E-2));
#6548=CARTESIAN_POINT('',(-2.225033985054E0,-3.980020343841E0,
-4.713975212306E-2));
#6549=CARTESIAN_POINT('',(-2.176706991574E0,-3.984655721386E0,
-4.716532160619E-2));
#6550=CARTESIAN_POINT('',(-2.151017177582E0,-3.984347307845E0,
-4.718053638431E-2));
#6551=CARTESIAN_POINT('',(-2.148149241833E0,-3.984278652042E0,
-4.718225494630E-2));
#6552=CARTESIAN_POINT('',(-2.565784793283E0,-3.621161224263E0,
8.468001352452E-3));
#6553=CARTESIAN_POINT('',(-2.565865573140E0,-3.624477424920E0,
8.467693292675E-3));
#6554=CARTESIAN_POINT('',(-2.566231195078E0,-3.654513164838E0,
8.464936302112E-3));
#6555=CARTESIAN_POINT('',(-2.560667168528E0,-3.711340450170E0,
8.460287392719E-3));
#6556=CARTESIAN_POINT('',(-2.537121585107E0,-3.788916119447E0,
8.455387584435E-3));
#6557=CARTESIAN_POINT('',(-2.499014263084E0,-3.860099960889E0,
8.452387981402E-3));
#6558=CARTESIAN_POINT('',(-2.447596924949E0,-3.922646763005E0,
8.451378686936E-3));
#6559=CARTESIAN_POINT('',(-2.385110173392E0,-3.973786218199E0,
8.452407735916E-3));
#6560=CARTESIAN_POINT('',(-2.313675970063E0,-4.011881012522E0,
8.455431179525E-3));
#6561=CARTESIAN_POINT('',(-2.235836418758E0,-4.035217722250E0,
8.460373860581E-3));
#6562=CARTESIAN_POINT('',(-2.179864209864E0,-4.040586571976E0,
8.464962925583E-3));
#6563=CARTESIAN_POINT('',(-2.150110294907E0,-4.040229455804E0,
8.467693587186E-3));
#6564=CARTESIAN_POINT('',(-2.146788654303E0,-4.040149948592E0,
8.468002024891E-3));
#6565=B_SPLINE_SURFACE_WITH_KNOTS('',3,3,((#6513,#6514,#6515,#6516,#6517,#6518,
#6519,#6520,#6521,#6522,#6523,#6524,#6525),(#6526,#6527,#6528,#6529,#6530,#6531,
#6532,#6533,#6534,#6535,#6536,#6537,#6538),(#6539,#6540,#6541,#6542,#6543,#6544,
#6545,#6546,#6547,#6548,#6549,#6550,#6551),(#6552,#6553,#6554,#6555,#6556,#6557,
#6558,#6559,#6560,#6561,#6562,#6563,#6564)),.UNSPECIFIED.,.F.,.F.,.F.,(4,4),(4,
1,1,1,1,1,1,1,1,1,4),(-5.644778978712E-2,1.056447789787E0),(-1.552123378395E-2,
0.E0,1.25E-1,2.5E-1,3.75E-1,5.E-1,6.25E-1,7.5E-1,8.75E-1,1.E0,1.015701792908E0),
.UNSPECIFIED.);
#6566=ORIENTED_EDGE('',*,*,#3574,.T.);
#6567=ORIENTED_EDGE('',*,*,#6508,.T.);
#6568=ORIENTED_EDGE('',*,*,#5833,.F.);
#6569=ORIENTED_EDGE('',*,*,#3534,.F.);
#6570=EDGE_LOOP('',(#6566,#6567,#6568,#6569));
#6571=FACE_OUTER_BOUND('',#6570,.F.);
#6573=CARTESIAN_POINT('',(0.E0,-3.656292829561E0,-6.983707170439E0));
#6574=DIRECTION('',(0.E0,7.071067811865E-1,7.071067811865E-1));
#6575=DIRECTION('',(0.E0,7.071067811865E-1,-7.071067811865E-1));
#6576=AXIS2_PLACEMENT_3D('',#6573,#6574,#6575);
#6577=PLANE('',#6576);
#6579=ORIENTED_EDGE('',*,*,#6578,.F.);
#6580=ORIENTED_EDGE('',*,*,#6190,.T.);
#6581=ORIENTED_EDGE('',*,*,#6175,.F.);
#6582=ORIENTED_EDGE('',*,*,#6145,.T.);
#6583=EDGE_LOOP('',(#6579,#6580,#6581,#6582));
#6584=FACE_OUTER_BOUND('',#6583,.F.);
#6586=CARTESIAN_POINT('',(1.082160821512E1,-3.186030303803E0,-6.86E0));
#6587=DIRECTION('',(-1.E0,0.E0,0.E0));
#6588=DIRECTION('',(0.E0,0.E0,-1.E0));
#6589=AXIS2_PLACEMENT_3D('',#6586,#6587,#6588);
#6590=CYLINDRICAL_SURFACE('',#6589,4.2E-1);
#6591=ORIENTED_EDGE('',*,*,#6143,.T.);
#6592=ORIENTED_EDGE('',*,*,#3617,.F.);
#6593=ORIENTED_EDGE('',*,*,#6192,.T.);
#6594=ORIENTED_EDGE('',*,*,#6578,.T.);
#6595=EDGE_LOOP('',(#6591,#6592,#6593,#6594));
#6596=FACE_OUTER_BOUND('',#6595,.F.);
#6598=CARTESIAN_POINT('',(3.E0,-1.574657797267E0,0.E0));
#6599=DIRECTION('',(0.E0,9.998476951564E-1,1.745240643728E-2));
#6600=DIRECTION('',(-1.E0,0.E0,0.E0));
#6601=AXIS2_PLACEMENT_3D('',#6598,#6599,#6600);
#6602=PLANE('',#6601);
#6603=ORIENTED_EDGE('',*,*,#5763,.F.);
#6604=ORIENTED_EDGE('',*,*,#5548,.F.);
#6605=ORIENTED_EDGE('',*,*,#5523,.F.);
#6607=ORIENTED_EDGE('',*,*,#6606,.F.);
#6608=ORIENTED_EDGE('',*,*,#5139,.T.);
#6609=ORIENTED_EDGE('',*,*,#5447,.F.);
#6611=ORIENTED_EDGE('',*,*,#6610,.F.);
#6612=ORIENTED_EDGE('',*,*,#5822,.T.);
#6613=EDGE_LOOP('',(#6603,#6604,#6605,#6607,#6608,#6609,#6611,#6612));
#6614=FACE_OUTER_BOUND('',#6613,.F.);
#6616=CARTESIAN_POINT('',(2.793698238631E0,1.749492821504E1,-2.4E0));
#6617=DIRECTION('',(0.E0,-1.E0,0.E0));
#6618=DIRECTION('',(9.999945016606E-1,0.E0,-3.316119501060E-3));
#6619=AXIS2_PLACEMENT_3D('',#6616,#6617,#6618);
#6620=CYLINDRICAL_SURFACE('',#6619,2.E-1);
#6621=ORIENTED_EDGE('',*,*,#5521,.F.);
#6622=ORIENTED_EDGE('',*,*,#5478,.T.);
#6623=ORIENTED_EDGE('',*,*,#5141,.T.);
#6624=ORIENTED_EDGE('',*,*,#6606,.T.);
#6625=EDGE_LOOP('',(#6621,#6622,#6623,#6624));
#6626=FACE_OUTER_BOUND('',#6625,.F.);
#6628=CARTESIAN_POINT('',(2.8E0,1.749492E1,-2.E-1));
#6629=DIRECTION('',(0.E0,-1.E0,0.E0));
#6630=DIRECTION('',(1.E0,0.E0,0.E0));
#6631=AXIS2_PLACEMENT_3D('',#6628,#6629,#6630);
#6632=CYLINDRICAL_SURFACE('',#6631,2.E-1);
#6634=ORIENTED_EDGE('',*,*,#6633,.T.);
#6635=ORIENTED_EDGE('',*,*,#5824,.F.);
#6636=ORIENTED_EDGE('',*,*,#6610,.T.);
#6637=ORIENTED_EDGE('',*,*,#5445,.T.);
#6638=EDGE_LOOP('',(#6634,#6635,#6636,#6637));
#6639=FACE_OUTER_BOUND('',#6638,.F.);
#6641=CARTESIAN_POINT('',(2.5E0,-4.35E0,-2.E-1));
#6642=DIRECTION('',(0.E0,0.E0,1.E0));
#6643=DIRECTION('',(1.E0,0.E0,0.E0));
#6644=AXIS2_PLACEMENT_3D('',#6641,#6642,#6643);
#6645=TOROIDAL_SURFACE('',#6644,3.E-1,2.E-1);
#6646=ORIENTED_EDGE('',*,*,#3471,.T.);
#6647=ORIENTED_EDGE('',*,*,#5826,.T.);
#6648=ORIENTED_EDGE('',*,*,#6633,.F.);
#6650=ORIENTED_EDGE('',*,*,#6649,.F.);
#6651=EDGE_LOOP('',(#6646,#6647,#6648,#6650));
#6652=FACE_OUTER_BOUND('',#6651,.F.);
#6654=CARTESIAN_POINT('',(2.5E0,-4.35E0,-5.147852E-1));
#6655=DIRECTION('',(0.E0,0.E0,1.E0));
#6656=DIRECTION('',(0.E0,-1.E0,0.E0));
#6657=AXIS2_PLACEMENT_3D('',#6654,#6655,#6656);
#6658=CYLINDRICAL_SURFACE('',#6657,5.E-1);
#6659=ORIENTED_EDGE('',*,*,#5443,.F.);
#6661=ORIENTED_EDGE('',*,*,#6660,.F.);
#6662=ORIENTED_EDGE('',*,*,#3455,.T.);
#6663=ORIENTED_EDGE('',*,*,#6649,.T.);
#6664=EDGE_LOOP('',(#6659,#6661,#6662,#6663));
#6665=FACE_OUTER_BOUND('',#6664,.F.);
#6667=CARTESIAN_POINT('',(2.428320392789E0,-4.278320392789E0,-2.211456E1));
#6668=DIRECTION('',(3.316101268109E-3,-3.316101268109E-3,9.999890034119E-1));
#6669=DIRECTION('',(0.E0,-9.999945016606E-1,-3.316119501059E-3));
#6670=AXIS2_PLACEMENT_3D('',#6667,#6668,#6669);
#6671=CYLINDRICAL_SURFACE('',#6670,5.E-1);
#6672=ORIENTED_EDGE('',*,*,#4959,.T.);
#6673=ORIENTED_EDGE('',*,*,#6660,.T.);
#6674=ORIENTED_EDGE('',*,*,#5135,.F.);
#6676=ORIENTED_EDGE('',*,*,#6675,.T.);
#6677=EDGE_LOOP('',(#6672,#6673,#6674,#6676));
#6678=FACE_OUTER_BOUND('',#6677,.F.);
#6680=CARTESIAN_POINT('',(2.460481910329E0,-4.820063447674E0,
-9.388668815852E0));
#6681=CARTESIAN_POINT('',(2.463815717255E0,-4.820130597260E0,
-9.388668815852E0));
#6682=CARTESIAN_POINT('',(2.499811057981E0,-4.820492196842E0,
-9.388668815852E0));
#6683=CARTESIAN_POINT('',(2.568619393255E0,-4.813721822233E0,
-9.388668815852E0));
#6684=CARTESIAN_POINT('',(2.662940525130E0,-4.785101355601E0,
-9.388668815852E0));
#6685=CARTESIAN_POINT('',(2.749889136727E0,-4.738627777622E0,
-9.388668815852E0));
#6686=CARTESIAN_POINT('',(2.826089629869E0,-4.676088286539E0,
-9.388668815852E0));
#6687=CARTESIAN_POINT('',(2.888628717148E0,-4.599887683833E0,
-9.388668815852E0));
#6688=CARTESIAN_POINT('',(2.935101720538E0,-4.512939502653E0,
-9.388668815852E0));
#6689=CARTESIAN_POINT('',(2.963721873560E0,-4.418618917089E0,
-9.388668815852E0));
#6690=CARTESIAN_POINT('',(2.970492059744E0,-4.349812398360E0,
-9.388668815852E0));
#6691=CARTESIAN_POINT('',(2.970130625088E0,-4.313818491597E0,
-9.388668815852E0));
#6692=CARTESIAN_POINT('',(2.970063531376E0,-4.310486070066E0,
-9.388668815852E0));
#6693=CARTESIAN_POINT('',(2.460336365023E0,-4.827330924775E0,
-9.516762602096E0));
#6694=CARTESIAN_POINT('',(2.463718669645E0,-4.827399053833E0,
-9.516762602096E0));
#6695=CARTESIAN_POINT('',(2.500237643117E0,-4.827765937982E0,
-9.516762602096E0));
#6696=CARTESIAN_POINT('',(2.570046946467E0,-4.820897044584E0,
-9.516762602096E0));
#6697=CARTESIAN_POINT('',(2.665740194567E0,-4.791860239427E0,
-9.516762602096E0));
#6698=CARTESIAN_POINT('',(2.753953674793E0,-4.744710592860E0,
-9.516762602096E0));
#6699=CARTESIAN_POINT('',(2.831262682466E0,-4.681261319593E0,
-9.516762602096E0));
#6700=CARTESIAN_POINT('',(2.894711546054E0,-4.603952200763E0,
-9.516762602096E0));
#6701=CARTESIAN_POINT('',(2.941860609673E0,-4.515739157216E0,
-9.516762602096E0));
#6702=CARTESIAN_POINT('',(2.970897096659E0,-4.420046463375E0,
-9.516762602096E0));
#6703=CARTESIAN_POINT('',(2.977765798887E0,-4.350239002995E0,
-9.516762602096E0));
#6704=CARTESIAN_POINT('',(2.977399082068E0,-4.313721484346E0,
-9.516762602096E0));
#6705=CARTESIAN_POINT('',(2.977331009698E0,-4.310340585272E0,
-9.516762602096E0));
#6706=CARTESIAN_POINT('',(2.462155884880E0,-4.736477298280E0,
-9.607333760588E0));
#6707=CARTESIAN_POINT('',(2.464931900487E0,-4.736533182564E0,
-9.607333760588E0));
#6708=CARTESIAN_POINT('',(2.494904732386E0,-4.736834002230E0,
-9.607333760588E0));
#6709=CARTESIAN_POINT('',(2.552200535043E0,-4.731196731466E0,
-9.607333760588E0));
#6710=CARTESIAN_POINT('',(2.630740411583E0,-4.707364740065E0,
-9.607333760588E0));
#6711=CARTESIAN_POINT('',(2.703141265180E0,-4.668666896262E0,
-9.607333760588E0));
#6712=CARTESIAN_POINT('',(2.766592291088E0,-4.616591172517E0,
-9.607333760588E0));
#6713=CARTESIAN_POINT('',(2.818667678591E0,-4.553140055376E0,
-9.607333760588E0));
#6714=CARTESIAN_POINT('',(2.857365043946E0,-4.480739560181E0,
-9.607333760588E0));
#6715=CARTESIAN_POINT('',(2.881196774196E0,-4.402200138546E0,
-9.607333760588E0));
#6716=CARTESIAN_POINT('',(2.886833888097E0,-4.344905848502E0,
-9.607333760588E0));
#6717=CARTESIAN_POINT('',(2.886533205710E0,-4.314934210644E0,
-9.607333760588E0));
#6718=CARTESIAN_POINT('',(2.886477367932E0,-4.312159348636E0,
-9.607333760588E0));
#6719=CARTESIAN_POINT('',(2.464720195555E0,-4.608434219554E0,
-9.599640079203E0));
#6720=CARTESIAN_POINT('',(2.466641747613E0,-4.608472846865E0,
-9.599640079203E0));
#6721=CARTESIAN_POINT('',(2.487388881509E0,-4.608680559627E0,
-9.599640079203E0));
#6722=CARTESIAN_POINT('',(2.527048985775E0,-4.604779056163E0,
-9.599640079203E0));
#6723=CARTESIAN_POINT('',(2.581414037491E0,-4.588282384256E0,
-9.599640079203E0));
#6724=CARTESIAN_POINT('',(2.631529623297E0,-4.561495951019E0,
-9.599640079203E0));
#6725=CARTESIAN_POINT('',(2.675450128317E0,-4.525449354046E0,
-9.599640079203E0));
#6726=CARTESIAN_POINT('',(2.711496492543E0,-4.481528785876E0,
-9.599640079203E0));
#6727=CARTESIAN_POINT('',(2.738282594606E0,-4.431413448154E0,
-9.599640079203E0));
#6728=CARTESIAN_POINT('',(2.754779085722E0,-4.377048711321E0,
-9.599640079203E0));
#6729=CARTESIAN_POINT('',(2.758680480675E0,-4.337389654082E0,
-9.599640079203E0));
#6730=CARTESIAN_POINT('',(2.758472862839E0,-4.316643346700E0,
-9.599640079203E0));
#6731=CARTESIAN_POINT('',(2.758434267686E0,-4.314722593160E0,
-9.599640079203E0));
#6732=(BOUNDED_SURFACE()B_SPLINE_SURFACE(3,3,((#6680,#6681,#6682,#6683,#6684,
#6685,#6686,#6687,#6688,#6689,#6690,#6691,#6692),(#6693,#6694,#6695,#6696,#6697,
#6698,#6699,#6700,#6701,#6702,#6703,#6704,#6705),(#6706,#6707,#6708,#6709,#6710,
#6711,#6712,#6713,#6714,#6715,#6716,#6717,#6718),(#6719,#6720,#6721,#6722,#6723,
#6724,#6725,#6726,#6727,#6728,#6729,#6730,#6731)),.UNSPECIFIED.,.F.,.F.,.F.)B_SPLINE_SURFACE_WITH_KNOTS((4,4),(4,1,1,1,1,1,1,1,1,1,4),(0.E0,1.E0),(
-1.276569938019E-2,0.E0,1.250064811771E-1,2.500100489374E-1,3.750148427527E-1,
5.000013202630E-1,6.249874281535E-1,7.499915866484E-1,8.749937058494E-1,1.E0,
1.012760390345E0),.UNSPECIFIED.)GEOMETRIC_REPRESENTATION_ITEM()RATIONAL_B_SPLINE_SURFACE(((1.201438363976E0,1.201438363976E0,1.201438363976E0,1.201438363976E0,
1.201438363976E0,1.201438363976E0,1.201438363976E0,1.201438363976E0,
1.201438363976E0,1.201438363976E0,1.201438363976E0,1.201438363976E0,
1.201438363976E0),(9.328538786747E-1,9.328538786747E-1,9.328538786747E-1,
9.328538786747E-1,9.328538786747E-1,9.328538786747E-1,9.328538786747E-1,
9.328538786747E-1,9.328538786747E-1,9.328538786747E-1,9.328538786747E-1,
9.328538786747E-1,9.328538786747E-1),(9.328538786747E-1,9.328538786747E-1,
9.328538786747E-1,9.328538786747E-1,9.328538786747E-1,9.328538786747E-1,
9.328538786747E-1,9.328538786747E-1,9.328538786747E-1,9.328538786747E-1,
9.328538786747E-1,9.328538786747E-1,9.328538786747E-1),(1.201438363976E0,
1.201438363976E0,1.201438363976E0,1.201438363976E0,1.201438363976E0,
1.201438363976E0,1.201438363976E0,1.201438363976E0,1.201438363976E0,
1.201438363976E0,1.201438363976E0,1.201438363976E0,1.201438363976E0)))REPRESENTATION_ITEM('')SURFACE());
#6734=ORIENTED_EDGE('',*,*,#6733,.T.);
#6735=ORIENTED_EDGE('',*,*,#4858,.T.);
#6737=ORIENTED_EDGE('',*,*,#6736,.F.);
#6738=ORIENTED_EDGE('',*,*,#6675,.F.);
#6739=EDGE_LOOP('',(#6734,#6735,#6737,#6738));
#6740=FACE_OUTER_BOUND('',#6739,.F.);
#6742=CARTESIAN_POINT('',(2.770485274491E0,1.749492E1,-9.4E0));
#6743=DIRECTION('',(0.E0,-1.E0,0.E0));
#6744=DIRECTION('',(0.E0,0.E0,-1.E0));
#6745=AXIS2_PLACEMENT_3D('',#6742,#6743,#6744);
#6746=CYLINDRICAL_SURFACE('',#6745,2.E-1);
#6747=ORIENTED_EDGE('',*,*,#4130,.T.);
#6748=ORIENTED_EDGE('',*,*,#4860,.T.);
#6749=ORIENTED_EDGE('',*,*,#6733,.F.);
#6750=ORIENTED_EDGE('',*,*,#5133,.F.);
#6751=EDGE_LOOP('',(#6747,#6748,#6749,#6750));
#6752=FACE_OUTER_BOUND('',#6751,.F.);
#6754=CARTESIAN_POINT('',(1.08216E1,-4.620485274491E0,-9.4E0));
#6755=DIRECTION('',(-1.E0,0.E0,0.E0));
#6756=DIRECTION('',(0.E0,0.E0,-1.E0));
#6757=AXIS2_PLACEMENT_3D('',#6754,#6755,#6756);
#6758=CYLINDRICAL_SURFACE('',#6757,2.E-1);
#6759=ORIENTED_EDGE('',*,*,#6736,.T.);
#6760=ORIENTED_EDGE('',*,*,#4869,.T.);
#6762=ORIENTED_EDGE('',*,*,#6761,.F.);
#6763=ORIENTED_EDGE('',*,*,#4961,.F.);
#6764=EDGE_LOOP('',(#6759,#6760,#6762,#6763));
#6765=FACE_OUTER_BOUND('',#6764,.F.);
#6767=CARTESIAN_POINT('',(1.1E0,-4.15E0,-9.6E0));
#6768=DIRECTION('',(1.E0,0.E0,0.E0));
#6769=DIRECTION('',(0.E0,-1.E0,0.E0));
#6770=AXIS2_PLACEMENT_3D('',#6767,#6768,#6769);
#6771=PLANE('',#6770);
#6772=ORIENTED_EDGE('',*,*,#4609,.T.);
#6773=ORIENTED_EDGE('',*,*,#4512,.F.);
#6774=ORIENTED_EDGE('',*,*,#4963,.F.);
#6775=ORIENTED_EDGE('',*,*,#6761,.T.);
#6776=ORIENTED_EDGE('',*,*,#4867,.T.);
#6778=ORIENTED_EDGE('',*,*,#6777,.T.);
#6779=EDGE_LOOP('',(#6772,#6773,#6774,#6775,#6776,#6778));
#6780=FACE_OUTER_BOUND('',#6779,.F.);
#6782=CARTESIAN_POINT('',(1.E0,-4.15E0,-9.6E0));
#6783=DIRECTION('',(0.E0,1.E0,0.E0));
#6784=DIRECTION('',(1.E0,0.E0,0.E0));
#6785=AXIS2_PLACEMENT_3D('',#6782,#6783,#6784);
#6786=PLANE('',#6785);
#6787=ORIENTED_EDGE('',*,*,#4865,.F.);
#6789=ORIENTED_EDGE('',*,*,#6788,.T.);
#6790=ORIENTED_EDGE('',*,*,#4611,.T.);
#6791=ORIENTED_EDGE('',*,*,#6777,.F.);
#6792=EDGE_LOOP('',(#6787,#6789,#6790,#6791));
#6793=FACE_OUTER_BOUND('',#6792,.F.);
#6795=CARTESIAN_POINT('',(1.E0,4.15E0,-9.6E0));
#6796=DIRECTION('',(1.E0,0.E0,0.E0));
#6797=DIRECTION('',(0.E0,-1.E0,0.E0));
#6798=AXIS2_PLACEMENT_3D('',#6795,#6796,#6797);
#6799=PLANE('',#6798);
#6800=ORIENTED_EDGE('',*,*,#4844,.F.);
#6802=ORIENTED_EDGE('',*,*,#6801,.T.);
#6803=ORIENTED_EDGE('',*,*,#4591,.T.);
#6804=ORIENTED_EDGE('',*,*,#5247,.F.);
#6805=EDGE_LOOP('',(#6800,#6802,#6803,#6804));
#6806=FACE_OUTER_BOUND('',#6805,.F.);
#6808=CARTESIAN_POINT('',(1.E0,4.15E0,-9.6E0));
#6809=DIRECTION('',(1.E0,0.E0,0.E0));
#6810=DIRECTION('',(0.E0,-1.E0,0.E0));
#6811=AXIS2_PLACEMENT_3D('',#6808,#6809,#6810);
#6812=PLANE('',#6811);
#6813=ORIENTED_EDGE('',*,*,#4863,.F.);
#6814=ORIENTED_EDGE('',*,*,#4126,.T.);
#6815=ORIENTED_EDGE('',*,*,#4613,.T.);
#6816=ORIENTED_EDGE('',*,*,#6788,.F.);
#6817=EDGE_LOOP('',(#6813,#6814,#6815,#6816));
#6818=FACE_OUTER_BOUND('',#6817,.F.);
#6820=CARTESIAN_POINT('',(1.1E0,4.15E0,-9.6E0));
#6821=DIRECTION('',(0.E0,-1.E0,0.E0));
#6822=DIRECTION('',(-1.E0,0.E0,0.E0));
#6823=AXIS2_PLACEMENT_3D('',#6820,#6821,#6822);
#6824=PLANE('',#6823);
#6825=ORIENTED_EDGE('',*,*,#4842,.F.);
#6826=ORIENTED_EDGE('',*,*,#4706,.T.);
#6827=ORIENTED_EDGE('',*,*,#4593,.T.);
#6828=ORIENTED_EDGE('',*,*,#6801,.F.);
#6829=EDGE_LOOP('',(#6825,#6826,#6827,#6828));
#6830=FACE_OUTER_BOUND('',#6829,.F.);
#6832=CARTESIAN_POINT('',(2.53E0,4.19E-1,-7.28E0));
#6833=DIRECTION('',(0.E0,9.999904807207E-1,4.363309284747E-3));
#6834=DIRECTION('',(-1.E0,0.E0,0.E0));
#6835=AXIS2_PLACEMENT_3D('',#6832,#6833,#6834);
#6836=PLANE('',#6835);
#6837=ORIENTED_EDGE('',*,*,#5516,.T.);
#6839=ORIENTED_EDGE('',*,*,#6838,.F.);
#6840=ORIENTED_EDGE('',*,*,#3648,.F.);
#6841=ORIENTED_EDGE('',*,*,#5610,.F.);
#6842=ORIENTED_EDGE('',*,*,#5564,.T.);
#6843=EDGE_LOOP('',(#6837,#6839,#6840,#6841,#6842));
#6844=FACE_OUTER_BOUND('',#6843,.F.);
#6846=CARTESIAN_POINT('',(1.87E0,4.19E-1,-7.28E0));
#6847=DIRECTION('',(-9.999904807207E-1,0.E0,4.363309284747E-3));
#6848=DIRECTION('',(0.E0,-1.E0,0.E0));
#6849=AXIS2_PLACEMENT_3D('',#6846,#6847,#6848);
#6850=PLANE('',#6849);
#6851=ORIENTED_EDGE('',*,*,#3599,.F.);
#6852=ORIENTED_EDGE('',*,*,#6838,.T.);
#6853=ORIENTED_EDGE('',*,*,#5514,.T.);
#6854=ORIENTED_EDGE('',*,*,#5587,.F.);
#6855=EDGE_LOOP('',(#6851,#6852,#6853,#6854));
#6856=FACE_OUTER_BOUND('',#6855,.F.);
#6858=CARTESIAN_POINT('',(-2.460481910329E0,4.820063447674E0,
-9.388668815852E0));
#6859=CARTESIAN_POINT('',(-2.463815717255E0,4.820130597260E0,
-9.388668815852E0));
#6860=CARTESIAN_POINT('',(-2.499811057981E0,4.820492196842E0,
-9.388668815852E0));
#6861=CARTESIAN_POINT('',(-2.568619393255E0,4.813721822233E0,
-9.388668815852E0));
#6862=CARTESIAN_POINT('',(-2.662940525130E0,4.785101355601E0,
-9.388668815852E0));
#6863=CARTESIAN_POINT('',(-2.749889136727E0,4.738627777622E0,
-9.388668815852E0));
#6864=CARTESIAN_POINT('',(-2.826089629869E0,4.676088286539E0,
-9.388668815852E0));
#6865=CARTESIAN_POINT('',(-2.888628717148E0,4.599887683833E0,
-9.388668815852E0));
#6866=CARTESIAN_POINT('',(-2.935101720538E0,4.512939502653E0,
-9.388668815852E0));
#6867=CARTESIAN_POINT('',(-2.963721873560E0,4.418618917089E0,
-9.388668815852E0));
#6868=CARTESIAN_POINT('',(-2.970492059744E0,4.349812398360E0,
-9.388668815852E0));
#6869=CARTESIAN_POINT('',(-2.970130625088E0,4.313818491597E0,
-9.388668815852E0));
#6870=CARTESIAN_POINT('',(-2.970063531376E0,4.310486070066E0,
-9.388668815852E0));
#6871=CARTESIAN_POINT('',(-2.460336365023E0,4.827330924775E0,
-9.516762602096E0));
#6872=CARTESIAN_POINT('',(-2.463718669645E0,4.827399053833E0,
-9.516762602096E0));
#6873=CARTESIAN_POINT('',(-2.500237643117E0,4.827765937982E0,
-9.516762602096E0));
#6874=CARTESIAN_POINT('',(-2.570046946467E0,4.820897044584E0,
-9.516762602096E0));
#6875=CARTESIAN_POINT('',(-2.665740194567E0,4.791860239427E0,
-9.516762602096E0));
#6876=CARTESIAN_POINT('',(-2.753953674793E0,4.744710592860E0,
-9.516762602096E0));
#6877=CARTESIAN_POINT('',(-2.831262682466E0,4.681261319593E0,
-9.516762602096E0));
#6878=CARTESIAN_POINT('',(-2.894711546054E0,4.603952200763E0,
-9.516762602096E0));
#6879=CARTESIAN_POINT('',(-2.941860609673E0,4.515739157216E0,
-9.516762602096E0));
#6880=CARTESIAN_POINT('',(-2.970897096659E0,4.420046463375E0,
-9.516762602096E0));
#6881=CARTESIAN_POINT('',(-2.977765798887E0,4.350239002995E0,
-9.516762602096E0));
#6882=CARTESIAN_POINT('',(-2.977399082068E0,4.313721484346E0,
-9.516762602096E0));
#6883=CARTESIAN_POINT('',(-2.977331009698E0,4.310340585272E0,
-9.516762602096E0));
#6884=CARTESIAN_POINT('',(-2.462155884880E0,4.736477298280E0,
-9.607333760588E0));
#6885=CARTESIAN_POINT('',(-2.464931900487E0,4.736533182564E0,
-9.607333760588E0));
#6886=CARTESIAN_POINT('',(-2.494904732386E0,4.736834002230E0,
-9.607333760588E0));
#6887=CARTESIAN_POINT('',(-2.552200535043E0,4.731196731466E0,
-9.607333760588E0));
#6888=CARTESIAN_POINT('',(-2.630740411583E0,4.707364740065E0,
-9.607333760588E0));
#6889=CARTESIAN_POINT('',(-2.703141265180E0,4.668666896262E0,
-9.607333760588E0));
#6890=CARTESIAN_POINT('',(-2.766592291088E0,4.616591172517E0,
-9.607333760588E0));
#6891=CARTESIAN_POINT('',(-2.818667678591E0,4.553140055376E0,
-9.607333760588E0));
#6892=CARTESIAN_POINT('',(-2.857365043946E0,4.480739560181E0,
-9.607333760588E0));
#6893=CARTESIAN_POINT('',(-2.881196774196E0,4.402200138546E0,
-9.607333760588E0));
#6894=CARTESIAN_POINT('',(-2.886833888097E0,4.344905848502E0,
-9.607333760588E0));
#6895=CARTESIAN_POINT('',(-2.886533205710E0,4.314934210644E0,
-9.607333760588E0));
#6896=CARTESIAN_POINT('',(-2.886477367932E0,4.312159348636E0,
-9.607333760588E0));
#6897=CARTESIAN_POINT('',(-2.464720195555E0,4.608434219554E0,
-9.599640079203E0));
#6898=CARTESIAN_POINT('',(-2.466641747613E0,4.608472846865E0,
-9.599640079203E0));
#6899=CARTESIAN_POINT('',(-2.487388881509E0,4.608680559627E0,
-9.599640079203E0));
#6900=CARTESIAN_POINT('',(-2.527048985775E0,4.604779056163E0,
-9.599640079203E0));
#6901=CARTESIAN_POINT('',(-2.581414037491E0,4.588282384256E0,
-9.599640079203E0));
#6902=CARTESIAN_POINT('',(-2.631529623297E0,4.561495951019E0,
-9.599640079203E0));
#6903=CARTESIAN_POINT('',(-2.675450128317E0,4.525449354046E0,
-9.599640079203E0));
#6904=CARTESIAN_POINT('',(-2.711496492543E0,4.481528785876E0,
-9.599640079203E0));
#6905=CARTESIAN_POINT('',(-2.738282594606E0,4.431413448154E0,
-9.599640079203E0));
#6906=CARTESIAN_POINT('',(-2.754779085722E0,4.377048711321E0,
-9.599640079203E0));
#6907=CARTESIAN_POINT('',(-2.758680480675E0,4.337389654082E0,
-9.599640079203E0));
#6908=CARTESIAN_POINT('',(-2.758472862839E0,4.316643346700E0,
-9.599640079203E0));
#6909=CARTESIAN_POINT('',(-2.758434267686E0,4.314722593160E0,
-9.599640079203E0));
#6910=(BOUNDED_SURFACE()B_SPLINE_SURFACE(3,3,((#6858,#6859,#6860,#6861,#6862,
#6863,#6864,#6865,#6866,#6867,#6868,#6869,#6870),(#6871,#6872,#6873,#6874,#6875,
#6876,#6877,#6878,#6879,#6880,#6881,#6882,#6883),(#6884,#6885,#6886,#6887,#6888,
#6889,#6890,#6891,#6892,#6893,#6894,#6895,#6896),(#6897,#6898,#6899,#6900,#6901,
#6902,#6903,#6904,#6905,#6906,#6907,#6908,#6909)),.UNSPECIFIED.,.F.,.F.,.F.)B_SPLINE_SURFACE_WITH_KNOTS((4,4),(4,1,1,1,1,1,1,1,1,1,4),(0.E0,1.E0),(
-1.276569938019E-2,0.E0,1.250064811771E-1,2.500100489374E-1,3.750148427527E-1,
5.000013202630E-1,6.249874281535E-1,7.499915866484E-1,8.749937058494E-1,1.E0,
1.012760390345E0),.UNSPECIFIED.)GEOMETRIC_REPRESENTATION_ITEM()RATIONAL_B_SPLINE_SURFACE(((1.201438363976E0,1.201438363976E0,1.201438363976E0,1.201438363976E0,
1.201438363976E0,1.201438363976E0,1.201438363976E0,1.201438363976E0,
1.201438363976E0,1.201438363976E0,1.201438363976E0,1.201438363976E0,
1.201438363976E0),(9.328538786747E-1,9.328538786747E-1,9.328538786747E-1,
9.328538786747E-1,9.328538786747E-1,9.328538786747E-1,9.328538786747E-1,
9.328538786747E-1,9.328538786747E-1,9.328538786747E-1,9.328538786747E-1,
9.328538786747E-1,9.328538786747E-1),(9.328538786747E-1,9.328538786747E-1,
9.328538786747E-1,9.328538786747E-1,9.328538786747E-1,9.328538786747E-1,
9.328538786747E-1,9.328538786747E-1,9.328538786747E-1,9.328538786747E-1,
9.328538786747E-1,9.328538786747E-1,9.328538786747E-1),(1.201438363976E0,
1.201438363976E0,1.201438363976E0,1.201438363976E0,1.201438363976E0,
1.201438363976E0,1.201438363976E0,1.201438363976E0,1.201438363976E0,
1.201438363976E0,1.201438363976E0,1.201438363976E0,1.201438363976E0)))REPRESENTATION_ITEM('')SURFACE());
#6912=ORIENTED_EDGE('',*,*,#6911,.T.);
#6913=ORIENTED_EDGE('',*,*,#4817,.T.);
#6915=ORIENTED_EDGE('',*,*,#6914,.F.);
#6916=ORIENTED_EDGE('',*,*,#5364,.F.);
#6917=EDGE_LOOP('',(#6912,#6913,#6915,#6916));
#6918=FACE_OUTER_BOUND('',#6917,.F.);
#6920=CARTESIAN_POINT('',(-2.770485274491E0,-1.749492E1,-9.4E0));
#6921=DIRECTION('',(0.E0,1.E0,0.E0));
#6922=DIRECTION('',(0.E0,0.E0,-1.E0));
#6923=AXIS2_PLACEMENT_3D('',#6920,#6921,#6922);
#6924=CYLINDRICAL_SURFACE('',#6923,2.E-1);
#6925=ORIENTED_EDGE('',*,*,#5215,.T.);
#6926=ORIENTED_EDGE('',*,*,#4819,.T.);
#6927=ORIENTED_EDGE('',*,*,#6911,.F.);
#6928=ORIENTED_EDGE('',*,*,#5000,.F.);
#6929=EDGE_LOOP('',(#6925,#6926,#6927,#6928));
#6930=FACE_OUTER_BOUND('',#6929,.F.);
#6932=CARTESIAN_POINT('',(1.08216E1,4.620485274491E0,-9.4E0));
#6933=DIRECTION('',(-1.E0,0.E0,0.E0));
#6934=DIRECTION('',(0.E0,9.999945016606E-1,-3.316119501058E-3));
#6935=AXIS2_PLACEMENT_3D('',#6932,#6933,#6934);
#6936=CYLINDRICAL_SURFACE('',#6935,2.E-1);
#6937=ORIENTED_EDGE('',*,*,#6914,.T.);
#6938=ORIENTED_EDGE('',*,*,#4829,.F.);
#6939=ORIENTED_EDGE('',*,*,#5328,.F.);
#6940=ORIENTED_EDGE('',*,*,#5342,.T.);
#6941=EDGE_LOOP('',(#6937,#6938,#6939,#6940));
#6942=FACE_OUTER_BOUND('',#6941,.F.);
#6944=CARTESIAN_POINT('',(2.770485274491E0,1.749492E1,-9.4E0));
#6945=DIRECTION('',(0.E0,-1.E0,0.E0));
#6946=DIRECTION('',(0.E0,0.E0,-1.E0));
#6947=AXIS2_PLACEMENT_3D('',#6944,#6945,#6946);
#6948=CYLINDRICAL_SURFACE('',#6947,2.E-1);
#6949=ORIENTED_EDGE('',*,*,#5244,.T.);
#6950=ORIENTED_EDGE('',*,*,#5149,.F.);
#6951=ORIENTED_EDGE('',*,*,#4784,.T.);
#6952=ORIENTED_EDGE('',*,*,#4848,.T.);
#6953=EDGE_LOOP('',(#6949,#6950,#6951,#6952));
#6954=FACE_OUTER_BOUND('',#6953,.F.);
#6956=CARTESIAN_POINT('',(-2.770485274491E0,-1.749492E1,-9.4E0));
#6957=DIRECTION('',(0.E0,1.E0,0.E0));
#6958=DIRECTION('',(0.E0,0.E0,-1.E0));
#6959=AXIS2_PLACEMENT_3D('',#6956,#6957,#6958);
#6960=CYLINDRICAL_SURFACE('',#6959,2.E-1);
#6961=ORIENTED_EDGE('',*,*,#4091,.T.);
#6962=ORIENTED_EDGE('',*,*,#5012,.F.);
#6963=ORIENTED_EDGE('',*,*,#4930,.T.);
#6964=ORIENTED_EDGE('',*,*,#4807,.T.);
#6965=EDGE_LOOP('',(#6961,#6962,#6963,#6964));
#6966=FACE_OUTER_BOUND('',#6965,.F.);
#6968=CARTESIAN_POINT('',(-9.5E-1,3.85E0,-9.413E0));
#6969=DIRECTION('',(0.E0,1.745240643728E-2,9.998476951564E-1));
#6970=DIRECTION('',(0.E0,9.998476951564E-1,-1.745240643728E-2));
#6971=AXIS2_PLACEMENT_3D('',#6968,#6969,#6970);
#6972=PLANE('',#6971);
#6973=ORIENTED_EDGE('',*,*,#3910,.T.);
#6975=ORIENTED_EDGE('',*,*,#6974,.T.);
#6976=ORIENTED_EDGE('',*,*,#4005,.F.);
#6977=ORIENTED_EDGE('',*,*,#4637,.T.);
#6978=EDGE_LOOP('',(#6973,#6975,#6976,#6977));
#6979=FACE_OUTER_BOUND('',#6978,.F.);
#6981=CARTESIAN_POINT('',(-9.5E-1,5.606E0,-9.443651094014E0));
#6982=DIRECTION('',(0.E0,9.998476951564E-1,-1.745240643728E-2));
#6983=DIRECTION('',(0.E0,-1.745240643728E-2,-9.998476951564E-1));
#6984=AXIS2_PLACEMENT_3D('',#6981,#6982,#6983);
#6985=PLANE('',#6984);
#6986=ORIENTED_EDGE('',*,*,#3908,.T.);
#6988=ORIENTED_EDGE('',*,*,#6987,.T.);
#6989=ORIENTED_EDGE('',*,*,#4007,.F.);
#6990=ORIENTED_EDGE('',*,*,#6974,.F.);
#6991=EDGE_LOOP('',(#6986,#6988,#6989,#6990));
#6992=FACE_OUTER_BOUND('',#6991,.F.);
#6994=CARTESIAN_POINT('',(-9.5E-1,5.601462374326E0,-9.703611494755E0));
#6995=DIRECTION('',(0.E0,-1.745240643728E-2,-9.998476951564E-1));
#6996=DIRECTION('',(0.E0,-9.998476951564E-1,1.745240643728E-2));
#6997=AXIS2_PLACEMENT_3D('',#6994,#6995,#6996);
#6998=PLANE('',#6997);
#6999=ORIENTED_EDGE('',*,*,#3906,.T.);
#7001=ORIENTED_EDGE('',*,*,#7000,.T.);
#7002=ORIENTED_EDGE('',*,*,#4009,.F.);
#7003=ORIENTED_EDGE('',*,*,#6987,.F.);
#7004=EDGE_LOOP('',(#6999,#7001,#7002,#7003));
#7005=FACE_OUTER_BOUND('',#7004,.F.);
#7007=CARTESIAN_POINT('',(-9.5E-1,3.083795931092E0,-9.229599962461E0));
#7008=DIRECTION('',(-1.E0,0.E0,0.E0));
#7009=DIRECTION('',(0.E0,-1.E0,0.E0));
#7010=AXIS2_PLACEMENT_3D('',#7007,#7008,#7009);
#7011=CYLINDRICAL_SURFACE('',#7010,4.3E-1);
#7012=ORIENTED_EDGE('',*,*,#4166,.F.);
#7013=ORIENTED_EDGE('',*,*,#4011,.F.);
#7014=ORIENTED_EDGE('',*,*,#7000,.F.);
#7015=ORIENTED_EDGE('',*,*,#3904,.T.);
#7016=EDGE_LOOP('',(#7012,#7013,#7014,#7015));
#7017=FACE_OUTER_BOUND('',#7016,.F.);
#7019=CARTESIAN_POINT('',(-9.5E-1,-4.82E0,-9.4E0));
#7020=DIRECTION('',(0.E0,0.E0,1.E0));
#7021=DIRECTION('',(0.E0,1.E0,0.E0));
#7022=AXIS2_PLACEMENT_3D('',#7019,#7020,#7021);
#7023=PLANE('',#7022);
#7024=ORIENTED_EDGE('',*,*,#4503,.T.);
#7025=ORIENTED_EDGE('',*,*,#3983,.F.);
#7027=ORIENTED_EDGE('',*,*,#7026,.F.);
#7028=ORIENTED_EDGE('',*,*,#3880,.T.);
#7029=EDGE_LOOP('',(#7024,#7025,#7027,#7028));
#7030=FACE_OUTER_BOUND('',#7029,.F.);
#7032=CARTESIAN_POINT('',(-9.5E-1,-4.82E0,-9.428E0));
#7033=DIRECTION('',(0.E0,-1.E0,0.E0));
#7034=DIRECTION('',(0.E0,0.E0,1.E0));
#7035=AXIS2_PLACEMENT_3D('',#7032,#7033,#7034);
#7036=PLANE('',#7035);
#7037=ORIENTED_EDGE('',*,*,#3882,.T.);
#7038=ORIENTED_EDGE('',*,*,#7026,.T.);
#7039=ORIENTED_EDGE('',*,*,#3981,.F.);
#7041=ORIENTED_EDGE('',*,*,#7040,.F.);
#7042=EDGE_LOOP('',(#7037,#7038,#7039,#7041));
#7043=FACE_OUTER_BOUND('',#7042,.F.);
#7045=CARTESIAN_POINT('',(-9.5E-1,-5.808E0,-9.445245604149E0));
#7046=DIRECTION('',(0.E0,-1.745240643728E-2,9.998476951564E-1));
#7047=DIRECTION('',(0.E0,9.998476951564E-1,1.745240643728E-2));
#7048=AXIS2_PLACEMENT_3D('',#7045,#7046,#7047);
#7049=PLANE('',#7048);
#7050=ORIENTED_EDGE('',*,*,#3884,.T.);
#7051=ORIENTED_EDGE('',*,*,#7040,.T.);
#7052=ORIENTED_EDGE('',*,*,#3979,.F.);
#7054=ORIENTED_EDGE('',*,*,#7053,.F.);
#7055=EDGE_LOOP('',(#7050,#7051,#7052,#7054));
#7056=FACE_OUTER_BOUND('',#7055,.F.);
#7058=CARTESIAN_POINT('',(-9.5E-1,-5.803462374326E0,-9.705206004890E0));
#7059=DIRECTION('',(0.E0,-9.998476951564E-1,-1.745240643728E-2));
#7060=DIRECTION('',(0.E0,-1.745240643728E-2,9.998476951564E-1));
#7061=AXIS2_PLACEMENT_3D('',#7058,#7059,#7060);
#7062=PLANE('',#7061);
#7063=ORIENTED_EDGE('',*,*,#3886,.T.);
#7064=ORIENTED_EDGE('',*,*,#7053,.T.);
#7065=ORIENTED_EDGE('',*,*,#3977,.F.);
#7067=ORIENTED_EDGE('',*,*,#7066,.F.);
#7068=EDGE_LOOP('',(#7063,#7064,#7065,#7067));
#7069=FACE_OUTER_BOUND('',#7068,.F.);
#7071=CARTESIAN_POINT('',(-9.5E-1,-1.498217478708E0,-9.630057675705E0));
#7072=DIRECTION('',(0.E0,1.745240643728E-2,-9.998476951564E-1));
#7073=DIRECTION('',(0.E0,-9.998476951564E-1,-1.745240643728E-2));
#7074=AXIS2_PLACEMENT_3D('',#7071,#7072,#7073);
#7075=PLANE('',#7074);
#7076=ORIENTED_EDGE('',*,*,#3888,.T.);
#7077=ORIENTED_EDGE('',*,*,#7066,.T.);
#7078=ORIENTED_EDGE('',*,*,#3975,.F.);
#7080=ORIENTED_EDGE('',*,*,#7079,.F.);
#7081=EDGE_LOOP('',(#7076,#7077,#7078,#7080));
#7082=FACE_OUTER_BOUND('',#7081,.F.);
#7084=CARTESIAN_POINT('',(-9.5E-1,-1.505722013476E0,-9.200123166788E0));
#7085=DIRECTION('',(-1.E0,0.E0,0.E0));
#7086=DIRECTION('',(0.E0,-1.E0,0.E0));
#7087=AXIS2_PLACEMENT_3D('',#7084,#7085,#7086);
#7088=CYLINDRICAL_SURFACE('',#7087,4.3E-1);
#7089=ORIENTED_EDGE('',*,*,#4175,.T.);
#7090=ORIENTED_EDGE('',*,*,#3890,.T.);
#7091=ORIENTED_EDGE('',*,*,#7079,.T.);
#7092=ORIENTED_EDGE('',*,*,#3973,.F.);
#7093=EDGE_LOOP('',(#7089,#7090,#7091,#7092));
#7094=FACE_OUTER_BOUND('',#7093,.F.);
#7100=PLANE_ANGLE_MEASURE_WITH_UNIT(PLANE_ANGLE_MEASURE(1.745329251994E-2),
#7099);
#7101=(CONVERSION_BASED_UNIT('DEGREE',#7100)NAMED_UNIT(*)PLANE_ANGLE_UNIT());
#7103=UNCERTAINTY_MEASURE_WITH_UNIT(LENGTH_MEASURE(1.E-3),#7098,
'distance_accuracy_value',
'Maximum model space distance between geometric entities at asserted connectivities');
#7106=APPLICATION_CONTEXT('automotive_design');
#7107=APPLICATION_PROTOCOL_DEFINITION('international standard',
'automotive_design',2001,#7106);
#7108=PRODUCT_DEFINITION_CONTEXT('part definition',#7106,'design');
#7109=PRODUCT_CONTEXT('',#7106,'mechanical');
#7110=PRODUCT('C-2427710-2','C-2427710-2','NOT SPECIFIED',(#7109));
#7111=PRODUCT_DEFINITION_FORMATION('10','LAST_VERSION',#7110);
#7119=DERIVED_UNIT_ELEMENT(#7118,2.E0);
#7120=DERIVED_UNIT((#7119));
#7121=MEASURE_REPRESENTATION_ITEM('surface area measure',AREA_MEASURE(
6.488607107500E2),#7120);
#7126=DERIVED_UNIT_ELEMENT(#7125,3.E0);
#7127=DERIVED_UNIT((#7126));
#7128=MEASURE_REPRESENTATION_ITEM('volume measure',VOLUME_MEASURE(
2.713083843389E2),#7127);
#7132=CARTESIAN_POINT('centre point',(1.572874217754E-2,-3.413569433170E-1,
-6.072356602067E0));
#7137=DERIVED_UNIT_ELEMENT(#7136,2.E0);
#7138=DERIVED_UNIT((#7137));
#7139=MEASURE_REPRESENTATION_ITEM('surface area measure',AREA_MEASURE(
6.488607107500E2),#7138);
#7144=DERIVED_UNIT_ELEMENT(#7143,3.E0);
#7145=DERIVED_UNIT((#7144));
#7146=MEASURE_REPRESENTATION_ITEM('volume measure',VOLUME_MEASURE(
2.713083843389E2),#7145);
#7150=CARTESIAN_POINT('centre point',(1.572874217754E-2,-3.413569433170E-1,
-6.072356602067E0));
#7155=PRODUCT_RELATED_PRODUCT_CATEGORY('part','',(#7110));
#1=DRAUGHTING_PRE_DEFINED_COLOUR('black');
#2=COLOUR_RGB('',0.E0,0.E0,3.6E-1);
#3=COLOUR_RGB('',0.E0,0.E0,4.8E-1);
#4=DRAUGHTING_PRE_DEFINED_COLOUR('blue');
#5=COLOUR_RGB('',0.E0,5.8824E-2,4.58824E-1);
#6=COLOUR_RGB('',0.E0,1.80392E-1,4.78431E-1);
#7=COLOUR_RGB('',0.E0,3.6E-1,9.E-2);
#8=COLOUR_RGB('',0.E0,3.6E-1,2.7E-1);
#9=COLOUR_RGB('',0.E0,5.6E-1,6.4E-1);
#10=COLOUR_RGB('',0.E0,5.8E-1,8.E-1);
#11=COLOUR_RGB('',0.E0,7.1E-1,6.6E-1);
#12=COLOUR_RGB('',0.E0,7.13E-1,0.E0);
#13=COLOUR_RGB('',0.E0,9.5E-1,8.4E-1);
#14=DRAUGHTING_PRE_DEFINED_COLOUR('green');
#15=DRAUGHTING_PRE_DEFINED_COLOUR('cyan');
#16=COLOUR_RGB('',1.1765E-2,1.9608E-2,3.9216E-2);
#17=COLOUR_RGB('',4.E-2,0.E0,1.6E-1);
#18=COLOUR_RGB('',3.9216E-2,2.19608E-1,1.21569E-1);
#19=COLOUR_RGB('',3.9216E-2,3.60784E-1,2.E-1);
#20=COLOUR_RGB('',5.098E-2,7.0588E-2,1.01961E-1);
#21=COLOUR_RGB('',9.E-2,0.E0,1.2E-1);
#22=COLOUR_RGB('',9.0196E-2,1.60784E-1,1.09804E-1);
#23=COLOUR_RGB('',9.0196E-2,3.80392E-1,6.70588E-1);
#24=COLOUR_RGB('',1.E-1,0.E0,2.5E-1);
#25=COLOUR_RGB('',1.01961E-1,4.78431E-1,3.88235E-1);
#26=COLOUR_RGB('',1.09804E-1,1.4902E-1,9.0196E-2);
#27=COLOUR_RGB('',1.4902E-1,3.09804E-1,5.29412E-1);
#28=COLOUR_RGB('',1.4902E-1,4.E-1,1.60784E-1);
#29=COLOUR_RGB('',1.6E-1,3.2E-2,0.E0);
#30=COLOUR_RGB('',1.60784E-1,4.5098E-1,7.21569E-1);
#31=COLOUR_RGB('',1.6E-1,4.6E-1,6.5E-1);
#32=COLOUR_RGB('',1.6E-1,1.E0,1.6E-1);
#33=COLOUR_RGB('',2.E-1,3.2E-2,0.E0);
#34=COLOUR_RGB('',2.11765E-1,4.11765E-1,1.4902E-1);
#35=COLOUR_RGB('',2.39216E-1,2.39216E-1,2.31373E-1);
#36=COLOUR_RGB('',2.39216E-1,2.70588E-1,1.80392E-1);
#37=COLOUR_RGB('',2.5098E-1,2.90196E-1,3.29412E-1);
#38=COLOUR_RGB('',2.90196E-1,4.31373E-1,2.E-1);
#39=COLOUR_RGB('',3.1E-1,3.1E-1,5.6E-1);
#40=COLOUR_RGB('',3.09804E-1,6.58824E-1,2.E-1);
#41=COLOUR_RGB('',3.2E-1,1.5E-1,0.E0);
#42=COLOUR_RGB('',3.60784E-1,3.1373E-2,1.68627E-1);
#43=COLOUR_RGB('',3.68627E-1,2.E-1,1.21569E-1);
#44=COLOUR_RGB('',3.88235E-1,2.39216E-1,6.11765E-1);
#45=COLOUR_RGB('',4.E-1,4.E-1,4.E-1);
#46=COLOUR_RGB('',4.11765E-1,5.8824E-2,7.8431E-2);
#47=COLOUR_RGB('',4.11765E-1,3.29412E-1,2.19608E-1);
#48=COLOUR_RGB('',4.2E-1,4.2E-1,1.E0);
#49=COLOUR_RGB('',4.4E-1,8.5E-1,1.E0);
#50=COLOUR_RGB('',4.58824E-1,4.5098E-1,3.09804E-1);
#51=COLOUR_RGB('',4.70588E-1,5.09804E-1,5.4902E-1);
#52=COLOUR_RGB('',4.78431E-1,4.90196E-1,4.58824E-1);
#53=COLOUR_RGB('',4.90196E-1,3.60784E-1,2.19608E-1);
#54=COLOUR_RGB('',4.9E-1,4.9E-1,0.E0);
#55=COLOUR_RGB('',4.9E-1,1.E0,0.E0);
#56=COLOUR_RGB('',5.E-1,0.E0,0.E0);
#57=COLOUR_RGB('',5.E-1,0.E0,2.3E-1);
#58=COLOUR_RGB('',5.E-1,5.E-1,5.E-1);
#59=COLOUR_RGB('',5.21569E-1,2.19608E-1,1.68627E-1);
#60=COLOUR_RGB('',5.3E-1,0.E0,0.E0);
#61=COLOUR_RGB('',5.29412E-1,5.80392E-1,6.5098E-1);
#62=COLOUR_RGB('',5.4E-1,0.E0,4.4E-1);
#63=COLOUR_RGB('',5.5E-1,3.E-1,0.E0);
#64=COLOUR_RGB('',5.6E-1,1.E-1,5.E-2);
#65=COLOUR_RGB('',5.60784E-1,5.80392E-1,6.19608E-1);
#66=COLOUR_RGB('',5.68627E-1,5.8824E-2,4.E-1);
#67=COLOUR_RGB('',5.8E-1,2.2E-1,1.E-2);
#68=COLOUR_RGB('',5.88235E-1,1.21569E-1,1.09804E-1);
#69=COLOUR_RGB('',6.E-1,6.E-1,6.E-1);
#70=COLOUR_RGB('',6.11765E-1,5.60784E-1,3.80392E-1);
#71=COLOUR_RGB('',6.11765E-1,6.11765E-1,6.5098E-1);
#72=COLOUR_RGB('',6.2E-1,0.E0,5.5E-1);
#73=COLOUR_RGB('',6.19608E-1,6.39216E-1,6.90196E-1);
#74=COLOUR_RGB('',6.35294E-1,6.86275E-1,7.4902E-1);
#75=COLOUR_RGB('',6.4E-1,0.E0,2.5E-1);
#76=COLOUR_RGB('',6.4E-1,1.E-2,0.E0);
#77=COLOUR_RGB('',6.39216E-1,5.4902E-1,4.78431E-1);
#78=COLOUR_RGB('',6.5098E-1,6.70588E-1,7.09804E-1);
#79=COLOUR_RGB('',6.70588E-1,1.21569E-1,1.09804E-1);
#80=COLOUR_RGB('',6.78431E-1,4.78431E-1,3.09804E-1);
#81=COLOUR_RGB('',6.8E-1,7.5E-1,1.E0);
#82=COLOUR_RGB('',7.09804E-1,7.0588E-2,2.E-1);
#83=COLOUR_RGB('',7.1E-1,3.1E-1,0.E0);
#84=COLOUR_RGB('',7.2E-1,7.2E-1,7.2E-1);
#85=COLOUR_RGB('',7.29412E-1,7.41176E-1,7.29412E-1);
#86=COLOUR_RGB('',7.41176E-1,7.29412E-1,6.70588E-1);
#87=COLOUR_RGB('',7.4E-1,1.E0,2.6E-1);
#88=COLOUR_RGB('',7.5E-1,3.E-2,0.E0);
#89=COLOUR_RGB('',7.4902E-1,8.90196E-1,7.29412E-1);
#90=COLOUR_RGB('',7.6E-1,0.E0,4.7E-1);
#91=COLOUR_RGB('',7.80392E-1,9.0196E-2,7.0588E-2);
#92=COLOUR_RGB('',7.88235E-1,2.19608E-1,5.4902E-1);
#93=COLOUR_RGB('',8.1E-1,4.E-2,0.E0);
#94=COLOUR_RGB('',8.1E-1,6.1E-1,0.E0);
#95=COLOUR_RGB('',8.2E-1,4.E-2,6.6E-1);
#96=COLOUR_RGB('',8.31373E-1,8.5098E-1,8.58824E-1);
#97=COLOUR_RGB('',8.5098E-1,7.29412E-1,5.4902E-1);
#98=COLOUR_RGB('',8.5E-1,8.5E-1,8.5E-1);
#99=COLOUR_RGB('',8.78431E-1,3.68627E-1,1.21569E-1);
#100=COLOUR_RGB('',8.784E-1,9.49E-1,1.E0);
#101=COLOUR_RGB('',8.90196E-1,5.88235E-1,1.41176E-1);
#102=COLOUR_RGB('',9.E-1,1.E0,0.E0);
#103=COLOUR_RGB('',9.09804E-1,6.11765E-1,7.09804E-1);
#104=COLOUR_RGB('',9.37E-1,7.85E-1,0.E0);
#105=COLOUR_RGB('',9.41176E-1,9.29412E-1,9.01961E-1);
#106=COLOUR_RGB('',9.5E-1,2.2E-1,8.1E-1);
#107=COLOUR_RGB('',9.6E-1,3.7E-1,3.E-1);
#108=COLOUR_RGB('',9.6E-1,7.1E-1,3.75E-1);
#109=COLOUR_RGB('',9.80392E-1,1.E0,1.E0);
#110=COLOUR_RGB('',9.88235E-1,1.09804E-1,7.8431E-2);
#111=COLOUR_RGB('',9.88235E-1,7.21569E-1,1.29412E-1);
#112=COLOUR_RGB('',9.88235E-1,9.21569E-1,8.E-1);
#113=DRAUGHTING_PRE_DEFINED_COLOUR('red');
#114=COLOUR_RGB('',1.E0,0.E0,6.1E-1);
#115=COLOUR_RGB('',1.E0,4.E-2,0.E0);
#116=COLOUR_RGB('',1.E0,2.3E-1,0.E0);
#117=COLOUR_RGB('',1.E0,3.5E-1,5.2E-1);
#118=COLOUR_RGB('',1.E0,3.6E-1,0.E0);
#119=COLOUR_RGB('',1.E0,3.88235E-1,2.11765E-1);
#120=COLOUR_RGB('',1.E0,4.9E-1,3.7E-1);
#121=COLOUR_RGB('',1.E0,5.E-1,0.E0);
#122=COLOUR_RGB('',1.E0,5.6E-1,7.8E-1);
#123=COLOUR_RGB('',1.E0,6.4E-1,4.9E-1);
#124=COLOUR_RGB('',1.E0,6.7E-1,0.E0);
#125=COLOUR_RGB('',1.E0,7.6E-1,6.5E-1);
#126=COLOUR_RGB('',1.E0,8.39216E-1,3.01961E-1);
#127=COLOUR_RGB('',1.E0,8.6E-1,4.E-2);
#128=COLOUR_RGB('',1.E0,9.60784E-1,2.58824E-1);
#129=COLOUR_RGB('',1.E0,9.60784E-1,8.90196E-1);
#130=COLOUR_RGB('',1.E0,9.8E-1,7.2E-1);
#131=DRAUGHTING_PRE_DEFINED_COLOUR('yellow');
#132=COLOUR_RGB('',1.E0,1.E0,3.9216E-2);
#133=DRAUGHTING_PRE_DEFINED_COLOUR('white');
#178=CIRCLE('',#177,2.E-1);
#183=CIRCLE('',#182,2.E-1);
#188=CIRCLE('',#187,5.E-1);
#193=CIRCLE('',#192,2.E-1);
#205=B_SPLINE_CURVE_WITH_KNOTS('',3,(#198,#199,#200,#201,#202,#203,#204),
.UNSPECIFIED.,.F.,.F.,(4,1,1,1,4),(0.E0,2.5E-1,5.E-1,7.5E-1,1.E0),
.UNSPECIFIED.);
#245=B_SPLINE_CURVE_WITH_KNOTS('',3,(#234,#235,#236,#237,#238,#239,#240,#241,
#242,#243,#244),.UNSPECIFIED.,.F.,.F.,(4,1,1,1,1,1,1,1,4),(0.E0,
1.250000011397E-1,2.500000009542E-1,3.750000007686E-1,5.000000005830E-1,
6.250000003975E-1,7.500000002119E-1,8.750000000264E-1,1.E0),.UNSPECIFIED.);
#255=B_SPLINE_CURVE_WITH_KNOTS('',3,(#246,#247,#248,#249,#250,#251,#252,#253,
#254),.UNSPECIFIED.,.F.,.F.,(4,1,1,1,1,1,4),(0.E0,1.666666666667E-1,
3.333333333333E-1,5.E-1,6.666666666667E-1,8.333333333333E-1,1.E0),
.UNSPECIFIED.);
#355=B_SPLINE_CURVE_WITH_KNOTS('',3,(#348,#349,#350,#351,#352,#353,#354),
.UNSPECIFIED.,.F.,.F.,(4,1,1,1,4),(0.E0,2.5E-1,5.E-1,7.5E-1,1.E0),
.UNSPECIFIED.);
#367=B_SPLINE_CURVE_WITH_KNOTS('',3,(#360,#361,#362,#363,#364,#365,#366),
.UNSPECIFIED.,.F.,.F.,(4,1,1,1,4),(0.E0,2.5E-1,5.E-1,7.5E-1,1.E0),
.UNSPECIFIED.);
#403=B_SPLINE_CURVE_WITH_KNOTS('',3,(#396,#397,#398,#399,#400,#401,#402),
.UNSPECIFIED.,.F.,.F.,(4,1,1,1,4),(0.E0,2.5E-1,5.E-1,7.5E-1,1.E0),
.UNSPECIFIED.);
#415=B_SPLINE_CURVE_WITH_KNOTS('',3,(#408,#409,#410,#411,#412,#413,#414),
.UNSPECIFIED.,.F.,.F.,(4,1,1,1,4),(0.E0,2.5E-1,5.E-1,7.5E-1,1.E0),
.UNSPECIFIED.);
#427=B_SPLINE_CURVE_WITH_KNOTS('',3,(#420,#421,#422,#423,#424,#425,#426),
.UNSPECIFIED.,.F.,.F.,(4,1,1,1,4),(0.E0,2.5E-1,5.E-1,7.5E-1,1.E0),
.UNSPECIFIED.);
#455=B_SPLINE_CURVE_WITH_KNOTS('',3,(#448,#449,#450,#451,#452,#453,#454),
.UNSPECIFIED.,.F.,.F.,(4,1,1,1,4),(0.E0,2.5E-1,5.E-1,7.5E-1,1.E0),
.UNSPECIFIED.);
#479=B_SPLINE_CURVE_WITH_KNOTS('',3,(#472,#473,#474,#475,#476,#477,#478),
.UNSPECIFIED.,.F.,.F.,(4,1,1,1,4),(0.E0,2.5E-1,5.E-1,7.5E-1,1.E0),
.UNSPECIFIED.);
#487=B_SPLINE_CURVE_WITH_KNOTS('',3,(#480,#481,#482,#483,#484,#485,#486),
.UNSPECIFIED.,.F.,.F.,(4,1,1,1,4),(0.E0,2.5E-1,5.E-1,7.5E-1,1.E0),
.UNSPECIFIED.);
#499=B_SPLINE_CURVE_WITH_KNOTS('',3,(#492,#493,#494,#495,#496,#497,#498),
.UNSPECIFIED.,.F.,.F.,(4,1,1,1,4),(0.E0,2.5E-1,5.E-1,7.5E-1,1.E0),
.UNSPECIFIED.);
#511=B_SPLINE_CURVE_WITH_KNOTS('',3,(#504,#505,#506,#507,#508,#509,#510),
.UNSPECIFIED.,.F.,.F.,(4,1,1,1,4),(0.E0,2.5E-1,5.E-1,7.5E-1,1.E0),
.UNSPECIFIED.);
#519=B_SPLINE_CURVE_WITH_KNOTS('',3,(#512,#513,#514,#515,#516,#517,#518),
.UNSPECIFIED.,.F.,.F.,(4,1,1,1,4),(0.E0,2.5E-1,5.E-1,7.5E-1,1.E0),
.UNSPECIFIED.);
#527=B_SPLINE_CURVE_WITH_KNOTS('',3,(#520,#521,#522,#523,#524,#525,#526),
.UNSPECIFIED.,.F.,.F.,(4,1,1,1,4),(0.E0,2.5E-1,5.E-1,7.5E-1,1.E0),
.UNSPECIFIED.);
#547=B_SPLINE_CURVE_WITH_KNOTS('',3,(#540,#541,#542,#543,#544,#545,#546),
.UNSPECIFIED.,.F.,.F.,(4,1,1,1,4),(0.E0,2.5E-1,5.E-1,7.5E-1,1.E0),
.UNSPECIFIED.);
#567=B_SPLINE_CURVE_WITH_KNOTS('',3,(#560,#561,#562,#563,#564,#565,#566),
.UNSPECIFIED.,.F.,.F.,(4,1,1,1,4),(0.E0,2.5E-1,5.E-1,7.5E-1,1.E0),
.UNSPECIFIED.);
#624=CIRCLE('',#623,4.3E-1);
#629=CIRCLE('',#628,4.3E-1);
#674=CIRCLE('',#673,4.3E-1);
#711=CIRCLE('',#710,4.3E-1);
#732=CIRCLE('',#731,2.E-1);
#775=B_SPLINE_CURVE_WITH_KNOTS('',3,(#765,#766,#767,#768,#769,#770,#771,#772,
#773,#774),.UNSPECIFIED.,.F.,.F.,(4,1,1,1,1,1,1,4),(0.E0,1.428571428571E-1,
2.857142857143E-1,4.285714285714E-1,5.714285714286E-1,7.142857142857E-1,
8.571428571429E-1,1.E0),.UNSPECIFIED.);
#892=CIRCLE('',#891,4.3E-1);
#897=CIRCLE('',#896,4.3E-1);
#942=CIRCLE('',#941,4.3E-1);
#979=CIRCLE('',#978,4.3E-1);
#1016=CIRCLE('',#1015,2.E-1);
#1021=CIRCLE('',#1020,2.E-1);
#1030=CIRCLE('',#1029,2.E-1);
#1035=CIRCLE('',#1034,2.E-1);
#1040=CIRCLE('',#1039,2.E-1);
#1045=CIRCLE('',#1044,2.E-1);
#1158=CIRCLE('',#1157,2.E-1);
#1167=CIRCLE('',#1166,2.E-1);
#1172=CIRCLE('',#1171,2.E-1);
#1177=CIRCLE('',#1176,2.E-1);
#1182=CIRCLE('',#1181,2.E-1);
#1191=CIRCLE('',#1190,2.E-1);
#1208=CIRCLE('',#1207,2.E-1);
#1213=CIRCLE('',#1212,2.E-1);
#1225=B_SPLINE_CURVE_WITH_KNOTS('',3,(#1214,#1215,#1216,#1217,#1218,#1219,#1220,
#1221,#1222,#1223,#1224),.UNSPECIFIED.,.F.,.F.,(4,1,1,1,1,1,1,1,4),(0.E0,
1.25E-1,2.5E-1,3.75E-1,5.E-1,6.25E-1,7.5E-1,8.75E-1,1.E0),.UNSPECIFIED.);
#1237=B_SPLINE_CURVE_WITH_KNOTS('',3,(#1226,#1227,#1228,#1229,#1230,#1231,#1232,
#1233,#1234,#1235,#1236),.UNSPECIFIED.,.F.,.F.,(4,1,1,1,1,1,1,1,4),(0.E0,
1.25E-1,2.5E-1,3.75E-1,5.E-1,6.25E-1,7.5E-1,8.75E-1,1.E0),.UNSPECIFIED.);
#1273=B_SPLINE_CURVE_WITH_KNOTS('',3,(#1262,#1263,#1264,#1265,#1266,#1267,#1268,
#1269,#1270,#1271,#1272),.UNSPECIFIED.,.F.,.F.,(4,1,1,1,1,1,1,1,4),(0.E0,
1.25E-1,2.5E-1,3.75E-1,5.E-1,6.25E-1,7.5E-1,8.75E-1,1.E0),.UNSPECIFIED.);
#1309=B_SPLINE_CURVE_WITH_KNOTS('',3,(#1298,#1299,#1300,#1301,#1302,#1303,#1304,
#1305,#1306,#1307,#1308),.UNSPECIFIED.,.F.,.F.,(4,1,1,1,1,1,1,1,4),(0.E0,
1.25E-1,2.5E-1,3.75E-1,5.E-1,6.25E-1,7.5E-1,8.75E-1,1.E0),.UNSPECIFIED.);
#1345=B_SPLINE_CURVE_WITH_KNOTS('',3,(#1334,#1335,#1336,#1337,#1338,#1339,#1340,
#1341,#1342,#1343,#1344),.UNSPECIFIED.,.F.,.F.,(4,1,1,1,1,1,1,1,4),(0.E0,
1.25E-1,2.5E-1,3.75E-1,5.E-1,6.25E-1,7.5E-1,8.75E-1,1.E0),.UNSPECIFIED.);
#1381=B_SPLINE_CURVE_WITH_KNOTS('',3,(#1370,#1371,#1372,#1373,#1374,#1375,#1376,
#1377,#1378,#1379,#1380),.UNSPECIFIED.,.F.,.F.,(4,1,1,1,1,1,1,1,4),(0.E0,
1.25E-1,2.5E-1,3.75E-1,5.E-1,6.25E-1,7.5E-1,8.75E-1,1.E0),.UNSPECIFIED.);
#1386=CIRCLE('',#1385,2.E-1);
#1430=B_SPLINE_CURVE_WITH_KNOTS('',3,(#1419,#1420,#1421,#1422,#1423,#1424,#1425,
#1426,#1427,#1428,#1429),.UNSPECIFIED.,.F.,.F.,(4,1,1,1,1,1,1,1,4),(0.E0,
1.25E-1,2.5E-1,3.75E-1,5.E-1,6.25E-1,7.5E-1,8.75E-1,1.E0),.UNSPECIFIED.);
#1491=B_SPLINE_CURVE_WITH_KNOTS('',3,(#1483,#1484,#1485,#1486,#1487,#1488,#1489,
#1490),.UNSPECIFIED.,.F.,.F.,(4,1,1,1,1,4),(0.E0,2.E-1,4.E-1,6.E-1,8.E-1,1.E0),
.UNSPECIFIED.);
#1508=CIRCLE('',#1507,2.E-1);
#1513=CIRCLE('',#1512,2.E-1);
#1522=B_SPLINE_CURVE_WITH_KNOTS('',3,(#1514,#1515,#1516,#1517,#1518,#1519,#1520,
#1521),.UNSPECIFIED.,.F.,.F.,(4,1,1,1,1,4),(0.E0,2.E-1,4.E-1,6.E-1,8.E-1,1.E0),
.UNSPECIFIED.);
#1555=B_SPLINE_CURVE_WITH_KNOTS('',3,(#1547,#1548,#1549,#1550,#1551,#1552,#1553,
#1554),.UNSPECIFIED.,.F.,.F.,(4,1,1,1,1,4),(0.E0,2.E-1,4.E-1,6.E-1,8.E-1,1.E0),
.UNSPECIFIED.);
#1616=CIRCLE('',#1615,2.E-1);
#1621=CIRCLE('',#1620,2.E-1);
#1638=B_SPLINE_CURVE_WITH_KNOTS('',3,(#1630,#1631,#1632,#1633,#1634,#1635,#1636,
#1637),.UNSPECIFIED.,.F.,.F.,(4,1,1,1,1,4),(0.E0,2.E-1,4.E-1,6.E-1,8.E-1,1.E0),
.UNSPECIFIED.);
#1661=B_SPLINE_CURVE_WITH_KNOTS('',3,(#1651,#1652,#1653,#1654,#1655,#1656,#1657,
#1658,#1659,#1660),.UNSPECIFIED.,.F.,.F.,(4,1,1,1,1,1,1,4),(0.E0,
1.428571428571E-1,2.857142857143E-1,4.285714285714E-1,5.714285714286E-1,
7.142857142857E-1,8.571428571429E-1,1.E0),.UNSPECIFIED.);
#1694=CIRCLE('',#1693,2.E-1);
#1715=CIRCLE('',#1714,2.E-1);
#1724=CIRCLE('',#1723,2.E-1);
#1768=B_SPLINE_CURVE_WITH_KNOTS('',3,(#1757,#1758,#1759,#1760,#1761,#1762,#1763,
#1764,#1765,#1766,#1767),.UNSPECIFIED.,.F.,.F.,(4,1,1,1,1,1,1,1,4),(0.E0,
1.25E-1,2.5E-1,3.75E-1,5.E-1,6.25E-1,7.5E-1,8.75E-1,1.E0),.UNSPECIFIED.);
#1796=B_SPLINE_CURVE_WITH_KNOTS('',3,(#1785,#1786,#1787,#1788,#1789,#1790,#1791,
#1792,#1793,#1794,#1795),.UNSPECIFIED.,.F.,.F.,(4,1,1,1,1,1,1,1,4),(0.E0,
1.25E-1,2.5E-1,3.75E-1,5.E-1,6.25E-1,7.5E-1,8.75E-1,1.E0),.UNSPECIFIED.);
#1832=B_SPLINE_CURVE_WITH_KNOTS('',3,(#1825,#1826,#1827,#1828,#1829,#1830,
#1831),.UNSPECIFIED.,.F.,.F.,(4,1,1,1,4),(0.E0,2.5E-1,5.E-1,7.5E-1,1.E0),
.UNSPECIFIED.);
#1844=B_SPLINE_CURVE_WITH_KNOTS('',3,(#1837,#1838,#1839,#1840,#1841,#1842,
#1843),.UNSPECIFIED.,.F.,.F.,(4,1,1,1,4),(0.E0,2.5E-1,5.E-1,7.5E-1,1.E0),
.UNSPECIFIED.);
#1880=B_SPLINE_CURVE_WITH_KNOTS('',3,(#1873,#1874,#1875,#1876,#1877,#1878,
#1879),.UNSPECIFIED.,.F.,.F.,(4,1,1,1,4),(0.E0,2.5E-1,5.E-1,7.5E-1,1.E0),
.UNSPECIFIED.);
#1888=B_SPLINE_CURVE_WITH_KNOTS('',3,(#1881,#1882,#1883,#1884,#1885,#1886,
#1887),.UNSPECIFIED.,.F.,.F.,(4,1,1,1,4),(0.E0,2.5E-1,5.E-1,7.5E-1,1.E0),
.UNSPECIFIED.);
#1958=B_SPLINE_CURVE_WITH_KNOTS('',3,(#1949,#1950,#1951,#1952,#1953,#1954,#1955,
#1956,#1957),.UNSPECIFIED.,.F.,.F.,(4,1,1,1,1,1,4),(0.E0,1.666666666667E-1,
3.333333333333E-1,5.E-1,6.666666666667E-1,8.333333333333E-1,1.E0),
.UNSPECIFIED.);
#1970=B_SPLINE_CURVE_WITH_KNOTS('',3,(#1959,#1960,#1961,#1962,#1963,#1964,#1965,
#1966,#1967,#1968,#1969),.UNSPECIFIED.,.F.,.F.,(4,1,1,1,1,1,1,1,4),(0.E0,
1.249999999701E-1,2.499999997828E-1,3.749999995956E-1,4.999999994083E-1,
6.249999992210E-1,7.499999990337E-1,8.749999988465E-1,1.E0),.UNSPECIFIED.);
#2035=CIRCLE('',#2034,3.E-1);
#2044=CIRCLE('',#2043,3.E-1);
#2088=B_SPLINE_CURVE_WITH_KNOTS('',3,(#2077,#2078,#2079,#2080,#2081,#2082,#2083,
#2084,#2085,#2086,#2087),.UNSPECIFIED.,.F.,.F.,(4,1,1,1,1,1,1,1,4),(0.E0,
1.250000011488E-1,2.500000009615E-1,3.750000007742E-1,5.000000005868E-1,
6.250000003995E-1,7.500000002121E-1,8.750000000248E-1,1.E0),.UNSPECIFIED.);
#2104=B_SPLINE_CURVE_WITH_KNOTS('',3,(#2093,#2094,#2095,#2096,#2097,#2098,#2099,
#2100,#2101,#2102,#2103),.UNSPECIFIED.,.F.,.F.,(4,1,1,1,1,1,1,1,4),(0.E0,
1.249999999719E-1,2.499999997830E-1,3.749999995941E-1,4.999999994052E-1,
6.249999992162E-1,7.499999990273E-1,8.749999988384E-1,1.E0),.UNSPECIFIED.);
#2121=CIRCLE('',#2120,3.E-1);
#2130=CIRCLE('',#2129,3.E-1);
#2154=B_SPLINE_CURVE_WITH_KNOTS('',3,(#2143,#2144,#2145,#2146,#2147,#2148,#2149,
#2150,#2151,#2152,#2153),.UNSPECIFIED.,.F.,.F.,(4,1,1,1,1,1,1,1,4),(0.E0,
1.250000011476E-1,2.500000009605E-1,3.750000007733E-1,5.000000005861E-1,
6.250000003989E-1,7.500000002117E-1,8.750000000246E-1,1.E0),.UNSPECIFIED.);
#2170=B_SPLINE_CURVE_WITH_KNOTS('',3,(#2159,#2160,#2161,#2162,#2163,#2164,#2165,
#2166,#2167,#2168,#2169),.UNSPECIFIED.,.F.,.F.,(4,1,1,1,1,1,1,1,4),(0.E0,
1.250000011488E-1,2.500000009615E-1,3.750000007742E-1,5.000000005868E-1,
6.250000003995E-1,7.500000002121E-1,8.750000000248E-1,1.E0),.UNSPECIFIED.);
#2276=B_SPLINE_CURVE_WITH_KNOTS('',3,(#2267,#2268,#2269,#2270,#2271,#2272,#2273,
#2274,#2275),.UNSPECIFIED.,.F.,.F.,(4,1,1,1,1,1,4),(0.E0,1.666666666667E-1,
3.333333333333E-1,5.E-1,6.666666666667E-1,8.333333333333E-1,1.E0),
.UNSPECIFIED.);
#2284=B_SPLINE_CURVE_WITH_KNOTS('',3,(#2277,#2278,#2279,#2280,#2281,#2282,
#2283),.UNSPECIFIED.,.F.,.F.,(4,1,1,1,4),(0.E0,2.5E-1,5.E-1,7.5E-1,1.E0),
.UNSPECIFIED.);
#2292=B_SPLINE_CURVE_WITH_KNOTS('',3,(#2285,#2286,#2287,#2288,#2289,#2290,
#2291),.UNSPECIFIED.,.F.,.F.,(4,1,1,1,4),(0.E0,2.5E-1,5.E-1,7.5E-1,1.E0),
.UNSPECIFIED.);
#2302=B_SPLINE_CURVE_WITH_KNOTS('',3,(#2293,#2294,#2295,#2296,#2297,#2298,#2299,
#2300,#2301),.UNSPECIFIED.,.F.,.F.,(4,1,1,1,1,1,4),(0.E0,1.666666666667E-1,
3.333333333333E-1,5.E-1,6.666666666667E-1,8.333333333333E-1,1.E0),
.UNSPECIFIED.);
#2307=CIRCLE('',#2306,2.E-1);
#2312=CIRCLE('',#2311,5.E-1);
#2317=CIRCLE('',#2316,2.E-1);
#2322=CIRCLE('',#2321,2.E-1);
#2327=CIRCLE('',#2326,5.E-1);
#2332=CIRCLE('',#2331,2.E-1);
#2374=B_SPLINE_CURVE_WITH_KNOTS('',3,(#2369,#2370,#2371,#2372,#2373),
.UNSPECIFIED.,.F.,.F.,(4,1,4),(0.E0,5.E-1,1.E0),.UNSPECIFIED.);
#2384=B_SPLINE_CURVE_WITH_KNOTS('',3,(#2379,#2380,#2381,#2382,#2383),
.UNSPECIFIED.,.F.,.F.,(4,1,4),(0.E0,5.E-1,1.E0),.UNSPECIFIED.);
#2406=B_SPLINE_CURVE_WITH_KNOTS('',3,(#2401,#2402,#2403,#2404,#2405),
.UNSPECIFIED.,.F.,.F.,(4,1,4),(0.E0,5.E-1,1.E0),.UNSPECIFIED.);
#2416=B_SPLINE_CURVE_WITH_KNOTS('',3,(#2411,#2412,#2413,#2414,#2415),
.UNSPECIFIED.,.F.,.F.,(4,1,4),(0.E0,5.E-1,1.E0),.UNSPECIFIED.);
#2476=B_SPLINE_CURVE_WITH_KNOTS('',3,(#2465,#2466,#2467,#2468,#2469,#2470,#2471,
#2472,#2473,#2474,#2475),.UNSPECIFIED.,.F.,.F.,(4,1,1,1,1,1,1,1,4),(0.E0,
1.250000011409E-1,2.500000009552E-1,3.750000007695E-1,5.000000005837E-1,
6.250000003980E-1,7.500000002123E-1,8.750000000266E-1,1.E0),.UNSPECIFIED.);
#2508=B_SPLINE_CURVE_WITH_KNOTS('',3,(#2497,#2498,#2499,#2500,#2501,#2502,#2503,
#2504,#2505,#2506,#2507),.UNSPECIFIED.,.F.,.F.,(4,1,1,1,1,1,1,1,4),(0.E0,
1.250000011409E-1,2.500000009552E-1,3.750000007695E-1,5.000000005837E-1,
6.250000003980E-1,7.500000002123E-1,8.750000000266E-1,1.E0),.UNSPECIFIED.);
#2568=B_SPLINE_CURVE_WITH_KNOTS('',3,(#2561,#2562,#2563,#2564,#2565,#2566,
#2567),.UNSPECIFIED.,.F.,.F.,(4,1,1,1,4),(0.E0,2.5E-1,5.E-1,7.5E-1,1.E0),
.UNSPECIFIED.);
#2576=B_SPLINE_CURVE_WITH_KNOTS('',3,(#2569,#2570,#2571,#2572,#2573,#2574,
#2575),.UNSPECIFIED.,.F.,.F.,(4,1,1,1,4),(0.E0,2.5E-1,5.E-1,7.5E-1,1.E0),
.UNSPECIFIED.);
#2584=B_SPLINE_CURVE_WITH_KNOTS('',3,(#2577,#2578,#2579,#2580,#2581,#2582,
#2583),.UNSPECIFIED.,.F.,.F.,(4,1,1,1,4),(0.E0,2.5E-1,5.E-1,7.5E-1,1.E0),
.UNSPECIFIED.);
#2589=CIRCLE('',#2588,2.E-1);
#2594=CIRCLE('',#2593,5.E-1);
#2606=B_SPLINE_CURVE_WITH_KNOTS('',3,(#2595,#2596,#2597,#2598,#2599,#2600,#2601,
#2602,#2603,#2604,#2605),.UNSPECIFIED.,.F.,.F.,(4,1,1,1,1,1,1,1,4),(0.E0,
1.25E-1,2.5E-1,3.75E-1,5.E-1,6.25E-1,7.5E-1,8.75E-1,1.E0),.UNSPECIFIED.);
#2618=B_SPLINE_CURVE_WITH_KNOTS('',3,(#2607,#2608,#2609,#2610,#2611,#2612,#2613,
#2614,#2615,#2616,#2617),.UNSPECIFIED.,.F.,.F.,(4,1,1,1,1,1,1,1,4),(0.E0,
1.25E-1,2.5E-1,3.75E-1,5.E-1,6.25E-1,7.5E-1,8.75E-1,1.E0),.UNSPECIFIED.);
#2623=CIRCLE('',#2622,2.E-1);
#2628=CIRCLE('',#2627,2.E-1);
#2633=CIRCLE('',#2632,2.E-1);
#2673=B_SPLINE_CURVE_WITH_KNOTS('',3,(#2662,#2663,#2664,#2665,#2666,#2667,#2668,
#2669,#2670,#2671,#2672),.UNSPECIFIED.,.F.,.F.,(4,1,1,1,1,1,1,1,4),(0.E0,
1.25E-1,2.5E-1,3.75E-1,5.E-1,6.25E-1,7.5E-1,8.75E-1,1.E0),.UNSPECIFIED.);
#2678=CIRCLE('',#2677,2.E-1);
#2683=CIRCLE('',#2682,2.E-1);
#2688=CIRCLE('',#2687,2.E-1);
#2693=CIRCLE('',#2692,2.E-1);
#3405=EDGE_CURVE('',#2969,#2960,#137,.T.);
#3407=EDGE_CURVE('',#3373,#2960,#1466,.T.);
#3409=EDGE_CURVE('',#3041,#3373,#141,.T.);
#3411=EDGE_CURVE('',#2969,#3041,#145,.T.);
#3415=ADVANCED_FACE('',(#3414),#3404,.F.);
#3421=EDGE_CURVE('',#2979,#2980,#149,.T.);
#3423=EDGE_CURVE('',#2911,#2980,#153,.T.);
#3425=EDGE_CURVE('',#2911,#2931,#157,.T.);
#3427=EDGE_CURVE('',#2979,#2931,#161,.T.);
#3431=ADVANCED_FACE('',(#3430),#3420,.F.);
#3437=EDGE_CURVE('',#2967,#2964,#165,.T.);
#3439=EDGE_CURVE('',#2964,#2960,#1430,.T.);
#3442=EDGE_CURVE('',#2969,#2967,#188,.T.);
#3446=ADVANCED_FACE('',(#3445),#3436,.T.);
#3453=EDGE_CURVE('',#3022,#2967,#169,.T.);
#3455=EDGE_CURVE('',#3021,#3022,#173,.T.);
#3457=EDGE_CURVE('',#2964,#3021,#1394,.T.);
#3461=ADVANCED_FACE('',(#3460),#3451,.T.);
#3467=EDGE_CURVE('',#2967,#2973,#178,.T.);
#3469=EDGE_CURVE('',#3031,#2973,#2125,.T.);
#3471=EDGE_CURVE('',#3022,#3031,#183,.T.);
#3476=ADVANCED_FACE('',(#3475),#3466,.T.);
#3482=EDGE_CURVE('',#2969,#2971,#193,.T.);
#3484=EDGE_CURVE('',#2971,#2973,#2130,.T.);
#3490=ADVANCED_FACE('',(#3489),#3481,.T.);
#3498=EDGE_CURVE('',#3041,#3039,#205,.T.);
#3500=EDGE_CURVE('',#2971,#3039,#2134,.T.);
#3504=ADVANCED_FACE('',(#3503),#3495,.T.);
#3510=EDGE_CURVE('',#3390,#3387,#197,.T.);
#3512=EDGE_CURVE('',#3390,#3039,#2138,.T.);
#3516=EDGE_CURVE('',#3373,#3084,#209,.T.);
#3518=EDGE_CURVE('',#3080,#3084,#1880,.T.);
#3520=EDGE_CURVE('',#3080,#3397,#1856,.T.);
#3522=EDGE_CURVE('',#3397,#3387,#213,.T.);
#3526=ADVANCED_FACE('',(#3525),#3509,.T.);
#3532=EDGE_CURVE('',#3387,#3159,#221,.T.);
#3534=EDGE_CURVE('',#3159,#3391,#2536,.T.);
#3536=EDGE_CURVE('',#3390,#3391,#2142,.T.);
#3541=ADVANCED_FACE('',(#3540),#3531,.T.);
#3547=EDGE_CURVE('',#3159,#3055,#217,.T.);
#3551=EDGE_CURVE('',#2757,#3397,#225,.T.);
#3553=EDGE_CURVE('',#2756,#2757,#229,.T.);
#3555=EDGE_CURVE('',#3065,#2756,#2022,.T.);
#3557=EDGE_CURVE('',#3064,#3065,#233,.T.);
#3559=EDGE_CURVE('',#3064,#3055,#2262,.T.);
#3563=ADVANCED_FACE('',(#3562),#3546,.F.);
#3570=EDGE_CURVE('',#3053,#3055,#255,.T.);
#3572=EDGE_CURVE('',#3161,#3053,#1990,.T.);
#3574=EDGE_CURVE('',#3159,#3161,#245,.T.);
#3578=ADVANCED_FACE('',(#3577),#3568,.F.);
#3584=EDGE_CURVE('',#3050,#3051,#415,.T.);
#3586=EDGE_CURVE('',#3053,#3051,#1994,.T.);
#3589=EDGE_CURVE('',#3055,#3050,#2258,.T.);
#3593=ADVANCED_FACE('',(#3592),#3583,.F.);
#3599=EDGE_CURVE('',#3358,#3359,#339,.T.);
#3601=EDGE_CURVE('',#3361,#3359,#343,.T.);
#3603=EDGE_CURVE('',#3361,#3043,#347,.T.);
#3605=EDGE_CURVE('',#3042,#3043,#355,.T.);
#3607=EDGE_CURVE('',#3049,#3042,#359,.T.);
#3609=EDGE_CURVE('',#3048,#3049,#367,.T.);
#3611=EDGE_CURVE('',#2745,#3048,#371,.T.);
#3613=EDGE_CURVE('',#2744,#2745,#375,.T.);
#3615=EDGE_CURVE('',#3169,#2744,#379,.T.);
#3617=EDGE_CURVE('',#3169,#3167,#383,.T.);
#3619=EDGE_CURVE('',#2740,#3167,#387,.T.);
#3621=EDGE_CURVE('',#2740,#2741,#391,.T.);
#3623=EDGE_CURVE('',#3057,#2741,#395,.T.);
#3625=EDGE_CURVE('',#3056,#3057,#403,.T.);
#3627=EDGE_CURVE('',#3051,#3056,#407,.T.);
#3630=EDGE_CURVE('',#3067,#3050,#419,.T.);
#3632=EDGE_CURVE('',#3066,#3067,#427,.T.);
#3634=EDGE_CURVE('',#2733,#3066,#431,.T.);
#3636=EDGE_CURVE('',#2732,#2733,#435,.T.);
#3638=EDGE_CURVE('',#2729,#2732,#439,.T.);
#3640=EDGE_CURVE('',#2728,#2729,#443,.T.);
#3642=EDGE_CURVE('',#3069,#2728,#447,.T.);
#3644=EDGE_CURVE('',#3068,#3069,#455,.T.);
#3646=EDGE_CURVE('',#3068,#3363,#459,.T.);
#3648=EDGE_CURVE('',#3363,#3358,#463,.T.);
#3652=EDGE_CURVE('',#2860,#2861,#275,.T.);
#3654=EDGE_CURVE('',#2869,#2861,#279,.T.);
#3656=EDGE_CURVE('',#2868,#2869,#283,.T.);
#3658=EDGE_CURVE('',#2868,#2860,#287,.T.);
#3662=EDGE_CURVE('',#2864,#2865,#291,.T.);
#3664=EDGE_CURVE('',#2873,#2865,#295,.T.);
#3666=EDGE_CURVE('',#2872,#2873,#299,.T.);
#3668=EDGE_CURVE('',#2872,#2864,#303,.T.);
#3672=EDGE_CURVE('',#3298,#3299,#307,.T.);
#3674=EDGE_CURVE('',#3307,#3299,#311,.T.);
#3676=EDGE_CURVE('',#3306,#3307,#315,.T.);
#3678=EDGE_CURVE('',#3306,#3298,#319,.T.);
#3682=EDGE_CURVE('',#3302,#3303,#323,.T.);
#3684=EDGE_CURVE('',#3311,#3303,#327,.T.);
#3686=EDGE_CURVE('',#3310,#3311,#331,.T.);
#3688=EDGE_CURVE('',#3310,#3302,#335,.T.);
#3692=EDGE_CURVE('',#3109,#3105,#259,.T.);
#3694=EDGE_CURVE('',#3103,#3105,#479,.T.);
#3696=EDGE_CURVE('',#3103,#3099,#263,.T.);
#3698=EDGE_CURVE('',#3097,#3099,#527,.T.);
#3700=EDGE_CURVE('',#3097,#3117,#267,.T.);
#3702=EDGE_CURVE('',#3115,#3117,#547,.T.);
#3704=EDGE_CURVE('',#3115,#3111,#271,.T.);
#3706=EDGE_CURVE('',#3109,#3111,#567,.T.);
#3710=ADVANCED_FACE('',(#3651,#3661,#3671,#3681,#3691,#3709),#3598,.F.);
#3716=EDGE_CURVE('',#3105,#3100,#467,.T.);
#3719=EDGE_CURVE('',#3109,#3107,#471,.T.);
#3721=EDGE_CURVE('',#3107,#3100,#503,.T.);
#3725=ADVANCED_FACE('',(#3724),#3715,.T.);
#3731=EDGE_CURVE('',#3100,#3101,#499,.T.);
#3733=EDGE_CURVE('',#3103,#3101,#575,.T.);
#3739=ADVANCED_FACE('',(#3738),#3730,.T.);
#3745=EDGE_CURVE('',#3094,#3095,#487,.T.);
#3747=EDGE_CURVE('',#3101,#3094,#491,.T.);
#3751=EDGE_CURVE('',#3106,#3107,#511,.T.);
#3753=EDGE_CURVE('',#3113,#3106,#559,.T.);
#3755=EDGE_CURVE('',#3112,#3113,#519,.T.);
#3757=EDGE_CURVE('',#3095,#3112,#535,.T.);
#3761=ADVANCED_FACE('',(#3760),#3744,.T.);
#3768=EDGE_CURVE('',#3097,#3095,#531,.T.);
#3771=EDGE_CURVE('',#3099,#3094,#571,.T.);
#3775=ADVANCED_FACE('',(#3774),#3766,.T.);
#3783=EDGE_CURVE('',#3117,#3112,#539,.T.);
#3788=ADVANCED_FACE('',(#3787),#3780,.T.);
#3795=EDGE_CURVE('',#3115,#3113,#555,.T.);
#3801=ADVANCED_FACE('',(#3800),#3793,.T.);
#3807=EDGE_CURVE('',#3111,#3106,#551,.T.);
#3814=ADVANCED_FACE('',(#3813),#3806,.T.);
#3826=ADVANCED_FACE('',(#3825),#3819,.T.);
#3838=ADVANCED_FACE('',(#3837),#3831,.T.);
#3845=EDGE_CURVE('',#2819,#2860,#579,.T.);
#3847=EDGE_CURVE('',#2818,#2819,#583,.T.);
#3849=EDGE_CURVE('',#2861,#2818,#587,.T.);
#3853=ADVANCED_FACE('',(#3852),#3843,.T.);
#3860=EDGE_CURVE('',#2823,#2864,#591,.T.);
#3862=EDGE_CURVE('',#2822,#2823,#595,.T.);
#3864=EDGE_CURVE('',#2865,#2822,#599,.T.);
#3868=ADVANCED_FACE('',(#3867),#3858,.T.);
#3874=EDGE_CURVE('',#2876,#2877,#727,.T.);
#3876=EDGE_CURVE('',#2876,#2901,#1073,.T.);
#3878=EDGE_CURVE('',#3189,#2901,#1030,.T.);
#3880=EDGE_CURVE('',#2833,#3189,#603,.T.);
#3882=EDGE_CURVE('',#2831,#2833,#607,.T.);
#3884=EDGE_CURVE('',#2829,#2831,#611,.T.);
#3886=EDGE_CURVE('',#2827,#2829,#615,.T.);
#3888=EDGE_CURVE('',#2826,#2827,#619,.T.);
#3890=EDGE_CURVE('',#2883,#2826,#624,.T.);
#3892=EDGE_CURVE('',#2877,#2883,#831,.T.);
#3896=ADVANCED_FACE('',(#3895),#3873,.T.);
#3902=EDGE_CURVE('',#2886,#2887,#819,.T.);
#3904=EDGE_CURVE('',#2813,#2886,#629,.T.);
#3906=EDGE_CURVE('',#2812,#2813,#633,.T.);
#3908=EDGE_CURVE('',#2815,#2812,#637,.T.);
#3910=EDGE_CURVE('',#2907,#2815,#641,.T.);
#3912=EDGE_CURVE('',#2907,#2899,#1182,.T.);
#3914=EDGE_CURVE('',#2899,#2895,#1053,.T.);
#3916=EDGE_CURVE('',#2887,#2895,#1642,.T.);
#3920=ADVANCED_FACE('',(#3919),#3901,.T.);
#3927=EDGE_CURVE('',#2843,#2868,#657,.T.);
#3929=EDGE_CURVE('',#2819,#2843,#645,.T.);
#3934=ADVANCED_FACE('',(#3933),#3925,.T.);
#3941=EDGE_CURVE('',#2869,#2842,#649,.T.);
#3943=EDGE_CURVE('',#2842,#2843,#653,.T.);
#3948=ADVANCED_FACE('',(#3947),#3939,.F.);
#3955=EDGE_CURVE('',#2873,#2846,#661,.T.);
#3957=EDGE_CURVE('',#2846,#2847,#665,.T.);
#3959=EDGE_CURVE('',#2847,#2872,#669,.T.);
#3963=ADVANCED_FACE('',(#3962),#3953,.F.);
#3969=EDGE_CURVE('',#2880,#2881,#748,.T.);
#3971=EDGE_CURVE('',#2881,#2889,#839,.T.);
#3973=EDGE_CURVE('',#2889,#2850,#674,.T.);
#3975=EDGE_CURVE('',#2850,#2851,#678,.T.);
#3977=EDGE_CURVE('',#2851,#2853,#682,.T.);
#3979=EDGE_CURVE('',#2853,#2855,#686,.T.);
#3981=EDGE_CURVE('',#2855,#2857,#690,.T.);
#3983=EDGE_CURVE('',#2857,#3191,#694,.T.);
#3985=EDGE_CURVE('',#3191,#2905,#1021,.T.);
#3987=EDGE_CURVE('',#2880,#2905,#1109,.T.);
#3991=ADVANCED_FACE('',(#3990),#3968,.F.);
#3997=EDGE_CURVE('',#2892,#2893,#811,.T.);
#3999=EDGE_CURVE('',#2897,#2893,#1677,.T.);
#4001=EDGE_CURVE('',#2903,#2897,#1101,.T.);
#4003=EDGE_CURVE('',#2909,#2903,#1191,.T.);
#4005=EDGE_CURVE('',#2909,#2839,#698,.T.);
#4007=EDGE_CURVE('',#2839,#2836,#702,.T.);
#4009=EDGE_CURVE('',#2836,#2837,#706,.T.);
#4011=EDGE_CURVE('',#2837,#2892,#711,.T.);
#4015=ADVANCED_FACE('',(#4014),#3996,.F.);
#4023=EDGE_CURVE('',#2818,#2842,#715,.T.);
#4028=ADVANCED_FACE('',(#4027),#4020,.T.);
#4040=ADVANCED_FACE('',(#4039),#4033,.T.);
#4048=EDGE_CURVE('',#2822,#2846,#719,.T.);
#4053=ADVANCED_FACE('',(#4052),#4045,.T.);
#4060=EDGE_CURVE('',#2823,#2847,#723,.T.);
#4066=ADVANCED_FACE('',(#4065),#4058,.T.);
#4078=ADVANCED_FACE('',(#4077),#4071,.T.);
#4085=EDGE_CURVE('',#3239,#2877,#827,.T.);
#4087=EDGE_CURVE('',#3246,#3239,#1508,.T.);
#4089=EDGE_CURVE('',#3246,#3247,#1478,.T.);
#4091=EDGE_CURVE('',#2943,#3247,#732,.T.);
#4093=EDGE_CURVE('',#2943,#2787,#1257,.T.);
#4095=EDGE_CURVE('',#2787,#2803,#736,.T.);
#4097=EDGE_CURVE('',#2803,#2876,#740,.T.);
#4101=ADVANCED_FACE('',(#4100),#4083,.F.);
#4107=EDGE_CURVE('',#3314,#3315,#744,.T.);
#4109=EDGE_CURVE('',#2881,#3315,#843,.T.);
#4112=EDGE_CURVE('',#2880,#3314,#752,.T.);
#4116=ADVANCED_FACE('',(#4115),#4106,.F.);
#4122=EDGE_CURVE('',#3318,#3319,#756,.T.);
#4124=EDGE_CURVE('',#3318,#2805,#760,.T.);
#4126=EDGE_CURVE('',#2801,#2805,#764,.T.);
#4128=EDGE_CURVE('',#2801,#2945,#1353,.T.);
#4130=EDGE_CURVE('',#3231,#2945,#775,.T.);
#4132=EDGE_CURVE('',#3230,#3231,#1567,.T.);
#4134=EDGE_CURVE('',#3226,#3230,#1621,.T.);
#4136=EDGE_CURVE('',#3319,#3226,#791,.T.);
#4140=ADVANCED_FACE('',(#4139),#4121,.F.);
#4146=EDGE_CURVE('',#3315,#3321,#779,.T.);
#4148=EDGE_CURVE('',#3327,#3321,#783,.T.);
#4150=EDGE_CURVE('',#3319,#3327,#787,.T.);
#4153=EDGE_CURVE('',#3226,#3227,#795,.T.);
#4155=EDGE_CURVE('',#3331,#3227,#1689,.T.);
#4157=EDGE_CURVE('',#3330,#3331,#799,.T.);
#4159=EDGE_CURVE('',#3330,#3324,#803,.T.);
#4161=EDGE_CURVE('',#3324,#3325,#807,.T.);
#4163=EDGE_CURVE('',#2893,#3325,#1681,.T.);
#4166=EDGE_CURVE('',#2892,#2886,#815,.T.);
#4169=EDGE_CURVE('',#3238,#2887,#1665,.T.);
#4171=EDGE_CURVE('',#3238,#3239,#823,.T.);
#4175=EDGE_CURVE('',#2889,#2883,#835,.T.);
#4181=ADVANCED_FACE('',(#4180),#4145,.F.);
#4188=EDGE_CURVE('',#3257,#3298,#847,.T.);
#4190=EDGE_CURVE('',#3256,#3257,#851,.T.);
#4192=EDGE_CURVE('',#3299,#3256,#855,.T.);
#4196=ADVANCED_FACE('',(#4195),#4186,.T.);
#4203=EDGE_CURVE('',#3261,#3302,#859,.T.);
#4205=EDGE_CURVE('',#3260,#3261,#863,.T.);
#4207=EDGE_CURVE('',#3303,#3260,#867,.T.);
#4211=ADVANCED_FACE('',(#4210),#4201,.T.);
#4218=EDGE_CURVE('',#3314,#3339,#1105,.T.);
#4220=EDGE_CURVE('',#3345,#3339,#1016,.T.);
#4222=EDGE_CURVE('',#3271,#3345,#871,.T.);
#4224=EDGE_CURVE('',#3269,#3271,#875,.T.);
#4226=EDGE_CURVE('',#3267,#3269,#879,.T.);
#4228=EDGE_CURVE('',#3265,#3267,#883,.T.);
#4230=EDGE_CURVE('',#3264,#3265,#887,.T.);
#4232=EDGE_CURVE('',#3321,#3264,#892,.T.);
#4237=ADVANCED_FACE('',(#4236),#4216,.T.);
#4244=EDGE_CURVE('',#3251,#3324,#897,.T.);
#4246=EDGE_CURVE('',#3250,#3251,#901,.T.);
#4248=EDGE_CURVE('',#3253,#3250,#905,.T.);
#4250=EDGE_CURVE('',#3349,#3253,#909,.T.);
#4252=EDGE_CURVE('',#3349,#3337,#1158,.T.);
#4254=EDGE_CURVE('',#3337,#3333,#1093,.T.);
#4256=EDGE_CURVE('',#3325,#3333,#1669,.T.);
#4260=ADVANCED_FACE('',(#4259),#4242,.T.);
#4267=EDGE_CURVE('',#3281,#3306,#925,.T.);
#4269=EDGE_CURVE('',#3257,#3281,#913,.T.);
#4274=ADVANCED_FACE('',(#4273),#4265,.T.);
#4281=EDGE_CURVE('',#3307,#3280,#917,.T.);
#4283=EDGE_CURVE('',#3280,#3281,#921,.T.);
#4288=ADVANCED_FACE('',(#4287),#4279,.F.);
#4295=EDGE_CURVE('',#3311,#3284,#929,.T.);
#4297=EDGE_CURVE('',#3284,#3285,#933,.T.);
#4299=EDGE_CURVE('',#3285,#3310,#937,.T.);
#4303=ADVANCED_FACE('',(#4302),#4293,.F.);
#4311=EDGE_CURVE('',#3327,#3288,#942,.T.);
#4313=EDGE_CURVE('',#3288,#3289,#946,.T.);
#4315=EDGE_CURVE('',#3289,#3291,#950,.T.);
#4317=EDGE_CURVE('',#3291,#3293,#954,.T.);
#4319=EDGE_CURVE('',#3293,#3295,#958,.T.);
#4321=EDGE_CURVE('',#3295,#3347,#962,.T.);
#4323=EDGE_CURVE('',#3347,#3343,#1045,.T.);
#4325=EDGE_CURVE('',#3318,#3343,#1137,.T.);
#4329=ADVANCED_FACE('',(#4328),#4308,.F.);
#4336=EDGE_CURVE('',#3335,#3331,#1685,.T.);
#4338=EDGE_CURVE('',#3341,#3335,#1117,.T.);
#4340=EDGE_CURVE('',#3351,#3341,#1167,.T.);
#4342=EDGE_CURVE('',#3351,#3277,#966,.T.);
#4344=EDGE_CURVE('',#3277,#3274,#970,.T.);
#4346=EDGE_CURVE('',#3274,#3275,#974,.T.);
#4348=EDGE_CURVE('',#3275,#3330,#979,.T.);
#4352=ADVANCED_FACE('',(#4351),#4334,.F.);
#4360=EDGE_CURVE('',#3256,#3280,#983,.T.);
#4365=ADVANCED_FACE('',(#4364),#4357,.T.);
#4377=ADVANCED_FACE('',(#4376),#4370,.T.);
#4385=EDGE_CURVE('',#3260,#3284,#987,.T.);
#4390=ADVANCED_FACE('',(#4389),#4382,.T.);
#4397=EDGE_CURVE('',#3261,#3285,#991,.T.);
#4403=ADVANCED_FACE('',(#4402),#4395,.T.);
#4415=ADVANCED_FACE('',(#4414),#4408,.T.);
#4423=EDGE_CURVE('',#3264,#3288,#995,.T.);
#4428=ADVANCED_FACE('',(#4427),#4420,.T.);
#4435=EDGE_CURVE('',#3265,#3289,#999,.T.);
#4441=ADVANCED_FACE('',(#4440),#4433,.T.);
#4448=EDGE_CURVE('',#3267,#3291,#1003,.T.);
#4454=ADVANCED_FACE('',(#4453),#4446,.T.);
#4461=EDGE_CURVE('',#3269,#3293,#1007,.T.);
#4467=ADVANCED_FACE('',(#4466),#4459,.T.);
#4474=EDGE_CURVE('',#3271,#3295,#1011,.T.);
#4480=ADVANCED_FACE('',(#4479),#4472,.T.);
#4486=EDGE_CURVE('',#3345,#3347,#1049,.T.);
#4493=ADVANCED_FACE('',(#4492),#4485,.T.);
#4500=EDGE_CURVE('',#2905,#3339,#1113,.T.);
#4503=EDGE_CURVE('',#3189,#3191,#1025,.T.);
#4506=EDGE_CURVE('',#2953,#2901,#1089,.T.);
#4508=EDGE_CURVE('',#2953,#2916,#1035,.T.);
#4510=EDGE_CURVE('',#2916,#2917,#1410,.T.);
#4512=EDGE_CURVE('',#2917,#2951,#1040,.T.);
#4514=EDGE_CURVE('',#3343,#2951,#1141,.T.);
#4520=ADVANCED_FACE('',(#4519),#4498,.T.);
#4527=EDGE_CURVE('',#2899,#2955,#1057,.T.);
#4529=EDGE_CURVE('',#2773,#2955,#1061,.T.);
#4531=EDGE_CURVE('',#2772,#2773,#1065,.T.);
#4533=EDGE_CURVE('',#2807,#2772,#1069,.T.);
#4535=EDGE_CURVE('',#2807,#2895,#1646,.T.);
#4539=ADVANCED_FACE('',(#4538),#4525,.T.);
#4547=EDGE_CURVE('',#2769,#2803,#1077,.T.);
#4549=EDGE_CURVE('',#2768,#2769,#1081,.T.);
#4551=EDGE_CURVE('',#2953,#2768,#1085,.T.);
#4556=ADVANCED_FACE('',(#4555),#4544,.T.);
#4563=EDGE_CURVE('',#3337,#2903,#1097,.T.);
#4566=EDGE_CURVE('',#2897,#3333,#1673,.T.);
#4570=ADVANCED_FACE('',(#4569),#4561,.T.);
#4582=ADVANCED_FACE('',(#4581),#4575,.T.);
#4589=EDGE_CURVE('',#3335,#2809,#1702,.T.);
#4591=EDGE_CURVE('',#2777,#2809,#1121,.T.);
#4593=EDGE_CURVE('',#2776,#2777,#1125,.T.);
#4595=EDGE_CURVE('',#2957,#2776,#1129,.T.);
#4597=EDGE_CURVE('',#2957,#3341,#1133,.T.);
#4601=ADVANCED_FACE('',(#4600),#4587,.T.);
#4609=EDGE_CURVE('',#2765,#2951,#1145,.T.);
#4611=EDGE_CURVE('',#2764,#2765,#1149,.T.);
#4613=EDGE_CURVE('',#2805,#2764,#1153,.T.);
#4618=ADVANCED_FACE('',(#4617),#4606,.T.);
#4625=EDGE_CURVE('',#3351,#3349,#1162,.T.);
#4629=EDGE_CURVE('',#2957,#2924,#1172,.T.);
#4631=EDGE_CURVE('',#2924,#2925,#1744,.T.);
#4633=EDGE_CURVE('',#2925,#2955,#1177,.T.);
#4637=EDGE_CURVE('',#2909,#2907,#1186,.T.);
#4643=ADVANCED_FACE('',(#4642),#4623,.T.);
#4651=EDGE_CURVE('',#3253,#3277,#1195,.T.);
#4656=ADVANCED_FACE('',(#4655),#4648,.T.);
#4663=EDGE_CURVE('',#3250,#3274,#1199,.T.);
#4669=ADVANCED_FACE('',(#4668),#4661,.T.);
#4676=EDGE_CURVE('',#3251,#3275,#1203,.T.);
#4682=ADVANCED_FACE('',(#4681),#4674,.T.);
#4694=ADVANCED_FACE('',(#4693),#4687,.T.);
#4700=EDGE_CURVE('',#2941,#2927,#1208,.T.);
#4702=EDGE_CURVE('',#2927,#2924,#1748,.T.);
#4706=EDGE_CURVE('',#2796,#2776,#2649,.T.);
#4708=EDGE_CURVE('',#2941,#2796,#1317,.T.);
#4712=ADVANCED_FACE('',(#4711),#4699,.F.);
#4718=EDGE_CURVE('',#3003,#3013,#1213,.T.);
#4720=EDGE_CURVE('',#3003,#2927,#1752,.T.);
#4723=EDGE_CURVE('',#3013,#2941,#1313,.T.);
#4727=ADVANCED_FACE('',(#4726),#4717,.T.);
#4782=EDGE_CURVE('',#3013,#3014,#1309,.T.);
#4784=EDGE_CURVE('',#2999,#3014,#2688,.T.);
#4786=EDGE_CURVE('',#3003,#2999,#1225,.T.);
#4790=ADVANCED_FACE('',(#4789),#4780,.T.);
#4796=EDGE_CURVE('',#2975,#2976,#1237,.T.);
#4798=EDGE_CURVE('',#2937,#2975,#1241,.T.);
#4800=EDGE_CURVE('',#2937,#2784,#1245,.T.);
#4802=EDGE_CURVE('',#2784,#2785,#1249,.T.);
#4804=EDGE_CURVE('',#2785,#2787,#1253,.T.);
#4807=EDGE_CURVE('',#2976,#2943,#1261,.T.);
#4811=ADVANCED_FACE('',(#4810),#4795,.T.);
#4817=EDGE_CURVE('',#2990,#2991,#1273,.T.);
#4819=EDGE_CURVE('',#2947,#2990,#1277,.T.);
#4821=EDGE_CURVE('',#2947,#2790,#1281,.T.);
#4823=EDGE_CURVE('',#2790,#2791,#1285,.T.);
#4825=EDGE_CURVE('',#2791,#2793,#1289,.T.);
#4827=EDGE_CURVE('',#2939,#2793,#1293,.T.);
#4829=EDGE_CURVE('',#2939,#2991,#1297,.T.);
#4833=ADVANCED_FACE('',(#4832),#4816,.T.);
#4842=EDGE_CURVE('',#2796,#2797,#1321,.T.);
#4844=EDGE_CURVE('',#2797,#2799,#1325,.T.);
#4846=EDGE_CURVE('',#2799,#2949,#1329,.T.);
#4848=EDGE_CURVE('',#3014,#2949,#1333,.T.);
#4852=ADVANCED_FACE('',(#4851),#4838,.T.);
#4858=EDGE_CURVE('',#3028,#3029,#1345,.T.);
#4860=EDGE_CURVE('',#2945,#3028,#1349,.T.);
#4863=EDGE_CURVE('',#2801,#2780,#1357,.T.);
#4865=EDGE_CURVE('',#2780,#2781,#1361,.T.);
#4867=EDGE_CURVE('',#2935,#2781,#1365,.T.);
#4869=EDGE_CURVE('',#3029,#2935,#1369,.T.);
#4873=ADVANCED_FACE('',(#4872),#4857,.T.);
#4927=EDGE_CURVE('',#2965,#2975,#1386,.T.);
#4930=EDGE_CURVE('',#2961,#2976,#2693,.T.);
#4932=EDGE_CURVE('',#2965,#2961,#1381,.T.);
#4936=ADVANCED_FACE('',(#4935),#4926,.T.);
#4943=EDGE_CURVE('',#2919,#2965,#1418,.T.);
#4945=EDGE_CURVE('',#2937,#2919,#1715,.T.);
#4950=ADVANCED_FACE('',(#4949),#4941,.T.);
#4956=EDGE_CURVE('',#2964,#2965,#1390,.T.);
#4959=EDGE_CURVE('',#3024,#3021,#1398,.T.);
#4961=EDGE_CURVE('',#3024,#2921,#1402,.T.);
#4963=EDGE_CURVE('',#2921,#2917,#1406,.T.);
#4966=EDGE_CURVE('',#2919,#2916,#1414,.T.);
#4971=ADVANCED_FACE('',(#4970),#4955,.T.);
#4977=EDGE_CURVE('',#2960,#2961,#1470,.T.);
#4984=ADVANCED_FACE('',(#4983),#4976,.T.);
#4990=EDGE_CURVE('',#3197,#3199,#1434,.T.);
#4992=EDGE_CURVE('',#3197,#3202,#1438,.T.);
#4994=EDGE_CURVE('',#3202,#3203,#1442,.T.);
#4996=EDGE_CURVE('',#3242,#3203,#1446,.T.);
#4998=EDGE_CURVE('',#3242,#3243,#1450,.T.);
#5000=EDGE_CURVE('',#3243,#2988,#1454,.T.);
#5002=EDGE_CURVE('',#2988,#2979,#1458,.T.);
#5005=EDGE_CURVE('',#3085,#2931,#1824,.T.);
#5007=EDGE_CURVE('',#3084,#3085,#1462,.T.);
#5012=EDGE_CURVE('',#2961,#3247,#1474,.T.);
#5015=EDGE_CURVE('',#3199,#3246,#1482,.T.);
#5019=ADVANCED_FACE('',(#5018),#4989,.F.);
#5025=EDGE_CURVE('',#3194,#3195,#1495,.T.);
#5027=EDGE_CURVE('',#3194,#3197,#1526,.T.);
#5030=EDGE_CURVE('',#3199,#3195,#1491,.T.);
#5034=ADVANCED_FACE('',(#5033),#5024,.T.);
#5041=EDGE_CURVE('',#3207,#3195,#1503,.T.);
#5043=EDGE_CURVE('',#3205,#3207,#1499,.T.);
#5045=EDGE_CURVE('',#3194,#3205,#1530,.T.);
#5049=ADVANCED_FACE('',(#5048),#5039,.F.);
#5056=EDGE_CURVE('',#3207,#3203,#1522,.T.);
#5063=EDGE_CURVE('',#3238,#3242,#1513,.T.);
#5067=ADVANCED_FACE('',(#5066),#5054,.T.);
#5074=EDGE_CURVE('',#3202,#3205,#1534,.T.);
#5080=ADVANCED_FACE('',(#5079),#5072,.T.);
#5092=ADVANCED_FACE('',(#5091),#5085,.F.);
#5098=EDGE_CURVE('',#3210,#3213,#1538,.T.);
#5100=EDGE_CURVE('',#3210,#3221,#1607,.T.);
#5102=EDGE_CURVE('',#3218,#3221,#1542,.T.);
#5104=EDGE_CURVE('',#3218,#3213,#1546,.T.);
#5108=ADVANCED_FACE('',(#5107),#5097,.F.);
#5114=EDGE_CURVE('',#3210,#3211,#1559,.T.);
#5117=EDGE_CURVE('',#3213,#3215,#1625,.T.);
#5119=EDGE_CURVE('',#3215,#3211,#1555,.T.);
#5123=ADVANCED_FACE('',(#5122),#5113,.T.);
#5130=EDGE_CURVE('',#3230,#3211,#1563,.T.);
#5133=EDGE_CURVE('',#3231,#3026,#1571,.T.);
#5135=EDGE_CURVE('',#3026,#3017,#1575,.T.);
#5137=EDGE_CURVE('',#3017,#3375,#1579,.T.);
#5139=EDGE_CURVE('',#3093,#3375,#2556,.T.);
#5141=EDGE_CURVE('',#3092,#3093,#1583,.T.);
#5143=EDGE_CURVE('',#2933,#3092,#1836,.T.);
#5145=EDGE_CURVE('',#2998,#2933,#1804,.T.);
#5147=EDGE_CURVE('',#2998,#2999,#1587,.T.);
#5149=EDGE_CURVE('',#2999,#3235,#1591,.T.);
#5151=EDGE_CURVE('',#3234,#3235,#1595,.T.);
#5153=EDGE_CURVE('',#3223,#3234,#1599,.T.);
#5155=EDGE_CURVE('',#3221,#3223,#1603,.T.);
#5160=ADVANCED_FACE('',(#5159),#5128,.F.);
#5166=EDGE_CURVE('',#3215,#3219,#1611,.T.);
#5168=EDGE_CURVE('',#3223,#3219,#1638,.T.);
#5171=EDGE_CURVE('',#3234,#3227,#1616,.T.);
#5179=ADVANCED_FACE('',(#5178),#5165,.T.);
#5187=EDGE_CURVE('',#3218,#3219,#1629,.T.);
#5192=ADVANCED_FACE('',(#5191),#5184,.F.);
#5204=ADVANCED_FACE('',(#5203),#5197,.T.);
#5212=EDGE_CURVE('',#2790,#2807,#1650,.T.);
#5215=EDGE_CURVE('',#3243,#2947,#1661,.T.);
#5222=ADVANCED_FACE('',(#5221),#5209,.F.);
#5234=ADVANCED_FACE('',(#5233),#5227,.F.);
#5244=EDGE_CURVE('',#2949,#3235,#1694,.T.);
#5247=EDGE_CURVE('',#2799,#2809,#1698,.T.);
#5252=ADVANCED_FACE('',(#5251),#5239,.F.);
#5259=EDGE_CURVE('',#2785,#2769,#1706,.T.);
#5265=ADVANCED_FACE('',(#5264),#5257,.F.);
#5274=EDGE_CURVE('',#2791,#2772,#1719,.T.);
#5278=ADVANCED_FACE('',(#5277),#5270,.F.);
#5285=EDGE_CURVE('',#2784,#2768,#1710,.T.);
#5291=ADVANCED_FACE('',(#5290),#5283,.F.);
#5305=ADVANCED_FACE('',(#5304),#5296,.F.);
#5314=EDGE_CURVE('',#2793,#2773,#1728,.T.);
#5318=ADVANCED_FACE('',(#5317),#5310,.F.);
#5326=EDGE_CURVE('',#2929,#2925,#1740,.T.);
#5328=EDGE_CURVE('',#2929,#2939,#1724,.T.);
#5334=ADVANCED_FACE('',(#5333),#5323,.F.);
#5340=EDGE_CURVE('',#2986,#2983,#1732,.T.);
#5342=EDGE_CURVE('',#2929,#2986,#1736,.T.);
#5348=EDGE_CURVE('',#3002,#3003,#1756,.T.);
#5350=EDGE_CURVE('',#2983,#3002,#1776,.T.);
#5354=ADVANCED_FACE('',(#5353),#5339,.T.);
#5361=EDGE_CURVE('',#2983,#2979,#1768,.T.);
#5364=EDGE_CURVE('',#2988,#2986,#2673,.T.);
#5368=ADVANCED_FACE('',(#5367),#5359,.T.);
#5376=EDGE_CURVE('',#2983,#2984,#1772,.T.);
#5378=EDGE_CURVE('',#2984,#2980,#2312,.T.);
#5382=ADVANCED_FACE('',(#5381),#5373,.T.);
#5390=EDGE_CURVE('',#3005,#3002,#1780,.T.);
#5392=EDGE_CURVE('',#3005,#2984,#1784,.T.);
#5396=ADVANCED_FACE('',(#5395),#5387,.T.);
#5403=EDGE_CURVE('',#3002,#2998,#1796,.T.);
#5405=EDGE_CURVE('',#3007,#2998,#1800,.T.);
#5407=EDGE_CURVE('',#3007,#3005,#2327,.T.);
#5411=ADVANCED_FACE('',(#5410),#5401,.T.);
#5423=ADVANCED_FACE('',(#5422),#5416,.T.);
#5431=EDGE_CURVE('',#2933,#2912,#1808,.T.);
#5433=EDGE_CURVE('',#3007,#2912,#1812,.T.);
#5437=ADVANCED_FACE('',(#5436),#5428,.T.);
#5443=EDGE_CURVE('',#3017,#3018,#1816,.T.);
#5445=EDGE_CURVE('',#3035,#3018,#1820,.T.);
#5447=EDGE_CURVE('',#3035,#3375,#2560,.T.);
#5452=ADVANCED_FACE('',(#5451),#5442,.T.);
#5458=EDGE_CURVE('',#3081,#2757,#1852,.T.);
#5460=EDGE_CURVE('',#3085,#3081,#1888,.T.);
#5464=EDGE_CURVE('',#2910,#2911,#1832,.T.);
#5466=EDGE_CURVE('',#2910,#2756,#2026,.T.);
#5471=ADVANCED_FACE('',(#5470),#5457,.F.);
#5478=EDGE_CURVE('',#3088,#3092,#2576,.T.);
#5480=EDGE_CURVE('',#2761,#3088,#1864,.T.);
#5482=EDGE_CURVE('',#2760,#2761,#1916,.T.);
#5484=EDGE_CURVE('',#2760,#2913,#2052,.T.);
#5486=EDGE_CURVE('',#2912,#2913,#1844,.T.);
#5491=ADVANCED_FACE('',(#5490),#5476,.F.);
#5497=EDGE_CURVE('',#3080,#3081,#1848,.T.);
#5504=ADVANCED_FACE('',(#5503),#5496,.F.);
#5510=EDGE_CURVE('',#3369,#3399,#1896,.T.);
#5512=EDGE_CURVE('',#3355,#3369,#1924,.T.);
#5514=EDGE_CURVE('',#3354,#3355,#1860,.T.);
#5516=EDGE_CURVE('',#3371,#3354,#2653,.T.);
#5518=EDGE_CURVE('',#2761,#3371,#1920,.T.);
#5521=EDGE_CURVE('',#3088,#3089,#1868,.T.);
#5523=EDGE_CURVE('',#3089,#3399,#1872,.T.);
#5527=ADVANCED_FACE('',(#5526),#5509,.F.);
#5539=ADVANCED_FACE('',(#5538),#5532,.T.);
#5545=EDGE_CURVE('',#3365,#3369,#1892,.T.);
#5548=EDGE_CURVE('',#3399,#3381,#2552,.T.);
#5550=EDGE_CURVE('',#3153,#3381,#1900,.T.);
#5552=EDGE_CURVE('',#3045,#3153,#1904,.T.);
#5554=EDGE_CURVE('',#3365,#3045,#1932,.T.);
#5558=ADVANCED_FACE('',(#5557),#5544,.F.);
#5564=EDGE_CURVE('',#3367,#3371,#1908,.T.);
#5566=EDGE_CURVE('',#3073,#3367,#1948,.T.);
#5568=EDGE_CURVE('',#3075,#3073,#1912,.T.);
#5570=EDGE_CURVE('',#3075,#2760,#2056,.T.);
#5576=ADVANCED_FACE('',(#5575),#5563,.F.);
#5584=EDGE_CURVE('',#3365,#3361,#1928,.T.);
#5587=EDGE_CURVE('',#3359,#3355,#2661,.T.);
#5591=ADVANCED_FACE('',(#5590),#5581,.T.);
#5599=EDGE_CURVE('',#3043,#3045,#1936,.T.);
#5604=ADVANCED_FACE('',(#5603),#5596,.T.);
#5610=EDGE_CURVE('',#3367,#3363,#1940,.T.);
#5613=EDGE_CURVE('',#3073,#3068,#1944,.T.);
#5618=ADVANCED_FACE('',(#5617),#5609,.T.);
#5626=EDGE_CURVE('',#3047,#3045,#1958,.T.);
#5628=EDGE_CURVE('',#3042,#3047,#1986,.T.);
#5632=ADVANCED_FACE('',(#5631),#5623,.F.);
#5638=EDGE_CURVE('',#3047,#3151,#1974,.T.);
#5642=EDGE_CURVE('',#3151,#3153,#1970,.T.);
#5646=ADVANCED_FACE('',(#5645),#5637,.F.);
#5653=EDGE_CURVE('',#3155,#3151,#1978,.T.);
#5655=EDGE_CURVE('',#3155,#3049,#1982,.T.);
#5661=ADVANCED_FACE('',(#5660),#5651,.F.);
#5670=EDGE_CURVE('',#3165,#3056,#1998,.T.);
#5672=EDGE_CURVE('',#3161,#3165,#2002,.T.);
#5676=ADVANCED_FACE('',(#5675),#5666,.F.);
#5683=EDGE_CURVE('',#3151,#3382,#2010,.T.);
#5685=EDGE_CURVE('',#3384,#3382,#2092,.T.);
#5687=EDGE_CURVE('',#3155,#3384,#2006,.T.);
#5691=ADVANCED_FACE('',(#5690),#5681,.T.);
#5746=EDGE_CURVE('',#3153,#3378,#2014,.T.);
#5748=EDGE_CURVE('',#3382,#3378,#2104,.T.);
#5753=ADVANCED_FACE('',(#5752),#5744,.F.);
#5759=EDGE_CURVE('',#3378,#3379,#2108,.T.);
#5763=EDGE_CURVE('',#3381,#3379,#2548,.T.);
#5767=ADVANCED_FACE('',(#5766),#5758,.T.);
#5773=EDGE_CURVE('',#3141,#3136,#2018,.T.);
#5775=EDGE_CURVE('',#3061,#3141,#2214,.T.);
#5777=EDGE_CURVE('',#3065,#3061,#2284,.T.);
#5781=EDGE_CURVE('',#2910,#2995,#2030,.T.);
#5783=EDGE_CURVE('',#2993,#2995,#2035,.T.);
#5785=EDGE_CURVE('',#3011,#2993,#2039,.T.);
#5787=EDGE_CURVE('',#3009,#3011,#2044,.T.);
#5789=EDGE_CURVE('',#3009,#2913,#2048,.T.);
#5793=EDGE_CURVE('',#3077,#3075,#2292,.T.);
#5795=EDGE_CURVE('',#3149,#3077,#2230,.T.);
#5797=EDGE_CURVE('',#3147,#3149,#2060,.T.);
#5799=EDGE_CURVE('',#3147,#3136,#2064,.T.);
#5803=ADVANCED_FACE('',(#5802),#5772,.T.);
#5809=EDGE_CURVE('',#3178,#3179,#2068,.T.);
#5811=EDGE_CURVE('',#3121,#3179,#2428,.T.);
#5813=EDGE_CURVE('',#3120,#3121,#2072,.T.);
#5815=EDGE_CURVE('',#3120,#3385,#2076,.T.);
#5817=EDGE_CURVE('',#3385,#3384,#2088,.T.);
#5822=EDGE_CURVE('',#3037,#3379,#2112,.T.);
#5824=EDGE_CURVE('',#3037,#3033,#2116,.T.);
#5826=EDGE_CURVE('',#3031,#3033,#2121,.T.);
#5833=EDGE_CURVE('',#3391,#3392,#2154,.T.);
#5835=EDGE_CURVE('',#3392,#3394,#2158,.T.);
#5837=EDGE_CURVE('',#3394,#3395,#2170,.T.);
#5839=EDGE_CURVE('',#3395,#3133,#2174,.T.);
#5841=EDGE_CURVE('',#3132,#3133,#2178,.T.);
#5843=EDGE_CURVE('',#3178,#3132,#2352,.T.);
#5847=ADVANCED_FACE('',(#5846),#5808,.T.);
#5853=EDGE_CURVE('',#3136,#3137,#2186,.T.);
#5855=EDGE_CURVE('',#3139,#3137,#2242,.T.);
#5857=EDGE_CURVE('',#3139,#3141,#2182,.T.);
#5862=ADVANCED_FACE('',(#5861),#5852,.T.);
#5870=EDGE_CURVE('',#3144,#3147,#2190,.T.);
#5872=EDGE_CURVE('',#3144,#2736,#2210,.T.);
#5874=EDGE_CURVE('',#2736,#2737,#2254,.T.);
#5876=EDGE_CURVE('',#3137,#2737,#2246,.T.);
#5880=ADVANCED_FACE('',(#5879),#5867,.F.);
#5886=EDGE_CURVE('',#3144,#3145,#2198,.T.);
#5890=EDGE_CURVE('',#3149,#3145,#2194,.T.);
#5894=ADVANCED_FACE('',(#5893),#5885,.T.);
#5901=EDGE_CURVE('',#2728,#3145,#2202,.T.);
#5904=EDGE_CURVE('',#2729,#2736,#2206,.T.);
#5909=ADVANCED_FACE('',(#5908),#5899,.F.);
#5917=EDGE_CURVE('',#2733,#3139,#2218,.T.);
#5920=EDGE_CURVE('',#3066,#3060,#2222,.T.);
#5922=EDGE_CURVE('',#3060,#3061,#2226,.T.);
#5926=ADVANCED_FACE('',(#5925),#5914,.F.);
#5935=EDGE_CURVE('',#3077,#3071,#2234,.T.);
#5937=EDGE_CURVE('',#3071,#3069,#2238,.T.);
#5942=ADVANCED_FACE('',(#5941),#5931,.F.);
#5950=EDGE_CURVE('',#2732,#2737,#2250,.T.);
#5956=ADVANCED_FACE('',(#5955),#5947,.F.);
#5968=ADVANCED_FACE('',(#5967),#5961,.T.);
#5975=EDGE_CURVE('',#3067,#3064,#2266,.T.);
#5977=EDGE_CURVE('',#3060,#3064,#2276,.T.);
#5982=ADVANCED_FACE('',(#5981),#5973,.F.);
#5994=ADVANCED_FACE('',(#5993),#5987,.T.);
#6006=ADVANCED_FACE('',(#6005),#5999,.F.);
#6013=EDGE_CURVE('',#3071,#3073,#2302,.T.);
#6019=ADVANCED_FACE('',(#6018),#6011,.F.);
#6031=ADVANCED_FACE('',(#6030),#6024,.F.);
#6037=EDGE_CURVE('',#2980,#2995,#2307,.T.);
#6044=ADVANCED_FACE('',(#6043),#6036,.T.);
#6050=EDGE_CURVE('',#2984,#2993,#2317,.T.);
#6057=ADVANCED_FACE('',(#6056),#6049,.T.);
#6065=EDGE_CURVE('',#3005,#3011,#2322,.T.);
#6070=ADVANCED_FACE('',(#6069),#6062,.T.);
#6076=EDGE_CURVE('',#3007,#3009,#2332,.T.);
#6083=ADVANCED_FACE('',(#6082),#6075,.T.);
#6095=ADVANCED_FACE('',(#6094),#6088,.T.);
#6102=EDGE_CURVE('',#3178,#3185,#2336,.T.);
#6104=EDGE_CURVE('',#3185,#3182,#2340,.T.);
#6106=EDGE_CURVE('',#3182,#3183,#2388,.T.);
#6108=EDGE_CURVE('',#3183,#3187,#2344,.T.);
#6110=EDGE_CURVE('',#3187,#3179,#2348,.T.);
#6114=ADVANCED_FACE('',(#6113),#6100,.T.);
#6120=EDGE_CURVE('',#3185,#3128,#2360,.T.);
#6124=EDGE_CURVE('',#3128,#3132,#2356,.T.);
#6128=ADVANCED_FACE('',(#6127),#6119,.T.);
#6134=EDGE_CURVE('',#3174,#3182,#2392,.T.);
#6138=EDGE_CURVE('',#3128,#2748,#2364,.T.);
#6140=EDGE_CURVE('',#2748,#2740,#2368,.T.);
#6143=EDGE_CURVE('',#3166,#3167,#2374,.T.);
#6145=EDGE_CURVE('',#3175,#3166,#2378,.T.);
#6147=EDGE_CURVE('',#3174,#3175,#2384,.T.);
#6151=ADVANCED_FACE('',(#6150),#6133,.F.);
#6159=EDGE_CURVE('',#3174,#3172,#2396,.T.);
#6161=EDGE_CURVE('',#3172,#3183,#2400,.T.);
#6165=ADVANCED_FACE('',(#6164),#6156,.F.);
#6171=EDGE_CURVE('',#3171,#3172,#2406,.T.);
#6175=EDGE_CURVE('',#3175,#3171,#2544,.T.);
#6179=ADVANCED_FACE('',(#6178),#6170,.F.);
#6185=EDGE_CURVE('',#3187,#3125,#2432,.T.);
#6190=EDGE_CURVE('',#3170,#3171,#2410,.T.);
#6192=EDGE_CURVE('',#3169,#3170,#2416,.T.);
#6195=EDGE_CURVE('',#2744,#2752,#2420,.T.);
#6197=EDGE_CURVE('',#3125,#2752,#2424,.T.);
#6201=ADVANCED_FACE('',(#6200),#6184,.F.);
#6210=EDGE_CURVE('',#3125,#3121,#2436,.T.);
#6214=ADVANCED_FACE('',(#6213),#6206,.T.);
#6222=EDGE_CURVE('',#3124,#3125,#2440,.T.);
#6224=EDGE_CURVE('',#3124,#3120,#2484,.T.);
#6228=ADVANCED_FACE('',(#6227),#6219,.T.);
#6236=EDGE_CURVE('',#2752,#2753,#2448,.T.);
#6238=EDGE_CURVE('',#3124,#2753,#2452,.T.);
#6242=ADVANCED_FACE('',(#6241),#6233,.F.);
#6248=EDGE_CURVE('',#3128,#3129,#2444,.T.);
#6250=EDGE_CURVE('',#3129,#2749,#2512,.T.);
#6252=EDGE_CURVE('',#2748,#2749,#2528,.T.);
#6257=ADVANCED_FACE('',(#6256),#6247,.F.);
#6266=EDGE_CURVE('',#2745,#2753,#2456,.T.);
#6270=ADVANCED_FACE('',(#6269),#6262,.T.);
#6279=EDGE_CURVE('',#3157,#3048,#2460,.T.);
#6281=EDGE_CURVE('',#3124,#3157,#2464,.T.);
#6285=ADVANCED_FACE('',(#6284),#6275,.F.);
#6292=EDGE_CURVE('',#3157,#3155,#2476,.T.);
#6298=ADVANCED_FACE('',(#6297),#6290,.F.);
#6355=EDGE_CURVE('',#3157,#3385,#2480,.T.);
#6359=ADVANCED_FACE('',(#6358),#6351,.F.);
#6371=ADVANCED_FACE('',(#6370),#6364,.T.);
#6380=EDGE_CURVE('',#3129,#3133,#2488,.T.);
#6384=ADVANCED_FACE('',(#6383),#6376,.T.);
#6391=EDGE_CURVE('',#3163,#3395,#2492,.T.);
#6393=EDGE_CURVE('',#3163,#3129,#2516,.T.);
#6398=ADVANCED_FACE('',(#6397),#6389,.T.);
#6452=EDGE_CURVE('',#3165,#3163,#2508,.T.);
#6456=EDGE_CURVE('',#3165,#3394,#2496,.T.);
#6460=ADVANCED_FACE('',(#6459),#6451,.F.);
#6466=EDGE_CURVE('',#3163,#3057,#2520,.T.);
#6473=ADVANCED_FACE('',(#6472),#6465,.F.);
#6483=EDGE_CURVE('',#2749,#2741,#2524,.T.);
#6487=ADVANCED_FACE('',(#6486),#6478,.F.);
#6499=ADVANCED_FACE('',(#6498),#6492,.T.);
#6508=EDGE_CURVE('',#3161,#3392,#2532,.T.);
#6512=ADVANCED_FACE('',(#6511),#6504,.T.);
#6572=ADVANCED_FACE('',(#6571),#6565,.F.);
#6578=EDGE_CURVE('',#3170,#3166,#2540,.T.);
#6585=ADVANCED_FACE('',(#6584),#6577,.T.);
#6597=ADVANCED_FACE('',(#6596),#6590,.F.);
#6606=EDGE_CURVE('',#3093,#3089,#2584,.T.);
#6610=EDGE_CURVE('',#3037,#3035,#2568,.T.);
#6615=ADVANCED_FACE('',(#6614),#6602,.T.);
#6627=ADVANCED_FACE('',(#6626),#6620,.T.);
#6633=EDGE_CURVE('',#3018,#3033,#2589,.T.);
#6640=ADVANCED_FACE('',(#6639),#6632,.T.);
#6649=EDGE_CURVE('',#3022,#3018,#2594,.T.);
#6653=ADVANCED_FACE('',(#6652),#6645,.T.);
#6660=EDGE_CURVE('',#3021,#3017,#2606,.T.);
#6666=ADVANCED_FACE('',(#6665),#6658,.T.);
#6675=EDGE_CURVE('',#3026,#3024,#2618,.T.);
#6679=ADVANCED_FACE('',(#6678),#6671,.T.);
#6733=EDGE_CURVE('',#3026,#3028,#2623,.T.);
#6736=EDGE_CURVE('',#3024,#3029,#2628,.T.);
#6741=ADVANCED_FACE('',(#6740),#6732,.T.);
#6753=ADVANCED_FACE('',(#6752),#6746,.T.);
#6761=EDGE_CURVE('',#2921,#2935,#2633,.T.);
#6766=ADVANCED_FACE('',(#6765),#6758,.T.);
#6777=EDGE_CURVE('',#2781,#2765,#2637,.T.);
#6781=ADVANCED_FACE('',(#6780),#6771,.F.);
#6788=EDGE_CURVE('',#2780,#2764,#2641,.T.);
#6794=ADVANCED_FACE('',(#6793),#6786,.F.);
#6801=EDGE_CURVE('',#2797,#2777,#2645,.T.);
#6807=ADVANCED_FACE('',(#6806),#6799,.F.);
#6819=ADVANCED_FACE('',(#6818),#6812,.F.);
#6831=ADVANCED_FACE('',(#6830),#6824,.F.);
#6838=EDGE_CURVE('',#3358,#3354,#2657,.T.);
#6845=ADVANCED_FACE('',(#6844),#6836,.T.);
#6857=ADVANCED_FACE('',(#6856),#6850,.T.);
#6911=EDGE_CURVE('',#2988,#2990,#2678,.T.);
#6914=EDGE_CURVE('',#2986,#2991,#2683,.T.);
#6919=ADVANCED_FACE('',(#6918),#6910,.T.);
#6931=ADVANCED_FACE('',(#6930),#6924,.T.);
#6943=ADVANCED_FACE('',(#6942),#6936,.T.);
#6955=ADVANCED_FACE('',(#6954),#6948,.T.);
#6967=ADVANCED_FACE('',(#6966),#6960,.T.);
#6974=EDGE_CURVE('',#2815,#2839,#2697,.T.);
#6980=ADVANCED_FACE('',(#6979),#6972,.T.);
#6987=EDGE_CURVE('',#2812,#2836,#2701,.T.);
#6993=ADVANCED_FACE('',(#6992),#6985,.T.);
#7000=EDGE_CURVE('',#2813,#2837,#2705,.T.);
#7006=ADVANCED_FACE('',(#7005),#6998,.T.);
#7018=ADVANCED_FACE('',(#7017),#7011,.T.);
#7026=EDGE_CURVE('',#2833,#2857,#2709,.T.);
#7031=ADVANCED_FACE('',(#7030),#7023,.T.);
#7040=EDGE_CURVE('',#2831,#2855,#2713,.T.);
#7044=ADVANCED_FACE('',(#7043),#7036,.T.);
#7053=EDGE_CURVE('',#2829,#2853,#2717,.T.);
#7057=ADVANCED_FACE('',(#7056),#7049,.T.);
#7066=EDGE_CURVE('',#2827,#2851,#2721,.T.);
#7070=ADVANCED_FACE('',(#7069),#7062,.T.);
#7079=EDGE_CURVE('',#2826,#2850,#2725,.T.);
#7083=ADVANCED_FACE('',(#7082),#7075,.T.);
#7095=ADVANCED_FACE('',(#7094),#7088,.T.);
#7096=CLOSED_SHELL('',(#3415,#3431,#3446,#3461,#3476,#3490,#3504,#3526,#3541,
#3563,#3578,#3593,#3710,#3725,#3739,#3761,#3775,#3788,#3801,#3814,#3826,#3838,
#3853,#3868,#3896,#3920,#3934,#3948,#3963,#3991,#4015,#4028,#4040,#4053,#4066,
#4078,#4101,#4116,#4140,#4181,#4196,#4211,#4237,#4260,#4274,#4288,#4303,#4329,
#4352,#4365,#4377,#4390,#4403,#4415,#4428,#4441,#4454,#4467,#4480,#4493,#4520,
#4539,#4556,#4570,#4582,#4601,#4618,#4643,#4656,#4669,#4682,#4694,#4712,#4727,
#4790,#4811,#4833,#4852,#4873,#4936,#4950,#4971,#4984,#5019,#5034,#5049,#5067,
#5080,#5092,#5108,#5123,#5160,#5179,#5192,#5204,#5222,#5234,#5252,#5265,#5278,
#5291,#5305,#5318,#5334,#5354,#5368,#5382,#5396,#5411,#5423,#5437,#5452,#5471,
#5491,#5504,#5527,#5539,#5558,#5576,#5591,#5604,#5618,#5632,#5646,#5661,#5676,
#5691,#5753,#5767,#5803,#5847,#5862,#5880,#5894,#5909,#5926,#5942,#5956,#5968,
#5982,#5994,#6006,#6019,#6031,#6044,#6057,#6070,#6083,#6095,#6114,#6128,#6151,
#6165,#6179,#6201,#6214,#6228,#6242,#6257,#6270,#6285,#6298,#6359,#6371,#6384,
#6398,#6460,#6473,#6487,#6499,#6512,#6572,#6585,#6597,#6615,#6627,#6640,#6653,
#6666,#6679,#6741,#6753,#6766,#6781,#6794,#6807,#6819,#6831,#6845,#6857,#6919,
#6931,#6943,#6955,#6967,#6980,#6993,#7006,#7018,#7031,#7044,#7057,#7070,#7083,
#7095));
#7097=MANIFOLD_SOLID_BREP('',#7096);
#7098=(LENGTH_UNIT()NAMED_UNIT(*)SI_UNIT(.MILLI.,.METRE.));
#7099=(NAMED_UNIT(*)PLANE_ANGLE_UNIT()SI_UNIT($,.RADIAN.));
#7102=(NAMED_UNIT(*)SI_UNIT($,.STERADIAN.)SOLID_ANGLE_UNIT());
#7104=(GEOMETRIC_REPRESENTATION_CONTEXT(3)GLOBAL_UNCERTAINTY_ASSIGNED_CONTEXT((
#7103))GLOBAL_UNIT_ASSIGNED_CONTEXT((#7098,#7101,#7102))REPRESENTATION_CONTEXT(
'ID1','3'));
#7105=ADVANCED_BREP_SHAPE_REPRESENTATION('',(#7097),#7104);
#7112=PRODUCT_DEFINITION('part definition','',#7111,#7108);
#7113=PRODUCT_DEFINITION_SHAPE('','SHAPE FOR C-2427710-2.',#7112);
#7114=SHAPE_ASPECT('','solid data associated with C-2427710-2',#7113,.F.);
#7115=PROPERTY_DEFINITION('',
'shape for solid data with which properties are associated',#7114);
#7116=SHAPE_REPRESENTATION('',(#7097),#7104);
#7117=SHAPE_DEFINITION_REPRESENTATION(#7115,#7116);
#7118=(LENGTH_UNIT()NAMED_UNIT(*)SI_UNIT(.MILLI.,.METRE.));
#7122=PROPERTY_DEFINITION('geometric validation property','area of C-2427710-2',
#7114);
#7123=REPRESENTATION('surface area',(#7121),#7104);
#7124=PROPERTY_DEFINITION_REPRESENTATION(#7122,#7123);
#7125=(LENGTH_UNIT()NAMED_UNIT(*)SI_UNIT(.MILLI.,.METRE.));
#7129=PROPERTY_DEFINITION('geometric validation property',
'volume of C-2427710-2',#7114);
#7130=REPRESENTATION('volume',(#7128),#7104);
#7131=PROPERTY_DEFINITION_REPRESENTATION(#7129,#7130);
#7133=PROPERTY_DEFINITION('geometric validation property',
'centroid of C-2427710-2',#7114);
#7134=REPRESENTATION('centroid',(#7132),#7104);
#7135=PROPERTY_DEFINITION_REPRESENTATION(#7133,#7134);
#7136=(LENGTH_UNIT()NAMED_UNIT(*)SI_UNIT(.MILLI.,.METRE.));
#7140=PROPERTY_DEFINITION('geometric validation property','area of C-2427710-2',
#7113);
#7141=REPRESENTATION('surface area',(#7139),#7104);
#7142=PROPERTY_DEFINITION_REPRESENTATION(#7140,#7141);
#7143=(LENGTH_UNIT()NAMED_UNIT(*)SI_UNIT(.MILLI.,.METRE.));
#7147=PROPERTY_DEFINITION('geometric validation property',
'volume of C-2427710-2',#7113);
#7148=REPRESENTATION('volume',(#7146),#7104);
#7149=PROPERTY_DEFINITION_REPRESENTATION(#7147,#7148);
#7151=PROPERTY_DEFINITION('geometric validation property',
'centroid of C-2427710-2',#7113);
#7152=REPRESENTATION('centroid',(#7150),#7104);
#7153=PROPERTY_DEFINITION_REPRESENTATION(#7151,#7152);
#7154=SHAPE_DEFINITION_REPRESENTATION(#7113,#7105);
ENDSEC;
END-ISO-10303-21;
