ISO-10303-21;
HEADER;
FILE_DESCRIPTION((''),'2;1');
FILE_NAME('C-2427710-4','2024-08-21T23:30:30',('workeradm'),(
'TE Connectivity Ltd.'),'CREO PARAMETRIC BY PTC INC, 2021072',
'CREO PARAMETRIC BY PTC INC, 2021072','');
FILE_SCHEMA(('AUTOMOTIVE_DESIGN { 1 0 10303 214 1 1 1 1 }'));
ENDSEC;
DATA;
#134=DIRECTION('',(6.300145590258E-12,-6.872924229578E-6,-9.999999999764E-1));
#135=VECTOR('',#134,3.000000000070E-1);
#136=CARTESIAN_POINT('',(-4.5E0,-4.35E0,-2.E-1));
#137=LINE('',#136,#135);
#138=DIRECTION('',(0.E0,1.745240643728E-2,-9.998476951564E-1));
#139=VECTOR('',#138,3.000456984133E-1);
#140=CARTESIAN_POINT('',(-4.5E0,-1.571166784282E0,-2.E-1));
#141=LINE('',#140,#139);
#142=DIRECTION('',(0.E0,1.E0,0.E0));
#143=VECTOR('',#142,2.778833215718E0);
#144=CARTESIAN_POINT('',(-4.5E0,-4.35E0,-2.E-1));
#145=LINE('',#144,#143);
#146=DIRECTION('',(-6.297184995655E-12,-2.290974743240E-6,9.999999999974E-1));
#147=VECTOR('',#146,3.000000000009E-1);
#148=CARTESIAN_POINT('',(-4.499999999998E0,4.350000687292E0,
-5.000000000001E-1));
#149=LINE('',#148,#147);
#150=DIRECTION('',(0.E0,1.E0,0.E0));
#151=VECTOR('',#150,5.480898701436E-1);
#152=CARTESIAN_POINT('',(-4.5E0,3.801910129856E0,-2.E-1));
#153=LINE('',#152,#151);
#154=DIRECTION('',(0.E0,-1.745240643728E-2,-9.998476951564E-1));
#155=VECTOR('',#154,3.000456984133E-1);
#156=CARTESIAN_POINT('',(-4.5E0,3.801910129856E0,-2.E-1));
#157=LINE('',#156,#155);
#158=DIRECTION('',(-3.414175046768E-12,-1.E0,-2.829094273591E-14));
#159=VECTOR('',#158,5.533270769145E-1);
#160=CARTESIAN_POINT('',(-4.499999999998E0,4.350000687292E0,
-5.000000000001E-1));
#161=LINE('',#160,#159);
#162=DIRECTION('',(-4.581949492366E-6,0.E0,-9.999999999895E-1));
#163=VECTOR('',#162,3.000000000032E-1);
#164=CARTESIAN_POINT('',(-4.E0,-4.85E0,-2.E-1));
#165=LINE('',#164,#163);
#166=DIRECTION('',(-1.E0,0.E0,0.E0));
#167=VECTOR('',#166,8.E0);
#168=CARTESIAN_POINT('',(4.E0,-4.85E0,-2.E-1));
#169=LINE('',#168,#167);
#170=DIRECTION('',(-4.581949492366E-6,0.E0,9.999999999895E-1));
#171=VECTOR('',#170,3.000000000032E-1);
#172=CARTESIAN_POINT('',(4.000001374585E0,-4.85E0,-5.E-1));
#173=LINE('',#172,#171);
#174=CARTESIAN_POINT('',(-4.E0,-4.65E0,-2.E-1));
#175=DIRECTION('',(-1.E0,0.E0,0.E0));
#176=DIRECTION('',(0.E0,-1.E0,0.E0));
#177=AXIS2_PLACEMENT_3D('',#174,#175,#176);
#179=CARTESIAN_POINT('',(4.E0,-4.65E0,-2.E-1));
#180=DIRECTION('',(-1.E0,0.E0,0.E0));
#181=DIRECTION('',(0.E0,-1.E0,0.E0));
#182=AXIS2_PLACEMENT_3D('',#179,#180,#181);
#184=CARTESIAN_POINT('',(-4.E0,-4.35E0,-2.E-1));
#185=DIRECTION('',(0.E0,0.E0,1.E0));
#186=DIRECTION('',(-1.E0,0.E0,0.E0));
#187=AXIS2_PLACEMENT_3D('',#184,#185,#186);
#189=CARTESIAN_POINT('',(-4.3E0,-4.35E0,-2.E-1));
#190=DIRECTION('',(0.E0,1.E0,0.E0));
#191=DIRECTION('',(-1.E0,0.E0,0.E0));
#192=AXIS2_PLACEMENT_3D('',#189,#190,#191);
#194=DIRECTION('',(7.085940289197E-1,1.231470417973E-2,-7.055089299508E-1));
#195=VECTOR('',#194,2.126104514631E-1);
#196=CARTESIAN_POINT('',(-4.057401843154E0,-1.574657797267E0,0.E0));
#197=LINE('',#196,#195);
#198=CARTESIAN_POINT('',(-4.5E0,-1.571166784282E0,-2.E-1));
#199=CARTESIAN_POINT('',(-4.5E0,-1.571748575471E0,-1.666692050807E-1));
#200=CARTESIAN_POINT('',(-4.485532776261E0,-1.572659669981E0,
-1.144726355533E-1));
#201=CARTESIAN_POINT('',(-4.444369853362E0,-1.573686651489E0,
-5.563690438110E-2));
#202=CARTESIAN_POINT('',(-4.385534874963E0,-1.574405213101E0,
-1.447053717046E-2));
#203=CARTESIAN_POINT('',(-4.333335872134E0,-1.574657797267E0,0.E0));
#204=CARTESIAN_POINT('',(-4.3E0,-1.574657797267E0,0.E0));
#206=DIRECTION('',(3.315614445550E-3,1.745231050726E-2,-9.998421993289E-1));
#207=VECTOR('',#206,1.900963197168E0);
#208=CARTESIAN_POINT('',(-4.5E0,-1.565930264803E0,-5.000000000001E-1));
#209=LINE('',#208,#207);
#210=DIRECTION('',(-4.362644744257E-3,-1.745224035355E-2,9.998381802259E-1));
#211=VECTOR('',#210,2.050333212349E0);
#212=CARTESIAN_POINT('',(-3.897802471348E0,-1.536256654425E0,-2.2E0));
#213=LINE('',#212,#211);
#214=DIRECTION('',(4.363300093540E-3,4.363655950138E-3,-9.999809598783E-1));
#215=VECTOR('',#214,6.130118146520E0);
#216=CARTESIAN_POINT('',(-3.906747346761E0,-3.631113077272E0,
-1.499985721085E-1));
#217=LINE('',#216,#215);
#218=DIRECTION('',(0.E0,-1.E0,-1.658400461865E-13));
#219=VECTOR('',#218,2.059073514820E0);
#220=CARTESIAN_POINT('',(-3.906747346761E0,-1.572039562452E0,
-1.499985721081E-1));
#221=LINE('',#220,#219);
#222=DIRECTION('',(0.E0,-1.E0,0.E0));
#223=VECTOR('',#222,5.303256654425E0);
#224=CARTESIAN_POINT('',(-3.897802471348E0,3.767E0,-2.2E0));
#225=LINE('',#224,#223);
#226=DIRECTION('',(4.362644744257E-3,-1.745224035355E-2,-9.998381802259E-1));
#227=VECTOR('',#226,2.200356061121E0);
#228=CARTESIAN_POINT('',(-3.907401843154E0,3.805401142842E0,0.E0));
#229=LINE('',#228,#227);
#230=DIRECTION('',(-4.363299321611E-3,4.363646698602E-3,9.999809599220E-1));
#231=VECTOR('',#230,6.280119572669E0);
#232=CARTESIAN_POINT('',(-3.879999801683E0,4.118363350754E0,-6.279999998702E0));
#233=LINE('',#232,#231);
#234=CARTESIAN_POINT('',(-3.906747346761E0,-3.631113077272E0,
-1.499985721085E-1));
#235=CARTESIAN_POINT('',(-3.906747534115E0,-3.647440550564E0,
-1.499556418187E-1));
#236=CARTESIAN_POINT('',(-3.903546950664E0,-3.680133188772E0,
-1.498780984104E-1));
#237=CARTESIAN_POINT('',(-3.889160808855E0,-3.727532885812E0,
-1.497912959270E-1));
#238=CARTESIAN_POINT('',(-3.865877180452E0,-3.771027010899E0,
-1.497381565032E-1));
#239=CARTESIAN_POINT('',(-3.834460869444E0,-3.809243669267E0,
-1.497202763617E-1));
#240=CARTESIAN_POINT('',(-3.796280900820E0,-3.840490190079E0,
-1.497385064640E-1));
#241=CARTESIAN_POINT('',(-3.752633800896E0,-3.863766162051E0,
-1.497920682353E-1));
#242=CARTESIAN_POINT('',(-3.705072866176E0,-3.878024676946E0,
-1.498796302299E-1));
#243=CARTESIAN_POINT('',(-3.672894033494E0,-3.881110882804E0,
-1.499561234230E-1));
#244=CARTESIAN_POINT('',(-3.656749726566E0,-3.881110697582E0,
-1.499985721082E-1));
#246=CARTESIAN_POINT('',(-3.630000793273E0,-3.854360970992E0,
-6.280545412795E0));
#247=CARTESIAN_POINT('',(-3.648700639268E0,-3.854360851176E0,
-6.280559273568E0));
#248=CARTESIAN_POINT('',(-3.686099397839E0,-3.850146793949E0,
-6.280570888578E0));
#249=CARTESIAN_POINT('',(-3.739385237802E0,-3.831501204645E0,
-6.280541435124E0));
#250=CARTESIAN_POINT('',(-3.787185908669E0,-3.801466080317E0,
-6.280469003276E0));
#251=CARTESIAN_POINT('',(-3.827104780200E0,-3.761547470399E0,
-6.280345226226E0));
#252=CARTESIAN_POINT('',(-3.857140064058E0,-3.713747100813E0,
-6.280221883644E0));
#253=CARTESIAN_POINT('',(-3.875785887716E0,-3.660461598969E0,
-6.279934863739E0));
#254=CARTESIAN_POINT('',(-3.879999683007E0,-3.623063079209E0,
-6.280067733818E0));
#255=CARTESIAN_POINT('',(-3.879999801679E0,-3.604363350747E0,
-6.280000000433E0));
#257=DIRECTION('',(0.E0,1.E0,0.E0));
#258=VECTOR('',#257,1.750029852136E0);
#259=CARTESIAN_POINT('',(2.67E0,-8.601492606791E-2,-7.28E0));
#260=LINE('',#259,#258);
#261=DIRECTION('',(-1.E0,0.E0,0.E0));
#262=VECTOR('',#261,4.940029852136E0);
#263=CARTESIAN_POINT('',(2.470014926068E0,1.864E0,-7.28E0));
#264=LINE('',#263,#262);
#265=DIRECTION('',(0.E0,-1.E0,0.E0));
#266=VECTOR('',#265,1.750029852136E0);
#267=CARTESIAN_POINT('',(-2.67E0,1.664014926068E0,-7.28E0));
#268=LINE('',#267,#266);
#269=DIRECTION('',(1.E0,0.E0,0.E0));
#270=VECTOR('',#269,4.940029852136E0);
#271=CARTESIAN_POINT('',(-2.470014926068E0,-2.86E-1,-7.28E0));
#272=LINE('',#271,#270);
#273=DIRECTION('',(0.E0,-1.E0,0.E0));
#274=VECTOR('',#273,3.E-1);
#275=CARTESIAN_POINT('',(-2.45E0,2.934E0,-7.28E0));
#276=LINE('',#275,#274);
#277=DIRECTION('',(-1.E0,0.E0,0.E0));
#278=VECTOR('',#277,4.E-1);
#279=CARTESIAN_POINT('',(-2.05E0,2.634E0,-7.28E0));
#280=LINE('',#279,#278);
#281=DIRECTION('',(0.E0,-1.E0,0.E0));
#282=VECTOR('',#281,3.E-1);
#283=CARTESIAN_POINT('',(-2.05E0,2.934E0,-7.28E0));
#284=LINE('',#283,#282);
#285=DIRECTION('',(-1.E0,0.E0,0.E0));
#286=VECTOR('',#285,4.E-1);
#287=CARTESIAN_POINT('',(-2.05E0,2.934E0,-7.28E0));
#288=LINE('',#287,#286);
#289=DIRECTION('',(0.E0,-1.E0,0.E0));
#290=VECTOR('',#289,3.E-1);
#291=CARTESIAN_POINT('',(-2.45E0,-1.056E0,-7.28E0));
#292=LINE('',#291,#290);
#293=DIRECTION('',(-1.E0,0.E0,0.E0));
#294=VECTOR('',#293,4.E-1);
#295=CARTESIAN_POINT('',(-2.05E0,-1.356E0,-7.28E0));
#296=LINE('',#295,#294);
#297=DIRECTION('',(0.E0,-1.E0,0.E0));
#298=VECTOR('',#297,3.E-1);
#299=CARTESIAN_POINT('',(-2.05E0,-1.056E0,-7.28E0));
#300=LINE('',#299,#298);
#301=DIRECTION('',(-1.E0,0.E0,0.E0));
#302=VECTOR('',#301,4.E-1);
#303=CARTESIAN_POINT('',(-2.05E0,-1.056E0,-7.28E0));
#304=LINE('',#303,#302);
#305=DIRECTION('',(0.E0,-1.E0,0.E0));
#306=VECTOR('',#305,3.E-1);
#307=CARTESIAN_POINT('',(-9.5E-1,2.934E0,-7.28E0));
#308=LINE('',#307,#306);
#309=DIRECTION('',(-1.E0,0.E0,0.E0));
#310=VECTOR('',#309,4.E-1);
#311=CARTESIAN_POINT('',(-5.5E-1,2.634E0,-7.28E0));
#312=LINE('',#311,#310);
#313=DIRECTION('',(0.E0,-1.E0,0.E0));
#314=VECTOR('',#313,3.E-1);
#315=CARTESIAN_POINT('',(-5.5E-1,2.934E0,-7.28E0));
#316=LINE('',#315,#314);
#317=DIRECTION('',(-1.E0,0.E0,0.E0));
#318=VECTOR('',#317,4.E-1);
#319=CARTESIAN_POINT('',(-5.5E-1,2.934E0,-7.28E0));
#320=LINE('',#319,#318);
#321=DIRECTION('',(0.E0,-1.E0,0.E0));
#322=VECTOR('',#321,3.E-1);
#323=CARTESIAN_POINT('',(-9.5E-1,-1.056E0,-7.28E0));
#324=LINE('',#323,#322);
#325=DIRECTION('',(-1.E0,0.E0,0.E0));
#326=VECTOR('',#325,4.E-1);
#327=CARTESIAN_POINT('',(-5.5E-1,-1.356E0,-7.28E0));
#328=LINE('',#327,#326);
#329=DIRECTION('',(0.E0,-1.E0,0.E0));
#330=VECTOR('',#329,3.E-1);
#331=CARTESIAN_POINT('',(-5.5E-1,-1.056E0,-7.28E0));
#332=LINE('',#331,#330);
#333=DIRECTION('',(-1.E0,0.E0,0.E0));
#334=VECTOR('',#333,4.E-1);
#335=CARTESIAN_POINT('',(-5.5E-1,-1.056E0,-7.28E0));
#336=LINE('',#335,#334);
#337=DIRECTION('',(0.E0,-1.E0,0.E0));
#338=VECTOR('',#337,3.E-1);
#339=CARTESIAN_POINT('',(5.5E-1,2.934E0,-7.28E0));
#340=LINE('',#339,#338);
#341=DIRECTION('',(-1.E0,0.E0,0.E0));
#342=VECTOR('',#341,4.E-1);
#343=CARTESIAN_POINT('',(9.5E-1,2.634E0,-7.28E0));
#344=LINE('',#343,#342);
#345=DIRECTION('',(0.E0,-1.E0,0.E0));
#346=VECTOR('',#345,3.E-1);
#347=CARTESIAN_POINT('',(9.5E-1,2.934E0,-7.28E0));
#348=LINE('',#347,#346);
#349=DIRECTION('',(-1.E0,0.E0,0.E0));
#350=VECTOR('',#349,4.E-1);
#351=CARTESIAN_POINT('',(9.5E-1,2.934E0,-7.28E0));
#352=LINE('',#351,#350);
#353=DIRECTION('',(0.E0,-1.E0,0.E0));
#354=VECTOR('',#353,3.E-1);
#355=CARTESIAN_POINT('',(5.5E-1,-1.056E0,-7.28E0));
#356=LINE('',#355,#354);
#357=DIRECTION('',(-1.E0,0.E0,0.E0));
#358=VECTOR('',#357,4.E-1);
#359=CARTESIAN_POINT('',(9.5E-1,-1.356E0,-7.28E0));
#360=LINE('',#359,#358);
#361=DIRECTION('',(0.E0,-1.E0,0.E0));
#362=VECTOR('',#361,3.E-1);
#363=CARTESIAN_POINT('',(9.5E-1,-1.056E0,-7.28E0));
#364=LINE('',#363,#362);
#365=DIRECTION('',(-1.E0,0.E0,0.E0));
#366=VECTOR('',#365,4.E-1);
#367=CARTESIAN_POINT('',(9.5E-1,-1.056E0,-7.28E0));
#368=LINE('',#367,#366);
#369=DIRECTION('',(0.E0,-1.E0,0.E0));
#370=VECTOR('',#369,3.E-1);
#371=CARTESIAN_POINT('',(2.05E0,2.934E0,-7.28E0));
#372=LINE('',#371,#370);
#373=DIRECTION('',(-1.E0,0.E0,0.E0));
#374=VECTOR('',#373,4.E-1);
#375=CARTESIAN_POINT('',(2.45E0,2.634E0,-7.28E0));
#376=LINE('',#375,#374);
#377=DIRECTION('',(0.E0,-1.E0,0.E0));
#378=VECTOR('',#377,3.E-1);
#379=CARTESIAN_POINT('',(2.45E0,2.934E0,-7.28E0));
#380=LINE('',#379,#378);
#381=DIRECTION('',(-1.E0,0.E0,0.E0));
#382=VECTOR('',#381,4.E-1);
#383=CARTESIAN_POINT('',(2.45E0,2.934E0,-7.28E0));
#384=LINE('',#383,#382);
#385=DIRECTION('',(0.E0,-1.E0,0.E0));
#386=VECTOR('',#385,3.E-1);
#387=CARTESIAN_POINT('',(2.05E0,-1.056E0,-7.28E0));
#388=LINE('',#387,#386);
#389=DIRECTION('',(-1.E0,0.E0,0.E0));
#390=VECTOR('',#389,4.E-1);
#391=CARTESIAN_POINT('',(2.45E0,-1.356E0,-7.28E0));
#392=LINE('',#391,#390);
#393=DIRECTION('',(0.E0,-1.E0,0.E0));
#394=VECTOR('',#393,3.E-1);
#395=CARTESIAN_POINT('',(2.45E0,-1.056E0,-7.28E0));
#396=LINE('',#395,#394);
#397=DIRECTION('',(-1.E0,0.E0,0.E0));
#398=VECTOR('',#397,4.E-1);
#399=CARTESIAN_POINT('',(2.45E0,-1.056E0,-7.28E0));
#400=LINE('',#399,#398);
#401=DIRECTION('',(0.E0,-1.E0,0.E0));
#402=VECTOR('',#401,8.E-1);
#403=CARTESIAN_POINT('',(3.37E0,4.19E-1,-7.28E0));
#404=LINE('',#403,#402);
#405=DIRECTION('',(-1.E0,0.E0,0.E0));
#406=VECTOR('',#405,5.1E-1);
#407=CARTESIAN_POINT('',(3.88E0,-3.81E-1,-7.28E0));
#408=LINE('',#407,#406);
#409=DIRECTION('',(0.E0,-1.E0,0.E0));
#410=VECTOR('',#409,3.218997620158E0);
#411=CARTESIAN_POINT('',(3.88E0,-3.81E-1,-7.28E0));
#412=LINE('',#411,#410);
#413=CARTESIAN_POINT('',(3.63E0,-3.85E0,-7.28E0));
#414=CARTESIAN_POINT('',(3.671666864987E0,-3.85E0,-7.28E0));
#415=CARTESIAN_POINT('',(3.736914192934E0,-3.831913597973E0,-7.28E0));
#416=CARTESIAN_POINT('',(3.810458357123E0,-3.780457167201E0,-7.28E0));
#417=CARTESIAN_POINT('',(3.861914028992E0,-3.706912244110E0,-7.28E0));
#418=CARTESIAN_POINT('',(3.88E0,-3.641664485144E0,-7.28E0));
#419=CARTESIAN_POINT('',(3.88E0,-3.599997620158E0,-7.28E0));
#421=DIRECTION('',(1.E0,0.E0,0.E0));
#422=VECTOR('',#421,3.150023798198E-1);
#423=CARTESIAN_POINT('',(3.314997620180E0,-3.85E0,-7.28E0));
#424=LINE('',#423,#422);
#425=CARTESIAN_POINT('',(3.065E0,-3.600002379820E0,-7.28E0));
#426=CARTESIAN_POINT('',(3.065E0,-3.641668649850E0,-7.28E0));
#427=CARTESIAN_POINT('',(3.083085697550E0,-3.706915492360E0,-7.28E0));
#428=CARTESIAN_POINT('',(3.134540927137E0,-3.780459072863E0,-7.28E0));
#429=CARTESIAN_POINT('',(3.208084507640E0,-3.831914302450E0,-7.28E0));
#430=CARTESIAN_POINT('',(3.273331350150E0,-3.85E0,-7.28E0));
#431=CARTESIAN_POINT('',(3.314997620180E0,-3.85E0,-7.28E0));
#433=DIRECTION('',(0.E0,-1.E0,0.E0));
#434=VECTOR('',#433,1.344002379820E0);
#435=CARTESIAN_POINT('',(3.065E0,-2.256E0,-7.28E0));
#436=LINE('',#435,#434);
#437=DIRECTION('',(1.E0,0.E0,0.E0));
#438=VECTOR('',#437,5.E-1);
#439=CARTESIAN_POINT('',(2.565E0,-2.256E0,-7.28E0));
#440=LINE('',#439,#438);
#441=DIRECTION('',(0.E0,1.E0,0.E0));
#442=VECTOR('',#441,9.300303038033E-1);
#443=CARTESIAN_POINT('',(2.565E0,-3.186030303803E0,-7.28E0));
#444=LINE('',#443,#442);
#445=DIRECTION('',(-1.E0,0.E0,0.E0));
#446=VECTOR('',#445,5.13E0);
#447=CARTESIAN_POINT('',(2.565E0,-3.186030303803E0,-7.28E0));
#448=LINE('',#447,#446);
#449=DIRECTION('',(0.E0,-1.E0,0.E0));
#450=VECTOR('',#449,9.300303038033E-1);
#451=CARTESIAN_POINT('',(-2.565E0,-2.256E0,-7.28E0));
#452=LINE('',#451,#450);
#453=DIRECTION('',(-1.E0,0.E0,0.E0));
#454=VECTOR('',#453,5.E-1);
#455=CARTESIAN_POINT('',(-2.565E0,-2.256E0,-7.28E0));
#456=LINE('',#455,#454);
#457=DIRECTION('',(0.E0,1.E0,0.E0));
#458=VECTOR('',#457,1.344002379820E0);
#459=CARTESIAN_POINT('',(-3.065E0,-3.600002379820E0,-7.28E0));
#460=LINE('',#459,#458);
#461=CARTESIAN_POINT('',(-3.314997620180E0,-3.85E0,-7.28E0));
#462=CARTESIAN_POINT('',(-3.273331350150E0,-3.85E0,-7.28E0));
#463=CARTESIAN_POINT('',(-3.208084507640E0,-3.831914302450E0,-7.28E0));
#464=CARTESIAN_POINT('',(-3.134540927137E0,-3.780459072863E0,-7.28E0));
#465=CARTESIAN_POINT('',(-3.083085697550E0,-3.706915492360E0,-7.28E0));
#466=CARTESIAN_POINT('',(-3.065E0,-3.641668649850E0,-7.28E0));
#467=CARTESIAN_POINT('',(-3.065E0,-3.600002379820E0,-7.28E0));
#469=DIRECTION('',(1.E0,0.E0,0.E0));
#470=VECTOR('',#469,3.150023798198E-1);
#471=CARTESIAN_POINT('',(-3.63E0,-3.85E0,-7.28E0));
#472=LINE('',#471,#470);
#473=CARTESIAN_POINT('',(-3.88E0,-3.599997620158E0,-7.28E0));
#474=CARTESIAN_POINT('',(-3.88E0,-3.641664485144E0,-7.28E0));
#475=CARTESIAN_POINT('',(-3.861914028992E0,-3.706912244110E0,-7.28E0));
#476=CARTESIAN_POINT('',(-3.810458357123E0,-3.780457167201E0,-7.28E0));
#477=CARTESIAN_POINT('',(-3.736914192934E0,-3.831913597973E0,-7.28E0));
#478=CARTESIAN_POINT('',(-3.671666864987E0,-3.85E0,-7.28E0));
#479=CARTESIAN_POINT('',(-3.63E0,-3.85E0,-7.28E0));
#481=DIRECTION('',(0.E0,-1.E0,0.E0));
#482=VECTOR('',#481,7.713995240315E0);
#483=CARTESIAN_POINT('',(-3.88E0,4.113997620158E0,-7.28E0));
#484=LINE('',#483,#482);
#485=CARTESIAN_POINT('',(-3.63E0,4.364E0,-7.28E0));
#486=CARTESIAN_POINT('',(-3.671666864987E0,4.364E0,-7.28E0));
#487=CARTESIAN_POINT('',(-3.736914192934E0,4.345913597973E0,-7.28E0));
#488=CARTESIAN_POINT('',(-3.810458357123E0,4.294457167201E0,-7.28E0));
#489=CARTESIAN_POINT('',(-3.861914028992E0,4.220912244110E0,-7.28E0));
#490=CARTESIAN_POINT('',(-3.88E0,4.155664485144E0,-7.28E0));
#491=CARTESIAN_POINT('',(-3.88E0,4.113997620158E0,-7.28E0));
#493=DIRECTION('',(-1.E0,0.E0,0.E0));
#494=VECTOR('',#493,1.63E0);
#495=CARTESIAN_POINT('',(-2.E0,4.364E0,-7.28E0));
#496=LINE('',#495,#494);
#497=DIRECTION('',(0.E0,1.E0,0.E0));
#498=VECTOR('',#497,5.3E-1);
#499=CARTESIAN_POINT('',(-2.E0,3.834E0,-7.28E0));
#500=LINE('',#499,#498);
#501=DIRECTION('',(-1.E0,0.E0,0.E0));
#502=VECTOR('',#501,4.E0);
#503=CARTESIAN_POINT('',(2.E0,3.834E0,-7.28E0));
#504=LINE('',#503,#502);
#505=DIRECTION('',(0.E0,-1.E0,0.E0));
#506=VECTOR('',#505,5.3E-1);
#507=CARTESIAN_POINT('',(2.E0,4.364E0,-7.28E0));
#508=LINE('',#507,#506);
#509=DIRECTION('',(-1.E0,0.E0,0.E0));
#510=VECTOR('',#509,1.63E0);
#511=CARTESIAN_POINT('',(3.63E0,4.364E0,-7.28E0));
#512=LINE('',#511,#510);
#513=CARTESIAN_POINT('',(3.88E0,4.113997620158E0,-7.28E0));
#514=CARTESIAN_POINT('',(3.88E0,4.155664485144E0,-7.28E0));
#515=CARTESIAN_POINT('',(3.861914028992E0,4.220912244110E0,-7.28E0));
#516=CARTESIAN_POINT('',(3.810458357123E0,4.294457167201E0,-7.28E0));
#517=CARTESIAN_POINT('',(3.736914192934E0,4.345913597973E0,-7.28E0));
#518=CARTESIAN_POINT('',(3.671666864987E0,4.364E0,-7.28E0));
#519=CARTESIAN_POINT('',(3.63E0,4.364E0,-7.28E0));
#521=DIRECTION('',(0.E0,-1.E0,0.E0));
#522=VECTOR('',#521,3.694997620158E0);
#523=CARTESIAN_POINT('',(3.88E0,4.113997620158E0,-7.28E0));
#524=LINE('',#523,#522);
#525=DIRECTION('',(-1.E0,0.E0,0.E0));
#526=VECTOR('',#525,5.1E-1);
#527=CARTESIAN_POINT('',(3.88E0,4.19E-1,-7.28E0));
#528=LINE('',#527,#526);
#529=DIRECTION('',(-1.221608921240E-2,-1.221608921240E-2,9.998507560275E-1));
#530=VECTOR('',#529,2.700403018874E0);
#531=CARTESIAN_POINT('',(2.67E0,1.664014926068E0,-7.28E0));
#532=LINE('',#531,#530);
#533=DIRECTION('',(-1.221608921240E-2,1.221608921240E-2,9.998507560275E-1));
#534=VECTOR('',#533,2.700403018874E0);
#535=CARTESIAN_POINT('',(2.67E0,-8.601492606791E-2,-7.28E0));
#536=LINE('',#535,#534);
#537=CARTESIAN_POINT('',(2.470014926068E0,1.864E0,-7.28E0));
#538=CARTESIAN_POINT('',(2.503345771723E0,1.864E0,-7.28E0));
#539=CARTESIAN_POINT('',(2.555541109283E0,1.849533646249E0,-7.28E0));
#540=CARTESIAN_POINT('',(2.614372618853E0,1.808372618853E0,-7.28E0));
#541=CARTESIAN_POINT('',(2.655533646249E0,1.749541109283E0,-7.28E0));
#542=CARTESIAN_POINT('',(2.67E0,1.697345771723E0,-7.28E0));
#543=CARTESIAN_POINT('',(2.67E0,1.664014926068E0,-7.28E0));
#545=CARTESIAN_POINT('',(-2.437026561880E0,1.831011635812E0,-4.58E0));
#546=CARTESIAN_POINT('',(-2.470357407535E0,1.831011635812E0,-4.58E0));
#547=CARTESIAN_POINT('',(-2.522552745095E0,1.816545282061E0,-4.58E0));
#548=CARTESIAN_POINT('',(-2.581384254665E0,1.775384254665E0,-4.58E0));
#549=CARTESIAN_POINT('',(-2.622545282061E0,1.716552745095E0,-4.58E0));
#550=CARTESIAN_POINT('',(-2.637011635812E0,1.664357407535E0,-4.58E0));
#551=CARTESIAN_POINT('',(-2.637011635812E0,1.631026561880E0,-4.58E0));
#553=DIRECTION('',(-1.E0,0.E0,0.E0));
#554=VECTOR('',#553,4.874053123760E0);
#555=CARTESIAN_POINT('',(2.437026561880E0,1.831011635812E0,-4.58E0));
#556=LINE('',#555,#554);
#557=CARTESIAN_POINT('',(2.637011635812E0,1.631026561880E0,-4.58E0));
#558=CARTESIAN_POINT('',(2.637011635812E0,1.664357407535E0,-4.58E0));
#559=CARTESIAN_POINT('',(2.622545282061E0,1.716552745095E0,-4.58E0));
#560=CARTESIAN_POINT('',(2.581384254665E0,1.775384254665E0,-4.58E0));
#561=CARTESIAN_POINT('',(2.522552745095E0,1.816545282061E0,-4.58E0));
#562=CARTESIAN_POINT('',(2.470357407535E0,1.831011635812E0,-4.58E0));
#563=CARTESIAN_POINT('',(2.437026561880E0,1.831011635812E0,-4.58E0));
#565=DIRECTION('',(0.E0,1.E0,0.E0));
#566=VECTOR('',#565,1.684053123760E0);
#567=CARTESIAN_POINT('',(2.637011635812E0,-5.302656187992E-2,-4.58E0));
#568=LINE('',#567,#566);
#569=CARTESIAN_POINT('',(2.437026561880E0,-2.530116358120E-1,-4.58E0));
#570=CARTESIAN_POINT('',(2.470357407535E0,-2.530116358120E-1,-4.58E0));
#571=CARTESIAN_POINT('',(2.522552745095E0,-2.385452820614E-1,-4.58E0));
#572=CARTESIAN_POINT('',(2.581384254665E0,-1.973842546651E-1,-4.58E0));
#573=CARTESIAN_POINT('',(2.622545282061E0,-1.385527450953E-1,-4.58E0));
#574=CARTESIAN_POINT('',(2.637011635812E0,-8.635740753527E-2,-4.58E0));
#575=CARTESIAN_POINT('',(2.637011635812E0,-5.302656187992E-2,-4.58E0));
#577=CARTESIAN_POINT('',(-2.637011635812E0,-5.302656187992E-2,-4.58E0));
#578=CARTESIAN_POINT('',(-2.637011635812E0,-8.635740753527E-2,-4.58E0));
#579=CARTESIAN_POINT('',(-2.622545282061E0,-1.385527450953E-1,-4.58E0));
#580=CARTESIAN_POINT('',(-2.581384254665E0,-1.973842546651E-1,-4.58E0));
#581=CARTESIAN_POINT('',(-2.522552745095E0,-2.385452820614E-1,-4.58E0));
#582=CARTESIAN_POINT('',(-2.470357407535E0,-2.530116358120E-1,-4.58E0));
#583=CARTESIAN_POINT('',(-2.437026561880E0,-2.530116358120E-1,-4.58E0));
#585=CARTESIAN_POINT('',(-2.67E0,1.664014926068E0,-7.28E0));
#586=CARTESIAN_POINT('',(-2.67E0,1.697345771723E0,-7.28E0));
#587=CARTESIAN_POINT('',(-2.655533646249E0,1.749541109283E0,-7.28E0));
#588=CARTESIAN_POINT('',(-2.614372618853E0,1.808372618853E0,-7.28E0));
#589=CARTESIAN_POINT('',(-2.555541109283E0,1.849533646249E0,-7.28E0));
#590=CARTESIAN_POINT('',(-2.503345771723E0,1.864E0,-7.28E0));
#591=CARTESIAN_POINT('',(-2.470014926068E0,1.864E0,-7.28E0));
#593=DIRECTION('',(1.221608921240E-2,-1.221608921240E-2,9.998507560275E-1));
#594=VECTOR('',#593,2.700403018874E0);
#595=CARTESIAN_POINT('',(-2.67E0,1.664014926068E0,-7.28E0));
#596=LINE('',#595,#594);
#597=DIRECTION('',(0.E0,-1.E0,0.E0));
#598=VECTOR('',#597,1.684053123760E0);
#599=CARTESIAN_POINT('',(-2.637011635812E0,1.631026561880E0,-4.58E0));
#600=LINE('',#599,#598);
#601=DIRECTION('',(1.221608921240E-2,1.221608921240E-2,9.998507560275E-1));
#602=VECTOR('',#601,2.700403018874E0);
#603=CARTESIAN_POINT('',(-2.67E0,-8.601492606791E-2,-7.28E0));
#604=LINE('',#603,#602);
#605=CARTESIAN_POINT('',(-2.470014926068E0,-2.86E-1,-7.28E0));
#606=CARTESIAN_POINT('',(-2.503345771723E0,-2.86E-1,-7.28E0));
#607=CARTESIAN_POINT('',(-2.555541109283E0,-2.715336462494E-1,-7.28E0));
#608=CARTESIAN_POINT('',(-2.614372618853E0,-2.303726188531E-1,-7.28E0));
#609=CARTESIAN_POINT('',(-2.655533646249E0,-1.715411092833E-1,-7.28E0));
#610=CARTESIAN_POINT('',(-2.67E0,-1.193457717233E-1,-7.28E0));
#611=CARTESIAN_POINT('',(-2.67E0,-8.601492606791E-2,-7.28E0));
#613=DIRECTION('',(-1.221608921240E-2,1.221608921240E-2,9.998507560275E-1));
#614=VECTOR('',#613,2.700403018874E0);
#615=CARTESIAN_POINT('',(2.470014926068E0,-2.86E-1,-7.28E0));
#616=LINE('',#615,#614);
#617=DIRECTION('',(1.221608921240E-2,1.221608921240E-2,9.998507560275E-1));
#618=VECTOR('',#617,2.700403018874E0);
#619=CARTESIAN_POINT('',(-2.470014926068E0,-2.86E-1,-7.28E0));
#620=LINE('',#619,#618);
#621=DIRECTION('',(1.E0,0.E0,0.E0));
#622=VECTOR('',#621,4.874053123760E0);
#623=CARTESIAN_POINT('',(-2.437026561880E0,-2.530116358120E-1,-4.58E0));
#624=LINE('',#623,#622);
#625=CARTESIAN_POINT('',(2.67E0,-8.601492606791E-2,-7.28E0));
#626=CARTESIAN_POINT('',(2.67E0,-1.193457717233E-1,-7.28E0));
#627=CARTESIAN_POINT('',(2.655533646249E0,-1.715411092833E-1,-7.28E0));
#628=CARTESIAN_POINT('',(2.614372618853E0,-2.303726188531E-1,-7.28E0));
#629=CARTESIAN_POINT('',(2.555541109283E0,-2.715336462494E-1,-7.28E0));
#630=CARTESIAN_POINT('',(2.503345771723E0,-2.86E-1,-7.28E0));
#631=CARTESIAN_POINT('',(2.470014926068E0,-2.86E-1,-7.28E0));
#633=DIRECTION('',(1.221608921240E-2,-1.221608921240E-2,9.998507560275E-1));
#634=VECTOR('',#633,2.700403018874E0);
#635=CARTESIAN_POINT('',(-2.470014926068E0,1.864E0,-7.28E0));
#636=LINE('',#635,#634);
#637=DIRECTION('',(-1.221608921240E-2,-1.221608921240E-2,9.998507560275E-1));
#638=VECTOR('',#637,2.700403018874E0);
#639=CARTESIAN_POINT('',(2.470014926068E0,1.864E0,-7.28E0));
#640=LINE('',#639,#638);
#641=DIRECTION('',(0.E0,0.E0,-1.E0));
#642=VECTOR('',#641,2.5E0);
#643=CARTESIAN_POINT('',(-2.45E0,2.934E0,-4.78E0));
#644=LINE('',#643,#642);
#645=DIRECTION('',(0.E0,1.E0,0.E0));
#646=VECTOR('',#645,3.E-1);
#647=CARTESIAN_POINT('',(-2.45E0,2.634E0,-4.78E0));
#648=LINE('',#647,#646);
#649=DIRECTION('',(0.E0,0.E0,1.E0));
#650=VECTOR('',#649,2.5E0);
#651=CARTESIAN_POINT('',(-2.45E0,2.634E0,-7.28E0));
#652=LINE('',#651,#650);
#653=DIRECTION('',(0.E0,0.E0,-1.E0));
#654=VECTOR('',#653,2.5E0);
#655=CARTESIAN_POINT('',(-2.45E0,-1.056E0,-4.78E0));
#656=LINE('',#655,#654);
#657=DIRECTION('',(0.E0,1.E0,0.E0));
#658=VECTOR('',#657,3.E-1);
#659=CARTESIAN_POINT('',(-2.45E0,-1.356E0,-4.78E0));
#660=LINE('',#659,#658);
#661=DIRECTION('',(0.E0,0.E0,1.E0));
#662=VECTOR('',#661,2.5E0);
#663=CARTESIAN_POINT('',(-2.45E0,-1.356E0,-7.28E0));
#664=LINE('',#663,#662);
#665=DIRECTION('',(0.E0,1.E0,0.E0));
#666=VECTOR('',#665,5.699751312199E-3);
#667=CARTESIAN_POINT('',(-2.45E0,-4.82E0,-9.4E0));
#668=LINE('',#667,#666);
#669=DIRECTION('',(0.E0,0.E0,1.E0));
#670=VECTOR('',#669,2.8E-2);
#671=CARTESIAN_POINT('',(-2.45E0,-4.82E0,-9.428E0));
#672=LINE('',#671,#670);
#673=DIRECTION('',(0.E0,9.998476951564E-1,1.745240643728E-2));
#674=VECTOR('',#673,9.881505001074E-1);
#675=CARTESIAN_POINT('',(-2.45E0,-5.808E0,-9.445245604149E0));
#676=LINE('',#675,#674);
#677=DIRECTION('',(0.E0,-1.745240643728E-2,9.998476951564E-1));
#678=VECTOR('',#677,2.6E-1);
#679=CARTESIAN_POINT('',(-2.45E0,-5.803462374326E0,-9.705206004890E0));
#680=LINE('',#679,#678);
#681=DIRECTION('',(0.E0,-9.998476951564E-1,-1.745240643728E-2));
#682=VECTOR('',#681,4.305900705152E0);
#683=CARTESIAN_POINT('',(-2.45E0,-1.498217478708E0,-9.630057675705E0));
#684=LINE('',#683,#682);
#685=CARTESIAN_POINT('',(-2.45E0,-1.505722013476E0,-9.200123166788E0));
#686=DIRECTION('',(-1.E0,0.E0,0.E0));
#687=DIRECTION('',(0.E0,8.854000313388E-1,-4.648298446800E-1));
#688=AXIS2_PLACEMENT_3D('',#685,#686,#687);
#690=CARTESIAN_POINT('',(-2.45E0,3.083795931092E0,-9.229599962461E0));
#691=DIRECTION('',(-1.E0,0.E0,0.E0));
#692=DIRECTION('',(0.E0,-1.745240643732E-2,-9.998476951564E-1));
#693=AXIS2_PLACEMENT_3D('',#690,#691,#692);
#695=DIRECTION('',(0.E0,-9.998476951564E-1,1.745240643728E-2));
#696=VECTOR('',#695,2.525555632358E0);
#697=CARTESIAN_POINT('',(-2.45E0,5.601462374326E0,-9.703611494755E0));
#698=LINE('',#697,#696);
#699=DIRECTION('',(0.E0,-1.745240643728E-2,-9.998476951564E-1));
#700=VECTOR('',#699,2.6E-1);
#701=CARTESIAN_POINT('',(-2.45E0,5.606E0,-9.443651094014E0));
#702=LINE('',#701,#700);
#703=DIRECTION('',(0.E0,9.998476951564E-1,-1.745240643728E-2));
#704=VECTOR('',#703,8.020174063618E-1);
#705=CARTESIAN_POINT('',(-2.45E0,4.804104744774E0,-9.429653960268E0));
#706=LINE('',#705,#704);
#707=DIRECTION('',(1.E0,0.E0,0.E0));
#708=VECTOR('',#707,4.E-1);
#709=CARTESIAN_POINT('',(-2.45E0,2.934E0,-4.78E0));
#710=LINE('',#709,#708);
#711=DIRECTION('',(0.E0,0.E0,1.E0));
#712=VECTOR('',#711,2.5E0);
#713=CARTESIAN_POINT('',(-2.05E0,2.634E0,-7.28E0));
#714=LINE('',#713,#712);
#715=DIRECTION('',(0.E0,1.E0,0.E0));
#716=VECTOR('',#715,3.E-1);
#717=CARTESIAN_POINT('',(-2.05E0,2.634E0,-4.78E0));
#718=LINE('',#717,#716);
#719=DIRECTION('',(0.E0,0.E0,-1.E0));
#720=VECTOR('',#719,2.5E0);
#721=CARTESIAN_POINT('',(-2.05E0,2.934E0,-4.78E0));
#722=LINE('',#721,#720);
#723=DIRECTION('',(0.E0,0.E0,1.E0));
#724=VECTOR('',#723,2.5E0);
#725=CARTESIAN_POINT('',(-2.05E0,-1.356E0,-7.28E0));
#726=LINE('',#725,#724);
#727=DIRECTION('',(0.E0,1.E0,0.E0));
#728=VECTOR('',#727,3.E-1);
#729=CARTESIAN_POINT('',(-2.05E0,-1.356E0,-4.78E0));
#730=LINE('',#729,#728);
#731=DIRECTION('',(0.E0,0.E0,-1.E0));
#732=VECTOR('',#731,2.5E0);
#733=CARTESIAN_POINT('',(-2.05E0,-1.056E0,-4.78E0));
#734=LINE('',#733,#732);
#735=CARTESIAN_POINT('',(-2.05E0,-1.505722013476E0,-9.200123166788E0));
#736=DIRECTION('',(-1.E0,0.E0,0.E0));
#737=DIRECTION('',(0.E0,8.854000313388E-1,-4.648298446800E-1));
#738=AXIS2_PLACEMENT_3D('',#735,#736,#737);
#740=DIRECTION('',(0.E0,-9.998476951564E-1,-1.745240643728E-2));
#741=VECTOR('',#740,4.305900705152E0);
#742=CARTESIAN_POINT('',(-2.05E0,-1.498217478708E0,-9.630057675705E0));
#743=LINE('',#742,#741);
#744=DIRECTION('',(0.E0,-1.745240643728E-2,9.998476951564E-1));
#745=VECTOR('',#744,2.6E-1);
#746=CARTESIAN_POINT('',(-2.05E0,-5.803462374326E0,-9.705206004890E0));
#747=LINE('',#746,#745);
#748=DIRECTION('',(0.E0,9.998476951564E-1,1.745240643728E-2));
#749=VECTOR('',#748,9.881505001074E-1);
#750=CARTESIAN_POINT('',(-2.05E0,-5.808E0,-9.445245604149E0));
#751=LINE('',#750,#749);
#752=DIRECTION('',(0.E0,0.E0,1.E0));
#753=VECTOR('',#752,2.8E-2);
#754=CARTESIAN_POINT('',(-2.05E0,-4.82E0,-9.428E0));
#755=LINE('',#754,#753);
#756=DIRECTION('',(0.E0,1.E0,0.E0));
#757=VECTOR('',#756,5.699751312199E-3);
#758=CARTESIAN_POINT('',(-2.05E0,-4.82E0,-9.4E0));
#759=LINE('',#758,#757);
#760=DIRECTION('',(0.E0,9.998476951564E-1,-1.745240643728E-2));
#761=VECTOR('',#760,8.020174063618E-1);
#762=CARTESIAN_POINT('',(-2.05E0,4.804104744774E0,-9.429653960268E0));
#763=LINE('',#762,#761);
#764=DIRECTION('',(0.E0,-1.745240643728E-2,-9.998476951564E-1));
#765=VECTOR('',#764,2.6E-1);
#766=CARTESIAN_POINT('',(-2.05E0,5.606E0,-9.443651094014E0));
#767=LINE('',#766,#765);
#768=DIRECTION('',(0.E0,-9.998476951564E-1,1.745240643728E-2));
#769=VECTOR('',#768,2.525555632358E0);
#770=CARTESIAN_POINT('',(-2.05E0,5.601462374326E0,-9.703611494755E0));
#771=LINE('',#770,#769);
#772=CARTESIAN_POINT('',(-2.05E0,3.083795931092E0,-9.229599962461E0));
#773=DIRECTION('',(-1.E0,0.E0,0.E0));
#774=DIRECTION('',(0.E0,-1.745240643732E-2,-9.998476951564E-1));
#775=AXIS2_PLACEMENT_3D('',#772,#773,#774);
#777=DIRECTION('',(1.E0,0.E0,0.E0));
#778=VECTOR('',#777,4.E-1);
#779=CARTESIAN_POINT('',(-2.45E0,2.634E0,-4.78E0));
#780=LINE('',#779,#778);
#781=DIRECTION('',(1.E0,0.E0,0.E0));
#782=VECTOR('',#781,4.E-1);
#783=CARTESIAN_POINT('',(-2.45E0,-1.356E0,-4.78E0));
#784=LINE('',#783,#782);
#785=DIRECTION('',(1.E0,0.E0,0.E0));
#786=VECTOR('',#785,4.E-1);
#787=CARTESIAN_POINT('',(-2.45E0,-1.056E0,-4.78E0));
#788=LINE('',#787,#786);
#789=DIRECTION('',(0.E0,0.E0,1.E0));
#790=VECTOR('',#789,1.5E-1);
#791=CARTESIAN_POINT('',(-2.45E0,-3.85E0,-9.55E0));
#792=LINE('',#791,#790);
#793=CARTESIAN_POINT('',(-4.270485274491E0,-3.85E0,-9.4E0));
#794=DIRECTION('',(0.E0,1.E0,0.E0));
#795=DIRECTION('',(0.E0,0.E0,-1.E0));
#796=AXIS2_PLACEMENT_3D('',#793,#794,#795);
#798=DIRECTION('',(0.E0,0.E0,1.E0));
#799=VECTOR('',#798,5.E-2);
#800=CARTESIAN_POINT('',(-2.5E0,-3.85E0,-9.6E0));
#801=LINE('',#800,#799);
#802=DIRECTION('',(1.E0,0.E0,0.E0));
#803=VECTOR('',#802,5.E-2);
#804=CARTESIAN_POINT('',(-2.5E0,-3.85E0,-9.55E0));
#805=LINE('',#804,#803);
#806=DIRECTION('',(0.E0,0.E0,1.E0));
#807=VECTOR('',#806,1.5E-1);
#808=CARTESIAN_POINT('',(-9.5E-1,-3.85E0,-9.55E0));
#809=LINE('',#808,#807);
#810=DIRECTION('',(0.E0,0.E0,1.E0));
#811=VECTOR('',#810,1.5E-1);
#812=CARTESIAN_POINT('',(-2.05E0,-3.85E0,-9.55E0));
#813=LINE('',#812,#811);
#814=DIRECTION('',(1.E0,0.E0,0.E0));
#815=VECTOR('',#814,1.1E0);
#816=CARTESIAN_POINT('',(-2.05E0,-3.85E0,-9.55E0));
#817=LINE('',#816,#815);
#818=DIRECTION('',(0.E0,0.E0,1.E0));
#819=VECTOR('',#818,1.5E-1);
#820=CARTESIAN_POINT('',(5.5E-1,-3.85E0,-9.55E0));
#821=LINE('',#820,#819);
#822=DIRECTION('',(0.E0,0.E0,1.E0));
#823=VECTOR('',#822,1.5E-1);
#824=CARTESIAN_POINT('',(-5.5E-1,-3.85E0,-9.55E0));
#825=LINE('',#824,#823);
#826=DIRECTION('',(1.E0,0.E0,0.E0));
#827=VECTOR('',#826,1.1E0);
#828=CARTESIAN_POINT('',(-5.5E-1,-3.85E0,-9.55E0));
#829=LINE('',#828,#827);
#830=DIRECTION('',(0.E0,0.E0,1.E0));
#831=VECTOR('',#830,1.5E-1);
#832=CARTESIAN_POINT('',(2.05E0,-3.85E0,-9.55E0));
#833=LINE('',#832,#831);
#834=DIRECTION('',(0.E0,0.E0,1.E0));
#835=VECTOR('',#834,1.5E-1);
#836=CARTESIAN_POINT('',(9.5E-1,-3.85E0,-9.55E0));
#837=LINE('',#836,#835);
#838=DIRECTION('',(1.E0,0.E0,0.E0));
#839=VECTOR('',#838,1.1E0);
#840=CARTESIAN_POINT('',(9.5E-1,-3.85E0,-9.55E0));
#841=LINE('',#840,#839);
#842=DIRECTION('',(0.E0,0.E0,1.E0));
#843=VECTOR('',#842,1.5E-1);
#844=CARTESIAN_POINT('',(2.45E0,-3.85E0,-9.55E0));
#845=LINE('',#844,#843);
#846=DIRECTION('',(1.E0,0.E0,0.E0));
#847=VECTOR('',#846,5.E-2);
#848=CARTESIAN_POINT('',(2.45E0,-3.85E0,-9.55E0));
#849=LINE('',#848,#847);
#850=DIRECTION('',(0.E0,0.E0,1.E0));
#851=VECTOR('',#850,5.E-2);
#852=CARTESIAN_POINT('',(2.5E0,-3.85E0,-9.6E0));
#853=LINE('',#852,#851);
#854=CARTESIAN_POINT('',(4.470510140138E0,-3.85E0,-9.400331611950E0));
#855=CARTESIAN_POINT('',(4.470458722109E0,-3.85E0,-9.415837008280E0));
#856=CARTESIAN_POINT('',(4.466967848269E0,-3.85E0,-9.445322338559E0));
#857=CARTESIAN_POINT('',(4.451985874073E0,-3.85E0,-9.487965694559E0));
#858=CARTESIAN_POINT('',(4.427926643804E0,-3.85E0,-9.526034815077E0));
#859=CARTESIAN_POINT('',(4.395997530433E0,-3.85E0,-9.557859281108E0));
#860=CARTESIAN_POINT('',(4.357848524930E0,-3.85E0,-9.581788213570E0));
#861=CARTESIAN_POINT('',(4.315155907023E0,-3.85E0,-9.596643328049E0));
#862=CARTESIAN_POINT('',(4.285658875009E0,-3.85E0,-9.6E0));
#863=CARTESIAN_POINT('',(4.270485274491E0,-3.85E0,-9.6E0));
#865=DIRECTION('',(0.E0,1.E0,0.E0));
#866=VECTOR('',#865,2.725E0);
#867=CARTESIAN_POINT('',(2.05E0,-3.85E0,-9.4E0));
#868=LINE('',#867,#866);
#869=DIRECTION('',(-1.E0,0.E0,0.E0));
#870=VECTOR('',#869,4.E-1);
#871=CARTESIAN_POINT('',(2.45E0,-1.125E0,-9.4E0));
#872=LINE('',#871,#870);
#873=DIRECTION('',(0.E0,1.E0,0.E0));
#874=VECTOR('',#873,2.725E0);
#875=CARTESIAN_POINT('',(2.45E0,-3.85E0,-9.4E0));
#876=LINE('',#875,#874);
#877=DIRECTION('',(1.E0,0.E0,0.E0));
#878=VECTOR('',#877,1.821148502038E0);
#879=CARTESIAN_POINT('',(2.45E0,-3.85E0,-9.4E0));
#880=LINE('',#879,#878);
#881=DIRECTION('',(0.E0,1.E0,0.E0));
#882=VECTOR('',#881,7.7E0);
#883=CARTESIAN_POINT('',(4.271148502038E0,-3.85E0,-9.4E0));
#884=LINE('',#883,#882);
#885=DIRECTION('',(0.E0,1.E0,0.E0));
#886=VECTOR('',#885,1.161E0);
#887=CARTESIAN_POINT('',(2.45E0,2.689E0,-9.4E0));
#888=LINE('',#887,#886);
#889=DIRECTION('',(-1.E0,0.E0,0.E0));
#890=VECTOR('',#889,4.E-1);
#891=CARTESIAN_POINT('',(2.45E0,2.689E0,-9.4E0));
#892=LINE('',#891,#890);
#893=DIRECTION('',(0.E0,1.E0,0.E0));
#894=VECTOR('',#893,1.161E0);
#895=CARTESIAN_POINT('',(2.05E0,2.689E0,-9.4E0));
#896=LINE('',#895,#894);
#897=DIRECTION('',(0.E0,1.E0,0.E0));
#898=VECTOR('',#897,1.161E0);
#899=CARTESIAN_POINT('',(9.5E-1,2.689E0,-9.4E0));
#900=LINE('',#899,#898);
#901=DIRECTION('',(-1.E0,0.E0,0.E0));
#902=VECTOR('',#901,4.E-1);
#903=CARTESIAN_POINT('',(9.5E-1,2.689E0,-9.4E0));
#904=LINE('',#903,#902);
#905=DIRECTION('',(0.E0,1.E0,0.E0));
#906=VECTOR('',#905,1.161E0);
#907=CARTESIAN_POINT('',(5.5E-1,2.689E0,-9.4E0));
#908=LINE('',#907,#906);
#909=DIRECTION('',(0.E0,1.E0,0.E0));
#910=VECTOR('',#909,1.161E0);
#911=CARTESIAN_POINT('',(-5.5E-1,2.689E0,-9.4E0));
#912=LINE('',#911,#910);
#913=DIRECTION('',(-1.E0,0.E0,0.E0));
#914=VECTOR('',#913,4.E-1);
#915=CARTESIAN_POINT('',(-5.5E-1,2.689E0,-9.4E0));
#916=LINE('',#915,#914);
#917=DIRECTION('',(0.E0,1.E0,0.E0));
#918=VECTOR('',#917,1.161E0);
#919=CARTESIAN_POINT('',(-9.5E-1,2.689E0,-9.4E0));
#920=LINE('',#919,#918);
#921=DIRECTION('',(0.E0,1.E0,0.E0));
#922=VECTOR('',#921,1.161E0);
#923=CARTESIAN_POINT('',(-2.05E0,2.689E0,-9.4E0));
#924=LINE('',#923,#922);
#925=DIRECTION('',(-1.E0,0.E0,0.E0));
#926=VECTOR('',#925,4.E-1);
#927=CARTESIAN_POINT('',(-2.05E0,2.689E0,-9.4E0));
#928=LINE('',#927,#926);
#929=DIRECTION('',(0.E0,1.E0,0.E0));
#930=VECTOR('',#929,1.161E0);
#931=CARTESIAN_POINT('',(-2.45E0,2.689E0,-9.4E0));
#932=LINE('',#931,#930);
#933=DIRECTION('',(0.E0,-1.E0,0.E0));
#934=VECTOR('',#933,7.7E0);
#935=CARTESIAN_POINT('',(-4.271148502038E0,3.85E0,-9.4E0));
#936=LINE('',#935,#934);
#937=DIRECTION('',(1.E0,0.E0,0.E0));
#938=VECTOR('',#937,1.821148502038E0);
#939=CARTESIAN_POINT('',(-4.271148502038E0,-3.85E0,-9.4E0));
#940=LINE('',#939,#938);
#941=DIRECTION('',(0.E0,1.E0,0.E0));
#942=VECTOR('',#941,2.725E0);
#943=CARTESIAN_POINT('',(-2.45E0,-3.85E0,-9.4E0));
#944=LINE('',#943,#942);
#945=DIRECTION('',(-1.E0,0.E0,0.E0));
#946=VECTOR('',#945,4.E-1);
#947=CARTESIAN_POINT('',(-2.05E0,-1.125E0,-9.4E0));
#948=LINE('',#947,#946);
#949=DIRECTION('',(0.E0,1.E0,0.E0));
#950=VECTOR('',#949,2.725E0);
#951=CARTESIAN_POINT('',(-2.05E0,-3.85E0,-9.4E0));
#952=LINE('',#951,#950);
#953=DIRECTION('',(1.E0,0.E0,0.E0));
#954=VECTOR('',#953,1.1E0);
#955=CARTESIAN_POINT('',(-2.05E0,-3.85E0,-9.4E0));
#956=LINE('',#955,#954);
#957=DIRECTION('',(0.E0,1.E0,0.E0));
#958=VECTOR('',#957,2.725E0);
#959=CARTESIAN_POINT('',(-9.5E-1,-3.85E0,-9.4E0));
#960=LINE('',#959,#958);
#961=DIRECTION('',(-1.E0,0.E0,0.E0));
#962=VECTOR('',#961,4.E-1);
#963=CARTESIAN_POINT('',(-5.5E-1,-1.125E0,-9.4E0));
#964=LINE('',#963,#962);
#965=DIRECTION('',(0.E0,1.E0,0.E0));
#966=VECTOR('',#965,2.725E0);
#967=CARTESIAN_POINT('',(-5.5E-1,-3.85E0,-9.4E0));
#968=LINE('',#967,#966);
#969=DIRECTION('',(1.E0,0.E0,0.E0));
#970=VECTOR('',#969,1.1E0);
#971=CARTESIAN_POINT('',(-5.5E-1,-3.85E0,-9.4E0));
#972=LINE('',#971,#970);
#973=DIRECTION('',(0.E0,1.E0,0.E0));
#974=VECTOR('',#973,2.725E0);
#975=CARTESIAN_POINT('',(5.5E-1,-3.85E0,-9.4E0));
#976=LINE('',#975,#974);
#977=DIRECTION('',(-1.E0,0.E0,0.E0));
#978=VECTOR('',#977,4.E-1);
#979=CARTESIAN_POINT('',(9.5E-1,-1.125E0,-9.4E0));
#980=LINE('',#979,#978);
#981=DIRECTION('',(0.E0,1.E0,0.E0));
#982=VECTOR('',#981,2.725E0);
#983=CARTESIAN_POINT('',(9.5E-1,-3.85E0,-9.4E0));
#984=LINE('',#983,#982);
#985=DIRECTION('',(1.E0,0.E0,0.E0));
#986=VECTOR('',#985,1.1E0);
#987=CARTESIAN_POINT('',(9.5E-1,-3.85E0,-9.4E0));
#988=LINE('',#987,#986);
#989=DIRECTION('',(0.E0,0.E0,-1.E0));
#990=VECTOR('',#989,2.5E0);
#991=CARTESIAN_POINT('',(2.05E0,2.934E0,-4.78E0));
#992=LINE('',#991,#990);
#993=DIRECTION('',(0.E0,1.E0,0.E0));
#994=VECTOR('',#993,3.E-1);
#995=CARTESIAN_POINT('',(2.05E0,2.634E0,-4.78E0));
#996=LINE('',#995,#994);
#997=DIRECTION('',(0.E0,0.E0,1.E0));
#998=VECTOR('',#997,2.5E0);
#999=CARTESIAN_POINT('',(2.05E0,2.634E0,-7.28E0));
#1000=LINE('',#999,#998);
#1001=DIRECTION('',(0.E0,0.E0,-1.E0));
#1002=VECTOR('',#1001,2.5E0);
#1003=CARTESIAN_POINT('',(2.05E0,-1.056E0,-4.78E0));
#1004=LINE('',#1003,#1002);
#1005=DIRECTION('',(0.E0,1.E0,0.E0));
#1006=VECTOR('',#1005,3.E-1);
#1007=CARTESIAN_POINT('',(2.05E0,-1.356E0,-4.78E0));
#1008=LINE('',#1007,#1006);
#1009=DIRECTION('',(0.E0,0.E0,1.E0));
#1010=VECTOR('',#1009,2.5E0);
#1011=CARTESIAN_POINT('',(2.05E0,-1.356E0,-7.28E0));
#1012=LINE('',#1011,#1010);
#1013=DIRECTION('',(0.E0,1.E0,0.E0));
#1014=VECTOR('',#1013,5.699751312199E-3);
#1015=CARTESIAN_POINT('',(2.05E0,-4.82E0,-9.4E0));
#1016=LINE('',#1015,#1014);
#1017=DIRECTION('',(0.E0,0.E0,1.E0));
#1018=VECTOR('',#1017,2.8E-2);
#1019=CARTESIAN_POINT('',(2.05E0,-4.82E0,-9.428E0));
#1020=LINE('',#1019,#1018);
#1021=DIRECTION('',(0.E0,9.998476951564E-1,1.745240643728E-2));
#1022=VECTOR('',#1021,9.881505001074E-1);
#1023=CARTESIAN_POINT('',(2.05E0,-5.808E0,-9.445245604149E0));
#1024=LINE('',#1023,#1022);
#1025=DIRECTION('',(0.E0,-1.745240643728E-2,9.998476951564E-1));
#1026=VECTOR('',#1025,2.6E-1);
#1027=CARTESIAN_POINT('',(2.05E0,-5.803462374326E0,-9.705206004890E0));
#1028=LINE('',#1027,#1026);
#1029=DIRECTION('',(0.E0,-9.998476951564E-1,-1.745240643728E-2));
#1030=VECTOR('',#1029,4.305900705152E0);
#1031=CARTESIAN_POINT('',(2.05E0,-1.498217478708E0,-9.630057675705E0));
#1032=LINE('',#1031,#1030);
#1033=CARTESIAN_POINT('',(2.05E0,-1.505722013476E0,-9.200123166788E0));
#1034=DIRECTION('',(-1.E0,0.E0,0.E0));
#1035=DIRECTION('',(0.E0,8.854000313388E-1,-4.648298446800E-1));
#1036=AXIS2_PLACEMENT_3D('',#1033,#1034,#1035);
#1038=CARTESIAN_POINT('',(2.05E0,3.083795931092E0,-9.229599962461E0));
#1039=DIRECTION('',(-1.E0,0.E0,0.E0));
#1040=DIRECTION('',(0.E0,-1.745240643732E-2,-9.998476951564E-1));
#1041=AXIS2_PLACEMENT_3D('',#1038,#1039,#1040);
#1043=DIRECTION('',(0.E0,-9.998476951564E-1,1.745240643728E-2));
#1044=VECTOR('',#1043,2.525555632358E0);
#1045=CARTESIAN_POINT('',(2.05E0,5.601462374326E0,-9.703611494755E0));
#1046=LINE('',#1045,#1044);
#1047=DIRECTION('',(0.E0,-1.745240643728E-2,-9.998476951564E-1));
#1048=VECTOR('',#1047,2.6E-1);
#1049=CARTESIAN_POINT('',(2.05E0,5.606E0,-9.443651094014E0));
#1050=LINE('',#1049,#1048);
#1051=DIRECTION('',(0.E0,9.998476951564E-1,-1.745240643728E-2));
#1052=VECTOR('',#1051,8.020174063618E-1);
#1053=CARTESIAN_POINT('',(2.05E0,4.804104744774E0,-9.429653960268E0));
#1054=LINE('',#1053,#1052);
#1055=DIRECTION('',(1.E0,0.E0,0.E0));
#1056=VECTOR('',#1055,4.E-1);
#1057=CARTESIAN_POINT('',(2.05E0,2.934E0,-4.78E0));
#1058=LINE('',#1057,#1056);
#1059=DIRECTION('',(0.E0,0.E0,1.E0));
#1060=VECTOR('',#1059,2.5E0);
#1061=CARTESIAN_POINT('',(2.45E0,2.634E0,-7.28E0));
#1062=LINE('',#1061,#1060);
#1063=DIRECTION('',(0.E0,1.E0,0.E0));
#1064=VECTOR('',#1063,3.E-1);
#1065=CARTESIAN_POINT('',(2.45E0,2.634E0,-4.78E0));
#1066=LINE('',#1065,#1064);
#1067=DIRECTION('',(0.E0,0.E0,-1.E0));
#1068=VECTOR('',#1067,2.5E0);
#1069=CARTESIAN_POINT('',(2.45E0,2.934E0,-4.78E0));
#1070=LINE('',#1069,#1068);
#1071=DIRECTION('',(0.E0,0.E0,1.E0));
#1072=VECTOR('',#1071,2.5E0);
#1073=CARTESIAN_POINT('',(2.45E0,-1.356E0,-7.28E0));
#1074=LINE('',#1073,#1072);
#1075=DIRECTION('',(0.E0,1.E0,0.E0));
#1076=VECTOR('',#1075,3.E-1);
#1077=CARTESIAN_POINT('',(2.45E0,-1.356E0,-4.78E0));
#1078=LINE('',#1077,#1076);
#1079=DIRECTION('',(0.E0,0.E0,-1.E0));
#1080=VECTOR('',#1079,2.5E0);
#1081=CARTESIAN_POINT('',(2.45E0,-1.056E0,-4.78E0));
#1082=LINE('',#1081,#1080);
#1083=CARTESIAN_POINT('',(2.45E0,-1.505722013476E0,-9.200123166788E0));
#1084=DIRECTION('',(-1.E0,0.E0,0.E0));
#1085=DIRECTION('',(0.E0,8.854000313388E-1,-4.648298446800E-1));
#1086=AXIS2_PLACEMENT_3D('',#1083,#1084,#1085);
#1088=DIRECTION('',(0.E0,-9.998476951564E-1,-1.745240643728E-2));
#1089=VECTOR('',#1088,4.305900705152E0);
#1090=CARTESIAN_POINT('',(2.45E0,-1.498217478708E0,-9.630057675705E0));
#1091=LINE('',#1090,#1089);
#1092=DIRECTION('',(0.E0,-1.745240643728E-2,9.998476951564E-1));
#1093=VECTOR('',#1092,2.6E-1);
#1094=CARTESIAN_POINT('',(2.45E0,-5.803462374326E0,-9.705206004890E0));
#1095=LINE('',#1094,#1093);
#1096=DIRECTION('',(0.E0,9.998476951564E-1,1.745240643728E-2));
#1097=VECTOR('',#1096,9.881505001074E-1);
#1098=CARTESIAN_POINT('',(2.45E0,-5.808E0,-9.445245604149E0));
#1099=LINE('',#1098,#1097);
#1100=DIRECTION('',(0.E0,0.E0,1.E0));
#1101=VECTOR('',#1100,2.8E-2);
#1102=CARTESIAN_POINT('',(2.45E0,-4.82E0,-9.428E0));
#1103=LINE('',#1102,#1101);
#1104=DIRECTION('',(0.E0,1.E0,0.E0));
#1105=VECTOR('',#1104,5.699751312199E-3);
#1106=CARTESIAN_POINT('',(2.45E0,-4.82E0,-9.4E0));
#1107=LINE('',#1106,#1105);
#1108=DIRECTION('',(0.E0,9.998476951564E-1,-1.745240643728E-2));
#1109=VECTOR('',#1108,8.020174063618E-1);
#1110=CARTESIAN_POINT('',(2.45E0,4.804104744774E0,-9.429653960268E0));
#1111=LINE('',#1110,#1109);
#1112=DIRECTION('',(0.E0,-1.745240643728E-2,-9.998476951564E-1));
#1113=VECTOR('',#1112,2.6E-1);
#1114=CARTESIAN_POINT('',(2.45E0,5.606E0,-9.443651094014E0));
#1115=LINE('',#1114,#1113);
#1116=DIRECTION('',(0.E0,-9.998476951564E-1,1.745240643728E-2));
#1117=VECTOR('',#1116,2.525555632358E0);
#1118=CARTESIAN_POINT('',(2.45E0,5.601462374326E0,-9.703611494755E0));
#1119=LINE('',#1118,#1117);
#1120=CARTESIAN_POINT('',(2.45E0,3.083795931092E0,-9.229599962461E0));
#1121=DIRECTION('',(-1.E0,0.E0,0.E0));
#1122=DIRECTION('',(0.E0,-1.745240643732E-2,-9.998476951564E-1));
#1123=AXIS2_PLACEMENT_3D('',#1120,#1121,#1122);
#1125=DIRECTION('',(1.E0,0.E0,0.E0));
#1126=VECTOR('',#1125,4.E-1);
#1127=CARTESIAN_POINT('',(2.05E0,2.634E0,-4.78E0));
#1128=LINE('',#1127,#1126);
#1129=DIRECTION('',(1.E0,0.E0,0.E0));
#1130=VECTOR('',#1129,4.E-1);
#1131=CARTESIAN_POINT('',(2.05E0,-1.356E0,-4.78E0));
#1132=LINE('',#1131,#1130);
#1133=DIRECTION('',(1.E0,0.E0,0.E0));
#1134=VECTOR('',#1133,4.E-1);
#1135=CARTESIAN_POINT('',(2.05E0,-1.056E0,-4.78E0));
#1136=LINE('',#1135,#1134);
#1137=DIRECTION('',(1.E0,0.E0,0.E0));
#1138=VECTOR('',#1137,4.E-1);
#1139=CARTESIAN_POINT('',(2.05E0,-1.498217478708E0,-9.630057675705E0));
#1140=LINE('',#1139,#1138);
#1141=DIRECTION('',(1.E0,0.E0,0.E0));
#1142=VECTOR('',#1141,4.E-1);
#1143=CARTESIAN_POINT('',(2.05E0,-5.803462374326E0,-9.705206004890E0));
#1144=LINE('',#1143,#1142);
#1145=DIRECTION('',(1.E0,0.E0,0.E0));
#1146=VECTOR('',#1145,4.E-1);
#1147=CARTESIAN_POINT('',(2.05E0,-5.808E0,-9.445245604149E0));
#1148=LINE('',#1147,#1146);
#1149=DIRECTION('',(1.E0,0.E0,0.E0));
#1150=VECTOR('',#1149,4.E-1);
#1151=CARTESIAN_POINT('',(2.05E0,-4.82E0,-9.428E0));
#1152=LINE('',#1151,#1150);
#1153=DIRECTION('',(1.E0,0.E0,0.E0));
#1154=VECTOR('',#1153,4.E-1);
#1155=CARTESIAN_POINT('',(2.05E0,-4.82E0,-9.4E0));
#1156=LINE('',#1155,#1154);
#1157=CARTESIAN_POINT('',(2.05E0,-4.620651081377E0,-9.35E0));
#1158=DIRECTION('',(1.E0,0.E0,0.E0));
#1159=DIRECTION('',(0.E0,-9.682458365519E-1,-2.5E-1));
#1160=AXIS2_PLACEMENT_3D('',#1157,#1158,#1159);
#1162=CARTESIAN_POINT('',(9.5E-1,-4.620651081377E0,-9.35E0));
#1163=DIRECTION('',(1.E0,0.E0,0.E0));
#1164=DIRECTION('',(0.E0,-9.682458365519E-1,-2.5E-1));
#1165=AXIS2_PLACEMENT_3D('',#1162,#1163,#1164);
#1167=DIRECTION('',(1.E0,0.E0,0.E0));
#1168=VECTOR('',#1167,4.E-1);
#1169=CARTESIAN_POINT('',(5.5E-1,-4.814300248688E0,-9.4E0));
#1170=LINE('',#1169,#1168);
#1171=CARTESIAN_POINT('',(5.5E-1,-4.620651081377E0,-9.35E0));
#1172=DIRECTION('',(1.E0,0.E0,0.E0));
#1173=DIRECTION('',(0.E0,-9.682458365519E-1,-2.5E-1));
#1174=AXIS2_PLACEMENT_3D('',#1171,#1172,#1173);
#1176=CARTESIAN_POINT('',(-5.5E-1,-4.620651081377E0,-9.35E0));
#1177=DIRECTION('',(1.E0,0.E0,0.E0));
#1178=DIRECTION('',(0.E0,-9.682458365519E-1,-2.5E-1));
#1179=AXIS2_PLACEMENT_3D('',#1176,#1177,#1178);
#1181=DIRECTION('',(1.E0,0.E0,0.E0));
#1182=VECTOR('',#1181,4.E-1);
#1183=CARTESIAN_POINT('',(-9.5E-1,-4.814300248688E0,-9.4E0));
#1184=LINE('',#1183,#1182);
#1185=CARTESIAN_POINT('',(-9.5E-1,-4.620651081377E0,-9.35E0));
#1186=DIRECTION('',(1.E0,0.E0,0.E0));
#1187=DIRECTION('',(0.E0,-9.682458365519E-1,-2.5E-1));
#1188=AXIS2_PLACEMENT_3D('',#1185,#1186,#1187);
#1190=CARTESIAN_POINT('',(-2.05E0,-4.620651081377E0,-9.35E0));
#1191=DIRECTION('',(1.E0,0.E0,0.E0));
#1192=DIRECTION('',(0.E0,-9.682458365519E-1,-2.5E-1));
#1193=AXIS2_PLACEMENT_3D('',#1190,#1191,#1192);
#1195=DIRECTION('',(1.E0,0.E0,0.E0));
#1196=VECTOR('',#1195,4.E-1);
#1197=CARTESIAN_POINT('',(-2.45E0,-4.814300248688E0,-9.4E0));
#1198=LINE('',#1197,#1196);
#1199=CARTESIAN_POINT('',(-2.45E0,-4.620651081377E0,-9.35E0));
#1200=DIRECTION('',(1.E0,0.E0,0.E0));
#1201=DIRECTION('',(0.E0,-9.682458365519E-1,-2.5E-1));
#1202=AXIS2_PLACEMENT_3D('',#1199,#1200,#1201);
#1204=CARTESIAN_POINT('',(-2.6E0,-4.620651081377E0,-9.35E0));
#1205=DIRECTION('',(-1.E0,0.E0,0.E0));
#1206=DIRECTION('',(0.E0,0.E0,-1.E0));
#1207=AXIS2_PLACEMENT_3D('',#1204,#1205,#1206);
#1209=CARTESIAN_POINT('',(2.6E0,-4.620651081377E0,-9.35E0));
#1210=DIRECTION('',(1.E0,0.E0,0.E0));
#1211=DIRECTION('',(0.E0,-9.999945016606E-1,-3.316119501058E-3));
#1212=AXIS2_PLACEMENT_3D('',#1209,#1210,#1211);
#1214=CARTESIAN_POINT('',(2.45E0,-4.620651081377E0,-9.35E0));
#1215=DIRECTION('',(1.E0,0.E0,0.E0));
#1216=DIRECTION('',(0.E0,-9.682458365519E-1,-2.5E-1));
#1217=AXIS2_PLACEMENT_3D('',#1214,#1215,#1216);
#1219=DIRECTION('',(1.E0,0.E0,0.E0));
#1220=VECTOR('',#1219,4.E-1);
#1221=CARTESIAN_POINT('',(2.05E0,-4.814300248688E0,-9.4E0));
#1222=LINE('',#1221,#1220);
#1223=DIRECTION('',(0.E0,-1.E0,0.E0));
#1224=VECTOR('',#1223,7.706510813774E-1);
#1225=CARTESIAN_POINT('',(-2.45E0,4.620651081377E0,-9.55E0));
#1226=LINE('',#1225,#1224);
#1227=DIRECTION('',(-1.E0,0.E0,0.E0));
#1228=VECTOR('',#1227,1.5E-1);
#1229=CARTESIAN_POINT('',(-2.45E0,4.620651081377E0,-9.55E0));
#1230=LINE('',#1229,#1228);
#1231=DIRECTION('',(0.E0,1.E0,0.E0));
#1232=VECTOR('',#1231,4.706510813774E-1);
#1233=CARTESIAN_POINT('',(-2.6E0,4.15E0,-9.55E0));
#1234=LINE('',#1233,#1232);
#1235=DIRECTION('',(-1.E0,0.E0,0.E0));
#1236=VECTOR('',#1235,1.E-1);
#1237=CARTESIAN_POINT('',(-2.5E0,4.15E0,-9.55E0));
#1238=LINE('',#1237,#1236);
#1239=DIRECTION('',(0.E0,1.E0,0.E0));
#1240=VECTOR('',#1239,3.E-1);
#1241=CARTESIAN_POINT('',(-2.5E0,3.85E0,-9.55E0));
#1242=LINE('',#1241,#1240);
#1243=DIRECTION('',(0.E0,-1.E0,0.E0));
#1244=VECTOR('',#1243,7.706510813774E-1);
#1245=CARTESIAN_POINT('',(-2.45E0,-3.85E0,-9.55E0));
#1246=LINE('',#1245,#1244);
#1247=DIRECTION('',(0.E0,1.E0,0.E0));
#1248=VECTOR('',#1247,3.E-1);
#1249=CARTESIAN_POINT('',(-2.5E0,-4.15E0,-9.55E0));
#1250=LINE('',#1249,#1248);
#1251=DIRECTION('',(1.E0,0.E0,0.E0));
#1252=VECTOR('',#1251,1.E-1);
#1253=CARTESIAN_POINT('',(-2.6E0,-4.15E0,-9.55E0));
#1254=LINE('',#1253,#1252);
#1255=DIRECTION('',(0.E0,1.E0,0.E0));
#1256=VECTOR('',#1255,4.706510813774E-1);
#1257=CARTESIAN_POINT('',(-2.6E0,-4.620651081377E0,-9.55E0));
#1258=LINE('',#1257,#1256);
#1259=DIRECTION('',(1.E0,0.E0,0.E0));
#1260=VECTOR('',#1259,1.5E-1);
#1261=CARTESIAN_POINT('',(-2.6E0,-4.620651081377E0,-9.55E0));
#1262=LINE('',#1261,#1260);
#1263=DIRECTION('',(0.E0,-1.E0,0.E0));
#1264=VECTOR('',#1263,7.706510813774E-1);
#1265=CARTESIAN_POINT('',(-9.5E-1,4.620651081377E0,-9.55E0));
#1266=LINE('',#1265,#1264);
#1267=DIRECTION('',(-1.E0,0.E0,0.E0));
#1268=VECTOR('',#1267,1.1E0);
#1269=CARTESIAN_POINT('',(-9.5E-1,4.620651081377E0,-9.55E0));
#1270=LINE('',#1269,#1268);
#1271=DIRECTION('',(0.E0,-1.E0,0.E0));
#1272=VECTOR('',#1271,7.706510813774E-1);
#1273=CARTESIAN_POINT('',(-2.05E0,4.620651081377E0,-9.55E0));
#1274=LINE('',#1273,#1272);
#1275=DIRECTION('',(0.E0,-1.E0,0.E0));
#1276=VECTOR('',#1275,7.706510813774E-1);
#1277=CARTESIAN_POINT('',(-9.5E-1,-3.85E0,-9.55E0));
#1278=LINE('',#1277,#1276);
#1279=DIRECTION('',(0.E0,-1.E0,0.E0));
#1280=VECTOR('',#1279,7.706510813774E-1);
#1281=CARTESIAN_POINT('',(-2.05E0,-3.85E0,-9.55E0));
#1282=LINE('',#1281,#1280);
#1283=DIRECTION('',(1.E0,0.E0,0.E0));
#1284=VECTOR('',#1283,1.1E0);
#1285=CARTESIAN_POINT('',(-2.05E0,-4.620651081377E0,-9.55E0));
#1286=LINE('',#1285,#1284);
#1287=DIRECTION('',(0.E0,-1.E0,0.E0));
#1288=VECTOR('',#1287,7.706510813774E-1);
#1289=CARTESIAN_POINT('',(5.5E-1,4.620651081377E0,-9.55E0));
#1290=LINE('',#1289,#1288);
#1291=DIRECTION('',(-1.E0,0.E0,0.E0));
#1292=VECTOR('',#1291,1.1E0);
#1293=CARTESIAN_POINT('',(5.5E-1,4.620651081377E0,-9.55E0));
#1294=LINE('',#1293,#1292);
#1295=DIRECTION('',(0.E0,-1.E0,0.E0));
#1296=VECTOR('',#1295,7.706510813774E-1);
#1297=CARTESIAN_POINT('',(-5.5E-1,4.620651081377E0,-9.55E0));
#1298=LINE('',#1297,#1296);
#1299=DIRECTION('',(0.E0,-1.E0,0.E0));
#1300=VECTOR('',#1299,7.706510813774E-1);
#1301=CARTESIAN_POINT('',(5.5E-1,-3.85E0,-9.55E0));
#1302=LINE('',#1301,#1300);
#1303=DIRECTION('',(0.E0,-1.E0,0.E0));
#1304=VECTOR('',#1303,7.706510813774E-1);
#1305=CARTESIAN_POINT('',(-5.5E-1,-3.85E0,-9.55E0));
#1306=LINE('',#1305,#1304);
#1307=DIRECTION('',(1.E0,0.E0,0.E0));
#1308=VECTOR('',#1307,1.1E0);
#1309=CARTESIAN_POINT('',(-5.5E-1,-4.620651081377E0,-9.55E0));
#1310=LINE('',#1309,#1308);
#1311=DIRECTION('',(0.E0,-1.E0,0.E0));
#1312=VECTOR('',#1311,7.706510813774E-1);
#1313=CARTESIAN_POINT('',(2.05E0,4.620651081377E0,-9.55E0));
#1314=LINE('',#1313,#1312);
#1315=DIRECTION('',(-1.E0,0.E0,0.E0));
#1316=VECTOR('',#1315,1.1E0);
#1317=CARTESIAN_POINT('',(2.05E0,4.620651081377E0,-9.55E0));
#1318=LINE('',#1317,#1316);
#1319=DIRECTION('',(0.E0,-1.E0,0.E0));
#1320=VECTOR('',#1319,7.706510813774E-1);
#1321=CARTESIAN_POINT('',(9.5E-1,4.620651081377E0,-9.55E0));
#1322=LINE('',#1321,#1320);
#1323=DIRECTION('',(0.E0,-1.E0,0.E0));
#1324=VECTOR('',#1323,7.706510813774E-1);
#1325=CARTESIAN_POINT('',(2.05E0,-3.85E0,-9.55E0));
#1326=LINE('',#1325,#1324);
#1327=DIRECTION('',(0.E0,-1.E0,0.E0));
#1328=VECTOR('',#1327,7.706510813774E-1);
#1329=CARTESIAN_POINT('',(9.5E-1,-3.85E0,-9.55E0));
#1330=LINE('',#1329,#1328);
#1331=DIRECTION('',(1.E0,0.E0,0.E0));
#1332=VECTOR('',#1331,1.1E0);
#1333=CARTESIAN_POINT('',(9.5E-1,-4.620651081377E0,-9.55E0));
#1334=LINE('',#1333,#1332);
#1335=DIRECTION('',(0.E0,-1.E0,0.E0));
#1336=VECTOR('',#1335,7.706510813774E-1);
#1337=CARTESIAN_POINT('',(2.45E0,4.620651081377E0,-9.55E0));
#1338=LINE('',#1337,#1336);
#1339=DIRECTION('',(0.E0,-1.E0,0.E0));
#1340=VECTOR('',#1339,3.E-1);
#1341=CARTESIAN_POINT('',(2.5E0,4.15E0,-9.55E0));
#1342=LINE('',#1341,#1340);
#1343=DIRECTION('',(-1.E0,0.E0,0.E0));
#1344=VECTOR('',#1343,1.E-1);
#1345=CARTESIAN_POINT('',(2.6E0,4.15E0,-9.55E0));
#1346=LINE('',#1345,#1344);
#1347=DIRECTION('',(0.E0,-1.E0,0.E0));
#1348=VECTOR('',#1347,4.706510813774E-1);
#1349=CARTESIAN_POINT('',(2.6E0,4.620651081377E0,-9.55E0));
#1350=LINE('',#1349,#1348);
#1351=DIRECTION('',(-1.E0,0.E0,0.E0));
#1352=VECTOR('',#1351,1.5E-1);
#1353=CARTESIAN_POINT('',(2.6E0,4.620651081377E0,-9.55E0));
#1354=LINE('',#1353,#1352);
#1355=DIRECTION('',(0.E0,-1.E0,0.E0));
#1356=VECTOR('',#1355,7.706510813774E-1);
#1357=CARTESIAN_POINT('',(2.45E0,-3.85E0,-9.55E0));
#1358=LINE('',#1357,#1356);
#1359=DIRECTION('',(1.E0,-1.184237892934E-14,0.E0));
#1360=VECTOR('',#1359,1.5E-1);
#1361=CARTESIAN_POINT('',(2.45E0,-4.620651081377E0,-9.55E0));
#1362=LINE('',#1361,#1360);
#1363=DIRECTION('',(0.E0,-1.E0,0.E0));
#1364=VECTOR('',#1363,4.706510813774E-1);
#1365=CARTESIAN_POINT('',(2.6E0,-4.15E0,-9.55E0));
#1366=LINE('',#1365,#1364);
#1367=DIRECTION('',(1.E0,0.E0,0.E0));
#1368=VECTOR('',#1367,1.E-1);
#1369=CARTESIAN_POINT('',(2.5E0,-4.15E0,-9.55E0));
#1370=LINE('',#1369,#1368);
#1371=DIRECTION('',(0.E0,-1.E0,0.E0));
#1372=VECTOR('',#1371,3.E-1);
#1373=CARTESIAN_POINT('',(2.5E0,-3.85E0,-9.55E0));
#1374=LINE('',#1373,#1372);
#1375=CARTESIAN_POINT('',(2.05E0,4.620651081377E0,-9.35E0));
#1376=DIRECTION('',(-1.E0,0.E0,0.E0));
#1377=DIRECTION('',(0.E0,9.172683169821E-1,-3.982698013417E-1));
#1378=AXIS2_PLACEMENT_3D('',#1375,#1376,#1377);
#1380=DIRECTION('',(-1.E0,0.E0,0.E0));
#1381=VECTOR('',#1380,4.E-1);
#1382=CARTESIAN_POINT('',(2.45E0,4.804104744774E0,-9.429653960268E0));
#1383=LINE('',#1382,#1381);
#1384=CARTESIAN_POINT('',(2.45E0,4.620651081377E0,-9.35E0));
#1385=DIRECTION('',(-1.E0,0.E0,0.E0));
#1386=DIRECTION('',(0.E0,9.172683169821E-1,-3.982698013417E-1));
#1387=AXIS2_PLACEMENT_3D('',#1384,#1385,#1386);
#1389=CARTESIAN_POINT('',(2.6E0,4.620651081377E0,-9.35E0));
#1390=DIRECTION('',(1.E0,0.E0,0.E0));
#1391=DIRECTION('',(0.E0,0.E0,-1.E0));
#1392=AXIS2_PLACEMENT_3D('',#1389,#1390,#1391);
#1394=CARTESIAN_POINT('',(-2.6E0,4.620651081377E0,-9.35E0));
#1395=DIRECTION('',(-1.E0,0.E0,0.E0));
#1396=DIRECTION('',(0.E0,9.999945016606E-1,-3.316119501049E-3));
#1397=AXIS2_PLACEMENT_3D('',#1394,#1395,#1396);
#1399=CARTESIAN_POINT('',(-2.45E0,4.620651081377E0,-9.35E0));
#1400=DIRECTION('',(-1.E0,0.E0,0.E0));
#1401=DIRECTION('',(0.E0,9.172683169821E-1,-3.982698013417E-1));
#1402=AXIS2_PLACEMENT_3D('',#1399,#1400,#1401);
#1404=DIRECTION('',(-1.E0,0.E0,0.E0));
#1405=VECTOR('',#1404,4.E-1);
#1406=CARTESIAN_POINT('',(-2.05E0,4.804104744774E0,-9.429653960268E0));
#1407=LINE('',#1406,#1405);
#1408=CARTESIAN_POINT('',(-2.05E0,4.620651081377E0,-9.35E0));
#1409=DIRECTION('',(-1.E0,0.E0,0.E0));
#1410=DIRECTION('',(0.E0,9.172683169821E-1,-3.982698013417E-1));
#1411=AXIS2_PLACEMENT_3D('',#1408,#1409,#1410);
#1413=CARTESIAN_POINT('',(-9.5E-1,4.620651081377E0,-9.35E0));
#1414=DIRECTION('',(-1.E0,0.E0,0.E0));
#1415=DIRECTION('',(0.E0,9.172683169821E-1,-3.982698013417E-1));
#1416=AXIS2_PLACEMENT_3D('',#1413,#1414,#1415);
#1418=DIRECTION('',(-1.E0,0.E0,0.E0));
#1419=VECTOR('',#1418,4.E-1);
#1420=CARTESIAN_POINT('',(-5.5E-1,4.804104744774E0,-9.429653960268E0));
#1421=LINE('',#1420,#1419);
#1422=CARTESIAN_POINT('',(-5.5E-1,4.620651081377E0,-9.35E0));
#1423=DIRECTION('',(-1.E0,0.E0,0.E0));
#1424=DIRECTION('',(0.E0,9.172683169821E-1,-3.982698013417E-1));
#1425=AXIS2_PLACEMENT_3D('',#1422,#1423,#1424);
#1427=CARTESIAN_POINT('',(5.5E-1,4.620651081377E0,-9.35E0));
#1428=DIRECTION('',(-1.E0,0.E0,0.E0));
#1429=DIRECTION('',(0.E0,9.172683169821E-1,-3.982698013417E-1));
#1430=AXIS2_PLACEMENT_3D('',#1427,#1428,#1429);
#1432=DIRECTION('',(-1.E0,0.E0,0.E0));
#1433=VECTOR('',#1432,4.E-1);
#1434=CARTESIAN_POINT('',(9.5E-1,4.804104744774E0,-9.429653960268E0));
#1435=LINE('',#1434,#1433);
#1436=CARTESIAN_POINT('',(9.5E-1,4.620651081377E0,-9.35E0));
#1437=DIRECTION('',(-1.E0,0.E0,0.E0));
#1438=DIRECTION('',(0.E0,9.172683169821E-1,-3.982698013417E-1));
#1439=AXIS2_PLACEMENT_3D('',#1436,#1437,#1438);
#1441=DIRECTION('',(1.E0,0.E0,0.E0));
#1442=VECTOR('',#1441,4.E-1);
#1443=CARTESIAN_POINT('',(2.05E0,5.606E0,-9.443651094014E0));
#1444=LINE('',#1443,#1442);
#1445=DIRECTION('',(1.E0,0.E0,0.E0));
#1446=VECTOR('',#1445,4.E-1);
#1447=CARTESIAN_POINT('',(2.05E0,5.601462374326E0,-9.703611494755E0));
#1448=LINE('',#1447,#1446);
#1449=DIRECTION('',(1.E0,0.E0,0.E0));
#1450=VECTOR('',#1449,4.E-1);
#1451=CARTESIAN_POINT('',(2.05E0,3.076291396324E0,-9.659534471379E0));
#1452=LINE('',#1451,#1450);
#1453=CARTESIAN_POINT('',(2.6E0,4.620485274491E0,-9.4E0));
#1454=DIRECTION('',(1.E0,0.E0,0.E0));
#1455=DIRECTION('',(0.E0,0.E0,-1.E0));
#1456=AXIS2_PLACEMENT_3D('',#1453,#1454,#1455);
#1458=CARTESIAN_POINT('',(3.970486923993E0,4.620485274491E0,-9.4E0));
#1459=DIRECTION('',(-1.E0,0.E0,0.E0));
#1460=DIRECTION('',(0.E0,9.999945016606E-1,-3.316119501067E-3));
#1461=AXIS2_PLACEMENT_3D('',#1458,#1459,#1460);
#1463=CARTESIAN_POINT('',(3.970486923993E0,4.820484174823E0,-9.400663223900E0));
#1464=CARTESIAN_POINT('',(4.003213669675E0,4.820483662104E0,-9.400706723961E0));
#1465=CARTESIAN_POINT('',(4.068665874309E0,4.814036716487E0,-9.400784829386E0));
#1466=CARTESIAN_POINT('',(4.163066826321E0,4.785399255397E0,-9.400872158301E0));
#1467=CARTESIAN_POINT('',(4.250073691501E0,4.738889995730E0,-9.400925839508E0));
#1468=CARTESIAN_POINT('',(4.326316633086E0,4.676315030536E0,-9.400943983032E0));
#1469=CARTESIAN_POINT('',(4.388890957865E0,4.600072218504E0,-9.400925838830E0));
#1470=CARTESIAN_POINT('',(4.435399781408E0,4.513065375928E0,-9.400872157076E0));
#1471=CARTESIAN_POINT('',(4.464036615599E0,4.418665990363E0,-9.400784829405E0));
#1472=CARTESIAN_POINT('',(4.470483662085E0,4.353213786456E0,-9.400706724116E0));
#1473=CARTESIAN_POINT('',(4.470484174823E0,4.320486923993E0,-9.400663223900E0));
#1475=CARTESIAN_POINT('',(-3.970486923692E0,-4.620485274550E0,-9.6E0));
#1476=CARTESIAN_POINT('',(-3.990372046866E0,-4.620484304341E0,-9.6E0));
#1477=CARTESIAN_POINT('',(-4.029278980145E0,-4.616617343249E0,-9.6E0));
#1478=CARTESIAN_POINT('',(-4.086066243792E0,-4.599434805826E0,-9.6E0));
#1479=CARTESIAN_POINT('',(-4.138231212241E0,-4.571528718650E0,-9.6E0));
#1480=CARTESIAN_POINT('',(-4.183987524496E0,-4.533986562890E0,-9.6E0));
#1481=CARTESIAN_POINT('',(-4.221529295910E0,-4.488230328729E0,-9.6E0));
#1482=CARTESIAN_POINT('',(-4.249435121430E0,-4.436065372481E0,-9.6E0));
#1483=CARTESIAN_POINT('',(-4.266617282734E0,-4.379279053780E0,-9.6E0));
#1484=CARTESIAN_POINT('',(-4.270484304287E0,-4.340372108309E0,-9.6E0));
#1485=CARTESIAN_POINT('',(-4.270485274550E0,-4.320486923692E0,-9.6E0));
#1487=DIRECTION('',(-1.E0,-4.322012693871E-11,0.E0));
#1488=VECTOR('',#1487,1.370486923692E0);
#1489=CARTESIAN_POINT('',(-2.6E0,-4.620485274491E0,-9.6E0));
#1490=LINE('',#1489,#1488);
#1491=DIRECTION('',(0.E0,1.E0,0.E0));
#1492=VECTOR('',#1491,4.704852744907E-1);
#1493=CARTESIAN_POINT('',(-2.6E0,-4.620485274491E0,-9.6E0));
#1494=LINE('',#1493,#1492);
#1495=DIRECTION('',(1.E0,0.E0,0.E0));
#1496=VECTOR('',#1495,1.E-1);
#1497=CARTESIAN_POINT('',(-2.6E0,-4.15E0,-9.6E0));
#1498=LINE('',#1497,#1496);
#1499=DIRECTION('',(0.E0,1.E0,0.E0));
#1500=VECTOR('',#1499,3.E-1);
#1501=CARTESIAN_POINT('',(-2.5E0,-4.15E0,-9.6E0));
#1502=LINE('',#1501,#1500);
#1503=DIRECTION('',(1.E0,0.E0,0.E0));
#1504=VECTOR('',#1503,1.770485274491E0);
#1505=CARTESIAN_POINT('',(-4.270485274491E0,-3.85E0,-9.6E0));
#1506=LINE('',#1505,#1504);
#1507=DIRECTION('',(1.259134089227E-10,1.E0,0.E0));
#1508=VECTOR('',#1507,4.704869236918E-1);
#1509=CARTESIAN_POINT('',(-4.270485274550E0,-4.320486923692E0,-9.6E0));
#1510=LINE('',#1509,#1508);
#1511=CARTESIAN_POINT('',(-4.270485274550E0,4.320486923692E0,-9.6E0));
#1512=CARTESIAN_POINT('',(-4.270484304390E0,4.340372108093E0,-9.6E0));
#1513=CARTESIAN_POINT('',(-4.266617282836E0,4.379279053394E0,-9.6E0));
#1514=CARTESIAN_POINT('',(-4.249435120985E0,4.436065373826E0,-9.6E0));
#1515=CARTESIAN_POINT('',(-4.221529294911E0,4.488230330203E0,-9.6E0));
#1516=CARTESIAN_POINT('',(-4.183987523460E0,4.533986563846E0,-9.6E0));
#1517=CARTESIAN_POINT('',(-4.138231211884E0,4.571528718853E0,-9.6E0));
#1518=CARTESIAN_POINT('',(-4.086066243334E0,4.599434806010E0,-9.6E0));
#1519=CARTESIAN_POINT('',(-4.029278979903E0,4.616617343314E0,-9.6E0));
#1520=CARTESIAN_POINT('',(-3.990372046773E0,4.620484304258E0,-9.6E0));
#1521=CARTESIAN_POINT('',(-3.970486923692E0,4.620485274550E0,-9.6E0));
#1523=DIRECTION('',(-1.258850921393E-10,1.E0,0.E0));
#1524=VECTOR('',#1523,4.704869236919E-1);
#1525=CARTESIAN_POINT('',(-4.270485274491E0,3.85E0,-9.6E0));
#1526=LINE('',#1525,#1524);
#1527=DIRECTION('',(1.E0,0.E0,0.E0));
#1528=VECTOR('',#1527,1.770485274491E0);
#1529=CARTESIAN_POINT('',(-4.270485274491E0,3.85E0,-9.6E0));
#1530=LINE('',#1529,#1528);
#1531=DIRECTION('',(0.E0,1.E0,0.E0));
#1532=VECTOR('',#1531,3.E-1);
#1533=CARTESIAN_POINT('',(-2.5E0,3.85E0,-9.6E0));
#1534=LINE('',#1533,#1532);
#1535=DIRECTION('',(-1.E0,0.E0,0.E0));
#1536=VECTOR('',#1535,1.E-1);
#1537=CARTESIAN_POINT('',(-2.5E0,4.15E0,-9.6E0));
#1538=LINE('',#1537,#1536);
#1539=DIRECTION('',(0.E0,-1.E0,0.E0));
#1540=VECTOR('',#1539,4.704852744907E-1);
#1541=CARTESIAN_POINT('',(-2.6E0,4.620485274491E0,-9.6E0));
#1542=LINE('',#1541,#1540);
#1543=DIRECTION('',(-1.E0,4.322725576457E-11,0.E0));
#1544=VECTOR('',#1543,1.370486923692E0);
#1545=CARTESIAN_POINT('',(-2.6E0,4.620485274491E0,-9.6E0));
#1546=LINE('',#1545,#1544);
#1547=CARTESIAN_POINT('',(3.970486923692E0,4.620485274550E0,-9.6E0));
#1548=CARTESIAN_POINT('',(3.990372046866E0,4.620484304341E0,-9.6E0));
#1549=CARTESIAN_POINT('',(4.029278980145E0,4.616617343249E0,-9.6E0));
#1550=CARTESIAN_POINT('',(4.086066243792E0,4.599434805826E0,-9.6E0));
#1551=CARTESIAN_POINT('',(4.138231212241E0,4.571528718650E0,-9.6E0));
#1552=CARTESIAN_POINT('',(4.183987524496E0,4.533986562890E0,-9.6E0));
#1553=CARTESIAN_POINT('',(4.221529295910E0,4.488230328729E0,-9.6E0));
#1554=CARTESIAN_POINT('',(4.249435121430E0,4.436065372481E0,-9.6E0));
#1555=CARTESIAN_POINT('',(4.266617282734E0,4.379279053780E0,-9.6E0));
#1556=CARTESIAN_POINT('',(4.270484304287E0,4.340372108309E0,-9.6E0));
#1557=CARTESIAN_POINT('',(4.270485274550E0,4.320486923692E0,-9.6E0));
#1559=DIRECTION('',(-1.E0,-4.321947886363E-11,0.E0));
#1560=VECTOR('',#1559,1.370486923692E0);
#1561=CARTESIAN_POINT('',(3.970486923692E0,4.620485274550E0,-9.6E0));
#1562=LINE('',#1561,#1560);
#1563=DIRECTION('',(0.E0,-1.E0,0.E0));
#1564=VECTOR('',#1563,4.704852744907E-1);
#1565=CARTESIAN_POINT('',(2.6E0,4.620485274491E0,-9.6E0));
#1566=LINE('',#1565,#1564);
#1567=DIRECTION('',(-1.E0,0.E0,0.E0));
#1568=VECTOR('',#1567,1.E-1);
#1569=CARTESIAN_POINT('',(2.6E0,4.15E0,-9.6E0));
#1570=LINE('',#1569,#1568);
#1571=DIRECTION('',(0.E0,-1.E0,0.E0));
#1572=VECTOR('',#1571,3.E-1);
#1573=CARTESIAN_POINT('',(2.5E0,4.15E0,-9.6E0));
#1574=LINE('',#1573,#1572);
#1575=DIRECTION('',(1.E0,0.E0,0.E0));
#1576=VECTOR('',#1575,1.770485274491E0);
#1577=CARTESIAN_POINT('',(2.5E0,3.85E0,-9.6E0));
#1578=LINE('',#1577,#1576);
#1579=DIRECTION('',(-1.259152967082E-10,-1.E0,0.E0));
#1580=VECTOR('',#1579,4.704869236918E-1);
#1581=CARTESIAN_POINT('',(4.270485274550E0,4.320486923692E0,-9.6E0));
#1582=LINE('',#1581,#1580);
#1583=CARTESIAN_POINT('',(4.270485274550E0,-4.320486923692E0,-9.6E0));
#1584=CARTESIAN_POINT('',(4.270484304390E0,-4.340372108093E0,-9.6E0));
#1585=CARTESIAN_POINT('',(4.266617282836E0,-4.379279053394E0,-9.6E0));
#1586=CARTESIAN_POINT('',(4.249435120985E0,-4.436065373826E0,-9.6E0));
#1587=CARTESIAN_POINT('',(4.221529294911E0,-4.488230330203E0,-9.6E0));
#1588=CARTESIAN_POINT('',(4.183987523460E0,-4.533986563846E0,-9.6E0));
#1589=CARTESIAN_POINT('',(4.138231211884E0,-4.571528718853E0,-9.6E0));
#1590=CARTESIAN_POINT('',(4.086066243334E0,-4.599434806010E0,-9.6E0));
#1591=CARTESIAN_POINT('',(4.029278979903E0,-4.616617343314E0,-9.6E0));
#1592=CARTESIAN_POINT('',(3.990372046773E0,-4.620484304258E0,-9.6E0));
#1593=CARTESIAN_POINT('',(3.970486923692E0,-4.620485274550E0,-9.6E0));
#1595=DIRECTION('',(1.258869799249E-10,-1.E0,0.E0));
#1596=VECTOR('',#1595,4.704869236919E-1);
#1597=CARTESIAN_POINT('',(4.270485274491E0,-3.85E0,-9.6E0));
#1598=LINE('',#1597,#1596);
#1599=DIRECTION('',(1.E0,0.E0,0.E0));
#1600=VECTOR('',#1599,1.770485274491E0);
#1601=CARTESIAN_POINT('',(2.5E0,-3.85E0,-9.6E0));
#1602=LINE('',#1601,#1600);
#1603=DIRECTION('',(0.E0,-1.E0,0.E0));
#1604=VECTOR('',#1603,3.E-1);
#1605=CARTESIAN_POINT('',(2.5E0,-3.85E0,-9.6E0));
#1606=LINE('',#1605,#1604);
#1607=DIRECTION('',(1.E0,0.E0,0.E0));
#1608=VECTOR('',#1607,1.E-1);
#1609=CARTESIAN_POINT('',(2.5E0,-4.15E0,-9.6E0));
#1610=LINE('',#1609,#1608);
#1611=DIRECTION('',(0.E0,1.E0,0.E0));
#1612=VECTOR('',#1611,4.704852744907E-1);
#1613=CARTESIAN_POINT('',(2.6E0,-4.620485274491E0,-9.6E0));
#1614=LINE('',#1613,#1612);
#1615=DIRECTION('',(-1.E0,4.322855191472E-11,0.E0));
#1616=VECTOR('',#1615,1.370486923692E0);
#1617=CARTESIAN_POINT('',(3.970486923692E0,-4.620485274550E0,-9.6E0));
#1618=LINE('',#1617,#1616);
#1619=CARTESIAN_POINT('',(-3.970486923993E0,-4.820484174823E0,
-9.400663223900E0));
#1620=CARTESIAN_POINT('',(-4.003213669675E0,-4.820483662104E0,
-9.400706723961E0));
#1621=CARTESIAN_POINT('',(-4.068665874309E0,-4.814036716487E0,
-9.400784829386E0));
#1622=CARTESIAN_POINT('',(-4.163066826321E0,-4.785399255397E0,
-9.400872158301E0));
#1623=CARTESIAN_POINT('',(-4.250073691501E0,-4.738889995730E0,
-9.400925839508E0));
#1624=CARTESIAN_POINT('',(-4.326316633086E0,-4.676315030536E0,
-9.400943983032E0));
#1625=CARTESIAN_POINT('',(-4.388890957865E0,-4.600072218504E0,
-9.400925838830E0));
#1626=CARTESIAN_POINT('',(-4.435399781408E0,-4.513065375928E0,
-9.400872157076E0));
#1627=CARTESIAN_POINT('',(-4.464036615599E0,-4.418665990363E0,
-9.400784829405E0));
#1628=CARTESIAN_POINT('',(-4.470483662085E0,-4.353213786456E0,
-9.400706724116E0));
#1629=CARTESIAN_POINT('',(-4.470484174823E0,-4.320486923993E0,
-9.400663223900E0));
#1631=CARTESIAN_POINT('',(-3.970486923993E0,-4.620485274491E0,-9.4E0));
#1632=DIRECTION('',(1.E0,0.E0,0.E0));
#1633=DIRECTION('',(0.E0,-9.999945016606E-1,-3.316119501058E-3));
#1634=AXIS2_PLACEMENT_3D('',#1631,#1632,#1633);
#1636=DIRECTION('',(3.315946835278E-3,3.316101269808E-3,-9.999890039240E-1));
#1637=VECTOR('',#1636,8.900761097346E0);
#1638=CARTESIAN_POINT('',(-4.000001374585E0,-4.85E0,-5.E-1));
#1639=LINE('',#1638,#1637);
#1640=DIRECTION('',(1.E0,0.E0,0.E0));
#1641=VECTOR('',#1640,8.000002749170E0);
#1642=CARTESIAN_POINT('',(-4.000001374585E0,-4.85E0,-5.E-1));
#1643=LINE('',#1642,#1641);
#1644=DIRECTION('',(3.315946835278E-3,-3.316101269808E-3,9.999890039240E-1));
#1645=VECTOR('',#1644,8.900761097345E0);
#1646=CARTESIAN_POINT('',(3.970486923993E0,-4.820484174823E0,
-9.400663223900E0));
#1647=LINE('',#1646,#1645);
#1648=DIRECTION('',(-1.E0,0.E0,0.E0));
#1649=VECTOR('',#1648,1.370486923993E0);
#1650=CARTESIAN_POINT('',(3.970486923993E0,-4.820484174823E0,
-9.400663223900E0));
#1651=LINE('',#1650,#1649);
#1652=DIRECTION('',(1.776347072387E-14,-3.316119501062E-3,9.999945016606E-1));
#1653=VECTOR('',#1652,5.000027491848E-2);
#1654=CARTESIAN_POINT('',(2.6E0,-4.820484174823E0,-9.400663223900E0));
#1655=LINE('',#1654,#1653);
#1656=DIRECTION('',(1.E0,0.E0,0.E0));
#1657=VECTOR('',#1656,5.2E0);
#1658=CARTESIAN_POINT('',(-2.6E0,-4.820649981710E0,-9.350663223900E0));
#1659=LINE('',#1658,#1657);
#1660=DIRECTION('',(0.E0,-3.316119501062E-3,9.999945016606E-1));
#1661=VECTOR('',#1660,5.000027491848E-2);
#1662=CARTESIAN_POINT('',(-2.6E0,-4.820484174823E0,-9.400663223900E0));
#1663=LINE('',#1662,#1661);
#1664=DIRECTION('',(-1.E0,0.E0,0.E0));
#1665=VECTOR('',#1664,1.370486923993E0);
#1666=CARTESIAN_POINT('',(-2.6E0,-4.820484174823E0,-9.400663223900E0));
#1667=LINE('',#1666,#1665);
#1668=CARTESIAN_POINT('',(-4.000001374585E0,-4.85E0,-5.E-1));
#1669=CARTESIAN_POINT('',(-4.032725889035E0,-4.849999640143E0,
-5.001085167797E-1));
#1670=CARTESIAN_POINT('',(-4.098175990113E0,-4.843552852705E0,
-5.003041710722E-1));
#1671=CARTESIAN_POINT('',(-4.192575399689E0,-4.814916082102E0,
-5.005222475833E-1));
#1672=CARTESIAN_POINT('',(-4.279575271397E0,-4.768413203785E0,
-5.006565372688E-1));
#1673=CARTESIAN_POINT('',(-4.355831258672E0,-4.705831264809E0,
-5.007018812882E-1));
#1674=CARTESIAN_POINT('',(-4.418413205430E0,-4.629575248496E0,
-5.006565372688E-1));
#1675=CARTESIAN_POINT('',(-4.464916081659E0,-4.542575485157E0,
-5.005222475833E-1));
#1676=CARTESIAN_POINT('',(-4.493552852832E0,-4.448175671139E0,
-5.003041710723E-1));
#1677=CARTESIAN_POINT('',(-4.499999640142E0,-4.382726576327E0,
-5.001085167796E-1));
#1678=CARTESIAN_POINT('',(-4.499999999998E0,-4.350002061877E0,-5.E-1));
#1680=DIRECTION('',(3.316119501059E-3,-7.002941160540E-8,-9.999945016606E-1));
#1681=VECTOR('',#1680,6.000696219158E0);
#1682=CARTESIAN_POINT('',(-4.491046848345E0,1.890004202252E-1,-3.2E0));
#1683=LINE('',#1682,#1681);
#1684=DIRECTION('',(0.E0,1.E0,0.E0));
#1685=VECTOR('',#1684,1.199999159550E0);
#1686=CARTESIAN_POINT('',(-4.491046848345E0,1.890004202252E-1,-3.2E0));
#1687=LINE('',#1686,#1685);
#1688=DIRECTION('',(3.316119501059E-3,7.002941161465E-8,-9.999945016606E-1));
#1689=VECTOR('',#1688,6.000696219158E0);
#1690=CARTESIAN_POINT('',(-4.491046848345E0,1.388999579775E0,-3.2E0));
#1691=LINE('',#1690,#1689);
#1692=DIRECTION('',(-1.707529118326E-7,-1.E0,-5.662406297154E-10));
#1693=VECTOR('',#1692,2.461E0);
#1694=CARTESIAN_POINT('',(-4.471147402370E0,3.85E0,-9.200663223900E0));
#1695=LINE('',#1694,#1693);
#1696=DIRECTION('',(3.191586769308E-3,0.E0,-9.999949068740E-1));
#1697=VECTOR('',#1696,1.996694049913E-1);
#1698=CARTESIAN_POINT('',(-4.471147402370E0,3.85E0,-9.200663223900E0));
#1699=LINE('',#1698,#1697);
#1700=DIRECTION('',(5.518816324665E-5,9.999997500866E-1,-7.048269576107E-4));
#1701=VECTOR('',#1700,4.704870415736E-1);
#1702=CARTESIAN_POINT('',(-4.470510140138E0,3.85E0,-9.400331611950E0));
#1703=LINE('',#1702,#1701);
#1704=DIRECTION('',(-3.316101270444E-3,3.315869618863E-3,9.999890041801E-1));
#1705=VECTOR('',#1704,8.900761095066E0);
#1706=CARTESIAN_POINT('',(-4.470484174823E0,4.320486923993E0,
-9.400663223900E0));
#1707=LINE('',#1706,#1705);
#1708=DIRECTION('',(0.E0,1.E0,0.E0));
#1709=VECTOR('',#1708,5.296251475221E0);
#1710=CARTESIAN_POINT('',(-4.493697138963E0,-1.532754064823E0,
-2.400663223900E0));
#1711=LINE('',#1710,#1709);
#1712=DIRECTION('',(6.788774912731E-13,-1.E0,4.438384914162E-14));
#1713=VECTOR('',#1712,2.784071797074E0);
#1714=CARTESIAN_POINT('',(-4.5E0,-1.565930264803E0,-5.000000000001E-1));
#1715=LINE('',#1714,#1713);
#1716=DIRECTION('',(3.316101268746E-3,3.316024051694E-3,-9.999890036680E-1));
#1717=VECTOR('',#1716,8.900761099625E0);
#1718=CARTESIAN_POINT('',(-4.499999999998E0,-4.350002061877E0,-5.E-1));
#1719=LINE('',#1718,#1717);
#1720=DIRECTION('',(-5.577247761888E-5,9.999995568613E-1,9.397694181780E-4));
#1721=VECTOR('',#1720,4.704871324836E-1);
#1722=CARTESIAN_POINT('',(-4.470484174823E0,-4.320486923993E0,
-9.400663223900E0));
#1723=LINE('',#1722,#1721);
#1724=DIRECTION('',(3.191976997606E-3,0.E0,-9.999949056284E-1));
#1725=VECTOR('',#1724,1.995588672083E-1);
#1726=CARTESIAN_POINT('',(-4.471147402370E0,-3.85E0,-9.200663223900E0));
#1727=LINE('',#1726,#1725);
#1728=DIRECTION('',(1.040413254160E-7,-1.E0,3.450160846958E-10));
#1729=VECTOR('',#1728,4.039E0);
#1730=CARTESIAN_POINT('',(-4.471147822593E0,1.89E-1,-9.200663225294E0));
#1731=LINE('',#1730,#1729);
#1732=CARTESIAN_POINT('',(-4.471147822593E0,1.89E-1,-9.200663225294E0));
#1733=CARTESIAN_POINT('',(-4.471106477607E0,1.89E-1,-9.213131038525E0));
#1734=CARTESIAN_POINT('',(-4.468719828145E0,1.913052152956E-1,
-9.238055218471E0));
#1735=CARTESIAN_POINT('',(-4.457746356954E0,2.021534311021E-1,
-9.275659541783E0));
#1736=CARTESIAN_POINT('',(-4.438224154542E0,2.215527254764E-1,
-9.312731004514E0));
#1737=CARTESIAN_POINT('',(-4.409541142704E0,2.501227552025E-1,
-9.346743111520E0));
#1738=CARTESIAN_POINT('',(-4.384638531921E0,2.749631123902E-1,
-9.365477272186E0));
#1739=CARTESIAN_POINT('',(-4.370574846540E0,2.89E-1,-9.373535016694E0));
#1741=DIRECTION('',(3.316119501059E-3,0.E0,-9.999945016606E-1));
#1742=VECTOR('',#1741,6.173568961071E0);
#1743=CARTESIAN_POINT('',(-4.391047138963E0,2.89E-1,-3.2E0));
#1744=LINE('',#1743,#1742);
#1745=DIRECTION('',(3.316119501059E-3,0.E0,-9.999945016606E-1));
#1746=VECTOR('',#1745,6.173568961071E0);
#1747=CARTESIAN_POINT('',(-4.391047138963E0,1.289E0,-3.2E0));
#1748=LINE('',#1747,#1746);
#1749=DIRECTION('',(0.E0,-1.E0,0.E0));
#1750=VECTOR('',#1749,1.E0);
#1751=CARTESIAN_POINT('',(-4.370574846540E0,1.289E0,-9.373535016694E0));
#1752=LINE('',#1751,#1750);
#1753=CARTESIAN_POINT('',(-4.271148502038E0,-3.85E0,-9.2E0));
#1754=DIRECTION('',(0.E0,-1.E0,0.E0));
#1755=DIRECTION('',(-9.999945016606E-1,0.E0,-3.316119501031E-3));
#1756=AXIS2_PLACEMENT_3D('',#1753,#1754,#1755);
#1758=CARTESIAN_POINT('',(-4.271148502038E0,3.85E0,-9.2E0));
#1759=DIRECTION('',(0.E0,1.E0,0.E0));
#1760=DIRECTION('',(0.E0,0.E0,-1.E0));
#1761=AXIS2_PLACEMENT_3D('',#1758,#1759,#1760);
#1763=CARTESIAN_POINT('',(-4.370574846540E0,1.289E0,-9.373535016694E0));
#1764=CARTESIAN_POINT('',(-4.384638531921E0,1.303036887610E0,
-9.365477272186E0));
#1765=CARTESIAN_POINT('',(-4.409541142704E0,1.327877244798E0,
-9.346743111520E0));
#1766=CARTESIAN_POINT('',(-4.438224154542E0,1.356447274524E0,
-9.312731004514E0));
#1767=CARTESIAN_POINT('',(-4.457746356954E0,1.375846568898E0,
-9.275659541783E0));
#1768=CARTESIAN_POINT('',(-4.468719828145E0,1.386694784704E0,
-9.238055218471E0));
#1769=CARTESIAN_POINT('',(-4.471106477607E0,1.389E0,-9.213131038525E0));
#1770=CARTESIAN_POINT('',(-4.471147822593E0,1.389E0,-9.200663225294E0));
#1772=DIRECTION('',(-7.071072394184E-1,-7.071063229544E-1,0.E0));
#1773=VECTOR('',#1772,1.414208535952E-1);
#1774=CARTESIAN_POINT('',(-4.391047138963E0,2.89E-1,-3.2E0));
#1775=LINE('',#1774,#1773);
#1776=DIRECTION('',(0.E0,1.E0,0.E0));
#1777=VECTOR('',#1776,1.E0);
#1778=CARTESIAN_POINT('',(-4.391047138963E0,2.89E-1,-3.2E0));
#1779=LINE('',#1778,#1777);
#1780=DIRECTION('',(7.071072394184E-1,-7.071063229544E-1,0.E0));
#1781=VECTOR('',#1780,1.414208535952E-1);
#1782=CARTESIAN_POINT('',(-4.491046848345E0,1.388999579775E0,-3.2E0));
#1783=LINE('',#1782,#1781);
#1784=DIRECTION('',(-7.071101856727E-1,7.071033766840E-1,0.E0));
#1785=VECTOR('',#1784,1.414226213605E-1);
#1786=CARTESIAN_POINT('',(4.491046015012E0,1.889995868965E-1,-3.2E0));
#1787=LINE('',#1786,#1785);
#1788=DIRECTION('',(7.071101856727E-1,7.071033766840E-1,0.E0));
#1789=VECTOR('',#1788,1.414226213605E-1);
#1790=CARTESIAN_POINT('',(4.391044638963E0,1.289E0,-3.2E0));
#1791=LINE('',#1790,#1789);
#1792=DIRECTION('',(0.E0,-1.E0,0.E0));
#1793=VECTOR('',#1792,1.E0);
#1794=CARTESIAN_POINT('',(4.391044638963E0,1.289E0,-3.2E0));
#1795=LINE('',#1794,#1793);
#1796=CARTESIAN_POINT('',(4.370572341781E0,2.89E-1,-9.373536451763E0));
#1797=CARTESIAN_POINT('',(4.384636369250E0,2.749627700593E-1,
-9.365478780888E0));
#1798=CARTESIAN_POINT('',(4.409539583695E0,2.501218250905E-1,
-9.346744641956E0));
#1799=CARTESIAN_POINT('',(4.438223351957E0,2.215509679088E-1,
-9.312732313538E0));
#1800=CARTESIAN_POINT('',(4.457745928054E0,2.021515643576E-1,
-9.275660443659E0));
#1801=CARTESIAN_POINT('',(4.468720158063E0,1.913016103957E-1,
-9.238055663871E0));
#1802=CARTESIAN_POINT('',(4.471105643731E0,1.89E-1,-9.213131202033E0));
#1803=CARTESIAN_POINT('',(4.471146989268E0,1.89E-1,-9.200663222530E0));
#1805=DIRECTION('',(-3.316119501059E-3,6.884259943731E-8,-9.999945016606E-1));
#1806=VECTOR('',#1805,6.000696216395E0);
#1807=CARTESIAN_POINT('',(4.491046015012E0,1.889995868965E-1,-3.2E0));
#1808=LINE('',#1807,#1806);
#1809=DIRECTION('',(-1.022781027982E-7,1.E0,3.391684886234E-10));
#1810=VECTOR('',#1809,4.039E0);
#1811=CARTESIAN_POINT('',(4.471147402370E0,-3.85E0,-9.200663223900E0));
#1812=LINE('',#1811,#1810);
#1813=DIRECTION('',(-3.191586769316E-3,0.E0,-9.999949068740E-1));
#1814=VECTOR('',#1813,1.996694049913E-1);
#1815=CARTESIAN_POINT('',(4.471147402370E0,-3.85E0,-9.200663223900E0));
#1816=LINE('',#1815,#1814);
#1817=DIRECTION('',(-5.518816324665E-5,-9.999997500866E-1,-7.048269576107E-4));
#1818=VECTOR('',#1817,4.704870415736E-1);
#1819=CARTESIAN_POINT('',(4.470510140138E0,-3.85E0,-9.400331611950E0));
#1820=LINE('',#1819,#1818);
#1821=DIRECTION('',(3.316101270444E-3,-3.315869618863E-3,9.999890041801E-1));
#1822=VECTOR('',#1821,8.900761095066E0);
#1823=CARTESIAN_POINT('',(4.470484174823E0,-4.320486923993E0,
-9.400663223900E0));
#1824=LINE('',#1823,#1822);
#1825=DIRECTION('',(6.785588049217E-13,1.E0,0.E0));
#1826=VECTOR('',#1825,2.784070422489E0);
#1827=CARTESIAN_POINT('',(4.499999999998E0,-4.350000687292E0,
-5.000000000001E-1));
#1828=LINE('',#1827,#1826);
#1829=DIRECTION('',(0.E0,-1.E0,0.E0));
#1830=VECTOR('',#1829,5.296251475221E0);
#1831=CARTESIAN_POINT('',(4.493697138963E0,3.763497410398E0,-2.400663223900E0));
#1832=LINE('',#1831,#1830);
#1833=DIRECTION('',(-3.316101268746E-3,-3.316024051693E-3,-9.999890036680E-1));
#1834=VECTOR('',#1833,8.900761099625E0);
#1835=CARTESIAN_POINT('',(4.499999999998E0,4.350002061877E0,-5.E-1));
#1836=LINE('',#1835,#1834);
#1837=DIRECTION('',(5.577247761888E-5,-9.999995568613E-1,9.397694181742E-4));
#1838=VECTOR('',#1837,4.704871324836E-1);
#1839=CARTESIAN_POINT('',(4.470484174823E0,4.320486923993E0,-9.400663223900E0));
#1840=LINE('',#1839,#1838);
#1841=DIRECTION('',(-3.191976997606E-3,0.E0,-9.999949056284E-1));
#1842=VECTOR('',#1841,1.995588672083E-1);
#1843=CARTESIAN_POINT('',(4.471147402370E0,3.85E0,-9.200663223900E0));
#1844=LINE('',#1843,#1842);
#1845=DIRECTION('',(1.678591049174E-7,1.E0,-5.566449824895E-10));
#1846=VECTOR('',#1845,2.461E0);
#1847=CARTESIAN_POINT('',(4.471146989268E0,1.389E0,-9.200663222530E0));
#1848=LINE('',#1847,#1846);
#1849=DIRECTION('',(-3.316119501059E-3,-6.884259941418E-8,-9.999945016606E-1));
#1850=VECTOR('',#1849,6.000696216395E0);
#1851=CARTESIAN_POINT('',(4.491046015012E0,1.389000413104E0,-3.2E0));
#1852=LINE('',#1851,#1850);
#1853=DIRECTION('',(0.E0,1.E0,0.E0));
#1854=VECTOR('',#1853,1.200000826207E0);
#1855=CARTESIAN_POINT('',(4.491046015012E0,1.889995868965E-1,-3.2E0));
#1856=LINE('',#1855,#1854);
#1857=DIRECTION('',(0.E0,1.E0,0.E0));
#1858=VECTOR('',#1857,1.E0);
#1859=CARTESIAN_POINT('',(4.370572341781E0,2.89E-1,-9.373536451763E0));
#1860=LINE('',#1859,#1858);
#1861=CARTESIAN_POINT('',(4.271148502038E0,3.85E0,-9.2E0));
#1862=DIRECTION('',(0.E0,1.E0,0.E0));
#1863=DIRECTION('',(9.999945016606E-1,0.E0,-3.316119501058E-3));
#1864=AXIS2_PLACEMENT_3D('',#1861,#1862,#1863);
#1866=CARTESIAN_POINT('',(4.271148502038E0,-3.85E0,-9.2E0));
#1867=DIRECTION('',(0.E0,-1.E0,0.E0));
#1868=DIRECTION('',(0.E0,0.E0,-1.E0));
#1869=AXIS2_PLACEMENT_3D('',#1866,#1867,#1868);
#1871=DIRECTION('',(-3.316119501059E-3,0.E0,-9.999945016606E-1));
#1872=VECTOR('',#1871,6.173570396149E0);
#1873=CARTESIAN_POINT('',(4.391044638963E0,2.89E-1,-3.2E0));
#1874=LINE('',#1873,#1872);
#1875=DIRECTION('',(-3.316119501059E-3,0.E0,-9.999945016606E-1));
#1876=VECTOR('',#1875,6.173570396149E0);
#1877=CARTESIAN_POINT('',(4.391044638963E0,1.289E0,-3.2E0));
#1878=LINE('',#1877,#1876);
#1879=CARTESIAN_POINT('',(4.471146989268E0,1.389E0,-9.200663222530E0));
#1880=CARTESIAN_POINT('',(4.471105643731E0,1.389E0,-9.213131202033E0));
#1881=CARTESIAN_POINT('',(4.468720158063E0,1.386698389604E0,-9.238055663871E0));
#1882=CARTESIAN_POINT('',(4.457745928054E0,1.375848435642E0,-9.275660443659E0));
#1883=CARTESIAN_POINT('',(4.438223351957E0,1.356449032091E0,-9.312732313538E0));
#1884=CARTESIAN_POINT('',(4.409539583695E0,1.327878174909E0,-9.346744641956E0));
#1885=CARTESIAN_POINT('',(4.384636369250E0,1.303037229941E0,-9.365478780888E0));
#1886=CARTESIAN_POINT('',(4.370572341781E0,1.289E0,-9.373536451763E0));
#1888=DIRECTION('',(0.E0,0.E0,-1.E0));
#1889=VECTOR('',#1888,1.5E-1);
#1890=CARTESIAN_POINT('',(-2.45E0,3.85E0,-9.4E0));
#1891=LINE('',#1890,#1889);
#1892=DIRECTION('',(1.E0,0.E0,0.E0));
#1893=VECTOR('',#1892,5.E-2);
#1894=CARTESIAN_POINT('',(-2.5E0,3.85E0,-9.55E0));
#1895=LINE('',#1894,#1893);
#1896=DIRECTION('',(0.E0,2.664535259100E-14,1.E0));
#1897=VECTOR('',#1896,5.E-2);
#1898=CARTESIAN_POINT('',(-2.5E0,3.85E0,-9.6E0));
#1899=LINE('',#1898,#1897);
#1900=CARTESIAN_POINT('',(-4.470510140138E0,3.85E0,-9.400331611950E0));
#1901=CARTESIAN_POINT('',(-4.470458722109E0,3.85E0,-9.415837008280E0));
#1902=CARTESIAN_POINT('',(-4.466967848269E0,3.85E0,-9.445322338559E0));
#1903=CARTESIAN_POINT('',(-4.451985874073E0,3.85E0,-9.487965694559E0));
#1904=CARTESIAN_POINT('',(-4.427926643804E0,3.85E0,-9.526034815077E0));
#1905=CARTESIAN_POINT('',(-4.395997530433E0,3.85E0,-9.557859281108E0));
#1906=CARTESIAN_POINT('',(-4.357848524930E0,3.85E0,-9.581788213570E0));
#1907=CARTESIAN_POINT('',(-4.315155907023E0,3.85E0,-9.596643328049E0));
#1908=CARTESIAN_POINT('',(-4.285658875009E0,3.85E0,-9.6E0));
#1909=CARTESIAN_POINT('',(-4.270485274491E0,3.85E0,-9.6E0));
#1911=DIRECTION('',(1.E0,0.E0,0.E0));
#1912=VECTOR('',#1911,1.821148502038E0);
#1913=CARTESIAN_POINT('',(-4.271148502038E0,3.85E0,-9.4E0));
#1914=LINE('',#1913,#1912);
#1915=DIRECTION('',(0.E0,0.E0,-1.E0));
#1916=VECTOR('',#1915,1.5E-1);
#1917=CARTESIAN_POINT('',(-9.5E-1,3.85E0,-9.4E0));
#1918=LINE('',#1917,#1916);
#1919=DIRECTION('',(1.E0,0.E0,0.E0));
#1920=VECTOR('',#1919,1.1E0);
#1921=CARTESIAN_POINT('',(-2.05E0,3.85E0,-9.55E0));
#1922=LINE('',#1921,#1920);
#1923=DIRECTION('',(0.E0,0.E0,1.E0));
#1924=VECTOR('',#1923,1.5E-1);
#1925=CARTESIAN_POINT('',(-2.05E0,3.85E0,-9.55E0));
#1926=LINE('',#1925,#1924);
#1927=DIRECTION('',(1.E0,0.E0,0.E0));
#1928=VECTOR('',#1927,1.1E0);
#1929=CARTESIAN_POINT('',(-2.05E0,3.85E0,-9.4E0));
#1930=LINE('',#1929,#1928);
#1931=DIRECTION('',(0.E0,0.E0,-1.E0));
#1932=VECTOR('',#1931,1.5E-1);
#1933=CARTESIAN_POINT('',(5.5E-1,3.85E0,-9.4E0));
#1934=LINE('',#1933,#1932);
#1935=DIRECTION('',(1.E0,0.E0,0.E0));
#1936=VECTOR('',#1935,1.1E0);
#1937=CARTESIAN_POINT('',(-5.5E-1,3.85E0,-9.55E0));
#1938=LINE('',#1937,#1936);
#1939=DIRECTION('',(0.E0,0.E0,1.E0));
#1940=VECTOR('',#1939,1.5E-1);
#1941=CARTESIAN_POINT('',(-5.5E-1,3.85E0,-9.55E0));
#1942=LINE('',#1941,#1940);
#1943=DIRECTION('',(1.E0,0.E0,0.E0));
#1944=VECTOR('',#1943,1.1E0);
#1945=CARTESIAN_POINT('',(-5.5E-1,3.85E0,-9.4E0));
#1946=LINE('',#1945,#1944);
#1947=DIRECTION('',(0.E0,0.E0,-1.E0));
#1948=VECTOR('',#1947,1.5E-1);
#1949=CARTESIAN_POINT('',(2.05E0,3.85E0,-9.4E0));
#1950=LINE('',#1949,#1948);
#1951=DIRECTION('',(1.E0,0.E0,0.E0));
#1952=VECTOR('',#1951,1.1E0);
#1953=CARTESIAN_POINT('',(9.5E-1,3.85E0,-9.55E0));
#1954=LINE('',#1953,#1952);
#1955=DIRECTION('',(0.E0,0.E0,1.E0));
#1956=VECTOR('',#1955,1.5E-1);
#1957=CARTESIAN_POINT('',(9.5E-1,3.85E0,-9.55E0));
#1958=LINE('',#1957,#1956);
#1959=DIRECTION('',(1.E0,0.E0,0.E0));
#1960=VECTOR('',#1959,1.1E0);
#1961=CARTESIAN_POINT('',(9.5E-1,3.85E0,-9.4E0));
#1962=LINE('',#1961,#1960);
#1963=DIRECTION('',(0.E0,0.E0,1.E0));
#1964=VECTOR('',#1963,1.5E-1);
#1965=CARTESIAN_POINT('',(2.45E0,3.85E0,-9.55E0));
#1966=LINE('',#1965,#1964);
#1967=DIRECTION('',(1.E0,0.E0,0.E0));
#1968=VECTOR('',#1967,1.821148502038E0);
#1969=CARTESIAN_POINT('',(2.45E0,3.85E0,-9.4E0));
#1970=LINE('',#1969,#1968);
#1971=CARTESIAN_POINT('',(4.270485274491E0,3.85E0,-9.4E0));
#1972=DIRECTION('',(0.E0,-1.E0,0.E0));
#1973=DIRECTION('',(0.E0,0.E0,-1.E0));
#1974=AXIS2_PLACEMENT_3D('',#1971,#1972,#1973);
#1976=DIRECTION('',(0.E0,2.664535259100E-14,1.E0));
#1977=VECTOR('',#1976,5.E-2);
#1978=CARTESIAN_POINT('',(2.5E0,3.85E0,-9.6E0));
#1979=LINE('',#1978,#1977);
#1980=DIRECTION('',(1.E0,0.E0,0.E0));
#1981=VECTOR('',#1980,5.E-2);
#1982=CARTESIAN_POINT('',(2.45E0,3.85E0,-9.55E0));
#1983=LINE('',#1982,#1981);
#1984=DIRECTION('',(0.E0,0.E0,1.E0));
#1985=VECTOR('',#1984,5.E-2);
#1986=CARTESIAN_POINT('',(-2.5E0,-4.15E0,-9.6E0));
#1987=LINE('',#1986,#1985);
#1988=DIRECTION('',(0.E0,0.E0,1.E0));
#1989=VECTOR('',#1988,5.E-2);
#1990=CARTESIAN_POINT('',(-2.6E0,-4.15E0,-9.6E0));
#1991=LINE('',#1990,#1989);
#1992=CARTESIAN_POINT('',(-2.6E0,-4.620485274491E0,-9.4E0));
#1993=DIRECTION('',(-1.E0,0.E0,0.E0));
#1994=DIRECTION('',(0.E0,0.E0,-1.E0));
#1995=AXIS2_PLACEMENT_3D('',#1992,#1993,#1994);
#1997=DIRECTION('',(0.E0,0.E0,1.E0));
#1998=VECTOR('',#1997,5.E-2);
#1999=CARTESIAN_POINT('',(-2.5E0,4.15E0,-9.6E0));
#2000=LINE('',#1999,#1998);
#2001=CARTESIAN_POINT('',(-2.6E0,4.620485274491E0,-9.4E0));
#2002=DIRECTION('',(-1.E0,0.E0,0.E0));
#2003=DIRECTION('',(0.E0,9.999945016606E-1,-3.316119501058E-3));
#2004=AXIS2_PLACEMENT_3D('',#2001,#2002,#2003);
#2006=DIRECTION('',(0.E0,0.E0,1.E0));
#2007=VECTOR('',#2006,5.E-2);
#2008=CARTESIAN_POINT('',(-2.6E0,4.15E0,-9.6E0));
#2009=LINE('',#2008,#2007);
#2010=DIRECTION('',(-3.315946835278E-3,3.316101269807E-3,9.999890039240E-1));
#2011=VECTOR('',#2010,8.900761097346E0);
#2012=CARTESIAN_POINT('',(-3.970486923993E0,4.820484174823E0,
-9.400663223900E0));
#2013=LINE('',#2012,#2011);
#2014=DIRECTION('',(-1.E0,0.E0,0.E0));
#2015=VECTOR('',#2014,1.370486923993E0);
#2016=CARTESIAN_POINT('',(-2.6E0,4.820484174823E0,-9.400663223900E0));
#2017=LINE('',#2016,#2015);
#2018=DIRECTION('',(0.E0,3.316119501062E-3,9.999945016606E-1));
#2019=VECTOR('',#2018,5.000027491848E-2);
#2020=CARTESIAN_POINT('',(-2.6E0,4.820484174823E0,-9.400663223900E0));
#2021=LINE('',#2020,#2019);
#2022=DIRECTION('',(-1.E0,0.E0,0.E0));
#2023=VECTOR('',#2022,5.2E0);
#2024=CARTESIAN_POINT('',(2.6E0,4.820649981710E0,-9.350663223900E0));
#2025=LINE('',#2024,#2023);
#2026=DIRECTION('',(0.E0,3.316119501062E-3,9.999945016606E-1));
#2027=VECTOR('',#2026,5.000027491848E-2);
#2028=CARTESIAN_POINT('',(2.6E0,4.820484174823E0,-9.400663223900E0));
#2029=LINE('',#2028,#2027);
#2030=DIRECTION('',(-1.E0,0.E0,0.E0));
#2031=VECTOR('',#2030,1.370486923993E0);
#2032=CARTESIAN_POINT('',(3.970486923993E0,4.820484174823E0,-9.400663223900E0));
#2033=LINE('',#2032,#2031);
#2034=DIRECTION('',(-3.315946835278E-3,-3.316101269807E-3,-9.999890039240E-1));
#2035=VECTOR('',#2034,8.900761097346E0);
#2036=CARTESIAN_POINT('',(4.000001374585E0,4.85E0,-4.999999999999E-1));
#2037=LINE('',#2036,#2035);
#2038=CARTESIAN_POINT('',(-4.000001374585E0,4.85E0,-5.E-1));
#2039=CARTESIAN_POINT('',(-4.032726298058E0,4.85E0,-5.000000010242E-1));
#2040=CARTESIAN_POINT('',(-4.098173192079E0,4.843553806023E0,
-5.000000031720E-1));
#2041=CARTESIAN_POINT('',(-4.192575346655E0,4.814917520134E0,
-5.000000073139E-1));
#2042=CARTESIAN_POINT('',(-4.279575718352E0,4.768414710991E0,
-5.000000105107E-1));
#2043=CARTESIAN_POINT('',(-4.355832478965E0,4.705832472829E0,
-5.000000117372E-1));
#2044=CARTESIAN_POINT('',(-4.418414709346E0,4.629575741254E0,
-5.000000105107E-1));
#2045=CARTESIAN_POINT('',(-4.464917520577E0,4.542575261186E0,
-5.000000073139E-1));
#2046=CARTESIAN_POINT('',(-4.493553805898E0,4.448173511053E0,
-5.000000031721E-1));
#2047=CARTESIAN_POINT('',(-4.499999999998E0,4.382725610765E0,
-5.000000010243E-1));
#2048=CARTESIAN_POINT('',(-4.499999999998E0,4.350000687292E0,
-5.000000000001E-1));
#2050=DIRECTION('',(4.581949492366E-6,0.E0,9.999999999895E-1));
#2051=VECTOR('',#2050,3.000000000032E-1);
#2052=CARTESIAN_POINT('',(-4.000001374585E0,4.85E0,-5.E-1));
#2053=LINE('',#2052,#2051);
#2054=DIRECTION('',(1.E0,0.E0,0.E0));
#2055=VECTOR('',#2054,8.000002749170E0);
#2056=CARTESIAN_POINT('',(-4.000001374585E0,4.85E0,-5.E-1));
#2057=LINE('',#2056,#2055);
#2058=DIRECTION('',(4.581949492367E-6,0.E0,-9.999999999895E-1));
#2059=VECTOR('',#2058,3.000000000031E-1);
#2060=CARTESIAN_POINT('',(4.E0,4.85E0,-2.E-1));
#2061=LINE('',#2060,#2059);
#2062=DIRECTION('',(-1.E0,0.E0,0.E0));
#2063=VECTOR('',#2062,8.E0);
#2064=CARTESIAN_POINT('',(4.E0,4.85E0,-2.E-1));
#2065=LINE('',#2064,#2063);
#2066=CARTESIAN_POINT('',(4.000001374585E0,4.85E0,-4.999999999999E-1));
#2067=CARTESIAN_POINT('',(4.032725889035E0,4.849999640143E0,
-5.001085167796E-1));
#2068=CARTESIAN_POINT('',(4.098175990113E0,4.843552852705E0,
-5.003041710724E-1));
#2069=CARTESIAN_POINT('',(4.192575399689E0,4.814916082102E0,
-5.005222475834E-1));
#2070=CARTESIAN_POINT('',(4.279575271397E0,4.768413203785E0,
-5.006565372688E-1));
#2071=CARTESIAN_POINT('',(4.355831258672E0,4.705831264809E0,
-5.007018812883E-1));
#2072=CARTESIAN_POINT('',(4.418413205430E0,4.629575248496E0,
-5.006565372688E-1));
#2073=CARTESIAN_POINT('',(4.464916081659E0,4.542575485157E0,
-5.005222475834E-1));
#2074=CARTESIAN_POINT('',(4.493552852832E0,4.448175671139E0,
-5.003041710723E-1));
#2075=CARTESIAN_POINT('',(4.499999640142E0,4.382726576327E0,
-5.001085167797E-1));
#2076=CARTESIAN_POINT('',(4.499999999998E0,4.350002061877E0,-5.E-1));
#2078=DIRECTION('',(-6.300145590258E-12,6.872924229578E-6,-9.999999999764E-1));
#2079=VECTOR('',#2078,3.000000000071E-1);
#2080=CARTESIAN_POINT('',(4.5E0,4.35E0,-2.E-1));
#2081=LINE('',#2080,#2079);
#2082=DIRECTION('',(3.415771721119E-12,-1.E0,-2.528120517276E-13));
#2083=VECTOR('',#2082,5.533284514993E-1);
#2084=CARTESIAN_POINT('',(4.499999999998E0,4.350002061877E0,-5.E-1));
#2085=LINE('',#2084,#2083);
#2086=DIRECTION('',(0.E0,1.745240643728E-2,9.998476951564E-1));
#2087=VECTOR('',#2086,3.000456984133E-1);
#2088=CARTESIAN_POINT('',(4.5E0,3.796673610378E0,-5.000000000001E-1));
#2089=LINE('',#2088,#2087);
#2090=DIRECTION('',(0.E0,-1.E0,0.E0));
#2091=VECTOR('',#2090,5.480898701436E-1);
#2092=CARTESIAN_POINT('',(4.5E0,4.35E0,-2.E-1));
#2093=LINE('',#2092,#2091);
#2094=DIRECTION('',(6.297184995656E-12,2.290974740279E-6,9.999999999974E-1));
#2095=VECTOR('',#2094,3.000000000009E-1);
#2096=CARTESIAN_POINT('',(4.499999999998E0,-4.350000687292E0,
-5.000000000001E-1));
#2097=LINE('',#2096,#2095);
#2098=DIRECTION('',(0.E0,-1.E0,0.E0));
#2099=VECTOR('',#2098,2.778833215718E0);
#2100=CARTESIAN_POINT('',(4.5E0,-1.571166784282E0,-2.E-1));
#2101=LINE('',#2100,#2099);
#2102=DIRECTION('',(-3.315614445550E-3,1.745231050726E-2,9.998421993289E-1));
#2103=VECTOR('',#2102,1.900963197168E0);
#2104=CARTESIAN_POINT('',(-4.493697138963E0,3.763497410398E0,
-2.400663223900E0));
#2105=LINE('',#2104,#2103);
#2106=CARTESIAN_POINT('',(-4.3E0,3.805401142842E0,0.E0));
#2107=CARTESIAN_POINT('',(-4.333335872134E0,3.805401142842E0,0.E0));
#2108=CARTESIAN_POINT('',(-4.385534874963E0,3.805148558676E0,
-1.447053717046E-2));
#2109=CARTESIAN_POINT('',(-4.444369853362E0,3.804429997064E0,
-5.563690438110E-2));
#2110=CARTESIAN_POINT('',(-4.485532776261E0,3.803403015556E0,
-1.144726355533E-1));
#2111=CARTESIAN_POINT('',(-4.5E0,3.802491921046E0,-1.666692050807E-1));
#2112=CARTESIAN_POINT('',(-4.5E0,3.801910129856E0,-2.E-1));
#2114=DIRECTION('',(-3.315614445549E-3,-1.745231050726E-2,-9.998421993289E-1));
#2115=VECTOR('',#2114,1.900963197168E0);
#2116=CARTESIAN_POINT('',(4.5E0,3.796673610378E0,-5.000000000001E-1));
#2117=LINE('',#2116,#2115);
#2118=CARTESIAN_POINT('',(4.5E0,3.801910129856E0,-2.E-1));
#2119=CARTESIAN_POINT('',(4.5E0,3.802491921046E0,-1.666692050807E-1));
#2120=CARTESIAN_POINT('',(4.485532776261E0,3.803403015556E0,
-1.144726355533E-1));
#2121=CARTESIAN_POINT('',(4.444369853362E0,3.804429997064E0,
-5.563690438110E-2));
#2122=CARTESIAN_POINT('',(4.385534874963E0,3.805148558676E0,
-1.447053717046E-2));
#2123=CARTESIAN_POINT('',(4.333335872134E0,3.805401142842E0,0.E0));
#2124=CARTESIAN_POINT('',(4.3E0,3.805401142842E0,0.E0));
#2126=DIRECTION('',(0.E0,1.E0,0.E0));
#2127=VECTOR('',#2126,5.303256654425E0);
#2128=CARTESIAN_POINT('',(-4.293698238631E0,-1.536256654425E0,-2.2E0));
#2129=LINE('',#2128,#2127);
#2130=DIRECTION('',(1.E0,0.E0,0.E0));
#2131=VECTOR('',#2130,3.958957672824E-1);
#2132=CARTESIAN_POINT('',(-4.293698238631E0,3.767E0,-2.2E0));
#2133=LINE('',#2132,#2131);
#2134=DIRECTION('',(1.E0,0.E0,0.E0));
#2135=VECTOR('',#2134,3.958957672824E-1);
#2136=CARTESIAN_POINT('',(-4.293698238631E0,-1.536256654425E0,-2.2E0));
#2137=LINE('',#2136,#2135);
#2138=DIRECTION('',(0.E0,-1.E0,0.E0));
#2139=VECTOR('',#2138,7.556683556617E-1);
#2140=CARTESIAN_POINT('',(3.392165822169E0,3.968341778308E-1,-2.2E0));
#2141=LINE('',#2140,#2139);
#2142=DIRECTION('',(1.E0,0.E0,0.E0));
#2143=VECTOR('',#2142,3.958957672824E-1);
#2144=CARTESIAN_POINT('',(3.897802471348E0,3.767E0,-2.2E0));
#2145=LINE('',#2144,#2143);
#2146=DIRECTION('',(0.E0,-1.E0,0.E0));
#2147=VECTOR('',#2146,5.303256654425E0);
#2148=CARTESIAN_POINT('',(4.293698238631E0,3.767E0,-2.2E0));
#2149=LINE('',#2148,#2147);
#2150=DIRECTION('',(-1.E0,0.E0,0.E0));
#2151=VECTOR('',#2150,3.958957672824E-1);
#2152=CARTESIAN_POINT('',(4.293698238631E0,-1.536256654425E0,-2.2E0));
#2153=LINE('',#2152,#2151);
#2154=CARTESIAN_POINT('',(-4.293698238631E0,-1.536256654425E0,-2.2E0));
#2155=CARTESIAN_POINT('',(-4.327144840373E0,-1.536256654425E0,-2.2E0));
#2156=CARTESIAN_POINT('',(-4.379436650671E0,-1.536002668497E0,
-2.214550844089E0));
#2157=CARTESIAN_POINT('',(-4.438317894402E0,-1.535281511886E0,
-2.255865878671E0));
#2158=CARTESIAN_POINT('',(-4.479433995367E0,-1.534251337072E0,
-2.314884554220E0));
#2159=CARTESIAN_POINT('',(-4.493808034999E0,-1.533337785302E0,
-2.367221900054E0));
#2160=CARTESIAN_POINT('',(-4.493697138963E0,-1.532754064823E0,
-2.400663223900E0));
#2162=CARTESIAN_POINT('',(-4.493697138963E0,3.763497410398E0,
-2.400663223900E0));
#2163=CARTESIAN_POINT('',(-4.493808034999E0,3.764081130877E0,
-2.367221900054E0));
#2164=CARTESIAN_POINT('',(-4.479433995367E0,3.764994682647E0,
-2.314884554220E0));
#2165=CARTESIAN_POINT('',(-4.438317894402E0,3.766024857461E0,
-2.255865878671E0));
#2166=CARTESIAN_POINT('',(-4.379436650671E0,3.766746014072E0,
-2.214550844089E0));
#2167=CARTESIAN_POINT('',(-4.327144840373E0,3.767E0,-2.2E0));
#2168=CARTESIAN_POINT('',(-4.293698238631E0,3.767E0,-2.2E0));
#2170=DIRECTION('',(4.363267749977E-3,4.363267749978E-3,9.999809617133E-1));
#2171=VECTOR('',#2170,4.080077677689E0);
#2172=CARTESIAN_POINT('',(3.88E0,-3.766366491793E-1,-6.28E0));
#2173=LINE('',#2172,#2171);
#2174=DIRECTION('',(0.E0,-1.E0,0.E0));
#2175=VECTOR('',#2174,1.177422476594E0);
#2176=CARTESIAN_POINT('',(3.897802471348E0,-3.588341778308E-1,-2.2E0));
#2177=LINE('',#2176,#2175);
#2178=DIRECTION('',(0.E0,1.E0,1.657996072579E-13));
#2179=VECTOR('',#2178,2.059073514820E0);
#2180=CARTESIAN_POINT('',(3.906747346761E0,-3.631113077272E0,
-1.499985721085E-1));
#2181=LINE('',#2180,#2179);
#2182=DIRECTION('',(4.363300094156E-3,-4.363655950138E-3,9.999809598783E-1));
#2183=VECTOR('',#2182,6.130118144790E0);
#2184=CARTESIAN_POINT('',(3.879999801683E0,-3.604363350754E0,
-6.279999998702E0));
#2185=LINE('',#2184,#2183);
#2186=DIRECTION('',(4.363267749977E-3,-4.363267749978E-3,9.999809617133E-1));
#2187=VECTOR('',#2186,4.080077677689E0);
#2188=CARTESIAN_POINT('',(3.88E0,4.146366491793E-1,-6.28E0));
#2189=LINE('',#2188,#2187);
#2190=DIRECTION('',(-4.363299321010E-3,-4.363646698602E-3,-9.999809599220E-1));
#2191=VECTOR('',#2190,6.280119574400E0);
#2192=CARTESIAN_POINT('',(3.907401843154E0,4.145767573795E0,0.E0));
#2193=LINE('',#2192,#2191);
#2194=DIRECTION('',(-4.362644744257E-3,-1.745224035355E-2,-9.998381802259E-1));
#2195=VECTOR('',#2194,2.200356061121E0);
#2196=CARTESIAN_POINT('',(3.907401843154E0,3.805401142842E0,0.E0));
#2197=LINE('',#2196,#2195);
#2198=DIRECTION('',(0.E0,-1.E0,0.E0));
#2199=VECTOR('',#2198,3.370165822169E0);
#2200=CARTESIAN_POINT('',(3.897802471348E0,3.767E0,-2.2E0));
#2201=LINE('',#2200,#2199);
#2202=DIRECTION('',(1.E0,0.E0,0.E0));
#2203=VECTOR('',#2202,5.056366491793E-1);
#2204=CARTESIAN_POINT('',(3.392165822169E0,-3.588341778308E-1,-2.2E0));
#2205=LINE('',#2204,#2203);
#2206=DIRECTION('',(0.E0,-4.363309284747E-3,-9.999904807207E-1));
#2207=VECTOR('',#2206,1.000009519369E0);
#2208=CARTESIAN_POINT('',(3.88E0,-3.766366491793E-1,-6.28E0));
#2209=LINE('',#2208,#2207);
#2210=DIRECTION('',(-6.144171376419E-8,-1.E0,4.021323378387E-10));
#2211=VECTOR('',#2210,3.227726701575E0);
#2212=CARTESIAN_POINT('',(3.88E0,-3.766366491793E-1,-6.28E0));
#2213=LINE('',#2212,#2211);
#2214=DIRECTION('',(-1.983151690664E-7,-4.365688987274E-3,9.999904703344E-1));
#2215=VECTOR('',#2214,1.000009531054E0);
#2216=CARTESIAN_POINT('',(3.88E0,-3.599997620158E0,-7.28E0));
#2217=LINE('',#2216,#2215);
#2218=DIRECTION('',(0.E0,4.363309284747E-3,-9.999904807207E-1));
#2219=VECTOR('',#2218,1.000009519369E0);
#2220=CARTESIAN_POINT('',(3.88E0,4.146366491793E-1,-6.28E0));
#2221=LINE('',#2220,#2219);
#2222=DIRECTION('',(1.983189454642E-7,-4.365688987276E-3,-9.999904703344E-1));
#2223=VECTOR('',#2222,1.000009529323E0);
#2224=CARTESIAN_POINT('',(3.879999801679E0,4.118363350747E0,-6.280000000433E0));
#2225=LINE('',#2224,#2223);
#2226=DIRECTION('',(5.354629316189E-8,-1.E0,1.168004834413E-10));
#2227=VECTOR('',#2226,3.703726701568E0);
#2228=CARTESIAN_POINT('',(3.879999801679E0,4.118363350747E0,-6.280000000433E0));
#2229=LINE('',#2228,#2227);
#2230=CARTESIAN_POINT('',(3.630000793273E0,-3.854360970992E0,
-6.280545412796E0));
#2231=CARTESIAN_POINT('',(3.648700446194E0,-3.854360616125E0,
-6.280613142936E0));
#2232=CARTESIAN_POINT('',(3.686098828591E0,-3.850146141811E0,
-6.280727933222E0));
#2233=CARTESIAN_POINT('',(3.739384195153E0,-3.831500144621E0,
-6.280827172659E0));
#2234=CARTESIAN_POINT('',(3.787184539308E0,-3.801464835041E0,
-6.280846065283E0));
#2235=CARTESIAN_POINT('',(3.827103214119E0,-3.761546261972E0,
-6.280795663451E0));
#2236=CARTESIAN_POINT('',(3.857138656072E0,-3.713746132220E0,
-6.280632921915E0));
#2237=CARTESIAN_POINT('',(3.875784253776E0,-3.660461044214E0,
-6.280536294755E0));
#2238=CARTESIAN_POINT('',(3.879999503867E0,-3.623062882721E0,
-6.280095450273E0));
#2239=CARTESIAN_POINT('',(3.879999801683E0,-3.604363350754E0,
-6.279999998702E0));
#2241=CARTESIAN_POINT('',(3.656749726566E0,-3.881110697582E0,
-1.499985721082E-1));
#2242=CARTESIAN_POINT('',(3.673081055657E0,-3.881110884950E0,
-1.499556316803E-1));
#2243=CARTESIAN_POINT('',(3.705785863095E0,-3.877907281636E0,
-1.498780642156E-1));
#2244=CARTESIAN_POINT('',(3.753176068070E0,-3.863521129274E0,
-1.497912867174E-1));
#2245=CARTESIAN_POINT('',(3.796675577402E0,-3.840233246833E0,
-1.497381443220E-1));
#2246=CARTESIAN_POINT('',(3.834891399832E0,-3.808812700876E0,
-1.497202775134E-1));
#2247=CARTESIAN_POINT('',(3.866134467868E0,-3.770633599025E0,
-1.497385144150E-1));
#2248=CARTESIAN_POINT('',(3.889413319166E0,-3.726973074695E0,
-1.497921039125E-1));
#2249=CARTESIAN_POINT('',(3.903664231724E0,-3.679415566117E0,
-1.498796768875E-1));
#2250=CARTESIAN_POINT('',(3.906747531945E0,-3.647251453349E0,
-1.499561390174E-1));
#2251=CARTESIAN_POINT('',(3.906747346761E0,-3.631113077272E0,
-1.499985721085E-1));
#2253=DIRECTION('',(4.363138354336E-3,-4.363267752578E-3,9.999809622779E-1));
#2254=VECTOR('',#2253,6.130663554557E0);
#2255=CARTESIAN_POINT('',(3.630000793273E0,-3.854360970992E0,
-6.280545412796E0));
#2256=LINE('',#2255,#2254);
#2257=DIRECTION('',(1.E0,0.E0,0.E0));
#2258=VECTOR('',#2257,3.728628039521E-1);
#2259=CARTESIAN_POINT('',(3.283886922614E0,-3.881110697582E0,
-1.499985721082E-1));
#2260=LINE('',#2259,#2258);
#2261=DIRECTION('',(4.363267747816E-3,4.363267749978E-3,-9.999809617133E-1));
#2262=VECTOR('',#2261,7.130137173487E0);
#2263=CARTESIAN_POINT('',(3.283886922614E0,-3.881110697582E0,
-1.499985721082E-1));
#2264=LINE('',#2263,#2262);
#2265=DIRECTION('',(7.936986135051E-7,-4.363309283906E-3,9.999904807204E-1));
#2266=VECTOR('',#2265,9.994641013826E-1);
#2267=CARTESIAN_POINT('',(3.63E0,-3.85E0,-7.28E0));
#2268=LINE('',#2267,#2266);
#2269=DIRECTION('',(4.363138354336E-3,4.363267752578E-3,-9.999809622779E-1));
#2270=VECTOR('',#2269,6.130663554556E0);
#2271=CARTESIAN_POINT('',(-3.656749726566E0,-3.881110697582E0,
-1.499985721082E-1));
#2272=LINE('',#2271,#2270);
#2273=DIRECTION('',(7.936986143934E-7,4.363309283906E-3,-9.999904807204E-1));
#2274=VECTOR('',#2273,9.994641013830E-1);
#2275=CARTESIAN_POINT('',(-3.630000793273E0,-3.854360970992E0,
-6.280545412795E0));
#2276=LINE('',#2275,#2274);
#2277=DIRECTION('',(-4.363267731751E-3,4.363267749978E-3,-9.999809617134E-1));
#2278=VECTOR('',#2277,7.130137173487E0);
#2279=CARTESIAN_POINT('',(-3.283886922728E0,-3.881110697582E0,
-1.499985721085E-1));
#2280=LINE('',#2279,#2278);
#2281=DIRECTION('',(1.E0,0.E0,-8.077387926751E-13));
#2282=VECTOR('',#2281,3.728628038375E-1);
#2283=CARTESIAN_POINT('',(-3.656749726566E0,-3.881110697582E0,
-1.499985721082E-1));
#2284=LINE('',#2283,#2282);
#2285=DIRECTION('',(8.576205511248E-11,-7.086477648608E-1,7.055624319348E-1));
#2286=VECTOR('',#2285,2.125943294583E-1);
#2287=CARTESIAN_POINT('',(3.283886922614E0,-3.881110697582E0,
-1.499985721082E-1));
#2288=LINE('',#2287,#2286);
#2289=DIRECTION('',(-8.579129977274E-11,-7.086477648608E-1,7.055624319348E-1));
#2290=VECTOR('',#2289,2.125943294583E-1);
#2291=CARTESIAN_POINT('',(3.656749726566E0,-3.881110697582E0,
-1.499985721082E-1));
#2292=LINE('',#2291,#2290);
#2293=DIRECTION('',(7.086477648601E-1,7.036432370543E-10,7.055624319355E-1));
#2294=VECTOR('',#2293,2.125943294585E-1);
#2295=CARTESIAN_POINT('',(3.906747346761E0,-3.631113077272E0,
-1.499985721085E-1));
#2296=LINE('',#2295,#2294);
#2297=DIRECTION('',(0.E0,-1.E0,0.E0));
#2298=VECTOR('',#2297,5.343633508207E-1);
#2299=CARTESIAN_POINT('',(-1.818234806025E0,4.395765193975E0,0.E0));
#2300=LINE('',#2299,#2298);
#2301=DIRECTION('',(0.E0,-1.E0,0.E0));
#2302=VECTOR('',#2301,3.403664309524E-1);
#2303=CARTESIAN_POINT('',(-3.907401843154E0,4.145767573795E0,0.E0));
#2304=LINE('',#2303,#2302);
#2305=DIRECTION('',(1.E0,0.E0,0.E0));
#2306=VECTOR('',#2305,3.925981568460E-1);
#2307=CARTESIAN_POINT('',(-4.3E0,3.805401142842E0,0.E0));
#2308=LINE('',#2307,#2306);
#2309=DIRECTION('',(0.E0,1.E0,0.E0));
#2310=VECTOR('',#2309,5.445988571579E-1);
#2311=CARTESIAN_POINT('',(-4.3E0,3.805401142842E0,0.E0));
#2312=LINE('',#2311,#2310);
#2313=CARTESIAN_POINT('',(-4.E0,4.35E0,0.E0));
#2314=DIRECTION('',(0.E0,0.E0,1.E0));
#2315=DIRECTION('',(0.E0,1.E0,0.E0));
#2316=AXIS2_PLACEMENT_3D('',#2313,#2314,#2315);
#2318=DIRECTION('',(-1.E0,0.E0,0.E0));
#2319=VECTOR('',#2318,8.E0);
#2320=CARTESIAN_POINT('',(4.E0,4.65E0,0.E0));
#2321=LINE('',#2320,#2319);
#2322=CARTESIAN_POINT('',(4.E0,4.35E0,0.E0));
#2323=DIRECTION('',(0.E0,0.E0,1.E0));
#2324=DIRECTION('',(1.E0,0.E0,0.E0));
#2325=AXIS2_PLACEMENT_3D('',#2322,#2323,#2324);
#2327=DIRECTION('',(0.E0,-1.E0,0.E0));
#2328=VECTOR('',#2327,5.445988571579E-1);
#2329=CARTESIAN_POINT('',(4.3E0,4.35E0,0.E0));
#2330=LINE('',#2329,#2328);
#2331=DIRECTION('',(1.E0,0.E0,0.E0));
#2332=VECTOR('',#2331,3.925981568460E-1);
#2333=CARTESIAN_POINT('',(3.907401843154E0,3.805401142842E0,0.E0));
#2334=LINE('',#2333,#2332);
#2335=DIRECTION('',(0.E0,-1.E0,0.E0));
#2336=VECTOR('',#2335,3.403664309524E-1);
#2337=CARTESIAN_POINT('',(3.907401843154E0,4.145767573795E0,0.E0));
#2338=LINE('',#2337,#2336);
#2339=DIRECTION('',(0.E0,1.E0,0.E0));
#2340=VECTOR('',#2339,5.343633508207E-1);
#2341=CARTESIAN_POINT('',(1.818234806025E0,3.861401843154E0,0.E0));
#2342=LINE('',#2341,#2340);
#2343=DIRECTION('',(-1.E0,0.E0,0.E0));
#2344=VECTOR('',#2343,3.636469612051E0);
#2345=CARTESIAN_POINT('',(1.818234806025E0,3.861401843154E0,0.E0));
#2346=LINE('',#2345,#2344);
#2347=DIRECTION('',(1.E0,0.E0,0.E0));
#2348=VECTOR('',#2347,5.493530387949E0);
#2349=CARTESIAN_POINT('',(-2.746765193975E0,-4.281765193975E0,0.E0));
#2350=LINE('',#2349,#2348);
#2351=DIRECTION('',(-1.E0,0.E0,0.E0));
#2352=VECTOR('',#2351,1.364696120506E-1);
#2353=CARTESIAN_POINT('',(2.883234806025E0,-2.433401843154E0,0.E0));
#2354=LINE('',#2353,#2352);
#2355=DIRECTION('',(0.E0,-1.E0,0.E0));
#2356=VECTOR('',#2355,1.197711233968E0);
#2357=CARTESIAN_POINT('',(2.883234806025E0,-2.433401843154E0,0.E0));
#2358=LINE('',#2357,#2356);
#2359=CARTESIAN_POINT('',(2.883234806025E0,-3.631113077122E0,0.E0));
#2360=CARTESIAN_POINT('',(2.883234805970E0,-3.657279643852E0,0.E0));
#2361=CARTESIAN_POINT('',(2.888364674773E0,-3.709672970189E0,0.E0));
#2362=CARTESIAN_POINT('',(2.911420855187E0,-3.785636303997E0,0.E0));
#2363=CARTESIAN_POINT('',(2.948736118566E0,-3.855340631638E0,0.E0));
#2364=CARTESIAN_POINT('',(2.999084765613E0,-3.916587435619E0,0.E0));
#2365=CARTESIAN_POINT('',(3.060272767086E0,-3.966663981540E0,0.E0));
#2366=CARTESIAN_POINT('',(3.130222250721E0,-4.003966979504E0,0.E0));
#2367=CARTESIAN_POINT('',(3.206443966306E0,-4.026818630537E0,0.E0));
#2368=CARTESIAN_POINT('',(3.258013892083E0,-4.031765193981E0,0.E0));
#2369=CARTESIAN_POINT('',(3.283886922632E0,-4.031765193975E0,0.E0));
#2371=DIRECTION('',(1.E0,0.E0,0.E0));
#2372=VECTOR('',#2371,3.728628039156E-1);
#2373=CARTESIAN_POINT('',(3.283886922632E0,-4.031765193975E0,0.E0));
#2374=LINE('',#2373,#2372);
#2375=CARTESIAN_POINT('',(3.656749726547E0,-4.031765193975E0,0.E0));
#2376=CARTESIAN_POINT('',(3.682922477896E0,-4.031765193981E0,0.E0));
#2377=CARTESIAN_POINT('',(3.735335324146E0,-4.026630480886E0,0.E0));
#2378=CARTESIAN_POINT('',(3.811283428857E0,-4.003574285083E0,0.E0));
#2379=CARTESIAN_POINT('',(3.880996390783E0,-3.966252200405E0,0.E0));
#2380=CARTESIAN_POINT('',(3.942241852649E0,-3.915896763996E0,0.E0));
#2381=CARTESIAN_POINT('',(3.992312861300E0,-3.854710154065E0,0.E0));
#2382=CARTESIAN_POINT('',(4.029620475587E0,-3.784739148520E0,0.E0));
#2383=CARTESIAN_POINT('',(4.052459938432E0,-3.708522925730E0,0.E0));
#2384=CARTESIAN_POINT('',(4.057401843207E0,-3.656976599160E0,0.E0));
#2385=CARTESIAN_POINT('',(4.057401843154E0,-3.631113077122E0,0.E0));
#2387=DIRECTION('',(0.E0,1.E0,0.E0));
#2388=VECTOR('',#2387,2.056455279855E0);
#2389=CARTESIAN_POINT('',(4.057401843154E0,-3.631113077122E0,0.E0));
#2390=LINE('',#2389,#2388);
#2391=DIRECTION('',(-1.E0,0.E0,0.E0));
#2392=VECTOR('',#2391,2.425981568460E-1);
#2393=CARTESIAN_POINT('',(4.3E0,-1.574657797267E0,0.E0));
#2394=LINE('',#2393,#2392);
#2395=DIRECTION('',(0.E0,-1.E0,0.E0));
#2396=VECTOR('',#2395,2.775342202733E0);
#2397=CARTESIAN_POINT('',(4.3E0,-1.574657797267E0,0.E0));
#2398=LINE('',#2397,#2396);
#2399=CARTESIAN_POINT('',(4.E0,-4.35E0,0.E0));
#2400=DIRECTION('',(0.E0,0.E0,1.E0));
#2401=DIRECTION('',(0.E0,-1.E0,0.E0));
#2402=AXIS2_PLACEMENT_3D('',#2399,#2400,#2401);
#2404=DIRECTION('',(-1.E0,0.E0,0.E0));
#2405=VECTOR('',#2404,8.E0);
#2406=CARTESIAN_POINT('',(4.E0,-4.65E0,0.E0));
#2407=LINE('',#2406,#2405);
#2408=CARTESIAN_POINT('',(-4.E0,-4.35E0,0.E0));
#2409=DIRECTION('',(0.E0,0.E0,1.E0));
#2410=DIRECTION('',(-1.E0,0.E0,0.E0));
#2411=AXIS2_PLACEMENT_3D('',#2408,#2409,#2410);
#2413=DIRECTION('',(0.E0,1.E0,0.E0));
#2414=VECTOR('',#2413,2.775342202733E0);
#2415=CARTESIAN_POINT('',(-4.3E0,-4.35E0,0.E0));
#2416=LINE('',#2415,#2414);
#2417=DIRECTION('',(-1.E0,0.E0,0.E0));
#2418=VECTOR('',#2417,2.425981568460E-1);
#2419=CARTESIAN_POINT('',(-4.057401843154E0,-1.574657797267E0,0.E0));
#2420=LINE('',#2419,#2418);
#2421=DIRECTION('',(0.E0,-1.E0,0.E0));
#2422=VECTOR('',#2421,2.056455279855E0);
#2423=CARTESIAN_POINT('',(-4.057401843154E0,-1.574657797267E0,0.E0));
#2424=LINE('',#2423,#2422);
#2425=CARTESIAN_POINT('',(-4.057401843154E0,-3.631113077122E0,0.E0));
#2426=CARTESIAN_POINT('',(-4.057401843209E0,-3.657279649111E0,0.E0));
#2427=CARTESIAN_POINT('',(-4.052271969985E0,-3.709672992972E0,0.E0));
#2428=CARTESIAN_POINT('',(-4.029215790920E0,-3.785636309662E0,0.E0));
#2429=CARTESIAN_POINT('',(-3.991900523886E0,-3.855340642706E0,0.E0));
#2430=CARTESIAN_POINT('',(-3.941551874413E0,-3.916587444170E0,0.E0));
#2431=CARTESIAN_POINT('',(-3.880363875320E0,-3.966663986274E0,0.E0));
#2432=CARTESIAN_POINT('',(-3.810414383870E0,-4.003966985890E0,0.E0));
#2433=CARTESIAN_POINT('',(-3.734192670121E0,-4.026818632344E0,0.E0));
#2434=CARTESIAN_POINT('',(-3.682622753451E0,-4.031765193981E0,0.E0));
#2435=CARTESIAN_POINT('',(-3.656749726547E0,-4.031765193975E0,0.E0));
#2437=DIRECTION('',(1.E0,0.E0,0.E0));
#2438=VECTOR('',#2437,3.728628036696E-1);
#2439=CARTESIAN_POINT('',(-3.656749726547E0,-4.031765193975E0,0.E0));
#2440=LINE('',#2439,#2438);
#2441=CARTESIAN_POINT('',(-3.283886922878E0,-4.031765193975E0,0.E0));
#2442=CARTESIAN_POINT('',(-3.257720356148E0,-4.031765194030E0,0.E0));
#2443=CARTESIAN_POINT('',(-3.205327029811E0,-4.026635325227E0,0.E0));
#2444=CARTESIAN_POINT('',(-3.129363696003E0,-4.003579144813E0,0.E0));
#2445=CARTESIAN_POINT('',(-3.059659368362E0,-3.966263881434E0,0.E0));
#2446=CARTESIAN_POINT('',(-2.998412564381E0,-3.915915234387E0,0.E0));
#2447=CARTESIAN_POINT('',(-2.948336018460E0,-3.854727232914E0,0.E0));
#2448=CARTESIAN_POINT('',(-2.911033020496E0,-3.784777749279E0,0.E0));
#2449=CARTESIAN_POINT('',(-2.888181369463E0,-3.708556033694E0,0.E0));
#2450=CARTESIAN_POINT('',(-2.883234806019E0,-3.656986107917E0,0.E0));
#2451=CARTESIAN_POINT('',(-2.883234806025E0,-3.631113077368E0,0.E0));
#2453=DIRECTION('',(0.E0,1.E0,0.E0));
#2454=VECTOR('',#2453,1.197711234214E0);
#2455=CARTESIAN_POINT('',(-2.883234806025E0,-3.631113077368E0,0.E0));
#2456=LINE('',#2455,#2454);
#2457=DIRECTION('',(-1.E0,0.E0,0.E0));
#2458=VECTOR('',#2457,1.364696120506E-1);
#2459=CARTESIAN_POINT('',(-2.746765193975E0,-2.433401843154E0,0.E0));
#2460=LINE('',#2459,#2458);
#2461=DIRECTION('',(7.086444066459E-1,3.078601827168E-3,7.055590883408E-1));
#2462=VECTOR('',#2461,2.125953369276E-1);
#2463=CARTESIAN_POINT('',(-1.968889302418E0,4.395110697582E0,
-1.499985721081E-1));
#2464=LINE('',#2463,#2462);
#2465=DIRECTION('',(-7.086444066459E-1,-3.078601827164E-3,-7.055590883408E-1));
#2466=VECTOR('',#2465,2.125953369276E-1);
#2467=CARTESIAN_POINT('',(-1.818234806025E0,3.861401843154E0,0.E0));
#2468=LINE('',#2467,#2466);
#2469=DIRECTION('',(-7.086444066459E-1,3.078601827164E-3,7.055590883408E-1));
#2470=VECTOR('',#2469,2.125953369276E-1);
#2471=CARTESIAN_POINT('',(1.968889302418E0,3.860747346761E0,
-1.499985721081E-1));
#2472=LINE('',#2471,#2470);
#2473=DIRECTION('',(7.086444066459E-1,-3.078601827168E-3,-7.055590883408E-1));
#2474=VECTOR('',#2473,2.125953369276E-1);
#2475=CARTESIAN_POINT('',(1.818234806025E0,4.395765193975E0,0.E0));
#2476=LINE('',#2475,#2474);
#2477=DIRECTION('',(0.E0,1.E0,0.E0));
#2478=VECTOR('',#2477,5.343633508207E-1);
#2479=CARTESIAN_POINT('',(1.968889302418E0,3.860747346761E0,
-1.499985721081E-1));
#2480=LINE('',#2479,#2478);
#2481=DIRECTION('',(-4.363267749978E-3,4.363267749978E-3,9.999809617133E-1));
#2482=VECTOR('',#2481,7.130137173488E0);
#2483=CARTESIAN_POINT('',(2.E0,4.364E0,-7.28E0));
#2484=LINE('',#2483,#2482);
#2485=DIRECTION('',(-4.363309284747E-3,0.E0,9.999904807207E-1));
#2486=VECTOR('',#2485,1.000009519369E0);
#2487=CARTESIAN_POINT('',(2.E0,3.834E0,-7.28E0));
#2488=LINE('',#2487,#2486);
#2489=DIRECTION('',(4.363267749978E-3,-4.363267749977E-3,-9.999809617133E-1));
#2490=VECTOR('',#2489,6.130118134839E0);
#2491=CARTESIAN_POINT('',(1.968889302418E0,3.860747346761E0,
-1.499985721081E-1));
#2492=LINE('',#2491,#2490);
#2493=DIRECTION('',(1.E0,0.E0,0.E0));
#2494=VECTOR('',#2493,1.839169416949E0);
#2495=CARTESIAN_POINT('',(-3.657404222974E0,4.395765193975E0,0.E0));
#2496=LINE('',#2495,#2494);
#2497=DIRECTION('',(4.363267749978E-3,4.363267749978E-3,9.999809617133E-1));
#2498=VECTOR('',#2497,7.130137173488E0);
#2499=CARTESIAN_POINT('',(-2.E0,4.364E0,-7.28E0));
#2500=LINE('',#2499,#2498);
#2501=DIRECTION('',(-7.936986170594E-7,4.363309283905E-3,9.999904807204E-1));
#2502=VECTOR('',#2501,9.994641013830E-1);
#2503=CARTESIAN_POINT('',(-3.63E0,4.364E0,-7.28E0));
#2504=LINE('',#2503,#2502);
#2505=DIRECTION('',(-4.363141447154E-3,4.363267752516E-3,9.999809622644E-1));
#2506=VECTOR('',#2505,6.280664982435E0);
#2507=CARTESIAN_POINT('',(-3.630000793273E0,4.368360970992E0,
-6.280545412795E0));
#2508=LINE('',#2507,#2506);
#2509=DIRECTION('',(1.E0,0.E0,0.E0));
#2510=VECTOR('',#2509,1.839169416949E0);
#2511=CARTESIAN_POINT('',(1.818234806025E0,4.395765193975E0,0.E0));
#2512=LINE('',#2511,#2510);
#2513=DIRECTION('',(-4.363141447154E-3,-4.363267752516E-3,-9.999809622644E-1));
#2514=VECTOR('',#2513,6.280664982435E0);
#2515=CARTESIAN_POINT('',(3.657404222974E0,4.395765193975E0,0.E0));
#2516=LINE('',#2515,#2514);
#2517=DIRECTION('',(-7.936986135051E-7,-4.363309283905E-3,-9.999904807204E-1));
#2518=VECTOR('',#2517,9.994641013826E-1);
#2519=CARTESIAN_POINT('',(3.630000793273E0,4.368360970992E0,-6.280545412796E0));
#2520=LINE('',#2519,#2518);
#2521=DIRECTION('',(0.E0,-1.E0,0.E0));
#2522=VECTOR('',#2521,5.343633508207E-1);
#2523=CARTESIAN_POINT('',(-1.968889302418E0,4.395110697582E0,
-1.499985721081E-1));
#2524=LINE('',#2523,#2522);
#2525=DIRECTION('',(-4.363267749978E-3,-4.363267749977E-3,-9.999809617133E-1));
#2526=VECTOR('',#2525,6.130118134839E0);
#2527=CARTESIAN_POINT('',(-1.968889302418E0,3.860747346761E0,
-1.499985721081E-1));
#2528=LINE('',#2527,#2526);
#2529=DIRECTION('',(4.363309284746E-3,0.E0,9.999904807207E-1));
#2530=VECTOR('',#2529,1.000009519369E0);
#2531=CARTESIAN_POINT('',(-2.E0,3.834E0,-7.28E0));
#2532=LINE('',#2531,#2530);
#2533=DIRECTION('',(-1.E0,0.E0,0.E0));
#2534=VECTOR('',#2533,3.991273298359E0);
#2535=CARTESIAN_POINT('',(1.995636649179E0,3.834E0,-6.28E0));
#2536=LINE('',#2535,#2534);
#2537=DIRECTION('',(-1.983189450200E-7,4.365688987278E-3,-9.999904703344E-1));
#2538=VECTOR('',#2537,1.000009529324E0);
#2539=CARTESIAN_POINT('',(-3.879999801679E0,-3.604363350747E0,
-6.280000000433E0));
#2540=LINE('',#2539,#2538);
#2541=DIRECTION('',(4.889006963578E-13,-1.E0,-2.240892615444E-10));
#2542=VECTOR('',#2541,7.722726701501E0);
#2543=CARTESIAN_POINT('',(-3.879999801683E0,4.118363350754E0,
-6.279999998702E0));
#2544=LINE('',#2543,#2542);
#2545=DIRECTION('',(1.983151690664E-7,4.365688987273E-3,9.999904703344E-1));
#2546=VECTOR('',#2545,1.000009531054E0);
#2547=CARTESIAN_POINT('',(-3.88E0,4.113997620158E0,-7.28E0));
#2548=LINE('',#2547,#2546);
#2549=CARTESIAN_POINT('',(-3.630000793273E0,4.368360970992E0,
-6.280545412795E0));
#2550=CARTESIAN_POINT('',(-3.648700446194E0,4.368360616125E0,
-6.280613142936E0));
#2551=CARTESIAN_POINT('',(-3.686098828591E0,4.364146141811E0,
-6.280727933222E0));
#2552=CARTESIAN_POINT('',(-3.739384195153E0,4.345500144621E0,
-6.280827172659E0));
#2553=CARTESIAN_POINT('',(-3.787184539308E0,4.315464835041E0,
-6.280846065282E0));
#2554=CARTESIAN_POINT('',(-3.827103214119E0,4.275546261972E0,
-6.280795663451E0));
#2555=CARTESIAN_POINT('',(-3.857138656072E0,4.227746132220E0,
-6.280632921914E0));
#2556=CARTESIAN_POINT('',(-3.875784253776E0,4.174461044214E0,
-6.280536294755E0));
#2557=CARTESIAN_POINT('',(-3.879999503867E0,4.137062882721E0,
-6.280095450272E0));
#2558=CARTESIAN_POINT('',(-3.879999801683E0,4.118363350754E0,
-6.279999998702E0));
#2560=CARTESIAN_POINT('',(-3.907401843154E0,4.145767573795E0,0.E0));
#2561=CARTESIAN_POINT('',(-3.907401843154E0,4.187433843825E0,0.E0));
#2562=CARTESIAN_POINT('',(-3.889316145604E0,4.252680686335E0,0.E0));
#2563=CARTESIAN_POINT('',(-3.837860916017E0,4.326224266838E0,0.E0));
#2564=CARTESIAN_POINT('',(-3.764317335514E0,4.377679496425E0,0.E0));
#2565=CARTESIAN_POINT('',(-3.699070493004E0,4.395765193975E0,0.E0));
#2566=CARTESIAN_POINT('',(-3.657404222974E0,4.395765193975E0,0.E0));
#2568=CARTESIAN_POINT('',(3.657404222974E0,4.395765193975E0,0.E0));
#2569=CARTESIAN_POINT('',(3.699070493004E0,4.395765193975E0,0.E0));
#2570=CARTESIAN_POINT('',(3.764317335514E0,4.377679496425E0,0.E0));
#2571=CARTESIAN_POINT('',(3.837860916017E0,4.326224266838E0,0.E0));
#2572=CARTESIAN_POINT('',(3.889316145604E0,4.252680686335E0,0.E0));
#2573=CARTESIAN_POINT('',(3.907401843154E0,4.187433843825E0,0.E0));
#2574=CARTESIAN_POINT('',(3.907401843154E0,4.145767573795E0,0.E0));
#2576=CARTESIAN_POINT('',(3.630000793273E0,4.368360970992E0,-6.280545412796E0));
#2577=CARTESIAN_POINT('',(3.648700639268E0,4.368360851176E0,-6.280559273568E0));
#2578=CARTESIAN_POINT('',(3.686099397839E0,4.364146793949E0,-6.280570888578E0));
#2579=CARTESIAN_POINT('',(3.739385237802E0,4.345501204645E0,-6.280541435124E0));
#2580=CARTESIAN_POINT('',(3.787185908669E0,4.315466080317E0,-6.280469003276E0));
#2581=CARTESIAN_POINT('',(3.827104780200E0,4.275547470399E0,-6.280345226226E0));
#2582=CARTESIAN_POINT('',(3.857140064058E0,4.227747100813E0,-6.280221883645E0));
#2583=CARTESIAN_POINT('',(3.875785887716E0,4.174461598969E0,-6.279934863739E0));
#2584=CARTESIAN_POINT('',(3.879999683007E0,4.137063079209E0,-6.280067733818E0));
#2585=CARTESIAN_POINT('',(3.879999801679E0,4.118363350747E0,-6.280000000433E0));
#2587=CARTESIAN_POINT('',(-4.3E0,4.35E0,-2.E-1));
#2588=DIRECTION('',(0.E0,1.E0,0.E0));
#2589=DIRECTION('',(-1.E0,0.E0,0.E0));
#2590=AXIS2_PLACEMENT_3D('',#2587,#2588,#2589);
#2592=CARTESIAN_POINT('',(-4.E0,4.35E0,-2.E-1));
#2593=DIRECTION('',(0.E0,0.E0,1.E0));
#2594=DIRECTION('',(0.E0,1.E0,0.E0));
#2595=AXIS2_PLACEMENT_3D('',#2592,#2593,#2594);
#2597=CARTESIAN_POINT('',(-4.E0,4.65E0,-2.E-1));
#2598=DIRECTION('',(1.E0,0.E0,0.E0));
#2599=DIRECTION('',(0.E0,1.E0,0.E0));
#2600=AXIS2_PLACEMENT_3D('',#2597,#2598,#2599);
#2602=CARTESIAN_POINT('',(4.E0,4.65E0,-2.E-1));
#2603=DIRECTION('',(1.E0,0.E0,0.E0));
#2604=DIRECTION('',(0.E0,1.E0,0.E0));
#2605=AXIS2_PLACEMENT_3D('',#2602,#2603,#2604);
#2607=CARTESIAN_POINT('',(4.E0,4.35E0,-2.E-1));
#2608=DIRECTION('',(0.E0,0.E0,1.E0));
#2609=DIRECTION('',(1.E0,0.E0,0.E0));
#2610=AXIS2_PLACEMENT_3D('',#2607,#2608,#2609);
#2612=CARTESIAN_POINT('',(4.3E0,4.35E0,-2.E-1));
#2613=DIRECTION('',(0.E0,-1.E0,0.E0));
#2614=DIRECTION('',(1.E0,0.E0,0.E0));
#2615=AXIS2_PLACEMENT_3D('',#2612,#2613,#2614);
#2617=DIRECTION('',(6.676334786191E-1,3.352669572382E-1,-6.647267149823E-1));
#2618=VECTOR('',#2617,2.256544963927E-1);
#2619=CARTESIAN_POINT('',(-2.746765193975E0,-4.281765193975E0,0.E0));
#2620=LINE('',#2619,#2618);
#2621=DIRECTION('',(3.895839273115E-3,4.503275518651E-1,-8.928549257676E-1));
#2622=VECTOR('',#2621,5.039964537771E-1);
#2623=CARTESIAN_POINT('',(-2.596110697582E0,-4.206110697582E0,
-1.499985721081E-1));
#2624=LINE('',#2623,#2622);
#2625=DIRECTION('',(3.895839273115E-3,-4.503275518651E-1,8.928549257676E-1));
#2626=VECTOR('',#2625,5.039964537771E-1);
#2627=CARTESIAN_POINT('',(2.594147208404E0,-3.979147208404E0,
-5.999942884324E-1));
#2628=LINE('',#2627,#2626);
#2629=DIRECTION('',(6.676334786191E-1,-3.352669572382E-1,6.647267149823E-1));
#2630=VECTOR('',#2629,2.256544963927E-1);
#2631=CARTESIAN_POINT('',(2.596110697582E0,-4.206110697582E0,
-1.499985721081E-1));
#2632=LINE('',#2631,#2630);
#2633=DIRECTION('',(0.E0,1.E0,0.E0));
#2634=VECTOR('',#2633,1.848363350821E0);
#2635=CARTESIAN_POINT('',(-2.746765193975E0,-4.281765193975E0,0.E0));
#2636=LINE('',#2635,#2634);
#2637=DIRECTION('',(-5.781881609045E-1,-5.781881609045E-1,5.756708271050E-1));
#2638=VECTOR('',#2637,2.605630944726E-1);
#2639=CARTESIAN_POINT('',(-2.596110697582E0,-2.282747346761E0,
-1.499985721081E-1));
#2640=LINE('',#2639,#2638);
#2641=DIRECTION('',(0.E0,1.E0,0.E0));
#2642=VECTOR('',#2641,1.923363350821E0);
#2643=CARTESIAN_POINT('',(-2.596110697582E0,-4.206110697582E0,
-1.499985721081E-1));
#2644=LINE('',#2643,#2642);
#2645=DIRECTION('',(4.363267749978E-3,4.363267749978E-3,-9.999809617133E-1));
#2646=VECTOR('',#2645,6.130118134839E0);
#2647=CARTESIAN_POINT('',(-2.596110697582E0,-2.282747346761E0,
-1.499985721081E-1));
#2648=LINE('',#2647,#2646);
#2649=DIRECTION('',(4.363309284747E-3,0.E0,-9.999904807207E-1));
#2650=VECTOR('',#2649,1.000009519369E0);
#2651=CARTESIAN_POINT('',(-2.569363350821E0,-2.256E0,-6.28E0));
#2652=LINE('',#2651,#2650);
#2653=CARTESIAN_POINT('',(-2.565536758264E0,-3.483015151902E0,
-7.156984848098E0));
#2654=CARTESIAN_POINT('',(-2.565357839268E0,-3.442010198853E0,
-7.197989801147E0));
#2655=CARTESIAN_POINT('',(-2.565100078835E0,-3.350499760502E0,
-7.257063766149E0));
#2656=CARTESIAN_POINT('',(-2.565E0,-3.244020340543E0,-7.28E0));
#2657=CARTESIAN_POINT('',(-2.565E0,-3.186030303803E0,-7.28E0));
#2659=DIRECTION('',(3.085340268733E-3,7.071034155891E-1,-7.071034155891E-1));
#2660=VECTOR('',#2659,4.911781636412E-1);
#2661=CARTESIAN_POINT('',(-2.567052210031E0,-3.830328909075E0,
-6.809671090925E0));
#2662=LINE('',#2661,#2660);
#2663=CARTESIAN_POINT('',(-2.568340062879E0,-3.953340062879E0,
-6.514518832726E0));
#2664=CARTESIAN_POINT('',(-2.568088595559E0,-3.953088595559E0,
-6.572150531629E0));
#2665=CARTESIAN_POINT('',(-2.567626807335E0,-3.929958993745E0,
-6.677983924932E0));
#2666=CARTESIAN_POINT('',(-2.567230026818E0,-3.871081256070E0,
-6.768918743930E0));
#2667=CARTESIAN_POINT('',(-2.567052210031E0,-3.830328909075E0,
-6.809671090925E0));
#2669=DIRECTION('',(1.E0,0.E0,0.E0));
#2670=VECTOR('',#2669,5.188294416808E0);
#2671=CARTESIAN_POINT('',(-2.594147208404E0,-3.979147208404E0,
-5.999942884324E-1));
#2672=LINE('',#2671,#2670);
#2673=DIRECTION('',(-4.363267749978E-3,-4.363267749978E-3,9.999809617133E-1));
#2674=VECTOR('',#2673,5.914637148851E0);
#2675=CARTESIAN_POINT('',(-2.568340062879E0,-3.953340062879E0,
-6.514518832726E0));
#2676=LINE('',#2675,#2674);
#2677=DIRECTION('',(1.E0,0.E0,0.E0));
#2678=VECTOR('',#2677,5.136680125759E0);
#2679=CARTESIAN_POINT('',(-2.568340062879E0,-3.953340062879E0,
-6.514518832726E0));
#2680=LINE('',#2679,#2678);
#2681=DIRECTION('',(4.363267749978E-3,-4.363267749978E-3,9.999809617133E-1));
#2682=VECTOR('',#2681,5.914637148851E0);
#2683=CARTESIAN_POINT('',(2.568340062879E0,-3.953340062879E0,
-6.514518832726E0));
#2684=LINE('',#2683,#2682);
#2685=CARTESIAN_POINT('',(2.567052210031E0,-3.830328909075E0,
-6.809671090925E0));
#2686=CARTESIAN_POINT('',(2.567230026818E0,-3.871081256070E0,
-6.768918743930E0));
#2687=CARTESIAN_POINT('',(2.567626807335E0,-3.929958993745E0,
-6.677983924932E0));
#2688=CARTESIAN_POINT('',(2.568088595559E0,-3.953088595559E0,
-6.572150531629E0));
#2689=CARTESIAN_POINT('',(2.568340062879E0,-3.953340062879E0,
-6.514518832726E0));
#2691=DIRECTION('',(3.085340268732E-3,-7.071034155891E-1,7.071034155891E-1));
#2692=VECTOR('',#2691,4.911781636412E-1);
#2693=CARTESIAN_POINT('',(2.565536758264E0,-3.483015151902E0,
-7.156984848098E0));
#2694=LINE('',#2693,#2692);
#2695=CARTESIAN_POINT('',(2.565E0,-3.186030303803E0,-7.28E0));
#2696=CARTESIAN_POINT('',(2.565E0,-3.244020340543E0,-7.28E0));
#2697=CARTESIAN_POINT('',(2.565100078835E0,-3.350499760502E0,
-7.257063766149E0));
#2698=CARTESIAN_POINT('',(2.565357839268E0,-3.442010198853E0,
-7.197989801147E0));
#2699=CARTESIAN_POINT('',(2.565536758264E0,-3.483015151902E0,
-7.156984848098E0));
#2701=DIRECTION('',(4.363309284746E-3,0.E0,9.999904807207E-1));
#2702=VECTOR('',#2701,1.000009519369E0);
#2703=CARTESIAN_POINT('',(2.565E0,-2.256E0,-7.28E0));
#2704=LINE('',#2703,#2702);
#2705=DIRECTION('',(-4.363267749978E-3,4.363267749978E-3,-9.999809617133E-1));
#2706=VECTOR('',#2705,6.130118134839E0);
#2707=CARTESIAN_POINT('',(2.596110697582E0,-2.282747346761E0,
-1.499985721081E-1));
#2708=LINE('',#2707,#2706);
#2709=DIRECTION('',(0.E0,-1.E0,0.E0));
#2710=VECTOR('',#2709,1.848363350821E0);
#2711=CARTESIAN_POINT('',(2.746765193975E0,-2.433401843154E0,0.E0));
#2712=LINE('',#2711,#2710);
#2713=DIRECTION('',(0.E0,1.E0,0.E0));
#2714=VECTOR('',#2713,1.923363350821E0);
#2715=CARTESIAN_POINT('',(2.596110697582E0,-4.206110697582E0,
-1.499985721081E-1));
#2716=LINE('',#2715,#2714);
#2717=DIRECTION('',(5.781881609045E-1,-5.781881609045E-1,5.756708271050E-1));
#2718=VECTOR('',#2717,2.605630944726E-1);
#2719=CARTESIAN_POINT('',(2.596110697582E0,-2.282747346761E0,
-1.499985721081E-1));
#2720=LINE('',#2719,#2718);
#2721=DIRECTION('',(-1.E0,0.E0,0.E0));
#2722=VECTOR('',#2721,4.377786048360E-1);
#2723=CARTESIAN_POINT('',(3.033889302418E0,-2.282747346761E0,
-1.499985721081E-1));
#2724=LINE('',#2723,#2722);
#2725=DIRECTION('',(-1.E0,0.E0,0.E0));
#2726=VECTOR('',#2725,4.377786048360E-1);
#2727=CARTESIAN_POINT('',(-2.596110697582E0,-2.282747346761E0,
-1.499985721081E-1));
#2728=LINE('',#2727,#2726);
#2729=DIRECTION('',(1.E0,0.E0,0.E0));
#2730=VECTOR('',#2729,4.912732983586E-1);
#2731=CARTESIAN_POINT('',(2.569363350821E0,-2.256E0,-6.28E0));
#2732=LINE('',#2731,#2730);
#2733=DIRECTION('',(4.363267749978E-3,4.363267749978E-3,-9.999809617133E-1));
#2734=VECTOR('',#2733,6.130118134839E0);
#2735=CARTESIAN_POINT('',(3.033889302418E0,-2.282747346761E0,
-1.499985721081E-1));
#2736=LINE('',#2735,#2734);
#2737=DIRECTION('',(-4.363309284746E-3,0.E0,9.999904807207E-1));
#2738=VECTOR('',#2737,1.000009519369E0);
#2739=CARTESIAN_POINT('',(3.065E0,-2.256E0,-7.28E0));
#2740=LINE('',#2739,#2738);
#2741=DIRECTION('',(4.363267749978E-3,4.363267731751E-3,-9.999809617134E-1));
#2742=VECTOR('',#2741,7.130137173487E0);
#2743=CARTESIAN_POINT('',(3.033889302418E0,-3.631113077272E0,
-1.499985721085E-1));
#2744=LINE('',#2743,#2742);
#2745=DIRECTION('',(0.E0,-1.E0,-2.532729767949E-13));
#2746=VECTOR('',#2745,1.348365730511E0);
#2747=CARTESIAN_POINT('',(3.033889302418E0,-2.282747346761E0,
-1.499985721081E-1));
#2748=LINE('',#2747,#2746);
#2749=CARTESIAN_POINT('',(3.033889302418E0,-3.631113077272E0,
-1.499985721085E-1));
#2750=CARTESIAN_POINT('',(3.033889115064E0,-3.647440547282E0,
-1.499556418273E-1));
#2751=CARTESIAN_POINT('',(3.037089695757E0,-3.680133174556E0,
-1.498780984405E-1));
#2752=CARTESIAN_POINT('',(3.051475838408E0,-3.727532882277E0,
-1.497912959313E-1));
#2753=CARTESIAN_POINT('',(3.074759464529E0,-3.771027003993E0,
-1.497381565103E-1));
#2754=CARTESIAN_POINT('',(3.106175774024E0,-3.809243663932E0,
-1.497202763607E-1));
#2755=CARTESIAN_POINT('',(3.144355744133E0,-3.840490187125E0,
-1.497385064606E-1));
#2756=CARTESIAN_POINT('',(3.188002839181E0,-3.863766158066E0,
-1.497920682219E-1));
#2757=CARTESIAN_POINT('',(3.235563775046E0,-3.878024675818E0,
-1.498796302119E-1));
#2758=CARTESIAN_POINT('',(3.267742613411E0,-3.881110882804E0,
-1.499561234170E-1));
#2759=CARTESIAN_POINT('',(3.283886922614E0,-3.881110697582E0,
-1.499985721082E-1));
#2761=DIRECTION('',(-7.086477648601E-1,7.043513756134E-10,7.055624319355E-1));
#2762=VECTOR('',#2761,2.125943294585E-1);
#2763=CARTESIAN_POINT('',(3.033889302418E0,-3.631113077272E0,
-1.499985721085E-1));
#2764=LINE('',#2763,#2762);
#2765=DIRECTION('',(-5.781881609045E-1,-5.781881609045E-1,5.756708271050E-1));
#2766=VECTOR('',#2765,2.605630944726E-1);
#2767=CARTESIAN_POINT('',(3.033889302418E0,-2.282747346761E0,
-1.499985721081E-1));
#2768=LINE('',#2767,#2766);
#2769=DIRECTION('',(5.781881609045E-1,-5.781881609045E-1,5.756708271050E-1));
#2770=VECTOR('',#2769,2.605630944726E-1);
#2771=CARTESIAN_POINT('',(-3.033889302418E0,-2.282747346761E0,
-1.499985721081E-1));
#2772=LINE('',#2771,#2770);
#2773=DIRECTION('',(7.086477648608E-1,8.575787730387E-11,7.055624319348E-1));
#2774=VECTOR('',#2773,2.125943294583E-1);
#2775=CARTESIAN_POINT('',(-3.033889302418E0,-3.631113077386E0,
-1.499985721082E-1));
#2776=LINE('',#2775,#2774);
#2777=DIRECTION('',(-7.043618201349E-10,-7.086477648601E-1,7.055624319355E-1));
#2778=VECTOR('',#2777,2.125943294585E-1);
#2779=CARTESIAN_POINT('',(-3.283886922728E0,-3.881110697582E0,
-1.499985721085E-1));
#2780=LINE('',#2779,#2778);
#2781=CARTESIAN_POINT('',(-3.283886922728E0,-3.881110697582E0,
-1.499985721085E-1));
#2782=CARTESIAN_POINT('',(-3.267559452718E0,-3.881110884936E0,
-1.499556418273E-1));
#2783=CARTESIAN_POINT('',(-3.234866825444E0,-3.877910304243E0,
-1.498780984405E-1));
#2784=CARTESIAN_POINT('',(-3.187467117723E0,-3.863524161592E0,
-1.497912959313E-1));
#2785=CARTESIAN_POINT('',(-3.143972996007E0,-3.840240535471E0,
-1.497381565103E-1));
#2786=CARTESIAN_POINT('',(-3.105756336068E0,-3.808824225976E0,
-1.497202763607E-1));
#2787=CARTESIAN_POINT('',(-3.074509812875E0,-3.770644255867E0,
-1.497385064606E-1));
#2788=CARTESIAN_POINT('',(-3.051233841934E0,-3.726997160819E0,
-1.497920682219E-1));
#2789=CARTESIAN_POINT('',(-3.036975324182E0,-3.679436224954E0,
-1.498796302119E-1));
#2790=CARTESIAN_POINT('',(-3.033889117196E0,-3.647257386589E0,
-1.499561234170E-1));
#2791=CARTESIAN_POINT('',(-3.033889302418E0,-3.631113077386E0,
-1.499985721082E-1));
#2793=DIRECTION('',(-4.363267749978E-3,4.363267749978E-3,-9.999809617133E-1));
#2794=VECTOR('',#2793,6.130118134839E0);
#2795=CARTESIAN_POINT('',(-3.033889302418E0,-2.282747346761E0,
-1.499985721081E-1));
#2796=LINE('',#2795,#2794);
#2797=DIRECTION('',(0.E0,1.E0,3.001235371714E-14));
#2798=VECTOR('',#2797,1.348365730625E0);
#2799=CARTESIAN_POINT('',(-3.033889302418E0,-3.631113077386E0,
-1.499985721082E-1));
#2800=LINE('',#2799,#2798);
#2801=DIRECTION('',(-4.363267749978E-3,4.363267747816E-3,-9.999809617133E-1));
#2802=VECTOR('',#2801,7.130137173487E0);
#2803=CARTESIAN_POINT('',(-3.033889302418E0,-3.631113077386E0,
-1.499985721082E-1));
#2804=LINE('',#2803,#2802);
#2805=DIRECTION('',(-4.363309284746E-3,0.E0,-9.999904807207E-1));
#2806=VECTOR('',#2805,1.000009519369E0);
#2807=CARTESIAN_POINT('',(-3.060636649179E0,-2.256E0,-6.28E0));
#2808=LINE('',#2807,#2806);
#2809=DIRECTION('',(-1.E0,0.E0,0.E0));
#2810=VECTOR('',#2809,4.912732983586E-1);
#2811=CARTESIAN_POINT('',(-2.569363350821E0,-2.256E0,-6.28E0));
#2812=LINE('',#2811,#2810);
#2813=DIRECTION('',(8.578294415552E-11,-7.086477648608E-1,7.055624319348E-1));
#2814=VECTOR('',#2813,2.125943294583E-1);
#2815=CARTESIAN_POINT('',(-3.656749726566E0,-3.881110697582E0,
-1.499985721082E-1));
#2816=LINE('',#2815,#2814);
#2817=DIRECTION('',(-7.086477648601E-1,7.036369703414E-10,7.055624319355E-1));
#2818=VECTOR('',#2817,2.125943294585E-1);
#2819=CARTESIAN_POINT('',(-3.906747346761E0,-3.631113077272E0,
-1.499985721085E-1));
#2820=LINE('',#2819,#2818);
#2821=DIRECTION('',(-1.E0,0.E0,0.E0));
#2822=VECTOR('',#2821,5.131073516528E0);
#2823=CARTESIAN_POINT('',(2.565536758264E0,-3.483015151902E0,
-7.156984848098E0));
#2824=LINE('',#2823,#2822);
#2825=DIRECTION('',(1.E0,0.E0,0.E0));
#2826=VECTOR('',#2825,5.134104420063E0);
#2827=CARTESIAN_POINT('',(-2.567052210031E0,-3.830328909075E0,
-6.809671090925E0));
#2828=LINE('',#2827,#2826);
#2829=DIRECTION('',(7.085940289197E-1,-1.231470417973E-2,7.055089299508E-1));
#2830=VECTOR('',#2829,2.126104514631E-1);
#2831=CARTESIAN_POINT('',(3.906747346761E0,-1.572039562452E0,
-1.499985721081E-1));
#2832=LINE('',#2831,#2830);
#2833=DIRECTION('',(4.362644744257E-3,-1.745224035355E-2,9.998381802259E-1));
#2834=VECTOR('',#2833,2.050333212349E0);
#2835=CARTESIAN_POINT('',(3.897802471348E0,-1.536256654425E0,-2.2E0));
#2836=LINE('',#2835,#2834);
#2837=DIRECTION('',(3.315614445550E-3,-1.745231050726E-2,9.998421993289E-1));
#2838=VECTOR('',#2837,1.900963197168E0);
#2839=CARTESIAN_POINT('',(4.493697138963E0,-1.532754064823E0,
-2.400663223900E0));
#2840=LINE('',#2839,#2838);
#2841=DIRECTION('',(0.E0,1.745240643728E-2,-9.998476951564E-1));
#2842=VECTOR('',#2841,3.000456984133E-1);
#2843=CARTESIAN_POINT('',(4.5E0,-1.571166784282E0,-2.E-1));
#2844=LINE('',#2843,#2842);
#2845=CARTESIAN_POINT('',(4.3E0,-1.574657797267E0,0.E0));
#2846=CARTESIAN_POINT('',(4.333335872134E0,-1.574657797267E0,0.E0));
#2847=CARTESIAN_POINT('',(4.385534874963E0,-1.574405213101E0,
-1.447053717046E-2));
#2848=CARTESIAN_POINT('',(4.444369853362E0,-1.573686651489E0,
-5.563690438110E-2));
#2849=CARTESIAN_POINT('',(4.485532776261E0,-1.572659669981E0,
-1.144726355533E-1));
#2850=CARTESIAN_POINT('',(4.5E0,-1.571748575471E0,-1.666692050807E-1));
#2851=CARTESIAN_POINT('',(4.5E0,-1.571166784282E0,-2.E-1));
#2853=CARTESIAN_POINT('',(4.293698238631E0,3.767E0,-2.2E0));
#2854=CARTESIAN_POINT('',(4.327144840373E0,3.767E0,-2.2E0));
#2855=CARTESIAN_POINT('',(4.379436650671E0,3.766746014072E0,-2.214550844089E0));
#2856=CARTESIAN_POINT('',(4.438317894402E0,3.766024857461E0,-2.255865878671E0));
#2857=CARTESIAN_POINT('',(4.479433995367E0,3.764994682647E0,-2.314884554220E0));
#2858=CARTESIAN_POINT('',(4.493808034999E0,3.764081130877E0,-2.367221900054E0));
#2859=CARTESIAN_POINT('',(4.493697138963E0,3.763497410398E0,-2.400663223900E0));
#2861=CARTESIAN_POINT('',(4.493697138963E0,-1.532754064823E0,
-2.400663223900E0));
#2862=CARTESIAN_POINT('',(4.493808034999E0,-1.533337785302E0,
-2.367221900054E0));
#2863=CARTESIAN_POINT('',(4.479433995367E0,-1.534251337072E0,
-2.314884554220E0));
#2864=CARTESIAN_POINT('',(4.438317894402E0,-1.535281511886E0,
-2.255865878671E0));
#2865=CARTESIAN_POINT('',(4.379436650671E0,-1.536002668497E0,
-2.214550844089E0));
#2866=CARTESIAN_POINT('',(4.327144840373E0,-1.536256654425E0,-2.2E0));
#2867=CARTESIAN_POINT('',(4.293698238631E0,-1.536256654425E0,-2.2E0));
#2869=CARTESIAN_POINT('',(4.3E0,-4.35E0,-2.E-1));
#2870=DIRECTION('',(0.E0,-1.E0,0.E0));
#2871=DIRECTION('',(1.E0,0.E0,0.E0));
#2872=AXIS2_PLACEMENT_3D('',#2869,#2870,#2871);
#2874=CARTESIAN_POINT('',(4.E0,-4.35E0,-2.E-1));
#2875=DIRECTION('',(0.E0,0.E0,1.E0));
#2876=DIRECTION('',(0.E0,-1.E0,0.E0));
#2877=AXIS2_PLACEMENT_3D('',#2874,#2875,#2876);
#2879=CARTESIAN_POINT('',(4.000001374585E0,-4.85E0,-5.E-1));
#2880=CARTESIAN_POINT('',(4.032726298058E0,-4.85E0,-5.000000010242E-1));
#2881=CARTESIAN_POINT('',(4.098173192079E0,-4.843553806023E0,
-5.000000031720E-1));
#2882=CARTESIAN_POINT('',(4.192575346655E0,-4.814917520134E0,
-5.000000073139E-1));
#2883=CARTESIAN_POINT('',(4.279575718352E0,-4.768414710991E0,
-5.000000105107E-1));
#2884=CARTESIAN_POINT('',(4.355832478965E0,-4.705832472829E0,
-5.000000117372E-1));
#2885=CARTESIAN_POINT('',(4.418414709346E0,-4.629575741254E0,
-5.000000105107E-1));
#2886=CARTESIAN_POINT('',(4.464917520577E0,-4.542575261186E0,
-5.000000073139E-1));
#2887=CARTESIAN_POINT('',(4.493553805898E0,-4.448173511053E0,
-5.000000031721E-1));
#2888=CARTESIAN_POINT('',(4.499999999998E0,-4.382725610765E0,
-5.000000010243E-1));
#2889=CARTESIAN_POINT('',(4.499999999998E0,-4.350000687292E0,
-5.000000000001E-1));
#2891=CARTESIAN_POINT('',(4.470484174823E0,-4.320486923993E0,
-9.400663223900E0));
#2892=CARTESIAN_POINT('',(4.470483662136E0,-4.353213786070E0,
-9.400706724117E0));
#2893=CARTESIAN_POINT('',(4.464036615825E0,-4.418665989731E0,
-9.400784829403E0));
#2894=CARTESIAN_POINT('',(4.435399780650E0,-4.513065378166E0,
-9.400872157078E0));
#2895=CARTESIAN_POINT('',(4.388890956204E0,-4.600072220962E0,
-9.400925838830E0));
#2896=CARTESIAN_POINT('',(4.326316631357E0,-4.676315032131E0,
-9.400943983032E0));
#2897=CARTESIAN_POINT('',(4.250073690906E0,-4.738889996065E0,
-9.400925839507E0));
#2898=CARTESIAN_POINT('',(4.163066825559E0,-4.785399255717E0,
-9.400872158300E0));
#2899=CARTESIAN_POINT('',(4.068665873906E0,-4.814036716550E0,
-9.400784829387E0));
#2900=CARTESIAN_POINT('',(4.003213669525E0,-4.820483662063E0,
-9.400706723959E0));
#2901=CARTESIAN_POINT('',(3.970486923993E0,-4.820484174823E0,
-9.400663223900E0));
#2903=CARTESIAN_POINT('',(4.270485274491E0,-4.320486923993E0,-9.4E0));
#2904=DIRECTION('',(0.E0,1.E0,0.E0));
#2905=DIRECTION('',(9.999945016606E-1,0.E0,-3.316119501058E-3));
#2906=AXIS2_PLACEMENT_3D('',#2903,#2904,#2905);
#2908=CARTESIAN_POINT('',(3.970486923993E0,-4.620485274491E0,-9.4E0));
#2909=DIRECTION('',(1.E0,0.E0,0.E0));
#2910=DIRECTION('',(0.E0,-9.999945016606E-1,-3.316119501058E-3));
#2911=AXIS2_PLACEMENT_3D('',#2908,#2909,#2910);
#2913=CARTESIAN_POINT('',(2.6E0,-4.620485274491E0,-9.4E0));
#2914=DIRECTION('',(1.E0,0.E0,0.E0));
#2915=DIRECTION('',(0.E0,-9.999945016606E-1,-3.316119501049E-3));
#2916=AXIS2_PLACEMENT_3D('',#2913,#2914,#2915);
#2918=DIRECTION('',(0.E0,0.E0,1.E0));
#2919=VECTOR('',#2918,5.E-2);
#2920=CARTESIAN_POINT('',(2.6E0,-4.15E0,-9.6E0));
#2921=LINE('',#2920,#2919);
#2922=DIRECTION('',(0.E0,0.E0,1.E0));
#2923=VECTOR('',#2922,5.E-2);
#2924=CARTESIAN_POINT('',(2.5E0,-4.15E0,-9.6E0));
#2925=LINE('',#2924,#2923);
#2926=DIRECTION('',(0.E0,0.E0,1.E0));
#2927=VECTOR('',#2926,5.E-2);
#2928=CARTESIAN_POINT('',(2.5E0,4.15E0,-9.6E0));
#2929=LINE('',#2928,#2927);
#2930=DIRECTION('',(0.E0,0.E0,1.E0));
#2931=VECTOR('',#2930,5.E-2);
#2932=CARTESIAN_POINT('',(2.6E0,4.15E0,-9.6E0));
#2933=LINE('',#2932,#2931);
#2934=DIRECTION('',(-1.E0,0.E0,0.E0));
#2935=VECTOR('',#2934,5.056366491793E-1);
#2936=CARTESIAN_POINT('',(3.897802471348E0,3.968341778308E-1,-2.2E0));
#2937=LINE('',#2936,#2935);
#2938=DIRECTION('',(4.363267749978E-3,-4.363267749978E-3,9.999809617133E-1));
#2939=VECTOR('',#2938,5.080096716338E0);
#2940=CARTESIAN_POINT('',(3.37E0,4.19E-1,-7.28E0));
#2941=LINE('',#2940,#2939);
#2942=DIRECTION('',(4.363267749978E-3,4.363267749978E-3,9.999809617133E-1));
#2943=VECTOR('',#2942,5.080096716338E0);
#2944=CARTESIAN_POINT('',(3.37E0,-3.81E-1,-7.28E0));
#2945=LINE('',#2944,#2943);
#2946=CARTESIAN_POINT('',(-4.470484174823E0,4.320486923993E0,
-9.400663223900E0));
#2947=CARTESIAN_POINT('',(-4.470483662136E0,4.353213786070E0,
-9.400706724117E0));
#2948=CARTESIAN_POINT('',(-4.464036615825E0,4.418665989731E0,
-9.400784829403E0));
#2949=CARTESIAN_POINT('',(-4.435399780650E0,4.513065378166E0,
-9.400872157078E0));
#2950=CARTESIAN_POINT('',(-4.388890956204E0,4.600072220962E0,
-9.400925838830E0));
#2951=CARTESIAN_POINT('',(-4.326316631357E0,4.676315032131E0,
-9.400943983032E0));
#2952=CARTESIAN_POINT('',(-4.250073690906E0,4.738889996065E0,
-9.400925839507E0));
#2953=CARTESIAN_POINT('',(-4.163066825559E0,4.785399255717E0,
-9.400872158300E0));
#2954=CARTESIAN_POINT('',(-4.068665873906E0,4.814036716550E0,
-9.400784829387E0));
#2955=CARTESIAN_POINT('',(-4.003213669525E0,4.820483662063E0,
-9.400706723959E0));
#2956=CARTESIAN_POINT('',(-3.970486923993E0,4.820484174823E0,
-9.400663223900E0));
#2958=CARTESIAN_POINT('',(-4.270485274491E0,4.320486923993E0,-9.4E0));
#2959=DIRECTION('',(0.E0,-1.E0,0.E0));
#2960=DIRECTION('',(-9.999945016606E-1,0.E0,-3.316119501067E-3));
#2961=AXIS2_PLACEMENT_3D('',#2958,#2959,#2960);
#2963=CARTESIAN_POINT('',(-3.970486923993E0,4.620485274491E0,-9.4E0));
#2964=DIRECTION('',(-1.E0,0.E0,0.E0));
#2965=DIRECTION('',(0.E0,9.999945016606E-1,-3.316119501067E-3));
#2966=AXIS2_PLACEMENT_3D('',#2963,#2964,#2965);
#2968=DIRECTION('',(0.E0,0.E0,-1.E0));
#2969=VECTOR('',#2968,2.5E0);
#2970=CARTESIAN_POINT('',(-9.5E-1,2.934E0,-4.78E0));
#2971=LINE('',#2970,#2969);
#2972=DIRECTION('',(0.E0,1.E0,0.E0));
#2973=VECTOR('',#2972,3.E-1);
#2974=CARTESIAN_POINT('',(-9.5E-1,2.634E0,-4.78E0));
#2975=LINE('',#2974,#2973);
#2976=DIRECTION('',(0.E0,0.E0,1.E0));
#2977=VECTOR('',#2976,2.5E0);
#2978=CARTESIAN_POINT('',(-9.5E-1,2.634E0,-7.28E0));
#2979=LINE('',#2978,#2977);
#2980=DIRECTION('',(0.E0,0.E0,-1.E0));
#2981=VECTOR('',#2980,2.5E0);
#2982=CARTESIAN_POINT('',(-9.5E-1,-1.056E0,-4.78E0));
#2983=LINE('',#2982,#2981);
#2984=DIRECTION('',(0.E0,1.E0,0.E0));
#2985=VECTOR('',#2984,3.E-1);
#2986=CARTESIAN_POINT('',(-9.5E-1,-1.356E0,-4.78E0));
#2987=LINE('',#2986,#2985);
#2988=DIRECTION('',(0.E0,0.E0,1.E0));
#2989=VECTOR('',#2988,2.5E0);
#2990=CARTESIAN_POINT('',(-9.5E-1,-1.356E0,-7.28E0));
#2991=LINE('',#2990,#2989);
#2992=DIRECTION('',(5.843534027085E-14,1.E0,0.E0));
#2993=VECTOR('',#2992,5.699751312199E-3);
#2994=CARTESIAN_POINT('',(-9.5E-1,-4.82E0,-9.4E0));
#2995=LINE('',#2994,#2993);
#2996=DIRECTION('',(0.E0,0.E0,1.E0));
#2997=VECTOR('',#2996,2.8E-2);
#2998=CARTESIAN_POINT('',(-9.5E-1,-4.82E0,-9.428E0));
#2999=LINE('',#2998,#2997);
#3000=DIRECTION('',(0.E0,9.998476951564E-1,1.745240643728E-2));
#3001=VECTOR('',#3000,9.881505001074E-1);
#3002=CARTESIAN_POINT('',(-9.5E-1,-5.808E0,-9.445245604149E0));
#3003=LINE('',#3002,#3001);
#3004=DIRECTION('',(0.E0,-1.745240643728E-2,9.998476951564E-1));
#3005=VECTOR('',#3004,2.6E-1);
#3006=CARTESIAN_POINT('',(-9.5E-1,-5.803462374326E0,-9.705206004890E0));
#3007=LINE('',#3006,#3005);
#3008=DIRECTION('',(0.E0,-9.998476951564E-1,-1.745240643728E-2));
#3009=VECTOR('',#3008,4.305900705152E0);
#3010=CARTESIAN_POINT('',(-9.5E-1,-1.498217478708E0,-9.630057675705E0));
#3011=LINE('',#3010,#3009);
#3012=CARTESIAN_POINT('',(-9.5E-1,-1.505722013476E0,-9.200123166788E0));
#3013=DIRECTION('',(-1.E0,0.E0,0.E0));
#3014=DIRECTION('',(0.E0,8.854000313388E-1,-4.648298446800E-1));
#3015=AXIS2_PLACEMENT_3D('',#3012,#3013,#3014);
#3017=CARTESIAN_POINT('',(-9.5E-1,3.083795931092E0,-9.229599962461E0));
#3018=DIRECTION('',(-1.E0,0.E0,0.E0));
#3019=DIRECTION('',(0.E0,-1.745240643732E-2,-9.998476951564E-1));
#3020=AXIS2_PLACEMENT_3D('',#3017,#3018,#3019);
#3022=DIRECTION('',(0.E0,-9.998476951564E-1,1.745240643728E-2));
#3023=VECTOR('',#3022,2.525555632358E0);
#3024=CARTESIAN_POINT('',(-9.5E-1,5.601462374326E0,-9.703611494755E0));
#3025=LINE('',#3024,#3023);
#3026=DIRECTION('',(0.E0,-1.745240643728E-2,-9.998476951564E-1));
#3027=VECTOR('',#3026,2.6E-1);
#3028=CARTESIAN_POINT('',(-9.5E-1,5.606E0,-9.443651094014E0));
#3029=LINE('',#3028,#3027);
#3030=DIRECTION('',(0.E0,9.998476951564E-1,-1.745240643728E-2));
#3031=VECTOR('',#3030,8.020174063618E-1);
#3032=CARTESIAN_POINT('',(-9.5E-1,4.804104744774E0,-9.429653960268E0));
#3033=LINE('',#3032,#3031);
#3034=DIRECTION('',(1.E0,0.E0,0.E0));
#3035=VECTOR('',#3034,4.E-1);
#3036=CARTESIAN_POINT('',(-9.5E-1,2.934E0,-4.78E0));
#3037=LINE('',#3036,#3035);
#3038=DIRECTION('',(0.E0,0.E0,1.E0));
#3039=VECTOR('',#3038,2.5E0);
#3040=CARTESIAN_POINT('',(-5.5E-1,2.634E0,-7.28E0));
#3041=LINE('',#3040,#3039);
#3042=DIRECTION('',(0.E0,1.E0,0.E0));
#3043=VECTOR('',#3042,3.E-1);
#3044=CARTESIAN_POINT('',(-5.5E-1,2.634E0,-4.78E0));
#3045=LINE('',#3044,#3043);
#3046=DIRECTION('',(0.E0,0.E0,-1.E0));
#3047=VECTOR('',#3046,2.5E0);
#3048=CARTESIAN_POINT('',(-5.5E-1,2.934E0,-4.78E0));
#3049=LINE('',#3048,#3047);
#3050=DIRECTION('',(0.E0,0.E0,1.E0));
#3051=VECTOR('',#3050,2.5E0);
#3052=CARTESIAN_POINT('',(-5.5E-1,-1.356E0,-7.28E0));
#3053=LINE('',#3052,#3051);
#3054=DIRECTION('',(0.E0,1.E0,0.E0));
#3055=VECTOR('',#3054,3.E-1);
#3056=CARTESIAN_POINT('',(-5.5E-1,-1.356E0,-4.78E0));
#3057=LINE('',#3056,#3055);
#3058=DIRECTION('',(0.E0,0.E0,-1.E0));
#3059=VECTOR('',#3058,2.5E0);
#3060=CARTESIAN_POINT('',(-5.5E-1,-1.056E0,-4.78E0));
#3061=LINE('',#3060,#3059);
#3062=CARTESIAN_POINT('',(-5.5E-1,-1.505722013476E0,-9.200123166788E0));
#3063=DIRECTION('',(-1.E0,0.E0,0.E0));
#3064=DIRECTION('',(0.E0,8.854000313388E-1,-4.648298446800E-1));
#3065=AXIS2_PLACEMENT_3D('',#3062,#3063,#3064);
#3067=DIRECTION('',(0.E0,-9.998476951564E-1,-1.745240643728E-2));
#3068=VECTOR('',#3067,4.305900705152E0);
#3069=CARTESIAN_POINT('',(-5.5E-1,-1.498217478708E0,-9.630057675705E0));
#3070=LINE('',#3069,#3068);
#3071=DIRECTION('',(0.E0,-1.745240643728E-2,9.998476951564E-1));
#3072=VECTOR('',#3071,2.6E-1);
#3073=CARTESIAN_POINT('',(-5.5E-1,-5.803462374326E0,-9.705206004890E0));
#3074=LINE('',#3073,#3072);
#3075=DIRECTION('',(0.E0,9.998476951564E-1,1.745240643728E-2));
#3076=VECTOR('',#3075,9.881505001074E-1);
#3077=CARTESIAN_POINT('',(-5.5E-1,-5.808E0,-9.445245604149E0));
#3078=LINE('',#3077,#3076);
#3079=DIRECTION('',(0.E0,0.E0,1.E0));
#3080=VECTOR('',#3079,2.8E-2);
#3081=CARTESIAN_POINT('',(-5.5E-1,-4.82E0,-9.428E0));
#3082=LINE('',#3081,#3080);
#3083=DIRECTION('',(-1.947844675695E-14,1.E0,0.E0));
#3084=VECTOR('',#3083,5.699751312199E-3);
#3085=CARTESIAN_POINT('',(-5.5E-1,-4.82E0,-9.4E0));
#3086=LINE('',#3085,#3084);
#3087=DIRECTION('',(0.E0,9.998476951564E-1,-1.745240643728E-2));
#3088=VECTOR('',#3087,8.020174063618E-1);
#3089=CARTESIAN_POINT('',(-5.5E-1,4.804104744774E0,-9.429653960268E0));
#3090=LINE('',#3089,#3088);
#3091=DIRECTION('',(0.E0,-1.745240643728E-2,-9.998476951564E-1));
#3092=VECTOR('',#3091,2.6E-1);
#3093=CARTESIAN_POINT('',(-5.5E-1,5.606E0,-9.443651094014E0));
#3094=LINE('',#3093,#3092);
#3095=DIRECTION('',(0.E0,-9.998476951564E-1,1.745240643728E-2));
#3096=VECTOR('',#3095,2.525555632358E0);
#3097=CARTESIAN_POINT('',(-5.5E-1,5.601462374326E0,-9.703611494755E0));
#3098=LINE('',#3097,#3096);
#3099=CARTESIAN_POINT('',(-5.5E-1,3.083795931092E0,-9.229599962461E0));
#3100=DIRECTION('',(-1.E0,0.E0,0.E0));
#3101=DIRECTION('',(0.E0,-1.745240643732E-2,-9.998476951564E-1));
#3102=AXIS2_PLACEMENT_3D('',#3099,#3100,#3101);
#3104=DIRECTION('',(1.E0,0.E0,0.E0));
#3105=VECTOR('',#3104,4.E-1);
#3106=CARTESIAN_POINT('',(-9.5E-1,2.634E0,-4.78E0));
#3107=LINE('',#3106,#3105);
#3108=DIRECTION('',(1.E0,0.E0,0.E0));
#3109=VECTOR('',#3108,4.E-1);
#3110=CARTESIAN_POINT('',(-9.5E-1,-1.356E0,-4.78E0));
#3111=LINE('',#3110,#3109);
#3112=DIRECTION('',(1.E0,0.E0,0.E0));
#3113=VECTOR('',#3112,4.E-1);
#3114=CARTESIAN_POINT('',(-9.5E-1,-1.056E0,-4.78E0));
#3115=LINE('',#3114,#3113);
#3116=DIRECTION('',(1.E0,0.E0,0.E0));
#3117=VECTOR('',#3116,4.E-1);
#3118=CARTESIAN_POINT('',(-9.5E-1,-1.498217478708E0,-9.630057675705E0));
#3119=LINE('',#3118,#3117);
#3120=DIRECTION('',(1.E0,0.E0,0.E0));
#3121=VECTOR('',#3120,4.E-1);
#3122=CARTESIAN_POINT('',(-9.5E-1,-5.803462374326E0,-9.705206004890E0));
#3123=LINE('',#3122,#3121);
#3124=DIRECTION('',(1.E0,0.E0,0.E0));
#3125=VECTOR('',#3124,4.E-1);
#3126=CARTESIAN_POINT('',(-9.5E-1,-5.808E0,-9.445245604149E0));
#3127=LINE('',#3126,#3125);
#3128=DIRECTION('',(1.E0,0.E0,0.E0));
#3129=VECTOR('',#3128,4.E-1);
#3130=CARTESIAN_POINT('',(-9.5E-1,-4.82E0,-9.428E0));
#3131=LINE('',#3130,#3129);
#3132=DIRECTION('',(1.E0,0.E0,0.E0));
#3133=VECTOR('',#3132,4.E-1);
#3134=CARTESIAN_POINT('',(-9.5E-1,-4.82E0,-9.4E0));
#3135=LINE('',#3134,#3133);
#3136=DIRECTION('',(1.E0,0.E0,0.E0));
#3137=VECTOR('',#3136,4.E-1);
#3138=CARTESIAN_POINT('',(-9.5E-1,5.606E0,-9.443651094014E0));
#3139=LINE('',#3138,#3137);
#3140=DIRECTION('',(1.E0,0.E0,0.E0));
#3141=VECTOR('',#3140,4.E-1);
#3142=CARTESIAN_POINT('',(-9.5E-1,5.601462374326E0,-9.703611494755E0));
#3143=LINE('',#3142,#3141);
#3144=DIRECTION('',(1.E0,0.E0,0.E0));
#3145=VECTOR('',#3144,4.E-1);
#3146=CARTESIAN_POINT('',(-9.5E-1,3.076291396324E0,-9.659534471379E0));
#3147=LINE('',#3146,#3145);
#3148=DIRECTION('',(0.E0,0.E0,-1.E0));
#3149=VECTOR('',#3148,2.5E0);
#3150=CARTESIAN_POINT('',(5.5E-1,2.934E0,-4.78E0));
#3151=LINE('',#3150,#3149);
#3152=DIRECTION('',(0.E0,1.E0,0.E0));
#3153=VECTOR('',#3152,3.E-1);
#3154=CARTESIAN_POINT('',(5.5E-1,2.634E0,-4.78E0));
#3155=LINE('',#3154,#3153);
#3156=DIRECTION('',(0.E0,0.E0,1.E0));
#3157=VECTOR('',#3156,2.5E0);
#3158=CARTESIAN_POINT('',(5.5E-1,2.634E0,-7.28E0));
#3159=LINE('',#3158,#3157);
#3160=DIRECTION('',(0.E0,0.E0,-1.E0));
#3161=VECTOR('',#3160,2.5E0);
#3162=CARTESIAN_POINT('',(5.5E-1,-1.056E0,-4.78E0));
#3163=LINE('',#3162,#3161);
#3164=DIRECTION('',(0.E0,1.E0,0.E0));
#3165=VECTOR('',#3164,3.E-1);
#3166=CARTESIAN_POINT('',(5.5E-1,-1.356E0,-4.78E0));
#3167=LINE('',#3166,#3165);
#3168=DIRECTION('',(0.E0,0.E0,1.E0));
#3169=VECTOR('',#3168,2.5E0);
#3170=CARTESIAN_POINT('',(5.5E-1,-1.356E0,-7.28E0));
#3171=LINE('',#3170,#3169);
#3172=DIRECTION('',(3.895689351390E-14,1.E0,0.E0));
#3173=VECTOR('',#3172,5.699751312199E-3);
#3174=CARTESIAN_POINT('',(5.5E-1,-4.82E0,-9.4E0));
#3175=LINE('',#3174,#3173);
#3176=DIRECTION('',(0.E0,0.E0,1.E0));
#3177=VECTOR('',#3176,2.8E-2);
#3178=CARTESIAN_POINT('',(5.5E-1,-4.82E0,-9.428E0));
#3179=LINE('',#3178,#3177);
#3180=DIRECTION('',(0.E0,9.998476951564E-1,1.745240643728E-2));
#3181=VECTOR('',#3180,9.881505001074E-1);
#3182=CARTESIAN_POINT('',(5.5E-1,-5.808E0,-9.445245604149E0));
#3183=LINE('',#3182,#3181);
#3184=DIRECTION('',(0.E0,-1.745240643728E-2,9.998476951564E-1));
#3185=VECTOR('',#3184,2.6E-1);
#3186=CARTESIAN_POINT('',(5.5E-1,-5.803462374326E0,-9.705206004890E0));
#3187=LINE('',#3186,#3185);
#3188=DIRECTION('',(0.E0,-9.998476951564E-1,-1.745240643728E-2));
#3189=VECTOR('',#3188,4.305900705152E0);
#3190=CARTESIAN_POINT('',(5.5E-1,-1.498217478708E0,-9.630057675705E0));
#3191=LINE('',#3190,#3189);
#3192=CARTESIAN_POINT('',(5.5E-1,-1.505722013476E0,-9.200123166788E0));
#3193=DIRECTION('',(-1.E0,0.E0,0.E0));
#3194=DIRECTION('',(0.E0,8.854000313388E-1,-4.648298446800E-1));
#3195=AXIS2_PLACEMENT_3D('',#3192,#3193,#3194);
#3197=CARTESIAN_POINT('',(5.5E-1,3.083795931092E0,-9.229599962461E0));
#3198=DIRECTION('',(-1.E0,0.E0,0.E0));
#3199=DIRECTION('',(0.E0,-1.745240643732E-2,-9.998476951564E-1));
#3200=AXIS2_PLACEMENT_3D('',#3197,#3198,#3199);
#3202=DIRECTION('',(0.E0,-9.998476951564E-1,1.745240643728E-2));
#3203=VECTOR('',#3202,2.525555632358E0);
#3204=CARTESIAN_POINT('',(5.5E-1,5.601462374326E0,-9.703611494755E0));
#3205=LINE('',#3204,#3203);
#3206=DIRECTION('',(0.E0,-1.745240643728E-2,-9.998476951564E-1));
#3207=VECTOR('',#3206,2.6E-1);
#3208=CARTESIAN_POINT('',(5.5E-1,5.606E0,-9.443651094014E0));
#3209=LINE('',#3208,#3207);
#3210=DIRECTION('',(0.E0,9.998476951564E-1,-1.745240643728E-2));
#3211=VECTOR('',#3210,8.020174063618E-1);
#3212=CARTESIAN_POINT('',(5.5E-1,4.804104744774E0,-9.429653960268E0));
#3213=LINE('',#3212,#3211);
#3214=DIRECTION('',(1.E0,0.E0,0.E0));
#3215=VECTOR('',#3214,4.E-1);
#3216=CARTESIAN_POINT('',(5.5E-1,2.934E0,-4.78E0));
#3217=LINE('',#3216,#3215);
#3218=DIRECTION('',(0.E0,0.E0,1.E0));
#3219=VECTOR('',#3218,2.5E0);
#3220=CARTESIAN_POINT('',(9.5E-1,2.634E0,-7.28E0));
#3221=LINE('',#3220,#3219);
#3222=DIRECTION('',(0.E0,1.E0,0.E0));
#3223=VECTOR('',#3222,3.E-1);
#3224=CARTESIAN_POINT('',(9.5E-1,2.634E0,-4.78E0));
#3225=LINE('',#3224,#3223);
#3226=DIRECTION('',(0.E0,0.E0,-1.E0));
#3227=VECTOR('',#3226,2.5E0);
#3228=CARTESIAN_POINT('',(9.5E-1,2.934E0,-4.78E0));
#3229=LINE('',#3228,#3227);
#3230=DIRECTION('',(0.E0,0.E0,1.E0));
#3231=VECTOR('',#3230,2.5E0);
#3232=CARTESIAN_POINT('',(9.5E-1,-1.356E0,-7.28E0));
#3233=LINE('',#3232,#3231);
#3234=DIRECTION('',(0.E0,1.E0,0.E0));
#3235=VECTOR('',#3234,3.E-1);
#3236=CARTESIAN_POINT('',(9.5E-1,-1.356E0,-4.78E0));
#3237=LINE('',#3236,#3235);
#3238=DIRECTION('',(0.E0,0.E0,-1.E0));
#3239=VECTOR('',#3238,2.5E0);
#3240=CARTESIAN_POINT('',(9.5E-1,-1.056E0,-4.78E0));
#3241=LINE('',#3240,#3239);
#3242=CARTESIAN_POINT('',(9.5E-1,-1.505722013476E0,-9.200123166788E0));
#3243=DIRECTION('',(-1.E0,0.E0,0.E0));
#3244=DIRECTION('',(0.E0,8.854000313388E-1,-4.648298446800E-1));
#3245=AXIS2_PLACEMENT_3D('',#3242,#3243,#3244);
#3247=DIRECTION('',(0.E0,-9.998476951564E-1,-1.745240643728E-2));
#3248=VECTOR('',#3247,4.305900705152E0);
#3249=CARTESIAN_POINT('',(9.5E-1,-1.498217478708E0,-9.630057675705E0));
#3250=LINE('',#3249,#3248);
#3251=DIRECTION('',(0.E0,-1.745240643728E-2,9.998476951564E-1));
#3252=VECTOR('',#3251,2.6E-1);
#3253=CARTESIAN_POINT('',(9.5E-1,-5.803462374326E0,-9.705206004890E0));
#3254=LINE('',#3253,#3252);
#3255=DIRECTION('',(0.E0,9.998476951564E-1,1.745240643728E-2));
#3256=VECTOR('',#3255,9.881505001074E-1);
#3257=CARTESIAN_POINT('',(9.5E-1,-5.808E0,-9.445245604149E0));
#3258=LINE('',#3257,#3256);
#3259=DIRECTION('',(0.E0,0.E0,1.E0));
#3260=VECTOR('',#3259,2.8E-2);
#3261=CARTESIAN_POINT('',(9.5E-1,-4.82E0,-9.428E0));
#3262=LINE('',#3261,#3260);
#3263=DIRECTION('',(0.E0,1.E0,0.E0));
#3264=VECTOR('',#3263,5.699751312199E-3);
#3265=CARTESIAN_POINT('',(9.5E-1,-4.82E0,-9.4E0));
#3266=LINE('',#3265,#3264);
#3267=DIRECTION('',(0.E0,9.998476951564E-1,-1.745240643728E-2));
#3268=VECTOR('',#3267,8.020174063618E-1);
#3269=CARTESIAN_POINT('',(9.5E-1,4.804104744774E0,-9.429653960268E0));
#3270=LINE('',#3269,#3268);
#3271=DIRECTION('',(0.E0,-1.745240643728E-2,-9.998476951564E-1));
#3272=VECTOR('',#3271,2.6E-1);
#3273=CARTESIAN_POINT('',(9.5E-1,5.606E0,-9.443651094014E0));
#3274=LINE('',#3273,#3272);
#3275=DIRECTION('',(0.E0,-9.998476951564E-1,1.745240643728E-2));
#3276=VECTOR('',#3275,2.525555632358E0);
#3277=CARTESIAN_POINT('',(9.5E-1,5.601462374326E0,-9.703611494755E0));
#3278=LINE('',#3277,#3276);
#3279=CARTESIAN_POINT('',(9.5E-1,3.083795931092E0,-9.229599962461E0));
#3280=DIRECTION('',(-1.E0,0.E0,0.E0));
#3281=DIRECTION('',(0.E0,-1.745240643732E-2,-9.998476951564E-1));
#3282=AXIS2_PLACEMENT_3D('',#3279,#3280,#3281);
#3284=DIRECTION('',(1.E0,0.E0,0.E0));
#3285=VECTOR('',#3284,4.E-1);
#3286=CARTESIAN_POINT('',(5.5E-1,2.634E0,-4.78E0));
#3287=LINE('',#3286,#3285);
#3288=DIRECTION('',(1.E0,0.E0,0.E0));
#3289=VECTOR('',#3288,4.E-1);
#3290=CARTESIAN_POINT('',(5.5E-1,-1.356E0,-4.78E0));
#3291=LINE('',#3290,#3289);
#3292=DIRECTION('',(1.E0,0.E0,0.E0));
#3293=VECTOR('',#3292,4.E-1);
#3294=CARTESIAN_POINT('',(5.5E-1,-1.056E0,-4.78E0));
#3295=LINE('',#3294,#3293);
#3296=DIRECTION('',(1.E0,0.E0,0.E0));
#3297=VECTOR('',#3296,4.E-1);
#3298=CARTESIAN_POINT('',(5.5E-1,-1.498217478708E0,-9.630057675705E0));
#3299=LINE('',#3298,#3297);
#3300=DIRECTION('',(1.E0,0.E0,0.E0));
#3301=VECTOR('',#3300,4.E-1);
#3302=CARTESIAN_POINT('',(5.5E-1,-5.803462374326E0,-9.705206004890E0));
#3303=LINE('',#3302,#3301);
#3304=DIRECTION('',(1.E0,0.E0,0.E0));
#3305=VECTOR('',#3304,4.E-1);
#3306=CARTESIAN_POINT('',(5.5E-1,-5.808E0,-9.445245604149E0));
#3307=LINE('',#3306,#3305);
#3308=DIRECTION('',(1.E0,0.E0,0.E0));
#3309=VECTOR('',#3308,4.E-1);
#3310=CARTESIAN_POINT('',(5.5E-1,-4.82E0,-9.428E0));
#3311=LINE('',#3310,#3309);
#3312=DIRECTION('',(1.E0,0.E0,0.E0));
#3313=VECTOR('',#3312,4.E-1);
#3314=CARTESIAN_POINT('',(5.5E-1,-4.82E0,-9.4E0));
#3315=LINE('',#3314,#3313);
#3316=DIRECTION('',(1.E0,0.E0,0.E0));
#3317=VECTOR('',#3316,4.E-1);
#3318=CARTESIAN_POINT('',(5.5E-1,5.606E0,-9.443651094014E0));
#3319=LINE('',#3318,#3317);
#3320=DIRECTION('',(1.E0,0.E0,0.E0));
#3321=VECTOR('',#3320,4.E-1);
#3322=CARTESIAN_POINT('',(5.5E-1,5.601462374326E0,-9.703611494755E0));
#3323=LINE('',#3322,#3321);
#3324=DIRECTION('',(1.E0,0.E0,0.E0));
#3325=VECTOR('',#3324,4.E-1);
#3326=CARTESIAN_POINT('',(5.5E-1,3.076291396324E0,-9.659534471379E0));
#3327=LINE('',#3326,#3325);
#3328=CARTESIAN_POINT('',(4.270485274491E0,4.320486923993E0,-9.4E0));
#3329=DIRECTION('',(0.E0,1.E0,0.E0));
#3330=DIRECTION('',(9.999945016606E-1,0.E0,-3.316119501058E-3));
#3331=AXIS2_PLACEMENT_3D('',#3328,#3329,#3330);
#3333=CARTESIAN_POINT('',(-4.270485274491E0,-4.320486923993E0,-9.4E0));
#3334=DIRECTION('',(0.E0,-1.E0,0.E0));
#3335=DIRECTION('',(-9.999945016606E-1,0.E0,-3.316119501067E-3));
#3336=AXIS2_PLACEMENT_3D('',#3333,#3334,#3335);
#3338=DIRECTION('',(1.E0,0.E0,0.E0));
#3339=VECTOR('',#3338,4.E-1);
#3340=CARTESIAN_POINT('',(-2.45E0,5.606E0,-9.443651094014E0));
#3341=LINE('',#3340,#3339);
#3342=DIRECTION('',(1.E0,0.E0,0.E0));
#3343=VECTOR('',#3342,4.E-1);
#3344=CARTESIAN_POINT('',(-2.45E0,5.601462374326E0,-9.703611494755E0));
#3345=LINE('',#3344,#3343);
#3346=DIRECTION('',(1.E0,0.E0,0.E0));
#3347=VECTOR('',#3346,4.E-1);
#3348=CARTESIAN_POINT('',(-2.45E0,3.076291396324E0,-9.659534471379E0));
#3349=LINE('',#3348,#3347);
#3350=DIRECTION('',(1.E0,0.E0,0.E0));
#3351=VECTOR('',#3350,4.E-1);
#3352=CARTESIAN_POINT('',(-2.45E0,-4.82E0,-9.4E0));
#3353=LINE('',#3352,#3351);
#3354=DIRECTION('',(1.E0,0.E0,0.E0));
#3355=VECTOR('',#3354,4.E-1);
#3356=CARTESIAN_POINT('',(-2.45E0,-4.82E0,-9.428E0));
#3357=LINE('',#3356,#3355);
#3358=DIRECTION('',(1.E0,0.E0,0.E0));
#3359=VECTOR('',#3358,4.E-1);
#3360=CARTESIAN_POINT('',(-2.45E0,-5.808E0,-9.445245604149E0));
#3361=LINE('',#3360,#3359);
#3362=DIRECTION('',(1.E0,0.E0,0.E0));
#3363=VECTOR('',#3362,4.E-1);
#3364=CARTESIAN_POINT('',(-2.45E0,-5.803462374326E0,-9.705206004890E0));
#3365=LINE('',#3364,#3363);
#3366=DIRECTION('',(1.E0,0.E0,0.E0));
#3367=VECTOR('',#3366,4.E-1);
#3368=CARTESIAN_POINT('',(-2.45E0,-1.498217478708E0,-9.630057675705E0));
#3369=LINE('',#3368,#3367);
#3370=CARTESIAN_POINT('',(2.E0,4.364E0,-7.28E0));
#3371=CARTESIAN_POINT('',(2.E0,3.834E0,-7.28E0));
#3372=VERTEX_POINT('',#3370);
#3373=VERTEX_POINT('',#3371);
#3374=CARTESIAN_POINT('',(-2.E0,3.834E0,-7.28E0));
#3375=CARTESIAN_POINT('',(-2.E0,4.364E0,-7.28E0));
#3376=VERTEX_POINT('',#3374);
#3377=VERTEX_POINT('',#3375);
#3378=CARTESIAN_POINT('',(1.995636649179E0,3.834E0,-6.28E0));
#3379=CARTESIAN_POINT('',(-1.995636649179E0,3.834E0,-6.28E0));
#3380=VERTEX_POINT('',#3378);
#3381=VERTEX_POINT('',#3379);
#3382=CARTESIAN_POINT('',(-2.565E0,-2.256E0,-7.28E0));
#3383=CARTESIAN_POINT('',(-3.065E0,-2.256E0,-7.28E0));
#3384=VERTEX_POINT('',#3382);
#3385=VERTEX_POINT('',#3383);
#3386=CARTESIAN_POINT('',(2.565E0,-2.256E0,-7.28E0));
#3387=CARTESIAN_POINT('',(3.065E0,-2.256E0,-7.28E0));
#3388=VERTEX_POINT('',#3386);
#3389=VERTEX_POINT('',#3387);
#3390=CARTESIAN_POINT('',(-2.569363350821E0,-2.256E0,-6.28E0));
#3391=CARTESIAN_POINT('',(-3.060636649179E0,-2.256E0,-6.28E0));
#3392=VERTEX_POINT('',#3390);
#3393=VERTEX_POINT('',#3391);
#3394=CARTESIAN_POINT('',(2.569363350821E0,-2.256E0,-6.28E0));
#3395=CARTESIAN_POINT('',(3.060636649179E0,-2.256E0,-6.28E0));
#3396=VERTEX_POINT('',#3394);
#3397=VERTEX_POINT('',#3395);
#3398=CARTESIAN_POINT('',(-3.907401843154E0,3.805401142842E0,0.E0));
#3399=CARTESIAN_POINT('',(-3.897802471348E0,3.767E0,-2.2E0));
#3400=VERTEX_POINT('',#3398);
#3401=VERTEX_POINT('',#3399);
#3402=CARTESIAN_POINT('',(3.907401843154E0,3.805401142842E0,0.E0));
#3403=CARTESIAN_POINT('',(3.897802471348E0,3.767E0,-2.2E0));
#3404=VERTEX_POINT('',#3402);
#3405=VERTEX_POINT('',#3403);
#3406=CARTESIAN_POINT('',(2.5E0,-4.15E0,-9.55E0));
#3407=CARTESIAN_POINT('',(2.6E0,-4.15E0,-9.55E0));
#3408=VERTEX_POINT('',#3406);
#3409=VERTEX_POINT('',#3407);
#3410=CARTESIAN_POINT('',(-2.6E0,-4.15E0,-9.55E0));
#3411=CARTESIAN_POINT('',(-2.5E0,-4.15E0,-9.55E0));
#3412=VERTEX_POINT('',#3410);
#3413=VERTEX_POINT('',#3411);
#3414=CARTESIAN_POINT('',(-2.5E0,4.15E0,-9.55E0));
#3415=CARTESIAN_POINT('',(-2.6E0,4.15E0,-9.55E0));
#3416=VERTEX_POINT('',#3414);
#3417=VERTEX_POINT('',#3415);
#3418=CARTESIAN_POINT('',(2.6E0,4.15E0,-9.55E0));
#3419=CARTESIAN_POINT('',(2.5E0,4.15E0,-9.55E0));
#3420=VERTEX_POINT('',#3418);
#3421=VERTEX_POINT('',#3419);
#3422=CARTESIAN_POINT('',(2.5E0,-4.15E0,-9.6E0));
#3423=CARTESIAN_POINT('',(2.6E0,-4.15E0,-9.6E0));
#3424=VERTEX_POINT('',#3422);
#3425=VERTEX_POINT('',#3423);
#3426=CARTESIAN_POINT('',(-2.6E0,-4.15E0,-9.6E0));
#3427=CARTESIAN_POINT('',(-2.5E0,-4.15E0,-9.6E0));
#3428=VERTEX_POINT('',#3426);
#3429=VERTEX_POINT('',#3427);
#3430=CARTESIAN_POINT('',(-2.5E0,-3.85E0,-9.6E0));
#3431=VERTEX_POINT('',#3430);
#3432=CARTESIAN_POINT('',(-2.5E0,3.85E0,-9.6E0));
#3433=CARTESIAN_POINT('',(-2.5E0,4.15E0,-9.6E0));
#3434=VERTEX_POINT('',#3432);
#3435=VERTEX_POINT('',#3433);
#3436=CARTESIAN_POINT('',(-2.6E0,4.15E0,-9.6E0));
#3437=VERTEX_POINT('',#3436);
#3438=CARTESIAN_POINT('',(2.6E0,4.15E0,-9.6E0));
#3439=CARTESIAN_POINT('',(2.5E0,4.15E0,-9.6E0));
#3440=VERTEX_POINT('',#3438);
#3441=VERTEX_POINT('',#3439);
#3442=CARTESIAN_POINT('',(2.5E0,3.85E0,-9.6E0));
#3443=VERTEX_POINT('',#3442);
#3444=CARTESIAN_POINT('',(2.5E0,-3.85E0,-9.6E0));
#3445=VERTEX_POINT('',#3444);
#3446=CARTESIAN_POINT('',(-2.5E0,-3.85E0,-9.55E0));
#3447=VERTEX_POINT('',#3446);
#3448=CARTESIAN_POINT('',(2.5E0,-3.85E0,-9.55E0));
#3449=VERTEX_POINT('',#3448);
#3450=CARTESIAN_POINT('',(-2.5E0,3.85E0,-9.55E0));
#3451=VERTEX_POINT('',#3450);
#3452=CARTESIAN_POINT('',(2.5E0,3.85E0,-9.55E0));
#3453=VERTEX_POINT('',#3452);
#3454=CARTESIAN_POINT('',(-2.45E0,5.601462374326E0,-9.703611494755E0));
#3455=CARTESIAN_POINT('',(-2.45E0,3.076291396324E0,-9.659534471379E0));
#3456=VERTEX_POINT('',#3454);
#3457=VERTEX_POINT('',#3455);
#3458=CARTESIAN_POINT('',(-2.45E0,5.606E0,-9.443651094014E0));
#3459=VERTEX_POINT('',#3458);
#3460=CARTESIAN_POINT('',(-2.45E0,2.634E0,-4.78E0));
#3461=CARTESIAN_POINT('',(-2.45E0,2.934E0,-4.78E0));
#3462=VERTEX_POINT('',#3460);
#3463=VERTEX_POINT('',#3461);
#3464=CARTESIAN_POINT('',(-2.45E0,-1.356E0,-4.78E0));
#3465=CARTESIAN_POINT('',(-2.45E0,-1.056E0,-4.78E0));
#3466=VERTEX_POINT('',#3464);
#3467=VERTEX_POINT('',#3465);
#3468=CARTESIAN_POINT('',(-2.45E0,-1.498217478708E0,-9.630057675705E0));
#3469=CARTESIAN_POINT('',(-2.45E0,-5.803462374326E0,-9.705206004890E0));
#3470=VERTEX_POINT('',#3468);
#3471=VERTEX_POINT('',#3469);
#3472=CARTESIAN_POINT('',(-2.45E0,-5.808E0,-9.445245604149E0));
#3473=VERTEX_POINT('',#3472);
#3474=CARTESIAN_POINT('',(-2.45E0,-4.82E0,-9.428E0));
#3475=VERTEX_POINT('',#3474);
#3476=CARTESIAN_POINT('',(-2.45E0,-4.82E0,-9.4E0));
#3477=VERTEX_POINT('',#3476);
#3478=CARTESIAN_POINT('',(-2.05E0,5.601462374326E0,-9.703611494755E0));
#3479=CARTESIAN_POINT('',(-2.05E0,3.076291396324E0,-9.659534471379E0));
#3480=VERTEX_POINT('',#3478);
#3481=VERTEX_POINT('',#3479);
#3482=CARTESIAN_POINT('',(-2.05E0,5.606E0,-9.443651094014E0));
#3483=VERTEX_POINT('',#3482);
#3484=CARTESIAN_POINT('',(-2.05E0,2.634E0,-4.78E0));
#3485=CARTESIAN_POINT('',(-2.05E0,2.934E0,-4.78E0));
#3486=VERTEX_POINT('',#3484);
#3487=VERTEX_POINT('',#3485);
#3488=CARTESIAN_POINT('',(-2.05E0,-1.356E0,-4.78E0));
#3489=CARTESIAN_POINT('',(-2.05E0,-1.056E0,-4.78E0));
#3490=VERTEX_POINT('',#3488);
#3491=VERTEX_POINT('',#3489);
#3492=CARTESIAN_POINT('',(-2.05E0,-1.498217478708E0,-9.630057675705E0));
#3493=CARTESIAN_POINT('',(-2.05E0,-5.803462374326E0,-9.705206004890E0));
#3494=VERTEX_POINT('',#3492);
#3495=VERTEX_POINT('',#3493);
#3496=CARTESIAN_POINT('',(-2.05E0,-5.808E0,-9.445245604149E0));
#3497=VERTEX_POINT('',#3496);
#3498=CARTESIAN_POINT('',(-2.05E0,-4.82E0,-9.428E0));
#3499=VERTEX_POINT('',#3498);
#3500=CARTESIAN_POINT('',(-2.05E0,-4.82E0,-9.4E0));
#3501=VERTEX_POINT('',#3500);
#3502=CARTESIAN_POINT('',(-2.45E0,2.934E0,-7.28E0));
#3503=CARTESIAN_POINT('',(-2.45E0,2.634E0,-7.28E0));
#3504=VERTEX_POINT('',#3502);
#3505=VERTEX_POINT('',#3503);
#3506=CARTESIAN_POINT('',(-2.45E0,-1.056E0,-7.28E0));
#3507=CARTESIAN_POINT('',(-2.45E0,-1.356E0,-7.28E0));
#3508=VERTEX_POINT('',#3506);
#3509=VERTEX_POINT('',#3507);
#3510=CARTESIAN_POINT('',(-2.05E0,2.934E0,-7.28E0));
#3511=CARTESIAN_POINT('',(-2.05E0,2.634E0,-7.28E0));
#3512=VERTEX_POINT('',#3510);
#3513=VERTEX_POINT('',#3511);
#3514=CARTESIAN_POINT('',(-2.05E0,-1.056E0,-7.28E0));
#3515=CARTESIAN_POINT('',(-2.05E0,-1.356E0,-7.28E0));
#3516=VERTEX_POINT('',#3514);
#3517=VERTEX_POINT('',#3515);
#3518=CARTESIAN_POINT('',(-2.45E0,-3.85E0,-9.55E0));
#3519=CARTESIAN_POINT('',(-2.45E0,-3.85E0,-9.4E0));
#3520=VERTEX_POINT('',#3518);
#3521=VERTEX_POINT('',#3519);
#3522=CARTESIAN_POINT('',(-2.05E0,-3.85E0,-9.55E0));
#3523=CARTESIAN_POINT('',(-2.05E0,-3.85E0,-9.4E0));
#3524=VERTEX_POINT('',#3522);
#3525=VERTEX_POINT('',#3523);
#3526=CARTESIAN_POINT('',(-2.45E0,-1.125E0,-9.4E0));
#3527=VERTEX_POINT('',#3526);
#3528=CARTESIAN_POINT('',(-2.45E0,2.689E0,-9.4E0));
#3529=CARTESIAN_POINT('',(-2.45E0,3.85E0,-9.4E0));
#3530=VERTEX_POINT('',#3528);
#3531=VERTEX_POINT('',#3529);
#3532=CARTESIAN_POINT('',(-2.05E0,-1.125E0,-9.4E0));
#3533=VERTEX_POINT('',#3532);
#3534=CARTESIAN_POINT('',(-2.05E0,2.689E0,-9.4E0));
#3535=CARTESIAN_POINT('',(-2.05E0,3.85E0,-9.4E0));
#3536=VERTEX_POINT('',#3534);
#3537=VERTEX_POINT('',#3535);
#3538=CARTESIAN_POINT('',(-2.45E0,3.85E0,-9.55E0));
#3539=VERTEX_POINT('',#3538);
#3540=CARTESIAN_POINT('',(-2.05E0,3.85E0,-9.55E0));
#3541=VERTEX_POINT('',#3540);
#3542=CARTESIAN_POINT('',(-2.45E0,4.620651081377E0,-9.55E0));
#3543=VERTEX_POINT('',#3542);
#3544=CARTESIAN_POINT('',(-2.45E0,-4.620651081377E0,-9.55E0));
#3545=VERTEX_POINT('',#3544);
#3546=CARTESIAN_POINT('',(-2.05E0,4.620651081377E0,-9.55E0));
#3547=VERTEX_POINT('',#3546);
#3548=CARTESIAN_POINT('',(-2.05E0,-4.620651081377E0,-9.55E0));
#3549=VERTEX_POINT('',#3548);
#3550=CARTESIAN_POINT('',(-2.45E0,4.804104744774E0,-9.429653960268E0));
#3551=VERTEX_POINT('',#3550);
#3552=CARTESIAN_POINT('',(-2.05E0,4.804104744774E0,-9.429653960268E0));
#3553=VERTEX_POINT('',#3552);
#3554=VERTEX_POINT('',#2106);
#3555=VERTEX_POINT('',#2112);
#3556=VERTEX_POINT('',#2118);
#3557=VERTEX_POINT('',#2124);
#3558=CARTESIAN_POINT('',(-2.6E0,-4.820649981710E0,-9.350663223900E0));
#3559=CARTESIAN_POINT('',(2.6E0,-4.820649981710E0,-9.350663223900E0));
#3560=VERTEX_POINT('',#3558);
#3561=VERTEX_POINT('',#3559);
#3562=CARTESIAN_POINT('',(-2.6E0,-4.820484174823E0,-9.400663223900E0));
#3563=VERTEX_POINT('',#3562);
#3564=CARTESIAN_POINT('',(2.6E0,-4.820484174823E0,-9.400663223900E0));
#3565=VERTEX_POINT('',#3564);
#3566=CARTESIAN_POINT('',(2.6E0,4.820649981710E0,-9.350663223900E0));
#3567=CARTESIAN_POINT('',(-2.6E0,4.820649981710E0,-9.350663223900E0));
#3568=VERTEX_POINT('',#3566);
#3569=VERTEX_POINT('',#3567);
#3570=CARTESIAN_POINT('',(2.6E0,4.820484174823E0,-9.400663223900E0));
#3571=VERTEX_POINT('',#3570);
#3572=CARTESIAN_POINT('',(-2.6E0,4.820484174823E0,-9.400663223900E0));
#3573=VERTEX_POINT('',#3572);
#3574=CARTESIAN_POINT('',(-4.5E0,3.796673610378E0,-5.000000000001E-1));
#3575=VERTEX_POINT('',#3574);
#3576=CARTESIAN_POINT('',(4.5E0,3.796673610378E0,-5.000000000001E-1));
#3577=VERTEX_POINT('',#3576);
#3578=CARTESIAN_POINT('',(2.6E0,-4.620485274491E0,-9.6E0));
#3579=VERTEX_POINT('',#3578);
#3580=CARTESIAN_POINT('',(-2.6E0,-4.620485274491E0,-9.6E0));
#3581=VERTEX_POINT('',#3580);
#3582=CARTESIAN_POINT('',(-2.6E0,4.620485274491E0,-9.6E0));
#3583=VERTEX_POINT('',#3582);
#3584=CARTESIAN_POINT('',(2.6E0,4.620485274491E0,-9.6E0));
#3585=VERTEX_POINT('',#3584);
#3586=CARTESIAN_POINT('',(-4.270485274491E0,-3.85E0,-9.6E0));
#3587=VERTEX_POINT('',#3586);
#3588=CARTESIAN_POINT('',(4.270485274491E0,-3.85E0,-9.6E0));
#3589=VERTEX_POINT('',#3588);
#3590=CARTESIAN_POINT('',(-4.270485274491E0,3.85E0,-9.6E0));
#3591=VERTEX_POINT('',#3590);
#3592=CARTESIAN_POINT('',(4.270485274491E0,3.85E0,-9.6E0));
#3593=VERTEX_POINT('',#3592);
#3594=CARTESIAN_POINT('',(2.6E0,-4.620651081377E0,-9.55E0));
#3595=VERTEX_POINT('',#3594);
#3596=CARTESIAN_POINT('',(-2.6E0,-4.620651081377E0,-9.55E0));
#3597=VERTEX_POINT('',#3596);
#3598=CARTESIAN_POINT('',(-2.6E0,4.620651081377E0,-9.55E0));
#3599=VERTEX_POINT('',#3598);
#3600=CARTESIAN_POINT('',(2.6E0,4.620651081377E0,-9.55E0));
#3601=VERTEX_POINT('',#3600);
#3602=CARTESIAN_POINT('',(-4.499999999998E0,-4.350002061877E0,-5.E-1));
#3603=CARTESIAN_POINT('',(-4.470484174823E0,-4.320486923993E0,
-9.400663223900E0));
#3604=VERTEX_POINT('',#3602);
#3605=VERTEX_POINT('',#3603);
#3606=CARTESIAN_POINT('',(-4.000001374585E0,-4.85E0,-5.E-1));
#3607=CARTESIAN_POINT('',(-3.970486923993E0,-4.820484174823E0,
-9.400663223900E0));
#3608=VERTEX_POINT('',#3606);
#3609=VERTEX_POINT('',#3607);
#3610=CARTESIAN_POINT('',(-4.E0,-4.85E0,-2.E-1));
#3611=VERTEX_POINT('',#3610);
#3612=CARTESIAN_POINT('',(-4.5E0,-4.35E0,-2.E-1));
#3613=VERTEX_POINT('',#3612);
#3614=CARTESIAN_POINT('',(-4.3E0,-4.35E0,0.E0));
#3615=VERTEX_POINT('',#3614);
#3616=CARTESIAN_POINT('',(-4.E0,-4.65E0,0.E0));
#3617=VERTEX_POINT('',#3616);
#3618=CARTESIAN_POINT('',(-3.970486923993E0,-4.620485274580E0,-9.6E0));
#3619=VERTEX_POINT('',#3618);
#3620=VERTEX_POINT('',#1485);
#3621=CARTESIAN_POINT('',(-4.499999999998E0,4.350000687292E0,
-5.000000000001E-1));
#3622=CARTESIAN_POINT('',(-4.5E0,4.35E0,-2.E-1));
#3623=VERTEX_POINT('',#3621);
#3624=VERTEX_POINT('',#3622);
#3625=CARTESIAN_POINT('',(-4.000001374585E0,4.85E0,-5.E-1));
#3626=CARTESIAN_POINT('',(-4.E0,4.85E0,-2.E-1));
#3627=VERTEX_POINT('',#3625);
#3628=VERTEX_POINT('',#3626);
#3629=CARTESIAN_POINT('',(-3.970486923993E0,4.820484174823E0,
-9.400663223900E0));
#3630=VERTEX_POINT('',#3629);
#3631=CARTESIAN_POINT('',(-4.470484174823E0,4.320486923993E0,
-9.400663223900E0));
#3632=VERTEX_POINT('',#3631);
#3633=CARTESIAN_POINT('',(-4.270485274580E0,4.320486923993E0,-9.6E0));
#3634=VERTEX_POINT('',#3633);
#3635=VERTEX_POINT('',#1521);
#3636=CARTESIAN_POINT('',(-4.E0,4.65E0,0.E0));
#3637=VERTEX_POINT('',#3636);
#3638=CARTESIAN_POINT('',(-4.3E0,4.35E0,0.E0));
#3639=VERTEX_POINT('',#3638);
#3640=CARTESIAN_POINT('',(4.499999999998E0,4.350002061877E0,-5.E-1));
#3641=CARTESIAN_POINT('',(4.470484174823E0,4.320486923993E0,-9.400663223900E0));
#3642=VERTEX_POINT('',#3640);
#3643=VERTEX_POINT('',#3641);
#3644=CARTESIAN_POINT('',(4.000001374585E0,4.85E0,-4.999999999999E-1));
#3645=CARTESIAN_POINT('',(3.970486923993E0,4.820484174823E0,-9.400663223900E0));
#3646=VERTEX_POINT('',#3644);
#3647=VERTEX_POINT('',#3645);
#3648=CARTESIAN_POINT('',(4.E0,4.85E0,-2.E-1));
#3649=VERTEX_POINT('',#3648);
#3650=CARTESIAN_POINT('',(4.5E0,4.35E0,-2.E-1));
#3651=VERTEX_POINT('',#3650);
#3652=CARTESIAN_POINT('',(4.3E0,4.35E0,0.E0));
#3653=VERTEX_POINT('',#3652);
#3654=CARTESIAN_POINT('',(4.E0,4.65E0,0.E0));
#3655=VERTEX_POINT('',#3654);
#3656=CARTESIAN_POINT('',(3.970486923993E0,4.620485274580E0,-9.6E0));
#3657=VERTEX_POINT('',#3656);
#3658=VERTEX_POINT('',#1557);
#3659=CARTESIAN_POINT('',(4.499999999998E0,-4.350000687292E0,
-5.000000000001E-1));
#3660=CARTESIAN_POINT('',(4.5E0,-4.35E0,-2.E-1));
#3661=VERTEX_POINT('',#3659);
#3662=VERTEX_POINT('',#3660);
#3663=CARTESIAN_POINT('',(4.000001374585E0,-4.85E0,-5.E-1));
#3664=CARTESIAN_POINT('',(4.E0,-4.85E0,-2.E-1));
#3665=VERTEX_POINT('',#3663);
#3666=VERTEX_POINT('',#3664);
#3667=CARTESIAN_POINT('',(3.970486923993E0,-4.820484174823E0,
-9.400663223900E0));
#3668=VERTEX_POINT('',#3667);
#3669=CARTESIAN_POINT('',(4.470484174823E0,-4.320486923993E0,
-9.400663223900E0));
#3670=VERTEX_POINT('',#3669);
#3671=CARTESIAN_POINT('',(4.270485274580E0,-4.320486923993E0,-9.6E0));
#3672=VERTEX_POINT('',#3671);
#3673=VERTEX_POINT('',#1593);
#3674=CARTESIAN_POINT('',(4.E0,-4.65E0,0.E0));
#3675=VERTEX_POINT('',#3674);
#3676=CARTESIAN_POINT('',(4.3E0,-4.35E0,0.E0));
#3677=VERTEX_POINT('',#3676);
#3678=CARTESIAN_POINT('',(4.5E0,-1.571166784282E0,-2.E-1));
#3679=VERTEX_POINT('',#3678);
#3680=CARTESIAN_POINT('',(4.3E0,-1.574657797267E0,0.E0));
#3681=VERTEX_POINT('',#3680);
#3682=CARTESIAN_POINT('',(-4.3E0,-1.574657797267E0,0.E0));
#3683=VERTEX_POINT('',#3682);
#3684=CARTESIAN_POINT('',(-4.5E0,-1.571166784282E0,-2.E-1));
#3685=VERTEX_POINT('',#3684);
#3686=VERTEX_POINT('',#413);
#3687=VERTEX_POINT('',#419);
#3688=CARTESIAN_POINT('',(3.879999801683E0,-3.604363350754E0,
-6.279999998702E0));
#3689=VERTEX_POINT('',#3688);
#3690=CARTESIAN_POINT('',(3.630000793273E0,-3.854360970992E0,
-6.280545412796E0));
#3691=VERTEX_POINT('',#3690);
#3692=VERTEX_POINT('',#425);
#3693=VERTEX_POINT('',#431);
#3694=VERTEX_POINT('',#473);
#3695=VERTEX_POINT('',#479);
#3696=CARTESIAN_POINT('',(-3.630000793273E0,-3.854360970992E0,
-6.280545412795E0));
#3697=VERTEX_POINT('',#3696);
#3698=CARTESIAN_POINT('',(-3.879999801679E0,-3.604363350747E0,
-6.280000000433E0));
#3699=VERTEX_POINT('',#3698);
#3700=VERTEX_POINT('',#461);
#3701=VERTEX_POINT('',#467);
#3702=CARTESIAN_POINT('',(-3.630000793273E0,4.368360970992E0,
-6.280545412795E0));
#3703=CARTESIAN_POINT('',(-3.657404222974E0,4.395765193975E0,0.E0));
#3704=VERTEX_POINT('',#3702);
#3705=VERTEX_POINT('',#3703);
#3706=CARTESIAN_POINT('',(-3.879999801683E0,4.118363350754E0,
-6.279999998702E0));
#3707=CARTESIAN_POINT('',(-3.907401843154E0,4.145767573795E0,0.E0));
#3708=VERTEX_POINT('',#3706);
#3709=VERTEX_POINT('',#3707);
#3710=VERTEX_POINT('',#485);
#3711=VERTEX_POINT('',#491);
#3712=VERTEX_POINT('',#513);
#3713=VERTEX_POINT('',#519);
#3714=CARTESIAN_POINT('',(3.630000793273E0,4.368360970992E0,-6.280545412796E0));
#3715=VERTEX_POINT('',#3714);
#3716=CARTESIAN_POINT('',(3.879999801679E0,4.118363350747E0,-6.280000000433E0));
#3717=VERTEX_POINT('',#3716);
#3718=CARTESIAN_POINT('',(3.907401843154E0,4.145767573795E0,0.E0));
#3719=VERTEX_POINT('',#3718);
#3720=CARTESIAN_POINT('',(3.657404222974E0,4.395765193975E0,0.E0));
#3721=VERTEX_POINT('',#3720);
#3722=CARTESIAN_POINT('',(-4.293698238631E0,-1.536256654425E0,-2.2E0));
#3723=CARTESIAN_POINT('',(-4.293698238631E0,3.767E0,-2.2E0));
#3724=VERTEX_POINT('',#3722);
#3725=VERTEX_POINT('',#3723);
#3726=CARTESIAN_POINT('',(-4.493697138963E0,-1.532754064823E0,
-2.400663223900E0));
#3727=CARTESIAN_POINT('',(-4.493697138963E0,3.763497410398E0,
-2.400663223900E0));
#3728=VERTEX_POINT('',#3726);
#3729=VERTEX_POINT('',#3727);
#3730=CARTESIAN_POINT('',(4.293698238631E0,3.767E0,-2.2E0));
#3731=CARTESIAN_POINT('',(4.293698238631E0,-1.536256654425E0,-2.2E0));
#3732=VERTEX_POINT('',#3730);
#3733=VERTEX_POINT('',#3731);
#3734=CARTESIAN_POINT('',(4.493697138963E0,3.763497410398E0,-2.400663223900E0));
#3735=CARTESIAN_POINT('',(4.493697138963E0,-1.532754064823E0,
-2.400663223900E0));
#3736=VERTEX_POINT('',#3734);
#3737=VERTEX_POINT('',#3735);
#3738=VERTEX_POINT('',#545);
#3739=VERTEX_POINT('',#551);
#3740=CARTESIAN_POINT('',(-2.67E0,1.664014926068E0,-7.28E0));
#3741=VERTEX_POINT('',#3740);
#3742=CARTESIAN_POINT('',(-2.470014926068E0,1.864E0,-7.28E0));
#3743=VERTEX_POINT('',#3742);
#3744=VERTEX_POINT('',#557);
#3745=VERTEX_POINT('',#563);
#3746=CARTESIAN_POINT('',(2.470014926068E0,1.864E0,-7.28E0));
#3747=VERTEX_POINT('',#3746);
#3748=CARTESIAN_POINT('',(2.67E0,1.664014926068E0,-7.28E0));
#3749=VERTEX_POINT('',#3748);
#3750=VERTEX_POINT('',#569);
#3751=VERTEX_POINT('',#575);
#3752=CARTESIAN_POINT('',(2.67E0,-8.601492606791E-2,-7.28E0));
#3753=VERTEX_POINT('',#3752);
#3754=CARTESIAN_POINT('',(2.470014926068E0,-2.86E-1,-7.28E0));
#3755=VERTEX_POINT('',#3754);
#3756=VERTEX_POINT('',#577);
#3757=VERTEX_POINT('',#583);
#3758=CARTESIAN_POINT('',(-2.470014926068E0,-2.86E-1,-7.28E0));
#3759=VERTEX_POINT('',#3758);
#3760=CARTESIAN_POINT('',(-2.67E0,-8.601492606791E-2,-7.28E0));
#3761=VERTEX_POINT('',#3760);
#3762=CARTESIAN_POINT('',(2.883234806025E0,-2.433401843154E0,0.E0));
#3763=CARTESIAN_POINT('',(2.746765193975E0,-2.433401843154E0,0.E0));
#3764=VERTEX_POINT('',#3762);
#3765=VERTEX_POINT('',#3763);
#3766=CARTESIAN_POINT('',(3.033889302418E0,-2.282747346761E0,
-1.499985721081E-1));
#3767=CARTESIAN_POINT('',(2.596110697582E0,-2.282747346761E0,
-1.499985721081E-1));
#3768=VERTEX_POINT('',#3766);
#3769=VERTEX_POINT('',#3767);
#3770=CARTESIAN_POINT('',(-2.596110697582E0,-2.282747346761E0,
-1.499985721081E-1));
#3771=CARTESIAN_POINT('',(-3.033889302418E0,-2.282747346761E0,
-1.499985721081E-1));
#3772=VERTEX_POINT('',#3770);
#3773=VERTEX_POINT('',#3771);
#3774=CARTESIAN_POINT('',(-2.746765193975E0,-2.433401843154E0,0.E0));
#3775=CARTESIAN_POINT('',(-2.883234806025E0,-2.433401843154E0,0.E0));
#3776=VERTEX_POINT('',#3774);
#3777=VERTEX_POINT('',#3775);
#3778=CARTESIAN_POINT('',(-1.818234806025E0,3.861401843154E0,0.E0));
#3779=CARTESIAN_POINT('',(-1.968889302418E0,3.860747346761E0,
-1.499985721081E-1));
#3780=VERTEX_POINT('',#3778);
#3781=VERTEX_POINT('',#3779);
#3782=CARTESIAN_POINT('',(-1.968889302418E0,4.395110697582E0,
-1.499985721081E-1));
#3783=VERTEX_POINT('',#3782);
#3784=CARTESIAN_POINT('',(-1.818234806025E0,4.395765193975E0,0.E0));
#3785=VERTEX_POINT('',#3784);
#3786=CARTESIAN_POINT('',(1.968889302418E0,3.860747346761E0,
-1.499985721081E-1));
#3787=CARTESIAN_POINT('',(1.968889302418E0,4.395110697582E0,
-1.499985721081E-1));
#3788=VERTEX_POINT('',#3786);
#3789=VERTEX_POINT('',#3787);
#3790=CARTESIAN_POINT('',(1.818234806025E0,3.861401843154E0,0.E0));
#3791=VERTEX_POINT('',#3790);
#3792=CARTESIAN_POINT('',(1.818234806025E0,4.395765193975E0,0.E0));
#3793=VERTEX_POINT('',#3792);
#3794=CARTESIAN_POINT('',(3.656749726566E0,-3.881110697582E0,
-1.499985721082E-1));
#3795=VERTEX_POINT('',#3794);
#3796=CARTESIAN_POINT('',(3.906747346761E0,-3.631113077272E0,
-1.499985721085E-1));
#3797=VERTEX_POINT('',#3796);
#3798=CARTESIAN_POINT('',(3.283886922614E0,-3.881110697582E0,
-1.499985721082E-1));
#3799=VERTEX_POINT('',#3798);
#3800=CARTESIAN_POINT('',(3.033889302418E0,-3.631113077272E0,
-1.499985721085E-1));
#3801=VERTEX_POINT('',#3800);
#3802=CARTESIAN_POINT('',(-3.906747346761E0,-3.631113077272E0,
-1.499985721085E-1));
#3803=VERTEX_POINT('',#3802);
#3804=CARTESIAN_POINT('',(-3.656749726566E0,-3.881110697582E0,
-1.499985721082E-1));
#3805=VERTEX_POINT('',#3804);
#3806=CARTESIAN_POINT('',(-3.033889302418E0,-3.631113077386E0,
-1.499985721082E-1));
#3807=VERTEX_POINT('',#3806);
#3808=CARTESIAN_POINT('',(-3.283886922728E0,-3.881110697582E0,
-1.499985721085E-1));
#3809=VERTEX_POINT('',#3808);
#3810=VERTEX_POINT('',#2653);
#3811=VERTEX_POINT('',#2657);
#3812=CARTESIAN_POINT('',(2.565E0,-3.186030303803E0,-7.28E0));
#3813=VERTEX_POINT('',#3812);
#3814=VERTEX_POINT('',#2699);
#3815=VERTEX_POINT('',#2685);
#3816=VERTEX_POINT('',#2689);
#3817=CARTESIAN_POINT('',(-2.568340062879E0,-3.953340062879E0,
-6.514518832726E0));
#3818=VERTEX_POINT('',#3817);
#3819=VERTEX_POINT('',#2667);
#3820=CARTESIAN_POINT('',(-2.746765193975E0,-4.281765193975E0,0.E0));
#3821=CARTESIAN_POINT('',(2.746765193975E0,-4.281765193975E0,0.E0));
#3822=VERTEX_POINT('',#3820);
#3823=VERTEX_POINT('',#3821);
#3824=CARTESIAN_POINT('',(-2.594147208404E0,-3.979147208404E0,
-5.999942884324E-1));
#3825=CARTESIAN_POINT('',(2.594147208404E0,-3.979147208404E0,
-5.999942884324E-1));
#3826=VERTEX_POINT('',#3824);
#3827=VERTEX_POINT('',#3825);
#3828=CARTESIAN_POINT('',(-2.596110697582E0,-4.206110697582E0,
-1.499985721081E-1));
#3829=VERTEX_POINT('',#3828);
#3830=CARTESIAN_POINT('',(2.596110697582E0,-4.206110697582E0,
-1.499985721081E-1));
#3831=VERTEX_POINT('',#3830);
#3832=CARTESIAN_POINT('',(-2.45E0,-4.814300248688E0,-9.4E0));
#3833=VERTEX_POINT('',#3832);
#3834=CARTESIAN_POINT('',(-2.05E0,-4.814300248688E0,-9.4E0));
#3835=VERTEX_POINT('',#3834);
#3836=CARTESIAN_POINT('',(-4.391047138963E0,2.89E-1,-3.2E0));
#3837=CARTESIAN_POINT('',(-4.370574846540E0,2.89E-1,-9.373535016694E0));
#3838=VERTEX_POINT('',#3836);
#3839=VERTEX_POINT('',#3837);
#3840=CARTESIAN_POINT('',(-4.491046848345E0,1.890004202252E-1,-3.2E0));
#3841=VERTEX_POINT('',#3840);
#3842=CARTESIAN_POINT('',(-4.471147822593E0,1.89E-1,-9.200663225294E0));
#3843=VERTEX_POINT('',#3842);
#3844=CARTESIAN_POINT('',(-4.491046848345E0,1.388999579775E0,-3.2E0));
#3845=CARTESIAN_POINT('',(-4.471147822593E0,1.389E0,-9.200663225294E0));
#3846=VERTEX_POINT('',#3844);
#3847=VERTEX_POINT('',#3845);
#3848=CARTESIAN_POINT('',(-4.391047138963E0,1.289E0,-3.2E0));
#3849=VERTEX_POINT('',#3848);
#3850=CARTESIAN_POINT('',(-4.370574846540E0,1.289E0,-9.373535016694E0));
#3851=VERTEX_POINT('',#3850);
#3852=CARTESIAN_POINT('',(4.491046015012E0,1.889995868965E-1,-3.2E0));
#3853=CARTESIAN_POINT('',(4.471146989268E0,1.89E-1,-9.200663222530E0));
#3854=VERTEX_POINT('',#3852);
#3855=VERTEX_POINT('',#3853);
#3856=CARTESIAN_POINT('',(4.391044638963E0,2.89E-1,-3.2E0));
#3857=VERTEX_POINT('',#3856);
#3858=CARTESIAN_POINT('',(4.370572341781E0,2.89E-1,-9.373536451763E0));
#3859=VERTEX_POINT('',#3858);
#3860=CARTESIAN_POINT('',(4.391044638963E0,1.289E0,-3.2E0));
#3861=CARTESIAN_POINT('',(4.370572341781E0,1.289E0,-9.373536451763E0));
#3862=VERTEX_POINT('',#3860);
#3863=VERTEX_POINT('',#3861);
#3864=CARTESIAN_POINT('',(4.491046015012E0,1.389000413104E0,-3.2E0));
#3865=VERTEX_POINT('',#3864);
#3866=CARTESIAN_POINT('',(4.471146989268E0,1.389E0,-9.200663222530E0));
#3867=VERTEX_POINT('',#3866);
#3868=CARTESIAN_POINT('',(4.271148502038E0,-3.85E0,-9.4E0));
#3869=CARTESIAN_POINT('',(4.271148502038E0,3.85E0,-9.4E0));
#3870=VERTEX_POINT('',#3868);
#3871=VERTEX_POINT('',#3869);
#3872=CARTESIAN_POINT('',(4.471147402370E0,-3.85E0,-9.200663223900E0));
#3873=CARTESIAN_POINT('',(4.470510140138E0,-3.85E0,-9.400331611950E0));
#3874=VERTEX_POINT('',#3872);
#3875=VERTEX_POINT('',#3873);
#3876=CARTESIAN_POINT('',(4.471147402370E0,3.85E0,-9.200663223900E0));
#3877=CARTESIAN_POINT('',(4.470510415056E0,3.85E0,-9.400221074481E0));
#3878=VERTEX_POINT('',#3876);
#3879=VERTEX_POINT('',#3877);
#3880=CARTESIAN_POINT('',(-4.271148502038E0,3.85E0,-9.4E0));
#3881=CARTESIAN_POINT('',(-4.271148502038E0,-3.85E0,-9.4E0));
#3882=VERTEX_POINT('',#3880);
#3883=VERTEX_POINT('',#3881);
#3884=CARTESIAN_POINT('',(-4.471147402370E0,3.85E0,-9.200663223900E0));
#3885=CARTESIAN_POINT('',(-4.470510140138E0,3.85E0,-9.400331611950E0));
#3886=VERTEX_POINT('',#3884);
#3887=VERTEX_POINT('',#3885);
#3888=CARTESIAN_POINT('',(-4.471147402370E0,-3.85E0,-9.200663223900E0));
#3889=CARTESIAN_POINT('',(-4.470510415056E0,-3.85E0,-9.400221074481E0));
#3890=VERTEX_POINT('',#3888);
#3891=VERTEX_POINT('',#3889);
#3892=CARTESIAN_POINT('',(-9.5E-1,5.601462374326E0,-9.703611494755E0));
#3893=CARTESIAN_POINT('',(-9.5E-1,3.076291396324E0,-9.659534471379E0));
#3894=VERTEX_POINT('',#3892);
#3895=VERTEX_POINT('',#3893);
#3896=CARTESIAN_POINT('',(-9.5E-1,5.606E0,-9.443651094014E0));
#3897=VERTEX_POINT('',#3896);
#3898=CARTESIAN_POINT('',(-9.5E-1,2.634E0,-4.78E0));
#3899=CARTESIAN_POINT('',(-9.5E-1,2.934E0,-4.78E0));
#3900=VERTEX_POINT('',#3898);
#3901=VERTEX_POINT('',#3899);
#3902=CARTESIAN_POINT('',(-9.5E-1,-1.356E0,-4.78E0));
#3903=CARTESIAN_POINT('',(-9.5E-1,-1.056E0,-4.78E0));
#3904=VERTEX_POINT('',#3902);
#3905=VERTEX_POINT('',#3903);
#3906=CARTESIAN_POINT('',(-9.5E-1,-1.498217478708E0,-9.630057675705E0));
#3907=CARTESIAN_POINT('',(-9.5E-1,-5.803462374326E0,-9.705206004890E0));
#3908=VERTEX_POINT('',#3906);
#3909=VERTEX_POINT('',#3907);
#3910=CARTESIAN_POINT('',(-9.5E-1,-5.808E0,-9.445245604149E0));
#3911=VERTEX_POINT('',#3910);
#3912=CARTESIAN_POINT('',(-9.5E-1,-4.82E0,-9.428E0));
#3913=VERTEX_POINT('',#3912);
#3914=CARTESIAN_POINT('',(-9.5E-1,-4.82E0,-9.4E0));
#3915=VERTEX_POINT('',#3914);
#3916=CARTESIAN_POINT('',(-5.5E-1,5.601462374326E0,-9.703611494755E0));
#3917=CARTESIAN_POINT('',(-5.5E-1,3.076291396324E0,-9.659534471379E0));
#3918=VERTEX_POINT('',#3916);
#3919=VERTEX_POINT('',#3917);
#3920=CARTESIAN_POINT('',(-5.5E-1,5.606E0,-9.443651094014E0));
#3921=VERTEX_POINT('',#3920);
#3922=CARTESIAN_POINT('',(-5.5E-1,2.634E0,-4.78E0));
#3923=CARTESIAN_POINT('',(-5.5E-1,2.934E0,-4.78E0));
#3924=VERTEX_POINT('',#3922);
#3925=VERTEX_POINT('',#3923);
#3926=CARTESIAN_POINT('',(-5.5E-1,-1.356E0,-4.78E0));
#3927=CARTESIAN_POINT('',(-5.5E-1,-1.056E0,-4.78E0));
#3928=VERTEX_POINT('',#3926);
#3929=VERTEX_POINT('',#3927);
#3930=CARTESIAN_POINT('',(-5.5E-1,-1.498217478708E0,-9.630057675705E0));
#3931=CARTESIAN_POINT('',(-5.5E-1,-5.803462374326E0,-9.705206004890E0));
#3932=VERTEX_POINT('',#3930);
#3933=VERTEX_POINT('',#3931);
#3934=CARTESIAN_POINT('',(-5.5E-1,-5.808E0,-9.445245604149E0));
#3935=VERTEX_POINT('',#3934);
#3936=CARTESIAN_POINT('',(-5.5E-1,-4.82E0,-9.428E0));
#3937=VERTEX_POINT('',#3936);
#3938=CARTESIAN_POINT('',(-5.5E-1,-4.82E0,-9.4E0));
#3939=VERTEX_POINT('',#3938);
#3940=CARTESIAN_POINT('',(-9.5E-1,2.934E0,-7.28E0));
#3941=CARTESIAN_POINT('',(-9.5E-1,2.634E0,-7.28E0));
#3942=VERTEX_POINT('',#3940);
#3943=VERTEX_POINT('',#3941);
#3944=CARTESIAN_POINT('',(-9.5E-1,-1.056E0,-7.28E0));
#3945=CARTESIAN_POINT('',(-9.5E-1,-1.356E0,-7.28E0));
#3946=VERTEX_POINT('',#3944);
#3947=VERTEX_POINT('',#3945);
#3948=CARTESIAN_POINT('',(-5.5E-1,2.934E0,-7.28E0));
#3949=CARTESIAN_POINT('',(-5.5E-1,2.634E0,-7.28E0));
#3950=VERTEX_POINT('',#3948);
#3951=VERTEX_POINT('',#3949);
#3952=CARTESIAN_POINT('',(-5.5E-1,-1.056E0,-7.28E0));
#3953=CARTESIAN_POINT('',(-5.5E-1,-1.356E0,-7.28E0));
#3954=VERTEX_POINT('',#3952);
#3955=VERTEX_POINT('',#3953);
#3956=CARTESIAN_POINT('',(-9.5E-1,-3.85E0,-9.55E0));
#3957=CARTESIAN_POINT('',(-9.5E-1,-3.85E0,-9.4E0));
#3958=VERTEX_POINT('',#3956);
#3959=VERTEX_POINT('',#3957);
#3960=CARTESIAN_POINT('',(-5.5E-1,-3.85E0,-9.55E0));
#3961=CARTESIAN_POINT('',(-5.5E-1,-3.85E0,-9.4E0));
#3962=VERTEX_POINT('',#3960);
#3963=VERTEX_POINT('',#3961);
#3964=CARTESIAN_POINT('',(-9.5E-1,-1.125E0,-9.4E0));
#3965=VERTEX_POINT('',#3964);
#3966=CARTESIAN_POINT('',(-9.5E-1,2.689E0,-9.4E0));
#3967=CARTESIAN_POINT('',(-9.5E-1,3.85E0,-9.4E0));
#3968=VERTEX_POINT('',#3966);
#3969=VERTEX_POINT('',#3967);
#3970=CARTESIAN_POINT('',(-5.5E-1,-1.125E0,-9.4E0));
#3971=VERTEX_POINT('',#3970);
#3972=CARTESIAN_POINT('',(-5.5E-1,2.689E0,-9.4E0));
#3973=CARTESIAN_POINT('',(-5.5E-1,3.85E0,-9.4E0));
#3974=VERTEX_POINT('',#3972);
#3975=VERTEX_POINT('',#3973);
#3976=CARTESIAN_POINT('',(-9.5E-1,3.85E0,-9.55E0));
#3977=VERTEX_POINT('',#3976);
#3978=CARTESIAN_POINT('',(-5.5E-1,3.85E0,-9.55E0));
#3979=VERTEX_POINT('',#3978);
#3980=CARTESIAN_POINT('',(-9.5E-1,4.620651081377E0,-9.55E0));
#3981=VERTEX_POINT('',#3980);
#3982=CARTESIAN_POINT('',(-9.5E-1,-4.620651081377E0,-9.55E0));
#3983=VERTEX_POINT('',#3982);
#3984=CARTESIAN_POINT('',(-5.5E-1,4.620651081377E0,-9.55E0));
#3985=VERTEX_POINT('',#3984);
#3986=CARTESIAN_POINT('',(-5.5E-1,-4.620651081377E0,-9.55E0));
#3987=VERTEX_POINT('',#3986);
#3988=CARTESIAN_POINT('',(-9.5E-1,-4.814300248688E0,-9.4E0));
#3989=VERTEX_POINT('',#3988);
#3990=CARTESIAN_POINT('',(-5.5E-1,-4.814300248688E0,-9.4E0));
#3991=VERTEX_POINT('',#3990);
#3992=CARTESIAN_POINT('',(-9.5E-1,4.804104744774E0,-9.429653960268E0));
#3993=VERTEX_POINT('',#3992);
#3994=CARTESIAN_POINT('',(-5.5E-1,4.804104744774E0,-9.429653960268E0));
#3995=VERTEX_POINT('',#3994);
#3996=CARTESIAN_POINT('',(5.5E-1,5.601462374326E0,-9.703611494755E0));
#3997=CARTESIAN_POINT('',(5.5E-1,3.076291396324E0,-9.659534471379E0));
#3998=VERTEX_POINT('',#3996);
#3999=VERTEX_POINT('',#3997);
#4000=CARTESIAN_POINT('',(5.5E-1,5.606E0,-9.443651094014E0));
#4001=VERTEX_POINT('',#4000);
#4002=CARTESIAN_POINT('',(5.5E-1,2.634E0,-4.78E0));
#4003=CARTESIAN_POINT('',(5.5E-1,2.934E0,-4.78E0));
#4004=VERTEX_POINT('',#4002);
#4005=VERTEX_POINT('',#4003);
#4006=CARTESIAN_POINT('',(5.5E-1,-1.356E0,-4.78E0));
#4007=CARTESIAN_POINT('',(5.5E-1,-1.056E0,-4.78E0));
#4008=VERTEX_POINT('',#4006);
#4009=VERTEX_POINT('',#4007);
#4010=CARTESIAN_POINT('',(5.5E-1,-1.498217478708E0,-9.630057675705E0));
#4011=CARTESIAN_POINT('',(5.5E-1,-5.803462374326E0,-9.705206004890E0));
#4012=VERTEX_POINT('',#4010);
#4013=VERTEX_POINT('',#4011);
#4014=CARTESIAN_POINT('',(5.5E-1,-5.808E0,-9.445245604149E0));
#4015=VERTEX_POINT('',#4014);
#4016=CARTESIAN_POINT('',(5.5E-1,-4.82E0,-9.428E0));
#4017=VERTEX_POINT('',#4016);
#4018=CARTESIAN_POINT('',(5.5E-1,-4.82E0,-9.4E0));
#4019=VERTEX_POINT('',#4018);
#4020=CARTESIAN_POINT('',(9.5E-1,5.601462374326E0,-9.703611494755E0));
#4021=CARTESIAN_POINT('',(9.5E-1,3.076291396324E0,-9.659534471379E0));
#4022=VERTEX_POINT('',#4020);
#4023=VERTEX_POINT('',#4021);
#4024=CARTESIAN_POINT('',(9.5E-1,5.606E0,-9.443651094014E0));
#4025=VERTEX_POINT('',#4024);
#4026=CARTESIAN_POINT('',(9.5E-1,2.634E0,-4.78E0));
#4027=CARTESIAN_POINT('',(9.5E-1,2.934E0,-4.78E0));
#4028=VERTEX_POINT('',#4026);
#4029=VERTEX_POINT('',#4027);
#4030=CARTESIAN_POINT('',(9.5E-1,-1.356E0,-4.78E0));
#4031=CARTESIAN_POINT('',(9.5E-1,-1.056E0,-4.78E0));
#4032=VERTEX_POINT('',#4030);
#4033=VERTEX_POINT('',#4031);
#4034=CARTESIAN_POINT('',(9.5E-1,-1.498217478708E0,-9.630057675705E0));
#4035=CARTESIAN_POINT('',(9.5E-1,-5.803462374326E0,-9.705206004890E0));
#4036=VERTEX_POINT('',#4034);
#4037=VERTEX_POINT('',#4035);
#4038=CARTESIAN_POINT('',(9.5E-1,-5.808E0,-9.445245604149E0));
#4039=VERTEX_POINT('',#4038);
#4040=CARTESIAN_POINT('',(9.5E-1,-4.82E0,-9.428E0));
#4041=VERTEX_POINT('',#4040);
#4042=CARTESIAN_POINT('',(9.5E-1,-4.82E0,-9.4E0));
#4043=VERTEX_POINT('',#4042);
#4044=CARTESIAN_POINT('',(5.5E-1,2.934E0,-7.28E0));
#4045=CARTESIAN_POINT('',(5.5E-1,2.634E0,-7.28E0));
#4046=VERTEX_POINT('',#4044);
#4047=VERTEX_POINT('',#4045);
#4048=CARTESIAN_POINT('',(5.5E-1,-1.056E0,-7.28E0));
#4049=CARTESIAN_POINT('',(5.5E-1,-1.356E0,-7.28E0));
#4050=VERTEX_POINT('',#4048);
#4051=VERTEX_POINT('',#4049);
#4052=CARTESIAN_POINT('',(9.5E-1,2.934E0,-7.28E0));
#4053=CARTESIAN_POINT('',(9.5E-1,2.634E0,-7.28E0));
#4054=VERTEX_POINT('',#4052);
#4055=VERTEX_POINT('',#4053);
#4056=CARTESIAN_POINT('',(9.5E-1,-1.056E0,-7.28E0));
#4057=CARTESIAN_POINT('',(9.5E-1,-1.356E0,-7.28E0));
#4058=VERTEX_POINT('',#4056);
#4059=VERTEX_POINT('',#4057);
#4060=CARTESIAN_POINT('',(5.5E-1,-3.85E0,-9.55E0));
#4061=CARTESIAN_POINT('',(5.5E-1,-3.85E0,-9.4E0));
#4062=VERTEX_POINT('',#4060);
#4063=VERTEX_POINT('',#4061);
#4064=CARTESIAN_POINT('',(9.5E-1,-3.85E0,-9.55E0));
#4065=CARTESIAN_POINT('',(9.5E-1,-3.85E0,-9.4E0));
#4066=VERTEX_POINT('',#4064);
#4067=VERTEX_POINT('',#4065);
#4068=CARTESIAN_POINT('',(5.5E-1,-1.125E0,-9.4E0));
#4069=VERTEX_POINT('',#4068);
#4070=CARTESIAN_POINT('',(5.5E-1,2.689E0,-9.4E0));
#4071=CARTESIAN_POINT('',(5.5E-1,3.85E0,-9.4E0));
#4072=VERTEX_POINT('',#4070);
#4073=VERTEX_POINT('',#4071);
#4074=CARTESIAN_POINT('',(9.5E-1,-1.125E0,-9.4E0));
#4075=VERTEX_POINT('',#4074);
#4076=CARTESIAN_POINT('',(9.5E-1,2.689E0,-9.4E0));
#4077=CARTESIAN_POINT('',(9.5E-1,3.85E0,-9.4E0));
#4078=VERTEX_POINT('',#4076);
#4079=VERTEX_POINT('',#4077);
#4080=CARTESIAN_POINT('',(5.5E-1,3.85E0,-9.55E0));
#4081=VERTEX_POINT('',#4080);
#4082=CARTESIAN_POINT('',(9.5E-1,3.85E0,-9.55E0));
#4083=VERTEX_POINT('',#4082);
#4084=CARTESIAN_POINT('',(5.5E-1,4.620651081377E0,-9.55E0));
#4085=VERTEX_POINT('',#4084);
#4086=CARTESIAN_POINT('',(5.5E-1,-4.620651081377E0,-9.55E0));
#4087=VERTEX_POINT('',#4086);
#4088=CARTESIAN_POINT('',(9.5E-1,4.620651081377E0,-9.55E0));
#4089=VERTEX_POINT('',#4088);
#4090=CARTESIAN_POINT('',(9.5E-1,-4.620651081377E0,-9.55E0));
#4091=VERTEX_POINT('',#4090);
#4092=CARTESIAN_POINT('',(5.5E-1,-4.814300248688E0,-9.4E0));
#4093=VERTEX_POINT('',#4092);
#4094=CARTESIAN_POINT('',(9.5E-1,-4.814300248688E0,-9.4E0));
#4095=VERTEX_POINT('',#4094);
#4096=CARTESIAN_POINT('',(5.5E-1,4.804104744774E0,-9.429653960268E0));
#4097=VERTEX_POINT('',#4096);
#4098=CARTESIAN_POINT('',(9.5E-1,4.804104744774E0,-9.429653960268E0));
#4099=VERTEX_POINT('',#4098);
#4100=CARTESIAN_POINT('',(2.05E0,5.601462374326E0,-9.703611494755E0));
#4101=CARTESIAN_POINT('',(2.05E0,3.076291396324E0,-9.659534471379E0));
#4102=VERTEX_POINT('',#4100);
#4103=VERTEX_POINT('',#4101);
#4104=CARTESIAN_POINT('',(2.05E0,5.606E0,-9.443651094014E0));
#4105=VERTEX_POINT('',#4104);
#4106=CARTESIAN_POINT('',(2.05E0,2.634E0,-4.78E0));
#4107=CARTESIAN_POINT('',(2.05E0,2.934E0,-4.78E0));
#4108=VERTEX_POINT('',#4106);
#4109=VERTEX_POINT('',#4107);
#4110=CARTESIAN_POINT('',(2.05E0,-1.356E0,-4.78E0));
#4111=CARTESIAN_POINT('',(2.05E0,-1.056E0,-4.78E0));
#4112=VERTEX_POINT('',#4110);
#4113=VERTEX_POINT('',#4111);
#4114=CARTESIAN_POINT('',(2.05E0,-1.498217478708E0,-9.630057675705E0));
#4115=CARTESIAN_POINT('',(2.05E0,-5.803462374326E0,-9.705206004890E0));
#4116=VERTEX_POINT('',#4114);
#4117=VERTEX_POINT('',#4115);
#4118=CARTESIAN_POINT('',(2.05E0,-5.808E0,-9.445245604149E0));
#4119=VERTEX_POINT('',#4118);
#4120=CARTESIAN_POINT('',(2.05E0,-4.82E0,-9.428E0));
#4121=VERTEX_POINT('',#4120);
#4122=CARTESIAN_POINT('',(2.05E0,-4.82E0,-9.4E0));
#4123=VERTEX_POINT('',#4122);
#4124=CARTESIAN_POINT('',(2.45E0,5.601462374326E0,-9.703611494755E0));
#4125=CARTESIAN_POINT('',(2.45E0,3.076291396324E0,-9.659534471379E0));
#4126=VERTEX_POINT('',#4124);
#4127=VERTEX_POINT('',#4125);
#4128=CARTESIAN_POINT('',(2.45E0,5.606E0,-9.443651094014E0));
#4129=VERTEX_POINT('',#4128);
#4130=CARTESIAN_POINT('',(2.45E0,2.634E0,-4.78E0));
#4131=CARTESIAN_POINT('',(2.45E0,2.934E0,-4.78E0));
#4132=VERTEX_POINT('',#4130);
#4133=VERTEX_POINT('',#4131);
#4134=CARTESIAN_POINT('',(2.45E0,-1.356E0,-4.78E0));
#4135=CARTESIAN_POINT('',(2.45E0,-1.056E0,-4.78E0));
#4136=VERTEX_POINT('',#4134);
#4137=VERTEX_POINT('',#4135);
#4138=CARTESIAN_POINT('',(2.45E0,-1.498217478708E0,-9.630057675705E0));
#4139=CARTESIAN_POINT('',(2.45E0,-5.803462374326E0,-9.705206004890E0));
#4140=VERTEX_POINT('',#4138);
#4141=VERTEX_POINT('',#4139);
#4142=CARTESIAN_POINT('',(2.45E0,-5.808E0,-9.445245604149E0));
#4143=VERTEX_POINT('',#4142);
#4144=CARTESIAN_POINT('',(2.45E0,-4.82E0,-9.428E0));
#4145=VERTEX_POINT('',#4144);
#4146=CARTESIAN_POINT('',(2.45E0,-4.82E0,-9.4E0));
#4147=VERTEX_POINT('',#4146);
#4148=CARTESIAN_POINT('',(2.05E0,2.934E0,-7.28E0));
#4149=CARTESIAN_POINT('',(2.05E0,2.634E0,-7.28E0));
#4150=VERTEX_POINT('',#4148);
#4151=VERTEX_POINT('',#4149);
#4152=CARTESIAN_POINT('',(2.05E0,-1.056E0,-7.28E0));
#4153=CARTESIAN_POINT('',(2.05E0,-1.356E0,-7.28E0));
#4154=VERTEX_POINT('',#4152);
#4155=VERTEX_POINT('',#4153);
#4156=CARTESIAN_POINT('',(2.45E0,2.934E0,-7.28E0));
#4157=CARTESIAN_POINT('',(2.45E0,2.634E0,-7.28E0));
#4158=VERTEX_POINT('',#4156);
#4159=VERTEX_POINT('',#4157);
#4160=CARTESIAN_POINT('',(2.45E0,-1.056E0,-7.28E0));
#4161=CARTESIAN_POINT('',(2.45E0,-1.356E0,-7.28E0));
#4162=VERTEX_POINT('',#4160);
#4163=VERTEX_POINT('',#4161);
#4164=CARTESIAN_POINT('',(2.05E0,-3.85E0,-9.55E0));
#4165=CARTESIAN_POINT('',(2.05E0,-3.85E0,-9.4E0));
#4166=VERTEX_POINT('',#4164);
#4167=VERTEX_POINT('',#4165);
#4168=CARTESIAN_POINT('',(2.45E0,-3.85E0,-9.55E0));
#4169=CARTESIAN_POINT('',(2.45E0,-3.85E0,-9.4E0));
#4170=VERTEX_POINT('',#4168);
#4171=VERTEX_POINT('',#4169);
#4172=CARTESIAN_POINT('',(2.05E0,-1.125E0,-9.4E0));
#4173=VERTEX_POINT('',#4172);
#4174=CARTESIAN_POINT('',(2.05E0,2.689E0,-9.4E0));
#4175=CARTESIAN_POINT('',(2.05E0,3.85E0,-9.4E0));
#4176=VERTEX_POINT('',#4174);
#4177=VERTEX_POINT('',#4175);
#4178=CARTESIAN_POINT('',(2.45E0,-1.125E0,-9.4E0));
#4179=VERTEX_POINT('',#4178);
#4180=CARTESIAN_POINT('',(2.45E0,2.689E0,-9.4E0));
#4181=CARTESIAN_POINT('',(2.45E0,3.85E0,-9.4E0));
#4182=VERTEX_POINT('',#4180);
#4183=VERTEX_POINT('',#4181);
#4184=CARTESIAN_POINT('',(2.05E0,3.85E0,-9.55E0));
#4185=VERTEX_POINT('',#4184);
#4186=CARTESIAN_POINT('',(2.45E0,3.85E0,-9.55E0));
#4187=VERTEX_POINT('',#4186);
#4188=CARTESIAN_POINT('',(2.05E0,4.620651081377E0,-9.55E0));
#4189=VERTEX_POINT('',#4188);
#4190=CARTESIAN_POINT('',(2.05E0,-4.620651081377E0,-9.55E0));
#4191=VERTEX_POINT('',#4190);
#4192=CARTESIAN_POINT('',(2.45E0,4.620651081377E0,-9.55E0));
#4193=VERTEX_POINT('',#4192);
#4194=CARTESIAN_POINT('',(2.45E0,-4.620651081377E0,-9.55E0));
#4195=VERTEX_POINT('',#4194);
#4196=CARTESIAN_POINT('',(2.05E0,-4.814300248688E0,-9.4E0));
#4197=VERTEX_POINT('',#4196);
#4198=CARTESIAN_POINT('',(2.45E0,-4.814300248688E0,-9.4E0));
#4199=VERTEX_POINT('',#4198);
#4200=CARTESIAN_POINT('',(2.05E0,4.804104744774E0,-9.429653960268E0));
#4201=VERTEX_POINT('',#4200);
#4202=CARTESIAN_POINT('',(2.45E0,4.804104744774E0,-9.429653960268E0));
#4203=VERTEX_POINT('',#4202);
#4204=CARTESIAN_POINT('',(3.392165822169E0,3.968341778308E-1,-2.2E0));
#4205=CARTESIAN_POINT('',(3.392165822169E0,-3.588341778308E-1,-2.2E0));
#4206=VERTEX_POINT('',#4204);
#4207=VERTEX_POINT('',#4205);
#4208=CARTESIAN_POINT('',(3.37E0,4.19E-1,-7.28E0));
#4209=CARTESIAN_POINT('',(3.37E0,-3.81E-1,-7.28E0));
#4210=VERTEX_POINT('',#4208);
#4211=VERTEX_POINT('',#4209);
#4212=CARTESIAN_POINT('',(3.88E0,-3.81E-1,-7.28E0));
#4213=VERTEX_POINT('',#4212);
#4214=CARTESIAN_POINT('',(3.88E0,4.19E-1,-7.28E0));
#4215=VERTEX_POINT('',#4214);
#4216=CARTESIAN_POINT('',(3.88E0,-3.766366491793E-1,-6.28E0));
#4217=VERTEX_POINT('',#4216);
#4218=CARTESIAN_POINT('',(3.88E0,4.146366491793E-1,-6.28E0));
#4219=VERTEX_POINT('',#4218);
#4220=CARTESIAN_POINT('',(3.897802471348E0,-3.588341778308E-1,-2.2E0));
#4221=VERTEX_POINT('',#4220);
#4222=CARTESIAN_POINT('',(3.897802471348E0,3.968341778308E-1,-2.2E0));
#4223=VERTEX_POINT('',#4222);
#4224=CARTESIAN_POINT('',(-4.5E0,-1.565930264803E0,-5.000000000001E-1));
#4225=VERTEX_POINT('',#4224);
#4226=CARTESIAN_POINT('',(4.5E0,-1.565930264803E0,-5.000000000001E-1));
#4227=VERTEX_POINT('',#4226);
#4228=CARTESIAN_POINT('',(4.057401843154E0,-3.631113077122E0,0.E0));
#4229=CARTESIAN_POINT('',(4.057401843154E0,-1.574657797267E0,0.E0));
#4230=VERTEX_POINT('',#4228);
#4231=VERTEX_POINT('',#4229);
#4232=CARTESIAN_POINT('',(3.906747346761E0,-1.572039562452E0,
-1.499985721081E-1));
#4233=VERTEX_POINT('',#4232);
#4234=VERTEX_POINT('',#2375);
#4235=CARTESIAN_POINT('',(3.283886922632E0,-4.031765193975E0,0.E0));
#4236=VERTEX_POINT('',#4235);
#4237=VERTEX_POINT('',#2359);
#4238=CARTESIAN_POINT('',(-3.906747346761E0,-1.572039562452E0,
-1.499985721081E-1));
#4239=VERTEX_POINT('',#4238);
#4240=CARTESIAN_POINT('',(-4.057401843154E0,-1.574657797267E0,0.E0));
#4241=CARTESIAN_POINT('',(-4.057401843154E0,-3.631113077122E0,0.E0));
#4242=VERTEX_POINT('',#4240);
#4243=VERTEX_POINT('',#4241);
#4244=VERTEX_POINT('',#2435);
#4245=CARTESIAN_POINT('',(-3.283886922878E0,-4.031765193975E0,0.E0));
#4246=VERTEX_POINT('',#4245);
#4247=VERTEX_POINT('',#2451);
#4248=CARTESIAN_POINT('',(-3.897802471348E0,-1.536256654425E0,-2.2E0));
#4249=VERTEX_POINT('',#4248);
#4250=CARTESIAN_POINT('',(3.897802471348E0,-1.536256654425E0,-2.2E0));
#4251=VERTEX_POINT('',#4250);
#4252=CARTESIAN_POINT('',(-4.5E0,0.E0,0.E0));
#4253=DIRECTION('',(1.E0,0.E0,0.E0));
#4254=DIRECTION('',(0.E0,-1.E0,0.E0));
#4255=AXIS2_PLACEMENT_3D('',#4252,#4253,#4254);
#4256=PLANE('',#4255);
#4258=ORIENTED_EDGE('',*,*,#4257,.T.);
#4260=ORIENTED_EDGE('',*,*,#4259,.F.);
#4262=ORIENTED_EDGE('',*,*,#4261,.F.);
#4264=ORIENTED_EDGE('',*,*,#4263,.F.);
#4265=EDGE_LOOP('',(#4258,#4260,#4262,#4264));
#4266=FACE_OUTER_BOUND('',#4265,.F.);
#4268=CARTESIAN_POINT('',(-4.5E0,0.E0,0.E0));
#4269=DIRECTION('',(1.E0,0.E0,0.E0));
#4270=DIRECTION('',(0.E0,-1.E0,0.E0));
#4271=AXIS2_PLACEMENT_3D('',#4268,#4269,#4270);
#4272=PLANE('',#4271);
#4274=ORIENTED_EDGE('',*,*,#4273,.T.);
#4276=ORIENTED_EDGE('',*,*,#4275,.F.);
#4278=ORIENTED_EDGE('',*,*,#4277,.T.);
#4280=ORIENTED_EDGE('',*,*,#4279,.F.);
#4281=EDGE_LOOP('',(#4274,#4276,#4278,#4280));
#4282=FACE_OUTER_BOUND('',#4281,.F.);
#4284=CARTESIAN_POINT('',(-4.E0,-4.35E0,1.251456E1));
#4285=DIRECTION('',(0.E0,0.E0,-1.E0));
#4286=DIRECTION('',(0.E0,-1.E0,0.E0));
#4287=AXIS2_PLACEMENT_3D('',#4284,#4285,#4286);
#4288=CYLINDRICAL_SURFACE('',#4287,5.E-1);
#4290=ORIENTED_EDGE('',*,*,#4289,.T.);
#4292=ORIENTED_EDGE('',*,*,#4291,.T.);
#4293=ORIENTED_EDGE('',*,*,#4257,.F.);
#4295=ORIENTED_EDGE('',*,*,#4294,.T.);
#4296=EDGE_LOOP('',(#4290,#4292,#4293,#4295));
#4297=FACE_OUTER_BOUND('',#4296,.F.);
#4299=CARTESIAN_POINT('',(-4.5E0,-4.85E0,0.E0));
#4300=DIRECTION('',(0.E0,-1.E0,0.E0));
#4301=DIRECTION('',(0.E0,0.E0,-1.E0));
#4302=AXIS2_PLACEMENT_3D('',#4299,#4300,#4301);
#4303=PLANE('',#4302);
#4304=ORIENTED_EDGE('',*,*,#4289,.F.);
#4306=ORIENTED_EDGE('',*,*,#4305,.F.);
#4308=ORIENTED_EDGE('',*,*,#4307,.F.);
#4310=ORIENTED_EDGE('',*,*,#4309,.F.);
#4311=EDGE_LOOP('',(#4304,#4306,#4308,#4310));
#4312=FACE_OUTER_BOUND('',#4311,.F.);
#4314=CARTESIAN_POINT('',(1.62324E1,-4.65E0,-2.E-1));
#4315=DIRECTION('',(-1.E0,0.E0,0.E0));
#4316=DIRECTION('',(0.E0,-1.E0,0.E0));
#4317=AXIS2_PLACEMENT_3D('',#4314,#4315,#4316);
#4318=CYLINDRICAL_SURFACE('',#4317,2.E-1);
#4320=ORIENTED_EDGE('',*,*,#4319,.T.);
#4322=ORIENTED_EDGE('',*,*,#4321,.F.);
#4324=ORIENTED_EDGE('',*,*,#4323,.F.);
#4325=ORIENTED_EDGE('',*,*,#4305,.T.);
#4326=EDGE_LOOP('',(#4320,#4322,#4324,#4325));
#4327=FACE_OUTER_BOUND('',#4326,.F.);
#4329=CARTESIAN_POINT('',(-4.E0,-4.35E0,-2.E-1));
#4330=DIRECTION('',(0.E0,0.E0,-1.E0));
#4331=DIRECTION('',(0.E0,-1.E0,0.E0));
#4332=AXIS2_PLACEMENT_3D('',#4329,#4330,#4331);
#4333=TOROIDAL_SURFACE('',#4332,3.E-1,2.E-1);
#4335=ORIENTED_EDGE('',*,*,#4334,.T.);
#4337=ORIENTED_EDGE('',*,*,#4336,.T.);
#4338=ORIENTED_EDGE('',*,*,#4319,.F.);
#4339=ORIENTED_EDGE('',*,*,#4294,.F.);
#4340=EDGE_LOOP('',(#4335,#4337,#4338,#4339));
#4341=FACE_OUTER_BOUND('',#4340,.F.);
#4343=CARTESIAN_POINT('',(-4.3E0,-1.749492E1,-2.E-1));
#4344=DIRECTION('',(0.E0,1.E0,0.E0));
#4345=DIRECTION('',(-1.E0,0.E0,0.E0));
#4346=AXIS2_PLACEMENT_3D('',#4343,#4344,#4345);
#4347=CYLINDRICAL_SURFACE('',#4346,2.E-1);
#4348=ORIENTED_EDGE('',*,*,#4334,.F.);
#4349=ORIENTED_EDGE('',*,*,#4263,.T.);
#4351=ORIENTED_EDGE('',*,*,#4350,.T.);
#4353=ORIENTED_EDGE('',*,*,#4352,.F.);
#4354=EDGE_LOOP('',(#4348,#4349,#4351,#4353));
#4355=FACE_OUTER_BOUND('',#4354,.F.);
#4357=CARTESIAN_POINT('',(-3.897802471348E0,-1.574657797267E0,0.E0));
#4358=DIRECTION('',(0.E0,9.998476951564E-1,1.745240643728E-2));
#4359=DIRECTION('',(-1.E0,0.E0,0.E0));
#4360=AXIS2_PLACEMENT_3D('',#4357,#4358,#4359);
#4361=PLANE('',#4360);
#4363=ORIENTED_EDGE('',*,*,#4362,.F.);
#4365=ORIENTED_EDGE('',*,*,#4364,.T.);
#4366=ORIENTED_EDGE('',*,*,#4350,.F.);
#4367=ORIENTED_EDGE('',*,*,#4261,.T.);
#4369=ORIENTED_EDGE('',*,*,#4368,.T.);
#4371=ORIENTED_EDGE('',*,*,#4370,.F.);
#4373=ORIENTED_EDGE('',*,*,#4372,.T.);
#4375=ORIENTED_EDGE('',*,*,#4374,.T.);
#4376=EDGE_LOOP('',(#4363,#4365,#4366,#4367,#4369,#4371,#4373,#4375));
#4377=FACE_OUTER_BOUND('',#4376,.F.);
#4379=CARTESIAN_POINT('',(-3.982074594958E0,-2.602885437334E0,
-7.499928605406E-2));
#4380=DIRECTION('',(7.055624319347E-1,0.E0,7.086477648609E-1));
#4381=DIRECTION('',(-7.086477648609E-1,0.E0,7.055624319347E-1));
#4382=AXIS2_PLACEMENT_3D('',#4379,#4380,#4381);
#4383=PLANE('',#4382);
#4385=ORIENTED_EDGE('',*,*,#4384,.T.);
#4387=ORIENTED_EDGE('',*,*,#4386,.T.);
#4389=ORIENTED_EDGE('',*,*,#4388,.F.);
#4390=ORIENTED_EDGE('',*,*,#4362,.T.);
#4391=EDGE_LOOP('',(#4385,#4387,#4389,#4390));
#4392=FACE_OUTER_BOUND('',#4391,.F.);
#4394=CARTESIAN_POINT('',(-3.907401843154E0,-3.872631246257E0,0.E0));
#4395=DIRECTION('',(-9.999904807207E-1,0.E0,-4.363309284746E-3));
#4396=DIRECTION('',(4.363309284746E-3,0.E0,-9.999904807207E-1));
#4397=AXIS2_PLACEMENT_3D('',#4394,#4395,#4396);
#4398=PLANE('',#4397);
#4400=ORIENTED_EDGE('',*,*,#4399,.F.);
#4401=ORIENTED_EDGE('',*,*,#4384,.F.);
#4402=ORIENTED_EDGE('',*,*,#4374,.F.);
#4404=ORIENTED_EDGE('',*,*,#4403,.F.);
#4406=ORIENTED_EDGE('',*,*,#4405,.F.);
#4408=ORIENTED_EDGE('',*,*,#4407,.F.);
#4410=ORIENTED_EDGE('',*,*,#4409,.F.);
#4412=ORIENTED_EDGE('',*,*,#4411,.T.);
#4413=EDGE_LOOP('',(#4400,#4401,#4402,#4404,#4406,#4408,#4410,#4412));
#4414=FACE_OUTER_BOUND('',#4413,.F.);
#4416=CARTESIAN_POINT('',(-3.712004878958E0,-3.686368229779E0,1.251456E1));
#4417=DIRECTION('',(4.363267749977E-3,4.363267749978E-3,-9.999809617133E-1));
#4418=DIRECTION('',(0.E0,-9.999904807207E-1,-4.363309284747E-3));
#4419=AXIS2_PLACEMENT_3D('',#4416,#4417,#4418);
#4420=CYLINDRICAL_SURFACE('',#4419,2.5E-1);
#4421=ORIENTED_EDGE('',*,*,#4399,.T.);
#4423=ORIENTED_EDGE('',*,*,#4422,.F.);
#4425=ORIENTED_EDGE('',*,*,#4424,.F.);
#4427=ORIENTED_EDGE('',*,*,#4426,.F.);
#4428=EDGE_LOOP('',(#4421,#4423,#4425,#4427));
#4429=FACE_OUTER_BOUND('',#4428,.F.);
#4431=CARTESIAN_POINT('',(-3.63E0,-3.604456282268E0,-6.2581564E0));
#4432=DIRECTION('',(0.E0,4.363309284747E-3,-9.999904807207E-1));
#4433=DIRECTION('',(0.E0,-9.999904807207E-1,-4.363309284747E-3));
#4434=AXIS2_PLACEMENT_3D('',#4431,#4432,#4433);
#4435=CYLINDRICAL_SURFACE('',#4434,2.5E-1);
#4437=ORIENTED_EDGE('',*,*,#4436,.T.);
#4439=ORIENTED_EDGE('',*,*,#4438,.F.);
#4440=ORIENTED_EDGE('',*,*,#4422,.T.);
#4442=ORIENTED_EDGE('',*,*,#4441,.T.);
#4443=EDGE_LOOP('',(#4437,#4439,#4440,#4442));
#4444=FACE_OUTER_BOUND('',#4443,.F.);
#4446=CARTESIAN_POINT('',(-4.5E0,0.E0,-7.28E0));
#4447=DIRECTION('',(0.E0,0.E0,-1.E0));
#4448=DIRECTION('',(0.E0,-1.E0,0.E0));
#4449=AXIS2_PLACEMENT_3D('',#4446,#4447,#4448);
#4450=PLANE('',#4449);
#4452=ORIENTED_EDGE('',*,*,#4451,.T.);
#4454=ORIENTED_EDGE('',*,*,#4453,.F.);
#4456=ORIENTED_EDGE('',*,*,#4455,.T.);
#4458=ORIENTED_EDGE('',*,*,#4457,.F.);
#4460=ORIENTED_EDGE('',*,*,#4459,.F.);
#4462=ORIENTED_EDGE('',*,*,#4461,.F.);
#4464=ORIENTED_EDGE('',*,*,#4463,.F.);
#4466=ORIENTED_EDGE('',*,*,#4465,.F.);
#4468=ORIENTED_EDGE('',*,*,#4467,.F.);
#4470=ORIENTED_EDGE('',*,*,#4469,.T.);
#4472=ORIENTED_EDGE('',*,*,#4471,.F.);
#4474=ORIENTED_EDGE('',*,*,#4473,.T.);
#4476=ORIENTED_EDGE('',*,*,#4475,.F.);
#4478=ORIENTED_EDGE('',*,*,#4477,.F.);
#4480=ORIENTED_EDGE('',*,*,#4479,.F.);
#4481=ORIENTED_EDGE('',*,*,#4436,.F.);
#4483=ORIENTED_EDGE('',*,*,#4482,.F.);
#4485=ORIENTED_EDGE('',*,*,#4484,.F.);
#4487=ORIENTED_EDGE('',*,*,#4486,.F.);
#4489=ORIENTED_EDGE('',*,*,#4488,.F.);
#4491=ORIENTED_EDGE('',*,*,#4490,.F.);
#4493=ORIENTED_EDGE('',*,*,#4492,.F.);
#4495=ORIENTED_EDGE('',*,*,#4494,.F.);
#4497=ORIENTED_EDGE('',*,*,#4496,.F.);
#4499=ORIENTED_EDGE('',*,*,#4498,.T.);
#4501=ORIENTED_EDGE('',*,*,#4500,.T.);
#4502=EDGE_LOOP('',(#4452,#4454,#4456,#4458,#4460,#4462,#4464,#4466,#4468,#4470,
#4472,#4474,#4476,#4478,#4480,#4481,#4483,#4485,#4487,#4489,#4491,#4493,#4495,
#4497,#4499,#4501));
#4503=FACE_OUTER_BOUND('',#4502,.F.);
#4505=ORIENTED_EDGE('',*,*,#4504,.T.);
#4507=ORIENTED_EDGE('',*,*,#4506,.F.);
#4509=ORIENTED_EDGE('',*,*,#4508,.F.);
#4511=ORIENTED_EDGE('',*,*,#4510,.T.);
#4512=EDGE_LOOP('',(#4505,#4507,#4509,#4511));
#4513=FACE_BOUND('',#4512,.F.);
#4515=ORIENTED_EDGE('',*,*,#4514,.T.);
#4517=ORIENTED_EDGE('',*,*,#4516,.F.);
#4519=ORIENTED_EDGE('',*,*,#4518,.F.);
#4521=ORIENTED_EDGE('',*,*,#4520,.T.);
#4522=EDGE_LOOP('',(#4515,#4517,#4519,#4521));
#4523=FACE_BOUND('',#4522,.F.);
#4525=ORIENTED_EDGE('',*,*,#4524,.T.);
#4527=ORIENTED_EDGE('',*,*,#4526,.F.);
#4529=ORIENTED_EDGE('',*,*,#4528,.F.);
#4531=ORIENTED_EDGE('',*,*,#4530,.T.);
#4532=EDGE_LOOP('',(#4525,#4527,#4529,#4531));
#4533=FACE_BOUND('',#4532,.F.);
#4535=ORIENTED_EDGE('',*,*,#4534,.T.);
#4537=ORIENTED_EDGE('',*,*,#4536,.F.);
#4539=ORIENTED_EDGE('',*,*,#4538,.F.);
#4541=ORIENTED_EDGE('',*,*,#4540,.T.);
#4542=EDGE_LOOP('',(#4535,#4537,#4539,#4541));
#4543=FACE_BOUND('',#4542,.F.);
#4545=ORIENTED_EDGE('',*,*,#4544,.T.);
#4547=ORIENTED_EDGE('',*,*,#4546,.F.);
#4549=ORIENTED_EDGE('',*,*,#4548,.F.);
#4551=ORIENTED_EDGE('',*,*,#4550,.T.);
#4552=EDGE_LOOP('',(#4545,#4547,#4549,#4551));
#4553=FACE_BOUND('',#4552,.F.);
#4555=ORIENTED_EDGE('',*,*,#4554,.T.);
#4557=ORIENTED_EDGE('',*,*,#4556,.F.);
#4559=ORIENTED_EDGE('',*,*,#4558,.F.);
#4561=ORIENTED_EDGE('',*,*,#4560,.T.);
#4562=EDGE_LOOP('',(#4555,#4557,#4559,#4561));
#4563=FACE_BOUND('',#4562,.F.);
#4565=ORIENTED_EDGE('',*,*,#4564,.T.);
#4567=ORIENTED_EDGE('',*,*,#4566,.F.);
#4569=ORIENTED_EDGE('',*,*,#4568,.F.);
#4571=ORIENTED_EDGE('',*,*,#4570,.T.);
#4572=EDGE_LOOP('',(#4565,#4567,#4569,#4571));
#4573=FACE_BOUND('',#4572,.F.);
#4575=ORIENTED_EDGE('',*,*,#4574,.T.);
#4577=ORIENTED_EDGE('',*,*,#4576,.F.);
#4579=ORIENTED_EDGE('',*,*,#4578,.F.);
#4581=ORIENTED_EDGE('',*,*,#4580,.T.);
#4582=EDGE_LOOP('',(#4575,#4577,#4579,#4581));
#4583=FACE_BOUND('',#4582,.F.);
#4585=ORIENTED_EDGE('',*,*,#4584,.T.);
#4587=ORIENTED_EDGE('',*,*,#4586,.F.);
#4589=ORIENTED_EDGE('',*,*,#4588,.T.);
#4591=ORIENTED_EDGE('',*,*,#4590,.F.);
#4593=ORIENTED_EDGE('',*,*,#4592,.T.);
#4595=ORIENTED_EDGE('',*,*,#4594,.F.);
#4597=ORIENTED_EDGE('',*,*,#4596,.T.);
#4599=ORIENTED_EDGE('',*,*,#4598,.F.);
#4600=EDGE_LOOP('',(#4585,#4587,#4589,#4591,#4593,#4595,#4597,#4599));
#4601=FACE_BOUND('',#4600,.F.);
#4603=CARTESIAN_POINT('',(2.67E0,-2.86E-1,-7.28E0));
#4604=DIRECTION('',(9.999253696605E-1,0.E0,1.221700083525E-2));
#4605=DIRECTION('',(0.E0,1.E0,0.E0));
#4606=AXIS2_PLACEMENT_3D('',#4603,#4604,#4605);
#4607=PLANE('',#4606);
#4609=ORIENTED_EDGE('',*,*,#4608,.F.);
#4610=ORIENTED_EDGE('',*,*,#4584,.F.);
#4612=ORIENTED_EDGE('',*,*,#4611,.T.);
#4614=ORIENTED_EDGE('',*,*,#4613,.T.);
#4615=EDGE_LOOP('',(#4609,#4610,#4612,#4614));
#4616=FACE_OUTER_BOUND('',#4615,.F.);
#4618=CARTESIAN_POINT('',(2.651239672119E0,1.845239672119E0,-2.211515264122E1));
#4619=DIRECTION('',(-1.221608921240E-2,-1.221608921240E-2,9.998507560275E-1));
#4620=DIRECTION('',(9.999253696605E-1,0.E0,1.221700083525E-2));
#4621=AXIS2_PLACEMENT_3D('',#4618,#4619,#4620);
#4622=CYLINDRICAL_SURFACE('',#4621,2.E-1);
#4624=ORIENTED_EDGE('',*,*,#4623,.T.);
#4626=ORIENTED_EDGE('',*,*,#4625,.F.);
#4627=ORIENTED_EDGE('',*,*,#4586,.T.);
#4628=ORIENTED_EDGE('',*,*,#4608,.T.);
#4629=EDGE_LOOP('',(#4624,#4626,#4627,#4628));
#4630=FACE_OUTER_BOUND('',#4629,.F.);
#4632=CARTESIAN_POINT('',(-4.5E0,0.E0,-4.58E0));
#4633=DIRECTION('',(0.E0,0.E0,1.E0));
#4634=DIRECTION('',(1.E0,0.E0,0.E0));
#4635=AXIS2_PLACEMENT_3D('',#4632,#4633,#4634);
#4636=PLANE('',#4635);
#4638=ORIENTED_EDGE('',*,*,#4637,.F.);
#4640=ORIENTED_EDGE('',*,*,#4639,.F.);
#4641=ORIENTED_EDGE('',*,*,#4623,.F.);
#4642=ORIENTED_EDGE('',*,*,#4613,.F.);
#4644=ORIENTED_EDGE('',*,*,#4643,.F.);
#4646=ORIENTED_EDGE('',*,*,#4645,.F.);
#4648=ORIENTED_EDGE('',*,*,#4647,.F.);
#4650=ORIENTED_EDGE('',*,*,#4649,.F.);
#4651=EDGE_LOOP('',(#4638,#4640,#4641,#4642,#4644,#4646,#4648,#4650));
#4652=FACE_OUTER_BOUND('',#4651,.F.);
#4654=CARTESIAN_POINT('',(-2.651239672119E0,1.845239672119E0,
-2.211515264122E1));
#4655=DIRECTION('',(1.221608921240E-2,-1.221608921240E-2,9.998507560275E-1));
#4656=DIRECTION('',(0.E0,9.999253696605E-1,1.221700083525E-2));
#4657=AXIS2_PLACEMENT_3D('',#4654,#4655,#4656);
#4658=CYLINDRICAL_SURFACE('',#4657,2.E-1);
#4659=ORIENTED_EDGE('',*,*,#4637,.T.);
#4661=ORIENTED_EDGE('',*,*,#4660,.F.);
#4662=ORIENTED_EDGE('',*,*,#4590,.T.);
#4664=ORIENTED_EDGE('',*,*,#4663,.T.);
#4665=EDGE_LOOP('',(#4659,#4661,#4662,#4664));
#4666=FACE_OUTER_BOUND('',#4665,.F.);
#4668=CARTESIAN_POINT('',(-2.67E0,1.864E0,-7.28E0));
#4669=DIRECTION('',(-9.999253696605E-1,0.E0,1.221700083525E-2));
#4670=DIRECTION('',(0.E0,-1.E0,0.E0));
#4671=AXIS2_PLACEMENT_3D('',#4668,#4669,#4670);
#4672=PLANE('',#4671);
#4673=ORIENTED_EDGE('',*,*,#4660,.T.);
#4674=ORIENTED_EDGE('',*,*,#4649,.T.);
#4676=ORIENTED_EDGE('',*,*,#4675,.F.);
#4677=ORIENTED_EDGE('',*,*,#4592,.F.);
#4678=EDGE_LOOP('',(#4673,#4674,#4676,#4677));
#4679=FACE_OUTER_BOUND('',#4678,.F.);
#4681=CARTESIAN_POINT('',(-2.651239672119E0,-2.672396721192E-1,
-2.211515264122E1));
#4682=DIRECTION('',(1.221608921240E-2,1.221608921240E-2,9.998507560275E-1));
#4683=DIRECTION('',(-9.999253696605E-1,0.E0,1.221700083525E-2));
#4684=AXIS2_PLACEMENT_3D('',#4681,#4682,#4683);
#4685=CYLINDRICAL_SURFACE('',#4684,2.E-1);
#4686=ORIENTED_EDGE('',*,*,#4647,.T.);
#4688=ORIENTED_EDGE('',*,*,#4687,.F.);
#4689=ORIENTED_EDGE('',*,*,#4594,.T.);
#4690=ORIENTED_EDGE('',*,*,#4675,.T.);
#4691=EDGE_LOOP('',(#4686,#4688,#4689,#4690));
#4692=FACE_OUTER_BOUND('',#4691,.F.);
#4694=CARTESIAN_POINT('',(-2.67E0,-2.86E-1,-7.28E0));
#4695=DIRECTION('',(0.E0,-9.999253696605E-1,1.221700083525E-2));
#4696=DIRECTION('',(1.E0,0.E0,0.E0));
#4697=AXIS2_PLACEMENT_3D('',#4694,#4695,#4696);
#4698=PLANE('',#4697);
#4700=ORIENTED_EDGE('',*,*,#4699,.F.);
#4701=ORIENTED_EDGE('',*,*,#4596,.F.);
#4702=ORIENTED_EDGE('',*,*,#4687,.T.);
#4703=ORIENTED_EDGE('',*,*,#4645,.T.);
#4704=EDGE_LOOP('',(#4700,#4701,#4702,#4703));
#4705=FACE_OUTER_BOUND('',#4704,.F.);
#4707=CARTESIAN_POINT('',(2.651239672119E0,-2.672396721192E-1,
-2.211515264122E1));
#4708=DIRECTION('',(-1.221608921240E-2,1.221608921240E-2,9.998507560275E-1));
#4709=DIRECTION('',(0.E0,-9.999253696605E-1,1.221700083525E-2));
#4710=AXIS2_PLACEMENT_3D('',#4707,#4708,#4709);
#4711=CYLINDRICAL_SURFACE('',#4710,2.E-1);
#4712=ORIENTED_EDGE('',*,*,#4643,.T.);
#4713=ORIENTED_EDGE('',*,*,#4611,.F.);
#4714=ORIENTED_EDGE('',*,*,#4598,.T.);
#4715=ORIENTED_EDGE('',*,*,#4699,.T.);
#4716=EDGE_LOOP('',(#4712,#4713,#4714,#4715));
#4717=FACE_OUTER_BOUND('',#4716,.F.);
#4719=CARTESIAN_POINT('',(2.67E0,1.864E0,-7.28E0));
#4720=DIRECTION('',(0.E0,9.999253696605E-1,1.221700083525E-2));
#4721=DIRECTION('',(-1.E0,0.E0,0.E0));
#4722=AXIS2_PLACEMENT_3D('',#4719,#4720,#4721);
#4723=PLANE('',#4722);
#4724=ORIENTED_EDGE('',*,*,#4663,.F.);
#4725=ORIENTED_EDGE('',*,*,#4588,.F.);
#4726=ORIENTED_EDGE('',*,*,#4625,.T.);
#4727=ORIENTED_EDGE('',*,*,#4639,.T.);
#4728=EDGE_LOOP('',(#4724,#4725,#4726,#4727));
#4729=FACE_OUTER_BOUND('',#4728,.F.);
#4731=CARTESIAN_POINT('',(-2.45E0,0.E0,0.E0));
#4732=DIRECTION('',(-1.E0,0.E0,0.E0));
#4733=DIRECTION('',(0.E0,-1.E0,0.E0));
#4734=AXIS2_PLACEMENT_3D('',#4731,#4732,#4733);
#4735=PLANE('',#4734);
#4736=ORIENTED_EDGE('',*,*,#4504,.F.);
#4738=ORIENTED_EDGE('',*,*,#4737,.F.);
#4740=ORIENTED_EDGE('',*,*,#4739,.F.);
#4742=ORIENTED_EDGE('',*,*,#4741,.F.);
#4743=EDGE_LOOP('',(#4736,#4738,#4740,#4742));
#4744=FACE_OUTER_BOUND('',#4743,.F.);
#4746=CARTESIAN_POINT('',(-2.45E0,0.E0,0.E0));
#4747=DIRECTION('',(-1.E0,0.E0,0.E0));
#4748=DIRECTION('',(0.E0,-1.E0,0.E0));
#4749=AXIS2_PLACEMENT_3D('',#4746,#4747,#4748);
#4750=PLANE('',#4749);
#4751=ORIENTED_EDGE('',*,*,#4514,.F.);
#4753=ORIENTED_EDGE('',*,*,#4752,.F.);
#4755=ORIENTED_EDGE('',*,*,#4754,.F.);
#4757=ORIENTED_EDGE('',*,*,#4756,.F.);
#4758=EDGE_LOOP('',(#4751,#4753,#4755,#4757));
#4759=FACE_OUTER_BOUND('',#4758,.F.);
#4761=CARTESIAN_POINT('',(-2.45E0,0.E0,0.E0));
#4762=DIRECTION('',(-1.E0,0.E0,0.E0));
#4763=DIRECTION('',(0.E0,-1.E0,0.E0));
#4764=AXIS2_PLACEMENT_3D('',#4761,#4762,#4763);
#4765=PLANE('',#4764);
#4767=ORIENTED_EDGE('',*,*,#4766,.F.);
#4769=ORIENTED_EDGE('',*,*,#4768,.T.);
#4771=ORIENTED_EDGE('',*,*,#4770,.F.);
#4773=ORIENTED_EDGE('',*,*,#4772,.F.);
#4775=ORIENTED_EDGE('',*,*,#4774,.F.);
#4777=ORIENTED_EDGE('',*,*,#4776,.F.);
#4779=ORIENTED_EDGE('',*,*,#4778,.F.);
#4781=ORIENTED_EDGE('',*,*,#4780,.F.);
#4783=ORIENTED_EDGE('',*,*,#4782,.F.);
#4785=ORIENTED_EDGE('',*,*,#4784,.F.);
#4786=EDGE_LOOP('',(#4767,#4769,#4771,#4773,#4775,#4777,#4779,#4781,#4783,
#4785));
#4787=FACE_OUTER_BOUND('',#4786,.F.);
#4789=CARTESIAN_POINT('',(-2.45E0,0.E0,0.E0));
#4790=DIRECTION('',(-1.E0,0.E0,0.E0));
#4791=DIRECTION('',(0.E0,-1.E0,0.E0));
#4792=AXIS2_PLACEMENT_3D('',#4789,#4790,#4791);
#4793=PLANE('',#4792);
#4795=ORIENTED_EDGE('',*,*,#4794,.F.);
#4797=ORIENTED_EDGE('',*,*,#4796,.F.);
#4799=ORIENTED_EDGE('',*,*,#4798,.F.);
#4801=ORIENTED_EDGE('',*,*,#4800,.F.);
#4803=ORIENTED_EDGE('',*,*,#4802,.F.);
#4805=ORIENTED_EDGE('',*,*,#4804,.T.);
#4807=ORIENTED_EDGE('',*,*,#4806,.T.);
#4809=ORIENTED_EDGE('',*,*,#4808,.F.);
#4810=EDGE_LOOP('',(#4795,#4797,#4799,#4801,#4803,#4805,#4807,#4809));
#4811=FACE_OUTER_BOUND('',#4810,.F.);
#4813=CARTESIAN_POINT('',(-2.45E0,2.934E0,-4.78E0));
#4814=DIRECTION('',(0.E0,1.E0,0.E0));
#4815=DIRECTION('',(0.E0,0.E0,-1.E0));
#4816=AXIS2_PLACEMENT_3D('',#4813,#4814,#4815);
#4817=PLANE('',#4816);
#4818=ORIENTED_EDGE('',*,*,#4510,.F.);
#4820=ORIENTED_EDGE('',*,*,#4819,.F.);
#4822=ORIENTED_EDGE('',*,*,#4821,.F.);
#4823=ORIENTED_EDGE('',*,*,#4737,.T.);
#4824=EDGE_LOOP('',(#4818,#4820,#4822,#4823));
#4825=FACE_OUTER_BOUND('',#4824,.F.);
#4827=CARTESIAN_POINT('',(-2.05E0,0.E0,0.E0));
#4828=DIRECTION('',(-1.E0,0.E0,0.E0));
#4829=DIRECTION('',(0.E0,-1.E0,0.E0));
#4830=AXIS2_PLACEMENT_3D('',#4827,#4828,#4829);
#4831=PLANE('',#4830);
#4832=ORIENTED_EDGE('',*,*,#4508,.T.);
#4834=ORIENTED_EDGE('',*,*,#4833,.T.);
#4836=ORIENTED_EDGE('',*,*,#4835,.T.);
#4837=ORIENTED_EDGE('',*,*,#4819,.T.);
#4838=EDGE_LOOP('',(#4832,#4834,#4836,#4837));
#4839=FACE_OUTER_BOUND('',#4838,.F.);
#4841=CARTESIAN_POINT('',(-2.05E0,0.E0,0.E0));
#4842=DIRECTION('',(-1.E0,0.E0,0.E0));
#4843=DIRECTION('',(0.E0,-1.E0,0.E0));
#4844=AXIS2_PLACEMENT_3D('',#4841,#4842,#4843);
#4845=PLANE('',#4844);
#4846=ORIENTED_EDGE('',*,*,#4518,.T.);
#4848=ORIENTED_EDGE('',*,*,#4847,.T.);
#4850=ORIENTED_EDGE('',*,*,#4849,.T.);
#4852=ORIENTED_EDGE('',*,*,#4851,.T.);
#4853=EDGE_LOOP('',(#4846,#4848,#4850,#4852));
#4854=FACE_OUTER_BOUND('',#4853,.F.);
#4856=CARTESIAN_POINT('',(-2.05E0,0.E0,0.E0));
#4857=DIRECTION('',(-1.E0,0.E0,0.E0));
#4858=DIRECTION('',(0.E0,-1.E0,0.E0));
#4859=AXIS2_PLACEMENT_3D('',#4856,#4857,#4858);
#4860=PLANE('',#4859);
#4862=ORIENTED_EDGE('',*,*,#4861,.T.);
#4864=ORIENTED_EDGE('',*,*,#4863,.T.);
#4866=ORIENTED_EDGE('',*,*,#4865,.T.);
#4868=ORIENTED_EDGE('',*,*,#4867,.T.);
#4870=ORIENTED_EDGE('',*,*,#4869,.T.);
#4872=ORIENTED_EDGE('',*,*,#4871,.T.);
#4874=ORIENTED_EDGE('',*,*,#4873,.T.);
#4876=ORIENTED_EDGE('',*,*,#4875,.T.);
#4878=ORIENTED_EDGE('',*,*,#4877,.T.);
#4880=ORIENTED_EDGE('',*,*,#4879,.F.);
#4881=EDGE_LOOP('',(#4862,#4864,#4866,#4868,#4870,#4872,#4874,#4876,#4878,
#4880));
#4882=FACE_OUTER_BOUND('',#4881,.F.);
#4884=CARTESIAN_POINT('',(-2.05E0,0.E0,0.E0));
#4885=DIRECTION('',(-1.E0,0.E0,0.E0));
#4886=DIRECTION('',(0.E0,-1.E0,0.E0));
#4887=AXIS2_PLACEMENT_3D('',#4884,#4885,#4886);
#4888=PLANE('',#4887);
#4890=ORIENTED_EDGE('',*,*,#4889,.T.);
#4892=ORIENTED_EDGE('',*,*,#4891,.F.);
#4894=ORIENTED_EDGE('',*,*,#4893,.F.);
#4896=ORIENTED_EDGE('',*,*,#4895,.F.);
#4898=ORIENTED_EDGE('',*,*,#4897,.T.);
#4900=ORIENTED_EDGE('',*,*,#4899,.T.);
#4902=ORIENTED_EDGE('',*,*,#4901,.T.);
#4904=ORIENTED_EDGE('',*,*,#4903,.T.);
#4905=EDGE_LOOP('',(#4890,#4892,#4894,#4896,#4898,#4900,#4902,#4904));
#4906=FACE_OUTER_BOUND('',#4905,.F.);
#4908=CARTESIAN_POINT('',(-2.45E0,2.634E0,-7.28E0));
#4909=DIRECTION('',(0.E0,-1.E0,0.E0));
#4910=DIRECTION('',(0.E0,0.E0,1.E0));
#4911=AXIS2_PLACEMENT_3D('',#4908,#4909,#4910);
#4912=PLANE('',#4911);
#4913=ORIENTED_EDGE('',*,*,#4506,.T.);
#4914=ORIENTED_EDGE('',*,*,#4741,.T.);
#4916=ORIENTED_EDGE('',*,*,#4915,.T.);
#4917=ORIENTED_EDGE('',*,*,#4833,.F.);
#4918=EDGE_LOOP('',(#4913,#4914,#4916,#4917));
#4919=FACE_OUTER_BOUND('',#4918,.F.);
#4921=CARTESIAN_POINT('',(-2.45E0,2.634E0,-4.78E0));
#4922=DIRECTION('',(0.E0,0.E0,1.E0));
#4923=DIRECTION('',(0.E0,1.E0,0.E0));
#4924=AXIS2_PLACEMENT_3D('',#4921,#4922,#4923);
#4925=PLANE('',#4924);
#4926=ORIENTED_EDGE('',*,*,#4739,.T.);
#4927=ORIENTED_EDGE('',*,*,#4821,.T.);
#4928=ORIENTED_EDGE('',*,*,#4835,.F.);
#4929=ORIENTED_EDGE('',*,*,#4915,.F.);
#4930=EDGE_LOOP('',(#4926,#4927,#4928,#4929));
#4931=FACE_OUTER_BOUND('',#4930,.F.);
#4933=CARTESIAN_POINT('',(-2.45E0,-1.356E0,-7.28E0));
#4934=DIRECTION('',(0.E0,-1.E0,0.E0));
#4935=DIRECTION('',(0.E0,0.E0,1.E0));
#4936=AXIS2_PLACEMENT_3D('',#4933,#4934,#4935);
#4937=PLANE('',#4936);
#4938=ORIENTED_EDGE('',*,*,#4516,.T.);
#4939=ORIENTED_EDGE('',*,*,#4756,.T.);
#4941=ORIENTED_EDGE('',*,*,#4940,.T.);
#4942=ORIENTED_EDGE('',*,*,#4847,.F.);
#4943=EDGE_LOOP('',(#4938,#4939,#4941,#4942));
#4944=FACE_OUTER_BOUND('',#4943,.F.);
#4946=CARTESIAN_POINT('',(-2.45E0,-1.356E0,-4.78E0));
#4947=DIRECTION('',(0.E0,0.E0,1.E0));
#4948=DIRECTION('',(0.E0,1.E0,0.E0));
#4949=AXIS2_PLACEMENT_3D('',#4946,#4947,#4948);
#4950=PLANE('',#4949);
#4951=ORIENTED_EDGE('',*,*,#4754,.T.);
#4953=ORIENTED_EDGE('',*,*,#4952,.T.);
#4954=ORIENTED_EDGE('',*,*,#4849,.F.);
#4955=ORIENTED_EDGE('',*,*,#4940,.F.);
#4956=EDGE_LOOP('',(#4951,#4953,#4954,#4955));
#4957=FACE_OUTER_BOUND('',#4956,.F.);
#4959=CARTESIAN_POINT('',(-2.45E0,-1.056E0,-4.78E0));
#4960=DIRECTION('',(0.E0,1.E0,0.E0));
#4961=DIRECTION('',(0.E0,0.E0,-1.E0));
#4962=AXIS2_PLACEMENT_3D('',#4959,#4960,#4961);
#4963=PLANE('',#4962);
#4964=ORIENTED_EDGE('',*,*,#4520,.F.);
#4965=ORIENTED_EDGE('',*,*,#4851,.F.);
#4966=ORIENTED_EDGE('',*,*,#4952,.F.);
#4967=ORIENTED_EDGE('',*,*,#4752,.T.);
#4968=EDGE_LOOP('',(#4964,#4965,#4966,#4967));
#4969=FACE_OUTER_BOUND('',#4968,.F.);
#4971=CARTESIAN_POINT('',(-4.5E0,-3.85E0,-9.6E0));
#4972=DIRECTION('',(0.E0,-1.E0,0.E0));
#4973=DIRECTION('',(0.E0,0.E0,1.E0));
#4974=AXIS2_PLACEMENT_3D('',#4971,#4972,#4973);
#4975=PLANE('',#4974);
#4976=ORIENTED_EDGE('',*,*,#4766,.T.);
#4978=ORIENTED_EDGE('',*,*,#4977,.F.);
#4980=ORIENTED_EDGE('',*,*,#4979,.F.);
#4982=ORIENTED_EDGE('',*,*,#4981,.T.);
#4984=ORIENTED_EDGE('',*,*,#4983,.F.);
#4986=ORIENTED_EDGE('',*,*,#4985,.T.);
#4988=ORIENTED_EDGE('',*,*,#4987,.T.);
#4990=ORIENTED_EDGE('',*,*,#4989,.T.);
#4991=EDGE_LOOP('',(#4976,#4978,#4980,#4982,#4984,#4986,#4988,#4990));
#4992=FACE_OUTER_BOUND('',#4991,.F.);
#4994=CARTESIAN_POINT('',(-4.5E0,-3.85E0,-9.6E0));
#4995=DIRECTION('',(0.E0,-1.E0,0.E0));
#4996=DIRECTION('',(0.E0,0.E0,1.E0));
#4997=AXIS2_PLACEMENT_3D('',#4994,#4995,#4996);
#4998=PLANE('',#4997);
#5000=ORIENTED_EDGE('',*,*,#4999,.T.);
#5002=ORIENTED_EDGE('',*,*,#5001,.F.);
#5003=ORIENTED_EDGE('',*,*,#4861,.F.);
#5005=ORIENTED_EDGE('',*,*,#5004,.T.);
#5006=EDGE_LOOP('',(#5000,#5002,#5003,#5005));
#5007=FACE_OUTER_BOUND('',#5006,.F.);
#5009=CARTESIAN_POINT('',(-4.5E0,-3.85E0,-9.6E0));
#5010=DIRECTION('',(0.E0,-1.E0,0.E0));
#5011=DIRECTION('',(0.E0,0.E0,1.E0));
#5012=AXIS2_PLACEMENT_3D('',#5009,#5010,#5011);
#5013=PLANE('',#5012);
#5015=ORIENTED_EDGE('',*,*,#5014,.T.);
#5017=ORIENTED_EDGE('',*,*,#5016,.F.);
#5019=ORIENTED_EDGE('',*,*,#5018,.F.);
#5021=ORIENTED_EDGE('',*,*,#5020,.T.);
#5022=EDGE_LOOP('',(#5015,#5017,#5019,#5021));
#5023=FACE_OUTER_BOUND('',#5022,.F.);
#5025=CARTESIAN_POINT('',(-4.5E0,-3.85E0,-9.6E0));
#5026=DIRECTION('',(0.E0,-1.E0,0.E0));
#5027=DIRECTION('',(0.E0,0.E0,1.E0));
#5028=AXIS2_PLACEMENT_3D('',#5025,#5026,#5027);
#5029=PLANE('',#5028);
#5031=ORIENTED_EDGE('',*,*,#5030,.T.);
#5033=ORIENTED_EDGE('',*,*,#5032,.F.);
#5035=ORIENTED_EDGE('',*,*,#5034,.F.);
#5037=ORIENTED_EDGE('',*,*,#5036,.T.);
#5038=EDGE_LOOP('',(#5031,#5033,#5035,#5037));
#5039=FACE_OUTER_BOUND('',#5038,.F.);
#5041=CARTESIAN_POINT('',(-4.5E0,-3.85E0,-9.6E0));
#5042=DIRECTION('',(0.E0,-1.E0,0.E0));
#5043=DIRECTION('',(0.E0,0.E0,1.E0));
#5044=AXIS2_PLACEMENT_3D('',#5041,#5042,#5043);
#5045=PLANE('',#5044);
#5047=ORIENTED_EDGE('',*,*,#5046,.F.);
#5049=ORIENTED_EDGE('',*,*,#5048,.T.);
#5051=ORIENTED_EDGE('',*,*,#5050,.F.);
#5053=ORIENTED_EDGE('',*,*,#5052,.T.);
#5055=ORIENTED_EDGE('',*,*,#5054,.F.);
#5057=ORIENTED_EDGE('',*,*,#5056,.F.);
#5059=ORIENTED_EDGE('',*,*,#5058,.F.);
#5061=ORIENTED_EDGE('',*,*,#5060,.F.);
#5062=EDGE_LOOP('',(#5047,#5049,#5051,#5053,#5055,#5057,#5059,#5061));
#5063=FACE_OUTER_BOUND('',#5062,.F.);
#5065=CARTESIAN_POINT('',(-4.5E0,-3.85E0,-9.4E0));
#5066=DIRECTION('',(0.E0,0.E0,1.E0));
#5067=DIRECTION('',(0.E0,1.E0,0.E0));
#5068=AXIS2_PLACEMENT_3D('',#5065,#5066,#5067);
#5069=PLANE('',#5068);
#5071=ORIENTED_EDGE('',*,*,#5070,.T.);
#5073=ORIENTED_EDGE('',*,*,#5072,.F.);
#5075=ORIENTED_EDGE('',*,*,#5074,.F.);
#5076=ORIENTED_EDGE('',*,*,#5060,.T.);
#5078=ORIENTED_EDGE('',*,*,#5077,.T.);
#5080=ORIENTED_EDGE('',*,*,#5079,.F.);
#5082=ORIENTED_EDGE('',*,*,#5081,.F.);
#5084=ORIENTED_EDGE('',*,*,#5083,.T.);
#5086=ORIENTED_EDGE('',*,*,#5085,.T.);
#5088=ORIENTED_EDGE('',*,*,#5087,.F.);
#5090=ORIENTED_EDGE('',*,*,#5089,.F.);
#5092=ORIENTED_EDGE('',*,*,#5091,.T.);
#5094=ORIENTED_EDGE('',*,*,#5093,.T.);
#5096=ORIENTED_EDGE('',*,*,#5095,.F.);
#5098=ORIENTED_EDGE('',*,*,#5097,.F.);
#5100=ORIENTED_EDGE('',*,*,#5099,.T.);
#5102=ORIENTED_EDGE('',*,*,#5101,.T.);
#5104=ORIENTED_EDGE('',*,*,#5103,.F.);
#5105=ORIENTED_EDGE('',*,*,#4889,.F.);
#5107=ORIENTED_EDGE('',*,*,#5106,.T.);
#5108=ORIENTED_EDGE('',*,*,#4794,.T.);
#5110=ORIENTED_EDGE('',*,*,#5109,.F.);
#5112=ORIENTED_EDGE('',*,*,#5111,.T.);
#5113=ORIENTED_EDGE('',*,*,#4977,.T.);
#5114=ORIENTED_EDGE('',*,*,#4784,.T.);
#5116=ORIENTED_EDGE('',*,*,#5115,.F.);
#5117=ORIENTED_EDGE('',*,*,#4863,.F.);
#5118=ORIENTED_EDGE('',*,*,#5001,.T.);
#5120=ORIENTED_EDGE('',*,*,#5119,.T.);
#5122=ORIENTED_EDGE('',*,*,#5121,.F.);
#5124=ORIENTED_EDGE('',*,*,#5123,.F.);
#5125=ORIENTED_EDGE('',*,*,#5016,.T.);
#5127=ORIENTED_EDGE('',*,*,#5126,.T.);
#5129=ORIENTED_EDGE('',*,*,#5128,.F.);
#5131=ORIENTED_EDGE('',*,*,#5130,.F.);
#5132=ORIENTED_EDGE('',*,*,#5032,.T.);
#5133=EDGE_LOOP('',(#5071,#5073,#5075,#5076,#5078,#5080,#5082,#5084,#5086,#5088,
#5090,#5092,#5094,#5096,#5098,#5100,#5102,#5104,#5105,#5107,#5108,#5110,#5112,
#5113,#5114,#5116,#5117,#5118,#5120,#5122,#5124,#5125,#5127,#5129,#5131,#5132));
#5134=FACE_OUTER_BOUND('',#5133,.F.);
#5136=CARTESIAN_POINT('',(2.05E0,0.E0,0.E0));
#5137=DIRECTION('',(-1.E0,0.E0,0.E0));
#5138=DIRECTION('',(0.E0,-1.E0,0.E0));
#5139=AXIS2_PLACEMENT_3D('',#5136,#5137,#5138);
#5140=PLANE('',#5139);
#5141=ORIENTED_EDGE('',*,*,#4564,.F.);
#5143=ORIENTED_EDGE('',*,*,#5142,.F.);
#5145=ORIENTED_EDGE('',*,*,#5144,.F.);
#5147=ORIENTED_EDGE('',*,*,#5146,.F.);
#5148=EDGE_LOOP('',(#5141,#5143,#5145,#5147));
#5149=FACE_OUTER_BOUND('',#5148,.F.);
#5151=CARTESIAN_POINT('',(2.05E0,0.E0,0.E0));
#5152=DIRECTION('',(-1.E0,0.E0,0.E0));
#5153=DIRECTION('',(0.E0,-1.E0,0.E0));
#5154=AXIS2_PLACEMENT_3D('',#5151,#5152,#5153);
#5155=PLANE('',#5154);
#5156=ORIENTED_EDGE('',*,*,#4574,.F.);
#5158=ORIENTED_EDGE('',*,*,#5157,.F.);
#5160=ORIENTED_EDGE('',*,*,#5159,.F.);
#5162=ORIENTED_EDGE('',*,*,#5161,.F.);
#5163=EDGE_LOOP('',(#5156,#5158,#5160,#5162));
#5164=FACE_OUTER_BOUND('',#5163,.F.);
#5166=CARTESIAN_POINT('',(2.05E0,0.E0,0.E0));
#5167=DIRECTION('',(-1.E0,0.E0,0.E0));
#5168=DIRECTION('',(0.E0,-1.E0,0.E0));
#5169=AXIS2_PLACEMENT_3D('',#5166,#5167,#5168);
#5170=PLANE('',#5169);
#5171=ORIENTED_EDGE('',*,*,#5030,.F.);
#5173=ORIENTED_EDGE('',*,*,#5172,.T.);
#5175=ORIENTED_EDGE('',*,*,#5174,.F.);
#5177=ORIENTED_EDGE('',*,*,#5176,.F.);
#5179=ORIENTED_EDGE('',*,*,#5178,.F.);
#5181=ORIENTED_EDGE('',*,*,#5180,.F.);
#5183=ORIENTED_EDGE('',*,*,#5182,.F.);
#5185=ORIENTED_EDGE('',*,*,#5184,.F.);
#5187=ORIENTED_EDGE('',*,*,#5186,.F.);
#5188=ORIENTED_EDGE('',*,*,#5070,.F.);
#5189=EDGE_LOOP('',(#5171,#5173,#5175,#5177,#5179,#5181,#5183,#5185,#5187,
#5188));
#5190=FACE_OUTER_BOUND('',#5189,.F.);
#5192=CARTESIAN_POINT('',(2.05E0,0.E0,0.E0));
#5193=DIRECTION('',(-1.E0,0.E0,0.E0));
#5194=DIRECTION('',(0.E0,-1.E0,0.E0));
#5195=AXIS2_PLACEMENT_3D('',#5192,#5193,#5194);
#5196=PLANE('',#5195);
#5197=ORIENTED_EDGE('',*,*,#5085,.F.);
#5199=ORIENTED_EDGE('',*,*,#5198,.F.);
#5201=ORIENTED_EDGE('',*,*,#5200,.F.);
#5203=ORIENTED_EDGE('',*,*,#5202,.F.);
#5205=ORIENTED_EDGE('',*,*,#5204,.F.);
#5207=ORIENTED_EDGE('',*,*,#5206,.T.);
#5209=ORIENTED_EDGE('',*,*,#5208,.T.);
#5211=ORIENTED_EDGE('',*,*,#5210,.F.);
#5212=EDGE_LOOP('',(#5197,#5199,#5201,#5203,#5205,#5207,#5209,#5211));
#5213=FACE_OUTER_BOUND('',#5212,.F.);
#5215=CARTESIAN_POINT('',(2.05E0,2.934E0,-4.78E0));
#5216=DIRECTION('',(0.E0,1.E0,0.E0));
#5217=DIRECTION('',(0.E0,0.E0,-1.E0));
#5218=AXIS2_PLACEMENT_3D('',#5215,#5216,#5217);
#5219=PLANE('',#5218);
#5220=ORIENTED_EDGE('',*,*,#4570,.F.);
#5222=ORIENTED_EDGE('',*,*,#5221,.F.);
#5224=ORIENTED_EDGE('',*,*,#5223,.F.);
#5225=ORIENTED_EDGE('',*,*,#5142,.T.);
#5226=EDGE_LOOP('',(#5220,#5222,#5224,#5225));
#5227=FACE_OUTER_BOUND('',#5226,.F.);
#5229=CARTESIAN_POINT('',(2.45E0,0.E0,0.E0));
#5230=DIRECTION('',(-1.E0,0.E0,0.E0));
#5231=DIRECTION('',(0.E0,-1.E0,0.E0));
#5232=AXIS2_PLACEMENT_3D('',#5229,#5230,#5231);
#5233=PLANE('',#5232);
#5234=ORIENTED_EDGE('',*,*,#4568,.T.);
#5236=ORIENTED_EDGE('',*,*,#5235,.T.);
#5238=ORIENTED_EDGE('',*,*,#5237,.T.);
#5239=ORIENTED_EDGE('',*,*,#5221,.T.);
#5240=EDGE_LOOP('',(#5234,#5236,#5238,#5239));
#5241=FACE_OUTER_BOUND('',#5240,.F.);
#5243=CARTESIAN_POINT('',(2.45E0,0.E0,0.E0));
#5244=DIRECTION('',(-1.E0,0.E0,0.E0));
#5245=DIRECTION('',(0.E0,-1.E0,0.E0));
#5246=AXIS2_PLACEMENT_3D('',#5243,#5244,#5245);
#5247=PLANE('',#5246);
#5248=ORIENTED_EDGE('',*,*,#4578,.T.);
#5250=ORIENTED_EDGE('',*,*,#5249,.T.);
#5252=ORIENTED_EDGE('',*,*,#5251,.T.);
#5254=ORIENTED_EDGE('',*,*,#5253,.T.);
#5255=EDGE_LOOP('',(#5248,#5250,#5252,#5254));
#5256=FACE_OUTER_BOUND('',#5255,.F.);
#5258=CARTESIAN_POINT('',(2.45E0,0.E0,0.E0));
#5259=DIRECTION('',(-1.E0,0.E0,0.E0));
#5260=DIRECTION('',(0.E0,-1.E0,0.E0));
#5261=AXIS2_PLACEMENT_3D('',#5258,#5259,#5260);
#5262=PLANE('',#5261);
#5263=ORIENTED_EDGE('',*,*,#5046,.T.);
#5264=ORIENTED_EDGE('',*,*,#5074,.T.);
#5266=ORIENTED_EDGE('',*,*,#5265,.T.);
#5268=ORIENTED_EDGE('',*,*,#5267,.T.);
#5270=ORIENTED_EDGE('',*,*,#5269,.T.);
#5272=ORIENTED_EDGE('',*,*,#5271,.T.);
#5274=ORIENTED_EDGE('',*,*,#5273,.T.);
#5276=ORIENTED_EDGE('',*,*,#5275,.T.);
#5278=ORIENTED_EDGE('',*,*,#5277,.T.);
#5280=ORIENTED_EDGE('',*,*,#5279,.F.);
#5281=EDGE_LOOP('',(#5263,#5264,#5266,#5268,#5270,#5272,#5274,#5276,#5278,
#5280));
#5282=FACE_OUTER_BOUND('',#5281,.F.);
#5284=CARTESIAN_POINT('',(2.45E0,0.E0,0.E0));
#5285=DIRECTION('',(-1.E0,0.E0,0.E0));
#5286=DIRECTION('',(0.E0,-1.E0,0.E0));
#5287=AXIS2_PLACEMENT_3D('',#5284,#5285,#5286);
#5288=PLANE('',#5287);
#5289=ORIENTED_EDGE('',*,*,#5081,.T.);
#5291=ORIENTED_EDGE('',*,*,#5290,.F.);
#5293=ORIENTED_EDGE('',*,*,#5292,.F.);
#5295=ORIENTED_EDGE('',*,*,#5294,.F.);
#5297=ORIENTED_EDGE('',*,*,#5296,.T.);
#5299=ORIENTED_EDGE('',*,*,#5298,.T.);
#5301=ORIENTED_EDGE('',*,*,#5300,.T.);
#5303=ORIENTED_EDGE('',*,*,#5302,.T.);
#5304=EDGE_LOOP('',(#5289,#5291,#5293,#5295,#5297,#5299,#5301,#5303));
#5305=FACE_OUTER_BOUND('',#5304,.F.);
#5307=CARTESIAN_POINT('',(2.05E0,2.634E0,-7.28E0));
#5308=DIRECTION('',(0.E0,-1.E0,0.E0));
#5309=DIRECTION('',(0.E0,0.E0,1.E0));
#5310=AXIS2_PLACEMENT_3D('',#5307,#5308,#5309);
#5311=PLANE('',#5310);
#5312=ORIENTED_EDGE('',*,*,#4566,.T.);
#5313=ORIENTED_EDGE('',*,*,#5146,.T.);
#5315=ORIENTED_EDGE('',*,*,#5314,.T.);
#5316=ORIENTED_EDGE('',*,*,#5235,.F.);
#5317=EDGE_LOOP('',(#5312,#5313,#5315,#5316));
#5318=FACE_OUTER_BOUND('',#5317,.F.);
#5320=CARTESIAN_POINT('',(2.05E0,2.634E0,-4.78E0));
#5321=DIRECTION('',(0.E0,0.E0,1.E0));
#5322=DIRECTION('',(0.E0,1.E0,0.E0));
#5323=AXIS2_PLACEMENT_3D('',#5320,#5321,#5322);
#5324=PLANE('',#5323);
#5325=ORIENTED_EDGE('',*,*,#5144,.T.);
#5326=ORIENTED_EDGE('',*,*,#5223,.T.);
#5327=ORIENTED_EDGE('',*,*,#5237,.F.);
#5328=ORIENTED_EDGE('',*,*,#5314,.F.);
#5329=EDGE_LOOP('',(#5325,#5326,#5327,#5328));
#5330=FACE_OUTER_BOUND('',#5329,.F.);
#5332=CARTESIAN_POINT('',(2.05E0,-1.356E0,-7.28E0));
#5333=DIRECTION('',(0.E0,-1.E0,0.E0));
#5334=DIRECTION('',(0.E0,0.E0,1.E0));
#5335=AXIS2_PLACEMENT_3D('',#5332,#5333,#5334);
#5336=PLANE('',#5335);
#5337=ORIENTED_EDGE('',*,*,#4576,.T.);
#5338=ORIENTED_EDGE('',*,*,#5161,.T.);
#5340=ORIENTED_EDGE('',*,*,#5339,.T.);
#5341=ORIENTED_EDGE('',*,*,#5249,.F.);
#5342=EDGE_LOOP('',(#5337,#5338,#5340,#5341));
#5343=FACE_OUTER_BOUND('',#5342,.F.);
#5345=CARTESIAN_POINT('',(2.05E0,-1.356E0,-4.78E0));
#5346=DIRECTION('',(0.E0,0.E0,1.E0));
#5347=DIRECTION('',(0.E0,1.E0,0.E0));
#5348=AXIS2_PLACEMENT_3D('',#5345,#5346,#5347);
#5349=PLANE('',#5348);
#5350=ORIENTED_EDGE('',*,*,#5159,.T.);
#5352=ORIENTED_EDGE('',*,*,#5351,.T.);
#5353=ORIENTED_EDGE('',*,*,#5251,.F.);
#5354=ORIENTED_EDGE('',*,*,#5339,.F.);
#5355=EDGE_LOOP('',(#5350,#5352,#5353,#5354));
#5356=FACE_OUTER_BOUND('',#5355,.F.);
#5358=CARTESIAN_POINT('',(2.05E0,-1.056E0,-4.78E0));
#5359=DIRECTION('',(0.E0,1.E0,0.E0));
#5360=DIRECTION('',(0.E0,0.E0,-1.E0));
#5361=AXIS2_PLACEMENT_3D('',#5358,#5359,#5360);
#5362=PLANE('',#5361);
#5363=ORIENTED_EDGE('',*,*,#4580,.F.);
#5364=ORIENTED_EDGE('',*,*,#5253,.F.);
#5365=ORIENTED_EDGE('',*,*,#5351,.F.);
#5366=ORIENTED_EDGE('',*,*,#5157,.T.);
#5367=EDGE_LOOP('',(#5363,#5364,#5365,#5366));
#5368=FACE_OUTER_BOUND('',#5367,.F.);
#5370=CARTESIAN_POINT('',(2.05E0,-1.505722013476E0,-9.200123166788E0));
#5371=DIRECTION('',(-1.E0,0.E0,0.E0));
#5372=DIRECTION('',(0.E0,-1.E0,0.E0));
#5373=AXIS2_PLACEMENT_3D('',#5370,#5371,#5372);
#5374=CYLINDRICAL_SURFACE('',#5373,4.3E-1);
#5375=ORIENTED_EDGE('',*,*,#5072,.T.);
#5376=ORIENTED_EDGE('',*,*,#5186,.T.);
#5378=ORIENTED_EDGE('',*,*,#5377,.T.);
#5379=ORIENTED_EDGE('',*,*,#5265,.F.);
#5380=EDGE_LOOP('',(#5375,#5376,#5378,#5379));
#5381=FACE_OUTER_BOUND('',#5380,.F.);
#5383=CARTESIAN_POINT('',(2.05E0,-1.498217478708E0,-9.630057675705E0));
#5384=DIRECTION('',(0.E0,1.745240643728E-2,-9.998476951564E-1));
#5385=DIRECTION('',(0.E0,-9.998476951564E-1,-1.745240643728E-2));
#5386=AXIS2_PLACEMENT_3D('',#5383,#5384,#5385);
#5387=PLANE('',#5386);
#5388=ORIENTED_EDGE('',*,*,#5184,.T.);
#5390=ORIENTED_EDGE('',*,*,#5389,.T.);
#5391=ORIENTED_EDGE('',*,*,#5267,.F.);
#5392=ORIENTED_EDGE('',*,*,#5377,.F.);
#5393=EDGE_LOOP('',(#5388,#5390,#5391,#5392));
#5394=FACE_OUTER_BOUND('',#5393,.F.);
#5396=CARTESIAN_POINT('',(2.05E0,-5.803462374326E0,-9.705206004890E0));
#5397=DIRECTION('',(0.E0,-9.998476951564E-1,-1.745240643728E-2));
#5398=DIRECTION('',(0.E0,-1.745240643728E-2,9.998476951564E-1));
#5399=AXIS2_PLACEMENT_3D('',#5396,#5397,#5398);
#5400=PLANE('',#5399);
#5401=ORIENTED_EDGE('',*,*,#5182,.T.);
#5403=ORIENTED_EDGE('',*,*,#5402,.T.);
#5404=ORIENTED_EDGE('',*,*,#5269,.F.);
#5405=ORIENTED_EDGE('',*,*,#5389,.F.);
#5406=EDGE_LOOP('',(#5401,#5403,#5404,#5405));
#5407=FACE_OUTER_BOUND('',#5406,.F.);
#5409=CARTESIAN_POINT('',(2.05E0,-5.808E0,-9.445245604149E0));
#5410=DIRECTION('',(0.E0,-1.745240643728E-2,9.998476951564E-1));
#5411=DIRECTION('',(0.E0,9.998476951564E-1,1.745240643728E-2));
#5412=AXIS2_PLACEMENT_3D('',#5409,#5410,#5411);
#5413=PLANE('',#5412);
#5414=ORIENTED_EDGE('',*,*,#5180,.T.);
#5416=ORIENTED_EDGE('',*,*,#5415,.T.);
#5417=ORIENTED_EDGE('',*,*,#5271,.F.);
#5418=ORIENTED_EDGE('',*,*,#5402,.F.);
#5419=EDGE_LOOP('',(#5414,#5416,#5417,#5418));
#5420=FACE_OUTER_BOUND('',#5419,.F.);
#5422=CARTESIAN_POINT('',(2.05E0,-4.82E0,-9.428E0));
#5423=DIRECTION('',(0.E0,-1.E0,0.E0));
#5424=DIRECTION('',(0.E0,0.E0,1.E0));
#5425=AXIS2_PLACEMENT_3D('',#5422,#5423,#5424);
#5426=PLANE('',#5425);
#5427=ORIENTED_EDGE('',*,*,#5178,.T.);
#5429=ORIENTED_EDGE('',*,*,#5428,.T.);
#5430=ORIENTED_EDGE('',*,*,#5273,.F.);
#5431=ORIENTED_EDGE('',*,*,#5415,.F.);
#5432=EDGE_LOOP('',(#5427,#5429,#5430,#5431));
#5433=FACE_OUTER_BOUND('',#5432,.F.);
#5435=CARTESIAN_POINT('',(2.05E0,-4.82E0,-9.4E0));
#5436=DIRECTION('',(0.E0,0.E0,1.E0));
#5437=DIRECTION('',(0.E0,1.E0,0.E0));
#5438=AXIS2_PLACEMENT_3D('',#5435,#5436,#5437);
#5439=PLANE('',#5438);
#5441=ORIENTED_EDGE('',*,*,#5440,.T.);
#5442=ORIENTED_EDGE('',*,*,#5275,.F.);
#5443=ORIENTED_EDGE('',*,*,#5428,.F.);
#5444=ORIENTED_EDGE('',*,*,#5176,.T.);
#5445=EDGE_LOOP('',(#5441,#5442,#5443,#5444));
#5446=FACE_OUTER_BOUND('',#5445,.F.);
#5448=CARTESIAN_POINT('',(-1.62324E1,-4.620651081377E0,-9.35E0));
#5449=DIRECTION('',(1.E0,0.E0,0.E0));
#5450=DIRECTION('',(0.E0,-9.999945016606E-1,-3.316119501058E-3));
#5451=AXIS2_PLACEMENT_3D('',#5448,#5449,#5450);
#5452=CYLINDRICAL_SURFACE('',#5451,2.E-1);
#5453=ORIENTED_EDGE('',*,*,#5174,.T.);
#5455=ORIENTED_EDGE('',*,*,#5454,.F.);
#5457=ORIENTED_EDGE('',*,*,#5456,.F.);
#5459=ORIENTED_EDGE('',*,*,#5458,.F.);
#5461=ORIENTED_EDGE('',*,*,#5460,.T.);
#5463=ORIENTED_EDGE('',*,*,#5462,.F.);
#5465=ORIENTED_EDGE('',*,*,#5464,.F.);
#5467=ORIENTED_EDGE('',*,*,#5466,.F.);
#5469=ORIENTED_EDGE('',*,*,#5468,.T.);
#5471=ORIENTED_EDGE('',*,*,#5470,.F.);
#5472=ORIENTED_EDGE('',*,*,#4877,.F.);
#5474=ORIENTED_EDGE('',*,*,#5473,.F.);
#5475=ORIENTED_EDGE('',*,*,#4770,.T.);
#5477=ORIENTED_EDGE('',*,*,#5476,.F.);
#5479=ORIENTED_EDGE('',*,*,#5478,.T.);
#5481=ORIENTED_EDGE('',*,*,#5480,.T.);
#5483=ORIENTED_EDGE('',*,*,#5482,.T.);
#5485=ORIENTED_EDGE('',*,*,#5484,.F.);
#5486=ORIENTED_EDGE('',*,*,#5277,.F.);
#5487=ORIENTED_EDGE('',*,*,#5440,.F.);
#5488=EDGE_LOOP('',(#5453,#5455,#5457,#5459,#5461,#5463,#5465,#5467,#5469,#5471,
#5472,#5474,#5475,#5477,#5479,#5481,#5483,#5485,#5486,#5487));
#5489=FACE_OUTER_BOUND('',#5488,.F.);
#5491=CARTESIAN_POINT('',(-4.5E0,0.E0,-9.55E0));
#5492=DIRECTION('',(0.E0,0.E0,-1.E0));
#5493=DIRECTION('',(1.E0,0.E0,0.E0));
#5494=AXIS2_PLACEMENT_3D('',#5491,#5492,#5493);
#5495=PLANE('',#5494);
#5496=ORIENTED_EDGE('',*,*,#4806,.F.);
#5498=ORIENTED_EDGE('',*,*,#5497,.T.);
#5500=ORIENTED_EDGE('',*,*,#5499,.F.);
#5502=ORIENTED_EDGE('',*,*,#5501,.F.);
#5504=ORIENTED_EDGE('',*,*,#5503,.F.);
#5506=ORIENTED_EDGE('',*,*,#5505,.T.);
#5507=EDGE_LOOP('',(#5496,#5498,#5500,#5502,#5504,#5506));
#5508=FACE_OUTER_BOUND('',#5507,.F.);
#5510=CARTESIAN_POINT('',(-4.5E0,0.E0,-9.55E0));
#5511=DIRECTION('',(0.E0,0.E0,-1.E0));
#5512=DIRECTION('',(1.E0,0.E0,0.E0));
#5513=AXIS2_PLACEMENT_3D('',#5510,#5511,#5512);
#5514=PLANE('',#5513);
#5515=ORIENTED_EDGE('',*,*,#4768,.F.);
#5516=ORIENTED_EDGE('',*,*,#4989,.F.);
#5518=ORIENTED_EDGE('',*,*,#5517,.F.);
#5520=ORIENTED_EDGE('',*,*,#5519,.F.);
#5522=ORIENTED_EDGE('',*,*,#5521,.F.);
#5523=ORIENTED_EDGE('',*,*,#5476,.T.);
#5524=EDGE_LOOP('',(#5515,#5516,#5518,#5520,#5522,#5523));
#5525=FACE_OUTER_BOUND('',#5524,.F.);
#5527=CARTESIAN_POINT('',(-4.5E0,0.E0,-9.55E0));
#5528=DIRECTION('',(0.E0,0.E0,-1.E0));
#5529=DIRECTION('',(1.E0,0.E0,0.E0));
#5530=AXIS2_PLACEMENT_3D('',#5527,#5528,#5529);
#5531=PLANE('',#5530);
#5533=ORIENTED_EDGE('',*,*,#5532,.F.);
#5535=ORIENTED_EDGE('',*,*,#5534,.T.);
#5536=ORIENTED_EDGE('',*,*,#4893,.T.);
#5538=ORIENTED_EDGE('',*,*,#5537,.T.);
#5539=EDGE_LOOP('',(#5533,#5535,#5536,#5538));
#5540=FACE_OUTER_BOUND('',#5539,.F.);
#5542=CARTESIAN_POINT('',(-4.5E0,0.E0,-9.55E0));
#5543=DIRECTION('',(0.E0,0.E0,-1.E0));
#5544=DIRECTION('',(1.E0,0.E0,0.E0));
#5545=AXIS2_PLACEMENT_3D('',#5542,#5543,#5544);
#5546=PLANE('',#5545);
#5548=ORIENTED_EDGE('',*,*,#5547,.F.);
#5549=ORIENTED_EDGE('',*,*,#5004,.F.);
#5550=ORIENTED_EDGE('',*,*,#4879,.T.);
#5551=ORIENTED_EDGE('',*,*,#5470,.T.);
#5552=EDGE_LOOP('',(#5548,#5549,#5550,#5551));
#5553=FACE_OUTER_BOUND('',#5552,.F.);
#5555=CARTESIAN_POINT('',(-4.5E0,0.E0,-9.55E0));
#5556=DIRECTION('',(0.E0,0.E0,-1.E0));
#5557=DIRECTION('',(1.E0,0.E0,0.E0));
#5558=AXIS2_PLACEMENT_3D('',#5555,#5556,#5557);
#5559=PLANE('',#5558);
#5561=ORIENTED_EDGE('',*,*,#5560,.F.);
#5563=ORIENTED_EDGE('',*,*,#5562,.T.);
#5565=ORIENTED_EDGE('',*,*,#5564,.T.);
#5567=ORIENTED_EDGE('',*,*,#5566,.T.);
#5568=EDGE_LOOP('',(#5561,#5563,#5565,#5567));
#5569=FACE_OUTER_BOUND('',#5568,.F.);
#5571=CARTESIAN_POINT('',(-4.5E0,0.E0,-9.55E0));
#5572=DIRECTION('',(0.E0,0.E0,-1.E0));
#5573=DIRECTION('',(1.E0,0.E0,0.E0));
#5574=AXIS2_PLACEMENT_3D('',#5571,#5572,#5573);
#5575=PLANE('',#5574);
#5577=ORIENTED_EDGE('',*,*,#5576,.F.);
#5578=ORIENTED_EDGE('',*,*,#5020,.F.);
#5580=ORIENTED_EDGE('',*,*,#5579,.T.);
#5581=ORIENTED_EDGE('',*,*,#5462,.T.);
#5582=EDGE_LOOP('',(#5577,#5578,#5580,#5581));
#5583=FACE_OUTER_BOUND('',#5582,.F.);
#5585=CARTESIAN_POINT('',(-4.5E0,0.E0,-9.55E0));
#5586=DIRECTION('',(0.E0,0.E0,-1.E0));
#5587=DIRECTION('',(1.E0,0.E0,0.E0));
#5588=AXIS2_PLACEMENT_3D('',#5585,#5586,#5587);
#5589=PLANE('',#5588);
#5590=ORIENTED_EDGE('',*,*,#5208,.F.);
#5592=ORIENTED_EDGE('',*,*,#5591,.T.);
#5594=ORIENTED_EDGE('',*,*,#5593,.T.);
#5596=ORIENTED_EDGE('',*,*,#5595,.T.);
#5597=EDGE_LOOP('',(#5590,#5592,#5594,#5596));
#5598=FACE_OUTER_BOUND('',#5597,.F.);
#5600=CARTESIAN_POINT('',(-4.5E0,0.E0,-9.55E0));
#5601=DIRECTION('',(0.E0,0.E0,-1.E0));
#5602=DIRECTION('',(1.E0,0.E0,0.E0));
#5603=AXIS2_PLACEMENT_3D('',#5600,#5601,#5602);
#5604=PLANE('',#5603);
#5605=ORIENTED_EDGE('',*,*,#5172,.F.);
#5606=ORIENTED_EDGE('',*,*,#5036,.F.);
#5608=ORIENTED_EDGE('',*,*,#5607,.T.);
#5609=ORIENTED_EDGE('',*,*,#5454,.T.);
#5610=EDGE_LOOP('',(#5605,#5606,#5608,#5609));
#5611=FACE_OUTER_BOUND('',#5610,.F.);
#5613=CARTESIAN_POINT('',(-4.5E0,0.E0,-9.55E0));
#5614=DIRECTION('',(0.E0,0.E0,-1.E0));
#5615=DIRECTION('',(1.E0,0.E0,0.E0));
#5616=AXIS2_PLACEMENT_3D('',#5613,#5614,#5615);
#5617=PLANE('',#5616);
#5618=ORIENTED_EDGE('',*,*,#5292,.T.);
#5620=ORIENTED_EDGE('',*,*,#5619,.T.);
#5622=ORIENTED_EDGE('',*,*,#5621,.F.);
#5624=ORIENTED_EDGE('',*,*,#5623,.F.);
#5626=ORIENTED_EDGE('',*,*,#5625,.F.);
#5628=ORIENTED_EDGE('',*,*,#5627,.T.);
#5629=EDGE_LOOP('',(#5618,#5620,#5622,#5624,#5626,#5628));
#5630=FACE_OUTER_BOUND('',#5629,.F.);
#5632=CARTESIAN_POINT('',(-4.5E0,0.E0,-9.55E0));
#5633=DIRECTION('',(0.E0,0.E0,-1.E0));
#5634=DIRECTION('',(1.E0,0.E0,0.E0));
#5635=AXIS2_PLACEMENT_3D('',#5632,#5633,#5634);
#5636=PLANE('',#5635);
#5637=ORIENTED_EDGE('',*,*,#5279,.T.);
#5638=ORIENTED_EDGE('',*,*,#5484,.T.);
#5640=ORIENTED_EDGE('',*,*,#5639,.F.);
#5642=ORIENTED_EDGE('',*,*,#5641,.F.);
#5644=ORIENTED_EDGE('',*,*,#5643,.F.);
#5645=ORIENTED_EDGE('',*,*,#5048,.F.);
#5646=EDGE_LOOP('',(#5637,#5638,#5640,#5642,#5644,#5645));
#5647=FACE_OUTER_BOUND('',#5646,.F.);
#5649=CARTESIAN_POINT('',(1.62324E1,4.620651081377E0,-9.35E0));
#5650=DIRECTION('',(-1.E0,0.E0,0.E0));
#5651=DIRECTION('',(0.E0,9.999945016606E-1,-3.316119501058E-3));
#5652=AXIS2_PLACEMENT_3D('',#5649,#5650,#5651);
#5653=CYLINDRICAL_SURFACE('',#5652,2.E-1);
#5654=ORIENTED_EDGE('',*,*,#5206,.F.);
#5656=ORIENTED_EDGE('',*,*,#5655,.F.);
#5657=ORIENTED_EDGE('',*,*,#5294,.T.);
#5658=ORIENTED_EDGE('',*,*,#5627,.F.);
#5660=ORIENTED_EDGE('',*,*,#5659,.T.);
#5662=ORIENTED_EDGE('',*,*,#5661,.T.);
#5664=ORIENTED_EDGE('',*,*,#5663,.T.);
#5665=ORIENTED_EDGE('',*,*,#5497,.F.);
#5666=ORIENTED_EDGE('',*,*,#4804,.F.);
#5668=ORIENTED_EDGE('',*,*,#5667,.F.);
#5669=ORIENTED_EDGE('',*,*,#4895,.T.);
#5670=ORIENTED_EDGE('',*,*,#5534,.F.);
#5672=ORIENTED_EDGE('',*,*,#5671,.F.);
#5674=ORIENTED_EDGE('',*,*,#5673,.F.);
#5676=ORIENTED_EDGE('',*,*,#5675,.T.);
#5677=ORIENTED_EDGE('',*,*,#5562,.F.);
#5679=ORIENTED_EDGE('',*,*,#5678,.F.);
#5681=ORIENTED_EDGE('',*,*,#5680,.F.);
#5683=ORIENTED_EDGE('',*,*,#5682,.T.);
#5684=ORIENTED_EDGE('',*,*,#5591,.F.);
#5685=EDGE_LOOP('',(#5654,#5656,#5657,#5658,#5660,#5662,#5664,#5665,#5666,#5668,
#5669,#5670,#5672,#5674,#5676,#5677,#5679,#5681,#5683,#5684));
#5686=FACE_OUTER_BOUND('',#5685,.F.);
#5688=CARTESIAN_POINT('',(2.05E0,3.85E0,-9.413E0));
#5689=DIRECTION('',(0.E0,1.745240643728E-2,9.998476951564E-1));
#5690=DIRECTION('',(0.E0,9.998476951564E-1,-1.745240643728E-2));
#5691=AXIS2_PLACEMENT_3D('',#5688,#5689,#5690);
#5692=PLANE('',#5691);
#5693=ORIENTED_EDGE('',*,*,#5655,.T.);
#5694=ORIENTED_EDGE('',*,*,#5204,.T.);
#5696=ORIENTED_EDGE('',*,*,#5695,.T.);
#5697=ORIENTED_EDGE('',*,*,#5296,.F.);
#5698=EDGE_LOOP('',(#5693,#5694,#5696,#5697));
#5699=FACE_OUTER_BOUND('',#5698,.F.);
#5701=CARTESIAN_POINT('',(2.05E0,5.606E0,-9.443651094014E0));
#5702=DIRECTION('',(0.E0,9.998476951564E-1,-1.745240643728E-2));
#5703=DIRECTION('',(0.E0,-1.745240643728E-2,-9.998476951564E-1));
#5704=AXIS2_PLACEMENT_3D('',#5701,#5702,#5703);
#5705=PLANE('',#5704);
#5706=ORIENTED_EDGE('',*,*,#5202,.T.);
#5708=ORIENTED_EDGE('',*,*,#5707,.T.);
#5709=ORIENTED_EDGE('',*,*,#5298,.F.);
#5710=ORIENTED_EDGE('',*,*,#5695,.F.);
#5711=EDGE_LOOP('',(#5706,#5708,#5709,#5710));
#5712=FACE_OUTER_BOUND('',#5711,.F.);
#5714=CARTESIAN_POINT('',(2.05E0,5.601462374326E0,-9.703611494755E0));
#5715=DIRECTION('',(0.E0,-1.745240643728E-2,-9.998476951564E-1));
#5716=DIRECTION('',(0.E0,-9.998476951564E-1,1.745240643728E-2));
#5717=AXIS2_PLACEMENT_3D('',#5714,#5715,#5716);
#5718=PLANE('',#5717);
#5719=ORIENTED_EDGE('',*,*,#5200,.T.);
#5721=ORIENTED_EDGE('',*,*,#5720,.T.);
#5722=ORIENTED_EDGE('',*,*,#5300,.F.);
#5723=ORIENTED_EDGE('',*,*,#5707,.F.);
#5724=EDGE_LOOP('',(#5719,#5721,#5722,#5723));
#5725=FACE_OUTER_BOUND('',#5724,.F.);
#5727=CARTESIAN_POINT('',(2.05E0,3.083795931092E0,-9.229599962461E0));
#5728=DIRECTION('',(-1.E0,0.E0,0.E0));
#5729=DIRECTION('',(0.E0,-1.E0,0.E0));
#5730=AXIS2_PLACEMENT_3D('',#5727,#5728,#5729);
#5731=CYLINDRICAL_SURFACE('',#5730,4.3E-1);
#5732=ORIENTED_EDGE('',*,*,#5083,.F.);
#5733=ORIENTED_EDGE('',*,*,#5302,.F.);
#5734=ORIENTED_EDGE('',*,*,#5720,.F.);
#5735=ORIENTED_EDGE('',*,*,#5198,.T.);
#5736=EDGE_LOOP('',(#5732,#5733,#5734,#5735));
#5737=FACE_OUTER_BOUND('',#5736,.F.);
#5739=CARTESIAN_POINT('',(2.6E0,4.85E0,-9.6E0));
#5740=DIRECTION('',(1.E0,0.E0,0.E0));
#5741=DIRECTION('',(0.E0,-1.E0,0.E0));
#5742=AXIS2_PLACEMENT_3D('',#5739,#5740,#5741);
#5743=PLANE('',#5742);
#5745=ORIENTED_EDGE('',*,*,#5744,.T.);
#5747=ORIENTED_EDGE('',*,*,#5746,.T.);
#5748=ORIENTED_EDGE('',*,*,#5659,.F.);
#5749=ORIENTED_EDGE('',*,*,#5625,.T.);
#5751=ORIENTED_EDGE('',*,*,#5750,.F.);
#5753=ORIENTED_EDGE('',*,*,#5752,.F.);
#5754=EDGE_LOOP('',(#5745,#5747,#5748,#5749,#5751,#5753));
#5755=FACE_OUTER_BOUND('',#5754,.F.);
#5757=CARTESIAN_POINT('',(1.62324E1,4.620485274491E0,-9.4E0));
#5758=DIRECTION('',(-1.E0,0.E0,0.E0));
#5759=DIRECTION('',(0.E0,9.999945016606E-1,-3.316119501058E-3));
#5760=AXIS2_PLACEMENT_3D('',#5757,#5758,#5759);
#5761=CYLINDRICAL_SURFACE('',#5760,2.E-1);
#5763=ORIENTED_EDGE('',*,*,#5762,.F.);
#5765=ORIENTED_EDGE('',*,*,#5764,.T.);
#5766=ORIENTED_EDGE('',*,*,#5744,.F.);
#5768=ORIENTED_EDGE('',*,*,#5767,.F.);
#5769=EDGE_LOOP('',(#5763,#5765,#5766,#5768));
#5770=FACE_OUTER_BOUND('',#5769,.F.);
#5772=CARTESIAN_POINT('',(4.470063447651E0,4.310481910434E0,-9.388668815852E0));
#5773=CARTESIAN_POINT('',(4.470130597247E0,4.313815717317E0,-9.388668815852E0));
#5774=CARTESIAN_POINT('',(4.470492196422E0,4.349811008941E0,-9.388668815852E0));
#5775=CARTESIAN_POINT('',(4.463721873663E0,4.418618916166E0,-9.388668815852E0));
#5776=CARTESIAN_POINT('',(4.435101721030E0,4.512939501274E0,-9.388668815852E0));
#5777=CARTESIAN_POINT('',(4.388628718425E0,4.599887681894E0,-9.388668815852E0));
#5778=CARTESIAN_POINT('',(4.326089631300E0,4.676088285192E0,-9.388668815852E0));
#5779=CARTESIAN_POINT('',(4.249889137845E0,4.738627776939E0,-9.388668815852E0));
#5780=CARTESIAN_POINT('',(4.162940525730E0,4.785101355357E0,-9.388668815852E0));
#5781=CARTESIAN_POINT('',(4.068619393865E0,4.813721822145E0,-9.388668815852E0));
#5782=CARTESIAN_POINT('',(3.999812447822E0,4.820492060138E0,-9.388668815852E0));
#5783=CARTESIAN_POINT('',(3.963818491637E0,4.820130625106E0,-9.388668815852E0));
#5784=CARTESIAN_POINT('',(3.960486070107E0,4.820063531410E0,-9.388668815852E0));
#5785=CARTESIAN_POINT('',(4.477330924751E0,4.310336365130E0,-9.516762602096E0));
#5786=CARTESIAN_POINT('',(4.477399053820E0,4.313718669707E0,-9.516762602096E0));
#5787=CARTESIAN_POINT('',(4.477765937556E0,4.350237593364E0,-9.516762602096E0));
#5788=CARTESIAN_POINT('',(4.470897096763E0,4.420046462437E0,-9.516762602096E0));
#5789=CARTESIAN_POINT('',(4.441860610172E0,4.515739155817E0,-9.516762602096E0));
#5790=CARTESIAN_POINT('',(4.394711547349E0,4.603952198796E0,-9.516762602096E0));
#5791=CARTESIAN_POINT('',(4.331262683917E0,4.681261318227E0,-9.516762602096E0));
#5792=CARTESIAN_POINT('',(4.253953675927E0,4.744710592167E0,-9.516762602096E0));
#5793=CARTESIAN_POINT('',(4.165740195176E0,4.791860239180E0,-9.516762602096E0));
#5794=CARTESIAN_POINT('',(4.070046947086E0,4.820897044495E0,-9.516762602096E0));
#5795=CARTESIAN_POINT('',(4.000239053176E0,4.827765799288E0,-9.516762602096E0));
#5796=CARTESIAN_POINT('',(3.963721484386E0,4.827399082086E0,-9.516762602096E0));
#5797=CARTESIAN_POINT('',(3.960340585314E0,4.827331009733E0,-9.516762602096E0));
#5798=CARTESIAN_POINT('',(4.386477298260E0,4.312155884968E0,-9.607333760588E0));
#5799=CARTESIAN_POINT('',(4.386533182553E0,4.314931900538E0,-9.607333760588E0));
#5800=CARTESIAN_POINT('',(4.386834001882E0,4.344904691551E0,-9.607333760588E0));
#5801=CARTESIAN_POINT('',(4.381196774289E0,4.402200137777E0,-9.607333760588E0));
#5802=CARTESIAN_POINT('',(4.357365044353E0,4.480739559033E0,-9.607333760588E0));
#5803=CARTESIAN_POINT('',(4.318667679654E0,4.553140053761E0,-9.607333760588E0));
#5804=CARTESIAN_POINT('',(4.266592292279E0,4.616591171395E0,-9.607333760588E0));
#5805=CARTESIAN_POINT('',(4.203141266111E0,4.668666895692E0,-9.607333760588E0));
#5806=CARTESIAN_POINT('',(4.130740412083E0,4.707364739864E0,-9.607333760588E0));
#5807=CARTESIAN_POINT('',(4.052200535551E0,4.731196731386E0,-9.607333760588E0));
#5808=CARTESIAN_POINT('',(3.994905889690E0,4.736833888420E0,-9.607333760588E0));
#5809=CARTESIAN_POINT('',(3.964934210677E0,4.736533205726E0,-9.607333760588E0));
#5810=CARTESIAN_POINT('',(3.962159348670E0,4.736477367963E0,-9.607333760588E0));
#5811=CARTESIAN_POINT('',(4.258434219540E0,4.314720195616E0,-9.599640079203E0));
#5812=CARTESIAN_POINT('',(4.258472846857E0,4.316641747649E0,-9.599640079203E0));
#5813=CARTESIAN_POINT('',(4.258680559389E0,4.337388853241E0,-9.599640079203E0));
#5814=CARTESIAN_POINT('',(4.254779085802E0,4.377048710789E0,-9.599640079203E0));
#5815=CARTESIAN_POINT('',(4.238282594884E0,4.431413447359E0,-9.599640079203E0));
#5816=CARTESIAN_POINT('',(4.211496493280E0,4.481528784758E0,-9.599640079203E0));
#5817=CARTESIAN_POINT('',(4.175450129141E0,4.525449353270E0,-9.599640079203E0));
#5818=CARTESIAN_POINT('',(4.131529623941E0,4.561495950624E0,-9.599640079203E0));
#5819=CARTESIAN_POINT('',(4.081414037837E0,4.588282384120E0,-9.599640079203E0));
#5820=CARTESIAN_POINT('',(4.027048986126E0,4.604779056095E0,-9.599640079203E0));
#5821=CARTESIAN_POINT('',(3.987389682594E0,4.608680480888E0,-9.599640079203E0));
#5822=CARTESIAN_POINT('',(3.966643346722E0,4.608472862852E0,-9.599640079203E0));
#5823=CARTESIAN_POINT('',(3.964722593183E0,4.608434267710E0,-9.599640079203E0));
#5824=(BOUNDED_SURFACE()B_SPLINE_SURFACE(3,3,((#5772,#5773,#5774,#5775,#5776,
#5777,#5778,#5779,#5780,#5781,#5782,#5783,#5784),(#5785,#5786,#5787,#5788,#5789,
#5790,#5791,#5792,#5793,#5794,#5795,#5796,#5797),(#5798,#5799,#5800,#5801,#5802,
#5803,#5804,#5805,#5806,#5807,#5808,#5809,#5810),(#5811,#5812,#5813,#5814,#5815,
#5816,#5817,#5818,#5819,#5820,#5821,#5822,#5823)),.UNSPECIFIED.,.F.,.F.,.F.)B_SPLINE_SURFACE_WITH_KNOTS((4,4),(4,1,1,1,1,1,1,1,1,1,4),(0.E0,1.E0),(
-1.276569933986E-2,0.E0,1.250062942697E-1,2.500084108835E-1,3.750125683705E-1,
4.999986769935E-1,6.249851560085E-1,7.499899501363E-1,8.749935183050E-1,1.E0,
1.012760390118E0),.UNSPECIFIED.)GEOMETRIC_REPRESENTATION_ITEM()RATIONAL_B_SPLINE_SURFACE(((1.201438363976E0,1.201438363976E0,1.201438363976E0,1.201438363976E0,
1.201438363976E0,1.201438363976E0,1.201438363976E0,1.201438363976E0,
1.201438363976E0,1.201438363976E0,1.201438363976E0,1.201438363976E0,
1.201438363976E0),(9.328538786747E-1,9.328538786747E-1,9.328538786747E-1,
9.328538786747E-1,9.328538786747E-1,9.328538786747E-1,9.328538786747E-1,
9.328538786747E-1,9.328538786747E-1,9.328538786747E-1,9.328538786747E-1,
9.328538786747E-1,9.328538786747E-1),(9.328538786747E-1,9.328538786747E-1,
9.328538786747E-1,9.328538786747E-1,9.328538786747E-1,9.328538786747E-1,
9.328538786747E-1,9.328538786747E-1,9.328538786747E-1,9.328538786747E-1,
9.328538786747E-1,9.328538786747E-1,9.328538786747E-1),(1.201438363976E0,
1.201438363976E0,1.201438363976E0,1.201438363976E0,1.201438363976E0,
1.201438363976E0,1.201438363976E0,1.201438363976E0,1.201438363976E0,
1.201438363976E0,1.201438363976E0,1.201438363976E0,1.201438363976E0)))REPRESENTATION_ITEM('')SURFACE());
#5825=ORIENTED_EDGE('',*,*,#5762,.T.);
#5827=ORIENTED_EDGE('',*,*,#5826,.T.);
#5829=ORIENTED_EDGE('',*,*,#5828,.F.);
#5831=ORIENTED_EDGE('',*,*,#5830,.F.);
#5832=EDGE_LOOP('',(#5825,#5827,#5829,#5831));
#5833=FACE_OUTER_BOUND('',#5832,.F.);
#5835=CARTESIAN_POINT('',(-4.5E0,-4.819823146618E0,-9.6E0));
#5836=DIRECTION('',(0.E0,0.E0,-1.E0));
#5837=DIRECTION('',(0.E0,1.E0,0.E0));
#5838=AXIS2_PLACEMENT_3D('',#5835,#5836,#5837);
#5839=PLANE('',#5838);
#5841=ORIENTED_EDGE('',*,*,#5840,.F.);
#5843=ORIENTED_EDGE('',*,*,#5842,.F.);
#5845=ORIENTED_EDGE('',*,*,#5844,.T.);
#5847=ORIENTED_EDGE('',*,*,#5846,.T.);
#5849=ORIENTED_EDGE('',*,*,#5848,.T.);
#5850=ORIENTED_EDGE('',*,*,#4985,.F.);
#5852=ORIENTED_EDGE('',*,*,#5851,.F.);
#5853=EDGE_LOOP('',(#5841,#5843,#5845,#5847,#5849,#5850,#5852));
#5854=FACE_OUTER_BOUND('',#5853,.F.);
#5856=CARTESIAN_POINT('',(-4.5E0,-4.819823146618E0,-9.6E0));
#5857=DIRECTION('',(0.E0,0.E0,-1.E0));
#5858=DIRECTION('',(0.E0,1.E0,0.E0));
#5859=AXIS2_PLACEMENT_3D('',#5856,#5857,#5858);
#5860=PLANE('',#5859);
#5862=ORIENTED_EDGE('',*,*,#5861,.F.);
#5864=ORIENTED_EDGE('',*,*,#5863,.F.);
#5866=ORIENTED_EDGE('',*,*,#5865,.T.);
#5868=ORIENTED_EDGE('',*,*,#5867,.T.);
#5870=ORIENTED_EDGE('',*,*,#5869,.T.);
#5872=ORIENTED_EDGE('',*,*,#5871,.F.);
#5874=ORIENTED_EDGE('',*,*,#5873,.T.);
#5875=EDGE_LOOP('',(#5862,#5864,#5866,#5868,#5870,#5872,#5874));
#5876=FACE_OUTER_BOUND('',#5875,.F.);
#5878=CARTESIAN_POINT('',(-4.5E0,-4.819823146618E0,-9.6E0));
#5879=DIRECTION('',(0.E0,0.E0,-1.E0));
#5880=DIRECTION('',(0.E0,1.E0,0.E0));
#5881=AXIS2_PLACEMENT_3D('',#5878,#5879,#5880);
#5882=PLANE('',#5881);
#5883=ORIENTED_EDGE('',*,*,#5826,.F.);
#5884=ORIENTED_EDGE('',*,*,#5767,.T.);
#5885=ORIENTED_EDGE('',*,*,#5752,.T.);
#5887=ORIENTED_EDGE('',*,*,#5886,.T.);
#5889=ORIENTED_EDGE('',*,*,#5888,.T.);
#5891=ORIENTED_EDGE('',*,*,#5890,.T.);
#5893=ORIENTED_EDGE('',*,*,#5892,.F.);
#5894=EDGE_LOOP('',(#5883,#5884,#5885,#5887,#5889,#5891,#5893));
#5895=FACE_OUTER_BOUND('',#5894,.F.);
#5897=CARTESIAN_POINT('',(-4.5E0,-4.819823146618E0,-9.6E0));
#5898=DIRECTION('',(0.E0,0.E0,-1.E0));
#5899=DIRECTION('',(0.E0,1.E0,0.E0));
#5900=AXIS2_PLACEMENT_3D('',#5897,#5898,#5899);
#5901=PLANE('',#5900);
#5903=ORIENTED_EDGE('',*,*,#5902,.F.);
#5905=ORIENTED_EDGE('',*,*,#5904,.F.);
#5906=ORIENTED_EDGE('',*,*,#5052,.F.);
#5908=ORIENTED_EDGE('',*,*,#5907,.T.);
#5910=ORIENTED_EDGE('',*,*,#5909,.T.);
#5912=ORIENTED_EDGE('',*,*,#5911,.F.);
#5914=ORIENTED_EDGE('',*,*,#5913,.F.);
#5915=EDGE_LOOP('',(#5903,#5905,#5906,#5908,#5910,#5912,#5914));
#5916=FACE_OUTER_BOUND('',#5915,.F.);
#5918=CARTESIAN_POINT('',(-4.470063447651E0,-4.310481910434E0,
-9.388668815852E0));
#5919=CARTESIAN_POINT('',(-4.470130597247E0,-4.313815717317E0,
-9.388668815852E0));
#5920=CARTESIAN_POINT('',(-4.470492196422E0,-4.349811008941E0,
-9.388668815852E0));
#5921=CARTESIAN_POINT('',(-4.463721873663E0,-4.418618916166E0,
-9.388668815852E0));
#5922=CARTESIAN_POINT('',(-4.435101721030E0,-4.512939501274E0,
-9.388668815852E0));
#5923=CARTESIAN_POINT('',(-4.388628718425E0,-4.599887681894E0,
-9.388668815852E0));
#5924=CARTESIAN_POINT('',(-4.326089631300E0,-4.676088285192E0,
-9.388668815852E0));
#5925=CARTESIAN_POINT('',(-4.249889137845E0,-4.738627776939E0,
-9.388668815852E0));
#5926=CARTESIAN_POINT('',(-4.162940525730E0,-4.785101355357E0,
-9.388668815852E0));
#5927=CARTESIAN_POINT('',(-4.068619393865E0,-4.813721822145E0,
-9.388668815852E0));
#5928=CARTESIAN_POINT('',(-3.999812447822E0,-4.820492060138E0,
-9.388668815852E0));
#5929=CARTESIAN_POINT('',(-3.963818491637E0,-4.820130625106E0,
-9.388668815852E0));
#5930=CARTESIAN_POINT('',(-3.960486070107E0,-4.820063531410E0,
-9.388668815852E0));
#5931=CARTESIAN_POINT('',(-4.477330924751E0,-4.310336365130E0,
-9.516762602096E0));
#5932=CARTESIAN_POINT('',(-4.477399053820E0,-4.313718669707E0,
-9.516762602096E0));
#5933=CARTESIAN_POINT('',(-4.477765937556E0,-4.350237593364E0,
-9.516762602096E0));
#5934=CARTESIAN_POINT('',(-4.470897096763E0,-4.420046462437E0,
-9.516762602096E0));
#5935=CARTESIAN_POINT('',(-4.441860610172E0,-4.515739155817E0,
-9.516762602096E0));
#5936=CARTESIAN_POINT('',(-4.394711547349E0,-4.603952198796E0,
-9.516762602096E0));
#5937=CARTESIAN_POINT('',(-4.331262683917E0,-4.681261318227E0,
-9.516762602096E0));
#5938=CARTESIAN_POINT('',(-4.253953675927E0,-4.744710592167E0,
-9.516762602096E0));
#5939=CARTESIAN_POINT('',(-4.165740195176E0,-4.791860239180E0,
-9.516762602096E0));
#5940=CARTESIAN_POINT('',(-4.070046947086E0,-4.820897044495E0,
-9.516762602096E0));
#5941=CARTESIAN_POINT('',(-4.000239053176E0,-4.827765799288E0,
-9.516762602096E0));
#5942=CARTESIAN_POINT('',(-3.963721484386E0,-4.827399082086E0,
-9.516762602096E0));
#5943=CARTESIAN_POINT('',(-3.960340585314E0,-4.827331009733E0,
-9.516762602096E0));
#5944=CARTESIAN_POINT('',(-4.386477298260E0,-4.312155884968E0,
-9.607333760588E0));
#5945=CARTESIAN_POINT('',(-4.386533182553E0,-4.314931900538E0,
-9.607333760588E0));
#5946=CARTESIAN_POINT('',(-4.386834001881E0,-4.344904691551E0,
-9.607333760588E0));
#5947=CARTESIAN_POINT('',(-4.381196774289E0,-4.402200137777E0,
-9.607333760588E0));
#5948=CARTESIAN_POINT('',(-4.357365044353E0,-4.480739559033E0,
-9.607333760588E0));
#5949=CARTESIAN_POINT('',(-4.318667679654E0,-4.553140053761E0,
-9.607333760588E0));
#5950=CARTESIAN_POINT('',(-4.266592292279E0,-4.616591171395E0,
-9.607333760588E0));
#5951=CARTESIAN_POINT('',(-4.203141266111E0,-4.668666895692E0,
-9.607333760588E0));
#5952=CARTESIAN_POINT('',(-4.130740412083E0,-4.707364739864E0,
-9.607333760588E0));
#5953=CARTESIAN_POINT('',(-4.052200535551E0,-4.731196731386E0,
-9.607333760588E0));
#5954=CARTESIAN_POINT('',(-3.994905889690E0,-4.736833888420E0,
-9.607333760588E0));
#5955=CARTESIAN_POINT('',(-3.964934210677E0,-4.736533205726E0,
-9.607333760588E0));
#5956=CARTESIAN_POINT('',(-3.962159348670E0,-4.736477367963E0,
-9.607333760588E0));
#5957=CARTESIAN_POINT('',(-4.258434219540E0,-4.314720195616E0,
-9.599640079203E0));
#5958=CARTESIAN_POINT('',(-4.258472846857E0,-4.316641747649E0,
-9.599640079203E0));
#5959=CARTESIAN_POINT('',(-4.258680559389E0,-4.337388853241E0,
-9.599640079203E0));
#5960=CARTESIAN_POINT('',(-4.254779085802E0,-4.377048710789E0,
-9.599640079203E0));
#5961=CARTESIAN_POINT('',(-4.238282594884E0,-4.431413447359E0,
-9.599640079203E0));
#5962=CARTESIAN_POINT('',(-4.211496493280E0,-4.481528784758E0,
-9.599640079203E0));
#5963=CARTESIAN_POINT('',(-4.175450129141E0,-4.525449353270E0,
-9.599640079203E0));
#5964=CARTESIAN_POINT('',(-4.131529623941E0,-4.561495950624E0,
-9.599640079203E0));
#5965=CARTESIAN_POINT('',(-4.081414037837E0,-4.588282384120E0,
-9.599640079203E0));
#5966=CARTESIAN_POINT('',(-4.027048986126E0,-4.604779056095E0,
-9.599640079203E0));
#5967=CARTESIAN_POINT('',(-3.987389682594E0,-4.608680480888E0,
-9.599640079203E0));
#5968=CARTESIAN_POINT('',(-3.966643346722E0,-4.608472862852E0,
-9.599640079203E0));
#5969=CARTESIAN_POINT('',(-3.964722593183E0,-4.608434267710E0,
-9.599640079203E0));
#5970=(BOUNDED_SURFACE()B_SPLINE_SURFACE(3,3,((#5918,#5919,#5920,#5921,#5922,
#5923,#5924,#5925,#5926,#5927,#5928,#5929,#5930),(#5931,#5932,#5933,#5934,#5935,
#5936,#5937,#5938,#5939,#5940,#5941,#5942,#5943),(#5944,#5945,#5946,#5947,#5948,
#5949,#5950,#5951,#5952,#5953,#5954,#5955,#5956),(#5957,#5958,#5959,#5960,#5961,
#5962,#5963,#5964,#5965,#5966,#5967,#5968,#5969)),.UNSPECIFIED.,.F.,.F.,.F.)B_SPLINE_SURFACE_WITH_KNOTS((4,4),(4,1,1,1,1,1,1,1,1,1,4),(0.E0,1.E0),(
-1.276569933986E-2,0.E0,1.250062942697E-1,2.500084108835E-1,3.750125683705E-1,
4.999986769935E-1,6.249851560085E-1,7.499899501363E-1,8.749935183050E-1,1.E0,
1.012760390118E0),.UNSPECIFIED.)GEOMETRIC_REPRESENTATION_ITEM()RATIONAL_B_SPLINE_SURFACE(((1.201438363976E0,1.201438363976E0,1.201438363976E0,1.201438363976E0,
1.201438363976E0,1.201438363976E0,1.201438363976E0,1.201438363976E0,
1.201438363976E0,1.201438363976E0,1.201438363976E0,1.201438363976E0,
1.201438363976E0),(9.328538786747E-1,9.328538786747E-1,9.328538786747E-1,
9.328538786747E-1,9.328538786747E-1,9.328538786747E-1,9.328538786747E-1,
9.328538786747E-1,9.328538786747E-1,9.328538786747E-1,9.328538786747E-1,
9.328538786747E-1,9.328538786747E-1),(9.328538786747E-1,9.328538786747E-1,
9.328538786747E-1,9.328538786747E-1,9.328538786747E-1,9.328538786747E-1,
9.328538786747E-1,9.328538786747E-1,9.328538786747E-1,9.328538786747E-1,
9.328538786747E-1,9.328538786747E-1,9.328538786747E-1),(1.201438363976E0,
1.201438363976E0,1.201438363976E0,1.201438363976E0,1.201438363976E0,
1.201438363976E0,1.201438363976E0,1.201438363976E0,1.201438363976E0,
1.201438363976E0,1.201438363976E0,1.201438363976E0,1.201438363976E0)))REPRESENTATION_ITEM('')SURFACE());
#5972=ORIENTED_EDGE('',*,*,#5971,.T.);
#5973=ORIENTED_EDGE('',*,*,#5840,.T.);
#5975=ORIENTED_EDGE('',*,*,#5974,.F.);
#5977=ORIENTED_EDGE('',*,*,#5976,.F.);
#5978=EDGE_LOOP('',(#5972,#5973,#5975,#5977));
#5979=FACE_OUTER_BOUND('',#5978,.F.);
#5981=CARTESIAN_POINT('',(1.62324E1,-4.620485274491E0,-9.4E0));
#5982=DIRECTION('',(-1.E0,0.E0,0.E0));
#5983=DIRECTION('',(0.E0,0.E0,-1.E0));
#5984=AXIS2_PLACEMENT_3D('',#5981,#5982,#5983);
#5985=CYLINDRICAL_SURFACE('',#5984,2.E-1);
#5986=ORIENTED_EDGE('',*,*,#5971,.F.);
#5988=ORIENTED_EDGE('',*,*,#5987,.F.);
#5990=ORIENTED_EDGE('',*,*,#5989,.F.);
#5991=ORIENTED_EDGE('',*,*,#5842,.T.);
#5992=EDGE_LOOP('',(#5986,#5988,#5990,#5991));
#5993=FACE_OUTER_BOUND('',#5992,.F.);
#5995=CARTESIAN_POINT('',(-4.5E0,-4.85E0,-5.E-1));
#5996=DIRECTION('',(0.E0,-9.999945016606E-1,-3.316119501059E-3));
#5997=DIRECTION('',(0.E0,3.316119501059E-3,-9.999945016606E-1));
#5998=AXIS2_PLACEMENT_3D('',#5995,#5996,#5997);
#5999=PLANE('',#5998);
#6001=ORIENTED_EDGE('',*,*,#6000,.F.);
#6002=ORIENTED_EDGE('',*,*,#4309,.T.);
#6004=ORIENTED_EDGE('',*,*,#6003,.F.);
#6006=ORIENTED_EDGE('',*,*,#6005,.T.);
#6008=ORIENTED_EDGE('',*,*,#6007,.T.);
#6009=ORIENTED_EDGE('',*,*,#5480,.F.);
#6011=ORIENTED_EDGE('',*,*,#6010,.F.);
#6012=ORIENTED_EDGE('',*,*,#5987,.T.);
#6013=EDGE_LOOP('',(#6001,#6002,#6004,#6006,#6008,#6009,#6011,#6012));
#6014=FACE_OUTER_BOUND('',#6013,.F.);
#6016=CARTESIAN_POINT('',(-4.000053740476E0,-4.350053740476E0,
-4.829652247964E-1));
#6017=DIRECTION('',(3.316101268109E-3,3.316101268109E-3,-9.999890034119E-1));
#6018=DIRECTION('',(0.E0,-9.999945016606E-1,-3.316119501059E-3));
#6019=AXIS2_PLACEMENT_3D('',#6016,#6017,#6018);
#6020=CYLINDRICAL_SURFACE('',#6019,5.E-1);
#6022=ORIENTED_EDGE('',*,*,#6021,.F.);
#6023=ORIENTED_EDGE('',*,*,#4291,.F.);
#6024=ORIENTED_EDGE('',*,*,#6000,.T.);
#6025=ORIENTED_EDGE('',*,*,#5976,.T.);
#6026=EDGE_LOOP('',(#6022,#6023,#6024,#6025));
#6027=FACE_OUTER_BOUND('',#6026,.F.);
#6029=CARTESIAN_POINT('',(-4.5E0,5.85E0,-5.E-1));
#6030=DIRECTION('',(9.999945016606E-1,0.E0,3.316119501059E-3));
#6031=DIRECTION('',(3.316119501059E-3,0.E0,-9.999945016606E-1));
#6032=AXIS2_PLACEMENT_3D('',#6029,#6030,#6031);
#6033=PLANE('',#6032);
#6035=ORIENTED_EDGE('',*,*,#6034,.F.);
#6037=ORIENTED_EDGE('',*,*,#6036,.T.);
#6039=ORIENTED_EDGE('',*,*,#6038,.T.);
#6041=ORIENTED_EDGE('',*,*,#6040,.F.);
#6043=ORIENTED_EDGE('',*,*,#6042,.T.);
#6045=ORIENTED_EDGE('',*,*,#6044,.T.);
#6047=ORIENTED_EDGE('',*,*,#6046,.T.);
#6048=ORIENTED_EDGE('',*,*,#4279,.T.);
#6050=ORIENTED_EDGE('',*,*,#6049,.F.);
#6052=ORIENTED_EDGE('',*,*,#6051,.F.);
#6053=ORIENTED_EDGE('',*,*,#4368,.F.);
#6054=ORIENTED_EDGE('',*,*,#4259,.T.);
#6055=ORIENTED_EDGE('',*,*,#6021,.T.);
#6057=ORIENTED_EDGE('',*,*,#6056,.T.);
#6058=ORIENTED_EDGE('',*,*,#4981,.F.);
#6060=ORIENTED_EDGE('',*,*,#6059,.F.);
#6061=EDGE_LOOP('',(#6035,#6037,#6039,#6041,#6043,#6045,#6047,#6048,#6050,#6052,
#6053,#6054,#6055,#6057,#6058,#6060));
#6062=FACE_OUTER_BOUND('',#6061,.F.);
#6064=CARTESIAN_POINT('',(-4.431098450836E0,2.39E-1,-6.200165808065E0));
#6065=DIRECTION('',(-7.071028932735E-1,7.071067811865E-1,-2.344850586424E-3));
#6066=DIRECTION('',(7.071028932735E-1,7.071067811865E-1,2.344850586424E-3));
#6067=AXIS2_PLACEMENT_3D('',#6064,#6065,#6066);
#6068=PLANE('',#6067);
#6070=ORIENTED_EDGE('',*,*,#6069,.F.);
#6072=ORIENTED_EDGE('',*,*,#6071,.T.);
#6073=ORIENTED_EDGE('',*,*,#6034,.T.);
#6075=ORIENTED_EDGE('',*,*,#6074,.T.);
#6076=EDGE_LOOP('',(#6070,#6072,#6073,#6075));
#6077=FACE_OUTER_BOUND('',#6076,.F.);
#6079=CARTESIAN_POINT('',(-4.391047138963E0,1.89E-1,-3.2E0));
#6080=DIRECTION('',(9.999945016606E-1,0.E0,3.316119501059E-3));
#6081=DIRECTION('',(0.E0,-1.E0,0.E0));
#6082=AXIS2_PLACEMENT_3D('',#6079,#6080,#6081);
#6083=PLANE('',#6082);
#6084=ORIENTED_EDGE('',*,*,#6069,.T.);
#6086=ORIENTED_EDGE('',*,*,#6085,.F.);
#6088=ORIENTED_EDGE('',*,*,#6087,.F.);
#6090=ORIENTED_EDGE('',*,*,#6089,.F.);
#6091=EDGE_LOOP('',(#6084,#6086,#6088,#6090));
#6092=FACE_OUTER_BOUND('',#6091,.F.);
#6094=CARTESIAN_POINT('',(-4.271148502038E0,1.749492821504E1,-9.2E0));
#6095=DIRECTION('',(0.E0,-1.E0,0.E0));
#6096=DIRECTION('',(-9.999945016606E-1,0.E0,-3.316119501058E-3));
#6097=AXIS2_PLACEMENT_3D('',#6094,#6095,#6096);
#6098=CYLINDRICAL_SURFACE('',#6097,2.E-1);
#6099=ORIENTED_EDGE('',*,*,#6040,.T.);
#6101=ORIENTED_EDGE('',*,*,#6100,.F.);
#6102=ORIENTED_EDGE('',*,*,#6085,.T.);
#6103=ORIENTED_EDGE('',*,*,#6074,.F.);
#6104=ORIENTED_EDGE('',*,*,#6059,.T.);
#6105=ORIENTED_EDGE('',*,*,#4979,.T.);
#6106=ORIENTED_EDGE('',*,*,#5111,.F.);
#6108=ORIENTED_EDGE('',*,*,#6107,.T.);
#6109=EDGE_LOOP('',(#6099,#6101,#6102,#6103,#6104,#6105,#6106,#6108));
#6110=FACE_OUTER_BOUND('',#6109,.F.);
#6112=CARTESIAN_POINT('',(-4.431098450836E0,1.339E0,-6.200165808065E0));
#6113=DIRECTION('',(-7.071028932735E-1,-7.071067811865E-1,-2.344850586424E-3));
#6114=DIRECTION('',(-7.071028932735E-1,7.071067811865E-1,-2.344850586424E-3));
#6115=AXIS2_PLACEMENT_3D('',#6112,#6113,#6114);
#6116=PLANE('',#6115);
#6117=ORIENTED_EDGE('',*,*,#6038,.F.);
#6119=ORIENTED_EDGE('',*,*,#6118,.T.);
#6120=ORIENTED_EDGE('',*,*,#6087,.T.);
#6121=ORIENTED_EDGE('',*,*,#6100,.T.);
#6122=EDGE_LOOP('',(#6117,#6119,#6120,#6121));
#6123=FACE_OUTER_BOUND('',#6122,.F.);
#6125=CARTESIAN_POINT('',(-4.5E0,0.E0,-3.2E0));
#6126=DIRECTION('',(0.E0,0.E0,1.E0));
#6127=DIRECTION('',(1.E0,0.E0,0.E0));
#6128=AXIS2_PLACEMENT_3D('',#6125,#6126,#6127);
#6129=PLANE('',#6128);
#6130=ORIENTED_EDGE('',*,*,#6071,.F.);
#6131=ORIENTED_EDGE('',*,*,#6089,.T.);
#6132=ORIENTED_EDGE('',*,*,#6118,.F.);
#6133=ORIENTED_EDGE('',*,*,#6036,.F.);
#6134=EDGE_LOOP('',(#6130,#6131,#6132,#6133));
#6135=FACE_OUTER_BOUND('',#6134,.F.);
#6137=CARTESIAN_POINT('',(-4.5E0,0.E0,-3.2E0));
#6138=DIRECTION('',(0.E0,0.E0,1.E0));
#6139=DIRECTION('',(1.E0,0.E0,0.E0));
#6140=AXIS2_PLACEMENT_3D('',#6137,#6138,#6139);
#6141=PLANE('',#6140);
#6143=ORIENTED_EDGE('',*,*,#6142,.F.);
#6145=ORIENTED_EDGE('',*,*,#6144,.T.);
#6147=ORIENTED_EDGE('',*,*,#6146,.F.);
#6149=ORIENTED_EDGE('',*,*,#6148,.T.);
#6150=EDGE_LOOP('',(#6143,#6145,#6147,#6149));
#6151=FACE_OUTER_BOUND('',#6150,.F.);
#6153=CARTESIAN_POINT('',(4.431095950850E0,2.39E-1,-6.200165803920E0));
#6154=DIRECTION('',(7.071028932735E-1,7.071067811865E-1,-2.344850586424E-3));
#6155=DIRECTION('',(7.071028932735E-1,-7.071067811865E-1,-2.344850586424E-3));
#6156=AXIS2_PLACEMENT_3D('',#6153,#6154,#6155);
#6157=PLANE('',#6156);
#6159=ORIENTED_EDGE('',*,*,#6158,.F.);
#6160=ORIENTED_EDGE('',*,*,#6142,.T.);
#6162=ORIENTED_EDGE('',*,*,#6161,.T.);
#6164=ORIENTED_EDGE('',*,*,#6163,.T.);
#6165=EDGE_LOOP('',(#6159,#6160,#6162,#6164));
#6166=FACE_OUTER_BOUND('',#6165,.F.);
#6168=CARTESIAN_POINT('',(4.469823146618E0,5.85E0,-9.6E0));
#6169=DIRECTION('',(-9.999945016606E-1,0.E0,3.316119501059E-3));
#6170=DIRECTION('',(3.316119501059E-3,0.E0,9.999945016606E-1));
#6171=AXIS2_PLACEMENT_3D('',#6168,#6169,#6170);
#6172=PLANE('',#6171);
#6173=ORIENTED_EDGE('',*,*,#6158,.T.);
#6175=ORIENTED_EDGE('',*,*,#6174,.F.);
#6176=ORIENTED_EDGE('',*,*,#5056,.T.);
#6178=ORIENTED_EDGE('',*,*,#6177,.T.);
#6180=ORIENTED_EDGE('',*,*,#6179,.T.);
#6182=ORIENTED_EDGE('',*,*,#6181,.T.);
#6184=ORIENTED_EDGE('',*,*,#6183,.F.);
#6186=ORIENTED_EDGE('',*,*,#6185,.F.);
#6188=ORIENTED_EDGE('',*,*,#6187,.F.);
#6190=ORIENTED_EDGE('',*,*,#6189,.F.);
#6192=ORIENTED_EDGE('',*,*,#6191,.T.);
#6194=ORIENTED_EDGE('',*,*,#6193,.T.);
#6196=ORIENTED_EDGE('',*,*,#6195,.F.);
#6198=ORIENTED_EDGE('',*,*,#6197,.F.);
#6200=ORIENTED_EDGE('',*,*,#6199,.F.);
#6201=ORIENTED_EDGE('',*,*,#6144,.F.);
#6202=EDGE_LOOP('',(#6173,#6175,#6176,#6178,#6180,#6182,#6184,#6186,#6188,#6190,
#6192,#6194,#6196,#6198,#6200,#6201));
#6203=FACE_OUTER_BOUND('',#6202,.F.);
#6205=CARTESIAN_POINT('',(4.271148502038E0,-1.749492821504E1,-9.2E0));
#6206=DIRECTION('',(0.E0,1.E0,0.E0));
#6207=DIRECTION('',(9.999945016606E-1,0.E0,-3.316119501058E-3));
#6208=AXIS2_PLACEMENT_3D('',#6205,#6206,#6207);
#6209=CYLINDRICAL_SURFACE('',#6208,2.E-1);
#6211=ORIENTED_EDGE('',*,*,#6210,.T.);
#6213=ORIENTED_EDGE('',*,*,#6212,.F.);
#6214=ORIENTED_EDGE('',*,*,#6197,.T.);
#6216=ORIENTED_EDGE('',*,*,#6215,.T.);
#6217=ORIENTED_EDGE('',*,*,#5077,.F.);
#6218=ORIENTED_EDGE('',*,*,#5058,.T.);
#6219=ORIENTED_EDGE('',*,*,#6174,.T.);
#6220=ORIENTED_EDGE('',*,*,#6163,.F.);
#6221=EDGE_LOOP('',(#6211,#6213,#6214,#6216,#6217,#6218,#6219,#6220));
#6222=FACE_OUTER_BOUND('',#6221,.F.);
#6224=CARTESIAN_POINT('',(4.391044638963E0,1.389E0,-3.2E0));
#6225=DIRECTION('',(-9.999945016606E-1,0.E0,3.316119501059E-3));
#6226=DIRECTION('',(0.E0,1.E0,0.E0));
#6227=AXIS2_PLACEMENT_3D('',#6224,#6225,#6226);
#6228=PLANE('',#6227);
#6229=ORIENTED_EDGE('',*,*,#6161,.F.);
#6230=ORIENTED_EDGE('',*,*,#6148,.F.);
#6232=ORIENTED_EDGE('',*,*,#6231,.T.);
#6233=ORIENTED_EDGE('',*,*,#6210,.F.);
#6234=EDGE_LOOP('',(#6229,#6230,#6232,#6233));
#6235=FACE_OUTER_BOUND('',#6234,.F.);
#6237=CARTESIAN_POINT('',(4.431095950850E0,1.339E0,-6.200165803920E0));
#6238=DIRECTION('',(7.071028932735E-1,-7.071067811865E-1,-2.344850586424E-3));
#6239=DIRECTION('',(-7.071028932735E-1,-7.071067811865E-1,2.344850586424E-3));
#6240=AXIS2_PLACEMENT_3D('',#6237,#6238,#6239);
#6241=PLANE('',#6240);
#6242=ORIENTED_EDGE('',*,*,#6231,.F.);
#6243=ORIENTED_EDGE('',*,*,#6146,.T.);
#6244=ORIENTED_EDGE('',*,*,#6199,.T.);
#6245=ORIENTED_EDGE('',*,*,#6212,.T.);
#6246=EDGE_LOOP('',(#6242,#6243,#6244,#6245));
#6247=FACE_OUTER_BOUND('',#6246,.F.);
#6249=CARTESIAN_POINT('',(-4.5E0,3.85E0,-9.4E0));
#6250=DIRECTION('',(0.E0,1.E0,0.E0));
#6251=DIRECTION('',(0.E0,0.E0,-1.E0));
#6252=AXIS2_PLACEMENT_3D('',#6249,#6250,#6251);
#6253=PLANE('',#6252);
#6254=ORIENTED_EDGE('',*,*,#4808,.T.);
#6255=ORIENTED_EDGE('',*,*,#5505,.F.);
#6257=ORIENTED_EDGE('',*,*,#6256,.F.);
#6258=ORIENTED_EDGE('',*,*,#5865,.F.);
#6260=ORIENTED_EDGE('',*,*,#6259,.F.);
#6261=ORIENTED_EDGE('',*,*,#6042,.F.);
#6262=ORIENTED_EDGE('',*,*,#6107,.F.);
#6263=ORIENTED_EDGE('',*,*,#5109,.T.);
#6264=EDGE_LOOP('',(#6254,#6255,#6257,#6258,#6260,#6261,#6262,#6263));
#6265=FACE_OUTER_BOUND('',#6264,.F.);
#6267=CARTESIAN_POINT('',(-4.5E0,3.85E0,-9.4E0));
#6268=DIRECTION('',(0.E0,1.E0,0.E0));
#6269=DIRECTION('',(0.E0,0.E0,-1.E0));
#6270=AXIS2_PLACEMENT_3D('',#6267,#6268,#6269);
#6271=PLANE('',#6270);
#6273=ORIENTED_EDGE('',*,*,#6272,.T.);
#6274=ORIENTED_EDGE('',*,*,#5537,.F.);
#6275=ORIENTED_EDGE('',*,*,#4891,.T.);
#6276=ORIENTED_EDGE('',*,*,#5103,.T.);
#6277=EDGE_LOOP('',(#6273,#6274,#6275,#6276));
#6278=FACE_OUTER_BOUND('',#6277,.F.);
#6280=CARTESIAN_POINT('',(-4.5E0,3.85E0,-9.4E0));
#6281=DIRECTION('',(0.E0,1.E0,0.E0));
#6282=DIRECTION('',(0.E0,0.E0,-1.E0));
#6283=AXIS2_PLACEMENT_3D('',#6280,#6281,#6282);
#6284=PLANE('',#6283);
#6286=ORIENTED_EDGE('',*,*,#6285,.T.);
#6287=ORIENTED_EDGE('',*,*,#5566,.F.);
#6289=ORIENTED_EDGE('',*,*,#6288,.T.);
#6290=ORIENTED_EDGE('',*,*,#5095,.T.);
#6291=EDGE_LOOP('',(#6286,#6287,#6289,#6290));
#6292=FACE_OUTER_BOUND('',#6291,.F.);
#6294=CARTESIAN_POINT('',(-4.5E0,3.85E0,-9.4E0));
#6295=DIRECTION('',(0.E0,1.E0,0.E0));
#6296=DIRECTION('',(0.E0,0.E0,-1.E0));
#6297=AXIS2_PLACEMENT_3D('',#6294,#6295,#6296);
#6298=PLANE('',#6297);
#6299=ORIENTED_EDGE('',*,*,#5210,.T.);
#6300=ORIENTED_EDGE('',*,*,#5595,.F.);
#6302=ORIENTED_EDGE('',*,*,#6301,.T.);
#6303=ORIENTED_EDGE('',*,*,#5087,.T.);
#6304=EDGE_LOOP('',(#6299,#6300,#6302,#6303));
#6305=FACE_OUTER_BOUND('',#6304,.F.);
#6307=CARTESIAN_POINT('',(-4.5E0,3.85E0,-9.4E0));
#6308=DIRECTION('',(0.E0,1.E0,0.E0));
#6309=DIRECTION('',(0.E0,0.E0,-1.E0));
#6310=AXIS2_PLACEMENT_3D('',#6307,#6308,#6309);
#6311=PLANE('',#6310);
#6312=ORIENTED_EDGE('',*,*,#5290,.T.);
#6313=ORIENTED_EDGE('',*,*,#5079,.T.);
#6314=ORIENTED_EDGE('',*,*,#6215,.F.);
#6315=ORIENTED_EDGE('',*,*,#6195,.T.);
#6317=ORIENTED_EDGE('',*,*,#6316,.F.);
#6318=ORIENTED_EDGE('',*,*,#5890,.F.);
#6320=ORIENTED_EDGE('',*,*,#6319,.T.);
#6321=ORIENTED_EDGE('',*,*,#5619,.F.);
#6322=EDGE_LOOP('',(#6312,#6313,#6314,#6315,#6317,#6318,#6320,#6321));
#6323=FACE_OUTER_BOUND('',#6322,.F.);
#6325=CARTESIAN_POINT('',(-2.5E0,-4.15E0,-9.6E0));
#6326=DIRECTION('',(-1.E0,0.E0,0.E0));
#6327=DIRECTION('',(0.E0,1.E0,0.E0));
#6328=AXIS2_PLACEMENT_3D('',#6325,#6326,#6327);
#6329=PLANE('',#6328);
#6330=ORIENTED_EDGE('',*,*,#5848,.F.);
#6332=ORIENTED_EDGE('',*,*,#6331,.T.);
#6333=ORIENTED_EDGE('',*,*,#5517,.T.);
#6334=ORIENTED_EDGE('',*,*,#4987,.F.);
#6335=EDGE_LOOP('',(#6330,#6332,#6333,#6334));
#6336=FACE_OUTER_BOUND('',#6335,.F.);
#6338=CARTESIAN_POINT('',(-2.5E0,-4.15E0,-9.6E0));
#6339=DIRECTION('',(-1.E0,0.E0,0.E0));
#6340=DIRECTION('',(0.E0,1.E0,0.E0));
#6341=AXIS2_PLACEMENT_3D('',#6338,#6339,#6340);
#6342=PLANE('',#6341);
#6343=ORIENTED_EDGE('',*,*,#5867,.F.);
#6344=ORIENTED_EDGE('',*,*,#6256,.T.);
#6345=ORIENTED_EDGE('',*,*,#5503,.T.);
#6347=ORIENTED_EDGE('',*,*,#6346,.F.);
#6348=EDGE_LOOP('',(#6343,#6344,#6345,#6347));
#6349=FACE_OUTER_BOUND('',#6348,.F.);
#6351=CARTESIAN_POINT('',(-2.6E0,-4.15E0,-9.6E0));
#6352=DIRECTION('',(0.E0,1.E0,0.E0));
#6353=DIRECTION('',(1.E0,0.E0,0.E0));
#6354=AXIS2_PLACEMENT_3D('',#6351,#6352,#6353);
#6355=PLANE('',#6354);
#6356=ORIENTED_EDGE('',*,*,#5846,.F.);
#6358=ORIENTED_EDGE('',*,*,#6357,.T.);
#6359=ORIENTED_EDGE('',*,*,#5519,.T.);
#6360=ORIENTED_EDGE('',*,*,#6331,.F.);
#6361=EDGE_LOOP('',(#6356,#6358,#6359,#6360));
#6362=FACE_OUTER_BOUND('',#6361,.F.);
#6364=CARTESIAN_POINT('',(-2.6E0,-4.85E0,-9.6E0));
#6365=DIRECTION('',(-1.E0,0.E0,0.E0));
#6366=DIRECTION('',(0.E0,1.E0,0.E0));
#6367=AXIS2_PLACEMENT_3D('',#6364,#6365,#6366);
#6368=PLANE('',#6367);
#6369=ORIENTED_EDGE('',*,*,#5989,.T.);
#6370=ORIENTED_EDGE('',*,*,#6010,.T.);
#6371=ORIENTED_EDGE('',*,*,#5478,.F.);
#6372=ORIENTED_EDGE('',*,*,#5521,.T.);
#6373=ORIENTED_EDGE('',*,*,#6357,.F.);
#6374=ORIENTED_EDGE('',*,*,#5844,.F.);
#6375=EDGE_LOOP('',(#6369,#6370,#6371,#6372,#6373,#6374));
#6376=FACE_OUTER_BOUND('',#6375,.F.);
#6378=CARTESIAN_POINT('',(-2.5E0,4.15E0,-9.6E0));
#6379=DIRECTION('',(0.E0,-1.E0,0.E0));
#6380=DIRECTION('',(-1.E0,0.E0,0.E0));
#6381=AXIS2_PLACEMENT_3D('',#6378,#6379,#6380);
#6382=PLANE('',#6381);
#6383=ORIENTED_EDGE('',*,*,#5869,.F.);
#6384=ORIENTED_EDGE('',*,*,#6346,.T.);
#6385=ORIENTED_EDGE('',*,*,#5501,.T.);
#6387=ORIENTED_EDGE('',*,*,#6386,.F.);
#6388=EDGE_LOOP('',(#6383,#6384,#6385,#6387));
#6389=FACE_OUTER_BOUND('',#6388,.F.);
#6391=CARTESIAN_POINT('',(-2.6E0,4.15E0,-9.6E0));
#6392=DIRECTION('',(-1.E0,0.E0,0.E0));
#6393=DIRECTION('',(0.E0,1.E0,0.E0));
#6394=AXIS2_PLACEMENT_3D('',#6391,#6392,#6393);
#6395=PLANE('',#6394);
#6396=ORIENTED_EDGE('',*,*,#5499,.T.);
#6397=ORIENTED_EDGE('',*,*,#5663,.F.);
#6399=ORIENTED_EDGE('',*,*,#6398,.F.);
#6401=ORIENTED_EDGE('',*,*,#6400,.T.);
#6402=ORIENTED_EDGE('',*,*,#5871,.T.);
#6403=ORIENTED_EDGE('',*,*,#6386,.T.);
#6404=EDGE_LOOP('',(#6396,#6397,#6399,#6401,#6402,#6403));
#6405=FACE_OUTER_BOUND('',#6404,.F.);
#6407=CARTESIAN_POINT('',(-4.5E0,4.819823146618E0,-9.6E0));
#6408=DIRECTION('',(0.E0,9.999945016606E-1,-3.316119501059E-3));
#6409=DIRECTION('',(0.E0,3.316119501059E-3,9.999945016606E-1));
#6410=AXIS2_PLACEMENT_3D('',#6407,#6408,#6409);
#6411=PLANE('',#6410);
#6413=ORIENTED_EDGE('',*,*,#6412,.F.);
#6415=ORIENTED_EDGE('',*,*,#6414,.F.);
#6416=ORIENTED_EDGE('',*,*,#6398,.T.);
#6417=ORIENTED_EDGE('',*,*,#5661,.F.);
#6418=ORIENTED_EDGE('',*,*,#5746,.F.);
#6419=ORIENTED_EDGE('',*,*,#5764,.F.);
#6421=ORIENTED_EDGE('',*,*,#6420,.F.);
#6423=ORIENTED_EDGE('',*,*,#6422,.F.);
#6424=EDGE_LOOP('',(#6413,#6415,#6416,#6417,#6418,#6419,#6421,#6423));
#6425=FACE_OUTER_BOUND('',#6424,.F.);
#6427=CARTESIAN_POINT('',(-3.928320392789E0,4.278320392789E0,-2.211456E1));
#6428=DIRECTION('',(-3.316101268109E-3,3.316101268109E-3,9.999890034119E-1));
#6429=DIRECTION('',(0.E0,9.999945016606E-1,-3.316119501059E-3));
#6430=AXIS2_PLACEMENT_3D('',#6427,#6428,#6429);
#6431=CYLINDRICAL_SURFACE('',#6430,5.E-1);
#6432=ORIENTED_EDGE('',*,*,#6412,.T.);
#6434=ORIENTED_EDGE('',*,*,#6433,.T.);
#6435=ORIENTED_EDGE('',*,*,#6046,.F.);
#6437=ORIENTED_EDGE('',*,*,#6436,.T.);
#6438=EDGE_LOOP('',(#6432,#6434,#6435,#6437));
#6439=FACE_OUTER_BOUND('',#6438,.F.);
#6441=CARTESIAN_POINT('',(-4.E0,4.35E0,-5.161184E-1));
#6442=DIRECTION('',(0.E0,0.E0,1.E0));
#6443=DIRECTION('',(0.E0,1.E0,0.E0));
#6444=AXIS2_PLACEMENT_3D('',#6441,#6442,#6443);
#6445=CYLINDRICAL_SURFACE('',#6444,5.E-1);
#6446=ORIENTED_EDGE('',*,*,#4273,.F.);
#6447=ORIENTED_EDGE('',*,*,#6433,.F.);
#6449=ORIENTED_EDGE('',*,*,#6448,.T.);
#6451=ORIENTED_EDGE('',*,*,#6450,.T.);
#6452=EDGE_LOOP('',(#6446,#6447,#6449,#6451));
#6453=FACE_OUTER_BOUND('',#6452,.F.);
#6455=CARTESIAN_POINT('',(-4.5E0,4.85E0,-5.E-1));
#6456=DIRECTION('',(0.E0,1.E0,0.E0));
#6457=DIRECTION('',(0.E0,0.E0,1.E0));
#6458=AXIS2_PLACEMENT_3D('',#6455,#6456,#6457);
#6459=PLANE('',#6458);
#6460=ORIENTED_EDGE('',*,*,#6448,.F.);
#6461=ORIENTED_EDGE('',*,*,#6422,.T.);
#6463=ORIENTED_EDGE('',*,*,#6462,.F.);
#6465=ORIENTED_EDGE('',*,*,#6464,.T.);
#6466=EDGE_LOOP('',(#6460,#6461,#6463,#6465));
#6467=FACE_OUTER_BOUND('',#6466,.F.);
#6469=CARTESIAN_POINT('',(4.E0,4.35E0,1.251456E1));
#6470=DIRECTION('',(0.E0,0.E0,-1.E0));
#6471=DIRECTION('',(0.E0,1.E0,0.E0));
#6472=AXIS2_PLACEMENT_3D('',#6469,#6470,#6471);
#6473=CYLINDRICAL_SURFACE('',#6472,5.E-1);
#6474=ORIENTED_EDGE('',*,*,#6462,.T.);
#6476=ORIENTED_EDGE('',*,*,#6475,.T.);
#6478=ORIENTED_EDGE('',*,*,#6477,.F.);
#6480=ORIENTED_EDGE('',*,*,#6479,.T.);
#6481=EDGE_LOOP('',(#6474,#6476,#6478,#6480));
#6482=FACE_OUTER_BOUND('',#6481,.F.);
#6484=CARTESIAN_POINT('',(4.000051778660E0,4.350051778660E0,
-4.835568215434E-1));
#6485=DIRECTION('',(-3.316101268109E-3,-3.316101268109E-3,-9.999890034119E-1));
#6486=DIRECTION('',(0.E0,9.999945016606E-1,-3.316119501059E-3));
#6487=AXIS2_PLACEMENT_3D('',#6484,#6485,#6486);
#6488=CYLINDRICAL_SURFACE('',#6487,5.E-1);
#6489=ORIENTED_EDGE('',*,*,#6191,.F.);
#6490=ORIENTED_EDGE('',*,*,#6475,.F.);
#6491=ORIENTED_EDGE('',*,*,#6420,.T.);
#6492=ORIENTED_EDGE('',*,*,#5830,.T.);
#6493=EDGE_LOOP('',(#6489,#6490,#6491,#6492));
#6494=FACE_OUTER_BOUND('',#6493,.F.);
#6496=CARTESIAN_POINT('',(4.5E0,0.E0,0.E0));
#6497=DIRECTION('',(1.E0,0.E0,0.E0));
#6498=DIRECTION('',(0.E0,-1.E0,0.E0));
#6499=AXIS2_PLACEMENT_3D('',#6496,#6497,#6498);
#6500=PLANE('',#6499);
#6501=ORIENTED_EDGE('',*,*,#6477,.T.);
#6502=ORIENTED_EDGE('',*,*,#6189,.T.);
#6504=ORIENTED_EDGE('',*,*,#6503,.T.);
#6506=ORIENTED_EDGE('',*,*,#6505,.F.);
#6507=EDGE_LOOP('',(#6501,#6502,#6504,#6506));
#6508=FACE_OUTER_BOUND('',#6507,.F.);
#6510=CARTESIAN_POINT('',(4.5E0,0.E0,0.E0));
#6511=DIRECTION('',(1.E0,0.E0,0.E0));
#6512=DIRECTION('',(0.E0,-1.E0,0.E0));
#6513=AXIS2_PLACEMENT_3D('',#6510,#6511,#6512);
#6514=PLANE('',#6513);
#6516=ORIENTED_EDGE('',*,*,#6515,.T.);
#6518=ORIENTED_EDGE('',*,*,#6517,.F.);
#6520=ORIENTED_EDGE('',*,*,#6519,.T.);
#6521=ORIENTED_EDGE('',*,*,#6181,.F.);
#6522=EDGE_LOOP('',(#6516,#6518,#6520,#6521));
#6523=FACE_OUTER_BOUND('',#6522,.F.);
#6525=CARTESIAN_POINT('',(-4.5E0,3.805401142842E0,0.E0));
#6526=DIRECTION('',(0.E0,9.998476951564E-1,-1.745240643728E-2));
#6527=DIRECTION('',(0.E0,-1.745240643728E-2,-9.998476951564E-1));
#6528=AXIS2_PLACEMENT_3D('',#6525,#6526,#6527);
#6529=PLANE('',#6528);
#6531=ORIENTED_EDGE('',*,*,#6530,.F.);
#6533=ORIENTED_EDGE('',*,*,#6532,.F.);
#6534=ORIENTED_EDGE('',*,*,#6049,.T.);
#6535=ORIENTED_EDGE('',*,*,#4277,.F.);
#6537=ORIENTED_EDGE('',*,*,#6536,.F.);
#6539=ORIENTED_EDGE('',*,*,#6538,.T.);
#6540=ORIENTED_EDGE('',*,*,#4405,.T.);
#6541=EDGE_LOOP('',(#6531,#6533,#6534,#6535,#6537,#6539,#6540));
#6542=FACE_OUTER_BOUND('',#6541,.F.);
#6544=CARTESIAN_POINT('',(-4.5E0,3.805401142842E0,0.E0));
#6545=DIRECTION('',(0.E0,9.998476951564E-1,-1.745240643728E-2));
#6546=DIRECTION('',(0.E0,-1.745240643728E-2,-9.998476951564E-1));
#6547=AXIS2_PLACEMENT_3D('',#6544,#6545,#6546);
#6548=PLANE('',#6547);
#6549=ORIENTED_EDGE('',*,*,#6187,.T.);
#6551=ORIENTED_EDGE('',*,*,#6550,.F.);
#6553=ORIENTED_EDGE('',*,*,#6552,.F.);
#6555=ORIENTED_EDGE('',*,*,#6554,.F.);
#6557=ORIENTED_EDGE('',*,*,#6556,.T.);
#6559=ORIENTED_EDGE('',*,*,#6558,.F.);
#6560=ORIENTED_EDGE('',*,*,#6503,.F.);
#6561=EDGE_LOOP('',(#6549,#6551,#6553,#6555,#6557,#6559,#6560));
#6562=FACE_OUTER_BOUND('',#6561,.F.);
#6564=CARTESIAN_POINT('',(-4.5E0,3.767E0,-2.2E0));
#6565=DIRECTION('',(0.E0,0.E0,-1.E0));
#6566=DIRECTION('',(0.E0,-1.E0,0.E0));
#6567=AXIS2_PLACEMENT_3D('',#6564,#6565,#6566);
#6568=PLANE('',#6567);
#6570=ORIENTED_EDGE('',*,*,#6569,.T.);
#6571=ORIENTED_EDGE('',*,*,#6530,.T.);
#6572=ORIENTED_EDGE('',*,*,#4403,.T.);
#6573=ORIENTED_EDGE('',*,*,#4372,.F.);
#6574=EDGE_LOOP('',(#6570,#6571,#6572,#6573));
#6575=FACE_OUTER_BOUND('',#6574,.F.);
#6577=CARTESIAN_POINT('',(-4.5E0,3.767E0,-2.2E0));
#6578=DIRECTION('',(0.E0,0.E0,-1.E0));
#6579=DIRECTION('',(0.E0,-1.E0,0.E0));
#6580=AXIS2_PLACEMENT_3D('',#6577,#6578,#6579);
#6581=PLANE('',#6580);
#6583=ORIENTED_EDGE('',*,*,#6582,.F.);
#6585=ORIENTED_EDGE('',*,*,#6584,.F.);
#6587=ORIENTED_EDGE('',*,*,#6586,.F.);
#6589=ORIENTED_EDGE('',*,*,#6588,.F.);
#6591=ORIENTED_EDGE('',*,*,#6590,.F.);
#6592=ORIENTED_EDGE('',*,*,#6552,.T.);
#6594=ORIENTED_EDGE('',*,*,#6593,.T.);
#6596=ORIENTED_EDGE('',*,*,#6595,.T.);
#6597=EDGE_LOOP('',(#6583,#6585,#6587,#6589,#6591,#6592,#6594,#6596));
#6598=FACE_OUTER_BOUND('',#6597,.F.);
#6600=CARTESIAN_POINT('',(-4.293698238631E0,-1.749492821504E1,-2.4E0));
#6601=DIRECTION('',(0.E0,1.E0,0.E0));
#6602=DIRECTION('',(-9.999945016606E-1,0.E0,-3.316119501056E-3));
#6603=AXIS2_PLACEMENT_3D('',#6600,#6601,#6602);
#6604=CYLINDRICAL_SURFACE('',#6603,2.E-1);
#6605=ORIENTED_EDGE('',*,*,#6569,.F.);
#6606=ORIENTED_EDGE('',*,*,#4370,.T.);
#6607=ORIENTED_EDGE('',*,*,#6051,.T.);
#6608=ORIENTED_EDGE('',*,*,#6532,.T.);
#6609=EDGE_LOOP('',(#6605,#6606,#6607,#6608));
#6610=FACE_OUTER_BOUND('',#6609,.F.);
#6612=CARTESIAN_POINT('',(3.88E0,-3.872631246257E0,-6.28E0));
#6613=DIRECTION('',(9.999904807207E-1,0.E0,-4.363309284746E-3));
#6614=DIRECTION('',(4.363309284746E-3,0.E0,9.999904807207E-1));
#6615=AXIS2_PLACEMENT_3D('',#6612,#6613,#6614);
#6616=PLANE('',#6615);
#6618=ORIENTED_EDGE('',*,*,#6617,.T.);
#6619=ORIENTED_EDGE('',*,*,#6582,.T.);
#6621=ORIENTED_EDGE('',*,*,#6620,.T.);
#6623=ORIENTED_EDGE('',*,*,#6622,.F.);
#6625=ORIENTED_EDGE('',*,*,#6624,.F.);
#6627=ORIENTED_EDGE('',*,*,#6626,.F.);
#6628=EDGE_LOOP('',(#6618,#6619,#6621,#6623,#6625,#6627));
#6629=FACE_OUTER_BOUND('',#6628,.F.);
#6631=CARTESIAN_POINT('',(3.88E0,-3.872631246257E0,-6.28E0));
#6632=DIRECTION('',(9.999904807207E-1,0.E0,-4.363309284746E-3));
#6633=DIRECTION('',(4.363309284746E-3,0.E0,9.999904807207E-1));
#6634=AXIS2_PLACEMENT_3D('',#6631,#6632,#6633);
#6635=PLANE('',#6634);
#6637=ORIENTED_EDGE('',*,*,#6636,.F.);
#6639=ORIENTED_EDGE('',*,*,#6638,.F.);
#6641=ORIENTED_EDGE('',*,*,#6640,.F.);
#6643=ORIENTED_EDGE('',*,*,#6642,.T.);
#6644=ORIENTED_EDGE('',*,*,#6554,.T.);
#6645=ORIENTED_EDGE('',*,*,#6590,.T.);
#6646=EDGE_LOOP('',(#6637,#6639,#6641,#6643,#6644,#6645));
#6647=FACE_OUTER_BOUND('',#6646,.F.);
#6649=CARTESIAN_POINT('',(3.37E0,-3.81E-1,-7.28E0));
#6650=DIRECTION('',(0.E0,-9.999904807207E-1,4.363309284747E-3));
#6651=DIRECTION('',(1.E0,0.E0,0.E0));
#6652=AXIS2_PLACEMENT_3D('',#6649,#6650,#6651);
#6653=PLANE('',#6652);
#6654=ORIENTED_EDGE('',*,*,#6584,.T.);
#6655=ORIENTED_EDGE('',*,*,#6617,.F.);
#6657=ORIENTED_EDGE('',*,*,#6656,.T.);
#6658=ORIENTED_EDGE('',*,*,#4453,.T.);
#6660=ORIENTED_EDGE('',*,*,#6659,.T.);
#6661=EDGE_LOOP('',(#6654,#6655,#6657,#6658,#6660));
#6662=FACE_OUTER_BOUND('',#6661,.F.);
#6664=CARTESIAN_POINT('',(3.88E0,-3.871176795983E0,0.E0));
#6665=DIRECTION('',(-1.E0,0.E0,0.E0));
#6666=DIRECTION('',(0.E0,0.E0,-1.E0));
#6667=AXIS2_PLACEMENT_3D('',#6664,#6665,#6666);
#6668=PLANE('',#6667);
#6669=ORIENTED_EDGE('',*,*,#6656,.F.);
#6670=ORIENTED_EDGE('',*,*,#6626,.T.);
#6672=ORIENTED_EDGE('',*,*,#6671,.F.);
#6673=ORIENTED_EDGE('',*,*,#4455,.F.);
#6674=EDGE_LOOP('',(#6669,#6670,#6672,#6673));
#6675=FACE_OUTER_BOUND('',#6674,.F.);
#6677=CARTESIAN_POINT('',(3.88E0,-3.871176795983E0,0.E0));
#6678=DIRECTION('',(-1.E0,0.E0,0.E0));
#6679=DIRECTION('',(0.E0,0.E0,-1.E0));
#6680=AXIS2_PLACEMENT_3D('',#6677,#6678,#6679);
#6681=PLANE('',#6680);
#6683=ORIENTED_EDGE('',*,*,#6682,.T.);
#6684=ORIENTED_EDGE('',*,*,#4498,.F.);
#6686=ORIENTED_EDGE('',*,*,#6685,.F.);
#6687=ORIENTED_EDGE('',*,*,#6638,.T.);
#6688=EDGE_LOOP('',(#6683,#6684,#6686,#6687));
#6689=FACE_OUTER_BOUND('',#6688,.F.);
#6691=CARTESIAN_POINT('',(3.63E0,-3.535269230607E0,-2.211456E1));
#6692=DIRECTION('',(0.E0,-4.363309284747E-3,9.999904807207E-1));
#6693=DIRECTION('',(0.E0,-9.999904807207E-1,-4.363309284747E-3));
#6694=AXIS2_PLACEMENT_3D('',#6691,#6692,#6693);
#6695=CYLINDRICAL_SURFACE('',#6694,2.5E-1);
#6696=ORIENTED_EDGE('',*,*,#4457,.T.);
#6697=ORIENTED_EDGE('',*,*,#6671,.T.);
#6699=ORIENTED_EDGE('',*,*,#6698,.F.);
#6701=ORIENTED_EDGE('',*,*,#6700,.F.);
#6702=EDGE_LOOP('',(#6696,#6697,#6699,#6701));
#6703=FACE_OUTER_BOUND('',#6702,.F.);
#6705=CARTESIAN_POINT('',(3.629935286086E0,-3.604298636906E0,
-6.294285826303E0));
#6706=DIRECTION('',(4.363267749977E-3,-4.363267749978E-3,9.999809617133E-1));
#6707=DIRECTION('',(0.E0,-9.999904807207E-1,-4.363309284747E-3));
#6708=AXIS2_PLACEMENT_3D('',#6705,#6706,#6707);
#6709=CYLINDRICAL_SURFACE('',#6708,2.5E-1);
#6711=ORIENTED_EDGE('',*,*,#6710,.F.);
#6712=ORIENTED_EDGE('',*,*,#6698,.T.);
#6713=ORIENTED_EDGE('',*,*,#6624,.T.);
#6715=ORIENTED_EDGE('',*,*,#6714,.F.);
#6716=EDGE_LOOP('',(#6711,#6712,#6713,#6715));
#6717=FACE_OUTER_BOUND('',#6716,.F.);
#6719=CARTESIAN_POINT('',(3.88E0,-3.85E0,-7.28E0));
#6720=DIRECTION('',(0.E0,-9.999904807207E-1,-4.363309284747E-3));
#6721=DIRECTION('',(1.E0,0.E0,0.E0));
#6722=AXIS2_PLACEMENT_3D('',#6719,#6720,#6721);
#6723=PLANE('',#6722);
#6724=ORIENTED_EDGE('',*,*,#6710,.T.);
#6726=ORIENTED_EDGE('',*,*,#6725,.F.);
#6728=ORIENTED_EDGE('',*,*,#6727,.T.);
#6729=ORIENTED_EDGE('',*,*,#4459,.T.);
#6730=ORIENTED_EDGE('',*,*,#6700,.T.);
#6731=EDGE_LOOP('',(#6724,#6726,#6728,#6729,#6730));
#6732=FACE_OUTER_BOUND('',#6731,.F.);
#6734=CARTESIAN_POINT('',(3.88E0,-3.85E0,-7.28E0));
#6735=DIRECTION('',(0.E0,-9.999904807207E-1,-4.363309284747E-3));
#6736=DIRECTION('',(1.E0,0.E0,0.E0));
#6737=AXIS2_PLACEMENT_3D('',#6734,#6735,#6736);
#6738=PLANE('',#6737);
#6739=ORIENTED_EDGE('',*,*,#4424,.T.);
#6740=ORIENTED_EDGE('',*,*,#4438,.T.);
#6741=ORIENTED_EDGE('',*,*,#4479,.T.);
#6743=ORIENTED_EDGE('',*,*,#6742,.F.);
#6745=ORIENTED_EDGE('',*,*,#6744,.F.);
#6746=EDGE_LOOP('',(#6739,#6740,#6741,#6743,#6745));
#6747=FACE_OUTER_BOUND('',#6746,.F.);
#6749=CARTESIAN_POINT('',(3.470318324590E0,-3.956437945778E0,
-7.499928605406E-2));
#6750=DIRECTION('',(0.E0,7.055624319347E-1,7.086477648609E-1));
#6751=DIRECTION('',(0.E0,-7.086477648609E-1,7.055624319347E-1));
#6752=AXIS2_PLACEMENT_3D('',#6749,#6750,#6751);
#6753=PLANE('',#6752);
#6754=ORIENTED_EDGE('',*,*,#6725,.T.);
#6756=ORIENTED_EDGE('',*,*,#6755,.T.);
#6758=ORIENTED_EDGE('',*,*,#6757,.F.);
#6760=ORIENTED_EDGE('',*,*,#6759,.F.);
#6761=EDGE_LOOP('',(#6754,#6756,#6758,#6760));
#6762=FACE_OUTER_BOUND('',#6761,.F.);
#6764=CARTESIAN_POINT('',(3.650873712918E0,-3.872534901047E0,
-1.584827627405E-1));
#6765=CARTESIAN_POINT('',(3.652831701376E0,-3.872582668465E0,
-1.584769951340E-1));
#6766=CARTESIAN_POINT('',(3.670563830566E0,-3.872798938469E0,
-1.584253840194E-1));
#6767=CARTESIAN_POINT('',(3.704117861370E0,-3.869512185743E0,
-1.583383496780E-1));
#6768=CARTESIAN_POINT('',(3.749896035978E0,-3.855615438176E0,
-1.582466737820E-1));
#6769=CARTESIAN_POINT('',(3.791915853855E0,-3.833119755434E0,
-1.581905316158E-1));
#6770=CARTESIAN_POINT('',(3.828831704037E0,-3.802768042189E0,
-1.581716562653E-1));
#6771=CARTESIAN_POINT('',(3.859011976440E0,-3.765887663332E0,
-1.581909225997E-1));
#6772=CARTESIAN_POINT('',(3.881498935074E0,-3.723712307456E0,
-1.582475371060E-1));
#6773=CARTESIAN_POINT('',(3.895265042901E0,-3.677772520341E0,
-1.583400533810E-1));
#6774=CARTESIAN_POINT('',(3.898430632739E0,-3.644749612175E0,
-1.584259088726E-1));
#6775=CARTESIAN_POINT('',(3.898219648115E0,-3.627192784974E0,
-1.584770007032E-1));
#6776=CARTESIAN_POINT('',(3.898172671193E0,-3.625231461518E0,
-1.584827756264E-1));
#6777=CARTESIAN_POINT('',(3.649513888029E0,-3.928405929616E0,
-1.028325079282E-1));
#6778=CARTESIAN_POINT('',(3.651924994137E0,-3.928464736936E0,
-1.028287655815E-1));
#6779=CARTESIAN_POINT('',(3.673760685668E0,-3.928730925979E0,
-1.027952773948E-1));
#6780=CARTESIAN_POINT('',(3.715079682906E0,-3.924683316083E0,
-1.027388046312E-1));
#6781=CARTESIAN_POINT('',(3.771451844297E0,-3.907570284177E0,
-1.026793201665E-1));
#6782=CARTESIAN_POINT('',(3.823195940681E0,-3.879868400891E0,
-1.026428919792E-1));
#6783=CARTESIAN_POINT('',(3.868654985506E0,-3.842492502351E0,
-1.026306445929E-1));
#6784=CARTESIAN_POINT('',(3.905819768536E0,-3.797077138818E0,
-1.026431456716E-1));
#6785=CARTESIAN_POINT('',(3.933510909942E0,-3.745141510185E0,
-1.026798803395E-1));
#6786=CARTESIAN_POINT('',(3.950463070975E0,-3.688570337691E0,
-1.027399100892E-1));
#6787=CARTESIAN_POINT('',(3.954361474894E0,-3.647905373986E0,
-1.027956179490E-1));
#6788=CARTESIAN_POINT('',(3.954101793079E0,-3.626285553141E0,
-1.028287691951E-1));
#6789=CARTESIAN_POINT('',(3.954043959214E0,-3.623870340292E0,
-1.028325162893E-1));
#6790=CARTESIAN_POINT('',(3.648154063141E0,-3.984276958185E0,
-4.718225311591E-2));
#6791=CARTESIAN_POINT('',(3.651018286898E0,-3.984346805407E0,
-4.718053602906E-2));
#6792=CARTESIAN_POINT('',(3.676957540770E0,-3.984662913489E0,
-4.716517077020E-2));
#6793=CARTESIAN_POINT('',(3.726041504441E0,-3.979854446423E0,
-4.713925958432E-2));
#6794=CARTESIAN_POINT('',(3.793007652616E0,-3.959525130179E0,
-4.711196655096E-2));
#6795=CARTESIAN_POINT('',(3.854476027507E0,-3.926617046349E0,
-4.709525234272E-2));
#6796=CARTESIAN_POINT('',(3.908478266974E0,-3.882216962513E0,
-4.708963292047E-2));
#6797=CARTESIAN_POINT('',(3.952627560632E0,-3.828266614303E0,
-4.709536874341E-2));
#6798=CARTESIAN_POINT('',(3.985522884811E0,-3.766570712913E0,
-4.711222357306E-2));
#6799=CARTESIAN_POINT('',(4.005661099048E0,-3.699368155041E0,
-4.713976679748E-2));
#6800=CARTESIAN_POINT('',(4.010292317049E0,-3.651061135798E0,
-4.716532702542E-2));
#6801=CARTESIAN_POINT('',(4.009983938043E0,-3.625378321307E0,
-4.718053768706E-2));
#6802=CARTESIAN_POINT('',(4.009915247235E0,-3.622509219065E0,
-4.718225695220E-2));
#6803=CARTESIAN_POINT('',(3.646794238253E0,-4.040147986754E0,
8.468001696383E-3));
#6804=CARTESIAN_POINT('',(3.650111579658E0,-4.040228873878E0,
8.467693523428E-3));
#6805=CARTESIAN_POINT('',(3.680154395873E0,-4.040594900999E0,
8.464935854399E-3));
#6806=CARTESIAN_POINT('',(3.737003325977E0,-4.035025576764E0,
8.460285462537E-3));
#6807=CARTESIAN_POINT('',(3.814563460935E0,-4.011479976181E0,
8.455387064568E-3));
#6808=CARTESIAN_POINT('',(3.885756114333E0,-3.973365691807E0,
8.452387293800E-3));
#6809=CARTESIAN_POINT('',(3.948301548443E0,-3.921941422675E0,
8.451378751943E-3));
#6810=CARTESIAN_POINT('',(3.999435352728E0,-3.859456089788E0,
8.452408184732E-3));
#6811=CARTESIAN_POINT('',(4.037534859679E0,-3.787999915642E0,
8.455433193429E-3));
#6812=CARTESIAN_POINT('',(4.060859127122E0,-3.710165972391E0,
8.460376494263E-3));
#6813=CARTESIAN_POINT('',(4.066223159204E0,-3.654216897610E0,
8.464963898195E-3));
#6814=CARTESIAN_POINT('',(4.065866083007E0,-3.624471089473E0,
8.467693820997E-3));
#6815=CARTESIAN_POINT('',(4.065786535256E0,-3.621148097839E0,
8.468002384899E-3));
#6816=B_SPLINE_SURFACE_WITH_KNOTS('',3,3,((#6764,#6765,#6766,#6767,#6768,#6769,
#6770,#6771,#6772,#6773,#6774,#6775,#6776),(#6777,#6778,#6779,#6780,#6781,#6782,
#6783,#6784,#6785,#6786,#6787,#6788,#6789),(#6790,#6791,#6792,#6793,#6794,#6795,
#6796,#6797,#6798,#6799,#6800,#6801,#6802),(#6803,#6804,#6805,#6806,#6807,#6808,
#6809,#6810,#6811,#6812,#6813,#6814,#6815)),.UNSPECIFIED.,.F.,.F.,.F.,(4,4),(4,
1,1,1,1,1,1,1,1,1,4),(-5.644778978712E-2,1.056447789787E0),(-1.552353381810E-2,
0.E0,1.25E-1,2.5E-1,3.75E-1,5.E-1,6.25E-1,7.5E-1,8.75E-1,1.E0,1.015713519906E0),
.UNSPECIFIED.);
#6817=ORIENTED_EDGE('',*,*,#6714,.T.);
#6819=ORIENTED_EDGE('',*,*,#6818,.T.);
#6821=ORIENTED_EDGE('',*,*,#6820,.F.);
#6822=ORIENTED_EDGE('',*,*,#6755,.F.);
#6823=EDGE_LOOP('',(#6817,#6819,#6821,#6822));
#6824=FACE_OUTER_BOUND('',#6823,.F.);
#6826=CARTESIAN_POINT('',(3.982074594958E0,-2.602885437334E0,
-7.499928605406E-2));
#6827=DIRECTION('',(-7.055624319347E-1,0.E0,7.086477648609E-1));
#6828=DIRECTION('',(7.086477648609E-1,0.E0,7.055624319347E-1));
#6829=AXIS2_PLACEMENT_3D('',#6826,#6827,#6828);
#6830=PLANE('',#6829);
#6832=ORIENTED_EDGE('',*,*,#6831,.F.);
#6833=ORIENTED_EDGE('',*,*,#6818,.F.);
#6834=ORIENTED_EDGE('',*,*,#6622,.T.);
#6836=ORIENTED_EDGE('',*,*,#6835,.T.);
#6837=EDGE_LOOP('',(#6832,#6833,#6834,#6836));
#6838=FACE_OUTER_BOUND('',#6837,.F.);
#6840=CARTESIAN_POINT('',(-4.5E0,4.85E0,0.E0));
#6841=DIRECTION('',(0.E0,0.E0,1.E0));
#6842=DIRECTION('',(0.E0,-1.E0,0.E0));
#6843=AXIS2_PLACEMENT_3D('',#6840,#6841,#6842);
#6844=PLANE('',#6843);
#6846=ORIENTED_EDGE('',*,*,#6845,.F.);
#6848=ORIENTED_EDGE('',*,*,#6847,.F.);
#6850=ORIENTED_EDGE('',*,*,#6849,.F.);
#6851=ORIENTED_EDGE('',*,*,#4407,.T.);
#6852=ORIENTED_EDGE('',*,*,#6538,.F.);
#6854=ORIENTED_EDGE('',*,*,#6853,.T.);
#6856=ORIENTED_EDGE('',*,*,#6855,.F.);
#6858=ORIENTED_EDGE('',*,*,#6857,.F.);
#6860=ORIENTED_EDGE('',*,*,#6859,.F.);
#6862=ORIENTED_EDGE('',*,*,#6861,.T.);
#6863=ORIENTED_EDGE('',*,*,#6556,.F.);
#6864=ORIENTED_EDGE('',*,*,#6642,.F.);
#6866=ORIENTED_EDGE('',*,*,#6865,.F.);
#6868=ORIENTED_EDGE('',*,*,#6867,.F.);
#6870=ORIENTED_EDGE('',*,*,#6869,.F.);
#6872=ORIENTED_EDGE('',*,*,#6871,.T.);
#6873=EDGE_LOOP('',(#6846,#6848,#6850,#6851,#6852,#6854,#6856,#6858,#6860,#6862,
#6863,#6864,#6866,#6868,#6870,#6872));
#6874=FACE_OUTER_BOUND('',#6873,.F.);
#6876=CARTESIAN_POINT('',(-4.5E0,4.85E0,0.E0));
#6877=DIRECTION('',(0.E0,0.E0,1.E0));
#6878=DIRECTION('',(0.E0,-1.E0,0.E0));
#6879=AXIS2_PLACEMENT_3D('',#6876,#6877,#6878);
#6880=PLANE('',#6879);
#6882=ORIENTED_EDGE('',*,*,#6881,.T.);
#6884=ORIENTED_EDGE('',*,*,#6883,.F.);
#6886=ORIENTED_EDGE('',*,*,#6885,.F.);
#6888=ORIENTED_EDGE('',*,*,#6887,.T.);
#6890=ORIENTED_EDGE('',*,*,#6889,.T.);
#6891=ORIENTED_EDGE('',*,*,#6757,.T.);
#6892=ORIENTED_EDGE('',*,*,#6820,.T.);
#6893=ORIENTED_EDGE('',*,*,#6831,.T.);
#6895=ORIENTED_EDGE('',*,*,#6894,.F.);
#6897=ORIENTED_EDGE('',*,*,#6896,.T.);
#6899=ORIENTED_EDGE('',*,*,#6898,.F.);
#6900=ORIENTED_EDGE('',*,*,#4321,.T.);
#6901=ORIENTED_EDGE('',*,*,#4336,.F.);
#6902=ORIENTED_EDGE('',*,*,#4352,.T.);
#6903=ORIENTED_EDGE('',*,*,#4364,.F.);
#6904=ORIENTED_EDGE('',*,*,#4388,.T.);
#6906=ORIENTED_EDGE('',*,*,#6905,.T.);
#6908=ORIENTED_EDGE('',*,*,#6907,.T.);
#6910=ORIENTED_EDGE('',*,*,#6909,.T.);
#6912=ORIENTED_EDGE('',*,*,#6911,.T.);
#6914=ORIENTED_EDGE('',*,*,#6913,.F.);
#6916=ORIENTED_EDGE('',*,*,#6915,.F.);
#6917=EDGE_LOOP('',(#6882,#6884,#6886,#6888,#6890,#6891,#6892,#6893,#6895,#6897,
#6899,#6900,#6901,#6902,#6903,#6904,#6906,#6908,#6910,#6912,#6914,#6916));
#6918=FACE_OUTER_BOUND('',#6917,.F.);
#6920=CARTESIAN_POINT('',(-1.893562054222E0,4.127929022172E0,
-7.499928605406E-2));
#6921=DIRECTION('',(-7.055624319347E-1,0.E0,7.086477648609E-1));
#6922=DIRECTION('',(-7.086477648609E-1,0.E0,-7.055624319347E-1));
#6923=AXIS2_PLACEMENT_3D('',#6920,#6921,#6922);
#6924=PLANE('',#6923);
#6926=ORIENTED_EDGE('',*,*,#6925,.T.);
#6928=ORIENTED_EDGE('',*,*,#6927,.F.);
#6930=ORIENTED_EDGE('',*,*,#6929,.T.);
#6931=ORIENTED_EDGE('',*,*,#6845,.T.);
#6932=EDGE_LOOP('',(#6926,#6928,#6930,#6931));
#6933=FACE_OUTER_BOUND('',#6932,.F.);
#6935=CARTESIAN_POINT('',(-3.042368753743E0,3.861401843154E0,0.E0));
#6936=DIRECTION('',(0.E0,9.999904807207E-1,-4.363309284746E-3));
#6937=DIRECTION('',(0.E0,-4.363309284746E-3,-9.999904807207E-1));
#6938=AXIS2_PLACEMENT_3D('',#6935,#6936,#6937);
#6939=PLANE('',#6938);
#6940=ORIENTED_EDGE('',*,*,#6925,.F.);
#6941=ORIENTED_EDGE('',*,*,#6871,.F.);
#6943=ORIENTED_EDGE('',*,*,#6942,.F.);
#6945=ORIENTED_EDGE('',*,*,#6944,.T.);
#6947=ORIENTED_EDGE('',*,*,#6946,.T.);
#6949=ORIENTED_EDGE('',*,*,#6948,.F.);
#6950=EDGE_LOOP('',(#6940,#6941,#6943,#6945,#6947,#6949));
#6951=FACE_OUTER_BOUND('',#6950,.F.);
#6953=CARTESIAN_POINT('',(1.893562054222E0,4.127929022172E0,
-7.499928605406E-2));
#6954=DIRECTION('',(7.055624319347E-1,0.E0,7.086477648609E-1));
#6955=DIRECTION('',(7.086477648609E-1,0.E0,-7.055624319347E-1));
#6956=AXIS2_PLACEMENT_3D('',#6953,#6954,#6955);
#6957=PLANE('',#6956);
#6959=ORIENTED_EDGE('',*,*,#6958,.F.);
#6960=ORIENTED_EDGE('',*,*,#6942,.T.);
#6961=ORIENTED_EDGE('',*,*,#6869,.T.);
#6963=ORIENTED_EDGE('',*,*,#6962,.T.);
#6964=EDGE_LOOP('',(#6959,#6960,#6961,#6963));
#6965=FACE_OUTER_BOUND('',#6964,.F.);
#6967=CARTESIAN_POINT('',(2.E0,3.834E0,-7.28E0));
#6968=DIRECTION('',(-9.999904807207E-1,0.E0,-4.363309284747E-3));
#6969=DIRECTION('',(0.E0,-1.E0,0.E0));
#6970=AXIS2_PLACEMENT_3D('',#6967,#6968,#6969);
#6971=PLANE('',#6970);
#6972=ORIENTED_EDGE('',*,*,#6958,.T.);
#6974=ORIENTED_EDGE('',*,*,#6973,.F.);
#6975=ORIENTED_EDGE('',*,*,#4492,.T.);
#6977=ORIENTED_EDGE('',*,*,#6976,.T.);
#6978=ORIENTED_EDGE('',*,*,#6944,.F.);
#6979=EDGE_LOOP('',(#6972,#6974,#6975,#6977,#6978));
#6980=FACE_OUTER_BOUND('',#6979,.F.);
#6982=CARTESIAN_POINT('',(2.E0,4.364E0,-7.28E0));
#6983=DIRECTION('',(0.E0,9.999904807207E-1,-4.363309284747E-3));
#6984=DIRECTION('',(-1.E0,0.E0,0.E0));
#6985=AXIS2_PLACEMENT_3D('',#6982,#6983,#6984);
#6986=PLANE('',#6985);
#6987=ORIENTED_EDGE('',*,*,#6847,.T.);
#6988=ORIENTED_EDGE('',*,*,#6929,.F.);
#6990=ORIENTED_EDGE('',*,*,#6989,.F.);
#6991=ORIENTED_EDGE('',*,*,#4486,.T.);
#6993=ORIENTED_EDGE('',*,*,#6992,.T.);
#6995=ORIENTED_EDGE('',*,*,#6994,.T.);
#6996=EDGE_LOOP('',(#6987,#6988,#6990,#6991,#6993,#6995));
#6997=FACE_OUTER_BOUND('',#6996,.F.);
#6999=CARTESIAN_POINT('',(2.E0,4.364E0,-7.28E0));
#7000=DIRECTION('',(0.E0,9.999904807207E-1,-4.363309284747E-3));
#7001=DIRECTION('',(-1.E0,0.E0,0.E0));
#7002=AXIS2_PLACEMENT_3D('',#6999,#7000,#7001);
#7003=PLANE('',#7002);
#7004=ORIENTED_EDGE('',*,*,#6973,.T.);
#7005=ORIENTED_EDGE('',*,*,#6962,.F.);
#7006=ORIENTED_EDGE('',*,*,#6867,.T.);
#7008=ORIENTED_EDGE('',*,*,#7007,.T.);
#7010=ORIENTED_EDGE('',*,*,#7009,.T.);
#7011=ORIENTED_EDGE('',*,*,#4494,.T.);
#7012=EDGE_LOOP('',(#7004,#7005,#7006,#7008,#7010,#7011));
#7013=FACE_OUTER_BOUND('',#7012,.F.);
#7015=CARTESIAN_POINT('',(-2.E0,4.364E0,-7.28E0));
#7016=DIRECTION('',(9.999904807207E-1,0.E0,-4.363309284747E-3));
#7017=DIRECTION('',(0.E0,1.E0,0.E0));
#7018=AXIS2_PLACEMENT_3D('',#7015,#7016,#7017);
#7019=PLANE('',#7018);
#7020=ORIENTED_EDGE('',*,*,#6927,.T.);
#7021=ORIENTED_EDGE('',*,*,#6948,.T.);
#7023=ORIENTED_EDGE('',*,*,#7022,.F.);
#7024=ORIENTED_EDGE('',*,*,#4488,.T.);
#7025=ORIENTED_EDGE('',*,*,#6989,.T.);
#7026=EDGE_LOOP('',(#7020,#7021,#7023,#7024,#7025));
#7027=FACE_OUTER_BOUND('',#7026,.F.);
#7029=CARTESIAN_POINT('',(-1.978823204017E0,3.834E0,-7.28E0));
#7030=DIRECTION('',(0.E0,-1.E0,0.E0));
#7031=DIRECTION('',(0.E0,0.E0,1.E0));
#7032=AXIS2_PLACEMENT_3D('',#7029,#7030,#7031);
#7033=PLANE('',#7032);
#7034=ORIENTED_EDGE('',*,*,#6946,.F.);
#7035=ORIENTED_EDGE('',*,*,#6976,.F.);
#7036=ORIENTED_EDGE('',*,*,#4490,.T.);
#7037=ORIENTED_EDGE('',*,*,#7022,.T.);
#7038=EDGE_LOOP('',(#7034,#7035,#7036,#7037));
#7039=FACE_OUTER_BOUND('',#7038,.F.);
#7041=CARTESIAN_POINT('',(-3.63E0,4.049269230607E0,-2.211456E1));
#7042=DIRECTION('',(0.E0,4.363309284747E-3,9.999904807207E-1));
#7043=DIRECTION('',(0.E0,9.999904807207E-1,-4.363309284747E-3));
#7044=AXIS2_PLACEMENT_3D('',#7041,#7042,#7043);
#7045=CYLINDRICAL_SURFACE('',#7044,2.5E-1);
#7046=ORIENTED_EDGE('',*,*,#4484,.T.);
#7048=ORIENTED_EDGE('',*,*,#7047,.T.);
#7050=ORIENTED_EDGE('',*,*,#7049,.F.);
#7051=ORIENTED_EDGE('',*,*,#6992,.F.);
#7052=EDGE_LOOP('',(#7046,#7048,#7050,#7051));
#7053=FACE_OUTER_BOUND('',#7052,.F.);
#7055=CARTESIAN_POINT('',(-3.88E0,-3.871176795983E0,-7.28E0));
#7056=DIRECTION('',(1.E0,0.E0,0.E0));
#7057=DIRECTION('',(0.E0,0.E0,1.E0));
#7058=AXIS2_PLACEMENT_3D('',#7055,#7056,#7057);
#7059=PLANE('',#7058);
#7060=ORIENTED_EDGE('',*,*,#4441,.F.);
#7061=ORIENTED_EDGE('',*,*,#4411,.F.);
#7062=ORIENTED_EDGE('',*,*,#7047,.F.);
#7063=ORIENTED_EDGE('',*,*,#4482,.T.);
#7064=EDGE_LOOP('',(#7060,#7061,#7062,#7063));
#7065=FACE_OUTER_BOUND('',#7064,.F.);
#7067=CARTESIAN_POINT('',(-3.629907069437E0,4.118270420258E0,
-6.300752564743E0));
#7068=DIRECTION('',(-4.363267749977E-3,4.363267749978E-3,9.999809617133E-1));
#7069=DIRECTION('',(0.E0,9.999904807207E-1,-4.363309284747E-3));
#7070=AXIS2_PLACEMENT_3D('',#7067,#7068,#7069);
#7071=CYLINDRICAL_SURFACE('',#7070,2.5E-1);
#7072=ORIENTED_EDGE('',*,*,#6994,.F.);
#7073=ORIENTED_EDGE('',*,*,#7049,.T.);
#7074=ORIENTED_EDGE('',*,*,#4409,.T.);
#7075=ORIENTED_EDGE('',*,*,#6849,.T.);
#7076=EDGE_LOOP('',(#7072,#7073,#7074,#7075));
#7077=FACE_OUTER_BOUND('',#7076,.F.);
#7079=CARTESIAN_POINT('',(3.712004878958E0,4.200368229779E0,1.251456E1));
#7080=DIRECTION('',(-4.363267749977E-3,-4.363267749978E-3,-9.999809617133E-1));
#7081=DIRECTION('',(0.E0,9.999904807207E-1,-4.363309284747E-3));
#7082=AXIS2_PLACEMENT_3D('',#7079,#7080,#7081);
#7083=CYLINDRICAL_SURFACE('',#7082,2.5E-1);
#7084=ORIENTED_EDGE('',*,*,#6640,.T.);
#7086=ORIENTED_EDGE('',*,*,#7085,.F.);
#7087=ORIENTED_EDGE('',*,*,#7007,.F.);
#7088=ORIENTED_EDGE('',*,*,#6865,.T.);
#7089=EDGE_LOOP('',(#7084,#7086,#7087,#7088));
#7090=FACE_OUTER_BOUND('',#7089,.F.);
#7092=CARTESIAN_POINT('',(3.63E0,4.118428065351E0,-6.2646232E0));
#7093=DIRECTION('',(0.E0,-4.363309284747E-3,-9.999904807207E-1));
#7094=DIRECTION('',(0.E0,9.999904807207E-1,-4.363309284747E-3));
#7095=AXIS2_PLACEMENT_3D('',#7092,#7093,#7094);
#7096=CYLINDRICAL_SURFACE('',#7095,2.5E-1);
#7097=ORIENTED_EDGE('',*,*,#4496,.T.);
#7098=ORIENTED_EDGE('',*,*,#7009,.F.);
#7099=ORIENTED_EDGE('',*,*,#7085,.T.);
#7100=ORIENTED_EDGE('',*,*,#6685,.T.);
#7101=EDGE_LOOP('',(#7097,#7098,#7099,#7100));
#7102=FACE_OUTER_BOUND('',#7101,.F.);
#7104=CARTESIAN_POINT('',(-4.3E0,-1.749492E1,-2.E-1));
#7105=DIRECTION('',(0.E0,1.E0,0.E0));
#7106=DIRECTION('',(-1.E0,0.E0,0.E0));
#7107=AXIS2_PLACEMENT_3D('',#7104,#7105,#7106);
#7108=CYLINDRICAL_SURFACE('',#7107,2.E-1);
#7110=ORIENTED_EDGE('',*,*,#7109,.T.);
#7111=ORIENTED_EDGE('',*,*,#6853,.F.);
#7112=ORIENTED_EDGE('',*,*,#6536,.T.);
#7113=ORIENTED_EDGE('',*,*,#4275,.T.);
#7114=EDGE_LOOP('',(#7110,#7111,#7112,#7113));
#7115=FACE_OUTER_BOUND('',#7114,.F.);
#7117=CARTESIAN_POINT('',(-4.E0,4.35E0,-2.E-1));
#7118=DIRECTION('',(0.E0,0.E0,1.E0));
#7119=DIRECTION('',(-1.E0,0.E0,0.E0));
#7120=AXIS2_PLACEMENT_3D('',#7117,#7118,#7119);
#7121=TOROIDAL_SURFACE('',#7120,3.E-1,2.E-1);
#7123=ORIENTED_EDGE('',*,*,#7122,.T.);
#7124=ORIENTED_EDGE('',*,*,#6855,.T.);
#7125=ORIENTED_EDGE('',*,*,#7109,.F.);
#7126=ORIENTED_EDGE('',*,*,#6450,.F.);
#7127=EDGE_LOOP('',(#7123,#7124,#7125,#7126));
#7128=FACE_OUTER_BOUND('',#7127,.F.);
#7130=CARTESIAN_POINT('',(1.62324E1,4.65E0,-2.E-1));
#7131=DIRECTION('',(-1.E0,0.E0,0.E0));
#7132=DIRECTION('',(0.E0,0.E0,1.E0));
#7133=AXIS2_PLACEMENT_3D('',#7130,#7131,#7132);
#7134=CYLINDRICAL_SURFACE('',#7133,2.E-1);
#7135=ORIENTED_EDGE('',*,*,#7122,.F.);
#7136=ORIENTED_EDGE('',*,*,#6464,.F.);
#7138=ORIENTED_EDGE('',*,*,#7137,.T.);
#7139=ORIENTED_EDGE('',*,*,#6857,.T.);
#7140=EDGE_LOOP('',(#7135,#7136,#7138,#7139));
#7141=FACE_OUTER_BOUND('',#7140,.F.);
#7143=CARTESIAN_POINT('',(4.E0,4.35E0,-2.E-1));
#7144=DIRECTION('',(0.E0,0.E0,-1.E0));
#7145=DIRECTION('',(0.E0,1.E0,0.E0));
#7146=AXIS2_PLACEMENT_3D('',#7143,#7144,#7145);
#7147=TOROIDAL_SURFACE('',#7146,3.E-1,2.E-1);
#7149=ORIENTED_EDGE('',*,*,#7148,.T.);
#7150=ORIENTED_EDGE('',*,*,#6859,.T.);
#7151=ORIENTED_EDGE('',*,*,#7137,.F.);
#7152=ORIENTED_EDGE('',*,*,#6479,.F.);
#7153=EDGE_LOOP('',(#7149,#7150,#7151,#7152));
#7154=FACE_OUTER_BOUND('',#7153,.F.);
#7156=CARTESIAN_POINT('',(4.3E0,1.749492E1,-2.E-1));
#7157=DIRECTION('',(0.E0,-1.E0,0.E0));
#7158=DIRECTION('',(1.E0,0.E0,0.E0));
#7159=AXIS2_PLACEMENT_3D('',#7156,#7157,#7158);
#7160=CYLINDRICAL_SURFACE('',#7159,2.E-1);
#7161=ORIENTED_EDGE('',*,*,#7148,.F.);
#7162=ORIENTED_EDGE('',*,*,#6505,.T.);
#7163=ORIENTED_EDGE('',*,*,#6558,.T.);
#7164=ORIENTED_EDGE('',*,*,#6861,.F.);
#7165=EDGE_LOOP('',(#7161,#7162,#7163,#7164));
#7166=FACE_OUTER_BOUND('',#7165,.F.);
#7168=CARTESIAN_POINT('',(0.E0,-4.130456201189E0,-2.999971442162E-1));
#7169=DIRECTION('',(0.E0,8.928617015260E-1,4.503309693415E-1));
#7170=DIRECTION('',(0.E0,-4.503309693415E-1,8.928617015260E-1));
#7171=AXIS2_PLACEMENT_3D('',#7168,#7169,#7170);
#7172=PLANE('',#7171);
#7173=ORIENTED_EDGE('',*,*,#6881,.F.);
#7175=ORIENTED_EDGE('',*,*,#7174,.T.);
#7177=ORIENTED_EDGE('',*,*,#7176,.T.);
#7179=ORIENTED_EDGE('',*,*,#7178,.T.);
#7181=ORIENTED_EDGE('',*,*,#7180,.T.);
#7183=ORIENTED_EDGE('',*,*,#7182,.T.);
#7184=EDGE_LOOP('',(#7173,#7175,#7177,#7179,#7181,#7183));
#7185=FACE_OUTER_BOUND('',#7184,.F.);
#7187=CARTESIAN_POINT('',(-2.671437945778E0,-3.131929022172E0,
-7.499928605406E-2));
#7188=DIRECTION('',(7.055624319347E-1,0.E0,7.086477648609E-1));
#7189=DIRECTION('',(7.086477648609E-1,0.E0,-7.055624319347E-1));
#7190=AXIS2_PLACEMENT_3D('',#7187,#7188,#7189);
#7191=PLANE('',#7190);
#7193=ORIENTED_EDGE('',*,*,#7192,.F.);
#7194=ORIENTED_EDGE('',*,*,#7174,.F.);
#7195=ORIENTED_EDGE('',*,*,#6915,.T.);
#7197=ORIENTED_EDGE('',*,*,#7196,.F.);
#7198=EDGE_LOOP('',(#7193,#7194,#7195,#7197));
#7199=FACE_OUTER_BOUND('',#7198,.F.);
#7201=CARTESIAN_POINT('',(-2.565E0,-3.95E0,-7.28E0));
#7202=DIRECTION('',(-9.999904807207E-1,0.E0,-4.363309284747E-3));
#7203=DIRECTION('',(0.E0,-1.E0,0.E0));
#7204=AXIS2_PLACEMENT_3D('',#7201,#7202,#7203);
#7205=PLANE('',#7204);
#7207=ORIENTED_EDGE('',*,*,#7206,.T.);
#7208=ORIENTED_EDGE('',*,*,#7176,.F.);
#7209=ORIENTED_EDGE('',*,*,#7192,.T.);
#7211=ORIENTED_EDGE('',*,*,#7210,.T.);
#7213=ORIENTED_EDGE('',*,*,#7212,.T.);
#7214=ORIENTED_EDGE('',*,*,#4471,.T.);
#7216=ORIENTED_EDGE('',*,*,#7215,.F.);
#7218=ORIENTED_EDGE('',*,*,#7217,.F.);
#7220=ORIENTED_EDGE('',*,*,#7219,.F.);
#7221=EDGE_LOOP('',(#7207,#7208,#7209,#7211,#7213,#7214,#7216,#7218,#7220));
#7222=FACE_OUTER_BOUND('',#7221,.F.);
#7224=CARTESIAN_POINT('',(2.565E0,-3.95E0,-7.28E0));
#7225=DIRECTION('',(0.E0,-9.999904807207E-1,-4.363309284747E-3));
#7226=DIRECTION('',(1.E0,0.E0,0.E0));
#7227=AXIS2_PLACEMENT_3D('',#7224,#7225,#7226);
#7228=PLANE('',#7227);
#7229=ORIENTED_EDGE('',*,*,#7178,.F.);
#7230=ORIENTED_EDGE('',*,*,#7206,.F.);
#7232=ORIENTED_EDGE('',*,*,#7231,.T.);
#7234=ORIENTED_EDGE('',*,*,#7233,.T.);
#7235=EDGE_LOOP('',(#7229,#7230,#7232,#7234));
#7236=FACE_OUTER_BOUND('',#7235,.F.);
#7238=CARTESIAN_POINT('',(-1.623240821512E1,-3.533344060977E0,
-6.512686242827E0));
#7239=DIRECTION('',(1.E0,0.E0,0.E0));
#7240=DIRECTION('',(0.E0,-9.999904807207E-1,-4.363309284746E-3));
#7241=AXIS2_PLACEMENT_3D('',#7238,#7239,#7240);
#7242=CYLINDRICAL_SURFACE('',#7241,4.2E-1);
#7244=ORIENTED_EDGE('',*,*,#7243,.T.);
#7245=ORIENTED_EDGE('',*,*,#7231,.F.);
#7246=ORIENTED_EDGE('',*,*,#7219,.T.);
#7248=ORIENTED_EDGE('',*,*,#7247,.T.);
#7249=EDGE_LOOP('',(#7244,#7245,#7246,#7248));
#7250=FACE_OUTER_BOUND('',#7249,.F.);
#7252=CARTESIAN_POINT('',(2.565E0,-2.256E0,-7.28E0));
#7253=DIRECTION('',(9.999904807207E-1,0.E0,-4.363309284747E-3));
#7254=DIRECTION('',(0.E0,1.E0,0.E0));
#7255=AXIS2_PLACEMENT_3D('',#7252,#7253,#7254);
#7256=PLANE('',#7255);
#7258=ORIENTED_EDGE('',*,*,#7257,.F.);
#7259=ORIENTED_EDGE('',*,*,#7180,.F.);
#7260=ORIENTED_EDGE('',*,*,#7233,.F.);
#7261=ORIENTED_EDGE('',*,*,#7243,.F.);
#7263=ORIENTED_EDGE('',*,*,#7262,.F.);
#7265=ORIENTED_EDGE('',*,*,#7264,.F.);
#7266=ORIENTED_EDGE('',*,*,#4467,.T.);
#7268=ORIENTED_EDGE('',*,*,#7267,.T.);
#7270=ORIENTED_EDGE('',*,*,#7269,.F.);
#7271=EDGE_LOOP('',(#7258,#7259,#7260,#7261,#7263,#7265,#7266,#7268,#7270));
#7272=FACE_OUTER_BOUND('',#7271,.F.);
#7274=CARTESIAN_POINT('',(2.671437945778E0,-3.131929022172E0,
-7.499928605406E-2));
#7275=DIRECTION('',(-7.055624319347E-1,0.E0,7.086477648609E-1));
#7276=DIRECTION('',(7.086477648609E-1,0.E0,7.055624319347E-1));
#7277=AXIS2_PLACEMENT_3D('',#7274,#7275,#7276);
#7278=PLANE('',#7277);
#7279=ORIENTED_EDGE('',*,*,#6883,.T.);
#7280=ORIENTED_EDGE('',*,*,#7182,.F.);
#7281=ORIENTED_EDGE('',*,*,#7257,.T.);
#7283=ORIENTED_EDGE('',*,*,#7282,.T.);
#7284=EDGE_LOOP('',(#7279,#7280,#7281,#7283));
#7285=FACE_OUTER_BOUND('',#7284,.F.);
#7287=CARTESIAN_POINT('',(2.815E0,-2.358074594958E0,-7.499928605406E-2));
#7288=DIRECTION('',(0.E0,7.055624319347E-1,7.086477648609E-1));
#7289=DIRECTION('',(0.E0,7.086477648609E-1,-7.055624319347E-1));
#7290=AXIS2_PLACEMENT_3D('',#7287,#7288,#7289);
#7291=PLANE('',#7290);
#7292=ORIENTED_EDGE('',*,*,#6885,.T.);
#7293=ORIENTED_EDGE('',*,*,#7282,.F.);
#7295=ORIENTED_EDGE('',*,*,#7294,.F.);
#7297=ORIENTED_EDGE('',*,*,#7296,.T.);
#7298=EDGE_LOOP('',(#7292,#7293,#7295,#7297));
#7299=FACE_OUTER_BOUND('',#7298,.F.);
#7301=CARTESIAN_POINT('',(-3.042368753743E0,-2.256E0,-6.28E0));
#7302=DIRECTION('',(0.E0,-9.999904807207E-1,-4.363309284746E-3));
#7303=DIRECTION('',(0.E0,-4.363309284746E-3,9.999904807207E-1));
#7304=AXIS2_PLACEMENT_3D('',#7301,#7302,#7303);
#7305=PLANE('',#7304);
#7306=ORIENTED_EDGE('',*,*,#7294,.T.);
#7307=ORIENTED_EDGE('',*,*,#7269,.T.);
#7309=ORIENTED_EDGE('',*,*,#7308,.T.);
#7311=ORIENTED_EDGE('',*,*,#7310,.F.);
#7312=EDGE_LOOP('',(#7306,#7307,#7309,#7311));
#7313=FACE_OUTER_BOUND('',#7312,.F.);
#7315=CARTESIAN_POINT('',(-3.042368753743E0,-2.256E0,-6.28E0));
#7316=DIRECTION('',(0.E0,-9.999904807207E-1,-4.363309284746E-3));
#7317=DIRECTION('',(0.E0,-4.363309284746E-3,9.999904807207E-1));
#7318=AXIS2_PLACEMENT_3D('',#7315,#7316,#7317);
#7319=PLANE('',#7318);
#7321=ORIENTED_EDGE('',*,*,#7320,.T.);
#7323=ORIENTED_EDGE('',*,*,#7322,.T.);
#7325=ORIENTED_EDGE('',*,*,#7324,.F.);
#7326=ORIENTED_EDGE('',*,*,#7210,.F.);
#7327=EDGE_LOOP('',(#7321,#7323,#7325,#7326));
#7328=FACE_OUTER_BOUND('',#7327,.F.);
#7330=CARTESIAN_POINT('',(3.043823204017E0,-2.256E0,-7.28E0));
#7331=DIRECTION('',(0.E0,1.E0,0.E0));
#7332=DIRECTION('',(0.E0,0.E0,1.E0));
#7333=AXIS2_PLACEMENT_3D('',#7330,#7331,#7332);
#7334=PLANE('',#7333);
#7335=ORIENTED_EDGE('',*,*,#7308,.F.);
#7336=ORIENTED_EDGE('',*,*,#7267,.F.);
#7337=ORIENTED_EDGE('',*,*,#4465,.T.);
#7339=ORIENTED_EDGE('',*,*,#7338,.T.);
#7340=EDGE_LOOP('',(#7335,#7336,#7337,#7339));
#7341=FACE_OUTER_BOUND('',#7340,.F.);
#7343=CARTESIAN_POINT('',(3.065E0,-3.85E0,-7.28E0));
#7344=DIRECTION('',(-9.999904807207E-1,0.E0,-4.363309284747E-3));
#7345=DIRECTION('',(0.E0,-1.E0,0.E0));
#7346=AXIS2_PLACEMENT_3D('',#7343,#7344,#7345);
#7347=PLANE('',#7346);
#7348=ORIENTED_EDGE('',*,*,#7310,.T.);
#7349=ORIENTED_EDGE('',*,*,#7338,.F.);
#7350=ORIENTED_EDGE('',*,*,#4463,.T.);
#7352=ORIENTED_EDGE('',*,*,#7351,.F.);
#7354=ORIENTED_EDGE('',*,*,#7353,.F.);
#7355=EDGE_LOOP('',(#7348,#7349,#7350,#7352,#7354));
#7356=FACE_OUTER_BOUND('',#7355,.F.);
#7358=CARTESIAN_POINT('',(3.228631770221E0,-3.686368229779E0,1.251456E1));
#7359=DIRECTION('',(4.363267749978E-3,4.363267749978E-3,-9.999809617133E-1));
#7360=DIRECTION('',(0.E0,-9.999904807207E-1,-4.363309284747E-3));
#7361=AXIS2_PLACEMENT_3D('',#7358,#7359,#7360);
#7362=CYLINDRICAL_SURFACE('',#7361,2.5E-1);
#7363=ORIENTED_EDGE('',*,*,#6727,.F.);
#7365=ORIENTED_EDGE('',*,*,#7364,.F.);
#7366=ORIENTED_EDGE('',*,*,#7351,.T.);
#7367=ORIENTED_EDGE('',*,*,#4461,.T.);
#7368=EDGE_LOOP('',(#7363,#7365,#7366,#7367));
#7369=FACE_OUTER_BOUND('',#7368,.F.);
#7371=CARTESIAN_POINT('',(3.042465005993E0,-3.625239210140E0,
-1.584827563011E-1));
#7372=CARTESIAN_POINT('',(3.042417301937E0,-3.627196525068E0,
-1.584769908136E-1));
#7373=CARTESIAN_POINT('',(3.042201271314E0,-3.644924474459E0,
-1.584253924065E-1));
#7374=CARTESIAN_POINT('',(3.045484894526E0,-3.678465718720E0,
-1.583383858342E-1));
#7375=CARTESIAN_POINT('',(3.059381632659E0,-3.724253072494E0,
-1.582466835161E-1));
#7376=CARTESIAN_POINT('',(3.081873203870E0,-3.766267686076E0,
-1.581905444921E-1));
#7377=CARTESIAN_POINT('',(3.112220824755E0,-3.803184345269E0,
-1.581716550476E-1));
#7378=CARTESIAN_POINT('',(3.149102042344E0,-3.833367955302E0,
-1.581909141964E-1));
#7379=CARTESIAN_POINT('',(3.191264425697E0,-3.855852131569E0,
-1.582474994006E-1));
#7380=CARTESIAN_POINT('',(3.237207523848E0,-3.869625585935E0,
-1.583400040714E-1));
#7381=CARTESIAN_POINT('',(3.270244091774E0,-3.872794020221E0,
-1.584258906628E-1));
#7382=CARTESIAN_POINT('',(3.287805705667E0,-3.872583011931E0,
-1.584769963256E-1));
#7383=CARTESIAN_POINT('',(3.289766231399E0,-3.872536058956E0,
-1.584827688861E-1));
#7384=CARTESIAN_POINT('',(2.986593955927E0,-3.623879881974E0,
-1.028325037500E-1));
#7385=CARTESIAN_POINT('',(2.986535226627E0,-3.626290158682E0,
-1.028287627782E-1));
#7386=CARTESIAN_POINT('',(2.986269332332E0,-3.648120703117E0,
-1.027952828368E-1));
#7387=CARTESIAN_POINT('',(2.990313088396E0,-3.689423954781E0,
-1.027388280913E-1));
#7388=CARTESIAN_POINT('',(3.007426108752E0,-3.745807419550E0,
-1.026793264825E-1));
#7389=CARTESIAN_POINT('',(3.035122928988E0,-3.797545107246E0,
-1.026429003341E-1));
#7390=CARTESIAN_POINT('',(3.072493788131E0,-3.843005148270E0,
-1.026306438028E-1));
#7391=CARTESIAN_POINT('',(3.117910184519E0,-3.880174041323E0,
-1.026431402190E-1));
#7392=CARTESIAN_POINT('',(3.169829838538E0,-3.907861756380E0,
-1.026798558742E-1));
#7393=CARTESIAN_POINT('',(3.226405088365E0,-3.924822964091E0,
-1.027398780944E-1));
#7394=CARTESIAN_POINT('',(3.267086872926E0,-3.928724870814E0,
-1.027956061334E-1));
#7395=CARTESIAN_POINT('',(3.288712588208E0,-3.928465159892E0,
-1.028287663547E-1));
#7396=CARTESIAN_POINT('',(3.291126818725E0,-3.928407355509E0,
-1.028325119158E-1));
#7397=CARTESIAN_POINT('',(2.930722905861E0,-3.622520553809E0,
-4.718225119884E-2));
#7398=CARTESIAN_POINT('',(2.930653151317E0,-3.625383792295E0,
-4.718053474283E-2));
#7399=CARTESIAN_POINT('',(2.930337393350E0,-3.651316931776E0,
-4.716517326713E-2));
#7400=CARTESIAN_POINT('',(2.935141282266E0,-3.700382190842E0,
-4.713927034844E-2));
#7401=CARTESIAN_POINT('',(2.955470584844E0,-3.767361766606E0,
-4.711196944891E-2));
#7402=CARTESIAN_POINT('',(2.988372654106E0,-3.828822528417E0,
-4.709525617616E-2));
#7403=CARTESIAN_POINT('',(3.032766751507E0,-3.882825951272E0,
-4.708963255795E-2));
#7404=CARTESIAN_POINT('',(3.086718326695E0,-3.926980127344E0,
-4.709536624164E-2));
#7405=CARTESIAN_POINT('',(3.148395251378E0,-3.959871381190E0,
-4.711221234770E-2));
#7406=CARTESIAN_POINT('',(3.215602652881E0,-3.980020342248E0,
-4.713975211742E-2));
#7407=CARTESIAN_POINT('',(3.263929654077E0,-3.984655721408E0,
-4.716532160411E-2));
#7408=CARTESIAN_POINT('',(3.289619470750E0,-3.984347307852E0,
-4.718053638381E-2));
#7409=CARTESIAN_POINT('',(3.292487406050E0,-3.984278652062E0,
-4.718225494553E-2));
#7410=CARTESIAN_POINT('',(2.874851855796E0,-3.621161225643E0,
8.468001352317E-3));
#7411=CARTESIAN_POINT('',(2.874771076008E0,-3.624477425909E0,
8.467693292582E-3));
#7412=CARTESIAN_POINT('',(2.874405454368E0,-3.654513160434E0,
8.464936302536E-3));
#7413=CARTESIAN_POINT('',(2.879969476136E0,-3.711340426904E0,
8.460287394419E-3));
#7414=CARTESIAN_POINT('',(2.903515060936E0,-3.788916113661E0,
8.455387584675E-3));
#7415=CARTESIAN_POINT('',(2.941622379224E0,-3.860099949587E0,
8.452387981804E-3));
#7416=CARTESIAN_POINT('',(2.993039714883E0,-3.922646754273E0,
8.451378686880E-3));
#7417=CARTESIAN_POINT('',(3.055526468870E0,-3.973786213366E0,
8.452407735727E-3));
#7418=CARTESIAN_POINT('',(3.126960664219E0,-4.011881006E0,8.455431178766E-3));
#7419=CARTESIAN_POINT('',(3.204800217398E0,-4.035217720404E0,
8.460373859568E-3));
#7420=CARTESIAN_POINT('',(3.260772435229E0,-4.040586572001E0,
8.464962925210E-3));
#7421=CARTESIAN_POINT('',(3.290526353291E0,-4.040229455812E0,
8.467693587096E-3));
#7422=CARTESIAN_POINT('',(3.293847993376E0,-4.040149948615E0,
8.468002024753E-3));
#7423=B_SPLINE_SURFACE_WITH_KNOTS('',3,3,((#7371,#7372,#7373,#7374,#7375,#7376,
#7377,#7378,#7379,#7380,#7381,#7382,#7383),(#7384,#7385,#7386,#7387,#7388,#7389,
#7390,#7391,#7392,#7393,#7394,#7395,#7396),(#7397,#7398,#7399,#7400,#7401,#7402,
#7403,#7404,#7405,#7406,#7407,#7408,#7409),(#7410,#7411,#7412,#7413,#7414,#7415,
#7416,#7417,#7418,#7419,#7420,#7421,#7422)),.UNSPECIFIED.,.F.,.F.,.F.,(4,4),(4,
1,1,1,1,1,1,1,1,1,4),(-5.644778978712E-2,1.056447789787E0),(-1.552123446061E-2,
0.E0,1.25E-1,2.5E-1,3.75E-1,5.E-1,6.25E-1,7.5E-1,8.75E-1,1.E0,1.015701788412E0),
.UNSPECIFIED.);
#7424=ORIENTED_EDGE('',*,*,#7364,.T.);
#7425=ORIENTED_EDGE('',*,*,#6759,.T.);
#7426=ORIENTED_EDGE('',*,*,#6889,.F.);
#7428=ORIENTED_EDGE('',*,*,#7427,.F.);
#7429=EDGE_LOOP('',(#7424,#7425,#7426,#7428));
#7430=FACE_OUTER_BOUND('',#7429,.F.);
#7432=CARTESIAN_POINT('',(2.958562054222E0,-2.956930212082E0,
-7.499928605406E-2));
#7433=DIRECTION('',(7.055624319347E-1,0.E0,7.086477648609E-1));
#7434=DIRECTION('',(-7.086477648609E-1,0.E0,7.055624319347E-1));
#7435=AXIS2_PLACEMENT_3D('',#7432,#7433,#7434);
#7436=PLANE('',#7435);
#7437=ORIENTED_EDGE('',*,*,#7353,.T.);
#7438=ORIENTED_EDGE('',*,*,#7427,.T.);
#7439=ORIENTED_EDGE('',*,*,#6887,.F.);
#7440=ORIENTED_EDGE('',*,*,#7296,.F.);
#7441=EDGE_LOOP('',(#7437,#7438,#7439,#7440));
#7442=FACE_OUTER_BOUND('',#7441,.F.);
#7444=CARTESIAN_POINT('',(-2.815E0,-2.358074594958E0,-7.499928605406E-2));
#7445=DIRECTION('',(0.E0,7.055624319347E-1,7.086477648609E-1));
#7446=DIRECTION('',(0.E0,7.086477648609E-1,-7.055624319347E-1));
#7447=AXIS2_PLACEMENT_3D('',#7444,#7445,#7446);
#7448=PLANE('',#7447);
#7449=ORIENTED_EDGE('',*,*,#7320,.F.);
#7450=ORIENTED_EDGE('',*,*,#7196,.T.);
#7451=ORIENTED_EDGE('',*,*,#6913,.T.);
#7453=ORIENTED_EDGE('',*,*,#7452,.F.);
#7454=EDGE_LOOP('',(#7449,#7450,#7451,#7453));
#7455=FACE_OUTER_BOUND('',#7454,.F.);
#7457=CARTESIAN_POINT('',(-2.958562054222E0,-2.956930212082E0,
-7.499928605406E-2));
#7458=DIRECTION('',(-7.055624319347E-1,0.E0,7.086477648609E-1));
#7459=DIRECTION('',(7.086477648609E-1,0.E0,7.055624319347E-1));
#7460=AXIS2_PLACEMENT_3D('',#7457,#7458,#7459);
#7461=PLANE('',#7460);
#7462=ORIENTED_EDGE('',*,*,#6911,.F.);
#7464=ORIENTED_EDGE('',*,*,#7463,.F.);
#7466=ORIENTED_EDGE('',*,*,#7465,.T.);
#7467=ORIENTED_EDGE('',*,*,#7452,.T.);
#7468=EDGE_LOOP('',(#7462,#7464,#7466,#7467));
#7469=FACE_OUTER_BOUND('',#7468,.F.);
#7471=CARTESIAN_POINT('',(-3.289760789860E0,-3.872534994007E0,
-1.584827563011E-1));
#7472=CARTESIAN_POINT('',(-3.287803474932E0,-3.872582698063E0,
-1.584769908136E-1));
#7473=CARTESIAN_POINT('',(-3.270075525541E0,-3.872798728686E0,
-1.584253924065E-1));
#7474=CARTESIAN_POINT('',(-3.236534281280E0,-3.869515105474E0,
-1.583383858342E-1));
#7475=CARTESIAN_POINT('',(-3.190746927506E0,-3.855618367341E0,
-1.582466835161E-1));
#7476=CARTESIAN_POINT('',(-3.148732313924E0,-3.833126796130E0,
-1.581905444921E-1));
#7477=CARTESIAN_POINT('',(-3.111815654731E0,-3.802779175245E0,
-1.581716550476E-1));
#7478=CARTESIAN_POINT('',(-3.081632044698E0,-3.765897957656E0,
-1.581909141964E-1));
#7479=CARTESIAN_POINT('',(-3.059147868431E0,-3.723735574303E0,
-1.582474994006E-1));
#7480=CARTESIAN_POINT('',(-3.045374414065E0,-3.677792476152E0,
-1.583400040714E-1));
#7481=CARTESIAN_POINT('',(-3.042205979779E0,-3.644755908226E0,
-1.584258906628E-1));
#7482=CARTESIAN_POINT('',(-3.042416988069E0,-3.627194294333E0,
-1.584769963256E-1));
#7483=CARTESIAN_POINT('',(-3.042463941044E0,-3.625233768601E0,
-1.584827688861E-1));
#7484=CARTESIAN_POINT('',(-3.291120118026E0,-3.928406044073E0,
-1.028325037500E-1));
#7485=CARTESIAN_POINT('',(-3.288709841318E0,-3.928464773373E0,
-1.028287627782E-1));
#7486=CARTESIAN_POINT('',(-3.266879296883E0,-3.928730667668E0,
-1.027952828368E-1));
#7487=CARTESIAN_POINT('',(-3.225576045219E0,-3.924686911604E0,
-1.027388280913E-1));
#7488=CARTESIAN_POINT('',(-3.169192580450E0,-3.907573891248E0,
-1.026793264825E-1));
#7489=CARTESIAN_POINT('',(-3.117454892754E0,-3.879877071012E0,
-1.026429003341E-1));
#7490=CARTESIAN_POINT('',(-3.071994851730E0,-3.842506211869E0,
-1.026306438028E-1));
#7491=CARTESIAN_POINT('',(-3.034825958677E0,-3.797089815481E0,
-1.026431402190E-1));
#7492=CARTESIAN_POINT('',(-3.007138243620E0,-3.745170161462E0,
-1.026798558742E-1));
#7493=CARTESIAN_POINT('',(-2.990177035909E0,-3.688594911635E0,
-1.027398780944E-1));
#7494=CARTESIAN_POINT('',(-2.986275129186E0,-3.647913127074E0,
-1.027956061334E-1));
#7495=CARTESIAN_POINT('',(-2.986534840108E0,-3.626287411792E0,
-1.028287663547E-1));
#7496=CARTESIAN_POINT('',(-2.986592644491E0,-3.623873181275E0,
-1.028325119158E-1));
#7497=CARTESIAN_POINT('',(-3.292479446191E0,-3.984277094139E0,
-4.718225119884E-2));
#7498=CARTESIAN_POINT('',(-3.289616207705E0,-3.984346848683E0,
-4.718053474283E-2));
#7499=CARTESIAN_POINT('',(-3.263683068224E0,-3.984662606650E0,
-4.716517326713E-2));
#7500=CARTESIAN_POINT('',(-3.214617809158E0,-3.979858717734E0,
-4.713927034844E-2));
#7501=CARTESIAN_POINT('',(-3.147638233394E0,-3.959529415156E0,
-4.711196944891E-2));
#7502=CARTESIAN_POINT('',(-3.086177471583E0,-3.926627345894E0,
-4.709525617616E-2));
#7503=CARTESIAN_POINT('',(-3.032174048728E0,-3.882233248493E0,
-4.708963255795E-2));
#7504=CARTESIAN_POINT('',(-2.988019872656E0,-3.828281673305E0,
-4.709536624164E-2));
#7505=CARTESIAN_POINT('',(-2.955128618810E0,-3.766604748622E0,
-4.711221234770E-2));
#7506=CARTESIAN_POINT('',(-2.934979657752E0,-3.699397347119E0,
-4.713975211742E-2));
#7507=CARTESIAN_POINT('',(-2.930344278592E0,-3.651070345923E0,
-4.716532160411E-2));
#7508=CARTESIAN_POINT('',(-2.930652692148E0,-3.625380529250E0,
-4.718053638381E-2));
#7509=CARTESIAN_POINT('',(-2.930721347938E0,-3.622512593950E0,
-4.718225494553E-2));
#7510=CARTESIAN_POINT('',(-3.293838774357E0,-4.040148144204E0,
8.468001352317E-3));
#7511=CARTESIAN_POINT('',(-3.290522574091E0,-4.040228923992E0,
8.467693292582E-3));
#7512=CARTESIAN_POINT('',(-3.260486839566E0,-4.040594545632E0,
8.464936302536E-3));
#7513=CARTESIAN_POINT('',(-3.203659573096E0,-4.035030523864E0,
8.460287394419E-3));
#7514=CARTESIAN_POINT('',(-3.126083886339E0,-4.011484939064E0,
8.455387584675E-3));
#7515=CARTESIAN_POINT('',(-3.054900050413E0,-3.973377620776E0,
8.452387981804E-3));
#7516=CARTESIAN_POINT('',(-2.992353245727E0,-3.921960285117E0,
8.451378686880E-3));
#7517=CARTESIAN_POINT('',(-2.941213786634E0,-3.859473531130E0,
8.452407735727E-3));
#7518=CARTESIAN_POINT('',(-2.903118994E0,-3.788039335781E0,8.455431178766E-3));
#7519=CARTESIAN_POINT('',(-2.879782279596E0,-3.710199782602E0,
8.460373859568E-3));
#7520=CARTESIAN_POINT('',(-2.874413427999E0,-3.654227564771E0,
8.464962925210E-3));
#7521=CARTESIAN_POINT('',(-2.874770544188E0,-3.624473646709E0,
8.467693587096E-3));
#7522=CARTESIAN_POINT('',(-2.874850051385E0,-3.621152006624E0,
8.468002024753E-3));
#7523=B_SPLINE_SURFACE_WITH_KNOTS('',3,3,((#7471,#7472,#7473,#7474,#7475,#7476,
#7477,#7478,#7479,#7480,#7481,#7482,#7483),(#7484,#7485,#7486,#7487,#7488,#7489,
#7490,#7491,#7492,#7493,#7494,#7495,#7496),(#7497,#7498,#7499,#7500,#7501,#7502,
#7503,#7504,#7505,#7506,#7507,#7508,#7509),(#7510,#7511,#7512,#7513,#7514,#7515,
#7516,#7517,#7518,#7519,#7520,#7521,#7522)),.UNSPECIFIED.,.F.,.F.,.F.,(4,4),(4,
1,1,1,1,1,1,1,1,1,4),(-5.644778978712E-2,1.056447789787E0),(-1.552123446061E-2,
0.E0,1.25E-1,2.5E-1,3.75E-1,5.E-1,6.25E-1,7.5E-1,8.75E-1,1.E0,1.015701788412E0),
.UNSPECIFIED.);
#7525=ORIENTED_EDGE('',*,*,#7524,.T.);
#7526=ORIENTED_EDGE('',*,*,#7463,.T.);
#7527=ORIENTED_EDGE('',*,*,#6909,.F.);
#7529=ORIENTED_EDGE('',*,*,#7528,.F.);
#7530=EDGE_LOOP('',(#7525,#7526,#7527,#7529));
#7531=FACE_OUTER_BOUND('',#7530,.F.);
#7533=CARTESIAN_POINT('',(-3.228631770221E0,-3.686368229779E0,1.251456E1));
#7534=DIRECTION('',(-4.363267749978E-3,4.363267749978E-3,-9.999809617133E-1));
#7535=DIRECTION('',(9.999904807207E-1,0.E0,-4.363309284747E-3));
#7536=AXIS2_PLACEMENT_3D('',#7533,#7534,#7535);
#7537=CYLINDRICAL_SURFACE('',#7536,2.5E-1);
#7539=ORIENTED_EDGE('',*,*,#7538,.F.);
#7540=ORIENTED_EDGE('',*,*,#7524,.F.);
#7541=ORIENTED_EDGE('',*,*,#6742,.T.);
#7542=ORIENTED_EDGE('',*,*,#4477,.T.);
#7543=EDGE_LOOP('',(#7539,#7540,#7541,#7542));
#7544=FACE_OUTER_BOUND('',#7543,.F.);
#7546=CARTESIAN_POINT('',(-3.065E0,-2.256E0,-7.28E0));
#7547=DIRECTION('',(9.999904807207E-1,0.E0,-4.363309284747E-3));
#7548=DIRECTION('',(0.E0,1.E0,0.E0));
#7549=AXIS2_PLACEMENT_3D('',#7546,#7547,#7548);
#7550=PLANE('',#7549);
#7551=ORIENTED_EDGE('',*,*,#7322,.F.);
#7552=ORIENTED_EDGE('',*,*,#7465,.F.);
#7553=ORIENTED_EDGE('',*,*,#7538,.T.);
#7554=ORIENTED_EDGE('',*,*,#4475,.T.);
#7556=ORIENTED_EDGE('',*,*,#7555,.F.);
#7557=EDGE_LOOP('',(#7551,#7552,#7553,#7554,#7556));
#7558=FACE_OUTER_BOUND('',#7557,.F.);
#7560=CARTESIAN_POINT('',(-3.043823204017E0,-2.256E0,0.E0));
#7561=DIRECTION('',(0.E0,1.E0,0.E0));
#7562=DIRECTION('',(0.E0,0.E0,-1.E0));
#7563=AXIS2_PLACEMENT_3D('',#7560,#7561,#7562);
#7564=PLANE('',#7563);
#7565=ORIENTED_EDGE('',*,*,#7324,.T.);
#7566=ORIENTED_EDGE('',*,*,#7555,.T.);
#7567=ORIENTED_EDGE('',*,*,#4473,.F.);
#7568=ORIENTED_EDGE('',*,*,#7212,.F.);
#7569=EDGE_LOOP('',(#7565,#7566,#7567,#7568));
#7570=FACE_OUTER_BOUND('',#7569,.F.);
#7572=CARTESIAN_POINT('',(-3.470318324590E0,-3.956437945778E0,
-7.499928605406E-2));
#7573=DIRECTION('',(0.E0,7.055624319347E-1,7.086477648609E-1));
#7574=DIRECTION('',(0.E0,-7.086477648609E-1,7.055624319347E-1));
#7575=AXIS2_PLACEMENT_3D('',#7572,#7573,#7574);
#7576=PLANE('',#7575);
#7577=ORIENTED_EDGE('',*,*,#6744,.T.);
#7578=ORIENTED_EDGE('',*,*,#7528,.T.);
#7579=ORIENTED_EDGE('',*,*,#6907,.F.);
#7581=ORIENTED_EDGE('',*,*,#7580,.F.);
#7582=EDGE_LOOP('',(#7577,#7578,#7579,#7581));
#7583=FACE_OUTER_BOUND('',#7582,.F.);
#7585=CARTESIAN_POINT('',(-3.898171643127E0,-3.625239209325E0,
-1.584827563037E-1));
#7586=CARTESIAN_POINT('',(-3.898219347224E0,-3.627196524484E0,
-1.584769908154E-1));
#7587=CARTESIAN_POINT('',(-3.898435378022E0,-3.644924477058E0,
-1.584253923985E-1));
#7588=CARTESIAN_POINT('',(-3.895151751988E0,-3.678465732452E0,
-1.583383858023E-1));
#7589=CARTESIAN_POINT('',(-3.881255014669E0,-3.724253075909E0,
-1.582466835116E-1));
#7590=CARTESIAN_POINT('',(-3.858763441254E0,-3.766267692747E0,
-1.581905444846E-1));
#7591=CARTESIAN_POINT('',(-3.828415818907E0,-3.803184350423E0,
-1.581716550487E-1));
#7592=CARTESIAN_POINT('',(-3.791534602753E0,-3.833367958155E0,
-1.581909141999E-1));
#7593=CARTESIAN_POINT('',(-3.749372214689E0,-3.855852135418E0,
-1.582474994148E-1));
#7594=CARTESIAN_POINT('',(-3.703429117644E0,-3.869625587024E0,
-1.583400040904E-1));
#7595=CARTESIAN_POINT('',(-3.670392554994E0,-3.872794020206E0,
-1.584258906697E-1));
#7596=CARTESIAN_POINT('',(-3.652830942933E0,-3.872583011926E0,
-1.584769963273E-1));
#7597=CARTESIAN_POINT('',(-3.650870416894E0,-3.872536058942E0,
-1.584827688887E-1));
#7598=CARTESIAN_POINT('',(-3.954042693179E0,-3.623879880971E0,
-1.028325037516E-1));
#7599=CARTESIAN_POINT('',(-3.954101422530E0,-3.626290157963E0,
-1.028287627794E-1));
#7600=CARTESIAN_POINT('',(-3.954367317041E0,-3.648120706318E0,
-1.027952828317E-1));
#7601=CARTESIAN_POINT('',(-3.950323557501E0,-3.689423971691E0,
-1.027388280706E-1));
#7602=CARTESIAN_POINT('',(-3.933210538148E0,-3.745807423755E0,
-1.026793264796E-1));
#7603=CARTESIAN_POINT('',(-3.905513715197E0,-3.797545115461E0,
-1.026429003292E-1));
#7604=CARTESIAN_POINT('',(-3.868142854255E0,-3.843005154617E0,
-1.026306438035E-1));
#7605=CARTESIAN_POINT('',(-3.822726459632E0,-3.880174044837E0,
-1.026431402213E-1));
#7606=CARTESIAN_POINT('',(-3.770806799814E0,-3.907861761119E0,
-1.026798558834E-1));
#7607=CARTESIAN_POINT('',(-3.714231551349E0,-3.924822965433E0,
-1.027398781067E-1));
#7608=CARTESIAN_POINT('',(-3.673549773284E0,-3.928724870796E0,
-1.027956061380E-1));
#7609=CARTESIAN_POINT('',(-3.651924060258E0,-3.928465159886E0,
-1.028287663558E-1));
#7610=CARTESIAN_POINT('',(-3.649509829364E0,-3.928407355492E0,
-1.028325119175E-1));
#7611=CARTESIAN_POINT('',(-4.009913743231E0,-3.622520552617E0,
-4.718225119958E-2));
#7612=CARTESIAN_POINT('',(-4.009983497835E0,-3.625383791441E0,
-4.718053474334E-2));
#7613=CARTESIAN_POINT('',(-4.010299256059E0,-3.651316935578E0,
-4.716517326477E-2));
#7614=CARTESIAN_POINT('',(-4.005495363015E0,-3.700382210931E0,
-4.713927033896E-2));
#7615=CARTESIAN_POINT('',(-3.985166061627E0,-3.767361771601E0,
-4.711196944757E-2));
#7616=CARTESIAN_POINT('',(-3.952263989141E0,-3.828822538175E0,
-4.709525617392E-2));
#7617=CARTESIAN_POINT('',(-3.907869889602E0,-3.882825958811E0,
-4.708963255826E-2));
#7618=CARTESIAN_POINT('',(-3.853918316512E0,-3.926980131518E0,
-4.709536624269E-2));
#7619=CARTESIAN_POINT('',(-3.792241384939E0,-3.959871386821E0,
-4.711221235193E-2));
#7620=CARTESIAN_POINT('',(-3.725033985054E0,-3.980020343841E0,
-4.713975212306E-2));
#7621=CARTESIAN_POINT('',(-3.676706991574E0,-3.984655721386E0,
-4.716532160619E-2));
#7622=CARTESIAN_POINT('',(-3.651017177582E0,-3.984347307845E0,
-4.718053638431E-2));
#7623=CARTESIAN_POINT('',(-3.648149241834E0,-3.984278652042E0,
-4.718225494630E-2));
#7624=CARTESIAN_POINT('',(-4.065784793283E0,-3.621161224263E0,
8.468001352452E-3));
#7625=CARTESIAN_POINT('',(-4.065865573140E0,-3.624477424920E0,
8.467693292675E-3));
#7626=CARTESIAN_POINT('',(-4.066231195078E0,-3.654513164838E0,
8.464936302112E-3));
#7627=CARTESIAN_POINT('',(-4.060667168528E0,-3.711340450170E0,
8.460287392719E-3));
#7628=CARTESIAN_POINT('',(-4.037121585107E0,-3.788916119447E0,
8.455387584435E-3));
#7629=CARTESIAN_POINT('',(-3.999014263084E0,-3.860099960889E0,
8.452387981402E-3));
#7630=CARTESIAN_POINT('',(-3.947596924949E0,-3.922646763005E0,
8.451378686936E-3));
#7631=CARTESIAN_POINT('',(-3.885110173392E0,-3.973786218199E0,
8.452407735916E-3));
#7632=CARTESIAN_POINT('',(-3.813675970063E0,-4.011881012522E0,
8.455431179525E-3));
#7633=CARTESIAN_POINT('',(-3.735836418758E0,-4.035217722250E0,
8.460373860581E-3));
#7634=CARTESIAN_POINT('',(-3.679864209864E0,-4.040586571976E0,
8.464962925583E-3));
#7635=CARTESIAN_POINT('',(-3.650110294907E0,-4.040229455804E0,
8.467693587186E-3));
#7636=CARTESIAN_POINT('',(-3.646788654303E0,-4.040149948592E0,
8.468002024891E-3));
#7637=B_SPLINE_SURFACE_WITH_KNOTS('',3,3,((#7585,#7586,#7587,#7588,#7589,#7590,
#7591,#7592,#7593,#7594,#7595,#7596,#7597),(#7598,#7599,#7600,#7601,#7602,#7603,
#7604,#7605,#7606,#7607,#7608,#7609,#7610),(#7611,#7612,#7613,#7614,#7615,#7616,
#7617,#7618,#7619,#7620,#7621,#7622,#7623),(#7624,#7625,#7626,#7627,#7628,#7629,
#7630,#7631,#7632,#7633,#7634,#7635,#7636)),.UNSPECIFIED.,.F.,.F.,.F.,(4,4),(4,
1,1,1,1,1,1,1,1,1,4),(-5.644778978712E-2,1.056447789787E0),(-1.552123378394E-2,
0.E0,1.25E-1,2.5E-1,3.75E-1,5.E-1,6.25E-1,7.5E-1,8.75E-1,1.E0,1.015701792908E0),
.UNSPECIFIED.);
#7638=ORIENTED_EDGE('',*,*,#4426,.T.);
#7639=ORIENTED_EDGE('',*,*,#7580,.T.);
#7640=ORIENTED_EDGE('',*,*,#6905,.F.);
#7641=ORIENTED_EDGE('',*,*,#4386,.F.);
#7642=EDGE_LOOP('',(#7638,#7639,#7640,#7641));
#7643=FACE_OUTER_BOUND('',#7642,.F.);
#7645=CARTESIAN_POINT('',(0.E0,-3.656292829561E0,-6.983707170439E0));
#7646=DIRECTION('',(0.E0,7.071067811865E-1,7.071067811865E-1));
#7647=DIRECTION('',(0.E0,7.071067811865E-1,-7.071067811865E-1));
#7648=AXIS2_PLACEMENT_3D('',#7645,#7646,#7647);
#7649=PLANE('',#7648);
#7651=ORIENTED_EDGE('',*,*,#7650,.F.);
#7652=ORIENTED_EDGE('',*,*,#7262,.T.);
#7653=ORIENTED_EDGE('',*,*,#7247,.F.);
#7654=ORIENTED_EDGE('',*,*,#7217,.T.);
#7655=EDGE_LOOP('',(#7651,#7652,#7653,#7654));
#7656=FACE_OUTER_BOUND('',#7655,.F.);
#7658=CARTESIAN_POINT('',(1.623240821512E1,-3.186030303803E0,-6.86E0));
#7659=DIRECTION('',(-1.E0,0.E0,0.E0));
#7660=DIRECTION('',(0.E0,0.E0,-1.E0));
#7661=AXIS2_PLACEMENT_3D('',#7658,#7659,#7660);
#7662=CYLINDRICAL_SURFACE('',#7661,4.2E-1);
#7663=ORIENTED_EDGE('',*,*,#7215,.T.);
#7664=ORIENTED_EDGE('',*,*,#4469,.F.);
#7665=ORIENTED_EDGE('',*,*,#7264,.T.);
#7666=ORIENTED_EDGE('',*,*,#7650,.T.);
#7667=EDGE_LOOP('',(#7663,#7664,#7665,#7666));
#7668=FACE_OUTER_BOUND('',#7667,.F.);
#7670=CARTESIAN_POINT('',(4.5E0,-1.574657797267E0,0.E0));
#7671=DIRECTION('',(0.E0,9.998476951564E-1,1.745240643728E-2));
#7672=DIRECTION('',(-1.E0,0.E0,0.E0));
#7673=AXIS2_PLACEMENT_3D('',#7670,#7671,#7672);
#7674=PLANE('',#7673);
#7675=ORIENTED_EDGE('',*,*,#6835,.F.);
#7676=ORIENTED_EDGE('',*,*,#6620,.F.);
#7677=ORIENTED_EDGE('',*,*,#6595,.F.);
#7679=ORIENTED_EDGE('',*,*,#7678,.F.);
#7680=ORIENTED_EDGE('',*,*,#6183,.T.);
#7681=ORIENTED_EDGE('',*,*,#6519,.F.);
#7683=ORIENTED_EDGE('',*,*,#7682,.F.);
#7684=ORIENTED_EDGE('',*,*,#6894,.T.);
#7685=EDGE_LOOP('',(#7675,#7676,#7677,#7679,#7680,#7681,#7683,#7684));
#7686=FACE_OUTER_BOUND('',#7685,.F.);
#7688=CARTESIAN_POINT('',(4.293698238631E0,1.749492821504E1,-2.4E0));
#7689=DIRECTION('',(0.E0,-1.E0,0.E0));
#7690=DIRECTION('',(9.999945016606E-1,0.E0,-3.316119501060E-3));
#7691=AXIS2_PLACEMENT_3D('',#7688,#7689,#7690);
#7692=CYLINDRICAL_SURFACE('',#7691,2.E-1);
#7693=ORIENTED_EDGE('',*,*,#6593,.F.);
#7694=ORIENTED_EDGE('',*,*,#6550,.T.);
#7695=ORIENTED_EDGE('',*,*,#6185,.T.);
#7696=ORIENTED_EDGE('',*,*,#7678,.T.);
#7697=EDGE_LOOP('',(#7693,#7694,#7695,#7696));
#7698=FACE_OUTER_BOUND('',#7697,.F.);
#7700=CARTESIAN_POINT('',(4.3E0,1.749492E1,-2.E-1));
#7701=DIRECTION('',(0.E0,-1.E0,0.E0));
#7702=DIRECTION('',(1.E0,0.E0,0.E0));
#7703=AXIS2_PLACEMENT_3D('',#7700,#7701,#7702);
#7704=CYLINDRICAL_SURFACE('',#7703,2.E-1);
#7706=ORIENTED_EDGE('',*,*,#7705,.T.);
#7707=ORIENTED_EDGE('',*,*,#6896,.F.);
#7708=ORIENTED_EDGE('',*,*,#7682,.T.);
#7709=ORIENTED_EDGE('',*,*,#6517,.T.);
#7710=EDGE_LOOP('',(#7706,#7707,#7708,#7709));
#7711=FACE_OUTER_BOUND('',#7710,.F.);
#7713=CARTESIAN_POINT('',(4.E0,-4.35E0,-2.E-1));
#7714=DIRECTION('',(0.E0,0.E0,1.E0));
#7715=DIRECTION('',(1.E0,0.E0,0.E0));
#7716=AXIS2_PLACEMENT_3D('',#7713,#7714,#7715);
#7717=TOROIDAL_SURFACE('',#7716,3.E-1,2.E-1);
#7718=ORIENTED_EDGE('',*,*,#4323,.T.);
#7719=ORIENTED_EDGE('',*,*,#6898,.T.);
#7720=ORIENTED_EDGE('',*,*,#7705,.F.);
#7722=ORIENTED_EDGE('',*,*,#7721,.F.);
#7723=EDGE_LOOP('',(#7718,#7719,#7720,#7722));
#7724=FACE_OUTER_BOUND('',#7723,.F.);
#7726=CARTESIAN_POINT('',(4.E0,-4.35E0,-5.147852E-1));
#7727=DIRECTION('',(0.E0,0.E0,1.E0));
#7728=DIRECTION('',(0.E0,-1.E0,0.E0));
#7729=AXIS2_PLACEMENT_3D('',#7726,#7727,#7728);
#7730=CYLINDRICAL_SURFACE('',#7729,5.E-1);
#7731=ORIENTED_EDGE('',*,*,#6515,.F.);
#7733=ORIENTED_EDGE('',*,*,#7732,.F.);
#7734=ORIENTED_EDGE('',*,*,#4307,.T.);
#7735=ORIENTED_EDGE('',*,*,#7721,.T.);
#7736=EDGE_LOOP('',(#7731,#7733,#7734,#7735));
#7737=FACE_OUTER_BOUND('',#7736,.F.);
#7739=CARTESIAN_POINT('',(3.928320392789E0,-4.278320392789E0,-2.211456E1));
#7740=DIRECTION('',(3.316101268109E-3,-3.316101268109E-3,9.999890034119E-1));
#7741=DIRECTION('',(0.E0,-9.999945016606E-1,-3.316119501059E-3));
#7742=AXIS2_PLACEMENT_3D('',#7739,#7740,#7741);
#7743=CYLINDRICAL_SURFACE('',#7742,5.E-1);
#7744=ORIENTED_EDGE('',*,*,#6003,.T.);
#7745=ORIENTED_EDGE('',*,*,#7732,.T.);
#7746=ORIENTED_EDGE('',*,*,#6179,.F.);
#7748=ORIENTED_EDGE('',*,*,#7747,.T.);
#7749=EDGE_LOOP('',(#7744,#7745,#7746,#7748));
#7750=FACE_OUTER_BOUND('',#7749,.F.);
#7752=CARTESIAN_POINT('',(3.960481910329E0,-4.820063447674E0,
-9.388668815852E0));
#7753=CARTESIAN_POINT('',(3.963815717255E0,-4.820130597260E0,
-9.388668815852E0));
#7754=CARTESIAN_POINT('',(3.999811057981E0,-4.820492196842E0,
-9.388668815852E0));
#7755=CARTESIAN_POINT('',(4.068619393255E0,-4.813721822233E0,
-9.388668815852E0));
#7756=CARTESIAN_POINT('',(4.162940525130E0,-4.785101355601E0,
-9.388668815852E0));
#7757=CARTESIAN_POINT('',(4.249889136727E0,-4.738627777622E0,
-9.388668815852E0));
#7758=CARTESIAN_POINT('',(4.326089629869E0,-4.676088286539E0,
-9.388668815852E0));
#7759=CARTESIAN_POINT('',(4.388628717148E0,-4.599887683833E0,
-9.388668815852E0));
#7760=CARTESIAN_POINT('',(4.435101720538E0,-4.512939502653E0,
-9.388668815852E0));
#7761=CARTESIAN_POINT('',(4.463721873560E0,-4.418618917089E0,
-9.388668815852E0));
#7762=CARTESIAN_POINT('',(4.470492059744E0,-4.349812398360E0,
-9.388668815852E0));
#7763=CARTESIAN_POINT('',(4.470130625088E0,-4.313818491597E0,
-9.388668815852E0));
#7764=CARTESIAN_POINT('',(4.470063531376E0,-4.310486070066E0,
-9.388668815852E0));
#7765=CARTESIAN_POINT('',(3.960336365023E0,-4.827330924775E0,
-9.516762602096E0));
#7766=CARTESIAN_POINT('',(3.963718669645E0,-4.827399053833E0,
-9.516762602096E0));
#7767=CARTESIAN_POINT('',(4.000237643117E0,-4.827765937982E0,
-9.516762602096E0));
#7768=CARTESIAN_POINT('',(4.070046946467E0,-4.820897044584E0,
-9.516762602096E0));
#7769=CARTESIAN_POINT('',(4.165740194567E0,-4.791860239427E0,
-9.516762602096E0));
#7770=CARTESIAN_POINT('',(4.253953674793E0,-4.744710592860E0,
-9.516762602096E0));
#7771=CARTESIAN_POINT('',(4.331262682466E0,-4.681261319593E0,
-9.516762602096E0));
#7772=CARTESIAN_POINT('',(4.394711546054E0,-4.603952200763E0,
-9.516762602096E0));
#7773=CARTESIAN_POINT('',(4.441860609673E0,-4.515739157216E0,
-9.516762602096E0));
#7774=CARTESIAN_POINT('',(4.470897096659E0,-4.420046463375E0,
-9.516762602096E0));
#7775=CARTESIAN_POINT('',(4.477765798887E0,-4.350239002995E0,
-9.516762602096E0));
#7776=CARTESIAN_POINT('',(4.477399082068E0,-4.313721484346E0,
-9.516762602096E0));
#7777=CARTESIAN_POINT('',(4.477331009698E0,-4.310340585272E0,
-9.516762602096E0));
#7778=CARTESIAN_POINT('',(3.962155884880E0,-4.736477298280E0,
-9.607333760588E0));
#7779=CARTESIAN_POINT('',(3.964931900487E0,-4.736533182564E0,
-9.607333760588E0));
#7780=CARTESIAN_POINT('',(3.994904732386E0,-4.736834002230E0,
-9.607333760588E0));
#7781=CARTESIAN_POINT('',(4.052200535043E0,-4.731196731466E0,
-9.607333760588E0));
#7782=CARTESIAN_POINT('',(4.130740411583E0,-4.707364740065E0,
-9.607333760588E0));
#7783=CARTESIAN_POINT('',(4.203141265180E0,-4.668666896262E0,
-9.607333760588E0));
#7784=CARTESIAN_POINT('',(4.266592291088E0,-4.616591172517E0,
-9.607333760588E0));
#7785=CARTESIAN_POINT('',(4.318667678591E0,-4.553140055376E0,
-9.607333760588E0));
#7786=CARTESIAN_POINT('',(4.357365043946E0,-4.480739560181E0,
-9.607333760588E0));
#7787=CARTESIAN_POINT('',(4.381196774196E0,-4.402200138546E0,
-9.607333760588E0));
#7788=CARTESIAN_POINT('',(4.386833888097E0,-4.344905848502E0,
-9.607333760588E0));
#7789=CARTESIAN_POINT('',(4.386533205710E0,-4.314934210644E0,
-9.607333760588E0));
#7790=CARTESIAN_POINT('',(4.386477367932E0,-4.312159348636E0,
-9.607333760588E0));
#7791=CARTESIAN_POINT('',(3.964720195555E0,-4.608434219554E0,
-9.599640079203E0));
#7792=CARTESIAN_POINT('',(3.966641747613E0,-4.608472846865E0,
-9.599640079203E0));
#7793=CARTESIAN_POINT('',(3.987388881509E0,-4.608680559627E0,
-9.599640079203E0));
#7794=CARTESIAN_POINT('',(4.027048985775E0,-4.604779056163E0,
-9.599640079203E0));
#7795=CARTESIAN_POINT('',(4.081414037491E0,-4.588282384256E0,
-9.599640079203E0));
#7796=CARTESIAN_POINT('',(4.131529623297E0,-4.561495951019E0,
-9.599640079203E0));
#7797=CARTESIAN_POINT('',(4.175450128317E0,-4.525449354046E0,
-9.599640079203E0));
#7798=CARTESIAN_POINT('',(4.211496492543E0,-4.481528785876E0,
-9.599640079203E0));
#7799=CARTESIAN_POINT('',(4.238282594606E0,-4.431413448154E0,
-9.599640079203E0));
#7800=CARTESIAN_POINT('',(4.254779085722E0,-4.377048711321E0,
-9.599640079203E0));
#7801=CARTESIAN_POINT('',(4.258680480675E0,-4.337389654082E0,
-9.599640079203E0));
#7802=CARTESIAN_POINT('',(4.258472862839E0,-4.316643346700E0,
-9.599640079203E0));
#7803=CARTESIAN_POINT('',(4.258434267686E0,-4.314722593160E0,
-9.599640079203E0));
#7804=(BOUNDED_SURFACE()B_SPLINE_SURFACE(3,3,((#7752,#7753,#7754,#7755,#7756,
#7757,#7758,#7759,#7760,#7761,#7762,#7763,#7764),(#7765,#7766,#7767,#7768,#7769,
#7770,#7771,#7772,#7773,#7774,#7775,#7776,#7777),(#7778,#7779,#7780,#7781,#7782,
#7783,#7784,#7785,#7786,#7787,#7788,#7789,#7790),(#7791,#7792,#7793,#7794,#7795,
#7796,#7797,#7798,#7799,#7800,#7801,#7802,#7803)),.UNSPECIFIED.,.F.,.F.,.F.)B_SPLINE_SURFACE_WITH_KNOTS((4,4),(4,1,1,1,1,1,1,1,1,1,4),(0.E0,1.E0),(
-1.276569938019E-2,0.E0,1.250064811771E-1,2.500100489374E-1,3.750148427527E-1,
5.000013202630E-1,6.249874281535E-1,7.499915866484E-1,8.749937058494E-1,1.E0,
1.012760390345E0),.UNSPECIFIED.)GEOMETRIC_REPRESENTATION_ITEM()RATIONAL_B_SPLINE_SURFACE(((1.201438363976E0,1.201438363976E0,1.201438363976E0,1.201438363976E0,
1.201438363976E0,1.201438363976E0,1.201438363976E0,1.201438363976E0,
1.201438363976E0,1.201438363976E0,1.201438363976E0,1.201438363976E0,
1.201438363976E0),(9.328538786747E-1,9.328538786747E-1,9.328538786747E-1,
9.328538786747E-1,9.328538786747E-1,9.328538786747E-1,9.328538786747E-1,
9.328538786747E-1,9.328538786747E-1,9.328538786747E-1,9.328538786747E-1,
9.328538786747E-1,9.328538786747E-1),(9.328538786747E-1,9.328538786747E-1,
9.328538786747E-1,9.328538786747E-1,9.328538786747E-1,9.328538786747E-1,
9.328538786747E-1,9.328538786747E-1,9.328538786747E-1,9.328538786747E-1,
9.328538786747E-1,9.328538786747E-1,9.328538786747E-1),(1.201438363976E0,
1.201438363976E0,1.201438363976E0,1.201438363976E0,1.201438363976E0,
1.201438363976E0,1.201438363976E0,1.201438363976E0,1.201438363976E0,
1.201438363976E0,1.201438363976E0,1.201438363976E0,1.201438363976E0)))REPRESENTATION_ITEM('')SURFACE());
#7806=ORIENTED_EDGE('',*,*,#7805,.T.);
#7807=ORIENTED_EDGE('',*,*,#5902,.T.);
#7809=ORIENTED_EDGE('',*,*,#7808,.F.);
#7810=ORIENTED_EDGE('',*,*,#7747,.F.);
#7811=EDGE_LOOP('',(#7806,#7807,#7809,#7810));
#7812=FACE_OUTER_BOUND('',#7811,.F.);
#7814=CARTESIAN_POINT('',(4.270485274491E0,1.749492E1,-9.4E0));
#7815=DIRECTION('',(0.E0,-1.E0,0.E0));
#7816=DIRECTION('',(0.E0,0.E0,-1.E0));
#7817=AXIS2_PLACEMENT_3D('',#7814,#7815,#7816);
#7818=CYLINDRICAL_SURFACE('',#7817,2.E-1);
#7819=ORIENTED_EDGE('',*,*,#5054,.T.);
#7820=ORIENTED_EDGE('',*,*,#5904,.T.);
#7821=ORIENTED_EDGE('',*,*,#7805,.F.);
#7822=ORIENTED_EDGE('',*,*,#6177,.F.);
#7823=EDGE_LOOP('',(#7819,#7820,#7821,#7822));
#7824=FACE_OUTER_BOUND('',#7823,.F.);
#7826=CARTESIAN_POINT('',(1.62324E1,-4.620485274491E0,-9.4E0));
#7827=DIRECTION('',(-1.E0,0.E0,0.E0));
#7828=DIRECTION('',(0.E0,0.E0,-1.E0));
#7829=AXIS2_PLACEMENT_3D('',#7826,#7827,#7828);
#7830=CYLINDRICAL_SURFACE('',#7829,2.E-1);
#7831=ORIENTED_EDGE('',*,*,#7808,.T.);
#7832=ORIENTED_EDGE('',*,*,#5913,.T.);
#7834=ORIENTED_EDGE('',*,*,#7833,.F.);
#7835=ORIENTED_EDGE('',*,*,#6005,.F.);
#7836=EDGE_LOOP('',(#7831,#7832,#7834,#7835));
#7837=FACE_OUTER_BOUND('',#7836,.F.);
#7839=CARTESIAN_POINT('',(2.6E0,-4.15E0,-9.6E0));
#7840=DIRECTION('',(1.E0,0.E0,0.E0));
#7841=DIRECTION('',(0.E0,-1.E0,0.E0));
#7842=AXIS2_PLACEMENT_3D('',#7839,#7840,#7841);
#7843=PLANE('',#7842);
#7844=ORIENTED_EDGE('',*,*,#5639,.T.);
#7845=ORIENTED_EDGE('',*,*,#5482,.F.);
#7846=ORIENTED_EDGE('',*,*,#6007,.F.);
#7847=ORIENTED_EDGE('',*,*,#7833,.T.);
#7848=ORIENTED_EDGE('',*,*,#5911,.T.);
#7850=ORIENTED_EDGE('',*,*,#7849,.T.);
#7851=EDGE_LOOP('',(#7844,#7845,#7846,#7847,#7848,#7850));
#7852=FACE_OUTER_BOUND('',#7851,.F.);
#7854=CARTESIAN_POINT('',(2.5E0,-4.15E0,-9.6E0));
#7855=DIRECTION('',(0.E0,1.E0,0.E0));
#7856=DIRECTION('',(1.E0,0.E0,0.E0));
#7857=AXIS2_PLACEMENT_3D('',#7854,#7855,#7856);
#7858=PLANE('',#7857);
#7859=ORIENTED_EDGE('',*,*,#5909,.F.);
#7861=ORIENTED_EDGE('',*,*,#7860,.T.);
#7862=ORIENTED_EDGE('',*,*,#5641,.T.);
#7863=ORIENTED_EDGE('',*,*,#7849,.F.);
#7864=EDGE_LOOP('',(#7859,#7861,#7862,#7863));
#7865=FACE_OUTER_BOUND('',#7864,.F.);
#7867=CARTESIAN_POINT('',(2.5E0,4.15E0,-9.6E0));
#7868=DIRECTION('',(1.E0,0.E0,0.E0));
#7869=DIRECTION('',(0.E0,-1.E0,0.E0));
#7870=AXIS2_PLACEMENT_3D('',#7867,#7868,#7869);
#7871=PLANE('',#7870);
#7872=ORIENTED_EDGE('',*,*,#5888,.F.);
#7874=ORIENTED_EDGE('',*,*,#7873,.T.);
#7875=ORIENTED_EDGE('',*,*,#5621,.T.);
#7876=ORIENTED_EDGE('',*,*,#6319,.F.);
#7877=EDGE_LOOP('',(#7872,#7874,#7875,#7876));
#7878=FACE_OUTER_BOUND('',#7877,.F.);
#7880=CARTESIAN_POINT('',(2.5E0,4.15E0,-9.6E0));
#7881=DIRECTION('',(1.E0,0.E0,0.E0));
#7882=DIRECTION('',(0.E0,-1.E0,0.E0));
#7883=AXIS2_PLACEMENT_3D('',#7880,#7881,#7882);
#7884=PLANE('',#7883);
#7885=ORIENTED_EDGE('',*,*,#5907,.F.);
#7886=ORIENTED_EDGE('',*,*,#5050,.T.);
#7887=ORIENTED_EDGE('',*,*,#5643,.T.);
#7888=ORIENTED_EDGE('',*,*,#7860,.F.);
#7889=EDGE_LOOP('',(#7885,#7886,#7887,#7888));
#7890=FACE_OUTER_BOUND('',#7889,.F.);
#7892=CARTESIAN_POINT('',(2.6E0,4.15E0,-9.6E0));
#7893=DIRECTION('',(0.E0,-1.E0,0.E0));
#7894=DIRECTION('',(-1.E0,0.E0,0.E0));
#7895=AXIS2_PLACEMENT_3D('',#7892,#7893,#7894);
#7896=PLANE('',#7895);
#7897=ORIENTED_EDGE('',*,*,#5886,.F.);
#7898=ORIENTED_EDGE('',*,*,#5750,.T.);
#7899=ORIENTED_EDGE('',*,*,#5623,.T.);
#7900=ORIENTED_EDGE('',*,*,#7873,.F.);
#7901=EDGE_LOOP('',(#7897,#7898,#7899,#7900));
#7902=FACE_OUTER_BOUND('',#7901,.F.);
#7904=CARTESIAN_POINT('',(4.03E0,4.19E-1,-7.28E0));
#7905=DIRECTION('',(0.E0,9.999904807207E-1,4.363309284747E-3));
#7906=DIRECTION('',(-1.E0,0.E0,0.E0));
#7907=AXIS2_PLACEMENT_3D('',#7904,#7905,#7906);
#7908=PLANE('',#7907);
#7909=ORIENTED_EDGE('',*,*,#6588,.T.);
#7911=ORIENTED_EDGE('',*,*,#7910,.F.);
#7912=ORIENTED_EDGE('',*,*,#4500,.F.);
#7913=ORIENTED_EDGE('',*,*,#6682,.F.);
#7914=ORIENTED_EDGE('',*,*,#6636,.T.);
#7915=EDGE_LOOP('',(#7909,#7911,#7912,#7913,#7914));
#7916=FACE_OUTER_BOUND('',#7915,.F.);
#7918=CARTESIAN_POINT('',(3.37E0,4.19E-1,-7.28E0));
#7919=DIRECTION('',(-9.999904807207E-1,0.E0,4.363309284747E-3));
#7920=DIRECTION('',(0.E0,-1.E0,0.E0));
#7921=AXIS2_PLACEMENT_3D('',#7918,#7919,#7920);
#7922=PLANE('',#7921);
#7923=ORIENTED_EDGE('',*,*,#4451,.F.);
#7924=ORIENTED_EDGE('',*,*,#7910,.T.);
#7925=ORIENTED_EDGE('',*,*,#6586,.T.);
#7926=ORIENTED_EDGE('',*,*,#6659,.F.);
#7927=EDGE_LOOP('',(#7923,#7924,#7925,#7926));
#7928=FACE_OUTER_BOUND('',#7927,.F.);
#7930=CARTESIAN_POINT('',(-3.960481910329E0,4.820063447674E0,
-9.388668815852E0));
#7931=CARTESIAN_POINT('',(-3.963815717255E0,4.820130597260E0,
-9.388668815852E0));
#7932=CARTESIAN_POINT('',(-3.999811057981E0,4.820492196842E0,
-9.388668815852E0));
#7933=CARTESIAN_POINT('',(-4.068619393255E0,4.813721822233E0,
-9.388668815852E0));
#7934=CARTESIAN_POINT('',(-4.162940525130E0,4.785101355601E0,
-9.388668815852E0));
#7935=CARTESIAN_POINT('',(-4.249889136727E0,4.738627777622E0,
-9.388668815852E0));
#7936=CARTESIAN_POINT('',(-4.326089629869E0,4.676088286539E0,
-9.388668815852E0));
#7937=CARTESIAN_POINT('',(-4.388628717148E0,4.599887683833E0,
-9.388668815852E0));
#7938=CARTESIAN_POINT('',(-4.435101720538E0,4.512939502653E0,
-9.388668815852E0));
#7939=CARTESIAN_POINT('',(-4.463721873560E0,4.418618917089E0,
-9.388668815852E0));
#7940=CARTESIAN_POINT('',(-4.470492059744E0,4.349812398360E0,
-9.388668815852E0));
#7941=CARTESIAN_POINT('',(-4.470130625088E0,4.313818491597E0,
-9.388668815852E0));
#7942=CARTESIAN_POINT('',(-4.470063531376E0,4.310486070066E0,
-9.388668815852E0));
#7943=CARTESIAN_POINT('',(-3.960336365023E0,4.827330924775E0,
-9.516762602096E0));
#7944=CARTESIAN_POINT('',(-3.963718669645E0,4.827399053833E0,
-9.516762602096E0));
#7945=CARTESIAN_POINT('',(-4.000237643117E0,4.827765937982E0,
-9.516762602096E0));
#7946=CARTESIAN_POINT('',(-4.070046946467E0,4.820897044584E0,
-9.516762602096E0));
#7947=CARTESIAN_POINT('',(-4.165740194567E0,4.791860239427E0,
-9.516762602096E0));
#7948=CARTESIAN_POINT('',(-4.253953674793E0,4.744710592860E0,
-9.516762602096E0));
#7949=CARTESIAN_POINT('',(-4.331262682466E0,4.681261319593E0,
-9.516762602096E0));
#7950=CARTESIAN_POINT('',(-4.394711546054E0,4.603952200763E0,
-9.516762602096E0));
#7951=CARTESIAN_POINT('',(-4.441860609673E0,4.515739157216E0,
-9.516762602096E0));
#7952=CARTESIAN_POINT('',(-4.470897096659E0,4.420046463375E0,
-9.516762602096E0));
#7953=CARTESIAN_POINT('',(-4.477765798887E0,4.350239002995E0,
-9.516762602096E0));
#7954=CARTESIAN_POINT('',(-4.477399082068E0,4.313721484346E0,
-9.516762602096E0));
#7955=CARTESIAN_POINT('',(-4.477331009698E0,4.310340585272E0,
-9.516762602096E0));
#7956=CARTESIAN_POINT('',(-3.962155884880E0,4.736477298280E0,
-9.607333760588E0));
#7957=CARTESIAN_POINT('',(-3.964931900487E0,4.736533182564E0,
-9.607333760588E0));
#7958=CARTESIAN_POINT('',(-3.994904732386E0,4.736834002230E0,
-9.607333760588E0));
#7959=CARTESIAN_POINT('',(-4.052200535043E0,4.731196731466E0,
-9.607333760588E0));
#7960=CARTESIAN_POINT('',(-4.130740411583E0,4.707364740065E0,
-9.607333760588E0));
#7961=CARTESIAN_POINT('',(-4.203141265180E0,4.668666896262E0,
-9.607333760588E0));
#7962=CARTESIAN_POINT('',(-4.266592291088E0,4.616591172517E0,
-9.607333760588E0));
#7963=CARTESIAN_POINT('',(-4.318667678591E0,4.553140055376E0,
-9.607333760588E0));
#7964=CARTESIAN_POINT('',(-4.357365043946E0,4.480739560181E0,
-9.607333760588E0));
#7965=CARTESIAN_POINT('',(-4.381196774196E0,4.402200138546E0,
-9.607333760588E0));
#7966=CARTESIAN_POINT('',(-4.386833888097E0,4.344905848502E0,
-9.607333760588E0));
#7967=CARTESIAN_POINT('',(-4.386533205710E0,4.314934210644E0,
-9.607333760588E0));
#7968=CARTESIAN_POINT('',(-4.386477367932E0,4.312159348636E0,
-9.607333760588E0));
#7969=CARTESIAN_POINT('',(-3.964720195555E0,4.608434219554E0,
-9.599640079203E0));
#7970=CARTESIAN_POINT('',(-3.966641747613E0,4.608472846865E0,
-9.599640079203E0));
#7971=CARTESIAN_POINT('',(-3.987388881509E0,4.608680559627E0,
-9.599640079203E0));
#7972=CARTESIAN_POINT('',(-4.027048985775E0,4.604779056163E0,
-9.599640079203E0));
#7973=CARTESIAN_POINT('',(-4.081414037491E0,4.588282384256E0,
-9.599640079203E0));
#7974=CARTESIAN_POINT('',(-4.131529623297E0,4.561495951019E0,
-9.599640079203E0));
#7975=CARTESIAN_POINT('',(-4.175450128317E0,4.525449354046E0,
-9.599640079203E0));
#7976=CARTESIAN_POINT('',(-4.211496492543E0,4.481528785876E0,
-9.599640079203E0));
#7977=CARTESIAN_POINT('',(-4.238282594606E0,4.431413448154E0,
-9.599640079203E0));
#7978=CARTESIAN_POINT('',(-4.254779085722E0,4.377048711321E0,
-9.599640079203E0));
#7979=CARTESIAN_POINT('',(-4.258680480675E0,4.337389654082E0,
-9.599640079203E0));
#7980=CARTESIAN_POINT('',(-4.258472862839E0,4.316643346700E0,
-9.599640079203E0));
#7981=CARTESIAN_POINT('',(-4.258434267686E0,4.314722593160E0,
-9.599640079203E0));
#7982=(BOUNDED_SURFACE()B_SPLINE_SURFACE(3,3,((#7930,#7931,#7932,#7933,#7934,
#7935,#7936,#7937,#7938,#7939,#7940,#7941,#7942),(#7943,#7944,#7945,#7946,#7947,
#7948,#7949,#7950,#7951,#7952,#7953,#7954,#7955),(#7956,#7957,#7958,#7959,#7960,
#7961,#7962,#7963,#7964,#7965,#7966,#7967,#7968),(#7969,#7970,#7971,#7972,#7973,
#7974,#7975,#7976,#7977,#7978,#7979,#7980,#7981)),.UNSPECIFIED.,.F.,.F.,.F.)B_SPLINE_SURFACE_WITH_KNOTS((4,4),(4,1,1,1,1,1,1,1,1,1,4),(0.E0,1.E0),(
-1.276569938019E-2,0.E0,1.250064811771E-1,2.500100489374E-1,3.750148427527E-1,
5.000013202630E-1,6.249874281535E-1,7.499915866484E-1,8.749937058494E-1,1.E0,
1.012760390345E0),.UNSPECIFIED.)GEOMETRIC_REPRESENTATION_ITEM()RATIONAL_B_SPLINE_SURFACE(((1.201438363976E0,1.201438363976E0,1.201438363976E0,1.201438363976E0,
1.201438363976E0,1.201438363976E0,1.201438363976E0,1.201438363976E0,
1.201438363976E0,1.201438363976E0,1.201438363976E0,1.201438363976E0,
1.201438363976E0),(9.328538786747E-1,9.328538786747E-1,9.328538786747E-1,
9.328538786747E-1,9.328538786747E-1,9.328538786747E-1,9.328538786747E-1,
9.328538786747E-1,9.328538786747E-1,9.328538786747E-1,9.328538786747E-1,
9.328538786747E-1,9.328538786747E-1),(9.328538786747E-1,9.328538786747E-1,
9.328538786747E-1,9.328538786747E-1,9.328538786747E-1,9.328538786747E-1,
9.328538786747E-1,9.328538786747E-1,9.328538786747E-1,9.328538786747E-1,
9.328538786747E-1,9.328538786747E-1,9.328538786747E-1),(1.201438363976E0,
1.201438363976E0,1.201438363976E0,1.201438363976E0,1.201438363976E0,
1.201438363976E0,1.201438363976E0,1.201438363976E0,1.201438363976E0,
1.201438363976E0,1.201438363976E0,1.201438363976E0,1.201438363976E0)))REPRESENTATION_ITEM('')SURFACE());
#7984=ORIENTED_EDGE('',*,*,#7983,.T.);
#7985=ORIENTED_EDGE('',*,*,#5861,.T.);
#7987=ORIENTED_EDGE('',*,*,#7986,.F.);
#7988=ORIENTED_EDGE('',*,*,#6436,.F.);
#7989=EDGE_LOOP('',(#7984,#7985,#7987,#7988));
#7990=FACE_OUTER_BOUND('',#7989,.F.);
#7992=CARTESIAN_POINT('',(-4.270485274491E0,-1.749492E1,-9.4E0));
#7993=DIRECTION('',(0.E0,1.E0,0.E0));
#7994=DIRECTION('',(0.E0,0.E0,-1.E0));
#7995=AXIS2_PLACEMENT_3D('',#7992,#7993,#7994);
#7996=CYLINDRICAL_SURFACE('',#7995,2.E-1);
#7997=ORIENTED_EDGE('',*,*,#6259,.T.);
#7998=ORIENTED_EDGE('',*,*,#5863,.T.);
#7999=ORIENTED_EDGE('',*,*,#7983,.F.);
#8000=ORIENTED_EDGE('',*,*,#6044,.F.);
#8001=EDGE_LOOP('',(#7997,#7998,#7999,#8000));
#8002=FACE_OUTER_BOUND('',#8001,.F.);
#8004=CARTESIAN_POINT('',(1.62324E1,4.620485274491E0,-9.4E0));
#8005=DIRECTION('',(-1.E0,0.E0,0.E0));
#8006=DIRECTION('',(0.E0,9.999945016606E-1,-3.316119501058E-3));
#8007=AXIS2_PLACEMENT_3D('',#8004,#8005,#8006);
#8008=CYLINDRICAL_SURFACE('',#8007,2.E-1);
#8009=ORIENTED_EDGE('',*,*,#7986,.T.);
#8010=ORIENTED_EDGE('',*,*,#5873,.F.);
#8011=ORIENTED_EDGE('',*,*,#6400,.F.);
#8012=ORIENTED_EDGE('',*,*,#6414,.T.);
#8013=EDGE_LOOP('',(#8009,#8010,#8011,#8012));
#8014=FACE_OUTER_BOUND('',#8013,.F.);
#8016=CARTESIAN_POINT('',(-9.5E-1,0.E0,0.E0));
#8017=DIRECTION('',(-1.E0,0.E0,0.E0));
#8018=DIRECTION('',(0.E0,-1.E0,0.E0));
#8019=AXIS2_PLACEMENT_3D('',#8016,#8017,#8018);
#8020=PLANE('',#8019);
#8021=ORIENTED_EDGE('',*,*,#4524,.F.);
#8023=ORIENTED_EDGE('',*,*,#8022,.F.);
#8025=ORIENTED_EDGE('',*,*,#8024,.F.);
#8027=ORIENTED_EDGE('',*,*,#8026,.F.);
#8028=EDGE_LOOP('',(#8021,#8023,#8025,#8027));
#8029=FACE_OUTER_BOUND('',#8028,.F.);
#8031=CARTESIAN_POINT('',(-9.5E-1,0.E0,0.E0));
#8032=DIRECTION('',(-1.E0,0.E0,0.E0));
#8033=DIRECTION('',(0.E0,-1.E0,0.E0));
#8034=AXIS2_PLACEMENT_3D('',#8031,#8032,#8033);
#8035=PLANE('',#8034);
#8036=ORIENTED_EDGE('',*,*,#4534,.F.);
#8038=ORIENTED_EDGE('',*,*,#8037,.F.);
#8040=ORIENTED_EDGE('',*,*,#8039,.F.);
#8042=ORIENTED_EDGE('',*,*,#8041,.F.);
#8043=EDGE_LOOP('',(#8036,#8038,#8040,#8042));
#8044=FACE_OUTER_BOUND('',#8043,.F.);
#8046=CARTESIAN_POINT('',(-9.5E-1,0.E0,0.E0));
#8047=DIRECTION('',(-1.E0,0.E0,0.E0));
#8048=DIRECTION('',(0.E0,-1.E0,0.E0));
#8049=AXIS2_PLACEMENT_3D('',#8046,#8047,#8048);
#8050=PLANE('',#8049);
#8051=ORIENTED_EDGE('',*,*,#4999,.F.);
#8052=ORIENTED_EDGE('',*,*,#5547,.T.);
#8053=ORIENTED_EDGE('',*,*,#5468,.F.);
#8055=ORIENTED_EDGE('',*,*,#8054,.F.);
#8057=ORIENTED_EDGE('',*,*,#8056,.F.);
#8059=ORIENTED_EDGE('',*,*,#8058,.F.);
#8061=ORIENTED_EDGE('',*,*,#8060,.F.);
#8063=ORIENTED_EDGE('',*,*,#8062,.F.);
#8065=ORIENTED_EDGE('',*,*,#8064,.F.);
#8066=ORIENTED_EDGE('',*,*,#5119,.F.);
#8067=EDGE_LOOP('',(#8051,#8052,#8053,#8055,#8057,#8059,#8061,#8063,#8065,
#8066));
#8068=FACE_OUTER_BOUND('',#8067,.F.);
#8070=CARTESIAN_POINT('',(-9.5E-1,0.E0,0.E0));
#8071=DIRECTION('',(-1.E0,0.E0,0.E0));
#8072=DIRECTION('',(0.E0,-1.E0,0.E0));
#8073=AXIS2_PLACEMENT_3D('',#8070,#8071,#8072);
#8074=PLANE('',#8073);
#8075=ORIENTED_EDGE('',*,*,#5101,.F.);
#8077=ORIENTED_EDGE('',*,*,#8076,.F.);
#8079=ORIENTED_EDGE('',*,*,#8078,.F.);
#8081=ORIENTED_EDGE('',*,*,#8080,.F.);
#8083=ORIENTED_EDGE('',*,*,#8082,.F.);
#8084=ORIENTED_EDGE('',*,*,#5671,.T.);
#8085=ORIENTED_EDGE('',*,*,#5532,.T.);
#8086=ORIENTED_EDGE('',*,*,#6272,.F.);
#8087=EDGE_LOOP('',(#8075,#8077,#8079,#8081,#8083,#8084,#8085,#8086));
#8088=FACE_OUTER_BOUND('',#8087,.F.);
#8090=CARTESIAN_POINT('',(-9.5E-1,2.934E0,-4.78E0));
#8091=DIRECTION('',(0.E0,1.E0,0.E0));
#8092=DIRECTION('',(0.E0,0.E0,-1.E0));
#8093=AXIS2_PLACEMENT_3D('',#8090,#8091,#8092);
#8094=PLANE('',#8093);
#8095=ORIENTED_EDGE('',*,*,#4530,.F.);
#8097=ORIENTED_EDGE('',*,*,#8096,.F.);
#8099=ORIENTED_EDGE('',*,*,#8098,.F.);
#8100=ORIENTED_EDGE('',*,*,#8022,.T.);
#8101=EDGE_LOOP('',(#8095,#8097,#8099,#8100));
#8102=FACE_OUTER_BOUND('',#8101,.F.);
#8104=CARTESIAN_POINT('',(-5.5E-1,0.E0,0.E0));
#8105=DIRECTION('',(-1.E0,0.E0,0.E0));
#8106=DIRECTION('',(0.E0,-1.E0,0.E0));
#8107=AXIS2_PLACEMENT_3D('',#8104,#8105,#8106);
#8108=PLANE('',#8107);
#8109=ORIENTED_EDGE('',*,*,#4528,.T.);
#8111=ORIENTED_EDGE('',*,*,#8110,.T.);
#8113=ORIENTED_EDGE('',*,*,#8112,.T.);
#8114=ORIENTED_EDGE('',*,*,#8096,.T.);
#8115=EDGE_LOOP('',(#8109,#8111,#8113,#8114));
#8116=FACE_OUTER_BOUND('',#8115,.F.);
#8118=CARTESIAN_POINT('',(-5.5E-1,0.E0,0.E0));
#8119=DIRECTION('',(-1.E0,0.E0,0.E0));
#8120=DIRECTION('',(0.E0,-1.E0,0.E0));
#8121=AXIS2_PLACEMENT_3D('',#8118,#8119,#8120);
#8122=PLANE('',#8121);
#8123=ORIENTED_EDGE('',*,*,#4538,.T.);
#8125=ORIENTED_EDGE('',*,*,#8124,.T.);
#8127=ORIENTED_EDGE('',*,*,#8126,.T.);
#8129=ORIENTED_EDGE('',*,*,#8128,.T.);
#8130=EDGE_LOOP('',(#8123,#8125,#8127,#8129));
#8131=FACE_OUTER_BOUND('',#8130,.F.);
#8133=CARTESIAN_POINT('',(-5.5E-1,0.E0,0.E0));
#8134=DIRECTION('',(-1.E0,0.E0,0.E0));
#8135=DIRECTION('',(0.E0,-1.E0,0.E0));
#8136=AXIS2_PLACEMENT_3D('',#8133,#8134,#8135);
#8137=PLANE('',#8136);
#8138=ORIENTED_EDGE('',*,*,#5018,.T.);
#8139=ORIENTED_EDGE('',*,*,#5123,.T.);
#8141=ORIENTED_EDGE('',*,*,#8140,.T.);
#8143=ORIENTED_EDGE('',*,*,#8142,.T.);
#8145=ORIENTED_EDGE('',*,*,#8144,.T.);
#8147=ORIENTED_EDGE('',*,*,#8146,.T.);
#8149=ORIENTED_EDGE('',*,*,#8148,.T.);
#8151=ORIENTED_EDGE('',*,*,#8150,.T.);
#8152=ORIENTED_EDGE('',*,*,#5464,.T.);
#8153=ORIENTED_EDGE('',*,*,#5579,.F.);
#8154=EDGE_LOOP('',(#8138,#8139,#8141,#8143,#8145,#8147,#8149,#8151,#8152,
#8153));
#8155=FACE_OUTER_BOUND('',#8154,.F.);
#8157=CARTESIAN_POINT('',(-5.5E-1,0.E0,0.E0));
#8158=DIRECTION('',(-1.E0,0.E0,0.E0));
#8159=DIRECTION('',(0.E0,-1.E0,0.E0));
#8160=AXIS2_PLACEMENT_3D('',#8157,#8158,#8159);
#8161=PLANE('',#8160);
#8162=ORIENTED_EDGE('',*,*,#5097,.T.);
#8163=ORIENTED_EDGE('',*,*,#6288,.F.);
#8164=ORIENTED_EDGE('',*,*,#5564,.F.);
#8165=ORIENTED_EDGE('',*,*,#5675,.F.);
#8167=ORIENTED_EDGE('',*,*,#8166,.T.);
#8169=ORIENTED_EDGE('',*,*,#8168,.T.);
#8171=ORIENTED_EDGE('',*,*,#8170,.T.);
#8173=ORIENTED_EDGE('',*,*,#8172,.T.);
#8174=EDGE_LOOP('',(#8162,#8163,#8164,#8165,#8167,#8169,#8171,#8173));
#8175=FACE_OUTER_BOUND('',#8174,.F.);
#8177=CARTESIAN_POINT('',(-9.5E-1,2.634E0,-7.28E0));
#8178=DIRECTION('',(0.E0,-1.E0,0.E0));
#8179=DIRECTION('',(0.E0,0.E0,1.E0));
#8180=AXIS2_PLACEMENT_3D('',#8177,#8178,#8179);
#8181=PLANE('',#8180);
#8182=ORIENTED_EDGE('',*,*,#4526,.T.);
#8183=ORIENTED_EDGE('',*,*,#8026,.T.);
#8185=ORIENTED_EDGE('',*,*,#8184,.T.);
#8186=ORIENTED_EDGE('',*,*,#8110,.F.);
#8187=EDGE_LOOP('',(#8182,#8183,#8185,#8186));
#8188=FACE_OUTER_BOUND('',#8187,.F.);
#8190=CARTESIAN_POINT('',(-9.5E-1,2.634E0,-4.78E0));
#8191=DIRECTION('',(0.E0,0.E0,1.E0));
#8192=DIRECTION('',(0.E0,1.E0,0.E0));
#8193=AXIS2_PLACEMENT_3D('',#8190,#8191,#8192);
#8194=PLANE('',#8193);
#8195=ORIENTED_EDGE('',*,*,#8024,.T.);
#8196=ORIENTED_EDGE('',*,*,#8098,.T.);
#8197=ORIENTED_EDGE('',*,*,#8112,.F.);
#8198=ORIENTED_EDGE('',*,*,#8184,.F.);
#8199=EDGE_LOOP('',(#8195,#8196,#8197,#8198));
#8200=FACE_OUTER_BOUND('',#8199,.F.);
#8202=CARTESIAN_POINT('',(-9.5E-1,-1.356E0,-7.28E0));
#8203=DIRECTION('',(0.E0,-1.E0,0.E0));
#8204=DIRECTION('',(0.E0,0.E0,1.E0));
#8205=AXIS2_PLACEMENT_3D('',#8202,#8203,#8204);
#8206=PLANE('',#8205);
#8207=ORIENTED_EDGE('',*,*,#4536,.T.);
#8208=ORIENTED_EDGE('',*,*,#8041,.T.);
#8210=ORIENTED_EDGE('',*,*,#8209,.T.);
#8211=ORIENTED_EDGE('',*,*,#8124,.F.);
#8212=EDGE_LOOP('',(#8207,#8208,#8210,#8211));
#8213=FACE_OUTER_BOUND('',#8212,.F.);
#8215=CARTESIAN_POINT('',(-9.5E-1,-1.356E0,-4.78E0));
#8216=DIRECTION('',(0.E0,0.E0,1.E0));
#8217=DIRECTION('',(0.E0,1.E0,0.E0));
#8218=AXIS2_PLACEMENT_3D('',#8215,#8216,#8217);
#8219=PLANE('',#8218);
#8220=ORIENTED_EDGE('',*,*,#8039,.T.);
#8222=ORIENTED_EDGE('',*,*,#8221,.T.);
#8223=ORIENTED_EDGE('',*,*,#8126,.F.);
#8224=ORIENTED_EDGE('',*,*,#8209,.F.);
#8225=EDGE_LOOP('',(#8220,#8222,#8223,#8224));
#8226=FACE_OUTER_BOUND('',#8225,.F.);
#8228=CARTESIAN_POINT('',(-9.5E-1,-1.056E0,-4.78E0));
#8229=DIRECTION('',(0.E0,1.E0,0.E0));
#8230=DIRECTION('',(0.E0,0.E0,-1.E0));
#8231=AXIS2_PLACEMENT_3D('',#8228,#8229,#8230);
#8232=PLANE('',#8231);
#8233=ORIENTED_EDGE('',*,*,#4540,.F.);
#8234=ORIENTED_EDGE('',*,*,#8128,.F.);
#8235=ORIENTED_EDGE('',*,*,#8221,.F.);
#8236=ORIENTED_EDGE('',*,*,#8037,.T.);
#8237=EDGE_LOOP('',(#8233,#8234,#8235,#8236));
#8238=FACE_OUTER_BOUND('',#8237,.F.);
#8240=CARTESIAN_POINT('',(-9.5E-1,-1.505722013476E0,-9.200123166788E0));
#8241=DIRECTION('',(-1.E0,0.E0,0.E0));
#8242=DIRECTION('',(0.E0,-1.E0,0.E0));
#8243=AXIS2_PLACEMENT_3D('',#8240,#8241,#8242);
#8244=CYLINDRICAL_SURFACE('',#8243,4.3E-1);
#8245=ORIENTED_EDGE('',*,*,#5121,.T.);
#8246=ORIENTED_EDGE('',*,*,#8064,.T.);
#8248=ORIENTED_EDGE('',*,*,#8247,.T.);
#8249=ORIENTED_EDGE('',*,*,#8140,.F.);
#8250=EDGE_LOOP('',(#8245,#8246,#8248,#8249));
#8251=FACE_OUTER_BOUND('',#8250,.F.);
#8253=CARTESIAN_POINT('',(-9.5E-1,-1.498217478708E0,-9.630057675705E0));
#8254=DIRECTION('',(0.E0,1.745240643728E-2,-9.998476951564E-1));
#8255=DIRECTION('',(0.E0,-9.998476951564E-1,-1.745240643728E-2));
#8256=AXIS2_PLACEMENT_3D('',#8253,#8254,#8255);
#8257=PLANE('',#8256);
#8258=ORIENTED_EDGE('',*,*,#8062,.T.);
#8260=ORIENTED_EDGE('',*,*,#8259,.T.);
#8261=ORIENTED_EDGE('',*,*,#8142,.F.);
#8262=ORIENTED_EDGE('',*,*,#8247,.F.);
#8263=EDGE_LOOP('',(#8258,#8260,#8261,#8262));
#8264=FACE_OUTER_BOUND('',#8263,.F.);
#8266=CARTESIAN_POINT('',(-9.5E-1,-5.803462374326E0,-9.705206004890E0));
#8267=DIRECTION('',(0.E0,-9.998476951564E-1,-1.745240643728E-2));
#8268=DIRECTION('',(0.E0,-1.745240643728E-2,9.998476951564E-1));
#8269=AXIS2_PLACEMENT_3D('',#8266,#8267,#8268);
#8270=PLANE('',#8269);
#8271=ORIENTED_EDGE('',*,*,#8060,.T.);
#8273=ORIENTED_EDGE('',*,*,#8272,.T.);
#8274=ORIENTED_EDGE('',*,*,#8144,.F.);
#8275=ORIENTED_EDGE('',*,*,#8259,.F.);
#8276=EDGE_LOOP('',(#8271,#8273,#8274,#8275));
#8277=FACE_OUTER_BOUND('',#8276,.F.);
#8279=CARTESIAN_POINT('',(-9.5E-1,-5.808E0,-9.445245604149E0));
#8280=DIRECTION('',(0.E0,-1.745240643728E-2,9.998476951564E-1));
#8281=DIRECTION('',(0.E0,9.998476951564E-1,1.745240643728E-2));
#8282=AXIS2_PLACEMENT_3D('',#8279,#8280,#8281);
#8283=PLANE('',#8282);
#8284=ORIENTED_EDGE('',*,*,#8058,.T.);
#8286=ORIENTED_EDGE('',*,*,#8285,.T.);
#8287=ORIENTED_EDGE('',*,*,#8146,.F.);
#8288=ORIENTED_EDGE('',*,*,#8272,.F.);
#8289=EDGE_LOOP('',(#8284,#8286,#8287,#8288));
#8290=FACE_OUTER_BOUND('',#8289,.F.);
#8292=CARTESIAN_POINT('',(-9.5E-1,-4.82E0,-9.428E0));
#8293=DIRECTION('',(0.E0,-1.E0,0.E0));
#8294=DIRECTION('',(0.E0,0.E0,1.E0));
#8295=AXIS2_PLACEMENT_3D('',#8292,#8293,#8294);
#8296=PLANE('',#8295);
#8297=ORIENTED_EDGE('',*,*,#8056,.T.);
#8299=ORIENTED_EDGE('',*,*,#8298,.T.);
#8300=ORIENTED_EDGE('',*,*,#8148,.F.);
#8301=ORIENTED_EDGE('',*,*,#8285,.F.);
#8302=EDGE_LOOP('',(#8297,#8299,#8300,#8301));
#8303=FACE_OUTER_BOUND('',#8302,.F.);
#8305=CARTESIAN_POINT('',(-9.5E-1,-4.82E0,-9.4E0));
#8306=DIRECTION('',(0.E0,0.E0,1.E0));
#8307=DIRECTION('',(0.E0,1.E0,0.E0));
#8308=AXIS2_PLACEMENT_3D('',#8305,#8306,#8307);
#8309=PLANE('',#8308);
#8310=ORIENTED_EDGE('',*,*,#5466,.T.);
#8311=ORIENTED_EDGE('',*,*,#8150,.F.);
#8312=ORIENTED_EDGE('',*,*,#8298,.F.);
#8313=ORIENTED_EDGE('',*,*,#8054,.T.);
#8314=EDGE_LOOP('',(#8310,#8311,#8312,#8313));
#8315=FACE_OUTER_BOUND('',#8314,.F.);
#8317=CARTESIAN_POINT('',(-9.5E-1,3.85E0,-9.413E0));
#8318=DIRECTION('',(0.E0,1.745240643728E-2,9.998476951564E-1));
#8319=DIRECTION('',(0.E0,9.998476951564E-1,-1.745240643728E-2));
#8320=AXIS2_PLACEMENT_3D('',#8317,#8318,#8319);
#8321=PLANE('',#8320);
#8322=ORIENTED_EDGE('',*,*,#5673,.T.);
#8323=ORIENTED_EDGE('',*,*,#8082,.T.);
#8325=ORIENTED_EDGE('',*,*,#8324,.T.);
#8326=ORIENTED_EDGE('',*,*,#8166,.F.);
#8327=EDGE_LOOP('',(#8322,#8323,#8325,#8326));
#8328=FACE_OUTER_BOUND('',#8327,.F.);
#8330=CARTESIAN_POINT('',(-9.5E-1,5.606E0,-9.443651094014E0));
#8331=DIRECTION('',(0.E0,9.998476951564E-1,-1.745240643728E-2));
#8332=DIRECTION('',(0.E0,-1.745240643728E-2,-9.998476951564E-1));
#8333=AXIS2_PLACEMENT_3D('',#8330,#8331,#8332);
#8334=PLANE('',#8333);
#8335=ORIENTED_EDGE('',*,*,#8080,.T.);
#8337=ORIENTED_EDGE('',*,*,#8336,.T.);
#8338=ORIENTED_EDGE('',*,*,#8168,.F.);
#8339=ORIENTED_EDGE('',*,*,#8324,.F.);
#8340=EDGE_LOOP('',(#8335,#8337,#8338,#8339));
#8341=FACE_OUTER_BOUND('',#8340,.F.);
#8343=CARTESIAN_POINT('',(-9.5E-1,5.601462374326E0,-9.703611494755E0));
#8344=DIRECTION('',(0.E0,-1.745240643728E-2,-9.998476951564E-1));
#8345=DIRECTION('',(0.E0,-9.998476951564E-1,1.745240643728E-2));
#8346=AXIS2_PLACEMENT_3D('',#8343,#8344,#8345);
#8347=PLANE('',#8346);
#8348=ORIENTED_EDGE('',*,*,#8078,.T.);
#8350=ORIENTED_EDGE('',*,*,#8349,.T.);
#8351=ORIENTED_EDGE('',*,*,#8170,.F.);
#8352=ORIENTED_EDGE('',*,*,#8336,.F.);
#8353=EDGE_LOOP('',(#8348,#8350,#8351,#8352));
#8354=FACE_OUTER_BOUND('',#8353,.F.);
#8356=CARTESIAN_POINT('',(-9.5E-1,3.083795931092E0,-9.229599962461E0));
#8357=DIRECTION('',(-1.E0,0.E0,0.E0));
#8358=DIRECTION('',(0.E0,-1.E0,0.E0));
#8359=AXIS2_PLACEMENT_3D('',#8356,#8357,#8358);
#8360=CYLINDRICAL_SURFACE('',#8359,4.3E-1);
#8361=ORIENTED_EDGE('',*,*,#5099,.F.);
#8362=ORIENTED_EDGE('',*,*,#8172,.F.);
#8363=ORIENTED_EDGE('',*,*,#8349,.F.);
#8364=ORIENTED_EDGE('',*,*,#8076,.T.);
#8365=EDGE_LOOP('',(#8361,#8362,#8363,#8364));
#8366=FACE_OUTER_BOUND('',#8365,.F.);
#8368=CARTESIAN_POINT('',(5.5E-1,0.E0,0.E0));
#8369=DIRECTION('',(-1.E0,0.E0,0.E0));
#8370=DIRECTION('',(0.E0,-1.E0,0.E0));
#8371=AXIS2_PLACEMENT_3D('',#8368,#8369,#8370);
#8372=PLANE('',#8371);
#8373=ORIENTED_EDGE('',*,*,#4544,.F.);
#8375=ORIENTED_EDGE('',*,*,#8374,.F.);
#8377=ORIENTED_EDGE('',*,*,#8376,.F.);
#8379=ORIENTED_EDGE('',*,*,#8378,.F.);
#8380=EDGE_LOOP('',(#8373,#8375,#8377,#8379));
#8381=FACE_OUTER_BOUND('',#8380,.F.);
#8383=CARTESIAN_POINT('',(5.5E-1,0.E0,0.E0));
#8384=DIRECTION('',(-1.E0,0.E0,0.E0));
#8385=DIRECTION('',(0.E0,-1.E0,0.E0));
#8386=AXIS2_PLACEMENT_3D('',#8383,#8384,#8385);
#8387=PLANE('',#8386);
#8388=ORIENTED_EDGE('',*,*,#4554,.F.);
#8390=ORIENTED_EDGE('',*,*,#8389,.F.);
#8392=ORIENTED_EDGE('',*,*,#8391,.F.);
#8394=ORIENTED_EDGE('',*,*,#8393,.F.);
#8395=EDGE_LOOP('',(#8388,#8390,#8392,#8394));
#8396=FACE_OUTER_BOUND('',#8395,.F.);
#8398=CARTESIAN_POINT('',(5.5E-1,0.E0,0.E0));
#8399=DIRECTION('',(-1.E0,0.E0,0.E0));
#8400=DIRECTION('',(0.E0,-1.E0,0.E0));
#8401=AXIS2_PLACEMENT_3D('',#8398,#8399,#8400);
#8402=PLANE('',#8401);
#8403=ORIENTED_EDGE('',*,*,#5014,.F.);
#8404=ORIENTED_EDGE('',*,*,#5576,.T.);
#8405=ORIENTED_EDGE('',*,*,#5460,.F.);
#8407=ORIENTED_EDGE('',*,*,#8406,.F.);
#8409=ORIENTED_EDGE('',*,*,#8408,.F.);
#8411=ORIENTED_EDGE('',*,*,#8410,.F.);
#8413=ORIENTED_EDGE('',*,*,#8412,.F.);
#8415=ORIENTED_EDGE('',*,*,#8414,.F.);
#8417=ORIENTED_EDGE('',*,*,#8416,.F.);
#8418=ORIENTED_EDGE('',*,*,#5126,.F.);
#8419=EDGE_LOOP('',(#8403,#8404,#8405,#8407,#8409,#8411,#8413,#8415,#8417,
#8418));
#8420=FACE_OUTER_BOUND('',#8419,.F.);
#8422=CARTESIAN_POINT('',(5.5E-1,0.E0,0.E0));
#8423=DIRECTION('',(-1.E0,0.E0,0.E0));
#8424=DIRECTION('',(0.E0,-1.E0,0.E0));
#8425=AXIS2_PLACEMENT_3D('',#8422,#8423,#8424);
#8426=PLANE('',#8425);
#8427=ORIENTED_EDGE('',*,*,#5093,.F.);
#8429=ORIENTED_EDGE('',*,*,#8428,.F.);
#8431=ORIENTED_EDGE('',*,*,#8430,.F.);
#8433=ORIENTED_EDGE('',*,*,#8432,.F.);
#8435=ORIENTED_EDGE('',*,*,#8434,.F.);
#8436=ORIENTED_EDGE('',*,*,#5678,.T.);
#8437=ORIENTED_EDGE('',*,*,#5560,.T.);
#8438=ORIENTED_EDGE('',*,*,#6285,.F.);
#8439=EDGE_LOOP('',(#8427,#8429,#8431,#8433,#8435,#8436,#8437,#8438));
#8440=FACE_OUTER_BOUND('',#8439,.F.);
#8442=CARTESIAN_POINT('',(5.5E-1,2.934E0,-4.78E0));
#8443=DIRECTION('',(0.E0,1.E0,0.E0));
#8444=DIRECTION('',(0.E0,0.E0,-1.E0));
#8445=AXIS2_PLACEMENT_3D('',#8442,#8443,#8444);
#8446=PLANE('',#8445);
#8447=ORIENTED_EDGE('',*,*,#4550,.F.);
#8449=ORIENTED_EDGE('',*,*,#8448,.F.);
#8451=ORIENTED_EDGE('',*,*,#8450,.F.);
#8452=ORIENTED_EDGE('',*,*,#8374,.T.);
#8453=EDGE_LOOP('',(#8447,#8449,#8451,#8452));
#8454=FACE_OUTER_BOUND('',#8453,.F.);
#8456=CARTESIAN_POINT('',(9.5E-1,0.E0,0.E0));
#8457=DIRECTION('',(-1.E0,0.E0,0.E0));
#8458=DIRECTION('',(0.E0,-1.E0,0.E0));
#8459=AXIS2_PLACEMENT_3D('',#8456,#8457,#8458);
#8460=PLANE('',#8459);
#8461=ORIENTED_EDGE('',*,*,#4548,.T.);
#8463=ORIENTED_EDGE('',*,*,#8462,.T.);
#8465=ORIENTED_EDGE('',*,*,#8464,.T.);
#8466=ORIENTED_EDGE('',*,*,#8448,.T.);
#8467=EDGE_LOOP('',(#8461,#8463,#8465,#8466));
#8468=FACE_OUTER_BOUND('',#8467,.F.);
#8470=CARTESIAN_POINT('',(9.5E-1,0.E0,0.E0));
#8471=DIRECTION('',(-1.E0,0.E0,0.E0));
#8472=DIRECTION('',(0.E0,-1.E0,0.E0));
#8473=AXIS2_PLACEMENT_3D('',#8470,#8471,#8472);
#8474=PLANE('',#8473);
#8475=ORIENTED_EDGE('',*,*,#4558,.T.);
#8477=ORIENTED_EDGE('',*,*,#8476,.T.);
#8479=ORIENTED_EDGE('',*,*,#8478,.T.);
#8481=ORIENTED_EDGE('',*,*,#8480,.T.);
#8482=EDGE_LOOP('',(#8475,#8477,#8479,#8481));
#8483=FACE_OUTER_BOUND('',#8482,.F.);
#8485=CARTESIAN_POINT('',(9.5E-1,0.E0,0.E0));
#8486=DIRECTION('',(-1.E0,0.E0,0.E0));
#8487=DIRECTION('',(0.E0,-1.E0,0.E0));
#8488=AXIS2_PLACEMENT_3D('',#8485,#8486,#8487);
#8489=PLANE('',#8488);
#8490=ORIENTED_EDGE('',*,*,#5034,.T.);
#8491=ORIENTED_EDGE('',*,*,#5130,.T.);
#8493=ORIENTED_EDGE('',*,*,#8492,.T.);
#8495=ORIENTED_EDGE('',*,*,#8494,.T.);
#8497=ORIENTED_EDGE('',*,*,#8496,.T.);
#8499=ORIENTED_EDGE('',*,*,#8498,.T.);
#8501=ORIENTED_EDGE('',*,*,#8500,.T.);
#8503=ORIENTED_EDGE('',*,*,#8502,.T.);
#8504=ORIENTED_EDGE('',*,*,#5456,.T.);
#8505=ORIENTED_EDGE('',*,*,#5607,.F.);
#8506=EDGE_LOOP('',(#8490,#8491,#8493,#8495,#8497,#8499,#8501,#8503,#8504,
#8505));
#8507=FACE_OUTER_BOUND('',#8506,.F.);
#8509=CARTESIAN_POINT('',(9.5E-1,0.E0,0.E0));
#8510=DIRECTION('',(-1.E0,0.E0,0.E0));
#8511=DIRECTION('',(0.E0,-1.E0,0.E0));
#8512=AXIS2_PLACEMENT_3D('',#8509,#8510,#8511);
#8513=PLANE('',#8512);
#8514=ORIENTED_EDGE('',*,*,#5089,.T.);
#8515=ORIENTED_EDGE('',*,*,#6301,.F.);
#8516=ORIENTED_EDGE('',*,*,#5593,.F.);
#8517=ORIENTED_EDGE('',*,*,#5682,.F.);
#8519=ORIENTED_EDGE('',*,*,#8518,.T.);
#8521=ORIENTED_EDGE('',*,*,#8520,.T.);
#8523=ORIENTED_EDGE('',*,*,#8522,.T.);
#8525=ORIENTED_EDGE('',*,*,#8524,.T.);
#8526=EDGE_LOOP('',(#8514,#8515,#8516,#8517,#8519,#8521,#8523,#8525));
#8527=FACE_OUTER_BOUND('',#8526,.F.);
#8529=CARTESIAN_POINT('',(5.5E-1,2.634E0,-7.28E0));
#8530=DIRECTION('',(0.E0,-1.E0,0.E0));
#8531=DIRECTION('',(0.E0,0.E0,1.E0));
#8532=AXIS2_PLACEMENT_3D('',#8529,#8530,#8531);
#8533=PLANE('',#8532);
#8534=ORIENTED_EDGE('',*,*,#4546,.T.);
#8535=ORIENTED_EDGE('',*,*,#8378,.T.);
#8537=ORIENTED_EDGE('',*,*,#8536,.T.);
#8538=ORIENTED_EDGE('',*,*,#8462,.F.);
#8539=EDGE_LOOP('',(#8534,#8535,#8537,#8538));
#8540=FACE_OUTER_BOUND('',#8539,.F.);
#8542=CARTESIAN_POINT('',(5.5E-1,2.634E0,-4.78E0));
#8543=DIRECTION('',(0.E0,0.E0,1.E0));
#8544=DIRECTION('',(0.E0,1.E0,0.E0));
#8545=AXIS2_PLACEMENT_3D('',#8542,#8543,#8544);
#8546=PLANE('',#8545);
#8547=ORIENTED_EDGE('',*,*,#8376,.T.);
#8548=ORIENTED_EDGE('',*,*,#8450,.T.);
#8549=ORIENTED_EDGE('',*,*,#8464,.F.);
#8550=ORIENTED_EDGE('',*,*,#8536,.F.);
#8551=EDGE_LOOP('',(#8547,#8548,#8549,#8550));
#8552=FACE_OUTER_BOUND('',#8551,.F.);
#8554=CARTESIAN_POINT('',(5.5E-1,-1.356E0,-7.28E0));
#8555=DIRECTION('',(0.E0,-1.E0,0.E0));
#8556=DIRECTION('',(0.E0,0.E0,1.E0));
#8557=AXIS2_PLACEMENT_3D('',#8554,#8555,#8556);
#8558=PLANE('',#8557);
#8559=ORIENTED_EDGE('',*,*,#4556,.T.);
#8560=ORIENTED_EDGE('',*,*,#8393,.T.);
#8562=ORIENTED_EDGE('',*,*,#8561,.T.);
#8563=ORIENTED_EDGE('',*,*,#8476,.F.);
#8564=EDGE_LOOP('',(#8559,#8560,#8562,#8563));
#8565=FACE_OUTER_BOUND('',#8564,.F.);
#8567=CARTESIAN_POINT('',(5.5E-1,-1.356E0,-4.78E0));
#8568=DIRECTION('',(0.E0,0.E0,1.E0));
#8569=DIRECTION('',(0.E0,1.E0,0.E0));
#8570=AXIS2_PLACEMENT_3D('',#8567,#8568,#8569);
#8571=PLANE('',#8570);
#8572=ORIENTED_EDGE('',*,*,#8391,.T.);
#8574=ORIENTED_EDGE('',*,*,#8573,.T.);
#8575=ORIENTED_EDGE('',*,*,#8478,.F.);
#8576=ORIENTED_EDGE('',*,*,#8561,.F.);
#8577=EDGE_LOOP('',(#8572,#8574,#8575,#8576));
#8578=FACE_OUTER_BOUND('',#8577,.F.);
#8580=CARTESIAN_POINT('',(5.5E-1,-1.056E0,-4.78E0));
#8581=DIRECTION('',(0.E0,1.E0,0.E0));
#8582=DIRECTION('',(0.E0,0.E0,-1.E0));
#8583=AXIS2_PLACEMENT_3D('',#8580,#8581,#8582);
#8584=PLANE('',#8583);
#8585=ORIENTED_EDGE('',*,*,#4560,.F.);
#8586=ORIENTED_EDGE('',*,*,#8480,.F.);
#8587=ORIENTED_EDGE('',*,*,#8573,.F.);
#8588=ORIENTED_EDGE('',*,*,#8389,.T.);
#8589=EDGE_LOOP('',(#8585,#8586,#8587,#8588));
#8590=FACE_OUTER_BOUND('',#8589,.F.);
#8592=CARTESIAN_POINT('',(5.5E-1,-1.505722013476E0,-9.200123166788E0));
#8593=DIRECTION('',(-1.E0,0.E0,0.E0));
#8594=DIRECTION('',(0.E0,-1.E0,0.E0));
#8595=AXIS2_PLACEMENT_3D('',#8592,#8593,#8594);
#8596=CYLINDRICAL_SURFACE('',#8595,4.3E-1);
#8597=ORIENTED_EDGE('',*,*,#5128,.T.);
#8598=ORIENTED_EDGE('',*,*,#8416,.T.);
#8600=ORIENTED_EDGE('',*,*,#8599,.T.);
#8601=ORIENTED_EDGE('',*,*,#8492,.F.);
#8602=EDGE_LOOP('',(#8597,#8598,#8600,#8601));
#8603=FACE_OUTER_BOUND('',#8602,.F.);
#8605=CARTESIAN_POINT('',(5.5E-1,-1.498217478708E0,-9.630057675705E0));
#8606=DIRECTION('',(0.E0,1.745240643728E-2,-9.998476951564E-1));
#8607=DIRECTION('',(0.E0,-9.998476951564E-1,-1.745240643728E-2));
#8608=AXIS2_PLACEMENT_3D('',#8605,#8606,#8607);
#8609=PLANE('',#8608);
#8610=ORIENTED_EDGE('',*,*,#8414,.T.);
#8612=ORIENTED_EDGE('',*,*,#8611,.T.);
#8613=ORIENTED_EDGE('',*,*,#8494,.F.);
#8614=ORIENTED_EDGE('',*,*,#8599,.F.);
#8615=EDGE_LOOP('',(#8610,#8612,#8613,#8614));
#8616=FACE_OUTER_BOUND('',#8615,.F.);
#8618=CARTESIAN_POINT('',(5.5E-1,-5.803462374326E0,-9.705206004890E0));
#8619=DIRECTION('',(0.E0,-9.998476951564E-1,-1.745240643728E-2));
#8620=DIRECTION('',(0.E0,-1.745240643728E-2,9.998476951564E-1));
#8621=AXIS2_PLACEMENT_3D('',#8618,#8619,#8620);
#8622=PLANE('',#8621);
#8623=ORIENTED_EDGE('',*,*,#8412,.T.);
#8625=ORIENTED_EDGE('',*,*,#8624,.T.);
#8626=ORIENTED_EDGE('',*,*,#8496,.F.);
#8627=ORIENTED_EDGE('',*,*,#8611,.F.);
#8628=EDGE_LOOP('',(#8623,#8625,#8626,#8627));
#8629=FACE_OUTER_BOUND('',#8628,.F.);
#8631=CARTESIAN_POINT('',(5.5E-1,-5.808E0,-9.445245604149E0));
#8632=DIRECTION('',(0.E0,-1.745240643728E-2,9.998476951564E-1));
#8633=DIRECTION('',(0.E0,9.998476951564E-1,1.745240643728E-2));
#8634=AXIS2_PLACEMENT_3D('',#8631,#8632,#8633);
#8635=PLANE('',#8634);
#8636=ORIENTED_EDGE('',*,*,#8410,.T.);
#8638=ORIENTED_EDGE('',*,*,#8637,.T.);
#8639=ORIENTED_EDGE('',*,*,#8498,.F.);
#8640=ORIENTED_EDGE('',*,*,#8624,.F.);
#8641=EDGE_LOOP('',(#8636,#8638,#8639,#8640));
#8642=FACE_OUTER_BOUND('',#8641,.F.);
#8644=CARTESIAN_POINT('',(5.5E-1,-4.82E0,-9.428E0));
#8645=DIRECTION('',(0.E0,-1.E0,0.E0));
#8646=DIRECTION('',(0.E0,0.E0,1.E0));
#8647=AXIS2_PLACEMENT_3D('',#8644,#8645,#8646);
#8648=PLANE('',#8647);
#8649=ORIENTED_EDGE('',*,*,#8408,.T.);
#8651=ORIENTED_EDGE('',*,*,#8650,.T.);
#8652=ORIENTED_EDGE('',*,*,#8500,.F.);
#8653=ORIENTED_EDGE('',*,*,#8637,.F.);
#8654=EDGE_LOOP('',(#8649,#8651,#8652,#8653));
#8655=FACE_OUTER_BOUND('',#8654,.F.);
#8657=CARTESIAN_POINT('',(5.5E-1,-4.82E0,-9.4E0));
#8658=DIRECTION('',(0.E0,0.E0,1.E0));
#8659=DIRECTION('',(0.E0,1.E0,0.E0));
#8660=AXIS2_PLACEMENT_3D('',#8657,#8658,#8659);
#8661=PLANE('',#8660);
#8662=ORIENTED_EDGE('',*,*,#5458,.T.);
#8663=ORIENTED_EDGE('',*,*,#8502,.F.);
#8664=ORIENTED_EDGE('',*,*,#8650,.F.);
#8665=ORIENTED_EDGE('',*,*,#8406,.T.);
#8666=EDGE_LOOP('',(#8662,#8663,#8664,#8665));
#8667=FACE_OUTER_BOUND('',#8666,.F.);
#8669=CARTESIAN_POINT('',(5.5E-1,3.85E0,-9.413E0));
#8670=DIRECTION('',(0.E0,1.745240643728E-2,9.998476951564E-1));
#8671=DIRECTION('',(0.E0,9.998476951564E-1,-1.745240643728E-2));
#8672=AXIS2_PLACEMENT_3D('',#8669,#8670,#8671);
#8673=PLANE('',#8672);
#8674=ORIENTED_EDGE('',*,*,#5680,.T.);
#8675=ORIENTED_EDGE('',*,*,#8434,.T.);
#8677=ORIENTED_EDGE('',*,*,#8676,.T.);
#8678=ORIENTED_EDGE('',*,*,#8518,.F.);
#8679=EDGE_LOOP('',(#8674,#8675,#8677,#8678));
#8680=FACE_OUTER_BOUND('',#8679,.F.);
#8682=CARTESIAN_POINT('',(5.5E-1,5.606E0,-9.443651094014E0));
#8683=DIRECTION('',(0.E0,9.998476951564E-1,-1.745240643728E-2));
#8684=DIRECTION('',(0.E0,-1.745240643728E-2,-9.998476951564E-1));
#8685=AXIS2_PLACEMENT_3D('',#8682,#8683,#8684);
#8686=PLANE('',#8685);
#8687=ORIENTED_EDGE('',*,*,#8432,.T.);
#8689=ORIENTED_EDGE('',*,*,#8688,.T.);
#8690=ORIENTED_EDGE('',*,*,#8520,.F.);
#8691=ORIENTED_EDGE('',*,*,#8676,.F.);
#8692=EDGE_LOOP('',(#8687,#8689,#8690,#8691));
#8693=FACE_OUTER_BOUND('',#8692,.F.);
#8695=CARTESIAN_POINT('',(5.5E-1,5.601462374326E0,-9.703611494755E0));
#8696=DIRECTION('',(0.E0,-1.745240643728E-2,-9.998476951564E-1));
#8697=DIRECTION('',(0.E0,-9.998476951564E-1,1.745240643728E-2));
#8698=AXIS2_PLACEMENT_3D('',#8695,#8696,#8697);
#8699=PLANE('',#8698);
#8700=ORIENTED_EDGE('',*,*,#8430,.T.);
#8702=ORIENTED_EDGE('',*,*,#8701,.T.);
#8703=ORIENTED_EDGE('',*,*,#8522,.F.);
#8704=ORIENTED_EDGE('',*,*,#8688,.F.);
#8705=EDGE_LOOP('',(#8700,#8702,#8703,#8704));
#8706=FACE_OUTER_BOUND('',#8705,.F.);
#8708=CARTESIAN_POINT('',(5.5E-1,3.083795931092E0,-9.229599962461E0));
#8709=DIRECTION('',(-1.E0,0.E0,0.E0));
#8710=DIRECTION('',(0.E0,-1.E0,0.E0));
#8711=AXIS2_PLACEMENT_3D('',#8708,#8709,#8710);
#8712=CYLINDRICAL_SURFACE('',#8711,4.3E-1);
#8713=ORIENTED_EDGE('',*,*,#5091,.F.);
#8714=ORIENTED_EDGE('',*,*,#8524,.F.);
#8715=ORIENTED_EDGE('',*,*,#8701,.F.);
#8716=ORIENTED_EDGE('',*,*,#8428,.T.);
#8717=EDGE_LOOP('',(#8713,#8714,#8715,#8716));
#8718=FACE_OUTER_BOUND('',#8717,.F.);
#8720=CARTESIAN_POINT('',(4.270485274491E0,1.749492E1,-9.4E0));
#8721=DIRECTION('',(0.E0,-1.E0,0.E0));
#8722=DIRECTION('',(0.E0,0.E0,-1.E0));
#8723=AXIS2_PLACEMENT_3D('',#8720,#8721,#8722);
#8724=CYLINDRICAL_SURFACE('',#8723,2.E-1);
#8725=ORIENTED_EDGE('',*,*,#6316,.T.);
#8726=ORIENTED_EDGE('',*,*,#6193,.F.);
#8727=ORIENTED_EDGE('',*,*,#5828,.T.);
#8728=ORIENTED_EDGE('',*,*,#5892,.T.);
#8729=EDGE_LOOP('',(#8725,#8726,#8727,#8728));
#8730=FACE_OUTER_BOUND('',#8729,.F.);
#8732=CARTESIAN_POINT('',(-4.270485274491E0,-1.749492E1,-9.4E0));
#8733=DIRECTION('',(0.E0,1.E0,0.E0));
#8734=DIRECTION('',(0.E0,0.E0,-1.E0));
#8735=AXIS2_PLACEMENT_3D('',#8732,#8733,#8734);
#8736=CYLINDRICAL_SURFACE('',#8735,2.E-1);
#8737=ORIENTED_EDGE('',*,*,#4983,.T.);
#8738=ORIENTED_EDGE('',*,*,#6056,.F.);
#8739=ORIENTED_EDGE('',*,*,#5974,.T.);
#8740=ORIENTED_EDGE('',*,*,#5851,.T.);
#8741=EDGE_LOOP('',(#8737,#8738,#8739,#8740));
#8742=FACE_OUTER_BOUND('',#8741,.F.);
#8744=CARTESIAN_POINT('',(-2.45E0,3.85E0,-9.413E0));
#8745=DIRECTION('',(0.E0,1.745240643728E-2,9.998476951564E-1));
#8746=DIRECTION('',(0.E0,9.998476951564E-1,-1.745240643728E-2));
#8747=AXIS2_PLACEMENT_3D('',#8744,#8745,#8746);
#8748=PLANE('',#8747);
#8749=ORIENTED_EDGE('',*,*,#4802,.T.);
#8751=ORIENTED_EDGE('',*,*,#8750,.T.);
#8752=ORIENTED_EDGE('',*,*,#4897,.F.);
#8753=ORIENTED_EDGE('',*,*,#5667,.T.);
#8754=EDGE_LOOP('',(#8749,#8751,#8752,#8753));
#8755=FACE_OUTER_BOUND('',#8754,.F.);
#8757=CARTESIAN_POINT('',(-2.45E0,5.606E0,-9.443651094014E0));
#8758=DIRECTION('',(0.E0,9.998476951564E-1,-1.745240643728E-2));
#8759=DIRECTION('',(0.E0,-1.745240643728E-2,-9.998476951564E-1));
#8760=AXIS2_PLACEMENT_3D('',#8757,#8758,#8759);
#8761=PLANE('',#8760);
#8762=ORIENTED_EDGE('',*,*,#4800,.T.);
#8764=ORIENTED_EDGE('',*,*,#8763,.T.);
#8765=ORIENTED_EDGE('',*,*,#4899,.F.);
#8766=ORIENTED_EDGE('',*,*,#8750,.F.);
#8767=EDGE_LOOP('',(#8762,#8764,#8765,#8766));
#8768=FACE_OUTER_BOUND('',#8767,.F.);
#8770=CARTESIAN_POINT('',(-2.45E0,5.601462374326E0,-9.703611494755E0));
#8771=DIRECTION('',(0.E0,-1.745240643728E-2,-9.998476951564E-1));
#8772=DIRECTION('',(0.E0,-9.998476951564E-1,1.745240643728E-2));
#8773=AXIS2_PLACEMENT_3D('',#8770,#8771,#8772);
#8774=PLANE('',#8773);
#8775=ORIENTED_EDGE('',*,*,#4798,.T.);
#8777=ORIENTED_EDGE('',*,*,#8776,.T.);
#8778=ORIENTED_EDGE('',*,*,#4901,.F.);
#8779=ORIENTED_EDGE('',*,*,#8763,.F.);
#8780=EDGE_LOOP('',(#8775,#8777,#8778,#8779));
#8781=FACE_OUTER_BOUND('',#8780,.F.);
#8783=CARTESIAN_POINT('',(-2.45E0,3.083795931092E0,-9.229599962461E0));
#8784=DIRECTION('',(-1.E0,0.E0,0.E0));
#8785=DIRECTION('',(0.E0,-1.E0,0.E0));
#8786=AXIS2_PLACEMENT_3D('',#8783,#8784,#8785);
#8787=CYLINDRICAL_SURFACE('',#8786,4.3E-1);
#8788=ORIENTED_EDGE('',*,*,#5106,.F.);
#8789=ORIENTED_EDGE('',*,*,#4903,.F.);
#8790=ORIENTED_EDGE('',*,*,#8776,.F.);
#8791=ORIENTED_EDGE('',*,*,#4796,.T.);
#8792=EDGE_LOOP('',(#8788,#8789,#8790,#8791));
#8793=FACE_OUTER_BOUND('',#8792,.F.);
#8795=CARTESIAN_POINT('',(-2.45E0,-4.82E0,-9.4E0));
#8796=DIRECTION('',(0.E0,0.E0,1.E0));
#8797=DIRECTION('',(0.E0,1.E0,0.E0));
#8798=AXIS2_PLACEMENT_3D('',#8795,#8796,#8797);
#8799=PLANE('',#8798);
#8800=ORIENTED_EDGE('',*,*,#5473,.T.);
#8801=ORIENTED_EDGE('',*,*,#4875,.F.);
#8803=ORIENTED_EDGE('',*,*,#8802,.F.);
#8804=ORIENTED_EDGE('',*,*,#4772,.T.);
#8805=EDGE_LOOP('',(#8800,#8801,#8803,#8804));
#8806=FACE_OUTER_BOUND('',#8805,.F.);
#8808=CARTESIAN_POINT('',(-2.45E0,-4.82E0,-9.428E0));
#8809=DIRECTION('',(0.E0,-1.E0,0.E0));
#8810=DIRECTION('',(0.E0,0.E0,1.E0));
#8811=AXIS2_PLACEMENT_3D('',#8808,#8809,#8810);
#8812=PLANE('',#8811);
#8813=ORIENTED_EDGE('',*,*,#4774,.T.);
#8814=ORIENTED_EDGE('',*,*,#8802,.T.);
#8815=ORIENTED_EDGE('',*,*,#4873,.F.);
#8817=ORIENTED_EDGE('',*,*,#8816,.F.);
#8818=EDGE_LOOP('',(#8813,#8814,#8815,#8817));
#8819=FACE_OUTER_BOUND('',#8818,.F.);
#8821=CARTESIAN_POINT('',(-2.45E0,-5.808E0,-9.445245604149E0));
#8822=DIRECTION('',(0.E0,-1.745240643728E-2,9.998476951564E-1));
#8823=DIRECTION('',(0.E0,9.998476951564E-1,1.745240643728E-2));
#8824=AXIS2_PLACEMENT_3D('',#8821,#8822,#8823);
#8825=PLANE('',#8824);
#8826=ORIENTED_EDGE('',*,*,#4776,.T.);
#8827=ORIENTED_EDGE('',*,*,#8816,.T.);
#8828=ORIENTED_EDGE('',*,*,#4871,.F.);
#8830=ORIENTED_EDGE('',*,*,#8829,.F.);
#8831=EDGE_LOOP('',(#8826,#8827,#8828,#8830));
#8832=FACE_OUTER_BOUND('',#8831,.F.);
#8834=CARTESIAN_POINT('',(-2.45E0,-5.803462374326E0,-9.705206004890E0));
#8835=DIRECTION('',(0.E0,-9.998476951564E-1,-1.745240643728E-2));
#8836=DIRECTION('',(0.E0,-1.745240643728E-2,9.998476951564E-1));
#8837=AXIS2_PLACEMENT_3D('',#8834,#8835,#8836);
#8838=PLANE('',#8837);
#8839=ORIENTED_EDGE('',*,*,#4778,.T.);
#8840=ORIENTED_EDGE('',*,*,#8829,.T.);
#8841=ORIENTED_EDGE('',*,*,#4869,.F.);
#8843=ORIENTED_EDGE('',*,*,#8842,.F.);
#8844=EDGE_LOOP('',(#8839,#8840,#8841,#8843));
#8845=FACE_OUTER_BOUND('',#8844,.F.);
#8847=CARTESIAN_POINT('',(-2.45E0,-1.498217478708E0,-9.630057675705E0));
#8848=DIRECTION('',(0.E0,1.745240643728E-2,-9.998476951564E-1));
#8849=DIRECTION('',(0.E0,-9.998476951564E-1,-1.745240643728E-2));
#8850=AXIS2_PLACEMENT_3D('',#8847,#8848,#8849);
#8851=PLANE('',#8850);
#8852=ORIENTED_EDGE('',*,*,#4780,.T.);
#8853=ORIENTED_EDGE('',*,*,#8842,.T.);
#8854=ORIENTED_EDGE('',*,*,#4867,.F.);
#8856=ORIENTED_EDGE('',*,*,#8855,.F.);
#8857=EDGE_LOOP('',(#8852,#8853,#8854,#8856));
#8858=FACE_OUTER_BOUND('',#8857,.F.);
#8860=CARTESIAN_POINT('',(-2.45E0,-1.505722013476E0,-9.200123166788E0));
#8861=DIRECTION('',(-1.E0,0.E0,0.E0));
#8862=DIRECTION('',(0.E0,-1.E0,0.E0));
#8863=AXIS2_PLACEMENT_3D('',#8860,#8861,#8862);
#8864=CYLINDRICAL_SURFACE('',#8863,4.3E-1);
#8865=ORIENTED_EDGE('',*,*,#5115,.T.);
#8866=ORIENTED_EDGE('',*,*,#4782,.T.);
#8867=ORIENTED_EDGE('',*,*,#8855,.T.);
#8868=ORIENTED_EDGE('',*,*,#4865,.F.);
#8869=EDGE_LOOP('',(#8865,#8866,#8867,#8868));
#8870=FACE_OUTER_BOUND('',#8869,.F.);
#8876=PLANE_ANGLE_MEASURE_WITH_UNIT(PLANE_ANGLE_MEASURE(1.745329251994E-2),
#8875);
#8877=(CONVERSION_BASED_UNIT('DEGREE',#8876)NAMED_UNIT(*)PLANE_ANGLE_UNIT());
#8879=UNCERTAINTY_MEASURE_WITH_UNIT(LENGTH_MEASURE(1.E-3),#8874,
'distance_accuracy_value',
'Maximum model space distance between geometric entities at asserted connectivities');
#8882=APPLICATION_CONTEXT('automotive_design');
#8883=APPLICATION_PROTOCOL_DEFINITION('international standard',
'automotive_design',2001,#8882);
#8884=PRODUCT_DEFINITION_CONTEXT('part definition',#8882,'design');
#8885=PRODUCT_CONTEXT('',#8882,'mechanical');
#8886=PRODUCT('C-2427710-4','C-2427710-4','NOT SPECIFIED',(#8885));
#8887=PRODUCT_DEFINITION_FORMATION('10','LAST_VERSION',#8886);
#8895=DERIVED_UNIT_ELEMENT(#8894,2.E0);
#8896=DERIVED_UNIT((#8895));
#8897=MEASURE_REPRESENTATION_ITEM('surface area measure',AREA_MEASURE(
8.454913357197E2),#8896);
#8902=DERIVED_UNIT_ELEMENT(#8901,3.E0);
#8903=DERIVED_UNIT((#8902));
#8904=MEASURE_REPRESENTATION_ITEM('volume measure',VOLUME_MEASURE(
3.941744514225E2),#8903);
#8908=CARTESIAN_POINT('centre point',(1.843568082326E-2,-1.767747123124E-1,
-6.193118375099E0));
#8913=DERIVED_UNIT_ELEMENT(#8912,2.E0);
#8914=DERIVED_UNIT((#8913));
#8915=MEASURE_REPRESENTATION_ITEM('surface area measure',AREA_MEASURE(
8.454913357197E2),#8914);
#8920=DERIVED_UNIT_ELEMENT(#8919,3.E0);
#8921=DERIVED_UNIT((#8920));
#8922=MEASURE_REPRESENTATION_ITEM('volume measure',VOLUME_MEASURE(
3.941744514225E2),#8921);
#8926=CARTESIAN_POINT('centre point',(1.843568082326E-2,-1.767747123124E-1,
-6.193118375099E0));
#8931=PRODUCT_RELATED_PRODUCT_CATEGORY('part','',(#8886));
#1=DRAUGHTING_PRE_DEFINED_COLOUR('black');
#2=COLOUR_RGB('',0.E0,0.E0,3.6E-1);
#3=COLOUR_RGB('',0.E0,0.E0,4.8E-1);
#4=DRAUGHTING_PRE_DEFINED_COLOUR('blue');
#5=COLOUR_RGB('',0.E0,5.8824E-2,4.58824E-1);
#6=COLOUR_RGB('',0.E0,1.80392E-1,4.78431E-1);
#7=COLOUR_RGB('',0.E0,3.6E-1,9.E-2);
#8=COLOUR_RGB('',0.E0,3.6E-1,2.7E-1);
#9=COLOUR_RGB('',0.E0,5.6E-1,6.4E-1);
#10=COLOUR_RGB('',0.E0,5.8E-1,8.E-1);
#11=COLOUR_RGB('',0.E0,7.1E-1,6.6E-1);
#12=COLOUR_RGB('',0.E0,7.13E-1,0.E0);
#13=COLOUR_RGB('',0.E0,9.5E-1,8.4E-1);
#14=DRAUGHTING_PRE_DEFINED_COLOUR('green');
#15=DRAUGHTING_PRE_DEFINED_COLOUR('cyan');
#16=COLOUR_RGB('',1.1765E-2,1.9608E-2,3.9216E-2);
#17=COLOUR_RGB('',4.E-2,0.E0,1.6E-1);
#18=COLOUR_RGB('',3.9216E-2,2.19608E-1,1.21569E-1);
#19=COLOUR_RGB('',3.9216E-2,3.60784E-1,2.E-1);
#20=COLOUR_RGB('',5.098E-2,7.0588E-2,1.01961E-1);
#21=COLOUR_RGB('',9.E-2,0.E0,1.2E-1);
#22=COLOUR_RGB('',9.0196E-2,1.60784E-1,1.09804E-1);
#23=COLOUR_RGB('',9.0196E-2,3.80392E-1,6.70588E-1);
#24=COLOUR_RGB('',1.E-1,0.E0,2.5E-1);
#25=COLOUR_RGB('',1.01961E-1,4.78431E-1,3.88235E-1);
#26=COLOUR_RGB('',1.09804E-1,1.4902E-1,9.0196E-2);
#27=COLOUR_RGB('',1.4902E-1,3.09804E-1,5.29412E-1);
#28=COLOUR_RGB('',1.4902E-1,4.E-1,1.60784E-1);
#29=COLOUR_RGB('',1.6E-1,3.2E-2,0.E0);
#30=COLOUR_RGB('',1.60784E-1,4.5098E-1,7.21569E-1);
#31=COLOUR_RGB('',1.6E-1,4.6E-1,6.5E-1);
#32=COLOUR_RGB('',1.6E-1,1.E0,1.6E-1);
#33=COLOUR_RGB('',2.E-1,3.2E-2,0.E0);
#34=COLOUR_RGB('',2.11765E-1,4.11765E-1,1.4902E-1);
#35=COLOUR_RGB('',2.39216E-1,2.39216E-1,2.31373E-1);
#36=COLOUR_RGB('',2.39216E-1,2.70588E-1,1.80392E-1);
#37=COLOUR_RGB('',2.5098E-1,2.90196E-1,3.29412E-1);
#38=COLOUR_RGB('',2.90196E-1,4.31373E-1,2.E-1);
#39=COLOUR_RGB('',3.1E-1,3.1E-1,5.6E-1);
#40=COLOUR_RGB('',3.09804E-1,6.58824E-1,2.E-1);
#41=COLOUR_RGB('',3.2E-1,1.5E-1,0.E0);
#42=COLOUR_RGB('',3.60784E-1,3.1373E-2,1.68627E-1);
#43=COLOUR_RGB('',3.68627E-1,2.E-1,1.21569E-1);
#44=COLOUR_RGB('',3.88235E-1,2.39216E-1,6.11765E-1);
#45=COLOUR_RGB('',4.E-1,4.E-1,4.E-1);
#46=COLOUR_RGB('',4.11765E-1,5.8824E-2,7.8431E-2);
#47=COLOUR_RGB('',4.11765E-1,3.29412E-1,2.19608E-1);
#48=COLOUR_RGB('',4.2E-1,4.2E-1,1.E0);
#49=COLOUR_RGB('',4.4E-1,8.5E-1,1.E0);
#50=COLOUR_RGB('',4.58824E-1,4.5098E-1,3.09804E-1);
#51=COLOUR_RGB('',4.70588E-1,5.09804E-1,5.4902E-1);
#52=COLOUR_RGB('',4.78431E-1,4.90196E-1,4.58824E-1);
#53=COLOUR_RGB('',4.90196E-1,3.60784E-1,2.19608E-1);
#54=COLOUR_RGB('',4.9E-1,4.9E-1,0.E0);
#55=COLOUR_RGB('',4.9E-1,1.E0,0.E0);
#56=COLOUR_RGB('',5.E-1,0.E0,0.E0);
#57=COLOUR_RGB('',5.E-1,0.E0,2.3E-1);
#58=COLOUR_RGB('',5.E-1,5.E-1,5.E-1);
#59=COLOUR_RGB('',5.21569E-1,2.19608E-1,1.68627E-1);
#60=COLOUR_RGB('',5.3E-1,0.E0,0.E0);
#61=COLOUR_RGB('',5.29412E-1,5.80392E-1,6.5098E-1);
#62=COLOUR_RGB('',5.4E-1,0.E0,4.4E-1);
#63=COLOUR_RGB('',5.5E-1,3.E-1,0.E0);
#64=COLOUR_RGB('',5.6E-1,1.E-1,5.E-2);
#65=COLOUR_RGB('',5.60784E-1,5.80392E-1,6.19608E-1);
#66=COLOUR_RGB('',5.68627E-1,5.8824E-2,4.E-1);
#67=COLOUR_RGB('',5.8E-1,2.2E-1,1.E-2);
#68=COLOUR_RGB('',5.88235E-1,1.21569E-1,1.09804E-1);
#69=COLOUR_RGB('',6.E-1,6.E-1,6.E-1);
#70=COLOUR_RGB('',6.11765E-1,5.60784E-1,3.80392E-1);
#71=COLOUR_RGB('',6.11765E-1,6.11765E-1,6.5098E-1);
#72=COLOUR_RGB('',6.2E-1,0.E0,5.5E-1);
#73=COLOUR_RGB('',6.19608E-1,6.39216E-1,6.90196E-1);
#74=COLOUR_RGB('',6.35294E-1,6.86275E-1,7.4902E-1);
#75=COLOUR_RGB('',6.4E-1,0.E0,2.5E-1);
#76=COLOUR_RGB('',6.4E-1,1.E-2,0.E0);
#77=COLOUR_RGB('',6.39216E-1,5.4902E-1,4.78431E-1);
#78=COLOUR_RGB('',6.5098E-1,6.70588E-1,7.09804E-1);
#79=COLOUR_RGB('',6.70588E-1,1.21569E-1,1.09804E-1);
#80=COLOUR_RGB('',6.78431E-1,4.78431E-1,3.09804E-1);
#81=COLOUR_RGB('',6.8E-1,7.5E-1,1.E0);
#82=COLOUR_RGB('',7.09804E-1,7.0588E-2,2.E-1);
#83=COLOUR_RGB('',7.1E-1,3.1E-1,0.E0);
#84=COLOUR_RGB('',7.2E-1,7.2E-1,7.2E-1);
#85=COLOUR_RGB('',7.29412E-1,7.41176E-1,7.29412E-1);
#86=COLOUR_RGB('',7.41176E-1,7.29412E-1,6.70588E-1);
#87=COLOUR_RGB('',7.4E-1,1.E0,2.6E-1);
#88=COLOUR_RGB('',7.5E-1,3.E-2,0.E0);
#89=COLOUR_RGB('',7.4902E-1,8.90196E-1,7.29412E-1);
#90=COLOUR_RGB('',7.6E-1,0.E0,4.7E-1);
#91=COLOUR_RGB('',7.80392E-1,9.0196E-2,7.0588E-2);
#92=COLOUR_RGB('',7.88235E-1,2.19608E-1,5.4902E-1);
#93=COLOUR_RGB('',8.1E-1,4.E-2,0.E0);
#94=COLOUR_RGB('',8.1E-1,6.1E-1,0.E0);
#95=COLOUR_RGB('',8.2E-1,4.E-2,6.6E-1);
#96=COLOUR_RGB('',8.31373E-1,8.5098E-1,8.58824E-1);
#97=COLOUR_RGB('',8.5098E-1,7.29412E-1,5.4902E-1);
#98=COLOUR_RGB('',8.5E-1,8.5E-1,8.5E-1);
#99=COLOUR_RGB('',8.78431E-1,3.68627E-1,1.21569E-1);
#100=COLOUR_RGB('',8.784E-1,9.49E-1,1.E0);
#101=COLOUR_RGB('',8.90196E-1,5.88235E-1,1.41176E-1);
#102=COLOUR_RGB('',9.E-1,1.E0,0.E0);
#103=COLOUR_RGB('',9.09804E-1,6.11765E-1,7.09804E-1);
#104=COLOUR_RGB('',9.37E-1,7.85E-1,0.E0);
#105=COLOUR_RGB('',9.41176E-1,9.29412E-1,9.01961E-1);
#106=COLOUR_RGB('',9.5E-1,2.2E-1,8.1E-1);
#107=COLOUR_RGB('',9.6E-1,3.7E-1,3.E-1);
#108=COLOUR_RGB('',9.6E-1,7.1E-1,3.75E-1);
#109=COLOUR_RGB('',9.80392E-1,1.E0,1.E0);
#110=COLOUR_RGB('',9.88235E-1,1.09804E-1,7.8431E-2);
#111=COLOUR_RGB('',9.88235E-1,7.21569E-1,1.29412E-1);
#112=COLOUR_RGB('',9.88235E-1,9.21569E-1,8.E-1);
#113=DRAUGHTING_PRE_DEFINED_COLOUR('red');
#114=COLOUR_RGB('',1.E0,0.E0,6.1E-1);
#115=COLOUR_RGB('',1.E0,4.E-2,0.E0);
#116=COLOUR_RGB('',1.E0,2.3E-1,0.E0);
#117=COLOUR_RGB('',1.E0,3.5E-1,5.2E-1);
#118=COLOUR_RGB('',1.E0,3.6E-1,0.E0);
#119=COLOUR_RGB('',1.E0,3.88235E-1,2.11765E-1);
#120=COLOUR_RGB('',1.E0,4.9E-1,3.7E-1);
#121=COLOUR_RGB('',1.E0,5.E-1,0.E0);
#122=COLOUR_RGB('',1.E0,5.6E-1,7.8E-1);
#123=COLOUR_RGB('',1.E0,6.4E-1,4.9E-1);
#124=COLOUR_RGB('',1.E0,6.7E-1,0.E0);
#125=COLOUR_RGB('',1.E0,7.6E-1,6.5E-1);
#126=COLOUR_RGB('',1.E0,8.39216E-1,3.01961E-1);
#127=COLOUR_RGB('',1.E0,8.6E-1,4.E-2);
#128=COLOUR_RGB('',1.E0,9.60784E-1,2.58824E-1);
#129=COLOUR_RGB('',1.E0,9.60784E-1,8.90196E-1);
#130=COLOUR_RGB('',1.E0,9.8E-1,7.2E-1);
#131=DRAUGHTING_PRE_DEFINED_COLOUR('yellow');
#132=COLOUR_RGB('',1.E0,1.E0,3.9216E-2);
#133=DRAUGHTING_PRE_DEFINED_COLOUR('white');
#178=CIRCLE('',#177,2.E-1);
#183=CIRCLE('',#182,2.E-1);
#188=CIRCLE('',#187,5.E-1);
#193=CIRCLE('',#192,2.E-1);
#205=B_SPLINE_CURVE_WITH_KNOTS('',3,(#198,#199,#200,#201,#202,#203,#204),
.UNSPECIFIED.,.F.,.F.,(4,1,1,1,4),(0.E0,2.5E-1,5.E-1,7.5E-1,1.E0),
.UNSPECIFIED.);
#245=B_SPLINE_CURVE_WITH_KNOTS('',3,(#234,#235,#236,#237,#238,#239,#240,#241,
#242,#243,#244),.UNSPECIFIED.,.F.,.F.,(4,1,1,1,1,1,1,1,4),(0.E0,
1.250000011397E-1,2.500000009542E-1,3.750000007686E-1,5.000000005830E-1,
6.250000003975E-1,7.500000002119E-1,8.750000000264E-1,1.E0),.UNSPECIFIED.);
#256=B_SPLINE_CURVE_WITH_KNOTS('',3,(#246,#247,#248,#249,#250,#251,#252,#253,
#254,#255),.UNSPECIFIED.,.F.,.F.,(4,1,1,1,1,1,1,4),(0.E0,1.428571428571E-1,
2.857142857143E-1,4.285714285714E-1,5.714285714286E-1,7.142857142857E-1,
8.571428571429E-1,1.E0),.UNSPECIFIED.);
#420=B_SPLINE_CURVE_WITH_KNOTS('',3,(#413,#414,#415,#416,#417,#418,#419),
.UNSPECIFIED.,.F.,.F.,(4,1,1,1,4),(0.E0,2.5E-1,5.E-1,7.5E-1,1.E0),
.UNSPECIFIED.);
#432=B_SPLINE_CURVE_WITH_KNOTS('',3,(#425,#426,#427,#428,#429,#430,#431),
.UNSPECIFIED.,.F.,.F.,(4,1,1,1,4),(0.E0,2.5E-1,5.E-1,7.5E-1,1.E0),
.UNSPECIFIED.);
#468=B_SPLINE_CURVE_WITH_KNOTS('',3,(#461,#462,#463,#464,#465,#466,#467),
.UNSPECIFIED.,.F.,.F.,(4,1,1,1,4),(0.E0,2.5E-1,5.E-1,7.5E-1,1.E0),
.UNSPECIFIED.);
#480=B_SPLINE_CURVE_WITH_KNOTS('',3,(#473,#474,#475,#476,#477,#478,#479),
.UNSPECIFIED.,.F.,.F.,(4,1,1,1,4),(0.E0,2.5E-1,5.E-1,7.5E-1,1.E0),
.UNSPECIFIED.);
#492=B_SPLINE_CURVE_WITH_KNOTS('',3,(#485,#486,#487,#488,#489,#490,#491),
.UNSPECIFIED.,.F.,.F.,(4,1,1,1,4),(0.E0,2.5E-1,5.E-1,7.5E-1,1.E0),
.UNSPECIFIED.);
#520=B_SPLINE_CURVE_WITH_KNOTS('',3,(#513,#514,#515,#516,#517,#518,#519),
.UNSPECIFIED.,.F.,.F.,(4,1,1,1,4),(0.E0,2.5E-1,5.E-1,7.5E-1,1.E0),
.UNSPECIFIED.);
#544=B_SPLINE_CURVE_WITH_KNOTS('',3,(#537,#538,#539,#540,#541,#542,#543),
.UNSPECIFIED.,.F.,.F.,(4,1,1,1,4),(0.E0,2.5E-1,5.E-1,7.5E-1,1.E0),
.UNSPECIFIED.);
#552=B_SPLINE_CURVE_WITH_KNOTS('',3,(#545,#546,#547,#548,#549,#550,#551),
.UNSPECIFIED.,.F.,.F.,(4,1,1,1,4),(0.E0,2.5E-1,5.E-1,7.5E-1,1.E0),
.UNSPECIFIED.);
#564=B_SPLINE_CURVE_WITH_KNOTS('',3,(#557,#558,#559,#560,#561,#562,#563),
.UNSPECIFIED.,.F.,.F.,(4,1,1,1,4),(0.E0,2.5E-1,5.E-1,7.5E-1,1.E0),
.UNSPECIFIED.);
#576=B_SPLINE_CURVE_WITH_KNOTS('',3,(#569,#570,#571,#572,#573,#574,#575),
.UNSPECIFIED.,.F.,.F.,(4,1,1,1,4),(0.E0,2.5E-1,5.E-1,7.5E-1,1.E0),
.UNSPECIFIED.);
#584=B_SPLINE_CURVE_WITH_KNOTS('',3,(#577,#578,#579,#580,#581,#582,#583),
.UNSPECIFIED.,.F.,.F.,(4,1,1,1,4),(0.E0,2.5E-1,5.E-1,7.5E-1,1.E0),
.UNSPECIFIED.);
#592=B_SPLINE_CURVE_WITH_KNOTS('',3,(#585,#586,#587,#588,#589,#590,#591),
.UNSPECIFIED.,.F.,.F.,(4,1,1,1,4),(0.E0,2.5E-1,5.E-1,7.5E-1,1.E0),
.UNSPECIFIED.);
#612=B_SPLINE_CURVE_WITH_KNOTS('',3,(#605,#606,#607,#608,#609,#610,#611),
.UNSPECIFIED.,.F.,.F.,(4,1,1,1,4),(0.E0,2.5E-1,5.E-1,7.5E-1,1.E0),
.UNSPECIFIED.);
#632=B_SPLINE_CURVE_WITH_KNOTS('',3,(#625,#626,#627,#628,#629,#630,#631),
.UNSPECIFIED.,.F.,.F.,(4,1,1,1,4),(0.E0,2.5E-1,5.E-1,7.5E-1,1.E0),
.UNSPECIFIED.);
#689=CIRCLE('',#688,4.3E-1);
#694=CIRCLE('',#693,4.3E-1);
#739=CIRCLE('',#738,4.3E-1);
#776=CIRCLE('',#775,4.3E-1);
#797=CIRCLE('',#796,2.E-1);
#864=B_SPLINE_CURVE_WITH_KNOTS('',3,(#854,#855,#856,#857,#858,#859,#860,#861,
#862,#863),.UNSPECIFIED.,.F.,.F.,(4,1,1,1,1,1,1,4),(0.E0,1.428571428571E-1,
2.857142857143E-1,4.285714285714E-1,5.714285714286E-1,7.142857142857E-1,
8.571428571429E-1,1.E0),.UNSPECIFIED.);
#1037=CIRCLE('',#1036,4.3E-1);
#1042=CIRCLE('',#1041,4.3E-1);
#1087=CIRCLE('',#1086,4.3E-1);
#1124=CIRCLE('',#1123,4.3E-1);
#1161=CIRCLE('',#1160,2.E-1);
#1166=CIRCLE('',#1165,2.E-1);
#1175=CIRCLE('',#1174,2.E-1);
#1180=CIRCLE('',#1179,2.E-1);
#1189=CIRCLE('',#1188,2.E-1);
#1194=CIRCLE('',#1193,2.E-1);
#1203=CIRCLE('',#1202,2.E-1);
#1208=CIRCLE('',#1207,2.E-1);
#1213=CIRCLE('',#1212,2.E-1);
#1218=CIRCLE('',#1217,2.E-1);
#1379=CIRCLE('',#1378,2.E-1);
#1388=CIRCLE('',#1387,2.E-1);
#1393=CIRCLE('',#1392,2.E-1);
#1398=CIRCLE('',#1397,2.E-1);
#1403=CIRCLE('',#1402,2.E-1);
#1412=CIRCLE('',#1411,2.E-1);
#1417=CIRCLE('',#1416,2.E-1);
#1426=CIRCLE('',#1425,2.E-1);
#1431=CIRCLE('',#1430,2.E-1);
#1440=CIRCLE('',#1439,2.E-1);
#1457=CIRCLE('',#1456,2.E-1);
#1462=CIRCLE('',#1461,2.E-1);
#1474=B_SPLINE_CURVE_WITH_KNOTS('',3,(#1463,#1464,#1465,#1466,#1467,#1468,#1469,
#1470,#1471,#1472,#1473),.UNSPECIFIED.,.F.,.F.,(4,1,1,1,1,1,1,1,4),(0.E0,
1.25E-1,2.5E-1,3.75E-1,5.E-1,6.25E-1,7.5E-1,8.75E-1,1.E0),.UNSPECIFIED.);
#1486=B_SPLINE_CURVE_WITH_KNOTS('',3,(#1475,#1476,#1477,#1478,#1479,#1480,#1481,
#1482,#1483,#1484,#1485),.UNSPECIFIED.,.F.,.F.,(4,1,1,1,1,1,1,1,4),(0.E0,
1.25E-1,2.5E-1,3.75E-1,5.E-1,6.25E-1,7.5E-1,8.75E-1,1.E0),.UNSPECIFIED.);
#1522=B_SPLINE_CURVE_WITH_KNOTS('',3,(#1511,#1512,#1513,#1514,#1515,#1516,#1517,
#1518,#1519,#1520,#1521),.UNSPECIFIED.,.F.,.F.,(4,1,1,1,1,1,1,1,4),(0.E0,
1.25E-1,2.5E-1,3.75E-1,5.E-1,6.25E-1,7.5E-1,8.75E-1,1.E0),.UNSPECIFIED.);
#1558=B_SPLINE_CURVE_WITH_KNOTS('',3,(#1547,#1548,#1549,#1550,#1551,#1552,#1553,
#1554,#1555,#1556,#1557),.UNSPECIFIED.,.F.,.F.,(4,1,1,1,1,1,1,1,4),(0.E0,
1.25E-1,2.5E-1,3.75E-1,5.E-1,6.25E-1,7.5E-1,8.75E-1,1.E0),.UNSPECIFIED.);
#1594=B_SPLINE_CURVE_WITH_KNOTS('',3,(#1583,#1584,#1585,#1586,#1587,#1588,#1589,
#1590,#1591,#1592,#1593),.UNSPECIFIED.,.F.,.F.,(4,1,1,1,1,1,1,1,4),(0.E0,
1.25E-1,2.5E-1,3.75E-1,5.E-1,6.25E-1,7.5E-1,8.75E-1,1.E0),.UNSPECIFIED.);
#1630=B_SPLINE_CURVE_WITH_KNOTS('',3,(#1619,#1620,#1621,#1622,#1623,#1624,#1625,
#1626,#1627,#1628,#1629),.UNSPECIFIED.,.F.,.F.,(4,1,1,1,1,1,1,1,4),(0.E0,
1.25E-1,2.5E-1,3.75E-1,5.E-1,6.25E-1,7.5E-1,8.75E-1,1.E0),.UNSPECIFIED.);
#1635=CIRCLE('',#1634,2.E-1);
#1679=B_SPLINE_CURVE_WITH_KNOTS('',3,(#1668,#1669,#1670,#1671,#1672,#1673,#1674,
#1675,#1676,#1677,#1678),.UNSPECIFIED.,.F.,.F.,(4,1,1,1,1,1,1,1,4),(0.E0,
1.25E-1,2.5E-1,3.75E-1,5.E-1,6.25E-1,7.5E-1,8.75E-1,1.E0),.UNSPECIFIED.);
#1740=B_SPLINE_CURVE_WITH_KNOTS('',3,(#1732,#1733,#1734,#1735,#1736,#1737,#1738,
#1739),.UNSPECIFIED.,.F.,.F.,(4,1,1,1,1,4),(0.E0,2.E-1,4.E-1,6.E-1,8.E-1,1.E0),
.UNSPECIFIED.);
#1757=CIRCLE('',#1756,2.E-1);
#1762=CIRCLE('',#1761,2.E-1);
#1771=B_SPLINE_CURVE_WITH_KNOTS('',3,(#1763,#1764,#1765,#1766,#1767,#1768,#1769,
#1770),.UNSPECIFIED.,.F.,.F.,(4,1,1,1,1,4),(0.E0,2.E-1,4.E-1,6.E-1,8.E-1,1.E0),
.UNSPECIFIED.);
#1804=B_SPLINE_CURVE_WITH_KNOTS('',3,(#1796,#1797,#1798,#1799,#1800,#1801,#1802,
#1803),.UNSPECIFIED.,.F.,.F.,(4,1,1,1,1,4),(0.E0,2.E-1,4.E-1,6.E-1,8.E-1,1.E0),
.UNSPECIFIED.);
#1865=CIRCLE('',#1864,2.E-1);
#1870=CIRCLE('',#1869,2.E-1);
#1887=B_SPLINE_CURVE_WITH_KNOTS('',3,(#1879,#1880,#1881,#1882,#1883,#1884,#1885,
#1886),.UNSPECIFIED.,.F.,.F.,(4,1,1,1,1,4),(0.E0,2.E-1,4.E-1,6.E-1,8.E-1,1.E0),
.UNSPECIFIED.);
#1910=B_SPLINE_CURVE_WITH_KNOTS('',3,(#1900,#1901,#1902,#1903,#1904,#1905,#1906,
#1907,#1908,#1909),.UNSPECIFIED.,.F.,.F.,(4,1,1,1,1,1,1,4),(0.E0,
1.428571428571E-1,2.857142857143E-1,4.285714285714E-1,5.714285714286E-1,
7.142857142857E-1,8.571428571429E-1,1.E0),.UNSPECIFIED.);
#1975=CIRCLE('',#1974,2.E-1);
#1996=CIRCLE('',#1995,2.E-1);
#2005=CIRCLE('',#2004,2.E-1);
#2049=B_SPLINE_CURVE_WITH_KNOTS('',3,(#2038,#2039,#2040,#2041,#2042,#2043,#2044,
#2045,#2046,#2047,#2048),.UNSPECIFIED.,.F.,.F.,(4,1,1,1,1,1,1,1,4),(0.E0,
1.25E-1,2.5E-1,3.75E-1,5.E-1,6.25E-1,7.5E-1,8.75E-1,1.E0),.UNSPECIFIED.);
#2077=B_SPLINE_CURVE_WITH_KNOTS('',3,(#2066,#2067,#2068,#2069,#2070,#2071,#2072,
#2073,#2074,#2075,#2076),.UNSPECIFIED.,.F.,.F.,(4,1,1,1,1,1,1,1,4),(0.E0,
1.25E-1,2.5E-1,3.75E-1,5.E-1,6.25E-1,7.5E-1,8.75E-1,1.E0),.UNSPECIFIED.);
#2113=B_SPLINE_CURVE_WITH_KNOTS('',3,(#2106,#2107,#2108,#2109,#2110,#2111,
#2112),.UNSPECIFIED.,.F.,.F.,(4,1,1,1,4),(0.E0,2.5E-1,5.E-1,7.5E-1,1.E0),
.UNSPECIFIED.);
#2125=B_SPLINE_CURVE_WITH_KNOTS('',3,(#2118,#2119,#2120,#2121,#2122,#2123,
#2124),.UNSPECIFIED.,.F.,.F.,(4,1,1,1,4),(0.E0,2.5E-1,5.E-1,7.5E-1,1.E0),
.UNSPECIFIED.);
#2161=B_SPLINE_CURVE_WITH_KNOTS('',3,(#2154,#2155,#2156,#2157,#2158,#2159,
#2160),.UNSPECIFIED.,.F.,.F.,(4,1,1,1,4),(0.E0,2.5E-1,5.E-1,7.5E-1,1.E0),
.UNSPECIFIED.);
#2169=B_SPLINE_CURVE_WITH_KNOTS('',3,(#2162,#2163,#2164,#2165,#2166,#2167,
#2168),.UNSPECIFIED.,.F.,.F.,(4,1,1,1,4),(0.E0,2.5E-1,5.E-1,7.5E-1,1.E0),
.UNSPECIFIED.);
#2240=B_SPLINE_CURVE_WITH_KNOTS('',3,(#2230,#2231,#2232,#2233,#2234,#2235,#2236,
#2237,#2238,#2239),.UNSPECIFIED.,.F.,.F.,(4,1,1,1,1,1,1,4),(0.E0,
1.428571428571E-1,2.857142857143E-1,4.285714285714E-1,5.714285714286E-1,
7.142857142857E-1,8.571428571429E-1,1.E0),.UNSPECIFIED.);
#2252=B_SPLINE_CURVE_WITH_KNOTS('',3,(#2241,#2242,#2243,#2244,#2245,#2246,#2247,
#2248,#2249,#2250,#2251),.UNSPECIFIED.,.F.,.F.,(4,1,1,1,1,1,1,1,4),(0.E0,
1.249999999701E-1,2.499999997828E-1,3.749999995956E-1,4.999999994083E-1,
6.249999992210E-1,7.499999990337E-1,8.749999988465E-1,1.E0),.UNSPECIFIED.);
#2317=CIRCLE('',#2316,3.E-1);
#2326=CIRCLE('',#2325,3.E-1);
#2370=B_SPLINE_CURVE_WITH_KNOTS('',3,(#2359,#2360,#2361,#2362,#2363,#2364,#2365,
#2366,#2367,#2368,#2369),.UNSPECIFIED.,.F.,.F.,(4,1,1,1,1,1,1,1,4),(0.E0,
1.250000011488E-1,2.500000009615E-1,3.750000007742E-1,5.000000005868E-1,
6.250000003995E-1,7.500000002121E-1,8.750000000248E-1,1.E0),.UNSPECIFIED.);
#2386=B_SPLINE_CURVE_WITH_KNOTS('',3,(#2375,#2376,#2377,#2378,#2379,#2380,#2381,
#2382,#2383,#2384,#2385),.UNSPECIFIED.,.F.,.F.,(4,1,1,1,1,1,1,1,4),(0.E0,
1.249999999719E-1,2.499999997830E-1,3.749999995941E-1,4.999999994052E-1,
6.249999992162E-1,7.499999990273E-1,8.749999988384E-1,1.E0),.UNSPECIFIED.);
#2403=CIRCLE('',#2402,3.E-1);
#2412=CIRCLE('',#2411,3.E-1);
#2436=B_SPLINE_CURVE_WITH_KNOTS('',3,(#2425,#2426,#2427,#2428,#2429,#2430,#2431,
#2432,#2433,#2434,#2435),.UNSPECIFIED.,.F.,.F.,(4,1,1,1,1,1,1,1,4),(0.E0,
1.250000011476E-1,2.500000009605E-1,3.750000007733E-1,5.000000005861E-1,
6.250000003989E-1,7.500000002117E-1,8.750000000246E-1,1.E0),.UNSPECIFIED.);
#2452=B_SPLINE_CURVE_WITH_KNOTS('',3,(#2441,#2442,#2443,#2444,#2445,#2446,#2447,
#2448,#2449,#2450,#2451),.UNSPECIFIED.,.F.,.F.,(4,1,1,1,1,1,1,1,4),(0.E0,
1.250000011488E-1,2.500000009615E-1,3.750000007742E-1,5.000000005868E-1,
6.250000003995E-1,7.500000002121E-1,8.750000000248E-1,1.E0),.UNSPECIFIED.);
#2559=B_SPLINE_CURVE_WITH_KNOTS('',3,(#2549,#2550,#2551,#2552,#2553,#2554,#2555,
#2556,#2557,#2558),.UNSPECIFIED.,.F.,.F.,(4,1,1,1,1,1,1,4),(0.E0,
1.428571428571E-1,2.857142857143E-1,4.285714285714E-1,5.714285714286E-1,
7.142857142857E-1,8.571428571429E-1,1.E0),.UNSPECIFIED.);
#2567=B_SPLINE_CURVE_WITH_KNOTS('',3,(#2560,#2561,#2562,#2563,#2564,#2565,
#2566),.UNSPECIFIED.,.F.,.F.,(4,1,1,1,4),(0.E0,2.5E-1,5.E-1,7.5E-1,1.E0),
.UNSPECIFIED.);
#2575=B_SPLINE_CURVE_WITH_KNOTS('',3,(#2568,#2569,#2570,#2571,#2572,#2573,
#2574),.UNSPECIFIED.,.F.,.F.,(4,1,1,1,4),(0.E0,2.5E-1,5.E-1,7.5E-1,1.E0),
.UNSPECIFIED.);
#2586=B_SPLINE_CURVE_WITH_KNOTS('',3,(#2576,#2577,#2578,#2579,#2580,#2581,#2582,
#2583,#2584,#2585),.UNSPECIFIED.,.F.,.F.,(4,1,1,1,1,1,1,4),(0.E0,
1.428571428571E-1,2.857142857143E-1,4.285714285714E-1,5.714285714286E-1,
7.142857142857E-1,8.571428571429E-1,1.E0),.UNSPECIFIED.);
#2591=CIRCLE('',#2590,2.E-1);
#2596=CIRCLE('',#2595,5.E-1);
#2601=CIRCLE('',#2600,2.E-1);
#2606=CIRCLE('',#2605,2.E-1);
#2611=CIRCLE('',#2610,5.E-1);
#2616=CIRCLE('',#2615,2.E-1);
#2658=B_SPLINE_CURVE_WITH_KNOTS('',3,(#2653,#2654,#2655,#2656,#2657),
.UNSPECIFIED.,.F.,.F.,(4,1,4),(0.E0,5.E-1,1.E0),.UNSPECIFIED.);
#2668=B_SPLINE_CURVE_WITH_KNOTS('',3,(#2663,#2664,#2665,#2666,#2667),
.UNSPECIFIED.,.F.,.F.,(4,1,4),(0.E0,5.E-1,1.E0),.UNSPECIFIED.);
#2690=B_SPLINE_CURVE_WITH_KNOTS('',3,(#2685,#2686,#2687,#2688,#2689),
.UNSPECIFIED.,.F.,.F.,(4,1,4),(0.E0,5.E-1,1.E0),.UNSPECIFIED.);
#2700=B_SPLINE_CURVE_WITH_KNOTS('',3,(#2695,#2696,#2697,#2698,#2699),
.UNSPECIFIED.,.F.,.F.,(4,1,4),(0.E0,5.E-1,1.E0),.UNSPECIFIED.);
#2760=B_SPLINE_CURVE_WITH_KNOTS('',3,(#2749,#2750,#2751,#2752,#2753,#2754,#2755,
#2756,#2757,#2758,#2759),.UNSPECIFIED.,.F.,.F.,(4,1,1,1,1,1,1,1,4),(0.E0,
1.250000011409E-1,2.500000009552E-1,3.750000007695E-1,5.000000005837E-1,
6.250000003980E-1,7.500000002123E-1,8.750000000266E-1,1.E0),.UNSPECIFIED.);
#2792=B_SPLINE_CURVE_WITH_KNOTS('',3,(#2781,#2782,#2783,#2784,#2785,#2786,#2787,
#2788,#2789,#2790,#2791),.UNSPECIFIED.,.F.,.F.,(4,1,1,1,1,1,1,1,4),(0.E0,
1.250000011409E-1,2.500000009552E-1,3.750000007695E-1,5.000000005837E-1,
6.250000003980E-1,7.500000002123E-1,8.750000000266E-1,1.E0),.UNSPECIFIED.);
#2852=B_SPLINE_CURVE_WITH_KNOTS('',3,(#2845,#2846,#2847,#2848,#2849,#2850,
#2851),.UNSPECIFIED.,.F.,.F.,(4,1,1,1,4),(0.E0,2.5E-1,5.E-1,7.5E-1,1.E0),
.UNSPECIFIED.);
#2860=B_SPLINE_CURVE_WITH_KNOTS('',3,(#2853,#2854,#2855,#2856,#2857,#2858,
#2859),.UNSPECIFIED.,.F.,.F.,(4,1,1,1,4),(0.E0,2.5E-1,5.E-1,7.5E-1,1.E0),
.UNSPECIFIED.);
#2868=B_SPLINE_CURVE_WITH_KNOTS('',3,(#2861,#2862,#2863,#2864,#2865,#2866,
#2867),.UNSPECIFIED.,.F.,.F.,(4,1,1,1,4),(0.E0,2.5E-1,5.E-1,7.5E-1,1.E0),
.UNSPECIFIED.);
#2873=CIRCLE('',#2872,2.E-1);
#2878=CIRCLE('',#2877,5.E-1);
#2890=B_SPLINE_CURVE_WITH_KNOTS('',3,(#2879,#2880,#2881,#2882,#2883,#2884,#2885,
#2886,#2887,#2888,#2889),.UNSPECIFIED.,.F.,.F.,(4,1,1,1,1,1,1,1,4),(0.E0,
1.25E-1,2.5E-1,3.75E-1,5.E-1,6.25E-1,7.5E-1,8.75E-1,1.E0),.UNSPECIFIED.);
#2902=B_SPLINE_CURVE_WITH_KNOTS('',3,(#2891,#2892,#2893,#2894,#2895,#2896,#2897,
#2898,#2899,#2900,#2901),.UNSPECIFIED.,.F.,.F.,(4,1,1,1,1,1,1,1,4),(0.E0,
1.25E-1,2.5E-1,3.75E-1,5.E-1,6.25E-1,7.5E-1,8.75E-1,1.E0),.UNSPECIFIED.);
#2907=CIRCLE('',#2906,2.E-1);
#2912=CIRCLE('',#2911,2.E-1);
#2917=CIRCLE('',#2916,2.E-1);
#2957=B_SPLINE_CURVE_WITH_KNOTS('',3,(#2946,#2947,#2948,#2949,#2950,#2951,#2952,
#2953,#2954,#2955,#2956),.UNSPECIFIED.,.F.,.F.,(4,1,1,1,1,1,1,1,4),(0.E0,
1.25E-1,2.5E-1,3.75E-1,5.E-1,6.25E-1,7.5E-1,8.75E-1,1.E0),.UNSPECIFIED.);
#2962=CIRCLE('',#2961,2.E-1);
#2967=CIRCLE('',#2966,2.E-1);
#3016=CIRCLE('',#3015,4.3E-1);
#3021=CIRCLE('',#3020,4.3E-1);
#3066=CIRCLE('',#3065,4.3E-1);
#3103=CIRCLE('',#3102,4.3E-1);
#3196=CIRCLE('',#3195,4.3E-1);
#3201=CIRCLE('',#3200,4.3E-1);
#3246=CIRCLE('',#3245,4.3E-1);
#3283=CIRCLE('',#3282,4.3E-1);
#3332=CIRCLE('',#3331,2.E-1);
#3337=CIRCLE('',#3336,2.E-1);
#4257=EDGE_CURVE('',#3613,#3604,#137,.T.);
#4259=EDGE_CURVE('',#4225,#3604,#1715,.T.);
#4261=EDGE_CURVE('',#3685,#4225,#141,.T.);
#4263=EDGE_CURVE('',#3613,#3685,#145,.T.);
#4267=ADVANCED_FACE('',(#4266),#4256,.F.);
#4273=EDGE_CURVE('',#3623,#3624,#149,.T.);
#4275=EDGE_CURVE('',#3555,#3624,#153,.T.);
#4277=EDGE_CURVE('',#3555,#3575,#157,.T.);
#4279=EDGE_CURVE('',#3623,#3575,#161,.T.);
#4283=ADVANCED_FACE('',(#4282),#4272,.F.);
#4289=EDGE_CURVE('',#3611,#3608,#165,.T.);
#4291=EDGE_CURVE('',#3608,#3604,#1679,.T.);
#4294=EDGE_CURVE('',#3613,#3611,#188,.T.);
#4298=ADVANCED_FACE('',(#4297),#4288,.T.);
#4305=EDGE_CURVE('',#3666,#3611,#169,.T.);
#4307=EDGE_CURVE('',#3665,#3666,#173,.T.);
#4309=EDGE_CURVE('',#3608,#3665,#1643,.T.);
#4313=ADVANCED_FACE('',(#4312),#4303,.T.);
#4319=EDGE_CURVE('',#3611,#3617,#178,.T.);
#4321=EDGE_CURVE('',#3675,#3617,#2407,.T.);
#4323=EDGE_CURVE('',#3666,#3675,#183,.T.);
#4328=ADVANCED_FACE('',(#4327),#4318,.T.);
#4334=EDGE_CURVE('',#3613,#3615,#193,.T.);
#4336=EDGE_CURVE('',#3615,#3617,#2412,.T.);
#4342=ADVANCED_FACE('',(#4341),#4333,.T.);
#4350=EDGE_CURVE('',#3685,#3683,#205,.T.);
#4352=EDGE_CURVE('',#3615,#3683,#2416,.T.);
#4356=ADVANCED_FACE('',(#4355),#4347,.T.);
#4362=EDGE_CURVE('',#4242,#4239,#197,.T.);
#4364=EDGE_CURVE('',#4242,#3683,#2420,.T.);
#4368=EDGE_CURVE('',#4225,#3728,#209,.T.);
#4370=EDGE_CURVE('',#3724,#3728,#2161,.T.);
#4372=EDGE_CURVE('',#3724,#4249,#2137,.T.);
#4374=EDGE_CURVE('',#4249,#4239,#213,.T.);
#4378=ADVANCED_FACE('',(#4377),#4361,.T.);
#4384=EDGE_CURVE('',#4239,#3803,#221,.T.);
#4386=EDGE_CURVE('',#3803,#4243,#2820,.T.);
#4388=EDGE_CURVE('',#4242,#4243,#2424,.T.);
#4393=ADVANCED_FACE('',(#4392),#4383,.T.);
#4399=EDGE_CURVE('',#3803,#3699,#217,.T.);
#4403=EDGE_CURVE('',#3401,#4249,#225,.T.);
#4405=EDGE_CURVE('',#3400,#3401,#229,.T.);
#4407=EDGE_CURVE('',#3709,#3400,#2304,.T.);
#4409=EDGE_CURVE('',#3708,#3709,#233,.T.);
#4411=EDGE_CURVE('',#3708,#3699,#2544,.T.);
#4415=ADVANCED_FACE('',(#4414),#4398,.F.);
#4422=EDGE_CURVE('',#3697,#3699,#256,.T.);
#4424=EDGE_CURVE('',#3805,#3697,#2272,.T.);
#4426=EDGE_CURVE('',#3803,#3805,#245,.T.);
#4430=ADVANCED_FACE('',(#4429),#4420,.F.);
#4436=EDGE_CURVE('',#3694,#3695,#480,.T.);
#4438=EDGE_CURVE('',#3697,#3695,#2276,.T.);
#4441=EDGE_CURVE('',#3699,#3694,#2540,.T.);
#4445=ADVANCED_FACE('',(#4444),#4435,.F.);
#4451=EDGE_CURVE('',#4210,#4211,#404,.T.);
#4453=EDGE_CURVE('',#4213,#4211,#408,.T.);
#4455=EDGE_CURVE('',#4213,#3687,#412,.T.);
#4457=EDGE_CURVE('',#3686,#3687,#420,.T.);
#4459=EDGE_CURVE('',#3693,#3686,#424,.T.);
#4461=EDGE_CURVE('',#3692,#3693,#432,.T.);
#4463=EDGE_CURVE('',#3389,#3692,#436,.T.);
#4465=EDGE_CURVE('',#3388,#3389,#440,.T.);
#4467=EDGE_CURVE('',#3813,#3388,#444,.T.);
#4469=EDGE_CURVE('',#3813,#3811,#448,.T.);
#4471=EDGE_CURVE('',#3384,#3811,#452,.T.);
#4473=EDGE_CURVE('',#3384,#3385,#456,.T.);
#4475=EDGE_CURVE('',#3701,#3385,#460,.T.);
#4477=EDGE_CURVE('',#3700,#3701,#468,.T.);
#4479=EDGE_CURVE('',#3695,#3700,#472,.T.);
#4482=EDGE_CURVE('',#3711,#3694,#484,.T.);
#4484=EDGE_CURVE('',#3710,#3711,#492,.T.);
#4486=EDGE_CURVE('',#3377,#3710,#496,.T.);
#4488=EDGE_CURVE('',#3376,#3377,#500,.T.);
#4490=EDGE_CURVE('',#3373,#3376,#504,.T.);
#4492=EDGE_CURVE('',#3372,#3373,#508,.T.);
#4494=EDGE_CURVE('',#3713,#3372,#512,.T.);
#4496=EDGE_CURVE('',#3712,#3713,#520,.T.);
#4498=EDGE_CURVE('',#3712,#4215,#524,.T.);
#4500=EDGE_CURVE('',#4215,#4210,#528,.T.);
#4504=EDGE_CURVE('',#3504,#3505,#276,.T.);
#4506=EDGE_CURVE('',#3513,#3505,#280,.T.);
#4508=EDGE_CURVE('',#3512,#3513,#284,.T.);
#4510=EDGE_CURVE('',#3512,#3504,#288,.T.);
#4514=EDGE_CURVE('',#3508,#3509,#292,.T.);
#4516=EDGE_CURVE('',#3517,#3509,#296,.T.);
#4518=EDGE_CURVE('',#3516,#3517,#300,.T.);
#4520=EDGE_CURVE('',#3516,#3508,#304,.T.);
#4524=EDGE_CURVE('',#3942,#3943,#308,.T.);
#4526=EDGE_CURVE('',#3951,#3943,#312,.T.);
#4528=EDGE_CURVE('',#3950,#3951,#316,.T.);
#4530=EDGE_CURVE('',#3950,#3942,#320,.T.);
#4534=EDGE_CURVE('',#3946,#3947,#324,.T.);
#4536=EDGE_CURVE('',#3955,#3947,#328,.T.);
#4538=EDGE_CURVE('',#3954,#3955,#332,.T.);
#4540=EDGE_CURVE('',#3954,#3946,#336,.T.);
#4544=EDGE_CURVE('',#4046,#4047,#340,.T.);
#4546=EDGE_CURVE('',#4055,#4047,#344,.T.);
#4548=EDGE_CURVE('',#4054,#4055,#348,.T.);
#4550=EDGE_CURVE('',#4054,#4046,#352,.T.);
#4554=EDGE_CURVE('',#4050,#4051,#356,.T.);
#4556=EDGE_CURVE('',#4059,#4051,#360,.T.);
#4558=EDGE_CURVE('',#4058,#4059,#364,.T.);
#4560=EDGE_CURVE('',#4058,#4050,#368,.T.);
#4564=EDGE_CURVE('',#4150,#4151,#372,.T.);
#4566=EDGE_CURVE('',#4159,#4151,#376,.T.);
#4568=EDGE_CURVE('',#4158,#4159,#380,.T.);
#4570=EDGE_CURVE('',#4158,#4150,#384,.T.);
#4574=EDGE_CURVE('',#4154,#4155,#388,.T.);
#4576=EDGE_CURVE('',#4163,#4155,#392,.T.);
#4578=EDGE_CURVE('',#4162,#4163,#396,.T.);
#4580=EDGE_CURVE('',#4162,#4154,#400,.T.);
#4584=EDGE_CURVE('',#3753,#3749,#260,.T.);
#4586=EDGE_CURVE('',#3747,#3749,#544,.T.);
#4588=EDGE_CURVE('',#3747,#3743,#264,.T.);
#4590=EDGE_CURVE('',#3741,#3743,#592,.T.);
#4592=EDGE_CURVE('',#3741,#3761,#268,.T.);
#4594=EDGE_CURVE('',#3759,#3761,#612,.T.);
#4596=EDGE_CURVE('',#3759,#3755,#272,.T.);
#4598=EDGE_CURVE('',#3753,#3755,#632,.T.);
#4602=ADVANCED_FACE('',(#4503,#4513,#4523,#4533,#4543,#4553,#4563,#4573,#4583,
#4601),#4450,.F.);
#4608=EDGE_CURVE('',#3749,#3744,#532,.T.);
#4611=EDGE_CURVE('',#3753,#3751,#536,.T.);
#4613=EDGE_CURVE('',#3751,#3744,#568,.T.);
#4617=ADVANCED_FACE('',(#4616),#4607,.T.);
#4623=EDGE_CURVE('',#3744,#3745,#564,.T.);
#4625=EDGE_CURVE('',#3747,#3745,#640,.T.);
#4631=ADVANCED_FACE('',(#4630),#4622,.T.);
#4637=EDGE_CURVE('',#3738,#3739,#552,.T.);
#4639=EDGE_CURVE('',#3745,#3738,#556,.T.);
#4643=EDGE_CURVE('',#3750,#3751,#576,.T.);
#4645=EDGE_CURVE('',#3757,#3750,#624,.T.);
#4647=EDGE_CURVE('',#3756,#3757,#584,.T.);
#4649=EDGE_CURVE('',#3739,#3756,#600,.T.);
#4653=ADVANCED_FACE('',(#4652),#4636,.T.);
#4660=EDGE_CURVE('',#3741,#3739,#596,.T.);
#4663=EDGE_CURVE('',#3743,#3738,#636,.T.);
#4667=ADVANCED_FACE('',(#4666),#4658,.T.);
#4675=EDGE_CURVE('',#3761,#3756,#604,.T.);
#4680=ADVANCED_FACE('',(#4679),#4672,.T.);
#4687=EDGE_CURVE('',#3759,#3757,#620,.T.);
#4693=ADVANCED_FACE('',(#4692),#4685,.T.);
#4699=EDGE_CURVE('',#3755,#3750,#616,.T.);
#4706=ADVANCED_FACE('',(#4705),#4698,.T.);
#4718=ADVANCED_FACE('',(#4717),#4711,.T.);
#4730=ADVANCED_FACE('',(#4729),#4723,.T.);
#4737=EDGE_CURVE('',#3463,#3504,#644,.T.);
#4739=EDGE_CURVE('',#3462,#3463,#648,.T.);
#4741=EDGE_CURVE('',#3505,#3462,#652,.T.);
#4745=ADVANCED_FACE('',(#4744),#4735,.T.);
#4752=EDGE_CURVE('',#3467,#3508,#656,.T.);
#4754=EDGE_CURVE('',#3466,#3467,#660,.T.);
#4756=EDGE_CURVE('',#3509,#3466,#664,.T.);
#4760=ADVANCED_FACE('',(#4759),#4750,.T.);
#4766=EDGE_CURVE('',#3520,#3521,#792,.T.);
#4768=EDGE_CURVE('',#3520,#3545,#1246,.T.);
#4770=EDGE_CURVE('',#3833,#3545,#1203,.T.);
#4772=EDGE_CURVE('',#3477,#3833,#668,.T.);
#4774=EDGE_CURVE('',#3475,#3477,#672,.T.);
#4776=EDGE_CURVE('',#3473,#3475,#676,.T.);
#4778=EDGE_CURVE('',#3471,#3473,#680,.T.);
#4780=EDGE_CURVE('',#3470,#3471,#684,.T.);
#4782=EDGE_CURVE('',#3527,#3470,#689,.T.);
#4784=EDGE_CURVE('',#3521,#3527,#944,.T.);
#4788=ADVANCED_FACE('',(#4787),#4765,.T.);
#4794=EDGE_CURVE('',#3530,#3531,#932,.T.);
#4796=EDGE_CURVE('',#3457,#3530,#694,.T.);
#4798=EDGE_CURVE('',#3456,#3457,#698,.T.);
#4800=EDGE_CURVE('',#3459,#3456,#702,.T.);
#4802=EDGE_CURVE('',#3551,#3459,#706,.T.);
#4804=EDGE_CURVE('',#3551,#3543,#1403,.T.);
#4806=EDGE_CURVE('',#3543,#3539,#1226,.T.);
#4808=EDGE_CURVE('',#3531,#3539,#1891,.T.);
#4812=ADVANCED_FACE('',(#4811),#4793,.T.);
#4819=EDGE_CURVE('',#3487,#3512,#722,.T.);
#4821=EDGE_CURVE('',#3463,#3487,#710,.T.);
#4826=ADVANCED_FACE('',(#4825),#4817,.T.);
#4833=EDGE_CURVE('',#3513,#3486,#714,.T.);
#4835=EDGE_CURVE('',#3486,#3487,#718,.T.);
#4840=ADVANCED_FACE('',(#4839),#4831,.F.);
#4847=EDGE_CURVE('',#3517,#3490,#726,.T.);
#4849=EDGE_CURVE('',#3490,#3491,#730,.T.);
#4851=EDGE_CURVE('',#3491,#3516,#734,.T.);
#4855=ADVANCED_FACE('',(#4854),#4845,.F.);
#4861=EDGE_CURVE('',#3524,#3525,#813,.T.);
#4863=EDGE_CURVE('',#3525,#3533,#952,.T.);
#4865=EDGE_CURVE('',#3533,#3494,#739,.T.);
#4867=EDGE_CURVE('',#3494,#3495,#743,.T.);
#4869=EDGE_CURVE('',#3495,#3497,#747,.T.);
#4871=EDGE_CURVE('',#3497,#3499,#751,.T.);
#4873=EDGE_CURVE('',#3499,#3501,#755,.T.);
#4875=EDGE_CURVE('',#3501,#3835,#759,.T.);
#4877=EDGE_CURVE('',#3835,#3549,#1194,.T.);
#4879=EDGE_CURVE('',#3524,#3549,#1282,.T.);
#4883=ADVANCED_FACE('',(#4882),#4860,.F.);
#4889=EDGE_CURVE('',#3536,#3537,#924,.T.);
#4891=EDGE_CURVE('',#3541,#3537,#1926,.T.);
#4893=EDGE_CURVE('',#3547,#3541,#1274,.T.);
#4895=EDGE_CURVE('',#3553,#3547,#1412,.T.);
#4897=EDGE_CURVE('',#3553,#3483,#763,.T.);
#4899=EDGE_CURVE('',#3483,#3480,#767,.T.);
#4901=EDGE_CURVE('',#3480,#3481,#771,.T.);
#4903=EDGE_CURVE('',#3481,#3536,#776,.T.);
#4907=ADVANCED_FACE('',(#4906),#4888,.F.);
#4915=EDGE_CURVE('',#3462,#3486,#780,.T.);
#4920=ADVANCED_FACE('',(#4919),#4912,.T.);
#4932=ADVANCED_FACE('',(#4931),#4925,.T.);
#4940=EDGE_CURVE('',#3466,#3490,#784,.T.);
#4945=ADVANCED_FACE('',(#4944),#4937,.T.);
#4952=EDGE_CURVE('',#3467,#3491,#788,.T.);
#4958=ADVANCED_FACE('',(#4957),#4950,.T.);
#4970=ADVANCED_FACE('',(#4969),#4963,.T.);
#4977=EDGE_CURVE('',#3883,#3521,#940,.T.);
#4979=EDGE_CURVE('',#3890,#3883,#1757,.T.);
#4981=EDGE_CURVE('',#3890,#3891,#1727,.T.);
#4983=EDGE_CURVE('',#3587,#3891,#797,.T.);
#4985=EDGE_CURVE('',#3587,#3431,#1506,.T.);
#4987=EDGE_CURVE('',#3431,#3447,#801,.T.);
#4989=EDGE_CURVE('',#3447,#3520,#805,.T.);
#4993=ADVANCED_FACE('',(#4992),#4975,.F.);
#4999=EDGE_CURVE('',#3958,#3959,#809,.T.);
#5001=EDGE_CURVE('',#3525,#3959,#956,.T.);
#5004=EDGE_CURVE('',#3524,#3958,#817,.T.);
#5008=ADVANCED_FACE('',(#5007),#4998,.F.);
#5014=EDGE_CURVE('',#4062,#4063,#821,.T.);
#5016=EDGE_CURVE('',#3963,#4063,#972,.T.);
#5018=EDGE_CURVE('',#3962,#3963,#825,.T.);
#5020=EDGE_CURVE('',#3962,#4062,#829,.T.);
#5024=ADVANCED_FACE('',(#5023),#5013,.F.);
#5030=EDGE_CURVE('',#4166,#4167,#833,.T.);
#5032=EDGE_CURVE('',#4067,#4167,#988,.T.);
#5034=EDGE_CURVE('',#4066,#4067,#837,.T.);
#5036=EDGE_CURVE('',#4066,#4166,#841,.T.);
#5040=ADVANCED_FACE('',(#5039),#5029,.F.);
#5046=EDGE_CURVE('',#4170,#4171,#845,.T.);
#5048=EDGE_CURVE('',#4170,#3449,#849,.T.);
#5050=EDGE_CURVE('',#3445,#3449,#853,.T.);
#5052=EDGE_CURVE('',#3445,#3589,#1602,.T.);
#5054=EDGE_CURVE('',#3875,#3589,#864,.T.);
#5056=EDGE_CURVE('',#3874,#3875,#1816,.T.);
#5058=EDGE_CURVE('',#3870,#3874,#1870,.T.);
#5060=EDGE_CURVE('',#4171,#3870,#880,.T.);
#5064=ADVANCED_FACE('',(#5063),#5045,.F.);
#5070=EDGE_CURVE('',#4167,#4173,#868,.T.);
#5072=EDGE_CURVE('',#4179,#4173,#872,.T.);
#5074=EDGE_CURVE('',#4171,#4179,#876,.T.);
#5077=EDGE_CURVE('',#3870,#3871,#884,.T.);
#5079=EDGE_CURVE('',#4183,#3871,#1970,.T.);
#5081=EDGE_CURVE('',#4182,#4183,#888,.T.);
#5083=EDGE_CURVE('',#4182,#4176,#892,.T.);
#5085=EDGE_CURVE('',#4176,#4177,#896,.T.);
#5087=EDGE_CURVE('',#4079,#4177,#1962,.T.);
#5089=EDGE_CURVE('',#4078,#4079,#900,.T.);
#5091=EDGE_CURVE('',#4078,#4072,#904,.T.);
#5093=EDGE_CURVE('',#4072,#4073,#908,.T.);
#5095=EDGE_CURVE('',#3975,#4073,#1946,.T.);
#5097=EDGE_CURVE('',#3974,#3975,#912,.T.);
#5099=EDGE_CURVE('',#3974,#3968,#916,.T.);
#5101=EDGE_CURVE('',#3968,#3969,#920,.T.);
#5103=EDGE_CURVE('',#3537,#3969,#1930,.T.);
#5106=EDGE_CURVE('',#3536,#3530,#928,.T.);
#5109=EDGE_CURVE('',#3882,#3531,#1914,.T.);
#5111=EDGE_CURVE('',#3882,#3883,#936,.T.);
#5115=EDGE_CURVE('',#3533,#3527,#948,.T.);
#5119=EDGE_CURVE('',#3959,#3965,#960,.T.);
#5121=EDGE_CURVE('',#3971,#3965,#964,.T.);
#5123=EDGE_CURVE('',#3963,#3971,#968,.T.);
#5126=EDGE_CURVE('',#4063,#4069,#976,.T.);
#5128=EDGE_CURVE('',#4075,#4069,#980,.T.);
#5130=EDGE_CURVE('',#4067,#4075,#984,.T.);
#5135=ADVANCED_FACE('',(#5134),#5069,.F.);
#5142=EDGE_CURVE('',#4109,#4150,#992,.T.);
#5144=EDGE_CURVE('',#4108,#4109,#996,.T.);
#5146=EDGE_CURVE('',#4151,#4108,#1000,.T.);
#5150=ADVANCED_FACE('',(#5149),#5140,.T.);
#5157=EDGE_CURVE('',#4113,#4154,#1004,.T.);
#5159=EDGE_CURVE('',#4112,#4113,#1008,.T.);
#5161=EDGE_CURVE('',#4155,#4112,#1012,.T.);
#5165=ADVANCED_FACE('',(#5164),#5155,.T.);
#5172=EDGE_CURVE('',#4166,#4191,#1326,.T.);
#5174=EDGE_CURVE('',#4197,#4191,#1161,.T.);
#5176=EDGE_CURVE('',#4123,#4197,#1016,.T.);
#5178=EDGE_CURVE('',#4121,#4123,#1020,.T.);
#5180=EDGE_CURVE('',#4119,#4121,#1024,.T.);
#5182=EDGE_CURVE('',#4117,#4119,#1028,.T.);
#5184=EDGE_CURVE('',#4116,#4117,#1032,.T.);
#5186=EDGE_CURVE('',#4173,#4116,#1037,.T.);
#5191=ADVANCED_FACE('',(#5190),#5170,.T.);
#5198=EDGE_CURVE('',#4103,#4176,#1042,.T.);
#5200=EDGE_CURVE('',#4102,#4103,#1046,.T.);
#5202=EDGE_CURVE('',#4105,#4102,#1050,.T.);
#5204=EDGE_CURVE('',#4201,#4105,#1054,.T.);
#5206=EDGE_CURVE('',#4201,#4189,#1379,.T.);
#5208=EDGE_CURVE('',#4189,#4185,#1314,.T.);
#5210=EDGE_CURVE('',#4177,#4185,#1950,.T.);
#5214=ADVANCED_FACE('',(#5213),#5196,.T.);
#5221=EDGE_CURVE('',#4133,#4158,#1070,.T.);
#5223=EDGE_CURVE('',#4109,#4133,#1058,.T.);
#5228=ADVANCED_FACE('',(#5227),#5219,.T.);
#5235=EDGE_CURVE('',#4159,#4132,#1062,.T.);
#5237=EDGE_CURVE('',#4132,#4133,#1066,.T.);
#5242=ADVANCED_FACE('',(#5241),#5233,.F.);
#5249=EDGE_CURVE('',#4163,#4136,#1074,.T.);
#5251=EDGE_CURVE('',#4136,#4137,#1078,.T.);
#5253=EDGE_CURVE('',#4137,#4162,#1082,.T.);
#5257=ADVANCED_FACE('',(#5256),#5247,.F.);
#5265=EDGE_CURVE('',#4179,#4140,#1087,.T.);
#5267=EDGE_CURVE('',#4140,#4141,#1091,.T.);
#5269=EDGE_CURVE('',#4141,#4143,#1095,.T.);
#5271=EDGE_CURVE('',#4143,#4145,#1099,.T.);
#5273=EDGE_CURVE('',#4145,#4147,#1103,.T.);
#5275=EDGE_CURVE('',#4147,#4199,#1107,.T.);
#5277=EDGE_CURVE('',#4199,#4195,#1218,.T.);
#5279=EDGE_CURVE('',#4170,#4195,#1358,.T.);
#5283=ADVANCED_FACE('',(#5282),#5262,.F.);
#5290=EDGE_CURVE('',#4187,#4183,#1966,.T.);
#5292=EDGE_CURVE('',#4193,#4187,#1338,.T.);
#5294=EDGE_CURVE('',#4203,#4193,#1388,.T.);
#5296=EDGE_CURVE('',#4203,#4129,#1111,.T.);
#5298=EDGE_CURVE('',#4129,#4126,#1115,.T.);
#5300=EDGE_CURVE('',#4126,#4127,#1119,.T.);
#5302=EDGE_CURVE('',#4127,#4182,#1124,.T.);
#5306=ADVANCED_FACE('',(#5305),#5288,.F.);
#5314=EDGE_CURVE('',#4108,#4132,#1128,.T.);
#5319=ADVANCED_FACE('',(#5318),#5311,.T.);
#5331=ADVANCED_FACE('',(#5330),#5324,.T.);
#5339=EDGE_CURVE('',#4112,#4136,#1132,.T.);
#5344=ADVANCED_FACE('',(#5343),#5336,.T.);
#5351=EDGE_CURVE('',#4113,#4137,#1136,.T.);
#5357=ADVANCED_FACE('',(#5356),#5349,.T.);
#5369=ADVANCED_FACE('',(#5368),#5362,.T.);
#5377=EDGE_CURVE('',#4116,#4140,#1140,.T.);
#5382=ADVANCED_FACE('',(#5381),#5374,.T.);
#5389=EDGE_CURVE('',#4117,#4141,#1144,.T.);
#5395=ADVANCED_FACE('',(#5394),#5387,.T.);
#5402=EDGE_CURVE('',#4119,#4143,#1148,.T.);
#5408=ADVANCED_FACE('',(#5407),#5400,.T.);
#5415=EDGE_CURVE('',#4121,#4145,#1152,.T.);
#5421=ADVANCED_FACE('',(#5420),#5413,.T.);
#5428=EDGE_CURVE('',#4123,#4147,#1156,.T.);
#5434=ADVANCED_FACE('',(#5433),#5426,.T.);
#5440=EDGE_CURVE('',#4197,#4199,#1222,.T.);
#5447=ADVANCED_FACE('',(#5446),#5439,.T.);
#5454=EDGE_CURVE('',#4091,#4191,#1334,.T.);
#5456=EDGE_CURVE('',#4095,#4091,#1166,.T.);
#5458=EDGE_CURVE('',#4093,#4095,#1170,.T.);
#5460=EDGE_CURVE('',#4093,#4087,#1175,.T.);
#5462=EDGE_CURVE('',#3987,#4087,#1310,.T.);
#5464=EDGE_CURVE('',#3991,#3987,#1180,.T.);
#5466=EDGE_CURVE('',#3989,#3991,#1184,.T.);
#5468=EDGE_CURVE('',#3989,#3983,#1189,.T.);
#5470=EDGE_CURVE('',#3549,#3983,#1286,.T.);
#5473=EDGE_CURVE('',#3833,#3835,#1198,.T.);
#5476=EDGE_CURVE('',#3597,#3545,#1262,.T.);
#5478=EDGE_CURVE('',#3597,#3560,#1208,.T.);
#5480=EDGE_CURVE('',#3560,#3561,#1659,.T.);
#5482=EDGE_CURVE('',#3561,#3595,#1213,.T.);
#5484=EDGE_CURVE('',#4195,#3595,#1362,.T.);
#5490=ADVANCED_FACE('',(#5489),#5452,.T.);
#5497=EDGE_CURVE('',#3543,#3599,#1230,.T.);
#5499=EDGE_CURVE('',#3417,#3599,#1234,.T.);
#5501=EDGE_CURVE('',#3416,#3417,#1238,.T.);
#5503=EDGE_CURVE('',#3451,#3416,#1242,.T.);
#5505=EDGE_CURVE('',#3451,#3539,#1895,.T.);
#5509=ADVANCED_FACE('',(#5508),#5495,.T.);
#5517=EDGE_CURVE('',#3413,#3447,#1250,.T.);
#5519=EDGE_CURVE('',#3412,#3413,#1254,.T.);
#5521=EDGE_CURVE('',#3597,#3412,#1258,.T.);
#5526=ADVANCED_FACE('',(#5525),#5514,.T.);
#5532=EDGE_CURVE('',#3981,#3977,#1266,.T.);
#5534=EDGE_CURVE('',#3981,#3547,#1270,.T.);
#5537=EDGE_CURVE('',#3541,#3977,#1922,.T.);
#5541=ADVANCED_FACE('',(#5540),#5531,.T.);
#5547=EDGE_CURVE('',#3958,#3983,#1278,.T.);
#5554=ADVANCED_FACE('',(#5553),#5546,.T.);
#5560=EDGE_CURVE('',#4085,#4081,#1290,.T.);
#5562=EDGE_CURVE('',#4085,#3985,#1294,.T.);
#5564=EDGE_CURVE('',#3985,#3979,#1298,.T.);
#5566=EDGE_CURVE('',#3979,#4081,#1938,.T.);
#5570=ADVANCED_FACE('',(#5569),#5559,.T.);
#5576=EDGE_CURVE('',#4062,#4087,#1302,.T.);
#5579=EDGE_CURVE('',#3962,#3987,#1306,.T.);
#5584=ADVANCED_FACE('',(#5583),#5575,.T.);
#5591=EDGE_CURVE('',#4189,#4089,#1318,.T.);
#5593=EDGE_CURVE('',#4089,#4083,#1322,.T.);
#5595=EDGE_CURVE('',#4083,#4185,#1954,.T.);
#5599=ADVANCED_FACE('',(#5598),#5589,.T.);
#5607=EDGE_CURVE('',#4066,#4091,#1330,.T.);
#5612=ADVANCED_FACE('',(#5611),#5604,.T.);
#5619=EDGE_CURVE('',#4187,#3453,#1983,.T.);
#5621=EDGE_CURVE('',#3421,#3453,#1342,.T.);
#5623=EDGE_CURVE('',#3420,#3421,#1346,.T.);
#5625=EDGE_CURVE('',#3601,#3420,#1350,.T.);
#5627=EDGE_CURVE('',#3601,#4193,#1354,.T.);
#5631=ADVANCED_FACE('',(#5630),#5617,.T.);
#5639=EDGE_CURVE('',#3409,#3595,#1366,.T.);
#5641=EDGE_CURVE('',#3408,#3409,#1370,.T.);
#5643=EDGE_CURVE('',#3449,#3408,#1374,.T.);
#5648=ADVANCED_FACE('',(#5647),#5636,.T.);
#5655=EDGE_CURVE('',#4203,#4201,#1383,.T.);
#5659=EDGE_CURVE('',#3601,#3568,#1393,.T.);
#5661=EDGE_CURVE('',#3568,#3569,#2025,.T.);
#5663=EDGE_CURVE('',#3569,#3599,#1398,.T.);
#5667=EDGE_CURVE('',#3553,#3551,#1407,.T.);
#5671=EDGE_CURVE('',#3993,#3981,#1417,.T.);
#5673=EDGE_CURVE('',#3995,#3993,#1421,.T.);
#5675=EDGE_CURVE('',#3995,#3985,#1426,.T.);
#5678=EDGE_CURVE('',#4097,#4085,#1431,.T.);
#5680=EDGE_CURVE('',#4099,#4097,#1435,.T.);
#5682=EDGE_CURVE('',#4099,#4089,#1440,.T.);
#5687=ADVANCED_FACE('',(#5686),#5653,.T.);
#5695=EDGE_CURVE('',#4105,#4129,#1444,.T.);
#5700=ADVANCED_FACE('',(#5699),#5692,.T.);
#5707=EDGE_CURVE('',#4102,#4126,#1448,.T.);
#5713=ADVANCED_FACE('',(#5712),#5705,.T.);
#5720=EDGE_CURVE('',#4103,#4127,#1452,.T.);
#5726=ADVANCED_FACE('',(#5725),#5718,.T.);
#5738=ADVANCED_FACE('',(#5737),#5731,.T.);
#5744=EDGE_CURVE('',#3585,#3571,#1457,.T.);
#5746=EDGE_CURVE('',#3571,#3568,#2029,.T.);
#5750=EDGE_CURVE('',#3440,#3420,#2933,.T.);
#5752=EDGE_CURVE('',#3585,#3440,#1566,.T.);
#5756=ADVANCED_FACE('',(#5755),#5743,.F.);
#5762=EDGE_CURVE('',#3647,#3657,#1462,.T.);
#5764=EDGE_CURVE('',#3647,#3571,#2033,.T.);
#5767=EDGE_CURVE('',#3657,#3585,#1562,.T.);
#5771=ADVANCED_FACE('',(#5770),#5761,.T.);
#5826=EDGE_CURVE('',#3657,#3658,#1558,.T.);
#5828=EDGE_CURVE('',#3643,#3658,#3332,.T.);
#5830=EDGE_CURVE('',#3647,#3643,#1474,.T.);
#5834=ADVANCED_FACE('',(#5833),#5824,.T.);
#5840=EDGE_CURVE('',#3619,#3620,#1486,.T.);
#5842=EDGE_CURVE('',#3581,#3619,#1490,.T.);
#5844=EDGE_CURVE('',#3581,#3428,#1494,.T.);
#5846=EDGE_CURVE('',#3428,#3429,#1498,.T.);
#5848=EDGE_CURVE('',#3429,#3431,#1502,.T.);
#5851=EDGE_CURVE('',#3620,#3587,#1510,.T.);
#5855=ADVANCED_FACE('',(#5854),#5839,.T.);
#5861=EDGE_CURVE('',#3634,#3635,#1522,.T.);
#5863=EDGE_CURVE('',#3591,#3634,#1526,.T.);
#5865=EDGE_CURVE('',#3591,#3434,#1530,.T.);
#5867=EDGE_CURVE('',#3434,#3435,#1534,.T.);
#5869=EDGE_CURVE('',#3435,#3437,#1538,.T.);
#5871=EDGE_CURVE('',#3583,#3437,#1542,.T.);
#5873=EDGE_CURVE('',#3583,#3635,#1546,.T.);
#5877=ADVANCED_FACE('',(#5876),#5860,.T.);
#5886=EDGE_CURVE('',#3440,#3441,#1570,.T.);
#5888=EDGE_CURVE('',#3441,#3443,#1574,.T.);
#5890=EDGE_CURVE('',#3443,#3593,#1578,.T.);
#5892=EDGE_CURVE('',#3658,#3593,#1582,.T.);
#5896=ADVANCED_FACE('',(#5895),#5882,.T.);
#5902=EDGE_CURVE('',#3672,#3673,#1594,.T.);
#5904=EDGE_CURVE('',#3589,#3672,#1598,.T.);
#5907=EDGE_CURVE('',#3445,#3424,#1606,.T.);
#5909=EDGE_CURVE('',#3424,#3425,#1610,.T.);
#5911=EDGE_CURVE('',#3579,#3425,#1614,.T.);
#5913=EDGE_CURVE('',#3673,#3579,#1618,.T.);
#5917=ADVANCED_FACE('',(#5916),#5901,.T.);
#5971=EDGE_CURVE('',#3609,#3619,#1635,.T.);
#5974=EDGE_CURVE('',#3605,#3620,#3337,.T.);
#5976=EDGE_CURVE('',#3609,#3605,#1630,.T.);
#5980=ADVANCED_FACE('',(#5979),#5970,.T.);
#5987=EDGE_CURVE('',#3563,#3609,#1667,.T.);
#5989=EDGE_CURVE('',#3581,#3563,#1996,.T.);
#5994=ADVANCED_FACE('',(#5993),#5985,.T.);
#6000=EDGE_CURVE('',#3608,#3609,#1639,.T.);
#6003=EDGE_CURVE('',#3668,#3665,#1647,.T.);
#6005=EDGE_CURVE('',#3668,#3565,#1651,.T.);
#6007=EDGE_CURVE('',#3565,#3561,#1655,.T.);
#6010=EDGE_CURVE('',#3563,#3560,#1663,.T.);
#6015=ADVANCED_FACE('',(#6014),#5999,.T.);
#6021=EDGE_CURVE('',#3604,#3605,#1719,.T.);
#6028=ADVANCED_FACE('',(#6027),#6020,.T.);
#6034=EDGE_CURVE('',#3841,#3843,#1683,.T.);
#6036=EDGE_CURVE('',#3841,#3846,#1687,.T.);
#6038=EDGE_CURVE('',#3846,#3847,#1691,.T.);
#6040=EDGE_CURVE('',#3886,#3847,#1695,.T.);
#6042=EDGE_CURVE('',#3886,#3887,#1699,.T.);
#6044=EDGE_CURVE('',#3887,#3632,#1703,.T.);
#6046=EDGE_CURVE('',#3632,#3623,#1707,.T.);
#6049=EDGE_CURVE('',#3729,#3575,#2105,.T.);
#6051=EDGE_CURVE('',#3728,#3729,#1711,.T.);
#6056=EDGE_CURVE('',#3605,#3891,#1723,.T.);
#6059=EDGE_CURVE('',#3843,#3890,#1731,.T.);
#6063=ADVANCED_FACE('',(#6062),#6033,.F.);
#6069=EDGE_CURVE('',#3838,#3839,#1744,.T.);
#6071=EDGE_CURVE('',#3838,#3841,#1775,.T.);
#6074=EDGE_CURVE('',#3843,#3839,#1740,.T.);
#6078=ADVANCED_FACE('',(#6077),#6068,.T.);
#6085=EDGE_CURVE('',#3851,#3839,#1752,.T.);
#6087=EDGE_CURVE('',#3849,#3851,#1748,.T.);
#6089=EDGE_CURVE('',#3838,#3849,#1779,.T.);
#6093=ADVANCED_FACE('',(#6092),#6083,.F.);
#6100=EDGE_CURVE('',#3851,#3847,#1771,.T.);
#6107=EDGE_CURVE('',#3882,#3886,#1762,.T.);
#6111=ADVANCED_FACE('',(#6110),#6098,.T.);
#6118=EDGE_CURVE('',#3846,#3849,#1783,.T.);
#6124=ADVANCED_FACE('',(#6123),#6116,.T.);
#6136=ADVANCED_FACE('',(#6135),#6129,.F.);
#6142=EDGE_CURVE('',#3854,#3857,#1787,.T.);
#6144=EDGE_CURVE('',#3854,#3865,#1856,.T.);
#6146=EDGE_CURVE('',#3862,#3865,#1791,.T.);
#6148=EDGE_CURVE('',#3862,#3857,#1795,.T.);
#6152=ADVANCED_FACE('',(#6151),#6141,.F.);
#6158=EDGE_CURVE('',#3854,#3855,#1808,.T.);
#6161=EDGE_CURVE('',#3857,#3859,#1874,.T.);
#6163=EDGE_CURVE('',#3859,#3855,#1804,.T.);
#6167=ADVANCED_FACE('',(#6166),#6157,.T.);
#6174=EDGE_CURVE('',#3874,#3855,#1812,.T.);
#6177=EDGE_CURVE('',#3875,#3670,#1820,.T.);
#6179=EDGE_CURVE('',#3670,#3661,#1824,.T.);
#6181=EDGE_CURVE('',#3661,#4227,#1828,.T.);
#6183=EDGE_CURVE('',#3737,#4227,#2840,.T.);
#6185=EDGE_CURVE('',#3736,#3737,#1832,.T.);
#6187=EDGE_CURVE('',#3577,#3736,#2117,.T.);
#6189=EDGE_CURVE('',#3642,#3577,#2085,.T.);
#6191=EDGE_CURVE('',#3642,#3643,#1836,.T.);
#6193=EDGE_CURVE('',#3643,#3879,#1840,.T.);
#6195=EDGE_CURVE('',#3878,#3879,#1844,.T.);
#6197=EDGE_CURVE('',#3867,#3878,#1848,.T.);
#6199=EDGE_CURVE('',#3865,#3867,#1852,.T.);
#6204=ADVANCED_FACE('',(#6203),#6172,.F.);
#6210=EDGE_CURVE('',#3859,#3863,#1860,.T.);
#6212=EDGE_CURVE('',#3867,#3863,#1887,.T.);
#6215=EDGE_CURVE('',#3878,#3871,#1865,.T.);
#6223=ADVANCED_FACE('',(#6222),#6209,.T.);
#6231=EDGE_CURVE('',#3862,#3863,#1878,.T.);
#6236=ADVANCED_FACE('',(#6235),#6228,.F.);
#6248=ADVANCED_FACE('',(#6247),#6241,.T.);
#6256=EDGE_CURVE('',#3434,#3451,#1899,.T.);
#6259=EDGE_CURVE('',#3887,#3591,#1910,.T.);
#6266=ADVANCED_FACE('',(#6265),#6253,.F.);
#6272=EDGE_CURVE('',#3969,#3977,#1918,.T.);
#6279=ADVANCED_FACE('',(#6278),#6271,.F.);
#6285=EDGE_CURVE('',#4073,#4081,#1934,.T.);
#6288=EDGE_CURVE('',#3979,#3975,#1942,.T.);
#6293=ADVANCED_FACE('',(#6292),#6284,.F.);
#6301=EDGE_CURVE('',#4083,#4079,#1958,.T.);
#6306=ADVANCED_FACE('',(#6305),#6298,.F.);
#6316=EDGE_CURVE('',#3593,#3879,#1975,.T.);
#6319=EDGE_CURVE('',#3443,#3453,#1979,.T.);
#6324=ADVANCED_FACE('',(#6323),#6311,.F.);
#6331=EDGE_CURVE('',#3429,#3413,#1987,.T.);
#6337=ADVANCED_FACE('',(#6336),#6329,.F.);
#6346=EDGE_CURVE('',#3435,#3416,#2000,.T.);
#6350=ADVANCED_FACE('',(#6349),#6342,.F.);
#6357=EDGE_CURVE('',#3428,#3412,#1991,.T.);
#6363=ADVANCED_FACE('',(#6362),#6355,.F.);
#6377=ADVANCED_FACE('',(#6376),#6368,.F.);
#6386=EDGE_CURVE('',#3437,#3417,#2009,.T.);
#6390=ADVANCED_FACE('',(#6389),#6382,.F.);
#6398=EDGE_CURVE('',#3573,#3569,#2021,.T.);
#6400=EDGE_CURVE('',#3573,#3583,#2005,.T.);
#6406=ADVANCED_FACE('',(#6405),#6395,.F.);
#6412=EDGE_CURVE('',#3630,#3627,#2013,.T.);
#6414=EDGE_CURVE('',#3573,#3630,#2017,.T.);
#6420=EDGE_CURVE('',#3646,#3647,#2037,.T.);
#6422=EDGE_CURVE('',#3627,#3646,#2057,.T.);
#6426=ADVANCED_FACE('',(#6425),#6411,.T.);
#6433=EDGE_CURVE('',#3627,#3623,#2049,.T.);
#6436=EDGE_CURVE('',#3632,#3630,#2957,.T.);
#6440=ADVANCED_FACE('',(#6439),#6431,.T.);
#6448=EDGE_CURVE('',#3627,#3628,#2053,.T.);
#6450=EDGE_CURVE('',#3628,#3624,#2596,.T.);
#6454=ADVANCED_FACE('',(#6453),#6445,.T.);
#6462=EDGE_CURVE('',#3649,#3646,#2061,.T.);
#6464=EDGE_CURVE('',#3649,#3628,#2065,.T.);
#6468=ADVANCED_FACE('',(#6467),#6459,.T.);
#6475=EDGE_CURVE('',#3646,#3642,#2077,.T.);
#6477=EDGE_CURVE('',#3651,#3642,#2081,.T.);
#6479=EDGE_CURVE('',#3651,#3649,#2611,.T.);
#6483=ADVANCED_FACE('',(#6482),#6473,.T.);
#6495=ADVANCED_FACE('',(#6494),#6488,.T.);
#6503=EDGE_CURVE('',#3577,#3556,#2089,.T.);
#6505=EDGE_CURVE('',#3651,#3556,#2093,.T.);
#6509=ADVANCED_FACE('',(#6508),#6500,.T.);
#6515=EDGE_CURVE('',#3661,#3662,#2097,.T.);
#6517=EDGE_CURVE('',#3679,#3662,#2101,.T.);
#6519=EDGE_CURVE('',#3679,#4227,#2844,.T.);
#6524=ADVANCED_FACE('',(#6523),#6514,.T.);
#6530=EDGE_CURVE('',#3725,#3401,#2133,.T.);
#6532=EDGE_CURVE('',#3729,#3725,#2169,.T.);
#6536=EDGE_CURVE('',#3554,#3555,#2113,.T.);
#6538=EDGE_CURVE('',#3554,#3400,#2308,.T.);
#6543=ADVANCED_FACE('',(#6542),#6529,.F.);
#6550=EDGE_CURVE('',#3732,#3736,#2860,.T.);
#6552=EDGE_CURVE('',#3405,#3732,#2145,.T.);
#6554=EDGE_CURVE('',#3404,#3405,#2197,.T.);
#6556=EDGE_CURVE('',#3404,#3557,#2334,.T.);
#6558=EDGE_CURVE('',#3556,#3557,#2125,.T.);
#6563=ADVANCED_FACE('',(#6562),#6548,.F.);
#6569=EDGE_CURVE('',#3724,#3725,#2129,.T.);
#6576=ADVANCED_FACE('',(#6575),#6568,.F.);
#6582=EDGE_CURVE('',#4221,#4251,#2177,.T.);
#6584=EDGE_CURVE('',#4207,#4221,#2205,.T.);
#6586=EDGE_CURVE('',#4206,#4207,#2141,.T.);
#6588=EDGE_CURVE('',#4223,#4206,#2937,.T.);
#6590=EDGE_CURVE('',#3405,#4223,#2201,.T.);
#6593=EDGE_CURVE('',#3732,#3733,#2149,.T.);
#6595=EDGE_CURVE('',#3733,#4251,#2153,.T.);
#6599=ADVANCED_FACE('',(#6598),#6581,.F.);
#6611=ADVANCED_FACE('',(#6610),#6604,.T.);
#6617=EDGE_CURVE('',#4217,#4221,#2173,.T.);
#6620=EDGE_CURVE('',#4251,#4233,#2836,.T.);
#6622=EDGE_CURVE('',#3797,#4233,#2181,.T.);
#6624=EDGE_CURVE('',#3689,#3797,#2185,.T.);
#6626=EDGE_CURVE('',#4217,#3689,#2213,.T.);
#6630=ADVANCED_FACE('',(#6629),#6616,.F.);
#6636=EDGE_CURVE('',#4219,#4223,#2189,.T.);
#6638=EDGE_CURVE('',#3717,#4219,#2229,.T.);
#6640=EDGE_CURVE('',#3719,#3717,#2193,.T.);
#6642=EDGE_CURVE('',#3719,#3404,#2338,.T.);
#6648=ADVANCED_FACE('',(#6647),#6635,.F.);
#6656=EDGE_CURVE('',#4217,#4213,#2209,.T.);
#6659=EDGE_CURVE('',#4211,#4207,#2945,.T.);
#6663=ADVANCED_FACE('',(#6662),#6653,.T.);
#6671=EDGE_CURVE('',#3687,#3689,#2217,.T.);
#6676=ADVANCED_FACE('',(#6675),#6668,.T.);
#6682=EDGE_CURVE('',#4219,#4215,#2221,.T.);
#6685=EDGE_CURVE('',#3717,#3712,#2225,.T.);
#6690=ADVANCED_FACE('',(#6689),#6681,.T.);
#6698=EDGE_CURVE('',#3691,#3689,#2240,.T.);
#6700=EDGE_CURVE('',#3686,#3691,#2268,.T.);
#6704=ADVANCED_FACE('',(#6703),#6695,.F.);
#6710=EDGE_CURVE('',#3691,#3795,#2256,.T.);
#6714=EDGE_CURVE('',#3795,#3797,#2252,.T.);
#6718=ADVANCED_FACE('',(#6717),#6709,.F.);
#6725=EDGE_CURVE('',#3799,#3795,#2260,.T.);
#6727=EDGE_CURVE('',#3799,#3693,#2264,.T.);
#6733=ADVANCED_FACE('',(#6732),#6723,.F.);
#6742=EDGE_CURVE('',#3809,#3700,#2280,.T.);
#6744=EDGE_CURVE('',#3805,#3809,#2284,.T.);
#6748=ADVANCED_FACE('',(#6747),#6738,.F.);
#6755=EDGE_CURVE('',#3795,#4234,#2292,.T.);
#6757=EDGE_CURVE('',#4236,#4234,#2374,.T.);
#6759=EDGE_CURVE('',#3799,#4236,#2288,.T.);
#6763=ADVANCED_FACE('',(#6762),#6753,.T.);
#6818=EDGE_CURVE('',#3797,#4230,#2296,.T.);
#6820=EDGE_CURVE('',#4234,#4230,#2386,.T.);
#6825=ADVANCED_FACE('',(#6824),#6816,.F.);
#6831=EDGE_CURVE('',#4230,#4231,#2390,.T.);
#6835=EDGE_CURVE('',#4233,#4231,#2832,.T.);
#6839=ADVANCED_FACE('',(#6838),#6830,.T.);
#6845=EDGE_CURVE('',#3785,#3780,#2300,.T.);
#6847=EDGE_CURVE('',#3705,#3785,#2496,.T.);
#6849=EDGE_CURVE('',#3709,#3705,#2567,.T.);
#6853=EDGE_CURVE('',#3554,#3639,#2312,.T.);
#6855=EDGE_CURVE('',#3637,#3639,#2317,.T.);
#6857=EDGE_CURVE('',#3655,#3637,#2321,.T.);
#6859=EDGE_CURVE('',#3653,#3655,#2326,.T.);
#6861=EDGE_CURVE('',#3653,#3557,#2330,.T.);
#6865=EDGE_CURVE('',#3721,#3719,#2575,.T.);
#6867=EDGE_CURVE('',#3793,#3721,#2512,.T.);
#6869=EDGE_CURVE('',#3791,#3793,#2342,.T.);
#6871=EDGE_CURVE('',#3791,#3780,#2346,.T.);
#6875=ADVANCED_FACE('',(#6874),#6844,.T.);
#6881=EDGE_CURVE('',#3822,#3823,#2350,.T.);
#6883=EDGE_CURVE('',#3765,#3823,#2712,.T.);
#6885=EDGE_CURVE('',#3764,#3765,#2354,.T.);
#6887=EDGE_CURVE('',#3764,#4237,#2358,.T.);
#6889=EDGE_CURVE('',#4237,#4236,#2370,.T.);
#6894=EDGE_CURVE('',#3681,#4231,#2394,.T.);
#6896=EDGE_CURVE('',#3681,#3677,#2398,.T.);
#6898=EDGE_CURVE('',#3675,#3677,#2403,.T.);
#6905=EDGE_CURVE('',#4243,#4244,#2436,.T.);
#6907=EDGE_CURVE('',#4244,#4246,#2440,.T.);
#6909=EDGE_CURVE('',#4246,#4247,#2452,.T.);
#6911=EDGE_CURVE('',#4247,#3777,#2456,.T.);
#6913=EDGE_CURVE('',#3776,#3777,#2460,.T.);
#6915=EDGE_CURVE('',#3822,#3776,#2636,.T.);
#6919=ADVANCED_FACE('',(#6918),#6880,.T.);
#6925=EDGE_CURVE('',#3780,#3781,#2468,.T.);
#6927=EDGE_CURVE('',#3783,#3781,#2524,.T.);
#6929=EDGE_CURVE('',#3783,#3785,#2464,.T.);
#6934=ADVANCED_FACE('',(#6933),#6924,.T.);
#6942=EDGE_CURVE('',#3788,#3791,#2472,.T.);
#6944=EDGE_CURVE('',#3788,#3380,#2492,.T.);
#6946=EDGE_CURVE('',#3380,#3381,#2536,.T.);
#6948=EDGE_CURVE('',#3781,#3381,#2528,.T.);
#6952=ADVANCED_FACE('',(#6951),#6939,.F.);
#6958=EDGE_CURVE('',#3788,#3789,#2480,.T.);
#6962=EDGE_CURVE('',#3793,#3789,#2476,.T.);
#6966=ADVANCED_FACE('',(#6965),#6957,.T.);
#6973=EDGE_CURVE('',#3372,#3789,#2484,.T.);
#6976=EDGE_CURVE('',#3373,#3380,#2488,.T.);
#6981=ADVANCED_FACE('',(#6980),#6971,.F.);
#6989=EDGE_CURVE('',#3377,#3783,#2500,.T.);
#6992=EDGE_CURVE('',#3710,#3704,#2504,.T.);
#6994=EDGE_CURVE('',#3704,#3705,#2508,.T.);
#6998=ADVANCED_FACE('',(#6997),#6986,.F.);
#7007=EDGE_CURVE('',#3721,#3715,#2516,.T.);
#7009=EDGE_CURVE('',#3715,#3713,#2520,.T.);
#7014=ADVANCED_FACE('',(#7013),#7003,.F.);
#7022=EDGE_CURVE('',#3376,#3381,#2532,.T.);
#7028=ADVANCED_FACE('',(#7027),#7019,.F.);
#7040=ADVANCED_FACE('',(#7039),#7033,.T.);
#7047=EDGE_CURVE('',#3711,#3708,#2548,.T.);
#7049=EDGE_CURVE('',#3704,#3708,#2559,.T.);
#7054=ADVANCED_FACE('',(#7053),#7045,.F.);
#7066=ADVANCED_FACE('',(#7065),#7059,.T.);
#7078=ADVANCED_FACE('',(#7077),#7071,.F.);
#7085=EDGE_CURVE('',#3715,#3717,#2586,.T.);
#7091=ADVANCED_FACE('',(#7090),#7083,.F.);
#7103=ADVANCED_FACE('',(#7102),#7096,.F.);
#7109=EDGE_CURVE('',#3624,#3639,#2591,.T.);
#7116=ADVANCED_FACE('',(#7115),#7108,.T.);
#7122=EDGE_CURVE('',#3628,#3637,#2601,.T.);
#7129=ADVANCED_FACE('',(#7128),#7121,.T.);
#7137=EDGE_CURVE('',#3649,#3655,#2606,.T.);
#7142=ADVANCED_FACE('',(#7141),#7134,.T.);
#7148=EDGE_CURVE('',#3651,#3653,#2616,.T.);
#7155=ADVANCED_FACE('',(#7154),#7147,.T.);
#7167=ADVANCED_FACE('',(#7166),#7160,.T.);
#7174=EDGE_CURVE('',#3822,#3829,#2620,.T.);
#7176=EDGE_CURVE('',#3829,#3826,#2624,.T.);
#7178=EDGE_CURVE('',#3826,#3827,#2672,.T.);
#7180=EDGE_CURVE('',#3827,#3831,#2628,.T.);
#7182=EDGE_CURVE('',#3831,#3823,#2632,.T.);
#7186=ADVANCED_FACE('',(#7185),#7172,.T.);
#7192=EDGE_CURVE('',#3829,#3772,#2644,.T.);
#7196=EDGE_CURVE('',#3772,#3776,#2640,.T.);
#7200=ADVANCED_FACE('',(#7199),#7191,.T.);
#7206=EDGE_CURVE('',#3818,#3826,#2676,.T.);
#7210=EDGE_CURVE('',#3772,#3392,#2648,.T.);
#7212=EDGE_CURVE('',#3392,#3384,#2652,.T.);
#7215=EDGE_CURVE('',#3810,#3811,#2658,.T.);
#7217=EDGE_CURVE('',#3819,#3810,#2662,.T.);
#7219=EDGE_CURVE('',#3818,#3819,#2668,.T.);
#7223=ADVANCED_FACE('',(#7222),#7205,.F.);
#7231=EDGE_CURVE('',#3818,#3816,#2680,.T.);
#7233=EDGE_CURVE('',#3816,#3827,#2684,.T.);
#7237=ADVANCED_FACE('',(#7236),#7228,.F.);
#7243=EDGE_CURVE('',#3815,#3816,#2690,.T.);
#7247=EDGE_CURVE('',#3819,#3815,#2828,.T.);
#7251=ADVANCED_FACE('',(#7250),#7242,.F.);
#7257=EDGE_CURVE('',#3831,#3769,#2716,.T.);
#7262=EDGE_CURVE('',#3814,#3815,#2694,.T.);
#7264=EDGE_CURVE('',#3813,#3814,#2700,.T.);
#7267=EDGE_CURVE('',#3388,#3396,#2704,.T.);
#7269=EDGE_CURVE('',#3769,#3396,#2708,.T.);
#7273=ADVANCED_FACE('',(#7272),#7256,.F.);
#7282=EDGE_CURVE('',#3769,#3765,#2720,.T.);
#7286=ADVANCED_FACE('',(#7285),#7278,.T.);
#7294=EDGE_CURVE('',#3768,#3769,#2724,.T.);
#7296=EDGE_CURVE('',#3768,#3764,#2768,.T.);
#7300=ADVANCED_FACE('',(#7299),#7291,.T.);
#7308=EDGE_CURVE('',#3396,#3397,#2732,.T.);
#7310=EDGE_CURVE('',#3768,#3397,#2736,.T.);
#7314=ADVANCED_FACE('',(#7313),#7305,.F.);
#7320=EDGE_CURVE('',#3772,#3773,#2728,.T.);
#7322=EDGE_CURVE('',#3773,#3393,#2796,.T.);
#7324=EDGE_CURVE('',#3392,#3393,#2812,.T.);
#7329=ADVANCED_FACE('',(#7328),#7319,.F.);
#7338=EDGE_CURVE('',#3389,#3397,#2740,.T.);
#7342=ADVANCED_FACE('',(#7341),#7334,.T.);
#7351=EDGE_CURVE('',#3801,#3692,#2744,.T.);
#7353=EDGE_CURVE('',#3768,#3801,#2748,.T.);
#7357=ADVANCED_FACE('',(#7356),#7347,.F.);
#7364=EDGE_CURVE('',#3801,#3799,#2760,.T.);
#7370=ADVANCED_FACE('',(#7369),#7362,.F.);
#7427=EDGE_CURVE('',#3801,#4237,#2764,.T.);
#7431=ADVANCED_FACE('',(#7430),#7423,.F.);
#7443=ADVANCED_FACE('',(#7442),#7436,.T.);
#7452=EDGE_CURVE('',#3773,#3777,#2772,.T.);
#7456=ADVANCED_FACE('',(#7455),#7448,.T.);
#7463=EDGE_CURVE('',#3807,#4247,#2776,.T.);
#7465=EDGE_CURVE('',#3807,#3773,#2800,.T.);
#7470=ADVANCED_FACE('',(#7469),#7461,.T.);
#7524=EDGE_CURVE('',#3809,#3807,#2792,.T.);
#7528=EDGE_CURVE('',#3809,#4246,#2780,.T.);
#7532=ADVANCED_FACE('',(#7531),#7523,.F.);
#7538=EDGE_CURVE('',#3807,#3701,#2804,.T.);
#7545=ADVANCED_FACE('',(#7544),#7537,.F.);
#7555=EDGE_CURVE('',#3393,#3385,#2808,.T.);
#7559=ADVANCED_FACE('',(#7558),#7550,.F.);
#7571=ADVANCED_FACE('',(#7570),#7564,.T.);
#7580=EDGE_CURVE('',#3805,#4244,#2816,.T.);
#7584=ADVANCED_FACE('',(#7583),#7576,.T.);
#7644=ADVANCED_FACE('',(#7643),#7637,.F.);
#7650=EDGE_CURVE('',#3814,#3810,#2824,.T.);
#7657=ADVANCED_FACE('',(#7656),#7649,.T.);
#7669=ADVANCED_FACE('',(#7668),#7662,.F.);
#7678=EDGE_CURVE('',#3737,#3733,#2868,.T.);
#7682=EDGE_CURVE('',#3681,#3679,#2852,.T.);
#7687=ADVANCED_FACE('',(#7686),#7674,.T.);
#7699=ADVANCED_FACE('',(#7698),#7692,.T.);
#7705=EDGE_CURVE('',#3662,#3677,#2873,.T.);
#7712=ADVANCED_FACE('',(#7711),#7704,.T.);
#7721=EDGE_CURVE('',#3666,#3662,#2878,.T.);
#7725=ADVANCED_FACE('',(#7724),#7717,.T.);
#7732=EDGE_CURVE('',#3665,#3661,#2890,.T.);
#7738=ADVANCED_FACE('',(#7737),#7730,.T.);
#7747=EDGE_CURVE('',#3670,#3668,#2902,.T.);
#7751=ADVANCED_FACE('',(#7750),#7743,.T.);
#7805=EDGE_CURVE('',#3670,#3672,#2907,.T.);
#7808=EDGE_CURVE('',#3668,#3673,#2912,.T.);
#7813=ADVANCED_FACE('',(#7812),#7804,.T.);
#7825=ADVANCED_FACE('',(#7824),#7818,.T.);
#7833=EDGE_CURVE('',#3565,#3579,#2917,.T.);
#7838=ADVANCED_FACE('',(#7837),#7830,.T.);
#7849=EDGE_CURVE('',#3425,#3409,#2921,.T.);
#7853=ADVANCED_FACE('',(#7852),#7843,.F.);
#7860=EDGE_CURVE('',#3424,#3408,#2925,.T.);
#7866=ADVANCED_FACE('',(#7865),#7858,.F.);
#7873=EDGE_CURVE('',#3441,#3421,#2929,.T.);
#7879=ADVANCED_FACE('',(#7878),#7871,.F.);
#7891=ADVANCED_FACE('',(#7890),#7884,.F.);
#7903=ADVANCED_FACE('',(#7902),#7896,.F.);
#7910=EDGE_CURVE('',#4210,#4206,#2941,.T.);
#7917=ADVANCED_FACE('',(#7916),#7908,.T.);
#7929=ADVANCED_FACE('',(#7928),#7922,.T.);
#7983=EDGE_CURVE('',#3632,#3634,#2962,.T.);
#7986=EDGE_CURVE('',#3630,#3635,#2967,.T.);
#7991=ADVANCED_FACE('',(#7990),#7982,.T.);
#8003=ADVANCED_FACE('',(#8002),#7996,.T.);
#8015=ADVANCED_FACE('',(#8014),#8008,.T.);
#8022=EDGE_CURVE('',#3901,#3942,#2971,.T.);
#8024=EDGE_CURVE('',#3900,#3901,#2975,.T.);
#8026=EDGE_CURVE('',#3943,#3900,#2979,.T.);
#8030=ADVANCED_FACE('',(#8029),#8020,.T.);
#8037=EDGE_CURVE('',#3905,#3946,#2983,.T.);
#8039=EDGE_CURVE('',#3904,#3905,#2987,.T.);
#8041=EDGE_CURVE('',#3947,#3904,#2991,.T.);
#8045=ADVANCED_FACE('',(#8044),#8035,.T.);
#8054=EDGE_CURVE('',#3915,#3989,#2995,.T.);
#8056=EDGE_CURVE('',#3913,#3915,#2999,.T.);
#8058=EDGE_CURVE('',#3911,#3913,#3003,.T.);
#8060=EDGE_CURVE('',#3909,#3911,#3007,.T.);
#8062=EDGE_CURVE('',#3908,#3909,#3011,.T.);
#8064=EDGE_CURVE('',#3965,#3908,#3016,.T.);
#8069=ADVANCED_FACE('',(#8068),#8050,.T.);
#8076=EDGE_CURVE('',#3895,#3968,#3021,.T.);
#8078=EDGE_CURVE('',#3894,#3895,#3025,.T.);
#8080=EDGE_CURVE('',#3897,#3894,#3029,.T.);
#8082=EDGE_CURVE('',#3993,#3897,#3033,.T.);
#8089=ADVANCED_FACE('',(#8088),#8074,.T.);
#8096=EDGE_CURVE('',#3925,#3950,#3049,.T.);
#8098=EDGE_CURVE('',#3901,#3925,#3037,.T.);
#8103=ADVANCED_FACE('',(#8102),#8094,.T.);
#8110=EDGE_CURVE('',#3951,#3924,#3041,.T.);
#8112=EDGE_CURVE('',#3924,#3925,#3045,.T.);
#8117=ADVANCED_FACE('',(#8116),#8108,.F.);
#8124=EDGE_CURVE('',#3955,#3928,#3053,.T.);
#8126=EDGE_CURVE('',#3928,#3929,#3057,.T.);
#8128=EDGE_CURVE('',#3929,#3954,#3061,.T.);
#8132=ADVANCED_FACE('',(#8131),#8122,.F.);
#8140=EDGE_CURVE('',#3971,#3932,#3066,.T.);
#8142=EDGE_CURVE('',#3932,#3933,#3070,.T.);
#8144=EDGE_CURVE('',#3933,#3935,#3074,.T.);
#8146=EDGE_CURVE('',#3935,#3937,#3078,.T.);
#8148=EDGE_CURVE('',#3937,#3939,#3082,.T.);
#8150=EDGE_CURVE('',#3939,#3991,#3086,.T.);
#8156=ADVANCED_FACE('',(#8155),#8137,.F.);
#8166=EDGE_CURVE('',#3995,#3921,#3090,.T.);
#8168=EDGE_CURVE('',#3921,#3918,#3094,.T.);
#8170=EDGE_CURVE('',#3918,#3919,#3098,.T.);
#8172=EDGE_CURVE('',#3919,#3974,#3103,.T.);
#8176=ADVANCED_FACE('',(#8175),#8161,.F.);
#8184=EDGE_CURVE('',#3900,#3924,#3107,.T.);
#8189=ADVANCED_FACE('',(#8188),#8181,.T.);
#8201=ADVANCED_FACE('',(#8200),#8194,.T.);
#8209=EDGE_CURVE('',#3904,#3928,#3111,.T.);
#8214=ADVANCED_FACE('',(#8213),#8206,.T.);
#8221=EDGE_CURVE('',#3905,#3929,#3115,.T.);
#8227=ADVANCED_FACE('',(#8226),#8219,.T.);
#8239=ADVANCED_FACE('',(#8238),#8232,.T.);
#8247=EDGE_CURVE('',#3908,#3932,#3119,.T.);
#8252=ADVANCED_FACE('',(#8251),#8244,.T.);
#8259=EDGE_CURVE('',#3909,#3933,#3123,.T.);
#8265=ADVANCED_FACE('',(#8264),#8257,.T.);
#8272=EDGE_CURVE('',#3911,#3935,#3127,.T.);
#8278=ADVANCED_FACE('',(#8277),#8270,.T.);
#8285=EDGE_CURVE('',#3913,#3937,#3131,.T.);
#8291=ADVANCED_FACE('',(#8290),#8283,.T.);
#8298=EDGE_CURVE('',#3915,#3939,#3135,.T.);
#8304=ADVANCED_FACE('',(#8303),#8296,.T.);
#8316=ADVANCED_FACE('',(#8315),#8309,.T.);
#8324=EDGE_CURVE('',#3897,#3921,#3139,.T.);
#8329=ADVANCED_FACE('',(#8328),#8321,.T.);
#8336=EDGE_CURVE('',#3894,#3918,#3143,.T.);
#8342=ADVANCED_FACE('',(#8341),#8334,.T.);
#8349=EDGE_CURVE('',#3895,#3919,#3147,.T.);
#8355=ADVANCED_FACE('',(#8354),#8347,.T.);
#8367=ADVANCED_FACE('',(#8366),#8360,.T.);
#8374=EDGE_CURVE('',#4005,#4046,#3151,.T.);
#8376=EDGE_CURVE('',#4004,#4005,#3155,.T.);
#8378=EDGE_CURVE('',#4047,#4004,#3159,.T.);
#8382=ADVANCED_FACE('',(#8381),#8372,.T.);
#8389=EDGE_CURVE('',#4009,#4050,#3163,.T.);
#8391=EDGE_CURVE('',#4008,#4009,#3167,.T.);
#8393=EDGE_CURVE('',#4051,#4008,#3171,.T.);
#8397=ADVANCED_FACE('',(#8396),#8387,.T.);
#8406=EDGE_CURVE('',#4019,#4093,#3175,.T.);
#8408=EDGE_CURVE('',#4017,#4019,#3179,.T.);
#8410=EDGE_CURVE('',#4015,#4017,#3183,.T.);
#8412=EDGE_CURVE('',#4013,#4015,#3187,.T.);
#8414=EDGE_CURVE('',#4012,#4013,#3191,.T.);
#8416=EDGE_CURVE('',#4069,#4012,#3196,.T.);
#8421=ADVANCED_FACE('',(#8420),#8402,.T.);
#8428=EDGE_CURVE('',#3999,#4072,#3201,.T.);
#8430=EDGE_CURVE('',#3998,#3999,#3205,.T.);
#8432=EDGE_CURVE('',#4001,#3998,#3209,.T.);
#8434=EDGE_CURVE('',#4097,#4001,#3213,.T.);
#8441=ADVANCED_FACE('',(#8440),#8426,.T.);
#8448=EDGE_CURVE('',#4029,#4054,#3229,.T.);
#8450=EDGE_CURVE('',#4005,#4029,#3217,.T.);
#8455=ADVANCED_FACE('',(#8454),#8446,.T.);
#8462=EDGE_CURVE('',#4055,#4028,#3221,.T.);
#8464=EDGE_CURVE('',#4028,#4029,#3225,.T.);
#8469=ADVANCED_FACE('',(#8468),#8460,.F.);
#8476=EDGE_CURVE('',#4059,#4032,#3233,.T.);
#8478=EDGE_CURVE('',#4032,#4033,#3237,.T.);
#8480=EDGE_CURVE('',#4033,#4058,#3241,.T.);
#8484=ADVANCED_FACE('',(#8483),#8474,.F.);
#8492=EDGE_CURVE('',#4075,#4036,#3246,.T.);
#8494=EDGE_CURVE('',#4036,#4037,#3250,.T.);
#8496=EDGE_CURVE('',#4037,#4039,#3254,.T.);
#8498=EDGE_CURVE('',#4039,#4041,#3258,.T.);
#8500=EDGE_CURVE('',#4041,#4043,#3262,.T.);
#8502=EDGE_CURVE('',#4043,#4095,#3266,.T.);
#8508=ADVANCED_FACE('',(#8507),#8489,.F.);
#8518=EDGE_CURVE('',#4099,#4025,#3270,.T.);
#8520=EDGE_CURVE('',#4025,#4022,#3274,.T.);
#8522=EDGE_CURVE('',#4022,#4023,#3278,.T.);
#8524=EDGE_CURVE('',#4023,#4078,#3283,.T.);
#8528=ADVANCED_FACE('',(#8527),#8513,.F.);
#8536=EDGE_CURVE('',#4004,#4028,#3287,.T.);
#8541=ADVANCED_FACE('',(#8540),#8533,.T.);
#8553=ADVANCED_FACE('',(#8552),#8546,.T.);
#8561=EDGE_CURVE('',#4008,#4032,#3291,.T.);
#8566=ADVANCED_FACE('',(#8565),#8558,.T.);
#8573=EDGE_CURVE('',#4009,#4033,#3295,.T.);
#8579=ADVANCED_FACE('',(#8578),#8571,.T.);
#8591=ADVANCED_FACE('',(#8590),#8584,.T.);
#8599=EDGE_CURVE('',#4012,#4036,#3299,.T.);
#8604=ADVANCED_FACE('',(#8603),#8596,.T.);
#8611=EDGE_CURVE('',#4013,#4037,#3303,.T.);
#8617=ADVANCED_FACE('',(#8616),#8609,.T.);
#8624=EDGE_CURVE('',#4015,#4039,#3307,.T.);
#8630=ADVANCED_FACE('',(#8629),#8622,.T.);
#8637=EDGE_CURVE('',#4017,#4041,#3311,.T.);
#8643=ADVANCED_FACE('',(#8642),#8635,.T.);
#8650=EDGE_CURVE('',#4019,#4043,#3315,.T.);
#8656=ADVANCED_FACE('',(#8655),#8648,.T.);
#8668=ADVANCED_FACE('',(#8667),#8661,.T.);
#8676=EDGE_CURVE('',#4001,#4025,#3319,.T.);
#8681=ADVANCED_FACE('',(#8680),#8673,.T.);
#8688=EDGE_CURVE('',#3998,#4022,#3323,.T.);
#8694=ADVANCED_FACE('',(#8693),#8686,.T.);
#8701=EDGE_CURVE('',#3999,#4023,#3327,.T.);
#8707=ADVANCED_FACE('',(#8706),#8699,.T.);
#8719=ADVANCED_FACE('',(#8718),#8712,.T.);
#8731=ADVANCED_FACE('',(#8730),#8724,.T.);
#8743=ADVANCED_FACE('',(#8742),#8736,.T.);
#8750=EDGE_CURVE('',#3459,#3483,#3341,.T.);
#8756=ADVANCED_FACE('',(#8755),#8748,.T.);
#8763=EDGE_CURVE('',#3456,#3480,#3345,.T.);
#8769=ADVANCED_FACE('',(#8768),#8761,.T.);
#8776=EDGE_CURVE('',#3457,#3481,#3349,.T.);
#8782=ADVANCED_FACE('',(#8781),#8774,.T.);
#8794=ADVANCED_FACE('',(#8793),#8787,.T.);
#8802=EDGE_CURVE('',#3477,#3501,#3353,.T.);
#8807=ADVANCED_FACE('',(#8806),#8799,.T.);
#8816=EDGE_CURVE('',#3475,#3499,#3357,.T.);
#8820=ADVANCED_FACE('',(#8819),#8812,.T.);
#8829=EDGE_CURVE('',#3473,#3497,#3361,.T.);
#8833=ADVANCED_FACE('',(#8832),#8825,.T.);
#8842=EDGE_CURVE('',#3471,#3495,#3365,.T.);
#8846=ADVANCED_FACE('',(#8845),#8838,.T.);
#8855=EDGE_CURVE('',#3470,#3494,#3369,.T.);
#8859=ADVANCED_FACE('',(#8858),#8851,.T.);
#8871=ADVANCED_FACE('',(#8870),#8864,.T.);
#8872=CLOSED_SHELL('',(#4267,#4283,#4298,#4313,#4328,#4342,#4356,#4378,#4393,
#4415,#4430,#4445,#4602,#4617,#4631,#4653,#4667,#4680,#4693,#4706,#4718,#4730,
#4745,#4760,#4788,#4812,#4826,#4840,#4855,#4883,#4907,#4920,#4932,#4945,#4958,
#4970,#4993,#5008,#5024,#5040,#5064,#5135,#5150,#5165,#5191,#5214,#5228,#5242,
#5257,#5283,#5306,#5319,#5331,#5344,#5357,#5369,#5382,#5395,#5408,#5421,#5434,
#5447,#5490,#5509,#5526,#5541,#5554,#5570,#5584,#5599,#5612,#5631,#5648,#5687,
#5700,#5713,#5726,#5738,#5756,#5771,#5834,#5855,#5877,#5896,#5917,#5980,#5994,
#6015,#6028,#6063,#6078,#6093,#6111,#6124,#6136,#6152,#6167,#6204,#6223,#6236,
#6248,#6266,#6279,#6293,#6306,#6324,#6337,#6350,#6363,#6377,#6390,#6406,#6426,
#6440,#6454,#6468,#6483,#6495,#6509,#6524,#6543,#6563,#6576,#6599,#6611,#6630,
#6648,#6663,#6676,#6690,#6704,#6718,#6733,#6748,#6763,#6825,#6839,#6875,#6919,
#6934,#6952,#6966,#6981,#6998,#7014,#7028,#7040,#7054,#7066,#7078,#7091,#7103,
#7116,#7129,#7142,#7155,#7167,#7186,#7200,#7223,#7237,#7251,#7273,#7286,#7300,
#7314,#7329,#7342,#7357,#7370,#7431,#7443,#7456,#7470,#7532,#7545,#7559,#7571,
#7584,#7644,#7657,#7669,#7687,#7699,#7712,#7725,#7738,#7751,#7813,#7825,#7838,
#7853,#7866,#7879,#7891,#7903,#7917,#7929,#7991,#8003,#8015,#8030,#8045,#8069,
#8089,#8103,#8117,#8132,#8156,#8176,#8189,#8201,#8214,#8227,#8239,#8252,#8265,
#8278,#8291,#8304,#8316,#8329,#8342,#8355,#8367,#8382,#8397,#8421,#8441,#8455,
#8469,#8484,#8508,#8528,#8541,#8553,#8566,#8579,#8591,#8604,#8617,#8630,#8643,
#8656,#8668,#8681,#8694,#8707,#8719,#8731,#8743,#8756,#8769,#8782,#8794,#8807,
#8820,#8833,#8846,#8859,#8871));
#8873=MANIFOLD_SOLID_BREP('',#8872);
#8874=(LENGTH_UNIT()NAMED_UNIT(*)SI_UNIT(.MILLI.,.METRE.));
#8875=(NAMED_UNIT(*)PLANE_ANGLE_UNIT()SI_UNIT($,.RADIAN.));
#8878=(NAMED_UNIT(*)SI_UNIT($,.STERADIAN.)SOLID_ANGLE_UNIT());
#8880=(GEOMETRIC_REPRESENTATION_CONTEXT(3)GLOBAL_UNCERTAINTY_ASSIGNED_CONTEXT((
#8879))GLOBAL_UNIT_ASSIGNED_CONTEXT((#8874,#8877,#8878))REPRESENTATION_CONTEXT(
'ID1','3'));
#8881=ADVANCED_BREP_SHAPE_REPRESENTATION('',(#8873),#8880);
#8888=PRODUCT_DEFINITION('part definition','',#8887,#8884);
#8889=PRODUCT_DEFINITION_SHAPE('','SHAPE FOR C-2427710-4.',#8888);
#8890=SHAPE_ASPECT('','solid data associated with C-2427710-4',#8889,.F.);
#8891=PROPERTY_DEFINITION('',
'shape for solid data with which properties are associated',#8890);
#8892=SHAPE_REPRESENTATION('',(#8873),#8880);
#8893=SHAPE_DEFINITION_REPRESENTATION(#8891,#8892);
#8894=(LENGTH_UNIT()NAMED_UNIT(*)SI_UNIT(.MILLI.,.METRE.));
#8898=PROPERTY_DEFINITION('geometric validation property','area of C-2427710-4',
#8890);
#8899=REPRESENTATION('surface area',(#8897),#8880);
#8900=PROPERTY_DEFINITION_REPRESENTATION(#8898,#8899);
#8901=(LENGTH_UNIT()NAMED_UNIT(*)SI_UNIT(.MILLI.,.METRE.));
#8905=PROPERTY_DEFINITION('geometric validation property',
'volume of C-2427710-4',#8890);
#8906=REPRESENTATION('volume',(#8904),#8880);
#8907=PROPERTY_DEFINITION_REPRESENTATION(#8905,#8906);
#8909=PROPERTY_DEFINITION('geometric validation property',
'centroid of C-2427710-4',#8890);
#8910=REPRESENTATION('centroid',(#8908),#8880);
#8911=PROPERTY_DEFINITION_REPRESENTATION(#8909,#8910);
#8912=(LENGTH_UNIT()NAMED_UNIT(*)SI_UNIT(.MILLI.,.METRE.));
#8916=PROPERTY_DEFINITION('geometric validation property','area of C-2427710-4',
#8889);
#8917=REPRESENTATION('surface area',(#8915),#8880);
#8918=PROPERTY_DEFINITION_REPRESENTATION(#8916,#8917);
#8919=(LENGTH_UNIT()NAMED_UNIT(*)SI_UNIT(.MILLI.,.METRE.));
#8923=PROPERTY_DEFINITION('geometric validation property',
'volume of C-2427710-4',#8889);
#8924=REPRESENTATION('volume',(#8922),#8880);
#8925=PROPERTY_DEFINITION_REPRESENTATION(#8923,#8924);
#8927=PROPERTY_DEFINITION('geometric validation property',
'centroid of C-2427710-4',#8889);
#8928=REPRESENTATION('centroid',(#8926),#8880);
#8929=PROPERTY_DEFINITION_REPRESENTATION(#8927,#8928);
#8930=SHAPE_DEFINITION_REPRESENTATION(#8889,#8881);
ENDSEC;
END-ISO-10303-21;
