ISO-10303-21;
HEADER;
FILE_DESCRIPTION((''),'2;1');
FILE_NAME('C-2427710-3','2024-08-21T23:30:28',('workeradm'),(
'TE Connectivity Ltd.'),'CREO PARAMETRIC BY PTC INC, 2021072',
'CREO PARAMETRIC BY PTC INC, 2021072','');
FILE_SCHEMA(('AUTOMOTIVE_DESIGN { 1 0 10303 214 1 1 1 1 }'));
ENDSEC;
DATA;
#134=DIRECTION('',(6.298665292892E-12,-6.872924229578E-6,-9.999999999764E-1));
#135=VECTOR('',#134,3.000000000071E-1);
#136=CARTESIAN_POINT('',(-3.75E0,-4.35E0,-2.E-1));
#137=LINE('',#136,#135);
#138=DIRECTION('',(0.E0,1.745240643728E-2,-9.998476951564E-1));
#139=VECTOR('',#138,3.000456984132E-1);
#140=CARTESIAN_POINT('',(-3.75E0,-1.571166784282E0,-2.E-1));
#141=LINE('',#140,#139);
#142=DIRECTION('',(0.E0,1.E0,0.E0));
#143=VECTOR('',#142,2.778833215718E0);
#144=CARTESIAN_POINT('',(-3.75E0,-4.35E0,-2.E-1));
#145=LINE('',#144,#143);
#146=DIRECTION('',(-6.298665293024E-12,-2.290974743241E-6,9.999999999974E-1));
#147=VECTOR('',#146,3.000000000008E-1);
#148=CARTESIAN_POINT('',(-3.749999999998E0,4.350000687292E0,-5.E-1));
#149=LINE('',#148,#147);
#150=DIRECTION('',(0.E0,1.E0,0.E0));
#151=VECTOR('',#150,5.480898701436E-1);
#152=CARTESIAN_POINT('',(-3.75E0,3.801910129856E0,-2.E-1));
#153=LINE('',#152,#151);
#154=DIRECTION('',(0.E0,-1.745240643728E-2,-9.998476951564E-1));
#155=VECTOR('',#154,3.000456984131E-1);
#156=CARTESIAN_POINT('',(-3.75E0,3.801910129856E0,-2.E-1));
#157=LINE('',#156,#155);
#158=DIRECTION('',(-3.414175046768E-12,-1.E0,0.E0));
#159=VECTOR('',#158,5.533270769145E-1);
#160=CARTESIAN_POINT('',(-3.749999999998E0,4.350000687292E0,-5.E-1));
#161=LINE('',#160,#159);
#162=DIRECTION('',(-4.581949492366E-6,0.E0,-9.999999999895E-1));
#163=VECTOR('',#162,3.000000000031E-1);
#164=CARTESIAN_POINT('',(-3.25E0,-4.85E0,-2.E-1));
#165=LINE('',#164,#163);
#166=DIRECTION('',(-1.E0,0.E0,0.E0));
#167=VECTOR('',#166,6.5E0);
#168=CARTESIAN_POINT('',(3.25E0,-4.85E0,-2.E-1));
#169=LINE('',#168,#167);
#170=DIRECTION('',(-4.581949492366E-6,0.E0,9.999999999895E-1));
#171=VECTOR('',#170,3.000000000032E-1);
#172=CARTESIAN_POINT('',(3.250001374585E0,-4.85E0,-5.E-1));
#173=LINE('',#172,#171);
#174=CARTESIAN_POINT('',(-3.25E0,-4.65E0,-2.E-1));
#175=DIRECTION('',(-1.E0,0.E0,0.E0));
#176=DIRECTION('',(0.E0,-1.E0,0.E0));
#177=AXIS2_PLACEMENT_3D('',#174,#175,#176);
#179=CARTESIAN_POINT('',(3.25E0,-4.65E0,-2.E-1));
#180=DIRECTION('',(-1.E0,0.E0,0.E0));
#181=DIRECTION('',(0.E0,-1.E0,0.E0));
#182=AXIS2_PLACEMENT_3D('',#179,#180,#181);
#184=CARTESIAN_POINT('',(-3.25E0,-4.35E0,-2.E-1));
#185=DIRECTION('',(0.E0,0.E0,1.E0));
#186=DIRECTION('',(-1.E0,0.E0,0.E0));
#187=AXIS2_PLACEMENT_3D('',#184,#185,#186);
#189=CARTESIAN_POINT('',(-3.55E0,-4.35E0,-2.E-1));
#190=DIRECTION('',(0.E0,1.E0,0.E0));
#191=DIRECTION('',(-1.E0,0.E0,0.E0));
#192=AXIS2_PLACEMENT_3D('',#189,#190,#191);
#194=DIRECTION('',(7.085940289197E-1,1.231470417973E-2,-7.055089299508E-1));
#195=VECTOR('',#194,2.126104514631E-1);
#196=CARTESIAN_POINT('',(-3.307401843154E0,-1.574657797267E0,0.E0));
#197=LINE('',#196,#195);
#198=CARTESIAN_POINT('',(-3.75E0,-1.571166784282E0,-2.E-1));
#199=CARTESIAN_POINT('',(-3.75E0,-1.571748575471E0,-1.666692050807E-1));
#200=CARTESIAN_POINT('',(-3.735532776261E0,-1.572659669981E0,
-1.144726355533E-1));
#201=CARTESIAN_POINT('',(-3.694369853362E0,-1.573686651489E0,
-5.563690438110E-2));
#202=CARTESIAN_POINT('',(-3.635534874963E0,-1.574405213101E0,
-1.447053717046E-2));
#203=CARTESIAN_POINT('',(-3.583335872134E0,-1.574657797267E0,0.E0));
#204=CARTESIAN_POINT('',(-3.55E0,-1.574657797267E0,0.E0));
#206=DIRECTION('',(3.315614445550E-3,1.745231050726E-2,-9.998421993289E-1));
#207=VECTOR('',#206,1.900963197169E0);
#208=CARTESIAN_POINT('',(-3.75E0,-1.565930264803E0,-5.E-1));
#209=LINE('',#208,#207);
#210=DIRECTION('',(-4.362644744257E-3,-1.745224035355E-2,9.998381802259E-1));
#211=VECTOR('',#210,2.050333212349E0);
#212=CARTESIAN_POINT('',(-3.147802471348E0,-1.536256654425E0,-2.2E0));
#213=LINE('',#212,#211);
#214=DIRECTION('',(4.363300093541E-3,4.363655950138E-3,-9.999809598783E-1));
#215=VECTOR('',#214,6.130118146520E0);
#216=CARTESIAN_POINT('',(-3.156747346761E0,-3.631113077272E0,
-1.499985721085E-1));
#217=LINE('',#216,#215);
#218=DIRECTION('',(0.E0,-1.E0,-1.658265665436E-13));
#219=VECTOR('',#218,2.059073514820E0);
#220=CARTESIAN_POINT('',(-3.156747346761E0,-1.572039562452E0,
-1.499985721081E-1));
#221=LINE('',#220,#219);
#222=DIRECTION('',(0.E0,-1.E0,0.E0));
#223=VECTOR('',#222,5.303256654425E0);
#224=CARTESIAN_POINT('',(-3.147802471348E0,3.767E0,-2.2E0));
#225=LINE('',#224,#223);
#226=DIRECTION('',(4.362644744257E-3,-1.745224035355E-2,-9.998381802259E-1));
#227=VECTOR('',#226,2.200356061121E0);
#228=CARTESIAN_POINT('',(-3.157401843154E0,3.805401142842E0,0.E0));
#229=LINE('',#228,#227);
#230=DIRECTION('',(-4.363299321611E-3,4.363646698602E-3,9.999809599220E-1));
#231=VECTOR('',#230,6.280119572669E0);
#232=CARTESIAN_POINT('',(-3.129999801683E0,4.118363350754E0,-6.279999998702E0));
#233=LINE('',#232,#231);
#234=CARTESIAN_POINT('',(-3.156747346761E0,-3.631113077272E0,
-1.499985721085E-1));
#235=CARTESIAN_POINT('',(-3.156747534115E0,-3.647440550564E0,
-1.499556418187E-1));
#236=CARTESIAN_POINT('',(-3.153546950664E0,-3.680133188772E0,
-1.498780984104E-1));
#237=CARTESIAN_POINT('',(-3.139160808855E0,-3.727532885812E0,
-1.497912959270E-1));
#238=CARTESIAN_POINT('',(-3.115877180452E0,-3.771027010899E0,
-1.497381565032E-1));
#239=CARTESIAN_POINT('',(-3.084460869444E0,-3.809243669267E0,
-1.497202763617E-1));
#240=CARTESIAN_POINT('',(-3.046280900820E0,-3.840490190079E0,
-1.497385064640E-1));
#241=CARTESIAN_POINT('',(-3.002633800896E0,-3.863766162051E0,
-1.497920682353E-1));
#242=CARTESIAN_POINT('',(-2.955072866176E0,-3.878024676946E0,
-1.498796302299E-1));
#243=CARTESIAN_POINT('',(-2.922894033494E0,-3.881110882804E0,
-1.499561234230E-1));
#244=CARTESIAN_POINT('',(-2.906749726566E0,-3.881110697582E0,
-1.499985721082E-1));
#246=CARTESIAN_POINT('',(-2.880000793273E0,-3.854360970992E0,
-6.280545412795E0));
#247=CARTESIAN_POINT('',(-2.898700639268E0,-3.854360851176E0,
-6.280559273568E0));
#248=CARTESIAN_POINT('',(-2.936099397839E0,-3.850146793949E0,
-6.280570888578E0));
#249=CARTESIAN_POINT('',(-2.989385237802E0,-3.831501204645E0,
-6.280541435124E0));
#250=CARTESIAN_POINT('',(-3.037185908669E0,-3.801466080317E0,
-6.280469003276E0));
#251=CARTESIAN_POINT('',(-3.077104780200E0,-3.761547470399E0,
-6.280345226226E0));
#252=CARTESIAN_POINT('',(-3.107140064058E0,-3.713747100813E0,
-6.280221883644E0));
#253=CARTESIAN_POINT('',(-3.125785887716E0,-3.660461598969E0,
-6.279934863739E0));
#254=CARTESIAN_POINT('',(-3.129999683007E0,-3.623063079209E0,
-6.280067733818E0));
#255=CARTESIAN_POINT('',(-3.129999801679E0,-3.604363350747E0,
-6.280000000433E0));
#257=DIRECTION('',(0.E0,1.E0,0.E0));
#258=VECTOR('',#257,1.750029852136E0);
#259=CARTESIAN_POINT('',(1.92E0,-8.601492606791E-2,-7.28E0));
#260=LINE('',#259,#258);
#261=DIRECTION('',(-1.E0,0.E0,0.E0));
#262=VECTOR('',#261,3.440029852136E0);
#263=CARTESIAN_POINT('',(1.720014926068E0,1.864E0,-7.28E0));
#264=LINE('',#263,#262);
#265=DIRECTION('',(0.E0,-1.E0,0.E0));
#266=VECTOR('',#265,1.750029852136E0);
#267=CARTESIAN_POINT('',(-1.92E0,1.664014926068E0,-7.28E0));
#268=LINE('',#267,#266);
#269=DIRECTION('',(1.E0,0.E0,0.E0));
#270=VECTOR('',#269,3.440029852136E0);
#271=CARTESIAN_POINT('',(-1.720014926068E0,-2.86E-1,-7.28E0));
#272=LINE('',#271,#270);
#273=DIRECTION('',(0.E0,-1.E0,0.E0));
#274=VECTOR('',#273,3.E-1);
#275=CARTESIAN_POINT('',(-1.7E0,2.934E0,-7.28E0));
#276=LINE('',#275,#274);
#277=DIRECTION('',(-1.E0,0.E0,0.E0));
#278=VECTOR('',#277,4.E-1);
#279=CARTESIAN_POINT('',(-1.3E0,2.634E0,-7.28E0));
#280=LINE('',#279,#278);
#281=DIRECTION('',(0.E0,-1.E0,0.E0));
#282=VECTOR('',#281,3.E-1);
#283=CARTESIAN_POINT('',(-1.3E0,2.934E0,-7.28E0));
#284=LINE('',#283,#282);
#285=DIRECTION('',(-1.E0,0.E0,0.E0));
#286=VECTOR('',#285,4.E-1);
#287=CARTESIAN_POINT('',(-1.3E0,2.934E0,-7.28E0));
#288=LINE('',#287,#286);
#289=DIRECTION('',(0.E0,-1.E0,0.E0));
#290=VECTOR('',#289,3.E-1);
#291=CARTESIAN_POINT('',(-1.7E0,-1.056E0,-7.28E0));
#292=LINE('',#291,#290);
#293=DIRECTION('',(-1.E0,0.E0,0.E0));
#294=VECTOR('',#293,4.E-1);
#295=CARTESIAN_POINT('',(-1.3E0,-1.356E0,-7.28E0));
#296=LINE('',#295,#294);
#297=DIRECTION('',(0.E0,-1.E0,0.E0));
#298=VECTOR('',#297,3.E-1);
#299=CARTESIAN_POINT('',(-1.3E0,-1.056E0,-7.28E0));
#300=LINE('',#299,#298);
#301=DIRECTION('',(-1.E0,0.E0,0.E0));
#302=VECTOR('',#301,4.E-1);
#303=CARTESIAN_POINT('',(-1.3E0,-1.056E0,-7.28E0));
#304=LINE('',#303,#302);
#305=DIRECTION('',(0.E0,-1.E0,0.E0));
#306=VECTOR('',#305,3.E-1);
#307=CARTESIAN_POINT('',(-2.E-1,2.934E0,-7.28E0));
#308=LINE('',#307,#306);
#309=DIRECTION('',(-1.E0,0.E0,0.E0));
#310=VECTOR('',#309,4.E-1);
#311=CARTESIAN_POINT('',(2.E-1,2.634E0,-7.28E0));
#312=LINE('',#311,#310);
#313=DIRECTION('',(0.E0,-1.E0,0.E0));
#314=VECTOR('',#313,3.E-1);
#315=CARTESIAN_POINT('',(2.E-1,2.934E0,-7.28E0));
#316=LINE('',#315,#314);
#317=DIRECTION('',(-1.E0,0.E0,0.E0));
#318=VECTOR('',#317,4.E-1);
#319=CARTESIAN_POINT('',(2.E-1,2.934E0,-7.28E0));
#320=LINE('',#319,#318);
#321=DIRECTION('',(0.E0,-1.E0,0.E0));
#322=VECTOR('',#321,3.E-1);
#323=CARTESIAN_POINT('',(-2.E-1,-1.056E0,-7.28E0));
#324=LINE('',#323,#322);
#325=DIRECTION('',(-1.E0,0.E0,0.E0));
#326=VECTOR('',#325,4.E-1);
#327=CARTESIAN_POINT('',(2.E-1,-1.356E0,-7.28E0));
#328=LINE('',#327,#326);
#329=DIRECTION('',(0.E0,-1.E0,0.E0));
#330=VECTOR('',#329,3.E-1);
#331=CARTESIAN_POINT('',(2.E-1,-1.056E0,-7.28E0));
#332=LINE('',#331,#330);
#333=DIRECTION('',(-1.E0,0.E0,0.E0));
#334=VECTOR('',#333,4.E-1);
#335=CARTESIAN_POINT('',(2.E-1,-1.056E0,-7.28E0));
#336=LINE('',#335,#334);
#337=DIRECTION('',(0.E0,-1.E0,0.E0));
#338=VECTOR('',#337,3.E-1);
#339=CARTESIAN_POINT('',(1.3E0,2.934E0,-7.28E0));
#340=LINE('',#339,#338);
#341=DIRECTION('',(-1.E0,0.E0,0.E0));
#342=VECTOR('',#341,4.E-1);
#343=CARTESIAN_POINT('',(1.7E0,2.634E0,-7.28E0));
#344=LINE('',#343,#342);
#345=DIRECTION('',(0.E0,-1.E0,0.E0));
#346=VECTOR('',#345,3.E-1);
#347=CARTESIAN_POINT('',(1.7E0,2.934E0,-7.28E0));
#348=LINE('',#347,#346);
#349=DIRECTION('',(-1.E0,0.E0,0.E0));
#350=VECTOR('',#349,4.E-1);
#351=CARTESIAN_POINT('',(1.7E0,2.934E0,-7.28E0));
#352=LINE('',#351,#350);
#353=DIRECTION('',(0.E0,-1.E0,0.E0));
#354=VECTOR('',#353,3.E-1);
#355=CARTESIAN_POINT('',(1.3E0,-1.056E0,-7.28E0));
#356=LINE('',#355,#354);
#357=DIRECTION('',(-1.E0,0.E0,0.E0));
#358=VECTOR('',#357,4.E-1);
#359=CARTESIAN_POINT('',(1.7E0,-1.356E0,-7.28E0));
#360=LINE('',#359,#358);
#361=DIRECTION('',(0.E0,-1.E0,0.E0));
#362=VECTOR('',#361,3.E-1);
#363=CARTESIAN_POINT('',(1.7E0,-1.056E0,-7.28E0));
#364=LINE('',#363,#362);
#365=DIRECTION('',(-1.E0,0.E0,0.E0));
#366=VECTOR('',#365,4.E-1);
#367=CARTESIAN_POINT('',(1.7E0,-1.056E0,-7.28E0));
#368=LINE('',#367,#366);
#369=DIRECTION('',(0.E0,-1.E0,0.E0));
#370=VECTOR('',#369,8.E-1);
#371=CARTESIAN_POINT('',(2.62E0,4.19E-1,-7.28E0));
#372=LINE('',#371,#370);
#373=DIRECTION('',(-1.E0,0.E0,0.E0));
#374=VECTOR('',#373,5.1E-1);
#375=CARTESIAN_POINT('',(3.13E0,-3.81E-1,-7.28E0));
#376=LINE('',#375,#374);
#377=DIRECTION('',(0.E0,-1.E0,0.E0));
#378=VECTOR('',#377,3.218997620158E0);
#379=CARTESIAN_POINT('',(3.13E0,-3.81E-1,-7.28E0));
#380=LINE('',#379,#378);
#381=CARTESIAN_POINT('',(2.88E0,-3.85E0,-7.28E0));
#382=CARTESIAN_POINT('',(2.921666864987E0,-3.85E0,-7.28E0));
#383=CARTESIAN_POINT('',(2.986914192934E0,-3.831913597973E0,-7.28E0));
#384=CARTESIAN_POINT('',(3.060458357123E0,-3.780457167201E0,-7.28E0));
#385=CARTESIAN_POINT('',(3.111914028992E0,-3.706912244110E0,-7.28E0));
#386=CARTESIAN_POINT('',(3.13E0,-3.641664485144E0,-7.28E0));
#387=CARTESIAN_POINT('',(3.13E0,-3.599997620158E0,-7.28E0));
#389=DIRECTION('',(1.E0,0.E0,0.E0));
#390=VECTOR('',#389,3.150023798198E-1);
#391=CARTESIAN_POINT('',(2.564997620180E0,-3.85E0,-7.28E0));
#392=LINE('',#391,#390);
#393=CARTESIAN_POINT('',(2.315E0,-3.600002379820E0,-7.28E0));
#394=CARTESIAN_POINT('',(2.315E0,-3.641668649850E0,-7.28E0));
#395=CARTESIAN_POINT('',(2.333085697550E0,-3.706915492360E0,-7.28E0));
#396=CARTESIAN_POINT('',(2.384540927137E0,-3.780459072863E0,-7.28E0));
#397=CARTESIAN_POINT('',(2.458084507640E0,-3.831914302450E0,-7.28E0));
#398=CARTESIAN_POINT('',(2.523331350150E0,-3.85E0,-7.28E0));
#399=CARTESIAN_POINT('',(2.564997620180E0,-3.85E0,-7.28E0));
#401=DIRECTION('',(0.E0,-1.E0,0.E0));
#402=VECTOR('',#401,1.344002379820E0);
#403=CARTESIAN_POINT('',(2.315E0,-2.256E0,-7.28E0));
#404=LINE('',#403,#402);
#405=DIRECTION('',(1.E0,0.E0,0.E0));
#406=VECTOR('',#405,5.E-1);
#407=CARTESIAN_POINT('',(1.815E0,-2.256E0,-7.28E0));
#408=LINE('',#407,#406);
#409=DIRECTION('',(0.E0,1.E0,0.E0));
#410=VECTOR('',#409,9.300303038033E-1);
#411=CARTESIAN_POINT('',(1.815E0,-3.186030303803E0,-7.28E0));
#412=LINE('',#411,#410);
#413=DIRECTION('',(-1.E0,0.E0,0.E0));
#414=VECTOR('',#413,3.63E0);
#415=CARTESIAN_POINT('',(1.815E0,-3.186030303803E0,-7.28E0));
#416=LINE('',#415,#414);
#417=DIRECTION('',(0.E0,-1.E0,0.E0));
#418=VECTOR('',#417,9.300303038033E-1);
#419=CARTESIAN_POINT('',(-1.815E0,-2.256E0,-7.28E0));
#420=LINE('',#419,#418);
#421=DIRECTION('',(-1.E0,0.E0,0.E0));
#422=VECTOR('',#421,5.E-1);
#423=CARTESIAN_POINT('',(-1.815E0,-2.256E0,-7.28E0));
#424=LINE('',#423,#422);
#425=DIRECTION('',(0.E0,1.E0,0.E0));
#426=VECTOR('',#425,1.344002379820E0);
#427=CARTESIAN_POINT('',(-2.315E0,-3.600002379820E0,-7.28E0));
#428=LINE('',#427,#426);
#429=CARTESIAN_POINT('',(-2.564997620180E0,-3.85E0,-7.28E0));
#430=CARTESIAN_POINT('',(-2.523331350150E0,-3.85E0,-7.28E0));
#431=CARTESIAN_POINT('',(-2.458084507640E0,-3.831914302450E0,-7.28E0));
#432=CARTESIAN_POINT('',(-2.384540927137E0,-3.780459072863E0,-7.28E0));
#433=CARTESIAN_POINT('',(-2.333085697550E0,-3.706915492360E0,-7.28E0));
#434=CARTESIAN_POINT('',(-2.315E0,-3.641668649850E0,-7.28E0));
#435=CARTESIAN_POINT('',(-2.315E0,-3.600002379820E0,-7.28E0));
#437=DIRECTION('',(1.E0,0.E0,0.E0));
#438=VECTOR('',#437,3.150023798198E-1);
#439=CARTESIAN_POINT('',(-2.88E0,-3.85E0,-7.28E0));
#440=LINE('',#439,#438);
#441=CARTESIAN_POINT('',(-3.13E0,-3.599997620158E0,-7.28E0));
#442=CARTESIAN_POINT('',(-3.13E0,-3.641664485144E0,-7.28E0));
#443=CARTESIAN_POINT('',(-3.111914028992E0,-3.706912244110E0,-7.28E0));
#444=CARTESIAN_POINT('',(-3.060458357123E0,-3.780457167201E0,-7.28E0));
#445=CARTESIAN_POINT('',(-2.986914192934E0,-3.831913597973E0,-7.28E0));
#446=CARTESIAN_POINT('',(-2.921666864987E0,-3.85E0,-7.28E0));
#447=CARTESIAN_POINT('',(-2.88E0,-3.85E0,-7.28E0));
#449=DIRECTION('',(0.E0,-1.E0,0.E0));
#450=VECTOR('',#449,7.713995240315E0);
#451=CARTESIAN_POINT('',(-3.13E0,4.113997620158E0,-7.28E0));
#452=LINE('',#451,#450);
#453=CARTESIAN_POINT('',(-2.88E0,4.364E0,-7.28E0));
#454=CARTESIAN_POINT('',(-2.921666864987E0,4.364E0,-7.28E0));
#455=CARTESIAN_POINT('',(-2.986914192934E0,4.345913597973E0,-7.28E0));
#456=CARTESIAN_POINT('',(-3.060458357123E0,4.294457167201E0,-7.28E0));
#457=CARTESIAN_POINT('',(-3.111914028992E0,4.220912244110E0,-7.28E0));
#458=CARTESIAN_POINT('',(-3.13E0,4.155664485144E0,-7.28E0));
#459=CARTESIAN_POINT('',(-3.13E0,4.113997620158E0,-7.28E0));
#461=DIRECTION('',(-1.E0,0.E0,0.E0));
#462=VECTOR('',#461,1.63E0);
#463=CARTESIAN_POINT('',(-1.25E0,4.364E0,-7.28E0));
#464=LINE('',#463,#462);
#465=DIRECTION('',(0.E0,1.E0,0.E0));
#466=VECTOR('',#465,5.3E-1);
#467=CARTESIAN_POINT('',(-1.25E0,3.834E0,-7.28E0));
#468=LINE('',#467,#466);
#469=DIRECTION('',(-1.E0,0.E0,0.E0));
#470=VECTOR('',#469,2.5E0);
#471=CARTESIAN_POINT('',(1.25E0,3.834E0,-7.28E0));
#472=LINE('',#471,#470);
#473=DIRECTION('',(0.E0,-1.E0,0.E0));
#474=VECTOR('',#473,5.3E-1);
#475=CARTESIAN_POINT('',(1.25E0,4.364E0,-7.28E0));
#476=LINE('',#475,#474);
#477=DIRECTION('',(-1.E0,0.E0,0.E0));
#478=VECTOR('',#477,1.63E0);
#479=CARTESIAN_POINT('',(2.88E0,4.364E0,-7.28E0));
#480=LINE('',#479,#478);
#481=CARTESIAN_POINT('',(3.13E0,4.113997620158E0,-7.28E0));
#482=CARTESIAN_POINT('',(3.13E0,4.155664485144E0,-7.28E0));
#483=CARTESIAN_POINT('',(3.111914028992E0,4.220912244110E0,-7.28E0));
#484=CARTESIAN_POINT('',(3.060458357123E0,4.294457167201E0,-7.28E0));
#485=CARTESIAN_POINT('',(2.986914192934E0,4.345913597973E0,-7.28E0));
#486=CARTESIAN_POINT('',(2.921666864987E0,4.364E0,-7.28E0));
#487=CARTESIAN_POINT('',(2.88E0,4.364E0,-7.28E0));
#489=DIRECTION('',(0.E0,-1.E0,0.E0));
#490=VECTOR('',#489,3.694997620158E0);
#491=CARTESIAN_POINT('',(3.13E0,4.113997620158E0,-7.28E0));
#492=LINE('',#491,#490);
#493=DIRECTION('',(-1.E0,0.E0,0.E0));
#494=VECTOR('',#493,5.1E-1);
#495=CARTESIAN_POINT('',(3.13E0,4.19E-1,-7.28E0));
#496=LINE('',#495,#494);
#497=DIRECTION('',(-1.221608921240E-2,-1.221608921240E-2,9.998507560275E-1));
#498=VECTOR('',#497,2.700403018874E0);
#499=CARTESIAN_POINT('',(1.92E0,1.664014926068E0,-7.28E0));
#500=LINE('',#499,#498);
#501=DIRECTION('',(-1.221608921240E-2,1.221608921240E-2,9.998507560275E-1));
#502=VECTOR('',#501,2.700403018874E0);
#503=CARTESIAN_POINT('',(1.92E0,-8.601492606791E-2,-7.28E0));
#504=LINE('',#503,#502);
#505=CARTESIAN_POINT('',(1.720014926068E0,1.864E0,-7.28E0));
#506=CARTESIAN_POINT('',(1.753345771723E0,1.864E0,-7.28E0));
#507=CARTESIAN_POINT('',(1.805541109283E0,1.849533646249E0,-7.28E0));
#508=CARTESIAN_POINT('',(1.864372618853E0,1.808372618853E0,-7.28E0));
#509=CARTESIAN_POINT('',(1.905533646249E0,1.749541109283E0,-7.28E0));
#510=CARTESIAN_POINT('',(1.92E0,1.697345771723E0,-7.28E0));
#511=CARTESIAN_POINT('',(1.92E0,1.664014926068E0,-7.28E0));
#513=CARTESIAN_POINT('',(-1.687026561880E0,1.831011635812E0,-4.58E0));
#514=CARTESIAN_POINT('',(-1.720357407535E0,1.831011635812E0,-4.58E0));
#515=CARTESIAN_POINT('',(-1.772552745095E0,1.816545282061E0,-4.58E0));
#516=CARTESIAN_POINT('',(-1.831384254665E0,1.775384254665E0,-4.58E0));
#517=CARTESIAN_POINT('',(-1.872545282061E0,1.716552745095E0,-4.58E0));
#518=CARTESIAN_POINT('',(-1.887011635812E0,1.664357407535E0,-4.58E0));
#519=CARTESIAN_POINT('',(-1.887011635812E0,1.631026561880E0,-4.58E0));
#521=DIRECTION('',(-1.E0,0.E0,0.E0));
#522=VECTOR('',#521,3.374053123760E0);
#523=CARTESIAN_POINT('',(1.687026561880E0,1.831011635812E0,-4.58E0));
#524=LINE('',#523,#522);
#525=CARTESIAN_POINT('',(1.887011635812E0,1.631026561880E0,-4.58E0));
#526=CARTESIAN_POINT('',(1.887011635812E0,1.664357407535E0,-4.58E0));
#527=CARTESIAN_POINT('',(1.872545282061E0,1.716552745095E0,-4.58E0));
#528=CARTESIAN_POINT('',(1.831384254665E0,1.775384254665E0,-4.58E0));
#529=CARTESIAN_POINT('',(1.772552745095E0,1.816545282061E0,-4.58E0));
#530=CARTESIAN_POINT('',(1.720357407535E0,1.831011635812E0,-4.58E0));
#531=CARTESIAN_POINT('',(1.687026561880E0,1.831011635812E0,-4.58E0));
#533=DIRECTION('',(0.E0,1.E0,0.E0));
#534=VECTOR('',#533,1.684053123760E0);
#535=CARTESIAN_POINT('',(1.887011635812E0,-5.302656187992E-2,-4.58E0));
#536=LINE('',#535,#534);
#537=CARTESIAN_POINT('',(1.687026561880E0,-2.530116358120E-1,-4.58E0));
#538=CARTESIAN_POINT('',(1.720357407535E0,-2.530116358120E-1,-4.58E0));
#539=CARTESIAN_POINT('',(1.772552745095E0,-2.385452820614E-1,-4.58E0));
#540=CARTESIAN_POINT('',(1.831384254665E0,-1.973842546651E-1,-4.58E0));
#541=CARTESIAN_POINT('',(1.872545282061E0,-1.385527450953E-1,-4.58E0));
#542=CARTESIAN_POINT('',(1.887011635812E0,-8.635740753527E-2,-4.58E0));
#543=CARTESIAN_POINT('',(1.887011635812E0,-5.302656187992E-2,-4.58E0));
#545=CARTESIAN_POINT('',(-1.887011635812E0,-5.302656187992E-2,-4.58E0));
#546=CARTESIAN_POINT('',(-1.887011635812E0,-8.635740753527E-2,-4.58E0));
#547=CARTESIAN_POINT('',(-1.872545282061E0,-1.385527450953E-1,-4.58E0));
#548=CARTESIAN_POINT('',(-1.831384254665E0,-1.973842546651E-1,-4.58E0));
#549=CARTESIAN_POINT('',(-1.772552745095E0,-2.385452820614E-1,-4.58E0));
#550=CARTESIAN_POINT('',(-1.720357407535E0,-2.530116358120E-1,-4.58E0));
#551=CARTESIAN_POINT('',(-1.687026561880E0,-2.530116358120E-1,-4.58E0));
#553=CARTESIAN_POINT('',(-1.92E0,1.664014926068E0,-7.28E0));
#554=CARTESIAN_POINT('',(-1.92E0,1.697345771723E0,-7.28E0));
#555=CARTESIAN_POINT('',(-1.905533646249E0,1.749541109283E0,-7.28E0));
#556=CARTESIAN_POINT('',(-1.864372618853E0,1.808372618853E0,-7.28E0));
#557=CARTESIAN_POINT('',(-1.805541109283E0,1.849533646249E0,-7.28E0));
#558=CARTESIAN_POINT('',(-1.753345771723E0,1.864E0,-7.28E0));
#559=CARTESIAN_POINT('',(-1.720014926068E0,1.864E0,-7.28E0));
#561=DIRECTION('',(1.221608921240E-2,-1.221608921240E-2,9.998507560275E-1));
#562=VECTOR('',#561,2.700403018874E0);
#563=CARTESIAN_POINT('',(-1.92E0,1.664014926068E0,-7.28E0));
#564=LINE('',#563,#562);
#565=DIRECTION('',(0.E0,-1.E0,0.E0));
#566=VECTOR('',#565,1.684053123760E0);
#567=CARTESIAN_POINT('',(-1.887011635812E0,1.631026561880E0,-4.58E0));
#568=LINE('',#567,#566);
#569=DIRECTION('',(1.221608921240E-2,1.221608921240E-2,9.998507560275E-1));
#570=VECTOR('',#569,2.700403018874E0);
#571=CARTESIAN_POINT('',(-1.92E0,-8.601492606791E-2,-7.28E0));
#572=LINE('',#571,#570);
#573=CARTESIAN_POINT('',(-1.720014926068E0,-2.86E-1,-7.28E0));
#574=CARTESIAN_POINT('',(-1.753345771723E0,-2.86E-1,-7.28E0));
#575=CARTESIAN_POINT('',(-1.805541109283E0,-2.715336462494E-1,-7.28E0));
#576=CARTESIAN_POINT('',(-1.864372618853E0,-2.303726188531E-1,-7.28E0));
#577=CARTESIAN_POINT('',(-1.905533646249E0,-1.715411092833E-1,-7.28E0));
#578=CARTESIAN_POINT('',(-1.92E0,-1.193457717233E-1,-7.28E0));
#579=CARTESIAN_POINT('',(-1.92E0,-8.601492606791E-2,-7.28E0));
#581=DIRECTION('',(-1.221608921240E-2,1.221608921240E-2,9.998507560275E-1));
#582=VECTOR('',#581,2.700403018874E0);
#583=CARTESIAN_POINT('',(1.720014926068E0,-2.86E-1,-7.28E0));
#584=LINE('',#583,#582);
#585=DIRECTION('',(1.221608921240E-2,1.221608921240E-2,9.998507560275E-1));
#586=VECTOR('',#585,2.700403018874E0);
#587=CARTESIAN_POINT('',(-1.720014926068E0,-2.86E-1,-7.28E0));
#588=LINE('',#587,#586);
#589=DIRECTION('',(1.E0,0.E0,0.E0));
#590=VECTOR('',#589,3.374053123760E0);
#591=CARTESIAN_POINT('',(-1.687026561880E0,-2.530116358120E-1,-4.58E0));
#592=LINE('',#591,#590);
#593=CARTESIAN_POINT('',(1.92E0,-8.601492606791E-2,-7.28E0));
#594=CARTESIAN_POINT('',(1.92E0,-1.193457717233E-1,-7.28E0));
#595=CARTESIAN_POINT('',(1.905533646249E0,-1.715411092833E-1,-7.28E0));
#596=CARTESIAN_POINT('',(1.864372618853E0,-2.303726188531E-1,-7.28E0));
#597=CARTESIAN_POINT('',(1.805541109283E0,-2.715336462494E-1,-7.28E0));
#598=CARTESIAN_POINT('',(1.753345771723E0,-2.86E-1,-7.28E0));
#599=CARTESIAN_POINT('',(1.720014926068E0,-2.86E-1,-7.28E0));
#601=DIRECTION('',(1.221608921240E-2,-1.221608921240E-2,9.998507560275E-1));
#602=VECTOR('',#601,2.700403018874E0);
#603=CARTESIAN_POINT('',(-1.720014926068E0,1.864E0,-7.28E0));
#604=LINE('',#603,#602);
#605=DIRECTION('',(-1.221608921240E-2,-1.221608921240E-2,9.998507560275E-1));
#606=VECTOR('',#605,2.700403018874E0);
#607=CARTESIAN_POINT('',(1.720014926068E0,1.864E0,-7.28E0));
#608=LINE('',#607,#606);
#609=DIRECTION('',(0.E0,0.E0,-1.E0));
#610=VECTOR('',#609,2.5E0);
#611=CARTESIAN_POINT('',(-1.7E0,2.934E0,-4.78E0));
#612=LINE('',#611,#610);
#613=DIRECTION('',(0.E0,1.E0,0.E0));
#614=VECTOR('',#613,3.E-1);
#615=CARTESIAN_POINT('',(-1.7E0,2.634E0,-4.78E0));
#616=LINE('',#615,#614);
#617=DIRECTION('',(0.E0,0.E0,1.E0));
#618=VECTOR('',#617,2.5E0);
#619=CARTESIAN_POINT('',(-1.7E0,2.634E0,-7.28E0));
#620=LINE('',#619,#618);
#621=DIRECTION('',(0.E0,0.E0,-1.E0));
#622=VECTOR('',#621,2.5E0);
#623=CARTESIAN_POINT('',(-1.7E0,-1.056E0,-4.78E0));
#624=LINE('',#623,#622);
#625=DIRECTION('',(0.E0,1.E0,0.E0));
#626=VECTOR('',#625,3.E-1);
#627=CARTESIAN_POINT('',(-1.7E0,-1.356E0,-4.78E0));
#628=LINE('',#627,#626);
#629=DIRECTION('',(0.E0,0.E0,1.E0));
#630=VECTOR('',#629,2.5E0);
#631=CARTESIAN_POINT('',(-1.7E0,-1.356E0,-7.28E0));
#632=LINE('',#631,#630);
#633=DIRECTION('',(-1.168706805417E-13,1.E0,0.E0));
#634=VECTOR('',#633,5.699751312199E-3);
#635=CARTESIAN_POINT('',(-1.7E0,-4.82E0,-9.4E0));
#636=LINE('',#635,#634);
#637=DIRECTION('',(0.E0,0.E0,1.E0));
#638=VECTOR('',#637,2.8E-2);
#639=CARTESIAN_POINT('',(-1.7E0,-4.82E0,-9.428E0));
#640=LINE('',#639,#638);
#641=DIRECTION('',(0.E0,9.998476951564E-1,1.745240643728E-2));
#642=VECTOR('',#641,9.881505001074E-1);
#643=CARTESIAN_POINT('',(-1.7E0,-5.808E0,-9.445245604149E0));
#644=LINE('',#643,#642);
#645=DIRECTION('',(0.E0,-1.745240643728E-2,9.998476951564E-1));
#646=VECTOR('',#645,2.6E-1);
#647=CARTESIAN_POINT('',(-1.7E0,-5.803462374326E0,-9.705206004890E0));
#648=LINE('',#647,#646);
#649=DIRECTION('',(0.E0,-9.998476951564E-1,-1.745240643728E-2));
#650=VECTOR('',#649,4.305900705152E0);
#651=CARTESIAN_POINT('',(-1.7E0,-1.498217478708E0,-9.630057675705E0));
#652=LINE('',#651,#650);
#653=CARTESIAN_POINT('',(-1.7E0,-1.505722013476E0,-9.200123166788E0));
#654=DIRECTION('',(-1.E0,0.E0,0.E0));
#655=DIRECTION('',(0.E0,8.854000313388E-1,-4.648298446800E-1));
#656=AXIS2_PLACEMENT_3D('',#653,#654,#655);
#658=CARTESIAN_POINT('',(-1.7E0,3.083795931092E0,-9.229599962461E0));
#659=DIRECTION('',(-1.E0,0.E0,0.E0));
#660=DIRECTION('',(0.E0,-1.745240643732E-2,-9.998476951564E-1));
#661=AXIS2_PLACEMENT_3D('',#658,#659,#660);
#663=DIRECTION('',(0.E0,-9.998476951564E-1,1.745240643728E-2));
#664=VECTOR('',#663,2.525555632358E0);
#665=CARTESIAN_POINT('',(-1.7E0,5.601462374326E0,-9.703611494755E0));
#666=LINE('',#665,#664);
#667=DIRECTION('',(0.E0,-1.745240643728E-2,-9.998476951564E-1));
#668=VECTOR('',#667,2.6E-1);
#669=CARTESIAN_POINT('',(-1.7E0,5.606E0,-9.443651094014E0));
#670=LINE('',#669,#668);
#671=DIRECTION('',(0.E0,9.998476951564E-1,-1.745240643728E-2));
#672=VECTOR('',#671,8.020174063618E-1);
#673=CARTESIAN_POINT('',(-1.7E0,4.804104744774E0,-9.429653960268E0));
#674=LINE('',#673,#672);
#675=DIRECTION('',(1.E0,0.E0,0.E0));
#676=VECTOR('',#675,4.E-1);
#677=CARTESIAN_POINT('',(-1.7E0,2.934E0,-4.78E0));
#678=LINE('',#677,#676);
#679=DIRECTION('',(0.E0,0.E0,1.E0));
#680=VECTOR('',#679,2.5E0);
#681=CARTESIAN_POINT('',(-1.3E0,2.634E0,-7.28E0));
#682=LINE('',#681,#680);
#683=DIRECTION('',(0.E0,1.E0,0.E0));
#684=VECTOR('',#683,3.E-1);
#685=CARTESIAN_POINT('',(-1.3E0,2.634E0,-4.78E0));
#686=LINE('',#685,#684);
#687=DIRECTION('',(0.E0,0.E0,-1.E0));
#688=VECTOR('',#687,2.5E0);
#689=CARTESIAN_POINT('',(-1.3E0,2.934E0,-4.78E0));
#690=LINE('',#689,#688);
#691=DIRECTION('',(0.E0,0.E0,1.E0));
#692=VECTOR('',#691,2.5E0);
#693=CARTESIAN_POINT('',(-1.3E0,-1.356E0,-7.28E0));
#694=LINE('',#693,#692);
#695=DIRECTION('',(0.E0,1.E0,0.E0));
#696=VECTOR('',#695,3.E-1);
#697=CARTESIAN_POINT('',(-1.3E0,-1.356E0,-4.78E0));
#698=LINE('',#697,#696);
#699=DIRECTION('',(0.E0,0.E0,-1.E0));
#700=VECTOR('',#699,2.5E0);
#701=CARTESIAN_POINT('',(-1.3E0,-1.056E0,-4.78E0));
#702=LINE('',#701,#700);
#703=CARTESIAN_POINT('',(-1.3E0,-1.505722013476E0,-9.200123166788E0));
#704=DIRECTION('',(-1.E0,0.E0,0.E0));
#705=DIRECTION('',(0.E0,8.854000313388E-1,-4.648298446800E-1));
#706=AXIS2_PLACEMENT_3D('',#703,#704,#705);
#708=DIRECTION('',(0.E0,-9.998476951564E-1,-1.745240643728E-2));
#709=VECTOR('',#708,4.305900705152E0);
#710=CARTESIAN_POINT('',(-1.3E0,-1.498217478708E0,-9.630057675705E0));
#711=LINE('',#710,#709);
#712=DIRECTION('',(0.E0,-1.745240643728E-2,9.998476951564E-1));
#713=VECTOR('',#712,2.6E-1);
#714=CARTESIAN_POINT('',(-1.3E0,-5.803462374326E0,-9.705206004890E0));
#715=LINE('',#714,#713);
#716=DIRECTION('',(0.E0,9.998476951564E-1,1.745240643728E-2));
#717=VECTOR('',#716,9.881505001074E-1);
#718=CARTESIAN_POINT('',(-1.3E0,-5.808E0,-9.445245604149E0));
#719=LINE('',#718,#717);
#720=DIRECTION('',(0.E0,0.E0,1.E0));
#721=VECTOR('',#720,2.8E-2);
#722=CARTESIAN_POINT('',(-1.3E0,-4.82E0,-9.428E0));
#723=LINE('',#722,#721);
#724=DIRECTION('',(0.E0,1.E0,0.E0));
#725=VECTOR('',#724,5.699751312199E-3);
#726=CARTESIAN_POINT('',(-1.3E0,-4.82E0,-9.4E0));
#727=LINE('',#726,#725);
#728=DIRECTION('',(0.E0,9.998476951564E-1,-1.745240643728E-2));
#729=VECTOR('',#728,8.020174063618E-1);
#730=CARTESIAN_POINT('',(-1.3E0,4.804104744774E0,-9.429653960268E0));
#731=LINE('',#730,#729);
#732=DIRECTION('',(0.E0,-1.745240643728E-2,-9.998476951564E-1));
#733=VECTOR('',#732,2.6E-1);
#734=CARTESIAN_POINT('',(-1.3E0,5.606E0,-9.443651094014E0));
#735=LINE('',#734,#733);
#736=DIRECTION('',(0.E0,-9.998476951564E-1,1.745240643728E-2));
#737=VECTOR('',#736,2.525555632358E0);
#738=CARTESIAN_POINT('',(-1.3E0,5.601462374326E0,-9.703611494755E0));
#739=LINE('',#738,#737);
#740=CARTESIAN_POINT('',(-1.3E0,3.083795931092E0,-9.229599962461E0));
#741=DIRECTION('',(-1.E0,0.E0,0.E0));
#742=DIRECTION('',(0.E0,-1.745240643732E-2,-9.998476951564E-1));
#743=AXIS2_PLACEMENT_3D('',#740,#741,#742);
#745=DIRECTION('',(1.E0,0.E0,0.E0));
#746=VECTOR('',#745,4.E-1);
#747=CARTESIAN_POINT('',(-1.7E0,2.634E0,-4.78E0));
#748=LINE('',#747,#746);
#749=DIRECTION('',(1.E0,0.E0,0.E0));
#750=VECTOR('',#749,4.E-1);
#751=CARTESIAN_POINT('',(-1.7E0,-1.356E0,-4.78E0));
#752=LINE('',#751,#750);
#753=DIRECTION('',(1.E0,0.E0,0.E0));
#754=VECTOR('',#753,4.E-1);
#755=CARTESIAN_POINT('',(-1.7E0,-1.056E0,-4.78E0));
#756=LINE('',#755,#754);
#757=DIRECTION('',(0.E0,0.E0,1.E0));
#758=VECTOR('',#757,1.5E-1);
#759=CARTESIAN_POINT('',(-1.7E0,-3.85E0,-9.55E0));
#760=LINE('',#759,#758);
#761=CARTESIAN_POINT('',(-3.520485274491E0,-3.85E0,-9.4E0));
#762=DIRECTION('',(0.E0,1.E0,0.E0));
#763=DIRECTION('',(0.E0,0.E0,-1.E0));
#764=AXIS2_PLACEMENT_3D('',#761,#762,#763);
#766=DIRECTION('',(0.E0,0.E0,1.E0));
#767=VECTOR('',#766,5.E-2);
#768=CARTESIAN_POINT('',(-1.75E0,-3.85E0,-9.6E0));
#769=LINE('',#768,#767);
#770=DIRECTION('',(1.E0,0.E0,0.E0));
#771=VECTOR('',#770,5.E-2);
#772=CARTESIAN_POINT('',(-1.75E0,-3.85E0,-9.55E0));
#773=LINE('',#772,#771);
#774=DIRECTION('',(0.E0,0.E0,1.E0));
#775=VECTOR('',#774,1.5E-1);
#776=CARTESIAN_POINT('',(-2.E-1,-3.85E0,-9.55E0));
#777=LINE('',#776,#775);
#778=DIRECTION('',(0.E0,0.E0,1.E0));
#779=VECTOR('',#778,1.5E-1);
#780=CARTESIAN_POINT('',(-1.3E0,-3.85E0,-9.55E0));
#781=LINE('',#780,#779);
#782=DIRECTION('',(1.E0,0.E0,0.E0));
#783=VECTOR('',#782,1.1E0);
#784=CARTESIAN_POINT('',(-1.3E0,-3.85E0,-9.55E0));
#785=LINE('',#784,#783);
#786=DIRECTION('',(0.E0,0.E0,1.E0));
#787=VECTOR('',#786,1.5E-1);
#788=CARTESIAN_POINT('',(1.3E0,-3.85E0,-9.55E0));
#789=LINE('',#788,#787);
#790=DIRECTION('',(0.E0,0.E0,1.E0));
#791=VECTOR('',#790,1.5E-1);
#792=CARTESIAN_POINT('',(2.E-1,-3.85E0,-9.55E0));
#793=LINE('',#792,#791);
#794=DIRECTION('',(1.E0,0.E0,0.E0));
#795=VECTOR('',#794,1.1E0);
#796=CARTESIAN_POINT('',(2.E-1,-3.85E0,-9.55E0));
#797=LINE('',#796,#795);
#798=DIRECTION('',(0.E0,0.E0,1.E0));
#799=VECTOR('',#798,1.5E-1);
#800=CARTESIAN_POINT('',(1.7E0,-3.85E0,-9.55E0));
#801=LINE('',#800,#799);
#802=DIRECTION('',(1.E0,0.E0,0.E0));
#803=VECTOR('',#802,5.E-2);
#804=CARTESIAN_POINT('',(1.7E0,-3.85E0,-9.55E0));
#805=LINE('',#804,#803);
#806=DIRECTION('',(0.E0,0.E0,1.E0));
#807=VECTOR('',#806,5.E-2);
#808=CARTESIAN_POINT('',(1.75E0,-3.85E0,-9.6E0));
#809=LINE('',#808,#807);
#810=CARTESIAN_POINT('',(3.720510140138E0,-3.85E0,-9.400331611950E0));
#811=CARTESIAN_POINT('',(3.720458722109E0,-3.85E0,-9.415837008280E0));
#812=CARTESIAN_POINT('',(3.716967848269E0,-3.85E0,-9.445322338559E0));
#813=CARTESIAN_POINT('',(3.701985874073E0,-3.85E0,-9.487965694559E0));
#814=CARTESIAN_POINT('',(3.677926643804E0,-3.85E0,-9.526034815077E0));
#815=CARTESIAN_POINT('',(3.645997530433E0,-3.85E0,-9.557859281108E0));
#816=CARTESIAN_POINT('',(3.607848524930E0,-3.85E0,-9.581788213570E0));
#817=CARTESIAN_POINT('',(3.565155907023E0,-3.85E0,-9.596643328049E0));
#818=CARTESIAN_POINT('',(3.535658875009E0,-3.85E0,-9.6E0));
#819=CARTESIAN_POINT('',(3.520485274491E0,-3.85E0,-9.6E0));
#821=DIRECTION('',(0.E0,1.E0,0.E0));
#822=VECTOR('',#821,2.725E0);
#823=CARTESIAN_POINT('',(1.3E0,-3.85E0,-9.4E0));
#824=LINE('',#823,#822);
#825=DIRECTION('',(-1.E0,0.E0,0.E0));
#826=VECTOR('',#825,4.E-1);
#827=CARTESIAN_POINT('',(1.7E0,-1.125E0,-9.4E0));
#828=LINE('',#827,#826);
#829=DIRECTION('',(0.E0,1.E0,0.E0));
#830=VECTOR('',#829,2.725E0);
#831=CARTESIAN_POINT('',(1.7E0,-3.85E0,-9.4E0));
#832=LINE('',#831,#830);
#833=DIRECTION('',(1.E0,0.E0,0.E0));
#834=VECTOR('',#833,1.821148502038E0);
#835=CARTESIAN_POINT('',(1.7E0,-3.85E0,-9.4E0));
#836=LINE('',#835,#834);
#837=DIRECTION('',(0.E0,1.E0,0.E0));
#838=VECTOR('',#837,7.7E0);
#839=CARTESIAN_POINT('',(3.521148502038E0,-3.85E0,-9.4E0));
#840=LINE('',#839,#838);
#841=DIRECTION('',(0.E0,1.E0,0.E0));
#842=VECTOR('',#841,1.161E0);
#843=CARTESIAN_POINT('',(1.7E0,2.689E0,-9.4E0));
#844=LINE('',#843,#842);
#845=DIRECTION('',(-1.E0,0.E0,0.E0));
#846=VECTOR('',#845,4.E-1);
#847=CARTESIAN_POINT('',(1.7E0,2.689E0,-9.4E0));
#848=LINE('',#847,#846);
#849=DIRECTION('',(0.E0,1.E0,0.E0));
#850=VECTOR('',#849,1.161E0);
#851=CARTESIAN_POINT('',(1.3E0,2.689E0,-9.4E0));
#852=LINE('',#851,#850);
#853=DIRECTION('',(0.E0,1.E0,0.E0));
#854=VECTOR('',#853,1.161E0);
#855=CARTESIAN_POINT('',(2.E-1,2.689E0,-9.4E0));
#856=LINE('',#855,#854);
#857=DIRECTION('',(-1.E0,0.E0,0.E0));
#858=VECTOR('',#857,4.E-1);
#859=CARTESIAN_POINT('',(2.E-1,2.689E0,-9.4E0));
#860=LINE('',#859,#858);
#861=DIRECTION('',(0.E0,1.E0,0.E0));
#862=VECTOR('',#861,1.161E0);
#863=CARTESIAN_POINT('',(-2.E-1,2.689E0,-9.4E0));
#864=LINE('',#863,#862);
#865=DIRECTION('',(0.E0,1.E0,0.E0));
#866=VECTOR('',#865,1.161E0);
#867=CARTESIAN_POINT('',(-1.3E0,2.689E0,-9.4E0));
#868=LINE('',#867,#866);
#869=DIRECTION('',(-1.E0,0.E0,0.E0));
#870=VECTOR('',#869,4.E-1);
#871=CARTESIAN_POINT('',(-1.3E0,2.689E0,-9.4E0));
#872=LINE('',#871,#870);
#873=DIRECTION('',(0.E0,1.E0,0.E0));
#874=VECTOR('',#873,1.161E0);
#875=CARTESIAN_POINT('',(-1.7E0,2.689E0,-9.4E0));
#876=LINE('',#875,#874);
#877=DIRECTION('',(0.E0,-1.E0,0.E0));
#878=VECTOR('',#877,7.7E0);
#879=CARTESIAN_POINT('',(-3.521148502038E0,3.85E0,-9.4E0));
#880=LINE('',#879,#878);
#881=DIRECTION('',(1.E0,0.E0,0.E0));
#882=VECTOR('',#881,1.821148502038E0);
#883=CARTESIAN_POINT('',(-3.521148502038E0,-3.85E0,-9.4E0));
#884=LINE('',#883,#882);
#885=DIRECTION('',(0.E0,1.E0,0.E0));
#886=VECTOR('',#885,2.725E0);
#887=CARTESIAN_POINT('',(-1.7E0,-3.85E0,-9.4E0));
#888=LINE('',#887,#886);
#889=DIRECTION('',(-1.E0,0.E0,0.E0));
#890=VECTOR('',#889,4.E-1);
#891=CARTESIAN_POINT('',(-1.3E0,-1.125E0,-9.4E0));
#892=LINE('',#891,#890);
#893=DIRECTION('',(0.E0,1.E0,0.E0));
#894=VECTOR('',#893,2.725E0);
#895=CARTESIAN_POINT('',(-1.3E0,-3.85E0,-9.4E0));
#896=LINE('',#895,#894);
#897=DIRECTION('',(1.E0,0.E0,0.E0));
#898=VECTOR('',#897,1.1E0);
#899=CARTESIAN_POINT('',(-1.3E0,-3.85E0,-9.4E0));
#900=LINE('',#899,#898);
#901=DIRECTION('',(0.E0,1.E0,0.E0));
#902=VECTOR('',#901,2.725E0);
#903=CARTESIAN_POINT('',(-2.E-1,-3.85E0,-9.4E0));
#904=LINE('',#903,#902);
#905=DIRECTION('',(-1.E0,0.E0,0.E0));
#906=VECTOR('',#905,4.E-1);
#907=CARTESIAN_POINT('',(2.E-1,-1.125E0,-9.4E0));
#908=LINE('',#907,#906);
#909=DIRECTION('',(0.E0,1.E0,0.E0));
#910=VECTOR('',#909,2.725E0);
#911=CARTESIAN_POINT('',(2.E-1,-3.85E0,-9.4E0));
#912=LINE('',#911,#910);
#913=DIRECTION('',(1.E0,0.E0,0.E0));
#914=VECTOR('',#913,1.1E0);
#915=CARTESIAN_POINT('',(2.E-1,-3.85E0,-9.4E0));
#916=LINE('',#915,#914);
#917=DIRECTION('',(0.E0,0.E0,-1.E0));
#918=VECTOR('',#917,2.5E0);
#919=CARTESIAN_POINT('',(1.3E0,2.934E0,-4.78E0));
#920=LINE('',#919,#918);
#921=DIRECTION('',(0.E0,1.E0,0.E0));
#922=VECTOR('',#921,3.E-1);
#923=CARTESIAN_POINT('',(1.3E0,2.634E0,-4.78E0));
#924=LINE('',#923,#922);
#925=DIRECTION('',(0.E0,0.E0,1.E0));
#926=VECTOR('',#925,2.5E0);
#927=CARTESIAN_POINT('',(1.3E0,2.634E0,-7.28E0));
#928=LINE('',#927,#926);
#929=DIRECTION('',(0.E0,0.E0,-1.E0));
#930=VECTOR('',#929,2.5E0);
#931=CARTESIAN_POINT('',(1.3E0,-1.056E0,-4.78E0));
#932=LINE('',#931,#930);
#933=DIRECTION('',(0.E0,1.E0,0.E0));
#934=VECTOR('',#933,3.E-1);
#935=CARTESIAN_POINT('',(1.3E0,-1.356E0,-4.78E0));
#936=LINE('',#935,#934);
#937=DIRECTION('',(0.E0,0.E0,1.E0));
#938=VECTOR('',#937,2.5E0);
#939=CARTESIAN_POINT('',(1.3E0,-1.356E0,-7.28E0));
#940=LINE('',#939,#938);
#941=DIRECTION('',(-7.791378702779E-14,1.E0,0.E0));
#942=VECTOR('',#941,5.699751312199E-3);
#943=CARTESIAN_POINT('',(1.3E0,-4.82E0,-9.4E0));
#944=LINE('',#943,#942);
#945=DIRECTION('',(0.E0,0.E0,1.E0));
#946=VECTOR('',#945,2.8E-2);
#947=CARTESIAN_POINT('',(1.3E0,-4.82E0,-9.428E0));
#948=LINE('',#947,#946);
#949=DIRECTION('',(0.E0,9.998476951564E-1,1.745240643728E-2));
#950=VECTOR('',#949,9.881505001074E-1);
#951=CARTESIAN_POINT('',(1.3E0,-5.808E0,-9.445245604149E0));
#952=LINE('',#951,#950);
#953=DIRECTION('',(0.E0,-1.745240643728E-2,9.998476951564E-1));
#954=VECTOR('',#953,2.6E-1);
#955=CARTESIAN_POINT('',(1.3E0,-5.803462374326E0,-9.705206004890E0));
#956=LINE('',#955,#954);
#957=DIRECTION('',(0.E0,-9.998476951564E-1,-1.745240643728E-2));
#958=VECTOR('',#957,4.305900705152E0);
#959=CARTESIAN_POINT('',(1.3E0,-1.498217478708E0,-9.630057675705E0));
#960=LINE('',#959,#958);
#961=CARTESIAN_POINT('',(1.3E0,-1.505722013476E0,-9.200123166788E0));
#962=DIRECTION('',(-1.E0,0.E0,0.E0));
#963=DIRECTION('',(0.E0,8.854000313388E-1,-4.648298446800E-1));
#964=AXIS2_PLACEMENT_3D('',#961,#962,#963);
#966=CARTESIAN_POINT('',(1.3E0,3.083795931092E0,-9.229599962461E0));
#967=DIRECTION('',(-1.E0,0.E0,0.E0));
#968=DIRECTION('',(0.E0,-1.745240643732E-2,-9.998476951564E-1));
#969=AXIS2_PLACEMENT_3D('',#966,#967,#968);
#971=DIRECTION('',(0.E0,-9.998476951564E-1,1.745240643728E-2));
#972=VECTOR('',#971,2.525555632358E0);
#973=CARTESIAN_POINT('',(1.3E0,5.601462374326E0,-9.703611494755E0));
#974=LINE('',#973,#972);
#975=DIRECTION('',(0.E0,-1.745240643728E-2,-9.998476951564E-1));
#976=VECTOR('',#975,2.6E-1);
#977=CARTESIAN_POINT('',(1.3E0,5.606E0,-9.443651094014E0));
#978=LINE('',#977,#976);
#979=DIRECTION('',(0.E0,9.998476951564E-1,-1.745240643728E-2));
#980=VECTOR('',#979,8.020174063618E-1);
#981=CARTESIAN_POINT('',(1.3E0,4.804104744774E0,-9.429653960268E0));
#982=LINE('',#981,#980);
#983=DIRECTION('',(1.E0,0.E0,0.E0));
#984=VECTOR('',#983,4.E-1);
#985=CARTESIAN_POINT('',(1.3E0,2.934E0,-4.78E0));
#986=LINE('',#985,#984);
#987=DIRECTION('',(0.E0,0.E0,1.E0));
#988=VECTOR('',#987,2.5E0);
#989=CARTESIAN_POINT('',(1.7E0,2.634E0,-7.28E0));
#990=LINE('',#989,#988);
#991=DIRECTION('',(0.E0,1.E0,0.E0));
#992=VECTOR('',#991,3.E-1);
#993=CARTESIAN_POINT('',(1.7E0,2.634E0,-4.78E0));
#994=LINE('',#993,#992);
#995=DIRECTION('',(0.E0,0.E0,-1.E0));
#996=VECTOR('',#995,2.5E0);
#997=CARTESIAN_POINT('',(1.7E0,2.934E0,-4.78E0));
#998=LINE('',#997,#996);
#999=DIRECTION('',(0.E0,0.E0,1.E0));
#1000=VECTOR('',#999,2.5E0);
#1001=CARTESIAN_POINT('',(1.7E0,-1.356E0,-7.28E0));
#1002=LINE('',#1001,#1000);
#1003=DIRECTION('',(0.E0,1.E0,0.E0));
#1004=VECTOR('',#1003,3.E-1);
#1005=CARTESIAN_POINT('',(1.7E0,-1.356E0,-4.78E0));
#1006=LINE('',#1005,#1004);
#1007=DIRECTION('',(0.E0,0.E0,-1.E0));
#1008=VECTOR('',#1007,2.5E0);
#1009=CARTESIAN_POINT('',(1.7E0,-1.056E0,-4.78E0));
#1010=LINE('',#1009,#1008);
#1011=CARTESIAN_POINT('',(1.7E0,-1.505722013476E0,-9.200123166788E0));
#1012=DIRECTION('',(-1.E0,0.E0,0.E0));
#1013=DIRECTION('',(0.E0,8.854000313388E-1,-4.648298446800E-1));
#1014=AXIS2_PLACEMENT_3D('',#1011,#1012,#1013);
#1016=DIRECTION('',(0.E0,-9.998476951564E-1,-1.745240643728E-2));
#1017=VECTOR('',#1016,4.305900705152E0);
#1018=CARTESIAN_POINT('',(1.7E0,-1.498217478708E0,-9.630057675705E0));
#1019=LINE('',#1018,#1017);
#1020=DIRECTION('',(0.E0,-1.745240643728E-2,9.998476951564E-1));
#1021=VECTOR('',#1020,2.6E-1);
#1022=CARTESIAN_POINT('',(1.7E0,-5.803462374326E0,-9.705206004890E0));
#1023=LINE('',#1022,#1021);
#1024=DIRECTION('',(0.E0,9.998476951564E-1,1.745240643728E-2));
#1025=VECTOR('',#1024,9.881505001074E-1);
#1026=CARTESIAN_POINT('',(1.7E0,-5.808E0,-9.445245604149E0));
#1027=LINE('',#1026,#1025);
#1028=DIRECTION('',(0.E0,0.E0,1.E0));
#1029=VECTOR('',#1028,2.8E-2);
#1030=CARTESIAN_POINT('',(1.7E0,-4.82E0,-9.428E0));
#1031=LINE('',#1030,#1029);
#1032=DIRECTION('',(0.E0,1.E0,0.E0));
#1033=VECTOR('',#1032,5.699751312199E-3);
#1034=CARTESIAN_POINT('',(1.7E0,-4.82E0,-9.4E0));
#1035=LINE('',#1034,#1033);
#1036=DIRECTION('',(0.E0,9.998476951564E-1,-1.745240643728E-2));
#1037=VECTOR('',#1036,8.020174063618E-1);
#1038=CARTESIAN_POINT('',(1.7E0,4.804104744774E0,-9.429653960268E0));
#1039=LINE('',#1038,#1037);
#1040=DIRECTION('',(0.E0,-1.745240643728E-2,-9.998476951564E-1));
#1041=VECTOR('',#1040,2.6E-1);
#1042=CARTESIAN_POINT('',(1.7E0,5.606E0,-9.443651094014E0));
#1043=LINE('',#1042,#1041);
#1044=DIRECTION('',(0.E0,-9.998476951564E-1,1.745240643728E-2));
#1045=VECTOR('',#1044,2.525555632358E0);
#1046=CARTESIAN_POINT('',(1.7E0,5.601462374326E0,-9.703611494755E0));
#1047=LINE('',#1046,#1045);
#1048=CARTESIAN_POINT('',(1.7E0,3.083795931092E0,-9.229599962461E0));
#1049=DIRECTION('',(-1.E0,0.E0,0.E0));
#1050=DIRECTION('',(0.E0,-1.745240643732E-2,-9.998476951564E-1));
#1051=AXIS2_PLACEMENT_3D('',#1048,#1049,#1050);
#1053=DIRECTION('',(1.E0,0.E0,0.E0));
#1054=VECTOR('',#1053,4.E-1);
#1055=CARTESIAN_POINT('',(1.3E0,2.634E0,-4.78E0));
#1056=LINE('',#1055,#1054);
#1057=DIRECTION('',(1.E0,0.E0,0.E0));
#1058=VECTOR('',#1057,4.E-1);
#1059=CARTESIAN_POINT('',(1.3E0,-1.356E0,-4.78E0));
#1060=LINE('',#1059,#1058);
#1061=DIRECTION('',(1.E0,0.E0,0.E0));
#1062=VECTOR('',#1061,4.E-1);
#1063=CARTESIAN_POINT('',(1.3E0,-1.056E0,-4.78E0));
#1064=LINE('',#1063,#1062);
#1065=DIRECTION('',(1.E0,0.E0,0.E0));
#1066=VECTOR('',#1065,4.E-1);
#1067=CARTESIAN_POINT('',(1.3E0,-1.498217478708E0,-9.630057675705E0));
#1068=LINE('',#1067,#1066);
#1069=DIRECTION('',(1.E0,0.E0,0.E0));
#1070=VECTOR('',#1069,4.E-1);
#1071=CARTESIAN_POINT('',(1.3E0,-5.803462374326E0,-9.705206004890E0));
#1072=LINE('',#1071,#1070);
#1073=DIRECTION('',(1.E0,0.E0,0.E0));
#1074=VECTOR('',#1073,4.E-1);
#1075=CARTESIAN_POINT('',(1.3E0,-5.808E0,-9.445245604149E0));
#1076=LINE('',#1075,#1074);
#1077=DIRECTION('',(1.E0,0.E0,0.E0));
#1078=VECTOR('',#1077,4.E-1);
#1079=CARTESIAN_POINT('',(1.3E0,-4.82E0,-9.428E0));
#1080=LINE('',#1079,#1078);
#1081=DIRECTION('',(1.E0,0.E0,0.E0));
#1082=VECTOR('',#1081,4.E-1);
#1083=CARTESIAN_POINT('',(1.3E0,-4.82E0,-9.4E0));
#1084=LINE('',#1083,#1082);
#1085=CARTESIAN_POINT('',(1.3E0,-4.620651081377E0,-9.35E0));
#1086=DIRECTION('',(1.E0,0.E0,0.E0));
#1087=DIRECTION('',(0.E0,-9.682458365519E-1,-2.5E-1));
#1088=AXIS2_PLACEMENT_3D('',#1085,#1086,#1087);
#1090=CARTESIAN_POINT('',(2.E-1,-4.620651081377E0,-9.35E0));
#1091=DIRECTION('',(1.E0,0.E0,0.E0));
#1092=DIRECTION('',(0.E0,-9.682458365519E-1,-2.5E-1));
#1093=AXIS2_PLACEMENT_3D('',#1090,#1091,#1092);
#1095=DIRECTION('',(1.E0,0.E0,0.E0));
#1096=VECTOR('',#1095,4.E-1);
#1097=CARTESIAN_POINT('',(-2.E-1,-4.814300248688E0,-9.4E0));
#1098=LINE('',#1097,#1096);
#1099=CARTESIAN_POINT('',(-2.E-1,-4.620651081377E0,-9.35E0));
#1100=DIRECTION('',(1.E0,0.E0,0.E0));
#1101=DIRECTION('',(0.E0,-9.682458365519E-1,-2.5E-1));
#1102=AXIS2_PLACEMENT_3D('',#1099,#1100,#1101);
#1104=CARTESIAN_POINT('',(-1.3E0,-4.620651081377E0,-9.35E0));
#1105=DIRECTION('',(1.E0,0.E0,0.E0));
#1106=DIRECTION('',(0.E0,-9.682458365519E-1,-2.5E-1));
#1107=AXIS2_PLACEMENT_3D('',#1104,#1105,#1106);
#1109=DIRECTION('',(1.E0,0.E0,0.E0));
#1110=VECTOR('',#1109,4.E-1);
#1111=CARTESIAN_POINT('',(-1.7E0,-4.814300248688E0,-9.4E0));
#1112=LINE('',#1111,#1110);
#1113=CARTESIAN_POINT('',(-1.7E0,-4.620651081377E0,-9.35E0));
#1114=DIRECTION('',(1.E0,0.E0,0.E0));
#1115=DIRECTION('',(0.E0,-9.682458365519E-1,-2.5E-1));
#1116=AXIS2_PLACEMENT_3D('',#1113,#1114,#1115);
#1118=CARTESIAN_POINT('',(-1.85E0,-4.620651081377E0,-9.35E0));
#1119=DIRECTION('',(-1.E0,0.E0,0.E0));
#1120=DIRECTION('',(0.E0,0.E0,-1.E0));
#1121=AXIS2_PLACEMENT_3D('',#1118,#1119,#1120);
#1123=CARTESIAN_POINT('',(1.85E0,-4.620651081377E0,-9.35E0));
#1124=DIRECTION('',(1.E0,0.E0,0.E0));
#1125=DIRECTION('',(0.E0,-9.999945016606E-1,-3.316119501058E-3));
#1126=AXIS2_PLACEMENT_3D('',#1123,#1124,#1125);
#1128=CARTESIAN_POINT('',(1.7E0,-4.620651081377E0,-9.35E0));
#1129=DIRECTION('',(1.E0,0.E0,0.E0));
#1130=DIRECTION('',(0.E0,-9.682458365519E-1,-2.5E-1));
#1131=AXIS2_PLACEMENT_3D('',#1128,#1129,#1130);
#1133=DIRECTION('',(1.E0,0.E0,0.E0));
#1134=VECTOR('',#1133,4.E-1);
#1135=CARTESIAN_POINT('',(1.3E0,-4.814300248688E0,-9.4E0));
#1136=LINE('',#1135,#1134);
#1137=DIRECTION('',(0.E0,-1.E0,0.E0));
#1138=VECTOR('',#1137,7.706510813774E-1);
#1139=CARTESIAN_POINT('',(-1.7E0,4.620651081377E0,-9.55E0));
#1140=LINE('',#1139,#1138);
#1141=DIRECTION('',(-1.E0,0.E0,0.E0));
#1142=VECTOR('',#1141,1.5E-1);
#1143=CARTESIAN_POINT('',(-1.7E0,4.620651081377E0,-9.55E0));
#1144=LINE('',#1143,#1142);
#1145=DIRECTION('',(0.E0,1.E0,0.E0));
#1146=VECTOR('',#1145,4.706510813774E-1);
#1147=CARTESIAN_POINT('',(-1.85E0,4.15E0,-9.55E0));
#1148=LINE('',#1147,#1146);
#1149=DIRECTION('',(-1.E0,0.E0,0.E0));
#1150=VECTOR('',#1149,1.E-1);
#1151=CARTESIAN_POINT('',(-1.75E0,4.15E0,-9.55E0));
#1152=LINE('',#1151,#1150);
#1153=DIRECTION('',(0.E0,1.E0,0.E0));
#1154=VECTOR('',#1153,3.E-1);
#1155=CARTESIAN_POINT('',(-1.75E0,3.85E0,-9.55E0));
#1156=LINE('',#1155,#1154);
#1157=DIRECTION('',(0.E0,-1.E0,0.E0));
#1158=VECTOR('',#1157,7.706510813774E-1);
#1159=CARTESIAN_POINT('',(-1.7E0,-3.85E0,-9.55E0));
#1160=LINE('',#1159,#1158);
#1161=DIRECTION('',(0.E0,1.E0,0.E0));
#1162=VECTOR('',#1161,3.E-1);
#1163=CARTESIAN_POINT('',(-1.75E0,-4.15E0,-9.55E0));
#1164=LINE('',#1163,#1162);
#1165=DIRECTION('',(1.E0,0.E0,0.E0));
#1166=VECTOR('',#1165,1.E-1);
#1167=CARTESIAN_POINT('',(-1.85E0,-4.15E0,-9.55E0));
#1168=LINE('',#1167,#1166);
#1169=DIRECTION('',(0.E0,1.E0,0.E0));
#1170=VECTOR('',#1169,4.706510813774E-1);
#1171=CARTESIAN_POINT('',(-1.85E0,-4.620651081377E0,-9.55E0));
#1172=LINE('',#1171,#1170);
#1173=DIRECTION('',(1.E0,0.E0,0.E0));
#1174=VECTOR('',#1173,1.5E-1);
#1175=CARTESIAN_POINT('',(-1.85E0,-4.620651081377E0,-9.55E0));
#1176=LINE('',#1175,#1174);
#1177=DIRECTION('',(0.E0,-1.E0,0.E0));
#1178=VECTOR('',#1177,7.706510813774E-1);
#1179=CARTESIAN_POINT('',(-2.E-1,4.620651081377E0,-9.55E0));
#1180=LINE('',#1179,#1178);
#1181=DIRECTION('',(-1.E0,0.E0,0.E0));
#1182=VECTOR('',#1181,1.1E0);
#1183=CARTESIAN_POINT('',(-2.E-1,4.620651081377E0,-9.55E0));
#1184=LINE('',#1183,#1182);
#1185=DIRECTION('',(0.E0,-1.E0,0.E0));
#1186=VECTOR('',#1185,7.706510813774E-1);
#1187=CARTESIAN_POINT('',(-1.3E0,4.620651081377E0,-9.55E0));
#1188=LINE('',#1187,#1186);
#1189=DIRECTION('',(0.E0,-1.E0,0.E0));
#1190=VECTOR('',#1189,7.706510813774E-1);
#1191=CARTESIAN_POINT('',(-2.E-1,-3.85E0,-9.55E0));
#1192=LINE('',#1191,#1190);
#1193=DIRECTION('',(0.E0,-1.E0,0.E0));
#1194=VECTOR('',#1193,7.706510813774E-1);
#1195=CARTESIAN_POINT('',(-1.3E0,-3.85E0,-9.55E0));
#1196=LINE('',#1195,#1194);
#1197=DIRECTION('',(1.E0,0.E0,0.E0));
#1198=VECTOR('',#1197,1.1E0);
#1199=CARTESIAN_POINT('',(-1.3E0,-4.620651081377E0,-9.55E0));
#1200=LINE('',#1199,#1198);
#1201=DIRECTION('',(0.E0,-1.E0,0.E0));
#1202=VECTOR('',#1201,7.706510813774E-1);
#1203=CARTESIAN_POINT('',(1.3E0,4.620651081377E0,-9.55E0));
#1204=LINE('',#1203,#1202);
#1205=DIRECTION('',(-1.E0,0.E0,0.E0));
#1206=VECTOR('',#1205,1.1E0);
#1207=CARTESIAN_POINT('',(1.3E0,4.620651081377E0,-9.55E0));
#1208=LINE('',#1207,#1206);
#1209=DIRECTION('',(0.E0,-1.E0,0.E0));
#1210=VECTOR('',#1209,7.706510813774E-1);
#1211=CARTESIAN_POINT('',(2.E-1,4.620651081377E0,-9.55E0));
#1212=LINE('',#1211,#1210);
#1213=DIRECTION('',(0.E0,-1.E0,0.E0));
#1214=VECTOR('',#1213,7.706510813774E-1);
#1215=CARTESIAN_POINT('',(1.3E0,-3.85E0,-9.55E0));
#1216=LINE('',#1215,#1214);
#1217=DIRECTION('',(0.E0,-1.E0,0.E0));
#1218=VECTOR('',#1217,7.706510813774E-1);
#1219=CARTESIAN_POINT('',(2.E-1,-3.85E0,-9.55E0));
#1220=LINE('',#1219,#1218);
#1221=DIRECTION('',(1.E0,0.E0,0.E0));
#1222=VECTOR('',#1221,1.1E0);
#1223=CARTESIAN_POINT('',(2.E-1,-4.620651081377E0,-9.55E0));
#1224=LINE('',#1223,#1222);
#1225=DIRECTION('',(0.E0,-1.E0,0.E0));
#1226=VECTOR('',#1225,7.706510813774E-1);
#1227=CARTESIAN_POINT('',(1.7E0,4.620651081377E0,-9.55E0));
#1228=LINE('',#1227,#1226);
#1229=DIRECTION('',(0.E0,-1.E0,0.E0));
#1230=VECTOR('',#1229,3.E-1);
#1231=CARTESIAN_POINT('',(1.75E0,4.15E0,-9.55E0));
#1232=LINE('',#1231,#1230);
#1233=DIRECTION('',(-1.E0,0.E0,0.E0));
#1234=VECTOR('',#1233,1.E-1);
#1235=CARTESIAN_POINT('',(1.85E0,4.15E0,-9.55E0));
#1236=LINE('',#1235,#1234);
#1237=DIRECTION('',(0.E0,-1.E0,0.E0));
#1238=VECTOR('',#1237,4.706510813774E-1);
#1239=CARTESIAN_POINT('',(1.85E0,4.620651081377E0,-9.55E0));
#1240=LINE('',#1239,#1238);
#1241=DIRECTION('',(-1.E0,0.E0,0.E0));
#1242=VECTOR('',#1241,1.5E-1);
#1243=CARTESIAN_POINT('',(1.85E0,4.620651081377E0,-9.55E0));
#1244=LINE('',#1243,#1242);
#1245=DIRECTION('',(0.E0,-1.E0,0.E0));
#1246=VECTOR('',#1245,7.706510813774E-1);
#1247=CARTESIAN_POINT('',(1.7E0,-3.85E0,-9.55E0));
#1248=LINE('',#1247,#1246);
#1249=DIRECTION('',(1.E0,-1.184237892933E-14,0.E0));
#1250=VECTOR('',#1249,1.5E-1);
#1251=CARTESIAN_POINT('',(1.7E0,-4.620651081377E0,-9.55E0));
#1252=LINE('',#1251,#1250);
#1253=DIRECTION('',(0.E0,-1.E0,0.E0));
#1254=VECTOR('',#1253,4.706510813774E-1);
#1255=CARTESIAN_POINT('',(1.85E0,-4.15E0,-9.55E0));
#1256=LINE('',#1255,#1254);
#1257=DIRECTION('',(1.E0,0.E0,0.E0));
#1258=VECTOR('',#1257,1.E-1);
#1259=CARTESIAN_POINT('',(1.75E0,-4.15E0,-9.55E0));
#1260=LINE('',#1259,#1258);
#1261=DIRECTION('',(0.E0,-1.E0,0.E0));
#1262=VECTOR('',#1261,3.E-1);
#1263=CARTESIAN_POINT('',(1.75E0,-3.85E0,-9.55E0));
#1264=LINE('',#1263,#1262);
#1265=CARTESIAN_POINT('',(1.3E0,4.620651081377E0,-9.35E0));
#1266=DIRECTION('',(-1.E0,0.E0,0.E0));
#1267=DIRECTION('',(0.E0,9.172683169821E-1,-3.982698013417E-1));
#1268=AXIS2_PLACEMENT_3D('',#1265,#1266,#1267);
#1270=DIRECTION('',(-1.E0,0.E0,0.E0));
#1271=VECTOR('',#1270,4.E-1);
#1272=CARTESIAN_POINT('',(1.7E0,4.804104744774E0,-9.429653960268E0));
#1273=LINE('',#1272,#1271);
#1274=CARTESIAN_POINT('',(1.7E0,4.620651081377E0,-9.35E0));
#1275=DIRECTION('',(-1.E0,0.E0,0.E0));
#1276=DIRECTION('',(0.E0,9.172683169821E-1,-3.982698013417E-1));
#1277=AXIS2_PLACEMENT_3D('',#1274,#1275,#1276);
#1279=CARTESIAN_POINT('',(1.85E0,4.620651081377E0,-9.35E0));
#1280=DIRECTION('',(1.E0,0.E0,0.E0));
#1281=DIRECTION('',(0.E0,0.E0,-1.E0));
#1282=AXIS2_PLACEMENT_3D('',#1279,#1280,#1281);
#1284=CARTESIAN_POINT('',(-1.85E0,4.620651081377E0,-9.35E0));
#1285=DIRECTION('',(-1.E0,0.E0,0.E0));
#1286=DIRECTION('',(0.E0,9.999945016606E-1,-3.316119501049E-3));
#1287=AXIS2_PLACEMENT_3D('',#1284,#1285,#1286);
#1289=CARTESIAN_POINT('',(-1.7E0,4.620651081377E0,-9.35E0));
#1290=DIRECTION('',(-1.E0,0.E0,0.E0));
#1291=DIRECTION('',(0.E0,9.172683169821E-1,-3.982698013417E-1));
#1292=AXIS2_PLACEMENT_3D('',#1289,#1290,#1291);
#1294=DIRECTION('',(-1.E0,0.E0,0.E0));
#1295=VECTOR('',#1294,4.E-1);
#1296=CARTESIAN_POINT('',(-1.3E0,4.804104744774E0,-9.429653960268E0));
#1297=LINE('',#1296,#1295);
#1298=CARTESIAN_POINT('',(-1.3E0,4.620651081377E0,-9.35E0));
#1299=DIRECTION('',(-1.E0,0.E0,0.E0));
#1300=DIRECTION('',(0.E0,9.172683169821E-1,-3.982698013417E-1));
#1301=AXIS2_PLACEMENT_3D('',#1298,#1299,#1300);
#1303=CARTESIAN_POINT('',(-2.E-1,4.620651081377E0,-9.35E0));
#1304=DIRECTION('',(-1.E0,0.E0,0.E0));
#1305=DIRECTION('',(0.E0,9.172683169821E-1,-3.982698013417E-1));
#1306=AXIS2_PLACEMENT_3D('',#1303,#1304,#1305);
#1308=DIRECTION('',(-1.E0,0.E0,0.E0));
#1309=VECTOR('',#1308,4.E-1);
#1310=CARTESIAN_POINT('',(2.E-1,4.804104744774E0,-9.429653960268E0));
#1311=LINE('',#1310,#1309);
#1312=CARTESIAN_POINT('',(2.E-1,4.620651081377E0,-9.35E0));
#1313=DIRECTION('',(-1.E0,0.E0,0.E0));
#1314=DIRECTION('',(0.E0,9.172683169821E-1,-3.982698013417E-1));
#1315=AXIS2_PLACEMENT_3D('',#1312,#1313,#1314);
#1317=DIRECTION('',(1.E0,0.E0,0.E0));
#1318=VECTOR('',#1317,4.E-1);
#1319=CARTESIAN_POINT('',(1.3E0,5.606E0,-9.443651094014E0));
#1320=LINE('',#1319,#1318);
#1321=DIRECTION('',(1.E0,0.E0,0.E0));
#1322=VECTOR('',#1321,4.E-1);
#1323=CARTESIAN_POINT('',(1.3E0,5.601462374326E0,-9.703611494755E0));
#1324=LINE('',#1323,#1322);
#1325=DIRECTION('',(1.E0,0.E0,0.E0));
#1326=VECTOR('',#1325,4.E-1);
#1327=CARTESIAN_POINT('',(1.3E0,3.076291396324E0,-9.659534471379E0));
#1328=LINE('',#1327,#1326);
#1329=CARTESIAN_POINT('',(1.85E0,4.620485274491E0,-9.4E0));
#1330=DIRECTION('',(1.E0,0.E0,0.E0));
#1331=DIRECTION('',(0.E0,0.E0,-1.E0));
#1332=AXIS2_PLACEMENT_3D('',#1329,#1330,#1331);
#1334=CARTESIAN_POINT('',(3.220486923993E0,4.620485274491E0,-9.4E0));
#1335=DIRECTION('',(-1.E0,0.E0,0.E0));
#1336=DIRECTION('',(0.E0,9.999945016606E-1,-3.316119501067E-3));
#1337=AXIS2_PLACEMENT_3D('',#1334,#1335,#1336);
#1339=CARTESIAN_POINT('',(3.220486923993E0,4.820484174823E0,-9.400663223900E0));
#1340=CARTESIAN_POINT('',(3.253213669675E0,4.820483662104E0,-9.400706723961E0));
#1341=CARTESIAN_POINT('',(3.318665874309E0,4.814036716487E0,-9.400784829386E0));
#1342=CARTESIAN_POINT('',(3.413066826321E0,4.785399255397E0,-9.400872158301E0));
#1343=CARTESIAN_POINT('',(3.500073691501E0,4.738889995730E0,-9.400925839508E0));
#1344=CARTESIAN_POINT('',(3.576316633086E0,4.676315030536E0,-9.400943983032E0));
#1345=CARTESIAN_POINT('',(3.638890957865E0,4.600072218504E0,-9.400925838830E0));
#1346=CARTESIAN_POINT('',(3.685399781408E0,4.513065375928E0,-9.400872157076E0));
#1347=CARTESIAN_POINT('',(3.714036615599E0,4.418665990363E0,-9.400784829405E0));
#1348=CARTESIAN_POINT('',(3.720483662085E0,4.353213786456E0,-9.400706724116E0));
#1349=CARTESIAN_POINT('',(3.720484174823E0,4.320486923993E0,-9.400663223900E0));
#1351=CARTESIAN_POINT('',(-3.220486923692E0,-4.620485274550E0,-9.6E0));
#1352=CARTESIAN_POINT('',(-3.240372046866E0,-4.620484304341E0,-9.6E0));
#1353=CARTESIAN_POINT('',(-3.279278980145E0,-4.616617343249E0,-9.6E0));
#1354=CARTESIAN_POINT('',(-3.336066243792E0,-4.599434805826E0,-9.6E0));
#1355=CARTESIAN_POINT('',(-3.388231212241E0,-4.571528718650E0,-9.6E0));
#1356=CARTESIAN_POINT('',(-3.433987524496E0,-4.533986562890E0,-9.6E0));
#1357=CARTESIAN_POINT('',(-3.471529295910E0,-4.488230328729E0,-9.6E0));
#1358=CARTESIAN_POINT('',(-3.499435121430E0,-4.436065372481E0,-9.6E0));
#1359=CARTESIAN_POINT('',(-3.516617282734E0,-4.379279053780E0,-9.6E0));
#1360=CARTESIAN_POINT('',(-3.520484304287E0,-4.340372108309E0,-9.6E0));
#1361=CARTESIAN_POINT('',(-3.520485274550E0,-4.320486923692E0,-9.6E0));
#1363=DIRECTION('',(-1.E0,-4.322012693871E-11,0.E0));
#1364=VECTOR('',#1363,1.370486923692E0);
#1365=CARTESIAN_POINT('',(-1.85E0,-4.620485274491E0,-9.6E0));
#1366=LINE('',#1365,#1364);
#1367=DIRECTION('',(0.E0,1.E0,0.E0));
#1368=VECTOR('',#1367,4.704852744907E-1);
#1369=CARTESIAN_POINT('',(-1.85E0,-4.620485274491E0,-9.6E0));
#1370=LINE('',#1369,#1368);
#1371=DIRECTION('',(1.E0,0.E0,0.E0));
#1372=VECTOR('',#1371,1.E-1);
#1373=CARTESIAN_POINT('',(-1.85E0,-4.15E0,-9.6E0));
#1374=LINE('',#1373,#1372);
#1375=DIRECTION('',(0.E0,1.E0,0.E0));
#1376=VECTOR('',#1375,3.E-1);
#1377=CARTESIAN_POINT('',(-1.75E0,-4.15E0,-9.6E0));
#1378=LINE('',#1377,#1376);
#1379=DIRECTION('',(1.E0,0.E0,0.E0));
#1380=VECTOR('',#1379,1.770485274491E0);
#1381=CARTESIAN_POINT('',(-3.520485274491E0,-3.85E0,-9.6E0));
#1382=LINE('',#1381,#1380);
#1383=DIRECTION('',(1.259134089227E-10,1.E0,0.E0));
#1384=VECTOR('',#1383,4.704869236918E-1);
#1385=CARTESIAN_POINT('',(-3.520485274550E0,-4.320486923692E0,-9.6E0));
#1386=LINE('',#1385,#1384);
#1387=CARTESIAN_POINT('',(-3.520485274550E0,4.320486923692E0,-9.6E0));
#1388=CARTESIAN_POINT('',(-3.520484304390E0,4.340372108093E0,-9.6E0));
#1389=CARTESIAN_POINT('',(-3.516617282836E0,4.379279053394E0,-9.6E0));
#1390=CARTESIAN_POINT('',(-3.499435120985E0,4.436065373826E0,-9.6E0));
#1391=CARTESIAN_POINT('',(-3.471529294911E0,4.488230330203E0,-9.6E0));
#1392=CARTESIAN_POINT('',(-3.433987523460E0,4.533986563846E0,-9.6E0));
#1393=CARTESIAN_POINT('',(-3.388231211884E0,4.571528718853E0,-9.6E0));
#1394=CARTESIAN_POINT('',(-3.336066243334E0,4.599434806011E0,-9.6E0));
#1395=CARTESIAN_POINT('',(-3.279278979903E0,4.616617343314E0,-9.6E0));
#1396=CARTESIAN_POINT('',(-3.240372046773E0,4.620484304258E0,-9.6E0));
#1397=CARTESIAN_POINT('',(-3.220486923692E0,4.620485274550E0,-9.6E0));
#1399=DIRECTION('',(-1.258860360321E-10,1.E0,0.E0));
#1400=VECTOR('',#1399,4.704869236919E-1);
#1401=CARTESIAN_POINT('',(-3.520485274491E0,3.85E0,-9.6E0));
#1402=LINE('',#1401,#1400);
#1403=DIRECTION('',(1.E0,0.E0,0.E0));
#1404=VECTOR('',#1403,1.770485274491E0);
#1405=CARTESIAN_POINT('',(-3.520485274491E0,3.85E0,-9.6E0));
#1406=LINE('',#1405,#1404);
#1407=DIRECTION('',(0.E0,1.E0,0.E0));
#1408=VECTOR('',#1407,3.E-1);
#1409=CARTESIAN_POINT('',(-1.75E0,3.85E0,-9.6E0));
#1410=LINE('',#1409,#1408);
#1411=DIRECTION('',(-1.E0,0.E0,0.E0));
#1412=VECTOR('',#1411,1.E-1);
#1413=CARTESIAN_POINT('',(-1.75E0,4.15E0,-9.6E0));
#1414=LINE('',#1413,#1412);
#1415=DIRECTION('',(0.E0,-1.E0,0.E0));
#1416=VECTOR('',#1415,4.704852744907E-1);
#1417=CARTESIAN_POINT('',(-1.85E0,4.620485274491E0,-9.6E0));
#1418=LINE('',#1417,#1416);
#1419=DIRECTION('',(-1.E0,4.322790383964E-11,0.E0));
#1420=VECTOR('',#1419,1.370486923692E0);
#1421=CARTESIAN_POINT('',(-1.85E0,4.620485274491E0,-9.6E0));
#1422=LINE('',#1421,#1420);
#1423=CARTESIAN_POINT('',(3.220486923692E0,4.620485274550E0,-9.6E0));
#1424=CARTESIAN_POINT('',(3.240372046866E0,4.620484304341E0,-9.6E0));
#1425=CARTESIAN_POINT('',(3.279278980145E0,4.616617343249E0,-9.6E0));
#1426=CARTESIAN_POINT('',(3.336066243792E0,4.599434805826E0,-9.6E0));
#1427=CARTESIAN_POINT('',(3.388231212241E0,4.571528718650E0,-9.6E0));
#1428=CARTESIAN_POINT('',(3.433987524496E0,4.533986562890E0,-9.6E0));
#1429=CARTESIAN_POINT('',(3.471529295910E0,4.488230328729E0,-9.6E0));
#1430=CARTESIAN_POINT('',(3.499435121430E0,4.436065372481E0,-9.6E0));
#1431=CARTESIAN_POINT('',(3.516617282734E0,4.379279053780E0,-9.6E0));
#1432=CARTESIAN_POINT('',(3.520484304287E0,4.340372108309E0,-9.6E0));
#1433=CARTESIAN_POINT('',(3.520485274550E0,4.320486923692E0,-9.6E0));
#1435=DIRECTION('',(-1.E0,-4.322142308886E-11,0.E0));
#1436=VECTOR('',#1435,1.370486923692E0);
#1437=CARTESIAN_POINT('',(3.220486923692E0,4.620485274550E0,-9.6E0));
#1438=LINE('',#1437,#1436);
#1439=DIRECTION('',(0.E0,-1.E0,0.E0));
#1440=VECTOR('',#1439,4.704852744907E-1);
#1441=CARTESIAN_POINT('',(1.85E0,4.620485274491E0,-9.6E0));
#1442=LINE('',#1441,#1440);
#1443=DIRECTION('',(-1.E0,0.E0,0.E0));
#1444=VECTOR('',#1443,1.E-1);
#1445=CARTESIAN_POINT('',(1.85E0,4.15E0,-9.6E0));
#1446=LINE('',#1445,#1444);
#1447=DIRECTION('',(0.E0,-1.E0,0.E0));
#1448=VECTOR('',#1447,3.E-1);
#1449=CARTESIAN_POINT('',(1.75E0,4.15E0,-9.6E0));
#1450=LINE('',#1449,#1448);
#1451=DIRECTION('',(1.E0,0.E0,0.E0));
#1452=VECTOR('',#1451,1.770485274491E0);
#1453=CARTESIAN_POINT('',(1.75E0,3.85E0,-9.6E0));
#1454=LINE('',#1453,#1452);
#1455=DIRECTION('',(-1.259134089227E-10,-1.E0,0.E0));
#1456=VECTOR('',#1455,4.704869236918E-1);
#1457=CARTESIAN_POINT('',(3.520485274550E0,4.320486923692E0,-9.6E0));
#1458=LINE('',#1457,#1456);
#1459=CARTESIAN_POINT('',(3.520485274550E0,-4.320486923692E0,-9.6E0));
#1460=CARTESIAN_POINT('',(3.520484304390E0,-4.340372108093E0,-9.6E0));
#1461=CARTESIAN_POINT('',(3.516617282836E0,-4.379279053394E0,-9.6E0));
#1462=CARTESIAN_POINT('',(3.499435120985E0,-4.436065373826E0,-9.6E0));
#1463=CARTESIAN_POINT('',(3.471529294911E0,-4.488230330203E0,-9.6E0));
#1464=CARTESIAN_POINT('',(3.433987523460E0,-4.533986563846E0,-9.6E0));
#1465=CARTESIAN_POINT('',(3.388231211884E0,-4.571528718853E0,-9.6E0));
#1466=CARTESIAN_POINT('',(3.336066243334E0,-4.599434806010E0,-9.6E0));
#1467=CARTESIAN_POINT('',(3.279278979903E0,-4.616617343314E0,-9.6E0));
#1468=CARTESIAN_POINT('',(3.240372046773E0,-4.620484304258E0,-9.6E0));
#1469=CARTESIAN_POINT('',(3.220486923692E0,-4.620485274550E0,-9.6E0));
#1471=DIRECTION('',(1.258869799249E-10,-1.E0,0.E0));
#1472=VECTOR('',#1471,4.704869236919E-1);
#1473=CARTESIAN_POINT('',(3.520485274491E0,-3.85E0,-9.6E0));
#1474=LINE('',#1473,#1472);
#1475=DIRECTION('',(1.E0,0.E0,0.E0));
#1476=VECTOR('',#1475,1.770485274491E0);
#1477=CARTESIAN_POINT('',(1.75E0,-3.85E0,-9.6E0));
#1478=LINE('',#1477,#1476);
#1479=DIRECTION('',(0.E0,-1.E0,0.E0));
#1480=VECTOR('',#1479,3.E-1);
#1481=CARTESIAN_POINT('',(1.75E0,-3.85E0,-9.6E0));
#1482=LINE('',#1481,#1480);
#1483=DIRECTION('',(1.E0,0.E0,0.E0));
#1484=VECTOR('',#1483,1.E-1);
#1485=CARTESIAN_POINT('',(1.75E0,-4.15E0,-9.6E0));
#1486=LINE('',#1485,#1484);
#1487=DIRECTION('',(0.E0,1.E0,0.E0));
#1488=VECTOR('',#1487,4.704852744907E-1);
#1489=CARTESIAN_POINT('',(1.85E0,-4.620485274491E0,-9.6E0));
#1490=LINE('',#1489,#1488);
#1491=DIRECTION('',(-1.E0,4.322790383964E-11,0.E0));
#1492=VECTOR('',#1491,1.370486923692E0);
#1493=CARTESIAN_POINT('',(3.220486923692E0,-4.620485274550E0,-9.6E0));
#1494=LINE('',#1493,#1492);
#1495=CARTESIAN_POINT('',(-3.220486923993E0,-4.820484174823E0,
-9.400663223900E0));
#1496=CARTESIAN_POINT('',(-3.253213669675E0,-4.820483662104E0,
-9.400706723961E0));
#1497=CARTESIAN_POINT('',(-3.318665874309E0,-4.814036716487E0,
-9.400784829386E0));
#1498=CARTESIAN_POINT('',(-3.413066826321E0,-4.785399255397E0,
-9.400872158301E0));
#1499=CARTESIAN_POINT('',(-3.500073691501E0,-4.738889995730E0,
-9.400925839508E0));
#1500=CARTESIAN_POINT('',(-3.576316633086E0,-4.676315030536E0,
-9.400943983032E0));
#1501=CARTESIAN_POINT('',(-3.638890957865E0,-4.600072218504E0,
-9.400925838830E0));
#1502=CARTESIAN_POINT('',(-3.685399781408E0,-4.513065375928E0,
-9.400872157076E0));
#1503=CARTESIAN_POINT('',(-3.714036615599E0,-4.418665990363E0,
-9.400784829405E0));
#1504=CARTESIAN_POINT('',(-3.720483662085E0,-4.353213786456E0,
-9.400706724116E0));
#1505=CARTESIAN_POINT('',(-3.720484174823E0,-4.320486923993E0,
-9.400663223900E0));
#1507=CARTESIAN_POINT('',(-3.220486923993E0,-4.620485274491E0,-9.4E0));
#1508=DIRECTION('',(1.E0,0.E0,0.E0));
#1509=DIRECTION('',(0.E0,-9.999945016606E-1,-3.316119501058E-3));
#1510=AXIS2_PLACEMENT_3D('',#1507,#1508,#1509);
#1512=DIRECTION('',(3.315946835278E-3,3.316101269808E-3,-9.999890039240E-1));
#1513=VECTOR('',#1512,8.900761097346E0);
#1514=CARTESIAN_POINT('',(-3.250001374585E0,-4.85E0,-5.E-1));
#1515=LINE('',#1514,#1513);
#1516=DIRECTION('',(1.E0,0.E0,0.E0));
#1517=VECTOR('',#1516,6.500002749170E0);
#1518=CARTESIAN_POINT('',(-3.250001374585E0,-4.85E0,-5.E-1));
#1519=LINE('',#1518,#1517);
#1520=DIRECTION('',(3.315946835278E-3,-3.316101269808E-3,9.999890039240E-1));
#1521=VECTOR('',#1520,8.900761097345E0);
#1522=CARTESIAN_POINT('',(3.220486923993E0,-4.820484174823E0,
-9.400663223900E0));
#1523=LINE('',#1522,#1521);
#1524=DIRECTION('',(-1.E0,0.E0,0.E0));
#1525=VECTOR('',#1524,1.370486923993E0);
#1526=CARTESIAN_POINT('',(3.220486923993E0,-4.820484174823E0,
-9.400663223900E0));
#1527=LINE('',#1526,#1525);
#1528=DIRECTION('',(0.E0,-3.316119501062E-3,9.999945016606E-1));
#1529=VECTOR('',#1528,5.000027491848E-2);
#1530=CARTESIAN_POINT('',(1.85E0,-4.820484174823E0,-9.400663223900E0));
#1531=LINE('',#1530,#1529);
#1532=DIRECTION('',(1.E0,0.E0,0.E0));
#1533=VECTOR('',#1532,3.7E0);
#1534=CARTESIAN_POINT('',(-1.85E0,-4.820649981710E0,-9.350663223900E0));
#1535=LINE('',#1534,#1533);
#1536=DIRECTION('',(-1.776347072387E-14,-3.316119501062E-3,9.999945016606E-1));
#1537=VECTOR('',#1536,5.000027491848E-2);
#1538=CARTESIAN_POINT('',(-1.85E0,-4.820484174823E0,-9.400663223900E0));
#1539=LINE('',#1538,#1537);
#1540=DIRECTION('',(-1.E0,0.E0,0.E0));
#1541=VECTOR('',#1540,1.370486923993E0);
#1542=CARTESIAN_POINT('',(-1.85E0,-4.820484174823E0,-9.400663223900E0));
#1543=LINE('',#1542,#1541);
#1544=CARTESIAN_POINT('',(-3.250001374585E0,-4.85E0,-5.E-1));
#1545=CARTESIAN_POINT('',(-3.282725889035E0,-4.849999640143E0,
-5.001085167797E-1));
#1546=CARTESIAN_POINT('',(-3.348175990113E0,-4.843552852705E0,
-5.003041710723E-1));
#1547=CARTESIAN_POINT('',(-3.442575399689E0,-4.814916082102E0,
-5.005222475834E-1));
#1548=CARTESIAN_POINT('',(-3.529575271397E0,-4.768413203785E0,
-5.006565372688E-1));
#1549=CARTESIAN_POINT('',(-3.605831258672E0,-4.705831264809E0,
-5.007018812883E-1));
#1550=CARTESIAN_POINT('',(-3.668413205430E0,-4.629575248496E0,
-5.006565372689E-1));
#1551=CARTESIAN_POINT('',(-3.714916081659E0,-4.542575485157E0,
-5.005222475834E-1));
#1552=CARTESIAN_POINT('',(-3.743552852832E0,-4.448175671139E0,
-5.003041710724E-1));
#1553=CARTESIAN_POINT('',(-3.749999640142E0,-4.382726576327E0,
-5.001085167797E-1));
#1554=CARTESIAN_POINT('',(-3.749999999998E0,-4.350002061877E0,-5.E-1));
#1556=DIRECTION('',(3.316119501059E-3,-7.002941160540E-8,-9.999945016606E-1));
#1557=VECTOR('',#1556,6.000696219158E0);
#1558=CARTESIAN_POINT('',(-3.741046848345E0,1.890004202252E-1,-3.2E0));
#1559=LINE('',#1558,#1557);
#1560=DIRECTION('',(0.E0,1.E0,0.E0));
#1561=VECTOR('',#1560,1.199999159550E0);
#1562=CARTESIAN_POINT('',(-3.741046848345E0,1.890004202252E-1,-3.2E0));
#1563=LINE('',#1562,#1561);
#1564=DIRECTION('',(3.316119501059E-3,7.002941157765E-8,-9.999945016606E-1));
#1565=VECTOR('',#1564,6.000696219158E0);
#1566=CARTESIAN_POINT('',(-3.741046848345E0,1.388999579775E0,-3.2E0));
#1567=LINE('',#1566,#1565);
#1568=DIRECTION('',(-1.707529114717E-7,-1.E0,-5.662413515182E-10));
#1569=VECTOR('',#1568,2.461E0);
#1570=CARTESIAN_POINT('',(-3.721147402370E0,3.85E0,-9.200663223900E0));
#1571=LINE('',#1570,#1569);
#1572=DIRECTION('',(3.191586769303E-3,0.E0,-9.999949068740E-1));
#1573=VECTOR('',#1572,1.996694049913E-1);
#1574=CARTESIAN_POINT('',(-3.721147402370E0,3.85E0,-9.200663223900E0));
#1575=LINE('',#1574,#1573);
#1576=DIRECTION('',(5.518816324854E-5,9.999997500866E-1,-7.048269576107E-4));
#1577=VECTOR('',#1576,4.704870415736E-1);
#1578=CARTESIAN_POINT('',(-3.720510140138E0,3.85E0,-9.400331611950E0));
#1579=LINE('',#1578,#1577);
#1580=DIRECTION('',(-3.316101270444E-3,3.315869618862E-3,9.999890041801E-1));
#1581=VECTOR('',#1580,8.900761095067E0);
#1582=CARTESIAN_POINT('',(-3.720484174823E0,4.320486923993E0,
-9.400663223900E0));
#1583=LINE('',#1582,#1581);
#1584=DIRECTION('',(0.E0,1.E0,0.E0));
#1585=VECTOR('',#1584,5.296251475221E0);
#1586=CARTESIAN_POINT('',(-3.743697138963E0,-1.532754064823E0,
-2.400663223900E0));
#1587=LINE('',#1586,#1585);
#1588=DIRECTION('',(6.785584698956E-13,-1.E0,0.E0));
#1589=VECTOR('',#1588,2.784071797074E0);
#1590=CARTESIAN_POINT('',(-3.75E0,-1.565930264803E0,-5.E-1));
#1591=LINE('',#1590,#1589);
#1592=DIRECTION('',(3.316101268746E-3,3.316024051694E-3,-9.999890036680E-1));
#1593=VECTOR('',#1592,8.900761099625E0);
#1594=CARTESIAN_POINT('',(-3.749999999998E0,-4.350002061877E0,-5.E-1));
#1595=LINE('',#1594,#1593);
#1596=DIRECTION('',(-5.577247761982E-5,9.999995568613E-1,9.397694181780E-4));
#1597=VECTOR('',#1596,4.704871324836E-1);
#1598=CARTESIAN_POINT('',(-3.720484174823E0,-4.320486923993E0,
-9.400663223900E0));
#1599=LINE('',#1598,#1597);
#1600=DIRECTION('',(3.191976997603E-3,0.E0,-9.999949056284E-1));
#1601=VECTOR('',#1600,1.995588672083E-1);
#1602=CARTESIAN_POINT('',(-3.721147402370E0,-3.85E0,-9.200663223900E0));
#1603=LINE('',#1602,#1601);
#1604=DIRECTION('',(1.040413254160E-7,-1.E0,3.450156448947E-10));
#1605=VECTOR('',#1604,4.039E0);
#1606=CARTESIAN_POINT('',(-3.721147822593E0,1.89E-1,-9.200663225294E0));
#1607=LINE('',#1606,#1605);
#1608=CARTESIAN_POINT('',(-3.721147822593E0,1.89E-1,-9.200663225294E0));
#1609=CARTESIAN_POINT('',(-3.721106391501E0,1.89E-1,-9.213157004127E0));
#1610=CARTESIAN_POINT('',(-3.718711151755E0,1.913136573943E-1,
-9.238125856448E0));
#1611=CARTESIAN_POINT('',(-3.707694508977E0,2.022048216773E-1,
-9.275797388634E0));
#1612=CARTESIAN_POINT('',(-3.688129268173E0,2.216471498194E-1,
-9.312870174443E0));
#1613=CARTESIAN_POINT('',(-3.659446029718E0,2.502175973224E-1,
-9.346824635431E0));
#1614=CARTESIAN_POINT('',(-3.634597001794E0,2.750045633828E-1,
-9.365501066742E0));
#1615=CARTESIAN_POINT('',(-3.620574846540E0,2.89E-1,-9.373535016694E0));
#1617=DIRECTION('',(3.316119501059E-3,0.E0,-9.999945016606E-1));
#1618=VECTOR('',#1617,6.173568961071E0);
#1619=CARTESIAN_POINT('',(-3.641047138963E0,2.89E-1,-3.2E0));
#1620=LINE('',#1619,#1618);
#1621=DIRECTION('',(3.316119501059E-3,0.E0,-9.999945016606E-1));
#1622=VECTOR('',#1621,6.173568961071E0);
#1623=CARTESIAN_POINT('',(-3.641047138963E0,1.289E0,-3.2E0));
#1624=LINE('',#1623,#1622);
#1625=DIRECTION('',(0.E0,-1.E0,0.E0));
#1626=VECTOR('',#1625,1.E0);
#1627=CARTESIAN_POINT('',(-3.620574846540E0,1.289E0,-9.373535016694E0));
#1628=LINE('',#1627,#1626);
#1629=CARTESIAN_POINT('',(-3.521148502038E0,-3.85E0,-9.2E0));
#1630=DIRECTION('',(0.E0,-1.E0,0.E0));
#1631=DIRECTION('',(-9.999945016606E-1,0.E0,-3.316119501058E-3));
#1632=AXIS2_PLACEMENT_3D('',#1629,#1630,#1631);
#1634=CARTESIAN_POINT('',(-3.521148502038E0,3.85E0,-9.2E0));
#1635=DIRECTION('',(0.E0,1.E0,0.E0));
#1636=DIRECTION('',(0.E0,0.E0,-1.E0));
#1637=AXIS2_PLACEMENT_3D('',#1634,#1635,#1636);
#1639=CARTESIAN_POINT('',(-3.620574846540E0,1.289E0,-9.373535016694E0));
#1640=CARTESIAN_POINT('',(-3.634597001794E0,1.302995436617E0,
-9.365501066742E0));
#1641=CARTESIAN_POINT('',(-3.659446029718E0,1.327782402678E0,
-9.346824635431E0));
#1642=CARTESIAN_POINT('',(-3.688129268173E0,1.356352850181E0,
-9.312870174443E0));
#1643=CARTESIAN_POINT('',(-3.707694508977E0,1.375795178323E0,
-9.275797388634E0));
#1644=CARTESIAN_POINT('',(-3.718711151755E0,1.386686342606E0,
-9.238125856448E0));
#1645=CARTESIAN_POINT('',(-3.721106391501E0,1.389E0,-9.213157004127E0));
#1646=CARTESIAN_POINT('',(-3.721147822593E0,1.389E0,-9.200663225294E0));
#1648=DIRECTION('',(-7.071072394184E-1,-7.071063229544E-1,0.E0));
#1649=VECTOR('',#1648,1.414208535952E-1);
#1650=CARTESIAN_POINT('',(-3.641047138963E0,2.89E-1,-3.2E0));
#1651=LINE('',#1650,#1649);
#1652=DIRECTION('',(0.E0,1.E0,0.E0));
#1653=VECTOR('',#1652,1.E0);
#1654=CARTESIAN_POINT('',(-3.641047138963E0,2.89E-1,-3.2E0));
#1655=LINE('',#1654,#1653);
#1656=DIRECTION('',(7.071072394184E-1,-7.071063229544E-1,0.E0));
#1657=VECTOR('',#1656,1.414208535952E-1);
#1658=CARTESIAN_POINT('',(-3.741046848345E0,1.388999579775E0,-3.2E0));
#1659=LINE('',#1658,#1657);
#1660=DIRECTION('',(-7.071101856727E-1,7.071033766840E-1,0.E0));
#1661=VECTOR('',#1660,1.414226213605E-1);
#1662=CARTESIAN_POINT('',(3.741046015012E0,1.889995868965E-1,-3.2E0));
#1663=LINE('',#1662,#1661);
#1664=DIRECTION('',(7.071101856727E-1,7.071033766840E-1,0.E0));
#1665=VECTOR('',#1664,1.414226213605E-1);
#1666=CARTESIAN_POINT('',(3.641044638963E0,1.289E0,-3.2E0));
#1667=LINE('',#1666,#1665);
#1668=DIRECTION('',(0.E0,-1.E0,0.E0));
#1669=VECTOR('',#1668,1.E0);
#1670=CARTESIAN_POINT('',(3.641044638963E0,1.289E0,-3.2E0));
#1671=LINE('',#1670,#1669);
#1672=CARTESIAN_POINT('',(3.620572341781E0,2.89E-1,-9.373536451763E0));
#1673=CARTESIAN_POINT('',(3.634594837644E0,2.750042225311E-1,
-9.365502575495E0));
#1674=CARTESIAN_POINT('',(3.659444467172E0,2.502166707437E-1,
-9.346826167018E0));
#1675=CARTESIAN_POINT('',(3.688128461869E0,2.216453959604E-1,
-9.312871486533E0));
#1676=CARTESIAN_POINT('',(3.707694077744E0,2.022029572519E-1,
-9.275798294757E0));
#1677=CARTESIAN_POINT('',(3.718711481317E0,1.913100528425E-1,
-9.238126304100E0));
#1678=CARTESIAN_POINT('',(3.721105557623E0,1.89E-1,-9.213157168369E0));
#1679=CARTESIAN_POINT('',(3.721146989268E0,1.89E-1,-9.200663222530E0));
#1681=DIRECTION('',(-3.316119501059E-3,6.884259943268E-8,-9.999945016606E-1));
#1682=VECTOR('',#1681,6.000696216395E0);
#1683=CARTESIAN_POINT('',(3.741046015012E0,1.889995868965E-1,-3.2E0));
#1684=LINE('',#1683,#1682);
#1685=DIRECTION('',(-1.022781022484E-7,1.E0,3.391680488222E-10));
#1686=VECTOR('',#1685,4.039E0);
#1687=CARTESIAN_POINT('',(3.721147402370E0,-3.85E0,-9.200663223900E0));
#1688=LINE('',#1687,#1686);
#1689=DIRECTION('',(-3.191586769305E-3,0.E0,-9.999949068740E-1));
#1690=VECTOR('',#1689,1.996694049913E-1);
#1691=CARTESIAN_POINT('',(3.721147402370E0,-3.85E0,-9.200663223900E0));
#1692=LINE('',#1691,#1690);
#1693=DIRECTION('',(-5.518816324854E-5,-9.999997500866E-1,-7.048269576107E-4));
#1694=VECTOR('',#1693,4.704870415736E-1);
#1695=CARTESIAN_POINT('',(3.720510140138E0,-3.85E0,-9.400331611950E0));
#1696=LINE('',#1695,#1694);
#1697=DIRECTION('',(3.316101270444E-3,-3.315869618863E-3,9.999890041801E-1));
#1698=VECTOR('',#1697,8.900761095067E0);
#1699=CARTESIAN_POINT('',(3.720484174823E0,-4.320486923993E0,
-9.400663223900E0));
#1700=LINE('',#1699,#1698);
#1701=DIRECTION('',(6.785588049217E-13,1.E0,0.E0));
#1702=VECTOR('',#1701,2.784070422489E0);
#1703=CARTESIAN_POINT('',(3.749999999998E0,-4.350000687292E0,-5.E-1));
#1704=LINE('',#1703,#1702);
#1705=DIRECTION('',(0.E0,-1.E0,0.E0));
#1706=VECTOR('',#1705,5.296251475221E0);
#1707=CARTESIAN_POINT('',(3.743697138963E0,3.763497410398E0,-2.400663223900E0));
#1708=LINE('',#1707,#1706);
#1709=DIRECTION('',(-3.316101268746E-3,-3.316024051693E-3,-9.999890036680E-1));
#1710=VECTOR('',#1709,8.900761099625E0);
#1711=CARTESIAN_POINT('',(3.749999999998E0,4.350002061877E0,-5.E-1));
#1712=LINE('',#1711,#1710);
#1713=DIRECTION('',(5.577247761982E-5,-9.999995568613E-1,9.397694181742E-4));
#1714=VECTOR('',#1713,4.704871324836E-1);
#1715=CARTESIAN_POINT('',(3.720484174823E0,4.320486923993E0,-9.400663223900E0));
#1716=LINE('',#1715,#1714);
#1717=DIRECTION('',(-3.191976997597E-3,0.E0,-9.999949056284E-1));
#1718=VECTOR('',#1717,1.995588672083E-1);
#1719=CARTESIAN_POINT('',(3.721147402370E0,3.85E0,-9.200663223900E0));
#1720=LINE('',#1719,#1718);
#1721=DIRECTION('',(1.678591040151E-7,1.E0,-5.566435388837E-10));
#1722=VECTOR('',#1721,2.461E0);
#1723=CARTESIAN_POINT('',(3.721146989268E0,1.389E0,-9.200663222530E0));
#1724=LINE('',#1723,#1722);
#1725=DIRECTION('',(-3.316119501059E-3,-6.884259948819E-8,-9.999945016606E-1));
#1726=VECTOR('',#1725,6.000696216395E0);
#1727=CARTESIAN_POINT('',(3.741046015012E0,1.389000413104E0,-3.2E0));
#1728=LINE('',#1727,#1726);
#1729=DIRECTION('',(0.E0,1.E0,0.E0));
#1730=VECTOR('',#1729,1.200000826207E0);
#1731=CARTESIAN_POINT('',(3.741046015012E0,1.889995868965E-1,-3.2E0));
#1732=LINE('',#1731,#1730);
#1733=DIRECTION('',(0.E0,1.E0,0.E0));
#1734=VECTOR('',#1733,1.E0);
#1735=CARTESIAN_POINT('',(3.620572341781E0,2.89E-1,-9.373536451763E0));
#1736=LINE('',#1735,#1734);
#1737=CARTESIAN_POINT('',(3.521148502038E0,3.85E0,-9.2E0));
#1738=DIRECTION('',(0.E0,1.E0,0.E0));
#1739=DIRECTION('',(9.999945016606E-1,0.E0,-3.316119501058E-3));
#1740=AXIS2_PLACEMENT_3D('',#1737,#1738,#1739);
#1742=CARTESIAN_POINT('',(3.521148502038E0,-3.85E0,-9.2E0));
#1743=DIRECTION('',(0.E0,-1.E0,0.E0));
#1744=DIRECTION('',(0.E0,0.E0,-1.E0));
#1745=AXIS2_PLACEMENT_3D('',#1742,#1743,#1744);
#1747=DIRECTION('',(-3.316119501059E-3,0.E0,-9.999945016606E-1));
#1748=VECTOR('',#1747,6.173570396149E0);
#1749=CARTESIAN_POINT('',(3.641044638963E0,2.89E-1,-3.2E0));
#1750=LINE('',#1749,#1748);
#1751=DIRECTION('',(-3.316119501059E-3,0.E0,-9.999945016606E-1));
#1752=VECTOR('',#1751,6.173570396149E0);
#1753=CARTESIAN_POINT('',(3.641044638963E0,1.289E0,-3.2E0));
#1754=LINE('',#1753,#1752);
#1755=CARTESIAN_POINT('',(3.721146989268E0,1.389E0,-9.200663222530E0));
#1756=CARTESIAN_POINT('',(3.721105557623E0,1.389E0,-9.213157168369E0));
#1757=CARTESIAN_POINT('',(3.718711481317E0,1.386689947157E0,-9.238126304100E0));
#1758=CARTESIAN_POINT('',(3.707694077744E0,1.375797042748E0,-9.275798294757E0));
#1759=CARTESIAN_POINT('',(3.688128461869E0,1.356354604040E0,-9.312871486533E0));
#1760=CARTESIAN_POINT('',(3.659444467172E0,1.327783329256E0,-9.346826167018E0));
#1761=CARTESIAN_POINT('',(3.634594837644E0,1.302995777469E0,-9.365502575495E0));
#1762=CARTESIAN_POINT('',(3.620572341781E0,1.289E0,-9.373536451763E0));
#1764=DIRECTION('',(0.E0,0.E0,-1.E0));
#1765=VECTOR('',#1764,1.5E-1);
#1766=CARTESIAN_POINT('',(-1.7E0,3.85E0,-9.4E0));
#1767=LINE('',#1766,#1765);
#1768=DIRECTION('',(1.E0,0.E0,0.E0));
#1769=VECTOR('',#1768,5.E-2);
#1770=CARTESIAN_POINT('',(-1.75E0,3.85E0,-9.55E0));
#1771=LINE('',#1770,#1769);
#1772=DIRECTION('',(0.E0,2.664535259100E-14,1.E0));
#1773=VECTOR('',#1772,5.E-2);
#1774=CARTESIAN_POINT('',(-1.75E0,3.85E0,-9.6E0));
#1775=LINE('',#1774,#1773);
#1776=CARTESIAN_POINT('',(-3.720510140138E0,3.85E0,-9.400331611950E0));
#1777=CARTESIAN_POINT('',(-3.720458722109E0,3.85E0,-9.415837008280E0));
#1778=CARTESIAN_POINT('',(-3.716967848269E0,3.85E0,-9.445322338559E0));
#1779=CARTESIAN_POINT('',(-3.701985874073E0,3.85E0,-9.487965694559E0));
#1780=CARTESIAN_POINT('',(-3.677926643804E0,3.85E0,-9.526034815077E0));
#1781=CARTESIAN_POINT('',(-3.645997530433E0,3.85E0,-9.557859281108E0));
#1782=CARTESIAN_POINT('',(-3.607848524930E0,3.85E0,-9.581788213570E0));
#1783=CARTESIAN_POINT('',(-3.565155907023E0,3.85E0,-9.596643328049E0));
#1784=CARTESIAN_POINT('',(-3.535658875009E0,3.85E0,-9.6E0));
#1785=CARTESIAN_POINT('',(-3.520485274491E0,3.85E0,-9.6E0));
#1787=DIRECTION('',(1.E0,0.E0,0.E0));
#1788=VECTOR('',#1787,1.821148502038E0);
#1789=CARTESIAN_POINT('',(-3.521148502038E0,3.85E0,-9.4E0));
#1790=LINE('',#1789,#1788);
#1791=DIRECTION('',(0.E0,0.E0,-1.E0));
#1792=VECTOR('',#1791,1.5E-1);
#1793=CARTESIAN_POINT('',(-2.E-1,3.85E0,-9.4E0));
#1794=LINE('',#1793,#1792);
#1795=DIRECTION('',(1.E0,0.E0,0.E0));
#1796=VECTOR('',#1795,1.1E0);
#1797=CARTESIAN_POINT('',(-1.3E0,3.85E0,-9.55E0));
#1798=LINE('',#1797,#1796);
#1799=DIRECTION('',(0.E0,0.E0,1.E0));
#1800=VECTOR('',#1799,1.5E-1);
#1801=CARTESIAN_POINT('',(-1.3E0,3.85E0,-9.55E0));
#1802=LINE('',#1801,#1800);
#1803=DIRECTION('',(1.E0,0.E0,0.E0));
#1804=VECTOR('',#1803,1.1E0);
#1805=CARTESIAN_POINT('',(-1.3E0,3.85E0,-9.4E0));
#1806=LINE('',#1805,#1804);
#1807=DIRECTION('',(0.E0,0.E0,-1.E0));
#1808=VECTOR('',#1807,1.5E-1);
#1809=CARTESIAN_POINT('',(1.3E0,3.85E0,-9.4E0));
#1810=LINE('',#1809,#1808);
#1811=DIRECTION('',(1.E0,0.E0,0.E0));
#1812=VECTOR('',#1811,1.1E0);
#1813=CARTESIAN_POINT('',(2.E-1,3.85E0,-9.55E0));
#1814=LINE('',#1813,#1812);
#1815=DIRECTION('',(0.E0,0.E0,1.E0));
#1816=VECTOR('',#1815,1.5E-1);
#1817=CARTESIAN_POINT('',(2.E-1,3.85E0,-9.55E0));
#1818=LINE('',#1817,#1816);
#1819=DIRECTION('',(1.E0,0.E0,0.E0));
#1820=VECTOR('',#1819,1.1E0);
#1821=CARTESIAN_POINT('',(2.E-1,3.85E0,-9.4E0));
#1822=LINE('',#1821,#1820);
#1823=DIRECTION('',(0.E0,0.E0,1.E0));
#1824=VECTOR('',#1823,1.5E-1);
#1825=CARTESIAN_POINT('',(1.7E0,3.85E0,-9.55E0));
#1826=LINE('',#1825,#1824);
#1827=DIRECTION('',(1.E0,0.E0,0.E0));
#1828=VECTOR('',#1827,1.821148502038E0);
#1829=CARTESIAN_POINT('',(1.7E0,3.85E0,-9.4E0));
#1830=LINE('',#1829,#1828);
#1831=CARTESIAN_POINT('',(3.520485274491E0,3.85E0,-9.4E0));
#1832=DIRECTION('',(0.E0,-1.E0,0.E0));
#1833=DIRECTION('',(0.E0,0.E0,-1.E0));
#1834=AXIS2_PLACEMENT_3D('',#1831,#1832,#1833);
#1836=DIRECTION('',(0.E0,2.664535259100E-14,1.E0));
#1837=VECTOR('',#1836,5.E-2);
#1838=CARTESIAN_POINT('',(1.75E0,3.85E0,-9.6E0));
#1839=LINE('',#1838,#1837);
#1840=DIRECTION('',(1.E0,0.E0,0.E0));
#1841=VECTOR('',#1840,5.E-2);
#1842=CARTESIAN_POINT('',(1.7E0,3.85E0,-9.55E0));
#1843=LINE('',#1842,#1841);
#1844=DIRECTION('',(0.E0,0.E0,1.E0));
#1845=VECTOR('',#1844,5.E-2);
#1846=CARTESIAN_POINT('',(-1.75E0,-4.15E0,-9.6E0));
#1847=LINE('',#1846,#1845);
#1848=DIRECTION('',(0.E0,0.E0,1.E0));
#1849=VECTOR('',#1848,5.E-2);
#1850=CARTESIAN_POINT('',(-1.85E0,-4.15E0,-9.6E0));
#1851=LINE('',#1850,#1849);
#1852=CARTESIAN_POINT('',(-1.85E0,-4.620485274491E0,-9.4E0));
#1853=DIRECTION('',(-1.E0,0.E0,0.E0));
#1854=DIRECTION('',(0.E0,0.E0,-1.E0));
#1855=AXIS2_PLACEMENT_3D('',#1852,#1853,#1854);
#1857=DIRECTION('',(0.E0,0.E0,1.E0));
#1858=VECTOR('',#1857,5.E-2);
#1859=CARTESIAN_POINT('',(-1.75E0,4.15E0,-9.6E0));
#1860=LINE('',#1859,#1858);
#1861=CARTESIAN_POINT('',(-1.85E0,4.620485274491E0,-9.4E0));
#1862=DIRECTION('',(-1.E0,0.E0,0.E0));
#1863=DIRECTION('',(0.E0,9.999945016606E-1,-3.316119501058E-3));
#1864=AXIS2_PLACEMENT_3D('',#1861,#1862,#1863);
#1866=DIRECTION('',(0.E0,0.E0,1.E0));
#1867=VECTOR('',#1866,5.E-2);
#1868=CARTESIAN_POINT('',(-1.85E0,4.15E0,-9.6E0));
#1869=LINE('',#1868,#1867);
#1870=DIRECTION('',(-3.315946835278E-3,3.316101269807E-3,9.999890039240E-1));
#1871=VECTOR('',#1870,8.900761097346E0);
#1872=CARTESIAN_POINT('',(-3.220486923993E0,4.820484174823E0,
-9.400663223900E0));
#1873=LINE('',#1872,#1871);
#1874=DIRECTION('',(-1.E0,0.E0,0.E0));
#1875=VECTOR('',#1874,1.370486923993E0);
#1876=CARTESIAN_POINT('',(-1.85E0,4.820484174823E0,-9.400663223900E0));
#1877=LINE('',#1876,#1875);
#1878=DIRECTION('',(0.E0,3.316119501062E-3,9.999945016606E-1));
#1879=VECTOR('',#1878,5.000027491848E-2);
#1880=CARTESIAN_POINT('',(-1.85E0,4.820484174823E0,-9.400663223900E0));
#1881=LINE('',#1880,#1879);
#1882=DIRECTION('',(-1.E0,0.E0,0.E0));
#1883=VECTOR('',#1882,3.7E0);
#1884=CARTESIAN_POINT('',(1.85E0,4.820649981710E0,-9.350663223900E0));
#1885=LINE('',#1884,#1883);
#1886=DIRECTION('',(0.E0,3.316119501062E-3,9.999945016606E-1));
#1887=VECTOR('',#1886,5.000027491848E-2);
#1888=CARTESIAN_POINT('',(1.85E0,4.820484174823E0,-9.400663223900E0));
#1889=LINE('',#1888,#1887);
#1890=DIRECTION('',(-1.E0,0.E0,0.E0));
#1891=VECTOR('',#1890,1.370486923993E0);
#1892=CARTESIAN_POINT('',(3.220486923993E0,4.820484174823E0,-9.400663223900E0));
#1893=LINE('',#1892,#1891);
#1894=DIRECTION('',(-3.315946835278E-3,-3.316101269807E-3,-9.999890039240E-1));
#1895=VECTOR('',#1894,8.900761097346E0);
#1896=CARTESIAN_POINT('',(3.250001374585E0,4.85E0,-5.E-1));
#1897=LINE('',#1896,#1895);
#1898=CARTESIAN_POINT('',(-3.250001374585E0,4.85E0,-5.E-1));
#1899=CARTESIAN_POINT('',(-3.282726298058E0,4.85E0,-5.000000010242E-1));
#1900=CARTESIAN_POINT('',(-3.348173192079E0,4.843553806023E0,
-5.000000031720E-1));
#1901=CARTESIAN_POINT('',(-3.442575346655E0,4.814917520134E0,
-5.000000073138E-1));
#1902=CARTESIAN_POINT('',(-3.529575718352E0,4.768414710991E0,
-5.000000105106E-1));
#1903=CARTESIAN_POINT('',(-3.605832478965E0,4.705832472829E0,
-5.000000117371E-1));
#1904=CARTESIAN_POINT('',(-3.668414709346E0,4.629575741254E0,
-5.000000105106E-1));
#1905=CARTESIAN_POINT('',(-3.714917520577E0,4.542575261186E0,
-5.000000073138E-1));
#1906=CARTESIAN_POINT('',(-3.743553805898E0,4.448173511053E0,
-5.000000031720E-1));
#1907=CARTESIAN_POINT('',(-3.749999999998E0,4.382725610765E0,
-5.000000010241E-1));
#1908=CARTESIAN_POINT('',(-3.749999999998E0,4.350000687292E0,-5.E-1));
#1910=DIRECTION('',(4.581949490886E-6,0.E0,9.999999999895E-1));
#1911=VECTOR('',#1910,3.000000000032E-1);
#1912=CARTESIAN_POINT('',(-3.250001374585E0,4.85E0,-5.E-1));
#1913=LINE('',#1912,#1911);
#1914=DIRECTION('',(1.E0,0.E0,0.E0));
#1915=VECTOR('',#1914,6.500002749170E0);
#1916=CARTESIAN_POINT('',(-3.250001374585E0,4.85E0,-5.E-1));
#1917=LINE('',#1916,#1915);
#1918=DIRECTION('',(4.581949490886E-6,0.E0,-9.999999999895E-1));
#1919=VECTOR('',#1918,3.000000000031E-1);
#1920=CARTESIAN_POINT('',(3.25E0,4.85E0,-2.E-1));
#1921=LINE('',#1920,#1919);
#1922=DIRECTION('',(-1.E0,0.E0,0.E0));
#1923=VECTOR('',#1922,6.5E0);
#1924=CARTESIAN_POINT('',(3.25E0,4.85E0,-2.E-1));
#1925=LINE('',#1924,#1923);
#1926=CARTESIAN_POINT('',(3.250001374585E0,4.85E0,-5.E-1));
#1927=CARTESIAN_POINT('',(3.282725889035E0,4.849999640143E0,
-5.001085167797E-1));
#1928=CARTESIAN_POINT('',(3.348175990113E0,4.843552852705E0,
-5.003041710726E-1));
#1929=CARTESIAN_POINT('',(3.442575399689E0,4.814916082102E0,
-5.005222475835E-1));
#1930=CARTESIAN_POINT('',(3.529575271397E0,4.768413203785E0,
-5.006565372690E-1));
#1931=CARTESIAN_POINT('',(3.605831258672E0,4.705831264809E0,
-5.007018812884E-1));
#1932=CARTESIAN_POINT('',(3.668413205430E0,4.629575248496E0,
-5.006565372690E-1));
#1933=CARTESIAN_POINT('',(3.714916081659E0,4.542575485157E0,
-5.005222475835E-1));
#1934=CARTESIAN_POINT('',(3.743552852832E0,4.448175671139E0,
-5.003041710724E-1));
#1935=CARTESIAN_POINT('',(3.749999640142E0,4.382726576327E0,
-5.001085167797E-1));
#1936=CARTESIAN_POINT('',(3.749999999998E0,4.350002061877E0,-5.E-1));
#1938=DIRECTION('',(-6.298665292891E-12,6.872924232538E-6,-9.999999999764E-1));
#1939=VECTOR('',#1938,3.000000000071E-1);
#1940=CARTESIAN_POINT('',(3.75E0,4.35E0,-2.E-1));
#1941=LINE('',#1940,#1939);
#1942=DIRECTION('',(3.414166565235E-12,-1.E0,5.828722303719E-14));
#1943=VECTOR('',#1942,5.533284514993E-1);
#1944=CARTESIAN_POINT('',(3.749999999998E0,4.350002061877E0,-5.E-1));
#1945=LINE('',#1944,#1943);
#1946=DIRECTION('',(0.E0,1.745240643728E-2,9.998476951564E-1));
#1947=VECTOR('',#1946,3.000456984131E-1);
#1948=CARTESIAN_POINT('',(3.75E0,3.796673610378E0,-5.E-1));
#1949=LINE('',#1948,#1947);
#1950=DIRECTION('',(0.E0,-1.E0,0.E0));
#1951=VECTOR('',#1950,5.480898701436E-1);
#1952=CARTESIAN_POINT('',(3.75E0,4.35E0,-2.E-1));
#1953=LINE('',#1952,#1951);
#1954=DIRECTION('',(6.297184995658E-12,2.290974743241E-6,9.999999999974E-1));
#1955=VECTOR('',#1954,3.000000000008E-1);
#1956=CARTESIAN_POINT('',(3.749999999998E0,-4.350000687292E0,-5.E-1));
#1957=LINE('',#1956,#1955);
#1958=DIRECTION('',(0.E0,-1.E0,0.E0));
#1959=VECTOR('',#1958,2.778833215718E0);
#1960=CARTESIAN_POINT('',(3.75E0,-1.571166784282E0,-2.E-1));
#1961=LINE('',#1960,#1959);
#1962=DIRECTION('',(-3.315614445550E-3,1.745231050726E-2,9.998421993289E-1));
#1963=VECTOR('',#1962,1.900963197169E0);
#1964=CARTESIAN_POINT('',(-3.743697138963E0,3.763497410398E0,
-2.400663223900E0));
#1965=LINE('',#1964,#1963);
#1966=CARTESIAN_POINT('',(-3.55E0,3.805401142842E0,0.E0));
#1967=CARTESIAN_POINT('',(-3.583335872134E0,3.805401142842E0,0.E0));
#1968=CARTESIAN_POINT('',(-3.635534874963E0,3.805148558676E0,
-1.447053717046E-2));
#1969=CARTESIAN_POINT('',(-3.694369853362E0,3.804429997064E0,
-5.563690438110E-2));
#1970=CARTESIAN_POINT('',(-3.735532776261E0,3.803403015556E0,
-1.144726355533E-1));
#1971=CARTESIAN_POINT('',(-3.75E0,3.802491921046E0,-1.666692050807E-1));
#1972=CARTESIAN_POINT('',(-3.75E0,3.801910129856E0,-2.E-1));
#1974=DIRECTION('',(-3.315614445550E-3,-1.745231050726E-2,-9.998421993289E-1));
#1975=VECTOR('',#1974,1.900963197169E0);
#1976=CARTESIAN_POINT('',(3.75E0,3.796673610378E0,-5.E-1));
#1977=LINE('',#1976,#1975);
#1978=CARTESIAN_POINT('',(3.75E0,3.801910129856E0,-2.E-1));
#1979=CARTESIAN_POINT('',(3.75E0,3.802491921046E0,-1.666692050807E-1));
#1980=CARTESIAN_POINT('',(3.735532776261E0,3.803403015556E0,
-1.144726355533E-1));
#1981=CARTESIAN_POINT('',(3.694369853362E0,3.804429997064E0,
-5.563690438110E-2));
#1982=CARTESIAN_POINT('',(3.635534874963E0,3.805148558676E0,
-1.447053717046E-2));
#1983=CARTESIAN_POINT('',(3.583335872134E0,3.805401142842E0,0.E0));
#1984=CARTESIAN_POINT('',(3.55E0,3.805401142842E0,0.E0));
#1986=DIRECTION('',(0.E0,1.E0,0.E0));
#1987=VECTOR('',#1986,5.303256654425E0);
#1988=CARTESIAN_POINT('',(-3.543698238631E0,-1.536256654425E0,-2.2E0));
#1989=LINE('',#1988,#1987);
#1990=DIRECTION('',(1.E0,0.E0,0.E0));
#1991=VECTOR('',#1990,3.958957672824E-1);
#1992=CARTESIAN_POINT('',(-3.543698238631E0,3.767E0,-2.2E0));
#1993=LINE('',#1992,#1991);
#1994=DIRECTION('',(1.E0,0.E0,0.E0));
#1995=VECTOR('',#1994,3.958957672824E-1);
#1996=CARTESIAN_POINT('',(-3.543698238631E0,-1.536256654425E0,-2.2E0));
#1997=LINE('',#1996,#1995);
#1998=DIRECTION('',(0.E0,-1.E0,0.E0));
#1999=VECTOR('',#1998,7.556683556617E-1);
#2000=CARTESIAN_POINT('',(2.642165822169E0,3.968341778308E-1,-2.2E0));
#2001=LINE('',#2000,#1999);
#2002=DIRECTION('',(1.E0,0.E0,0.E0));
#2003=VECTOR('',#2002,3.958957672824E-1);
#2004=CARTESIAN_POINT('',(3.147802471348E0,3.767E0,-2.2E0));
#2005=LINE('',#2004,#2003);
#2006=DIRECTION('',(0.E0,-1.E0,0.E0));
#2007=VECTOR('',#2006,5.303256654425E0);
#2008=CARTESIAN_POINT('',(3.543698238631E0,3.767E0,-2.2E0));
#2009=LINE('',#2008,#2007);
#2010=DIRECTION('',(-1.E0,0.E0,0.E0));
#2011=VECTOR('',#2010,3.958957672824E-1);
#2012=CARTESIAN_POINT('',(3.543698238631E0,-1.536256654425E0,-2.2E0));
#2013=LINE('',#2012,#2011);
#2014=CARTESIAN_POINT('',(-3.543698238631E0,-1.536256654425E0,-2.2E0));
#2015=CARTESIAN_POINT('',(-3.577144840373E0,-1.536256654425E0,-2.2E0));
#2016=CARTESIAN_POINT('',(-3.629436650671E0,-1.536002668497E0,
-2.214550844089E0));
#2017=CARTESIAN_POINT('',(-3.688317894402E0,-1.535281511886E0,
-2.255865878671E0));
#2018=CARTESIAN_POINT('',(-3.729433995367E0,-1.534251337072E0,
-2.314884554220E0));
#2019=CARTESIAN_POINT('',(-3.743808034999E0,-1.533337785302E0,
-2.367221900054E0));
#2020=CARTESIAN_POINT('',(-3.743697138963E0,-1.532754064823E0,
-2.400663223900E0));
#2022=CARTESIAN_POINT('',(-3.743697138963E0,3.763497410398E0,
-2.400663223900E0));
#2023=CARTESIAN_POINT('',(-3.743808034999E0,3.764081130877E0,
-2.367221900054E0));
#2024=CARTESIAN_POINT('',(-3.729433995367E0,3.764994682647E0,
-2.314884554220E0));
#2025=CARTESIAN_POINT('',(-3.688317894402E0,3.766024857461E0,
-2.255865878671E0));
#2026=CARTESIAN_POINT('',(-3.629436650671E0,3.766746014072E0,
-2.214550844089E0));
#2027=CARTESIAN_POINT('',(-3.577144840373E0,3.767E0,-2.2E0));
#2028=CARTESIAN_POINT('',(-3.543698238631E0,3.767E0,-2.2E0));
#2030=DIRECTION('',(4.363267749977E-3,4.363267749978E-3,9.999809617133E-1));
#2031=VECTOR('',#2030,4.080077677689E0);
#2032=CARTESIAN_POINT('',(3.13E0,-3.766366491793E-1,-6.28E0));
#2033=LINE('',#2032,#2031);
#2034=DIRECTION('',(0.E0,-1.E0,0.E0));
#2035=VECTOR('',#2034,1.177422476594E0);
#2036=CARTESIAN_POINT('',(3.147802471348E0,-3.588341778308E-1,-2.2E0));
#2037=LINE('',#2036,#2035);
#2038=DIRECTION('',(0.E0,1.E0,1.657996072579E-13));
#2039=VECTOR('',#2038,2.059073514820E0);
#2040=CARTESIAN_POINT('',(3.156747346761E0,-3.631113077272E0,
-1.499985721085E-1));
#2041=LINE('',#2040,#2039);
#2042=DIRECTION('',(4.363300094156E-3,-4.363655950138E-3,9.999809598783E-1));
#2043=VECTOR('',#2042,6.130118144789E0);
#2044=CARTESIAN_POINT('',(3.129999801683E0,-3.604363350754E0,
-6.279999998702E0));
#2045=LINE('',#2044,#2043);
#2046=DIRECTION('',(4.363267749977E-3,-4.363267749978E-3,9.999809617133E-1));
#2047=VECTOR('',#2046,4.080077677689E0);
#2048=CARTESIAN_POINT('',(3.13E0,4.146366491793E-1,-6.28E0));
#2049=LINE('',#2048,#2047);
#2050=DIRECTION('',(-4.363299321010E-3,-4.363646698602E-3,-9.999809599220E-1));
#2051=VECTOR('',#2050,6.280119574399E0);
#2052=CARTESIAN_POINT('',(3.157401843154E0,4.145767573795E0,0.E0));
#2053=LINE('',#2052,#2051);
#2054=DIRECTION('',(-4.362644744257E-3,-1.745224035355E-2,-9.998381802259E-1));
#2055=VECTOR('',#2054,2.200356061121E0);
#2056=CARTESIAN_POINT('',(3.157401843154E0,3.805401142842E0,0.E0));
#2057=LINE('',#2056,#2055);
#2058=DIRECTION('',(0.E0,-1.E0,0.E0));
#2059=VECTOR('',#2058,3.370165822169E0);
#2060=CARTESIAN_POINT('',(3.147802471348E0,3.767E0,-2.2E0));
#2061=LINE('',#2060,#2059);
#2062=DIRECTION('',(1.E0,0.E0,0.E0));
#2063=VECTOR('',#2062,5.056366491793E-1);
#2064=CARTESIAN_POINT('',(2.642165822169E0,-3.588341778308E-1,-2.2E0));
#2065=LINE('',#2064,#2063);
#2066=DIRECTION('',(0.E0,-4.363309284747E-3,-9.999904807207E-1));
#2067=VECTOR('',#2066,1.000009519370E0);
#2068=CARTESIAN_POINT('',(3.13E0,-3.766366491793E-1,-6.28E0));
#2069=LINE('',#2068,#2067);
#2070=DIRECTION('',(-6.144171362660E-8,-1.E0,4.021317874957E-10));
#2071=VECTOR('',#2070,3.227726701575E0);
#2072=CARTESIAN_POINT('',(3.13E0,-3.766366491793E-1,-6.28E0));
#2073=LINE('',#2072,#2071);
#2074=DIRECTION('',(-1.983151695104E-7,-4.365688987273E-3,9.999904703344E-1));
#2075=VECTOR('',#2074,1.000009531054E0);
#2076=CARTESIAN_POINT('',(3.13E0,-3.599997620158E0,-7.28E0));
#2077=LINE('',#2076,#2075);
#2078=DIRECTION('',(0.E0,4.363309284747E-3,-9.999904807207E-1));
#2079=VECTOR('',#2078,1.000009519370E0);
#2080=CARTESIAN_POINT('',(3.13E0,4.146366491793E-1,-6.28E0));
#2081=LINE('',#2080,#2079);
#2082=DIRECTION('',(1.983189450200E-7,-4.365688987276E-3,-9.999904703344E-1));
#2083=VECTOR('',#2082,1.000009529324E0);
#2084=CARTESIAN_POINT('',(3.129999801679E0,4.118363350747E0,-6.280000000433E0));
#2085=LINE('',#2084,#2083);
#2086=DIRECTION('',(5.354629304199E-8,-1.E0,1.168043203483E-10));
#2087=VECTOR('',#2086,3.703726701568E0);
#2088=CARTESIAN_POINT('',(3.129999801679E0,4.118363350747E0,-6.280000000433E0));
#2089=LINE('',#2088,#2087);
#2090=CARTESIAN_POINT('',(2.880000793273E0,-3.854360970992E0,
-6.280545412795E0));
#2091=CARTESIAN_POINT('',(2.898700446194E0,-3.854360616125E0,
-6.280613142936E0));
#2092=CARTESIAN_POINT('',(2.936098828591E0,-3.850146141811E0,
-6.280727933222E0));
#2093=CARTESIAN_POINT('',(2.989384195153E0,-3.831500144621E0,
-6.280827172659E0));
#2094=CARTESIAN_POINT('',(3.037184539308E0,-3.801464835041E0,
-6.280846065282E0));
#2095=CARTESIAN_POINT('',(3.077103214119E0,-3.761546261972E0,
-6.280795663451E0));
#2096=CARTESIAN_POINT('',(3.107138656072E0,-3.713746132220E0,
-6.280632921914E0));
#2097=CARTESIAN_POINT('',(3.125784253776E0,-3.660461044214E0,
-6.280536294755E0));
#2098=CARTESIAN_POINT('',(3.129999503867E0,-3.623062882721E0,
-6.280095450272E0));
#2099=CARTESIAN_POINT('',(3.129999801683E0,-3.604363350754E0,
-6.279999998702E0));
#2101=CARTESIAN_POINT('',(2.906749726566E0,-3.881110697582E0,
-1.499985721082E-1));
#2102=CARTESIAN_POINT('',(2.923081055657E0,-3.881110884950E0,
-1.499556316803E-1));
#2103=CARTESIAN_POINT('',(2.955785863095E0,-3.877907281636E0,
-1.498780642156E-1));
#2104=CARTESIAN_POINT('',(3.003176068070E0,-3.863521129274E0,
-1.497912867174E-1));
#2105=CARTESIAN_POINT('',(3.046675577402E0,-3.840233246833E0,
-1.497381443220E-1));
#2106=CARTESIAN_POINT('',(3.084891399832E0,-3.808812700876E0,
-1.497202775134E-1));
#2107=CARTESIAN_POINT('',(3.116134467868E0,-3.770633599025E0,
-1.497385144150E-1));
#2108=CARTESIAN_POINT('',(3.139413319166E0,-3.726973074695E0,
-1.497921039125E-1));
#2109=CARTESIAN_POINT('',(3.153664231724E0,-3.679415566117E0,
-1.498796768875E-1));
#2110=CARTESIAN_POINT('',(3.156747531945E0,-3.647251453349E0,
-1.499561390174E-1));
#2111=CARTESIAN_POINT('',(3.156747346761E0,-3.631113077272E0,
-1.499985721085E-1));
#2113=DIRECTION('',(4.363138354336E-3,-4.363267752578E-3,9.999809622779E-1));
#2114=VECTOR('',#2113,6.130663554556E0);
#2115=CARTESIAN_POINT('',(2.880000793273E0,-3.854360970992E0,
-6.280545412795E0));
#2116=LINE('',#2115,#2114);
#2117=DIRECTION('',(1.E0,0.E0,0.E0));
#2118=VECTOR('',#2117,3.728628039521E-1);
#2119=CARTESIAN_POINT('',(2.533886922614E0,-3.881110697582E0,
-1.499985721082E-1));
#2120=LINE('',#2119,#2118);
#2121=DIRECTION('',(4.363267747815E-3,4.363267749978E-3,-9.999809617133E-1));
#2122=VECTOR('',#2121,7.130137173487E0);
#2123=CARTESIAN_POINT('',(2.533886922614E0,-3.881110697582E0,
-1.499985721082E-1));
#2124=LINE('',#2123,#2122);
#2125=DIRECTION('',(7.936986135048E-7,-4.363309283905E-3,9.999904807204E-1));
#2126=VECTOR('',#2125,9.994641013830E-1);
#2127=CARTESIAN_POINT('',(2.88E0,-3.85E0,-7.28E0));
#2128=LINE('',#2127,#2126);
#2129=DIRECTION('',(4.363138354336E-3,4.363267752578E-3,-9.999809622779E-1));
#2130=VECTOR('',#2129,6.130663554556E0);
#2131=CARTESIAN_POINT('',(-2.906749726566E0,-3.881110697582E0,
-1.499985721082E-1));
#2132=LINE('',#2131,#2130);
#2133=DIRECTION('',(7.936986135048E-7,4.363309283906E-3,-9.999904807204E-1));
#2134=VECTOR('',#2133,9.994641013830E-1);
#2135=CARTESIAN_POINT('',(-2.880000793273E0,-3.854360970992E0,
-6.280545412795E0));
#2136=LINE('',#2135,#2134);
#2137=DIRECTION('',(-4.363267731751E-3,4.363267749978E-3,-9.999809617134E-1));
#2138=VECTOR('',#2137,7.130137173487E0);
#2139=CARTESIAN_POINT('',(-2.533886922728E0,-3.881110697582E0,
-1.499985721085E-1));
#2140=LINE('',#2139,#2138);
#2141=DIRECTION('',(1.E0,0.E0,-8.077387926751E-13));
#2142=VECTOR('',#2141,3.728628038375E-1);
#2143=CARTESIAN_POINT('',(-2.906749726566E0,-3.881110697582E0,
-1.499985721082E-1));
#2144=LINE('',#2143,#2142);
#2145=DIRECTION('',(8.575996620818E-11,-7.086477648608E-1,7.055624319348E-1));
#2146=VECTOR('',#2145,2.125943294583E-1);
#2147=CARTESIAN_POINT('',(2.533886922614E0,-3.881110697582E0,
-1.499985721082E-1));
#2148=LINE('',#2147,#2146);
#2149=DIRECTION('',(-8.578921086844E-11,-7.086477648608E-1,7.055624319348E-1));
#2150=VECTOR('',#2149,2.125943294583E-1);
#2151=CARTESIAN_POINT('',(2.906749726566E0,-3.881110697582E0,
-1.499985721082E-1));
#2152=LINE('',#2151,#2150);
#2153=DIRECTION('',(7.086477648601E-1,7.036307036285E-10,7.055624319355E-1));
#2154=VECTOR('',#2153,2.125943294585E-1);
#2155=CARTESIAN_POINT('',(3.156747346761E0,-3.631113077272E0,
-1.499985721085E-1));
#2156=LINE('',#2155,#2154);
#2157=DIRECTION('',(0.E0,-1.E0,0.E0));
#2158=VECTOR('',#2157,5.343633508207E-1);
#2159=CARTESIAN_POINT('',(-1.068234806025E0,4.395765193975E0,0.E0));
#2160=LINE('',#2159,#2158);
#2161=DIRECTION('',(0.E0,-1.E0,0.E0));
#2162=VECTOR('',#2161,3.403664309524E-1);
#2163=CARTESIAN_POINT('',(-3.157401843154E0,4.145767573795E0,0.E0));
#2164=LINE('',#2163,#2162);
#2165=DIRECTION('',(1.E0,0.E0,0.E0));
#2166=VECTOR('',#2165,3.925981568460E-1);
#2167=CARTESIAN_POINT('',(-3.55E0,3.805401142842E0,0.E0));
#2168=LINE('',#2167,#2166);
#2169=DIRECTION('',(0.E0,1.E0,0.E0));
#2170=VECTOR('',#2169,5.445988571579E-1);
#2171=CARTESIAN_POINT('',(-3.55E0,3.805401142842E0,0.E0));
#2172=LINE('',#2171,#2170);
#2173=CARTESIAN_POINT('',(-3.25E0,4.35E0,0.E0));
#2174=DIRECTION('',(0.E0,0.E0,1.E0));
#2175=DIRECTION('',(0.E0,1.E0,0.E0));
#2176=AXIS2_PLACEMENT_3D('',#2173,#2174,#2175);
#2178=DIRECTION('',(-1.E0,0.E0,0.E0));
#2179=VECTOR('',#2178,6.5E0);
#2180=CARTESIAN_POINT('',(3.25E0,4.65E0,0.E0));
#2181=LINE('',#2180,#2179);
#2182=CARTESIAN_POINT('',(3.25E0,4.35E0,0.E0));
#2183=DIRECTION('',(0.E0,0.E0,1.E0));
#2184=DIRECTION('',(1.E0,0.E0,0.E0));
#2185=AXIS2_PLACEMENT_3D('',#2182,#2183,#2184);
#2187=DIRECTION('',(0.E0,-1.E0,0.E0));
#2188=VECTOR('',#2187,5.445988571579E-1);
#2189=CARTESIAN_POINT('',(3.55E0,4.35E0,0.E0));
#2190=LINE('',#2189,#2188);
#2191=DIRECTION('',(1.E0,0.E0,0.E0));
#2192=VECTOR('',#2191,3.925981568460E-1);
#2193=CARTESIAN_POINT('',(3.157401843154E0,3.805401142842E0,0.E0));
#2194=LINE('',#2193,#2192);
#2195=DIRECTION('',(0.E0,-1.E0,0.E0));
#2196=VECTOR('',#2195,3.403664309524E-1);
#2197=CARTESIAN_POINT('',(3.157401843154E0,4.145767573795E0,0.E0));
#2198=LINE('',#2197,#2196);
#2199=DIRECTION('',(0.E0,1.E0,0.E0));
#2200=VECTOR('',#2199,5.343633508207E-1);
#2201=CARTESIAN_POINT('',(1.068234806025E0,3.861401843154E0,0.E0));
#2202=LINE('',#2201,#2200);
#2203=DIRECTION('',(-1.E0,0.E0,0.E0));
#2204=VECTOR('',#2203,2.136469612051E0);
#2205=CARTESIAN_POINT('',(1.068234806025E0,3.861401843154E0,0.E0));
#2206=LINE('',#2205,#2204);
#2207=DIRECTION('',(1.E0,0.E0,0.E0));
#2208=VECTOR('',#2207,3.993530387949E0);
#2209=CARTESIAN_POINT('',(-1.996765193975E0,-4.281765193975E0,0.E0));
#2210=LINE('',#2209,#2208);
#2211=DIRECTION('',(-1.E0,0.E0,0.E0));
#2212=VECTOR('',#2211,1.364696120506E-1);
#2213=CARTESIAN_POINT('',(2.133234806025E0,-2.433401843154E0,0.E0));
#2214=LINE('',#2213,#2212);
#2215=DIRECTION('',(0.E0,-1.E0,0.E0));
#2216=VECTOR('',#2215,1.197711233968E0);
#2217=CARTESIAN_POINT('',(2.133234806025E0,-2.433401843154E0,0.E0));
#2218=LINE('',#2217,#2216);
#2219=CARTESIAN_POINT('',(2.133234806025E0,-3.631113077122E0,0.E0));
#2220=CARTESIAN_POINT('',(2.133234805970E0,-3.657279643852E0,0.E0));
#2221=CARTESIAN_POINT('',(2.138364674773E0,-3.709672970189E0,0.E0));
#2222=CARTESIAN_POINT('',(2.161420855187E0,-3.785636303997E0,0.E0));
#2223=CARTESIAN_POINT('',(2.198736118566E0,-3.855340631638E0,0.E0));
#2224=CARTESIAN_POINT('',(2.249084765613E0,-3.916587435619E0,0.E0));
#2225=CARTESIAN_POINT('',(2.310272767086E0,-3.966663981540E0,0.E0));
#2226=CARTESIAN_POINT('',(2.380222250721E0,-4.003966979504E0,0.E0));
#2227=CARTESIAN_POINT('',(2.456443966306E0,-4.026818630537E0,0.E0));
#2228=CARTESIAN_POINT('',(2.508013892083E0,-4.031765193981E0,0.E0));
#2229=CARTESIAN_POINT('',(2.533886922632E0,-4.031765193975E0,0.E0));
#2231=DIRECTION('',(1.E0,0.E0,0.E0));
#2232=VECTOR('',#2231,3.728628039156E-1);
#2233=CARTESIAN_POINT('',(2.533886922632E0,-4.031765193975E0,0.E0));
#2234=LINE('',#2233,#2232);
#2235=CARTESIAN_POINT('',(2.906749726547E0,-4.031765193975E0,0.E0));
#2236=CARTESIAN_POINT('',(2.932922477896E0,-4.031765193981E0,0.E0));
#2237=CARTESIAN_POINT('',(2.985335324146E0,-4.026630480886E0,0.E0));
#2238=CARTESIAN_POINT('',(3.061283428857E0,-4.003574285083E0,0.E0));
#2239=CARTESIAN_POINT('',(3.130996390783E0,-3.966252200405E0,0.E0));
#2240=CARTESIAN_POINT('',(3.192241852649E0,-3.915896763996E0,0.E0));
#2241=CARTESIAN_POINT('',(3.242312861300E0,-3.854710154065E0,0.E0));
#2242=CARTESIAN_POINT('',(3.279620475587E0,-3.784739148520E0,0.E0));
#2243=CARTESIAN_POINT('',(3.302459938432E0,-3.708522925730E0,0.E0));
#2244=CARTESIAN_POINT('',(3.307401843207E0,-3.656976599160E0,0.E0));
#2245=CARTESIAN_POINT('',(3.307401843154E0,-3.631113077122E0,0.E0));
#2247=DIRECTION('',(0.E0,1.E0,0.E0));
#2248=VECTOR('',#2247,2.056455279855E0);
#2249=CARTESIAN_POINT('',(3.307401843154E0,-3.631113077122E0,0.E0));
#2250=LINE('',#2249,#2248);
#2251=DIRECTION('',(-1.E0,0.E0,0.E0));
#2252=VECTOR('',#2251,2.425981568460E-1);
#2253=CARTESIAN_POINT('',(3.55E0,-1.574657797267E0,0.E0));
#2254=LINE('',#2253,#2252);
#2255=DIRECTION('',(0.E0,-1.E0,0.E0));
#2256=VECTOR('',#2255,2.775342202733E0);
#2257=CARTESIAN_POINT('',(3.55E0,-1.574657797267E0,0.E0));
#2258=LINE('',#2257,#2256);
#2259=CARTESIAN_POINT('',(3.25E0,-4.35E0,0.E0));
#2260=DIRECTION('',(0.E0,0.E0,1.E0));
#2261=DIRECTION('',(0.E0,-1.E0,0.E0));
#2262=AXIS2_PLACEMENT_3D('',#2259,#2260,#2261);
#2264=DIRECTION('',(-1.E0,0.E0,0.E0));
#2265=VECTOR('',#2264,6.5E0);
#2266=CARTESIAN_POINT('',(3.25E0,-4.65E0,0.E0));
#2267=LINE('',#2266,#2265);
#2268=CARTESIAN_POINT('',(-3.25E0,-4.35E0,0.E0));
#2269=DIRECTION('',(0.E0,0.E0,1.E0));
#2270=DIRECTION('',(-1.E0,0.E0,0.E0));
#2271=AXIS2_PLACEMENT_3D('',#2268,#2269,#2270);
#2273=DIRECTION('',(0.E0,1.E0,0.E0));
#2274=VECTOR('',#2273,2.775342202733E0);
#2275=CARTESIAN_POINT('',(-3.55E0,-4.35E0,0.E0));
#2276=LINE('',#2275,#2274);
#2277=DIRECTION('',(-1.E0,0.E0,0.E0));
#2278=VECTOR('',#2277,2.425981568460E-1);
#2279=CARTESIAN_POINT('',(-3.307401843154E0,-1.574657797267E0,0.E0));
#2280=LINE('',#2279,#2278);
#2281=DIRECTION('',(0.E0,-1.E0,0.E0));
#2282=VECTOR('',#2281,2.056455279855E0);
#2283=CARTESIAN_POINT('',(-3.307401843154E0,-1.574657797267E0,0.E0));
#2284=LINE('',#2283,#2282);
#2285=CARTESIAN_POINT('',(-3.307401843154E0,-3.631113077122E0,0.E0));
#2286=CARTESIAN_POINT('',(-3.307401843209E0,-3.657279649111E0,0.E0));
#2287=CARTESIAN_POINT('',(-3.302271969985E0,-3.709672992972E0,0.E0));
#2288=CARTESIAN_POINT('',(-3.279215790920E0,-3.785636309662E0,0.E0));
#2289=CARTESIAN_POINT('',(-3.241900523886E0,-3.855340642706E0,0.E0));
#2290=CARTESIAN_POINT('',(-3.191551874413E0,-3.916587444170E0,0.E0));
#2291=CARTESIAN_POINT('',(-3.130363875320E0,-3.966663986274E0,0.E0));
#2292=CARTESIAN_POINT('',(-3.060414383870E0,-4.003966985890E0,0.E0));
#2293=CARTESIAN_POINT('',(-2.984192670121E0,-4.026818632344E0,0.E0));
#2294=CARTESIAN_POINT('',(-2.932622753451E0,-4.031765193981E0,0.E0));
#2295=CARTESIAN_POINT('',(-2.906749726547E0,-4.031765193975E0,0.E0));
#2297=DIRECTION('',(1.E0,0.E0,0.E0));
#2298=VECTOR('',#2297,3.728628036696E-1);
#2299=CARTESIAN_POINT('',(-2.906749726547E0,-4.031765193975E0,0.E0));
#2300=LINE('',#2299,#2298);
#2301=CARTESIAN_POINT('',(-2.533886922878E0,-4.031765193975E0,0.E0));
#2302=CARTESIAN_POINT('',(-2.507720356148E0,-4.031765194030E0,0.E0));
#2303=CARTESIAN_POINT('',(-2.455327029811E0,-4.026635325227E0,0.E0));
#2304=CARTESIAN_POINT('',(-2.379363696003E0,-4.003579144813E0,0.E0));
#2305=CARTESIAN_POINT('',(-2.309659368362E0,-3.966263881434E0,0.E0));
#2306=CARTESIAN_POINT('',(-2.248412564381E0,-3.915915234387E0,0.E0));
#2307=CARTESIAN_POINT('',(-2.198336018460E0,-3.854727232914E0,0.E0));
#2308=CARTESIAN_POINT('',(-2.161033020496E0,-3.784777749279E0,0.E0));
#2309=CARTESIAN_POINT('',(-2.138181369463E0,-3.708556033694E0,0.E0));
#2310=CARTESIAN_POINT('',(-2.133234806019E0,-3.656986107917E0,0.E0));
#2311=CARTESIAN_POINT('',(-2.133234806025E0,-3.631113077368E0,0.E0));
#2313=DIRECTION('',(0.E0,1.E0,0.E0));
#2314=VECTOR('',#2313,1.197711234214E0);
#2315=CARTESIAN_POINT('',(-2.133234806025E0,-3.631113077368E0,0.E0));
#2316=LINE('',#2315,#2314);
#2317=DIRECTION('',(-1.E0,0.E0,0.E0));
#2318=VECTOR('',#2317,1.364696120506E-1);
#2319=CARTESIAN_POINT('',(-1.996765193975E0,-2.433401843154E0,0.E0));
#2320=LINE('',#2319,#2318);
#2321=DIRECTION('',(7.086444066459E-1,3.078601827168E-3,7.055590883408E-1));
#2322=VECTOR('',#2321,2.125953369276E-1);
#2323=CARTESIAN_POINT('',(-1.218889302418E0,4.395110697582E0,
-1.499985721081E-1));
#2324=LINE('',#2323,#2322);
#2325=DIRECTION('',(-7.086444066459E-1,-3.078601827160E-3,-7.055590883408E-1));
#2326=VECTOR('',#2325,2.125953369276E-1);
#2327=CARTESIAN_POINT('',(-1.068234806025E0,3.861401843154E0,0.E0));
#2328=LINE('',#2327,#2326);
#2329=DIRECTION('',(-7.086444066459E-1,3.078601827160E-3,7.055590883408E-1));
#2330=VECTOR('',#2329,2.125953369276E-1);
#2331=CARTESIAN_POINT('',(1.218889302418E0,3.860747346761E0,
-1.499985721081E-1));
#2332=LINE('',#2331,#2330);
#2333=DIRECTION('',(7.086444066459E-1,-3.078601827168E-3,-7.055590883408E-1));
#2334=VECTOR('',#2333,2.125953369276E-1);
#2335=CARTESIAN_POINT('',(1.068234806025E0,4.395765193975E0,0.E0));
#2336=LINE('',#2335,#2334);
#2337=DIRECTION('',(0.E0,1.E0,0.E0));
#2338=VECTOR('',#2337,5.343633508207E-1);
#2339=CARTESIAN_POINT('',(1.218889302418E0,3.860747346761E0,
-1.499985721081E-1));
#2340=LINE('',#2339,#2338);
#2341=DIRECTION('',(-4.363267749978E-3,4.363267749978E-3,9.999809617133E-1));
#2342=VECTOR('',#2341,7.130137173488E0);
#2343=CARTESIAN_POINT('',(1.25E0,4.364E0,-7.28E0));
#2344=LINE('',#2343,#2342);
#2345=DIRECTION('',(-4.363309284747E-3,0.E0,9.999904807207E-1));
#2346=VECTOR('',#2345,1.000009519370E0);
#2347=CARTESIAN_POINT('',(1.25E0,3.834E0,-7.28E0));
#2348=LINE('',#2347,#2346);
#2349=DIRECTION('',(4.363267749978E-3,-4.363267749978E-3,-9.999809617133E-1));
#2350=VECTOR('',#2349,6.130118134838E0);
#2351=CARTESIAN_POINT('',(1.218889302418E0,3.860747346761E0,
-1.499985721081E-1));
#2352=LINE('',#2351,#2350);
#2353=DIRECTION('',(1.E0,0.E0,0.E0));
#2354=VECTOR('',#2353,1.839169416949E0);
#2355=CARTESIAN_POINT('',(-2.907404222974E0,4.395765193975E0,0.E0));
#2356=LINE('',#2355,#2354);
#2357=DIRECTION('',(4.363267749978E-3,4.363267749978E-3,9.999809617133E-1));
#2358=VECTOR('',#2357,7.130137173488E0);
#2359=CARTESIAN_POINT('',(-1.25E0,4.364E0,-7.28E0));
#2360=LINE('',#2359,#2358);
#2361=DIRECTION('',(-7.936986170594E-7,4.363309283905E-3,9.999904807204E-1));
#2362=VECTOR('',#2361,9.994641013830E-1);
#2363=CARTESIAN_POINT('',(-2.88E0,4.364E0,-7.28E0));
#2364=LINE('',#2363,#2362);
#2365=DIRECTION('',(-4.363141447154E-3,4.363267752516E-3,9.999809622644E-1));
#2366=VECTOR('',#2365,6.280664982435E0);
#2367=CARTESIAN_POINT('',(-2.880000793273E0,4.368360970992E0,
-6.280545412795E0));
#2368=LINE('',#2367,#2366);
#2369=DIRECTION('',(1.E0,0.E0,0.E0));
#2370=VECTOR('',#2369,1.839169416949E0);
#2371=CARTESIAN_POINT('',(1.068234806025E0,4.395765193975E0,0.E0));
#2372=LINE('',#2371,#2370);
#2373=DIRECTION('',(-4.363141447154E-3,-4.363267752516E-3,-9.999809622644E-1));
#2374=VECTOR('',#2373,6.280664982435E0);
#2375=CARTESIAN_POINT('',(2.907404222974E0,4.395765193975E0,0.E0));
#2376=LINE('',#2375,#2374);
#2377=DIRECTION('',(-7.936986139492E-7,-4.363309283906E-3,-9.999904807204E-1));
#2378=VECTOR('',#2377,9.994641013829E-1);
#2379=CARTESIAN_POINT('',(2.880000793273E0,4.368360970992E0,-6.280545412795E0));
#2380=LINE('',#2379,#2378);
#2381=DIRECTION('',(0.E0,-1.E0,0.E0));
#2382=VECTOR('',#2381,5.343633508207E-1);
#2383=CARTESIAN_POINT('',(-1.218889302418E0,4.395110697582E0,
-1.499985721081E-1));
#2384=LINE('',#2383,#2382);
#2385=DIRECTION('',(-4.363267749978E-3,-4.363267749978E-3,-9.999809617133E-1));
#2386=VECTOR('',#2385,6.130118134838E0);
#2387=CARTESIAN_POINT('',(-1.218889302418E0,3.860747346761E0,
-1.499985721081E-1));
#2388=LINE('',#2387,#2386);
#2389=DIRECTION('',(4.363309284747E-3,0.E0,9.999904807207E-1));
#2390=VECTOR('',#2389,1.000009519370E0);
#2391=CARTESIAN_POINT('',(-1.25E0,3.834E0,-7.28E0));
#2392=LINE('',#2391,#2390);
#2393=DIRECTION('',(-1.E0,0.E0,0.E0));
#2394=VECTOR('',#2393,2.491273298359E0);
#2395=CARTESIAN_POINT('',(1.245636649179E0,3.834E0,-6.28E0));
#2396=LINE('',#2395,#2394);
#2397=DIRECTION('',(-1.983189450200E-7,4.365688987278E-3,-9.999904703344E-1));
#2398=VECTOR('',#2397,1.000009529324E0);
#2399=CARTESIAN_POINT('',(-3.129999801679E0,-3.604363350747E0,
-6.280000000433E0));
#2400=LINE('',#2399,#2398);
#2401=DIRECTION('',(4.889006963578E-13,-1.E0,-2.240884564857E-10));
#2402=VECTOR('',#2401,7.722726701501E0);
#2403=CARTESIAN_POINT('',(-3.129999801683E0,4.118363350754E0,
-6.279999998702E0));
#2404=LINE('',#2403,#2402);
#2405=DIRECTION('',(1.983151695104E-7,4.365688987273E-3,9.999904703344E-1));
#2406=VECTOR('',#2405,1.000009531054E0);
#2407=CARTESIAN_POINT('',(-3.13E0,4.113997620158E0,-7.28E0));
#2408=LINE('',#2407,#2406);
#2409=CARTESIAN_POINT('',(-2.880000793273E0,4.368360970992E0,
-6.280545412795E0));
#2410=CARTESIAN_POINT('',(-2.898700446194E0,4.368360616125E0,
-6.280613142936E0));
#2411=CARTESIAN_POINT('',(-2.936098828591E0,4.364146141811E0,
-6.280727933222E0));
#2412=CARTESIAN_POINT('',(-2.989384195153E0,4.345500144621E0,
-6.280827172659E0));
#2413=CARTESIAN_POINT('',(-3.037184539308E0,4.315464835041E0,
-6.280846065282E0));
#2414=CARTESIAN_POINT('',(-3.077103214119E0,4.275546261972E0,
-6.280795663451E0));
#2415=CARTESIAN_POINT('',(-3.107138656072E0,4.227746132220E0,
-6.280632921914E0));
#2416=CARTESIAN_POINT('',(-3.125784253776E0,4.174461044214E0,
-6.280536294755E0));
#2417=CARTESIAN_POINT('',(-3.129999503867E0,4.137062882721E0,
-6.280095450272E0));
#2418=CARTESIAN_POINT('',(-3.129999801683E0,4.118363350754E0,
-6.279999998702E0));
#2420=CARTESIAN_POINT('',(-3.157401843154E0,4.145767573795E0,0.E0));
#2421=CARTESIAN_POINT('',(-3.157401843154E0,4.187433843825E0,0.E0));
#2422=CARTESIAN_POINT('',(-3.139316145604E0,4.252680686335E0,0.E0));
#2423=CARTESIAN_POINT('',(-3.087860916017E0,4.326224266838E0,0.E0));
#2424=CARTESIAN_POINT('',(-3.014317335514E0,4.377679496425E0,0.E0));
#2425=CARTESIAN_POINT('',(-2.949070493004E0,4.395765193975E0,0.E0));
#2426=CARTESIAN_POINT('',(-2.907404222974E0,4.395765193975E0,0.E0));
#2428=CARTESIAN_POINT('',(2.907404222974E0,4.395765193975E0,0.E0));
#2429=CARTESIAN_POINT('',(2.949070493004E0,4.395765193975E0,0.E0));
#2430=CARTESIAN_POINT('',(3.014317335514E0,4.377679496425E0,0.E0));
#2431=CARTESIAN_POINT('',(3.087860916017E0,4.326224266838E0,0.E0));
#2432=CARTESIAN_POINT('',(3.139316145604E0,4.252680686335E0,0.E0));
#2433=CARTESIAN_POINT('',(3.157401843154E0,4.187433843825E0,0.E0));
#2434=CARTESIAN_POINT('',(3.157401843154E0,4.145767573795E0,0.E0));
#2436=CARTESIAN_POINT('',(2.880000793273E0,4.368360970992E0,-6.280545412795E0));
#2437=CARTESIAN_POINT('',(2.898700639268E0,4.368360851176E0,-6.280559273568E0));
#2438=CARTESIAN_POINT('',(2.936099397839E0,4.364146793949E0,-6.280570888578E0));
#2439=CARTESIAN_POINT('',(2.989385237802E0,4.345501204645E0,-6.280541435124E0));
#2440=CARTESIAN_POINT('',(3.037185908669E0,4.315466080317E0,-6.280469003276E0));
#2441=CARTESIAN_POINT('',(3.077104780200E0,4.275547470399E0,-6.280345226226E0));
#2442=CARTESIAN_POINT('',(3.107140064058E0,4.227747100813E0,-6.280221883644E0));
#2443=CARTESIAN_POINT('',(3.125785887716E0,4.174461598969E0,-6.279934863739E0));
#2444=CARTESIAN_POINT('',(3.129999683007E0,4.137063079209E0,-6.280067733818E0));
#2445=CARTESIAN_POINT('',(3.129999801679E0,4.118363350747E0,-6.280000000433E0));
#2447=CARTESIAN_POINT('',(-3.55E0,4.35E0,-2.E-1));
#2448=DIRECTION('',(0.E0,1.E0,0.E0));
#2449=DIRECTION('',(-1.E0,0.E0,0.E0));
#2450=AXIS2_PLACEMENT_3D('',#2447,#2448,#2449);
#2452=CARTESIAN_POINT('',(-3.25E0,4.35E0,-2.E-1));
#2453=DIRECTION('',(0.E0,0.E0,1.E0));
#2454=DIRECTION('',(0.E0,1.E0,0.E0));
#2455=AXIS2_PLACEMENT_3D('',#2452,#2453,#2454);
#2457=CARTESIAN_POINT('',(-3.25E0,4.65E0,-2.E-1));
#2458=DIRECTION('',(1.E0,0.E0,0.E0));
#2459=DIRECTION('',(0.E0,1.E0,0.E0));
#2460=AXIS2_PLACEMENT_3D('',#2457,#2458,#2459);
#2462=CARTESIAN_POINT('',(3.25E0,4.65E0,-2.E-1));
#2463=DIRECTION('',(1.E0,0.E0,0.E0));
#2464=DIRECTION('',(0.E0,1.E0,0.E0));
#2465=AXIS2_PLACEMENT_3D('',#2462,#2463,#2464);
#2467=CARTESIAN_POINT('',(3.25E0,4.35E0,-2.E-1));
#2468=DIRECTION('',(0.E0,0.E0,1.E0));
#2469=DIRECTION('',(1.E0,0.E0,0.E0));
#2470=AXIS2_PLACEMENT_3D('',#2467,#2468,#2469);
#2472=CARTESIAN_POINT('',(3.55E0,4.35E0,-2.E-1));
#2473=DIRECTION('',(0.E0,-1.E0,0.E0));
#2474=DIRECTION('',(1.E0,0.E0,0.E0));
#2475=AXIS2_PLACEMENT_3D('',#2472,#2473,#2474);
#2477=DIRECTION('',(6.676334786191E-1,3.352669572382E-1,-6.647267149823E-1));
#2478=VECTOR('',#2477,2.256544963927E-1);
#2479=CARTESIAN_POINT('',(-1.996765193975E0,-4.281765193975E0,0.E0));
#2480=LINE('',#2479,#2478);
#2481=DIRECTION('',(3.895839273115E-3,4.503275518651E-1,-8.928549257676E-1));
#2482=VECTOR('',#2481,5.039964537771E-1);
#2483=CARTESIAN_POINT('',(-1.846110697582E0,-4.206110697582E0,
-1.499985721081E-1));
#2484=LINE('',#2483,#2482);
#2485=DIRECTION('',(3.895839273115E-3,-4.503275518651E-1,8.928549257676E-1));
#2486=VECTOR('',#2485,5.039964537771E-1);
#2487=CARTESIAN_POINT('',(1.844147208404E0,-3.979147208404E0,
-5.999942884324E-1));
#2488=LINE('',#2487,#2486);
#2489=DIRECTION('',(6.676334786191E-1,-3.352669572382E-1,6.647267149823E-1));
#2490=VECTOR('',#2489,2.256544963927E-1);
#2491=CARTESIAN_POINT('',(1.846110697582E0,-4.206110697582E0,
-1.499985721081E-1));
#2492=LINE('',#2491,#2490);
#2493=DIRECTION('',(0.E0,1.E0,0.E0));
#2494=VECTOR('',#2493,1.848363350821E0);
#2495=CARTESIAN_POINT('',(-1.996765193975E0,-4.281765193975E0,0.E0));
#2496=LINE('',#2495,#2494);
#2497=DIRECTION('',(-5.781881609045E-1,-5.781881609045E-1,5.756708271050E-1));
#2498=VECTOR('',#2497,2.605630944726E-1);
#2499=CARTESIAN_POINT('',(-1.846110697582E0,-2.282747346761E0,
-1.499985721081E-1));
#2500=LINE('',#2499,#2498);
#2501=DIRECTION('',(0.E0,1.E0,0.E0));
#2502=VECTOR('',#2501,1.923363350821E0);
#2503=CARTESIAN_POINT('',(-1.846110697582E0,-4.206110697582E0,
-1.499985721081E-1));
#2504=LINE('',#2503,#2502);
#2505=DIRECTION('',(4.363267749978E-3,4.363267749978E-3,-9.999809617133E-1));
#2506=VECTOR('',#2505,6.130118134838E0);
#2507=CARTESIAN_POINT('',(-1.846110697582E0,-2.282747346761E0,
-1.499985721081E-1));
#2508=LINE('',#2507,#2506);
#2509=DIRECTION('',(4.363309284746E-3,0.E0,-9.999904807207E-1));
#2510=VECTOR('',#2509,1.000009519370E0);
#2511=CARTESIAN_POINT('',(-1.819363350821E0,-2.256E0,-6.28E0));
#2512=LINE('',#2511,#2510);
#2513=CARTESIAN_POINT('',(-1.815536758264E0,-3.483015151902E0,
-7.156984848098E0));
#2514=CARTESIAN_POINT('',(-1.815357839268E0,-3.442010198853E0,
-7.197989801147E0));
#2515=CARTESIAN_POINT('',(-1.815100078835E0,-3.350499760502E0,
-7.257063766149E0));
#2516=CARTESIAN_POINT('',(-1.815E0,-3.244020340543E0,-7.28E0));
#2517=CARTESIAN_POINT('',(-1.815E0,-3.186030303803E0,-7.28E0));
#2519=DIRECTION('',(3.085340268731E-3,7.071034155891E-1,-7.071034155891E-1));
#2520=VECTOR('',#2519,4.911781636412E-1);
#2521=CARTESIAN_POINT('',(-1.817052210031E0,-3.830328909075E0,
-6.809671090925E0));
#2522=LINE('',#2521,#2520);
#2523=CARTESIAN_POINT('',(-1.818340062879E0,-3.953340062879E0,
-6.514518832726E0));
#2524=CARTESIAN_POINT('',(-1.818088595559E0,-3.953088595559E0,
-6.572150531629E0));
#2525=CARTESIAN_POINT('',(-1.817626807335E0,-3.929958993745E0,
-6.677983924932E0));
#2526=CARTESIAN_POINT('',(-1.817230026818E0,-3.871081256070E0,
-6.768918743930E0));
#2527=CARTESIAN_POINT('',(-1.817052210031E0,-3.830328909075E0,
-6.809671090925E0));
#2529=DIRECTION('',(1.E0,0.E0,0.E0));
#2530=VECTOR('',#2529,3.688294416808E0);
#2531=CARTESIAN_POINT('',(-1.844147208404E0,-3.979147208404E0,
-5.999942884324E-1));
#2532=LINE('',#2531,#2530);
#2533=DIRECTION('',(-4.363267749978E-3,-4.363267749978E-3,9.999809617133E-1));
#2534=VECTOR('',#2533,5.914637148851E0);
#2535=CARTESIAN_POINT('',(-1.818340062879E0,-3.953340062879E0,
-6.514518832726E0));
#2536=LINE('',#2535,#2534);
#2537=DIRECTION('',(1.E0,0.E0,0.E0));
#2538=VECTOR('',#2537,3.636680125759E0);
#2539=CARTESIAN_POINT('',(-1.818340062879E0,-3.953340062879E0,
-6.514518832726E0));
#2540=LINE('',#2539,#2538);
#2541=DIRECTION('',(4.363267749978E-3,-4.363267749978E-3,9.999809617133E-1));
#2542=VECTOR('',#2541,5.914637148851E0);
#2543=CARTESIAN_POINT('',(1.818340062879E0,-3.953340062879E0,
-6.514518832726E0));
#2544=LINE('',#2543,#2542);
#2545=CARTESIAN_POINT('',(1.817052210031E0,-3.830328909075E0,
-6.809671090925E0));
#2546=CARTESIAN_POINT('',(1.817230026818E0,-3.871081256070E0,
-6.768918743930E0));
#2547=CARTESIAN_POINT('',(1.817626807335E0,-3.929958993745E0,
-6.677983924932E0));
#2548=CARTESIAN_POINT('',(1.818088595559E0,-3.953088595559E0,
-6.572150531629E0));
#2549=CARTESIAN_POINT('',(1.818340062879E0,-3.953340062879E0,
-6.514518832726E0));
#2551=DIRECTION('',(3.085340268731E-3,-7.071034155891E-1,7.071034155891E-1));
#2552=VECTOR('',#2551,4.911781636412E-1);
#2553=CARTESIAN_POINT('',(1.815536758264E0,-3.483015151902E0,
-7.156984848098E0));
#2554=LINE('',#2553,#2552);
#2555=CARTESIAN_POINT('',(1.815E0,-3.186030303803E0,-7.28E0));
#2556=CARTESIAN_POINT('',(1.815E0,-3.244020340543E0,-7.28E0));
#2557=CARTESIAN_POINT('',(1.815100078835E0,-3.350499760502E0,
-7.257063766149E0));
#2558=CARTESIAN_POINT('',(1.815357839268E0,-3.442010198853E0,
-7.197989801147E0));
#2559=CARTESIAN_POINT('',(1.815536758264E0,-3.483015151902E0,
-7.156984848098E0));
#2561=DIRECTION('',(4.363309284746E-3,0.E0,9.999904807207E-1));
#2562=VECTOR('',#2561,1.000009519370E0);
#2563=CARTESIAN_POINT('',(1.815E0,-2.256E0,-7.28E0));
#2564=LINE('',#2563,#2562);
#2565=DIRECTION('',(-4.363267749978E-3,4.363267749978E-3,-9.999809617133E-1));
#2566=VECTOR('',#2565,6.130118134838E0);
#2567=CARTESIAN_POINT('',(1.846110697582E0,-2.282747346761E0,
-1.499985721081E-1));
#2568=LINE('',#2567,#2566);
#2569=DIRECTION('',(0.E0,-1.E0,0.E0));
#2570=VECTOR('',#2569,1.848363350821E0);
#2571=CARTESIAN_POINT('',(1.996765193975E0,-2.433401843154E0,0.E0));
#2572=LINE('',#2571,#2570);
#2573=DIRECTION('',(0.E0,1.E0,0.E0));
#2574=VECTOR('',#2573,1.923363350821E0);
#2575=CARTESIAN_POINT('',(1.846110697582E0,-4.206110697582E0,
-1.499985721081E-1));
#2576=LINE('',#2575,#2574);
#2577=DIRECTION('',(5.781881609045E-1,-5.781881609045E-1,5.756708271050E-1));
#2578=VECTOR('',#2577,2.605630944726E-1);
#2579=CARTESIAN_POINT('',(1.846110697582E0,-2.282747346761E0,
-1.499985721081E-1));
#2580=LINE('',#2579,#2578);
#2581=DIRECTION('',(-1.E0,0.E0,0.E0));
#2582=VECTOR('',#2581,4.377786048360E-1);
#2583=CARTESIAN_POINT('',(2.283889302418E0,-2.282747346761E0,
-1.499985721081E-1));
#2584=LINE('',#2583,#2582);
#2585=DIRECTION('',(-1.E0,0.E0,0.E0));
#2586=VECTOR('',#2585,4.377786048360E-1);
#2587=CARTESIAN_POINT('',(-1.846110697582E0,-2.282747346761E0,
-1.499985721081E-1));
#2588=LINE('',#2587,#2586);
#2589=DIRECTION('',(1.E0,0.E0,0.E0));
#2590=VECTOR('',#2589,4.912732983586E-1);
#2591=CARTESIAN_POINT('',(1.819363350821E0,-2.256E0,-6.28E0));
#2592=LINE('',#2591,#2590);
#2593=DIRECTION('',(4.363267749978E-3,4.363267749978E-3,-9.999809617133E-1));
#2594=VECTOR('',#2593,6.130118134838E0);
#2595=CARTESIAN_POINT('',(2.283889302418E0,-2.282747346761E0,
-1.499985721081E-1));
#2596=LINE('',#2595,#2594);
#2597=DIRECTION('',(-4.363309284747E-3,0.E0,9.999904807207E-1));
#2598=VECTOR('',#2597,1.000009519370E0);
#2599=CARTESIAN_POINT('',(2.315E0,-2.256E0,-7.28E0));
#2600=LINE('',#2599,#2598);
#2601=DIRECTION('',(4.363267749978E-3,4.363267731751E-3,-9.999809617134E-1));
#2602=VECTOR('',#2601,7.130137173487E0);
#2603=CARTESIAN_POINT('',(2.283889302418E0,-3.631113077272E0,
-1.499985721085E-1));
#2604=LINE('',#2603,#2602);
#2605=DIRECTION('',(0.E0,-1.E0,-2.534376536329E-13));
#2606=VECTOR('',#2605,1.348365730511E0);
#2607=CARTESIAN_POINT('',(2.283889302418E0,-2.282747346761E0,
-1.499985721081E-1));
#2608=LINE('',#2607,#2606);
#2609=CARTESIAN_POINT('',(2.283889302418E0,-3.631113077272E0,
-1.499985721085E-1));
#2610=CARTESIAN_POINT('',(2.283889115064E0,-3.647440547282E0,
-1.499556418273E-1));
#2611=CARTESIAN_POINT('',(2.287089695757E0,-3.680133174556E0,
-1.498780984405E-1));
#2612=CARTESIAN_POINT('',(2.301475838408E0,-3.727532882277E0,
-1.497912959313E-1));
#2613=CARTESIAN_POINT('',(2.324759464529E0,-3.771027003993E0,
-1.497381565103E-1));
#2614=CARTESIAN_POINT('',(2.356175774024E0,-3.809243663932E0,
-1.497202763607E-1));
#2615=CARTESIAN_POINT('',(2.394355744133E0,-3.840490187125E0,
-1.497385064606E-1));
#2616=CARTESIAN_POINT('',(2.438002839181E0,-3.863766158066E0,
-1.497920682219E-1));
#2617=CARTESIAN_POINT('',(2.485563775046E0,-3.878024675818E0,
-1.498796302119E-1));
#2618=CARTESIAN_POINT('',(2.517742613411E0,-3.881110882804E0,
-1.499561234170E-1));
#2619=CARTESIAN_POINT('',(2.533886922614E0,-3.881110697582E0,
-1.499985721082E-1));
#2621=DIRECTION('',(-7.086477648601E-1,7.043513756134E-10,7.055624319355E-1));
#2622=VECTOR('',#2621,2.125943294585E-1);
#2623=CARTESIAN_POINT('',(2.283889302418E0,-3.631113077272E0,
-1.499985721085E-1));
#2624=LINE('',#2623,#2622);
#2625=DIRECTION('',(-5.781881609045E-1,-5.781881609045E-1,5.756708271050E-1));
#2626=VECTOR('',#2625,2.605630944726E-1);
#2627=CARTESIAN_POINT('',(2.283889302418E0,-2.282747346761E0,
-1.499985721081E-1));
#2628=LINE('',#2627,#2626);
#2629=DIRECTION('',(5.781881609045E-1,-5.781881609045E-1,5.756708271050E-1));
#2630=VECTOR('',#2629,2.605630944726E-1);
#2631=CARTESIAN_POINT('',(-2.283889302418E0,-2.282747346761E0,
-1.499985721081E-1));
#2632=LINE('',#2631,#2630);
#2633=DIRECTION('',(7.086477648608E-1,8.576414401679E-11,7.055624319348E-1));
#2634=VECTOR('',#2633,2.125943294583E-1);
#2635=CARTESIAN_POINT('',(-2.283889302418E0,-3.631113077386E0,
-1.499985721082E-1));
#2636=LINE('',#2635,#2634);
#2637=DIRECTION('',(-7.043659979435E-10,-7.086477648601E-1,7.055624319355E-1));
#2638=VECTOR('',#2637,2.125943294585E-1);
#2639=CARTESIAN_POINT('',(-2.533886922728E0,-3.881110697582E0,
-1.499985721085E-1));
#2640=LINE('',#2639,#2638);
#2641=CARTESIAN_POINT('',(-2.533886922728E0,-3.881110697582E0,
-1.499985721085E-1));
#2642=CARTESIAN_POINT('',(-2.517559452718E0,-3.881110884936E0,
-1.499556418273E-1));
#2643=CARTESIAN_POINT('',(-2.484866825444E0,-3.877910304243E0,
-1.498780984405E-1));
#2644=CARTESIAN_POINT('',(-2.437467117723E0,-3.863524161592E0,
-1.497912959313E-1));
#2645=CARTESIAN_POINT('',(-2.393972996007E0,-3.840240535471E0,
-1.497381565103E-1));
#2646=CARTESIAN_POINT('',(-2.355756336068E0,-3.808824225976E0,
-1.497202763607E-1));
#2647=CARTESIAN_POINT('',(-2.324509812875E0,-3.770644255867E0,
-1.497385064606E-1));
#2648=CARTESIAN_POINT('',(-2.301233841934E0,-3.726997160819E0,
-1.497920682219E-1));
#2649=CARTESIAN_POINT('',(-2.286975324182E0,-3.679436224954E0,
-1.498796302119E-1));
#2650=CARTESIAN_POINT('',(-2.283889117196E0,-3.647257386589E0,
-1.499561234170E-1));
#2651=CARTESIAN_POINT('',(-2.283889302418E0,-3.631113077386E0,
-1.499985721082E-1));
#2653=DIRECTION('',(-4.363267749978E-3,4.363267749978E-3,-9.999809617133E-1));
#2654=VECTOR('',#2653,6.130118134838E0);
#2655=CARTESIAN_POINT('',(-2.283889302418E0,-2.282747346761E0,
-1.499985721081E-1));
#2656=LINE('',#2655,#2654);
#2657=DIRECTION('',(0.E0,1.E0,3.009469213611E-14));
#2658=VECTOR('',#2657,1.348365730625E0);
#2659=CARTESIAN_POINT('',(-2.283889302418E0,-3.631113077386E0,
-1.499985721082E-1));
#2660=LINE('',#2659,#2658);
#2661=DIRECTION('',(-4.363267749978E-3,4.363267747816E-3,-9.999809617133E-1));
#2662=VECTOR('',#2661,7.130137173487E0);
#2663=CARTESIAN_POINT('',(-2.283889302418E0,-3.631113077386E0,
-1.499985721082E-1));
#2664=LINE('',#2663,#2662);
#2665=DIRECTION('',(-4.363309284747E-3,0.E0,-9.999904807207E-1));
#2666=VECTOR('',#2665,1.000009519370E0);
#2667=CARTESIAN_POINT('',(-2.310636649179E0,-2.256E0,-6.28E0));
#2668=LINE('',#2667,#2666);
#2669=DIRECTION('',(-1.E0,0.E0,0.E0));
#2670=VECTOR('',#2669,4.912732983586E-1);
#2671=CARTESIAN_POINT('',(-1.819363350821E0,-2.256E0,-6.28E0));
#2672=LINE('',#2671,#2670);
#2673=DIRECTION('',(8.578712196413E-11,-7.086477648608E-1,7.055624319348E-1));
#2674=VECTOR('',#2673,2.125943294583E-1);
#2675=CARTESIAN_POINT('',(-2.906749726566E0,-3.881110697582E0,
-1.499985721082E-1));
#2676=LINE('',#2675,#2674);
#2677=DIRECTION('',(-7.086477648601E-1,7.036411481500E-10,7.055624319355E-1));
#2678=VECTOR('',#2677,2.125943294585E-1);
#2679=CARTESIAN_POINT('',(-3.156747346761E0,-3.631113077272E0,
-1.499985721085E-1));
#2680=LINE('',#2679,#2678);
#2681=DIRECTION('',(-1.E0,0.E0,0.E0));
#2682=VECTOR('',#2681,3.631073516528E0);
#2683=CARTESIAN_POINT('',(1.815536758264E0,-3.483015151902E0,
-7.156984848098E0));
#2684=LINE('',#2683,#2682);
#2685=DIRECTION('',(1.E0,0.E0,0.E0));
#2686=VECTOR('',#2685,3.634104420063E0);
#2687=CARTESIAN_POINT('',(-1.817052210031E0,-3.830328909075E0,
-6.809671090925E0));
#2688=LINE('',#2687,#2686);
#2689=DIRECTION('',(7.085940289197E-1,-1.231470417973E-2,7.055089299508E-1));
#2690=VECTOR('',#2689,2.126104514631E-1);
#2691=CARTESIAN_POINT('',(3.156747346761E0,-1.572039562452E0,
-1.499985721081E-1));
#2692=LINE('',#2691,#2690);
#2693=DIRECTION('',(4.362644744257E-3,-1.745224035355E-2,9.998381802259E-1));
#2694=VECTOR('',#2693,2.050333212349E0);
#2695=CARTESIAN_POINT('',(3.147802471348E0,-1.536256654425E0,-2.2E0));
#2696=LINE('',#2695,#2694);
#2697=DIRECTION('',(3.315614445550E-3,-1.745231050726E-2,9.998421993289E-1));
#2698=VECTOR('',#2697,1.900963197169E0);
#2699=CARTESIAN_POINT('',(3.743697138963E0,-1.532754064823E0,
-2.400663223900E0));
#2700=LINE('',#2699,#2698);
#2701=DIRECTION('',(0.E0,1.745240643728E-2,-9.998476951564E-1));
#2702=VECTOR('',#2701,3.000456984132E-1);
#2703=CARTESIAN_POINT('',(3.75E0,-1.571166784282E0,-2.E-1));
#2704=LINE('',#2703,#2702);
#2705=CARTESIAN_POINT('',(3.55E0,-1.574657797267E0,0.E0));
#2706=CARTESIAN_POINT('',(3.583335872134E0,-1.574657797267E0,0.E0));
#2707=CARTESIAN_POINT('',(3.635534874963E0,-1.574405213101E0,
-1.447053717046E-2));
#2708=CARTESIAN_POINT('',(3.694369853362E0,-1.573686651489E0,
-5.563690438110E-2));
#2709=CARTESIAN_POINT('',(3.735532776261E0,-1.572659669981E0,
-1.144726355533E-1));
#2710=CARTESIAN_POINT('',(3.75E0,-1.571748575471E0,-1.666692050807E-1));
#2711=CARTESIAN_POINT('',(3.75E0,-1.571166784282E0,-2.E-1));
#2713=CARTESIAN_POINT('',(3.543698238631E0,3.767E0,-2.2E0));
#2714=CARTESIAN_POINT('',(3.577144840373E0,3.767E0,-2.2E0));
#2715=CARTESIAN_POINT('',(3.629436650671E0,3.766746014072E0,-2.214550844089E0));
#2716=CARTESIAN_POINT('',(3.688317894402E0,3.766024857461E0,-2.255865878671E0));
#2717=CARTESIAN_POINT('',(3.729433995367E0,3.764994682647E0,-2.314884554220E0));
#2718=CARTESIAN_POINT('',(3.743808034999E0,3.764081130877E0,-2.367221900054E0));
#2719=CARTESIAN_POINT('',(3.743697138963E0,3.763497410398E0,-2.400663223900E0));
#2721=CARTESIAN_POINT('',(3.743697138963E0,-1.532754064823E0,
-2.400663223900E0));
#2722=CARTESIAN_POINT('',(3.743808034999E0,-1.533337785302E0,
-2.367221900054E0));
#2723=CARTESIAN_POINT('',(3.729433995367E0,-1.534251337072E0,
-2.314884554220E0));
#2724=CARTESIAN_POINT('',(3.688317894402E0,-1.535281511886E0,
-2.255865878671E0));
#2725=CARTESIAN_POINT('',(3.629436650671E0,-1.536002668497E0,
-2.214550844089E0));
#2726=CARTESIAN_POINT('',(3.577144840373E0,-1.536256654425E0,-2.2E0));
#2727=CARTESIAN_POINT('',(3.543698238631E0,-1.536256654425E0,-2.2E0));
#2729=CARTESIAN_POINT('',(3.55E0,-4.35E0,-2.E-1));
#2730=DIRECTION('',(0.E0,-1.E0,0.E0));
#2731=DIRECTION('',(1.E0,0.E0,0.E0));
#2732=AXIS2_PLACEMENT_3D('',#2729,#2730,#2731);
#2734=CARTESIAN_POINT('',(3.25E0,-4.35E0,-2.E-1));
#2735=DIRECTION('',(0.E0,0.E0,1.E0));
#2736=DIRECTION('',(0.E0,-1.E0,0.E0));
#2737=AXIS2_PLACEMENT_3D('',#2734,#2735,#2736);
#2739=CARTESIAN_POINT('',(3.250001374585E0,-4.85E0,-5.E-1));
#2740=CARTESIAN_POINT('',(3.282726298058E0,-4.85E0,-5.000000010242E-1));
#2741=CARTESIAN_POINT('',(3.348173192079E0,-4.843553806023E0,
-5.000000031720E-1));
#2742=CARTESIAN_POINT('',(3.442575346655E0,-4.814917520134E0,
-5.000000073138E-1));
#2743=CARTESIAN_POINT('',(3.529575718352E0,-4.768414710991E0,
-5.000000105106E-1));
#2744=CARTESIAN_POINT('',(3.605832478965E0,-4.705832472829E0,
-5.000000117371E-1));
#2745=CARTESIAN_POINT('',(3.668414709346E0,-4.629575741254E0,
-5.000000105106E-1));
#2746=CARTESIAN_POINT('',(3.714917520577E0,-4.542575261186E0,
-5.000000073138E-1));
#2747=CARTESIAN_POINT('',(3.743553805898E0,-4.448173511053E0,
-5.000000031720E-1));
#2748=CARTESIAN_POINT('',(3.749999999998E0,-4.382725610765E0,
-5.000000010241E-1));
#2749=CARTESIAN_POINT('',(3.749999999998E0,-4.350000687292E0,-5.E-1));
#2751=CARTESIAN_POINT('',(3.720484174823E0,-4.320486923993E0,
-9.400663223900E0));
#2752=CARTESIAN_POINT('',(3.720483662136E0,-4.353213786070E0,
-9.400706724117E0));
#2753=CARTESIAN_POINT('',(3.714036615825E0,-4.418665989731E0,
-9.400784829403E0));
#2754=CARTESIAN_POINT('',(3.685399780650E0,-4.513065378166E0,
-9.400872157078E0));
#2755=CARTESIAN_POINT('',(3.638890956204E0,-4.600072220962E0,
-9.400925838830E0));
#2756=CARTESIAN_POINT('',(3.576316631357E0,-4.676315032131E0,
-9.400943983032E0));
#2757=CARTESIAN_POINT('',(3.500073690906E0,-4.738889996065E0,
-9.400925839507E0));
#2758=CARTESIAN_POINT('',(3.413066825559E0,-4.785399255717E0,
-9.400872158300E0));
#2759=CARTESIAN_POINT('',(3.318665873906E0,-4.814036716550E0,
-9.400784829387E0));
#2760=CARTESIAN_POINT('',(3.253213669525E0,-4.820483662063E0,
-9.400706723959E0));
#2761=CARTESIAN_POINT('',(3.220486923993E0,-4.820484174823E0,
-9.400663223900E0));
#2763=CARTESIAN_POINT('',(3.520485274491E0,-4.320486923993E0,-9.4E0));
#2764=DIRECTION('',(0.E0,1.E0,0.E0));
#2765=DIRECTION('',(9.999945016606E-1,0.E0,-3.316119501058E-3));
#2766=AXIS2_PLACEMENT_3D('',#2763,#2764,#2765);
#2768=CARTESIAN_POINT('',(3.220486923993E0,-4.620485274491E0,-9.4E0));
#2769=DIRECTION('',(1.E0,0.E0,0.E0));
#2770=DIRECTION('',(0.E0,-9.999945016606E-1,-3.316119501058E-3));
#2771=AXIS2_PLACEMENT_3D('',#2768,#2769,#2770);
#2773=CARTESIAN_POINT('',(1.85E0,-4.620485274491E0,-9.4E0));
#2774=DIRECTION('',(1.E0,0.E0,0.E0));
#2775=DIRECTION('',(0.E0,-9.999945016606E-1,-3.316119501058E-3));
#2776=AXIS2_PLACEMENT_3D('',#2773,#2774,#2775);
#2778=DIRECTION('',(0.E0,0.E0,1.E0));
#2779=VECTOR('',#2778,5.E-2);
#2780=CARTESIAN_POINT('',(1.85E0,-4.15E0,-9.6E0));
#2781=LINE('',#2780,#2779);
#2782=DIRECTION('',(0.E0,0.E0,1.E0));
#2783=VECTOR('',#2782,5.E-2);
#2784=CARTESIAN_POINT('',(1.75E0,-4.15E0,-9.6E0));
#2785=LINE('',#2784,#2783);
#2786=DIRECTION('',(0.E0,0.E0,1.E0));
#2787=VECTOR('',#2786,5.E-2);
#2788=CARTESIAN_POINT('',(1.75E0,4.15E0,-9.6E0));
#2789=LINE('',#2788,#2787);
#2790=DIRECTION('',(0.E0,0.E0,1.E0));
#2791=VECTOR('',#2790,5.E-2);
#2792=CARTESIAN_POINT('',(1.85E0,4.15E0,-9.6E0));
#2793=LINE('',#2792,#2791);
#2794=DIRECTION('',(-1.E0,0.E0,0.E0));
#2795=VECTOR('',#2794,5.056366491793E-1);
#2796=CARTESIAN_POINT('',(3.147802471348E0,3.968341778308E-1,-2.2E0));
#2797=LINE('',#2796,#2795);
#2798=DIRECTION('',(4.363267749978E-3,-4.363267749978E-3,9.999809617133E-1));
#2799=VECTOR('',#2798,5.080096716338E0);
#2800=CARTESIAN_POINT('',(2.62E0,4.19E-1,-7.28E0));
#2801=LINE('',#2800,#2799);
#2802=DIRECTION('',(4.363267749978E-3,4.363267749978E-3,9.999809617133E-1));
#2803=VECTOR('',#2802,5.080096716338E0);
#2804=CARTESIAN_POINT('',(2.62E0,-3.81E-1,-7.28E0));
#2805=LINE('',#2804,#2803);
#2806=CARTESIAN_POINT('',(-3.720484174823E0,4.320486923993E0,
-9.400663223900E0));
#2807=CARTESIAN_POINT('',(-3.720483662136E0,4.353213786070E0,
-9.400706724117E0));
#2808=CARTESIAN_POINT('',(-3.714036615825E0,4.418665989731E0,
-9.400784829403E0));
#2809=CARTESIAN_POINT('',(-3.685399780650E0,4.513065378166E0,
-9.400872157078E0));
#2810=CARTESIAN_POINT('',(-3.638890956204E0,4.600072220962E0,
-9.400925838830E0));
#2811=CARTESIAN_POINT('',(-3.576316631357E0,4.676315032131E0,
-9.400943983032E0));
#2812=CARTESIAN_POINT('',(-3.500073690906E0,4.738889996065E0,
-9.400925839507E0));
#2813=CARTESIAN_POINT('',(-3.413066825559E0,4.785399255717E0,
-9.400872158300E0));
#2814=CARTESIAN_POINT('',(-3.318665873906E0,4.814036716550E0,
-9.400784829387E0));
#2815=CARTESIAN_POINT('',(-3.253213669525E0,4.820483662063E0,
-9.400706723959E0));
#2816=CARTESIAN_POINT('',(-3.220486923993E0,4.820484174823E0,
-9.400663223900E0));
#2818=CARTESIAN_POINT('',(-3.520485274491E0,4.320486923993E0,-9.4E0));
#2819=DIRECTION('',(0.E0,-1.E0,0.E0));
#2820=DIRECTION('',(-9.999945016606E-1,0.E0,-3.316119501058E-3));
#2821=AXIS2_PLACEMENT_3D('',#2818,#2819,#2820);
#2823=CARTESIAN_POINT('',(-3.220486923993E0,4.620485274491E0,-9.4E0));
#2824=DIRECTION('',(-1.E0,0.E0,0.E0));
#2825=DIRECTION('',(0.E0,9.999945016606E-1,-3.316119501067E-3));
#2826=AXIS2_PLACEMENT_3D('',#2823,#2824,#2825);
#2828=DIRECTION('',(0.E0,0.E0,-1.E0));
#2829=VECTOR('',#2828,2.5E0);
#2830=CARTESIAN_POINT('',(-2.E-1,2.934E0,-4.78E0));
#2831=LINE('',#2830,#2829);
#2832=DIRECTION('',(0.E0,1.E0,0.E0));
#2833=VECTOR('',#2832,3.E-1);
#2834=CARTESIAN_POINT('',(-2.E-1,2.634E0,-4.78E0));
#2835=LINE('',#2834,#2833);
#2836=DIRECTION('',(0.E0,0.E0,1.E0));
#2837=VECTOR('',#2836,2.5E0);
#2838=CARTESIAN_POINT('',(-2.E-1,2.634E0,-7.28E0));
#2839=LINE('',#2838,#2837);
#2840=DIRECTION('',(0.E0,0.E0,-1.E0));
#2841=VECTOR('',#2840,2.5E0);
#2842=CARTESIAN_POINT('',(-2.E-1,-1.056E0,-4.78E0));
#2843=LINE('',#2842,#2841);
#2844=DIRECTION('',(0.E0,1.E0,0.E0));
#2845=VECTOR('',#2844,3.E-1);
#2846=CARTESIAN_POINT('',(-2.E-1,-1.356E0,-4.78E0));
#2847=LINE('',#2846,#2845);
#2848=DIRECTION('',(0.E0,0.E0,1.E0));
#2849=VECTOR('',#2848,2.5E0);
#2850=CARTESIAN_POINT('',(-2.E-1,-1.356E0,-7.28E0));
#2851=LINE('',#2850,#2849);
#2852=DIRECTION('',(-4.869611689237E-14,1.E0,0.E0));
#2853=VECTOR('',#2852,5.699751312199E-3);
#2854=CARTESIAN_POINT('',(-2.E-1,-4.82E0,-9.4E0));
#2855=LINE('',#2854,#2853);
#2856=DIRECTION('',(0.E0,0.E0,1.E0));
#2857=VECTOR('',#2856,2.8E-2);
#2858=CARTESIAN_POINT('',(-2.E-1,-4.82E0,-9.428E0));
#2859=LINE('',#2858,#2857);
#2860=DIRECTION('',(0.E0,9.998476951564E-1,1.745240643728E-2));
#2861=VECTOR('',#2860,9.881505001074E-1);
#2862=CARTESIAN_POINT('',(-2.E-1,-5.808E0,-9.445245604149E0));
#2863=LINE('',#2862,#2861);
#2864=DIRECTION('',(0.E0,-1.745240643728E-2,9.998476951564E-1));
#2865=VECTOR('',#2864,2.6E-1);
#2866=CARTESIAN_POINT('',(-2.E-1,-5.803462374326E0,-9.705206004890E0));
#2867=LINE('',#2866,#2865);
#2868=DIRECTION('',(0.E0,-9.998476951564E-1,-1.745240643728E-2));
#2869=VECTOR('',#2868,4.305900705152E0);
#2870=CARTESIAN_POINT('',(-2.E-1,-1.498217478708E0,-9.630057675705E0));
#2871=LINE('',#2870,#2869);
#2872=CARTESIAN_POINT('',(-2.E-1,-1.505722013476E0,-9.200123166788E0));
#2873=DIRECTION('',(-1.E0,0.E0,0.E0));
#2874=DIRECTION('',(0.E0,8.854000313388E-1,-4.648298446800E-1));
#2875=AXIS2_PLACEMENT_3D('',#2872,#2873,#2874);
#2877=CARTESIAN_POINT('',(-2.E-1,3.083795931092E0,-9.229599962461E0));
#2878=DIRECTION('',(-1.E0,0.E0,0.E0));
#2879=DIRECTION('',(0.E0,-1.745240643732E-2,-9.998476951564E-1));
#2880=AXIS2_PLACEMENT_3D('',#2877,#2878,#2879);
#2882=DIRECTION('',(0.E0,-9.998476951564E-1,1.745240643728E-2));
#2883=VECTOR('',#2882,2.525555632358E0);
#2884=CARTESIAN_POINT('',(-2.E-1,5.601462374326E0,-9.703611494755E0));
#2885=LINE('',#2884,#2883);
#2886=DIRECTION('',(0.E0,-1.745240643728E-2,-9.998476951564E-1));
#2887=VECTOR('',#2886,2.6E-1);
#2888=CARTESIAN_POINT('',(-2.E-1,5.606E0,-9.443651094014E0));
#2889=LINE('',#2888,#2887);
#2890=DIRECTION('',(0.E0,9.998476951564E-1,-1.745240643728E-2));
#2891=VECTOR('',#2890,8.020174063618E-1);
#2892=CARTESIAN_POINT('',(-2.E-1,4.804104744774E0,-9.429653960268E0));
#2893=LINE('',#2892,#2891);
#2894=DIRECTION('',(1.E0,0.E0,0.E0));
#2895=VECTOR('',#2894,4.E-1);
#2896=CARTESIAN_POINT('',(-2.E-1,2.934E0,-4.78E0));
#2897=LINE('',#2896,#2895);
#2898=DIRECTION('',(0.E0,0.E0,1.E0));
#2899=VECTOR('',#2898,2.5E0);
#2900=CARTESIAN_POINT('',(2.E-1,2.634E0,-7.28E0));
#2901=LINE('',#2900,#2899);
#2902=DIRECTION('',(0.E0,1.E0,0.E0));
#2903=VECTOR('',#2902,3.E-1);
#2904=CARTESIAN_POINT('',(2.E-1,2.634E0,-4.78E0));
#2905=LINE('',#2904,#2903);
#2906=DIRECTION('',(0.E0,0.E0,-1.E0));
#2907=VECTOR('',#2906,2.5E0);
#2908=CARTESIAN_POINT('',(2.E-1,2.934E0,-4.78E0));
#2909=LINE('',#2908,#2907);
#2910=DIRECTION('',(0.E0,0.E0,1.E0));
#2911=VECTOR('',#2910,2.5E0);
#2912=CARTESIAN_POINT('',(2.E-1,-1.356E0,-7.28E0));
#2913=LINE('',#2912,#2911);
#2914=DIRECTION('',(0.E0,1.E0,0.E0));
#2915=VECTOR('',#2914,3.E-1);
#2916=CARTESIAN_POINT('',(2.E-1,-1.356E0,-4.78E0));
#2917=LINE('',#2916,#2915);
#2918=DIRECTION('',(0.E0,0.E0,-1.E0));
#2919=VECTOR('',#2918,2.5E0);
#2920=CARTESIAN_POINT('',(2.E-1,-1.056E0,-4.78E0));
#2921=LINE('',#2920,#2919);
#2922=CARTESIAN_POINT('',(2.E-1,-1.505722013476E0,-9.200123166788E0));
#2923=DIRECTION('',(-1.E0,0.E0,0.E0));
#2924=DIRECTION('',(0.E0,8.854000313388E-1,-4.648298446800E-1));
#2925=AXIS2_PLACEMENT_3D('',#2922,#2923,#2924);
#2927=DIRECTION('',(0.E0,-9.998476951564E-1,-1.745240643728E-2));
#2928=VECTOR('',#2927,4.305900705152E0);
#2929=CARTESIAN_POINT('',(2.E-1,-1.498217478708E0,-9.630057675705E0));
#2930=LINE('',#2929,#2928);
#2931=DIRECTION('',(0.E0,-1.745240643728E-2,9.998476951564E-1));
#2932=VECTOR('',#2931,2.6E-1);
#2933=CARTESIAN_POINT('',(2.E-1,-5.803462374326E0,-9.705206004890E0));
#2934=LINE('',#2933,#2932);
#2935=DIRECTION('',(0.E0,9.998476951564E-1,1.745240643728E-2));
#2936=VECTOR('',#2935,9.881505001074E-1);
#2937=CARTESIAN_POINT('',(2.E-1,-5.808E0,-9.445245604149E0));
#2938=LINE('',#2937,#2936);
#2939=DIRECTION('',(0.E0,0.E0,1.E0));
#2940=VECTOR('',#2939,2.8E-2);
#2941=CARTESIAN_POINT('',(2.E-1,-4.82E0,-9.428E0));
#2942=LINE('',#2941,#2940);
#2943=DIRECTION('',(-3.408728182466E-14,1.E0,0.E0));
#2944=VECTOR('',#2943,5.699751312199E-3);
#2945=CARTESIAN_POINT('',(2.E-1,-4.82E0,-9.4E0));
#2946=LINE('',#2945,#2944);
#2947=DIRECTION('',(0.E0,9.998476951564E-1,-1.745240643728E-2));
#2948=VECTOR('',#2947,8.020174063618E-1);
#2949=CARTESIAN_POINT('',(2.E-1,4.804104744774E0,-9.429653960268E0));
#2950=LINE('',#2949,#2948);
#2951=DIRECTION('',(0.E0,-1.745240643728E-2,-9.998476951564E-1));
#2952=VECTOR('',#2951,2.6E-1);
#2953=CARTESIAN_POINT('',(2.E-1,5.606E0,-9.443651094014E0));
#2954=LINE('',#2953,#2952);
#2955=DIRECTION('',(0.E0,-9.998476951564E-1,1.745240643728E-2));
#2956=VECTOR('',#2955,2.525555632358E0);
#2957=CARTESIAN_POINT('',(2.E-1,5.601462374326E0,-9.703611494755E0));
#2958=LINE('',#2957,#2956);
#2959=CARTESIAN_POINT('',(2.E-1,3.083795931092E0,-9.229599962461E0));
#2960=DIRECTION('',(-1.E0,0.E0,0.E0));
#2961=DIRECTION('',(0.E0,-1.745240643732E-2,-9.998476951564E-1));
#2962=AXIS2_PLACEMENT_3D('',#2959,#2960,#2961);
#2964=DIRECTION('',(1.E0,0.E0,0.E0));
#2965=VECTOR('',#2964,4.E-1);
#2966=CARTESIAN_POINT('',(-2.E-1,2.634E0,-4.78E0));
#2967=LINE('',#2966,#2965);
#2968=DIRECTION('',(1.E0,0.E0,0.E0));
#2969=VECTOR('',#2968,4.E-1);
#2970=CARTESIAN_POINT('',(-2.E-1,-1.356E0,-4.78E0));
#2971=LINE('',#2970,#2969);
#2972=DIRECTION('',(1.E0,0.E0,0.E0));
#2973=VECTOR('',#2972,4.E-1);
#2974=CARTESIAN_POINT('',(-2.E-1,-1.056E0,-4.78E0));
#2975=LINE('',#2974,#2973);
#2976=DIRECTION('',(1.E0,0.E0,0.E0));
#2977=VECTOR('',#2976,4.E-1);
#2978=CARTESIAN_POINT('',(-2.E-1,-1.498217478708E0,-9.630057675705E0));
#2979=LINE('',#2978,#2977);
#2980=DIRECTION('',(1.E0,0.E0,0.E0));
#2981=VECTOR('',#2980,4.E-1);
#2982=CARTESIAN_POINT('',(-2.E-1,-5.803462374326E0,-9.705206004890E0));
#2983=LINE('',#2982,#2981);
#2984=DIRECTION('',(1.E0,0.E0,0.E0));
#2985=VECTOR('',#2984,4.E-1);
#2986=CARTESIAN_POINT('',(-2.E-1,-5.808E0,-9.445245604149E0));
#2987=LINE('',#2986,#2985);
#2988=DIRECTION('',(1.E0,0.E0,0.E0));
#2989=VECTOR('',#2988,4.E-1);
#2990=CARTESIAN_POINT('',(-2.E-1,-4.82E0,-9.428E0));
#2991=LINE('',#2990,#2989);
#2992=DIRECTION('',(1.E0,0.E0,0.E0));
#2993=VECTOR('',#2992,4.E-1);
#2994=CARTESIAN_POINT('',(-2.E-1,-4.82E0,-9.4E0));
#2995=LINE('',#2994,#2993);
#2996=DIRECTION('',(1.E0,0.E0,0.E0));
#2997=VECTOR('',#2996,4.E-1);
#2998=CARTESIAN_POINT('',(-2.E-1,5.606E0,-9.443651094014E0));
#2999=LINE('',#2998,#2997);
#3000=DIRECTION('',(1.E0,0.E0,0.E0));
#3001=VECTOR('',#3000,4.E-1);
#3002=CARTESIAN_POINT('',(-2.E-1,5.601462374326E0,-9.703611494755E0));
#3003=LINE('',#3002,#3001);
#3004=DIRECTION('',(1.E0,0.E0,0.E0));
#3005=VECTOR('',#3004,4.E-1);
#3006=CARTESIAN_POINT('',(-2.E-1,3.076291396324E0,-9.659534471379E0));
#3007=LINE('',#3006,#3005);
#3008=CARTESIAN_POINT('',(3.520485274491E0,4.320486923993E0,-9.4E0));
#3009=DIRECTION('',(0.E0,1.E0,0.E0));
#3010=DIRECTION('',(9.999945016606E-1,0.E0,-3.316119501058E-3));
#3011=AXIS2_PLACEMENT_3D('',#3008,#3009,#3010);
#3013=CARTESIAN_POINT('',(-3.520485274491E0,-4.320486923993E0,-9.4E0));
#3014=DIRECTION('',(0.E0,-1.E0,0.E0));
#3015=DIRECTION('',(-9.999945016606E-1,0.E0,-3.316119501058E-3));
#3016=AXIS2_PLACEMENT_3D('',#3013,#3014,#3015);
#3018=DIRECTION('',(1.E0,0.E0,0.E0));
#3019=VECTOR('',#3018,4.E-1);
#3020=CARTESIAN_POINT('',(-1.7E0,5.606E0,-9.443651094014E0));
#3021=LINE('',#3020,#3019);
#3022=DIRECTION('',(1.E0,0.E0,0.E0));
#3023=VECTOR('',#3022,4.E-1);
#3024=CARTESIAN_POINT('',(-1.7E0,5.601462374326E0,-9.703611494755E0));
#3025=LINE('',#3024,#3023);
#3026=DIRECTION('',(1.E0,0.E0,0.E0));
#3027=VECTOR('',#3026,4.E-1);
#3028=CARTESIAN_POINT('',(-1.7E0,3.076291396324E0,-9.659534471379E0));
#3029=LINE('',#3028,#3027);
#3030=DIRECTION('',(1.E0,0.E0,0.E0));
#3031=VECTOR('',#3030,4.E-1);
#3032=CARTESIAN_POINT('',(-1.7E0,-4.82E0,-9.4E0));
#3033=LINE('',#3032,#3031);
#3034=DIRECTION('',(1.E0,0.E0,0.E0));
#3035=VECTOR('',#3034,4.E-1);
#3036=CARTESIAN_POINT('',(-1.7E0,-4.82E0,-9.428E0));
#3037=LINE('',#3036,#3035);
#3038=DIRECTION('',(1.E0,0.E0,0.E0));
#3039=VECTOR('',#3038,4.E-1);
#3040=CARTESIAN_POINT('',(-1.7E0,-5.808E0,-9.445245604149E0));
#3041=LINE('',#3040,#3039);
#3042=DIRECTION('',(1.E0,0.E0,0.E0));
#3043=VECTOR('',#3042,4.E-1);
#3044=CARTESIAN_POINT('',(-1.7E0,-5.803462374326E0,-9.705206004890E0));
#3045=LINE('',#3044,#3043);
#3046=DIRECTION('',(1.E0,0.E0,0.E0));
#3047=VECTOR('',#3046,4.E-1);
#3048=CARTESIAN_POINT('',(-1.7E0,-1.498217478708E0,-9.630057675705E0));
#3049=LINE('',#3048,#3047);
#3050=CARTESIAN_POINT('',(1.25E0,4.364E0,-7.28E0));
#3051=CARTESIAN_POINT('',(1.25E0,3.834E0,-7.28E0));
#3052=VERTEX_POINT('',#3050);
#3053=VERTEX_POINT('',#3051);
#3054=CARTESIAN_POINT('',(-1.25E0,3.834E0,-7.28E0));
#3055=CARTESIAN_POINT('',(-1.25E0,4.364E0,-7.28E0));
#3056=VERTEX_POINT('',#3054);
#3057=VERTEX_POINT('',#3055);
#3058=CARTESIAN_POINT('',(1.245636649179E0,3.834E0,-6.28E0));
#3059=CARTESIAN_POINT('',(-1.245636649179E0,3.834E0,-6.28E0));
#3060=VERTEX_POINT('',#3058);
#3061=VERTEX_POINT('',#3059);
#3062=CARTESIAN_POINT('',(-1.815E0,-2.256E0,-7.28E0));
#3063=CARTESIAN_POINT('',(-2.315E0,-2.256E0,-7.28E0));
#3064=VERTEX_POINT('',#3062);
#3065=VERTEX_POINT('',#3063);
#3066=CARTESIAN_POINT('',(1.815E0,-2.256E0,-7.28E0));
#3067=CARTESIAN_POINT('',(2.315E0,-2.256E0,-7.28E0));
#3068=VERTEX_POINT('',#3066);
#3069=VERTEX_POINT('',#3067);
#3070=CARTESIAN_POINT('',(-1.819363350821E0,-2.256E0,-6.28E0));
#3071=CARTESIAN_POINT('',(-2.310636649179E0,-2.256E0,-6.28E0));
#3072=VERTEX_POINT('',#3070);
#3073=VERTEX_POINT('',#3071);
#3074=CARTESIAN_POINT('',(1.819363350821E0,-2.256E0,-6.28E0));
#3075=CARTESIAN_POINT('',(2.310636649179E0,-2.256E0,-6.28E0));
#3076=VERTEX_POINT('',#3074);
#3077=VERTEX_POINT('',#3075);
#3078=CARTESIAN_POINT('',(-3.157401843154E0,3.805401142842E0,0.E0));
#3079=CARTESIAN_POINT('',(-3.147802471348E0,3.767E0,-2.2E0));
#3080=VERTEX_POINT('',#3078);
#3081=VERTEX_POINT('',#3079);
#3082=CARTESIAN_POINT('',(3.157401843154E0,3.805401142842E0,0.E0));
#3083=CARTESIAN_POINT('',(3.147802471348E0,3.767E0,-2.2E0));
#3084=VERTEX_POINT('',#3082);
#3085=VERTEX_POINT('',#3083);
#3086=CARTESIAN_POINT('',(1.75E0,-4.15E0,-9.55E0));
#3087=CARTESIAN_POINT('',(1.85E0,-4.15E0,-9.55E0));
#3088=VERTEX_POINT('',#3086);
#3089=VERTEX_POINT('',#3087);
#3090=CARTESIAN_POINT('',(-1.85E0,-4.15E0,-9.55E0));
#3091=CARTESIAN_POINT('',(-1.75E0,-4.15E0,-9.55E0));
#3092=VERTEX_POINT('',#3090);
#3093=VERTEX_POINT('',#3091);
#3094=CARTESIAN_POINT('',(-1.75E0,4.15E0,-9.55E0));
#3095=CARTESIAN_POINT('',(-1.85E0,4.15E0,-9.55E0));
#3096=VERTEX_POINT('',#3094);
#3097=VERTEX_POINT('',#3095);
#3098=CARTESIAN_POINT('',(1.85E0,4.15E0,-9.55E0));
#3099=CARTESIAN_POINT('',(1.75E0,4.15E0,-9.55E0));
#3100=VERTEX_POINT('',#3098);
#3101=VERTEX_POINT('',#3099);
#3102=CARTESIAN_POINT('',(1.75E0,-4.15E0,-9.6E0));
#3103=CARTESIAN_POINT('',(1.85E0,-4.15E0,-9.6E0));
#3104=VERTEX_POINT('',#3102);
#3105=VERTEX_POINT('',#3103);
#3106=CARTESIAN_POINT('',(-1.85E0,-4.15E0,-9.6E0));
#3107=CARTESIAN_POINT('',(-1.75E0,-4.15E0,-9.6E0));
#3108=VERTEX_POINT('',#3106);
#3109=VERTEX_POINT('',#3107);
#3110=CARTESIAN_POINT('',(-1.75E0,-3.85E0,-9.6E0));
#3111=VERTEX_POINT('',#3110);
#3112=CARTESIAN_POINT('',(-1.75E0,3.85E0,-9.6E0));
#3113=CARTESIAN_POINT('',(-1.75E0,4.15E0,-9.6E0));
#3114=VERTEX_POINT('',#3112);
#3115=VERTEX_POINT('',#3113);
#3116=CARTESIAN_POINT('',(-1.85E0,4.15E0,-9.6E0));
#3117=VERTEX_POINT('',#3116);
#3118=CARTESIAN_POINT('',(1.85E0,4.15E0,-9.6E0));
#3119=CARTESIAN_POINT('',(1.75E0,4.15E0,-9.6E0));
#3120=VERTEX_POINT('',#3118);
#3121=VERTEX_POINT('',#3119);
#3122=CARTESIAN_POINT('',(1.75E0,3.85E0,-9.6E0));
#3123=VERTEX_POINT('',#3122);
#3124=CARTESIAN_POINT('',(1.75E0,-3.85E0,-9.6E0));
#3125=VERTEX_POINT('',#3124);
#3126=CARTESIAN_POINT('',(-1.75E0,-3.85E0,-9.55E0));
#3127=VERTEX_POINT('',#3126);
#3128=CARTESIAN_POINT('',(1.75E0,-3.85E0,-9.55E0));
#3129=VERTEX_POINT('',#3128);
#3130=CARTESIAN_POINT('',(-1.75E0,3.85E0,-9.55E0));
#3131=VERTEX_POINT('',#3130);
#3132=CARTESIAN_POINT('',(1.75E0,3.85E0,-9.55E0));
#3133=VERTEX_POINT('',#3132);
#3134=CARTESIAN_POINT('',(-1.7E0,5.601462374326E0,-9.703611494755E0));
#3135=CARTESIAN_POINT('',(-1.7E0,3.076291396324E0,-9.659534471379E0));
#3136=VERTEX_POINT('',#3134);
#3137=VERTEX_POINT('',#3135);
#3138=CARTESIAN_POINT('',(-1.7E0,5.606E0,-9.443651094014E0));
#3139=VERTEX_POINT('',#3138);
#3140=CARTESIAN_POINT('',(-1.7E0,2.634E0,-4.78E0));
#3141=CARTESIAN_POINT('',(-1.7E0,2.934E0,-4.78E0));
#3142=VERTEX_POINT('',#3140);
#3143=VERTEX_POINT('',#3141);
#3144=CARTESIAN_POINT('',(-1.7E0,-1.356E0,-4.78E0));
#3145=CARTESIAN_POINT('',(-1.7E0,-1.056E0,-4.78E0));
#3146=VERTEX_POINT('',#3144);
#3147=VERTEX_POINT('',#3145);
#3148=CARTESIAN_POINT('',(-1.7E0,-1.498217478708E0,-9.630057675705E0));
#3149=CARTESIAN_POINT('',(-1.7E0,-5.803462374326E0,-9.705206004890E0));
#3150=VERTEX_POINT('',#3148);
#3151=VERTEX_POINT('',#3149);
#3152=CARTESIAN_POINT('',(-1.7E0,-5.808E0,-9.445245604149E0));
#3153=VERTEX_POINT('',#3152);
#3154=CARTESIAN_POINT('',(-1.7E0,-4.82E0,-9.428E0));
#3155=VERTEX_POINT('',#3154);
#3156=CARTESIAN_POINT('',(-1.7E0,-4.82E0,-9.4E0));
#3157=VERTEX_POINT('',#3156);
#3158=CARTESIAN_POINT('',(-1.3E0,5.601462374326E0,-9.703611494755E0));
#3159=CARTESIAN_POINT('',(-1.3E0,3.076291396324E0,-9.659534471379E0));
#3160=VERTEX_POINT('',#3158);
#3161=VERTEX_POINT('',#3159);
#3162=CARTESIAN_POINT('',(-1.3E0,5.606E0,-9.443651094014E0));
#3163=VERTEX_POINT('',#3162);
#3164=CARTESIAN_POINT('',(-1.3E0,2.634E0,-4.78E0));
#3165=CARTESIAN_POINT('',(-1.3E0,2.934E0,-4.78E0));
#3166=VERTEX_POINT('',#3164);
#3167=VERTEX_POINT('',#3165);
#3168=CARTESIAN_POINT('',(-1.3E0,-1.356E0,-4.78E0));
#3169=CARTESIAN_POINT('',(-1.3E0,-1.056E0,-4.78E0));
#3170=VERTEX_POINT('',#3168);
#3171=VERTEX_POINT('',#3169);
#3172=CARTESIAN_POINT('',(-1.3E0,-1.498217478708E0,-9.630057675705E0));
#3173=CARTESIAN_POINT('',(-1.3E0,-5.803462374326E0,-9.705206004890E0));
#3174=VERTEX_POINT('',#3172);
#3175=VERTEX_POINT('',#3173);
#3176=CARTESIAN_POINT('',(-1.3E0,-5.808E0,-9.445245604149E0));
#3177=VERTEX_POINT('',#3176);
#3178=CARTESIAN_POINT('',(-1.3E0,-4.82E0,-9.428E0));
#3179=VERTEX_POINT('',#3178);
#3180=CARTESIAN_POINT('',(-1.3E0,-4.82E0,-9.4E0));
#3181=VERTEX_POINT('',#3180);
#3182=CARTESIAN_POINT('',(-1.7E0,2.934E0,-7.28E0));
#3183=CARTESIAN_POINT('',(-1.7E0,2.634E0,-7.28E0));
#3184=VERTEX_POINT('',#3182);
#3185=VERTEX_POINT('',#3183);
#3186=CARTESIAN_POINT('',(-1.7E0,-1.056E0,-7.28E0));
#3187=CARTESIAN_POINT('',(-1.7E0,-1.356E0,-7.28E0));
#3188=VERTEX_POINT('',#3186);
#3189=VERTEX_POINT('',#3187);
#3190=CARTESIAN_POINT('',(-1.3E0,2.934E0,-7.28E0));
#3191=CARTESIAN_POINT('',(-1.3E0,2.634E0,-7.28E0));
#3192=VERTEX_POINT('',#3190);
#3193=VERTEX_POINT('',#3191);
#3194=CARTESIAN_POINT('',(-1.3E0,-1.056E0,-7.28E0));
#3195=CARTESIAN_POINT('',(-1.3E0,-1.356E0,-7.28E0));
#3196=VERTEX_POINT('',#3194);
#3197=VERTEX_POINT('',#3195);
#3198=CARTESIAN_POINT('',(-1.7E0,-3.85E0,-9.55E0));
#3199=CARTESIAN_POINT('',(-1.7E0,-3.85E0,-9.4E0));
#3200=VERTEX_POINT('',#3198);
#3201=VERTEX_POINT('',#3199);
#3202=CARTESIAN_POINT('',(-1.3E0,-3.85E0,-9.55E0));
#3203=CARTESIAN_POINT('',(-1.3E0,-3.85E0,-9.4E0));
#3204=VERTEX_POINT('',#3202);
#3205=VERTEX_POINT('',#3203);
#3206=CARTESIAN_POINT('',(-1.7E0,-1.125E0,-9.4E0));
#3207=VERTEX_POINT('',#3206);
#3208=CARTESIAN_POINT('',(-1.7E0,2.689E0,-9.4E0));
#3209=CARTESIAN_POINT('',(-1.7E0,3.85E0,-9.4E0));
#3210=VERTEX_POINT('',#3208);
#3211=VERTEX_POINT('',#3209);
#3212=CARTESIAN_POINT('',(-1.3E0,-1.125E0,-9.4E0));
#3213=VERTEX_POINT('',#3212);
#3214=CARTESIAN_POINT('',(-1.3E0,2.689E0,-9.4E0));
#3215=CARTESIAN_POINT('',(-1.3E0,3.85E0,-9.4E0));
#3216=VERTEX_POINT('',#3214);
#3217=VERTEX_POINT('',#3215);
#3218=CARTESIAN_POINT('',(-1.7E0,3.85E0,-9.55E0));
#3219=VERTEX_POINT('',#3218);
#3220=CARTESIAN_POINT('',(-1.3E0,3.85E0,-9.55E0));
#3221=VERTEX_POINT('',#3220);
#3222=CARTESIAN_POINT('',(-1.7E0,4.620651081377E0,-9.55E0));
#3223=VERTEX_POINT('',#3222);
#3224=CARTESIAN_POINT('',(-1.7E0,-4.620651081377E0,-9.55E0));
#3225=VERTEX_POINT('',#3224);
#3226=CARTESIAN_POINT('',(-1.3E0,4.620651081377E0,-9.55E0));
#3227=VERTEX_POINT('',#3226);
#3228=CARTESIAN_POINT('',(-1.3E0,-4.620651081377E0,-9.55E0));
#3229=VERTEX_POINT('',#3228);
#3230=CARTESIAN_POINT('',(-1.7E0,4.804104744774E0,-9.429653960268E0));
#3231=VERTEX_POINT('',#3230);
#3232=CARTESIAN_POINT('',(-1.3E0,4.804104744774E0,-9.429653960268E0));
#3233=VERTEX_POINT('',#3232);
#3234=VERTEX_POINT('',#1966);
#3235=VERTEX_POINT('',#1972);
#3236=VERTEX_POINT('',#1978);
#3237=VERTEX_POINT('',#1984);
#3238=CARTESIAN_POINT('',(-1.85E0,-4.820649981710E0,-9.350663223900E0));
#3239=CARTESIAN_POINT('',(1.85E0,-4.820649981710E0,-9.350663223900E0));
#3240=VERTEX_POINT('',#3238);
#3241=VERTEX_POINT('',#3239);
#3242=CARTESIAN_POINT('',(-1.85E0,-4.820484174823E0,-9.400663223900E0));
#3243=VERTEX_POINT('',#3242);
#3244=CARTESIAN_POINT('',(1.85E0,-4.820484174823E0,-9.400663223900E0));
#3245=VERTEX_POINT('',#3244);
#3246=CARTESIAN_POINT('',(1.85E0,4.820649981710E0,-9.350663223900E0));
#3247=CARTESIAN_POINT('',(-1.85E0,4.820649981710E0,-9.350663223900E0));
#3248=VERTEX_POINT('',#3246);
#3249=VERTEX_POINT('',#3247);
#3250=CARTESIAN_POINT('',(1.85E0,4.820484174823E0,-9.400663223900E0));
#3251=VERTEX_POINT('',#3250);
#3252=CARTESIAN_POINT('',(-1.85E0,4.820484174823E0,-9.400663223900E0));
#3253=VERTEX_POINT('',#3252);
#3254=CARTESIAN_POINT('',(-3.75E0,3.796673610378E0,-5.E-1));
#3255=VERTEX_POINT('',#3254);
#3256=CARTESIAN_POINT('',(3.75E0,3.796673610378E0,-5.E-1));
#3257=VERTEX_POINT('',#3256);
#3258=CARTESIAN_POINT('',(1.85E0,-4.620485274491E0,-9.6E0));
#3259=VERTEX_POINT('',#3258);
#3260=CARTESIAN_POINT('',(-1.85E0,-4.620485274491E0,-9.6E0));
#3261=VERTEX_POINT('',#3260);
#3262=CARTESIAN_POINT('',(-1.85E0,4.620485274491E0,-9.6E0));
#3263=VERTEX_POINT('',#3262);
#3264=CARTESIAN_POINT('',(1.85E0,4.620485274491E0,-9.6E0));
#3265=VERTEX_POINT('',#3264);
#3266=CARTESIAN_POINT('',(-3.520485274491E0,-3.85E0,-9.6E0));
#3267=VERTEX_POINT('',#3266);
#3268=CARTESIAN_POINT('',(3.520485274491E0,-3.85E0,-9.6E0));
#3269=VERTEX_POINT('',#3268);
#3270=CARTESIAN_POINT('',(-3.520485274491E0,3.85E0,-9.6E0));
#3271=VERTEX_POINT('',#3270);
#3272=CARTESIAN_POINT('',(3.520485274491E0,3.85E0,-9.6E0));
#3273=VERTEX_POINT('',#3272);
#3274=CARTESIAN_POINT('',(1.85E0,-4.620651081377E0,-9.55E0));
#3275=VERTEX_POINT('',#3274);
#3276=CARTESIAN_POINT('',(-1.85E0,-4.620651081377E0,-9.55E0));
#3277=VERTEX_POINT('',#3276);
#3278=CARTESIAN_POINT('',(-1.85E0,4.620651081377E0,-9.55E0));
#3279=VERTEX_POINT('',#3278);
#3280=CARTESIAN_POINT('',(1.85E0,4.620651081377E0,-9.55E0));
#3281=VERTEX_POINT('',#3280);
#3282=CARTESIAN_POINT('',(-3.749999999998E0,-4.350002061877E0,-5.E-1));
#3283=CARTESIAN_POINT('',(-3.720484174823E0,-4.320486923993E0,
-9.400663223900E0));
#3284=VERTEX_POINT('',#3282);
#3285=VERTEX_POINT('',#3283);
#3286=CARTESIAN_POINT('',(-3.250001374585E0,-4.85E0,-5.E-1));
#3287=CARTESIAN_POINT('',(-3.220486923993E0,-4.820484174823E0,
-9.400663223900E0));
#3288=VERTEX_POINT('',#3286);
#3289=VERTEX_POINT('',#3287);
#3290=CARTESIAN_POINT('',(-3.25E0,-4.85E0,-2.E-1));
#3291=VERTEX_POINT('',#3290);
#3292=CARTESIAN_POINT('',(-3.75E0,-4.35E0,-2.E-1));
#3293=VERTEX_POINT('',#3292);
#3294=CARTESIAN_POINT('',(-3.55E0,-4.35E0,0.E0));
#3295=VERTEX_POINT('',#3294);
#3296=CARTESIAN_POINT('',(-3.25E0,-4.65E0,0.E0));
#3297=VERTEX_POINT('',#3296);
#3298=CARTESIAN_POINT('',(-3.220486923993E0,-4.620485274580E0,-9.6E0));
#3299=VERTEX_POINT('',#3298);
#3300=VERTEX_POINT('',#1361);
#3301=CARTESIAN_POINT('',(-3.749999999998E0,4.350000687292E0,-5.E-1));
#3302=CARTESIAN_POINT('',(-3.75E0,4.35E0,-2.E-1));
#3303=VERTEX_POINT('',#3301);
#3304=VERTEX_POINT('',#3302);
#3305=CARTESIAN_POINT('',(-3.250001374585E0,4.85E0,-5.E-1));
#3306=CARTESIAN_POINT('',(-3.25E0,4.85E0,-2.E-1));
#3307=VERTEX_POINT('',#3305);
#3308=VERTEX_POINT('',#3306);
#3309=CARTESIAN_POINT('',(-3.220486923993E0,4.820484174823E0,
-9.400663223900E0));
#3310=VERTEX_POINT('',#3309);
#3311=CARTESIAN_POINT('',(-3.720484174823E0,4.320486923993E0,
-9.400663223900E0));
#3312=VERTEX_POINT('',#3311);
#3313=CARTESIAN_POINT('',(-3.520485274580E0,4.320486923993E0,-9.6E0));
#3314=VERTEX_POINT('',#3313);
#3315=VERTEX_POINT('',#1397);
#3316=CARTESIAN_POINT('',(-3.25E0,4.65E0,0.E0));
#3317=VERTEX_POINT('',#3316);
#3318=CARTESIAN_POINT('',(-3.55E0,4.35E0,0.E0));
#3319=VERTEX_POINT('',#3318);
#3320=CARTESIAN_POINT('',(3.749999999998E0,4.350002061877E0,-5.E-1));
#3321=CARTESIAN_POINT('',(3.720484174823E0,4.320486923993E0,-9.400663223900E0));
#3322=VERTEX_POINT('',#3320);
#3323=VERTEX_POINT('',#3321);
#3324=CARTESIAN_POINT('',(3.250001374585E0,4.85E0,-5.E-1));
#3325=CARTESIAN_POINT('',(3.220486923993E0,4.820484174823E0,-9.400663223900E0));
#3326=VERTEX_POINT('',#3324);
#3327=VERTEX_POINT('',#3325);
#3328=CARTESIAN_POINT('',(3.25E0,4.85E0,-2.E-1));
#3329=VERTEX_POINT('',#3328);
#3330=CARTESIAN_POINT('',(3.75E0,4.35E0,-2.E-1));
#3331=VERTEX_POINT('',#3330);
#3332=CARTESIAN_POINT('',(3.55E0,4.35E0,0.E0));
#3333=VERTEX_POINT('',#3332);
#3334=CARTESIAN_POINT('',(3.25E0,4.65E0,0.E0));
#3335=VERTEX_POINT('',#3334);
#3336=CARTESIAN_POINT('',(3.220486923993E0,4.620485274580E0,-9.6E0));
#3337=VERTEX_POINT('',#3336);
#3338=VERTEX_POINT('',#1433);
#3339=CARTESIAN_POINT('',(3.749999999998E0,-4.350000687292E0,-5.E-1));
#3340=CARTESIAN_POINT('',(3.75E0,-4.35E0,-2.E-1));
#3341=VERTEX_POINT('',#3339);
#3342=VERTEX_POINT('',#3340);
#3343=CARTESIAN_POINT('',(3.250001374585E0,-4.85E0,-5.E-1));
#3344=CARTESIAN_POINT('',(3.25E0,-4.85E0,-2.E-1));
#3345=VERTEX_POINT('',#3343);
#3346=VERTEX_POINT('',#3344);
#3347=CARTESIAN_POINT('',(3.220486923993E0,-4.820484174823E0,
-9.400663223900E0));
#3348=VERTEX_POINT('',#3347);
#3349=CARTESIAN_POINT('',(3.720484174823E0,-4.320486923993E0,
-9.400663223900E0));
#3350=VERTEX_POINT('',#3349);
#3351=CARTESIAN_POINT('',(3.520485274580E0,-4.320486923993E0,-9.6E0));
#3352=VERTEX_POINT('',#3351);
#3353=VERTEX_POINT('',#1469);
#3354=CARTESIAN_POINT('',(3.25E0,-4.65E0,0.E0));
#3355=VERTEX_POINT('',#3354);
#3356=CARTESIAN_POINT('',(3.55E0,-4.35E0,0.E0));
#3357=VERTEX_POINT('',#3356);
#3358=CARTESIAN_POINT('',(3.75E0,-1.571166784282E0,-2.E-1));
#3359=VERTEX_POINT('',#3358);
#3360=CARTESIAN_POINT('',(3.55E0,-1.574657797267E0,0.E0));
#3361=VERTEX_POINT('',#3360);
#3362=CARTESIAN_POINT('',(-3.55E0,-1.574657797267E0,0.E0));
#3363=VERTEX_POINT('',#3362);
#3364=CARTESIAN_POINT('',(-3.75E0,-1.571166784282E0,-2.E-1));
#3365=VERTEX_POINT('',#3364);
#3366=VERTEX_POINT('',#381);
#3367=VERTEX_POINT('',#387);
#3368=CARTESIAN_POINT('',(3.129999801683E0,-3.604363350754E0,
-6.279999998702E0));
#3369=VERTEX_POINT('',#3368);
#3370=CARTESIAN_POINT('',(2.880000793273E0,-3.854360970992E0,
-6.280545412795E0));
#3371=VERTEX_POINT('',#3370);
#3372=VERTEX_POINT('',#393);
#3373=VERTEX_POINT('',#399);
#3374=VERTEX_POINT('',#441);
#3375=VERTEX_POINT('',#447);
#3376=CARTESIAN_POINT('',(-2.880000793273E0,-3.854360970992E0,
-6.280545412795E0));
#3377=VERTEX_POINT('',#3376);
#3378=CARTESIAN_POINT('',(-3.129999801679E0,-3.604363350747E0,
-6.280000000433E0));
#3379=VERTEX_POINT('',#3378);
#3380=VERTEX_POINT('',#429);
#3381=VERTEX_POINT('',#435);
#3382=CARTESIAN_POINT('',(-2.880000793273E0,4.368360970992E0,
-6.280545412795E0));
#3383=CARTESIAN_POINT('',(-2.907404222974E0,4.395765193975E0,0.E0));
#3384=VERTEX_POINT('',#3382);
#3385=VERTEX_POINT('',#3383);
#3386=CARTESIAN_POINT('',(-3.129999801683E0,4.118363350754E0,
-6.279999998702E0));
#3387=CARTESIAN_POINT('',(-3.157401843154E0,4.145767573795E0,0.E0));
#3388=VERTEX_POINT('',#3386);
#3389=VERTEX_POINT('',#3387);
#3390=VERTEX_POINT('',#453);
#3391=VERTEX_POINT('',#459);
#3392=VERTEX_POINT('',#481);
#3393=VERTEX_POINT('',#487);
#3394=CARTESIAN_POINT('',(2.880000793273E0,4.368360970992E0,-6.280545412795E0));
#3395=VERTEX_POINT('',#3394);
#3396=CARTESIAN_POINT('',(3.129999801679E0,4.118363350747E0,-6.280000000433E0));
#3397=VERTEX_POINT('',#3396);
#3398=CARTESIAN_POINT('',(3.157401843154E0,4.145767573795E0,0.E0));
#3399=VERTEX_POINT('',#3398);
#3400=CARTESIAN_POINT('',(2.907404222974E0,4.395765193975E0,0.E0));
#3401=VERTEX_POINT('',#3400);
#3402=CARTESIAN_POINT('',(-3.543698238631E0,-1.536256654425E0,-2.2E0));
#3403=CARTESIAN_POINT('',(-3.543698238631E0,3.767E0,-2.2E0));
#3404=VERTEX_POINT('',#3402);
#3405=VERTEX_POINT('',#3403);
#3406=CARTESIAN_POINT('',(-3.743697138963E0,-1.532754064823E0,
-2.400663223900E0));
#3407=CARTESIAN_POINT('',(-3.743697138963E0,3.763497410398E0,
-2.400663223900E0));
#3408=VERTEX_POINT('',#3406);
#3409=VERTEX_POINT('',#3407);
#3410=CARTESIAN_POINT('',(3.543698238631E0,3.767E0,-2.2E0));
#3411=CARTESIAN_POINT('',(3.543698238631E0,-1.536256654425E0,-2.2E0));
#3412=VERTEX_POINT('',#3410);
#3413=VERTEX_POINT('',#3411);
#3414=CARTESIAN_POINT('',(3.743697138963E0,3.763497410398E0,-2.400663223900E0));
#3415=CARTESIAN_POINT('',(3.743697138963E0,-1.532754064823E0,
-2.400663223900E0));
#3416=VERTEX_POINT('',#3414);
#3417=VERTEX_POINT('',#3415);
#3418=VERTEX_POINT('',#513);
#3419=VERTEX_POINT('',#519);
#3420=CARTESIAN_POINT('',(-1.92E0,1.664014926068E0,-7.28E0));
#3421=VERTEX_POINT('',#3420);
#3422=CARTESIAN_POINT('',(-1.720014926068E0,1.864E0,-7.28E0));
#3423=VERTEX_POINT('',#3422);
#3424=VERTEX_POINT('',#525);
#3425=VERTEX_POINT('',#531);
#3426=CARTESIAN_POINT('',(1.720014926068E0,1.864E0,-7.28E0));
#3427=VERTEX_POINT('',#3426);
#3428=CARTESIAN_POINT('',(1.92E0,1.664014926068E0,-7.28E0));
#3429=VERTEX_POINT('',#3428);
#3430=VERTEX_POINT('',#537);
#3431=VERTEX_POINT('',#543);
#3432=CARTESIAN_POINT('',(1.92E0,-8.601492606791E-2,-7.28E0));
#3433=VERTEX_POINT('',#3432);
#3434=CARTESIAN_POINT('',(1.720014926068E0,-2.86E-1,-7.28E0));
#3435=VERTEX_POINT('',#3434);
#3436=VERTEX_POINT('',#545);
#3437=VERTEX_POINT('',#551);
#3438=CARTESIAN_POINT('',(-1.720014926068E0,-2.86E-1,-7.28E0));
#3439=VERTEX_POINT('',#3438);
#3440=CARTESIAN_POINT('',(-1.92E0,-8.601492606791E-2,-7.28E0));
#3441=VERTEX_POINT('',#3440);
#3442=CARTESIAN_POINT('',(2.133234806025E0,-2.433401843154E0,0.E0));
#3443=CARTESIAN_POINT('',(1.996765193975E0,-2.433401843154E0,0.E0));
#3444=VERTEX_POINT('',#3442);
#3445=VERTEX_POINT('',#3443);
#3446=CARTESIAN_POINT('',(2.283889302418E0,-2.282747346761E0,
-1.499985721081E-1));
#3447=CARTESIAN_POINT('',(1.846110697582E0,-2.282747346761E0,
-1.499985721081E-1));
#3448=VERTEX_POINT('',#3446);
#3449=VERTEX_POINT('',#3447);
#3450=CARTESIAN_POINT('',(-1.846110697582E0,-2.282747346761E0,
-1.499985721081E-1));
#3451=CARTESIAN_POINT('',(-2.283889302418E0,-2.282747346761E0,
-1.499985721081E-1));
#3452=VERTEX_POINT('',#3450);
#3453=VERTEX_POINT('',#3451);
#3454=CARTESIAN_POINT('',(-1.996765193975E0,-2.433401843154E0,0.E0));
#3455=CARTESIAN_POINT('',(-2.133234806025E0,-2.433401843154E0,0.E0));
#3456=VERTEX_POINT('',#3454);
#3457=VERTEX_POINT('',#3455);
#3458=CARTESIAN_POINT('',(-1.068234806025E0,3.861401843154E0,0.E0));
#3459=CARTESIAN_POINT('',(-1.218889302418E0,3.860747346761E0,
-1.499985721081E-1));
#3460=VERTEX_POINT('',#3458);
#3461=VERTEX_POINT('',#3459);
#3462=CARTESIAN_POINT('',(-1.218889302418E0,4.395110697582E0,
-1.499985721081E-1));
#3463=VERTEX_POINT('',#3462);
#3464=CARTESIAN_POINT('',(-1.068234806025E0,4.395765193975E0,0.E0));
#3465=VERTEX_POINT('',#3464);
#3466=CARTESIAN_POINT('',(1.218889302418E0,3.860747346761E0,
-1.499985721081E-1));
#3467=CARTESIAN_POINT('',(1.218889302418E0,4.395110697582E0,
-1.499985721081E-1));
#3468=VERTEX_POINT('',#3466);
#3469=VERTEX_POINT('',#3467);
#3470=CARTESIAN_POINT('',(1.068234806025E0,3.861401843154E0,0.E0));
#3471=VERTEX_POINT('',#3470);
#3472=CARTESIAN_POINT('',(1.068234806025E0,4.395765193975E0,0.E0));
#3473=VERTEX_POINT('',#3472);
#3474=CARTESIAN_POINT('',(2.906749726566E0,-3.881110697582E0,
-1.499985721082E-1));
#3475=VERTEX_POINT('',#3474);
#3476=CARTESIAN_POINT('',(3.156747346761E0,-3.631113077272E0,
-1.499985721085E-1));
#3477=VERTEX_POINT('',#3476);
#3478=CARTESIAN_POINT('',(2.533886922614E0,-3.881110697582E0,
-1.499985721082E-1));
#3479=VERTEX_POINT('',#3478);
#3480=CARTESIAN_POINT('',(2.283889302418E0,-3.631113077272E0,
-1.499985721085E-1));
#3481=VERTEX_POINT('',#3480);
#3482=CARTESIAN_POINT('',(-3.156747346761E0,-3.631113077272E0,
-1.499985721085E-1));
#3483=VERTEX_POINT('',#3482);
#3484=CARTESIAN_POINT('',(-2.906749726566E0,-3.881110697582E0,
-1.499985721082E-1));
#3485=VERTEX_POINT('',#3484);
#3486=CARTESIAN_POINT('',(-2.283889302418E0,-3.631113077386E0,
-1.499985721082E-1));
#3487=VERTEX_POINT('',#3486);
#3488=CARTESIAN_POINT('',(-2.533886922728E0,-3.881110697582E0,
-1.499985721085E-1));
#3489=VERTEX_POINT('',#3488);
#3490=VERTEX_POINT('',#2513);
#3491=VERTEX_POINT('',#2517);
#3492=CARTESIAN_POINT('',(1.815E0,-3.186030303803E0,-7.28E0));
#3493=VERTEX_POINT('',#3492);
#3494=VERTEX_POINT('',#2559);
#3495=VERTEX_POINT('',#2545);
#3496=VERTEX_POINT('',#2549);
#3497=CARTESIAN_POINT('',(-1.818340062879E0,-3.953340062879E0,
-6.514518832726E0));
#3498=VERTEX_POINT('',#3497);
#3499=VERTEX_POINT('',#2527);
#3500=CARTESIAN_POINT('',(-1.996765193975E0,-4.281765193975E0,0.E0));
#3501=CARTESIAN_POINT('',(1.996765193975E0,-4.281765193975E0,0.E0));
#3502=VERTEX_POINT('',#3500);
#3503=VERTEX_POINT('',#3501);
#3504=CARTESIAN_POINT('',(-1.844147208404E0,-3.979147208404E0,
-5.999942884324E-1));
#3505=CARTESIAN_POINT('',(1.844147208404E0,-3.979147208404E0,
-5.999942884324E-1));
#3506=VERTEX_POINT('',#3504);
#3507=VERTEX_POINT('',#3505);
#3508=CARTESIAN_POINT('',(-1.846110697582E0,-4.206110697582E0,
-1.499985721081E-1));
#3509=VERTEX_POINT('',#3508);
#3510=CARTESIAN_POINT('',(1.846110697582E0,-4.206110697582E0,
-1.499985721081E-1));
#3511=VERTEX_POINT('',#3510);
#3512=CARTESIAN_POINT('',(-1.7E0,-4.814300248688E0,-9.4E0));
#3513=VERTEX_POINT('',#3512);
#3514=CARTESIAN_POINT('',(-1.3E0,-4.814300248688E0,-9.4E0));
#3515=VERTEX_POINT('',#3514);
#3516=CARTESIAN_POINT('',(-3.641047138963E0,2.89E-1,-3.2E0));
#3517=CARTESIAN_POINT('',(-3.620574846540E0,2.89E-1,-9.373535016694E0));
#3518=VERTEX_POINT('',#3516);
#3519=VERTEX_POINT('',#3517);
#3520=CARTESIAN_POINT('',(-3.741046848345E0,1.890004202252E-1,-3.2E0));
#3521=VERTEX_POINT('',#3520);
#3522=CARTESIAN_POINT('',(-3.721147822593E0,1.89E-1,-9.200663225294E0));
#3523=VERTEX_POINT('',#3522);
#3524=CARTESIAN_POINT('',(-3.741046848345E0,1.388999579775E0,-3.2E0));
#3525=CARTESIAN_POINT('',(-3.721147822593E0,1.389E0,-9.200663225294E0));
#3526=VERTEX_POINT('',#3524);
#3527=VERTEX_POINT('',#3525);
#3528=CARTESIAN_POINT('',(-3.641047138963E0,1.289E0,-3.2E0));
#3529=VERTEX_POINT('',#3528);
#3530=CARTESIAN_POINT('',(-3.620574846540E0,1.289E0,-9.373535016694E0));
#3531=VERTEX_POINT('',#3530);
#3532=CARTESIAN_POINT('',(3.741046015012E0,1.889995868965E-1,-3.2E0));
#3533=CARTESIAN_POINT('',(3.721146989268E0,1.89E-1,-9.200663222530E0));
#3534=VERTEX_POINT('',#3532);
#3535=VERTEX_POINT('',#3533);
#3536=CARTESIAN_POINT('',(3.641044638963E0,2.89E-1,-3.2E0));
#3537=VERTEX_POINT('',#3536);
#3538=CARTESIAN_POINT('',(3.620572341781E0,2.89E-1,-9.373536451763E0));
#3539=VERTEX_POINT('',#3538);
#3540=CARTESIAN_POINT('',(3.641044638963E0,1.289E0,-3.2E0));
#3541=CARTESIAN_POINT('',(3.620572341781E0,1.289E0,-9.373536451763E0));
#3542=VERTEX_POINT('',#3540);
#3543=VERTEX_POINT('',#3541);
#3544=CARTESIAN_POINT('',(3.741046015012E0,1.389000413104E0,-3.2E0));
#3545=VERTEX_POINT('',#3544);
#3546=CARTESIAN_POINT('',(3.721146989268E0,1.389E0,-9.200663222530E0));
#3547=VERTEX_POINT('',#3546);
#3548=CARTESIAN_POINT('',(3.521148502038E0,-3.85E0,-9.4E0));
#3549=CARTESIAN_POINT('',(3.521148502038E0,3.85E0,-9.4E0));
#3550=VERTEX_POINT('',#3548);
#3551=VERTEX_POINT('',#3549);
#3552=CARTESIAN_POINT('',(3.721147402370E0,-3.85E0,-9.200663223900E0));
#3553=CARTESIAN_POINT('',(3.720510140138E0,-3.85E0,-9.400331611950E0));
#3554=VERTEX_POINT('',#3552);
#3555=VERTEX_POINT('',#3553);
#3556=CARTESIAN_POINT('',(3.721147402370E0,3.85E0,-9.200663223900E0));
#3557=CARTESIAN_POINT('',(3.720510415056E0,3.85E0,-9.400221074481E0));
#3558=VERTEX_POINT('',#3556);
#3559=VERTEX_POINT('',#3557);
#3560=CARTESIAN_POINT('',(-3.521148502038E0,3.85E0,-9.4E0));
#3561=CARTESIAN_POINT('',(-3.521148502038E0,-3.85E0,-9.4E0));
#3562=VERTEX_POINT('',#3560);
#3563=VERTEX_POINT('',#3561);
#3564=CARTESIAN_POINT('',(-3.721147402370E0,3.85E0,-9.200663223900E0));
#3565=CARTESIAN_POINT('',(-3.720510140138E0,3.85E0,-9.400331611950E0));
#3566=VERTEX_POINT('',#3564);
#3567=VERTEX_POINT('',#3565);
#3568=CARTESIAN_POINT('',(-3.721147402370E0,-3.85E0,-9.200663223900E0));
#3569=CARTESIAN_POINT('',(-3.720510415056E0,-3.85E0,-9.400221074481E0));
#3570=VERTEX_POINT('',#3568);
#3571=VERTEX_POINT('',#3569);
#3572=CARTESIAN_POINT('',(-2.E-1,5.601462374326E0,-9.703611494755E0));
#3573=CARTESIAN_POINT('',(-2.E-1,3.076291396324E0,-9.659534471379E0));
#3574=VERTEX_POINT('',#3572);
#3575=VERTEX_POINT('',#3573);
#3576=CARTESIAN_POINT('',(-2.E-1,5.606E0,-9.443651094014E0));
#3577=VERTEX_POINT('',#3576);
#3578=CARTESIAN_POINT('',(-2.E-1,2.634E0,-4.78E0));
#3579=CARTESIAN_POINT('',(-2.E-1,2.934E0,-4.78E0));
#3580=VERTEX_POINT('',#3578);
#3581=VERTEX_POINT('',#3579);
#3582=CARTESIAN_POINT('',(-2.E-1,-1.356E0,-4.78E0));
#3583=CARTESIAN_POINT('',(-2.E-1,-1.056E0,-4.78E0));
#3584=VERTEX_POINT('',#3582);
#3585=VERTEX_POINT('',#3583);
#3586=CARTESIAN_POINT('',(-2.E-1,-1.498217478708E0,-9.630057675705E0));
#3587=CARTESIAN_POINT('',(-2.E-1,-5.803462374326E0,-9.705206004890E0));
#3588=VERTEX_POINT('',#3586);
#3589=VERTEX_POINT('',#3587);
#3590=CARTESIAN_POINT('',(-2.E-1,-5.808E0,-9.445245604149E0));
#3591=VERTEX_POINT('',#3590);
#3592=CARTESIAN_POINT('',(-2.E-1,-4.82E0,-9.428E0));
#3593=VERTEX_POINT('',#3592);
#3594=CARTESIAN_POINT('',(-2.E-1,-4.82E0,-9.4E0));
#3595=VERTEX_POINT('',#3594);
#3596=CARTESIAN_POINT('',(2.E-1,5.601462374326E0,-9.703611494755E0));
#3597=CARTESIAN_POINT('',(2.E-1,3.076291396324E0,-9.659534471379E0));
#3598=VERTEX_POINT('',#3596);
#3599=VERTEX_POINT('',#3597);
#3600=CARTESIAN_POINT('',(2.E-1,5.606E0,-9.443651094014E0));
#3601=VERTEX_POINT('',#3600);
#3602=CARTESIAN_POINT('',(2.E-1,2.634E0,-4.78E0));
#3603=CARTESIAN_POINT('',(2.E-1,2.934E0,-4.78E0));
#3604=VERTEX_POINT('',#3602);
#3605=VERTEX_POINT('',#3603);
#3606=CARTESIAN_POINT('',(2.E-1,-1.356E0,-4.78E0));
#3607=CARTESIAN_POINT('',(2.E-1,-1.056E0,-4.78E0));
#3608=VERTEX_POINT('',#3606);
#3609=VERTEX_POINT('',#3607);
#3610=CARTESIAN_POINT('',(2.E-1,-1.498217478708E0,-9.630057675705E0));
#3611=CARTESIAN_POINT('',(2.E-1,-5.803462374326E0,-9.705206004890E0));
#3612=VERTEX_POINT('',#3610);
#3613=VERTEX_POINT('',#3611);
#3614=CARTESIAN_POINT('',(2.E-1,-5.808E0,-9.445245604149E0));
#3615=VERTEX_POINT('',#3614);
#3616=CARTESIAN_POINT('',(2.E-1,-4.82E0,-9.428E0));
#3617=VERTEX_POINT('',#3616);
#3618=CARTESIAN_POINT('',(2.E-1,-4.82E0,-9.4E0));
#3619=VERTEX_POINT('',#3618);
#3620=CARTESIAN_POINT('',(-2.E-1,2.934E0,-7.28E0));
#3621=CARTESIAN_POINT('',(-2.E-1,2.634E0,-7.28E0));
#3622=VERTEX_POINT('',#3620);
#3623=VERTEX_POINT('',#3621);
#3624=CARTESIAN_POINT('',(-2.E-1,-1.056E0,-7.28E0));
#3625=CARTESIAN_POINT('',(-2.E-1,-1.356E0,-7.28E0));
#3626=VERTEX_POINT('',#3624);
#3627=VERTEX_POINT('',#3625);
#3628=CARTESIAN_POINT('',(2.E-1,2.934E0,-7.28E0));
#3629=CARTESIAN_POINT('',(2.E-1,2.634E0,-7.28E0));
#3630=VERTEX_POINT('',#3628);
#3631=VERTEX_POINT('',#3629);
#3632=CARTESIAN_POINT('',(2.E-1,-1.056E0,-7.28E0));
#3633=CARTESIAN_POINT('',(2.E-1,-1.356E0,-7.28E0));
#3634=VERTEX_POINT('',#3632);
#3635=VERTEX_POINT('',#3633);
#3636=CARTESIAN_POINT('',(-2.E-1,-3.85E0,-9.55E0));
#3637=CARTESIAN_POINT('',(-2.E-1,-3.85E0,-9.4E0));
#3638=VERTEX_POINT('',#3636);
#3639=VERTEX_POINT('',#3637);
#3640=CARTESIAN_POINT('',(2.E-1,-3.85E0,-9.55E0));
#3641=CARTESIAN_POINT('',(2.E-1,-3.85E0,-9.4E0));
#3642=VERTEX_POINT('',#3640);
#3643=VERTEX_POINT('',#3641);
#3644=CARTESIAN_POINT('',(-2.E-1,-1.125E0,-9.4E0));
#3645=VERTEX_POINT('',#3644);
#3646=CARTESIAN_POINT('',(-2.E-1,2.689E0,-9.4E0));
#3647=CARTESIAN_POINT('',(-2.E-1,3.85E0,-9.4E0));
#3648=VERTEX_POINT('',#3646);
#3649=VERTEX_POINT('',#3647);
#3650=CARTESIAN_POINT('',(2.E-1,-1.125E0,-9.4E0));
#3651=VERTEX_POINT('',#3650);
#3652=CARTESIAN_POINT('',(2.E-1,2.689E0,-9.4E0));
#3653=CARTESIAN_POINT('',(2.E-1,3.85E0,-9.4E0));
#3654=VERTEX_POINT('',#3652);
#3655=VERTEX_POINT('',#3653);
#3656=CARTESIAN_POINT('',(-2.E-1,3.85E0,-9.55E0));
#3657=VERTEX_POINT('',#3656);
#3658=CARTESIAN_POINT('',(2.E-1,3.85E0,-9.55E0));
#3659=VERTEX_POINT('',#3658);
#3660=CARTESIAN_POINT('',(-2.E-1,4.620651081377E0,-9.55E0));
#3661=VERTEX_POINT('',#3660);
#3662=CARTESIAN_POINT('',(-2.E-1,-4.620651081377E0,-9.55E0));
#3663=VERTEX_POINT('',#3662);
#3664=CARTESIAN_POINT('',(2.E-1,4.620651081377E0,-9.55E0));
#3665=VERTEX_POINT('',#3664);
#3666=CARTESIAN_POINT('',(2.E-1,-4.620651081377E0,-9.55E0));
#3667=VERTEX_POINT('',#3666);
#3668=CARTESIAN_POINT('',(-2.E-1,-4.814300248688E0,-9.4E0));
#3669=VERTEX_POINT('',#3668);
#3670=CARTESIAN_POINT('',(2.E-1,-4.814300248688E0,-9.4E0));
#3671=VERTEX_POINT('',#3670);
#3672=CARTESIAN_POINT('',(-2.E-1,4.804104744774E0,-9.429653960268E0));
#3673=VERTEX_POINT('',#3672);
#3674=CARTESIAN_POINT('',(2.E-1,4.804104744774E0,-9.429653960268E0));
#3675=VERTEX_POINT('',#3674);
#3676=CARTESIAN_POINT('',(1.3E0,5.601462374326E0,-9.703611494755E0));
#3677=CARTESIAN_POINT('',(1.3E0,3.076291396324E0,-9.659534471379E0));
#3678=VERTEX_POINT('',#3676);
#3679=VERTEX_POINT('',#3677);
#3680=CARTESIAN_POINT('',(1.3E0,5.606E0,-9.443651094014E0));
#3681=VERTEX_POINT('',#3680);
#3682=CARTESIAN_POINT('',(1.3E0,2.634E0,-4.78E0));
#3683=CARTESIAN_POINT('',(1.3E0,2.934E0,-4.78E0));
#3684=VERTEX_POINT('',#3682);
#3685=VERTEX_POINT('',#3683);
#3686=CARTESIAN_POINT('',(1.3E0,-1.356E0,-4.78E0));
#3687=CARTESIAN_POINT('',(1.3E0,-1.056E0,-4.78E0));
#3688=VERTEX_POINT('',#3686);
#3689=VERTEX_POINT('',#3687);
#3690=CARTESIAN_POINT('',(1.3E0,-1.498217478708E0,-9.630057675705E0));
#3691=CARTESIAN_POINT('',(1.3E0,-5.803462374326E0,-9.705206004890E0));
#3692=VERTEX_POINT('',#3690);
#3693=VERTEX_POINT('',#3691);
#3694=CARTESIAN_POINT('',(1.3E0,-5.808E0,-9.445245604149E0));
#3695=VERTEX_POINT('',#3694);
#3696=CARTESIAN_POINT('',(1.3E0,-4.82E0,-9.428E0));
#3697=VERTEX_POINT('',#3696);
#3698=CARTESIAN_POINT('',(1.3E0,-4.82E0,-9.4E0));
#3699=VERTEX_POINT('',#3698);
#3700=CARTESIAN_POINT('',(1.7E0,5.601462374326E0,-9.703611494755E0));
#3701=CARTESIAN_POINT('',(1.7E0,3.076291396324E0,-9.659534471379E0));
#3702=VERTEX_POINT('',#3700);
#3703=VERTEX_POINT('',#3701);
#3704=CARTESIAN_POINT('',(1.7E0,5.606E0,-9.443651094014E0));
#3705=VERTEX_POINT('',#3704);
#3706=CARTESIAN_POINT('',(1.7E0,2.634E0,-4.78E0));
#3707=CARTESIAN_POINT('',(1.7E0,2.934E0,-4.78E0));
#3708=VERTEX_POINT('',#3706);
#3709=VERTEX_POINT('',#3707);
#3710=CARTESIAN_POINT('',(1.7E0,-1.356E0,-4.78E0));
#3711=CARTESIAN_POINT('',(1.7E0,-1.056E0,-4.78E0));
#3712=VERTEX_POINT('',#3710);
#3713=VERTEX_POINT('',#3711);
#3714=CARTESIAN_POINT('',(1.7E0,-1.498217478708E0,-9.630057675705E0));
#3715=CARTESIAN_POINT('',(1.7E0,-5.803462374326E0,-9.705206004890E0));
#3716=VERTEX_POINT('',#3714);
#3717=VERTEX_POINT('',#3715);
#3718=CARTESIAN_POINT('',(1.7E0,-5.808E0,-9.445245604149E0));
#3719=VERTEX_POINT('',#3718);
#3720=CARTESIAN_POINT('',(1.7E0,-4.82E0,-9.428E0));
#3721=VERTEX_POINT('',#3720);
#3722=CARTESIAN_POINT('',(1.7E0,-4.82E0,-9.4E0));
#3723=VERTEX_POINT('',#3722);
#3724=CARTESIAN_POINT('',(1.3E0,2.934E0,-7.28E0));
#3725=CARTESIAN_POINT('',(1.3E0,2.634E0,-7.28E0));
#3726=VERTEX_POINT('',#3724);
#3727=VERTEX_POINT('',#3725);
#3728=CARTESIAN_POINT('',(1.3E0,-1.056E0,-7.28E0));
#3729=CARTESIAN_POINT('',(1.3E0,-1.356E0,-7.28E0));
#3730=VERTEX_POINT('',#3728);
#3731=VERTEX_POINT('',#3729);
#3732=CARTESIAN_POINT('',(1.7E0,2.934E0,-7.28E0));
#3733=CARTESIAN_POINT('',(1.7E0,2.634E0,-7.28E0));
#3734=VERTEX_POINT('',#3732);
#3735=VERTEX_POINT('',#3733);
#3736=CARTESIAN_POINT('',(1.7E0,-1.056E0,-7.28E0));
#3737=CARTESIAN_POINT('',(1.7E0,-1.356E0,-7.28E0));
#3738=VERTEX_POINT('',#3736);
#3739=VERTEX_POINT('',#3737);
#3740=CARTESIAN_POINT('',(1.3E0,-3.85E0,-9.55E0));
#3741=CARTESIAN_POINT('',(1.3E0,-3.85E0,-9.4E0));
#3742=VERTEX_POINT('',#3740);
#3743=VERTEX_POINT('',#3741);
#3744=CARTESIAN_POINT('',(1.7E0,-3.85E0,-9.55E0));
#3745=CARTESIAN_POINT('',(1.7E0,-3.85E0,-9.4E0));
#3746=VERTEX_POINT('',#3744);
#3747=VERTEX_POINT('',#3745);
#3748=CARTESIAN_POINT('',(1.3E0,-1.125E0,-9.4E0));
#3749=VERTEX_POINT('',#3748);
#3750=CARTESIAN_POINT('',(1.3E0,2.689E0,-9.4E0));
#3751=CARTESIAN_POINT('',(1.3E0,3.85E0,-9.4E0));
#3752=VERTEX_POINT('',#3750);
#3753=VERTEX_POINT('',#3751);
#3754=CARTESIAN_POINT('',(1.7E0,-1.125E0,-9.4E0));
#3755=VERTEX_POINT('',#3754);
#3756=CARTESIAN_POINT('',(1.7E0,2.689E0,-9.4E0));
#3757=CARTESIAN_POINT('',(1.7E0,3.85E0,-9.4E0));
#3758=VERTEX_POINT('',#3756);
#3759=VERTEX_POINT('',#3757);
#3760=CARTESIAN_POINT('',(1.3E0,3.85E0,-9.55E0));
#3761=VERTEX_POINT('',#3760);
#3762=CARTESIAN_POINT('',(1.7E0,3.85E0,-9.55E0));
#3763=VERTEX_POINT('',#3762);
#3764=CARTESIAN_POINT('',(1.3E0,4.620651081377E0,-9.55E0));
#3765=VERTEX_POINT('',#3764);
#3766=CARTESIAN_POINT('',(1.3E0,-4.620651081377E0,-9.55E0));
#3767=VERTEX_POINT('',#3766);
#3768=CARTESIAN_POINT('',(1.7E0,4.620651081377E0,-9.55E0));
#3769=VERTEX_POINT('',#3768);
#3770=CARTESIAN_POINT('',(1.7E0,-4.620651081377E0,-9.55E0));
#3771=VERTEX_POINT('',#3770);
#3772=CARTESIAN_POINT('',(1.3E0,-4.814300248688E0,-9.4E0));
#3773=VERTEX_POINT('',#3772);
#3774=CARTESIAN_POINT('',(1.7E0,-4.814300248688E0,-9.4E0));
#3775=VERTEX_POINT('',#3774);
#3776=CARTESIAN_POINT('',(1.3E0,4.804104744774E0,-9.429653960268E0));
#3777=VERTEX_POINT('',#3776);
#3778=CARTESIAN_POINT('',(1.7E0,4.804104744774E0,-9.429653960268E0));
#3779=VERTEX_POINT('',#3778);
#3780=CARTESIAN_POINT('',(2.642165822169E0,3.968341778308E-1,-2.2E0));
#3781=CARTESIAN_POINT('',(2.642165822169E0,-3.588341778308E-1,-2.2E0));
#3782=VERTEX_POINT('',#3780);
#3783=VERTEX_POINT('',#3781);
#3784=CARTESIAN_POINT('',(2.62E0,4.19E-1,-7.28E0));
#3785=CARTESIAN_POINT('',(2.62E0,-3.81E-1,-7.28E0));
#3786=VERTEX_POINT('',#3784);
#3787=VERTEX_POINT('',#3785);
#3788=CARTESIAN_POINT('',(3.13E0,-3.81E-1,-7.28E0));
#3789=VERTEX_POINT('',#3788);
#3790=CARTESIAN_POINT('',(3.13E0,4.19E-1,-7.28E0));
#3791=VERTEX_POINT('',#3790);
#3792=CARTESIAN_POINT('',(3.13E0,-3.766366491793E-1,-6.28E0));
#3793=VERTEX_POINT('',#3792);
#3794=CARTESIAN_POINT('',(3.13E0,4.146366491793E-1,-6.28E0));
#3795=VERTEX_POINT('',#3794);
#3796=CARTESIAN_POINT('',(3.147802471348E0,-3.588341778308E-1,-2.2E0));
#3797=VERTEX_POINT('',#3796);
#3798=CARTESIAN_POINT('',(3.147802471348E0,3.968341778308E-1,-2.2E0));
#3799=VERTEX_POINT('',#3798);
#3800=CARTESIAN_POINT('',(-3.75E0,-1.565930264803E0,-5.E-1));
#3801=VERTEX_POINT('',#3800);
#3802=CARTESIAN_POINT('',(3.75E0,-1.565930264803E0,-5.E-1));
#3803=VERTEX_POINT('',#3802);
#3804=CARTESIAN_POINT('',(3.307401843154E0,-3.631113077122E0,0.E0));
#3805=CARTESIAN_POINT('',(3.307401843154E0,-1.574657797267E0,0.E0));
#3806=VERTEX_POINT('',#3804);
#3807=VERTEX_POINT('',#3805);
#3808=CARTESIAN_POINT('',(3.156747346761E0,-1.572039562452E0,
-1.499985721081E-1));
#3809=VERTEX_POINT('',#3808);
#3810=VERTEX_POINT('',#2235);
#3811=CARTESIAN_POINT('',(2.533886922632E0,-4.031765193975E0,0.E0));
#3812=VERTEX_POINT('',#3811);
#3813=VERTEX_POINT('',#2219);
#3814=CARTESIAN_POINT('',(-3.156747346761E0,-1.572039562452E0,
-1.499985721081E-1));
#3815=VERTEX_POINT('',#3814);
#3816=CARTESIAN_POINT('',(-3.307401843154E0,-1.574657797267E0,0.E0));
#3817=CARTESIAN_POINT('',(-3.307401843154E0,-3.631113077122E0,0.E0));
#3818=VERTEX_POINT('',#3816);
#3819=VERTEX_POINT('',#3817);
#3820=VERTEX_POINT('',#2295);
#3821=CARTESIAN_POINT('',(-2.533886922878E0,-4.031765193975E0,0.E0));
#3822=VERTEX_POINT('',#3821);
#3823=VERTEX_POINT('',#2311);
#3824=CARTESIAN_POINT('',(-3.147802471348E0,-1.536256654425E0,-2.2E0));
#3825=VERTEX_POINT('',#3824);
#3826=CARTESIAN_POINT('',(3.147802471348E0,-1.536256654425E0,-2.2E0));
#3827=VERTEX_POINT('',#3826);
#3828=CARTESIAN_POINT('',(-3.75E0,0.E0,0.E0));
#3829=DIRECTION('',(1.E0,0.E0,0.E0));
#3830=DIRECTION('',(0.E0,-1.E0,0.E0));
#3831=AXIS2_PLACEMENT_3D('',#3828,#3829,#3830);
#3832=PLANE('',#3831);
#3834=ORIENTED_EDGE('',*,*,#3833,.T.);
#3836=ORIENTED_EDGE('',*,*,#3835,.F.);
#3838=ORIENTED_EDGE('',*,*,#3837,.F.);
#3840=ORIENTED_EDGE('',*,*,#3839,.F.);
#3841=EDGE_LOOP('',(#3834,#3836,#3838,#3840));
#3842=FACE_OUTER_BOUND('',#3841,.F.);
#3844=CARTESIAN_POINT('',(-3.75E0,0.E0,0.E0));
#3845=DIRECTION('',(1.E0,0.E0,0.E0));
#3846=DIRECTION('',(0.E0,-1.E0,0.E0));
#3847=AXIS2_PLACEMENT_3D('',#3844,#3845,#3846);
#3848=PLANE('',#3847);
#3850=ORIENTED_EDGE('',*,*,#3849,.T.);
#3852=ORIENTED_EDGE('',*,*,#3851,.F.);
#3854=ORIENTED_EDGE('',*,*,#3853,.T.);
#3856=ORIENTED_EDGE('',*,*,#3855,.F.);
#3857=EDGE_LOOP('',(#3850,#3852,#3854,#3856));
#3858=FACE_OUTER_BOUND('',#3857,.F.);
#3860=CARTESIAN_POINT('',(-3.25E0,-4.35E0,1.251456E1));
#3861=DIRECTION('',(0.E0,0.E0,-1.E0));
#3862=DIRECTION('',(0.E0,-1.E0,0.E0));
#3863=AXIS2_PLACEMENT_3D('',#3860,#3861,#3862);
#3864=CYLINDRICAL_SURFACE('',#3863,5.E-1);
#3866=ORIENTED_EDGE('',*,*,#3865,.T.);
#3868=ORIENTED_EDGE('',*,*,#3867,.T.);
#3869=ORIENTED_EDGE('',*,*,#3833,.F.);
#3871=ORIENTED_EDGE('',*,*,#3870,.T.);
#3872=EDGE_LOOP('',(#3866,#3868,#3869,#3871));
#3873=FACE_OUTER_BOUND('',#3872,.F.);
#3875=CARTESIAN_POINT('',(-3.75E0,-4.85E0,0.E0));
#3876=DIRECTION('',(0.E0,-1.E0,0.E0));
#3877=DIRECTION('',(0.E0,0.E0,-1.E0));
#3878=AXIS2_PLACEMENT_3D('',#3875,#3876,#3877);
#3879=PLANE('',#3878);
#3880=ORIENTED_EDGE('',*,*,#3865,.F.);
#3882=ORIENTED_EDGE('',*,*,#3881,.F.);
#3884=ORIENTED_EDGE('',*,*,#3883,.F.);
#3886=ORIENTED_EDGE('',*,*,#3885,.F.);
#3887=EDGE_LOOP('',(#3880,#3882,#3884,#3886));
#3888=FACE_OUTER_BOUND('',#3887,.F.);
#3890=CARTESIAN_POINT('',(1.3527E1,-4.65E0,-2.E-1));
#3891=DIRECTION('',(-1.E0,0.E0,0.E0));
#3892=DIRECTION('',(0.E0,-1.E0,0.E0));
#3893=AXIS2_PLACEMENT_3D('',#3890,#3891,#3892);
#3894=CYLINDRICAL_SURFACE('',#3893,2.E-1);
#3896=ORIENTED_EDGE('',*,*,#3895,.T.);
#3898=ORIENTED_EDGE('',*,*,#3897,.F.);
#3900=ORIENTED_EDGE('',*,*,#3899,.F.);
#3901=ORIENTED_EDGE('',*,*,#3881,.T.);
#3902=EDGE_LOOP('',(#3896,#3898,#3900,#3901));
#3903=FACE_OUTER_BOUND('',#3902,.F.);
#3905=CARTESIAN_POINT('',(-3.25E0,-4.35E0,-2.E-1));
#3906=DIRECTION('',(0.E0,0.E0,-1.E0));
#3907=DIRECTION('',(0.E0,-1.E0,0.E0));
#3908=AXIS2_PLACEMENT_3D('',#3905,#3906,#3907);
#3909=TOROIDAL_SURFACE('',#3908,3.E-1,2.E-1);
#3911=ORIENTED_EDGE('',*,*,#3910,.T.);
#3913=ORIENTED_EDGE('',*,*,#3912,.T.);
#3914=ORIENTED_EDGE('',*,*,#3895,.F.);
#3915=ORIENTED_EDGE('',*,*,#3870,.F.);
#3916=EDGE_LOOP('',(#3911,#3913,#3914,#3915));
#3917=FACE_OUTER_BOUND('',#3916,.F.);
#3919=CARTESIAN_POINT('',(-3.55E0,-1.749492E1,-2.E-1));
#3920=DIRECTION('',(0.E0,1.E0,0.E0));
#3921=DIRECTION('',(-1.E0,0.E0,0.E0));
#3922=AXIS2_PLACEMENT_3D('',#3919,#3920,#3921);
#3923=CYLINDRICAL_SURFACE('',#3922,2.E-1);
#3924=ORIENTED_EDGE('',*,*,#3910,.F.);
#3925=ORIENTED_EDGE('',*,*,#3839,.T.);
#3927=ORIENTED_EDGE('',*,*,#3926,.T.);
#3929=ORIENTED_EDGE('',*,*,#3928,.F.);
#3930=EDGE_LOOP('',(#3924,#3925,#3927,#3929));
#3931=FACE_OUTER_BOUND('',#3930,.F.);
#3933=CARTESIAN_POINT('',(-3.147802471348E0,-1.574657797267E0,0.E0));
#3934=DIRECTION('',(0.E0,9.998476951564E-1,1.745240643728E-2));
#3935=DIRECTION('',(-1.E0,0.E0,0.E0));
#3936=AXIS2_PLACEMENT_3D('',#3933,#3934,#3935);
#3937=PLANE('',#3936);
#3939=ORIENTED_EDGE('',*,*,#3938,.F.);
#3941=ORIENTED_EDGE('',*,*,#3940,.T.);
#3942=ORIENTED_EDGE('',*,*,#3926,.F.);
#3943=ORIENTED_EDGE('',*,*,#3837,.T.);
#3945=ORIENTED_EDGE('',*,*,#3944,.T.);
#3947=ORIENTED_EDGE('',*,*,#3946,.F.);
#3949=ORIENTED_EDGE('',*,*,#3948,.T.);
#3951=ORIENTED_EDGE('',*,*,#3950,.T.);
#3952=EDGE_LOOP('',(#3939,#3941,#3942,#3943,#3945,#3947,#3949,#3951));
#3953=FACE_OUTER_BOUND('',#3952,.F.);
#3955=CARTESIAN_POINT('',(-3.232074594958E0,-2.602885437334E0,
-7.499928605406E-2));
#3956=DIRECTION('',(7.055624319347E-1,0.E0,7.086477648609E-1));
#3957=DIRECTION('',(-7.086477648609E-1,0.E0,7.055624319347E-1));
#3958=AXIS2_PLACEMENT_3D('',#3955,#3956,#3957);
#3959=PLANE('',#3958);
#3961=ORIENTED_EDGE('',*,*,#3960,.T.);
#3963=ORIENTED_EDGE('',*,*,#3962,.T.);
#3965=ORIENTED_EDGE('',*,*,#3964,.F.);
#3966=ORIENTED_EDGE('',*,*,#3938,.T.);
#3967=EDGE_LOOP('',(#3961,#3963,#3965,#3966));
#3968=FACE_OUTER_BOUND('',#3967,.F.);
#3970=CARTESIAN_POINT('',(-3.157401843154E0,-3.872631246257E0,0.E0));
#3971=DIRECTION('',(-9.999904807207E-1,0.E0,-4.363309284746E-3));
#3972=DIRECTION('',(4.363309284746E-3,0.E0,-9.999904807207E-1));
#3973=AXIS2_PLACEMENT_3D('',#3970,#3971,#3972);
#3974=PLANE('',#3973);
#3976=ORIENTED_EDGE('',*,*,#3975,.F.);
#3977=ORIENTED_EDGE('',*,*,#3960,.F.);
#3978=ORIENTED_EDGE('',*,*,#3950,.F.);
#3980=ORIENTED_EDGE('',*,*,#3979,.F.);
#3982=ORIENTED_EDGE('',*,*,#3981,.F.);
#3984=ORIENTED_EDGE('',*,*,#3983,.F.);
#3986=ORIENTED_EDGE('',*,*,#3985,.F.);
#3988=ORIENTED_EDGE('',*,*,#3987,.T.);
#3989=EDGE_LOOP('',(#3976,#3977,#3978,#3980,#3982,#3984,#3986,#3988));
#3990=FACE_OUTER_BOUND('',#3989,.F.);
#3992=CARTESIAN_POINT('',(-2.962004878958E0,-3.686368229779E0,1.251456E1));
#3993=DIRECTION('',(4.363267749977E-3,4.363267749978E-3,-9.999809617133E-1));
#3994=DIRECTION('',(0.E0,-9.999904807207E-1,-4.363309284747E-3));
#3995=AXIS2_PLACEMENT_3D('',#3992,#3993,#3994);
#3996=CYLINDRICAL_SURFACE('',#3995,2.5E-1);
#3997=ORIENTED_EDGE('',*,*,#3975,.T.);
#3999=ORIENTED_EDGE('',*,*,#3998,.F.);
#4001=ORIENTED_EDGE('',*,*,#4000,.F.);
#4003=ORIENTED_EDGE('',*,*,#4002,.F.);
#4004=EDGE_LOOP('',(#3997,#3999,#4001,#4003));
#4005=FACE_OUTER_BOUND('',#4004,.F.);
#4007=CARTESIAN_POINT('',(-2.88E0,-3.604456282268E0,-6.2581564E0));
#4008=DIRECTION('',(0.E0,4.363309284747E-3,-9.999904807207E-1));
#4009=DIRECTION('',(0.E0,-9.999904807207E-1,-4.363309284747E-3));
#4010=AXIS2_PLACEMENT_3D('',#4007,#4008,#4009);
#4011=CYLINDRICAL_SURFACE('',#4010,2.5E-1);
#4013=ORIENTED_EDGE('',*,*,#4012,.T.);
#4015=ORIENTED_EDGE('',*,*,#4014,.F.);
#4016=ORIENTED_EDGE('',*,*,#3998,.T.);
#4018=ORIENTED_EDGE('',*,*,#4017,.T.);
#4019=EDGE_LOOP('',(#4013,#4015,#4016,#4018));
#4020=FACE_OUTER_BOUND('',#4019,.F.);
#4022=CARTESIAN_POINT('',(-3.75E0,0.E0,-7.28E0));
#4023=DIRECTION('',(0.E0,0.E0,-1.E0));
#4024=DIRECTION('',(0.E0,-1.E0,0.E0));
#4025=AXIS2_PLACEMENT_3D('',#4022,#4023,#4024);
#4026=PLANE('',#4025);
#4028=ORIENTED_EDGE('',*,*,#4027,.T.);
#4030=ORIENTED_EDGE('',*,*,#4029,.F.);
#4032=ORIENTED_EDGE('',*,*,#4031,.T.);
#4034=ORIENTED_EDGE('',*,*,#4033,.F.);
#4036=ORIENTED_EDGE('',*,*,#4035,.F.);
#4038=ORIENTED_EDGE('',*,*,#4037,.F.);
#4040=ORIENTED_EDGE('',*,*,#4039,.F.);
#4042=ORIENTED_EDGE('',*,*,#4041,.F.);
#4044=ORIENTED_EDGE('',*,*,#4043,.F.);
#4046=ORIENTED_EDGE('',*,*,#4045,.T.);
#4048=ORIENTED_EDGE('',*,*,#4047,.F.);
#4050=ORIENTED_EDGE('',*,*,#4049,.T.);
#4052=ORIENTED_EDGE('',*,*,#4051,.F.);
#4054=ORIENTED_EDGE('',*,*,#4053,.F.);
#4056=ORIENTED_EDGE('',*,*,#4055,.F.);
#4057=ORIENTED_EDGE('',*,*,#4012,.F.);
#4059=ORIENTED_EDGE('',*,*,#4058,.F.);
#4061=ORIENTED_EDGE('',*,*,#4060,.F.);
#4063=ORIENTED_EDGE('',*,*,#4062,.F.);
#4065=ORIENTED_EDGE('',*,*,#4064,.F.);
#4067=ORIENTED_EDGE('',*,*,#4066,.F.);
#4069=ORIENTED_EDGE('',*,*,#4068,.F.);
#4071=ORIENTED_EDGE('',*,*,#4070,.F.);
#4073=ORIENTED_EDGE('',*,*,#4072,.F.);
#4075=ORIENTED_EDGE('',*,*,#4074,.T.);
#4077=ORIENTED_EDGE('',*,*,#4076,.T.);
#4078=EDGE_LOOP('',(#4028,#4030,#4032,#4034,#4036,#4038,#4040,#4042,#4044,#4046,
#4048,#4050,#4052,#4054,#4056,#4057,#4059,#4061,#4063,#4065,#4067,#4069,#4071,
#4073,#4075,#4077));
#4079=FACE_OUTER_BOUND('',#4078,.F.);
#4081=ORIENTED_EDGE('',*,*,#4080,.T.);
#4083=ORIENTED_EDGE('',*,*,#4082,.F.);
#4085=ORIENTED_EDGE('',*,*,#4084,.F.);
#4087=ORIENTED_EDGE('',*,*,#4086,.T.);
#4088=EDGE_LOOP('',(#4081,#4083,#4085,#4087));
#4089=FACE_BOUND('',#4088,.F.);
#4091=ORIENTED_EDGE('',*,*,#4090,.T.);
#4093=ORIENTED_EDGE('',*,*,#4092,.F.);
#4095=ORIENTED_EDGE('',*,*,#4094,.F.);
#4097=ORIENTED_EDGE('',*,*,#4096,.T.);
#4098=EDGE_LOOP('',(#4091,#4093,#4095,#4097));
#4099=FACE_BOUND('',#4098,.F.);
#4101=ORIENTED_EDGE('',*,*,#4100,.T.);
#4103=ORIENTED_EDGE('',*,*,#4102,.F.);
#4105=ORIENTED_EDGE('',*,*,#4104,.F.);
#4107=ORIENTED_EDGE('',*,*,#4106,.T.);
#4108=EDGE_LOOP('',(#4101,#4103,#4105,#4107));
#4109=FACE_BOUND('',#4108,.F.);
#4111=ORIENTED_EDGE('',*,*,#4110,.T.);
#4113=ORIENTED_EDGE('',*,*,#4112,.F.);
#4115=ORIENTED_EDGE('',*,*,#4114,.F.);
#4117=ORIENTED_EDGE('',*,*,#4116,.T.);
#4118=EDGE_LOOP('',(#4111,#4113,#4115,#4117));
#4119=FACE_BOUND('',#4118,.F.);
#4121=ORIENTED_EDGE('',*,*,#4120,.T.);
#4123=ORIENTED_EDGE('',*,*,#4122,.F.);
#4125=ORIENTED_EDGE('',*,*,#4124,.F.);
#4127=ORIENTED_EDGE('',*,*,#4126,.T.);
#4128=EDGE_LOOP('',(#4121,#4123,#4125,#4127));
#4129=FACE_BOUND('',#4128,.F.);
#4131=ORIENTED_EDGE('',*,*,#4130,.T.);
#4133=ORIENTED_EDGE('',*,*,#4132,.F.);
#4135=ORIENTED_EDGE('',*,*,#4134,.F.);
#4137=ORIENTED_EDGE('',*,*,#4136,.T.);
#4138=EDGE_LOOP('',(#4131,#4133,#4135,#4137));
#4139=FACE_BOUND('',#4138,.F.);
#4141=ORIENTED_EDGE('',*,*,#4140,.T.);
#4143=ORIENTED_EDGE('',*,*,#4142,.F.);
#4145=ORIENTED_EDGE('',*,*,#4144,.T.);
#4147=ORIENTED_EDGE('',*,*,#4146,.F.);
#4149=ORIENTED_EDGE('',*,*,#4148,.T.);
#4151=ORIENTED_EDGE('',*,*,#4150,.F.);
#4153=ORIENTED_EDGE('',*,*,#4152,.T.);
#4155=ORIENTED_EDGE('',*,*,#4154,.F.);
#4156=EDGE_LOOP('',(#4141,#4143,#4145,#4147,#4149,#4151,#4153,#4155));
#4157=FACE_BOUND('',#4156,.F.);
#4159=CARTESIAN_POINT('',(1.92E0,-2.86E-1,-7.28E0));
#4160=DIRECTION('',(9.999253696605E-1,0.E0,1.221700083525E-2));
#4161=DIRECTION('',(0.E0,1.E0,0.E0));
#4162=AXIS2_PLACEMENT_3D('',#4159,#4160,#4161);
#4163=PLANE('',#4162);
#4165=ORIENTED_EDGE('',*,*,#4164,.F.);
#4166=ORIENTED_EDGE('',*,*,#4140,.F.);
#4168=ORIENTED_EDGE('',*,*,#4167,.T.);
#4170=ORIENTED_EDGE('',*,*,#4169,.T.);
#4171=EDGE_LOOP('',(#4165,#4166,#4168,#4170));
#4172=FACE_OUTER_BOUND('',#4171,.F.);
#4174=CARTESIAN_POINT('',(1.901239672119E0,1.845239672119E0,-2.211515264122E1));
#4175=DIRECTION('',(-1.221608921240E-2,-1.221608921240E-2,9.998507560275E-1));
#4176=DIRECTION('',(9.999253696605E-1,0.E0,1.221700083525E-2));
#4177=AXIS2_PLACEMENT_3D('',#4174,#4175,#4176);
#4178=CYLINDRICAL_SURFACE('',#4177,2.E-1);
#4180=ORIENTED_EDGE('',*,*,#4179,.T.);
#4182=ORIENTED_EDGE('',*,*,#4181,.F.);
#4183=ORIENTED_EDGE('',*,*,#4142,.T.);
#4184=ORIENTED_EDGE('',*,*,#4164,.T.);
#4185=EDGE_LOOP('',(#4180,#4182,#4183,#4184));
#4186=FACE_OUTER_BOUND('',#4185,.F.);
#4188=CARTESIAN_POINT('',(-3.75E0,0.E0,-4.58E0));
#4189=DIRECTION('',(0.E0,0.E0,1.E0));
#4190=DIRECTION('',(1.E0,0.E0,0.E0));
#4191=AXIS2_PLACEMENT_3D('',#4188,#4189,#4190);
#4192=PLANE('',#4191);
#4194=ORIENTED_EDGE('',*,*,#4193,.F.);
#4196=ORIENTED_EDGE('',*,*,#4195,.F.);
#4197=ORIENTED_EDGE('',*,*,#4179,.F.);
#4198=ORIENTED_EDGE('',*,*,#4169,.F.);
#4200=ORIENTED_EDGE('',*,*,#4199,.F.);
#4202=ORIENTED_EDGE('',*,*,#4201,.F.);
#4204=ORIENTED_EDGE('',*,*,#4203,.F.);
#4206=ORIENTED_EDGE('',*,*,#4205,.F.);
#4207=EDGE_LOOP('',(#4194,#4196,#4197,#4198,#4200,#4202,#4204,#4206));
#4208=FACE_OUTER_BOUND('',#4207,.F.);
#4210=CARTESIAN_POINT('',(-1.901239672119E0,1.845239672119E0,
-2.211515264122E1));
#4211=DIRECTION('',(1.221608921240E-2,-1.221608921240E-2,9.998507560275E-1));
#4212=DIRECTION('',(0.E0,9.999253696605E-1,1.221700083525E-2));
#4213=AXIS2_PLACEMENT_3D('',#4210,#4211,#4212);
#4214=CYLINDRICAL_SURFACE('',#4213,2.E-1);
#4215=ORIENTED_EDGE('',*,*,#4193,.T.);
#4217=ORIENTED_EDGE('',*,*,#4216,.F.);
#4218=ORIENTED_EDGE('',*,*,#4146,.T.);
#4220=ORIENTED_EDGE('',*,*,#4219,.T.);
#4221=EDGE_LOOP('',(#4215,#4217,#4218,#4220));
#4222=FACE_OUTER_BOUND('',#4221,.F.);
#4224=CARTESIAN_POINT('',(-1.92E0,1.864E0,-7.28E0));
#4225=DIRECTION('',(-9.999253696605E-1,0.E0,1.221700083525E-2));
#4226=DIRECTION('',(0.E0,-1.E0,0.E0));
#4227=AXIS2_PLACEMENT_3D('',#4224,#4225,#4226);
#4228=PLANE('',#4227);
#4229=ORIENTED_EDGE('',*,*,#4216,.T.);
#4230=ORIENTED_EDGE('',*,*,#4205,.T.);
#4232=ORIENTED_EDGE('',*,*,#4231,.F.);
#4233=ORIENTED_EDGE('',*,*,#4148,.F.);
#4234=EDGE_LOOP('',(#4229,#4230,#4232,#4233));
#4235=FACE_OUTER_BOUND('',#4234,.F.);
#4237=CARTESIAN_POINT('',(-1.901239672119E0,-2.672396721192E-1,
-2.211515264122E1));
#4238=DIRECTION('',(1.221608921240E-2,1.221608921240E-2,9.998507560275E-1));
#4239=DIRECTION('',(-9.999253696605E-1,0.E0,1.221700083525E-2));
#4240=AXIS2_PLACEMENT_3D('',#4237,#4238,#4239);
#4241=CYLINDRICAL_SURFACE('',#4240,2.E-1);
#4242=ORIENTED_EDGE('',*,*,#4203,.T.);
#4244=ORIENTED_EDGE('',*,*,#4243,.F.);
#4245=ORIENTED_EDGE('',*,*,#4150,.T.);
#4246=ORIENTED_EDGE('',*,*,#4231,.T.);
#4247=EDGE_LOOP('',(#4242,#4244,#4245,#4246));
#4248=FACE_OUTER_BOUND('',#4247,.F.);
#4250=CARTESIAN_POINT('',(-1.92E0,-2.86E-1,-7.28E0));
#4251=DIRECTION('',(0.E0,-9.999253696605E-1,1.221700083525E-2));
#4252=DIRECTION('',(1.E0,0.E0,0.E0));
#4253=AXIS2_PLACEMENT_3D('',#4250,#4251,#4252);
#4254=PLANE('',#4253);
#4256=ORIENTED_EDGE('',*,*,#4255,.F.);
#4257=ORIENTED_EDGE('',*,*,#4152,.F.);
#4258=ORIENTED_EDGE('',*,*,#4243,.T.);
#4259=ORIENTED_EDGE('',*,*,#4201,.T.);
#4260=EDGE_LOOP('',(#4256,#4257,#4258,#4259));
#4261=FACE_OUTER_BOUND('',#4260,.F.);
#4263=CARTESIAN_POINT('',(1.901239672119E0,-2.672396721192E-1,
-2.211515264122E1));
#4264=DIRECTION('',(-1.221608921240E-2,1.221608921240E-2,9.998507560275E-1));
#4265=DIRECTION('',(0.E0,-9.999253696605E-1,1.221700083525E-2));
#4266=AXIS2_PLACEMENT_3D('',#4263,#4264,#4265);
#4267=CYLINDRICAL_SURFACE('',#4266,2.E-1);
#4268=ORIENTED_EDGE('',*,*,#4199,.T.);
#4269=ORIENTED_EDGE('',*,*,#4167,.F.);
#4270=ORIENTED_EDGE('',*,*,#4154,.T.);
#4271=ORIENTED_EDGE('',*,*,#4255,.T.);
#4272=EDGE_LOOP('',(#4268,#4269,#4270,#4271));
#4273=FACE_OUTER_BOUND('',#4272,.F.);
#4275=CARTESIAN_POINT('',(1.92E0,1.864E0,-7.28E0));
#4276=DIRECTION('',(0.E0,9.999253696605E-1,1.221700083525E-2));
#4277=DIRECTION('',(-1.E0,0.E0,0.E0));
#4278=AXIS2_PLACEMENT_3D('',#4275,#4276,#4277);
#4279=PLANE('',#4278);
#4280=ORIENTED_EDGE('',*,*,#4219,.F.);
#4281=ORIENTED_EDGE('',*,*,#4144,.F.);
#4282=ORIENTED_EDGE('',*,*,#4181,.T.);
#4283=ORIENTED_EDGE('',*,*,#4195,.T.);
#4284=EDGE_LOOP('',(#4280,#4281,#4282,#4283));
#4285=FACE_OUTER_BOUND('',#4284,.F.);
#4287=CARTESIAN_POINT('',(-1.7E0,0.E0,0.E0));
#4288=DIRECTION('',(-1.E0,0.E0,0.E0));
#4289=DIRECTION('',(0.E0,-1.E0,0.E0));
#4290=AXIS2_PLACEMENT_3D('',#4287,#4288,#4289);
#4291=PLANE('',#4290);
#4292=ORIENTED_EDGE('',*,*,#4080,.F.);
#4294=ORIENTED_EDGE('',*,*,#4293,.F.);
#4296=ORIENTED_EDGE('',*,*,#4295,.F.);
#4298=ORIENTED_EDGE('',*,*,#4297,.F.);
#4299=EDGE_LOOP('',(#4292,#4294,#4296,#4298));
#4300=FACE_OUTER_BOUND('',#4299,.F.);
#4302=CARTESIAN_POINT('',(-1.7E0,0.E0,0.E0));
#4303=DIRECTION('',(-1.E0,0.E0,0.E0));
#4304=DIRECTION('',(0.E0,-1.E0,0.E0));
#4305=AXIS2_PLACEMENT_3D('',#4302,#4303,#4304);
#4306=PLANE('',#4305);
#4307=ORIENTED_EDGE('',*,*,#4090,.F.);
#4309=ORIENTED_EDGE('',*,*,#4308,.F.);
#4311=ORIENTED_EDGE('',*,*,#4310,.F.);
#4313=ORIENTED_EDGE('',*,*,#4312,.F.);
#4314=EDGE_LOOP('',(#4307,#4309,#4311,#4313));
#4315=FACE_OUTER_BOUND('',#4314,.F.);
#4317=CARTESIAN_POINT('',(-1.7E0,0.E0,0.E0));
#4318=DIRECTION('',(-1.E0,0.E0,0.E0));
#4319=DIRECTION('',(0.E0,-1.E0,0.E0));
#4320=AXIS2_PLACEMENT_3D('',#4317,#4318,#4319);
#4321=PLANE('',#4320);
#4323=ORIENTED_EDGE('',*,*,#4322,.F.);
#4325=ORIENTED_EDGE('',*,*,#4324,.T.);
#4327=ORIENTED_EDGE('',*,*,#4326,.F.);
#4329=ORIENTED_EDGE('',*,*,#4328,.F.);
#4331=ORIENTED_EDGE('',*,*,#4330,.F.);
#4333=ORIENTED_EDGE('',*,*,#4332,.F.);
#4335=ORIENTED_EDGE('',*,*,#4334,.F.);
#4337=ORIENTED_EDGE('',*,*,#4336,.F.);
#4339=ORIENTED_EDGE('',*,*,#4338,.F.);
#4341=ORIENTED_EDGE('',*,*,#4340,.F.);
#4342=EDGE_LOOP('',(#4323,#4325,#4327,#4329,#4331,#4333,#4335,#4337,#4339,
#4341));
#4343=FACE_OUTER_BOUND('',#4342,.F.);
#4345=CARTESIAN_POINT('',(-1.7E0,0.E0,0.E0));
#4346=DIRECTION('',(-1.E0,0.E0,0.E0));
#4347=DIRECTION('',(0.E0,-1.E0,0.E0));
#4348=AXIS2_PLACEMENT_3D('',#4345,#4346,#4347);
#4349=PLANE('',#4348);
#4351=ORIENTED_EDGE('',*,*,#4350,.F.);
#4353=ORIENTED_EDGE('',*,*,#4352,.F.);
#4355=ORIENTED_EDGE('',*,*,#4354,.F.);
#4357=ORIENTED_EDGE('',*,*,#4356,.F.);
#4359=ORIENTED_EDGE('',*,*,#4358,.F.);
#4361=ORIENTED_EDGE('',*,*,#4360,.T.);
#4363=ORIENTED_EDGE('',*,*,#4362,.T.);
#4365=ORIENTED_EDGE('',*,*,#4364,.F.);
#4366=EDGE_LOOP('',(#4351,#4353,#4355,#4357,#4359,#4361,#4363,#4365));
#4367=FACE_OUTER_BOUND('',#4366,.F.);
#4369=CARTESIAN_POINT('',(-1.7E0,2.934E0,-4.78E0));
#4370=DIRECTION('',(0.E0,1.E0,0.E0));
#4371=DIRECTION('',(0.E0,0.E0,-1.E0));
#4372=AXIS2_PLACEMENT_3D('',#4369,#4370,#4371);
#4373=PLANE('',#4372);
#4374=ORIENTED_EDGE('',*,*,#4086,.F.);
#4376=ORIENTED_EDGE('',*,*,#4375,.F.);
#4378=ORIENTED_EDGE('',*,*,#4377,.F.);
#4379=ORIENTED_EDGE('',*,*,#4293,.T.);
#4380=EDGE_LOOP('',(#4374,#4376,#4378,#4379));
#4381=FACE_OUTER_BOUND('',#4380,.F.);
#4383=CARTESIAN_POINT('',(-1.3E0,0.E0,0.E0));
#4384=DIRECTION('',(-1.E0,0.E0,0.E0));
#4385=DIRECTION('',(0.E0,-1.E0,0.E0));
#4386=AXIS2_PLACEMENT_3D('',#4383,#4384,#4385);
#4387=PLANE('',#4386);
#4388=ORIENTED_EDGE('',*,*,#4084,.T.);
#4390=ORIENTED_EDGE('',*,*,#4389,.T.);
#4392=ORIENTED_EDGE('',*,*,#4391,.T.);
#4393=ORIENTED_EDGE('',*,*,#4375,.T.);
#4394=EDGE_LOOP('',(#4388,#4390,#4392,#4393));
#4395=FACE_OUTER_BOUND('',#4394,.F.);
#4397=CARTESIAN_POINT('',(-1.3E0,0.E0,0.E0));
#4398=DIRECTION('',(-1.E0,0.E0,0.E0));
#4399=DIRECTION('',(0.E0,-1.E0,0.E0));
#4400=AXIS2_PLACEMENT_3D('',#4397,#4398,#4399);
#4401=PLANE('',#4400);
#4402=ORIENTED_EDGE('',*,*,#4094,.T.);
#4404=ORIENTED_EDGE('',*,*,#4403,.T.);
#4406=ORIENTED_EDGE('',*,*,#4405,.T.);
#4408=ORIENTED_EDGE('',*,*,#4407,.T.);
#4409=EDGE_LOOP('',(#4402,#4404,#4406,#4408));
#4410=FACE_OUTER_BOUND('',#4409,.F.);
#4412=CARTESIAN_POINT('',(-1.3E0,0.E0,0.E0));
#4413=DIRECTION('',(-1.E0,0.E0,0.E0));
#4414=DIRECTION('',(0.E0,-1.E0,0.E0));
#4415=AXIS2_PLACEMENT_3D('',#4412,#4413,#4414);
#4416=PLANE('',#4415);
#4418=ORIENTED_EDGE('',*,*,#4417,.T.);
#4420=ORIENTED_EDGE('',*,*,#4419,.T.);
#4422=ORIENTED_EDGE('',*,*,#4421,.T.);
#4424=ORIENTED_EDGE('',*,*,#4423,.T.);
#4426=ORIENTED_EDGE('',*,*,#4425,.T.);
#4428=ORIENTED_EDGE('',*,*,#4427,.T.);
#4430=ORIENTED_EDGE('',*,*,#4429,.T.);
#4432=ORIENTED_EDGE('',*,*,#4431,.T.);
#4434=ORIENTED_EDGE('',*,*,#4433,.T.);
#4436=ORIENTED_EDGE('',*,*,#4435,.F.);
#4437=EDGE_LOOP('',(#4418,#4420,#4422,#4424,#4426,#4428,#4430,#4432,#4434,
#4436));
#4438=FACE_OUTER_BOUND('',#4437,.F.);
#4440=CARTESIAN_POINT('',(-1.3E0,0.E0,0.E0));
#4441=DIRECTION('',(-1.E0,0.E0,0.E0));
#4442=DIRECTION('',(0.E0,-1.E0,0.E0));
#4443=AXIS2_PLACEMENT_3D('',#4440,#4441,#4442);
#4444=PLANE('',#4443);
#4446=ORIENTED_EDGE('',*,*,#4445,.T.);
#4448=ORIENTED_EDGE('',*,*,#4447,.F.);
#4450=ORIENTED_EDGE('',*,*,#4449,.F.);
#4452=ORIENTED_EDGE('',*,*,#4451,.F.);
#4454=ORIENTED_EDGE('',*,*,#4453,.T.);
#4456=ORIENTED_EDGE('',*,*,#4455,.T.);
#4458=ORIENTED_EDGE('',*,*,#4457,.T.);
#4460=ORIENTED_EDGE('',*,*,#4459,.T.);
#4461=EDGE_LOOP('',(#4446,#4448,#4450,#4452,#4454,#4456,#4458,#4460));
#4462=FACE_OUTER_BOUND('',#4461,.F.);
#4464=CARTESIAN_POINT('',(-1.7E0,2.634E0,-7.28E0));
#4465=DIRECTION('',(0.E0,-1.E0,0.E0));
#4466=DIRECTION('',(0.E0,0.E0,1.E0));
#4467=AXIS2_PLACEMENT_3D('',#4464,#4465,#4466);
#4468=PLANE('',#4467);
#4469=ORIENTED_EDGE('',*,*,#4082,.T.);
#4470=ORIENTED_EDGE('',*,*,#4297,.T.);
#4472=ORIENTED_EDGE('',*,*,#4471,.T.);
#4473=ORIENTED_EDGE('',*,*,#4389,.F.);
#4474=EDGE_LOOP('',(#4469,#4470,#4472,#4473));
#4475=FACE_OUTER_BOUND('',#4474,.F.);
#4477=CARTESIAN_POINT('',(-1.7E0,2.634E0,-4.78E0));
#4478=DIRECTION('',(0.E0,0.E0,1.E0));
#4479=DIRECTION('',(0.E0,1.E0,0.E0));
#4480=AXIS2_PLACEMENT_3D('',#4477,#4478,#4479);
#4481=PLANE('',#4480);
#4482=ORIENTED_EDGE('',*,*,#4295,.T.);
#4483=ORIENTED_EDGE('',*,*,#4377,.T.);
#4484=ORIENTED_EDGE('',*,*,#4391,.F.);
#4485=ORIENTED_EDGE('',*,*,#4471,.F.);
#4486=EDGE_LOOP('',(#4482,#4483,#4484,#4485));
#4487=FACE_OUTER_BOUND('',#4486,.F.);
#4489=CARTESIAN_POINT('',(-1.7E0,-1.356E0,-7.28E0));
#4490=DIRECTION('',(0.E0,-1.E0,0.E0));
#4491=DIRECTION('',(0.E0,0.E0,1.E0));
#4492=AXIS2_PLACEMENT_3D('',#4489,#4490,#4491);
#4493=PLANE('',#4492);
#4494=ORIENTED_EDGE('',*,*,#4092,.T.);
#4495=ORIENTED_EDGE('',*,*,#4312,.T.);
#4497=ORIENTED_EDGE('',*,*,#4496,.T.);
#4498=ORIENTED_EDGE('',*,*,#4403,.F.);
#4499=EDGE_LOOP('',(#4494,#4495,#4497,#4498));
#4500=FACE_OUTER_BOUND('',#4499,.F.);
#4502=CARTESIAN_POINT('',(-1.7E0,-1.356E0,-4.78E0));
#4503=DIRECTION('',(0.E0,0.E0,1.E0));
#4504=DIRECTION('',(0.E0,1.E0,0.E0));
#4505=AXIS2_PLACEMENT_3D('',#4502,#4503,#4504);
#4506=PLANE('',#4505);
#4507=ORIENTED_EDGE('',*,*,#4310,.T.);
#4509=ORIENTED_EDGE('',*,*,#4508,.T.);
#4510=ORIENTED_EDGE('',*,*,#4405,.F.);
#4511=ORIENTED_EDGE('',*,*,#4496,.F.);
#4512=EDGE_LOOP('',(#4507,#4509,#4510,#4511));
#4513=FACE_OUTER_BOUND('',#4512,.F.);
#4515=CARTESIAN_POINT('',(-1.7E0,-1.056E0,-4.78E0));
#4516=DIRECTION('',(0.E0,1.E0,0.E0));
#4517=DIRECTION('',(0.E0,0.E0,-1.E0));
#4518=AXIS2_PLACEMENT_3D('',#4515,#4516,#4517);
#4519=PLANE('',#4518);
#4520=ORIENTED_EDGE('',*,*,#4096,.F.);
#4521=ORIENTED_EDGE('',*,*,#4407,.F.);
#4522=ORIENTED_EDGE('',*,*,#4508,.F.);
#4523=ORIENTED_EDGE('',*,*,#4308,.T.);
#4524=EDGE_LOOP('',(#4520,#4521,#4522,#4523));
#4525=FACE_OUTER_BOUND('',#4524,.F.);
#4527=CARTESIAN_POINT('',(-3.75E0,-3.85E0,-9.6E0));
#4528=DIRECTION('',(0.E0,-1.E0,0.E0));
#4529=DIRECTION('',(0.E0,0.E0,1.E0));
#4530=AXIS2_PLACEMENT_3D('',#4527,#4528,#4529);
#4531=PLANE('',#4530);
#4532=ORIENTED_EDGE('',*,*,#4322,.T.);
#4534=ORIENTED_EDGE('',*,*,#4533,.F.);
#4536=ORIENTED_EDGE('',*,*,#4535,.F.);
#4538=ORIENTED_EDGE('',*,*,#4537,.T.);
#4540=ORIENTED_EDGE('',*,*,#4539,.F.);
#4542=ORIENTED_EDGE('',*,*,#4541,.T.);
#4544=ORIENTED_EDGE('',*,*,#4543,.T.);
#4546=ORIENTED_EDGE('',*,*,#4545,.T.);
#4547=EDGE_LOOP('',(#4532,#4534,#4536,#4538,#4540,#4542,#4544,#4546));
#4548=FACE_OUTER_BOUND('',#4547,.F.);
#4550=CARTESIAN_POINT('',(-3.75E0,-3.85E0,-9.6E0));
#4551=DIRECTION('',(0.E0,-1.E0,0.E0));
#4552=DIRECTION('',(0.E0,0.E0,1.E0));
#4553=AXIS2_PLACEMENT_3D('',#4550,#4551,#4552);
#4554=PLANE('',#4553);
#4556=ORIENTED_EDGE('',*,*,#4555,.T.);
#4558=ORIENTED_EDGE('',*,*,#4557,.F.);
#4559=ORIENTED_EDGE('',*,*,#4417,.F.);
#4561=ORIENTED_EDGE('',*,*,#4560,.T.);
#4562=EDGE_LOOP('',(#4556,#4558,#4559,#4561));
#4563=FACE_OUTER_BOUND('',#4562,.F.);
#4565=CARTESIAN_POINT('',(-3.75E0,-3.85E0,-9.6E0));
#4566=DIRECTION('',(0.E0,-1.E0,0.E0));
#4567=DIRECTION('',(0.E0,0.E0,1.E0));
#4568=AXIS2_PLACEMENT_3D('',#4565,#4566,#4567);
#4569=PLANE('',#4568);
#4571=ORIENTED_EDGE('',*,*,#4570,.T.);
#4573=ORIENTED_EDGE('',*,*,#4572,.F.);
#4575=ORIENTED_EDGE('',*,*,#4574,.F.);
#4577=ORIENTED_EDGE('',*,*,#4576,.T.);
#4578=EDGE_LOOP('',(#4571,#4573,#4575,#4577));
#4579=FACE_OUTER_BOUND('',#4578,.F.);
#4581=CARTESIAN_POINT('',(-3.75E0,-3.85E0,-9.6E0));
#4582=DIRECTION('',(0.E0,-1.E0,0.E0));
#4583=DIRECTION('',(0.E0,0.E0,1.E0));
#4584=AXIS2_PLACEMENT_3D('',#4581,#4582,#4583);
#4585=PLANE('',#4584);
#4587=ORIENTED_EDGE('',*,*,#4586,.F.);
#4589=ORIENTED_EDGE('',*,*,#4588,.T.);
#4591=ORIENTED_EDGE('',*,*,#4590,.F.);
#4593=ORIENTED_EDGE('',*,*,#4592,.T.);
#4595=ORIENTED_EDGE('',*,*,#4594,.F.);
#4597=ORIENTED_EDGE('',*,*,#4596,.F.);
#4599=ORIENTED_EDGE('',*,*,#4598,.F.);
#4601=ORIENTED_EDGE('',*,*,#4600,.F.);
#4602=EDGE_LOOP('',(#4587,#4589,#4591,#4593,#4595,#4597,#4599,#4601));
#4603=FACE_OUTER_BOUND('',#4602,.F.);
#4605=CARTESIAN_POINT('',(-3.75E0,-3.85E0,-9.4E0));
#4606=DIRECTION('',(0.E0,0.E0,1.E0));
#4607=DIRECTION('',(0.E0,1.E0,0.E0));
#4608=AXIS2_PLACEMENT_3D('',#4605,#4606,#4607);
#4609=PLANE('',#4608);
#4611=ORIENTED_EDGE('',*,*,#4610,.T.);
#4613=ORIENTED_EDGE('',*,*,#4612,.F.);
#4615=ORIENTED_EDGE('',*,*,#4614,.F.);
#4616=ORIENTED_EDGE('',*,*,#4600,.T.);
#4618=ORIENTED_EDGE('',*,*,#4617,.T.);
#4620=ORIENTED_EDGE('',*,*,#4619,.F.);
#4622=ORIENTED_EDGE('',*,*,#4621,.F.);
#4624=ORIENTED_EDGE('',*,*,#4623,.T.);
#4626=ORIENTED_EDGE('',*,*,#4625,.T.);
#4628=ORIENTED_EDGE('',*,*,#4627,.F.);
#4630=ORIENTED_EDGE('',*,*,#4629,.F.);
#4632=ORIENTED_EDGE('',*,*,#4631,.T.);
#4634=ORIENTED_EDGE('',*,*,#4633,.T.);
#4636=ORIENTED_EDGE('',*,*,#4635,.F.);
#4637=ORIENTED_EDGE('',*,*,#4445,.F.);
#4639=ORIENTED_EDGE('',*,*,#4638,.T.);
#4640=ORIENTED_EDGE('',*,*,#4350,.T.);
#4642=ORIENTED_EDGE('',*,*,#4641,.F.);
#4644=ORIENTED_EDGE('',*,*,#4643,.T.);
#4645=ORIENTED_EDGE('',*,*,#4533,.T.);
#4646=ORIENTED_EDGE('',*,*,#4340,.T.);
#4648=ORIENTED_EDGE('',*,*,#4647,.F.);
#4649=ORIENTED_EDGE('',*,*,#4419,.F.);
#4650=ORIENTED_EDGE('',*,*,#4557,.T.);
#4652=ORIENTED_EDGE('',*,*,#4651,.T.);
#4654=ORIENTED_EDGE('',*,*,#4653,.F.);
#4656=ORIENTED_EDGE('',*,*,#4655,.F.);
#4657=ORIENTED_EDGE('',*,*,#4572,.T.);
#4658=EDGE_LOOP('',(#4611,#4613,#4615,#4616,#4618,#4620,#4622,#4624,#4626,#4628,
#4630,#4632,#4634,#4636,#4637,#4639,#4640,#4642,#4644,#4645,#4646,#4648,#4649,
#4650,#4652,#4654,#4656,#4657));
#4659=FACE_OUTER_BOUND('',#4658,.F.);
#4661=CARTESIAN_POINT('',(1.3E0,0.E0,0.E0));
#4662=DIRECTION('',(-1.E0,0.E0,0.E0));
#4663=DIRECTION('',(0.E0,-1.E0,0.E0));
#4664=AXIS2_PLACEMENT_3D('',#4661,#4662,#4663);
#4665=PLANE('',#4664);
#4666=ORIENTED_EDGE('',*,*,#4120,.F.);
#4668=ORIENTED_EDGE('',*,*,#4667,.F.);
#4670=ORIENTED_EDGE('',*,*,#4669,.F.);
#4672=ORIENTED_EDGE('',*,*,#4671,.F.);
#4673=EDGE_LOOP('',(#4666,#4668,#4670,#4672));
#4674=FACE_OUTER_BOUND('',#4673,.F.);
#4676=CARTESIAN_POINT('',(1.3E0,0.E0,0.E0));
#4677=DIRECTION('',(-1.E0,0.E0,0.E0));
#4678=DIRECTION('',(0.E0,-1.E0,0.E0));
#4679=AXIS2_PLACEMENT_3D('',#4676,#4677,#4678);
#4680=PLANE('',#4679);
#4681=ORIENTED_EDGE('',*,*,#4130,.F.);
#4683=ORIENTED_EDGE('',*,*,#4682,.F.);
#4685=ORIENTED_EDGE('',*,*,#4684,.F.);
#4687=ORIENTED_EDGE('',*,*,#4686,.F.);
#4688=EDGE_LOOP('',(#4681,#4683,#4685,#4687));
#4689=FACE_OUTER_BOUND('',#4688,.F.);
#4691=CARTESIAN_POINT('',(1.3E0,0.E0,0.E0));
#4692=DIRECTION('',(-1.E0,0.E0,0.E0));
#4693=DIRECTION('',(0.E0,-1.E0,0.E0));
#4694=AXIS2_PLACEMENT_3D('',#4691,#4692,#4693);
#4695=PLANE('',#4694);
#4696=ORIENTED_EDGE('',*,*,#4570,.F.);
#4698=ORIENTED_EDGE('',*,*,#4697,.T.);
#4700=ORIENTED_EDGE('',*,*,#4699,.F.);
#4702=ORIENTED_EDGE('',*,*,#4701,.F.);
#4704=ORIENTED_EDGE('',*,*,#4703,.F.);
#4706=ORIENTED_EDGE('',*,*,#4705,.F.);
#4708=ORIENTED_EDGE('',*,*,#4707,.F.);
#4710=ORIENTED_EDGE('',*,*,#4709,.F.);
#4712=ORIENTED_EDGE('',*,*,#4711,.F.);
#4713=ORIENTED_EDGE('',*,*,#4610,.F.);
#4714=EDGE_LOOP('',(#4696,#4698,#4700,#4702,#4704,#4706,#4708,#4710,#4712,
#4713));
#4715=FACE_OUTER_BOUND('',#4714,.F.);
#4717=CARTESIAN_POINT('',(1.3E0,0.E0,0.E0));
#4718=DIRECTION('',(-1.E0,0.E0,0.E0));
#4719=DIRECTION('',(0.E0,-1.E0,0.E0));
#4720=AXIS2_PLACEMENT_3D('',#4717,#4718,#4719);
#4721=PLANE('',#4720);
#4722=ORIENTED_EDGE('',*,*,#4625,.F.);
#4724=ORIENTED_EDGE('',*,*,#4723,.F.);
#4726=ORIENTED_EDGE('',*,*,#4725,.F.);
#4728=ORIENTED_EDGE('',*,*,#4727,.F.);
#4730=ORIENTED_EDGE('',*,*,#4729,.F.);
#4732=ORIENTED_EDGE('',*,*,#4731,.T.);
#4734=ORIENTED_EDGE('',*,*,#4733,.T.);
#4736=ORIENTED_EDGE('',*,*,#4735,.F.);
#4737=EDGE_LOOP('',(#4722,#4724,#4726,#4728,#4730,#4732,#4734,#4736));
#4738=FACE_OUTER_BOUND('',#4737,.F.);
#4740=CARTESIAN_POINT('',(1.3E0,2.934E0,-4.78E0));
#4741=DIRECTION('',(0.E0,1.E0,0.E0));
#4742=DIRECTION('',(0.E0,0.E0,-1.E0));
#4743=AXIS2_PLACEMENT_3D('',#4740,#4741,#4742);
#4744=PLANE('',#4743);
#4745=ORIENTED_EDGE('',*,*,#4126,.F.);
#4747=ORIENTED_EDGE('',*,*,#4746,.F.);
#4749=ORIENTED_EDGE('',*,*,#4748,.F.);
#4750=ORIENTED_EDGE('',*,*,#4667,.T.);
#4751=EDGE_LOOP('',(#4745,#4747,#4749,#4750));
#4752=FACE_OUTER_BOUND('',#4751,.F.);
#4754=CARTESIAN_POINT('',(1.7E0,0.E0,0.E0));
#4755=DIRECTION('',(-1.E0,0.E0,0.E0));
#4756=DIRECTION('',(0.E0,-1.E0,0.E0));
#4757=AXIS2_PLACEMENT_3D('',#4754,#4755,#4756);
#4758=PLANE('',#4757);
#4759=ORIENTED_EDGE('',*,*,#4124,.T.);
#4761=ORIENTED_EDGE('',*,*,#4760,.T.);
#4763=ORIENTED_EDGE('',*,*,#4762,.T.);
#4764=ORIENTED_EDGE('',*,*,#4746,.T.);
#4765=EDGE_LOOP('',(#4759,#4761,#4763,#4764));
#4766=FACE_OUTER_BOUND('',#4765,.F.);
#4768=CARTESIAN_POINT('',(1.7E0,0.E0,0.E0));
#4769=DIRECTION('',(-1.E0,0.E0,0.E0));
#4770=DIRECTION('',(0.E0,-1.E0,0.E0));
#4771=AXIS2_PLACEMENT_3D('',#4768,#4769,#4770);
#4772=PLANE('',#4771);
#4773=ORIENTED_EDGE('',*,*,#4134,.T.);
#4775=ORIENTED_EDGE('',*,*,#4774,.T.);
#4777=ORIENTED_EDGE('',*,*,#4776,.T.);
#4779=ORIENTED_EDGE('',*,*,#4778,.T.);
#4780=EDGE_LOOP('',(#4773,#4775,#4777,#4779));
#4781=FACE_OUTER_BOUND('',#4780,.F.);
#4783=CARTESIAN_POINT('',(1.7E0,0.E0,0.E0));
#4784=DIRECTION('',(-1.E0,0.E0,0.E0));
#4785=DIRECTION('',(0.E0,-1.E0,0.E0));
#4786=AXIS2_PLACEMENT_3D('',#4783,#4784,#4785);
#4787=PLANE('',#4786);
#4788=ORIENTED_EDGE('',*,*,#4586,.T.);
#4789=ORIENTED_EDGE('',*,*,#4614,.T.);
#4791=ORIENTED_EDGE('',*,*,#4790,.T.);
#4793=ORIENTED_EDGE('',*,*,#4792,.T.);
#4795=ORIENTED_EDGE('',*,*,#4794,.T.);
#4797=ORIENTED_EDGE('',*,*,#4796,.T.);
#4799=ORIENTED_EDGE('',*,*,#4798,.T.);
#4801=ORIENTED_EDGE('',*,*,#4800,.T.);
#4803=ORIENTED_EDGE('',*,*,#4802,.T.);
#4805=ORIENTED_EDGE('',*,*,#4804,.F.);
#4806=EDGE_LOOP('',(#4788,#4789,#4791,#4793,#4795,#4797,#4799,#4801,#4803,
#4805));
#4807=FACE_OUTER_BOUND('',#4806,.F.);
#4809=CARTESIAN_POINT('',(1.7E0,0.E0,0.E0));
#4810=DIRECTION('',(-1.E0,0.E0,0.E0));
#4811=DIRECTION('',(0.E0,-1.E0,0.E0));
#4812=AXIS2_PLACEMENT_3D('',#4809,#4810,#4811);
#4813=PLANE('',#4812);
#4814=ORIENTED_EDGE('',*,*,#4621,.T.);
#4816=ORIENTED_EDGE('',*,*,#4815,.F.);
#4818=ORIENTED_EDGE('',*,*,#4817,.F.);
#4820=ORIENTED_EDGE('',*,*,#4819,.F.);
#4822=ORIENTED_EDGE('',*,*,#4821,.T.);
#4824=ORIENTED_EDGE('',*,*,#4823,.T.);
#4826=ORIENTED_EDGE('',*,*,#4825,.T.);
#4828=ORIENTED_EDGE('',*,*,#4827,.T.);
#4829=EDGE_LOOP('',(#4814,#4816,#4818,#4820,#4822,#4824,#4826,#4828));
#4830=FACE_OUTER_BOUND('',#4829,.F.);
#4832=CARTESIAN_POINT('',(1.3E0,2.634E0,-7.28E0));
#4833=DIRECTION('',(0.E0,-1.E0,0.E0));
#4834=DIRECTION('',(0.E0,0.E0,1.E0));
#4835=AXIS2_PLACEMENT_3D('',#4832,#4833,#4834);
#4836=PLANE('',#4835);
#4837=ORIENTED_EDGE('',*,*,#4122,.T.);
#4838=ORIENTED_EDGE('',*,*,#4671,.T.);
#4840=ORIENTED_EDGE('',*,*,#4839,.T.);
#4841=ORIENTED_EDGE('',*,*,#4760,.F.);
#4842=EDGE_LOOP('',(#4837,#4838,#4840,#4841));
#4843=FACE_OUTER_BOUND('',#4842,.F.);
#4845=CARTESIAN_POINT('',(1.3E0,2.634E0,-4.78E0));
#4846=DIRECTION('',(0.E0,0.E0,1.E0));
#4847=DIRECTION('',(0.E0,1.E0,0.E0));
#4848=AXIS2_PLACEMENT_3D('',#4845,#4846,#4847);
#4849=PLANE('',#4848);
#4850=ORIENTED_EDGE('',*,*,#4669,.T.);
#4851=ORIENTED_EDGE('',*,*,#4748,.T.);
#4852=ORIENTED_EDGE('',*,*,#4762,.F.);
#4853=ORIENTED_EDGE('',*,*,#4839,.F.);
#4854=EDGE_LOOP('',(#4850,#4851,#4852,#4853));
#4855=FACE_OUTER_BOUND('',#4854,.F.);
#4857=CARTESIAN_POINT('',(1.3E0,-1.356E0,-7.28E0));
#4858=DIRECTION('',(0.E0,-1.E0,0.E0));
#4859=DIRECTION('',(0.E0,0.E0,1.E0));
#4860=AXIS2_PLACEMENT_3D('',#4857,#4858,#4859);
#4861=PLANE('',#4860);
#4862=ORIENTED_EDGE('',*,*,#4132,.T.);
#4863=ORIENTED_EDGE('',*,*,#4686,.T.);
#4865=ORIENTED_EDGE('',*,*,#4864,.T.);
#4866=ORIENTED_EDGE('',*,*,#4774,.F.);
#4867=EDGE_LOOP('',(#4862,#4863,#4865,#4866));
#4868=FACE_OUTER_BOUND('',#4867,.F.);
#4870=CARTESIAN_POINT('',(1.3E0,-1.356E0,-4.78E0));
#4871=DIRECTION('',(0.E0,0.E0,1.E0));
#4872=DIRECTION('',(0.E0,1.E0,0.E0));
#4873=AXIS2_PLACEMENT_3D('',#4870,#4871,#4872);
#4874=PLANE('',#4873);
#4875=ORIENTED_EDGE('',*,*,#4684,.T.);
#4877=ORIENTED_EDGE('',*,*,#4876,.T.);
#4878=ORIENTED_EDGE('',*,*,#4776,.F.);
#4879=ORIENTED_EDGE('',*,*,#4864,.F.);
#4880=EDGE_LOOP('',(#4875,#4877,#4878,#4879));
#4881=FACE_OUTER_BOUND('',#4880,.F.);
#4883=CARTESIAN_POINT('',(1.3E0,-1.056E0,-4.78E0));
#4884=DIRECTION('',(0.E0,1.E0,0.E0));
#4885=DIRECTION('',(0.E0,0.E0,-1.E0));
#4886=AXIS2_PLACEMENT_3D('',#4883,#4884,#4885);
#4887=PLANE('',#4886);
#4888=ORIENTED_EDGE('',*,*,#4136,.F.);
#4889=ORIENTED_EDGE('',*,*,#4778,.F.);
#4890=ORIENTED_EDGE('',*,*,#4876,.F.);
#4891=ORIENTED_EDGE('',*,*,#4682,.T.);
#4892=EDGE_LOOP('',(#4888,#4889,#4890,#4891));
#4893=FACE_OUTER_BOUND('',#4892,.F.);
#4895=CARTESIAN_POINT('',(1.3E0,-1.505722013476E0,-9.200123166788E0));
#4896=DIRECTION('',(-1.E0,0.E0,0.E0));
#4897=DIRECTION('',(0.E0,-1.E0,0.E0));
#4898=AXIS2_PLACEMENT_3D('',#4895,#4896,#4897);
#4899=CYLINDRICAL_SURFACE('',#4898,4.3E-1);
#4900=ORIENTED_EDGE('',*,*,#4612,.T.);
#4901=ORIENTED_EDGE('',*,*,#4711,.T.);
#4903=ORIENTED_EDGE('',*,*,#4902,.T.);
#4904=ORIENTED_EDGE('',*,*,#4790,.F.);
#4905=EDGE_LOOP('',(#4900,#4901,#4903,#4904));
#4906=FACE_OUTER_BOUND('',#4905,.F.);
#4908=CARTESIAN_POINT('',(1.3E0,-1.498217478708E0,-9.630057675705E0));
#4909=DIRECTION('',(0.E0,1.745240643728E-2,-9.998476951564E-1));
#4910=DIRECTION('',(0.E0,-9.998476951564E-1,-1.745240643728E-2));
#4911=AXIS2_PLACEMENT_3D('',#4908,#4909,#4910);
#4912=PLANE('',#4911);
#4913=ORIENTED_EDGE('',*,*,#4709,.T.);
#4915=ORIENTED_EDGE('',*,*,#4914,.T.);
#4916=ORIENTED_EDGE('',*,*,#4792,.F.);
#4917=ORIENTED_EDGE('',*,*,#4902,.F.);
#4918=EDGE_LOOP('',(#4913,#4915,#4916,#4917));
#4919=FACE_OUTER_BOUND('',#4918,.F.);
#4921=CARTESIAN_POINT('',(1.3E0,-5.803462374326E0,-9.705206004890E0));
#4922=DIRECTION('',(0.E0,-9.998476951564E-1,-1.745240643728E-2));
#4923=DIRECTION('',(0.E0,-1.745240643728E-2,9.998476951564E-1));
#4924=AXIS2_PLACEMENT_3D('',#4921,#4922,#4923);
#4925=PLANE('',#4924);
#4926=ORIENTED_EDGE('',*,*,#4707,.T.);
#4928=ORIENTED_EDGE('',*,*,#4927,.T.);
#4929=ORIENTED_EDGE('',*,*,#4794,.F.);
#4930=ORIENTED_EDGE('',*,*,#4914,.F.);
#4931=EDGE_LOOP('',(#4926,#4928,#4929,#4930));
#4932=FACE_OUTER_BOUND('',#4931,.F.);
#4934=CARTESIAN_POINT('',(1.3E0,-5.808E0,-9.445245604149E0));
#4935=DIRECTION('',(0.E0,-1.745240643728E-2,9.998476951564E-1));
#4936=DIRECTION('',(0.E0,9.998476951564E-1,1.745240643728E-2));
#4937=AXIS2_PLACEMENT_3D('',#4934,#4935,#4936);
#4938=PLANE('',#4937);
#4939=ORIENTED_EDGE('',*,*,#4705,.T.);
#4941=ORIENTED_EDGE('',*,*,#4940,.T.);
#4942=ORIENTED_EDGE('',*,*,#4796,.F.);
#4943=ORIENTED_EDGE('',*,*,#4927,.F.);
#4944=EDGE_LOOP('',(#4939,#4941,#4942,#4943));
#4945=FACE_OUTER_BOUND('',#4944,.F.);
#4947=CARTESIAN_POINT('',(1.3E0,-4.82E0,-9.428E0));
#4948=DIRECTION('',(0.E0,-1.E0,0.E0));
#4949=DIRECTION('',(0.E0,0.E0,1.E0));
#4950=AXIS2_PLACEMENT_3D('',#4947,#4948,#4949);
#4951=PLANE('',#4950);
#4952=ORIENTED_EDGE('',*,*,#4703,.T.);
#4954=ORIENTED_EDGE('',*,*,#4953,.T.);
#4955=ORIENTED_EDGE('',*,*,#4798,.F.);
#4956=ORIENTED_EDGE('',*,*,#4940,.F.);
#4957=EDGE_LOOP('',(#4952,#4954,#4955,#4956));
#4958=FACE_OUTER_BOUND('',#4957,.F.);
#4960=CARTESIAN_POINT('',(1.3E0,-4.82E0,-9.4E0));
#4961=DIRECTION('',(0.E0,0.E0,1.E0));
#4962=DIRECTION('',(0.E0,1.E0,0.E0));
#4963=AXIS2_PLACEMENT_3D('',#4960,#4961,#4962);
#4964=PLANE('',#4963);
#4966=ORIENTED_EDGE('',*,*,#4965,.T.);
#4967=ORIENTED_EDGE('',*,*,#4800,.F.);
#4968=ORIENTED_EDGE('',*,*,#4953,.F.);
#4969=ORIENTED_EDGE('',*,*,#4701,.T.);
#4970=EDGE_LOOP('',(#4966,#4967,#4968,#4969));
#4971=FACE_OUTER_BOUND('',#4970,.F.);
#4973=CARTESIAN_POINT('',(-1.3527E1,-4.620651081377E0,-9.35E0));
#4974=DIRECTION('',(1.E0,0.E0,0.E0));
#4975=DIRECTION('',(0.E0,-9.999945016606E-1,-3.316119501058E-3));
#4976=AXIS2_PLACEMENT_3D('',#4973,#4974,#4975);
#4977=CYLINDRICAL_SURFACE('',#4976,2.E-1);
#4978=ORIENTED_EDGE('',*,*,#4699,.T.);
#4980=ORIENTED_EDGE('',*,*,#4979,.F.);
#4982=ORIENTED_EDGE('',*,*,#4981,.F.);
#4984=ORIENTED_EDGE('',*,*,#4983,.F.);
#4986=ORIENTED_EDGE('',*,*,#4985,.T.);
#4988=ORIENTED_EDGE('',*,*,#4987,.F.);
#4989=ORIENTED_EDGE('',*,*,#4433,.F.);
#4991=ORIENTED_EDGE('',*,*,#4990,.F.);
#4992=ORIENTED_EDGE('',*,*,#4326,.T.);
#4994=ORIENTED_EDGE('',*,*,#4993,.F.);
#4996=ORIENTED_EDGE('',*,*,#4995,.T.);
#4998=ORIENTED_EDGE('',*,*,#4997,.T.);
#5000=ORIENTED_EDGE('',*,*,#4999,.T.);
#5002=ORIENTED_EDGE('',*,*,#5001,.F.);
#5003=ORIENTED_EDGE('',*,*,#4802,.F.);
#5004=ORIENTED_EDGE('',*,*,#4965,.F.);
#5005=EDGE_LOOP('',(#4978,#4980,#4982,#4984,#4986,#4988,#4989,#4991,#4992,#4994,
#4996,#4998,#5000,#5002,#5003,#5004));
#5006=FACE_OUTER_BOUND('',#5005,.F.);
#5008=CARTESIAN_POINT('',(-3.75E0,0.E0,-9.55E0));
#5009=DIRECTION('',(0.E0,0.E0,-1.E0));
#5010=DIRECTION('',(1.E0,0.E0,0.E0));
#5011=AXIS2_PLACEMENT_3D('',#5008,#5009,#5010);
#5012=PLANE('',#5011);
#5013=ORIENTED_EDGE('',*,*,#4362,.F.);
#5015=ORIENTED_EDGE('',*,*,#5014,.T.);
#5017=ORIENTED_EDGE('',*,*,#5016,.F.);
#5019=ORIENTED_EDGE('',*,*,#5018,.F.);
#5021=ORIENTED_EDGE('',*,*,#5020,.F.);
#5023=ORIENTED_EDGE('',*,*,#5022,.T.);
#5024=EDGE_LOOP('',(#5013,#5015,#5017,#5019,#5021,#5023));
#5025=FACE_OUTER_BOUND('',#5024,.F.);
#5027=CARTESIAN_POINT('',(-3.75E0,0.E0,-9.55E0));
#5028=DIRECTION('',(0.E0,0.E0,-1.E0));
#5029=DIRECTION('',(1.E0,0.E0,0.E0));
#5030=AXIS2_PLACEMENT_3D('',#5027,#5028,#5029);
#5031=PLANE('',#5030);
#5032=ORIENTED_EDGE('',*,*,#4324,.F.);
#5033=ORIENTED_EDGE('',*,*,#4545,.F.);
#5035=ORIENTED_EDGE('',*,*,#5034,.F.);
#5037=ORIENTED_EDGE('',*,*,#5036,.F.);
#5039=ORIENTED_EDGE('',*,*,#5038,.F.);
#5040=ORIENTED_EDGE('',*,*,#4993,.T.);
#5041=EDGE_LOOP('',(#5032,#5033,#5035,#5037,#5039,#5040));
#5042=FACE_OUTER_BOUND('',#5041,.F.);
#5044=CARTESIAN_POINT('',(-3.75E0,0.E0,-9.55E0));
#5045=DIRECTION('',(0.E0,0.E0,-1.E0));
#5046=DIRECTION('',(1.E0,0.E0,0.E0));
#5047=AXIS2_PLACEMENT_3D('',#5044,#5045,#5046);
#5048=PLANE('',#5047);
#5050=ORIENTED_EDGE('',*,*,#5049,.F.);
#5052=ORIENTED_EDGE('',*,*,#5051,.T.);
#5053=ORIENTED_EDGE('',*,*,#4449,.T.);
#5055=ORIENTED_EDGE('',*,*,#5054,.T.);
#5056=EDGE_LOOP('',(#5050,#5052,#5053,#5055));
#5057=FACE_OUTER_BOUND('',#5056,.F.);
#5059=CARTESIAN_POINT('',(-3.75E0,0.E0,-9.55E0));
#5060=DIRECTION('',(0.E0,0.E0,-1.E0));
#5061=DIRECTION('',(1.E0,0.E0,0.E0));
#5062=AXIS2_PLACEMENT_3D('',#5059,#5060,#5061);
#5063=PLANE('',#5062);
#5065=ORIENTED_EDGE('',*,*,#5064,.F.);
#5066=ORIENTED_EDGE('',*,*,#4560,.F.);
#5067=ORIENTED_EDGE('',*,*,#4435,.T.);
#5068=ORIENTED_EDGE('',*,*,#4987,.T.);
#5069=EDGE_LOOP('',(#5065,#5066,#5067,#5068));
#5070=FACE_OUTER_BOUND('',#5069,.F.);
#5072=CARTESIAN_POINT('',(-3.75E0,0.E0,-9.55E0));
#5073=DIRECTION('',(0.E0,0.E0,-1.E0));
#5074=DIRECTION('',(1.E0,0.E0,0.E0));
#5075=AXIS2_PLACEMENT_3D('',#5072,#5073,#5074);
#5076=PLANE('',#5075);
#5077=ORIENTED_EDGE('',*,*,#4733,.F.);
#5079=ORIENTED_EDGE('',*,*,#5078,.T.);
#5081=ORIENTED_EDGE('',*,*,#5080,.T.);
#5083=ORIENTED_EDGE('',*,*,#5082,.T.);
#5084=EDGE_LOOP('',(#5077,#5079,#5081,#5083));
#5085=FACE_OUTER_BOUND('',#5084,.F.);
#5087=CARTESIAN_POINT('',(-3.75E0,0.E0,-9.55E0));
#5088=DIRECTION('',(0.E0,0.E0,-1.E0));
#5089=DIRECTION('',(1.E0,0.E0,0.E0));
#5090=AXIS2_PLACEMENT_3D('',#5087,#5088,#5089);
#5091=PLANE('',#5090);
#5092=ORIENTED_EDGE('',*,*,#4697,.F.);
#5093=ORIENTED_EDGE('',*,*,#4576,.F.);
#5095=ORIENTED_EDGE('',*,*,#5094,.T.);
#5096=ORIENTED_EDGE('',*,*,#4979,.T.);
#5097=EDGE_LOOP('',(#5092,#5093,#5095,#5096));
#5098=FACE_OUTER_BOUND('',#5097,.F.);
#5100=CARTESIAN_POINT('',(-3.75E0,0.E0,-9.55E0));
#5101=DIRECTION('',(0.E0,0.E0,-1.E0));
#5102=DIRECTION('',(1.E0,0.E0,0.E0));
#5103=AXIS2_PLACEMENT_3D('',#5100,#5101,#5102);
#5104=PLANE('',#5103);
#5105=ORIENTED_EDGE('',*,*,#4817,.T.);
#5107=ORIENTED_EDGE('',*,*,#5106,.T.);
#5109=ORIENTED_EDGE('',*,*,#5108,.F.);
#5111=ORIENTED_EDGE('',*,*,#5110,.F.);
#5113=ORIENTED_EDGE('',*,*,#5112,.F.);
#5115=ORIENTED_EDGE('',*,*,#5114,.T.);
#5116=EDGE_LOOP('',(#5105,#5107,#5109,#5111,#5113,#5115));
#5117=FACE_OUTER_BOUND('',#5116,.F.);
#5119=CARTESIAN_POINT('',(-3.75E0,0.E0,-9.55E0));
#5120=DIRECTION('',(0.E0,0.E0,-1.E0));
#5121=DIRECTION('',(1.E0,0.E0,0.E0));
#5122=AXIS2_PLACEMENT_3D('',#5119,#5120,#5121);
#5123=PLANE('',#5122);
#5124=ORIENTED_EDGE('',*,*,#4804,.T.);
#5125=ORIENTED_EDGE('',*,*,#5001,.T.);
#5127=ORIENTED_EDGE('',*,*,#5126,.F.);
#5129=ORIENTED_EDGE('',*,*,#5128,.F.);
#5131=ORIENTED_EDGE('',*,*,#5130,.F.);
#5132=ORIENTED_EDGE('',*,*,#4588,.F.);
#5133=EDGE_LOOP('',(#5124,#5125,#5127,#5129,#5131,#5132));
#5134=FACE_OUTER_BOUND('',#5133,.F.);
#5136=CARTESIAN_POINT('',(1.3527E1,4.620651081377E0,-9.35E0));
#5137=DIRECTION('',(-1.E0,0.E0,0.E0));
#5138=DIRECTION('',(0.E0,9.999945016606E-1,-3.316119501058E-3));
#5139=AXIS2_PLACEMENT_3D('',#5136,#5137,#5138);
#5140=CYLINDRICAL_SURFACE('',#5139,2.E-1);
#5141=ORIENTED_EDGE('',*,*,#4731,.F.);
#5143=ORIENTED_EDGE('',*,*,#5142,.F.);
#5144=ORIENTED_EDGE('',*,*,#4819,.T.);
#5145=ORIENTED_EDGE('',*,*,#5114,.F.);
#5147=ORIENTED_EDGE('',*,*,#5146,.T.);
#5149=ORIENTED_EDGE('',*,*,#5148,.T.);
#5151=ORIENTED_EDGE('',*,*,#5150,.T.);
#5152=ORIENTED_EDGE('',*,*,#5014,.F.);
#5153=ORIENTED_EDGE('',*,*,#4360,.F.);
#5155=ORIENTED_EDGE('',*,*,#5154,.F.);
#5156=ORIENTED_EDGE('',*,*,#4451,.T.);
#5157=ORIENTED_EDGE('',*,*,#5051,.F.);
#5159=ORIENTED_EDGE('',*,*,#5158,.F.);
#5161=ORIENTED_EDGE('',*,*,#5160,.F.);
#5163=ORIENTED_EDGE('',*,*,#5162,.T.);
#5164=ORIENTED_EDGE('',*,*,#5078,.F.);
#5165=EDGE_LOOP('',(#5141,#5143,#5144,#5145,#5147,#5149,#5151,#5152,#5153,#5155,
#5156,#5157,#5159,#5161,#5163,#5164));
#5166=FACE_OUTER_BOUND('',#5165,.F.);
#5168=CARTESIAN_POINT('',(1.3E0,3.85E0,-9.413E0));
#5169=DIRECTION('',(0.E0,1.745240643728E-2,9.998476951564E-1));
#5170=DIRECTION('',(0.E0,9.998476951564E-1,-1.745240643728E-2));
#5171=AXIS2_PLACEMENT_3D('',#5168,#5169,#5170);
#5172=PLANE('',#5171);
#5173=ORIENTED_EDGE('',*,*,#5142,.T.);
#5174=ORIENTED_EDGE('',*,*,#4729,.T.);
#5176=ORIENTED_EDGE('',*,*,#5175,.T.);
#5177=ORIENTED_EDGE('',*,*,#4821,.F.);
#5178=EDGE_LOOP('',(#5173,#5174,#5176,#5177));
#5179=FACE_OUTER_BOUND('',#5178,.F.);
#5181=CARTESIAN_POINT('',(1.3E0,5.606E0,-9.443651094014E0));
#5182=DIRECTION('',(0.E0,9.998476951564E-1,-1.745240643728E-2));
#5183=DIRECTION('',(0.E0,-1.745240643728E-2,-9.998476951564E-1));
#5184=AXIS2_PLACEMENT_3D('',#5181,#5182,#5183);
#5185=PLANE('',#5184);
#5186=ORIENTED_EDGE('',*,*,#4727,.T.);
#5188=ORIENTED_EDGE('',*,*,#5187,.T.);
#5189=ORIENTED_EDGE('',*,*,#4823,.F.);
#5190=ORIENTED_EDGE('',*,*,#5175,.F.);
#5191=EDGE_LOOP('',(#5186,#5188,#5189,#5190));
#5192=FACE_OUTER_BOUND('',#5191,.F.);
#5194=CARTESIAN_POINT('',(1.3E0,5.601462374326E0,-9.703611494755E0));
#5195=DIRECTION('',(0.E0,-1.745240643728E-2,-9.998476951564E-1));
#5196=DIRECTION('',(0.E0,-9.998476951564E-1,1.745240643728E-2));
#5197=AXIS2_PLACEMENT_3D('',#5194,#5195,#5196);
#5198=PLANE('',#5197);
#5199=ORIENTED_EDGE('',*,*,#4725,.T.);
#5201=ORIENTED_EDGE('',*,*,#5200,.T.);
#5202=ORIENTED_EDGE('',*,*,#4825,.F.);
#5203=ORIENTED_EDGE('',*,*,#5187,.F.);
#5204=EDGE_LOOP('',(#5199,#5201,#5202,#5203));
#5205=FACE_OUTER_BOUND('',#5204,.F.);
#5207=CARTESIAN_POINT('',(1.3E0,3.083795931092E0,-9.229599962461E0));
#5208=DIRECTION('',(-1.E0,0.E0,0.E0));
#5209=DIRECTION('',(0.E0,-1.E0,0.E0));
#5210=AXIS2_PLACEMENT_3D('',#5207,#5208,#5209);
#5211=CYLINDRICAL_SURFACE('',#5210,4.3E-1);
#5212=ORIENTED_EDGE('',*,*,#4623,.F.);
#5213=ORIENTED_EDGE('',*,*,#4827,.F.);
#5214=ORIENTED_EDGE('',*,*,#5200,.F.);
#5215=ORIENTED_EDGE('',*,*,#4723,.T.);
#5216=EDGE_LOOP('',(#5212,#5213,#5214,#5215));
#5217=FACE_OUTER_BOUND('',#5216,.F.);
#5219=CARTESIAN_POINT('',(1.85E0,4.85E0,-9.6E0));
#5220=DIRECTION('',(1.E0,0.E0,0.E0));
#5221=DIRECTION('',(0.E0,-1.E0,0.E0));
#5222=AXIS2_PLACEMENT_3D('',#5219,#5220,#5221);
#5223=PLANE('',#5222);
#5225=ORIENTED_EDGE('',*,*,#5224,.T.);
#5227=ORIENTED_EDGE('',*,*,#5226,.T.);
#5228=ORIENTED_EDGE('',*,*,#5146,.F.);
#5229=ORIENTED_EDGE('',*,*,#5112,.T.);
#5231=ORIENTED_EDGE('',*,*,#5230,.F.);
#5233=ORIENTED_EDGE('',*,*,#5232,.F.);
#5234=EDGE_LOOP('',(#5225,#5227,#5228,#5229,#5231,#5233));
#5235=FACE_OUTER_BOUND('',#5234,.F.);
#5237=CARTESIAN_POINT('',(1.3527E1,4.620485274491E0,-9.4E0));
#5238=DIRECTION('',(-1.E0,0.E0,0.E0));
#5239=DIRECTION('',(0.E0,9.999945016606E-1,-3.316119501058E-3));
#5240=AXIS2_PLACEMENT_3D('',#5237,#5238,#5239);
#5241=CYLINDRICAL_SURFACE('',#5240,2.E-1);
#5243=ORIENTED_EDGE('',*,*,#5242,.F.);
#5245=ORIENTED_EDGE('',*,*,#5244,.T.);
#5246=ORIENTED_EDGE('',*,*,#5224,.F.);
#5248=ORIENTED_EDGE('',*,*,#5247,.F.);
#5249=EDGE_LOOP('',(#5243,#5245,#5246,#5248));
#5250=FACE_OUTER_BOUND('',#5249,.F.);
#5252=CARTESIAN_POINT('',(3.720063447651E0,4.310481910434E0,-9.388668815852E0));
#5253=CARTESIAN_POINT('',(3.720130597247E0,4.313815717317E0,-9.388668815852E0));
#5254=CARTESIAN_POINT('',(3.720492196422E0,4.349811008941E0,-9.388668815852E0));
#5255=CARTESIAN_POINT('',(3.713721873663E0,4.418618916166E0,-9.388668815852E0));
#5256=CARTESIAN_POINT('',(3.685101721030E0,4.512939501274E0,-9.388668815852E0));
#5257=CARTESIAN_POINT('',(3.638628718425E0,4.599887681894E0,-9.388668815852E0));
#5258=CARTESIAN_POINT('',(3.576089631300E0,4.676088285192E0,-9.388668815852E0));
#5259=CARTESIAN_POINT('',(3.499889137845E0,4.738627776939E0,-9.388668815852E0));
#5260=CARTESIAN_POINT('',(3.412940525730E0,4.785101355357E0,-9.388668815852E0));
#5261=CARTESIAN_POINT('',(3.318619393865E0,4.813721822145E0,-9.388668815852E0));
#5262=CARTESIAN_POINT('',(3.249812447822E0,4.820492060138E0,-9.388668815852E0));
#5263=CARTESIAN_POINT('',(3.213818491637E0,4.820130625106E0,-9.388668815852E0));
#5264=CARTESIAN_POINT('',(3.210486070107E0,4.820063531410E0,-9.388668815852E0));
#5265=CARTESIAN_POINT('',(3.727330924751E0,4.310336365130E0,-9.516762602096E0));
#5266=CARTESIAN_POINT('',(3.727399053820E0,4.313718669707E0,-9.516762602096E0));
#5267=CARTESIAN_POINT('',(3.727765937556E0,4.350237593364E0,-9.516762602096E0));
#5268=CARTESIAN_POINT('',(3.720897096763E0,4.420046462437E0,-9.516762602096E0));
#5269=CARTESIAN_POINT('',(3.691860610172E0,4.515739155817E0,-9.516762602096E0));
#5270=CARTESIAN_POINT('',(3.644711547349E0,4.603952198796E0,-9.516762602096E0));
#5271=CARTESIAN_POINT('',(3.581262683917E0,4.681261318227E0,-9.516762602096E0));
#5272=CARTESIAN_POINT('',(3.503953675927E0,4.744710592167E0,-9.516762602096E0));
#5273=CARTESIAN_POINT('',(3.415740195176E0,4.791860239180E0,-9.516762602096E0));
#5274=CARTESIAN_POINT('',(3.320046947086E0,4.820897044495E0,-9.516762602096E0));
#5275=CARTESIAN_POINT('',(3.250239053176E0,4.827765799288E0,-9.516762602096E0));
#5276=CARTESIAN_POINT('',(3.213721484386E0,4.827399082086E0,-9.516762602096E0));
#5277=CARTESIAN_POINT('',(3.210340585314E0,4.827331009733E0,-9.516762602096E0));
#5278=CARTESIAN_POINT('',(3.636477298260E0,4.312155884968E0,-9.607333760588E0));
#5279=CARTESIAN_POINT('',(3.636533182553E0,4.314931900538E0,-9.607333760588E0));
#5280=CARTESIAN_POINT('',(3.636834001882E0,4.344904691551E0,-9.607333760588E0));
#5281=CARTESIAN_POINT('',(3.631196774289E0,4.402200137777E0,-9.607333760588E0));
#5282=CARTESIAN_POINT('',(3.607365044353E0,4.480739559033E0,-9.607333760588E0));
#5283=CARTESIAN_POINT('',(3.568667679654E0,4.553140053761E0,-9.607333760588E0));
#5284=CARTESIAN_POINT('',(3.516592292279E0,4.616591171395E0,-9.607333760588E0));
#5285=CARTESIAN_POINT('',(3.453141266111E0,4.668666895692E0,-9.607333760588E0));
#5286=CARTESIAN_POINT('',(3.380740412083E0,4.707364739864E0,-9.607333760588E0));
#5287=CARTESIAN_POINT('',(3.302200535551E0,4.731196731386E0,-9.607333760588E0));
#5288=CARTESIAN_POINT('',(3.244905889690E0,4.736833888420E0,-9.607333760588E0));
#5289=CARTESIAN_POINT('',(3.214934210677E0,4.736533205726E0,-9.607333760588E0));
#5290=CARTESIAN_POINT('',(3.212159348670E0,4.736477367963E0,-9.607333760588E0));
#5291=CARTESIAN_POINT('',(3.508434219540E0,4.314720195616E0,-9.599640079203E0));
#5292=CARTESIAN_POINT('',(3.508472846857E0,4.316641747649E0,-9.599640079203E0));
#5293=CARTESIAN_POINT('',(3.508680559389E0,4.337388853241E0,-9.599640079203E0));
#5294=CARTESIAN_POINT('',(3.504779085802E0,4.377048710789E0,-9.599640079203E0));
#5295=CARTESIAN_POINT('',(3.488282594884E0,4.431413447359E0,-9.599640079203E0));
#5296=CARTESIAN_POINT('',(3.461496493280E0,4.481528784758E0,-9.599640079203E0));
#5297=CARTESIAN_POINT('',(3.425450129141E0,4.525449353270E0,-9.599640079203E0));
#5298=CARTESIAN_POINT('',(3.381529623941E0,4.561495950624E0,-9.599640079203E0));
#5299=CARTESIAN_POINT('',(3.331414037837E0,4.588282384120E0,-9.599640079203E0));
#5300=CARTESIAN_POINT('',(3.277048986126E0,4.604779056095E0,-9.599640079203E0));
#5301=CARTESIAN_POINT('',(3.237389682594E0,4.608680480888E0,-9.599640079203E0));
#5302=CARTESIAN_POINT('',(3.216643346722E0,4.608472862852E0,-9.599640079203E0));
#5303=CARTESIAN_POINT('',(3.214722593183E0,4.608434267710E0,-9.599640079203E0));
#5304=(BOUNDED_SURFACE()B_SPLINE_SURFACE(3,3,((#5252,#5253,#5254,#5255,#5256,
#5257,#5258,#5259,#5260,#5261,#5262,#5263,#5264),(#5265,#5266,#5267,#5268,#5269,
#5270,#5271,#5272,#5273,#5274,#5275,#5276,#5277),(#5278,#5279,#5280,#5281,#5282,
#5283,#5284,#5285,#5286,#5287,#5288,#5289,#5290),(#5291,#5292,#5293,#5294,#5295,
#5296,#5297,#5298,#5299,#5300,#5301,#5302,#5303)),.UNSPECIFIED.,.F.,.F.,.F.)B_SPLINE_SURFACE_WITH_KNOTS((4,4),(4,1,1,1,1,1,1,1,1,1,4),(0.E0,1.E0),(
-1.276569933986E-2,0.E0,1.250062942697E-1,2.500084108835E-1,3.750125683705E-1,
4.999986769935E-1,6.249851560085E-1,7.499899501363E-1,8.749935183050E-1,1.E0,
1.012760390118E0),.UNSPECIFIED.)GEOMETRIC_REPRESENTATION_ITEM()RATIONAL_B_SPLINE_SURFACE(((1.201438363976E0,1.201438363976E0,1.201438363976E0,1.201438363976E0,
1.201438363976E0,1.201438363976E0,1.201438363976E0,1.201438363976E0,
1.201438363976E0,1.201438363976E0,1.201438363976E0,1.201438363976E0,
1.201438363976E0),(9.328538786747E-1,9.328538786747E-1,9.328538786747E-1,
9.328538786747E-1,9.328538786747E-1,9.328538786747E-1,9.328538786747E-1,
9.328538786747E-1,9.328538786747E-1,9.328538786747E-1,9.328538786747E-1,
9.328538786747E-1,9.328538786747E-1),(9.328538786747E-1,9.328538786747E-1,
9.328538786747E-1,9.328538786747E-1,9.328538786747E-1,9.328538786747E-1,
9.328538786747E-1,9.328538786747E-1,9.328538786747E-1,9.328538786747E-1,
9.328538786747E-1,9.328538786747E-1,9.328538786747E-1),(1.201438363976E0,
1.201438363976E0,1.201438363976E0,1.201438363976E0,1.201438363976E0,
1.201438363976E0,1.201438363976E0,1.201438363976E0,1.201438363976E0,
1.201438363976E0,1.201438363976E0,1.201438363976E0,1.201438363976E0)))REPRESENTATION_ITEM('')SURFACE());
#5305=ORIENTED_EDGE('',*,*,#5242,.T.);
#5307=ORIENTED_EDGE('',*,*,#5306,.T.);
#5309=ORIENTED_EDGE('',*,*,#5308,.F.);
#5311=ORIENTED_EDGE('',*,*,#5310,.F.);
#5312=EDGE_LOOP('',(#5305,#5307,#5309,#5311));
#5313=FACE_OUTER_BOUND('',#5312,.F.);
#5315=CARTESIAN_POINT('',(-3.75E0,-4.819823146618E0,-9.6E0));
#5316=DIRECTION('',(0.E0,0.E0,-1.E0));
#5317=DIRECTION('',(0.E0,1.E0,0.E0));
#5318=AXIS2_PLACEMENT_3D('',#5315,#5316,#5317);
#5319=PLANE('',#5318);
#5321=ORIENTED_EDGE('',*,*,#5320,.F.);
#5323=ORIENTED_EDGE('',*,*,#5322,.F.);
#5325=ORIENTED_EDGE('',*,*,#5324,.T.);
#5327=ORIENTED_EDGE('',*,*,#5326,.T.);
#5329=ORIENTED_EDGE('',*,*,#5328,.T.);
#5330=ORIENTED_EDGE('',*,*,#4541,.F.);
#5332=ORIENTED_EDGE('',*,*,#5331,.F.);
#5333=EDGE_LOOP('',(#5321,#5323,#5325,#5327,#5329,#5330,#5332));
#5334=FACE_OUTER_BOUND('',#5333,.F.);
#5336=CARTESIAN_POINT('',(-3.75E0,-4.819823146618E0,-9.6E0));
#5337=DIRECTION('',(0.E0,0.E0,-1.E0));
#5338=DIRECTION('',(0.E0,1.E0,0.E0));
#5339=AXIS2_PLACEMENT_3D('',#5336,#5337,#5338);
#5340=PLANE('',#5339);
#5342=ORIENTED_EDGE('',*,*,#5341,.F.);
#5344=ORIENTED_EDGE('',*,*,#5343,.F.);
#5346=ORIENTED_EDGE('',*,*,#5345,.T.);
#5348=ORIENTED_EDGE('',*,*,#5347,.T.);
#5350=ORIENTED_EDGE('',*,*,#5349,.T.);
#5352=ORIENTED_EDGE('',*,*,#5351,.F.);
#5354=ORIENTED_EDGE('',*,*,#5353,.T.);
#5355=EDGE_LOOP('',(#5342,#5344,#5346,#5348,#5350,#5352,#5354));
#5356=FACE_OUTER_BOUND('',#5355,.F.);
#5358=CARTESIAN_POINT('',(-3.75E0,-4.819823146618E0,-9.6E0));
#5359=DIRECTION('',(0.E0,0.E0,-1.E0));
#5360=DIRECTION('',(0.E0,1.E0,0.E0));
#5361=AXIS2_PLACEMENT_3D('',#5358,#5359,#5360);
#5362=PLANE('',#5361);
#5363=ORIENTED_EDGE('',*,*,#5306,.F.);
#5364=ORIENTED_EDGE('',*,*,#5247,.T.);
#5365=ORIENTED_EDGE('',*,*,#5232,.T.);
#5367=ORIENTED_EDGE('',*,*,#5366,.T.);
#5369=ORIENTED_EDGE('',*,*,#5368,.T.);
#5371=ORIENTED_EDGE('',*,*,#5370,.T.);
#5373=ORIENTED_EDGE('',*,*,#5372,.F.);
#5374=EDGE_LOOP('',(#5363,#5364,#5365,#5367,#5369,#5371,#5373));
#5375=FACE_OUTER_BOUND('',#5374,.F.);
#5377=CARTESIAN_POINT('',(-3.75E0,-4.819823146618E0,-9.6E0));
#5378=DIRECTION('',(0.E0,0.E0,-1.E0));
#5379=DIRECTION('',(0.E0,1.E0,0.E0));
#5380=AXIS2_PLACEMENT_3D('',#5377,#5378,#5379);
#5381=PLANE('',#5380);
#5383=ORIENTED_EDGE('',*,*,#5382,.F.);
#5385=ORIENTED_EDGE('',*,*,#5384,.F.);
#5386=ORIENTED_EDGE('',*,*,#4592,.F.);
#5388=ORIENTED_EDGE('',*,*,#5387,.T.);
#5390=ORIENTED_EDGE('',*,*,#5389,.T.);
#5392=ORIENTED_EDGE('',*,*,#5391,.F.);
#5394=ORIENTED_EDGE('',*,*,#5393,.F.);
#5395=EDGE_LOOP('',(#5383,#5385,#5386,#5388,#5390,#5392,#5394));
#5396=FACE_OUTER_BOUND('',#5395,.F.);
#5398=CARTESIAN_POINT('',(-3.720063447651E0,-4.310481910434E0,
-9.388668815852E0));
#5399=CARTESIAN_POINT('',(-3.720130597247E0,-4.313815717317E0,
-9.388668815852E0));
#5400=CARTESIAN_POINT('',(-3.720492196422E0,-4.349811008941E0,
-9.388668815852E0));
#5401=CARTESIAN_POINT('',(-3.713721873663E0,-4.418618916166E0,
-9.388668815852E0));
#5402=CARTESIAN_POINT('',(-3.685101721030E0,-4.512939501274E0,
-9.388668815852E0));
#5403=CARTESIAN_POINT('',(-3.638628718425E0,-4.599887681894E0,
-9.388668815852E0));
#5404=CARTESIAN_POINT('',(-3.576089631300E0,-4.676088285192E0,
-9.388668815852E0));
#5405=CARTESIAN_POINT('',(-3.499889137845E0,-4.738627776939E0,
-9.388668815852E0));
#5406=CARTESIAN_POINT('',(-3.412940525730E0,-4.785101355357E0,
-9.388668815852E0));
#5407=CARTESIAN_POINT('',(-3.318619393865E0,-4.813721822145E0,
-9.388668815852E0));
#5408=CARTESIAN_POINT('',(-3.249812447822E0,-4.820492060138E0,
-9.388668815852E0));
#5409=CARTESIAN_POINT('',(-3.213818491637E0,-4.820130625106E0,
-9.388668815852E0));
#5410=CARTESIAN_POINT('',(-3.210486070107E0,-4.820063531410E0,
-9.388668815852E0));
#5411=CARTESIAN_POINT('',(-3.727330924751E0,-4.310336365130E0,
-9.516762602096E0));
#5412=CARTESIAN_POINT('',(-3.727399053820E0,-4.313718669707E0,
-9.516762602096E0));
#5413=CARTESIAN_POINT('',(-3.727765937556E0,-4.350237593364E0,
-9.516762602096E0));
#5414=CARTESIAN_POINT('',(-3.720897096763E0,-4.420046462437E0,
-9.516762602096E0));
#5415=CARTESIAN_POINT('',(-3.691860610172E0,-4.515739155817E0,
-9.516762602096E0));
#5416=CARTESIAN_POINT('',(-3.644711547349E0,-4.603952198796E0,
-9.516762602096E0));
#5417=CARTESIAN_POINT('',(-3.581262683917E0,-4.681261318227E0,
-9.516762602096E0));
#5418=CARTESIAN_POINT('',(-3.503953675927E0,-4.744710592167E0,
-9.516762602096E0));
#5419=CARTESIAN_POINT('',(-3.415740195176E0,-4.791860239180E0,
-9.516762602096E0));
#5420=CARTESIAN_POINT('',(-3.320046947086E0,-4.820897044495E0,
-9.516762602096E0));
#5421=CARTESIAN_POINT('',(-3.250239053176E0,-4.827765799288E0,
-9.516762602096E0));
#5422=CARTESIAN_POINT('',(-3.213721484386E0,-4.827399082086E0,
-9.516762602096E0));
#5423=CARTESIAN_POINT('',(-3.210340585314E0,-4.827331009733E0,
-9.516762602096E0));
#5424=CARTESIAN_POINT('',(-3.636477298260E0,-4.312155884968E0,
-9.607333760588E0));
#5425=CARTESIAN_POINT('',(-3.636533182553E0,-4.314931900538E0,
-9.607333760588E0));
#5426=CARTESIAN_POINT('',(-3.636834001882E0,-4.344904691551E0,
-9.607333760588E0));
#5427=CARTESIAN_POINT('',(-3.631196774289E0,-4.402200137777E0,
-9.607333760588E0));
#5428=CARTESIAN_POINT('',(-3.607365044353E0,-4.480739559033E0,
-9.607333760588E0));
#5429=CARTESIAN_POINT('',(-3.568667679654E0,-4.553140053761E0,
-9.607333760588E0));
#5430=CARTESIAN_POINT('',(-3.516592292279E0,-4.616591171395E0,
-9.607333760588E0));
#5431=CARTESIAN_POINT('',(-3.453141266111E0,-4.668666895692E0,
-9.607333760588E0));
#5432=CARTESIAN_POINT('',(-3.380740412083E0,-4.707364739864E0,
-9.607333760588E0));
#5433=CARTESIAN_POINT('',(-3.302200535551E0,-4.731196731386E0,
-9.607333760588E0));
#5434=CARTESIAN_POINT('',(-3.244905889690E0,-4.736833888420E0,
-9.607333760588E0));
#5435=CARTESIAN_POINT('',(-3.214934210677E0,-4.736533205726E0,
-9.607333760588E0));
#5436=CARTESIAN_POINT('',(-3.212159348670E0,-4.736477367963E0,
-9.607333760588E0));
#5437=CARTESIAN_POINT('',(-3.508434219540E0,-4.314720195616E0,
-9.599640079203E0));
#5438=CARTESIAN_POINT('',(-3.508472846857E0,-4.316641747649E0,
-9.599640079203E0));
#5439=CARTESIAN_POINT('',(-3.508680559389E0,-4.337388853241E0,
-9.599640079203E0));
#5440=CARTESIAN_POINT('',(-3.504779085802E0,-4.377048710789E0,
-9.599640079203E0));
#5441=CARTESIAN_POINT('',(-3.488282594884E0,-4.431413447359E0,
-9.599640079203E0));
#5442=CARTESIAN_POINT('',(-3.461496493280E0,-4.481528784758E0,
-9.599640079203E0));
#5443=CARTESIAN_POINT('',(-3.425450129141E0,-4.525449353270E0,
-9.599640079203E0));
#5444=CARTESIAN_POINT('',(-3.381529623941E0,-4.561495950624E0,
-9.599640079203E0));
#5445=CARTESIAN_POINT('',(-3.331414037837E0,-4.588282384120E0,
-9.599640079203E0));
#5446=CARTESIAN_POINT('',(-3.277048986126E0,-4.604779056095E0,
-9.599640079203E0));
#5447=CARTESIAN_POINT('',(-3.237389682594E0,-4.608680480888E0,
-9.599640079203E0));
#5448=CARTESIAN_POINT('',(-3.216643346722E0,-4.608472862852E0,
-9.599640079203E0));
#5449=CARTESIAN_POINT('',(-3.214722593183E0,-4.608434267710E0,
-9.599640079203E0));
#5450=(BOUNDED_SURFACE()B_SPLINE_SURFACE(3,3,((#5398,#5399,#5400,#5401,#5402,
#5403,#5404,#5405,#5406,#5407,#5408,#5409,#5410),(#5411,#5412,#5413,#5414,#5415,
#5416,#5417,#5418,#5419,#5420,#5421,#5422,#5423),(#5424,#5425,#5426,#5427,#5428,
#5429,#5430,#5431,#5432,#5433,#5434,#5435,#5436),(#5437,#5438,#5439,#5440,#5441,
#5442,#5443,#5444,#5445,#5446,#5447,#5448,#5449)),.UNSPECIFIED.,.F.,.F.,.F.)B_SPLINE_SURFACE_WITH_KNOTS((4,4),(4,1,1,1,1,1,1,1,1,1,4),(0.E0,1.E0),(
-1.276569933986E-2,0.E0,1.250062942697E-1,2.500084108835E-1,3.750125683705E-1,
4.999986769935E-1,6.249851560085E-1,7.499899501363E-1,8.749935183050E-1,1.E0,
1.012760390118E0),.UNSPECIFIED.)GEOMETRIC_REPRESENTATION_ITEM()RATIONAL_B_SPLINE_SURFACE(((1.201438363976E0,1.201438363976E0,1.201438363976E0,1.201438363976E0,
1.201438363976E0,1.201438363976E0,1.201438363976E0,1.201438363976E0,
1.201438363976E0,1.201438363976E0,1.201438363976E0,1.201438363976E0,
1.201438363976E0),(9.328538786747E-1,9.328538786747E-1,9.328538786747E-1,
9.328538786747E-1,9.328538786747E-1,9.328538786747E-1,9.328538786747E-1,
9.328538786747E-1,9.328538786747E-1,9.328538786747E-1,9.328538786747E-1,
9.328538786747E-1,9.328538786747E-1),(9.328538786747E-1,9.328538786747E-1,
9.328538786747E-1,9.328538786747E-1,9.328538786747E-1,9.328538786747E-1,
9.328538786747E-1,9.328538786747E-1,9.328538786747E-1,9.328538786747E-1,
9.328538786747E-1,9.328538786747E-1,9.328538786747E-1),(1.201438363976E0,
1.201438363976E0,1.201438363976E0,1.201438363976E0,1.201438363976E0,
1.201438363976E0,1.201438363976E0,1.201438363976E0,1.201438363976E0,
1.201438363976E0,1.201438363976E0,1.201438363976E0,1.201438363976E0)))REPRESENTATION_ITEM('')SURFACE());
#5452=ORIENTED_EDGE('',*,*,#5451,.T.);
#5453=ORIENTED_EDGE('',*,*,#5320,.T.);
#5455=ORIENTED_EDGE('',*,*,#5454,.F.);
#5457=ORIENTED_EDGE('',*,*,#5456,.F.);
#5458=EDGE_LOOP('',(#5452,#5453,#5455,#5457));
#5459=FACE_OUTER_BOUND('',#5458,.F.);
#5461=CARTESIAN_POINT('',(1.3527E1,-4.620485274491E0,-9.4E0));
#5462=DIRECTION('',(-1.E0,0.E0,0.E0));
#5463=DIRECTION('',(0.E0,0.E0,-1.E0));
#5464=AXIS2_PLACEMENT_3D('',#5461,#5462,#5463);
#5465=CYLINDRICAL_SURFACE('',#5464,2.E-1);
#5466=ORIENTED_EDGE('',*,*,#5451,.F.);
#5468=ORIENTED_EDGE('',*,*,#5467,.F.);
#5470=ORIENTED_EDGE('',*,*,#5469,.F.);
#5471=ORIENTED_EDGE('',*,*,#5322,.T.);
#5472=EDGE_LOOP('',(#5466,#5468,#5470,#5471));
#5473=FACE_OUTER_BOUND('',#5472,.F.);
#5475=CARTESIAN_POINT('',(-3.75E0,-4.85E0,-5.E-1));
#5476=DIRECTION('',(0.E0,-9.999945016606E-1,-3.316119501059E-3));
#5477=DIRECTION('',(0.E0,3.316119501059E-3,-9.999945016606E-1));
#5478=AXIS2_PLACEMENT_3D('',#5475,#5476,#5477);
#5479=PLANE('',#5478);
#5481=ORIENTED_EDGE('',*,*,#5480,.F.);
#5482=ORIENTED_EDGE('',*,*,#3885,.T.);
#5484=ORIENTED_EDGE('',*,*,#5483,.F.);
#5486=ORIENTED_EDGE('',*,*,#5485,.T.);
#5488=ORIENTED_EDGE('',*,*,#5487,.T.);
#5489=ORIENTED_EDGE('',*,*,#4997,.F.);
#5491=ORIENTED_EDGE('',*,*,#5490,.F.);
#5492=ORIENTED_EDGE('',*,*,#5467,.T.);
#5493=EDGE_LOOP('',(#5481,#5482,#5484,#5486,#5488,#5489,#5491,#5492));
#5494=FACE_OUTER_BOUND('',#5493,.F.);
#5496=CARTESIAN_POINT('',(-3.250053740476E0,-4.350053740476E0,
-4.829652247963E-1));
#5497=DIRECTION('',(3.316101268109E-3,3.316101268109E-3,-9.999890034119E-1));
#5498=DIRECTION('',(0.E0,-9.999945016606E-1,-3.316119501059E-3));
#5499=AXIS2_PLACEMENT_3D('',#5496,#5497,#5498);
#5500=CYLINDRICAL_SURFACE('',#5499,5.E-1);
#5502=ORIENTED_EDGE('',*,*,#5501,.F.);
#5503=ORIENTED_EDGE('',*,*,#3867,.F.);
#5504=ORIENTED_EDGE('',*,*,#5480,.T.);
#5505=ORIENTED_EDGE('',*,*,#5456,.T.);
#5506=EDGE_LOOP('',(#5502,#5503,#5504,#5505));
#5507=FACE_OUTER_BOUND('',#5506,.F.);
#5509=CARTESIAN_POINT('',(-3.75E0,5.85E0,-5.E-1));
#5510=DIRECTION('',(9.999945016606E-1,0.E0,3.316119501059E-3));
#5511=DIRECTION('',(3.316119501059E-3,0.E0,-9.999945016606E-1));
#5512=AXIS2_PLACEMENT_3D('',#5509,#5510,#5511);
#5513=PLANE('',#5512);
#5515=ORIENTED_EDGE('',*,*,#5514,.F.);
#5517=ORIENTED_EDGE('',*,*,#5516,.T.);
#5519=ORIENTED_EDGE('',*,*,#5518,.T.);
#5521=ORIENTED_EDGE('',*,*,#5520,.F.);
#5523=ORIENTED_EDGE('',*,*,#5522,.T.);
#5525=ORIENTED_EDGE('',*,*,#5524,.T.);
#5527=ORIENTED_EDGE('',*,*,#5526,.T.);
#5528=ORIENTED_EDGE('',*,*,#3855,.T.);
#5530=ORIENTED_EDGE('',*,*,#5529,.F.);
#5532=ORIENTED_EDGE('',*,*,#5531,.F.);
#5533=ORIENTED_EDGE('',*,*,#3944,.F.);
#5534=ORIENTED_EDGE('',*,*,#3835,.T.);
#5535=ORIENTED_EDGE('',*,*,#5501,.T.);
#5537=ORIENTED_EDGE('',*,*,#5536,.T.);
#5538=ORIENTED_EDGE('',*,*,#4537,.F.);
#5540=ORIENTED_EDGE('',*,*,#5539,.F.);
#5541=EDGE_LOOP('',(#5515,#5517,#5519,#5521,#5523,#5525,#5527,#5528,#5530,#5532,
#5533,#5534,#5535,#5537,#5538,#5540));
#5542=FACE_OUTER_BOUND('',#5541,.F.);
#5544=CARTESIAN_POINT('',(-3.681098450836E0,2.39E-1,-6.200165808065E0));
#5545=DIRECTION('',(-7.071028932735E-1,7.071067811865E-1,-2.344850586424E-3));
#5546=DIRECTION('',(7.071028932735E-1,7.071067811865E-1,2.344850586424E-3));
#5547=AXIS2_PLACEMENT_3D('',#5544,#5545,#5546);
#5548=PLANE('',#5547);
#5550=ORIENTED_EDGE('',*,*,#5549,.F.);
#5552=ORIENTED_EDGE('',*,*,#5551,.T.);
#5553=ORIENTED_EDGE('',*,*,#5514,.T.);
#5555=ORIENTED_EDGE('',*,*,#5554,.T.);
#5556=EDGE_LOOP('',(#5550,#5552,#5553,#5555));
#5557=FACE_OUTER_BOUND('',#5556,.F.);
#5559=CARTESIAN_POINT('',(-3.641047138963E0,1.89E-1,-3.2E0));
#5560=DIRECTION('',(9.999945016606E-1,0.E0,3.316119501059E-3));
#5561=DIRECTION('',(0.E0,-1.E0,0.E0));
#5562=AXIS2_PLACEMENT_3D('',#5559,#5560,#5561);
#5563=PLANE('',#5562);
#5564=ORIENTED_EDGE('',*,*,#5549,.T.);
#5566=ORIENTED_EDGE('',*,*,#5565,.F.);
#5568=ORIENTED_EDGE('',*,*,#5567,.F.);
#5570=ORIENTED_EDGE('',*,*,#5569,.F.);
#5571=EDGE_LOOP('',(#5564,#5566,#5568,#5570));
#5572=FACE_OUTER_BOUND('',#5571,.F.);
#5574=CARTESIAN_POINT('',(-3.521148502038E0,1.749492821504E1,-9.2E0));
#5575=DIRECTION('',(0.E0,-1.E0,0.E0));
#5576=DIRECTION('',(-9.999945016606E-1,0.E0,-3.316119501058E-3));
#5577=AXIS2_PLACEMENT_3D('',#5574,#5575,#5576);
#5578=CYLINDRICAL_SURFACE('',#5577,2.E-1);
#5579=ORIENTED_EDGE('',*,*,#5520,.T.);
#5581=ORIENTED_EDGE('',*,*,#5580,.F.);
#5582=ORIENTED_EDGE('',*,*,#5565,.T.);
#5583=ORIENTED_EDGE('',*,*,#5554,.F.);
#5584=ORIENTED_EDGE('',*,*,#5539,.T.);
#5585=ORIENTED_EDGE('',*,*,#4535,.T.);
#5586=ORIENTED_EDGE('',*,*,#4643,.F.);
#5588=ORIENTED_EDGE('',*,*,#5587,.T.);
#5589=EDGE_LOOP('',(#5579,#5581,#5582,#5583,#5584,#5585,#5586,#5588));
#5590=FACE_OUTER_BOUND('',#5589,.F.);
#5592=CARTESIAN_POINT('',(-3.681098450836E0,1.339E0,-6.200165808065E0));
#5593=DIRECTION('',(-7.071028932735E-1,-7.071067811865E-1,-2.344850586424E-3));
#5594=DIRECTION('',(-7.071028932735E-1,7.071067811865E-1,-2.344850586424E-3));
#5595=AXIS2_PLACEMENT_3D('',#5592,#5593,#5594);
#5596=PLANE('',#5595);
#5597=ORIENTED_EDGE('',*,*,#5518,.F.);
#5599=ORIENTED_EDGE('',*,*,#5598,.T.);
#5600=ORIENTED_EDGE('',*,*,#5567,.T.);
#5601=ORIENTED_EDGE('',*,*,#5580,.T.);
#5602=EDGE_LOOP('',(#5597,#5599,#5600,#5601));
#5603=FACE_OUTER_BOUND('',#5602,.F.);
#5605=CARTESIAN_POINT('',(-3.75E0,0.E0,-3.2E0));
#5606=DIRECTION('',(0.E0,0.E0,1.E0));
#5607=DIRECTION('',(1.E0,0.E0,0.E0));
#5608=AXIS2_PLACEMENT_3D('',#5605,#5606,#5607);
#5609=PLANE('',#5608);
#5610=ORIENTED_EDGE('',*,*,#5551,.F.);
#5611=ORIENTED_EDGE('',*,*,#5569,.T.);
#5612=ORIENTED_EDGE('',*,*,#5598,.F.);
#5613=ORIENTED_EDGE('',*,*,#5516,.F.);
#5614=EDGE_LOOP('',(#5610,#5611,#5612,#5613));
#5615=FACE_OUTER_BOUND('',#5614,.F.);
#5617=CARTESIAN_POINT('',(-3.75E0,0.E0,-3.2E0));
#5618=DIRECTION('',(0.E0,0.E0,1.E0));
#5619=DIRECTION('',(1.E0,0.E0,0.E0));
#5620=AXIS2_PLACEMENT_3D('',#5617,#5618,#5619);
#5621=PLANE('',#5620);
#5623=ORIENTED_EDGE('',*,*,#5622,.F.);
#5625=ORIENTED_EDGE('',*,*,#5624,.T.);
#5627=ORIENTED_EDGE('',*,*,#5626,.F.);
#5629=ORIENTED_EDGE('',*,*,#5628,.T.);
#5630=EDGE_LOOP('',(#5623,#5625,#5627,#5629));
#5631=FACE_OUTER_BOUND('',#5630,.F.);
#5633=CARTESIAN_POINT('',(3.681095950850E0,2.39E-1,-6.200165803920E0));
#5634=DIRECTION('',(7.071028932735E-1,7.071067811865E-1,-2.344850586424E-3));
#5635=DIRECTION('',(7.071028932735E-1,-7.071067811865E-1,-2.344850586424E-3));
#5636=AXIS2_PLACEMENT_3D('',#5633,#5634,#5635);
#5637=PLANE('',#5636);
#5639=ORIENTED_EDGE('',*,*,#5638,.F.);
#5640=ORIENTED_EDGE('',*,*,#5622,.T.);
#5642=ORIENTED_EDGE('',*,*,#5641,.T.);
#5644=ORIENTED_EDGE('',*,*,#5643,.T.);
#5645=EDGE_LOOP('',(#5639,#5640,#5642,#5644));
#5646=FACE_OUTER_BOUND('',#5645,.F.);
#5648=CARTESIAN_POINT('',(3.719823146618E0,5.85E0,-9.6E0));
#5649=DIRECTION('',(-9.999945016606E-1,0.E0,3.316119501059E-3));
#5650=DIRECTION('',(3.316119501059E-3,0.E0,9.999945016606E-1));
#5651=AXIS2_PLACEMENT_3D('',#5648,#5649,#5650);
#5652=PLANE('',#5651);
#5653=ORIENTED_EDGE('',*,*,#5638,.T.);
#5655=ORIENTED_EDGE('',*,*,#5654,.F.);
#5656=ORIENTED_EDGE('',*,*,#4596,.T.);
#5658=ORIENTED_EDGE('',*,*,#5657,.T.);
#5660=ORIENTED_EDGE('',*,*,#5659,.T.);
#5662=ORIENTED_EDGE('',*,*,#5661,.T.);
#5664=ORIENTED_EDGE('',*,*,#5663,.F.);
#5666=ORIENTED_EDGE('',*,*,#5665,.F.);
#5668=ORIENTED_EDGE('',*,*,#5667,.F.);
#5670=ORIENTED_EDGE('',*,*,#5669,.F.);
#5672=ORIENTED_EDGE('',*,*,#5671,.T.);
#5674=ORIENTED_EDGE('',*,*,#5673,.T.);
#5676=ORIENTED_EDGE('',*,*,#5675,.F.);
#5678=ORIENTED_EDGE('',*,*,#5677,.F.);
#5680=ORIENTED_EDGE('',*,*,#5679,.F.);
#5681=ORIENTED_EDGE('',*,*,#5624,.F.);
#5682=EDGE_LOOP('',(#5653,#5655,#5656,#5658,#5660,#5662,#5664,#5666,#5668,#5670,
#5672,#5674,#5676,#5678,#5680,#5681));
#5683=FACE_OUTER_BOUND('',#5682,.F.);
#5685=CARTESIAN_POINT('',(3.521148502038E0,-1.749492821504E1,-9.2E0));
#5686=DIRECTION('',(0.E0,1.E0,0.E0));
#5687=DIRECTION('',(9.999945016606E-1,0.E0,-3.316119501058E-3));
#5688=AXIS2_PLACEMENT_3D('',#5685,#5686,#5687);
#5689=CYLINDRICAL_SURFACE('',#5688,2.E-1);
#5691=ORIENTED_EDGE('',*,*,#5690,.T.);
#5693=ORIENTED_EDGE('',*,*,#5692,.F.);
#5694=ORIENTED_EDGE('',*,*,#5677,.T.);
#5696=ORIENTED_EDGE('',*,*,#5695,.T.);
#5697=ORIENTED_EDGE('',*,*,#4617,.F.);
#5698=ORIENTED_EDGE('',*,*,#4598,.T.);
#5699=ORIENTED_EDGE('',*,*,#5654,.T.);
#5700=ORIENTED_EDGE('',*,*,#5643,.F.);
#5701=EDGE_LOOP('',(#5691,#5693,#5694,#5696,#5697,#5698,#5699,#5700));
#5702=FACE_OUTER_BOUND('',#5701,.F.);
#5704=CARTESIAN_POINT('',(3.641044638963E0,1.389E0,-3.2E0));
#5705=DIRECTION('',(-9.999945016606E-1,0.E0,3.316119501059E-3));
#5706=DIRECTION('',(0.E0,1.E0,0.E0));
#5707=AXIS2_PLACEMENT_3D('',#5704,#5705,#5706);
#5708=PLANE('',#5707);
#5709=ORIENTED_EDGE('',*,*,#5641,.F.);
#5710=ORIENTED_EDGE('',*,*,#5628,.F.);
#5712=ORIENTED_EDGE('',*,*,#5711,.T.);
#5713=ORIENTED_EDGE('',*,*,#5690,.F.);
#5714=EDGE_LOOP('',(#5709,#5710,#5712,#5713));
#5715=FACE_OUTER_BOUND('',#5714,.F.);
#5717=CARTESIAN_POINT('',(3.681095950850E0,1.339E0,-6.200165803920E0));
#5718=DIRECTION('',(7.071028932735E-1,-7.071067811865E-1,-2.344850586424E-3));
#5719=DIRECTION('',(-7.071028932735E-1,-7.071067811865E-1,2.344850586424E-3));
#5720=AXIS2_PLACEMENT_3D('',#5717,#5718,#5719);
#5721=PLANE('',#5720);
#5722=ORIENTED_EDGE('',*,*,#5711,.F.);
#5723=ORIENTED_EDGE('',*,*,#5626,.T.);
#5724=ORIENTED_EDGE('',*,*,#5679,.T.);
#5725=ORIENTED_EDGE('',*,*,#5692,.T.);
#5726=EDGE_LOOP('',(#5722,#5723,#5724,#5725));
#5727=FACE_OUTER_BOUND('',#5726,.F.);
#5729=CARTESIAN_POINT('',(-3.75E0,3.85E0,-9.4E0));
#5730=DIRECTION('',(0.E0,1.E0,0.E0));
#5731=DIRECTION('',(0.E0,0.E0,-1.E0));
#5732=AXIS2_PLACEMENT_3D('',#5729,#5730,#5731);
#5733=PLANE('',#5732);
#5734=ORIENTED_EDGE('',*,*,#4364,.T.);
#5735=ORIENTED_EDGE('',*,*,#5022,.F.);
#5737=ORIENTED_EDGE('',*,*,#5736,.F.);
#5738=ORIENTED_EDGE('',*,*,#5345,.F.);
#5740=ORIENTED_EDGE('',*,*,#5739,.F.);
#5741=ORIENTED_EDGE('',*,*,#5522,.F.);
#5742=ORIENTED_EDGE('',*,*,#5587,.F.);
#5743=ORIENTED_EDGE('',*,*,#4641,.T.);
#5744=EDGE_LOOP('',(#5734,#5735,#5737,#5738,#5740,#5741,#5742,#5743));
#5745=FACE_OUTER_BOUND('',#5744,.F.);
#5747=CARTESIAN_POINT('',(-3.75E0,3.85E0,-9.4E0));
#5748=DIRECTION('',(0.E0,1.E0,0.E0));
#5749=DIRECTION('',(0.E0,0.E0,-1.E0));
#5750=AXIS2_PLACEMENT_3D('',#5747,#5748,#5749);
#5751=PLANE('',#5750);
#5753=ORIENTED_EDGE('',*,*,#5752,.T.);
#5754=ORIENTED_EDGE('',*,*,#5054,.F.);
#5755=ORIENTED_EDGE('',*,*,#4447,.T.);
#5756=ORIENTED_EDGE('',*,*,#4635,.T.);
#5757=EDGE_LOOP('',(#5753,#5754,#5755,#5756));
#5758=FACE_OUTER_BOUND('',#5757,.F.);
#5760=CARTESIAN_POINT('',(-3.75E0,3.85E0,-9.4E0));
#5761=DIRECTION('',(0.E0,1.E0,0.E0));
#5762=DIRECTION('',(0.E0,0.E0,-1.E0));
#5763=AXIS2_PLACEMENT_3D('',#5760,#5761,#5762);
#5764=PLANE('',#5763);
#5765=ORIENTED_EDGE('',*,*,#4735,.T.);
#5766=ORIENTED_EDGE('',*,*,#5082,.F.);
#5768=ORIENTED_EDGE('',*,*,#5767,.T.);
#5769=ORIENTED_EDGE('',*,*,#4627,.T.);
#5770=EDGE_LOOP('',(#5765,#5766,#5768,#5769));
#5771=FACE_OUTER_BOUND('',#5770,.F.);
#5773=CARTESIAN_POINT('',(-3.75E0,3.85E0,-9.4E0));
#5774=DIRECTION('',(0.E0,1.E0,0.E0));
#5775=DIRECTION('',(0.E0,0.E0,-1.E0));
#5776=AXIS2_PLACEMENT_3D('',#5773,#5774,#5775);
#5777=PLANE('',#5776);
#5778=ORIENTED_EDGE('',*,*,#4815,.T.);
#5779=ORIENTED_EDGE('',*,*,#4619,.T.);
#5780=ORIENTED_EDGE('',*,*,#5695,.F.);
#5781=ORIENTED_EDGE('',*,*,#5675,.T.);
#5783=ORIENTED_EDGE('',*,*,#5782,.F.);
#5784=ORIENTED_EDGE('',*,*,#5370,.F.);
#5786=ORIENTED_EDGE('',*,*,#5785,.T.);
#5787=ORIENTED_EDGE('',*,*,#5106,.F.);
#5788=EDGE_LOOP('',(#5778,#5779,#5780,#5781,#5783,#5784,#5786,#5787));
#5789=FACE_OUTER_BOUND('',#5788,.F.);
#5791=CARTESIAN_POINT('',(-1.75E0,-4.15E0,-9.6E0));
#5792=DIRECTION('',(-1.E0,0.E0,0.E0));
#5793=DIRECTION('',(0.E0,1.E0,0.E0));
#5794=AXIS2_PLACEMENT_3D('',#5791,#5792,#5793);
#5795=PLANE('',#5794);
#5796=ORIENTED_EDGE('',*,*,#5328,.F.);
#5798=ORIENTED_EDGE('',*,*,#5797,.T.);
#5799=ORIENTED_EDGE('',*,*,#5034,.T.);
#5800=ORIENTED_EDGE('',*,*,#4543,.F.);
#5801=EDGE_LOOP('',(#5796,#5798,#5799,#5800));
#5802=FACE_OUTER_BOUND('',#5801,.F.);
#5804=CARTESIAN_POINT('',(-1.75E0,-4.15E0,-9.6E0));
#5805=DIRECTION('',(-1.E0,0.E0,0.E0));
#5806=DIRECTION('',(0.E0,1.E0,0.E0));
#5807=AXIS2_PLACEMENT_3D('',#5804,#5805,#5806);
#5808=PLANE('',#5807);
#5809=ORIENTED_EDGE('',*,*,#5347,.F.);
#5810=ORIENTED_EDGE('',*,*,#5736,.T.);
#5811=ORIENTED_EDGE('',*,*,#5020,.T.);
#5813=ORIENTED_EDGE('',*,*,#5812,.F.);
#5814=EDGE_LOOP('',(#5809,#5810,#5811,#5813));
#5815=FACE_OUTER_BOUND('',#5814,.F.);
#5817=CARTESIAN_POINT('',(-1.85E0,-4.15E0,-9.6E0));
#5818=DIRECTION('',(0.E0,1.E0,0.E0));
#5819=DIRECTION('',(1.E0,0.E0,0.E0));
#5820=AXIS2_PLACEMENT_3D('',#5817,#5818,#5819);
#5821=PLANE('',#5820);
#5822=ORIENTED_EDGE('',*,*,#5326,.F.);
#5824=ORIENTED_EDGE('',*,*,#5823,.T.);
#5825=ORIENTED_EDGE('',*,*,#5036,.T.);
#5826=ORIENTED_EDGE('',*,*,#5797,.F.);
#5827=EDGE_LOOP('',(#5822,#5824,#5825,#5826));
#5828=FACE_OUTER_BOUND('',#5827,.F.);
#5830=CARTESIAN_POINT('',(-1.85E0,-4.85E0,-9.6E0));
#5831=DIRECTION('',(-1.E0,0.E0,0.E0));
#5832=DIRECTION('',(0.E0,1.E0,0.E0));
#5833=AXIS2_PLACEMENT_3D('',#5830,#5831,#5832);
#5834=PLANE('',#5833);
#5835=ORIENTED_EDGE('',*,*,#5469,.T.);
#5836=ORIENTED_EDGE('',*,*,#5490,.T.);
#5837=ORIENTED_EDGE('',*,*,#4995,.F.);
#5838=ORIENTED_EDGE('',*,*,#5038,.T.);
#5839=ORIENTED_EDGE('',*,*,#5823,.F.);
#5840=ORIENTED_EDGE('',*,*,#5324,.F.);
#5841=EDGE_LOOP('',(#5835,#5836,#5837,#5838,#5839,#5840));
#5842=FACE_OUTER_BOUND('',#5841,.F.);
#5844=CARTESIAN_POINT('',(-1.75E0,4.15E0,-9.6E0));
#5845=DIRECTION('',(0.E0,-1.E0,0.E0));
#5846=DIRECTION('',(-1.E0,0.E0,0.E0));
#5847=AXIS2_PLACEMENT_3D('',#5844,#5845,#5846);
#5848=PLANE('',#5847);
#5849=ORIENTED_EDGE('',*,*,#5349,.F.);
#5850=ORIENTED_EDGE('',*,*,#5812,.T.);
#5851=ORIENTED_EDGE('',*,*,#5018,.T.);
#5853=ORIENTED_EDGE('',*,*,#5852,.F.);
#5854=EDGE_LOOP('',(#5849,#5850,#5851,#5853));
#5855=FACE_OUTER_BOUND('',#5854,.F.);
#5857=CARTESIAN_POINT('',(-1.85E0,4.15E0,-9.6E0));
#5858=DIRECTION('',(-1.E0,0.E0,0.E0));
#5859=DIRECTION('',(0.E0,1.E0,0.E0));
#5860=AXIS2_PLACEMENT_3D('',#5857,#5858,#5859);
#5861=PLANE('',#5860);
#5862=ORIENTED_EDGE('',*,*,#5016,.T.);
#5863=ORIENTED_EDGE('',*,*,#5150,.F.);
#5865=ORIENTED_EDGE('',*,*,#5864,.F.);
#5867=ORIENTED_EDGE('',*,*,#5866,.T.);
#5868=ORIENTED_EDGE('',*,*,#5351,.T.);
#5869=ORIENTED_EDGE('',*,*,#5852,.T.);
#5870=EDGE_LOOP('',(#5862,#5863,#5865,#5867,#5868,#5869));
#5871=FACE_OUTER_BOUND('',#5870,.F.);
#5873=CARTESIAN_POINT('',(-3.75E0,4.819823146618E0,-9.6E0));
#5874=DIRECTION('',(0.E0,9.999945016606E-1,-3.316119501059E-3));
#5875=DIRECTION('',(0.E0,3.316119501059E-3,9.999945016606E-1));
#5876=AXIS2_PLACEMENT_3D('',#5873,#5874,#5875);
#5877=PLANE('',#5876);
#5879=ORIENTED_EDGE('',*,*,#5878,.F.);
#5881=ORIENTED_EDGE('',*,*,#5880,.F.);
#5882=ORIENTED_EDGE('',*,*,#5864,.T.);
#5883=ORIENTED_EDGE('',*,*,#5148,.F.);
#5884=ORIENTED_EDGE('',*,*,#5226,.F.);
#5885=ORIENTED_EDGE('',*,*,#5244,.F.);
#5887=ORIENTED_EDGE('',*,*,#5886,.F.);
#5889=ORIENTED_EDGE('',*,*,#5888,.F.);
#5890=EDGE_LOOP('',(#5879,#5881,#5882,#5883,#5884,#5885,#5887,#5889));
#5891=FACE_OUTER_BOUND('',#5890,.F.);
#5893=CARTESIAN_POINT('',(-3.178320392789E0,4.278320392789E0,-2.211456E1));
#5894=DIRECTION('',(-3.316101268109E-3,3.316101268109E-3,9.999890034119E-1));
#5895=DIRECTION('',(0.E0,9.999945016606E-1,-3.316119501059E-3));
#5896=AXIS2_PLACEMENT_3D('',#5893,#5894,#5895);
#5897=CYLINDRICAL_SURFACE('',#5896,5.E-1);
#5898=ORIENTED_EDGE('',*,*,#5878,.T.);
#5900=ORIENTED_EDGE('',*,*,#5899,.T.);
#5901=ORIENTED_EDGE('',*,*,#5526,.F.);
#5903=ORIENTED_EDGE('',*,*,#5902,.T.);
#5904=EDGE_LOOP('',(#5898,#5900,#5901,#5903));
#5905=FACE_OUTER_BOUND('',#5904,.F.);
#5907=CARTESIAN_POINT('',(-3.25E0,4.35E0,-5.161184E-1));
#5908=DIRECTION('',(0.E0,0.E0,1.E0));
#5909=DIRECTION('',(0.E0,1.E0,0.E0));
#5910=AXIS2_PLACEMENT_3D('',#5907,#5908,#5909);
#5911=CYLINDRICAL_SURFACE('',#5910,5.E-1);
#5912=ORIENTED_EDGE('',*,*,#3849,.F.);
#5913=ORIENTED_EDGE('',*,*,#5899,.F.);
#5915=ORIENTED_EDGE('',*,*,#5914,.T.);
#5917=ORIENTED_EDGE('',*,*,#5916,.T.);
#5918=EDGE_LOOP('',(#5912,#5913,#5915,#5917));
#5919=FACE_OUTER_BOUND('',#5918,.F.);
#5921=CARTESIAN_POINT('',(-3.75E0,4.85E0,-5.E-1));
#5922=DIRECTION('',(0.E0,1.E0,0.E0));
#5923=DIRECTION('',(0.E0,0.E0,1.E0));
#5924=AXIS2_PLACEMENT_3D('',#5921,#5922,#5923);
#5925=PLANE('',#5924);
#5926=ORIENTED_EDGE('',*,*,#5914,.F.);
#5927=ORIENTED_EDGE('',*,*,#5888,.T.);
#5929=ORIENTED_EDGE('',*,*,#5928,.F.);
#5931=ORIENTED_EDGE('',*,*,#5930,.T.);
#5932=EDGE_LOOP('',(#5926,#5927,#5929,#5931));
#5933=FACE_OUTER_BOUND('',#5932,.F.);
#5935=CARTESIAN_POINT('',(3.25E0,4.35E0,1.251456E1));
#5936=DIRECTION('',(0.E0,0.E0,-1.E0));
#5937=DIRECTION('',(0.E0,1.E0,0.E0));
#5938=AXIS2_PLACEMENT_3D('',#5935,#5936,#5937);
#5939=CYLINDRICAL_SURFACE('',#5938,5.E-1);
#5940=ORIENTED_EDGE('',*,*,#5928,.T.);
#5942=ORIENTED_EDGE('',*,*,#5941,.T.);
#5944=ORIENTED_EDGE('',*,*,#5943,.F.);
#5946=ORIENTED_EDGE('',*,*,#5945,.T.);
#5947=EDGE_LOOP('',(#5940,#5942,#5944,#5946));
#5948=FACE_OUTER_BOUND('',#5947,.F.);
#5950=CARTESIAN_POINT('',(3.250051778660E0,4.350051778660E0,
-4.835568215434E-1));
#5951=DIRECTION('',(-3.316101268109E-3,-3.316101268109E-3,-9.999890034119E-1));
#5952=DIRECTION('',(0.E0,9.999945016606E-1,-3.316119501059E-3));
#5953=AXIS2_PLACEMENT_3D('',#5950,#5951,#5952);
#5954=CYLINDRICAL_SURFACE('',#5953,5.E-1);
#5955=ORIENTED_EDGE('',*,*,#5671,.F.);
#5956=ORIENTED_EDGE('',*,*,#5941,.F.);
#5957=ORIENTED_EDGE('',*,*,#5886,.T.);
#5958=ORIENTED_EDGE('',*,*,#5310,.T.);
#5959=EDGE_LOOP('',(#5955,#5956,#5957,#5958));
#5960=FACE_OUTER_BOUND('',#5959,.F.);
#5962=CARTESIAN_POINT('',(3.75E0,0.E0,0.E0));
#5963=DIRECTION('',(1.E0,0.E0,0.E0));
#5964=DIRECTION('',(0.E0,-1.E0,0.E0));
#5965=AXIS2_PLACEMENT_3D('',#5962,#5963,#5964);
#5966=PLANE('',#5965);
#5967=ORIENTED_EDGE('',*,*,#5943,.T.);
#5968=ORIENTED_EDGE('',*,*,#5669,.T.);
#5970=ORIENTED_EDGE('',*,*,#5969,.T.);
#5972=ORIENTED_EDGE('',*,*,#5971,.F.);
#5973=EDGE_LOOP('',(#5967,#5968,#5970,#5972));
#5974=FACE_OUTER_BOUND('',#5973,.F.);
#5976=CARTESIAN_POINT('',(3.75E0,0.E0,0.E0));
#5977=DIRECTION('',(1.E0,0.E0,0.E0));
#5978=DIRECTION('',(0.E0,-1.E0,0.E0));
#5979=AXIS2_PLACEMENT_3D('',#5976,#5977,#5978);
#5980=PLANE('',#5979);
#5982=ORIENTED_EDGE('',*,*,#5981,.T.);
#5984=ORIENTED_EDGE('',*,*,#5983,.F.);
#5986=ORIENTED_EDGE('',*,*,#5985,.T.);
#5987=ORIENTED_EDGE('',*,*,#5661,.F.);
#5988=EDGE_LOOP('',(#5982,#5984,#5986,#5987));
#5989=FACE_OUTER_BOUND('',#5988,.F.);
#5991=CARTESIAN_POINT('',(-3.75E0,3.805401142842E0,0.E0));
#5992=DIRECTION('',(0.E0,9.998476951564E-1,-1.745240643728E-2));
#5993=DIRECTION('',(0.E0,-1.745240643728E-2,-9.998476951564E-1));
#5994=AXIS2_PLACEMENT_3D('',#5991,#5992,#5993);
#5995=PLANE('',#5994);
#5997=ORIENTED_EDGE('',*,*,#5996,.F.);
#5999=ORIENTED_EDGE('',*,*,#5998,.F.);
#6000=ORIENTED_EDGE('',*,*,#5529,.T.);
#6001=ORIENTED_EDGE('',*,*,#3853,.F.);
#6003=ORIENTED_EDGE('',*,*,#6002,.F.);
#6005=ORIENTED_EDGE('',*,*,#6004,.T.);
#6006=ORIENTED_EDGE('',*,*,#3981,.T.);
#6007=EDGE_LOOP('',(#5997,#5999,#6000,#6001,#6003,#6005,#6006));
#6008=FACE_OUTER_BOUND('',#6007,.F.);
#6010=CARTESIAN_POINT('',(-3.75E0,3.805401142842E0,0.E0));
#6011=DIRECTION('',(0.E0,9.998476951564E-1,-1.745240643728E-2));
#6012=DIRECTION('',(0.E0,-1.745240643728E-2,-9.998476951564E-1));
#6013=AXIS2_PLACEMENT_3D('',#6010,#6011,#6012);
#6014=PLANE('',#6013);
#6015=ORIENTED_EDGE('',*,*,#5667,.T.);
#6017=ORIENTED_EDGE('',*,*,#6016,.F.);
#6019=ORIENTED_EDGE('',*,*,#6018,.F.);
#6021=ORIENTED_EDGE('',*,*,#6020,.F.);
#6023=ORIENTED_EDGE('',*,*,#6022,.T.);
#6025=ORIENTED_EDGE('',*,*,#6024,.F.);
#6026=ORIENTED_EDGE('',*,*,#5969,.F.);
#6027=EDGE_LOOP('',(#6015,#6017,#6019,#6021,#6023,#6025,#6026));
#6028=FACE_OUTER_BOUND('',#6027,.F.);
#6030=CARTESIAN_POINT('',(-3.75E0,3.767E0,-2.2E0));
#6031=DIRECTION('',(0.E0,0.E0,-1.E0));
#6032=DIRECTION('',(0.E0,-1.E0,0.E0));
#6033=AXIS2_PLACEMENT_3D('',#6030,#6031,#6032);
#6034=PLANE('',#6033);
#6036=ORIENTED_EDGE('',*,*,#6035,.T.);
#6037=ORIENTED_EDGE('',*,*,#5996,.T.);
#6038=ORIENTED_EDGE('',*,*,#3979,.T.);
#6039=ORIENTED_EDGE('',*,*,#3948,.F.);
#6040=EDGE_LOOP('',(#6036,#6037,#6038,#6039));
#6041=FACE_OUTER_BOUND('',#6040,.F.);
#6043=CARTESIAN_POINT('',(-3.75E0,3.767E0,-2.2E0));
#6044=DIRECTION('',(0.E0,0.E0,-1.E0));
#6045=DIRECTION('',(0.E0,-1.E0,0.E0));
#6046=AXIS2_PLACEMENT_3D('',#6043,#6044,#6045);
#6047=PLANE('',#6046);
#6049=ORIENTED_EDGE('',*,*,#6048,.F.);
#6051=ORIENTED_EDGE('',*,*,#6050,.F.);
#6053=ORIENTED_EDGE('',*,*,#6052,.F.);
#6055=ORIENTED_EDGE('',*,*,#6054,.F.);
#6057=ORIENTED_EDGE('',*,*,#6056,.F.);
#6058=ORIENTED_EDGE('',*,*,#6018,.T.);
#6060=ORIENTED_EDGE('',*,*,#6059,.T.);
#6062=ORIENTED_EDGE('',*,*,#6061,.T.);
#6063=EDGE_LOOP('',(#6049,#6051,#6053,#6055,#6057,#6058,#6060,#6062));
#6064=FACE_OUTER_BOUND('',#6063,.F.);
#6066=CARTESIAN_POINT('',(-3.543698238631E0,-1.749492821504E1,-2.4E0));
#6067=DIRECTION('',(0.E0,1.E0,0.E0));
#6068=DIRECTION('',(-9.999945016606E-1,0.E0,-3.316119501056E-3));
#6069=AXIS2_PLACEMENT_3D('',#6066,#6067,#6068);
#6070=CYLINDRICAL_SURFACE('',#6069,2.E-1);
#6071=ORIENTED_EDGE('',*,*,#6035,.F.);
#6072=ORIENTED_EDGE('',*,*,#3946,.T.);
#6073=ORIENTED_EDGE('',*,*,#5531,.T.);
#6074=ORIENTED_EDGE('',*,*,#5998,.T.);
#6075=EDGE_LOOP('',(#6071,#6072,#6073,#6074));
#6076=FACE_OUTER_BOUND('',#6075,.F.);
#6078=CARTESIAN_POINT('',(3.13E0,-3.872631246257E0,-6.28E0));
#6079=DIRECTION('',(9.999904807207E-1,0.E0,-4.363309284746E-3));
#6080=DIRECTION('',(4.363309284746E-3,0.E0,9.999904807207E-1));
#6081=AXIS2_PLACEMENT_3D('',#6078,#6079,#6080);
#6082=PLANE('',#6081);
#6084=ORIENTED_EDGE('',*,*,#6083,.T.);
#6085=ORIENTED_EDGE('',*,*,#6048,.T.);
#6087=ORIENTED_EDGE('',*,*,#6086,.T.);
#6089=ORIENTED_EDGE('',*,*,#6088,.F.);
#6091=ORIENTED_EDGE('',*,*,#6090,.F.);
#6093=ORIENTED_EDGE('',*,*,#6092,.F.);
#6094=EDGE_LOOP('',(#6084,#6085,#6087,#6089,#6091,#6093));
#6095=FACE_OUTER_BOUND('',#6094,.F.);
#6097=CARTESIAN_POINT('',(3.13E0,-3.872631246257E0,-6.28E0));
#6098=DIRECTION('',(9.999904807207E-1,0.E0,-4.363309284746E-3));
#6099=DIRECTION('',(4.363309284746E-3,0.E0,9.999904807207E-1));
#6100=AXIS2_PLACEMENT_3D('',#6097,#6098,#6099);
#6101=PLANE('',#6100);
#6103=ORIENTED_EDGE('',*,*,#6102,.F.);
#6105=ORIENTED_EDGE('',*,*,#6104,.F.);
#6107=ORIENTED_EDGE('',*,*,#6106,.F.);
#6109=ORIENTED_EDGE('',*,*,#6108,.T.);
#6110=ORIENTED_EDGE('',*,*,#6020,.T.);
#6111=ORIENTED_EDGE('',*,*,#6056,.T.);
#6112=EDGE_LOOP('',(#6103,#6105,#6107,#6109,#6110,#6111));
#6113=FACE_OUTER_BOUND('',#6112,.F.);
#6115=CARTESIAN_POINT('',(2.62E0,-3.81E-1,-7.28E0));
#6116=DIRECTION('',(0.E0,-9.999904807207E-1,4.363309284747E-3));
#6117=DIRECTION('',(1.E0,0.E0,0.E0));
#6118=AXIS2_PLACEMENT_3D('',#6115,#6116,#6117);
#6119=PLANE('',#6118);
#6120=ORIENTED_EDGE('',*,*,#6050,.T.);
#6121=ORIENTED_EDGE('',*,*,#6083,.F.);
#6123=ORIENTED_EDGE('',*,*,#6122,.T.);
#6124=ORIENTED_EDGE('',*,*,#4029,.T.);
#6126=ORIENTED_EDGE('',*,*,#6125,.T.);
#6127=EDGE_LOOP('',(#6120,#6121,#6123,#6124,#6126));
#6128=FACE_OUTER_BOUND('',#6127,.F.);
#6130=CARTESIAN_POINT('',(3.13E0,-3.871176795983E0,0.E0));
#6131=DIRECTION('',(-1.E0,0.E0,0.E0));
#6132=DIRECTION('',(0.E0,0.E0,-1.E0));
#6133=AXIS2_PLACEMENT_3D('',#6130,#6131,#6132);
#6134=PLANE('',#6133);
#6135=ORIENTED_EDGE('',*,*,#6122,.F.);
#6136=ORIENTED_EDGE('',*,*,#6092,.T.);
#6138=ORIENTED_EDGE('',*,*,#6137,.F.);
#6139=ORIENTED_EDGE('',*,*,#4031,.F.);
#6140=EDGE_LOOP('',(#6135,#6136,#6138,#6139));
#6141=FACE_OUTER_BOUND('',#6140,.F.);
#6143=CARTESIAN_POINT('',(3.13E0,-3.871176795983E0,0.E0));
#6144=DIRECTION('',(-1.E0,0.E0,0.E0));
#6145=DIRECTION('',(0.E0,0.E0,-1.E0));
#6146=AXIS2_PLACEMENT_3D('',#6143,#6144,#6145);
#6147=PLANE('',#6146);
#6149=ORIENTED_EDGE('',*,*,#6148,.T.);
#6150=ORIENTED_EDGE('',*,*,#4074,.F.);
#6152=ORIENTED_EDGE('',*,*,#6151,.F.);
#6153=ORIENTED_EDGE('',*,*,#6104,.T.);
#6154=EDGE_LOOP('',(#6149,#6150,#6152,#6153));
#6155=FACE_OUTER_BOUND('',#6154,.F.);
#6157=CARTESIAN_POINT('',(2.88E0,-3.535269230607E0,-2.211456E1));
#6158=DIRECTION('',(0.E0,-4.363309284747E-3,9.999904807207E-1));
#6159=DIRECTION('',(0.E0,-9.999904807207E-1,-4.363309284747E-3));
#6160=AXIS2_PLACEMENT_3D('',#6157,#6158,#6159);
#6161=CYLINDRICAL_SURFACE('',#6160,2.5E-1);
#6162=ORIENTED_EDGE('',*,*,#4033,.T.);
#6163=ORIENTED_EDGE('',*,*,#6137,.T.);
#6165=ORIENTED_EDGE('',*,*,#6164,.F.);
#6167=ORIENTED_EDGE('',*,*,#6166,.F.);
#6168=EDGE_LOOP('',(#6162,#6163,#6165,#6167));
#6169=FACE_OUTER_BOUND('',#6168,.F.);
#6171=CARTESIAN_POINT('',(2.879935286086E0,-3.604298636906E0,
-6.294285826303E0));
#6172=DIRECTION('',(4.363267749977E-3,-4.363267749978E-3,9.999809617133E-1));
#6173=DIRECTION('',(0.E0,-9.999904807207E-1,-4.363309284747E-3));
#6174=AXIS2_PLACEMENT_3D('',#6171,#6172,#6173);
#6175=CYLINDRICAL_SURFACE('',#6174,2.5E-1);
#6177=ORIENTED_EDGE('',*,*,#6176,.F.);
#6178=ORIENTED_EDGE('',*,*,#6164,.T.);
#6179=ORIENTED_EDGE('',*,*,#6090,.T.);
#6181=ORIENTED_EDGE('',*,*,#6180,.F.);
#6182=EDGE_LOOP('',(#6177,#6178,#6179,#6181));
#6183=FACE_OUTER_BOUND('',#6182,.F.);
#6185=CARTESIAN_POINT('',(3.13E0,-3.85E0,-7.28E0));
#6186=DIRECTION('',(0.E0,-9.999904807207E-1,-4.363309284747E-3));
#6187=DIRECTION('',(1.E0,0.E0,0.E0));
#6188=AXIS2_PLACEMENT_3D('',#6185,#6186,#6187);
#6189=PLANE('',#6188);
#6190=ORIENTED_EDGE('',*,*,#6176,.T.);
#6192=ORIENTED_EDGE('',*,*,#6191,.F.);
#6194=ORIENTED_EDGE('',*,*,#6193,.T.);
#6195=ORIENTED_EDGE('',*,*,#4035,.T.);
#6196=ORIENTED_EDGE('',*,*,#6166,.T.);
#6197=EDGE_LOOP('',(#6190,#6192,#6194,#6195,#6196));
#6198=FACE_OUTER_BOUND('',#6197,.F.);
#6200=CARTESIAN_POINT('',(3.13E0,-3.85E0,-7.28E0));
#6201=DIRECTION('',(0.E0,-9.999904807207E-1,-4.363309284747E-3));
#6202=DIRECTION('',(1.E0,0.E0,0.E0));
#6203=AXIS2_PLACEMENT_3D('',#6200,#6201,#6202);
#6204=PLANE('',#6203);
#6205=ORIENTED_EDGE('',*,*,#4000,.T.);
#6206=ORIENTED_EDGE('',*,*,#4014,.T.);
#6207=ORIENTED_EDGE('',*,*,#4055,.T.);
#6209=ORIENTED_EDGE('',*,*,#6208,.F.);
#6211=ORIENTED_EDGE('',*,*,#6210,.F.);
#6212=EDGE_LOOP('',(#6205,#6206,#6207,#6209,#6211));
#6213=FACE_OUTER_BOUND('',#6212,.F.);
#6215=CARTESIAN_POINT('',(2.720318324590E0,-3.956437945778E0,
-7.499928605406E-2));
#6216=DIRECTION('',(0.E0,7.055624319347E-1,7.086477648609E-1));
#6217=DIRECTION('',(0.E0,-7.086477648609E-1,7.055624319347E-1));
#6218=AXIS2_PLACEMENT_3D('',#6215,#6216,#6217);
#6219=PLANE('',#6218);
#6220=ORIENTED_EDGE('',*,*,#6191,.T.);
#6222=ORIENTED_EDGE('',*,*,#6221,.T.);
#6224=ORIENTED_EDGE('',*,*,#6223,.F.);
#6226=ORIENTED_EDGE('',*,*,#6225,.F.);
#6227=EDGE_LOOP('',(#6220,#6222,#6224,#6226));
#6228=FACE_OUTER_BOUND('',#6227,.F.);
#6230=CARTESIAN_POINT('',(2.900873712918E0,-3.872534901047E0,
-1.584827627405E-1));
#6231=CARTESIAN_POINT('',(2.902831701376E0,-3.872582668465E0,
-1.584769951340E-1));
#6232=CARTESIAN_POINT('',(2.920563830566E0,-3.872798938469E0,
-1.584253840194E-1));
#6233=CARTESIAN_POINT('',(2.954117861370E0,-3.869512185743E0,
-1.583383496780E-1));
#6234=CARTESIAN_POINT('',(2.999896035978E0,-3.855615438176E0,
-1.582466737820E-1));
#6235=CARTESIAN_POINT('',(3.041915853855E0,-3.833119755434E0,
-1.581905316158E-1));
#6236=CARTESIAN_POINT('',(3.078831704037E0,-3.802768042189E0,
-1.581716562653E-1));
#6237=CARTESIAN_POINT('',(3.109011976440E0,-3.765887663332E0,
-1.581909225997E-1));
#6238=CARTESIAN_POINT('',(3.131498935074E0,-3.723712307456E0,
-1.582475371060E-1));
#6239=CARTESIAN_POINT('',(3.145265042901E0,-3.677772520341E0,
-1.583400533810E-1));
#6240=CARTESIAN_POINT('',(3.148430632738E0,-3.644749612175E0,
-1.584259088726E-1));
#6241=CARTESIAN_POINT('',(3.148219648115E0,-3.627192784974E0,
-1.584770007032E-1));
#6242=CARTESIAN_POINT('',(3.148172671192E0,-3.625231461518E0,
-1.584827756264E-1));
#6243=CARTESIAN_POINT('',(2.899513888029E0,-3.928405929616E0,
-1.028325079282E-1));
#6244=CARTESIAN_POINT('',(2.901924994137E0,-3.928464736936E0,
-1.028287655815E-1));
#6245=CARTESIAN_POINT('',(2.923760685668E0,-3.928730925979E0,
-1.027952773948E-1));
#6246=CARTESIAN_POINT('',(2.965079682906E0,-3.924683316083E0,
-1.027388046312E-1));
#6247=CARTESIAN_POINT('',(3.021451844297E0,-3.907570284177E0,
-1.026793201665E-1));
#6248=CARTESIAN_POINT('',(3.073195940681E0,-3.879868400891E0,
-1.026428919792E-1));
#6249=CARTESIAN_POINT('',(3.118654985506E0,-3.842492502351E0,
-1.026306445929E-1));
#6250=CARTESIAN_POINT('',(3.155819768536E0,-3.797077138818E0,
-1.026431456716E-1));
#6251=CARTESIAN_POINT('',(3.183510909942E0,-3.745141510185E0,
-1.026798803395E-1));
#6252=CARTESIAN_POINT('',(3.200463070975E0,-3.688570337691E0,
-1.027399100892E-1));
#6253=CARTESIAN_POINT('',(3.204361474894E0,-3.647905373986E0,
-1.027956179490E-1));
#6254=CARTESIAN_POINT('',(3.204101793079E0,-3.626285553141E0,
-1.028287691951E-1));
#6255=CARTESIAN_POINT('',(3.204043959214E0,-3.623870340292E0,
-1.028325162893E-1));
#6256=CARTESIAN_POINT('',(2.898154063141E0,-3.984276958185E0,
-4.718225311591E-2));
#6257=CARTESIAN_POINT('',(2.901018286898E0,-3.984346805407E0,
-4.718053602906E-2));
#6258=CARTESIAN_POINT('',(2.926957540770E0,-3.984662913489E0,
-4.716517077020E-2));
#6259=CARTESIAN_POINT('',(2.976041504441E0,-3.979854446423E0,
-4.713925958432E-2));
#6260=CARTESIAN_POINT('',(3.043007652616E0,-3.959525130179E0,
-4.711196655096E-2));
#6261=CARTESIAN_POINT('',(3.104476027507E0,-3.926617046349E0,
-4.709525234272E-2));
#6262=CARTESIAN_POINT('',(3.158478266974E0,-3.882216962513E0,
-4.708963292047E-2));
#6263=CARTESIAN_POINT('',(3.202627560632E0,-3.828266614303E0,
-4.709536874341E-2));
#6264=CARTESIAN_POINT('',(3.235522884811E0,-3.766570712913E0,
-4.711222357306E-2));
#6265=CARTESIAN_POINT('',(3.255661099048E0,-3.699368155041E0,
-4.713976679748E-2));
#6266=CARTESIAN_POINT('',(3.260292317049E0,-3.651061135798E0,
-4.716532702542E-2));
#6267=CARTESIAN_POINT('',(3.259983938043E0,-3.625378321307E0,
-4.718053768706E-2));
#6268=CARTESIAN_POINT('',(3.259915247235E0,-3.622509219065E0,
-4.718225695220E-2));
#6269=CARTESIAN_POINT('',(2.896794238253E0,-4.040147986754E0,
8.468001696383E-3));
#6270=CARTESIAN_POINT('',(2.900111579658E0,-4.040228873878E0,
8.467693523428E-3));
#6271=CARTESIAN_POINT('',(2.930154395873E0,-4.040594900999E0,
8.464935854399E-3));
#6272=CARTESIAN_POINT('',(2.987003325977E0,-4.035025576764E0,
8.460285462537E-3));
#6273=CARTESIAN_POINT('',(3.064563460935E0,-4.011479976181E0,
8.455387064568E-3));
#6274=CARTESIAN_POINT('',(3.135756114333E0,-3.973365691807E0,
8.452387293800E-3));
#6275=CARTESIAN_POINT('',(3.198301548443E0,-3.921941422675E0,
8.451378751943E-3));
#6276=CARTESIAN_POINT('',(3.249435352728E0,-3.859456089788E0,
8.452408184732E-3));
#6277=CARTESIAN_POINT('',(3.287534859679E0,-3.787999915642E0,
8.455433193429E-3));
#6278=CARTESIAN_POINT('',(3.310859127122E0,-3.710165972391E0,
8.460376494263E-3));
#6279=CARTESIAN_POINT('',(3.316223159204E0,-3.654216897610E0,
8.464963898195E-3));
#6280=CARTESIAN_POINT('',(3.315866083007E0,-3.624471089473E0,
8.467693820997E-3));
#6281=CARTESIAN_POINT('',(3.315786535256E0,-3.621148097839E0,
8.468002384899E-3));
#6282=B_SPLINE_SURFACE_WITH_KNOTS('',3,3,((#6230,#6231,#6232,#6233,#6234,#6235,
#6236,#6237,#6238,#6239,#6240,#6241,#6242),(#6243,#6244,#6245,#6246,#6247,#6248,
#6249,#6250,#6251,#6252,#6253,#6254,#6255),(#6256,#6257,#6258,#6259,#6260,#6261,
#6262,#6263,#6264,#6265,#6266,#6267,#6268),(#6269,#6270,#6271,#6272,#6273,#6274,
#6275,#6276,#6277,#6278,#6279,#6280,#6281)),.UNSPECIFIED.,.F.,.F.,.F.,(4,4),(4,
1,1,1,1,1,1,1,1,1,4),(-5.644778978712E-2,1.056447789787E0),(-1.552353381809E-2,
0.E0,1.25E-1,2.5E-1,3.75E-1,5.E-1,6.25E-1,7.5E-1,8.75E-1,1.E0,1.015713519906E0),
.UNSPECIFIED.);
#6283=ORIENTED_EDGE('',*,*,#6180,.T.);
#6285=ORIENTED_EDGE('',*,*,#6284,.T.);
#6287=ORIENTED_EDGE('',*,*,#6286,.F.);
#6288=ORIENTED_EDGE('',*,*,#6221,.F.);
#6289=EDGE_LOOP('',(#6283,#6285,#6287,#6288));
#6290=FACE_OUTER_BOUND('',#6289,.F.);
#6292=CARTESIAN_POINT('',(3.232074594958E0,-2.602885437334E0,
-7.499928605406E-2));
#6293=DIRECTION('',(-7.055624319347E-1,0.E0,7.086477648609E-1));
#6294=DIRECTION('',(7.086477648609E-1,0.E0,7.055624319347E-1));
#6295=AXIS2_PLACEMENT_3D('',#6292,#6293,#6294);
#6296=PLANE('',#6295);
#6298=ORIENTED_EDGE('',*,*,#6297,.F.);
#6299=ORIENTED_EDGE('',*,*,#6284,.F.);
#6300=ORIENTED_EDGE('',*,*,#6088,.T.);
#6302=ORIENTED_EDGE('',*,*,#6301,.T.);
#6303=EDGE_LOOP('',(#6298,#6299,#6300,#6302));
#6304=FACE_OUTER_BOUND('',#6303,.F.);
#6306=CARTESIAN_POINT('',(-3.75E0,4.85E0,0.E0));
#6307=DIRECTION('',(0.E0,0.E0,1.E0));
#6308=DIRECTION('',(0.E0,-1.E0,0.E0));
#6309=AXIS2_PLACEMENT_3D('',#6306,#6307,#6308);
#6310=PLANE('',#6309);
#6312=ORIENTED_EDGE('',*,*,#6311,.F.);
#6314=ORIENTED_EDGE('',*,*,#6313,.F.);
#6316=ORIENTED_EDGE('',*,*,#6315,.F.);
#6317=ORIENTED_EDGE('',*,*,#3983,.T.);
#6318=ORIENTED_EDGE('',*,*,#6004,.F.);
#6320=ORIENTED_EDGE('',*,*,#6319,.T.);
#6322=ORIENTED_EDGE('',*,*,#6321,.F.);
#6324=ORIENTED_EDGE('',*,*,#6323,.F.);
#6326=ORIENTED_EDGE('',*,*,#6325,.F.);
#6328=ORIENTED_EDGE('',*,*,#6327,.T.);
#6329=ORIENTED_EDGE('',*,*,#6022,.F.);
#6330=ORIENTED_EDGE('',*,*,#6108,.F.);
#6332=ORIENTED_EDGE('',*,*,#6331,.F.);
#6334=ORIENTED_EDGE('',*,*,#6333,.F.);
#6336=ORIENTED_EDGE('',*,*,#6335,.F.);
#6338=ORIENTED_EDGE('',*,*,#6337,.T.);
#6339=EDGE_LOOP('',(#6312,#6314,#6316,#6317,#6318,#6320,#6322,#6324,#6326,#6328,
#6329,#6330,#6332,#6334,#6336,#6338));
#6340=FACE_OUTER_BOUND('',#6339,.F.);
#6342=CARTESIAN_POINT('',(-3.75E0,4.85E0,0.E0));
#6343=DIRECTION('',(0.E0,0.E0,1.E0));
#6344=DIRECTION('',(0.E0,-1.E0,0.E0));
#6345=AXIS2_PLACEMENT_3D('',#6342,#6343,#6344);
#6346=PLANE('',#6345);
#6348=ORIENTED_EDGE('',*,*,#6347,.T.);
#6350=ORIENTED_EDGE('',*,*,#6349,.F.);
#6352=ORIENTED_EDGE('',*,*,#6351,.F.);
#6354=ORIENTED_EDGE('',*,*,#6353,.T.);
#6356=ORIENTED_EDGE('',*,*,#6355,.T.);
#6357=ORIENTED_EDGE('',*,*,#6223,.T.);
#6358=ORIENTED_EDGE('',*,*,#6286,.T.);
#6359=ORIENTED_EDGE('',*,*,#6297,.T.);
#6361=ORIENTED_EDGE('',*,*,#6360,.F.);
#6363=ORIENTED_EDGE('',*,*,#6362,.T.);
#6365=ORIENTED_EDGE('',*,*,#6364,.F.);
#6366=ORIENTED_EDGE('',*,*,#3897,.T.);
#6367=ORIENTED_EDGE('',*,*,#3912,.F.);
#6368=ORIENTED_EDGE('',*,*,#3928,.T.);
#6369=ORIENTED_EDGE('',*,*,#3940,.F.);
#6370=ORIENTED_EDGE('',*,*,#3964,.T.);
#6372=ORIENTED_EDGE('',*,*,#6371,.T.);
#6374=ORIENTED_EDGE('',*,*,#6373,.T.);
#6376=ORIENTED_EDGE('',*,*,#6375,.T.);
#6378=ORIENTED_EDGE('',*,*,#6377,.T.);
#6380=ORIENTED_EDGE('',*,*,#6379,.F.);
#6382=ORIENTED_EDGE('',*,*,#6381,.F.);
#6383=EDGE_LOOP('',(#6348,#6350,#6352,#6354,#6356,#6357,#6358,#6359,#6361,#6363,
#6365,#6366,#6367,#6368,#6369,#6370,#6372,#6374,#6376,#6378,#6380,#6382));
#6384=FACE_OUTER_BOUND('',#6383,.F.);
#6386=CARTESIAN_POINT('',(-1.143562054222E0,4.127929022172E0,
-7.499928605406E-2));
#6387=DIRECTION('',(-7.055624319347E-1,0.E0,7.086477648609E-1));
#6388=DIRECTION('',(-7.086477648609E-1,0.E0,-7.055624319347E-1));
#6389=AXIS2_PLACEMENT_3D('',#6386,#6387,#6388);
#6390=PLANE('',#6389);
#6392=ORIENTED_EDGE('',*,*,#6391,.T.);
#6394=ORIENTED_EDGE('',*,*,#6393,.F.);
#6396=ORIENTED_EDGE('',*,*,#6395,.T.);
#6397=ORIENTED_EDGE('',*,*,#6311,.T.);
#6398=EDGE_LOOP('',(#6392,#6394,#6396,#6397));
#6399=FACE_OUTER_BOUND('',#6398,.F.);
#6401=CARTESIAN_POINT('',(-2.292368753743E0,3.861401843154E0,0.E0));
#6402=DIRECTION('',(0.E0,9.999904807207E-1,-4.363309284746E-3));
#6403=DIRECTION('',(0.E0,-4.363309284746E-3,-9.999904807207E-1));
#6404=AXIS2_PLACEMENT_3D('',#6401,#6402,#6403);
#6405=PLANE('',#6404);
#6406=ORIENTED_EDGE('',*,*,#6391,.F.);
#6407=ORIENTED_EDGE('',*,*,#6337,.F.);
#6409=ORIENTED_EDGE('',*,*,#6408,.F.);
#6411=ORIENTED_EDGE('',*,*,#6410,.T.);
#6413=ORIENTED_EDGE('',*,*,#6412,.T.);
#6415=ORIENTED_EDGE('',*,*,#6414,.F.);
#6416=EDGE_LOOP('',(#6406,#6407,#6409,#6411,#6413,#6415));
#6417=FACE_OUTER_BOUND('',#6416,.F.);
#6419=CARTESIAN_POINT('',(1.143562054222E0,4.127929022172E0,
-7.499928605406E-2));
#6420=DIRECTION('',(7.055624319347E-1,0.E0,7.086477648609E-1));
#6421=DIRECTION('',(7.086477648609E-1,0.E0,-7.055624319347E-1));
#6422=AXIS2_PLACEMENT_3D('',#6419,#6420,#6421);
#6423=PLANE('',#6422);
#6425=ORIENTED_EDGE('',*,*,#6424,.F.);
#6426=ORIENTED_EDGE('',*,*,#6408,.T.);
#6427=ORIENTED_EDGE('',*,*,#6335,.T.);
#6429=ORIENTED_EDGE('',*,*,#6428,.T.);
#6430=EDGE_LOOP('',(#6425,#6426,#6427,#6429));
#6431=FACE_OUTER_BOUND('',#6430,.F.);
#6433=CARTESIAN_POINT('',(1.25E0,3.834E0,-7.28E0));
#6434=DIRECTION('',(-9.999904807207E-1,0.E0,-4.363309284747E-3));
#6435=DIRECTION('',(0.E0,-1.E0,0.E0));
#6436=AXIS2_PLACEMENT_3D('',#6433,#6434,#6435);
#6437=PLANE('',#6436);
#6438=ORIENTED_EDGE('',*,*,#6424,.T.);
#6440=ORIENTED_EDGE('',*,*,#6439,.F.);
#6441=ORIENTED_EDGE('',*,*,#4068,.T.);
#6443=ORIENTED_EDGE('',*,*,#6442,.T.);
#6444=ORIENTED_EDGE('',*,*,#6410,.F.);
#6445=EDGE_LOOP('',(#6438,#6440,#6441,#6443,#6444));
#6446=FACE_OUTER_BOUND('',#6445,.F.);
#6448=CARTESIAN_POINT('',(1.25E0,4.364E0,-7.28E0));
#6449=DIRECTION('',(0.E0,9.999904807207E-1,-4.363309284747E-3));
#6450=DIRECTION('',(-1.E0,0.E0,0.E0));
#6451=AXIS2_PLACEMENT_3D('',#6448,#6449,#6450);
#6452=PLANE('',#6451);
#6453=ORIENTED_EDGE('',*,*,#6313,.T.);
#6454=ORIENTED_EDGE('',*,*,#6395,.F.);
#6456=ORIENTED_EDGE('',*,*,#6455,.F.);
#6457=ORIENTED_EDGE('',*,*,#4062,.T.);
#6459=ORIENTED_EDGE('',*,*,#6458,.T.);
#6461=ORIENTED_EDGE('',*,*,#6460,.T.);
#6462=EDGE_LOOP('',(#6453,#6454,#6456,#6457,#6459,#6461));
#6463=FACE_OUTER_BOUND('',#6462,.F.);
#6465=CARTESIAN_POINT('',(1.25E0,4.364E0,-7.28E0));
#6466=DIRECTION('',(0.E0,9.999904807207E-1,-4.363309284747E-3));
#6467=DIRECTION('',(-1.E0,0.E0,0.E0));
#6468=AXIS2_PLACEMENT_3D('',#6465,#6466,#6467);
#6469=PLANE('',#6468);
#6470=ORIENTED_EDGE('',*,*,#6439,.T.);
#6471=ORIENTED_EDGE('',*,*,#6428,.F.);
#6472=ORIENTED_EDGE('',*,*,#6333,.T.);
#6474=ORIENTED_EDGE('',*,*,#6473,.T.);
#6476=ORIENTED_EDGE('',*,*,#6475,.T.);
#6477=ORIENTED_EDGE('',*,*,#4070,.T.);
#6478=EDGE_LOOP('',(#6470,#6471,#6472,#6474,#6476,#6477));
#6479=FACE_OUTER_BOUND('',#6478,.F.);
#6481=CARTESIAN_POINT('',(-1.25E0,4.364E0,-7.28E0));
#6482=DIRECTION('',(9.999904807207E-1,0.E0,-4.363309284747E-3));
#6483=DIRECTION('',(0.E0,1.E0,0.E0));
#6484=AXIS2_PLACEMENT_3D('',#6481,#6482,#6483);
#6485=PLANE('',#6484);
#6486=ORIENTED_EDGE('',*,*,#6393,.T.);
#6487=ORIENTED_EDGE('',*,*,#6414,.T.);
#6489=ORIENTED_EDGE('',*,*,#6488,.F.);
#6490=ORIENTED_EDGE('',*,*,#4064,.T.);
#6491=ORIENTED_EDGE('',*,*,#6455,.T.);
#6492=EDGE_LOOP('',(#6486,#6487,#6489,#6490,#6491));
#6493=FACE_OUTER_BOUND('',#6492,.F.);
#6495=CARTESIAN_POINT('',(-1.228823204017E0,3.834E0,-7.28E0));
#6496=DIRECTION('',(0.E0,-1.E0,0.E0));
#6497=DIRECTION('',(0.E0,0.E0,1.E0));
#6498=AXIS2_PLACEMENT_3D('',#6495,#6496,#6497);
#6499=PLANE('',#6498);
#6500=ORIENTED_EDGE('',*,*,#6412,.F.);
#6501=ORIENTED_EDGE('',*,*,#6442,.F.);
#6502=ORIENTED_EDGE('',*,*,#4066,.T.);
#6503=ORIENTED_EDGE('',*,*,#6488,.T.);
#6504=EDGE_LOOP('',(#6500,#6501,#6502,#6503));
#6505=FACE_OUTER_BOUND('',#6504,.F.);
#6507=CARTESIAN_POINT('',(-2.88E0,4.049269230607E0,-2.211456E1));
#6508=DIRECTION('',(0.E0,4.363309284747E-3,9.999904807207E-1));
#6509=DIRECTION('',(0.E0,9.999904807207E-1,-4.363309284747E-3));
#6510=AXIS2_PLACEMENT_3D('',#6507,#6508,#6509);
#6511=CYLINDRICAL_SURFACE('',#6510,2.5E-1);
#6512=ORIENTED_EDGE('',*,*,#4060,.T.);
#6514=ORIENTED_EDGE('',*,*,#6513,.T.);
#6516=ORIENTED_EDGE('',*,*,#6515,.F.);
#6517=ORIENTED_EDGE('',*,*,#6458,.F.);
#6518=EDGE_LOOP('',(#6512,#6514,#6516,#6517));
#6519=FACE_OUTER_BOUND('',#6518,.F.);
#6521=CARTESIAN_POINT('',(-3.13E0,-3.871176795983E0,-7.28E0));
#6522=DIRECTION('',(1.E0,0.E0,0.E0));
#6523=DIRECTION('',(0.E0,0.E0,1.E0));
#6524=AXIS2_PLACEMENT_3D('',#6521,#6522,#6523);
#6525=PLANE('',#6524);
#6526=ORIENTED_EDGE('',*,*,#4017,.F.);
#6527=ORIENTED_EDGE('',*,*,#3987,.F.);
#6528=ORIENTED_EDGE('',*,*,#6513,.F.);
#6529=ORIENTED_EDGE('',*,*,#4058,.T.);
#6530=EDGE_LOOP('',(#6526,#6527,#6528,#6529));
#6531=FACE_OUTER_BOUND('',#6530,.F.);
#6533=CARTESIAN_POINT('',(-2.879907069437E0,4.118270420258E0,
-6.300752564743E0));
#6534=DIRECTION('',(-4.363267749977E-3,4.363267749978E-3,9.999809617133E-1));
#6535=DIRECTION('',(0.E0,9.999904807207E-1,-4.363309284747E-3));
#6536=AXIS2_PLACEMENT_3D('',#6533,#6534,#6535);
#6537=CYLINDRICAL_SURFACE('',#6536,2.5E-1);
#6538=ORIENTED_EDGE('',*,*,#6460,.F.);
#6539=ORIENTED_EDGE('',*,*,#6515,.T.);
#6540=ORIENTED_EDGE('',*,*,#3985,.T.);
#6541=ORIENTED_EDGE('',*,*,#6315,.T.);
#6542=EDGE_LOOP('',(#6538,#6539,#6540,#6541));
#6543=FACE_OUTER_BOUND('',#6542,.F.);
#6545=CARTESIAN_POINT('',(2.962004878958E0,4.200368229779E0,1.251456E1));
#6546=DIRECTION('',(-4.363267749977E-3,-4.363267749978E-3,-9.999809617133E-1));
#6547=DIRECTION('',(0.E0,9.999904807207E-1,-4.363309284747E-3));
#6548=AXIS2_PLACEMENT_3D('',#6545,#6546,#6547);
#6549=CYLINDRICAL_SURFACE('',#6548,2.5E-1);
#6550=ORIENTED_EDGE('',*,*,#6106,.T.);
#6552=ORIENTED_EDGE('',*,*,#6551,.F.);
#6553=ORIENTED_EDGE('',*,*,#6473,.F.);
#6554=ORIENTED_EDGE('',*,*,#6331,.T.);
#6555=EDGE_LOOP('',(#6550,#6552,#6553,#6554));
#6556=FACE_OUTER_BOUND('',#6555,.F.);
#6558=CARTESIAN_POINT('',(2.88E0,4.118428065351E0,-6.2646232E0));
#6559=DIRECTION('',(0.E0,-4.363309284747E-3,-9.999904807207E-1));
#6560=DIRECTION('',(0.E0,9.999904807207E-1,-4.363309284747E-3));
#6561=AXIS2_PLACEMENT_3D('',#6558,#6559,#6560);
#6562=CYLINDRICAL_SURFACE('',#6561,2.5E-1);
#6563=ORIENTED_EDGE('',*,*,#4072,.T.);
#6564=ORIENTED_EDGE('',*,*,#6475,.F.);
#6565=ORIENTED_EDGE('',*,*,#6551,.T.);
#6566=ORIENTED_EDGE('',*,*,#6151,.T.);
#6567=EDGE_LOOP('',(#6563,#6564,#6565,#6566));
#6568=FACE_OUTER_BOUND('',#6567,.F.);
#6570=CARTESIAN_POINT('',(-3.55E0,-1.749492E1,-2.E-1));
#6571=DIRECTION('',(0.E0,1.E0,0.E0));
#6572=DIRECTION('',(-1.E0,0.E0,0.E0));
#6573=AXIS2_PLACEMENT_3D('',#6570,#6571,#6572);
#6574=CYLINDRICAL_SURFACE('',#6573,2.E-1);
#6576=ORIENTED_EDGE('',*,*,#6575,.T.);
#6577=ORIENTED_EDGE('',*,*,#6319,.F.);
#6578=ORIENTED_EDGE('',*,*,#6002,.T.);
#6579=ORIENTED_EDGE('',*,*,#3851,.T.);
#6580=EDGE_LOOP('',(#6576,#6577,#6578,#6579));
#6581=FACE_OUTER_BOUND('',#6580,.F.);
#6583=CARTESIAN_POINT('',(-3.25E0,4.35E0,-2.E-1));
#6584=DIRECTION('',(0.E0,0.E0,1.E0));
#6585=DIRECTION('',(-1.E0,0.E0,0.E0));
#6586=AXIS2_PLACEMENT_3D('',#6583,#6584,#6585);
#6587=TOROIDAL_SURFACE('',#6586,3.E-1,2.E-1);
#6589=ORIENTED_EDGE('',*,*,#6588,.T.);
#6590=ORIENTED_EDGE('',*,*,#6321,.T.);
#6591=ORIENTED_EDGE('',*,*,#6575,.F.);
#6592=ORIENTED_EDGE('',*,*,#5916,.F.);
#6593=EDGE_LOOP('',(#6589,#6590,#6591,#6592));
#6594=FACE_OUTER_BOUND('',#6593,.F.);
#6596=CARTESIAN_POINT('',(1.3527E1,4.65E0,-2.E-1));
#6597=DIRECTION('',(-1.E0,0.E0,0.E0));
#6598=DIRECTION('',(0.E0,0.E0,1.E0));
#6599=AXIS2_PLACEMENT_3D('',#6596,#6597,#6598);
#6600=CYLINDRICAL_SURFACE('',#6599,2.E-1);
#6601=ORIENTED_EDGE('',*,*,#6588,.F.);
#6602=ORIENTED_EDGE('',*,*,#5930,.F.);
#6604=ORIENTED_EDGE('',*,*,#6603,.T.);
#6605=ORIENTED_EDGE('',*,*,#6323,.T.);
#6606=EDGE_LOOP('',(#6601,#6602,#6604,#6605));
#6607=FACE_OUTER_BOUND('',#6606,.F.);
#6609=CARTESIAN_POINT('',(3.25E0,4.35E0,-2.E-1));
#6610=DIRECTION('',(0.E0,0.E0,-1.E0));
#6611=DIRECTION('',(0.E0,1.E0,0.E0));
#6612=AXIS2_PLACEMENT_3D('',#6609,#6610,#6611);
#6613=TOROIDAL_SURFACE('',#6612,3.E-1,2.E-1);
#6615=ORIENTED_EDGE('',*,*,#6614,.T.);
#6616=ORIENTED_EDGE('',*,*,#6325,.T.);
#6617=ORIENTED_EDGE('',*,*,#6603,.F.);
#6618=ORIENTED_EDGE('',*,*,#5945,.F.);
#6619=EDGE_LOOP('',(#6615,#6616,#6617,#6618));
#6620=FACE_OUTER_BOUND('',#6619,.F.);
#6622=CARTESIAN_POINT('',(3.55E0,1.749492E1,-2.E-1));
#6623=DIRECTION('',(0.E0,-1.E0,0.E0));
#6624=DIRECTION('',(1.E0,0.E0,0.E0));
#6625=AXIS2_PLACEMENT_3D('',#6622,#6623,#6624);
#6626=CYLINDRICAL_SURFACE('',#6625,2.E-1);
#6627=ORIENTED_EDGE('',*,*,#6614,.F.);
#6628=ORIENTED_EDGE('',*,*,#5971,.T.);
#6629=ORIENTED_EDGE('',*,*,#6024,.T.);
#6630=ORIENTED_EDGE('',*,*,#6327,.F.);
#6631=EDGE_LOOP('',(#6627,#6628,#6629,#6630));
#6632=FACE_OUTER_BOUND('',#6631,.F.);
#6634=CARTESIAN_POINT('',(0.E0,-4.130456201189E0,-2.999971442162E-1));
#6635=DIRECTION('',(0.E0,8.928617015260E-1,4.503309693415E-1));
#6636=DIRECTION('',(0.E0,-4.503309693415E-1,8.928617015260E-1));
#6637=AXIS2_PLACEMENT_3D('',#6634,#6635,#6636);
#6638=PLANE('',#6637);
#6639=ORIENTED_EDGE('',*,*,#6347,.F.);
#6641=ORIENTED_EDGE('',*,*,#6640,.T.);
#6643=ORIENTED_EDGE('',*,*,#6642,.T.);
#6645=ORIENTED_EDGE('',*,*,#6644,.T.);
#6647=ORIENTED_EDGE('',*,*,#6646,.T.);
#6649=ORIENTED_EDGE('',*,*,#6648,.T.);
#6650=EDGE_LOOP('',(#6639,#6641,#6643,#6645,#6647,#6649));
#6651=FACE_OUTER_BOUND('',#6650,.F.);
#6653=CARTESIAN_POINT('',(-1.921437945778E0,-3.131929022172E0,
-7.499928605406E-2));
#6654=DIRECTION('',(7.055624319347E-1,0.E0,7.086477648609E-1));
#6655=DIRECTION('',(7.086477648609E-1,0.E0,-7.055624319347E-1));
#6656=AXIS2_PLACEMENT_3D('',#6653,#6654,#6655);
#6657=PLANE('',#6656);
#6659=ORIENTED_EDGE('',*,*,#6658,.F.);
#6660=ORIENTED_EDGE('',*,*,#6640,.F.);
#6661=ORIENTED_EDGE('',*,*,#6381,.T.);
#6663=ORIENTED_EDGE('',*,*,#6662,.F.);
#6664=EDGE_LOOP('',(#6659,#6660,#6661,#6663));
#6665=FACE_OUTER_BOUND('',#6664,.F.);
#6667=CARTESIAN_POINT('',(-1.815E0,-3.95E0,-7.28E0));
#6668=DIRECTION('',(-9.999904807207E-1,0.E0,-4.363309284747E-3));
#6669=DIRECTION('',(0.E0,-1.E0,0.E0));
#6670=AXIS2_PLACEMENT_3D('',#6667,#6668,#6669);
#6671=PLANE('',#6670);
#6673=ORIENTED_EDGE('',*,*,#6672,.T.);
#6674=ORIENTED_EDGE('',*,*,#6642,.F.);
#6675=ORIENTED_EDGE('',*,*,#6658,.T.);
#6677=ORIENTED_EDGE('',*,*,#6676,.T.);
#6679=ORIENTED_EDGE('',*,*,#6678,.T.);
#6680=ORIENTED_EDGE('',*,*,#4047,.T.);
#6682=ORIENTED_EDGE('',*,*,#6681,.F.);
#6684=ORIENTED_EDGE('',*,*,#6683,.F.);
#6686=ORIENTED_EDGE('',*,*,#6685,.F.);
#6687=EDGE_LOOP('',(#6673,#6674,#6675,#6677,#6679,#6680,#6682,#6684,#6686));
#6688=FACE_OUTER_BOUND('',#6687,.F.);
#6690=CARTESIAN_POINT('',(1.815E0,-3.95E0,-7.28E0));
#6691=DIRECTION('',(0.E0,-9.999904807207E-1,-4.363309284747E-3));
#6692=DIRECTION('',(1.E0,0.E0,0.E0));
#6693=AXIS2_PLACEMENT_3D('',#6690,#6691,#6692);
#6694=PLANE('',#6693);
#6695=ORIENTED_EDGE('',*,*,#6644,.F.);
#6696=ORIENTED_EDGE('',*,*,#6672,.F.);
#6698=ORIENTED_EDGE('',*,*,#6697,.T.);
#6700=ORIENTED_EDGE('',*,*,#6699,.T.);
#6701=EDGE_LOOP('',(#6695,#6696,#6698,#6700));
#6702=FACE_OUTER_BOUND('',#6701,.F.);
#6704=CARTESIAN_POINT('',(-1.352700821512E1,-3.533344060977E0,
-6.512686242827E0));
#6705=DIRECTION('',(1.E0,0.E0,0.E0));
#6706=DIRECTION('',(0.E0,-9.999904807207E-1,-4.363309284746E-3));
#6707=AXIS2_PLACEMENT_3D('',#6704,#6705,#6706);
#6708=CYLINDRICAL_SURFACE('',#6707,4.2E-1);
#6710=ORIENTED_EDGE('',*,*,#6709,.T.);
#6711=ORIENTED_EDGE('',*,*,#6697,.F.);
#6712=ORIENTED_EDGE('',*,*,#6685,.T.);
#6714=ORIENTED_EDGE('',*,*,#6713,.T.);
#6715=EDGE_LOOP('',(#6710,#6711,#6712,#6714));
#6716=FACE_OUTER_BOUND('',#6715,.F.);
#6718=CARTESIAN_POINT('',(1.815E0,-2.256E0,-7.28E0));
#6719=DIRECTION('',(9.999904807207E-1,0.E0,-4.363309284747E-3));
#6720=DIRECTION('',(0.E0,1.E0,0.E0));
#6721=AXIS2_PLACEMENT_3D('',#6718,#6719,#6720);
#6722=PLANE('',#6721);
#6724=ORIENTED_EDGE('',*,*,#6723,.F.);
#6725=ORIENTED_EDGE('',*,*,#6646,.F.);
#6726=ORIENTED_EDGE('',*,*,#6699,.F.);
#6727=ORIENTED_EDGE('',*,*,#6709,.F.);
#6729=ORIENTED_EDGE('',*,*,#6728,.F.);
#6731=ORIENTED_EDGE('',*,*,#6730,.F.);
#6732=ORIENTED_EDGE('',*,*,#4043,.T.);
#6734=ORIENTED_EDGE('',*,*,#6733,.T.);
#6736=ORIENTED_EDGE('',*,*,#6735,.F.);
#6737=EDGE_LOOP('',(#6724,#6725,#6726,#6727,#6729,#6731,#6732,#6734,#6736));
#6738=FACE_OUTER_BOUND('',#6737,.F.);
#6740=CARTESIAN_POINT('',(1.921437945778E0,-3.131929022172E0,
-7.499928605406E-2));
#6741=DIRECTION('',(-7.055624319347E-1,0.E0,7.086477648609E-1));
#6742=DIRECTION('',(7.086477648609E-1,0.E0,7.055624319347E-1));
#6743=AXIS2_PLACEMENT_3D('',#6740,#6741,#6742);
#6744=PLANE('',#6743);
#6745=ORIENTED_EDGE('',*,*,#6349,.T.);
#6746=ORIENTED_EDGE('',*,*,#6648,.F.);
#6747=ORIENTED_EDGE('',*,*,#6723,.T.);
#6749=ORIENTED_EDGE('',*,*,#6748,.T.);
#6750=EDGE_LOOP('',(#6745,#6746,#6747,#6749));
#6751=FACE_OUTER_BOUND('',#6750,.F.);
#6753=CARTESIAN_POINT('',(2.065E0,-2.358074594958E0,-7.499928605406E-2));
#6754=DIRECTION('',(0.E0,7.055624319347E-1,7.086477648609E-1));
#6755=DIRECTION('',(0.E0,7.086477648609E-1,-7.055624319347E-1));
#6756=AXIS2_PLACEMENT_3D('',#6753,#6754,#6755);
#6757=PLANE('',#6756);
#6758=ORIENTED_EDGE('',*,*,#6351,.T.);
#6759=ORIENTED_EDGE('',*,*,#6748,.F.);
#6761=ORIENTED_EDGE('',*,*,#6760,.F.);
#6763=ORIENTED_EDGE('',*,*,#6762,.T.);
#6764=EDGE_LOOP('',(#6758,#6759,#6761,#6763));
#6765=FACE_OUTER_BOUND('',#6764,.F.);
#6767=CARTESIAN_POINT('',(-2.292368753743E0,-2.256E0,-6.28E0));
#6768=DIRECTION('',(0.E0,-9.999904807207E-1,-4.363309284746E-3));
#6769=DIRECTION('',(0.E0,-4.363309284746E-3,9.999904807207E-1));
#6770=AXIS2_PLACEMENT_3D('',#6767,#6768,#6769);
#6771=PLANE('',#6770);
#6772=ORIENTED_EDGE('',*,*,#6760,.T.);
#6773=ORIENTED_EDGE('',*,*,#6735,.T.);
#6775=ORIENTED_EDGE('',*,*,#6774,.T.);
#6777=ORIENTED_EDGE('',*,*,#6776,.F.);
#6778=EDGE_LOOP('',(#6772,#6773,#6775,#6777));
#6779=FACE_OUTER_BOUND('',#6778,.F.);
#6781=CARTESIAN_POINT('',(-2.292368753743E0,-2.256E0,-6.28E0));
#6782=DIRECTION('',(0.E0,-9.999904807207E-1,-4.363309284746E-3));
#6783=DIRECTION('',(0.E0,-4.363309284746E-3,9.999904807207E-1));
#6784=AXIS2_PLACEMENT_3D('',#6781,#6782,#6783);
#6785=PLANE('',#6784);
#6787=ORIENTED_EDGE('',*,*,#6786,.T.);
#6789=ORIENTED_EDGE('',*,*,#6788,.T.);
#6791=ORIENTED_EDGE('',*,*,#6790,.F.);
#6792=ORIENTED_EDGE('',*,*,#6676,.F.);
#6793=EDGE_LOOP('',(#6787,#6789,#6791,#6792));
#6794=FACE_OUTER_BOUND('',#6793,.F.);
#6796=CARTESIAN_POINT('',(2.293823204017E0,-2.256E0,-7.28E0));
#6797=DIRECTION('',(0.E0,1.E0,0.E0));
#6798=DIRECTION('',(0.E0,0.E0,1.E0));
#6799=AXIS2_PLACEMENT_3D('',#6796,#6797,#6798);
#6800=PLANE('',#6799);
#6801=ORIENTED_EDGE('',*,*,#6774,.F.);
#6802=ORIENTED_EDGE('',*,*,#6733,.F.);
#6803=ORIENTED_EDGE('',*,*,#4041,.T.);
#6805=ORIENTED_EDGE('',*,*,#6804,.T.);
#6806=EDGE_LOOP('',(#6801,#6802,#6803,#6805));
#6807=FACE_OUTER_BOUND('',#6806,.F.);
#6809=CARTESIAN_POINT('',(2.315E0,-3.85E0,-7.28E0));
#6810=DIRECTION('',(-9.999904807207E-1,0.E0,-4.363309284747E-3));
#6811=DIRECTION('',(0.E0,-1.E0,0.E0));
#6812=AXIS2_PLACEMENT_3D('',#6809,#6810,#6811);
#6813=PLANE('',#6812);
#6814=ORIENTED_EDGE('',*,*,#6776,.T.);
#6815=ORIENTED_EDGE('',*,*,#6804,.F.);
#6816=ORIENTED_EDGE('',*,*,#4039,.T.);
#6818=ORIENTED_EDGE('',*,*,#6817,.F.);
#6820=ORIENTED_EDGE('',*,*,#6819,.F.);
#6821=EDGE_LOOP('',(#6814,#6815,#6816,#6818,#6820));
#6822=FACE_OUTER_BOUND('',#6821,.F.);
#6824=CARTESIAN_POINT('',(2.478631770221E0,-3.686368229779E0,1.251456E1));
#6825=DIRECTION('',(4.363267749978E-3,4.363267749978E-3,-9.999809617133E-1));
#6826=DIRECTION('',(0.E0,-9.999904807207E-1,-4.363309284747E-3));
#6827=AXIS2_PLACEMENT_3D('',#6824,#6825,#6826);
#6828=CYLINDRICAL_SURFACE('',#6827,2.5E-1);
#6829=ORIENTED_EDGE('',*,*,#6193,.F.);
#6831=ORIENTED_EDGE('',*,*,#6830,.F.);
#6832=ORIENTED_EDGE('',*,*,#6817,.T.);
#6833=ORIENTED_EDGE('',*,*,#4037,.T.);
#6834=EDGE_LOOP('',(#6829,#6831,#6832,#6833));
#6835=FACE_OUTER_BOUND('',#6834,.F.);
#6837=CARTESIAN_POINT('',(2.292465005993E0,-3.625239210140E0,
-1.584827563011E-1));
#6838=CARTESIAN_POINT('',(2.292417301937E0,-3.627196525068E0,
-1.584769908136E-1));
#6839=CARTESIAN_POINT('',(2.292201271314E0,-3.644924474459E0,
-1.584253924065E-1));
#6840=CARTESIAN_POINT('',(2.295484894526E0,-3.678465718720E0,
-1.583383858342E-1));
#6841=CARTESIAN_POINT('',(2.309381632659E0,-3.724253072494E0,
-1.582466835161E-1));
#6842=CARTESIAN_POINT('',(2.331873203870E0,-3.766267686076E0,
-1.581905444921E-1));
#6843=CARTESIAN_POINT('',(2.362220824755E0,-3.803184345269E0,
-1.581716550476E-1));
#6844=CARTESIAN_POINT('',(2.399102042344E0,-3.833367955302E0,
-1.581909141964E-1));
#6845=CARTESIAN_POINT('',(2.441264425697E0,-3.855852131569E0,
-1.582474994006E-1));
#6846=CARTESIAN_POINT('',(2.487207523848E0,-3.869625585935E0,
-1.583400040714E-1));
#6847=CARTESIAN_POINT('',(2.520244091774E0,-3.872794020221E0,
-1.584258906628E-1));
#6848=CARTESIAN_POINT('',(2.537805705667E0,-3.872583011931E0,
-1.584769963256E-1));
#6849=CARTESIAN_POINT('',(2.539766231399E0,-3.872536058956E0,
-1.584827688861E-1));
#6850=CARTESIAN_POINT('',(2.236593955927E0,-3.623879881974E0,
-1.028325037500E-1));
#6851=CARTESIAN_POINT('',(2.236535226627E0,-3.626290158682E0,
-1.028287627782E-1));
#6852=CARTESIAN_POINT('',(2.236269332332E0,-3.648120703117E0,
-1.027952828368E-1));
#6853=CARTESIAN_POINT('',(2.240313088396E0,-3.689423954781E0,
-1.027388280913E-1));
#6854=CARTESIAN_POINT('',(2.257426108752E0,-3.745807419550E0,
-1.026793264825E-1));
#6855=CARTESIAN_POINT('',(2.285122928988E0,-3.797545107246E0,
-1.026429003341E-1));
#6856=CARTESIAN_POINT('',(2.322493788131E0,-3.843005148270E0,
-1.026306438028E-1));
#6857=CARTESIAN_POINT('',(2.367910184519E0,-3.880174041323E0,
-1.026431402190E-1));
#6858=CARTESIAN_POINT('',(2.419829838538E0,-3.907861756380E0,
-1.026798558742E-1));
#6859=CARTESIAN_POINT('',(2.476405088365E0,-3.924822964091E0,
-1.027398780944E-1));
#6860=CARTESIAN_POINT('',(2.517086872926E0,-3.928724870814E0,
-1.027956061334E-1));
#6861=CARTESIAN_POINT('',(2.538712588208E0,-3.928465159892E0,
-1.028287663547E-1));
#6862=CARTESIAN_POINT('',(2.541126818725E0,-3.928407355509E0,
-1.028325119158E-1));
#6863=CARTESIAN_POINT('',(2.180722905861E0,-3.622520553809E0,
-4.718225119884E-2));
#6864=CARTESIAN_POINT('',(2.180653151317E0,-3.625383792295E0,
-4.718053474283E-2));
#6865=CARTESIAN_POINT('',(2.180337393350E0,-3.651316931776E0,
-4.716517326713E-2));
#6866=CARTESIAN_POINT('',(2.185141282266E0,-3.700382190842E0,
-4.713927034844E-2));
#6867=CARTESIAN_POINT('',(2.205470584844E0,-3.767361766606E0,
-4.711196944891E-2));
#6868=CARTESIAN_POINT('',(2.238372654106E0,-3.828822528417E0,
-4.709525617616E-2));
#6869=CARTESIAN_POINT('',(2.282766751507E0,-3.882825951272E0,
-4.708963255795E-2));
#6870=CARTESIAN_POINT('',(2.336718326695E0,-3.926980127344E0,
-4.709536624164E-2));
#6871=CARTESIAN_POINT('',(2.398395251378E0,-3.959871381190E0,
-4.711221234770E-2));
#6872=CARTESIAN_POINT('',(2.465602652881E0,-3.980020342248E0,
-4.713975211742E-2));
#6873=CARTESIAN_POINT('',(2.513929654077E0,-3.984655721408E0,
-4.716532160411E-2));
#6874=CARTESIAN_POINT('',(2.539619470750E0,-3.984347307852E0,
-4.718053638381E-2));
#6875=CARTESIAN_POINT('',(2.542487406050E0,-3.984278652062E0,
-4.718225494553E-2));
#6876=CARTESIAN_POINT('',(2.124851855796E0,-3.621161225643E0,
8.468001352317E-3));
#6877=CARTESIAN_POINT('',(2.124771076008E0,-3.624477425909E0,
8.467693292582E-3));
#6878=CARTESIAN_POINT('',(2.124405454368E0,-3.654513160434E0,
8.464936302536E-3));
#6879=CARTESIAN_POINT('',(2.129969476136E0,-3.711340426904E0,
8.460287394419E-3));
#6880=CARTESIAN_POINT('',(2.153515060936E0,-3.788916113661E0,
8.455387584675E-3));
#6881=CARTESIAN_POINT('',(2.191622379224E0,-3.860099949587E0,
8.452387981804E-3));
#6882=CARTESIAN_POINT('',(2.243039714883E0,-3.922646754273E0,
8.451378686880E-3));
#6883=CARTESIAN_POINT('',(2.305526468870E0,-3.973786213366E0,
8.452407735727E-3));
#6884=CARTESIAN_POINT('',(2.376960664219E0,-4.011881006E0,8.455431178766E-3));
#6885=CARTESIAN_POINT('',(2.454800217398E0,-4.035217720404E0,
8.460373859568E-3));
#6886=CARTESIAN_POINT('',(2.510772435229E0,-4.040586572001E0,
8.464962925210E-3));
#6887=CARTESIAN_POINT('',(2.540526353291E0,-4.040229455812E0,
8.467693587096E-3));
#6888=CARTESIAN_POINT('',(2.543847993376E0,-4.040149948615E0,
8.468002024753E-3));
#6889=B_SPLINE_SURFACE_WITH_KNOTS('',3,3,((#6837,#6838,#6839,#6840,#6841,#6842,
#6843,#6844,#6845,#6846,#6847,#6848,#6849),(#6850,#6851,#6852,#6853,#6854,#6855,
#6856,#6857,#6858,#6859,#6860,#6861,#6862),(#6863,#6864,#6865,#6866,#6867,#6868,
#6869,#6870,#6871,#6872,#6873,#6874,#6875),(#6876,#6877,#6878,#6879,#6880,#6881,
#6882,#6883,#6884,#6885,#6886,#6887,#6888)),.UNSPECIFIED.,.F.,.F.,.F.,(4,4),(4,
1,1,1,1,1,1,1,1,1,4),(-5.644778978712E-2,1.056447789787E0),(-1.552123446062E-2,
0.E0,1.25E-1,2.5E-1,3.75E-1,5.E-1,6.25E-1,7.5E-1,8.75E-1,1.E0,1.015701788412E0),
.UNSPECIFIED.);
#6890=ORIENTED_EDGE('',*,*,#6830,.T.);
#6891=ORIENTED_EDGE('',*,*,#6225,.T.);
#6892=ORIENTED_EDGE('',*,*,#6355,.F.);
#6894=ORIENTED_EDGE('',*,*,#6893,.F.);
#6895=EDGE_LOOP('',(#6890,#6891,#6892,#6894));
#6896=FACE_OUTER_BOUND('',#6895,.F.);
#6898=CARTESIAN_POINT('',(2.208562054222E0,-2.956930212082E0,
-7.499928605406E-2));
#6899=DIRECTION('',(7.055624319347E-1,0.E0,7.086477648609E-1));
#6900=DIRECTION('',(-7.086477648609E-1,0.E0,7.055624319347E-1));
#6901=AXIS2_PLACEMENT_3D('',#6898,#6899,#6900);
#6902=PLANE('',#6901);
#6903=ORIENTED_EDGE('',*,*,#6819,.T.);
#6904=ORIENTED_EDGE('',*,*,#6893,.T.);
#6905=ORIENTED_EDGE('',*,*,#6353,.F.);
#6906=ORIENTED_EDGE('',*,*,#6762,.F.);
#6907=EDGE_LOOP('',(#6903,#6904,#6905,#6906));
#6908=FACE_OUTER_BOUND('',#6907,.F.);
#6910=CARTESIAN_POINT('',(-2.065E0,-2.358074594958E0,-7.499928605406E-2));
#6911=DIRECTION('',(0.E0,7.055624319347E-1,7.086477648609E-1));
#6912=DIRECTION('',(0.E0,7.086477648609E-1,-7.055624319347E-1));
#6913=AXIS2_PLACEMENT_3D('',#6910,#6911,#6912);
#6914=PLANE('',#6913);
#6915=ORIENTED_EDGE('',*,*,#6786,.F.);
#6916=ORIENTED_EDGE('',*,*,#6662,.T.);
#6917=ORIENTED_EDGE('',*,*,#6379,.T.);
#6919=ORIENTED_EDGE('',*,*,#6918,.F.);
#6920=EDGE_LOOP('',(#6915,#6916,#6917,#6919));
#6921=FACE_OUTER_BOUND('',#6920,.F.);
#6923=CARTESIAN_POINT('',(-2.208562054222E0,-2.956930212082E0,
-7.499928605406E-2));
#6924=DIRECTION('',(-7.055624319347E-1,0.E0,7.086477648609E-1));
#6925=DIRECTION('',(7.086477648609E-1,0.E0,7.055624319347E-1));
#6926=AXIS2_PLACEMENT_3D('',#6923,#6924,#6925);
#6927=PLANE('',#6926);
#6928=ORIENTED_EDGE('',*,*,#6377,.F.);
#6930=ORIENTED_EDGE('',*,*,#6929,.F.);
#6932=ORIENTED_EDGE('',*,*,#6931,.T.);
#6933=ORIENTED_EDGE('',*,*,#6918,.T.);
#6934=EDGE_LOOP('',(#6928,#6930,#6932,#6933));
#6935=FACE_OUTER_BOUND('',#6934,.F.);
#6937=CARTESIAN_POINT('',(-2.539760789860E0,-3.872534994007E0,
-1.584827563011E-1));
#6938=CARTESIAN_POINT('',(-2.537803474932E0,-3.872582698063E0,
-1.584769908136E-1));
#6939=CARTESIAN_POINT('',(-2.520075525541E0,-3.872798728686E0,
-1.584253924065E-1));
#6940=CARTESIAN_POINT('',(-2.486534281280E0,-3.869515105474E0,
-1.583383858342E-1));
#6941=CARTESIAN_POINT('',(-2.440746927506E0,-3.855618367341E0,
-1.582466835161E-1));
#6942=CARTESIAN_POINT('',(-2.398732313924E0,-3.833126796130E0,
-1.581905444921E-1));
#6943=CARTESIAN_POINT('',(-2.361815654731E0,-3.802779175245E0,
-1.581716550476E-1));
#6944=CARTESIAN_POINT('',(-2.331632044698E0,-3.765897957656E0,
-1.581909141964E-1));
#6945=CARTESIAN_POINT('',(-2.309147868431E0,-3.723735574303E0,
-1.582474994006E-1));
#6946=CARTESIAN_POINT('',(-2.295374414065E0,-3.677792476152E0,
-1.583400040714E-1));
#6947=CARTESIAN_POINT('',(-2.292205979779E0,-3.644755908226E0,
-1.584258906628E-1));
#6948=CARTESIAN_POINT('',(-2.292416988069E0,-3.627194294333E0,
-1.584769963256E-1));
#6949=CARTESIAN_POINT('',(-2.292463941044E0,-3.625233768601E0,
-1.584827688861E-1));
#6950=CARTESIAN_POINT('',(-2.541120118026E0,-3.928406044073E0,
-1.028325037500E-1));
#6951=CARTESIAN_POINT('',(-2.538709841318E0,-3.928464773373E0,
-1.028287627782E-1));
#6952=CARTESIAN_POINT('',(-2.516879296883E0,-3.928730667668E0,
-1.027952828368E-1));
#6953=CARTESIAN_POINT('',(-2.475576045219E0,-3.924686911604E0,
-1.027388280913E-1));
#6954=CARTESIAN_POINT('',(-2.419192580450E0,-3.907573891248E0,
-1.026793264825E-1));
#6955=CARTESIAN_POINT('',(-2.367454892754E0,-3.879877071012E0,
-1.026429003341E-1));
#6956=CARTESIAN_POINT('',(-2.321994851730E0,-3.842506211869E0,
-1.026306438028E-1));
#6957=CARTESIAN_POINT('',(-2.284825958677E0,-3.797089815481E0,
-1.026431402190E-1));
#6958=CARTESIAN_POINT('',(-2.257138243620E0,-3.745170161462E0,
-1.026798558742E-1));
#6959=CARTESIAN_POINT('',(-2.240177035909E0,-3.688594911635E0,
-1.027398780944E-1));
#6960=CARTESIAN_POINT('',(-2.236275129186E0,-3.647913127074E0,
-1.027956061334E-1));
#6961=CARTESIAN_POINT('',(-2.236534840108E0,-3.626287411792E0,
-1.028287663547E-1));
#6962=CARTESIAN_POINT('',(-2.236592644491E0,-3.623873181275E0,
-1.028325119158E-1));
#6963=CARTESIAN_POINT('',(-2.542479446191E0,-3.984277094139E0,
-4.718225119884E-2));
#6964=CARTESIAN_POINT('',(-2.539616207705E0,-3.984346848683E0,
-4.718053474283E-2));
#6965=CARTESIAN_POINT('',(-2.513683068224E0,-3.984662606650E0,
-4.716517326713E-2));
#6966=CARTESIAN_POINT('',(-2.464617809158E0,-3.979858717734E0,
-4.713927034844E-2));
#6967=CARTESIAN_POINT('',(-2.397638233394E0,-3.959529415156E0,
-4.711196944891E-2));
#6968=CARTESIAN_POINT('',(-2.336177471583E0,-3.926627345894E0,
-4.709525617616E-2));
#6969=CARTESIAN_POINT('',(-2.282174048728E0,-3.882233248493E0,
-4.708963255795E-2));
#6970=CARTESIAN_POINT('',(-2.238019872656E0,-3.828281673305E0,
-4.709536624164E-2));
#6971=CARTESIAN_POINT('',(-2.205128618810E0,-3.766604748622E0,
-4.711221234770E-2));
#6972=CARTESIAN_POINT('',(-2.184979657752E0,-3.699397347119E0,
-4.713975211742E-2));
#6973=CARTESIAN_POINT('',(-2.180344278592E0,-3.651070345923E0,
-4.716532160411E-2));
#6974=CARTESIAN_POINT('',(-2.180652692148E0,-3.625380529250E0,
-4.718053638381E-2));
#6975=CARTESIAN_POINT('',(-2.180721347938E0,-3.622512593950E0,
-4.718225494553E-2));
#6976=CARTESIAN_POINT('',(-2.543838774357E0,-4.040148144204E0,
8.468001352317E-3));
#6977=CARTESIAN_POINT('',(-2.540522574091E0,-4.040228923992E0,
8.467693292582E-3));
#6978=CARTESIAN_POINT('',(-2.510486839566E0,-4.040594545632E0,
8.464936302535E-3));
#6979=CARTESIAN_POINT('',(-2.453659573096E0,-4.035030523864E0,
8.460287394419E-3));
#6980=CARTESIAN_POINT('',(-2.376083886339E0,-4.011484939064E0,
8.455387584675E-3));
#6981=CARTESIAN_POINT('',(-2.304900050413E0,-3.973377620776E0,
8.452387981804E-3));
#6982=CARTESIAN_POINT('',(-2.242353245727E0,-3.921960285117E0,
8.451378686880E-3));
#6983=CARTESIAN_POINT('',(-2.191213786634E0,-3.859473531130E0,
8.452407735727E-3));
#6984=CARTESIAN_POINT('',(-2.153118994E0,-3.788039335781E0,8.455431178766E-3));
#6985=CARTESIAN_POINT('',(-2.129782279596E0,-3.710199782602E0,
8.460373859568E-3));
#6986=CARTESIAN_POINT('',(-2.124413427999E0,-3.654227564771E0,
8.464962925210E-3));
#6987=CARTESIAN_POINT('',(-2.124770544188E0,-3.624473646709E0,
8.467693587096E-3));
#6988=CARTESIAN_POINT('',(-2.124850051385E0,-3.621152006624E0,
8.468002024753E-3));
#6989=B_SPLINE_SURFACE_WITH_KNOTS('',3,3,((#6937,#6938,#6939,#6940,#6941,#6942,
#6943,#6944,#6945,#6946,#6947,#6948,#6949),(#6950,#6951,#6952,#6953,#6954,#6955,
#6956,#6957,#6958,#6959,#6960,#6961,#6962),(#6963,#6964,#6965,#6966,#6967,#6968,
#6969,#6970,#6971,#6972,#6973,#6974,#6975),(#6976,#6977,#6978,#6979,#6980,#6981,
#6982,#6983,#6984,#6985,#6986,#6987,#6988)),.UNSPECIFIED.,.F.,.F.,.F.,(4,4),(4,
1,1,1,1,1,1,1,1,1,4),(-5.644778978712E-2,1.056447789787E0),(-1.552123446061E-2,
0.E0,1.25E-1,2.5E-1,3.75E-1,5.E-1,6.25E-1,7.5E-1,8.75E-1,1.E0,1.015701788412E0),
.UNSPECIFIED.);
#6991=ORIENTED_EDGE('',*,*,#6990,.T.);
#6992=ORIENTED_EDGE('',*,*,#6929,.T.);
#6993=ORIENTED_EDGE('',*,*,#6375,.F.);
#6995=ORIENTED_EDGE('',*,*,#6994,.F.);
#6996=EDGE_LOOP('',(#6991,#6992,#6993,#6995));
#6997=FACE_OUTER_BOUND('',#6996,.F.);
#6999=CARTESIAN_POINT('',(-2.478631770221E0,-3.686368229779E0,1.251456E1));
#7000=DIRECTION('',(-4.363267749978E-3,4.363267749978E-3,-9.999809617133E-1));
#7001=DIRECTION('',(9.999904807207E-1,0.E0,-4.363309284747E-3));
#7002=AXIS2_PLACEMENT_3D('',#6999,#7000,#7001);
#7003=CYLINDRICAL_SURFACE('',#7002,2.5E-1);
#7005=ORIENTED_EDGE('',*,*,#7004,.F.);
#7006=ORIENTED_EDGE('',*,*,#6990,.F.);
#7007=ORIENTED_EDGE('',*,*,#6208,.T.);
#7008=ORIENTED_EDGE('',*,*,#4053,.T.);
#7009=EDGE_LOOP('',(#7005,#7006,#7007,#7008));
#7010=FACE_OUTER_BOUND('',#7009,.F.);
#7012=CARTESIAN_POINT('',(-2.315E0,-2.256E0,-7.28E0));
#7013=DIRECTION('',(9.999904807207E-1,0.E0,-4.363309284747E-3));
#7014=DIRECTION('',(0.E0,1.E0,0.E0));
#7015=AXIS2_PLACEMENT_3D('',#7012,#7013,#7014);
#7016=PLANE('',#7015);
#7017=ORIENTED_EDGE('',*,*,#6788,.F.);
#7018=ORIENTED_EDGE('',*,*,#6931,.F.);
#7019=ORIENTED_EDGE('',*,*,#7004,.T.);
#7020=ORIENTED_EDGE('',*,*,#4051,.T.);
#7022=ORIENTED_EDGE('',*,*,#7021,.F.);
#7023=EDGE_LOOP('',(#7017,#7018,#7019,#7020,#7022));
#7024=FACE_OUTER_BOUND('',#7023,.F.);
#7026=CARTESIAN_POINT('',(-2.293823204017E0,-2.256E0,0.E0));
#7027=DIRECTION('',(0.E0,1.E0,0.E0));
#7028=DIRECTION('',(0.E0,0.E0,-1.E0));
#7029=AXIS2_PLACEMENT_3D('',#7026,#7027,#7028);
#7030=PLANE('',#7029);
#7031=ORIENTED_EDGE('',*,*,#6790,.T.);
#7032=ORIENTED_EDGE('',*,*,#7021,.T.);
#7033=ORIENTED_EDGE('',*,*,#4049,.F.);
#7034=ORIENTED_EDGE('',*,*,#6678,.F.);
#7035=EDGE_LOOP('',(#7031,#7032,#7033,#7034));
#7036=FACE_OUTER_BOUND('',#7035,.F.);
#7038=CARTESIAN_POINT('',(-2.720318324590E0,-3.956437945778E0,
-7.499928605406E-2));
#7039=DIRECTION('',(0.E0,7.055624319347E-1,7.086477648609E-1));
#7040=DIRECTION('',(0.E0,-7.086477648609E-1,7.055624319347E-1));
#7041=AXIS2_PLACEMENT_3D('',#7038,#7039,#7040);
#7042=PLANE('',#7041);
#7043=ORIENTED_EDGE('',*,*,#6210,.T.);
#7044=ORIENTED_EDGE('',*,*,#6994,.T.);
#7045=ORIENTED_EDGE('',*,*,#6373,.F.);
#7047=ORIENTED_EDGE('',*,*,#7046,.F.);
#7048=EDGE_LOOP('',(#7043,#7044,#7045,#7047));
#7049=FACE_OUTER_BOUND('',#7048,.F.);
#7051=CARTESIAN_POINT('',(-3.148171643127E0,-3.625239209325E0,
-1.584827563037E-1));
#7052=CARTESIAN_POINT('',(-3.148219347224E0,-3.627196524484E0,
-1.584769908154E-1));
#7053=CARTESIAN_POINT('',(-3.148435378022E0,-3.644924477058E0,
-1.584253923985E-1));
#7054=CARTESIAN_POINT('',(-3.145151751988E0,-3.678465732452E0,
-1.583383858023E-1));
#7055=CARTESIAN_POINT('',(-3.131255014669E0,-3.724253075909E0,
-1.582466835116E-1));
#7056=CARTESIAN_POINT('',(-3.108763441254E0,-3.766267692747E0,
-1.581905444846E-1));
#7057=CARTESIAN_POINT('',(-3.078415818907E0,-3.803184350423E0,
-1.581716550487E-1));
#7058=CARTESIAN_POINT('',(-3.041534602753E0,-3.833367958155E0,
-1.581909141999E-1));
#7059=CARTESIAN_POINT('',(-2.999372214689E0,-3.855852135418E0,
-1.582474994148E-1));
#7060=CARTESIAN_POINT('',(-2.953429117644E0,-3.869625587024E0,
-1.583400040904E-1));
#7061=CARTESIAN_POINT('',(-2.920392554994E0,-3.872794020206E0,
-1.584258906697E-1));
#7062=CARTESIAN_POINT('',(-2.902830942933E0,-3.872583011926E0,
-1.584769963273E-1));
#7063=CARTESIAN_POINT('',(-2.900870416894E0,-3.872536058942E0,
-1.584827688887E-1));
#7064=CARTESIAN_POINT('',(-3.204042693179E0,-3.623879880971E0,
-1.028325037516E-1));
#7065=CARTESIAN_POINT('',(-3.204101422530E0,-3.626290157963E0,
-1.028287627794E-1));
#7066=CARTESIAN_POINT('',(-3.204367317041E0,-3.648120706318E0,
-1.027952828317E-1));
#7067=CARTESIAN_POINT('',(-3.200323557501E0,-3.689423971691E0,
-1.027388280706E-1));
#7068=CARTESIAN_POINT('',(-3.183210538148E0,-3.745807423755E0,
-1.026793264796E-1));
#7069=CARTESIAN_POINT('',(-3.155513715197E0,-3.797545115461E0,
-1.026429003292E-1));
#7070=CARTESIAN_POINT('',(-3.118142854255E0,-3.843005154617E0,
-1.026306438035E-1));
#7071=CARTESIAN_POINT('',(-3.072726459632E0,-3.880174044837E0,
-1.026431402213E-1));
#7072=CARTESIAN_POINT('',(-3.020806799814E0,-3.907861761119E0,
-1.026798558834E-1));
#7073=CARTESIAN_POINT('',(-2.964231551349E0,-3.924822965433E0,
-1.027398781067E-1));
#7074=CARTESIAN_POINT('',(-2.923549773284E0,-3.928724870796E0,
-1.027956061380E-1));
#7075=CARTESIAN_POINT('',(-2.901924060258E0,-3.928465159886E0,
-1.028287663558E-1));
#7076=CARTESIAN_POINT('',(-2.899509829364E0,-3.928407355492E0,
-1.028325119175E-1));
#7077=CARTESIAN_POINT('',(-3.259913743231E0,-3.622520552617E0,
-4.718225119958E-2));
#7078=CARTESIAN_POINT('',(-3.259983497835E0,-3.625383791441E0,
-4.718053474334E-2));
#7079=CARTESIAN_POINT('',(-3.260299256059E0,-3.651316935578E0,
-4.716517326477E-2));
#7080=CARTESIAN_POINT('',(-3.255495363015E0,-3.700382210931E0,
-4.713927033896E-2));
#7081=CARTESIAN_POINT('',(-3.235166061627E0,-3.767361771601E0,
-4.711196944757E-2));
#7082=CARTESIAN_POINT('',(-3.202263989141E0,-3.828822538175E0,
-4.709525617392E-2));
#7083=CARTESIAN_POINT('',(-3.157869889602E0,-3.882825958811E0,
-4.708963255826E-2));
#7084=CARTESIAN_POINT('',(-3.103918316512E0,-3.926980131518E0,
-4.709536624269E-2));
#7085=CARTESIAN_POINT('',(-3.042241384939E0,-3.959871386821E0,
-4.711221235193E-2));
#7086=CARTESIAN_POINT('',(-2.975033985054E0,-3.980020343841E0,
-4.713975212306E-2));
#7087=CARTESIAN_POINT('',(-2.926706991574E0,-3.984655721386E0,
-4.716532160619E-2));
#7088=CARTESIAN_POINT('',(-2.901017177582E0,-3.984347307845E0,
-4.718053638431E-2));
#7089=CARTESIAN_POINT('',(-2.898149241833E0,-3.984278652042E0,
-4.718225494630E-2));
#7090=CARTESIAN_POINT('',(-3.315784793283E0,-3.621161224263E0,
8.468001352452E-3));
#7091=CARTESIAN_POINT('',(-3.315865573140E0,-3.624477424920E0,
8.467693292675E-3));
#7092=CARTESIAN_POINT('',(-3.316231195078E0,-3.654513164838E0,
8.464936302112E-3));
#7093=CARTESIAN_POINT('',(-3.310667168528E0,-3.711340450170E0,
8.460287392719E-3));
#7094=CARTESIAN_POINT('',(-3.287121585107E0,-3.788916119447E0,
8.455387584435E-3));
#7095=CARTESIAN_POINT('',(-3.249014263084E0,-3.860099960889E0,
8.452387981402E-3));
#7096=CARTESIAN_POINT('',(-3.197596924949E0,-3.922646763005E0,
8.451378686936E-3));
#7097=CARTESIAN_POINT('',(-3.135110173392E0,-3.973786218199E0,
8.452407735916E-3));
#7098=CARTESIAN_POINT('',(-3.063675970063E0,-4.011881012522E0,
8.455431179525E-3));
#7099=CARTESIAN_POINT('',(-2.985836418758E0,-4.035217722250E0,
8.460373860581E-3));
#7100=CARTESIAN_POINT('',(-2.929864209864E0,-4.040586571976E0,
8.464962925583E-3));
#7101=CARTESIAN_POINT('',(-2.900110294907E0,-4.040229455804E0,
8.467693587186E-3));
#7102=CARTESIAN_POINT('',(-2.896788654303E0,-4.040149948592E0,
8.468002024891E-3));
#7103=B_SPLINE_SURFACE_WITH_KNOTS('',3,3,((#7051,#7052,#7053,#7054,#7055,#7056,
#7057,#7058,#7059,#7060,#7061,#7062,#7063),(#7064,#7065,#7066,#7067,#7068,#7069,
#7070,#7071,#7072,#7073,#7074,#7075,#7076),(#7077,#7078,#7079,#7080,#7081,#7082,
#7083,#7084,#7085,#7086,#7087,#7088,#7089),(#7090,#7091,#7092,#7093,#7094,#7095,
#7096,#7097,#7098,#7099,#7100,#7101,#7102)),.UNSPECIFIED.,.F.,.F.,.F.,(4,4),(4,
1,1,1,1,1,1,1,1,1,4),(-5.644778978712E-2,1.056447789787E0),(-1.552123378395E-2,
0.E0,1.25E-1,2.5E-1,3.75E-1,5.E-1,6.25E-1,7.5E-1,8.75E-1,1.E0,1.015701792908E0),
.UNSPECIFIED.);
#7104=ORIENTED_EDGE('',*,*,#4002,.T.);
#7105=ORIENTED_EDGE('',*,*,#7046,.T.);
#7106=ORIENTED_EDGE('',*,*,#6371,.F.);
#7107=ORIENTED_EDGE('',*,*,#3962,.F.);
#7108=EDGE_LOOP('',(#7104,#7105,#7106,#7107));
#7109=FACE_OUTER_BOUND('',#7108,.F.);
#7111=CARTESIAN_POINT('',(0.E0,-3.656292829561E0,-6.983707170439E0));
#7112=DIRECTION('',(0.E0,7.071067811865E-1,7.071067811865E-1));
#7113=DIRECTION('',(0.E0,7.071067811865E-1,-7.071067811865E-1));
#7114=AXIS2_PLACEMENT_3D('',#7111,#7112,#7113);
#7115=PLANE('',#7114);
#7117=ORIENTED_EDGE('',*,*,#7116,.F.);
#7118=ORIENTED_EDGE('',*,*,#6728,.T.);
#7119=ORIENTED_EDGE('',*,*,#6713,.F.);
#7120=ORIENTED_EDGE('',*,*,#6683,.T.);
#7121=EDGE_LOOP('',(#7117,#7118,#7119,#7120));
#7122=FACE_OUTER_BOUND('',#7121,.F.);
#7124=CARTESIAN_POINT('',(1.352700821512E1,-3.186030303803E0,-6.86E0));
#7125=DIRECTION('',(-1.E0,0.E0,0.E0));
#7126=DIRECTION('',(0.E0,0.E0,-1.E0));
#7127=AXIS2_PLACEMENT_3D('',#7124,#7125,#7126);
#7128=CYLINDRICAL_SURFACE('',#7127,4.2E-1);
#7129=ORIENTED_EDGE('',*,*,#6681,.T.);
#7130=ORIENTED_EDGE('',*,*,#4045,.F.);
#7131=ORIENTED_EDGE('',*,*,#6730,.T.);
#7132=ORIENTED_EDGE('',*,*,#7116,.T.);
#7133=EDGE_LOOP('',(#7129,#7130,#7131,#7132));
#7134=FACE_OUTER_BOUND('',#7133,.F.);
#7136=CARTESIAN_POINT('',(3.75E0,-1.574657797267E0,0.E0));
#7137=DIRECTION('',(0.E0,9.998476951564E-1,1.745240643728E-2));
#7138=DIRECTION('',(-1.E0,0.E0,0.E0));
#7139=AXIS2_PLACEMENT_3D('',#7136,#7137,#7138);
#7140=PLANE('',#7139);
#7141=ORIENTED_EDGE('',*,*,#6301,.F.);
#7142=ORIENTED_EDGE('',*,*,#6086,.F.);
#7143=ORIENTED_EDGE('',*,*,#6061,.F.);
#7145=ORIENTED_EDGE('',*,*,#7144,.F.);
#7146=ORIENTED_EDGE('',*,*,#5663,.T.);
#7147=ORIENTED_EDGE('',*,*,#5985,.F.);
#7149=ORIENTED_EDGE('',*,*,#7148,.F.);
#7150=ORIENTED_EDGE('',*,*,#6360,.T.);
#7151=EDGE_LOOP('',(#7141,#7142,#7143,#7145,#7146,#7147,#7149,#7150));
#7152=FACE_OUTER_BOUND('',#7151,.F.);
#7154=CARTESIAN_POINT('',(3.543698238631E0,1.749492821504E1,-2.4E0));
#7155=DIRECTION('',(0.E0,-1.E0,0.E0));
#7156=DIRECTION('',(9.999945016606E-1,0.E0,-3.316119501060E-3));
#7157=AXIS2_PLACEMENT_3D('',#7154,#7155,#7156);
#7158=CYLINDRICAL_SURFACE('',#7157,2.E-1);
#7159=ORIENTED_EDGE('',*,*,#6059,.F.);
#7160=ORIENTED_EDGE('',*,*,#6016,.T.);
#7161=ORIENTED_EDGE('',*,*,#5665,.T.);
#7162=ORIENTED_EDGE('',*,*,#7144,.T.);
#7163=EDGE_LOOP('',(#7159,#7160,#7161,#7162));
#7164=FACE_OUTER_BOUND('',#7163,.F.);
#7166=CARTESIAN_POINT('',(3.55E0,1.749492E1,-2.E-1));
#7167=DIRECTION('',(0.E0,-1.E0,0.E0));
#7168=DIRECTION('',(1.E0,0.E0,0.E0));
#7169=AXIS2_PLACEMENT_3D('',#7166,#7167,#7168);
#7170=CYLINDRICAL_SURFACE('',#7169,2.E-1);
#7172=ORIENTED_EDGE('',*,*,#7171,.T.);
#7173=ORIENTED_EDGE('',*,*,#6362,.F.);
#7174=ORIENTED_EDGE('',*,*,#7148,.T.);
#7175=ORIENTED_EDGE('',*,*,#5983,.T.);
#7176=EDGE_LOOP('',(#7172,#7173,#7174,#7175));
#7177=FACE_OUTER_BOUND('',#7176,.F.);
#7179=CARTESIAN_POINT('',(3.25E0,-4.35E0,-2.E-1));
#7180=DIRECTION('',(0.E0,0.E0,1.E0));
#7181=DIRECTION('',(1.E0,0.E0,0.E0));
#7182=AXIS2_PLACEMENT_3D('',#7179,#7180,#7181);
#7183=TOROIDAL_SURFACE('',#7182,3.E-1,2.E-1);
#7184=ORIENTED_EDGE('',*,*,#3899,.T.);
#7185=ORIENTED_EDGE('',*,*,#6364,.T.);
#7186=ORIENTED_EDGE('',*,*,#7171,.F.);
#7188=ORIENTED_EDGE('',*,*,#7187,.F.);
#7189=EDGE_LOOP('',(#7184,#7185,#7186,#7188));
#7190=FACE_OUTER_BOUND('',#7189,.F.);
#7192=CARTESIAN_POINT('',(3.25E0,-4.35E0,-5.147852E-1));
#7193=DIRECTION('',(0.E0,0.E0,1.E0));
#7194=DIRECTION('',(0.E0,-1.E0,0.E0));
#7195=AXIS2_PLACEMENT_3D('',#7192,#7193,#7194);
#7196=CYLINDRICAL_SURFACE('',#7195,5.E-1);
#7197=ORIENTED_EDGE('',*,*,#5981,.F.);
#7199=ORIENTED_EDGE('',*,*,#7198,.F.);
#7200=ORIENTED_EDGE('',*,*,#3883,.T.);
#7201=ORIENTED_EDGE('',*,*,#7187,.T.);
#7202=EDGE_LOOP('',(#7197,#7199,#7200,#7201));
#7203=FACE_OUTER_BOUND('',#7202,.F.);
#7205=CARTESIAN_POINT('',(3.178320392789E0,-4.278320392789E0,-2.211456E1));
#7206=DIRECTION('',(3.316101268109E-3,-3.316101268109E-3,9.999890034119E-1));
#7207=DIRECTION('',(0.E0,-9.999945016606E-1,-3.316119501059E-3));
#7208=AXIS2_PLACEMENT_3D('',#7205,#7206,#7207);
#7209=CYLINDRICAL_SURFACE('',#7208,5.E-1);
#7210=ORIENTED_EDGE('',*,*,#5483,.T.);
#7211=ORIENTED_EDGE('',*,*,#7198,.T.);
#7212=ORIENTED_EDGE('',*,*,#5659,.F.);
#7214=ORIENTED_EDGE('',*,*,#7213,.T.);
#7215=EDGE_LOOP('',(#7210,#7211,#7212,#7214));
#7216=FACE_OUTER_BOUND('',#7215,.F.);
#7218=CARTESIAN_POINT('',(3.210481910329E0,-4.820063447674E0,
-9.388668815852E0));
#7219=CARTESIAN_POINT('',(3.213815717255E0,-4.820130597260E0,
-9.388668815852E0));
#7220=CARTESIAN_POINT('',(3.249811057981E0,-4.820492196842E0,
-9.388668815852E0));
#7221=CARTESIAN_POINT('',(3.318619393255E0,-4.813721822233E0,
-9.388668815852E0));
#7222=CARTESIAN_POINT('',(3.412940525130E0,-4.785101355601E0,
-9.388668815852E0));
#7223=CARTESIAN_POINT('',(3.499889136727E0,-4.738627777622E0,
-9.388668815852E0));
#7224=CARTESIAN_POINT('',(3.576089629869E0,-4.676088286539E0,
-9.388668815852E0));
#7225=CARTESIAN_POINT('',(3.638628717148E0,-4.599887683833E0,
-9.388668815852E0));
#7226=CARTESIAN_POINT('',(3.685101720538E0,-4.512939502653E0,
-9.388668815852E0));
#7227=CARTESIAN_POINT('',(3.713721873560E0,-4.418618917089E0,
-9.388668815852E0));
#7228=CARTESIAN_POINT('',(3.720492059744E0,-4.349812398360E0,
-9.388668815852E0));
#7229=CARTESIAN_POINT('',(3.720130625088E0,-4.313818491597E0,
-9.388668815852E0));
#7230=CARTESIAN_POINT('',(3.720063531376E0,-4.310486070066E0,
-9.388668815852E0));
#7231=CARTESIAN_POINT('',(3.210336365023E0,-4.827330924775E0,
-9.516762602096E0));
#7232=CARTESIAN_POINT('',(3.213718669645E0,-4.827399053833E0,
-9.516762602096E0));
#7233=CARTESIAN_POINT('',(3.250237643117E0,-4.827765937982E0,
-9.516762602096E0));
#7234=CARTESIAN_POINT('',(3.320046946467E0,-4.820897044584E0,
-9.516762602096E0));
#7235=CARTESIAN_POINT('',(3.415740194567E0,-4.791860239427E0,
-9.516762602096E0));
#7236=CARTESIAN_POINT('',(3.503953674793E0,-4.744710592860E0,
-9.516762602096E0));
#7237=CARTESIAN_POINT('',(3.581262682466E0,-4.681261319593E0,
-9.516762602096E0));
#7238=CARTESIAN_POINT('',(3.644711546054E0,-4.603952200763E0,
-9.516762602096E0));
#7239=CARTESIAN_POINT('',(3.691860609673E0,-4.515739157216E0,
-9.516762602096E0));
#7240=CARTESIAN_POINT('',(3.720897096659E0,-4.420046463375E0,
-9.516762602096E0));
#7241=CARTESIAN_POINT('',(3.727765798887E0,-4.350239002995E0,
-9.516762602096E0));
#7242=CARTESIAN_POINT('',(3.727399082068E0,-4.313721484346E0,
-9.516762602096E0));
#7243=CARTESIAN_POINT('',(3.727331009698E0,-4.310340585272E0,
-9.516762602096E0));
#7244=CARTESIAN_POINT('',(3.212155884880E0,-4.736477298280E0,
-9.607333760588E0));
#7245=CARTESIAN_POINT('',(3.214931900487E0,-4.736533182564E0,
-9.607333760588E0));
#7246=CARTESIAN_POINT('',(3.244904732386E0,-4.736834002230E0,
-9.607333760588E0));
#7247=CARTESIAN_POINT('',(3.302200535043E0,-4.731196731466E0,
-9.607333760588E0));
#7248=CARTESIAN_POINT('',(3.380740411583E0,-4.707364740065E0,
-9.607333760588E0));
#7249=CARTESIAN_POINT('',(3.453141265180E0,-4.668666896262E0,
-9.607333760588E0));
#7250=CARTESIAN_POINT('',(3.516592291088E0,-4.616591172517E0,
-9.607333760588E0));
#7251=CARTESIAN_POINT('',(3.568667678591E0,-4.553140055376E0,
-9.607333760588E0));
#7252=CARTESIAN_POINT('',(3.607365043946E0,-4.480739560181E0,
-9.607333760588E0));
#7253=CARTESIAN_POINT('',(3.631196774196E0,-4.402200138546E0,
-9.607333760588E0));
#7254=CARTESIAN_POINT('',(3.636833888097E0,-4.344905848502E0,
-9.607333760588E0));
#7255=CARTESIAN_POINT('',(3.636533205710E0,-4.314934210644E0,
-9.607333760588E0));
#7256=CARTESIAN_POINT('',(3.636477367932E0,-4.312159348636E0,
-9.607333760588E0));
#7257=CARTESIAN_POINT('',(3.214720195555E0,-4.608434219554E0,
-9.599640079203E0));
#7258=CARTESIAN_POINT('',(3.216641747613E0,-4.608472846865E0,
-9.599640079203E0));
#7259=CARTESIAN_POINT('',(3.237388881509E0,-4.608680559627E0,
-9.599640079203E0));
#7260=CARTESIAN_POINT('',(3.277048985775E0,-4.604779056163E0,
-9.599640079203E0));
#7261=CARTESIAN_POINT('',(3.331414037491E0,-4.588282384256E0,
-9.599640079203E0));
#7262=CARTESIAN_POINT('',(3.381529623297E0,-4.561495951019E0,
-9.599640079203E0));
#7263=CARTESIAN_POINT('',(3.425450128317E0,-4.525449354046E0,
-9.599640079203E0));
#7264=CARTESIAN_POINT('',(3.461496492543E0,-4.481528785876E0,
-9.599640079203E0));
#7265=CARTESIAN_POINT('',(3.488282594606E0,-4.431413448154E0,
-9.599640079203E0));
#7266=CARTESIAN_POINT('',(3.504779085722E0,-4.377048711321E0,
-9.599640079203E0));
#7267=CARTESIAN_POINT('',(3.508680480675E0,-4.337389654082E0,
-9.599640079203E0));
#7268=CARTESIAN_POINT('',(3.508472862839E0,-4.316643346700E0,
-9.599640079203E0));
#7269=CARTESIAN_POINT('',(3.508434267686E0,-4.314722593160E0,
-9.599640079203E0));
#7270=(BOUNDED_SURFACE()B_SPLINE_SURFACE(3,3,((#7218,#7219,#7220,#7221,#7222,
#7223,#7224,#7225,#7226,#7227,#7228,#7229,#7230),(#7231,#7232,#7233,#7234,#7235,
#7236,#7237,#7238,#7239,#7240,#7241,#7242,#7243),(#7244,#7245,#7246,#7247,#7248,
#7249,#7250,#7251,#7252,#7253,#7254,#7255,#7256),(#7257,#7258,#7259,#7260,#7261,
#7262,#7263,#7264,#7265,#7266,#7267,#7268,#7269)),.UNSPECIFIED.,.F.,.F.,.F.)B_SPLINE_SURFACE_WITH_KNOTS((4,4),(4,1,1,1,1,1,1,1,1,1,4),(0.E0,1.E0),(
-1.276569938019E-2,0.E0,1.250064811771E-1,2.500100489374E-1,3.750148427527E-1,
5.000013202630E-1,6.249874281535E-1,7.499915866484E-1,8.749937058494E-1,1.E0,
1.012760390345E0),.UNSPECIFIED.)GEOMETRIC_REPRESENTATION_ITEM()RATIONAL_B_SPLINE_SURFACE(((1.201438363976E0,1.201438363976E0,1.201438363976E0,1.201438363976E0,
1.201438363976E0,1.201438363976E0,1.201438363976E0,1.201438363976E0,
1.201438363976E0,1.201438363976E0,1.201438363976E0,1.201438363976E0,
1.201438363976E0),(9.328538786747E-1,9.328538786747E-1,9.328538786747E-1,
9.328538786747E-1,9.328538786747E-1,9.328538786747E-1,9.328538786747E-1,
9.328538786747E-1,9.328538786747E-1,9.328538786747E-1,9.328538786747E-1,
9.328538786747E-1,9.328538786747E-1),(9.328538786747E-1,9.328538786747E-1,
9.328538786747E-1,9.328538786747E-1,9.328538786747E-1,9.328538786747E-1,
9.328538786747E-1,9.328538786747E-1,9.328538786747E-1,9.328538786747E-1,
9.328538786747E-1,9.328538786747E-1,9.328538786747E-1),(1.201438363976E0,
1.201438363976E0,1.201438363976E0,1.201438363976E0,1.201438363976E0,
1.201438363976E0,1.201438363976E0,1.201438363976E0,1.201438363976E0,
1.201438363976E0,1.201438363976E0,1.201438363976E0,1.201438363976E0)))REPRESENTATION_ITEM('')SURFACE());
#7272=ORIENTED_EDGE('',*,*,#7271,.T.);
#7273=ORIENTED_EDGE('',*,*,#5382,.T.);
#7275=ORIENTED_EDGE('',*,*,#7274,.F.);
#7276=ORIENTED_EDGE('',*,*,#7213,.F.);
#7277=EDGE_LOOP('',(#7272,#7273,#7275,#7276));
#7278=FACE_OUTER_BOUND('',#7277,.F.);
#7280=CARTESIAN_POINT('',(3.520485274491E0,1.749492E1,-9.4E0));
#7281=DIRECTION('',(0.E0,-1.E0,0.E0));
#7282=DIRECTION('',(0.E0,0.E0,-1.E0));
#7283=AXIS2_PLACEMENT_3D('',#7280,#7281,#7282);
#7284=CYLINDRICAL_SURFACE('',#7283,2.E-1);
#7285=ORIENTED_EDGE('',*,*,#4594,.T.);
#7286=ORIENTED_EDGE('',*,*,#5384,.T.);
#7287=ORIENTED_EDGE('',*,*,#7271,.F.);
#7288=ORIENTED_EDGE('',*,*,#5657,.F.);
#7289=EDGE_LOOP('',(#7285,#7286,#7287,#7288));
#7290=FACE_OUTER_BOUND('',#7289,.F.);
#7292=CARTESIAN_POINT('',(1.3527E1,-4.620485274491E0,-9.4E0));
#7293=DIRECTION('',(-1.E0,0.E0,0.E0));
#7294=DIRECTION('',(0.E0,0.E0,-1.E0));
#7295=AXIS2_PLACEMENT_3D('',#7292,#7293,#7294);
#7296=CYLINDRICAL_SURFACE('',#7295,2.E-1);
#7297=ORIENTED_EDGE('',*,*,#7274,.T.);
#7298=ORIENTED_EDGE('',*,*,#5393,.T.);
#7300=ORIENTED_EDGE('',*,*,#7299,.F.);
#7301=ORIENTED_EDGE('',*,*,#5485,.F.);
#7302=EDGE_LOOP('',(#7297,#7298,#7300,#7301));
#7303=FACE_OUTER_BOUND('',#7302,.F.);
#7305=CARTESIAN_POINT('',(1.85E0,-4.15E0,-9.6E0));
#7306=DIRECTION('',(1.E0,0.E0,0.E0));
#7307=DIRECTION('',(0.E0,-1.E0,0.E0));
#7308=AXIS2_PLACEMENT_3D('',#7305,#7306,#7307);
#7309=PLANE('',#7308);
#7310=ORIENTED_EDGE('',*,*,#5126,.T.);
#7311=ORIENTED_EDGE('',*,*,#4999,.F.);
#7312=ORIENTED_EDGE('',*,*,#5487,.F.);
#7313=ORIENTED_EDGE('',*,*,#7299,.T.);
#7314=ORIENTED_EDGE('',*,*,#5391,.T.);
#7316=ORIENTED_EDGE('',*,*,#7315,.T.);
#7317=EDGE_LOOP('',(#7310,#7311,#7312,#7313,#7314,#7316));
#7318=FACE_OUTER_BOUND('',#7317,.F.);
#7320=CARTESIAN_POINT('',(1.75E0,-4.15E0,-9.6E0));
#7321=DIRECTION('',(0.E0,1.E0,0.E0));
#7322=DIRECTION('',(1.E0,0.E0,0.E0));
#7323=AXIS2_PLACEMENT_3D('',#7320,#7321,#7322);
#7324=PLANE('',#7323);
#7325=ORIENTED_EDGE('',*,*,#5389,.F.);
#7327=ORIENTED_EDGE('',*,*,#7326,.T.);
#7328=ORIENTED_EDGE('',*,*,#5128,.T.);
#7329=ORIENTED_EDGE('',*,*,#7315,.F.);
#7330=EDGE_LOOP('',(#7325,#7327,#7328,#7329));
#7331=FACE_OUTER_BOUND('',#7330,.F.);
#7333=CARTESIAN_POINT('',(1.75E0,4.15E0,-9.6E0));
#7334=DIRECTION('',(1.E0,0.E0,0.E0));
#7335=DIRECTION('',(0.E0,-1.E0,0.E0));
#7336=AXIS2_PLACEMENT_3D('',#7333,#7334,#7335);
#7337=PLANE('',#7336);
#7338=ORIENTED_EDGE('',*,*,#5368,.F.);
#7340=ORIENTED_EDGE('',*,*,#7339,.T.);
#7341=ORIENTED_EDGE('',*,*,#5108,.T.);
#7342=ORIENTED_EDGE('',*,*,#5785,.F.);
#7343=EDGE_LOOP('',(#7338,#7340,#7341,#7342));
#7344=FACE_OUTER_BOUND('',#7343,.F.);
#7346=CARTESIAN_POINT('',(1.75E0,4.15E0,-9.6E0));
#7347=DIRECTION('',(1.E0,0.E0,0.E0));
#7348=DIRECTION('',(0.E0,-1.E0,0.E0));
#7349=AXIS2_PLACEMENT_3D('',#7346,#7347,#7348);
#7350=PLANE('',#7349);
#7351=ORIENTED_EDGE('',*,*,#5387,.F.);
#7352=ORIENTED_EDGE('',*,*,#4590,.T.);
#7353=ORIENTED_EDGE('',*,*,#5130,.T.);
#7354=ORIENTED_EDGE('',*,*,#7326,.F.);
#7355=EDGE_LOOP('',(#7351,#7352,#7353,#7354));
#7356=FACE_OUTER_BOUND('',#7355,.F.);
#7358=CARTESIAN_POINT('',(1.85E0,4.15E0,-9.6E0));
#7359=DIRECTION('',(0.E0,-1.E0,0.E0));
#7360=DIRECTION('',(-1.E0,0.E0,0.E0));
#7361=AXIS2_PLACEMENT_3D('',#7358,#7359,#7360);
#7362=PLANE('',#7361);
#7363=ORIENTED_EDGE('',*,*,#5366,.F.);
#7364=ORIENTED_EDGE('',*,*,#5230,.T.);
#7365=ORIENTED_EDGE('',*,*,#5110,.T.);
#7366=ORIENTED_EDGE('',*,*,#7339,.F.);
#7367=EDGE_LOOP('',(#7363,#7364,#7365,#7366));
#7368=FACE_OUTER_BOUND('',#7367,.F.);
#7370=CARTESIAN_POINT('',(3.28E0,4.19E-1,-7.28E0));
#7371=DIRECTION('',(0.E0,9.999904807207E-1,4.363309284747E-3));
#7372=DIRECTION('',(-1.E0,0.E0,0.E0));
#7373=AXIS2_PLACEMENT_3D('',#7370,#7371,#7372);
#7374=PLANE('',#7373);
#7375=ORIENTED_EDGE('',*,*,#6054,.T.);
#7377=ORIENTED_EDGE('',*,*,#7376,.F.);
#7378=ORIENTED_EDGE('',*,*,#4076,.F.);
#7379=ORIENTED_EDGE('',*,*,#6148,.F.);
#7380=ORIENTED_EDGE('',*,*,#6102,.T.);
#7381=EDGE_LOOP('',(#7375,#7377,#7378,#7379,#7380));
#7382=FACE_OUTER_BOUND('',#7381,.F.);
#7384=CARTESIAN_POINT('',(2.62E0,4.19E-1,-7.28E0));
#7385=DIRECTION('',(-9.999904807207E-1,0.E0,4.363309284747E-3));
#7386=DIRECTION('',(0.E0,-1.E0,0.E0));
#7387=AXIS2_PLACEMENT_3D('',#7384,#7385,#7386);
#7388=PLANE('',#7387);
#7389=ORIENTED_EDGE('',*,*,#4027,.F.);
#7390=ORIENTED_EDGE('',*,*,#7376,.T.);
#7391=ORIENTED_EDGE('',*,*,#6052,.T.);
#7392=ORIENTED_EDGE('',*,*,#6125,.F.);
#7393=EDGE_LOOP('',(#7389,#7390,#7391,#7392));
#7394=FACE_OUTER_BOUND('',#7393,.F.);
#7396=CARTESIAN_POINT('',(-3.210481910329E0,4.820063447674E0,
-9.388668815852E0));
#7397=CARTESIAN_POINT('',(-3.213815717255E0,4.820130597260E0,
-9.388668815852E0));
#7398=CARTESIAN_POINT('',(-3.249811057981E0,4.820492196842E0,
-9.388668815852E0));
#7399=CARTESIAN_POINT('',(-3.318619393255E0,4.813721822233E0,
-9.388668815852E0));
#7400=CARTESIAN_POINT('',(-3.412940525130E0,4.785101355601E0,
-9.388668815852E0));
#7401=CARTESIAN_POINT('',(-3.499889136727E0,4.738627777622E0,
-9.388668815852E0));
#7402=CARTESIAN_POINT('',(-3.576089629869E0,4.676088286539E0,
-9.388668815852E0));
#7403=CARTESIAN_POINT('',(-3.638628717148E0,4.599887683833E0,
-9.388668815852E0));
#7404=CARTESIAN_POINT('',(-3.685101720538E0,4.512939502653E0,
-9.388668815852E0));
#7405=CARTESIAN_POINT('',(-3.713721873560E0,4.418618917089E0,
-9.388668815852E0));
#7406=CARTESIAN_POINT('',(-3.720492059744E0,4.349812398360E0,
-9.388668815852E0));
#7407=CARTESIAN_POINT('',(-3.720130625088E0,4.313818491597E0,
-9.388668815852E0));
#7408=CARTESIAN_POINT('',(-3.720063531376E0,4.310486070066E0,
-9.388668815852E0));
#7409=CARTESIAN_POINT('',(-3.210336365023E0,4.827330924775E0,
-9.516762602096E0));
#7410=CARTESIAN_POINT('',(-3.213718669645E0,4.827399053833E0,
-9.516762602096E0));
#7411=CARTESIAN_POINT('',(-3.250237643117E0,4.827765937982E0,
-9.516762602096E0));
#7412=CARTESIAN_POINT('',(-3.320046946467E0,4.820897044584E0,
-9.516762602096E0));
#7413=CARTESIAN_POINT('',(-3.415740194567E0,4.791860239427E0,
-9.516762602096E0));
#7414=CARTESIAN_POINT('',(-3.503953674793E0,4.744710592860E0,
-9.516762602096E0));
#7415=CARTESIAN_POINT('',(-3.581262682466E0,4.681261319593E0,
-9.516762602096E0));
#7416=CARTESIAN_POINT('',(-3.644711546054E0,4.603952200763E0,
-9.516762602096E0));
#7417=CARTESIAN_POINT('',(-3.691860609673E0,4.515739157216E0,
-9.516762602096E0));
#7418=CARTESIAN_POINT('',(-3.720897096659E0,4.420046463375E0,
-9.516762602096E0));
#7419=CARTESIAN_POINT('',(-3.727765798887E0,4.350239002995E0,
-9.516762602096E0));
#7420=CARTESIAN_POINT('',(-3.727399082068E0,4.313721484346E0,
-9.516762602096E0));
#7421=CARTESIAN_POINT('',(-3.727331009698E0,4.310340585272E0,
-9.516762602096E0));
#7422=CARTESIAN_POINT('',(-3.212155884880E0,4.736477298280E0,
-9.607333760588E0));
#7423=CARTESIAN_POINT('',(-3.214931900487E0,4.736533182564E0,
-9.607333760588E0));
#7424=CARTESIAN_POINT('',(-3.244904732386E0,4.736834002230E0,
-9.607333760588E0));
#7425=CARTESIAN_POINT('',(-3.302200535043E0,4.731196731466E0,
-9.607333760588E0));
#7426=CARTESIAN_POINT('',(-3.380740411583E0,4.707364740065E0,
-9.607333760588E0));
#7427=CARTESIAN_POINT('',(-3.453141265180E0,4.668666896262E0,
-9.607333760588E0));
#7428=CARTESIAN_POINT('',(-3.516592291088E0,4.616591172517E0,
-9.607333760588E0));
#7429=CARTESIAN_POINT('',(-3.568667678591E0,4.553140055376E0,
-9.607333760588E0));
#7430=CARTESIAN_POINT('',(-3.607365043946E0,4.480739560181E0,
-9.607333760588E0));
#7431=CARTESIAN_POINT('',(-3.631196774196E0,4.402200138546E0,
-9.607333760588E0));
#7432=CARTESIAN_POINT('',(-3.636833888097E0,4.344905848502E0,
-9.607333760588E0));
#7433=CARTESIAN_POINT('',(-3.636533205710E0,4.314934210644E0,
-9.607333760588E0));
#7434=CARTESIAN_POINT('',(-3.636477367932E0,4.312159348636E0,
-9.607333760588E0));
#7435=CARTESIAN_POINT('',(-3.214720195555E0,4.608434219554E0,
-9.599640079203E0));
#7436=CARTESIAN_POINT('',(-3.216641747613E0,4.608472846865E0,
-9.599640079203E0));
#7437=CARTESIAN_POINT('',(-3.237388881509E0,4.608680559627E0,
-9.599640079203E0));
#7438=CARTESIAN_POINT('',(-3.277048985775E0,4.604779056163E0,
-9.599640079203E0));
#7439=CARTESIAN_POINT('',(-3.331414037491E0,4.588282384256E0,
-9.599640079203E0));
#7440=CARTESIAN_POINT('',(-3.381529623297E0,4.561495951019E0,
-9.599640079203E0));
#7441=CARTESIAN_POINT('',(-3.425450128317E0,4.525449354046E0,
-9.599640079203E0));
#7442=CARTESIAN_POINT('',(-3.461496492543E0,4.481528785876E0,
-9.599640079203E0));
#7443=CARTESIAN_POINT('',(-3.488282594606E0,4.431413448154E0,
-9.599640079203E0));
#7444=CARTESIAN_POINT('',(-3.504779085722E0,4.377048711321E0,
-9.599640079203E0));
#7445=CARTESIAN_POINT('',(-3.508680480675E0,4.337389654082E0,
-9.599640079203E0));
#7446=CARTESIAN_POINT('',(-3.508472862839E0,4.316643346700E0,
-9.599640079203E0));
#7447=CARTESIAN_POINT('',(-3.508434267686E0,4.314722593160E0,
-9.599640079203E0));
#7448=(BOUNDED_SURFACE()B_SPLINE_SURFACE(3,3,((#7396,#7397,#7398,#7399,#7400,
#7401,#7402,#7403,#7404,#7405,#7406,#7407,#7408),(#7409,#7410,#7411,#7412,#7413,
#7414,#7415,#7416,#7417,#7418,#7419,#7420,#7421),(#7422,#7423,#7424,#7425,#7426,
#7427,#7428,#7429,#7430,#7431,#7432,#7433,#7434),(#7435,#7436,#7437,#7438,#7439,
#7440,#7441,#7442,#7443,#7444,#7445,#7446,#7447)),.UNSPECIFIED.,.F.,.F.,.F.)B_SPLINE_SURFACE_WITH_KNOTS((4,4),(4,1,1,1,1,1,1,1,1,1,4),(0.E0,1.E0),(
-1.276569938019E-2,0.E0,1.250064811771E-1,2.500100489374E-1,3.750148427527E-1,
5.000013202630E-1,6.249874281535E-1,7.499915866484E-1,8.749937058494E-1,1.E0,
1.012760390345E0),.UNSPECIFIED.)GEOMETRIC_REPRESENTATION_ITEM()RATIONAL_B_SPLINE_SURFACE(((1.201438363976E0,1.201438363976E0,1.201438363976E0,1.201438363976E0,
1.201438363976E0,1.201438363976E0,1.201438363976E0,1.201438363976E0,
1.201438363976E0,1.201438363976E0,1.201438363976E0,1.201438363976E0,
1.201438363976E0),(9.328538786747E-1,9.328538786747E-1,9.328538786747E-1,
9.328538786747E-1,9.328538786747E-1,9.328538786747E-1,9.328538786747E-1,
9.328538786747E-1,9.328538786747E-1,9.328538786747E-1,9.328538786747E-1,
9.328538786747E-1,9.328538786747E-1),(9.328538786747E-1,9.328538786747E-1,
9.328538786747E-1,9.328538786747E-1,9.328538786747E-1,9.328538786747E-1,
9.328538786747E-1,9.328538786747E-1,9.328538786747E-1,9.328538786747E-1,
9.328538786747E-1,9.328538786747E-1,9.328538786747E-1),(1.201438363976E0,
1.201438363976E0,1.201438363976E0,1.201438363976E0,1.201438363976E0,
1.201438363976E0,1.201438363976E0,1.201438363976E0,1.201438363976E0,
1.201438363976E0,1.201438363976E0,1.201438363976E0,1.201438363976E0)))REPRESENTATION_ITEM('')SURFACE());
#7450=ORIENTED_EDGE('',*,*,#7449,.T.);
#7451=ORIENTED_EDGE('',*,*,#5341,.T.);
#7453=ORIENTED_EDGE('',*,*,#7452,.F.);
#7454=ORIENTED_EDGE('',*,*,#5902,.F.);
#7455=EDGE_LOOP('',(#7450,#7451,#7453,#7454));
#7456=FACE_OUTER_BOUND('',#7455,.F.);
#7458=CARTESIAN_POINT('',(-3.520485274491E0,-1.749492E1,-9.4E0));
#7459=DIRECTION('',(0.E0,1.E0,0.E0));
#7460=DIRECTION('',(0.E0,0.E0,-1.E0));
#7461=AXIS2_PLACEMENT_3D('',#7458,#7459,#7460);
#7462=CYLINDRICAL_SURFACE('',#7461,2.E-1);
#7463=ORIENTED_EDGE('',*,*,#5739,.T.);
#7464=ORIENTED_EDGE('',*,*,#5343,.T.);
#7465=ORIENTED_EDGE('',*,*,#7449,.F.);
#7466=ORIENTED_EDGE('',*,*,#5524,.F.);
#7467=EDGE_LOOP('',(#7463,#7464,#7465,#7466));
#7468=FACE_OUTER_BOUND('',#7467,.F.);
#7470=CARTESIAN_POINT('',(1.3527E1,4.620485274491E0,-9.4E0));
#7471=DIRECTION('',(-1.E0,0.E0,0.E0));
#7472=DIRECTION('',(0.E0,9.999945016606E-1,-3.316119501058E-3));
#7473=AXIS2_PLACEMENT_3D('',#7470,#7471,#7472);
#7474=CYLINDRICAL_SURFACE('',#7473,2.E-1);
#7475=ORIENTED_EDGE('',*,*,#7452,.T.);
#7476=ORIENTED_EDGE('',*,*,#5353,.F.);
#7477=ORIENTED_EDGE('',*,*,#5866,.F.);
#7478=ORIENTED_EDGE('',*,*,#5880,.T.);
#7479=EDGE_LOOP('',(#7475,#7476,#7477,#7478));
#7480=FACE_OUTER_BOUND('',#7479,.F.);
#7482=CARTESIAN_POINT('',(-2.E-1,0.E0,0.E0));
#7483=DIRECTION('',(-1.E0,0.E0,0.E0));
#7484=DIRECTION('',(0.E0,-1.E0,0.E0));
#7485=AXIS2_PLACEMENT_3D('',#7482,#7483,#7484);
#7486=PLANE('',#7485);
#7487=ORIENTED_EDGE('',*,*,#4100,.F.);
#7489=ORIENTED_EDGE('',*,*,#7488,.F.);
#7491=ORIENTED_EDGE('',*,*,#7490,.F.);
#7493=ORIENTED_EDGE('',*,*,#7492,.F.);
#7494=EDGE_LOOP('',(#7487,#7489,#7491,#7493));
#7495=FACE_OUTER_BOUND('',#7494,.F.);
#7497=CARTESIAN_POINT('',(-2.E-1,0.E0,0.E0));
#7498=DIRECTION('',(-1.E0,0.E0,0.E0));
#7499=DIRECTION('',(0.E0,-1.E0,0.E0));
#7500=AXIS2_PLACEMENT_3D('',#7497,#7498,#7499);
#7501=PLANE('',#7500);
#7502=ORIENTED_EDGE('',*,*,#4110,.F.);
#7504=ORIENTED_EDGE('',*,*,#7503,.F.);
#7506=ORIENTED_EDGE('',*,*,#7505,.F.);
#7508=ORIENTED_EDGE('',*,*,#7507,.F.);
#7509=EDGE_LOOP('',(#7502,#7504,#7506,#7508));
#7510=FACE_OUTER_BOUND('',#7509,.F.);
#7512=CARTESIAN_POINT('',(-2.E-1,0.E0,0.E0));
#7513=DIRECTION('',(-1.E0,0.E0,0.E0));
#7514=DIRECTION('',(0.E0,-1.E0,0.E0));
#7515=AXIS2_PLACEMENT_3D('',#7512,#7513,#7514);
#7516=PLANE('',#7515);
#7517=ORIENTED_EDGE('',*,*,#4555,.F.);
#7518=ORIENTED_EDGE('',*,*,#5064,.T.);
#7519=ORIENTED_EDGE('',*,*,#4985,.F.);
#7521=ORIENTED_EDGE('',*,*,#7520,.F.);
#7523=ORIENTED_EDGE('',*,*,#7522,.F.);
#7525=ORIENTED_EDGE('',*,*,#7524,.F.);
#7527=ORIENTED_EDGE('',*,*,#7526,.F.);
#7529=ORIENTED_EDGE('',*,*,#7528,.F.);
#7531=ORIENTED_EDGE('',*,*,#7530,.F.);
#7532=ORIENTED_EDGE('',*,*,#4651,.F.);
#7533=EDGE_LOOP('',(#7517,#7518,#7519,#7521,#7523,#7525,#7527,#7529,#7531,
#7532));
#7534=FACE_OUTER_BOUND('',#7533,.F.);
#7536=CARTESIAN_POINT('',(-2.E-1,0.E0,0.E0));
#7537=DIRECTION('',(-1.E0,0.E0,0.E0));
#7538=DIRECTION('',(0.E0,-1.E0,0.E0));
#7539=AXIS2_PLACEMENT_3D('',#7536,#7537,#7538);
#7540=PLANE('',#7539);
#7541=ORIENTED_EDGE('',*,*,#4633,.F.);
#7543=ORIENTED_EDGE('',*,*,#7542,.F.);
#7545=ORIENTED_EDGE('',*,*,#7544,.F.);
#7547=ORIENTED_EDGE('',*,*,#7546,.F.);
#7549=ORIENTED_EDGE('',*,*,#7548,.F.);
#7550=ORIENTED_EDGE('',*,*,#5158,.T.);
#7551=ORIENTED_EDGE('',*,*,#5049,.T.);
#7552=ORIENTED_EDGE('',*,*,#5752,.F.);
#7553=EDGE_LOOP('',(#7541,#7543,#7545,#7547,#7549,#7550,#7551,#7552));
#7554=FACE_OUTER_BOUND('',#7553,.F.);
#7556=CARTESIAN_POINT('',(-2.E-1,2.934E0,-4.78E0));
#7557=DIRECTION('',(0.E0,1.E0,0.E0));
#7558=DIRECTION('',(0.E0,0.E0,-1.E0));
#7559=AXIS2_PLACEMENT_3D('',#7556,#7557,#7558);
#7560=PLANE('',#7559);
#7561=ORIENTED_EDGE('',*,*,#4106,.F.);
#7563=ORIENTED_EDGE('',*,*,#7562,.F.);
#7565=ORIENTED_EDGE('',*,*,#7564,.F.);
#7566=ORIENTED_EDGE('',*,*,#7488,.T.);
#7567=EDGE_LOOP('',(#7561,#7563,#7565,#7566));
#7568=FACE_OUTER_BOUND('',#7567,.F.);
#7570=CARTESIAN_POINT('',(2.E-1,0.E0,0.E0));
#7571=DIRECTION('',(-1.E0,0.E0,0.E0));
#7572=DIRECTION('',(0.E0,-1.E0,0.E0));
#7573=AXIS2_PLACEMENT_3D('',#7570,#7571,#7572);
#7574=PLANE('',#7573);
#7575=ORIENTED_EDGE('',*,*,#4104,.T.);
#7577=ORIENTED_EDGE('',*,*,#7576,.T.);
#7579=ORIENTED_EDGE('',*,*,#7578,.T.);
#7580=ORIENTED_EDGE('',*,*,#7562,.T.);
#7581=EDGE_LOOP('',(#7575,#7577,#7579,#7580));
#7582=FACE_OUTER_BOUND('',#7581,.F.);
#7584=CARTESIAN_POINT('',(2.E-1,0.E0,0.E0));
#7585=DIRECTION('',(-1.E0,0.E0,0.E0));
#7586=DIRECTION('',(0.E0,-1.E0,0.E0));
#7587=AXIS2_PLACEMENT_3D('',#7584,#7585,#7586);
#7588=PLANE('',#7587);
#7589=ORIENTED_EDGE('',*,*,#4114,.T.);
#7591=ORIENTED_EDGE('',*,*,#7590,.T.);
#7593=ORIENTED_EDGE('',*,*,#7592,.T.);
#7595=ORIENTED_EDGE('',*,*,#7594,.T.);
#7596=EDGE_LOOP('',(#7589,#7591,#7593,#7595));
#7597=FACE_OUTER_BOUND('',#7596,.F.);
#7599=CARTESIAN_POINT('',(2.E-1,0.E0,0.E0));
#7600=DIRECTION('',(-1.E0,0.E0,0.E0));
#7601=DIRECTION('',(0.E0,-1.E0,0.E0));
#7602=AXIS2_PLACEMENT_3D('',#7599,#7600,#7601);
#7603=PLANE('',#7602);
#7604=ORIENTED_EDGE('',*,*,#4574,.T.);
#7605=ORIENTED_EDGE('',*,*,#4655,.T.);
#7607=ORIENTED_EDGE('',*,*,#7606,.T.);
#7609=ORIENTED_EDGE('',*,*,#7608,.T.);
#7611=ORIENTED_EDGE('',*,*,#7610,.T.);
#7613=ORIENTED_EDGE('',*,*,#7612,.T.);
#7615=ORIENTED_EDGE('',*,*,#7614,.T.);
#7617=ORIENTED_EDGE('',*,*,#7616,.T.);
#7618=ORIENTED_EDGE('',*,*,#4981,.T.);
#7619=ORIENTED_EDGE('',*,*,#5094,.F.);
#7620=EDGE_LOOP('',(#7604,#7605,#7607,#7609,#7611,#7613,#7615,#7617,#7618,
#7619));
#7621=FACE_OUTER_BOUND('',#7620,.F.);
#7623=CARTESIAN_POINT('',(2.E-1,0.E0,0.E0));
#7624=DIRECTION('',(-1.E0,0.E0,0.E0));
#7625=DIRECTION('',(0.E0,-1.E0,0.E0));
#7626=AXIS2_PLACEMENT_3D('',#7623,#7624,#7625);
#7627=PLANE('',#7626);
#7628=ORIENTED_EDGE('',*,*,#4629,.T.);
#7629=ORIENTED_EDGE('',*,*,#5767,.F.);
#7630=ORIENTED_EDGE('',*,*,#5080,.F.);
#7631=ORIENTED_EDGE('',*,*,#5162,.F.);
#7633=ORIENTED_EDGE('',*,*,#7632,.T.);
#7635=ORIENTED_EDGE('',*,*,#7634,.T.);
#7637=ORIENTED_EDGE('',*,*,#7636,.T.);
#7639=ORIENTED_EDGE('',*,*,#7638,.T.);
#7640=EDGE_LOOP('',(#7628,#7629,#7630,#7631,#7633,#7635,#7637,#7639));
#7641=FACE_OUTER_BOUND('',#7640,.F.);
#7643=CARTESIAN_POINT('',(-2.E-1,2.634E0,-7.28E0));
#7644=DIRECTION('',(0.E0,-1.E0,0.E0));
#7645=DIRECTION('',(0.E0,0.E0,1.E0));
#7646=AXIS2_PLACEMENT_3D('',#7643,#7644,#7645);
#7647=PLANE('',#7646);
#7648=ORIENTED_EDGE('',*,*,#4102,.T.);
#7649=ORIENTED_EDGE('',*,*,#7492,.T.);
#7651=ORIENTED_EDGE('',*,*,#7650,.T.);
#7652=ORIENTED_EDGE('',*,*,#7576,.F.);
#7653=EDGE_LOOP('',(#7648,#7649,#7651,#7652));
#7654=FACE_OUTER_BOUND('',#7653,.F.);
#7656=CARTESIAN_POINT('',(-2.E-1,2.634E0,-4.78E0));
#7657=DIRECTION('',(0.E0,0.E0,1.E0));
#7658=DIRECTION('',(0.E0,1.E0,0.E0));
#7659=AXIS2_PLACEMENT_3D('',#7656,#7657,#7658);
#7660=PLANE('',#7659);
#7661=ORIENTED_EDGE('',*,*,#7490,.T.);
#7662=ORIENTED_EDGE('',*,*,#7564,.T.);
#7663=ORIENTED_EDGE('',*,*,#7578,.F.);
#7664=ORIENTED_EDGE('',*,*,#7650,.F.);
#7665=EDGE_LOOP('',(#7661,#7662,#7663,#7664));
#7666=FACE_OUTER_BOUND('',#7665,.F.);
#7668=CARTESIAN_POINT('',(-2.E-1,-1.356E0,-7.28E0));
#7669=DIRECTION('',(0.E0,-1.E0,0.E0));
#7670=DIRECTION('',(0.E0,0.E0,1.E0));
#7671=AXIS2_PLACEMENT_3D('',#7668,#7669,#7670);
#7672=PLANE('',#7671);
#7673=ORIENTED_EDGE('',*,*,#4112,.T.);
#7674=ORIENTED_EDGE('',*,*,#7507,.T.);
#7676=ORIENTED_EDGE('',*,*,#7675,.T.);
#7677=ORIENTED_EDGE('',*,*,#7590,.F.);
#7678=EDGE_LOOP('',(#7673,#7674,#7676,#7677));
#7679=FACE_OUTER_BOUND('',#7678,.F.);
#7681=CARTESIAN_POINT('',(-2.E-1,-1.356E0,-4.78E0));
#7682=DIRECTION('',(0.E0,0.E0,1.E0));
#7683=DIRECTION('',(0.E0,1.E0,0.E0));
#7684=AXIS2_PLACEMENT_3D('',#7681,#7682,#7683);
#7685=PLANE('',#7684);
#7686=ORIENTED_EDGE('',*,*,#7505,.T.);
#7688=ORIENTED_EDGE('',*,*,#7687,.T.);
#7689=ORIENTED_EDGE('',*,*,#7592,.F.);
#7690=ORIENTED_EDGE('',*,*,#7675,.F.);
#7691=EDGE_LOOP('',(#7686,#7688,#7689,#7690));
#7692=FACE_OUTER_BOUND('',#7691,.F.);
#7694=CARTESIAN_POINT('',(-2.E-1,-1.056E0,-4.78E0));
#7695=DIRECTION('',(0.E0,1.E0,0.E0));
#7696=DIRECTION('',(0.E0,0.E0,-1.E0));
#7697=AXIS2_PLACEMENT_3D('',#7694,#7695,#7696);
#7698=PLANE('',#7697);
#7699=ORIENTED_EDGE('',*,*,#4116,.F.);
#7700=ORIENTED_EDGE('',*,*,#7594,.F.);
#7701=ORIENTED_EDGE('',*,*,#7687,.F.);
#7702=ORIENTED_EDGE('',*,*,#7503,.T.);
#7703=EDGE_LOOP('',(#7699,#7700,#7701,#7702));
#7704=FACE_OUTER_BOUND('',#7703,.F.);
#7706=CARTESIAN_POINT('',(-2.E-1,-1.505722013476E0,-9.200123166788E0));
#7707=DIRECTION('',(-1.E0,0.E0,0.E0));
#7708=DIRECTION('',(0.E0,-1.E0,0.E0));
#7709=AXIS2_PLACEMENT_3D('',#7706,#7707,#7708);
#7710=CYLINDRICAL_SURFACE('',#7709,4.3E-1);
#7711=ORIENTED_EDGE('',*,*,#4653,.T.);
#7712=ORIENTED_EDGE('',*,*,#7530,.T.);
#7714=ORIENTED_EDGE('',*,*,#7713,.T.);
#7715=ORIENTED_EDGE('',*,*,#7606,.F.);
#7716=EDGE_LOOP('',(#7711,#7712,#7714,#7715));
#7717=FACE_OUTER_BOUND('',#7716,.F.);
#7719=CARTESIAN_POINT('',(-2.E-1,-1.498217478708E0,-9.630057675705E0));
#7720=DIRECTION('',(0.E0,1.745240643728E-2,-9.998476951564E-1));
#7721=DIRECTION('',(0.E0,-9.998476951564E-1,-1.745240643728E-2));
#7722=AXIS2_PLACEMENT_3D('',#7719,#7720,#7721);
#7723=PLANE('',#7722);
#7724=ORIENTED_EDGE('',*,*,#7528,.T.);
#7726=ORIENTED_EDGE('',*,*,#7725,.T.);
#7727=ORIENTED_EDGE('',*,*,#7608,.F.);
#7728=ORIENTED_EDGE('',*,*,#7713,.F.);
#7729=EDGE_LOOP('',(#7724,#7726,#7727,#7728));
#7730=FACE_OUTER_BOUND('',#7729,.F.);
#7732=CARTESIAN_POINT('',(-2.E-1,-5.803462374326E0,-9.705206004890E0));
#7733=DIRECTION('',(0.E0,-9.998476951564E-1,-1.745240643728E-2));
#7734=DIRECTION('',(0.E0,-1.745240643728E-2,9.998476951564E-1));
#7735=AXIS2_PLACEMENT_3D('',#7732,#7733,#7734);
#7736=PLANE('',#7735);
#7737=ORIENTED_EDGE('',*,*,#7526,.T.);
#7739=ORIENTED_EDGE('',*,*,#7738,.T.);
#7740=ORIENTED_EDGE('',*,*,#7610,.F.);
#7741=ORIENTED_EDGE('',*,*,#7725,.F.);
#7742=EDGE_LOOP('',(#7737,#7739,#7740,#7741));
#7743=FACE_OUTER_BOUND('',#7742,.F.);
#7745=CARTESIAN_POINT('',(-2.E-1,-5.808E0,-9.445245604149E0));
#7746=DIRECTION('',(0.E0,-1.745240643728E-2,9.998476951564E-1));
#7747=DIRECTION('',(0.E0,9.998476951564E-1,1.745240643728E-2));
#7748=AXIS2_PLACEMENT_3D('',#7745,#7746,#7747);
#7749=PLANE('',#7748);
#7750=ORIENTED_EDGE('',*,*,#7524,.T.);
#7752=ORIENTED_EDGE('',*,*,#7751,.T.);
#7753=ORIENTED_EDGE('',*,*,#7612,.F.);
#7754=ORIENTED_EDGE('',*,*,#7738,.F.);
#7755=EDGE_LOOP('',(#7750,#7752,#7753,#7754));
#7756=FACE_OUTER_BOUND('',#7755,.F.);
#7758=CARTESIAN_POINT('',(-2.E-1,-4.82E0,-9.428E0));
#7759=DIRECTION('',(0.E0,-1.E0,0.E0));
#7760=DIRECTION('',(0.E0,0.E0,1.E0));
#7761=AXIS2_PLACEMENT_3D('',#7758,#7759,#7760);
#7762=PLANE('',#7761);
#7763=ORIENTED_EDGE('',*,*,#7522,.T.);
#7765=ORIENTED_EDGE('',*,*,#7764,.T.);
#7766=ORIENTED_EDGE('',*,*,#7614,.F.);
#7767=ORIENTED_EDGE('',*,*,#7751,.F.);
#7768=EDGE_LOOP('',(#7763,#7765,#7766,#7767));
#7769=FACE_OUTER_BOUND('',#7768,.F.);
#7771=CARTESIAN_POINT('',(-2.E-1,-4.82E0,-9.4E0));
#7772=DIRECTION('',(0.E0,0.E0,1.E0));
#7773=DIRECTION('',(0.E0,1.E0,0.E0));
#7774=AXIS2_PLACEMENT_3D('',#7771,#7772,#7773);
#7775=PLANE('',#7774);
#7776=ORIENTED_EDGE('',*,*,#4983,.T.);
#7777=ORIENTED_EDGE('',*,*,#7616,.F.);
#7778=ORIENTED_EDGE('',*,*,#7764,.F.);
#7779=ORIENTED_EDGE('',*,*,#7520,.T.);
#7780=EDGE_LOOP('',(#7776,#7777,#7778,#7779));
#7781=FACE_OUTER_BOUND('',#7780,.F.);
#7783=CARTESIAN_POINT('',(-2.E-1,3.85E0,-9.413E0));
#7784=DIRECTION('',(0.E0,1.745240643728E-2,9.998476951564E-1));
#7785=DIRECTION('',(0.E0,9.998476951564E-1,-1.745240643728E-2));
#7786=AXIS2_PLACEMENT_3D('',#7783,#7784,#7785);
#7787=PLANE('',#7786);
#7788=ORIENTED_EDGE('',*,*,#5160,.T.);
#7789=ORIENTED_EDGE('',*,*,#7548,.T.);
#7791=ORIENTED_EDGE('',*,*,#7790,.T.);
#7792=ORIENTED_EDGE('',*,*,#7632,.F.);
#7793=EDGE_LOOP('',(#7788,#7789,#7791,#7792));
#7794=FACE_OUTER_BOUND('',#7793,.F.);
#7796=CARTESIAN_POINT('',(-2.E-1,5.606E0,-9.443651094014E0));
#7797=DIRECTION('',(0.E0,9.998476951564E-1,-1.745240643728E-2));
#7798=DIRECTION('',(0.E0,-1.745240643728E-2,-9.998476951564E-1));
#7799=AXIS2_PLACEMENT_3D('',#7796,#7797,#7798);
#7800=PLANE('',#7799);
#7801=ORIENTED_EDGE('',*,*,#7546,.T.);
#7803=ORIENTED_EDGE('',*,*,#7802,.T.);
#7804=ORIENTED_EDGE('',*,*,#7634,.F.);
#7805=ORIENTED_EDGE('',*,*,#7790,.F.);
#7806=EDGE_LOOP('',(#7801,#7803,#7804,#7805));
#7807=FACE_OUTER_BOUND('',#7806,.F.);
#7809=CARTESIAN_POINT('',(-2.E-1,5.601462374326E0,-9.703611494755E0));
#7810=DIRECTION('',(0.E0,-1.745240643728E-2,-9.998476951564E-1));
#7811=DIRECTION('',(0.E0,-9.998476951564E-1,1.745240643728E-2));
#7812=AXIS2_PLACEMENT_3D('',#7809,#7810,#7811);
#7813=PLANE('',#7812);
#7814=ORIENTED_EDGE('',*,*,#7544,.T.);
#7816=ORIENTED_EDGE('',*,*,#7815,.T.);
#7817=ORIENTED_EDGE('',*,*,#7636,.F.);
#7818=ORIENTED_EDGE('',*,*,#7802,.F.);
#7819=EDGE_LOOP('',(#7814,#7816,#7817,#7818));
#7820=FACE_OUTER_BOUND('',#7819,.F.);
#7822=CARTESIAN_POINT('',(-2.E-1,3.083795931092E0,-9.229599962461E0));
#7823=DIRECTION('',(-1.E0,0.E0,0.E0));
#7824=DIRECTION('',(0.E0,-1.E0,0.E0));
#7825=AXIS2_PLACEMENT_3D('',#7822,#7823,#7824);
#7826=CYLINDRICAL_SURFACE('',#7825,4.3E-1);
#7827=ORIENTED_EDGE('',*,*,#4631,.F.);
#7828=ORIENTED_EDGE('',*,*,#7638,.F.);
#7829=ORIENTED_EDGE('',*,*,#7815,.F.);
#7830=ORIENTED_EDGE('',*,*,#7542,.T.);
#7831=EDGE_LOOP('',(#7827,#7828,#7829,#7830));
#7832=FACE_OUTER_BOUND('',#7831,.F.);
#7834=CARTESIAN_POINT('',(3.520485274491E0,1.749492E1,-9.4E0));
#7835=DIRECTION('',(0.E0,-1.E0,0.E0));
#7836=DIRECTION('',(0.E0,0.E0,-1.E0));
#7837=AXIS2_PLACEMENT_3D('',#7834,#7835,#7836);
#7838=CYLINDRICAL_SURFACE('',#7837,2.E-1);
#7839=ORIENTED_EDGE('',*,*,#5782,.T.);
#7840=ORIENTED_EDGE('',*,*,#5673,.F.);
#7841=ORIENTED_EDGE('',*,*,#5308,.T.);
#7842=ORIENTED_EDGE('',*,*,#5372,.T.);
#7843=EDGE_LOOP('',(#7839,#7840,#7841,#7842));
#7844=FACE_OUTER_BOUND('',#7843,.F.);
#7846=CARTESIAN_POINT('',(-3.520485274491E0,-1.749492E1,-9.4E0));
#7847=DIRECTION('',(0.E0,1.E0,0.E0));
#7848=DIRECTION('',(0.E0,0.E0,-1.E0));
#7849=AXIS2_PLACEMENT_3D('',#7846,#7847,#7848);
#7850=CYLINDRICAL_SURFACE('',#7849,2.E-1);
#7851=ORIENTED_EDGE('',*,*,#4539,.T.);
#7852=ORIENTED_EDGE('',*,*,#5536,.F.);
#7853=ORIENTED_EDGE('',*,*,#5454,.T.);
#7854=ORIENTED_EDGE('',*,*,#5331,.T.);
#7855=EDGE_LOOP('',(#7851,#7852,#7853,#7854));
#7856=FACE_OUTER_BOUND('',#7855,.F.);
#7858=CARTESIAN_POINT('',(-1.7E0,3.85E0,-9.413E0));
#7859=DIRECTION('',(0.E0,1.745240643728E-2,9.998476951564E-1));
#7860=DIRECTION('',(0.E0,9.998476951564E-1,-1.745240643728E-2));
#7861=AXIS2_PLACEMENT_3D('',#7858,#7859,#7860);
#7862=PLANE('',#7861);
#7863=ORIENTED_EDGE('',*,*,#4358,.T.);
#7865=ORIENTED_EDGE('',*,*,#7864,.T.);
#7866=ORIENTED_EDGE('',*,*,#4453,.F.);
#7867=ORIENTED_EDGE('',*,*,#5154,.T.);
#7868=EDGE_LOOP('',(#7863,#7865,#7866,#7867));
#7869=FACE_OUTER_BOUND('',#7868,.F.);
#7871=CARTESIAN_POINT('',(-1.7E0,5.606E0,-9.443651094014E0));
#7872=DIRECTION('',(0.E0,9.998476951564E-1,-1.745240643728E-2));
#7873=DIRECTION('',(0.E0,-1.745240643728E-2,-9.998476951564E-1));
#7874=AXIS2_PLACEMENT_3D('',#7871,#7872,#7873);
#7875=PLANE('',#7874);
#7876=ORIENTED_EDGE('',*,*,#4356,.T.);
#7878=ORIENTED_EDGE('',*,*,#7877,.T.);
#7879=ORIENTED_EDGE('',*,*,#4455,.F.);
#7880=ORIENTED_EDGE('',*,*,#7864,.F.);
#7881=EDGE_LOOP('',(#7876,#7878,#7879,#7880));
#7882=FACE_OUTER_BOUND('',#7881,.F.);
#7884=CARTESIAN_POINT('',(-1.7E0,5.601462374326E0,-9.703611494755E0));
#7885=DIRECTION('',(0.E0,-1.745240643728E-2,-9.998476951564E-1));
#7886=DIRECTION('',(0.E0,-9.998476951564E-1,1.745240643728E-2));
#7887=AXIS2_PLACEMENT_3D('',#7884,#7885,#7886);
#7888=PLANE('',#7887);
#7889=ORIENTED_EDGE('',*,*,#4354,.T.);
#7891=ORIENTED_EDGE('',*,*,#7890,.T.);
#7892=ORIENTED_EDGE('',*,*,#4457,.F.);
#7893=ORIENTED_EDGE('',*,*,#7877,.F.);
#7894=EDGE_LOOP('',(#7889,#7891,#7892,#7893));
#7895=FACE_OUTER_BOUND('',#7894,.F.);
#7897=CARTESIAN_POINT('',(-1.7E0,3.083795931092E0,-9.229599962461E0));
#7898=DIRECTION('',(-1.E0,0.E0,0.E0));
#7899=DIRECTION('',(0.E0,-1.E0,0.E0));
#7900=AXIS2_PLACEMENT_3D('',#7897,#7898,#7899);
#7901=CYLINDRICAL_SURFACE('',#7900,4.3E-1);
#7902=ORIENTED_EDGE('',*,*,#4638,.F.);
#7903=ORIENTED_EDGE('',*,*,#4459,.F.);
#7904=ORIENTED_EDGE('',*,*,#7890,.F.);
#7905=ORIENTED_EDGE('',*,*,#4352,.T.);
#7906=EDGE_LOOP('',(#7902,#7903,#7904,#7905));
#7907=FACE_OUTER_BOUND('',#7906,.F.);
#7909=CARTESIAN_POINT('',(-1.7E0,-4.82E0,-9.4E0));
#7910=DIRECTION('',(0.E0,0.E0,1.E0));
#7911=DIRECTION('',(0.E0,1.E0,0.E0));
#7912=AXIS2_PLACEMENT_3D('',#7909,#7910,#7911);
#7913=PLANE('',#7912);
#7914=ORIENTED_EDGE('',*,*,#4990,.T.);
#7915=ORIENTED_EDGE('',*,*,#4431,.F.);
#7917=ORIENTED_EDGE('',*,*,#7916,.F.);
#7918=ORIENTED_EDGE('',*,*,#4328,.T.);
#7919=EDGE_LOOP('',(#7914,#7915,#7917,#7918));
#7920=FACE_OUTER_BOUND('',#7919,.F.);
#7922=CARTESIAN_POINT('',(-1.7E0,-4.82E0,-9.428E0));
#7923=DIRECTION('',(0.E0,-1.E0,0.E0));
#7924=DIRECTION('',(0.E0,0.E0,1.E0));
#7925=AXIS2_PLACEMENT_3D('',#7922,#7923,#7924);
#7926=PLANE('',#7925);
#7927=ORIENTED_EDGE('',*,*,#4330,.T.);
#7928=ORIENTED_EDGE('',*,*,#7916,.T.);
#7929=ORIENTED_EDGE('',*,*,#4429,.F.);
#7931=ORIENTED_EDGE('',*,*,#7930,.F.);
#7932=EDGE_LOOP('',(#7927,#7928,#7929,#7931));
#7933=FACE_OUTER_BOUND('',#7932,.F.);
#7935=CARTESIAN_POINT('',(-1.7E0,-5.808E0,-9.445245604149E0));
#7936=DIRECTION('',(0.E0,-1.745240643728E-2,9.998476951564E-1));
#7937=DIRECTION('',(0.E0,9.998476951564E-1,1.745240643728E-2));
#7938=AXIS2_PLACEMENT_3D('',#7935,#7936,#7937);
#7939=PLANE('',#7938);
#7940=ORIENTED_EDGE('',*,*,#4332,.T.);
#7941=ORIENTED_EDGE('',*,*,#7930,.T.);
#7942=ORIENTED_EDGE('',*,*,#4427,.F.);
#7944=ORIENTED_EDGE('',*,*,#7943,.F.);
#7945=EDGE_LOOP('',(#7940,#7941,#7942,#7944));
#7946=FACE_OUTER_BOUND('',#7945,.F.);
#7948=CARTESIAN_POINT('',(-1.7E0,-5.803462374326E0,-9.705206004890E0));
#7949=DIRECTION('',(0.E0,-9.998476951564E-1,-1.745240643728E-2));
#7950=DIRECTION('',(0.E0,-1.745240643728E-2,9.998476951564E-1));
#7951=AXIS2_PLACEMENT_3D('',#7948,#7949,#7950);
#7952=PLANE('',#7951);
#7953=ORIENTED_EDGE('',*,*,#4334,.T.);
#7954=ORIENTED_EDGE('',*,*,#7943,.T.);
#7955=ORIENTED_EDGE('',*,*,#4425,.F.);
#7957=ORIENTED_EDGE('',*,*,#7956,.F.);
#7958=EDGE_LOOP('',(#7953,#7954,#7955,#7957));
#7959=FACE_OUTER_BOUND('',#7958,.F.);
#7961=CARTESIAN_POINT('',(-1.7E0,-1.498217478708E0,-9.630057675705E0));
#7962=DIRECTION('',(0.E0,1.745240643728E-2,-9.998476951564E-1));
#7963=DIRECTION('',(0.E0,-9.998476951564E-1,-1.745240643728E-2));
#7964=AXIS2_PLACEMENT_3D('',#7961,#7962,#7963);
#7965=PLANE('',#7964);
#7966=ORIENTED_EDGE('',*,*,#4336,.T.);
#7967=ORIENTED_EDGE('',*,*,#7956,.T.);
#7968=ORIENTED_EDGE('',*,*,#4423,.F.);
#7970=ORIENTED_EDGE('',*,*,#7969,.F.);
#7971=EDGE_LOOP('',(#7966,#7967,#7968,#7970));
#7972=FACE_OUTER_BOUND('',#7971,.F.);
#7974=CARTESIAN_POINT('',(-1.7E0,-1.505722013476E0,-9.200123166788E0));
#7975=DIRECTION('',(-1.E0,0.E0,0.E0));
#7976=DIRECTION('',(0.E0,-1.E0,0.E0));
#7977=AXIS2_PLACEMENT_3D('',#7974,#7975,#7976);
#7978=CYLINDRICAL_SURFACE('',#7977,4.3E-1);
#7979=ORIENTED_EDGE('',*,*,#4647,.T.);
#7980=ORIENTED_EDGE('',*,*,#4338,.T.);
#7981=ORIENTED_EDGE('',*,*,#7969,.T.);
#7982=ORIENTED_EDGE('',*,*,#4421,.F.);
#7983=EDGE_LOOP('',(#7979,#7980,#7981,#7982));
#7984=FACE_OUTER_BOUND('',#7983,.F.);
#7990=PLANE_ANGLE_MEASURE_WITH_UNIT(PLANE_ANGLE_MEASURE(1.745329251994E-2),
#7989);
#7991=(CONVERSION_BASED_UNIT('DEGREE',#7990)NAMED_UNIT(*)PLANE_ANGLE_UNIT());
#7993=UNCERTAINTY_MEASURE_WITH_UNIT(LENGTH_MEASURE(1.E-3),#7988,
'distance_accuracy_value',
'Maximum model space distance between geometric entities at asserted connectivities');
#7996=APPLICATION_CONTEXT('automotive_design');
#7997=APPLICATION_PROTOCOL_DEFINITION('international standard',
'automotive_design',2001,#7996);
#7998=PRODUCT_DEFINITION_CONTEXT('part definition',#7996,'design');
#7999=PRODUCT_CONTEXT('',#7996,'mechanical');
#8000=PRODUCT('C-2427710-3','C-2427710-3','NOT SPECIFIED',(#7999));
#8001=PRODUCT_DEFINITION_FORMATION('10','LAST_VERSION',#8000);
#8009=DERIVED_UNIT_ELEMENT(#8008,2.E0);
#8010=DERIVED_UNIT((#8009));
#8011=MEASURE_REPRESENTATION_ITEM('surface area measure',AREA_MEASURE(
7.471760207271E2),#8010);
#8016=DERIVED_UNIT_ELEMENT(#8015,3.E0);
#8017=DERIVED_UNIT((#8016));
#8018=MEASURE_REPRESENTATION_ITEM('volume measure',VOLUME_MEASURE(
3.327414202371E2),#8017);
#8022=CARTESIAN_POINT('centre point',(1.733209819289E-2,-2.438726668608E-1,
-6.143885426480E0));
#8027=DERIVED_UNIT_ELEMENT(#8026,2.E0);
#8028=DERIVED_UNIT((#8027));
#8029=MEASURE_REPRESENTATION_ITEM('surface area measure',AREA_MEASURE(
7.471760207271E2),#8028);
#8034=DERIVED_UNIT_ELEMENT(#8033,3.E0);
#8035=DERIVED_UNIT((#8034));
#8036=MEASURE_REPRESENTATION_ITEM('volume measure',VOLUME_MEASURE(
3.327414202371E2),#8035);
#8040=CARTESIAN_POINT('centre point',(1.733209819289E-2,-2.438726668608E-1,
-6.143885426480E0));
#8045=PRODUCT_RELATED_PRODUCT_CATEGORY('part','',(#8000));
#1=DRAUGHTING_PRE_DEFINED_COLOUR('black');
#2=COLOUR_RGB('',0.E0,0.E0,3.6E-1);
#3=COLOUR_RGB('',0.E0,0.E0,4.8E-1);
#4=DRAUGHTING_PRE_DEFINED_COLOUR('blue');
#5=COLOUR_RGB('',0.E0,5.8824E-2,4.58824E-1);
#6=COLOUR_RGB('',0.E0,1.80392E-1,4.78431E-1);
#7=COLOUR_RGB('',0.E0,3.6E-1,9.E-2);
#8=COLOUR_RGB('',0.E0,3.6E-1,2.7E-1);
#9=COLOUR_RGB('',0.E0,5.6E-1,6.4E-1);
#10=COLOUR_RGB('',0.E0,5.8E-1,8.E-1);
#11=COLOUR_RGB('',0.E0,7.1E-1,6.6E-1);
#12=COLOUR_RGB('',0.E0,7.13E-1,0.E0);
#13=COLOUR_RGB('',0.E0,9.5E-1,8.4E-1);
#14=DRAUGHTING_PRE_DEFINED_COLOUR('green');
#15=DRAUGHTING_PRE_DEFINED_COLOUR('cyan');
#16=COLOUR_RGB('',1.1765E-2,1.9608E-2,3.9216E-2);
#17=COLOUR_RGB('',4.E-2,0.E0,1.6E-1);
#18=COLOUR_RGB('',3.9216E-2,2.19608E-1,1.21569E-1);
#19=COLOUR_RGB('',3.9216E-2,3.60784E-1,2.E-1);
#20=COLOUR_RGB('',5.098E-2,7.0588E-2,1.01961E-1);
#21=COLOUR_RGB('',9.E-2,0.E0,1.2E-1);
#22=COLOUR_RGB('',9.0196E-2,1.60784E-1,1.09804E-1);
#23=COLOUR_RGB('',9.0196E-2,3.80392E-1,6.70588E-1);
#24=COLOUR_RGB('',1.E-1,0.E0,2.5E-1);
#25=COLOUR_RGB('',1.01961E-1,4.78431E-1,3.88235E-1);
#26=COLOUR_RGB('',1.09804E-1,1.4902E-1,9.0196E-2);
#27=COLOUR_RGB('',1.4902E-1,3.09804E-1,5.29412E-1);
#28=COLOUR_RGB('',1.4902E-1,4.E-1,1.60784E-1);
#29=COLOUR_RGB('',1.6E-1,3.2E-2,0.E0);
#30=COLOUR_RGB('',1.60784E-1,4.5098E-1,7.21569E-1);
#31=COLOUR_RGB('',1.6E-1,4.6E-1,6.5E-1);
#32=COLOUR_RGB('',1.6E-1,1.E0,1.6E-1);
#33=COLOUR_RGB('',2.E-1,3.2E-2,0.E0);
#34=COLOUR_RGB('',2.11765E-1,4.11765E-1,1.4902E-1);
#35=COLOUR_RGB('',2.39216E-1,2.39216E-1,2.31373E-1);
#36=COLOUR_RGB('',2.39216E-1,2.70588E-1,1.80392E-1);
#37=COLOUR_RGB('',2.5098E-1,2.90196E-1,3.29412E-1);
#38=COLOUR_RGB('',2.90196E-1,4.31373E-1,2.E-1);
#39=COLOUR_RGB('',3.1E-1,3.1E-1,5.6E-1);
#40=COLOUR_RGB('',3.09804E-1,6.58824E-1,2.E-1);
#41=COLOUR_RGB('',3.2E-1,1.5E-1,0.E0);
#42=COLOUR_RGB('',3.60784E-1,3.1373E-2,1.68627E-1);
#43=COLOUR_RGB('',3.68627E-1,2.E-1,1.21569E-1);
#44=COLOUR_RGB('',3.88235E-1,2.39216E-1,6.11765E-1);
#45=COLOUR_RGB('',4.E-1,4.E-1,4.E-1);
#46=COLOUR_RGB('',4.11765E-1,5.8824E-2,7.8431E-2);
#47=COLOUR_RGB('',4.11765E-1,3.29412E-1,2.19608E-1);
#48=COLOUR_RGB('',4.2E-1,4.2E-1,1.E0);
#49=COLOUR_RGB('',4.4E-1,8.5E-1,1.E0);
#50=COLOUR_RGB('',4.58824E-1,4.5098E-1,3.09804E-1);
#51=COLOUR_RGB('',4.70588E-1,5.09804E-1,5.4902E-1);
#52=COLOUR_RGB('',4.78431E-1,4.90196E-1,4.58824E-1);
#53=COLOUR_RGB('',4.90196E-1,3.60784E-1,2.19608E-1);
#54=COLOUR_RGB('',4.9E-1,4.9E-1,0.E0);
#55=COLOUR_RGB('',4.9E-1,1.E0,0.E0);
#56=COLOUR_RGB('',5.E-1,0.E0,0.E0);
#57=COLOUR_RGB('',5.E-1,0.E0,2.3E-1);
#58=COLOUR_RGB('',5.E-1,5.E-1,5.E-1);
#59=COLOUR_RGB('',5.21569E-1,2.19608E-1,1.68627E-1);
#60=COLOUR_RGB('',5.3E-1,0.E0,0.E0);
#61=COLOUR_RGB('',5.29412E-1,5.80392E-1,6.5098E-1);
#62=COLOUR_RGB('',5.4E-1,0.E0,4.4E-1);
#63=COLOUR_RGB('',5.5E-1,3.E-1,0.E0);
#64=COLOUR_RGB('',5.6E-1,1.E-1,5.E-2);
#65=COLOUR_RGB('',5.60784E-1,5.80392E-1,6.19608E-1);
#66=COLOUR_RGB('',5.68627E-1,5.8824E-2,4.E-1);
#67=COLOUR_RGB('',5.8E-1,2.2E-1,1.E-2);
#68=COLOUR_RGB('',5.88235E-1,1.21569E-1,1.09804E-1);
#69=COLOUR_RGB('',6.E-1,6.E-1,6.E-1);
#70=COLOUR_RGB('',6.11765E-1,5.60784E-1,3.80392E-1);
#71=COLOUR_RGB('',6.11765E-1,6.11765E-1,6.5098E-1);
#72=COLOUR_RGB('',6.2E-1,0.E0,5.5E-1);
#73=COLOUR_RGB('',6.19608E-1,6.39216E-1,6.90196E-1);
#74=COLOUR_RGB('',6.35294E-1,6.86275E-1,7.4902E-1);
#75=COLOUR_RGB('',6.4E-1,0.E0,2.5E-1);
#76=COLOUR_RGB('',6.4E-1,1.E-2,0.E0);
#77=COLOUR_RGB('',6.39216E-1,5.4902E-1,4.78431E-1);
#78=COLOUR_RGB('',6.5098E-1,6.70588E-1,7.09804E-1);
#79=COLOUR_RGB('',6.70588E-1,1.21569E-1,1.09804E-1);
#80=COLOUR_RGB('',6.78431E-1,4.78431E-1,3.09804E-1);
#81=COLOUR_RGB('',6.8E-1,7.5E-1,1.E0);
#82=COLOUR_RGB('',7.09804E-1,7.0588E-2,2.E-1);
#83=COLOUR_RGB('',7.1E-1,3.1E-1,0.E0);
#84=COLOUR_RGB('',7.2E-1,7.2E-1,7.2E-1);
#85=COLOUR_RGB('',7.29412E-1,7.41176E-1,7.29412E-1);
#86=COLOUR_RGB('',7.41176E-1,7.29412E-1,6.70588E-1);
#87=COLOUR_RGB('',7.4E-1,1.E0,2.6E-1);
#88=COLOUR_RGB('',7.5E-1,3.E-2,0.E0);
#89=COLOUR_RGB('',7.4902E-1,8.90196E-1,7.29412E-1);
#90=COLOUR_RGB('',7.6E-1,0.E0,4.7E-1);
#91=COLOUR_RGB('',7.80392E-1,9.0196E-2,7.0588E-2);
#92=COLOUR_RGB('',7.88235E-1,2.19608E-1,5.4902E-1);
#93=COLOUR_RGB('',8.1E-1,4.E-2,0.E0);
#94=COLOUR_RGB('',8.1E-1,6.1E-1,0.E0);
#95=COLOUR_RGB('',8.2E-1,4.E-2,6.6E-1);
#96=COLOUR_RGB('',8.31373E-1,8.5098E-1,8.58824E-1);
#97=COLOUR_RGB('',8.5098E-1,7.29412E-1,5.4902E-1);
#98=COLOUR_RGB('',8.5E-1,8.5E-1,8.5E-1);
#99=COLOUR_RGB('',8.78431E-1,3.68627E-1,1.21569E-1);
#100=COLOUR_RGB('',8.784E-1,9.49E-1,1.E0);
#101=COLOUR_RGB('',8.90196E-1,5.88235E-1,1.41176E-1);
#102=COLOUR_RGB('',9.E-1,1.E0,0.E0);
#103=COLOUR_RGB('',9.09804E-1,6.11765E-1,7.09804E-1);
#104=COLOUR_RGB('',9.37E-1,7.85E-1,0.E0);
#105=COLOUR_RGB('',9.41176E-1,9.29412E-1,9.01961E-1);
#106=COLOUR_RGB('',9.5E-1,2.2E-1,8.1E-1);
#107=COLOUR_RGB('',9.6E-1,3.7E-1,3.E-1);
#108=COLOUR_RGB('',9.6E-1,7.1E-1,3.75E-1);
#109=COLOUR_RGB('',9.80392E-1,1.E0,1.E0);
#110=COLOUR_RGB('',9.88235E-1,1.09804E-1,7.8431E-2);
#111=COLOUR_RGB('',9.88235E-1,7.21569E-1,1.29412E-1);
#112=COLOUR_RGB('',9.88235E-1,9.21569E-1,8.E-1);
#113=DRAUGHTING_PRE_DEFINED_COLOUR('red');
#114=COLOUR_RGB('',1.E0,0.E0,6.1E-1);
#115=COLOUR_RGB('',1.E0,4.E-2,0.E0);
#116=COLOUR_RGB('',1.E0,2.3E-1,0.E0);
#117=COLOUR_RGB('',1.E0,3.5E-1,5.2E-1);
#118=COLOUR_RGB('',1.E0,3.6E-1,0.E0);
#119=COLOUR_RGB('',1.E0,3.88235E-1,2.11765E-1);
#120=COLOUR_RGB('',1.E0,4.9E-1,3.7E-1);
#121=COLOUR_RGB('',1.E0,5.E-1,0.E0);
#122=COLOUR_RGB('',1.E0,5.6E-1,7.8E-1);
#123=COLOUR_RGB('',1.E0,6.4E-1,4.9E-1);
#124=COLOUR_RGB('',1.E0,6.7E-1,0.E0);
#125=COLOUR_RGB('',1.E0,7.6E-1,6.5E-1);
#126=COLOUR_RGB('',1.E0,8.39216E-1,3.01961E-1);
#127=COLOUR_RGB('',1.E0,8.6E-1,4.E-2);
#128=COLOUR_RGB('',1.E0,9.60784E-1,2.58824E-1);
#129=COLOUR_RGB('',1.E0,9.60784E-1,8.90196E-1);
#130=COLOUR_RGB('',1.E0,9.8E-1,7.2E-1);
#131=DRAUGHTING_PRE_DEFINED_COLOUR('yellow');
#132=COLOUR_RGB('',1.E0,1.E0,3.9216E-2);
#133=DRAUGHTING_PRE_DEFINED_COLOUR('white');
#178=CIRCLE('',#177,2.E-1);
#183=CIRCLE('',#182,2.E-1);
#188=CIRCLE('',#187,5.E-1);
#193=CIRCLE('',#192,2.E-1);
#205=B_SPLINE_CURVE_WITH_KNOTS('',3,(#198,#199,#200,#201,#202,#203,#204),
.UNSPECIFIED.,.F.,.F.,(4,1,1,1,4),(0.E0,2.5E-1,5.E-1,7.5E-1,1.E0),
.UNSPECIFIED.);
#245=B_SPLINE_CURVE_WITH_KNOTS('',3,(#234,#235,#236,#237,#238,#239,#240,#241,
#242,#243,#244),.UNSPECIFIED.,.F.,.F.,(4,1,1,1,1,1,1,1,4),(0.E0,
1.250000011397E-1,2.500000009542E-1,3.750000007686E-1,5.000000005830E-1,
6.250000003975E-1,7.500000002119E-1,8.750000000264E-1,1.E0),.UNSPECIFIED.);
#256=B_SPLINE_CURVE_WITH_KNOTS('',3,(#246,#247,#248,#249,#250,#251,#252,#253,
#254,#255),.UNSPECIFIED.,.F.,.F.,(4,1,1,1,1,1,1,4),(0.E0,1.428571428571E-1,
2.857142857143E-1,4.285714285714E-1,5.714285714286E-1,7.142857142857E-1,
8.571428571429E-1,1.E0),.UNSPECIFIED.);
#388=B_SPLINE_CURVE_WITH_KNOTS('',3,(#381,#382,#383,#384,#385,#386,#387),
.UNSPECIFIED.,.F.,.F.,(4,1,1,1,4),(0.E0,2.5E-1,5.E-1,7.5E-1,1.E0),
.UNSPECIFIED.);
#400=B_SPLINE_CURVE_WITH_KNOTS('',3,(#393,#394,#395,#396,#397,#398,#399),
.UNSPECIFIED.,.F.,.F.,(4,1,1,1,4),(0.E0,2.5E-1,5.E-1,7.5E-1,1.E0),
.UNSPECIFIED.);
#436=B_SPLINE_CURVE_WITH_KNOTS('',3,(#429,#430,#431,#432,#433,#434,#435),
.UNSPECIFIED.,.F.,.F.,(4,1,1,1,4),(0.E0,2.5E-1,5.E-1,7.5E-1,1.E0),
.UNSPECIFIED.);
#448=B_SPLINE_CURVE_WITH_KNOTS('',3,(#441,#442,#443,#444,#445,#446,#447),
.UNSPECIFIED.,.F.,.F.,(4,1,1,1,4),(0.E0,2.5E-1,5.E-1,7.5E-1,1.E0),
.UNSPECIFIED.);
#460=B_SPLINE_CURVE_WITH_KNOTS('',3,(#453,#454,#455,#456,#457,#458,#459),
.UNSPECIFIED.,.F.,.F.,(4,1,1,1,4),(0.E0,2.5E-1,5.E-1,7.5E-1,1.E0),
.UNSPECIFIED.);
#488=B_SPLINE_CURVE_WITH_KNOTS('',3,(#481,#482,#483,#484,#485,#486,#487),
.UNSPECIFIED.,.F.,.F.,(4,1,1,1,4),(0.E0,2.5E-1,5.E-1,7.5E-1,1.E0),
.UNSPECIFIED.);
#512=B_SPLINE_CURVE_WITH_KNOTS('',3,(#505,#506,#507,#508,#509,#510,#511),
.UNSPECIFIED.,.F.,.F.,(4,1,1,1,4),(0.E0,2.5E-1,5.E-1,7.5E-1,1.E0),
.UNSPECIFIED.);
#520=B_SPLINE_CURVE_WITH_KNOTS('',3,(#513,#514,#515,#516,#517,#518,#519),
.UNSPECIFIED.,.F.,.F.,(4,1,1,1,4),(0.E0,2.5E-1,5.E-1,7.5E-1,1.E0),
.UNSPECIFIED.);
#532=B_SPLINE_CURVE_WITH_KNOTS('',3,(#525,#526,#527,#528,#529,#530,#531),
.UNSPECIFIED.,.F.,.F.,(4,1,1,1,4),(0.E0,2.5E-1,5.E-1,7.5E-1,1.E0),
.UNSPECIFIED.);
#544=B_SPLINE_CURVE_WITH_KNOTS('',3,(#537,#538,#539,#540,#541,#542,#543),
.UNSPECIFIED.,.F.,.F.,(4,1,1,1,4),(0.E0,2.5E-1,5.E-1,7.5E-1,1.E0),
.UNSPECIFIED.);
#552=B_SPLINE_CURVE_WITH_KNOTS('',3,(#545,#546,#547,#548,#549,#550,#551),
.UNSPECIFIED.,.F.,.F.,(4,1,1,1,4),(0.E0,2.5E-1,5.E-1,7.5E-1,1.E0),
.UNSPECIFIED.);
#560=B_SPLINE_CURVE_WITH_KNOTS('',3,(#553,#554,#555,#556,#557,#558,#559),
.UNSPECIFIED.,.F.,.F.,(4,1,1,1,4),(0.E0,2.5E-1,5.E-1,7.5E-1,1.E0),
.UNSPECIFIED.);
#580=B_SPLINE_CURVE_WITH_KNOTS('',3,(#573,#574,#575,#576,#577,#578,#579),
.UNSPECIFIED.,.F.,.F.,(4,1,1,1,4),(0.E0,2.5E-1,5.E-1,7.5E-1,1.E0),
.UNSPECIFIED.);
#600=B_SPLINE_CURVE_WITH_KNOTS('',3,(#593,#594,#595,#596,#597,#598,#599),
.UNSPECIFIED.,.F.,.F.,(4,1,1,1,4),(0.E0,2.5E-1,5.E-1,7.5E-1,1.E0),
.UNSPECIFIED.);
#657=CIRCLE('',#656,4.3E-1);
#662=CIRCLE('',#661,4.3E-1);
#707=CIRCLE('',#706,4.3E-1);
#744=CIRCLE('',#743,4.3E-1);
#765=CIRCLE('',#764,2.E-1);
#820=B_SPLINE_CURVE_WITH_KNOTS('',3,(#810,#811,#812,#813,#814,#815,#816,#817,
#818,#819),.UNSPECIFIED.,.F.,.F.,(4,1,1,1,1,1,1,4),(0.E0,1.428571428571E-1,
2.857142857143E-1,4.285714285714E-1,5.714285714286E-1,7.142857142857E-1,
8.571428571429E-1,1.E0),.UNSPECIFIED.);
#965=CIRCLE('',#964,4.3E-1);
#970=CIRCLE('',#969,4.3E-1);
#1015=CIRCLE('',#1014,4.3E-1);
#1052=CIRCLE('',#1051,4.3E-1);
#1089=CIRCLE('',#1088,2.E-1);
#1094=CIRCLE('',#1093,2.E-1);
#1103=CIRCLE('',#1102,2.E-1);
#1108=CIRCLE('',#1107,2.E-1);
#1117=CIRCLE('',#1116,2.E-1);
#1122=CIRCLE('',#1121,2.E-1);
#1127=CIRCLE('',#1126,2.E-1);
#1132=CIRCLE('',#1131,2.E-1);
#1269=CIRCLE('',#1268,2.E-1);
#1278=CIRCLE('',#1277,2.E-1);
#1283=CIRCLE('',#1282,2.E-1);
#1288=CIRCLE('',#1287,2.E-1);
#1293=CIRCLE('',#1292,2.E-1);
#1302=CIRCLE('',#1301,2.E-1);
#1307=CIRCLE('',#1306,2.E-1);
#1316=CIRCLE('',#1315,2.E-1);
#1333=CIRCLE('',#1332,2.E-1);
#1338=CIRCLE('',#1337,2.E-1);
#1350=B_SPLINE_CURVE_WITH_KNOTS('',3,(#1339,#1340,#1341,#1342,#1343,#1344,#1345,
#1346,#1347,#1348,#1349),.UNSPECIFIED.,.F.,.F.,(4,1,1,1,1,1,1,1,4),(0.E0,
1.25E-1,2.5E-1,3.75E-1,5.E-1,6.25E-1,7.5E-1,8.75E-1,1.E0),.UNSPECIFIED.);
#1362=B_SPLINE_CURVE_WITH_KNOTS('',3,(#1351,#1352,#1353,#1354,#1355,#1356,#1357,
#1358,#1359,#1360,#1361),.UNSPECIFIED.,.F.,.F.,(4,1,1,1,1,1,1,1,4),(0.E0,
1.25E-1,2.5E-1,3.75E-1,5.E-1,6.25E-1,7.5E-1,8.75E-1,1.E0),.UNSPECIFIED.);
#1398=B_SPLINE_CURVE_WITH_KNOTS('',3,(#1387,#1388,#1389,#1390,#1391,#1392,#1393,
#1394,#1395,#1396,#1397),.UNSPECIFIED.,.F.,.F.,(4,1,1,1,1,1,1,1,4),(0.E0,
1.25E-1,2.5E-1,3.75E-1,5.E-1,6.25E-1,7.5E-1,8.75E-1,1.E0),.UNSPECIFIED.);
#1434=B_SPLINE_CURVE_WITH_KNOTS('',3,(#1423,#1424,#1425,#1426,#1427,#1428,#1429,
#1430,#1431,#1432,#1433),.UNSPECIFIED.,.F.,.F.,(4,1,1,1,1,1,1,1,4),(0.E0,
1.25E-1,2.5E-1,3.75E-1,5.E-1,6.25E-1,7.5E-1,8.75E-1,1.E0),.UNSPECIFIED.);
#1470=B_SPLINE_CURVE_WITH_KNOTS('',3,(#1459,#1460,#1461,#1462,#1463,#1464,#1465,
#1466,#1467,#1468,#1469),.UNSPECIFIED.,.F.,.F.,(4,1,1,1,1,1,1,1,4),(0.E0,
1.25E-1,2.5E-1,3.75E-1,5.E-1,6.25E-1,7.5E-1,8.75E-1,1.E0),.UNSPECIFIED.);
#1506=B_SPLINE_CURVE_WITH_KNOTS('',3,(#1495,#1496,#1497,#1498,#1499,#1500,#1501,
#1502,#1503,#1504,#1505),.UNSPECIFIED.,.F.,.F.,(4,1,1,1,1,1,1,1,4),(0.E0,
1.25E-1,2.5E-1,3.75E-1,5.E-1,6.25E-1,7.5E-1,8.75E-1,1.E0),.UNSPECIFIED.);
#1511=CIRCLE('',#1510,2.E-1);
#1555=B_SPLINE_CURVE_WITH_KNOTS('',3,(#1544,#1545,#1546,#1547,#1548,#1549,#1550,
#1551,#1552,#1553,#1554),.UNSPECIFIED.,.F.,.F.,(4,1,1,1,1,1,1,1,4),(0.E0,
1.25E-1,2.5E-1,3.75E-1,5.E-1,6.25E-1,7.5E-1,8.75E-1,1.E0),.UNSPECIFIED.);
#1616=B_SPLINE_CURVE_WITH_KNOTS('',3,(#1608,#1609,#1610,#1611,#1612,#1613,#1614,
#1615),.UNSPECIFIED.,.F.,.F.,(4,1,1,1,1,4),(0.E0,2.E-1,4.E-1,6.E-1,8.E-1,1.E0),
.UNSPECIFIED.);
#1633=CIRCLE('',#1632,2.E-1);
#1638=CIRCLE('',#1637,2.E-1);
#1647=B_SPLINE_CURVE_WITH_KNOTS('',3,(#1639,#1640,#1641,#1642,#1643,#1644,#1645,
#1646),.UNSPECIFIED.,.F.,.F.,(4,1,1,1,1,4),(0.E0,2.E-1,4.E-1,6.E-1,8.E-1,1.E0),
.UNSPECIFIED.);
#1680=B_SPLINE_CURVE_WITH_KNOTS('',3,(#1672,#1673,#1674,#1675,#1676,#1677,#1678,
#1679),.UNSPECIFIED.,.F.,.F.,(4,1,1,1,1,4),(0.E0,2.E-1,4.E-1,6.E-1,8.E-1,1.E0),
.UNSPECIFIED.);
#1741=CIRCLE('',#1740,2.E-1);
#1746=CIRCLE('',#1745,2.E-1);
#1763=B_SPLINE_CURVE_WITH_KNOTS('',3,(#1755,#1756,#1757,#1758,#1759,#1760,#1761,
#1762),.UNSPECIFIED.,.F.,.F.,(4,1,1,1,1,4),(0.E0,2.E-1,4.E-1,6.E-1,8.E-1,1.E0),
.UNSPECIFIED.);
#1786=B_SPLINE_CURVE_WITH_KNOTS('',3,(#1776,#1777,#1778,#1779,#1780,#1781,#1782,
#1783,#1784,#1785),.UNSPECIFIED.,.F.,.F.,(4,1,1,1,1,1,1,4),(0.E0,
1.428571428571E-1,2.857142857143E-1,4.285714285714E-1,5.714285714286E-1,
7.142857142857E-1,8.571428571429E-1,1.E0),.UNSPECIFIED.);
#1835=CIRCLE('',#1834,2.E-1);
#1856=CIRCLE('',#1855,2.E-1);
#1865=CIRCLE('',#1864,2.E-1);
#1909=B_SPLINE_CURVE_WITH_KNOTS('',3,(#1898,#1899,#1900,#1901,#1902,#1903,#1904,
#1905,#1906,#1907,#1908),.UNSPECIFIED.,.F.,.F.,(4,1,1,1,1,1,1,1,4),(0.E0,
1.25E-1,2.5E-1,3.75E-1,5.E-1,6.25E-1,7.5E-1,8.75E-1,1.E0),.UNSPECIFIED.);
#1937=B_SPLINE_CURVE_WITH_KNOTS('',3,(#1926,#1927,#1928,#1929,#1930,#1931,#1932,
#1933,#1934,#1935,#1936),.UNSPECIFIED.,.F.,.F.,(4,1,1,1,1,1,1,1,4),(0.E0,
1.25E-1,2.5E-1,3.75E-1,5.E-1,6.25E-1,7.5E-1,8.75E-1,1.E0),.UNSPECIFIED.);
#1973=B_SPLINE_CURVE_WITH_KNOTS('',3,(#1966,#1967,#1968,#1969,#1970,#1971,
#1972),.UNSPECIFIED.,.F.,.F.,(4,1,1,1,4),(0.E0,2.5E-1,5.E-1,7.5E-1,1.E0),
.UNSPECIFIED.);
#1985=B_SPLINE_CURVE_WITH_KNOTS('',3,(#1978,#1979,#1980,#1981,#1982,#1983,
#1984),.UNSPECIFIED.,.F.,.F.,(4,1,1,1,4),(0.E0,2.5E-1,5.E-1,7.5E-1,1.E0),
.UNSPECIFIED.);
#2021=B_SPLINE_CURVE_WITH_KNOTS('',3,(#2014,#2015,#2016,#2017,#2018,#2019,
#2020),.UNSPECIFIED.,.F.,.F.,(4,1,1,1,4),(0.E0,2.5E-1,5.E-1,7.5E-1,1.E0),
.UNSPECIFIED.);
#2029=B_SPLINE_CURVE_WITH_KNOTS('',3,(#2022,#2023,#2024,#2025,#2026,#2027,
#2028),.UNSPECIFIED.,.F.,.F.,(4,1,1,1,4),(0.E0,2.5E-1,5.E-1,7.5E-1,1.E0),
.UNSPECIFIED.);
#2100=B_SPLINE_CURVE_WITH_KNOTS('',3,(#2090,#2091,#2092,#2093,#2094,#2095,#2096,
#2097,#2098,#2099),.UNSPECIFIED.,.F.,.F.,(4,1,1,1,1,1,1,4),(0.E0,
1.428571428571E-1,2.857142857143E-1,4.285714285714E-1,5.714285714286E-1,
7.142857142857E-1,8.571428571429E-1,1.E0),.UNSPECIFIED.);
#2112=B_SPLINE_CURVE_WITH_KNOTS('',3,(#2101,#2102,#2103,#2104,#2105,#2106,#2107,
#2108,#2109,#2110,#2111),.UNSPECIFIED.,.F.,.F.,(4,1,1,1,1,1,1,1,4),(0.E0,
1.249999999701E-1,2.499999997828E-1,3.749999995956E-1,4.999999994083E-1,
6.249999992210E-1,7.499999990337E-1,8.749999988465E-1,1.E0),.UNSPECIFIED.);
#2177=CIRCLE('',#2176,3.E-1);
#2186=CIRCLE('',#2185,3.E-1);
#2230=B_SPLINE_CURVE_WITH_KNOTS('',3,(#2219,#2220,#2221,#2222,#2223,#2224,#2225,
#2226,#2227,#2228,#2229),.UNSPECIFIED.,.F.,.F.,(4,1,1,1,1,1,1,1,4),(0.E0,
1.250000011488E-1,2.500000009615E-1,3.750000007742E-1,5.000000005868E-1,
6.250000003995E-1,7.500000002121E-1,8.750000000248E-1,1.E0),.UNSPECIFIED.);
#2246=B_SPLINE_CURVE_WITH_KNOTS('',3,(#2235,#2236,#2237,#2238,#2239,#2240,#2241,
#2242,#2243,#2244,#2245),.UNSPECIFIED.,.F.,.F.,(4,1,1,1,1,1,1,1,4),(0.E0,
1.249999999719E-1,2.499999997830E-1,3.749999995941E-1,4.999999994052E-1,
6.249999992163E-1,7.499999990273E-1,8.749999988384E-1,1.E0),.UNSPECIFIED.);
#2263=CIRCLE('',#2262,3.E-1);
#2272=CIRCLE('',#2271,3.E-1);
#2296=B_SPLINE_CURVE_WITH_KNOTS('',3,(#2285,#2286,#2287,#2288,#2289,#2290,#2291,
#2292,#2293,#2294,#2295),.UNSPECIFIED.,.F.,.F.,(4,1,1,1,1,1,1,1,4),(0.E0,
1.250000011476E-1,2.500000009605E-1,3.750000007733E-1,5.000000005861E-1,
6.250000003989E-1,7.500000002117E-1,8.750000000246E-1,1.E0),.UNSPECIFIED.);
#2312=B_SPLINE_CURVE_WITH_KNOTS('',3,(#2301,#2302,#2303,#2304,#2305,#2306,#2307,
#2308,#2309,#2310,#2311),.UNSPECIFIED.,.F.,.F.,(4,1,1,1,1,1,1,1,4),(0.E0,
1.250000011488E-1,2.500000009615E-1,3.750000007742E-1,5.000000005868E-1,
6.250000003995E-1,7.500000002121E-1,8.750000000248E-1,1.E0),.UNSPECIFIED.);
#2419=B_SPLINE_CURVE_WITH_KNOTS('',3,(#2409,#2410,#2411,#2412,#2413,#2414,#2415,
#2416,#2417,#2418),.UNSPECIFIED.,.F.,.F.,(4,1,1,1,1,1,1,4),(0.E0,
1.428571428571E-1,2.857142857143E-1,4.285714285714E-1,5.714285714286E-1,
7.142857142857E-1,8.571428571429E-1,1.E0),.UNSPECIFIED.);
#2427=B_SPLINE_CURVE_WITH_KNOTS('',3,(#2420,#2421,#2422,#2423,#2424,#2425,
#2426),.UNSPECIFIED.,.F.,.F.,(4,1,1,1,4),(0.E0,2.5E-1,5.E-1,7.5E-1,1.E0),
.UNSPECIFIED.);
#2435=B_SPLINE_CURVE_WITH_KNOTS('',3,(#2428,#2429,#2430,#2431,#2432,#2433,
#2434),.UNSPECIFIED.,.F.,.F.,(4,1,1,1,4),(0.E0,2.5E-1,5.E-1,7.5E-1,1.E0),
.UNSPECIFIED.);
#2446=B_SPLINE_CURVE_WITH_KNOTS('',3,(#2436,#2437,#2438,#2439,#2440,#2441,#2442,
#2443,#2444,#2445),.UNSPECIFIED.,.F.,.F.,(4,1,1,1,1,1,1,4),(0.E0,
1.428571428571E-1,2.857142857143E-1,4.285714285714E-1,5.714285714286E-1,
7.142857142857E-1,8.571428571429E-1,1.E0),.UNSPECIFIED.);
#2451=CIRCLE('',#2450,2.E-1);
#2456=CIRCLE('',#2455,5.E-1);
#2461=CIRCLE('',#2460,2.E-1);
#2466=CIRCLE('',#2465,2.E-1);
#2471=CIRCLE('',#2470,5.E-1);
#2476=CIRCLE('',#2475,2.E-1);
#2518=B_SPLINE_CURVE_WITH_KNOTS('',3,(#2513,#2514,#2515,#2516,#2517),
.UNSPECIFIED.,.F.,.F.,(4,1,4),(0.E0,5.E-1,1.E0),.UNSPECIFIED.);
#2528=B_SPLINE_CURVE_WITH_KNOTS('',3,(#2523,#2524,#2525,#2526,#2527),
.UNSPECIFIED.,.F.,.F.,(4,1,4),(0.E0,5.E-1,1.E0),.UNSPECIFIED.);
#2550=B_SPLINE_CURVE_WITH_KNOTS('',3,(#2545,#2546,#2547,#2548,#2549),
.UNSPECIFIED.,.F.,.F.,(4,1,4),(0.E0,5.E-1,1.E0),.UNSPECIFIED.);
#2560=B_SPLINE_CURVE_WITH_KNOTS('',3,(#2555,#2556,#2557,#2558,#2559),
.UNSPECIFIED.,.F.,.F.,(4,1,4),(0.E0,5.E-1,1.E0),.UNSPECIFIED.);
#2620=B_SPLINE_CURVE_WITH_KNOTS('',3,(#2609,#2610,#2611,#2612,#2613,#2614,#2615,
#2616,#2617,#2618,#2619),.UNSPECIFIED.,.F.,.F.,(4,1,1,1,1,1,1,1,4),(0.E0,
1.250000011409E-1,2.500000009552E-1,3.750000007695E-1,5.000000005837E-1,
6.250000003980E-1,7.500000002123E-1,8.750000000266E-1,1.E0),.UNSPECIFIED.);
#2652=B_SPLINE_CURVE_WITH_KNOTS('',3,(#2641,#2642,#2643,#2644,#2645,#2646,#2647,
#2648,#2649,#2650,#2651),.UNSPECIFIED.,.F.,.F.,(4,1,1,1,1,1,1,1,4),(0.E0,
1.250000011409E-1,2.500000009552E-1,3.750000007695E-1,5.000000005837E-1,
6.250000003980E-1,7.500000002123E-1,8.750000000266E-1,1.E0),.UNSPECIFIED.);
#2712=B_SPLINE_CURVE_WITH_KNOTS('',3,(#2705,#2706,#2707,#2708,#2709,#2710,
#2711),.UNSPECIFIED.,.F.,.F.,(4,1,1,1,4),(0.E0,2.5E-1,5.E-1,7.5E-1,1.E0),
.UNSPECIFIED.);
#2720=B_SPLINE_CURVE_WITH_KNOTS('',3,(#2713,#2714,#2715,#2716,#2717,#2718,
#2719),.UNSPECIFIED.,.F.,.F.,(4,1,1,1,4),(0.E0,2.5E-1,5.E-1,7.5E-1,1.E0),
.UNSPECIFIED.);
#2728=B_SPLINE_CURVE_WITH_KNOTS('',3,(#2721,#2722,#2723,#2724,#2725,#2726,
#2727),.UNSPECIFIED.,.F.,.F.,(4,1,1,1,4),(0.E0,2.5E-1,5.E-1,7.5E-1,1.E0),
.UNSPECIFIED.);
#2733=CIRCLE('',#2732,2.E-1);
#2738=CIRCLE('',#2737,5.E-1);
#2750=B_SPLINE_CURVE_WITH_KNOTS('',3,(#2739,#2740,#2741,#2742,#2743,#2744,#2745,
#2746,#2747,#2748,#2749),.UNSPECIFIED.,.F.,.F.,(4,1,1,1,1,1,1,1,4),(0.E0,
1.25E-1,2.5E-1,3.75E-1,5.E-1,6.25E-1,7.5E-1,8.75E-1,1.E0),.UNSPECIFIED.);
#2762=B_SPLINE_CURVE_WITH_KNOTS('',3,(#2751,#2752,#2753,#2754,#2755,#2756,#2757,
#2758,#2759,#2760,#2761),.UNSPECIFIED.,.F.,.F.,(4,1,1,1,1,1,1,1,4),(0.E0,
1.25E-1,2.5E-1,3.75E-1,5.E-1,6.25E-1,7.5E-1,8.75E-1,1.E0),.UNSPECIFIED.);
#2767=CIRCLE('',#2766,2.E-1);
#2772=CIRCLE('',#2771,2.E-1);
#2777=CIRCLE('',#2776,2.E-1);
#2817=B_SPLINE_CURVE_WITH_KNOTS('',3,(#2806,#2807,#2808,#2809,#2810,#2811,#2812,
#2813,#2814,#2815,#2816),.UNSPECIFIED.,.F.,.F.,(4,1,1,1,1,1,1,1,4),(0.E0,
1.25E-1,2.5E-1,3.75E-1,5.E-1,6.25E-1,7.5E-1,8.75E-1,1.E0),.UNSPECIFIED.);
#2822=CIRCLE('',#2821,2.E-1);
#2827=CIRCLE('',#2826,2.E-1);
#2876=CIRCLE('',#2875,4.3E-1);
#2881=CIRCLE('',#2880,4.3E-1);
#2926=CIRCLE('',#2925,4.3E-1);
#2963=CIRCLE('',#2962,4.3E-1);
#3012=CIRCLE('',#3011,2.E-1);
#3017=CIRCLE('',#3016,2.E-1);
#3833=EDGE_CURVE('',#3293,#3284,#137,.T.);
#3835=EDGE_CURVE('',#3801,#3284,#1591,.T.);
#3837=EDGE_CURVE('',#3365,#3801,#141,.T.);
#3839=EDGE_CURVE('',#3293,#3365,#145,.T.);
#3843=ADVANCED_FACE('',(#3842),#3832,.F.);
#3849=EDGE_CURVE('',#3303,#3304,#149,.T.);
#3851=EDGE_CURVE('',#3235,#3304,#153,.T.);
#3853=EDGE_CURVE('',#3235,#3255,#157,.T.);
#3855=EDGE_CURVE('',#3303,#3255,#161,.T.);
#3859=ADVANCED_FACE('',(#3858),#3848,.F.);
#3865=EDGE_CURVE('',#3291,#3288,#165,.T.);
#3867=EDGE_CURVE('',#3288,#3284,#1555,.T.);
#3870=EDGE_CURVE('',#3293,#3291,#188,.T.);
#3874=ADVANCED_FACE('',(#3873),#3864,.T.);
#3881=EDGE_CURVE('',#3346,#3291,#169,.T.);
#3883=EDGE_CURVE('',#3345,#3346,#173,.T.);
#3885=EDGE_CURVE('',#3288,#3345,#1519,.T.);
#3889=ADVANCED_FACE('',(#3888),#3879,.T.);
#3895=EDGE_CURVE('',#3291,#3297,#178,.T.);
#3897=EDGE_CURVE('',#3355,#3297,#2267,.T.);
#3899=EDGE_CURVE('',#3346,#3355,#183,.T.);
#3904=ADVANCED_FACE('',(#3903),#3894,.T.);
#3910=EDGE_CURVE('',#3293,#3295,#193,.T.);
#3912=EDGE_CURVE('',#3295,#3297,#2272,.T.);
#3918=ADVANCED_FACE('',(#3917),#3909,.T.);
#3926=EDGE_CURVE('',#3365,#3363,#205,.T.);
#3928=EDGE_CURVE('',#3295,#3363,#2276,.T.);
#3932=ADVANCED_FACE('',(#3931),#3923,.T.);
#3938=EDGE_CURVE('',#3818,#3815,#197,.T.);
#3940=EDGE_CURVE('',#3818,#3363,#2280,.T.);
#3944=EDGE_CURVE('',#3801,#3408,#209,.T.);
#3946=EDGE_CURVE('',#3404,#3408,#2021,.T.);
#3948=EDGE_CURVE('',#3404,#3825,#1997,.T.);
#3950=EDGE_CURVE('',#3825,#3815,#213,.T.);
#3954=ADVANCED_FACE('',(#3953),#3937,.T.);
#3960=EDGE_CURVE('',#3815,#3483,#221,.T.);
#3962=EDGE_CURVE('',#3483,#3819,#2680,.T.);
#3964=EDGE_CURVE('',#3818,#3819,#2284,.T.);
#3969=ADVANCED_FACE('',(#3968),#3959,.T.);
#3975=EDGE_CURVE('',#3483,#3379,#217,.T.);
#3979=EDGE_CURVE('',#3081,#3825,#225,.T.);
#3981=EDGE_CURVE('',#3080,#3081,#229,.T.);
#3983=EDGE_CURVE('',#3389,#3080,#2164,.T.);
#3985=EDGE_CURVE('',#3388,#3389,#233,.T.);
#3987=EDGE_CURVE('',#3388,#3379,#2404,.T.);
#3991=ADVANCED_FACE('',(#3990),#3974,.F.);
#3998=EDGE_CURVE('',#3377,#3379,#256,.T.);
#4000=EDGE_CURVE('',#3485,#3377,#2132,.T.);
#4002=EDGE_CURVE('',#3483,#3485,#245,.T.);
#4006=ADVANCED_FACE('',(#4005),#3996,.F.);
#4012=EDGE_CURVE('',#3374,#3375,#448,.T.);
#4014=EDGE_CURVE('',#3377,#3375,#2136,.T.);
#4017=EDGE_CURVE('',#3379,#3374,#2400,.T.);
#4021=ADVANCED_FACE('',(#4020),#4011,.F.);
#4027=EDGE_CURVE('',#3786,#3787,#372,.T.);
#4029=EDGE_CURVE('',#3789,#3787,#376,.T.);
#4031=EDGE_CURVE('',#3789,#3367,#380,.T.);
#4033=EDGE_CURVE('',#3366,#3367,#388,.T.);
#4035=EDGE_CURVE('',#3373,#3366,#392,.T.);
#4037=EDGE_CURVE('',#3372,#3373,#400,.T.);
#4039=EDGE_CURVE('',#3069,#3372,#404,.T.);
#4041=EDGE_CURVE('',#3068,#3069,#408,.T.);
#4043=EDGE_CURVE('',#3493,#3068,#412,.T.);
#4045=EDGE_CURVE('',#3493,#3491,#416,.T.);
#4047=EDGE_CURVE('',#3064,#3491,#420,.T.);
#4049=EDGE_CURVE('',#3064,#3065,#424,.T.);
#4051=EDGE_CURVE('',#3381,#3065,#428,.T.);
#4053=EDGE_CURVE('',#3380,#3381,#436,.T.);
#4055=EDGE_CURVE('',#3375,#3380,#440,.T.);
#4058=EDGE_CURVE('',#3391,#3374,#452,.T.);
#4060=EDGE_CURVE('',#3390,#3391,#460,.T.);
#4062=EDGE_CURVE('',#3057,#3390,#464,.T.);
#4064=EDGE_CURVE('',#3056,#3057,#468,.T.);
#4066=EDGE_CURVE('',#3053,#3056,#472,.T.);
#4068=EDGE_CURVE('',#3052,#3053,#476,.T.);
#4070=EDGE_CURVE('',#3393,#3052,#480,.T.);
#4072=EDGE_CURVE('',#3392,#3393,#488,.T.);
#4074=EDGE_CURVE('',#3392,#3791,#492,.T.);
#4076=EDGE_CURVE('',#3791,#3786,#496,.T.);
#4080=EDGE_CURVE('',#3184,#3185,#276,.T.);
#4082=EDGE_CURVE('',#3193,#3185,#280,.T.);
#4084=EDGE_CURVE('',#3192,#3193,#284,.T.);
#4086=EDGE_CURVE('',#3192,#3184,#288,.T.);
#4090=EDGE_CURVE('',#3188,#3189,#292,.T.);
#4092=EDGE_CURVE('',#3197,#3189,#296,.T.);
#4094=EDGE_CURVE('',#3196,#3197,#300,.T.);
#4096=EDGE_CURVE('',#3196,#3188,#304,.T.);
#4100=EDGE_CURVE('',#3622,#3623,#308,.T.);
#4102=EDGE_CURVE('',#3631,#3623,#312,.T.);
#4104=EDGE_CURVE('',#3630,#3631,#316,.T.);
#4106=EDGE_CURVE('',#3630,#3622,#320,.T.);
#4110=EDGE_CURVE('',#3626,#3627,#324,.T.);
#4112=EDGE_CURVE('',#3635,#3627,#328,.T.);
#4114=EDGE_CURVE('',#3634,#3635,#332,.T.);
#4116=EDGE_CURVE('',#3634,#3626,#336,.T.);
#4120=EDGE_CURVE('',#3726,#3727,#340,.T.);
#4122=EDGE_CURVE('',#3735,#3727,#344,.T.);
#4124=EDGE_CURVE('',#3734,#3735,#348,.T.);
#4126=EDGE_CURVE('',#3734,#3726,#352,.T.);
#4130=EDGE_CURVE('',#3730,#3731,#356,.T.);
#4132=EDGE_CURVE('',#3739,#3731,#360,.T.);
#4134=EDGE_CURVE('',#3738,#3739,#364,.T.);
#4136=EDGE_CURVE('',#3738,#3730,#368,.T.);
#4140=EDGE_CURVE('',#3433,#3429,#260,.T.);
#4142=EDGE_CURVE('',#3427,#3429,#512,.T.);
#4144=EDGE_CURVE('',#3427,#3423,#264,.T.);
#4146=EDGE_CURVE('',#3421,#3423,#560,.T.);
#4148=EDGE_CURVE('',#3421,#3441,#268,.T.);
#4150=EDGE_CURVE('',#3439,#3441,#580,.T.);
#4152=EDGE_CURVE('',#3439,#3435,#272,.T.);
#4154=EDGE_CURVE('',#3433,#3435,#600,.T.);
#4158=ADVANCED_FACE('',(#4079,#4089,#4099,#4109,#4119,#4129,#4139,#4157),#4026,
.F.);
#4164=EDGE_CURVE('',#3429,#3424,#500,.T.);
#4167=EDGE_CURVE('',#3433,#3431,#504,.T.);
#4169=EDGE_CURVE('',#3431,#3424,#536,.T.);
#4173=ADVANCED_FACE('',(#4172),#4163,.T.);
#4179=EDGE_CURVE('',#3424,#3425,#532,.T.);
#4181=EDGE_CURVE('',#3427,#3425,#608,.T.);
#4187=ADVANCED_FACE('',(#4186),#4178,.T.);
#4193=EDGE_CURVE('',#3418,#3419,#520,.T.);
#4195=EDGE_CURVE('',#3425,#3418,#524,.T.);
#4199=EDGE_CURVE('',#3430,#3431,#544,.T.);
#4201=EDGE_CURVE('',#3437,#3430,#592,.T.);
#4203=EDGE_CURVE('',#3436,#3437,#552,.T.);
#4205=EDGE_CURVE('',#3419,#3436,#568,.T.);
#4209=ADVANCED_FACE('',(#4208),#4192,.T.);
#4216=EDGE_CURVE('',#3421,#3419,#564,.T.);
#4219=EDGE_CURVE('',#3423,#3418,#604,.T.);
#4223=ADVANCED_FACE('',(#4222),#4214,.T.);
#4231=EDGE_CURVE('',#3441,#3436,#572,.T.);
#4236=ADVANCED_FACE('',(#4235),#4228,.T.);
#4243=EDGE_CURVE('',#3439,#3437,#588,.T.);
#4249=ADVANCED_FACE('',(#4248),#4241,.T.);
#4255=EDGE_CURVE('',#3435,#3430,#584,.T.);
#4262=ADVANCED_FACE('',(#4261),#4254,.T.);
#4274=ADVANCED_FACE('',(#4273),#4267,.T.);
#4286=ADVANCED_FACE('',(#4285),#4279,.T.);
#4293=EDGE_CURVE('',#3143,#3184,#612,.T.);
#4295=EDGE_CURVE('',#3142,#3143,#616,.T.);
#4297=EDGE_CURVE('',#3185,#3142,#620,.T.);
#4301=ADVANCED_FACE('',(#4300),#4291,.T.);
#4308=EDGE_CURVE('',#3147,#3188,#624,.T.);
#4310=EDGE_CURVE('',#3146,#3147,#628,.T.);
#4312=EDGE_CURVE('',#3189,#3146,#632,.T.);
#4316=ADVANCED_FACE('',(#4315),#4306,.T.);
#4322=EDGE_CURVE('',#3200,#3201,#760,.T.);
#4324=EDGE_CURVE('',#3200,#3225,#1160,.T.);
#4326=EDGE_CURVE('',#3513,#3225,#1117,.T.);
#4328=EDGE_CURVE('',#3157,#3513,#636,.T.);
#4330=EDGE_CURVE('',#3155,#3157,#640,.T.);
#4332=EDGE_CURVE('',#3153,#3155,#644,.T.);
#4334=EDGE_CURVE('',#3151,#3153,#648,.T.);
#4336=EDGE_CURVE('',#3150,#3151,#652,.T.);
#4338=EDGE_CURVE('',#3207,#3150,#657,.T.);
#4340=EDGE_CURVE('',#3201,#3207,#888,.T.);
#4344=ADVANCED_FACE('',(#4343),#4321,.T.);
#4350=EDGE_CURVE('',#3210,#3211,#876,.T.);
#4352=EDGE_CURVE('',#3137,#3210,#662,.T.);
#4354=EDGE_CURVE('',#3136,#3137,#666,.T.);
#4356=EDGE_CURVE('',#3139,#3136,#670,.T.);
#4358=EDGE_CURVE('',#3231,#3139,#674,.T.);
#4360=EDGE_CURVE('',#3231,#3223,#1293,.T.);
#4362=EDGE_CURVE('',#3223,#3219,#1140,.T.);
#4364=EDGE_CURVE('',#3211,#3219,#1767,.T.);
#4368=ADVANCED_FACE('',(#4367),#4349,.T.);
#4375=EDGE_CURVE('',#3167,#3192,#690,.T.);
#4377=EDGE_CURVE('',#3143,#3167,#678,.T.);
#4382=ADVANCED_FACE('',(#4381),#4373,.T.);
#4389=EDGE_CURVE('',#3193,#3166,#682,.T.);
#4391=EDGE_CURVE('',#3166,#3167,#686,.T.);
#4396=ADVANCED_FACE('',(#4395),#4387,.F.);
#4403=EDGE_CURVE('',#3197,#3170,#694,.T.);
#4405=EDGE_CURVE('',#3170,#3171,#698,.T.);
#4407=EDGE_CURVE('',#3171,#3196,#702,.T.);
#4411=ADVANCED_FACE('',(#4410),#4401,.F.);
#4417=EDGE_CURVE('',#3204,#3205,#781,.T.);
#4419=EDGE_CURVE('',#3205,#3213,#896,.T.);
#4421=EDGE_CURVE('',#3213,#3174,#707,.T.);
#4423=EDGE_CURVE('',#3174,#3175,#711,.T.);
#4425=EDGE_CURVE('',#3175,#3177,#715,.T.);
#4427=EDGE_CURVE('',#3177,#3179,#719,.T.);
#4429=EDGE_CURVE('',#3179,#3181,#723,.T.);
#4431=EDGE_CURVE('',#3181,#3515,#727,.T.);
#4433=EDGE_CURVE('',#3515,#3229,#1108,.T.);
#4435=EDGE_CURVE('',#3204,#3229,#1196,.T.);
#4439=ADVANCED_FACE('',(#4438),#4416,.F.);
#4445=EDGE_CURVE('',#3216,#3217,#868,.T.);
#4447=EDGE_CURVE('',#3221,#3217,#1802,.T.);
#4449=EDGE_CURVE('',#3227,#3221,#1188,.T.);
#4451=EDGE_CURVE('',#3233,#3227,#1302,.T.);
#4453=EDGE_CURVE('',#3233,#3163,#731,.T.);
#4455=EDGE_CURVE('',#3163,#3160,#735,.T.);
#4457=EDGE_CURVE('',#3160,#3161,#739,.T.);
#4459=EDGE_CURVE('',#3161,#3216,#744,.T.);
#4463=ADVANCED_FACE('',(#4462),#4444,.F.);
#4471=EDGE_CURVE('',#3142,#3166,#748,.T.);
#4476=ADVANCED_FACE('',(#4475),#4468,.T.);
#4488=ADVANCED_FACE('',(#4487),#4481,.T.);
#4496=EDGE_CURVE('',#3146,#3170,#752,.T.);
#4501=ADVANCED_FACE('',(#4500),#4493,.T.);
#4508=EDGE_CURVE('',#3147,#3171,#756,.T.);
#4514=ADVANCED_FACE('',(#4513),#4506,.T.);
#4526=ADVANCED_FACE('',(#4525),#4519,.T.);
#4533=EDGE_CURVE('',#3563,#3201,#884,.T.);
#4535=EDGE_CURVE('',#3570,#3563,#1633,.T.);
#4537=EDGE_CURVE('',#3570,#3571,#1603,.T.);
#4539=EDGE_CURVE('',#3267,#3571,#765,.T.);
#4541=EDGE_CURVE('',#3267,#3111,#1382,.T.);
#4543=EDGE_CURVE('',#3111,#3127,#769,.T.);
#4545=EDGE_CURVE('',#3127,#3200,#773,.T.);
#4549=ADVANCED_FACE('',(#4548),#4531,.F.);
#4555=EDGE_CURVE('',#3638,#3639,#777,.T.);
#4557=EDGE_CURVE('',#3205,#3639,#900,.T.);
#4560=EDGE_CURVE('',#3204,#3638,#785,.T.);
#4564=ADVANCED_FACE('',(#4563),#4554,.F.);
#4570=EDGE_CURVE('',#3742,#3743,#789,.T.);
#4572=EDGE_CURVE('',#3643,#3743,#916,.T.);
#4574=EDGE_CURVE('',#3642,#3643,#793,.T.);
#4576=EDGE_CURVE('',#3642,#3742,#797,.T.);
#4580=ADVANCED_FACE('',(#4579),#4569,.F.);
#4586=EDGE_CURVE('',#3746,#3747,#801,.T.);
#4588=EDGE_CURVE('',#3746,#3129,#805,.T.);
#4590=EDGE_CURVE('',#3125,#3129,#809,.T.);
#4592=EDGE_CURVE('',#3125,#3269,#1478,.T.);
#4594=EDGE_CURVE('',#3555,#3269,#820,.T.);
#4596=EDGE_CURVE('',#3554,#3555,#1692,.T.);
#4598=EDGE_CURVE('',#3550,#3554,#1746,.T.);
#4600=EDGE_CURVE('',#3747,#3550,#836,.T.);
#4604=ADVANCED_FACE('',(#4603),#4585,.F.);
#4610=EDGE_CURVE('',#3743,#3749,#824,.T.);
#4612=EDGE_CURVE('',#3755,#3749,#828,.T.);
#4614=EDGE_CURVE('',#3747,#3755,#832,.T.);
#4617=EDGE_CURVE('',#3550,#3551,#840,.T.);
#4619=EDGE_CURVE('',#3759,#3551,#1830,.T.);
#4621=EDGE_CURVE('',#3758,#3759,#844,.T.);
#4623=EDGE_CURVE('',#3758,#3752,#848,.T.);
#4625=EDGE_CURVE('',#3752,#3753,#852,.T.);
#4627=EDGE_CURVE('',#3655,#3753,#1822,.T.);
#4629=EDGE_CURVE('',#3654,#3655,#856,.T.);
#4631=EDGE_CURVE('',#3654,#3648,#860,.T.);
#4633=EDGE_CURVE('',#3648,#3649,#864,.T.);
#4635=EDGE_CURVE('',#3217,#3649,#1806,.T.);
#4638=EDGE_CURVE('',#3216,#3210,#872,.T.);
#4641=EDGE_CURVE('',#3562,#3211,#1790,.T.);
#4643=EDGE_CURVE('',#3562,#3563,#880,.T.);
#4647=EDGE_CURVE('',#3213,#3207,#892,.T.);
#4651=EDGE_CURVE('',#3639,#3645,#904,.T.);
#4653=EDGE_CURVE('',#3651,#3645,#908,.T.);
#4655=EDGE_CURVE('',#3643,#3651,#912,.T.);
#4660=ADVANCED_FACE('',(#4659),#4609,.F.);
#4667=EDGE_CURVE('',#3685,#3726,#920,.T.);
#4669=EDGE_CURVE('',#3684,#3685,#924,.T.);
#4671=EDGE_CURVE('',#3727,#3684,#928,.T.);
#4675=ADVANCED_FACE('',(#4674),#4665,.T.);
#4682=EDGE_CURVE('',#3689,#3730,#932,.T.);
#4684=EDGE_CURVE('',#3688,#3689,#936,.T.);
#4686=EDGE_CURVE('',#3731,#3688,#940,.T.);
#4690=ADVANCED_FACE('',(#4689),#4680,.T.);
#4697=EDGE_CURVE('',#3742,#3767,#1216,.T.);
#4699=EDGE_CURVE('',#3773,#3767,#1089,.T.);
#4701=EDGE_CURVE('',#3699,#3773,#944,.T.);
#4703=EDGE_CURVE('',#3697,#3699,#948,.T.);
#4705=EDGE_CURVE('',#3695,#3697,#952,.T.);
#4707=EDGE_CURVE('',#3693,#3695,#956,.T.);
#4709=EDGE_CURVE('',#3692,#3693,#960,.T.);
#4711=EDGE_CURVE('',#3749,#3692,#965,.T.);
#4716=ADVANCED_FACE('',(#4715),#4695,.T.);
#4723=EDGE_CURVE('',#3679,#3752,#970,.T.);
#4725=EDGE_CURVE('',#3678,#3679,#974,.T.);
#4727=EDGE_CURVE('',#3681,#3678,#978,.T.);
#4729=EDGE_CURVE('',#3777,#3681,#982,.T.);
#4731=EDGE_CURVE('',#3777,#3765,#1269,.T.);
#4733=EDGE_CURVE('',#3765,#3761,#1204,.T.);
#4735=EDGE_CURVE('',#3753,#3761,#1810,.T.);
#4739=ADVANCED_FACE('',(#4738),#4721,.T.);
#4746=EDGE_CURVE('',#3709,#3734,#998,.T.);
#4748=EDGE_CURVE('',#3685,#3709,#986,.T.);
#4753=ADVANCED_FACE('',(#4752),#4744,.T.);
#4760=EDGE_CURVE('',#3735,#3708,#990,.T.);
#4762=EDGE_CURVE('',#3708,#3709,#994,.T.);
#4767=ADVANCED_FACE('',(#4766),#4758,.F.);
#4774=EDGE_CURVE('',#3739,#3712,#1002,.T.);
#4776=EDGE_CURVE('',#3712,#3713,#1006,.T.);
#4778=EDGE_CURVE('',#3713,#3738,#1010,.T.);
#4782=ADVANCED_FACE('',(#4781),#4772,.F.);
#4790=EDGE_CURVE('',#3755,#3716,#1015,.T.);
#4792=EDGE_CURVE('',#3716,#3717,#1019,.T.);
#4794=EDGE_CURVE('',#3717,#3719,#1023,.T.);
#4796=EDGE_CURVE('',#3719,#3721,#1027,.T.);
#4798=EDGE_CURVE('',#3721,#3723,#1031,.T.);
#4800=EDGE_CURVE('',#3723,#3775,#1035,.T.);
#4802=EDGE_CURVE('',#3775,#3771,#1132,.T.);
#4804=EDGE_CURVE('',#3746,#3771,#1248,.T.);
#4808=ADVANCED_FACE('',(#4807),#4787,.F.);
#4815=EDGE_CURVE('',#3763,#3759,#1826,.T.);
#4817=EDGE_CURVE('',#3769,#3763,#1228,.T.);
#4819=EDGE_CURVE('',#3779,#3769,#1278,.T.);
#4821=EDGE_CURVE('',#3779,#3705,#1039,.T.);
#4823=EDGE_CURVE('',#3705,#3702,#1043,.T.);
#4825=EDGE_CURVE('',#3702,#3703,#1047,.T.);
#4827=EDGE_CURVE('',#3703,#3758,#1052,.T.);
#4831=ADVANCED_FACE('',(#4830),#4813,.F.);
#4839=EDGE_CURVE('',#3684,#3708,#1056,.T.);
#4844=ADVANCED_FACE('',(#4843),#4836,.T.);
#4856=ADVANCED_FACE('',(#4855),#4849,.T.);
#4864=EDGE_CURVE('',#3688,#3712,#1060,.T.);
#4869=ADVANCED_FACE('',(#4868),#4861,.T.);
#4876=EDGE_CURVE('',#3689,#3713,#1064,.T.);
#4882=ADVANCED_FACE('',(#4881),#4874,.T.);
#4894=ADVANCED_FACE('',(#4893),#4887,.T.);
#4902=EDGE_CURVE('',#3692,#3716,#1068,.T.);
#4907=ADVANCED_FACE('',(#4906),#4899,.T.);
#4914=EDGE_CURVE('',#3693,#3717,#1072,.T.);
#4920=ADVANCED_FACE('',(#4919),#4912,.T.);
#4927=EDGE_CURVE('',#3695,#3719,#1076,.T.);
#4933=ADVANCED_FACE('',(#4932),#4925,.T.);
#4940=EDGE_CURVE('',#3697,#3721,#1080,.T.);
#4946=ADVANCED_FACE('',(#4945),#4938,.T.);
#4953=EDGE_CURVE('',#3699,#3723,#1084,.T.);
#4959=ADVANCED_FACE('',(#4958),#4951,.T.);
#4965=EDGE_CURVE('',#3773,#3775,#1136,.T.);
#4972=ADVANCED_FACE('',(#4971),#4964,.T.);
#4979=EDGE_CURVE('',#3667,#3767,#1224,.T.);
#4981=EDGE_CURVE('',#3671,#3667,#1094,.T.);
#4983=EDGE_CURVE('',#3669,#3671,#1098,.T.);
#4985=EDGE_CURVE('',#3669,#3663,#1103,.T.);
#4987=EDGE_CURVE('',#3229,#3663,#1200,.T.);
#4990=EDGE_CURVE('',#3513,#3515,#1112,.T.);
#4993=EDGE_CURVE('',#3277,#3225,#1176,.T.);
#4995=EDGE_CURVE('',#3277,#3240,#1122,.T.);
#4997=EDGE_CURVE('',#3240,#3241,#1535,.T.);
#4999=EDGE_CURVE('',#3241,#3275,#1127,.T.);
#5001=EDGE_CURVE('',#3771,#3275,#1252,.T.);
#5007=ADVANCED_FACE('',(#5006),#4977,.T.);
#5014=EDGE_CURVE('',#3223,#3279,#1144,.T.);
#5016=EDGE_CURVE('',#3097,#3279,#1148,.T.);
#5018=EDGE_CURVE('',#3096,#3097,#1152,.T.);
#5020=EDGE_CURVE('',#3131,#3096,#1156,.T.);
#5022=EDGE_CURVE('',#3131,#3219,#1771,.T.);
#5026=ADVANCED_FACE('',(#5025),#5012,.T.);
#5034=EDGE_CURVE('',#3093,#3127,#1164,.T.);
#5036=EDGE_CURVE('',#3092,#3093,#1168,.T.);
#5038=EDGE_CURVE('',#3277,#3092,#1172,.T.);
#5043=ADVANCED_FACE('',(#5042),#5031,.T.);
#5049=EDGE_CURVE('',#3661,#3657,#1180,.T.);
#5051=EDGE_CURVE('',#3661,#3227,#1184,.T.);
#5054=EDGE_CURVE('',#3221,#3657,#1798,.T.);
#5058=ADVANCED_FACE('',(#5057),#5048,.T.);
#5064=EDGE_CURVE('',#3638,#3663,#1192,.T.);
#5071=ADVANCED_FACE('',(#5070),#5063,.T.);
#5078=EDGE_CURVE('',#3765,#3665,#1208,.T.);
#5080=EDGE_CURVE('',#3665,#3659,#1212,.T.);
#5082=EDGE_CURVE('',#3659,#3761,#1814,.T.);
#5086=ADVANCED_FACE('',(#5085),#5076,.T.);
#5094=EDGE_CURVE('',#3642,#3667,#1220,.T.);
#5099=ADVANCED_FACE('',(#5098),#5091,.T.);
#5106=EDGE_CURVE('',#3763,#3133,#1843,.T.);
#5108=EDGE_CURVE('',#3101,#3133,#1232,.T.);
#5110=EDGE_CURVE('',#3100,#3101,#1236,.T.);
#5112=EDGE_CURVE('',#3281,#3100,#1240,.T.);
#5114=EDGE_CURVE('',#3281,#3769,#1244,.T.);
#5118=ADVANCED_FACE('',(#5117),#5104,.T.);
#5126=EDGE_CURVE('',#3089,#3275,#1256,.T.);
#5128=EDGE_CURVE('',#3088,#3089,#1260,.T.);
#5130=EDGE_CURVE('',#3129,#3088,#1264,.T.);
#5135=ADVANCED_FACE('',(#5134),#5123,.T.);
#5142=EDGE_CURVE('',#3779,#3777,#1273,.T.);
#5146=EDGE_CURVE('',#3281,#3248,#1283,.T.);
#5148=EDGE_CURVE('',#3248,#3249,#1885,.T.);
#5150=EDGE_CURVE('',#3249,#3279,#1288,.T.);
#5154=EDGE_CURVE('',#3233,#3231,#1297,.T.);
#5158=EDGE_CURVE('',#3673,#3661,#1307,.T.);
#5160=EDGE_CURVE('',#3675,#3673,#1311,.T.);
#5162=EDGE_CURVE('',#3675,#3665,#1316,.T.);
#5167=ADVANCED_FACE('',(#5166),#5140,.T.);
#5175=EDGE_CURVE('',#3681,#3705,#1320,.T.);
#5180=ADVANCED_FACE('',(#5179),#5172,.T.);
#5187=EDGE_CURVE('',#3678,#3702,#1324,.T.);
#5193=ADVANCED_FACE('',(#5192),#5185,.T.);
#5200=EDGE_CURVE('',#3679,#3703,#1328,.T.);
#5206=ADVANCED_FACE('',(#5205),#5198,.T.);
#5218=ADVANCED_FACE('',(#5217),#5211,.T.);
#5224=EDGE_CURVE('',#3265,#3251,#1333,.T.);
#5226=EDGE_CURVE('',#3251,#3248,#1889,.T.);
#5230=EDGE_CURVE('',#3120,#3100,#2793,.T.);
#5232=EDGE_CURVE('',#3265,#3120,#1442,.T.);
#5236=ADVANCED_FACE('',(#5235),#5223,.F.);
#5242=EDGE_CURVE('',#3327,#3337,#1338,.T.);
#5244=EDGE_CURVE('',#3327,#3251,#1893,.T.);
#5247=EDGE_CURVE('',#3337,#3265,#1438,.T.);
#5251=ADVANCED_FACE('',(#5250),#5241,.T.);
#5306=EDGE_CURVE('',#3337,#3338,#1434,.T.);
#5308=EDGE_CURVE('',#3323,#3338,#3012,.T.);
#5310=EDGE_CURVE('',#3327,#3323,#1350,.T.);
#5314=ADVANCED_FACE('',(#5313),#5304,.T.);
#5320=EDGE_CURVE('',#3299,#3300,#1362,.T.);
#5322=EDGE_CURVE('',#3261,#3299,#1366,.T.);
#5324=EDGE_CURVE('',#3261,#3108,#1370,.T.);
#5326=EDGE_CURVE('',#3108,#3109,#1374,.T.);
#5328=EDGE_CURVE('',#3109,#3111,#1378,.T.);
#5331=EDGE_CURVE('',#3300,#3267,#1386,.T.);
#5335=ADVANCED_FACE('',(#5334),#5319,.T.);
#5341=EDGE_CURVE('',#3314,#3315,#1398,.T.);
#5343=EDGE_CURVE('',#3271,#3314,#1402,.T.);
#5345=EDGE_CURVE('',#3271,#3114,#1406,.T.);
#5347=EDGE_CURVE('',#3114,#3115,#1410,.T.);
#5349=EDGE_CURVE('',#3115,#3117,#1414,.T.);
#5351=EDGE_CURVE('',#3263,#3117,#1418,.T.);
#5353=EDGE_CURVE('',#3263,#3315,#1422,.T.);
#5357=ADVANCED_FACE('',(#5356),#5340,.T.);
#5366=EDGE_CURVE('',#3120,#3121,#1446,.T.);
#5368=EDGE_CURVE('',#3121,#3123,#1450,.T.);
#5370=EDGE_CURVE('',#3123,#3273,#1454,.T.);
#5372=EDGE_CURVE('',#3338,#3273,#1458,.T.);
#5376=ADVANCED_FACE('',(#5375),#5362,.T.);
#5382=EDGE_CURVE('',#3352,#3353,#1470,.T.);
#5384=EDGE_CURVE('',#3269,#3352,#1474,.T.);
#5387=EDGE_CURVE('',#3125,#3104,#1482,.T.);
#5389=EDGE_CURVE('',#3104,#3105,#1486,.T.);
#5391=EDGE_CURVE('',#3259,#3105,#1490,.T.);
#5393=EDGE_CURVE('',#3353,#3259,#1494,.T.);
#5397=ADVANCED_FACE('',(#5396),#5381,.T.);
#5451=EDGE_CURVE('',#3289,#3299,#1511,.T.);
#5454=EDGE_CURVE('',#3285,#3300,#3017,.T.);
#5456=EDGE_CURVE('',#3289,#3285,#1506,.T.);
#5460=ADVANCED_FACE('',(#5459),#5450,.T.);
#5467=EDGE_CURVE('',#3243,#3289,#1543,.T.);
#5469=EDGE_CURVE('',#3261,#3243,#1856,.T.);
#5474=ADVANCED_FACE('',(#5473),#5465,.T.);
#5480=EDGE_CURVE('',#3288,#3289,#1515,.T.);
#5483=EDGE_CURVE('',#3348,#3345,#1523,.T.);
#5485=EDGE_CURVE('',#3348,#3245,#1527,.T.);
#5487=EDGE_CURVE('',#3245,#3241,#1531,.T.);
#5490=EDGE_CURVE('',#3243,#3240,#1539,.T.);
#5495=ADVANCED_FACE('',(#5494),#5479,.T.);
#5501=EDGE_CURVE('',#3284,#3285,#1595,.T.);
#5508=ADVANCED_FACE('',(#5507),#5500,.T.);
#5514=EDGE_CURVE('',#3521,#3523,#1559,.T.);
#5516=EDGE_CURVE('',#3521,#3526,#1563,.T.);
#5518=EDGE_CURVE('',#3526,#3527,#1567,.T.);
#5520=EDGE_CURVE('',#3566,#3527,#1571,.T.);
#5522=EDGE_CURVE('',#3566,#3567,#1575,.T.);
#5524=EDGE_CURVE('',#3567,#3312,#1579,.T.);
#5526=EDGE_CURVE('',#3312,#3303,#1583,.T.);
#5529=EDGE_CURVE('',#3409,#3255,#1965,.T.);
#5531=EDGE_CURVE('',#3408,#3409,#1587,.T.);
#5536=EDGE_CURVE('',#3285,#3571,#1599,.T.);
#5539=EDGE_CURVE('',#3523,#3570,#1607,.T.);
#5543=ADVANCED_FACE('',(#5542),#5513,.F.);
#5549=EDGE_CURVE('',#3518,#3519,#1620,.T.);
#5551=EDGE_CURVE('',#3518,#3521,#1651,.T.);
#5554=EDGE_CURVE('',#3523,#3519,#1616,.T.);
#5558=ADVANCED_FACE('',(#5557),#5548,.T.);
#5565=EDGE_CURVE('',#3531,#3519,#1628,.T.);
#5567=EDGE_CURVE('',#3529,#3531,#1624,.T.);
#5569=EDGE_CURVE('',#3518,#3529,#1655,.T.);
#5573=ADVANCED_FACE('',(#5572),#5563,.F.);
#5580=EDGE_CURVE('',#3531,#3527,#1647,.T.);
#5587=EDGE_CURVE('',#3562,#3566,#1638,.T.);
#5591=ADVANCED_FACE('',(#5590),#5578,.T.);
#5598=EDGE_CURVE('',#3526,#3529,#1659,.T.);
#5604=ADVANCED_FACE('',(#5603),#5596,.T.);
#5616=ADVANCED_FACE('',(#5615),#5609,.F.);
#5622=EDGE_CURVE('',#3534,#3537,#1663,.T.);
#5624=EDGE_CURVE('',#3534,#3545,#1732,.T.);
#5626=EDGE_CURVE('',#3542,#3545,#1667,.T.);
#5628=EDGE_CURVE('',#3542,#3537,#1671,.T.);
#5632=ADVANCED_FACE('',(#5631),#5621,.F.);
#5638=EDGE_CURVE('',#3534,#3535,#1684,.T.);
#5641=EDGE_CURVE('',#3537,#3539,#1750,.T.);
#5643=EDGE_CURVE('',#3539,#3535,#1680,.T.);
#5647=ADVANCED_FACE('',(#5646),#5637,.T.);
#5654=EDGE_CURVE('',#3554,#3535,#1688,.T.);
#5657=EDGE_CURVE('',#3555,#3350,#1696,.T.);
#5659=EDGE_CURVE('',#3350,#3341,#1700,.T.);
#5661=EDGE_CURVE('',#3341,#3803,#1704,.T.);
#5663=EDGE_CURVE('',#3417,#3803,#2700,.T.);
#5665=EDGE_CURVE('',#3416,#3417,#1708,.T.);
#5667=EDGE_CURVE('',#3257,#3416,#1977,.T.);
#5669=EDGE_CURVE('',#3322,#3257,#1945,.T.);
#5671=EDGE_CURVE('',#3322,#3323,#1712,.T.);
#5673=EDGE_CURVE('',#3323,#3559,#1716,.T.);
#5675=EDGE_CURVE('',#3558,#3559,#1720,.T.);
#5677=EDGE_CURVE('',#3547,#3558,#1724,.T.);
#5679=EDGE_CURVE('',#3545,#3547,#1728,.T.);
#5684=ADVANCED_FACE('',(#5683),#5652,.F.);
#5690=EDGE_CURVE('',#3539,#3543,#1736,.T.);
#5692=EDGE_CURVE('',#3547,#3543,#1763,.T.);
#5695=EDGE_CURVE('',#3558,#3551,#1741,.T.);
#5703=ADVANCED_FACE('',(#5702),#5689,.T.);
#5711=EDGE_CURVE('',#3542,#3543,#1754,.T.);
#5716=ADVANCED_FACE('',(#5715),#5708,.F.);
#5728=ADVANCED_FACE('',(#5727),#5721,.T.);
#5736=EDGE_CURVE('',#3114,#3131,#1775,.T.);
#5739=EDGE_CURVE('',#3567,#3271,#1786,.T.);
#5746=ADVANCED_FACE('',(#5745),#5733,.F.);
#5752=EDGE_CURVE('',#3649,#3657,#1794,.T.);
#5759=ADVANCED_FACE('',(#5758),#5751,.F.);
#5767=EDGE_CURVE('',#3659,#3655,#1818,.T.);
#5772=ADVANCED_FACE('',(#5771),#5764,.F.);
#5782=EDGE_CURVE('',#3273,#3559,#1835,.T.);
#5785=EDGE_CURVE('',#3123,#3133,#1839,.T.);
#5790=ADVANCED_FACE('',(#5789),#5777,.F.);
#5797=EDGE_CURVE('',#3109,#3093,#1847,.T.);
#5803=ADVANCED_FACE('',(#5802),#5795,.F.);
#5812=EDGE_CURVE('',#3115,#3096,#1860,.T.);
#5816=ADVANCED_FACE('',(#5815),#5808,.F.);
#5823=EDGE_CURVE('',#3108,#3092,#1851,.T.);
#5829=ADVANCED_FACE('',(#5828),#5821,.F.);
#5843=ADVANCED_FACE('',(#5842),#5834,.F.);
#5852=EDGE_CURVE('',#3117,#3097,#1869,.T.);
#5856=ADVANCED_FACE('',(#5855),#5848,.F.);
#5864=EDGE_CURVE('',#3253,#3249,#1881,.T.);
#5866=EDGE_CURVE('',#3253,#3263,#1865,.T.);
#5872=ADVANCED_FACE('',(#5871),#5861,.F.);
#5878=EDGE_CURVE('',#3310,#3307,#1873,.T.);
#5880=EDGE_CURVE('',#3253,#3310,#1877,.T.);
#5886=EDGE_CURVE('',#3326,#3327,#1897,.T.);
#5888=EDGE_CURVE('',#3307,#3326,#1917,.T.);
#5892=ADVANCED_FACE('',(#5891),#5877,.T.);
#5899=EDGE_CURVE('',#3307,#3303,#1909,.T.);
#5902=EDGE_CURVE('',#3312,#3310,#2817,.T.);
#5906=ADVANCED_FACE('',(#5905),#5897,.T.);
#5914=EDGE_CURVE('',#3307,#3308,#1913,.T.);
#5916=EDGE_CURVE('',#3308,#3304,#2456,.T.);
#5920=ADVANCED_FACE('',(#5919),#5911,.T.);
#5928=EDGE_CURVE('',#3329,#3326,#1921,.T.);
#5930=EDGE_CURVE('',#3329,#3308,#1925,.T.);
#5934=ADVANCED_FACE('',(#5933),#5925,.T.);
#5941=EDGE_CURVE('',#3326,#3322,#1937,.T.);
#5943=EDGE_CURVE('',#3331,#3322,#1941,.T.);
#5945=EDGE_CURVE('',#3331,#3329,#2471,.T.);
#5949=ADVANCED_FACE('',(#5948),#5939,.T.);
#5961=ADVANCED_FACE('',(#5960),#5954,.T.);
#5969=EDGE_CURVE('',#3257,#3236,#1949,.T.);
#5971=EDGE_CURVE('',#3331,#3236,#1953,.T.);
#5975=ADVANCED_FACE('',(#5974),#5966,.T.);
#5981=EDGE_CURVE('',#3341,#3342,#1957,.T.);
#5983=EDGE_CURVE('',#3359,#3342,#1961,.T.);
#5985=EDGE_CURVE('',#3359,#3803,#2704,.T.);
#5990=ADVANCED_FACE('',(#5989),#5980,.T.);
#5996=EDGE_CURVE('',#3405,#3081,#1993,.T.);
#5998=EDGE_CURVE('',#3409,#3405,#2029,.T.);
#6002=EDGE_CURVE('',#3234,#3235,#1973,.T.);
#6004=EDGE_CURVE('',#3234,#3080,#2168,.T.);
#6009=ADVANCED_FACE('',(#6008),#5995,.F.);
#6016=EDGE_CURVE('',#3412,#3416,#2720,.T.);
#6018=EDGE_CURVE('',#3085,#3412,#2005,.T.);
#6020=EDGE_CURVE('',#3084,#3085,#2057,.T.);
#6022=EDGE_CURVE('',#3084,#3237,#2194,.T.);
#6024=EDGE_CURVE('',#3236,#3237,#1985,.T.);
#6029=ADVANCED_FACE('',(#6028),#6014,.F.);
#6035=EDGE_CURVE('',#3404,#3405,#1989,.T.);
#6042=ADVANCED_FACE('',(#6041),#6034,.F.);
#6048=EDGE_CURVE('',#3797,#3827,#2037,.T.);
#6050=EDGE_CURVE('',#3783,#3797,#2065,.T.);
#6052=EDGE_CURVE('',#3782,#3783,#2001,.T.);
#6054=EDGE_CURVE('',#3799,#3782,#2797,.T.);
#6056=EDGE_CURVE('',#3085,#3799,#2061,.T.);
#6059=EDGE_CURVE('',#3412,#3413,#2009,.T.);
#6061=EDGE_CURVE('',#3413,#3827,#2013,.T.);
#6065=ADVANCED_FACE('',(#6064),#6047,.F.);
#6077=ADVANCED_FACE('',(#6076),#6070,.T.);
#6083=EDGE_CURVE('',#3793,#3797,#2033,.T.);
#6086=EDGE_CURVE('',#3827,#3809,#2696,.T.);
#6088=EDGE_CURVE('',#3477,#3809,#2041,.T.);
#6090=EDGE_CURVE('',#3369,#3477,#2045,.T.);
#6092=EDGE_CURVE('',#3793,#3369,#2073,.T.);
#6096=ADVANCED_FACE('',(#6095),#6082,.F.);
#6102=EDGE_CURVE('',#3795,#3799,#2049,.T.);
#6104=EDGE_CURVE('',#3397,#3795,#2089,.T.);
#6106=EDGE_CURVE('',#3399,#3397,#2053,.T.);
#6108=EDGE_CURVE('',#3399,#3084,#2198,.T.);
#6114=ADVANCED_FACE('',(#6113),#6101,.F.);
#6122=EDGE_CURVE('',#3793,#3789,#2069,.T.);
#6125=EDGE_CURVE('',#3787,#3783,#2805,.T.);
#6129=ADVANCED_FACE('',(#6128),#6119,.T.);
#6137=EDGE_CURVE('',#3367,#3369,#2077,.T.);
#6142=ADVANCED_FACE('',(#6141),#6134,.T.);
#6148=EDGE_CURVE('',#3795,#3791,#2081,.T.);
#6151=EDGE_CURVE('',#3397,#3392,#2085,.T.);
#6156=ADVANCED_FACE('',(#6155),#6147,.T.);
#6164=EDGE_CURVE('',#3371,#3369,#2100,.T.);
#6166=EDGE_CURVE('',#3366,#3371,#2128,.T.);
#6170=ADVANCED_FACE('',(#6169),#6161,.F.);
#6176=EDGE_CURVE('',#3371,#3475,#2116,.T.);
#6180=EDGE_CURVE('',#3475,#3477,#2112,.T.);
#6184=ADVANCED_FACE('',(#6183),#6175,.F.);
#6191=EDGE_CURVE('',#3479,#3475,#2120,.T.);
#6193=EDGE_CURVE('',#3479,#3373,#2124,.T.);
#6199=ADVANCED_FACE('',(#6198),#6189,.F.);
#6208=EDGE_CURVE('',#3489,#3380,#2140,.T.);
#6210=EDGE_CURVE('',#3485,#3489,#2144,.T.);
#6214=ADVANCED_FACE('',(#6213),#6204,.F.);
#6221=EDGE_CURVE('',#3475,#3810,#2152,.T.);
#6223=EDGE_CURVE('',#3812,#3810,#2234,.T.);
#6225=EDGE_CURVE('',#3479,#3812,#2148,.T.);
#6229=ADVANCED_FACE('',(#6228),#6219,.T.);
#6284=EDGE_CURVE('',#3477,#3806,#2156,.T.);
#6286=EDGE_CURVE('',#3810,#3806,#2246,.T.);
#6291=ADVANCED_FACE('',(#6290),#6282,.F.);
#6297=EDGE_CURVE('',#3806,#3807,#2250,.T.);
#6301=EDGE_CURVE('',#3809,#3807,#2692,.T.);
#6305=ADVANCED_FACE('',(#6304),#6296,.T.);
#6311=EDGE_CURVE('',#3465,#3460,#2160,.T.);
#6313=EDGE_CURVE('',#3385,#3465,#2356,.T.);
#6315=EDGE_CURVE('',#3389,#3385,#2427,.T.);
#6319=EDGE_CURVE('',#3234,#3319,#2172,.T.);
#6321=EDGE_CURVE('',#3317,#3319,#2177,.T.);
#6323=EDGE_CURVE('',#3335,#3317,#2181,.T.);
#6325=EDGE_CURVE('',#3333,#3335,#2186,.T.);
#6327=EDGE_CURVE('',#3333,#3237,#2190,.T.);
#6331=EDGE_CURVE('',#3401,#3399,#2435,.T.);
#6333=EDGE_CURVE('',#3473,#3401,#2372,.T.);
#6335=EDGE_CURVE('',#3471,#3473,#2202,.T.);
#6337=EDGE_CURVE('',#3471,#3460,#2206,.T.);
#6341=ADVANCED_FACE('',(#6340),#6310,.T.);
#6347=EDGE_CURVE('',#3502,#3503,#2210,.T.);
#6349=EDGE_CURVE('',#3445,#3503,#2572,.T.);
#6351=EDGE_CURVE('',#3444,#3445,#2214,.T.);
#6353=EDGE_CURVE('',#3444,#3813,#2218,.T.);
#6355=EDGE_CURVE('',#3813,#3812,#2230,.T.);
#6360=EDGE_CURVE('',#3361,#3807,#2254,.T.);
#6362=EDGE_CURVE('',#3361,#3357,#2258,.T.);
#6364=EDGE_CURVE('',#3355,#3357,#2263,.T.);
#6371=EDGE_CURVE('',#3819,#3820,#2296,.T.);
#6373=EDGE_CURVE('',#3820,#3822,#2300,.T.);
#6375=EDGE_CURVE('',#3822,#3823,#2312,.T.);
#6377=EDGE_CURVE('',#3823,#3457,#2316,.T.);
#6379=EDGE_CURVE('',#3456,#3457,#2320,.T.);
#6381=EDGE_CURVE('',#3502,#3456,#2496,.T.);
#6385=ADVANCED_FACE('',(#6384),#6346,.T.);
#6391=EDGE_CURVE('',#3460,#3461,#2328,.T.);
#6393=EDGE_CURVE('',#3463,#3461,#2384,.T.);
#6395=EDGE_CURVE('',#3463,#3465,#2324,.T.);
#6400=ADVANCED_FACE('',(#6399),#6390,.T.);
#6408=EDGE_CURVE('',#3468,#3471,#2332,.T.);
#6410=EDGE_CURVE('',#3468,#3060,#2352,.T.);
#6412=EDGE_CURVE('',#3060,#3061,#2396,.T.);
#6414=EDGE_CURVE('',#3461,#3061,#2388,.T.);
#6418=ADVANCED_FACE('',(#6417),#6405,.F.);
#6424=EDGE_CURVE('',#3468,#3469,#2340,.T.);
#6428=EDGE_CURVE('',#3473,#3469,#2336,.T.);
#6432=ADVANCED_FACE('',(#6431),#6423,.T.);
#6439=EDGE_CURVE('',#3052,#3469,#2344,.T.);
#6442=EDGE_CURVE('',#3053,#3060,#2348,.T.);
#6447=ADVANCED_FACE('',(#6446),#6437,.F.);
#6455=EDGE_CURVE('',#3057,#3463,#2360,.T.);
#6458=EDGE_CURVE('',#3390,#3384,#2364,.T.);
#6460=EDGE_CURVE('',#3384,#3385,#2368,.T.);
#6464=ADVANCED_FACE('',(#6463),#6452,.F.);
#6473=EDGE_CURVE('',#3401,#3395,#2376,.T.);
#6475=EDGE_CURVE('',#3395,#3393,#2380,.T.);
#6480=ADVANCED_FACE('',(#6479),#6469,.F.);
#6488=EDGE_CURVE('',#3056,#3061,#2392,.T.);
#6494=ADVANCED_FACE('',(#6493),#6485,.F.);
#6506=ADVANCED_FACE('',(#6505),#6499,.T.);
#6513=EDGE_CURVE('',#3391,#3388,#2408,.T.);
#6515=EDGE_CURVE('',#3384,#3388,#2419,.T.);
#6520=ADVANCED_FACE('',(#6519),#6511,.F.);
#6532=ADVANCED_FACE('',(#6531),#6525,.T.);
#6544=ADVANCED_FACE('',(#6543),#6537,.F.);
#6551=EDGE_CURVE('',#3395,#3397,#2446,.T.);
#6557=ADVANCED_FACE('',(#6556),#6549,.F.);
#6569=ADVANCED_FACE('',(#6568),#6562,.F.);
#6575=EDGE_CURVE('',#3304,#3319,#2451,.T.);
#6582=ADVANCED_FACE('',(#6581),#6574,.T.);
#6588=EDGE_CURVE('',#3308,#3317,#2461,.T.);
#6595=ADVANCED_FACE('',(#6594),#6587,.T.);
#6603=EDGE_CURVE('',#3329,#3335,#2466,.T.);
#6608=ADVANCED_FACE('',(#6607),#6600,.T.);
#6614=EDGE_CURVE('',#3331,#3333,#2476,.T.);
#6621=ADVANCED_FACE('',(#6620),#6613,.T.);
#6633=ADVANCED_FACE('',(#6632),#6626,.T.);
#6640=EDGE_CURVE('',#3502,#3509,#2480,.T.);
#6642=EDGE_CURVE('',#3509,#3506,#2484,.T.);
#6644=EDGE_CURVE('',#3506,#3507,#2532,.T.);
#6646=EDGE_CURVE('',#3507,#3511,#2488,.T.);
#6648=EDGE_CURVE('',#3511,#3503,#2492,.T.);
#6652=ADVANCED_FACE('',(#6651),#6638,.T.);
#6658=EDGE_CURVE('',#3509,#3452,#2504,.T.);
#6662=EDGE_CURVE('',#3452,#3456,#2500,.T.);
#6666=ADVANCED_FACE('',(#6665),#6657,.T.);
#6672=EDGE_CURVE('',#3498,#3506,#2536,.T.);
#6676=EDGE_CURVE('',#3452,#3072,#2508,.T.);
#6678=EDGE_CURVE('',#3072,#3064,#2512,.T.);
#6681=EDGE_CURVE('',#3490,#3491,#2518,.T.);
#6683=EDGE_CURVE('',#3499,#3490,#2522,.T.);
#6685=EDGE_CURVE('',#3498,#3499,#2528,.T.);
#6689=ADVANCED_FACE('',(#6688),#6671,.F.);
#6697=EDGE_CURVE('',#3498,#3496,#2540,.T.);
#6699=EDGE_CURVE('',#3496,#3507,#2544,.T.);
#6703=ADVANCED_FACE('',(#6702),#6694,.F.);
#6709=EDGE_CURVE('',#3495,#3496,#2550,.T.);
#6713=EDGE_CURVE('',#3499,#3495,#2688,.T.);
#6717=ADVANCED_FACE('',(#6716),#6708,.F.);
#6723=EDGE_CURVE('',#3511,#3449,#2576,.T.);
#6728=EDGE_CURVE('',#3494,#3495,#2554,.T.);
#6730=EDGE_CURVE('',#3493,#3494,#2560,.T.);
#6733=EDGE_CURVE('',#3068,#3076,#2564,.T.);
#6735=EDGE_CURVE('',#3449,#3076,#2568,.T.);
#6739=ADVANCED_FACE('',(#6738),#6722,.F.);
#6748=EDGE_CURVE('',#3449,#3445,#2580,.T.);
#6752=ADVANCED_FACE('',(#6751),#6744,.T.);
#6760=EDGE_CURVE('',#3448,#3449,#2584,.T.);
#6762=EDGE_CURVE('',#3448,#3444,#2628,.T.);
#6766=ADVANCED_FACE('',(#6765),#6757,.T.);
#6774=EDGE_CURVE('',#3076,#3077,#2592,.T.);
#6776=EDGE_CURVE('',#3448,#3077,#2596,.T.);
#6780=ADVANCED_FACE('',(#6779),#6771,.F.);
#6786=EDGE_CURVE('',#3452,#3453,#2588,.T.);
#6788=EDGE_CURVE('',#3453,#3073,#2656,.T.);
#6790=EDGE_CURVE('',#3072,#3073,#2672,.T.);
#6795=ADVANCED_FACE('',(#6794),#6785,.F.);
#6804=EDGE_CURVE('',#3069,#3077,#2600,.T.);
#6808=ADVANCED_FACE('',(#6807),#6800,.T.);
#6817=EDGE_CURVE('',#3481,#3372,#2604,.T.);
#6819=EDGE_CURVE('',#3448,#3481,#2608,.T.);
#6823=ADVANCED_FACE('',(#6822),#6813,.F.);
#6830=EDGE_CURVE('',#3481,#3479,#2620,.T.);
#6836=ADVANCED_FACE('',(#6835),#6828,.F.);
#6893=EDGE_CURVE('',#3481,#3813,#2624,.T.);
#6897=ADVANCED_FACE('',(#6896),#6889,.F.);
#6909=ADVANCED_FACE('',(#6908),#6902,.T.);
#6918=EDGE_CURVE('',#3453,#3457,#2632,.T.);
#6922=ADVANCED_FACE('',(#6921),#6914,.T.);
#6929=EDGE_CURVE('',#3487,#3823,#2636,.T.);
#6931=EDGE_CURVE('',#3487,#3453,#2660,.T.);
#6936=ADVANCED_FACE('',(#6935),#6927,.T.);
#6990=EDGE_CURVE('',#3489,#3487,#2652,.T.);
#6994=EDGE_CURVE('',#3489,#3822,#2640,.T.);
#6998=ADVANCED_FACE('',(#6997),#6989,.F.);
#7004=EDGE_CURVE('',#3487,#3381,#2664,.T.);
#7011=ADVANCED_FACE('',(#7010),#7003,.F.);
#7021=EDGE_CURVE('',#3073,#3065,#2668,.T.);
#7025=ADVANCED_FACE('',(#7024),#7016,.F.);
#7037=ADVANCED_FACE('',(#7036),#7030,.T.);
#7046=EDGE_CURVE('',#3485,#3820,#2676,.T.);
#7050=ADVANCED_FACE('',(#7049),#7042,.T.);
#7110=ADVANCED_FACE('',(#7109),#7103,.F.);
#7116=EDGE_CURVE('',#3494,#3490,#2684,.T.);
#7123=ADVANCED_FACE('',(#7122),#7115,.T.);
#7135=ADVANCED_FACE('',(#7134),#7128,.F.);
#7144=EDGE_CURVE('',#3417,#3413,#2728,.T.);
#7148=EDGE_CURVE('',#3361,#3359,#2712,.T.);
#7153=ADVANCED_FACE('',(#7152),#7140,.T.);
#7165=ADVANCED_FACE('',(#7164),#7158,.T.);
#7171=EDGE_CURVE('',#3342,#3357,#2733,.T.);
#7178=ADVANCED_FACE('',(#7177),#7170,.T.);
#7187=EDGE_CURVE('',#3346,#3342,#2738,.T.);
#7191=ADVANCED_FACE('',(#7190),#7183,.T.);
#7198=EDGE_CURVE('',#3345,#3341,#2750,.T.);
#7204=ADVANCED_FACE('',(#7203),#7196,.T.);
#7213=EDGE_CURVE('',#3350,#3348,#2762,.T.);
#7217=ADVANCED_FACE('',(#7216),#7209,.T.);
#7271=EDGE_CURVE('',#3350,#3352,#2767,.T.);
#7274=EDGE_CURVE('',#3348,#3353,#2772,.T.);
#7279=ADVANCED_FACE('',(#7278),#7270,.T.);
#7291=ADVANCED_FACE('',(#7290),#7284,.T.);
#7299=EDGE_CURVE('',#3245,#3259,#2777,.T.);
#7304=ADVANCED_FACE('',(#7303),#7296,.T.);
#7315=EDGE_CURVE('',#3105,#3089,#2781,.T.);
#7319=ADVANCED_FACE('',(#7318),#7309,.F.);
#7326=EDGE_CURVE('',#3104,#3088,#2785,.T.);
#7332=ADVANCED_FACE('',(#7331),#7324,.F.);
#7339=EDGE_CURVE('',#3121,#3101,#2789,.T.);
#7345=ADVANCED_FACE('',(#7344),#7337,.F.);
#7357=ADVANCED_FACE('',(#7356),#7350,.F.);
#7369=ADVANCED_FACE('',(#7368),#7362,.F.);
#7376=EDGE_CURVE('',#3786,#3782,#2801,.T.);
#7383=ADVANCED_FACE('',(#7382),#7374,.T.);
#7395=ADVANCED_FACE('',(#7394),#7388,.T.);
#7449=EDGE_CURVE('',#3312,#3314,#2822,.T.);
#7452=EDGE_CURVE('',#3310,#3315,#2827,.T.);
#7457=ADVANCED_FACE('',(#7456),#7448,.T.);
#7469=ADVANCED_FACE('',(#7468),#7462,.T.);
#7481=ADVANCED_FACE('',(#7480),#7474,.T.);
#7488=EDGE_CURVE('',#3581,#3622,#2831,.T.);
#7490=EDGE_CURVE('',#3580,#3581,#2835,.T.);
#7492=EDGE_CURVE('',#3623,#3580,#2839,.T.);
#7496=ADVANCED_FACE('',(#7495),#7486,.T.);
#7503=EDGE_CURVE('',#3585,#3626,#2843,.T.);
#7505=EDGE_CURVE('',#3584,#3585,#2847,.T.);
#7507=EDGE_CURVE('',#3627,#3584,#2851,.T.);
#7511=ADVANCED_FACE('',(#7510),#7501,.T.);
#7520=EDGE_CURVE('',#3595,#3669,#2855,.T.);
#7522=EDGE_CURVE('',#3593,#3595,#2859,.T.);
#7524=EDGE_CURVE('',#3591,#3593,#2863,.T.);
#7526=EDGE_CURVE('',#3589,#3591,#2867,.T.);
#7528=EDGE_CURVE('',#3588,#3589,#2871,.T.);
#7530=EDGE_CURVE('',#3645,#3588,#2876,.T.);
#7535=ADVANCED_FACE('',(#7534),#7516,.T.);
#7542=EDGE_CURVE('',#3575,#3648,#2881,.T.);
#7544=EDGE_CURVE('',#3574,#3575,#2885,.T.);
#7546=EDGE_CURVE('',#3577,#3574,#2889,.T.);
#7548=EDGE_CURVE('',#3673,#3577,#2893,.T.);
#7555=ADVANCED_FACE('',(#7554),#7540,.T.);
#7562=EDGE_CURVE('',#3605,#3630,#2909,.T.);
#7564=EDGE_CURVE('',#3581,#3605,#2897,.T.);
#7569=ADVANCED_FACE('',(#7568),#7560,.T.);
#7576=EDGE_CURVE('',#3631,#3604,#2901,.T.);
#7578=EDGE_CURVE('',#3604,#3605,#2905,.T.);
#7583=ADVANCED_FACE('',(#7582),#7574,.F.);
#7590=EDGE_CURVE('',#3635,#3608,#2913,.T.);
#7592=EDGE_CURVE('',#3608,#3609,#2917,.T.);
#7594=EDGE_CURVE('',#3609,#3634,#2921,.T.);
#7598=ADVANCED_FACE('',(#7597),#7588,.F.);
#7606=EDGE_CURVE('',#3651,#3612,#2926,.T.);
#7608=EDGE_CURVE('',#3612,#3613,#2930,.T.);
#7610=EDGE_CURVE('',#3613,#3615,#2934,.T.);
#7612=EDGE_CURVE('',#3615,#3617,#2938,.T.);
#7614=EDGE_CURVE('',#3617,#3619,#2942,.T.);
#7616=EDGE_CURVE('',#3619,#3671,#2946,.T.);
#7622=ADVANCED_FACE('',(#7621),#7603,.F.);
#7632=EDGE_CURVE('',#3675,#3601,#2950,.T.);
#7634=EDGE_CURVE('',#3601,#3598,#2954,.T.);
#7636=EDGE_CURVE('',#3598,#3599,#2958,.T.);
#7638=EDGE_CURVE('',#3599,#3654,#2963,.T.);
#7642=ADVANCED_FACE('',(#7641),#7627,.F.);
#7650=EDGE_CURVE('',#3580,#3604,#2967,.T.);
#7655=ADVANCED_FACE('',(#7654),#7647,.T.);
#7667=ADVANCED_FACE('',(#7666),#7660,.T.);
#7675=EDGE_CURVE('',#3584,#3608,#2971,.T.);
#7680=ADVANCED_FACE('',(#7679),#7672,.T.);
#7687=EDGE_CURVE('',#3585,#3609,#2975,.T.);
#7693=ADVANCED_FACE('',(#7692),#7685,.T.);
#7705=ADVANCED_FACE('',(#7704),#7698,.T.);
#7713=EDGE_CURVE('',#3588,#3612,#2979,.T.);
#7718=ADVANCED_FACE('',(#7717),#7710,.T.);
#7725=EDGE_CURVE('',#3589,#3613,#2983,.T.);
#7731=ADVANCED_FACE('',(#7730),#7723,.T.);
#7738=EDGE_CURVE('',#3591,#3615,#2987,.T.);
#7744=ADVANCED_FACE('',(#7743),#7736,.T.);
#7751=EDGE_CURVE('',#3593,#3617,#2991,.T.);
#7757=ADVANCED_FACE('',(#7756),#7749,.T.);
#7764=EDGE_CURVE('',#3595,#3619,#2995,.T.);
#7770=ADVANCED_FACE('',(#7769),#7762,.T.);
#7782=ADVANCED_FACE('',(#7781),#7775,.T.);
#7790=EDGE_CURVE('',#3577,#3601,#2999,.T.);
#7795=ADVANCED_FACE('',(#7794),#7787,.T.);
#7802=EDGE_CURVE('',#3574,#3598,#3003,.T.);
#7808=ADVANCED_FACE('',(#7807),#7800,.T.);
#7815=EDGE_CURVE('',#3575,#3599,#3007,.T.);
#7821=ADVANCED_FACE('',(#7820),#7813,.T.);
#7833=ADVANCED_FACE('',(#7832),#7826,.T.);
#7845=ADVANCED_FACE('',(#7844),#7838,.T.);
#7857=ADVANCED_FACE('',(#7856),#7850,.T.);
#7864=EDGE_CURVE('',#3139,#3163,#3021,.T.);
#7870=ADVANCED_FACE('',(#7869),#7862,.T.);
#7877=EDGE_CURVE('',#3136,#3160,#3025,.T.);
#7883=ADVANCED_FACE('',(#7882),#7875,.T.);
#7890=EDGE_CURVE('',#3137,#3161,#3029,.T.);
#7896=ADVANCED_FACE('',(#7895),#7888,.T.);
#7908=ADVANCED_FACE('',(#7907),#7901,.T.);
#7916=EDGE_CURVE('',#3157,#3181,#3033,.T.);
#7921=ADVANCED_FACE('',(#7920),#7913,.T.);
#7930=EDGE_CURVE('',#3155,#3179,#3037,.T.);
#7934=ADVANCED_FACE('',(#7933),#7926,.T.);
#7943=EDGE_CURVE('',#3153,#3177,#3041,.T.);
#7947=ADVANCED_FACE('',(#7946),#7939,.T.);
#7956=EDGE_CURVE('',#3151,#3175,#3045,.T.);
#7960=ADVANCED_FACE('',(#7959),#7952,.T.);
#7969=EDGE_CURVE('',#3150,#3174,#3049,.T.);
#7973=ADVANCED_FACE('',(#7972),#7965,.T.);
#7985=ADVANCED_FACE('',(#7984),#7978,.T.);
#7986=CLOSED_SHELL('',(#3843,#3859,#3874,#3889,#3904,#3918,#3932,#3954,#3969,
#3991,#4006,#4021,#4158,#4173,#4187,#4209,#4223,#4236,#4249,#4262,#4274,#4286,
#4301,#4316,#4344,#4368,#4382,#4396,#4411,#4439,#4463,#4476,#4488,#4501,#4514,
#4526,#4549,#4564,#4580,#4604,#4660,#4675,#4690,#4716,#4739,#4753,#4767,#4782,
#4808,#4831,#4844,#4856,#4869,#4882,#4894,#4907,#4920,#4933,#4946,#4959,#4972,
#5007,#5026,#5043,#5058,#5071,#5086,#5099,#5118,#5135,#5167,#5180,#5193,#5206,
#5218,#5236,#5251,#5314,#5335,#5357,#5376,#5397,#5460,#5474,#5495,#5508,#5543,
#5558,#5573,#5591,#5604,#5616,#5632,#5647,#5684,#5703,#5716,#5728,#5746,#5759,
#5772,#5790,#5803,#5816,#5829,#5843,#5856,#5872,#5892,#5906,#5920,#5934,#5949,
#5961,#5975,#5990,#6009,#6029,#6042,#6065,#6077,#6096,#6114,#6129,#6142,#6156,
#6170,#6184,#6199,#6214,#6229,#6291,#6305,#6341,#6385,#6400,#6418,#6432,#6447,
#6464,#6480,#6494,#6506,#6520,#6532,#6544,#6557,#6569,#6582,#6595,#6608,#6621,
#6633,#6652,#6666,#6689,#6703,#6717,#6739,#6752,#6766,#6780,#6795,#6808,#6823,
#6836,#6897,#6909,#6922,#6936,#6998,#7011,#7025,#7037,#7050,#7110,#7123,#7135,
#7153,#7165,#7178,#7191,#7204,#7217,#7279,#7291,#7304,#7319,#7332,#7345,#7357,
#7369,#7383,#7395,#7457,#7469,#7481,#7496,#7511,#7535,#7555,#7569,#7583,#7598,
#7622,#7642,#7655,#7667,#7680,#7693,#7705,#7718,#7731,#7744,#7757,#7770,#7782,
#7795,#7808,#7821,#7833,#7845,#7857,#7870,#7883,#7896,#7908,#7921,#7934,#7947,
#7960,#7973,#7985));
#7987=MANIFOLD_SOLID_BREP('',#7986);
#7988=(LENGTH_UNIT()NAMED_UNIT(*)SI_UNIT(.MILLI.,.METRE.));
#7989=(NAMED_UNIT(*)PLANE_ANGLE_UNIT()SI_UNIT($,.RADIAN.));
#7992=(NAMED_UNIT(*)SI_UNIT($,.STERADIAN.)SOLID_ANGLE_UNIT());
#7994=(GEOMETRIC_REPRESENTATION_CONTEXT(3)GLOBAL_UNCERTAINTY_ASSIGNED_CONTEXT((
#7993))GLOBAL_UNIT_ASSIGNED_CONTEXT((#7988,#7991,#7992))REPRESENTATION_CONTEXT(
'ID1','3'));
#7995=ADVANCED_BREP_SHAPE_REPRESENTATION('',(#7987),#7994);
#8002=PRODUCT_DEFINITION('part definition','',#8001,#7998);
#8003=PRODUCT_DEFINITION_SHAPE('','SHAPE FOR C-2427710-3.',#8002);
#8004=SHAPE_ASPECT('','solid data associated with C-2427710-3',#8003,.F.);
#8005=PROPERTY_DEFINITION('',
'shape for solid data with which properties are associated',#8004);
#8006=SHAPE_REPRESENTATION('',(#7987),#7994);
#8007=SHAPE_DEFINITION_REPRESENTATION(#8005,#8006);
#8008=(LENGTH_UNIT()NAMED_UNIT(*)SI_UNIT(.MILLI.,.METRE.));
#8012=PROPERTY_DEFINITION('geometric validation property','area of C-2427710-3',
#8004);
#8013=REPRESENTATION('surface area',(#8011),#7994);
#8014=PROPERTY_DEFINITION_REPRESENTATION(#8012,#8013);
#8015=(LENGTH_UNIT()NAMED_UNIT(*)SI_UNIT(.MILLI.,.METRE.));
#8019=PROPERTY_DEFINITION('geometric validation property',
'volume of C-2427710-3',#8004);
#8020=REPRESENTATION('volume',(#8018),#7994);
#8021=PROPERTY_DEFINITION_REPRESENTATION(#8019,#8020);
#8023=PROPERTY_DEFINITION('geometric validation property',
'centroid of C-2427710-3',#8004);
#8024=REPRESENTATION('centroid',(#8022),#7994);
#8025=PROPERTY_DEFINITION_REPRESENTATION(#8023,#8024);
#8026=(LENGTH_UNIT()NAMED_UNIT(*)SI_UNIT(.MILLI.,.METRE.));
#8030=PROPERTY_DEFINITION('geometric validation property','area of C-2427710-3',
#8003);
#8031=REPRESENTATION('surface area',(#8029),#7994);
#8032=PROPERTY_DEFINITION_REPRESENTATION(#8030,#8031);
#8033=(LENGTH_UNIT()NAMED_UNIT(*)SI_UNIT(.MILLI.,.METRE.));
#8037=PROPERTY_DEFINITION('geometric validation property',
'volume of C-2427710-3',#8003);
#8038=REPRESENTATION('volume',(#8036),#7994);
#8039=PROPERTY_DEFINITION_REPRESENTATION(#8037,#8038);
#8041=PROPERTY_DEFINITION('geometric validation property',
'centroid of C-2427710-3',#8003);
#8042=REPRESENTATION('centroid',(#8040),#7994);
#8043=PROPERTY_DEFINITION_REPRESENTATION(#8041,#8042);
#8044=SHAPE_DEFINITION_REPRESENTATION(#8003,#7995);
ENDSEC;
END-ISO-10303-21;
